timestamp_s,mission_phase,throttle_pct,engine_load_pct,altitude_ft,ambient_temperature_c,ambient_pressure_kpa,air_density_kg_m3,true_rpm,true_cht_c,true_egt_c,true_oil_pressure_bar,true_oil_temperature_c,true_fuel_flow_lph,true_injection_timing_deg,true_vibration_mm_s,true_battery_voltage_v,true_alternator_current_a,rpm,cht_c,egt_c,oil_pressure_bar,oil_temperature_c,fuel_flow_lph,injection_timing_deg,vibration_mm_s,battery_voltage_v,alternator_current_a,fault_type,fault_severity,cooling_health,injector_health,lubrication_health,mechanical_health,misfire_severity,sensor_drift_cht_c,sensor_drift_egt_c,sensor_drift_oil_pressure_bar
0.0,TAKEOFF,85.0,60.25,0.0,30.0,101.325,1.1644,2701.04,80.0,402.66,3.384,69.99,20.809,25.7,1.252,24.324,16.578,2704.47,80.17,403.33,3.416,70.07,20.818,25.731,1.308,24.426,16.504,COOLING_DEGRADATION,0.0,1.0,1.0,1.0,1.0,0.0,0.0,0.0,0.0
0.1,TAKEOFF,85.02,60.26,2.5,30.0,101.316,1.1643,2892.06,80.01,405.28,3.482,69.98,20.813,25.7,1.271,24.347,16.677,2888.97,80.06,407.25,3.457,69.93,20.881,25.671,1.347,24.412,16.748,COOLING_DEGRADATION,0.0,1.0,1.0,1.0,1.0,0.0,0.0,0.0,0.0
0.2,TAKEOFF,85.03,60.27,5.0,29.99,101.307,1.1642,3073.57,80.01,407.87,3.575,69.97,20.816,25.701,1.29,24.369,16.772,3076.29,79.91,406.61,3.58,69.79,20.962,25.779,1.284,24.435,16.76,COOLING_DEGRADATION,0.0,1.0,1.0,1.0,1.0,0.0,0.0,0.0,0.0
0.3,TAKEOFF,85.05,60.28,7.5,29.98,101.298,1.1641,3246.04,80.01,410.43,3.664,69.96,20.82,25.701,1.307,24.39,16.862,3243.47,80.21,411.2,3.662,70.38,20.915,25.802,1.319,24.39,16.925,COOLING_DEGRADATION,0.0,1.0,1.0,1.0,1.0,0.0,0.0,0.0,0.0
0.4,TAKEOFF,85.07,60.29,10.0,29.98,101.288,1.1641,3409.92,80.01,412.95,3.748,69.95,20.823,25.701,1.323,24.409,16.948,3413.13,78.88,415.02,3.696,69.66,20.811,25.717,1.293,24.515,16.927,COOLING_DEGRADATION,0.0,1.0,1.0,1.0,1.0,0.0,0.0,0.0,0.0
0.5,TAKEOFF,85.08,60.3,12.5,29.98,101.279,1.164,3565.64,80.01,415.45,3.828,69.94,20.827,25.702,1.339,24.428,17.03,3568.19,79.58,414.25,3.82,70.19,20.845,25.65,1.364,24.454,17.069,COOLING_DEGRADATION,0.0,1.0,1.0,1.0,1.0,0.0,0.0,0.0,0.0
0.6,TAKEOFF,85.1,60.31,15.0,29.97,101.27,1.1639,3713.62,80.02,417.92,3.904,69.93,20.83,25.702,1.354,24.446,17.108,3720.84,79.68,417.82,3.869,69.99,20.899,25.713,1.405,24.481,17.188,COOLING_DEGRADATION,0.0,1.0,1.0,1.0,1.0,0.0,0.0,0.0,0.0
0.7,TAKEOFF,85.12,60.33,17.5,29.96,101.261,1.1638,3854.23,80.02,420.35,3.976,69.93,20.834,25.702,1.368,24.463,17.182,3855.4,80.52,421.64,4.015,69.36,20.737,25.692,1.392,24.485,17.25,COOLING_DEGRADATION,0.0,1.0,1.0,1.0,1.0,0.0,0.0,0.0,0.0
0.8,TAKEOFF,85.13,60.34,20.0,29.96,101.252,1.1637,3987.85,80.02,422.76,4.044,69.92,20.838,25.703,1.381,24.479,17.253,3986.08,80.06,422.23,4.016,70.26,20.844,25.746,1.343,24.497,17.341,COOLING_DEGRADATION,0.0,1.0,1.0,1.0,1.0,0.0,0.0,0.0,0.0
0.9,TAKEOFF,85.15,60.35,22.5,29.95,101.243,1.1636,4114.82,80.02,425.13,4.109,69.91,20.841,25.703,1.394,24.494,17.32,4115.74,80.07,421.02,4.096,69.45,20.957,25.68,1.413,24.486,17.164,COOLING_DEGRADATION,0.0,1.0,1.0,1.0,1.0,0.0,0.0,0.0,0.0
1.0,TAKEOFF,85.17,60.36,25.0,29.95,101.234,1.1635,4235.48,80.02,427.48,4.171,69.9,20.845,25.703,1.406,24.508,17.384,4235.41,80.42,426.83,4.139,69.86,20.942,25.73,1.435,24.513,17.433,COOLING_DEGRADATION,0.0,1.0,1.0,1.0,1.0,0.0,0.0,0.0,0.0
1.1,TAKEOFF,85.18,60.37,27.5,29.95,101.224,1.1635,4350.15,80.02,429.8,4.23,69.89,20.848,25.704,1.418,24.522,17.445,4342.85,80.09,432.12,4.205,69.73,20.709,25.681,1.372,24.511,17.506,COOLING_DEGRADATION,0.0,1.0,1.0,1.0,1.0,0.0,0.0,0.0,0.0
1.2,TAKEOFF,85.2,60.38,30.0,29.94,101.215,1.1634,4459.12,80.02,432.08,4.286,69.88,20.852,25.704,1.429,24.535,17.504,4459.64,79.99,431.71,4.242,69.99,20.772,25.694,1.458,24.514,17.619,COOLING_DEGRADATION,0.0,1.0,1.0,1.0,1.0,0.0,0.0,0.0,0.0
1.3,TAKEOFF,85.22,60.39,32.5,29.93,101.206,1.1633,4562.68,80.03,434.35,4.339,69.87,20.855,25.704,1.439,24.548,17.559,4561.66,81.03,432.35,4.316,69.49,20.88,25.761,1.393,24.488,17.506,COOLING_DEGRADATION,0.0,1.0,1.0,1.0,1.0,0.0,0.0,0.0,0.0
1.4,TAKEOFF,85.23,60.4,35.0,29.93,101.197,1.1632,4661.09,80.03,436.58,4.39,69.86,20.859,25.705,1.449,24.559,17.612,4667.02,79.6,435.15,4.333,69.62,20.99,25.738,1.432,24.611,17.615,COOLING_DEGRADATION,0.0,1.0,1.0,1.0,1.0,0.0,0.0,0.0,0.0
1.5,TAKEOFF,85.25,60.41,37.5,29.93,101.188,1.1631,4754.62,80.03,438.78,4.438,69.85,20.863,25.705,1.459,24.571,17.662,4746.54,80.4,438.86,4.373,69.76,20.768,25.74,1.488,24.542,17.674,COOLING_DEGRADATION,0.0,1.0,1.0,1.0,1.0,0.0,0.0,0.0,0.0
1.6,TAKEOFF,85.27,60.42,40.0,29.92,101.179,1.163,4843.51,80.03,440.96,4.483,69.84,20.866,25.705,1.468,24.581,17.71,4838.18,79.85,440.28,4.49,69.82,20.814,25.654,1.535,24.567,17.846,COOLING_DEGRADATION,0.0,1.0,1.0,1.0,1.0,0.0,0.0,0.0,0.0
1.7,TAKEOFF,85.28,60.43,42.5,29.91,101.17,1.1629,4928.0,80.03,443.12,4.527,69.83,20.87,25.706,1.476,24.591,17.756,4923.42,79.14,441.34,4.509,69.77,20.765,25.794,1.418,24.597,17.891,COOLING_DEGRADATION,0.0,1.0,1.0,1.0,1.0,0.0,0.0,0.0,0.0
1.8,TAKEOFF,85.3,60.45,45.0,29.91,101.16,1.1629,5008.29,80.03,445.24,4.568,69.82,20.873,25.706,1.484,24.6,17.795,5005.66,80.44,444.42,4.543,70.17,20.871,25.738,1.549,24.654,17.614,COOLING_DEGRADATION,0.0,1.0,1.0,1.0,1.0,0.0,0.0,0.0,0.0
1.9,TAKEOFF,85.32,60.46,47.5,29.91,101.151,1.1628,5084.61,80.03,447.34,4.607,69.81,20.877,25.706,1.492,24.6,17.797,5097.61,80.04,445.73,4.609,69.8,20.901,25.669,1.483,24.666,17.726,COOLING_DEGRADATION,0.0,1.0,1.0,1.0,1.0,0.0,0.0,0.0,0.0
2.0,TAKEOFF,85.33,60.47,50.0,29.9,101.142,1.1627,5157.15,80.03,449.41,4.644,69.81,20.88,25.707,1.499,24.6,17.8,5150.03,80.65,450.17,4.627,69.68,20.966,25.632,1.604,24.595,17.83,COOLING_DEGRADATION,0.0,1.0,1.0,1.0,1.0,0.0,0.0,0.0,0.0
2.1,TAKEOFF,85.35,60.48,52.5,29.89,101.133,1.1626,5226.1,80.03,451.46,4.68,69.8,20.884,25.707,1.506,24.6,17.802,5228.96,79.48,450.52,4.685,69.66,20.926,25.687,1.53,24.714,17.948,COOLING_DEGRADATION,0.0,1.0,1.0,1.0,1.0,0.0,0.0,0.0,0.0
2.2,TAKEOFF,85.37,60.49,55.0,29.89,101.124,1.1625,5291.64,80.03,453.49,4.713,69.79,20.888,25.707,1.513,24.6,17.805,5288.09,79.62,455.5,4.669,69.26,21.022,25.687,1.525,24.549,17.724,COOLING_DEGRADATION,0.0,1.0,1.0,1.0,1.0,0.0,0.0,0.0,0.0
2.3,TAKEOFF,85.38,60.5,57.5,29.89,101.115,1.1624,5353.93,80.04,455.48,4.745,69.78,20.891,25.708,1.519,24.6,17.808,5354.69,79.5,454.81,4.787,69.42,20.715,25.702,1.564,24.566,17.795,COOLING_DEGRADATION,0.0,1.0,1.0,1.0,1.0,0.0,0.0,0.0,0.0
2.4,TAKEOFF,85.4,60.51,60.0,29.88,101.106,1.1623,5413.15,80.04,457.46,4.776,69.77,20.895,25.708,1.525,24.6,17.81,5409.65,79.34,457.85,4.755,70.04,20.816,25.683,1.583,24.636,17.865,COOLING_DEGRADATION,0.0,1.0,1.0,1.0,1.0,0.0,0.0,0.0,0.0
2.5,TAKEOFF,85.42,60.52,62.5,29.88,101.096,1.1623,5469.45,80.04,459.41,4.805,69.76,20.898,25.708,1.531,24.6,17.812,5467.25,79.74,460.03,4.82,70.18,20.895,25.704,1.627,24.568,17.826,COOLING_DEGRADATION,0.0,1.0,1.0,1.0,1.0,0.0,0.0,0.0,0.0
2.6,TAKEOFF,85.43,60.53,65.0,29.87,101.087,1.1622,5522.96,80.04,461.33,4.832,69.75,20.902,25.709,1.537,24.6,17.815,5526.94,80.43,462.94,4.87,69.44,21.003,25.761,1.585,24.655,17.846,COOLING_DEGRADATION,0.0,1.0,1.0,1.0,1.0,0.0,0.0,0.0,0.0
2.7,TAKEOFF,85.45,60.54,67.5,29.86,101.078,1.1621,5573.84,80.04,463.24,4.858,69.74,20.905,25.709,1.542,24.6,17.818,5575.32,80.27,464.27,4.848,70.2,21.062,25.729,1.504,24.55,17.737,COOLING_DEGRADATION,0.0,1.0,1.0,1.0,1.0,0.0,0.0,0.0,0.0
2.8,TAKEOFF,85.47,60.55,70.0,29.86,101.069,1.162,5622.21,80.04,465.12,4.883,69.73,20.909,25.709,1.547,24.6,17.82,5621.13,80.1,466.78,4.929,69.69,21.003,25.658,1.609,24.563,17.971,COOLING_DEGRADATION,0.0,1.0,1.0,1.0,1.0,0.0,0.0,0.0,0.0
2.9,TAKEOFF,85.48,60.56,72.5,29.86,101.06,1.1619,5668.2,80.04,466.97,4.907,69.72,20.913,25.71,1.551,24.6,17.822,5668.37,79.47,467.29,4.883,69.63,20.808,25.711,1.475,24.526,17.741,COOLING_DEGRADATION,0.0,1.0,1.0,1.0,1.0,0.0,0.0,0.0,0.0
3.0,TAKEOFF,85.5,60.58,75.0,29.85,101.051,1.1618,5711.92,80.04,468.81,4.929,69.71,20.916,25.71,1.556,24.6,17.825,5719.81,79.98,466.25,4.902,69.9,21.168,25.627,1.497,24.567,17.844,COOLING_DEGRADATION,0.0,1.0,1.0,1.0,1.0,0.0,0.0,0.0,0.0
3.1,TAKEOFF,85.52,60.59,77.5,29.84,101.042,1.1617,5753.5,80.04,470.62,4.951,69.71,20.92,25.71,1.56,24.6,17.828,5739.88,80.12,468.74,4.934,69.99,21.003,25.722,1.456,24.551,17.749,COOLING_DEGRADATION,0.0,1.0,1.0,1.0,1.0,0.0,0.0,0.0,0.0
3.2,TAKEOFF,85.53,60.6,80.0,29.84,101.032,1.1616,5793.03,80.04,472.41,4.971,69.7,20.923,25.711,1.564,24.6,17.83,5796.96,79.78,473.63,4.981,69.47,20.829,25.685,1.612,24.658,17.834,COOLING_DEGRADATION,0.0,1.0,1.0,1.0,1.0,0.0,0.0,0.0,0.0
3.3,TAKEOFF,85.55,60.61,82.5,29.84,101.023,1.1616,5830.62,80.04,474.17,4.99,69.69,20.927,25.711,1.568,24.6,17.832,5822.04,80.71,473.85,5.026,68.76,20.873,25.689,1.499,24.567,17.937,COOLING_DEGRADATION,0.0,1.0,1.0,1.0,1.0,0.0,0.0,0.0,0.0
3.4,TAKEOFF,85.57,60.62,85.0,29.83,101.014,1.1615,5866.37,80.04,475.92,5.009,69.68,20.93,25.711,1.572,24.6,17.835,5864.2,80.29,474.6,5.076,70.32,21.018,25.734,1.548,24.629,17.828,COOLING_DEGRADATION,0.0,1.0,1.0,1.0,1.0,0.0,0.0,0.0,0.0
3.5,TAKEOFF,85.58,60.63,87.5,29.82,101.005,1.1614,5900.37,80.04,477.64,5.026,69.67,20.934,25.712,1.575,24.6,17.837,5895.26,79.81,478.57,5.012,69.87,20.951,25.676,1.512,24.604,17.841,COOLING_DEGRADATION,0.0,1.0,1.0,1.0,1.0,0.0,0.0,0.0,0.0
3.6,TAKEOFF,85.6,60.64,90.0,29.82,100.996,1.1613,5932.71,80.04,479.35,5.043,69.66,20.938,25.712,1.578,24.6,17.84,5923.95,79.95,479.72,5.041,69.8,21.083,25.767,1.562,24.629,17.851,COOLING_DEGRADATION,0.0,1.0,1.0,1.0,1.0,0.0,0.0,0.0,0.0
3.7,TAKEOFF,85.62,60.65,92.5,29.82,100.987,1.1612,5963.46,80.04,481.03,5.059,69.65,20.941,25.712,1.582,24.6,17.843,5967.28,79.31,480.63,5.07,68.52,21.027,25.669,1.63,24.587,17.896,COOLING_DEGRADATION,0.0,1.0,1.0,1.0,1.0,0.0,0.0,0.0,0.0
3.8,TAKEOFF,85.63,60.66,95.0,29.81,100.978,1.1611,5992.72,80.04,482.69,5.074,69.64,20.945,25.713,1.585,24.6,17.845,5989.73,80.3,482.22,5.112,69.46,20.849,25.726,1.57,24.71,17.713,COOLING_DEGRADATION,0.0,1.0,1.0,1.0,1.0,0.0,0.0,0.0,0.0
3.9,TAKEOFF,85.65,60.67,97.5,29.8,100.969,1.161,6020.54,80.04,484.33,5.088,69.63,20.948,25.713,1.587,24.6,17.848,6028.91,80.71,486.53,5.082,69.48,21.017,25.702,1.557,24.6,18.007,COOLING_DEGRADATION,0.0,1.0,1.0,1.0,1.0,0.0,0.0,0.0,0.0
4.0,TAKEOFF,85.67,60.68,100.0,29.8,100.959,1.161,6047.02,80.04,485.95,5.102,69.62,20.952,25.713,1.59,24.6,17.85,6054.04,80.36,483.52,5.134,69.59,21.05,25.701,1.535,24.611,17.914,COOLING_DEGRADATION,0.0,1.0,1.0,1.0,1.0,0.0,0.0,0.0,0.0
4.1,TAKEOFF,85.68,60.69,102.5,29.8,100.95,1.1609,6072.2,80.04,487.55,5.115,69.61,20.955,25.714,1.593,24.6,17.852,6068.76,80.61,487.52,5.075,69.77,20.933,25.707,1.583,24.55,17.704,COOLING_DEGRADATION,0.0,1.0,1.0,1.0,1.0,0.0,0.0,0.0,0.0
4.2,TAKEOFF,85.7,60.71,105.0,29.79,100.941,1.1608,6096.17,80.04,489.14,5.127,69.61,20.959,25.714,1.595,24.6,17.855,6098.08,80.27,488.56,5.119,69.73,21.156,25.691,1.584,24.66,17.832,COOLING_DEGRADATION,0.0,1.0,1.0,1.0,1.0,0.0,0.0,0.0,0.0
4.3,TAKEOFF,85.72,60.72,107.5,29.79,100.932,1.1607,6118.97,80.04,490.7,5.139,69.6,20.963,25.714,1.598,24.6,17.858,6118.9,80.14,490.74,5.134,69.14,20.928,25.759,1.552,24.604,17.666,COOLING_DEGRADATION,0.0,1.0,1.0,1.0,1.0,0.0,0.0,0.0,0.0
4.4,TAKEOFF,85.73,60.73,110.0,29.78,100.923,1.1606,6140.67,80.04,492.24,5.15,69.59,20.966,25.715,1.6,24.6,17.86,6137.75,80.99,490.9,5.222,69.73,20.965,25.73,1.653,24.483,17.686,COOLING_DEGRADATION,0.0,1.0,1.0,1.0,1.0,0.0,0.0,0.0,0.0
4.5,TAKEOFF,85.75,60.74,112.5,29.77,100.914,1.1605,6161.32,80.04,493.77,5.161,69.58,20.97,25.715,1.602,24.6,17.863,6153.44,79.63,493.41,5.125,70.18,20.953,25.801,1.587,24.672,17.926,COOLING_DEGRADATION,0.0,1.0,1.0,1.0,1.0,0.0,0.0,0.0,0.0
4.6,TAKEOFF,85.77,60.75,115.0,29.77,100.905,1.1604,6180.97,80.04,495.28,5.171,69.57,20.973,25.715,1.604,24.6,17.865,6184.25,79.66,493.44,5.187,69.21,21.095,25.613,1.627,24.631,17.906,COOLING_DEGRADATION,0.0,1.0,1.0,1.0,1.0,0.0,0.0,0.0,0.0
4.7,TAKEOFF,85.78,60.76,117.5,29.77,100.896,1.1604,6199.68,80.04,496.76,5.181,69.56,20.977,25.716,1.606,24.6,17.867,6203.23,79.7,494.5,5.237,69.53,20.938,25.762,1.578,24.637,17.838,COOLING_DEGRADATION,0.0,1.0,1.0,1.0,1.0,0.0,0.0,0.0,0.0
4.8,TAKEOFF,85.8,60.77,120.0,29.76,100.887,1.1603,6217.49,80.04,498.23,5.19,69.55,20.98,25.716,1.608,24.6,17.87,6210.47,80.83,500.8,5.234,69.8,21.008,25.718,1.629,24.621,17.718,COOLING_DEGRADATION,0.0,1.0,1.0,1.0,1.0,0.0,0.0,0.0,0.0
4.9,TAKEOFF,85.82,60.78,122.5,29.75,100.877,1.1602,6234.44,80.04,499.69,5.199,69.54,20.984,25.716,1.61,24.6,17.872,6226.1,79.87,499.03,5.201,69.64,20.846,25.717,1.612,24.68,17.965,COOLING_DEGRADATION,0.0,1.0,1.0,1.0,1.0,0.0,0.0,0.0,0.0
5.0,TAKEOFF,85.83,60.79,125.0,29.75,100.868,1.1601,6250.59,80.04,501.12,5.207,69.53,20.988,25.717,1.611,24.6,17.875,6254.28,79.93,501.81,5.18,69.49,21.196,25.746,1.641,24.608,17.768,COOLING_DEGRADATION,0.0,1.0,1.0,1.0,1.0,0.0,0.0,0.0,0.0
5.1,TAKEOFF,85.85,60.8,127.5,29.75,100.859,1.16,6265.96,80.04,502.54,5.215,69.52,20.991,25.717,1.613,24.6,17.877,6265.14,79.95,502.69,5.25,69.91,20.959,25.732,1.597,24.644,18.072,COOLING_DEGRADATION,0.0,1.0,1.0,1.0,1.0,0.0,0.0,0.0,0.0
5.2,TAKEOFF,85.87,60.81,130.0,29.74,100.85,1.1599,6280.6,80.04,503.94,5.223,69.52,20.995,25.717,1.615,24.6,17.88,6276.28,79.76,503.48,5.216,69.51,20.919,25.717,1.64,24.524,18.155,COOLING_DEGRADATION,0.0,1.0,1.0,1.0,1.0,0.0,0.0,0.0,0.0
5.3,TAKEOFF,85.88,60.82,132.5,29.73,100.841,1.1598,6294.55,80.04,505.32,5.23,69.51,20.998,25.718,1.616,24.6,17.883,6292.15,79.42,504.17,5.163,69.32,20.919,25.699,1.602,24.598,17.727,COOLING_DEGRADATION,0.0,1.0,1.0,1.0,1.0,0.0,0.0,0.0,0.0
5.4,TAKEOFF,85.9,60.84,135.0,29.73,100.832,1.1598,6307.83,80.04,506.69,5.237,69.5,21.002,25.718,1.617,24.6,17.885,6309.03,79.64,506.7,5.189,69.12,21.084,25.766,1.653,24.645,17.823,COOLING_DEGRADATION,0.0,1.0,1.0,1.0,1.0,0.0,0.0,0.0,0.0
5.5,TAKEOFF,85.92,60.85,137.5,29.73,100.823,1.1597,6320.49,80.04,508.04,5.243,69.49,21.005,25.718,1.619,24.6,17.888,6317.88,79.43,508.06,5.242,69.3,20.907,25.693,1.684,24.495,17.891,COOLING_DEGRADATION,0.0,1.0,1.0,1.0,1.0,0.0,0.0,0.0,0.0
5.6,TAKEOFF,85.93,60.86,140.0,29.72,100.814,1.1596,6332.55,80.04,509.37,5.25,69.48,21.009,25.719,1.62,24.6,17.89,6331.79,81.43,509.63,5.282,69.39,20.952,25.705,1.601,24.706,18.018,COOLING_DEGRADATION,0.0,1.0,1.0,1.0,1.0,0.0,0.0,0.0,0.0
5.7,TAKEOFF,85.95,60.87,142.5,29.71,100.805,1.1595,6344.04,80.04,510.69,5.256,69.47,21.013,25.719,1.621,24.6,17.892,6350.29,79.67,513.1,5.257,69.21,21.063,25.684,1.54,24.601,17.824,COOLING_DEGRADATION,0.0,1.0,1.0,1.0,1.0,0.0,0.0,0.0,0.0
5.8,TAKEOFF,85.97,60.88,145.0,29.71,100.795,1.1594,6355.0,80.04,511.99,5.261,69.46,21.016,25.719,1.623,24.6,17.895,6361.45,80.38,511.03,5.277,69.38,20.877,25.706,1.723,24.574,17.86,COOLING_DEGRADATION,0.0,1.0,1.0,1.0,1.0,0.0,0.0,0.0,0.0
5.9,TAKEOFF,85.98,60.89,147.5,29.71,100.786,1.1593,6365.45,80.04,513.27,5.267,69.45,21.02,25.72,1.624,24.6,17.898,6372.22,79.78,510.73,5.251,69.56,21.105,25.695,1.63,24.53,17.807,COOLING_DEGRADATION,0.0,1.0,1.0,1.0,1.0,0.0,0.0,0.0,0.0
6.0,TAKEOFF,86.0,60.9,150.0,29.7,100.777,1.1593,6375.4,80.04,514.54,5.272,69.44,21.023,25.72,1.625,24.6,17.9,6374.32,79.91,516.84,5.31,69.59,20.94,25.774,1.615,24.57,17.778,COOLING_DEGRADATION,0.0,1.0,1.0,1.0,1.0,0.0,0.0,0.0,0.0
6.1,TAKEOFF,86.02,60.91,152.5,29.7,100.768,1.1592,6384.9,80.04,515.8,5.277,69.44,21.027,25.72,1.626,24.6,17.902,6379.03,79.05,514.14,5.309,69.73,21.03,25.757,1.629,24.554,17.889,COOLING_DEGRADATION,0.0,1.0,1.0,1.0,1.0,0.0,0.0,0.0,0.0
6.2,TAKEOFF,86.03,60.92,155.0,29.69,100.759,1.1591,6393.96,80.04,517.04,5.281,69.43,21.03,25.721,1.627,24.6,17.905,6397.94,80.52,517.15,5.264,69.49,21.078,25.759,1.548,24.7,17.982,COOLING_DEGRADATION,0.0,1.0,1.0,1.0,1.0,0.0,0.0,0.0,0.0
6.3,TAKEOFF,86.05,60.93,157.5,29.68,100.75,1.159,6402.61,80.04,518.26,5.286,69.42,21.034,25.721,1.628,24.6,17.907,6404.68,79.42,517.71,5.284,69.43,21.041,25.725,1.694,24.544,17.875,COOLING_DEGRADATION,0.0,1.0,1.0,1.0,1.0,0.0,0.0,0.0,0.0
6.4,TAKEOFF,86.07,60.94,160.0,29.68,100.741,1.1589,6410.85,80.04,519.47,5.29,69.41,21.038,25.721,1.629,24.6,17.91,6418.04,80.38,517.52,5.304,69.67,21.108,25.776,1.586,24.641,17.836,COOLING_DEGRADATION,0.0,1.0,1.0,1.0,1.0,0.0,0.0,0.0,0.0
6.5,TAKEOFF,86.08,60.95,162.5,29.68,100.732,1.1588,6418.72,80.04,520.67,5.294,69.4,21.041,25.722,1.63,24.6,17.913,6419.69,80.53,518.22,5.277,69.56,21.057,25.645,1.588,24.566,17.767,COOLING_DEGRADATION,0.0,1.0,1.0,1.0,1.0,0.0,0.0,0.0,0.0
6.6,TAKEOFF,86.1,60.96,165.0,29.67,100.723,1.1587,6426.24,80.04,521.85,5.298,69.39,21.045,25.722,1.63,24.6,17.915,6432.39,79.76,521.22,5.286,69.52,20.972,25.765,1.573,24.64,17.849,COOLING_DEGRADATION,0.0,1.0,1.0,1.0,1.0,0.0,0.0,0.0,0.0
6.7,TAKEOFF,86.12,60.98,167.5,29.66,100.714,1.1587,6433.41,80.04,523.01,5.302,69.38,21.048,25.722,1.631,24.6,17.918,6429.98,80.65,522.96,5.287,69.18,21.082,25.692,1.68,24.584,18.033,COOLING_DEGRADATION,0.0,1.0,1.0,1.0,1.0,0.0,0.0,0.0,0.0
6.8,TAKEOFF,86.13,60.99,170.0,29.66,100.704,1.1586,6440.27,80.04,524.17,5.306,69.37,21.052,25.723,1.632,24.6,17.92,6438.69,80.04,523.29,5.326,69.43,20.9,25.722,1.584,24.652,18.0,COOLING_DEGRADATION,0.0,1.0,1.0,1.0,1.0,0.0,0.0,0.0,0.0
6.9,TAKEOFF,86.15,61.0,172.5,29.66,100.695,1.1585,6446.81,80.04,525.3,5.309,69.36,21.056,25.723,1.633,24.6,17.922,6448.82,79.55,523.41,5.315,69.17,21.078,25.729,1.606,24.518,17.866,COOLING_DEGRADATION,0.0,1.0,1.0,1.0,1.0,0.0,0.0,0.0,0.0
7.0,TAKEOFF,86.17,61.01,175.0,29.65,100.686,1.1584,6453.07,80.04,526.43,5.312,69.36,21.059,25.723,1.633,24.6,17.925,6452.3,79.99,524.72,5.286,69.3,20.992,25.678,1.694,24.505,17.957,COOLING_DEGRADATION,0.0,1.0,1.0,1.0,1.0,0.0,0.0,0.0,0.0
7.1,TAKEOFF,86.18,61.02,177.5,29.64,100.677,1.1583,6459.05,80.04,527.54,5.316,69.35,21.063,25.724,1.634,24.6,17.928,6456.64,80.54,528.48,5.315,69.05,21.216,25.722,1.684,24.578,17.9,COOLING_DEGRADATION,0.0,1.0,1.0,1.0,1.0,0.0,0.0,0.0,0.0
7.2,TAKEOFF,86.2,61.03,180.0,29.64,100.668,1.1582,6464.77,80.04,528.64,5.319,69.34,21.066,25.724,1.635,24.6,17.93,6470.06,80.15,527.75,5.343,69.49,20.937,25.69,1.605,24.601,18.023,COOLING_DEGRADATION,0.0,1.0,1.0,1.0,1.0,0.0,0.0,0.0,0.0
7.3,TAKEOFF,86.22,61.04,182.5,29.64,100.659,1.1581,6470.24,80.04,529.72,5.321,69.33,21.07,25.724,1.635,24.6,17.932,6469.0,79.5,531.1,5.318,69.69,20.874,25.784,1.688,24.608,17.93,COOLING_DEGRADATION,0.0,1.0,1.0,1.0,1.0,0.0,0.0,0.0,0.0
7.4,TAKEOFF,86.23,61.05,185.0,29.63,100.65,1.1581,6475.47,80.04,530.79,5.324,69.32,21.073,25.725,1.636,24.6,17.935,6478.0,80.04,533.34,5.304,69.84,21.099,25.648,1.696,24.539,17.985,COOLING_DEGRADATION,0.0,1.0,1.0,1.0,1.0,0.0,0.0,0.0,0.0
7.5,TAKEOFF,86.25,61.06,187.5,29.62,100.641,1.158,6480.47,80.04,531.85,5.327,69.31,21.077,25.725,1.637,24.6,17.938,6484.95,80.0,534.48,5.28,69.31,20.948,25.697,1.63,24.618,17.781,COOLING_DEGRADATION,0.0,1.0,1.0,1.0,1.0,0.0,0.0,0.0,0.0
7.6,TAKEOFF,86.27,61.07,190.0,29.62,100.632,1.1579,6485.27,80.04,532.9,5.329,69.3,21.081,25.725,1.637,24.6,17.94,6484.27,79.84,532.92,5.362,69.38,21.079,25.665,1.636,24.526,17.925,COOLING_DEGRADATION,0.0,1.0,1.0,1.0,1.0,0.0,0.0,0.0,0.0
7.7,TAKEOFF,86.28,61.08,192.5,29.62,100.623,1.1578,6489.86,80.04,533.93,5.332,69.29,21.084,25.726,1.638,24.6,17.943,6494.53,80.06,535.85,5.362,69.24,20.996,25.7,1.715,24.502,17.869,COOLING_DEGRADATION,0.0,1.0,1.0,1.0,1.0,0.0,0.0,0.0,0.0
7.8,TAKEOFF,86.3,61.09,195.0,29.61,100.613,1.1577,6494.25,80.04,534.95,5.334,69.29,21.088,25.726,1.638,24.6,17.945,6491.46,80.5,535.36,5.373,69.37,21.319,25.7,1.6,24.586,17.968,COOLING_DEGRADATION,0.0,1.0,1.0,1.0,1.0,0.0,0.0,0.0,0.0
7.9,TAKEOFF,86.32,61.11,197.5,29.61,100.604,1.1576,6498.47,80.04,535.96,5.336,69.28,21.091,25.726,1.639,24.6,17.947,6503.97,80.22,535.32,5.417,69.56,20.977,25.708,1.619,24.609,17.964,COOLING_DEGRADATION,0.0,1.0,1.0,1.0,1.0,0.0,0.0,0.0,0.0
8.0,TAKEOFF,86.33,61.12,200.0,29.6,100.595,1.1575,6502.5,80.04,536.96,5.338,69.27,21.095,25.727,1.639,24.6,17.95,6499.85,79.9,535.73,5.331,69.65,21.177,25.645,1.667,24.618,17.932,COOLING_DEGRADATION,0.0,1.0,1.0,1.0,1.0,0.0,0.0,0.0,0.0
8.1,TAKEOFF,86.35,61.13,202.5,29.59,100.586,1.1575,6506.38,80.04,537.94,5.341,69.26,21.098,25.727,1.64,24.6,17.953,6510.86,79.68,537.5,5.325,69.08,21.028,25.736,1.627,24.555,17.977,COOLING_DEGRADATION,0.003,0.998,1.0,1.0,1.0,0.0,0.0,0.0,0.0
8.2,TAKEOFF,86.37,61.14,205.0,29.59,100.577,1.1574,6510.1,80.04,538.91,5.343,69.25,21.102,25.727,1.64,24.6,17.955,6505.04,80.32,538.81,5.318,69.07,21.138,25.658,1.697,24.584,18.031,COOLING_DEGRADATION,0.007,0.996,1.0,1.0,1.0,0.0,0.0,0.0,0.0
8.3,TAKEOFF,86.38,61.15,207.5,29.59,100.568,1.1573,6513.66,80.04,539.87,5.344,69.24,21.106,25.728,1.641,24.6,17.957,6514.42,79.7,541.53,5.344,69.39,21.156,25.753,1.697,24.629,17.831,COOLING_DEGRADATION,0.01,0.994,1.0,1.0,1.0,0.0,0.0,0.0,0.0
8.4,TAKEOFF,86.4,61.16,210.0,29.58,100.559,1.1572,6517.09,80.04,540.82,5.346,69.23,21.109,25.728,1.641,24.6,17.96,6522.98,80.76,539.12,5.355,68.69,20.967,25.606,1.698,24.551,17.918,COOLING_DEGRADATION,0.013,0.992,1.0,1.0,1.0,0.0,0.0,0.0,0.0
8.5,TAKEOFF,86.42,61.17,212.5,29.57,100.55,1.1571,6520.38,80.04,541.76,5.348,69.22,21.113,25.728,1.641,24.6,17.962,6519.22,80.66,543.77,5.397,69.23,21.028,25.684,1.704,24.645,18.006,COOLING_DEGRADATION,0.017,0.99,1.0,1.0,1.0,0.0,0.0,0.0,0.0
8.6,TAKEOFF,86.43,61.18,215.0,29.57,100.541,1.157,6523.54,80.04,542.69,5.35,69.22,21.116,25.729,1.642,24.6,17.965,6519.97,80.04,543.76,5.371,68.91,21.074,25.643,1.627,24.675,17.793,COOLING_DEGRADATION,0.02,0.988,1.0,1.0,1.0,0.0,0.0,0.0,0.0
8.7,TAKEOFF,86.45,61.19,217.5,29.57,100.532,1.1569,6526.58,80.04,543.6,5.351,69.21,21.12,25.729,1.642,24.6,17.968,6530.89,79.6,542.38,5.388,68.89,21.103,25.733,1.697,24.542,18.093,COOLING_DEGRADATION,0.023,0.986,1.0,1.0,1.0,0.0,0.0,0.0,0.0
8.8,TAKEOFF,86.47,61.2,220.0,29.56,100.523,1.1569,6529.51,80.04,544.51,5.353,69.2,21.123,25.729,1.643,24.6,17.97,6528.54,79.81,547.09,5.396,69.59,21.194,25.684,1.641,24.561,18.122,COOLING_DEGRADATION,0.027,0.984,1.0,1.0,1.0,0.0,0.0,0.0,0.0
8.9,TAKEOFF,86.48,61.21,222.5,29.55,100.514,1.1568,6532.32,80.04,545.4,5.354,69.19,21.127,25.73,1.643,24.6,17.973,6529.15,80.37,545.22,5.313,68.68,21.158,25.767,1.715,24.58,17.889,COOLING_DEGRADATION,0.03,0.982,1.0,1.0,1.0,0.0,0.0,0.0,0.0
9.0,TAKEOFF,86.5,61.23,225.0,29.55,100.504,1.1567,6535.03,80.04,546.29,5.356,69.18,21.131,25.73,1.643,24.6,17.975,6543.51,79.97,547.75,5.374,69.63,21.021,25.759,1.607,24.632,17.969,COOLING_DEGRADATION,0.033,0.98,1.0,1.0,1.0,0.0,0.0,0.0,0.0
9.1,TAKEOFF,86.52,61.24,227.5,29.55,100.495,1.1566,6537.65,80.04,547.16,5.357,69.18,21.134,25.73,1.644,24.6,17.977,6536.71,80.76,546.27,5.369,69.42,21.201,25.728,1.7,24.719,18.053,COOLING_DEGRADATION,0.037,0.978,1.0,1.0,1.0,0.0,0.0,0.0,0.0
9.2,TAKEOFF,86.53,61.25,230.0,29.54,100.486,1.1565,6540.17,80.04,548.02,5.359,69.17,21.138,25.731,1.644,24.6,17.98,6540.66,80.39,548.9,5.359,69.6,20.992,25.765,1.62,24.588,17.908,COOLING_DEGRADATION,0.04,0.976,1.0,1.0,1.0,0.0,0.0,0.0,0.0
9.3,TAKEOFF,86.55,61.26,232.5,29.54,100.477,1.1564,6542.59,80.04,548.87,5.36,69.16,21.141,25.731,1.644,24.6,17.982,6550.22,80.17,549.77,5.347,69.45,21.195,25.804,1.506,24.647,17.829,COOLING_DEGRADATION,0.043,0.974,1.0,1.0,1.0,0.0,0.0,0.0,0.0
9.4,TAKEOFF,86.57,61.27,235.0,29.53,100.468,1.1563,6544.94,80.04,549.72,5.361,69.15,21.145,25.731,1.645,24.6,17.985,6546.54,80.44,548.02,5.414,68.93,21.241,25.836,1.573,24.632,18.041,COOLING_DEGRADATION,0.047,0.972,1.0,1.0,1.0,0.0,0.0,0.0,0.0
9.5,TAKEOFF,86.58,61.28,237.5,29.53,100.459,1.1563,6547.2,80.04,550.55,5.362,69.14,21.148,25.732,1.645,24.6,17.987,6543.86,80.03,550.83,5.372,69.18,21.058,25.694,1.604,24.539,18.048,COOLING_DEGRADATION,0.05,0.97,1.0,1.0,1.0,0.0,0.0,0.0,0.0
9.6,TAKEOFF,86.6,61.29,240.0,29.52,100.45,1.1562,6549.39,80.04,551.37,5.364,69.14,21.152,25.732,1.645,24.6,17.99,6544.34,80.28,551.74,5.379,68.57,21.061,25.708,1.687,24.582,18.131,COOLING_DEGRADATION,0.053,0.968,1.0,1.0,1.0,0.0,0.0,0.0,0.0
9.7,TAKEOFF,86.62,61.3,242.5,29.52,100.441,1.1561,6551.5,80.04,552.18,5.365,69.13,21.156,25.732,1.646,24.6,17.992,6551.23,80.23,551.96,5.405,69.58,21.244,25.777,1.639,24.592,17.958,COOLING_DEGRADATION,0.057,0.966,1.0,1.0,1.0,0.0,0.0,0.0,0.0
9.8,TAKEOFF,86.63,61.31,245.0,29.51,100.432,1.156,6553.55,80.04,552.98,5.366,69.12,21.159,25.733,1.646,24.6,17.995,6559.05,80.22,554.04,5.409,69.07,21.141,25.673,1.668,24.653,18.224,COOLING_DEGRADATION,0.06,0.964,1.0,1.0,1.0,0.0,0.0,0.0,0.0
9.9,TAKEOFF,86.65,61.32,247.5,29.51,100.423,1.1559,6555.53,80.04,553.78,5.367,69.11,21.163,25.733,1.646,24.6,17.997,6553.34,79.58,553.77,5.378,69.08,21.13,25.7,1.618,24.6,17.848,COOLING_DEGRADATION,0.063,0.962,1.0,1.0,1.0,0.0,0.0,0.0,0.0
10.0,TAKEOFF,86.67,61.33,250.0,29.5,100.414,1.1558,6557.44,80.04,554.56,5.368,69.11,21.166,25.733,1.646,24.6,18.0,6558.58,79.22,554.95,5.356,69.44,21.22,25.827,1.556,24.631,17.958,COOLING_DEGRADATION,0.067,0.96,1.0,1.0,1.0,0.0,0.0,0.0,0.0
10.1,TAKEOFF,86.68,61.34,252.5,29.5,100.405,1.1557,6559.3,80.04,555.34,5.369,69.1,21.17,25.734,1.647,24.6,18.002,6564.87,79.53,556.29,5.355,69.1,21.051,25.759,1.634,24.683,17.89,COOLING_DEGRADATION,0.07,0.958,1.0,1.0,1.0,0.0,0.0,0.0,0.0
10.2,TAKEOFF,86.7,61.36,255.0,29.49,100.396,1.1557,6561.1,80.04,556.1,5.37,69.09,21.173,25.734,1.647,24.6,18.005,6570.76,80.07,555.35,5.391,68.95,21.263,25.772,1.619,24.614,18.004,COOLING_DEGRADATION,0.073,0.956,1.0,1.0,1.0,0.0,0.0,0.0,0.0
10.3,TAKEOFF,86.72,61.37,257.5,29.48,100.387,1.1556,6562.85,80.04,556.86,5.371,69.09,21.177,25.734,1.647,24.6,18.008,6567.24,80.74,555.8,5.352,68.96,21.363,25.784,1.612,24.528,18.137,COOLING_DEGRADATION,0.077,0.954,1.0,1.0,1.0,0.0,0.0,0.0,0.0
10.4,TAKEOFF,86.73,61.38,260.0,29.48,100.377,1.1555,6564.54,80.04,557.6,5.372,69.08,21.181,25.735,1.647,24.6,18.01,6561.22,80.39,555.98,5.4,69.01,21.14,25.723,1.604,24.576,18.068,COOLING_DEGRADATION,0.08,0.952,1.0,1.0,1.0,0.0,0.0,0.0,0.0
10.5,TAKEOFF,86.75,61.39,262.5,29.48,100.368,1.1554,6566.19,80.04,558.34,5.373,69.07,21.184,25.735,1.648,24.6,18.013,6564.09,81.26,557.29,5.35,69.42,21.151,25.67,1.635,24.638,17.972,COOLING_DEGRADATION,0.083,0.95,1.0,1.0,1.0,0.0,0.0,0.0,0.0
10.6,TAKEOFF,86.77,61.4,265.0,29.47,100.359,1.1553,6567.8,80.05,559.07,5.374,69.06,21.188,25.735,1.648,24.6,18.015,6576.37,79.96,557.9,5.341,69.02,21.147,25.646,1.598,24.604,18.017,COOLING_DEGRADATION,0.087,0.948,1.0,1.0,1.0,0.0,0.0,0.0,0.0
10.7,TAKEOFF,86.78,61.41,267.5,29.46,100.35,1.1552,6569.35,80.05,559.79,5.375,69.06,21.191,25.736,1.648,24.6,18.017,6568.09,80.72,559.4,5.322,69.4,21.07,25.732,1.691,24.595,18.077,COOLING_DEGRADATION,0.09,0.946,1.0,1.0,1.0,0.0,0.0,0.0,0.0
10.8,TAKEOFF,86.8,61.42,270.0,29.46,100.341,1.1551,6570.87,80.05,560.51,5.375,69.05,21.195,25.736,1.648,24.6,18.02,6574.41,80.05,560.79,5.373,69.3,21.196,25.77,1.717,24.591,17.757,COOLING_DEGRADATION,0.093,0.944,1.0,1.0,1.0,0.0,0.0,0.0,0.0
10.9,TAKEOFF,86.82,61.43,272.5,29.46,100.332,1.1551,6572.35,80.05,561.21,5.376,69.04,21.198,25.736,1.649,24.6,18.023,6562.07,79.55,563.29,5.349,68.79,21.208,25.737,1.612,24.593,17.984,COOLING_DEGRADATION,0.097,0.942,1.0,1.0,1.0,0.0,0.0,0.0,0.0
11.0,TAKEOFF,86.83,61.44,275.0,29.45,100.323,1.155,6573.79,80.05,561.91,5.377,69.04,21.202,25.737,1.649,24.6,18.025,6581.23,80.85,562.41,5.352,69.23,21.328,25.681,1.574,24.587,18.032,COOLING_DEGRADATION,0.1,0.94,1.0,1.0,1.0,0.0,0.0,0.0,0.0
11.1,TAKEOFF,86.85,61.45,277.5,29.45,100.314,1.1549,6575.2,80.05,562.59,5.378,69.03,21.206,25.737,1.649,24.6,18.027,6572.03,80.83,560.25,5.338,69.0,21.129,25.728,1.667,24.703,18.059,COOLING_DEGRADATION,0.103,0.938,1.0,1.0,1.0,0.0,0.0,0.0,0.0
11.2,TAKEOFF,86.87,61.46,280.0,29.44,100.305,1.1548,6576.57,80.05,563.27,5.379,69.02,21.209,25.737,1.649,24.6,18.03,6575.15,78.81,564.36,5.386,69.21,21.119,25.674,1.618,24.523,18.031,COOLING_DEGRADATION,0.107,0.936,1.0,1.0,1.0,0.0,0.0,0.0,0.0
11.3,TAKEOFF,86.88,61.47,282.5,29.44,100.296,1.1547,6577.91,80.05,563.95,5.379,69.02,21.213,25.738,1.65,24.6,18.032,6575.61,79.7,565.3,5.395,68.39,21.217,25.683,1.684,24.629,18.117,COOLING_DEGRADATION,0.11,0.934,1.0,1.0,1.0,0.0,0.0,0.0,0.0
11.4,TAKEOFF,86.9,61.48,285.0,29.43,100.287,1.1546,6579.21,80.05,564.61,5.38,69.01,21.216,25.738,1.65,24.6,18.035,6578.81,80.13,564.33,5.386,69.35,21.175,25.92,1.614,24.578,18.071,COOLING_DEGRADATION,0.113,0.932,1.0,1.0,1.0,0.0,0.0,0.0,0.0
11.5,TAKEOFF,86.92,61.5,287.5,29.43,100.278,1.1546,6580.49,80.05,565.27,5.381,69.01,21.22,25.738,1.65,24.6,18.037,6580.91,79.6,565.61,5.355,69.06,21.348,25.77,1.705,24.527,17.99,COOLING_DEGRADATION,0.117,0.93,1.0,1.0,1.0,0.0,0.0,0.0,0.0
11.6,TAKEOFF,86.93,61.51,290.0,29.42,100.269,1.1545,6581.75,80.05,565.91,5.381,69.0,21.223,25.739,1.65,24.6,18.04,6574.11,79.97,566.51,5.402,69.15,21.174,25.731,1.672,24.634,17.971,COOLING_DEGRADATION,0.12,0.928,1.0,1.0,1.0,0.0,0.0,0.0,0.0
11.7,TAKEOFF,86.95,61.52,292.5,29.42,100.26,1.1544,6582.97,80.05,566.55,5.382,68.99,21.227,25.739,1.65,24.6,18.042,6585.05,79.81,565.54,5.366,69.1,21.253,25.722,1.611,24.606,18.077,COOLING_DEGRADATION,0.123,0.926,1.0,1.0,1.0,0.0,0.0,0.0,0.0
11.8,TAKEOFF,86.97,61.53,295.0,29.41,100.251,1.1543,6584.17,80.05,567.19,5.383,68.99,21.231,25.739,1.651,24.6,18.045,6582.57,79.69,567.42,5.341,68.81,20.977,25.751,1.684,24.567,18.137,COOLING_DEGRADATION,0.127,0.924,1.0,1.0,1.0,0.0,0.0,0.0,0.0
11.9,TAKEOFF,86.98,61.54,297.5,29.41,100.242,1.1542,6585.35,80.05,567.81,5.383,68.98,21.234,25.74,1.651,24.6,18.047,6587.77,79.67,566.28,5.419,69.03,21.255,25.702,1.673,24.598,17.968,COOLING_DEGRADATION,0.13,0.922,1.0,1.0,1.0,0.0,0.0,0.0,0.0
12.0,TAKEOFF,87.0,61.55,300.0,29.4,100.232,1.1541,6586.51,80.05,568.43,5.384,68.98,21.238,25.74,1.651,24.6,18.05,6591.55,80.26,572.88,5.403,69.33,20.991,25.72,1.642,24.561,18.043,COOLING_DEGRADATION,0.133,0.92,1.0,1.0,1.0,0.0,0.0,0.0,0.0
12.1,TAKEOFF,87.02,61.56,302.5,29.4,100.223,1.154,6587.64,80.05,569.04,5.385,68.97,21.241,25.74,1.651,24.6,18.053,6587.33,79.9,569.07,5.419,69.09,21.376,25.811,1.68,24.549,17.895,COOLING_DEGRADATION,0.137,0.918,1.0,1.0,1.0,0.0,0.0,0.0,0.0
12.2,TAKEOFF,87.03,61.57,305.0,29.39,100.214,1.154,6588.76,80.06,569.65,5.385,68.96,21.245,25.741,1.651,24.6,18.055,6592.53,79.72,569.01,5.373,69.01,21.071,25.712,1.752,24.619,18.178,COOLING_DEGRADATION,0.14,0.916,1.0,1.0,1.0,0.0,0.0,0.0,0.0
12.3,TAKEOFF,87.05,61.58,307.5,29.39,100.205,1.1539,6589.85,80.06,570.24,5.386,68.96,21.248,25.741,1.652,24.6,18.057,6584.82,79.51,568.1,5.434,69.3,21.134,25.728,1.586,24.722,17.991,COOLING_DEGRADATION,0.143,0.914,1.0,1.0,1.0,0.0,0.0,0.0,0.0
12.4,TAKEOFF,87.07,61.59,310.0,29.38,100.196,1.1538,6590.93,80.06,570.83,5.386,68.95,21.252,25.741,1.652,24.6,18.06,6602.97,80.02,569.24,5.403,69.53,21.322,25.72,1.68,24.595,18.048,COOLING_DEGRADATION,0.147,0.912,1.0,1.0,1.0,0.0,0.0,0.0,0.0
12.5,TAKEOFF,87.08,61.6,312.5,29.38,100.187,1.1537,6591.99,80.06,571.42,5.387,68.95,21.256,25.742,1.652,24.6,18.062,6593.74,80.46,569.63,5.364,69.19,21.253,25.674,1.589,24.602,18.173,COOLING_DEGRADATION,0.15,0.91,1.0,1.0,1.0,0.0,0.0,0.0,0.0
12.6,TAKEOFF,87.1,61.61,315.0,29.37,100.178,1.1536,6593.03,80.06,571.99,5.388,68.94,21.259,25.742,1.652,24.6,18.065,6587.34,80.67,575.35,5.447,68.94,21.277,25.742,1.674,24.539,18.147,COOLING_DEGRADATION,0.153,0.908,1.0,1.0,1.0,0.0,0.0,0.0,0.0
12.7,TAKEOFF,87.12,61.63,317.5,29.37,100.169,1.1535,6594.06,80.06,572.56,5.388,68.94,21.263,25.742,1.652,24.6,18.067,6599.45,80.64,571.7,5.4,69.13,21.357,25.699,1.612,24.643,18.067,COOLING_DEGRADATION,0.157,0.906,1.0,1.0,1.0,0.0,0.0,0.0,0.0
12.8,TAKEOFF,87.13,61.64,320.0,29.36,100.16,1.1534,6595.07,80.06,573.13,5.389,68.93,21.266,25.743,1.653,24.6,18.07,6595.74,80.37,573.78,5.37,69.4,21.435,25.803,1.647,24.527,18.093,COOLING_DEGRADATION,0.16,0.904,1.0,1.0,1.0,0.0,0.0,0.0,0.0
12.9,TAKEOFF,87.15,61.65,322.5,29.36,100.151,1.1534,6596.07,80.06,573.68,5.389,68.92,21.27,25.743,1.653,24.6,18.072,6596.39,81.14,575.28,5.346,68.43,21.31,25.725,1.66,24.526,18.26,COOLING_DEGRADATION,0.163,0.902,1.0,1.0,1.0,0.0,0.0,0.0,0.0
13.0,TAKEOFF,87.17,61.66,325.0,29.35,100.142,1.1533,6597.05,80.06,574.23,5.39,68.92,21.273,25.743,1.653,24.6,18.075,6595.8,79.67,573.95,5.415,69.06,21.07,25.728,1.689,24.584,17.96,COOLING_DEGRADATION,0.167,0.9,1.0,1.0,1.0,0.0,0.0,0.0,0.0
13.1,TAKEOFF,87.18,61.67,327.5,29.35,100.133,1.1532,6598.02,80.06,574.78,5.39,68.91,21.277,25.744,1.653,24.6,18.078,6592.37,80.22,576.48,5.367,68.58,21.361,25.77,1.744,24.68,18.135,COOLING_DEGRADATION,0.17,0.898,1.0,1.0,1.0,0.0,0.0,0.0,0.0
13.2,TAKEOFF,87.2,61.68,330.0,29.34,100.124,1.1531,6598.98,80.07,575.31,5.391,68.91,21.281,25.744,1.653,24.6,18.08,6593.7,79.8,576.53,5.391,68.81,21.108,25.653,1.613,24.651,17.984,COOLING_DEGRADATION,0.173,0.896,1.0,1.0,1.0,0.0,0.0,0.0,0.0
13.3,TAKEOFF,87.22,61.69,332.5,29.34,100.115,1.153,6599.93,80.07,575.85,5.392,68.9,21.284,25.744,1.654,24.6,18.082,6599.08,79.82,575.71,5.358,68.94,21.215,25.714,1.607,24.56,18.118,COOLING_DEGRADATION,0.177,0.894,1.0,1.0,1.0,0.0,0.0,0.0,0.0
13.4,TAKEOFF,87.23,61.7,335.0,29.33,100.106,1.1529,6600.87,80.07,576.37,5.392,68.9,21.288,25.745,1.654,24.6,18.085,6606.32,80.31,576.53,5.365,68.51,21.32,25.762,1.634,24.642,18.011,COOLING_DEGRADATION,0.18,0.892,1.0,1.0,1.0,0.0,0.0,0.0,0.0
13.5,TAKEOFF,87.25,61.71,337.5,29.33,100.097,1.1528,6601.8,80.07,576.89,5.393,68.89,21.291,25.745,1.654,24.6,18.087,6606.02,79.59,577.25,5.391,69.06,21.274,25.734,1.675,24.565,18.283,COOLING_DEGRADATION,0.183,0.89,1.0,1.0,1.0,0.0,0.0,0.0,0.0
13.6,TAKEOFF,87.27,61.72,340.0,29.32,100.088,1.1528,6602.71,80.07,577.4,5.393,68.89,21.295,25.745,1.654,24.6,18.09,6601.09,79.87,578.22,5.414,68.72,21.08,25.77,1.656,24.576,17.925,COOLING_DEGRADATION,0.187,0.888,1.0,1.0,1.0,0.0,0.0,0.0,0.0
13.7,TAKEOFF,87.28,61.73,342.5,29.32,100.079,1.1527,6603.62,80.07,577.91,5.394,68.88,21.298,25.746,1.654,24.6,18.093,6601.45,79.32,575.23,5.363,68.62,21.201,25.778,1.708,24.571,18.1,COOLING_DEGRADATION,0.19,0.886,1.0,1.0,1.0,0.0,0.0,0.0,0.0
13.8,TAKEOFF,87.3,61.74,345.0,29.31,100.07,1.1526,6604.52,80.07,578.41,5.394,68.88,21.302,25.746,1.654,24.6,18.095,6605.83,80.74,579.64,5.429,68.7,21.334,25.767,1.738,24.68,18.127,COOLING_DEGRADATION,0.193,0.884,1.0,1.0,1.0,0.0,0.0,0.0,0.0
13.9,TAKEOFF,87.32,61.76,347.5,29.31,100.061,1.1525,6605.41,80.07,578.91,5.395,68.88,21.306,25.746,1.655,24.6,18.098,6602.55,79.35,580.64,5.381,68.79,21.274,25.672,1.725,24.581,18.181,COOLING_DEGRADATION,0.197,0.882,1.0,1.0,1.0,0.0,0.0,0.0,0.0
14.0,TAKEOFF,87.33,61.77,350.0,29.3,100.052,1.1524,6606.29,80.07,579.4,5.395,68.87,21.309,25.747,1.655,24.6,18.1,6608.53,79.59,580.67,5.415,69.32,21.387,25.754,1.639,24.521,18.036,COOLING_DEGRADATION,0.2,0.88,1.0,1.0,1.0,0.0,0.0,0.0,0.0
14.1,TAKEOFF,87.35,61.78,352.5,29.3,100.042,1.1523,6607.17,80.08,579.88,5.396,68.87,21.313,25.747,1.655,24.6,18.102,6609.08,80.0,579.81,5.358,69.44,21.265,25.791,1.65,24.597,18.238,COOLING_DEGRADATION,0.203,0.878,1.0,1.0,1.0,0.0,0.0,0.0,0.0
14.2,TAKEOFF,87.37,61.79,355.0,29.29,100.033,1.1523,6608.04,80.08,580.36,5.396,68.86,21.316,25.747,1.655,24.6,18.105,6600.96,80.19,578.4,5.391,69.12,21.303,25.624,1.648,24.618,18.089,COOLING_DEGRADATION,0.207,0.876,1.0,1.0,1.0,0.0,0.0,0.0,0.0
14.3,TAKEOFF,87.38,61.8,357.5,29.29,100.024,1.1522,6608.9,80.08,580.83,5.396,68.86,21.32,25.748,1.655,24.6,18.107,6608.69,80.66,581.19,5.393,68.48,21.246,25.812,1.686,24.576,18.203,COOLING_DEGRADATION,0.21,0.874,1.0,1.0,1.0,0.0,0.0,0.0,0.0
14.4,TAKEOFF,87.4,61.81,360.0,29.28,100.015,1.1521,6609.75,80.08,581.3,5.397,68.85,21.323,25.748,1.655,24.6,18.11,6615.32,79.95,582.92,5.384,68.58,21.356,25.677,1.509,24.638,18.14,COOLING_DEGRADATION,0.213,0.872,1.0,1.0,1.0,0.0,0.0,0.0,0.0
14.5,TAKEOFF,87.42,61.82,362.5,29.28,100.006,1.152,6610.6,80.08,581.76,5.397,68.85,21.327,25.748,1.656,24.6,18.112,6619.1,79.86,580.67,5.393,68.75,21.426,25.755,1.681,24.553,18.107,COOLING_DEGRADATION,0.217,0.87,1.0,1.0,1.0,0.0,0.0,0.0,0.0
14.6,TAKEOFF,87.43,61.83,365.0,29.27,99.997,1.1519,6611.44,80.08,582.22,5.398,68.84,21.331,25.749,1.656,24.6,18.115,6613.23,79.65,582.22,5.337,69.35,21.387,25.685,1.691,24.628,18.008,COOLING_DEGRADATION,0.22,0.868,1.0,1.0,1.0,0.0,0.0,0.0,0.0
14.7,TAKEOFF,87.45,61.84,367.5,29.27,99.988,1.1518,6612.28,80.08,582.67,5.398,68.84,21.334,25.749,1.656,24.6,18.117,6604.61,80.46,584.76,5.378,68.7,21.274,25.791,1.67,24.559,18.032,COOLING_DEGRADATION,0.223,0.866,1.0,1.0,1.0,0.0,0.0,0.0,0.0
14.8,TAKEOFF,87.47,61.85,370.0,29.26,99.979,1.1517,6613.11,80.09,583.12,5.399,68.84,21.338,25.749,1.656,24.6,18.12,6611.43,80.34,584.47,5.394,69.34,21.293,25.713,1.702,24.567,18.365,COOLING_DEGRADATION,0.227,0.864,1.0,1.0,1.0,0.0,0.0,0.0,0.0
14.9,TAKEOFF,87.48,61.86,372.5,29.26,99.97,1.1517,6613.93,80.09,583.56,5.399,68.83,21.341,25.75,1.656,24.6,18.122,6610.1,80.1,584.32,5.42,68.69,21.39,25.761,1.697,24.547,18.031,COOLING_DEGRADATION,0.23,0.862,1.0,1.0,1.0,0.0,0.0,0.0,0.0
15.0,TAKEOFF,87.5,61.88,375.0,29.25,99.961,1.1516,6614.76,80.09,584.0,5.4,68.83,21.345,25.75,1.656,24.6,18.125,6608.06,80.97,584.49,5.395,68.83,21.355,25.762,1.601,24.533,18.066,COOLING_DEGRADATION,0.233,0.86,1.0,1.0,1.0,0.0,0.0,0.0,0.0
15.1,TAKEOFF,87.52,61.89,377.5,29.25,99.952,1.1515,6615.57,80.09,584.43,5.4,68.82,21.348,25.75,1.657,24.6,18.127,6626.58,80.02,580.24,5.442,68.58,21.483,25.767,1.767,24.698,18.135,COOLING_DEGRADATION,0.237,0.858,1.0,1.0,1.0,0.0,0.0,0.0,0.0
15.2,TAKEOFF,87.53,61.9,380.0,29.24,99.943,1.1514,6616.38,80.09,584.86,5.401,68.82,21.352,25.751,1.657,24.6,18.13,6613.79,80.4,583.07,5.412,68.63,21.319,25.651,1.609,24.493,18.148,COOLING_DEGRADATION,0.24,0.856,1.0,1.0,1.0,0.0,0.0,0.0,0.0
15.3,TAKEOFF,87.55,61.91,382.5,29.24,99.934,1.1513,6617.19,80.09,585.28,5.401,68.82,21.356,25.751,1.657,24.6,18.133,6608.41,80.09,585.46,5.348,68.78,21.351,25.787,1.557,24.679,18.088,COOLING_DEGRADATION,0.243,0.854,1.0,1.0,1.0,0.0,0.0,0.0,0.0
15.4,TAKEOFF,87.57,61.92,385.0,29.23,99.925,1.1512,6618.0,80.09,585.69,5.402,68.81,21.359,25.751,1.657,24.6,18.135,6622.6,79.3,586.73,5.364,68.53,21.348,25.773,1.755,24.553,17.916,COOLING_DEGRADATION,0.247,0.852,1.0,1.0,1.0,0.0,0.0,0.0,0.0
15.5,TAKEOFF,87.58,61.93,387.5,29.23,99.916,1.1511,6618.8,80.1,586.11,5.402,68.81,21.363,25.752,1.657,24.6,18.137,6611.08,80.14,587.51,5.396,68.48,21.385,25.759,1.682,24.632,17.999,COOLING_DEGRADATION,0.25,0.85,1.0,1.0,1.0,0.0,0.0,0.0,0.0
15.6,TAKEOFF,87.6,61.94,390.0,29.22,99.907,1.1511,6619.59,80.1,586.52,5.402,68.81,21.366,25.752,1.657,24.6,18.14,6617.54,79.56,586.79,5.399,68.74,21.193,25.75,1.664,24.484,18.051,COOLING_DEGRADATION,0.253,0.848,1.0,1.0,1.0,0.0,0.0,0.0,0.0
15.7,TAKEOFF,87.62,61.95,392.5,29.22,99.898,1.151,6620.39,80.1,586.92,5.403,68.8,21.37,25.752,1.658,24.6,18.142,6621.33,80.42,585.61,5.355,68.84,21.317,25.744,1.654,24.599,18.202,COOLING_DEGRADATION,0.257,0.846,1.0,1.0,1.0,0.0,0.0,0.0,0.0
15.8,TAKEOFF,87.63,61.96,395.0,29.21,99.889,1.1509,6621.18,80.1,587.32,5.403,68.8,21.373,25.753,1.658,24.6,18.145,6622.85,79.54,588.21,5.441,68.53,21.421,25.769,1.59,24.547,18.163,COOLING_DEGRADATION,0.26,0.844,1.0,1.0,1.0,0.0,0.0,0.0,0.0
15.9,TAKEOFF,87.65,61.97,397.5,29.21,99.88,1.1508,6621.97,80.1,587.71,5.404,68.8,21.377,25.753,1.658,24.6,18.148,6630.47,80.63,586.04,5.43,69.01,21.287,25.728,1.584,24.675,18.041,COOLING_DEGRADATION,0.263,0.842,1.0,1.0,1.0,0.0,0.0,0.0,0.0
16.0,TAKEOFF,87.67,61.98,400.0,29.2,99.871,1.1507,6622.75,80.1,588.1,5.404,68.79,21.381,25.753,1.658,24.6,18.15,6623.98,79.14,588.47,5.384,68.55,21.432,25.724,1.718,24.695,18.396,COOLING_DEGRADATION,0.267,0.84,1.0,1.0,1.0,0.0,0.0,0.0,0.0
16.1,TAKEOFF,87.68,61.99,402.5,29.2,99.862,1.1506,6623.53,80.11,588.49,5.405,68.79,21.384,25.754,1.658,24.6,18.152,6615.75,80.17,584.21,5.392,68.91,21.266,25.721,1.554,24.581,18.093,COOLING_DEGRADATION,0.27,0.838,1.0,1.0,1.0,0.0,0.0,0.0,0.0
16.2,TAKEOFF,87.7,62.0,405.0,29.19,99.853,1.1506,6624.31,80.11,588.87,5.405,68.79,21.388,25.754,1.658,24.6,18.155,6616.54,80.04,585.98,5.354,69.21,21.238,25.812,1.596,24.695,18.229,COOLING_DEGRADATION,0.273,0.836,1.0,1.0,1.0,0.0,0.0,0.0,0.0
16.3,TAKEOFF,87.72,62.02,407.5,29.19,99.844,1.1505,6625.09,80.11,589.25,5.405,68.78,21.391,25.754,1.659,24.6,18.157,6628.63,80.17,588.1,5.384,68.61,21.218,25.807,1.79,24.586,17.948,COOLING_DEGRADATION,0.277,0.834,1.0,1.0,1.0,0.0,0.0,0.0,0.0
16.4,TAKEOFF,87.73,62.03,410.0,29.18,99.835,1.1504,6625.86,80.11,589.62,5.406,68.78,21.395,25.755,1.659,24.6,18.16,6623.75,79.91,589.78,5.388,68.74,21.519,25.741,1.682,24.558,18.281,COOLING_DEGRADATION,0.28,0.832,1.0,1.0,1.0,0.0,0.0,0.0,0.0
16.5,TAKEOFF,87.75,62.04,412.5,29.18,99.826,1.1503,6626.63,80.11,589.99,5.406,68.78,21.398,25.755,1.659,24.6,18.163,6634.03,79.92,588.87,5.401,69.17,21.581,25.792,1.613,24.596,18.058,COOLING_DEGRADATION,0.283,0.83,1.0,1.0,1.0,0.0,0.0,0.0,0.0
16.6,TAKEOFF,87.77,62.05,415.0,29.17,99.817,1.1502,6627.4,80.12,590.35,5.407,68.77,21.402,25.755,1.659,24.6,18.165,6618.14,79.76,591.28,5.451,68.76,21.422,25.803,1.706,24.625,18.161,COOLING_DEGRADATION,0.287,0.828,1.0,1.0,1.0,0.0,0.0,0.0,0.0
16.7,TAKEOFF,87.78,62.06,417.5,29.17,99.808,1.1501,6628.17,80.12,590.71,5.407,68.77,21.406,25.756,1.659,24.6,18.168,6623.64,80.48,591.39,5.365,68.92,21.394,25.732,1.649,24.675,18.2,COOLING_DEGRADATION,0.29,0.826,1.0,1.0,1.0,0.0,0.0,0.0,0.0
16.8,TAKEOFF,87.8,62.07,420.0,29.16,99.799,1.15,6628.94,80.12,591.07,5.408,68.77,21.409,25.756,1.659,24.6,18.17,6623.02,79.54,593.33,5.393,68.63,21.389,25.76,1.715,24.608,17.889,COOLING_DEGRADATION,0.293,0.824,1.0,1.0,1.0,0.0,0.0,0.0,0.0
16.9,TAKEOFF,87.82,62.08,422.5,29.16,99.79,1.15,6629.7,80.12,591.42,5.408,68.77,21.413,25.756,1.66,24.6,18.172,6624.94,78.91,591.14,5.426,68.93,21.446,25.763,1.748,24.608,18.187,COOLING_DEGRADATION,0.297,0.822,1.0,1.0,1.0,0.0,0.0,0.0,0.0
17.0,TAKEOFF,87.83,62.09,425.0,29.15,99.781,1.1499,6630.46,80.12,591.77,5.408,68.76,21.416,25.757,1.66,24.6,18.175,6630.28,80.47,592.33,5.405,68.67,21.535,25.748,1.631,24.562,18.124,COOLING_DEGRADATION,0.3,0.82,1.0,1.0,1.0,0.0,0.0,0.0,0.0
17.1,TAKEOFF,87.85,62.1,427.5,29.15,99.772,1.1498,6631.22,80.13,592.11,5.409,68.76,21.42,25.757,1.66,24.6,18.177,6634.02,80.98,594.11,5.427,68.77,21.279,25.75,1.64,24.628,18.053,COOLING_DEGRADATION,0.303,0.818,1.0,1.0,1.0,0.0,0.0,0.0,0.0
17.2,TAKEOFF,87.87,62.11,430.0,29.14,99.763,1.1497,6631.98,80.13,592.45,5.409,68.76,21.423,25.757,1.66,24.6,18.18,6627.32,79.14,591.0,5.384,69.32,21.494,25.846,1.613,24.651,18.146,COOLING_DEGRADATION,0.307,0.816,1.0,1.0,1.0,0.0,0.0,0.0,0.0
17.3,TAKEOFF,87.88,62.12,432.5,29.14,99.754,1.1496,6632.74,80.13,592.79,5.41,68.76,21.427,25.758,1.66,24.6,18.182,6635.72,79.4,591.94,5.386,69.25,21.412,25.774,1.74,24.541,18.148,COOLING_DEGRADATION,0.31,0.814,1.0,1.0,1.0,0.0,0.0,0.0,0.0
17.4,TAKEOFF,87.9,62.13,435.0,29.13,99.745,1.1495,6633.5,80.13,593.13,5.41,68.75,21.431,25.758,1.66,24.6,18.185,6636.06,79.5,590.51,5.384,68.84,21.574,25.731,1.678,24.649,18.143,COOLING_DEGRADATION,0.313,0.812,1.0,1.0,1.0,0.0,0.0,0.0,0.0
17.5,TAKEOFF,87.92,62.15,437.5,29.12,99.736,1.1495,6634.25,80.13,593.46,5.41,68.75,21.434,25.758,1.661,24.6,18.188,6634.36,80.27,592.15,5.433,68.81,21.424,25.669,1.738,24.501,18.121,COOLING_DEGRADATION,0.317,0.81,1.0,1.0,1.0,0.0,0.0,0.0,0.0
17.6,TAKEOFF,87.93,62.16,440.0,29.12,99.727,1.1494,6635.01,80.14,593.78,5.411,68.75,21.438,25.759,1.661,24.6,18.19,6638.3,80.12,591.97,5.411,68.72,21.538,25.81,1.671,24.517,17.967,COOLING_DEGRADATION,0.32,0.808,1.0,1.0,1.0,0.0,0.0,0.0,0.0
17.7,TAKEOFF,87.95,62.17,442.5,29.12,99.718,1.1493,6635.76,80.14,594.1,5.411,68.75,21.441,25.759,1.661,24.6,18.193,6632.38,80.29,592.39,5.373,68.95,21.399,25.7,1.697,24.649,18.256,COOLING_DEGRADATION,0.323,0.806,1.0,1.0,1.0,0.0,0.0,0.0,0.0
17.8,TAKEOFF,87.97,62.18,445.0,29.11,99.709,1.1492,6636.51,80.14,594.42,5.412,68.74,21.445,25.759,1.661,24.6,18.195,6637.38,79.87,595.3,5.416,68.53,21.366,25.82,1.528,24.648,18.236,COOLING_DEGRADATION,0.327,0.804,1.0,1.0,1.0,0.0,0.0,0.0,0.0
17.9,TAKEOFF,87.98,62.19,447.5,29.11,99.7,1.1491,6637.26,80.14,594.74,5.412,68.74,21.448,25.76,1.661,24.6,18.197,6640.12,80.49,596.06,5.38,69.07,21.561,25.841,1.652,24.628,18.12,COOLING_DEGRADATION,0.33,0.802,1.0,1.0,1.0,0.0,0.0,0.0,0.0
18.0,TAKEOFF,88.0,62.2,450.0,29.1,99.691,1.149,6638.01,80.14,595.05,5.412,68.74,21.452,25.76,1.661,24.6,18.2,6640.03,79.54,591.67,5.449,68.9,21.529,25.83,1.79,24.638,18.038,COOLING_DEGRADATION,0.333,0.8,1.0,1.0,1.0,0.0,0.0,0.0,0.0
18.1,TAKEOFF,88.02,62.21,452.5,29.09,99.682,1.1489,6638.76,80.15,595.36,5.413,68.74,21.456,25.76,1.662,24.6,18.203,6644.81,80.36,594.94,5.388,68.51,21.479,25.695,1.699,24.496,18.321,COOLING_DEGRADATION,0.337,0.798,1.0,1.0,1.0,0.0,0.0,0.0,0.0
18.2,TAKEOFF,88.03,62.22,455.0,29.09,99.673,1.1489,6639.5,80.15,595.66,5.413,68.74,21.459,25.761,1.662,24.6,18.205,6640.67,80.38,596.78,5.429,68.51,21.405,25.685,1.632,24.583,18.144,COOLING_DEGRADATION,0.34,0.796,1.0,1.0,1.0,0.0,0.0,0.0,0.0
18.3,TAKEOFF,88.05,62.23,457.5,29.09,99.664,1.1488,6640.25,80.15,595.97,5.414,68.73,21.463,25.761,1.662,24.6,18.207,6637.14,80.43,596.51,5.428,68.83,21.45,25.855,1.669,24.657,18.06,COOLING_DEGRADATION,0.343,0.794,1.0,1.0,1.0,0.0,0.0,0.0,0.0
18.4,TAKEOFF,88.07,62.24,460.0,29.08,99.655,1.1487,6640.99,80.15,596.27,5.414,68.73,21.466,25.761,1.662,24.6,18.21,6641.49,80.39,597.58,5.454,68.74,21.454,25.713,1.716,24.691,18.296,COOLING_DEGRADATION,0.347,0.792,1.0,1.0,1.0,0.0,0.0,0.0,0.0
18.5,TAKEOFF,88.08,62.25,462.5,29.07,99.646,1.1486,6641.74,80.16,596.56,5.414,68.73,21.47,25.762,1.662,24.6,18.212,6639.23,80.22,595.41,5.39,68.41,21.376,25.774,1.658,24.611,18.009,COOLING_DEGRADATION,0.35,0.79,1.0,1.0,1.0,0.0,0.0,0.0,0.0
18.6,TAKEOFF,88.1,62.27,465.0,29.07,99.637,1.1485,6642.48,80.16,596.85,5.415,68.73,21.473,25.762,1.662,24.6,18.215,6647.33,80.5,597.29,5.376,68.8,21.427,25.717,1.606,24.616,18.264,COOLING_DEGRADATION,0.353,0.788,1.0,1.0,1.0,0.0,0.0,0.0,0.0
18.7,TAKEOFF,88.12,62.28,467.5,29.07,99.628,1.1484,6643.23,80.16,597.14,5.415,68.73,21.477,25.762,1.663,24.6,18.218,6643.42,79.58,598.89,5.401,68.75,21.41,25.835,1.643,24.646,18.275,COOLING_DEGRADATION,0.357,0.786,1.0,1.0,1.0,0.0,0.0,0.0,0.0
18.8,TAKEOFF,88.13,62.29,470.0,29.06,99.619,1.1483,6643.97,80.16,597.43,5.416,68.73,21.481,25.763,1.663,24.6,18.22,6636.73,81.32,596.91,5.412,68.62,21.529,25.67,1.659,24.606,18.322,COOLING_DEGRADATION,0.36,0.784,1.0,1.0,1.0,0.0,0.0,0.0,0.0
18.9,TAKEOFF,88.15,62.3,472.5,29.05,99.61,1.1483,6644.71,80.16,597.71,5.416,68.73,21.484,25.763,1.663,24.6,18.223,6649.76,79.94,597.32,5.385,68.89,21.687,25.657,1.72,24.606,18.011,COOLING_DEGRADATION,0.363,0.782,1.0,1.0,1.0,0.0,0.0,0.0,0.0
19.0,TAKEOFF,88.17,62.31,475.0,29.05,99.601,1.1482,6645.45,80.17,597.99,5.416,68.72,21.488,25.763,1.663,24.6,18.225,6646.76,80.09,597.56,5.406,69.14,21.461,25.797,1.697,24.572,18.295,COOLING_DEGRADATION,0.367,0.78,1.0,1.0,1.0,0.0,0.0,0.0,0.0
19.1,TAKEOFF,88.18,62.32,477.5,29.05,99.592,1.1481,6646.19,80.17,598.27,5.417,68.72,21.491,25.764,1.663,24.6,18.227,6638.8,79.92,597.49,5.451,68.79,21.407,25.75,1.653,24.619,18.182,COOLING_DEGRADATION,0.37,0.778,1.0,1.0,1.0,0.0,0.0,0.0,0.0
19.2,TAKEOFF,88.2,62.33,480.0,29.04,99.583,1.148,6646.93,80.17,598.54,5.417,68.72,21.495,25.764,1.663,24.6,18.23,6642.3,80.98,596.97,5.407,69.36,21.58,25.814,1.675,24.571,18.263,COOLING_DEGRADATION,0.373,0.776,1.0,1.0,1.0,0.0,0.0,0.0,0.0
19.3,TAKEOFF,88.22,62.34,482.5,29.04,99.574,1.1479,6647.67,80.17,598.81,5.418,68.72,21.498,25.764,1.663,24.6,18.233,6646.03,80.79,598.84,5.43,68.29,21.524,25.825,1.665,24.591,18.153,COOLING_DEGRADATION,0.377,0.774,1.0,1.0,1.0,0.0,0.0,0.0,0.0
19.4,TAKEOFF,88.23,62.35,485.0,29.03,99.565,1.1478,6648.41,80.18,599.08,5.418,68.72,21.502,25.765,1.664,24.6,18.235,6646.33,80.16,598.2,5.407,68.69,21.42,25.819,1.658,24.665,18.209,COOLING_DEGRADATION,0.38,0.772,1.0,1.0,1.0,0.0,0.0,0.0,0.0
19.5,TAKEOFF,88.25,62.36,487.5,29.02,99.556,1.1478,6649.15,80.18,599.35,5.418,68.72,21.506,25.765,1.664,24.6,18.237,6657.11,80.17,599.04,5.426,68.97,21.508,25.729,1.697,24.603,18.243,COOLING_DEGRADATION,0.383,0.77,1.0,1.0,1.0,0.0,0.0,0.0,0.0
19.6,TAKEOFF,88.27,62.37,490.0,29.02,99.547,1.1477,6649.89,80.18,599.61,5.419,68.72,21.509,25.765,1.664,24.6,18.24,6649.67,80.27,599.45,5.414,68.36,21.57,25.829,1.696,24.625,18.221,COOLING_DEGRADATION,0.387,0.768,1.0,1.0,1.0,0.0,0.0,0.0,0.0
19.7,TAKEOFF,88.28,62.38,492.5,29.02,99.538,1.1476,6650.62,80.18,599.87,5.419,68.72,21.513,25.766,1.664,24.6,18.242,6647.79,79.97,601.0,5.451,68.83,21.524,25.764,1.589,24.703,18.316,COOLING_DEGRADATION,0.39,0.766,1.0,1.0,1.0,0.0,0.0,0.0,0.0
19.8,TAKEOFF,88.3,62.4,495.0,29.01,99.529,1.1475,6651.36,80.19,600.13,5.42,68.72,21.516,25.766,1.664,24.6,18.245,6660.81,80.22,597.16,5.365,68.43,21.765,25.702,1.657,24.671,18.298,COOLING_DEGRADATION,0.393,0.764,1.0,1.0,1.0,0.0,0.0,0.0,0.0
19.9,TAKEOFF,88.32,62.41,497.5,29.0,99.52,1.1474,6652.1,80.19,600.38,5.42,68.71,21.52,25.766,1.664,24.6,18.248,6650.02,79.6,598.64,5.35,68.79,21.642,25.703,1.621,24.597,18.046,COOLING_DEGRADATION,0.397,0.762,1.0,1.0,1.0,0.0,0.0,0.0,0.0
20.0,TAKEOFF,88.33,62.42,500.0,29.0,99.511,1.1473,6652.83,80.19,600.63,5.42,68.71,21.523,25.767,1.665,24.6,18.25,6653.07,79.43,598.59,5.417,69.1,21.431,25.733,1.692,24.578,18.45,COOLING_DEGRADATION,0.4,0.76,1.0,1.0,1.0,0.0,0.0,0.0,0.0
20.1,TAKEOFF,88.35,62.43,502.5,28.99,99.502,1.1472,6653.57,80.2,600.88,5.421,68.71,21.527,25.767,1.665,24.6,18.253,6654.08,81.01,601.33,5.415,68.65,21.57,25.81,1.634,24.567,18.376,COOLING_DEGRADATION,0.403,0.758,1.0,1.0,1.0,0.0,0.0,0.0,0.0
20.2,TAKEOFF,88.37,62.44,505.0,28.99,99.493,1.1472,6654.3,80.2,601.13,5.421,68.71,21.531,25.767,1.665,24.6,18.255,6657.33,81.04,603.8,5.429,69.03,21.537,25.79,1.643,24.621,18.285,COOLING_DEGRADATION,0.407,0.756,1.0,1.0,1.0,0.0,0.0,0.0,0.0
20.3,TAKEOFF,88.38,62.45,507.5,28.98,99.484,1.1471,6655.04,80.2,601.37,5.421,68.71,21.534,25.768,1.665,24.6,18.258,6665.36,80.0,602.17,5.461,68.56,21.511,25.771,1.68,24.563,18.345,COOLING_DEGRADATION,0.41,0.754,1.0,1.0,1.0,0.0,0.0,0.0,0.0
20.4,TAKEOFF,88.4,62.46,510.0,28.98,99.475,1.147,6655.77,80.2,601.61,5.422,68.71,21.538,25.768,1.665,24.6,18.26,6649.26,79.96,602.0,5.386,69.21,21.375,25.766,1.618,24.532,18.322,COOLING_DEGRADATION,0.413,0.752,1.0,1.0,1.0,0.0,0.0,0.0,0.0
20.5,TAKEOFF,88.42,62.47,512.5,28.97,99.466,1.1469,6656.51,80.21,601.85,5.422,68.71,21.541,25.768,1.665,24.6,18.263,6650.39,80.02,601.96,5.433,68.38,21.477,25.816,1.618,24.616,18.156,COOLING_DEGRADATION,0.417,0.75,1.0,1.0,1.0,0.0,0.0,0.0,0.0
20.6,TAKEOFF,88.43,62.48,515.0,28.97,99.457,1.1468,6657.24,80.21,602.09,5.423,68.71,21.545,25.769,1.666,24.6,18.265,6659.88,79.54,604.78,5.405,68.45,21.439,25.757,1.674,24.621,18.28,COOLING_DEGRADATION,0.42,0.748,1.0,1.0,1.0,0.0,0.0,0.0,0.0
20.7,TAKEOFF,88.45,62.49,517.5,28.96,99.448,1.1467,6657.98,80.21,602.32,5.423,68.71,21.548,25.769,1.666,24.6,18.268,6654.62,79.83,605.54,5.416,68.89,21.572,25.821,1.668,24.635,18.45,COOLING_DEGRADATION,0.423,0.746,1.0,1.0,1.0,0.0,0.0,0.0,0.0
20.8,TAKEOFF,88.47,62.5,520.0,28.96,99.439,1.1467,6658.71,80.22,602.56,5.423,68.71,21.552,25.769,1.666,24.6,18.27,6659.3,81.37,600.65,5.403,68.17,21.485,25.775,1.669,24.556,18.229,COOLING_DEGRADATION,0.427,0.744,1.0,1.0,1.0,0.0,0.0,0.0,0.0
20.9,TAKEOFF,88.48,62.51,522.5,28.95,99.43,1.1466,6659.44,80.22,602.78,5.424,68.71,21.556,25.77,1.666,24.6,18.273,6653.39,80.89,603.02,5.405,68.73,21.671,25.721,1.674,24.649,18.347,COOLING_DEGRADATION,0.43,0.742,1.0,1.0,1.0,0.0,0.0,0.0,0.0
21.0,TAKEOFF,88.5,62.52,525.0,28.95,99.421,1.1465,6660.18,80.22,603.01,5.424,68.71,21.559,25.77,1.666,24.6,18.275,6653.61,80.95,603.94,5.422,68.48,21.634,25.724,1.639,24.558,18.173,COOLING_DEGRADATION,0.433,0.74,1.0,1.0,1.0,0.0,0.0,0.0,0.0
21.1,TAKEOFF,88.52,62.54,527.5,28.95,99.412,1.1464,6660.91,80.22,603.24,5.424,68.71,21.563,25.77,1.666,24.6,18.277,6662.6,80.67,603.47,5.405,68.68,21.507,25.735,1.681,24.567,18.496,COOLING_DEGRADATION,0.437,0.738,1.0,1.0,1.0,0.0,0.0,0.0,0.0
21.2,TAKEOFF,88.53,62.55,530.0,28.94,99.403,1.1463,6661.64,80.23,603.46,5.425,68.71,21.566,25.771,1.667,24.6,18.28,6663.69,80.39,604.77,5.492,68.77,21.676,25.803,1.656,24.634,18.124,COOLING_DEGRADATION,0.44,0.736,1.0,1.0,1.0,0.0,0.0,0.0,0.0
21.3,TAKEOFF,88.55,62.56,532.5,28.93,99.394,1.1462,6662.38,80.23,603.68,5.425,68.71,21.57,25.771,1.667,24.6,18.282,6654.43,79.91,602.45,5.443,68.83,21.378,25.801,1.675,24.623,18.193,COOLING_DEGRADATION,0.443,0.734,1.0,1.0,1.0,0.0,0.0,0.0,0.0
21.4,TAKEOFF,88.57,62.57,535.0,28.93,99.385,1.1461,6663.11,80.23,603.89,5.426,68.71,21.573,25.771,1.667,24.6,18.285,6666.95,79.94,605.39,5.456,69.14,21.434,25.78,1.699,24.667,18.268,COOLING_DEGRADATION,0.447,0.732,1.0,1.0,1.0,0.0,0.0,0.0,0.0
21.5,TAKEOFF,88.58,62.58,537.5,28.92,99.376,1.1461,6663.84,80.24,604.11,5.426,68.71,21.577,25.772,1.667,24.6,18.288,6672.63,79.05,602.85,5.436,68.49,21.597,25.774,1.628,24.639,18.361,COOLING_DEGRADATION,0.45,0.73,1.0,1.0,1.0,0.0,0.0,0.0,0.0
21.6,TAKEOFF,88.6,62.59,540.0,28.92,99.367,1.146,6664.57,80.24,604.32,5.426,68.71,21.581,25.772,1.667,24.6,18.29,6662.23,80.36,605.55,5.442,68.84,21.479,25.785,1.672,24.69,18.168,COOLING_DEGRADATION,0.453,0.728,1.0,1.0,1.0,0.0,0.0,0.0,0.0
21.7,TAKEOFF,88.62,62.6,542.5,28.91,99.358,1.1459,6665.31,80.24,604.53,5.427,68.71,21.584,25.772,1.667,24.6,18.293,6659.23,80.8,603.5,5.405,68.8,21.564,25.744,1.656,24.669,18.26,COOLING_DEGRADATION,0.457,0.726,1.0,1.0,1.0,0.0,0.0,0.0,0.0
21.8,TAKEOFF,88.63,62.61,545.0,28.91,99.349,1.1458,6666.04,80.24,604.74,5.427,68.71,21.588,25.773,1.667,24.6,18.295,6672.43,80.18,608.32,5.392,68.85,21.58,25.807,1.612,24.509,18.181,COOLING_DEGRADATION,0.46,0.724,1.0,1.0,1.0,0.0,0.0,0.0,0.0
21.9,TAKEOFF,88.65,62.62,547.5,28.9,99.34,1.1457,6666.77,80.25,604.95,5.427,68.71,21.591,25.773,1.668,24.6,18.297,6668.9,80.49,604.52,5.438,69.27,21.628,25.881,1.69,24.565,18.372,COOLING_DEGRADATION,0.463,0.722,1.0,1.0,1.0,0.0,0.0,0.0,0.0
22.0,TAKEOFF,88.67,62.63,550.0,28.9,99.331,1.1456,6667.5,80.25,605.15,5.428,68.71,21.595,25.773,1.668,24.6,18.3,6665.25,79.82,601.76,5.404,68.69,21.589,25.721,1.606,24.616,18.262,COOLING_DEGRADATION,0.467,0.72,1.0,1.0,1.0,0.0,0.0,0.0,0.0
22.1,TAKEOFF,88.68,62.64,552.5,28.89,99.322,1.1456,6668.23,80.25,605.36,5.428,68.71,21.598,25.774,1.668,24.6,18.303,6672.22,81.09,608.99,5.447,69.3,21.709,25.775,1.672,24.594,18.359,COOLING_DEGRADATION,0.47,0.718,1.0,1.0,1.0,0.0,0.0,0.0,0.0
22.2,TAKEOFF,88.7,62.66,555.0,28.89,99.313,1.1455,6668.96,80.26,605.56,5.429,68.71,21.602,25.774,1.668,24.6,18.305,6669.94,79.63,607.21,5.459,68.74,21.648,25.752,1.601,24.545,18.256,COOLING_DEGRADATION,0.473,0.716,1.0,1.0,1.0,0.0,0.0,0.0,0.0
22.3,TAKEOFF,88.72,62.67,557.5,28.88,99.304,1.1454,6669.69,80.26,605.76,5.429,68.71,21.606,25.774,1.668,24.6,18.307,6682.94,79.69,606.91,5.441,68.44,21.742,25.784,1.689,24.564,18.328,COOLING_DEGRADATION,0.477,0.714,1.0,1.0,1.0,0.0,0.0,0.0,0.0
22.4,TAKEOFF,88.73,62.68,560.0,28.88,99.295,1.1453,6670.42,80.26,605.95,5.429,68.71,21.609,25.775,1.668,24.6,18.31,6672.01,79.24,606.14,5.466,68.71,21.513,25.732,1.721,24.574,18.517,COOLING_DEGRADATION,0.48,0.712,1.0,1.0,1.0,0.0,0.0,0.0,0.0
22.5,TAKEOFF,88.75,62.69,562.5,28.87,99.286,1.1452,6671.15,80.27,606.15,5.43,68.71,21.613,25.775,1.669,24.6,18.313,6678.83,80.79,604.58,5.45,68.94,21.616,25.805,1.65,24.615,18.223,COOLING_DEGRADATION,0.483,0.71,1.0,1.0,1.0,0.0,0.0,0.0,0.0
22.6,TAKEOFF,88.77,62.7,565.0,28.87,99.277,1.1451,6671.89,80.27,606.34,5.43,68.71,21.616,25.775,1.669,24.6,18.315,6663.93,81.63,607.09,5.407,68.44,21.814,25.757,1.709,24.585,18.354,COOLING_DEGRADATION,0.487,0.708,1.0,1.0,1.0,0.0,0.0,0.0,0.0
22.7,TAKEOFF,88.78,62.71,567.5,28.86,99.268,1.145,6672.62,80.27,606.53,5.43,68.72,21.62,25.776,1.669,24.6,18.318,6673.74,80.03,607.23,5.388,68.66,21.792,25.735,1.637,24.646,18.368,COOLING_DEGRADATION,0.49,0.706,1.0,1.0,1.0,0.0,0.0,0.0,0.0
22.8,TAKEOFF,88.8,62.72,570.0,28.86,99.259,1.145,6673.35,80.28,606.72,5.431,68.72,21.623,25.776,1.669,24.6,18.32,6670.13,80.2,603.0,5.417,68.34,21.619,25.646,1.764,24.656,18.441,COOLING_DEGRADATION,0.493,0.704,1.0,1.0,1.0,0.0,0.0,0.0,0.0
22.9,TAKEOFF,88.82,62.73,572.5,28.85,99.25,1.1449,6674.08,80.28,606.91,5.431,68.72,21.627,25.776,1.669,24.6,18.323,6680.99,79.74,604.42,5.482,68.59,21.808,25.742,1.653,24.445,18.332,COOLING_DEGRADATION,0.497,0.702,1.0,1.0,1.0,0.0,0.0,0.0,0.0
23.0,TAKEOFF,88.83,62.74,575.0,28.85,99.241,1.1448,6674.81,80.28,607.09,5.432,68.72,21.631,25.777,1.669,24.6,18.325,6672.81,80.05,605.82,5.446,68.47,21.529,25.716,1.592,24.52,18.108,COOLING_DEGRADATION,0.5,0.7,1.0,1.0,1.0,0.0,0.0,0.0,0.0
23.1,TAKEOFF,88.85,62.75,577.5,28.84,99.232,1.1447,6675.54,80.29,607.28,5.432,68.72,21.634,25.777,1.67,24.6,18.328,6677.63,79.54,606.25,5.462,68.46,21.506,25.806,1.676,24.642,18.367,COOLING_DEGRADATION,0.503,0.698,1.0,1.0,1.0,0.0,0.0,0.0,0.0
23.2,TAKEOFF,88.87,62.76,580.0,28.84,99.223,1.1446,6676.27,80.29,607.46,5.432,68.72,21.638,25.777,1.67,24.6,18.33,6678.87,78.72,608.83,5.426,68.6,21.502,25.742,1.613,24.662,18.239,COOLING_DEGRADATION,0.507,0.696,1.0,1.0,1.0,0.0,0.0,0.0,0.0
23.3,TAKEOFF,88.88,62.77,582.5,28.83,99.214,1.1445,6677.0,80.29,607.64,5.433,68.72,21.641,25.778,1.67,24.6,18.332,6682.91,80.89,603.84,5.448,68.45,21.828,25.858,1.679,24.517,18.359,COOLING_DEGRADATION,0.51,0.694,1.0,1.0,1.0,0.0,0.0,0.0,0.0
23.4,TAKEOFF,88.9,62.79,585.0,28.83,99.205,1.1445,6677.73,80.3,607.82,5.433,68.72,21.645,25.778,1.67,24.6,18.335,6690.7,80.59,605.53,5.406,68.62,21.651,25.717,1.651,24.656,18.347,COOLING_DEGRADATION,0.513,0.692,1.0,1.0,1.0,0.0,0.0,0.0,0.0
23.5,TAKEOFF,88.92,62.8,587.5,28.82,99.196,1.1444,6678.46,80.3,607.99,5.433,68.72,21.648,25.778,1.67,24.6,18.337,6678.91,79.83,606.52,5.401,68.58,21.514,25.836,1.682,24.583,18.151,COOLING_DEGRADATION,0.517,0.69,1.0,1.0,1.0,0.0,0.0,0.0,0.0
23.6,TAKEOFF,88.93,62.81,590.0,28.82,99.188,1.1443,6679.19,80.3,608.17,5.434,68.73,21.652,25.779,1.67,24.6,18.34,6672.55,80.48,607.86,5.419,68.94,21.628,25.819,1.653,24.601,18.315,COOLING_DEGRADATION,0.52,0.688,1.0,1.0,1.0,0.0,0.0,0.0,0.0
23.7,TAKEOFF,88.95,62.82,592.5,28.81,99.179,1.1442,6679.92,80.31,608.34,5.434,68.73,21.656,25.779,1.671,24.6,18.343,6674.19,80.99,607.92,5.429,69.12,21.598,25.784,1.64,24.561,18.191,COOLING_DEGRADATION,0.523,0.686,1.0,1.0,1.0,0.0,0.0,0.0,0.0
23.8,TAKEOFF,88.97,62.83,595.0,28.81,99.17,1.1441,6680.65,80.31,608.51,5.434,68.73,21.659,25.779,1.671,24.6,18.345,6678.79,80.01,608.5,5.448,68.59,21.63,25.781,1.6,24.582,18.423,COOLING_DEGRADATION,0.527,0.684,1.0,1.0,1.0,0.0,0.0,0.0,0.0
23.9,TAKEOFF,88.98,62.84,597.5,28.8,99.161,1.144,6681.38,80.32,608.68,5.435,68.73,21.663,25.78,1.671,24.6,18.348,6671.9,80.48,609.34,5.364,68.77,21.708,25.758,1.722,24.595,18.297,COOLING_DEGRADATION,0.53,0.682,1.0,1.0,1.0,0.0,0.0,0.0,0.0
24.0,TAKEOFF,89.0,62.85,600.0,28.8,99.152,1.144,6682.11,80.32,608.85,5.435,68.73,21.666,25.78,1.671,24.6,18.35,6686.28,81.13,608.63,5.447,68.93,21.77,25.776,1.639,24.63,18.479,COOLING_DEGRADATION,0.533,0.68,1.0,1.0,1.0,0.0,0.0,0.0,0.0
24.1,TAKEOFF,89.02,62.86,602.5,28.79,99.143,1.1439,6682.83,80.32,609.02,5.436,68.73,21.67,25.78,1.671,24.6,18.352,6682.59,80.58,609.21,5.452,68.57,21.629,25.793,1.597,24.651,18.303,COOLING_DEGRADATION,0.537,0.678,1.0,1.0,1.0,0.0,0.0,0.0,0.0
24.2,TAKEOFF,89.03,62.87,605.0,28.79,99.134,1.1438,6683.56,80.33,609.18,5.436,68.74,21.673,25.781,1.671,24.6,18.355,6677.86,80.34,609.31,5.366,69.36,21.578,25.781,1.588,24.563,18.484,COOLING_DEGRADATION,0.54,0.676,1.0,1.0,1.0,0.0,0.0,0.0,0.0
24.3,TAKEOFF,89.05,62.88,607.5,28.78,99.125,1.1437,6684.29,80.33,609.34,5.436,68.74,21.677,25.781,1.671,24.6,18.358,6684.87,80.54,608.15,5.46,68.63,21.408,25.838,1.559,24.579,18.473,COOLING_DEGRADATION,0.543,0.674,1.0,1.0,1.0,0.0,0.0,0.0,0.0
24.4,TAKEOFF,89.07,62.89,610.0,28.78,99.116,1.1436,6685.02,80.33,609.51,5.437,68.74,21.681,25.781,1.672,24.6,18.36,6686.83,80.73,610.12,5.458,68.6,21.547,25.829,1.666,24.638,18.462,COOLING_DEGRADATION,0.547,0.672,1.0,1.0,1.0,0.0,0.0,0.0,0.0
24.5,TAKEOFF,89.08,62.9,612.5,28.77,99.107,1.1435,6685.75,80.34,609.67,5.437,68.74,21.684,25.782,1.672,24.6,18.363,6682.59,79.81,608.45,5.397,68.25,21.649,25.762,1.597,24.669,18.422,COOLING_DEGRADATION,0.55,0.67,1.0,1.0,1.0,0.0,0.0,0.0,0.0
24.6,TAKEOFF,89.1,62.92,615.0,28.77,99.098,1.1434,6686.48,80.34,609.83,5.437,68.74,21.688,25.782,1.672,24.6,18.365,6687.24,79.87,612.01,5.474,68.64,21.695,25.822,1.662,24.604,18.378,COOLING_DEGRADATION,0.553,0.668,1.0,1.0,1.0,0.0,0.0,0.0,0.0
24.7,TAKEOFF,89.12,62.93,617.5,28.76,99.089,1.1434,6687.21,80.35,609.98,5.438,68.74,21.691,25.782,1.672,24.6,18.367,6688.0,80.88,611.99,5.454,68.83,21.718,25.802,1.733,24.691,18.186,COOLING_DEGRADATION,0.557,0.666,1.0,1.0,1.0,0.0,0.0,0.0,0.0
24.8,TAKEOFF,89.13,62.94,620.0,28.76,99.08,1.1433,6687.94,80.35,610.14,5.438,68.75,21.695,25.783,1.672,24.6,18.37,6686.45,80.34,610.93,5.432,68.23,21.586,25.771,1.641,24.605,18.517,COOLING_DEGRADATION,0.56,0.664,1.0,1.0,1.0,0.0,0.0,0.0,0.0
24.9,TAKEOFF,89.15,62.95,622.5,28.75,99.071,1.1432,6688.67,80.35,610.29,5.438,68.75,21.698,25.783,1.672,24.6,18.373,6686.46,80.39,610.03,5.446,68.7,21.523,25.776,1.694,24.575,18.183,COOLING_DEGRADATION,0.563,0.662,1.0,1.0,1.0,0.0,0.0,0.0,0.0
25.0,TAKEOFF,89.17,62.96,625.0,28.75,99.062,1.1431,6689.4,80.36,610.45,5.439,68.75,21.702,25.783,1.673,24.6,18.375,6685.46,79.6,610.9,5.399,69.06,21.683,25.777,1.697,24.604,18.442,COOLING_DEGRADATION,0.567,0.66,1.0,1.0,1.0,0.0,0.0,0.0,0.0
25.1,TAKEOFF,89.18,62.97,627.5,28.74,99.053,1.143,6690.13,80.36,610.6,5.439,68.75,21.706,25.784,1.673,24.6,18.378,6686.25,80.1,613.58,5.456,68.64,21.877,25.905,1.624,24.686,18.331,COOLING_DEGRADATION,0.57,0.658,1.0,1.0,1.0,0.0,0.0,0.0,0.0
25.2,TAKEOFF,89.2,62.98,630.0,28.74,99.044,1.1429,6690.86,80.36,610.75,5.439,68.76,21.709,25.784,1.673,24.6,18.38,6688.98,79.66,612.21,5.433,68.81,21.702,25.765,1.685,24.614,18.381,COOLING_DEGRADATION,0.573,0.656,1.0,1.0,1.0,0.0,0.0,0.0,0.0
25.3,TAKEOFF,89.22,62.99,632.5,28.73,99.035,1.1429,6691.58,80.37,610.9,5.44,68.76,21.713,25.784,1.673,24.6,18.383,6686.03,80.69,613.15,5.464,68.77,21.634,25.756,1.672,24.718,18.313,COOLING_DEGRADATION,0.577,0.654,1.0,1.0,1.0,0.0,0.0,0.0,0.0
25.4,TAKEOFF,89.23,63.0,635.0,28.73,99.026,1.1428,6692.31,80.37,611.04,5.44,68.76,21.716,25.785,1.673,24.6,18.385,6689.53,80.81,611.93,5.429,68.33,21.83,25.801,1.621,24.569,18.255,COOLING_DEGRADATION,0.58,0.652,1.0,1.0,1.0,0.0,0.0,0.0,0.0
25.5,TAKEOFF,89.25,63.01,637.5,28.72,99.017,1.1427,6693.04,80.38,611.19,5.441,68.76,21.72,25.785,1.673,24.6,18.388,6689.5,80.14,610.56,5.456,68.69,21.697,25.791,1.728,24.566,18.499,COOLING_DEGRADATION,0.583,0.65,1.0,1.0,1.0,0.0,0.0,0.0,0.0
25.6,TAKEOFF,89.27,63.02,640.0,28.72,99.008,1.1426,6693.77,80.38,611.34,5.441,68.77,21.723,25.785,1.674,24.6,18.39,6692.77,81.01,609.3,5.436,68.45,21.671,25.836,1.616,24.591,18.535,COOLING_DEGRADATION,0.587,0.648,1.0,1.0,1.0,0.0,0.0,0.0,0.0
25.7,TAKEOFF,89.28,63.03,642.5,28.71,99.0,1.1425,6694.5,80.38,611.48,5.441,68.77,21.727,25.786,1.674,24.6,18.393,6693.58,80.94,612.42,5.394,68.55,21.797,25.77,1.625,24.573,18.643,COOLING_DEGRADATION,0.59,0.646,1.0,1.0,1.0,0.0,0.0,0.0,0.0
25.8,TAKEOFF,89.3,63.05,645.0,28.71,98.991,1.1424,6695.23,80.39,611.62,5.442,68.77,21.731,25.786,1.674,24.6,18.395,6702.13,80.15,612.13,5.454,68.8,21.882,25.747,1.565,24.615,18.436,COOLING_DEGRADATION,0.593,0.644,1.0,1.0,1.0,0.0,0.0,0.0,0.0
25.9,TAKEOFF,89.32,63.06,647.5,28.7,98.982,1.1423,6695.96,80.39,611.76,5.442,68.77,21.734,25.786,1.674,24.6,18.398,6695.1,80.57,612.78,5.432,68.73,21.769,25.801,1.691,24.527,18.413,COOLING_DEGRADATION,0.597,0.642,1.0,1.0,1.0,0.0,0.0,0.0,0.0
26.0,TAKEOFF,89.33,63.07,650.0,28.7,98.973,1.1423,6696.69,80.4,611.9,5.442,68.78,21.738,25.787,1.674,24.6,18.4,6700.81,80.1,610.09,5.405,69.16,21.841,25.926,1.709,24.572,18.402,COOLING_DEGRADATION,0.6,0.64,1.0,1.0,1.0,0.0,0.0,0.0,0.0
26.1,TAKEOFF,89.35,63.08,652.5,28.69,98.964,1.1422,6697.41,80.4,612.04,5.443,68.78,21.741,25.787,1.674,24.6,18.403,6695.1,79.88,613.11,5.48,68.9,21.469,25.829,1.727,24.561,18.433,COOLING_DEGRADATION,0.603,0.638,1.0,1.0,1.0,0.0,0.0,0.0,0.0
26.2,TAKEOFF,89.37,63.09,655.0,28.69,98.955,1.1421,6698.14,80.4,612.18,5.443,68.78,21.745,25.787,1.675,24.6,18.405,6707.62,80.17,611.03,5.506,68.65,21.886,25.801,1.637,24.575,18.282,COOLING_DEGRADATION,0.607,0.636,1.0,1.0,1.0,0.0,0.0,0.0,0.0
26.3,TAKEOFF,89.38,63.1,657.5,28.68,98.946,1.142,6698.87,80.41,612.31,5.443,68.78,21.748,25.788,1.675,24.6,18.408,6691.13,81.04,612.43,5.485,68.74,21.662,25.803,1.697,24.523,18.421,COOLING_DEGRADATION,0.61,0.634,1.0,1.0,1.0,0.0,0.0,0.0,0.0
26.4,TAKEOFF,89.4,63.11,660.0,28.68,98.937,1.1419,6699.6,80.41,612.45,5.444,68.79,21.752,25.788,1.675,24.6,18.41,6701.16,80.24,611.98,5.4,68.99,21.93,25.773,1.706,24.633,18.369,COOLING_DEGRADATION,0.613,0.632,1.0,1.0,1.0,0.0,0.0,0.0,0.0
26.5,TAKEOFF,89.42,63.12,662.5,28.67,98.928,1.1418,6700.33,80.42,612.58,5.444,68.79,21.756,25.788,1.675,24.6,18.413,6701.23,80.68,612.4,5.421,68.63,21.953,25.838,1.682,24.657,18.294,COOLING_DEGRADATION,0.617,0.63,1.0,1.0,1.0,0.0,0.0,0.0,0.0
26.6,TAKEOFF,89.43,63.13,665.0,28.67,98.919,1.1418,6701.06,80.42,612.72,5.444,68.79,21.759,25.789,1.675,24.6,18.415,6696.97,80.73,614.57,5.462,68.64,21.81,25.789,1.678,24.442,18.408,COOLING_DEGRADATION,0.62,0.628,1.0,1.0,1.0,0.0,0.0,0.0,0.0
26.7,TAKEOFF,89.45,63.14,667.5,28.66,98.91,1.1417,6701.79,80.43,612.85,5.445,68.8,21.763,25.789,1.675,24.6,18.418,6707.87,80.37,613.74,5.453,68.68,21.812,25.8,1.634,24.684,18.383,COOLING_DEGRADATION,0.623,0.626,1.0,1.0,1.0,0.0,0.0,0.0,0.0
26.8,TAKEOFF,89.47,63.15,670.0,28.66,98.901,1.1416,6702.51,80.43,612.98,5.445,68.8,21.766,25.789,1.675,24.6,18.42,6697.82,80.21,611.88,5.482,68.65,21.779,25.75,1.63,24.625,18.4,COOLING_DEGRADATION,0.627,0.624,1.0,1.0,1.0,0.0,0.0,0.0,0.0
26.9,TAKEOFF,89.48,63.16,672.5,28.65,98.892,1.1415,6703.24,80.43,613.11,5.445,68.8,21.77,25.79,1.676,24.6,18.423,6700.23,80.1,611.81,5.486,68.88,21.917,25.748,1.696,24.571,18.457,COOLING_DEGRADATION,0.63,0.622,1.0,1.0,1.0,0.0,0.0,0.0,0.0
27.0,TAKEOFF,89.5,63.18,675.0,28.65,98.883,1.1414,6703.97,80.44,613.23,5.446,68.81,21.773,25.79,1.676,24.6,18.425,6699.77,79.86,612.26,5.488,68.6,21.935,25.774,1.684,24.411,18.422,COOLING_DEGRADATION,0.633,0.62,1.0,1.0,1.0,0.0,0.0,0.0,0.0
27.1,TAKEOFF,89.52,63.19,677.5,28.64,98.874,1.1413,6704.7,80.44,613.36,5.446,68.81,21.777,25.79,1.676,24.6,18.428,6703.05,80.78,613.77,5.437,68.49,21.842,25.733,1.615,24.533,18.293,COOLING_DEGRADATION,0.637,0.618,1.0,1.0,1.0,0.0,0.0,0.0,0.0
27.2,TAKEOFF,89.53,63.2,680.0,28.64,98.865,1.1413,6705.43,80.45,613.49,5.446,68.81,21.781,25.791,1.676,24.6,18.43,6699.99,79.67,615.18,5.467,68.93,21.881,25.834,1.721,24.633,18.586,COOLING_DEGRADATION,0.64,0.616,1.0,1.0,1.0,0.0,0.0,0.0,0.0
27.3,TAKEOFF,89.55,63.21,682.5,28.63,98.857,1.1412,6706.16,80.45,613.61,5.447,68.82,21.784,25.791,1.676,24.6,18.433,6702.85,80.81,612.95,5.435,68.87,21.933,25.671,1.649,24.48,18.326,COOLING_DEGRADATION,0.643,0.614,1.0,1.0,1.0,0.0,0.0,0.0,0.0
27.4,TAKEOFF,89.57,63.22,685.0,28.63,98.848,1.1411,6706.88,80.46,613.74,5.447,68.82,21.788,25.791,1.676,24.6,18.435,6708.62,80.83,611.1,5.427,68.69,21.945,25.724,1.636,24.604,18.555,COOLING_DEGRADATION,0.647,0.612,1.0,1.0,1.0,0.0,0.0,0.0,0.0
27.5,TAKEOFF,89.58,63.23,687.5,28.62,98.839,1.141,6707.61,80.46,613.86,5.448,68.82,21.791,25.792,1.677,24.6,18.438,6709.54,79.81,613.34,5.42,69.5,21.787,25.837,1.739,24.594,18.504,COOLING_DEGRADATION,0.65,0.61,1.0,1.0,1.0,0.0,0.0,0.0,0.0
27.6,TAKEOFF,89.6,63.24,690.0,28.62,98.83,1.1409,6708.34,80.47,613.98,5.448,68.83,21.795,25.792,1.677,24.6,18.44,6707.97,81.19,611.2,5.441,69.08,21.874,25.747,1.648,24.636,18.321,COOLING_DEGRADATION,0.653,0.608,1.0,1.0,1.0,0.0,0.0,0.0,0.0
27.7,TAKEOFF,89.62,63.25,692.5,28.61,98.821,1.1408,6709.07,80.47,614.1,5.448,68.83,21.798,25.792,1.677,24.6,18.443,6709.45,80.15,613.5,5.486,68.91,21.793,25.74,1.671,24.607,18.484,COOLING_DEGRADATION,0.657,0.606,1.0,1.0,1.0,0.0,0.0,0.0,0.0
27.8,TAKEOFF,89.63,63.26,695.0,28.61,98.812,1.1407,6709.8,80.47,614.22,5.449,68.83,21.802,25.793,1.677,24.6,18.445,6709.44,80.92,616.49,5.434,68.42,21.643,25.771,1.679,24.689,18.366,COOLING_DEGRADATION,0.66,0.604,1.0,1.0,1.0,0.0,0.0,0.0,0.0
27.9,TAKEOFF,89.65,63.27,697.5,28.6,98.803,1.1407,6710.52,80.48,614.34,5.449,68.84,21.806,25.793,1.677,24.6,18.448,6711.69,80.17,614.68,5.427,68.7,21.917,25.688,1.626,24.597,18.441,COOLING_DEGRADATION,0.663,0.602,1.0,1.0,1.0,0.0,0.0,0.0,0.0
28.0,TAKEOFF,89.67,63.28,700.0,28.6,98.794,1.1406,6711.25,80.48,614.46,5.449,68.84,21.809,25.793,1.677,24.6,18.45,6722.27,80.36,614.88,5.456,68.59,21.832,25.814,1.665,24.597,18.378,COOLING_DEGRADATION,0.667,0.6,1.0,1.0,1.0,0.0,0.0,0.0,0.0
28.1,TAKEOFF,89.68,63.29,702.5,28.59,98.785,1.1405,6711.98,80.49,614.57,5.45,68.85,21.813,25.794,1.678,24.6,18.453,6713.95,79.99,617.26,5.446,68.77,21.912,25.772,1.691,24.608,18.279,COOLING_DEGRADATION,0.67,0.598,1.0,1.0,1.0,0.0,0.0,0.0,0.0
28.2,TAKEOFF,89.7,63.31,705.0,28.59,98.776,1.1404,6712.71,80.49,614.69,5.45,68.85,21.816,25.794,1.678,24.6,18.455,6708.24,80.28,616.2,5.463,68.83,21.597,25.766,1.761,24.592,18.386,COOLING_DEGRADATION,0.673,0.596,1.0,1.0,1.0,0.0,0.0,0.0,0.0
28.3,TAKEOFF,89.72,63.32,707.5,28.58,98.767,1.1403,6713.44,80.5,614.8,5.45,68.85,21.82,25.794,1.678,24.6,18.458,6714.23,80.78,615.06,5.402,69.11,21.967,25.803,1.706,24.6,18.34,COOLING_DEGRADATION,0.677,0.594,1.0,1.0,1.0,0.0,0.0,0.0,0.0
28.4,TAKEOFF,89.73,63.33,710.0,28.58,98.758,1.1402,6714.16,80.5,614.92,5.451,68.86,21.823,25.795,1.678,24.6,18.46,6720.85,80.42,614.34,5.416,68.86,21.699,25.755,1.736,24.558,18.557,COOLING_DEGRADATION,0.68,0.592,1.0,1.0,1.0,0.0,0.0,0.0,0.0
28.5,TAKEOFF,89.75,63.34,712.5,28.57,98.749,1.1402,6714.89,80.51,615.03,5.451,68.86,21.827,25.795,1.678,24.6,18.463,6713.07,80.32,614.24,5.441,68.48,21.94,25.833,1.741,24.64,18.461,COOLING_DEGRADATION,0.683,0.59,1.0,1.0,1.0,0.0,0.0,0.0,0.0
28.6,TAKEOFF,89.77,63.35,715.0,28.57,98.74,1.1401,6715.62,80.51,615.14,5.451,68.87,21.831,25.795,1.678,24.6,18.465,6700.59,80.61,615.79,5.442,68.69,21.948,25.821,1.607,24.549,18.417,COOLING_DEGRADATION,0.687,0.588,1.0,1.0,1.0,0.0,0.0,0.0,0.0
28.7,TAKEOFF,89.78,63.36,717.5,28.56,98.732,1.14,6716.35,80.52,615.25,5.452,68.87,21.834,25.796,1.679,24.6,18.468,6715.63,80.93,615.3,5.462,68.65,21.978,25.825,1.735,24.532,18.346,COOLING_DEGRADATION,0.69,0.586,1.0,1.0,1.0,0.0,0.0,0.0,0.0
28.8,TAKEOFF,89.8,63.37,720.0,28.56,98.723,1.1399,6717.08,80.52,615.36,5.452,68.87,21.838,25.796,1.679,24.6,18.47,6714.95,79.87,611.18,5.408,68.86,21.889,25.799,1.662,24.557,18.424,COOLING_DEGRADATION,0.693,0.584,1.0,1.0,1.0,0.0,0.0,0.0,0.0
28.9,TAKEOFF,89.82,63.38,722.5,28.55,98.714,1.1398,6717.8,80.53,615.47,5.452,68.88,21.841,25.796,1.679,24.6,18.473,6716.84,80.15,612.19,5.4,69.04,21.939,25.802,1.698,24.494,18.406,COOLING_DEGRADATION,0.697,0.582,1.0,1.0,1.0,0.0,0.0,0.0,0.0
29.0,TAKEOFF,89.83,63.39,725.0,28.55,98.705,1.1397,6718.53,80.53,615.58,5.453,68.88,21.845,25.797,1.679,24.6,18.475,6716.51,80.84,617.01,5.459,68.91,21.852,25.789,1.757,24.663,18.391,COOLING_DEGRADATION,0.7,0.58,1.0,1.0,1.0,0.0,0.0,0.0,0.0
29.1,TAKEOFF,89.85,63.4,727.5,28.54,98.696,1.1397,6719.26,80.54,615.69,5.453,68.89,21.848,25.797,1.679,24.6,18.478,6723.68,80.63,614.71,5.453,69.6,21.888,25.779,1.655,24.667,18.508,COOLING_DEGRADATION,0.703,0.578,1.0,1.0,1.0,0.0,0.0,0.0,0.0
29.2,TAKEOFF,89.87,63.41,730.0,28.54,98.687,1.1396,6719.99,80.54,615.8,5.453,68.89,21.852,25.797,1.679,24.6,18.48,6717.8,80.13,613.44,5.45,68.86,21.794,25.791,1.695,24.649,18.482,COOLING_DEGRADATION,0.707,0.576,1.0,1.0,1.0,0.0,0.0,0.0,0.0
29.3,TAKEOFF,89.88,63.42,732.5,28.53,98.678,1.1395,6720.72,80.55,615.9,5.454,68.9,21.856,25.798,1.679,24.6,18.483,6719.97,79.77,615.46,5.433,68.41,21.888,25.715,1.658,24.644,18.397,COOLING_DEGRADATION,0.71,0.574,1.0,1.0,1.0,0.0,0.0,0.0,0.0
29.4,TAKEOFF,89.9,63.44,735.0,28.53,98.669,1.1394,6721.44,80.55,616.01,5.454,68.9,21.859,25.798,1.68,24.6,18.485,6716.69,80.98,615.32,5.431,68.92,22.125,25.794,1.75,24.585,18.502,COOLING_DEGRADATION,0.713,0.572,1.0,1.0,1.0,0.0,0.0,0.0,0.0
29.5,TAKEOFF,89.92,63.45,737.5,28.52,98.66,1.1393,6722.17,80.56,616.11,5.454,68.91,21.863,25.798,1.68,24.6,18.488,6715.43,80.12,614.33,5.43,68.9,21.993,25.715,1.693,24.631,18.372,COOLING_DEGRADATION,0.717,0.57,1.0,1.0,1.0,0.0,0.0,0.0,0.0
29.6,TAKEOFF,89.93,63.46,740.0,28.52,98.651,1.1392,6722.9,80.56,616.21,5.455,68.91,21.866,25.799,1.68,24.6,18.49,6720.96,80.29,615.57,5.422,69.34,21.766,25.676,1.72,24.598,18.625,COOLING_DEGRADATION,0.72,0.568,1.0,1.0,1.0,0.0,0.0,0.0,0.0
29.7,TAKEOFF,89.95,63.47,742.5,28.51,98.642,1.1392,6723.63,80.57,616.32,5.455,68.92,21.87,25.799,1.68,24.6,18.493,6733.0,81.36,617.43,5.419,69.03,22.025,25.769,1.65,24.577,18.53,COOLING_DEGRADATION,0.723,0.566,1.0,1.0,1.0,0.0,0.0,0.0,0.0
29.8,TAKEOFF,89.97,63.48,745.0,28.51,98.633,1.1391,6724.36,80.57,616.42,5.455,68.92,21.873,25.799,1.68,24.6,18.495,6722.04,80.72,617.94,5.45,68.94,21.851,25.833,1.682,24.524,18.492,COOLING_DEGRADATION,0.727,0.564,1.0,1.0,1.0,0.0,0.0,0.0,0.0
29.9,TAKEOFF,89.98,63.49,747.5,28.5,98.625,1.139,6725.08,80.58,616.52,5.456,68.92,21.877,25.8,1.68,24.6,18.498,6731.12,80.24,615.5,5.476,69.11,21.808,25.774,1.644,24.666,18.476,COOLING_DEGRADATION,0.73,0.562,1.0,1.0,1.0,0.0,0.0,0.0,0.0
30.0,TAKEOFF,90.0,63.5,750.0,28.5,98.616,1.1389,6725.81,80.58,616.62,5.456,68.93,21.881,25.8,1.681,24.6,18.5,6729.34,80.89,615.33,5.446,68.59,21.831,25.773,1.751,24.603,18.369,COOLING_DEGRADATION,0.733,0.56,1.0,1.0,1.0,0.0,0.0,0.0,0.0
30.1,TAKEOFF,90.02,63.51,752.5,28.49,98.607,1.1388,6726.54,80.59,616.72,5.456,68.93,21.884,25.8,1.681,24.6,18.503,6727.17,80.72,614.77,5.456,68.72,21.936,25.705,1.694,24.571,18.473,COOLING_DEGRADATION,0.737,0.558,1.0,1.0,1.0,0.0,0.0,0.0,0.0
30.2,TAKEOFF,90.03,63.52,755.0,28.49,98.598,1.1387,6727.27,80.59,616.82,5.457,68.94,21.888,25.801,1.681,24.6,18.505,6728.24,80.87,615.72,5.434,68.93,21.794,25.825,1.619,24.552,18.374,COOLING_DEGRADATION,0.74,0.556,1.0,1.0,1.0,0.0,0.0,0.0,0.0
30.3,TAKEOFF,90.05,63.53,757.5,28.48,98.589,1.1386,6727.99,80.6,616.92,5.457,68.94,21.891,25.801,1.681,24.6,18.508,6728.87,81.59,616.28,5.481,69.16,21.928,25.819,1.608,24.614,18.398,COOLING_DEGRADATION,0.743,0.554,1.0,1.0,1.0,0.0,0.0,0.0,0.0
30.4,TAKEOFF,90.07,63.54,760.0,28.48,98.58,1.1386,6728.72,80.6,617.02,5.457,68.95,21.895,25.801,1.681,24.6,18.51,6732.45,80.22,617.48,5.468,68.78,22.02,25.698,1.724,24.659,18.393,COOLING_DEGRADATION,0.747,0.552,1.0,1.0,1.0,0.0,0.0,0.0,0.0
30.5,TAKEOFF,90.08,63.55,762.5,28.47,98.571,1.1385,6729.45,80.61,617.11,5.458,68.96,21.898,25.802,1.681,24.6,18.513,6730.74,80.91,616.83,5.414,69.4,21.843,25.776,1.652,24.568,18.629,COOLING_DEGRADATION,0.75,0.55,1.0,1.0,1.0,0.0,0.0,0.0,0.0
30.6,TAKEOFF,90.1,63.57,765.0,28.47,98.562,1.1384,6730.18,80.61,617.21,5.458,68.96,21.902,25.802,1.682,24.6,18.515,6729.93,79.89,617.89,5.414,69.26,21.889,25.843,1.625,24.719,18.589,COOLING_DEGRADATION,0.753,0.548,1.0,1.0,1.0,0.0,0.0,0.0,0.0
30.7,TAKEOFF,90.12,63.58,767.5,28.46,98.553,1.1383,6730.91,80.62,617.3,5.458,68.97,21.906,25.802,1.682,24.6,18.518,6732.74,80.62,616.71,5.445,68.81,21.864,25.838,1.571,24.543,18.629,COOLING_DEGRADATION,0.757,0.546,1.0,1.0,1.0,0.0,0.0,0.0,0.0
30.8,TAKEOFF,90.13,63.59,770.0,28.46,98.544,1.1382,6731.63,80.62,617.4,5.459,68.97,21.909,25.803,1.682,24.6,18.52,6717.65,80.54,617.32,5.501,68.7,21.834,25.783,1.765,24.524,18.586,COOLING_DEGRADATION,0.76,0.544,1.0,1.0,1.0,0.0,0.0,0.0,0.0
30.9,TAKEOFF,90.15,63.6,772.5,28.45,98.536,1.1381,6732.36,80.63,617.49,5.459,68.98,21.913,25.803,1.682,24.6,18.523,6740.04,80.69,616.98,5.423,68.75,21.895,25.73,1.719,24.602,18.517,COOLING_DEGRADATION,0.763,0.542,1.0,1.0,1.0,0.0,0.0,0.0,0.0
31.0,TAKEOFF,90.17,63.61,775.0,28.45,98.527,1.1381,6733.09,80.63,617.59,5.459,68.98,21.916,25.803,1.682,24.6,18.525,6729.72,81.02,619.75,5.44,69.13,21.826,25.82,1.683,24.457,18.375,COOLING_DEGRADATION,0.767,0.54,1.0,1.0,1.0,0.0,0.0,0.0,0.0
31.1,TAKEOFF,90.18,63.62,777.5,28.44,98.518,1.138,6733.82,80.64,617.68,5.46,68.99,21.92,25.804,1.682,24.6,18.528,6732.41,80.4,617.79,5.453,68.93,22.021,25.855,1.769,24.49,18.539,COOLING_DEGRADATION,0.77,0.538,1.0,1.0,1.0,0.0,0.0,0.0,0.0
31.2,TAKEOFF,90.2,63.63,780.0,28.44,98.509,1.1379,6734.54,80.64,617.77,5.46,68.99,21.923,25.804,1.682,24.6,18.53,6726.02,80.09,619.22,5.44,69.32,21.937,25.879,1.698,24.594,18.441,COOLING_DEGRADATION,0.773,0.536,1.0,1.0,1.0,0.0,0.0,0.0,0.0
31.3,TAKEOFF,90.22,63.64,782.5,28.43,98.5,1.1378,6735.27,80.65,617.86,5.46,69.0,21.927,25.804,1.683,24.6,18.533,6735.8,81.34,617.22,5.425,69.46,21.937,25.684,1.628,24.629,18.421,COOLING_DEGRADATION,0.777,0.534,1.0,1.0,1.0,0.0,0.0,0.0,0.0
31.4,TAKEOFF,90.23,63.65,785.0,28.43,98.491,1.1377,6736.0,80.65,617.95,5.461,69.0,21.931,25.805,1.683,24.6,18.535,6734.49,81.29,618.2,5.447,69.06,21.719,25.825,1.648,24.565,18.468,COOLING_DEGRADATION,0.78,0.532,1.0,1.0,1.0,0.0,0.0,0.0,0.0
31.5,TAKEOFF,90.25,63.66,787.5,28.42,98.482,1.1376,6736.73,80.66,618.04,5.461,69.01,21.934,25.805,1.683,24.6,18.538,6732.27,81.11,619.46,5.429,68.9,22.03,25.913,1.669,24.503,18.71,COOLING_DEGRADATION,0.783,0.53,1.0,1.0,1.0,0.0,0.0,0.0,0.0
31.6,TAKEOFF,90.27,63.67,790.0,28.42,98.473,1.1376,6737.45,80.66,618.13,5.461,69.02,21.938,25.805,1.683,24.6,18.54,6736.41,80.8,620.15,5.481,69.06,21.995,25.838,1.722,24.608,18.388,COOLING_DEGRADATION,0.787,0.528,1.0,1.0,1.0,0.0,0.0,0.0,0.0
31.7,TAKEOFF,90.28,63.68,792.5,28.41,98.464,1.1375,6738.18,80.67,618.22,5.462,69.02,21.941,25.806,1.683,24.6,18.543,6725.66,80.83,618.34,5.446,68.74,21.759,25.888,1.653,24.676,18.426,COOLING_DEGRADATION,0.79,0.526,1.0,1.0,1.0,0.0,0.0,0.0,0.0
31.8,TAKEOFF,90.3,63.7,795.0,28.41,98.455,1.1374,6738.91,80.68,618.31,5.462,69.03,21.945,25.806,1.683,24.6,18.545,6730.33,80.56,617.55,5.473,68.87,21.77,25.888,1.683,24.629,18.436,COOLING_DEGRADATION,0.793,0.524,1.0,1.0,1.0,0.0,0.0,0.0,0.0
31.9,TAKEOFF,90.32,63.71,797.5,28.4,98.447,1.1373,6739.64,80.68,618.4,5.462,69.03,21.948,25.806,1.684,24.6,18.548,6744.97,81.24,617.33,5.438,69.01,21.924,25.831,1.719,24.608,18.595,COOLING_DEGRADATION,0.797,0.522,1.0,1.0,1.0,0.0,0.0,0.0,0.0
32.0,TAKEOFF,90.33,63.72,800.0,28.4,98.438,1.1372,6740.36,80.69,618.48,5.463,69.04,21.952,25.807,1.684,24.6,18.55,6735.63,80.76,617.99,5.452,68.76,21.993,25.706,1.692,24.664,18.367,COOLING_DEGRADATION,0.8,0.52,1.0,1.0,1.0,0.0,0.0,0.0,0.0
32.1,TAKEOFF,90.35,63.73,802.5,28.39,98.429,1.1371,6741.09,80.69,618.57,5.463,69.04,21.956,25.807,1.684,24.6,18.553,6734.56,81.3,617.64,5.465,69.5,22.07,25.81,1.71,24.551,18.569,COOLING_DEGRADATION,0.803,0.518,1.0,1.0,1.0,0.0,0.0,0.0,0.0
32.2,TAKEOFF,90.37,63.74,805.0,28.39,98.42,1.1371,6741.82,80.7,618.66,5.463,69.05,21.959,25.807,1.684,24.6,18.555,6751.52,80.24,618.47,5.462,69.37,21.862,25.86,1.678,24.524,18.579,COOLING_DEGRADATION,0.807,0.516,1.0,1.0,1.0,0.0,0.0,0.0,0.0
32.3,TAKEOFF,90.38,63.75,807.5,28.38,98.411,1.137,6742.55,80.7,618.74,5.464,69.06,21.963,25.808,1.684,24.6,18.558,6746.38,81.39,619.83,5.501,69.13,21.872,25.69,1.695,24.636,18.465,COOLING_DEGRADATION,0.81,0.514,1.0,1.0,1.0,0.0,0.0,0.0,0.0
32.4,TAKEOFF,90.4,63.76,810.0,28.38,98.402,1.1369,6743.27,80.71,618.83,5.464,69.06,21.966,25.808,1.684,24.6,18.56,6754.0,80.56,620.34,5.437,69.05,21.851,25.773,1.718,24.502,18.722,COOLING_DEGRADATION,0.813,0.512,1.0,1.0,1.0,0.0,0.0,0.0,0.0
32.5,TAKEOFF,90.42,63.77,812.5,28.37,98.393,1.1368,6744.0,80.71,618.91,5.464,69.07,21.97,25.808,1.685,24.6,18.563,6742.17,79.92,618.82,5.451,69.43,22.101,25.749,1.693,24.621,18.573,COOLING_DEGRADATION,0.817,0.51,1.0,1.0,1.0,0.0,0.0,0.0,0.0
32.6,TAKEOFF,90.43,63.78,815.0,28.37,98.384,1.1367,6744.73,80.72,618.99,5.464,69.08,21.973,25.809,1.685,24.6,18.565,6743.21,80.9,620.0,5.484,69.19,22.086,25.81,1.658,24.6,18.43,COOLING_DEGRADATION,0.82,0.508,1.0,1.0,1.0,0.0,0.0,0.0,0.0
32.7,TAKEOFF,90.45,63.79,817.5,28.36,98.375,1.1366,6745.46,80.73,619.08,5.465,69.08,21.977,25.809,1.685,24.6,18.568,6740.36,80.41,617.61,5.458,69.36,22.012,25.705,1.729,24.698,18.586,COOLING_DEGRADATION,0.823,0.506,1.0,1.0,1.0,0.0,0.0,0.0,0.0
32.8,TAKEOFF,90.47,63.8,820.0,28.36,98.367,1.1365,6746.18,80.73,619.16,5.465,69.09,21.981,25.809,1.685,24.6,18.57,6741.02,80.52,617.25,5.445,68.64,22.039,25.82,1.577,24.554,18.495,COOLING_DEGRADATION,0.827,0.504,1.0,1.0,1.0,0.0,0.0,0.0,0.0
32.9,TAKEOFF,90.48,63.81,822.5,28.35,98.358,1.1365,6746.91,80.74,619.24,5.465,69.09,21.984,25.81,1.685,24.6,18.573,6748.43,80.86,617.4,5.438,68.77,22.067,25.768,1.707,24.585,18.649,COOLING_DEGRADATION,0.83,0.502,1.0,1.0,1.0,0.0,0.0,0.0,0.0
33.0,TAKEOFF,90.5,63.83,825.0,28.35,98.349,1.1364,6747.64,80.74,619.32,5.466,69.1,21.988,25.81,1.685,24.6,18.575,6741.4,80.15,617.95,5.481,69.37,21.934,25.839,1.667,24.615,18.691,COOLING_DEGRADATION,0.833,0.5,1.0,1.0,1.0,0.0,0.0,0.0,0.0
33.1,TAKEOFF,90.52,63.84,827.5,28.34,98.34,1.1363,6748.36,80.75,619.41,5.466,69.11,21.991,25.81,1.686,24.6,18.578,6745.35,81.0,618.58,5.475,69.57,22.072,25.892,1.663,24.641,18.527,COOLING_DEGRADATION,0.837,0.498,1.0,1.0,1.0,0.0,0.0,0.0,0.0
33.2,TAKEOFF,90.53,63.85,830.0,28.34,98.331,1.1362,6749.09,80.76,619.49,5.466,69.11,21.995,25.811,1.686,24.6,18.58,6750.0,80.91,618.43,5.441,69.13,21.98,25.826,1.68,24.594,18.586,COOLING_DEGRADATION,0.84,0.496,1.0,1.0,1.0,0.0,0.0,0.0,0.0
33.3,TAKEOFF,90.55,63.86,832.5,28.33,98.322,1.1361,6749.82,80.76,619.57,5.467,69.12,21.998,25.811,1.686,24.6,18.583,6738.33,81.09,620.34,5.453,69.09,21.997,25.881,1.6,24.527,18.569,COOLING_DEGRADATION,0.843,0.494,1.0,1.0,1.0,0.0,0.0,0.0,0.0
33.4,TAKEOFF,90.57,63.87,835.0,28.33,98.313,1.136,6750.55,80.77,619.65,5.467,69.13,22.002,25.811,1.686,24.6,18.585,6744.79,79.88,618.73,5.461,68.73,22.021,25.772,1.693,24.595,18.591,COOLING_DEGRADATION,0.847,0.492,1.0,1.0,1.0,0.0,0.0,0.0,0.0
33.5,TAKEOFF,90.58,63.88,837.5,28.32,98.304,1.136,6751.27,80.77,619.72,5.467,69.13,22.006,25.812,1.686,24.6,18.588,6743.6,79.8,619.15,5.438,69.1,22.23,25.818,1.622,24.589,18.338,COOLING_DEGRADATION,0.85,0.49,1.0,1.0,1.0,0.0,0.0,0.0,0.0
33.6,TAKEOFF,90.6,63.89,840.0,28.32,98.295,1.1359,6752.0,80.78,619.8,5.468,69.14,22.009,25.812,1.686,24.6,18.59,6748.67,81.08,617.85,5.493,68.77,21.991,25.753,1.658,24.581,18.781,COOLING_DEGRADATION,0.853,0.488,1.0,1.0,1.0,0.0,0.0,0.0,0.0
33.7,TAKEOFF,90.62,63.9,842.5,28.31,98.287,1.1358,6752.73,80.78,619.88,5.468,69.15,22.013,25.812,1.686,24.6,18.593,6755.07,81.21,619.33,5.406,69.45,21.874,25.784,1.623,24.564,18.721,COOLING_DEGRADATION,0.857,0.486,1.0,1.0,1.0,0.0,0.0,0.0,0.0
33.8,TAKEOFF,90.63,63.91,845.0,28.31,98.278,1.1357,6753.46,80.79,619.96,5.468,69.15,22.016,25.813,1.687,24.6,18.595,6753.31,80.54,619.84,5.512,69.13,22.092,25.859,1.719,24.633,18.615,COOLING_DEGRADATION,0.86,0.484,1.0,1.0,1.0,0.0,0.0,0.0,0.0
33.9,TAKEOFF,90.65,63.92,847.5,28.3,98.269,1.1356,6754.18,80.8,620.04,5.469,69.16,22.02,25.813,1.687,24.6,18.598,6748.15,80.86,621.1,5.464,69.37,22.114,25.814,1.718,24.616,18.51,COOLING_DEGRADATION,0.863,0.482,1.0,1.0,1.0,0.0,0.0,0.0,0.0
34.0,TAKEOFF,90.67,63.93,850.0,28.3,98.26,1.1355,6754.91,80.8,620.11,5.469,69.17,22.023,25.813,1.687,24.6,18.6,6751.76,80.37,616.83,5.455,69.14,22.078,25.817,1.663,24.641,18.594,COOLING_DEGRADATION,0.867,0.48,1.0,1.0,1.0,0.0,0.0,0.0,0.0
34.1,TAKEOFF,90.68,63.94,852.5,28.29,98.251,1.1355,6755.64,80.81,620.19,5.469,69.17,22.027,25.814,1.687,24.6,18.603,6752.74,80.83,622.36,5.538,69.39,22.02,25.735,1.638,24.588,18.633,COOLING_DEGRADATION,0.87,0.478,1.0,1.0,1.0,0.0,0.0,0.0,0.0
34.2,TAKEOFF,90.7,63.96,855.0,28.29,98.242,1.1354,6756.36,80.82,620.26,5.47,69.18,22.031,25.814,1.687,24.6,18.605,6755.0,80.35,622.61,5.446,69.06,22.025,25.816,1.717,24.626,18.555,COOLING_DEGRADATION,0.873,0.476,1.0,1.0,1.0,0.0,0.0,0.0,0.0
34.3,TAKEOFF,90.72,63.97,857.5,28.28,98.233,1.1353,6757.09,80.82,620.34,5.47,69.19,22.034,25.814,1.687,24.6,18.608,6758.66,81.89,621.42,5.442,69.61,21.878,25.748,1.716,24.606,18.596,COOLING_DEGRADATION,0.877,0.474,1.0,1.0,1.0,0.0,0.0,0.0,0.0
34.4,TAKEOFF,90.73,63.98,860.0,28.28,98.224,1.1352,6757.82,80.83,620.42,5.47,69.2,22.038,25.815,1.688,24.6,18.61,6764.23,80.96,621.83,5.441,69.23,22.047,25.794,1.765,24.577,18.736,COOLING_DEGRADATION,0.88,0.472,1.0,1.0,1.0,0.0,0.0,0.0,0.0
34.5,TAKEOFF,90.75,63.99,862.5,28.27,98.216,1.1351,6758.54,80.83,620.49,5.47,69.2,22.041,25.815,1.688,24.6,18.613,6764.03,81.04,621.59,5.468,69.37,21.88,25.759,1.677,24.599,18.616,COOLING_DEGRADATION,0.883,0.47,1.0,1.0,1.0,0.0,0.0,0.0,0.0
34.6,TAKEOFF,90.77,64.0,865.0,28.27,98.207,1.135,6759.27,80.84,620.56,5.471,69.21,22.045,25.815,1.688,24.6,18.615,6758.59,81.41,619.33,5.487,68.88,22.096,25.77,1.726,24.587,18.752,COOLING_DEGRADATION,0.887,0.468,1.0,1.0,1.0,0.0,0.0,0.0,0.0
34.7,TAKEOFF,90.78,64.01,867.5,28.26,98.198,1.135,6760.0,80.85,620.64,5.471,69.22,22.048,25.816,1.688,24.6,18.618,6761.19,81.51,621.45,5.47,69.5,22.134,25.759,1.684,24.695,18.763,COOLING_DEGRADATION,0.89,0.466,1.0,1.0,1.0,0.0,0.0,0.0,0.0
34.8,TAKEOFF,90.8,64.02,870.0,28.26,98.189,1.1349,6760.73,80.85,620.71,5.471,69.23,22.052,25.816,1.688,24.6,18.62,6755.37,80.81,622.39,5.498,69.02,22.08,25.868,1.597,24.613,18.668,COOLING_DEGRADATION,0.893,0.464,1.0,1.0,1.0,0.0,0.0,0.0,0.0
34.9,TAKEOFF,90.82,64.03,872.5,28.25,98.18,1.1348,6761.45,80.86,620.78,5.472,69.23,22.056,25.816,1.688,24.6,18.623,6760.67,80.0,619.89,5.486,69.23,21.903,25.791,1.576,24.557,18.47,COOLING_DEGRADATION,0.897,0.462,1.0,1.0,1.0,0.0,0.0,0.0,0.0
35.0,TAKEOFF,90.83,64.04,875.0,28.25,98.171,1.1347,6762.18,80.86,620.86,5.472,69.24,22.059,25.817,1.689,24.6,18.625,6758.66,80.32,620.41,5.478,69.04,21.997,25.758,1.665,24.545,18.66,COOLING_DEGRADATION,0.9,0.46,1.0,1.0,1.0,0.0,0.0,0.0,0.0
35.1,TAKEOFF,90.85,64.05,877.5,28.24,98.162,1.1346,6762.91,80.87,620.93,5.472,69.25,22.063,25.817,1.689,24.6,18.628,6765.53,80.78,619.51,5.444,69.45,22.047,25.807,1.577,24.609,18.59,COOLING_DEGRADATION,0.903,0.458,1.0,1.0,1.0,0.0,0.0,0.0,0.0
35.2,TAKEOFF,90.87,64.06,880.0,28.24,98.153,1.1345,6763.63,80.88,621.0,5.473,69.26,22.066,25.817,1.689,24.6,18.63,6767.04,81.37,619.02,5.505,69.49,21.896,25.754,1.708,24.55,18.821,COOLING_DEGRADATION,0.907,0.456,1.0,1.0,1.0,0.0,0.0,0.0,0.0
35.3,TAKEOFF,90.88,64.07,882.5,28.23,98.145,1.1345,6764.36,80.88,621.07,5.473,69.26,22.07,25.818,1.689,24.6,18.633,6761.0,80.8,620.69,5.45,69.27,22.066,25.754,1.735,24.584,18.583,COOLING_DEGRADATION,0.91,0.454,1.0,1.0,1.0,0.0,0.0,0.0,0.0
35.4,TAKEOFF,90.9,64.09,885.0,28.23,98.136,1.1344,6765.09,80.89,621.14,5.473,69.27,22.073,25.818,1.689,24.6,18.635,6756.31,81.63,619.37,5.441,68.56,22.108,25.842,1.708,24.51,18.776,COOLING_DEGRADATION,0.913,0.452,1.0,1.0,1.0,0.0,0.0,0.0,0.0
35.5,TAKEOFF,90.92,64.1,887.5,28.22,98.127,1.1343,6765.81,80.9,621.21,5.474,69.28,22.077,25.818,1.689,24.6,18.638,6764.98,81.0,621.82,5.503,69.6,21.883,25.821,1.638,24.564,18.59,COOLING_DEGRADATION,0.917,0.45,1.0,1.0,1.0,0.0,0.0,0.0,0.0
35.6,TAKEOFF,90.93,64.11,890.0,28.22,98.118,1.1342,6766.54,80.9,621.28,5.474,69.29,22.081,25.819,1.69,24.6,18.64,6760.84,79.86,622.8,5.51,69.58,21.997,25.73,1.635,24.587,18.77,COOLING_DEGRADATION,0.92,0.448,1.0,1.0,1.0,0.0,0.0,0.0,0.0
35.7,TAKEOFF,90.95,64.12,892.5,28.21,98.109,1.1341,6767.27,80.91,621.35,5.474,69.29,22.084,25.819,1.69,24.6,18.643,6768.33,81.75,621.43,5.504,69.5,22.127,25.78,1.649,24.626,18.589,COOLING_DEGRADATION,0.923,0.446,1.0,1.0,1.0,0.0,0.0,0.0,0.0
35.8,TAKEOFF,90.97,64.13,895.0,28.21,98.1,1.134,6768.0,80.92,621.42,5.475,69.3,22.088,25.819,1.69,24.6,18.645,6763.71,80.82,622.24,5.483,68.98,22.081,25.787,1.696,24.622,18.688,COOLING_DEGRADATION,0.927,0.444,1.0,1.0,1.0,0.0,0.0,0.0,0.0
35.9,TAKEOFF,90.98,64.14,897.5,28.2,98.091,1.134,6768.72,80.92,621.49,5.475,69.31,22.091,25.82,1.69,24.6,18.648,6773.23,82.39,621.61,5.474,68.84,22.036,25.802,1.709,24.59,18.689,COOLING_DEGRADATION,0.93,0.442,1.0,1.0,1.0,0.0,0.0,0.0,0.0
36.0,TAKEOFF,91.0,64.15,900.0,28.2,98.083,1.1339,6769.45,80.93,621.56,5.475,69.32,22.095,25.82,1.69,24.6,18.65,6770.55,81.07,624.62,5.472,69.32,22.034,25.839,1.667,24.675,18.59,COOLING_DEGRADATION,0.933,0.44,1.0,1.0,1.0,0.0,0.0,0.0,0.0
36.1,TAKEOFF,91.02,64.16,902.5,28.19,98.074,1.1338,6770.18,80.94,621.63,5.475,69.32,22.098,25.82,1.69,24.6,18.653,6769.64,80.48,621.22,5.499,69.2,22.073,25.82,1.816,24.612,18.675,COOLING_DEGRADATION,0.937,0.438,1.0,1.0,1.0,0.0,0.0,0.0,0.0
36.2,TAKEOFF,91.03,64.17,905.0,28.19,98.065,1.1337,6770.9,80.94,621.69,5.476,69.33,22.102,25.821,1.69,24.6,18.655,6774.79,80.89,621.54,5.471,69.23,22.134,25.812,1.754,24.553,18.647,COOLING_DEGRADATION,0.94,0.436,1.0,1.0,1.0,0.0,0.0,0.0,0.0
36.3,TAKEOFF,91.05,64.18,907.5,28.18,98.056,1.1336,6771.63,80.95,621.76,5.476,69.34,22.105,25.821,1.691,24.6,18.658,6774.25,80.58,621.96,5.518,69.32,22.144,25.831,1.731,24.613,18.697,COOLING_DEGRADATION,0.943,0.434,1.0,1.0,1.0,0.0,0.0,0.0,0.0
36.4,TAKEOFF,91.07,64.19,910.0,28.18,98.047,1.1335,6772.36,80.96,621.83,5.476,69.35,22.109,25.821,1.691,24.6,18.66,6776.16,81.22,622.29,5.47,69.69,21.981,25.918,1.641,24.577,18.72,COOLING_DEGRADATION,0.947,0.432,1.0,1.0,1.0,0.0,0.0,0.0,0.0
36.5,TAKEOFF,91.08,64.2,912.5,28.17,98.038,1.1335,6773.08,80.96,621.9,5.477,69.36,22.113,25.822,1.691,24.6,18.663,6775.54,81.07,623.79,5.455,69.32,22.101,25.724,1.7,24.531,18.624,COOLING_DEGRADATION,0.95,0.43,1.0,1.0,1.0,0.0,0.0,0.0,0.0
36.6,TAKEOFF,91.1,64.22,915.0,28.17,98.029,1.1334,6773.81,80.97,621.96,5.477,69.37,22.116,25.822,1.691,24.6,18.665,6776.12,82.15,621.91,5.482,69.6,22.215,25.78,1.706,24.621,18.598,COOLING_DEGRADATION,0.953,0.428,1.0,1.0,1.0,0.0,0.0,0.0,0.0
36.7,TAKEOFF,91.12,64.23,917.5,28.16,98.021,1.1333,6774.54,80.98,622.03,5.477,69.37,22.12,25.822,1.691,24.6,18.668,6770.04,81.82,624.22,5.478,69.59,22.134,25.855,1.728,24.598,18.42,COOLING_DEGRADATION,0.957,0.426,1.0,1.0,1.0,0.0,0.0,0.0,0.0
36.8,TAKEOFF,91.13,64.24,920.0,28.16,98.012,1.1332,6775.26,80.98,622.1,5.478,69.38,22.123,25.823,1.691,24.6,18.67,6772.65,80.2,622.59,5.463,69.48,22.334,25.852,1.833,24.632,18.568,COOLING_DEGRADATION,0.96,0.424,1.0,1.0,1.0,0.0,0.0,0.0,0.0
36.9,TAKEOFF,91.15,64.25,922.5,28.15,98.003,1.1331,6775.99,80.99,622.16,5.478,69.39,22.127,25.823,1.692,24.6,18.673,6782.8,81.89,619.43,5.492,68.94,22.08,25.76,1.728,24.697,18.707,COOLING_DEGRADATION,0.963,0.422,1.0,1.0,1.0,0.0,0.0,0.0,0.0
37.0,TAKEOFF,91.17,64.26,925.0,28.15,97.994,1.133,6776.72,81.0,622.23,5.478,69.4,22.13,25.823,1.692,24.6,18.675,6771.77,81.12,617.92,5.478,69.23,22.413,25.906,1.726,24.647,18.595,COOLING_DEGRADATION,0.967,0.42,1.0,1.0,1.0,0.0,0.0,0.0,0.0
37.1,TAKEOFF,91.18,64.27,927.5,28.14,97.985,1.1329,6777.44,81.0,622.29,5.478,69.41,22.134,25.824,1.692,24.6,18.678,6777.72,81.44,623.24,5.561,69.56,22.03,25.865,1.735,24.59,18.647,COOLING_DEGRADATION,0.97,0.418,1.0,1.0,1.0,0.0,0.0,0.0,0.0
37.2,TAKEOFF,91.2,64.28,930.0,28.14,97.976,1.1329,6778.17,81.01,622.36,5.479,69.42,22.138,25.824,1.692,24.6,18.68,6775.75,81.31,622.01,5.504,68.91,22.168,25.832,1.739,24.479,18.716,COOLING_DEGRADATION,0.973,0.416,1.0,1.0,1.0,0.0,0.0,0.0,0.0
37.3,TAKEOFF,91.22,64.29,932.5,28.13,97.967,1.1328,6778.9,81.02,622.42,5.479,69.42,22.141,25.824,1.692,24.6,18.683,6779.02,81.49,624.16,5.455,69.53,22.177,25.775,1.72,24.567,18.618,COOLING_DEGRADATION,0.977,0.414,1.0,1.0,1.0,0.0,0.0,0.0,0.0
37.4,TAKEOFF,91.23,64.3,935.0,28.13,97.959,1.1327,6779.62,81.02,622.48,5.479,69.43,22.145,25.825,1.692,24.6,18.685,6779.1,81.0,620.05,5.506,69.46,22.159,25.804,1.719,24.527,18.807,COOLING_DEGRADATION,0.98,0.412,1.0,1.0,1.0,0.0,0.0,0.0,0.0
37.5,TAKEOFF,91.25,64.31,937.5,28.12,97.95,1.1326,6780.35,81.03,622.55,5.48,69.44,22.148,25.825,1.693,24.6,18.688,6781.56,80.71,622.41,5.537,69.36,22.261,25.847,1.7,24.57,18.694,COOLING_DEGRADATION,0.983,0.41,1.0,1.0,1.0,0.0,0.0,0.0,0.0
37.6,TAKEOFF,91.27,64.32,940.0,28.12,97.941,1.1325,6781.08,81.04,622.61,5.48,69.45,22.152,25.825,1.693,24.6,18.69,6780.21,80.44,623.9,5.538,69.66,22.01,25.788,1.796,24.56,18.71,COOLING_DEGRADATION,0.987,0.408,1.0,1.0,1.0,0.0,0.0,0.0,0.0
37.7,TAKEOFF,91.28,64.33,942.5,28.11,97.932,1.1324,6781.8,81.04,622.67,5.48,69.46,22.155,25.826,1.693,24.6,18.693,6780.25,80.8,621.68,5.424,69.39,21.986,25.83,1.658,24.724,18.655,COOLING_DEGRADATION,0.99,0.406,1.0,1.0,1.0,0.0,0.0,0.0,0.0
37.8,TAKEOFF,91.3,64.35,945.0,28.11,97.923,1.1324,6782.53,81.05,622.74,5.481,69.47,22.159,25.826,1.693,24.6,18.695,6775.25,81.28,625.28,5.464,69.89,22.241,25.786,1.752,24.621,18.546,COOLING_DEGRADATION,0.993,0.404,1.0,1.0,1.0,0.0,0.0,0.0,0.0
37.9,TAKEOFF,91.32,64.36,947.5,28.1,97.914,1.1323,6783.26,81.06,622.8,5.481,69.48,22.163,25.826,1.693,24.6,18.698,6786.42,80.89,625.43,5.453,68.92,22.251,25.755,1.753,24.586,18.517,COOLING_DEGRADATION,0.997,0.402,1.0,1.0,1.0,0.0,0.0,0.0,0.0
38.0,TAKEOFF,91.33,64.37,950.0,28.1,97.906,1.1322,6783.98,81.06,622.86,5.481,69.49,22.166,25.827,1.693,24.6,18.7,6783.05,81.12,623.12,5.5,69.49,22.145,25.864,1.755,24.607,18.766,COOLING_DEGRADATION,1.0,0.4,1.0,1.0,1.0,0.0,0.0,0.0,0.0
38.1,TAKEOFF,91.35,64.38,952.5,28.09,97.897,1.1321,6784.71,81.07,622.92,5.481,69.49,22.17,25.827,1.693,24.6,18.703,6789.64,81.47,624.46,5.451,69.53,22.129,25.813,1.684,24.526,18.649,COOLING_DEGRADATION,1.0,0.4,1.0,1.0,1.0,0.0,0.0,0.0,0.0
38.2,TAKEOFF,91.37,64.39,955.0,28.09,97.888,1.132,6785.44,81.08,622.99,5.482,69.5,22.173,25.827,1.694,24.6,18.705,6785.82,81.21,624.78,5.46,70.13,22.29,25.818,1.706,24.641,18.853,COOLING_DEGRADATION,1.0,0.4,1.0,1.0,1.0,0.0,0.0,0.0,0.0
38.3,TAKEOFF,91.38,64.4,957.5,28.08,97.879,1.1319,6786.16,81.09,623.05,5.482,69.51,22.177,25.828,1.694,24.6,18.708,6788.3,81.89,621.83,5.439,69.83,22.256,25.81,1.705,24.595,18.626,COOLING_DEGRADATION,1.0,0.4,1.0,1.0,1.0,0.0,0.0,0.0,0.0
38.4,TAKEOFF,91.4,64.41,960.0,28.08,97.87,1.1319,6786.89,81.09,623.11,5.482,69.52,22.18,25.828,1.694,24.6,18.71,6774.48,81.17,620.97,5.433,69.23,22.015,25.846,1.756,24.599,18.575,COOLING_DEGRADATION,1.0,0.4,1.0,1.0,1.0,0.0,0.0,0.0,0.0
38.5,TAKEOFF,91.42,64.42,962.5,28.07,97.861,1.1318,6787.62,81.1,623.17,5.483,69.53,22.184,25.828,1.694,24.6,18.713,6789.75,80.56,624.07,5.449,69.81,22.26,25.798,1.724,24.572,18.587,COOLING_DEGRADATION,1.0,0.4,1.0,1.0,1.0,0.0,0.0,0.0,0.0
38.6,TAKEOFF,91.43,64.43,965.0,28.07,97.852,1.1317,6788.34,81.11,623.23,5.483,69.54,22.188,25.829,1.694,24.6,18.715,6795.11,80.79,620.94,5.486,69.02,22.274,25.813,1.747,24.663,18.789,COOLING_DEGRADATION,1.0,0.4,1.0,1.0,1.0,0.0,0.0,0.0,0.0
38.7,TAKEOFF,91.45,64.44,967.5,28.06,97.844,1.1316,6789.07,81.11,623.29,5.483,69.55,22.191,25.829,1.694,24.6,18.718,6781.43,81.48,621.31,5.452,69.69,22.224,25.812,1.728,24.597,18.625,COOLING_DEGRADATION,1.0,0.4,1.0,1.0,1.0,0.0,0.0,0.0,0.0
38.8,TAKEOFF,91.47,64.45,970.0,28.06,97.835,1.1315,6789.8,81.12,623.35,5.484,69.56,22.195,25.829,1.695,24.6,18.72,6787.37,80.76,622.71,5.463,69.76,22.142,25.776,1.677,24.603,18.68,COOLING_DEGRADATION,1.0,0.4,1.0,1.0,1.0,0.0,0.0,0.0,0.0
38.9,TAKEOFF,91.48,64.46,972.5,28.05,97.826,1.1314,6790.52,81.13,623.41,5.484,69.56,22.198,25.83,1.695,24.6,18.723,6788.09,80.89,621.5,5.507,69.81,22.135,25.918,1.628,24.587,18.775,COOLING_DEGRADATION,1.0,0.4,1.0,1.0,1.0,0.0,0.0,0.0,0.0
39.0,TAKEOFF,91.5,64.48,975.0,28.05,97.817,1.1314,6791.25,81.13,623.47,5.484,69.57,22.202,25.83,1.695,24.6,18.725,6785.72,81.14,623.2,5.495,68.65,22.437,25.929,1.643,24.624,18.687,COOLING_DEGRADATION,1.0,0.4,1.0,1.0,1.0,0.0,0.0,0.0,0.0
39.1,TAKEOFF,91.52,64.49,977.5,28.04,97.808,1.1313,6791.97,81.14,623.53,5.484,69.58,22.205,25.83,1.695,24.6,18.728,6799.5,80.7,625.07,5.522,69.2,22.215,25.86,1.76,24.533,18.668,COOLING_DEGRADATION,1.0,0.4,1.0,1.0,1.0,0.0,0.0,0.0,0.0
39.2,TAKEOFF,91.53,64.5,980.0,28.04,97.799,1.1312,6792.7,81.15,623.59,5.485,69.59,22.209,25.831,1.695,24.6,18.73,6804.07,81.05,623.78,5.516,69.8,22.195,25.998,1.642,24.646,18.803,COOLING_DEGRADATION,1.0,0.4,1.0,1.0,1.0,0.0,0.0,0.0,0.0
39.3,TAKEOFF,91.55,64.51,982.5,28.03,97.791,1.1311,6793.43,81.16,623.65,5.485,69.6,22.213,25.831,1.695,24.6,18.733,6793.19,81.02,626.45,5.466,69.42,22.338,25.892,1.704,24.581,18.896,COOLING_DEGRADATION,1.0,0.4,1.0,1.0,1.0,0.0,0.0,0.0,0.0
39.4,TAKEOFF,91.57,64.52,985.0,28.03,97.782,1.131,6794.15,81.16,623.71,5.485,69.61,22.216,25.831,1.696,24.6,18.735,6796.25,81.47,622.05,5.462,69.28,22.384,25.84,1.706,24.632,18.733,COOLING_DEGRADATION,1.0,0.4,1.0,1.0,1.0,0.0,0.0,0.0,0.0
39.5,TAKEOFF,91.58,64.53,987.5,28.02,97.773,1.1309,6794.88,81.17,623.77,5.486,69.62,22.22,25.832,1.696,24.6,18.738,6797.61,82.05,620.88,5.503,69.08,22.206,25.871,1.69,24.636,18.871,COOLING_DEGRADATION,1.0,0.4,1.0,1.0,1.0,0.0,0.0,0.0,0.0
39.6,TAKEOFF,91.6,64.54,990.0,28.02,97.764,1.1309,6795.61,81.18,623.82,5.486,69.62,22.223,25.832,1.696,24.6,18.74,6793.08,81.67,622.17,5.513,70.39,22.074,25.865,1.638,24.59,18.903,COOLING_DEGRADATION,1.0,0.4,1.0,1.0,1.0,0.0,0.0,0.0,0.0
39.7,TAKEOFF,91.62,64.55,992.5,28.01,97.755,1.1308,6796.33,81.18,623.88,5.486,69.63,22.227,25.832,1.696,24.6,18.743,6797.38,81.69,625.0,5.491,69.82,22.275,25.868,1.726,24.529,18.676,COOLING_DEGRADATION,1.0,0.4,1.0,1.0,1.0,0.0,0.0,0.0,0.0
39.8,TAKEOFF,91.63,64.56,995.0,28.01,97.746,1.1307,6797.06,81.19,623.94,5.487,69.64,22.23,25.833,1.696,24.6,18.745,6794.87,80.67,623.27,5.473,69.36,22.047,25.86,1.73,24.634,18.905,COOLING_DEGRADATION,1.0,0.4,1.0,1.0,1.0,0.0,0.0,0.0,0.0
39.9,TAKEOFF,91.65,64.57,997.5,28.0,97.738,1.1306,6797.79,81.2,624.0,5.487,69.65,22.234,25.833,1.696,24.6,18.748,6800.54,81.89,625.65,5.432,69.84,22.232,25.789,1.628,24.561,18.907,COOLING_DEGRADATION,1.0,0.4,1.0,1.0,1.0,0.0,0.0,0.0,0.0
40.0,TAKEOFF,91.67,64.58,1000.0,28.0,97.729,1.1305,6798.51,81.21,624.06,5.487,69.66,22.238,25.833,1.697,24.6,18.75,6801.93,81.54,624.9,5.426,69.59,22.332,25.845,1.619,24.625,18.749,COOLING_DEGRADATION,1.0,0.4,1.0,1.0,1.0,0.0,0.0,0.0,0.0
40.1,TAKEOFF,91.68,64.59,1002.5,27.99,97.72,1.1304,6799.24,81.21,624.11,5.487,69.67,22.241,25.834,1.697,24.6,18.753,6791.74,81.02,623.67,5.491,69.41,22.494,25.791,1.698,24.63,18.718,COOLING_DEGRADATION,1.0,0.4,1.0,1.0,1.0,0.0,0.0,0.0,0.0
40.2,TAKEOFF,91.7,64.61,1005.0,27.99,97.711,1.1304,6799.96,81.22,624.17,5.488,69.68,22.245,25.834,1.697,24.6,18.755,6796.32,80.74,622.71,5.486,70.01,22.215,25.871,1.625,24.625,18.639,COOLING_DEGRADATION,1.0,0.4,1.0,1.0,1.0,0.0,0.0,0.0,0.0
40.3,TAKEOFF,91.72,64.62,1007.5,27.98,97.702,1.1303,6800.69,81.23,624.23,5.488,69.68,22.248,25.834,1.697,24.6,18.758,6809.71,81.34,622.25,5.511,69.46,22.496,25.885,1.714,24.541,18.647,COOLING_DEGRADATION,1.0,0.4,1.0,1.0,1.0,0.0,0.0,0.0,0.0
40.4,TAKEOFF,91.73,64.63,1010.0,27.98,97.693,1.1302,6801.42,81.23,624.28,5.488,69.69,22.252,25.835,1.697,24.6,18.76,6800.03,82.12,623.99,5.502,69.69,22.434,25.891,1.679,24.632,18.637,COOLING_DEGRADATION,1.0,0.4,1.0,1.0,1.0,0.0,0.0,0.0,0.0
40.5,TAKEOFF,91.75,64.64,1012.5,27.97,97.685,1.1301,6802.14,81.24,624.34,5.489,69.7,22.255,25.835,1.697,24.6,18.763,6795.5,81.65,622.59,5.555,69.44,22.084,25.836,1.783,24.648,18.774,COOLING_DEGRADATION,1.0,0.4,1.0,1.0,1.0,0.0,0.0,0.0,0.0
40.6,TAKEOFF,91.77,64.65,1015.0,27.97,97.676,1.13,6802.87,81.25,624.4,5.489,69.71,22.259,25.835,1.697,24.6,18.765,6804.28,80.87,626.84,5.495,69.84,22.26,25.825,1.706,24.622,18.897,COOLING_DEGRADATION,1.0,0.4,1.0,1.0,1.0,0.0,0.0,0.0,0.0
40.7,TAKEOFF,91.78,64.66,1017.5,27.96,97.667,1.1299,6803.6,81.25,624.45,5.489,69.72,22.263,25.836,1.698,24.6,18.768,6802.42,81.3,622.75,5.525,69.51,22.317,25.819,1.644,24.613,18.885,COOLING_DEGRADATION,1.0,0.4,1.0,1.0,1.0,0.0,0.0,0.0,0.0
40.8,TAKEOFF,91.8,64.67,1020.0,27.96,97.658,1.1299,6804.32,81.26,624.51,5.49,69.73,22.266,25.836,1.698,24.6,18.77,6804.14,80.49,621.13,5.526,69.9,22.35,25.794,1.674,24.53,18.746,COOLING_DEGRADATION,1.0,0.4,1.0,1.0,1.0,0.0,0.0,0.0,0.0
40.9,TAKEOFF,91.82,64.68,1022.5,27.95,97.649,1.1298,6805.05,81.27,624.56,5.49,69.73,22.27,25.836,1.698,24.6,18.773,6805.78,81.32,625.72,5.498,69.81,22.213,25.855,1.691,24.61,18.858,COOLING_DEGRADATION,1.0,0.4,1.0,1.0,1.0,0.0,0.0,0.0,0.0
41.0,TAKEOFF,91.83,64.69,1025.0,27.95,97.641,1.1297,6805.77,81.28,624.62,5.49,69.74,22.273,25.837,1.698,24.6,18.775,6800.91,81.25,626.1,5.5,69.75,22.247,25.807,1.766,24.618,18.849,COOLING_DEGRADATION,1.0,0.4,1.0,1.0,1.0,0.0,0.0,0.0,0.0
41.1,TAKEOFF,91.85,64.7,1027.5,27.94,97.632,1.1296,6806.5,81.28,624.67,5.49,69.75,22.277,25.837,1.698,24.6,18.778,6801.11,81.8,625.53,5.499,69.56,22.372,25.857,1.715,24.636,18.886,COOLING_DEGRADATION,1.0,0.4,1.0,1.0,1.0,0.0,0.0,0.0,0.0
41.2,TAKEOFF,91.87,64.71,1030.0,27.94,97.623,1.1295,6807.23,81.29,624.73,5.491,69.76,22.28,25.837,1.698,24.6,18.78,6806.58,81.15,626.6,5.489,69.89,22.203,25.822,1.761,24.608,18.758,COOLING_DEGRADATION,1.0,0.4,1.0,1.0,1.0,0.0,0.0,0.0,0.0
41.3,TAKEOFF,91.88,64.72,1032.5,27.93,97.614,1.1294,6807.95,81.3,624.78,5.491,69.77,22.284,25.838,1.699,24.6,18.783,6818.45,82.0,624.53,5.558,69.92,22.263,25.748,1.737,24.631,18.863,COOLING_DEGRADATION,1.0,0.4,1.0,1.0,1.0,0.0,0.0,0.0,0.0
41.4,TAKEOFF,91.9,64.74,1035.0,27.93,97.605,1.1294,6808.68,81.3,624.84,5.491,69.78,22.288,25.838,1.699,24.6,18.785,6808.14,80.85,626.24,5.56,68.99,22.241,25.835,1.7,24.544,18.612,COOLING_DEGRADATION,1.0,0.4,1.0,1.0,1.0,0.0,0.0,0.0,0.0
41.5,TAKEOFF,91.92,64.75,1037.5,27.92,97.596,1.1293,6809.4,81.31,624.89,5.492,69.78,22.291,25.838,1.699,24.6,18.788,6806.89,81.04,625.33,5.473,69.62,22.283,25.902,1.623,24.581,18.799,COOLING_DEGRADATION,1.0,0.4,1.0,1.0,1.0,0.0,0.0,0.0,0.0
41.6,TAKEOFF,91.93,64.76,1040.0,27.92,97.588,1.1292,6810.13,81.32,624.95,5.492,69.79,22.295,25.839,1.699,24.6,18.79,6813.36,80.63,625.0,5.505,69.62,22.41,25.883,1.67,24.569,18.769,COOLING_DEGRADATION,1.0,0.4,1.0,1.0,1.0,0.0,0.0,0.0,0.0
41.7,TAKEOFF,91.95,64.77,1042.5,27.91,97.579,1.1291,6810.86,81.33,625.0,5.492,69.8,22.298,25.839,1.699,24.6,18.793,6812.05,81.49,624.7,5.496,69.39,22.422,25.853,1.743,24.548,18.846,COOLING_DEGRADATION,1.0,0.4,1.0,1.0,1.0,0.0,0.0,0.0,0.0
41.8,TAKEOFF,91.97,64.78,1045.0,27.91,97.57,1.129,6811.58,81.33,625.06,5.493,69.81,22.302,25.839,1.699,24.6,18.795,6808.66,81.64,628.46,5.482,70.13,22.297,25.922,1.65,24.618,18.671,COOLING_DEGRADATION,1.0,0.4,1.0,1.0,1.0,0.0,0.0,0.0,0.0
41.9,TAKEOFF,91.98,64.79,1047.5,27.9,97.561,1.1289,6812.31,81.34,625.11,5.493,69.82,22.305,25.84,1.7,24.6,18.798,6816.79,82.14,625.16,5.488,69.48,22.255,25.836,1.662,24.625,18.977,COOLING_DEGRADATION,1.0,0.4,1.0,1.0,1.0,0.0,0.0,0.0,0.0
42.0,TAKEOFF,92.0,64.8,1050.0,27.9,97.552,1.1289,6813.03,81.35,625.16,5.493,69.82,22.309,25.84,1.7,24.6,18.8,6812.1,81.55,623.29,5.481,69.63,22.512,25.873,1.656,24.56,18.814,COOLING_DEGRADATION,1.0,0.4,1.0,1.0,1.0,0.0,0.0,0.0,0.0
42.1,TAKEOFF,92.02,64.81,1052.5,27.89,97.544,1.1288,6813.76,81.35,625.22,5.493,69.83,22.313,25.84,1.7,24.6,18.803,6820.96,81.3,624.89,5.484,69.6,22.211,25.807,1.698,24.705,18.853,COOLING_DEGRADATION,1.0,0.4,1.0,1.0,1.0,0.0,0.0,0.0,0.0
42.2,TAKEOFF,92.03,64.82,1055.0,27.89,97.535,1.1287,6814.49,81.36,625.27,5.494,69.84,22.316,25.841,1.7,24.6,18.805,6814.28,81.34,625.99,5.499,70.5,22.528,25.905,1.646,24.651,18.932,COOLING_DEGRADATION,1.0,0.4,1.0,1.0,1.0,0.0,0.0,0.0,0.0
42.3,TAKEOFF,92.05,64.83,1057.5,27.88,97.526,1.1286,6815.21,81.37,625.32,5.494,69.85,22.32,25.841,1.7,24.6,18.808,6823.6,82.11,625.83,5.508,69.89,22.424,25.861,1.753,24.564,18.977,COOLING_DEGRADATION,1.0,0.4,1.0,1.0,1.0,0.0,0.0,0.0,0.0
42.4,TAKEOFF,92.07,64.84,1060.0,27.88,97.517,1.1285,6815.94,81.37,625.38,5.494,69.86,22.323,25.841,1.7,24.6,18.81,6809.74,80.69,626.68,5.519,69.32,22.253,25.774,1.797,24.592,18.916,COOLING_DEGRADATION,1.0,0.4,1.0,1.0,1.0,0.0,0.0,0.0,0.0
42.5,TAKEOFF,92.08,64.85,1062.5,27.87,97.508,1.1284,6816.66,81.38,625.43,5.495,69.86,22.327,25.842,1.7,24.6,18.813,6824.23,81.03,622.94,5.498,69.7,22.175,25.877,1.653,24.633,18.66,COOLING_DEGRADATION,1.0,0.4,1.0,1.0,1.0,0.0,0.0,0.0,0.0
42.6,TAKEOFF,92.1,64.87,1065.0,27.87,97.499,1.1284,6817.39,81.39,625.48,5.495,69.87,22.33,25.842,1.701,24.6,18.815,6806.39,80.65,624.69,5.471,69.77,22.332,25.848,1.673,24.529,18.769,COOLING_DEGRADATION,1.0,0.4,1.0,1.0,1.0,0.0,0.0,0.0,0.0
42.7,TAKEOFF,92.12,64.88,1067.5,27.86,97.491,1.1283,6818.12,81.4,625.53,5.495,69.88,22.334,25.842,1.701,24.6,18.818,6818.24,80.83,628.01,5.519,69.9,22.119,25.809,1.692,24.585,18.801,COOLING_DEGRADATION,1.0,0.4,1.0,1.0,1.0,0.0,0.0,0.0,0.0
42.8,TAKEOFF,92.13,64.89,1070.0,27.86,97.482,1.1282,6818.84,81.4,625.59,5.496,69.89,22.338,25.843,1.701,24.6,18.82,6818.11,80.94,623.89,5.489,70.68,22.187,25.889,1.691,24.671,18.897,COOLING_DEGRADATION,1.0,0.4,1.0,1.0,1.0,0.0,0.0,0.0,0.0
42.9,TAKEOFF,92.15,64.9,1072.5,27.85,97.473,1.1281,6819.57,81.41,625.64,5.496,69.9,22.341,25.843,1.701,24.6,18.823,6816.66,81.02,627.05,5.501,70.11,22.365,25.919,1.73,24.646,18.897,COOLING_DEGRADATION,1.0,0.4,1.0,1.0,1.0,0.0,0.0,0.0,0.0
43.0,TAKEOFF,92.17,64.91,1075.0,27.85,97.464,1.128,6820.29,81.42,625.69,5.496,69.9,22.345,25.843,1.701,24.6,18.825,6821.0,82.08,625.26,5.475,69.85,22.502,25.804,1.705,24.548,18.801,COOLING_DEGRADATION,1.0,0.4,1.0,1.0,1.0,0.0,0.0,0.0,0.0
43.1,TAKEOFF,92.18,64.92,1077.5,27.84,97.455,1.1279,6821.02,81.42,625.74,5.497,69.91,22.348,25.844,1.701,24.6,18.828,6817.13,80.97,625.06,5.462,69.75,22.407,25.813,1.735,24.504,18.741,COOLING_DEGRADATION,1.0,0.4,1.0,1.0,1.0,0.0,0.0,0.0,0.0
43.2,TAKEOFF,92.2,64.93,1080.0,27.84,97.447,1.1279,6821.75,81.43,625.79,5.497,69.92,22.352,25.844,1.702,24.6,18.83,6822.66,80.95,627.81,5.492,69.49,22.422,25.73,1.697,24.586,18.732,COOLING_DEGRADATION,1.0,0.4,1.0,1.0,1.0,0.0,0.0,0.0,0.0
43.3,TAKEOFF,92.22,64.94,1082.5,27.83,97.438,1.1278,6822.47,81.44,625.85,5.497,69.93,22.355,25.844,1.702,24.6,18.833,6814.95,80.56,629.74,5.477,69.46,22.292,25.822,1.68,24.541,18.771,COOLING_DEGRADATION,1.0,0.4,1.0,1.0,1.0,0.0,0.0,0.0,0.0
43.4,TAKEOFF,92.23,64.95,1085.0,27.83,97.429,1.1277,6823.2,81.45,625.9,5.497,69.94,22.359,25.845,1.702,24.6,18.835,6819.37,82.33,625.46,5.503,69.57,22.47,25.811,1.736,24.485,18.77,COOLING_DEGRADATION,1.0,0.4,1.0,1.0,1.0,0.0,0.0,0.0,0.0
43.5,TAKEOFF,92.25,64.96,1087.5,27.82,97.42,1.1276,6823.92,81.45,625.95,5.498,69.94,22.362,25.845,1.702,24.6,18.838,6826.31,81.56,626.56,5.516,70.59,22.441,25.816,1.837,24.58,19.099,COOLING_DEGRADATION,1.0,0.4,1.0,1.0,1.0,0.0,0.0,0.0,0.0
43.6,TAKEOFF,92.27,64.97,1090.0,27.82,97.411,1.1275,6824.65,81.46,626.0,5.498,69.95,22.366,25.845,1.702,24.6,18.84,6834.93,81.34,626.03,5.496,69.88,22.404,25.863,1.678,24.57,18.78,COOLING_DEGRADATION,1.0,0.4,1.0,1.0,1.0,0.0,0.0,0.0,0.0
43.7,TAKEOFF,92.28,64.98,1092.5,27.81,97.403,1.1274,6825.37,81.47,626.05,5.498,69.96,22.37,25.846,1.702,24.6,18.843,6821.6,81.05,625.63,5.472,69.6,22.204,25.843,1.769,24.632,18.883,COOLING_DEGRADATION,1.0,0.4,1.0,1.0,1.0,0.0,0.0,0.0,0.0
43.8,TAKEOFF,92.3,65.0,1095.0,27.81,97.394,1.1274,6826.1,81.47,626.1,5.499,69.97,22.373,25.846,1.703,24.6,18.845,6825.76,80.96,624.54,5.483,70.11,22.404,25.838,1.642,24.603,18.94,COOLING_DEGRADATION,1.0,0.4,1.0,1.0,1.0,0.0,0.0,0.0,0.0
43.9,TAKEOFF,92.32,65.01,1097.5,27.8,97.385,1.1273,6826.83,81.48,626.15,5.499,69.97,22.377,25.846,1.703,24.6,18.848,6814.41,80.98,626.53,5.531,69.77,22.315,25.735,1.702,24.67,18.636,COOLING_DEGRADATION,1.0,0.4,1.0,1.0,1.0,0.0,0.0,0.0,0.0
44.0,TAKEOFF,92.33,65.02,1100.0,27.8,97.376,1.1272,6827.55,81.49,626.2,5.499,69.98,22.38,25.847,1.703,24.6,18.85,6822.09,81.37,629.61,5.482,70.53,22.35,25.954,1.637,24.459,18.86,COOLING_DEGRADATION,1.0,0.4,1.0,1.0,1.0,0.0,0.0,0.0,0.0
44.1,TAKEOFF,92.35,65.03,1102.5,27.79,97.367,1.1271,6828.28,81.5,626.25,5.5,69.99,22.384,25.847,1.703,24.6,18.853,6829.41,81.1,626.08,5.536,69.81,22.322,25.91,1.743,24.647,18.854,COOLING_DEGRADATION,1.0,0.4,1.0,1.0,1.0,0.0,0.0,0.0,0.0
44.2,TAKEOFF,92.37,65.04,1105.0,27.79,97.359,1.127,6829.0,81.5,626.31,5.5,70.0,22.387,25.847,1.703,24.6,18.855,6829.59,81.82,626.99,5.469,69.92,22.429,25.811,1.677,24.573,19.018,COOLING_DEGRADATION,1.0,0.4,1.0,1.0,1.0,0.0,0.0,0.0,0.0
44.3,TAKEOFF,92.38,65.05,1107.5,27.78,97.35,1.127,6829.73,81.51,626.36,5.5,70.01,22.391,25.848,1.703,24.6,18.858,6833.18,82.04,625.25,5.512,70.04,22.524,25.84,1.711,24.63,18.968,COOLING_DEGRADATION,1.0,0.4,1.0,1.0,1.0,0.0,0.0,0.0,0.0
44.4,TAKEOFF,92.4,65.06,1110.0,27.78,97.341,1.1269,6830.45,81.52,626.41,5.5,70.01,22.395,25.848,1.704,24.6,18.86,6826.52,82.13,626.26,5.523,69.78,22.386,25.81,1.627,24.686,18.835,COOLING_DEGRADATION,1.0,0.4,1.0,1.0,1.0,0.0,0.0,0.0,0.0
44.5,TAKEOFF,92.42,65.07,1112.5,27.77,97.332,1.1268,6831.18,81.52,626.46,5.501,70.02,22.398,25.848,1.704,24.6,18.863,6832.62,82.25,628.36,5.49,69.94,22.44,25.766,1.683,24.571,18.945,COOLING_DEGRADATION,1.0,0.4,1.0,1.0,1.0,0.0,0.0,0.0,0.0
44.6,TAKEOFF,92.43,65.08,1115.0,27.77,97.323,1.1267,6831.91,81.53,626.51,5.501,70.03,22.402,25.849,1.704,24.6,18.865,6825.37,81.66,625.97,5.531,69.95,22.355,25.867,1.695,24.577,18.797,COOLING_DEGRADATION,1.0,0.4,1.0,1.0,1.0,0.0,0.0,0.0,0.0
44.7,TAKEOFF,92.45,65.09,1117.5,27.76,97.315,1.1266,6832.63,81.54,626.56,5.501,70.04,22.405,25.849,1.704,24.6,18.868,6828.64,82.14,623.79,5.6,70.32,22.447,25.89,1.689,24.678,18.993,COOLING_DEGRADATION,1.0,0.4,1.0,1.0,1.0,0.0,0.0,0.0,0.0
44.8,TAKEOFF,92.47,65.1,1120.0,27.76,97.306,1.1265,6833.36,81.54,626.61,5.502,70.04,22.409,25.849,1.704,24.6,18.87,6833.72,81.99,626.42,5.478,69.94,22.514,25.865,1.753,24.592,18.804,COOLING_DEGRADATION,1.0,0.4,1.0,1.0,1.0,0.0,0.0,0.0,0.0
44.9,TAKEOFF,92.48,65.11,1122.5,27.75,97.297,1.1265,6834.08,81.55,626.65,5.502,70.05,22.412,25.85,1.704,24.6,18.873,6832.91,80.78,628.26,5.489,70.37,22.436,25.865,1.64,24.614,19.022,COOLING_DEGRADATION,1.0,0.4,1.0,1.0,1.0,0.0,0.0,0.0,0.0
45.0,TAKEOFF,92.5,65.13,1125.0,27.75,97.288,1.1264,6834.81,81.56,626.7,5.502,70.06,22.416,25.85,1.704,24.6,18.875,6840.81,80.77,625.43,5.477,69.81,22.546,25.846,1.684,24.543,18.974,COOLING_DEGRADATION,1.0,0.4,1.0,1.0,1.0,0.0,0.0,0.0,0.0
45.1,TAKEOFF,92.52,65.14,1127.5,27.74,97.28,1.1263,6835.53,81.57,626.75,5.503,70.07,22.42,25.85,1.705,24.6,18.878,6827.97,81.86,625.58,5.545,70.09,22.502,25.827,1.714,24.662,18.866,COOLING_DEGRADATION,1.0,0.4,1.0,1.0,1.0,0.0,0.0,0.0,0.0
45.2,TAKEOFF,92.53,65.15,1130.0,27.74,97.271,1.1262,6836.26,81.57,626.8,5.503,70.07,22.423,25.851,1.705,24.6,18.88,6843.01,81.85,628.18,5.507,70.13,22.416,25.898,1.698,24.623,18.856,COOLING_DEGRADATION,1.0,0.4,1.0,1.0,1.0,0.0,0.0,0.0,0.0
45.3,TAKEOFF,92.55,65.16,1132.5,27.73,97.262,1.1261,6836.98,81.58,626.85,5.503,70.08,22.427,25.851,1.705,24.6,18.883,6833.99,82.15,628.24,5.512,70.31,22.527,25.837,1.725,24.597,18.722,COOLING_DEGRADATION,1.0,0.4,1.0,1.0,1.0,0.0,0.0,0.0,0.0
45.4,TAKEOFF,92.57,65.17,1135.0,27.73,97.253,1.126,6837.71,81.59,626.9,5.504,70.09,22.43,25.851,1.705,24.6,18.885,6832.9,81.0,624.99,5.484,69.71,22.261,25.865,1.7,24.545,18.966,COOLING_DEGRADATION,1.0,0.4,1.0,1.0,1.0,0.0,0.0,0.0,0.0
45.5,TAKEOFF,92.58,65.18,1137.5,27.72,97.244,1.126,6838.44,81.59,626.95,5.504,70.1,22.434,25.852,1.705,24.6,18.888,6831.49,80.99,627.8,5.489,70.27,22.49,25.848,1.696,24.532,18.884,COOLING_DEGRADATION,1.0,0.4,1.0,1.0,1.0,0.0,0.0,0.0,0.0
45.6,TAKEOFF,92.6,65.19,1140.0,27.72,97.236,1.1259,6839.16,81.6,627.0,5.504,70.1,22.437,25.852,1.705,24.6,18.89,6837.94,81.17,626.5,5.501,69.83,22.379,25.976,1.708,24.638,18.861,COOLING_DEGRADATION,1.0,0.4,1.0,1.0,1.0,0.0,0.0,0.0,0.0
45.7,TAKEOFF,92.62,65.2,1142.5,27.71,97.227,1.1258,6839.89,81.61,627.05,5.504,70.11,22.441,25.852,1.706,24.6,18.893,6844.96,81.05,629.22,5.573,70.63,22.564,25.892,1.751,24.646,18.92,COOLING_DEGRADATION,1.0,0.4,1.0,1.0,1.0,0.0,0.0,0.0,0.0
45.8,TAKEOFF,92.63,65.21,1145.0,27.71,97.218,1.1257,6840.61,81.62,627.1,5.505,70.12,22.445,25.853,1.706,24.6,18.895,6846.04,81.17,625.6,5.488,70.03,22.384,25.849,1.763,24.56,18.854,COOLING_DEGRADATION,1.0,0.4,1.0,1.0,1.0,0.0,0.0,0.0,0.0
45.9,TAKEOFF,92.65,65.22,1147.5,27.7,97.209,1.1256,6841.34,81.62,627.14,5.505,70.13,22.448,25.853,1.706,24.6,18.898,6839.91,82.47,626.07,5.471,70.4,22.402,25.869,1.668,24.591,19.043,COOLING_DEGRADATION,1.0,0.4,1.0,1.0,1.0,0.0,0.0,0.0,0.0
46.0,TAKEOFF,92.67,65.23,1150.0,27.7,97.2,1.1255,6842.06,81.63,627.19,5.505,70.13,22.452,25.853,1.706,24.6,18.9,6841.87,81.71,627.22,5.488,69.72,22.4,25.813,1.741,24.623,18.908,COOLING_DEGRADATION,1.0,0.4,1.0,1.0,1.0,0.0,0.0,0.0,0.0
46.1,TAKEOFF,92.68,65.24,1152.5,27.69,97.192,1.1255,6842.79,81.64,627.24,5.506,70.14,22.455,25.854,1.706,24.6,18.903,6843.8,81.0,628.17,5.534,69.66,22.538,25.798,1.676,24.647,19.006,COOLING_DEGRADATION,1.0,0.4,1.0,1.0,1.0,0.0,0.0,0.0,0.0
46.2,TAKEOFF,92.7,65.26,1155.0,27.69,97.183,1.1254,6843.51,81.64,627.29,5.506,70.15,22.459,25.854,1.706,24.6,18.905,6842.94,82.07,626.52,5.504,70.13,22.471,25.964,1.595,24.642,18.685,COOLING_DEGRADATION,1.0,0.4,1.0,1.0,1.0,0.0,0.0,0.0,0.0
46.3,TAKEOFF,92.72,65.27,1157.5,27.68,97.174,1.1253,6844.24,81.65,627.34,5.506,70.16,22.462,25.854,1.707,24.6,18.908,6832.92,80.87,625.97,5.54,70.25,22.384,25.828,1.691,24.519,18.798,COOLING_DEGRADATION,1.0,0.4,1.0,1.0,1.0,0.0,0.0,0.0,0.0
46.4,TAKEOFF,92.73,65.28,1160.0,27.68,97.165,1.1252,6844.96,81.66,627.39,5.507,70.16,22.466,25.855,1.707,24.6,18.91,6842.07,81.27,627.39,5.515,70.45,22.5,25.892,1.674,24.633,18.858,COOLING_DEGRADATION,1.0,0.4,1.0,1.0,1.0,0.0,0.0,0.0,0.0
46.5,TAKEOFF,92.75,65.29,1162.5,27.67,97.157,1.1251,6845.69,81.67,627.43,5.507,70.17,22.47,25.855,1.707,24.6,18.913,6840.41,81.68,628.31,5.544,70.32,22.312,25.807,1.74,24.527,18.888,COOLING_DEGRADATION,1.0,0.4,1.0,1.0,1.0,0.0,0.0,0.0,0.0
46.6,TAKEOFF,92.77,65.3,1165.0,27.67,97.148,1.125,6846.41,81.67,627.48,5.507,70.18,22.473,25.855,1.707,24.6,18.915,6843.18,82.09,626.59,5.537,70.4,22.439,25.828,1.648,24.55,19.106,COOLING_DEGRADATION,1.0,0.4,1.0,1.0,1.0,0.0,0.0,0.0,0.0
46.7,TAKEOFF,92.78,65.31,1167.5,27.66,97.139,1.125,6847.14,81.68,627.53,5.508,70.18,22.477,25.856,1.707,24.6,18.918,6847.09,82.06,629.28,5.516,69.94,22.5,25.851,1.654,24.513,19.001,COOLING_DEGRADATION,1.0,0.4,1.0,1.0,1.0,0.0,0.0,0.0,0.0
46.8,TAKEOFF,92.8,65.32,1170.0,27.66,97.13,1.1249,6847.87,81.69,627.58,5.508,70.19,22.48,25.856,1.707,24.6,18.92,6858.8,82.57,628.99,5.539,70.52,22.461,25.845,1.618,24.59,18.893,COOLING_DEGRADATION,1.0,0.4,1.0,1.0,1.0,0.0,0.0,0.0,0.0
46.9,TAKEOFF,92.82,65.33,1172.5,27.65,97.121,1.1248,6848.59,81.69,627.62,5.508,70.2,22.484,25.856,1.708,24.6,18.923,6846.31,81.65,626.69,5.456,69.99,22.495,25.828,1.66,24.579,18.774,COOLING_DEGRADATION,1.0,0.4,1.0,1.0,1.0,0.0,0.0,0.0,0.0
47.0,TAKEOFF,92.83,65.34,1175.0,27.65,97.113,1.1247,6849.32,81.7,627.67,5.509,70.21,22.487,25.857,1.708,24.6,18.925,6850.83,82.25,625.52,5.481,69.98,22.44,25.888,1.728,24.682,18.914,COOLING_DEGRADATION,1.0,0.4,1.0,1.0,1.0,0.0,0.0,0.0,0.0
47.1,TAKEOFF,92.85,65.35,1177.5,27.64,97.104,1.1246,6850.04,81.71,627.72,5.509,70.21,22.491,25.857,1.708,24.6,18.928,6854.13,82.43,627.96,5.498,70.24,22.439,25.827,1.727,24.619,18.803,COOLING_DEGRADATION,1.0,0.4,1.0,1.0,1.0,0.0,0.0,0.0,0.0
47.2,TAKEOFF,92.87,65.36,1180.0,27.64,97.095,1.1245,6850.77,81.72,627.77,5.509,70.22,22.495,25.857,1.708,24.6,18.93,6851.05,82.63,626.14,5.502,69.86,22.635,25.867,1.769,24.617,18.999,COOLING_DEGRADATION,1.0,0.4,1.0,1.0,1.0,0.0,0.0,0.0,0.0
47.3,TAKEOFF,92.88,65.37,1182.5,27.63,97.086,1.1245,6851.49,81.72,627.81,5.509,70.23,22.498,25.858,1.708,24.6,18.933,6849.71,82.95,626.6,5.534,70.01,22.552,25.841,1.701,24.592,18.963,COOLING_DEGRADATION,1.0,0.4,1.0,1.0,1.0,0.0,0.0,0.0,0.0
47.4,TAKEOFF,92.9,65.39,1185.0,27.63,97.078,1.1244,6852.22,81.73,627.86,5.51,70.24,22.502,25.858,1.708,24.6,18.935,6851.5,82.17,628.9,5.504,69.89,22.596,25.899,1.675,24.567,18.896,COOLING_DEGRADATION,1.0,0.4,1.0,1.0,1.0,0.0,0.0,0.0,0.0
47.5,TAKEOFF,92.92,65.4,1187.5,27.62,97.069,1.1243,6852.94,81.74,627.91,5.51,70.24,22.505,25.858,1.708,24.6,18.938,6860.04,80.89,628.21,5.464,70.17,22.429,25.836,1.694,24.607,18.903,COOLING_DEGRADATION,1.0,0.4,1.0,1.0,1.0,0.0,0.0,0.0,0.0
47.6,TAKEOFF,92.93,65.41,1190.0,27.62,97.06,1.1242,6853.67,81.74,627.95,5.51,70.25,22.509,25.859,1.709,24.6,18.94,6860.19,82.31,630.14,5.534,70.8,22.457,25.86,1.601,24.693,18.915,COOLING_DEGRADATION,1.0,0.4,1.0,1.0,1.0,0.0,0.0,0.0,0.0
47.7,TAKEOFF,92.95,65.42,1192.5,27.61,97.051,1.1241,6854.39,81.75,628.0,5.511,70.26,22.512,25.859,1.709,24.6,18.943,6851.23,81.3,629.31,5.484,70.33,22.466,25.874,1.719,24.596,18.979,COOLING_DEGRADATION,1.0,0.4,1.0,1.0,1.0,0.0,0.0,0.0,0.0
47.8,TAKEOFF,92.97,65.43,1195.0,27.61,97.043,1.124,6855.12,81.76,628.05,5.511,70.26,22.516,25.859,1.709,24.6,18.945,6862.32,81.38,629.28,5.488,70.59,22.567,25.911,1.736,24.6,18.915,COOLING_DEGRADATION,1.0,0.4,1.0,1.0,1.0,0.0,0.0,0.0,0.0
47.9,TAKEOFF,92.98,65.44,1197.5,27.6,97.034,1.124,6855.84,81.77,628.09,5.511,70.27,22.52,25.86,1.709,24.6,18.948,6855.85,82.07,629.17,5.469,70.2,22.636,25.837,1.734,24.594,18.938,COOLING_DEGRADATION,1.0,0.4,1.0,1.0,1.0,0.0,0.0,0.0,0.0
48.0,TAKEOFF,93.0,65.45,1200.0,27.6,97.025,1.1239,6856.57,81.77,628.14,5.512,70.28,22.523,25.86,1.709,24.6,18.95,6857.51,81.34,630.92,5.467,69.68,22.568,25.822,1.67,24.635,18.98,COOLING_DEGRADATION,1.0,0.4,1.0,1.0,1.0,0.0,0.0,0.0,0.0
48.1,TAKEOFF,93.02,65.46,1202.5,27.59,97.016,1.1238,6857.29,81.78,628.19,5.512,70.28,22.527,25.86,1.709,24.6,18.953,6857.46,82.25,626.04,5.552,70.19,22.511,25.836,1.741,24.584,18.976,COOLING_DEGRADATION,1.0,0.4,1.0,1.0,1.0,0.0,0.0,0.0,0.0
48.2,TAKEOFF,93.03,65.47,1205.0,27.59,97.007,1.1237,6858.02,81.79,628.23,5.512,70.29,22.53,25.861,1.71,24.6,18.955,6861.25,81.62,627.95,5.519,70.4,22.536,25.85,1.799,24.608,19.07,COOLING_DEGRADATION,1.0,0.4,1.0,1.0,1.0,0.0,0.0,0.0,0.0
48.3,TAKEOFF,93.05,65.48,1207.5,27.58,96.999,1.1236,6858.74,81.79,628.28,5.513,70.3,22.534,25.861,1.71,24.6,18.958,6858.17,81.41,626.87,5.506,69.95,22.58,25.825,1.733,24.566,18.928,COOLING_DEGRADATION,1.0,0.4,1.0,1.0,1.0,0.0,0.0,0.0,0.0
48.4,TAKEOFF,93.07,65.49,1210.0,27.58,96.99,1.1235,6859.47,81.8,628.33,5.513,70.31,22.537,25.861,1.71,24.6,18.96,6862.12,81.5,626.4,5.467,70.01,22.581,25.909,1.682,24.579,18.825,COOLING_DEGRADATION,1.0,0.4,1.0,1.0,1.0,0.0,0.0,0.0,0.0
48.5,TAKEOFF,93.08,65.5,1212.5,27.57,96.981,1.1235,6860.19,81.81,628.37,5.513,70.31,22.541,25.862,1.71,24.6,18.963,6862.97,81.15,630.56,5.493,70.13,22.554,25.915,1.789,24.579,18.936,COOLING_DEGRADATION,1.0,0.4,1.0,1.0,1.0,0.0,0.0,0.0,0.0
48.6,TAKEOFF,93.1,65.52,1215.0,27.57,96.972,1.1234,6860.92,81.81,628.42,5.513,70.32,22.545,25.862,1.71,24.6,18.965,6863.23,82.34,629.02,5.513,70.18,22.483,25.936,1.693,24.624,18.941,COOLING_DEGRADATION,1.0,0.4,1.0,1.0,1.0,0.0,0.0,0.0,0.0
48.7,TAKEOFF,93.12,65.53,1217.5,27.56,96.964,1.1233,6861.64,81.82,628.47,5.514,70.33,22.548,25.862,1.71,24.6,18.968,6869.49,81.77,626.76,5.552,69.9,22.614,25.799,1.734,24.547,18.866,COOLING_DEGRADATION,1.0,0.4,1.0,1.0,1.0,0.0,0.0,0.0,0.0
48.8,TAKEOFF,93.13,65.54,1220.0,27.56,96.955,1.1232,6862.37,81.83,628.51,5.514,70.33,22.552,25.863,1.711,24.6,18.97,6868.51,83.28,629.11,5.563,70.18,22.625,25.905,1.721,24.729,19.097,COOLING_DEGRADATION,1.0,0.4,1.0,1.0,1.0,0.0,0.0,0.0,0.0
48.9,TAKEOFF,93.15,65.55,1222.5,27.55,96.946,1.1231,6863.09,81.84,628.56,5.514,70.34,22.555,25.863,1.711,24.6,18.973,6863.58,82.07,631.52,5.518,70.28,22.395,25.836,1.745,24.612,18.98,COOLING_DEGRADATION,1.0,0.4,1.0,1.0,1.0,0.0,0.0,0.0,0.0
49.0,TAKEOFF,93.17,65.56,1225.0,27.55,96.937,1.1231,6863.82,81.84,628.6,5.515,70.35,22.559,25.863,1.711,24.6,18.975,6872.1,81.94,627.02,5.511,70.12,22.615,25.803,1.731,24.669,18.95,COOLING_DEGRADATION,1.0,0.4,1.0,1.0,1.0,0.0,0.0,0.0,0.0
49.1,TAKEOFF,93.18,65.57,1227.5,27.54,96.929,1.123,6864.54,81.85,628.65,5.515,70.35,22.562,25.864,1.711,24.6,18.978,6859.26,81.13,628.49,5.512,70.55,22.514,25.912,1.79,24.565,19.04,COOLING_DEGRADATION,1.0,0.4,1.0,1.0,1.0,0.0,0.0,0.0,0.0
49.2,TAKEOFF,93.2,65.58,1230.0,27.54,96.92,1.1229,6865.27,81.86,628.69,5.515,70.36,22.566,25.864,1.711,24.6,18.98,6862.63,81.42,627.19,5.535,69.98,22.414,25.869,1.669,24.527,18.86,COOLING_DEGRADATION,1.0,0.4,1.0,1.0,1.0,0.0,0.0,0.0,0.0
49.3,TAKEOFF,93.22,65.59,1232.5,27.53,96.911,1.1228,6865.99,81.86,628.74,5.516,70.37,22.569,25.864,1.711,24.6,18.983,6859.67,81.72,630.27,5.506,70.34,22.765,25.829,1.701,24.606,18.916,COOLING_DEGRADATION,1.0,0.4,1.0,1.0,1.0,0.0,0.0,0.0,0.0
49.4,TAKEOFF,93.23,65.6,1235.0,27.53,96.902,1.1227,6866.72,81.87,628.79,5.516,70.37,22.573,25.865,1.711,24.6,18.985,6861.43,81.61,629.19,5.528,70.43,22.451,25.881,1.679,24.536,19.066,COOLING_DEGRADATION,1.0,0.4,1.0,1.0,1.0,0.0,0.0,0.0,0.0
49.5,TAKEOFF,93.25,65.61,1237.5,27.52,96.894,1.1226,6867.44,81.88,628.83,5.516,70.38,22.577,25.865,1.712,24.6,18.988,6866.44,81.77,628.92,5.524,70.95,22.546,25.925,1.794,24.651,18.8,COOLING_DEGRADATION,1.0,0.4,1.0,1.0,1.0,0.0,0.0,0.0,0.0
49.6,TAKEOFF,93.27,65.62,1240.0,27.52,96.885,1.1226,6868.17,81.89,628.88,5.517,70.39,22.58,25.865,1.712,24.6,18.99,6874.19,81.59,631.02,5.551,70.56,22.547,25.871,1.725,24.564,19.109,COOLING_DEGRADATION,1.0,0.4,1.0,1.0,1.0,0.0,0.0,0.0,0.0
49.7,TAKEOFF,93.28,65.63,1242.5,27.51,96.876,1.1225,6868.89,81.89,628.92,5.517,70.39,22.584,25.866,1.712,24.6,18.993,6868.72,82.1,626.72,5.507,69.87,22.428,25.849,1.716,24.589,19.026,COOLING_DEGRADATION,1.0,0.4,1.0,1.0,1.0,0.0,0.0,0.0,0.0
49.8,TAKEOFF,93.3,65.65,1245.0,27.51,96.867,1.1224,6869.62,81.9,628.97,5.517,70.4,22.587,25.866,1.712,24.6,18.995,6876.07,81.69,630.37,5.549,70.16,22.549,25.928,1.59,24.612,19.259,COOLING_DEGRADATION,1.0,0.4,1.0,1.0,1.0,0.0,0.0,0.0,0.0
49.9,TAKEOFF,93.32,65.66,1247.5,27.5,96.859,1.1223,6870.34,81.91,629.01,5.518,70.41,22.591,25.866,1.712,24.6,18.998,6860.73,82.8,627.68,5.506,70.49,22.623,25.85,1.676,24.648,19.207,COOLING_DEGRADATION,1.0,0.4,1.0,1.0,1.0,0.0,0.0,0.0,0.0
50.0,TAKEOFF,93.33,65.67,1250.0,27.5,96.85,1.1222,6871.07,81.91,629.06,5.518,70.41,22.594,25.867,1.712,24.6,19.0,6870.36,81.58,629.57,5.534,70.63,22.632,25.914,1.727,24.645,18.931,COOLING_DEGRADATION,1.0,0.4,1.0,1.0,1.0,0.0,0.0,0.0,0.0
50.1,TAKEOFF,93.35,65.68,1252.5,27.49,96.841,1.1221,6871.79,81.92,629.1,5.518,70.42,22.598,25.867,1.713,24.6,19.003,6867.36,81.31,629.36,5.525,70.6,22.549,25.832,1.651,24.619,18.995,COOLING_DEGRADATION,1.0,0.4,1.0,1.0,1.0,0.0,0.0,0.0,0.0
50.2,TAKEOFF,93.37,65.69,1255.0,27.49,96.832,1.1221,6872.52,81.93,629.15,5.518,70.43,22.602,25.867,1.713,24.6,19.005,6878.85,81.75,630.2,5.547,70.4,22.664,25.859,1.773,24.673,19.23,COOLING_DEGRADATION,1.0,0.4,1.0,1.0,1.0,0.0,0.0,0.0,0.0
50.3,TAKEOFF,93.38,65.7,1257.5,27.48,96.824,1.122,6873.24,81.94,629.19,5.519,70.43,22.605,25.868,1.713,24.6,19.008,6875.83,82.2,630.45,5.534,70.44,22.379,25.84,1.695,24.565,18.956,COOLING_DEGRADATION,1.0,0.4,1.0,1.0,1.0,0.0,0.0,0.0,0.0
50.4,TAKEOFF,93.4,65.71,1260.0,27.48,96.815,1.1219,6873.97,81.94,629.24,5.519,70.44,22.609,25.868,1.713,24.6,19.01,6866.6,81.84,629.45,5.514,70.63,22.599,25.935,1.658,24.59,19.064,COOLING_DEGRADATION,1.0,0.4,1.0,1.0,1.0,0.0,0.0,0.0,0.0
50.5,TAKEOFF,93.42,65.72,1262.5,27.47,96.806,1.1218,6874.69,81.95,629.28,5.519,70.45,22.612,25.868,1.713,24.6,19.013,6871.93,82.03,630.4,5.521,70.0,22.486,25.857,1.78,24.494,18.981,COOLING_DEGRADATION,1.0,0.4,1.0,1.0,1.0,0.0,0.0,0.0,0.0
50.6,TAKEOFF,93.43,65.73,1265.0,27.47,96.797,1.1217,6875.42,81.96,629.33,5.52,70.45,22.616,25.869,1.713,24.6,19.015,6873.64,82.82,628.37,5.537,70.25,22.621,25.916,1.712,24.49,18.993,COOLING_DEGRADATION,1.0,0.4,1.0,1.0,1.0,0.0,0.0,0.0,0.0
50.7,TAKEOFF,93.45,65.74,1267.5,27.46,96.789,1.1216,6876.14,81.96,629.37,5.52,70.46,22.619,25.869,1.714,24.6,19.018,6885.27,81.9,629.24,5.566,70.37,22.734,25.811,1.725,24.639,18.933,COOLING_DEGRADATION,1.0,0.4,1.0,1.0,1.0,0.0,0.0,0.0,0.0
50.8,TAKEOFF,93.47,65.75,1270.0,27.46,96.78,1.1216,6876.87,81.97,629.42,5.52,70.47,22.623,25.869,1.714,24.6,19.02,6890.0,82.51,627.97,5.546,70.56,22.549,25.895,1.696,24.598,19.07,COOLING_DEGRADATION,1.0,0.4,1.0,1.0,1.0,0.0,0.0,0.0,0.0
50.9,TAKEOFF,93.48,65.76,1272.5,27.45,96.771,1.1215,6877.59,81.98,629.46,5.521,70.47,22.627,25.87,1.714,24.6,19.023,6877.35,81.96,629.49,5.553,69.94,22.853,25.826,1.782,24.643,18.927,COOLING_DEGRADATION,1.0,0.4,1.0,1.0,1.0,0.0,0.0,0.0,0.0
51.0,TAKEOFF,93.5,65.78,1275.0,27.45,96.762,1.1214,6878.31,81.99,629.51,5.521,70.48,22.63,25.87,1.714,24.6,19.025,6873.84,82.11,630.34,5.509,70.61,22.552,25.786,1.777,24.584,19.007,COOLING_DEGRADATION,1.0,0.4,1.0,1.0,1.0,0.0,0.0,0.0,0.0
51.1,TAKEOFF,93.52,65.79,1277.5,27.44,96.754,1.1213,6879.04,81.99,629.55,5.521,70.49,22.634,25.87,1.714,24.6,19.028,6874.6,81.21,626.73,5.569,70.24,22.421,25.85,1.737,24.584,19.104,COOLING_DEGRADATION,1.0,0.4,1.0,1.0,1.0,0.0,0.0,0.0,0.0
51.2,TAKEOFF,93.53,65.8,1280.0,27.44,96.745,1.1212,6879.76,82.0,629.6,5.522,70.49,22.637,25.871,1.714,24.6,19.03,6873.69,82.03,627.56,5.473,70.21,22.681,25.925,1.7,24.61,19.031,COOLING_DEGRADATION,1.0,0.4,1.0,1.0,1.0,0.0,0.0,0.0,0.0
51.3,TAKEOFF,93.55,65.81,1282.5,27.43,96.736,1.1212,6880.49,82.01,629.64,5.522,70.5,22.641,25.871,1.715,24.6,19.033,6880.41,81.3,630.58,5.538,70.78,22.605,25.797,1.716,24.592,19.268,COOLING_DEGRADATION,1.0,0.4,1.0,1.0,1.0,0.0,0.0,0.0,0.0
51.4,TAKEOFF,93.57,65.82,1285.0,27.43,96.727,1.1211,6881.21,82.01,629.69,5.522,70.51,22.644,25.871,1.715,24.6,19.035,6885.46,82.1,629.64,5.492,70.7,22.443,25.866,1.669,24.627,18.811,COOLING_DEGRADATION,1.0,0.4,1.0,1.0,1.0,0.0,0.0,0.0,0.0
51.5,TAKEOFF,93.58,65.83,1287.5,27.42,96.719,1.121,6881.94,82.02,629.73,5.523,70.51,22.648,25.872,1.715,24.6,19.038,6884.3,82.33,629.32,5.529,70.39,22.549,25.872,1.681,24.546,18.889,COOLING_DEGRADATION,1.0,0.4,1.0,1.0,1.0,0.0,0.0,0.0,0.0
51.6,TAKEOFF,93.6,65.84,1290.0,27.42,96.71,1.1209,6882.66,82.03,629.77,5.523,70.52,22.652,25.872,1.715,24.6,19.04,6889.87,82.46,629.52,5.484,70.65,22.746,25.893,1.811,24.678,19.057,COOLING_DEGRADATION,1.0,0.4,1.0,1.0,1.0,0.0,0.0,0.0,0.0
51.7,TAKEOFF,93.62,65.85,1292.5,27.41,96.701,1.1208,6883.39,82.04,629.82,5.523,70.53,22.655,25.872,1.715,24.6,19.043,6889.31,82.6,630.51,5.573,70.48,22.603,25.864,1.792,24.606,19.004,COOLING_DEGRADATION,1.0,0.4,1.0,1.0,1.0,0.0,0.0,0.0,0.0
51.8,TAKEOFF,93.63,65.86,1295.0,27.41,96.692,1.1207,6884.11,82.04,629.86,5.524,70.53,22.659,25.873,1.715,24.6,19.045,6882.88,82.84,629.7,5.473,70.62,22.875,25.901,1.808,24.632,19.196,COOLING_DEGRADATION,1.0,0.4,1.0,1.0,1.0,0.0,0.0,0.0,0.0
51.9,TAKEOFF,93.65,65.87,1297.5,27.4,96.684,1.1207,6884.84,82.05,629.91,5.524,70.54,22.662,25.873,1.715,24.6,19.048,6886.19,82.31,628.52,5.563,70.14,22.54,25.894,1.639,24.592,18.961,COOLING_DEGRADATION,1.0,0.4,1.0,1.0,1.0,0.0,0.0,0.0,0.0
52.0,TAKEOFF,93.67,65.88,1300.0,27.4,96.675,1.1206,6885.56,82.06,629.95,5.524,70.55,22.666,25.873,1.716,24.6,19.05,6886.47,83.51,628.63,5.493,70.68,22.731,25.835,1.73,24.603,19.073,COOLING_DEGRADATION,1.0,0.4,1.0,1.0,1.0,0.0,0.0,0.0,0.0
52.1,TAKEOFF,93.68,65.89,1302.5,27.39,96.666,1.1205,6886.29,82.07,630.0,5.524,70.55,22.669,25.874,1.716,24.6,19.053,6881.32,82.35,628.98,5.56,70.91,22.697,25.863,1.729,24.522,19.121,COOLING_DEGRADATION,1.0,0.4,1.0,1.0,1.0,0.0,0.0,0.0,0.0
52.2,TAKEOFF,93.7,65.91,1305.0,27.39,96.658,1.1204,6887.01,82.07,630.04,5.525,70.56,22.673,25.874,1.716,24.6,19.055,6884.79,81.49,628.59,5.568,70.88,22.712,25.827,1.669,24.591,18.892,COOLING_DEGRADATION,1.0,0.4,1.0,1.0,1.0,0.0,0.0,0.0,0.0
52.3,TAKEOFF,93.72,65.92,1307.5,27.38,96.649,1.1203,6887.73,82.08,630.08,5.525,70.56,22.677,25.874,1.716,24.6,19.058,6882.65,82.51,631.84,5.47,70.43,22.698,25.937,1.679,24.58,19.022,COOLING_DEGRADATION,1.0,0.4,1.0,1.0,1.0,0.0,0.0,0.0,0.0
52.4,TAKEOFF,93.73,65.93,1310.0,27.38,96.64,1.1202,6888.46,82.09,630.13,5.525,70.57,22.68,25.875,1.716,24.6,19.06,6895.36,81.89,631.6,5.504,70.78,22.79,25.913,1.74,24.568,19.056,COOLING_DEGRADATION,1.0,0.4,1.0,1.0,1.0,0.0,0.0,0.0,0.0
52.5,TAKEOFF,93.75,65.94,1312.5,27.37,96.631,1.1202,6889.18,82.09,630.17,5.526,70.58,22.684,25.875,1.716,24.6,19.063,6888.5,81.57,629.37,5.568,70.8,22.762,25.904,1.7,24.634,19.064,COOLING_DEGRADATION,1.0,0.4,1.0,1.0,1.0,0.0,0.0,0.0,0.0
52.6,TAKEOFF,93.77,65.95,1315.0,27.37,96.623,1.1201,6889.91,82.1,630.21,5.526,70.58,22.687,25.875,1.717,24.6,19.065,6889.24,83.05,626.82,5.491,70.25,22.682,25.89,1.662,24.564,19.171,COOLING_DEGRADATION,1.0,0.4,1.0,1.0,1.0,0.0,0.0,0.0,0.0
52.7,TAKEOFF,93.78,65.96,1317.5,27.36,96.614,1.12,6890.63,82.11,630.26,5.526,70.59,22.691,25.876,1.717,24.6,19.068,6894.56,82.21,629.48,5.581,70.65,22.785,25.89,1.8,24.636,19.208,COOLING_DEGRADATION,1.0,0.4,1.0,1.0,1.0,0.0,0.0,0.0,0.0
52.8,TAKEOFF,93.8,65.97,1320.0,27.36,96.605,1.1199,6891.36,82.12,630.3,5.527,70.6,22.694,25.876,1.717,24.6,19.07,6885.94,81.42,632.58,5.489,70.58,22.523,25.936,1.718,24.564,19.187,COOLING_DEGRADATION,1.0,0.4,1.0,1.0,1.0,0.0,0.0,0.0,0.0
52.9,TAKEOFF,93.82,65.98,1322.5,27.35,96.596,1.1198,6892.08,82.12,630.35,5.527,70.6,22.698,25.876,1.717,24.6,19.073,6884.74,82.02,629.07,5.586,70.38,22.716,25.81,1.735,24.593,19.114,COOLING_DEGRADATION,1.0,0.4,1.0,1.0,1.0,0.0,0.0,0.0,0.0
53.0,TAKEOFF,93.83,65.99,1325.0,27.35,96.588,1.1197,6892.81,82.13,630.39,5.527,70.61,22.702,25.877,1.717,24.6,19.075,6883.0,81.76,631.52,5.575,70.38,22.779,25.913,1.713,24.58,19.089,COOLING_DEGRADATION,1.0,0.4,1.0,1.0,1.0,0.0,0.0,0.0,0.0
53.1,TAKEOFF,93.85,66.0,1327.5,27.34,96.579,1.1197,6893.53,82.14,630.43,5.528,70.62,22.705,25.877,1.717,24.6,19.078,6913.31,81.94,629.72,5.535,70.39,22.641,25.831,1.76,24.609,19.032,COOLING_DEGRADATION,1.0,0.4,1.0,1.0,1.0,0.0,0.0,0.0,0.0
53.2,TAKEOFF,93.87,66.01,1330.0,27.34,96.57,1.1196,6894.25,82.14,630.48,5.528,70.62,22.709,25.877,1.718,24.6,19.08,6884.17,82.14,628.52,5.485,70.16,22.853,25.939,1.756,24.643,19.08,COOLING_DEGRADATION,1.0,0.4,1.0,1.0,1.0,0.0,0.0,0.0,0.0
53.3,TAKEOFF,93.88,66.02,1332.5,27.33,96.562,1.1195,6894.98,82.15,630.52,5.528,70.63,22.712,25.878,1.718,24.6,19.083,6905.28,82.26,629.57,5.507,70.71,22.728,25.923,1.639,24.601,18.998,COOLING_DEGRADATION,1.0,0.4,1.0,1.0,1.0,0.0,0.0,0.0,0.0
53.4,TAKEOFF,93.9,66.04,1335.0,27.33,96.553,1.1194,6895.7,82.16,630.56,5.529,70.63,22.716,25.878,1.718,24.6,19.085,6887.58,81.87,630.39,5.562,70.68,22.588,25.885,1.685,24.609,18.991,COOLING_DEGRADATION,1.0,0.4,1.0,1.0,1.0,0.0,0.0,0.0,0.0
53.5,TAKEOFF,93.92,66.05,1337.5,27.32,96.544,1.1193,6896.43,82.17,630.61,5.529,70.64,22.719,25.878,1.718,24.6,19.088,6899.97,82.98,628.95,5.542,71.38,22.779,25.823,1.647,24.552,19.063,COOLING_DEGRADATION,1.0,0.4,1.0,1.0,1.0,0.0,0.0,0.0,0.0
53.6,TAKEOFF,93.93,66.06,1340.0,27.32,96.535,1.1193,6897.15,82.17,630.65,5.529,70.65,22.723,25.879,1.718,24.6,19.09,6893.52,81.44,632.01,5.541,70.81,22.833,25.835,1.837,24.628,19.179,COOLING_DEGRADATION,1.0,0.4,1.0,1.0,1.0,0.0,0.0,0.0,0.0
53.7,TAKEOFF,93.95,66.07,1342.5,27.31,96.527,1.1192,6897.88,82.18,630.69,5.53,70.65,22.726,25.879,1.718,24.6,19.093,6897.69,82.26,632.55,5.536,70.37,22.67,25.879,1.667,24.626,19.32,COOLING_DEGRADATION,1.0,0.4,1.0,1.0,1.0,0.0,0.0,0.0,0.0
53.8,TAKEOFF,93.97,66.08,1345.0,27.31,96.518,1.1191,6898.6,82.19,630.74,5.53,70.66,22.73,25.879,1.718,24.6,19.095,6900.24,82.02,630.17,5.527,71.01,22.608,25.817,1.855,24.607,19.104,COOLING_DEGRADATION,1.0,0.4,1.0,1.0,1.0,0.0,0.0,0.0,0.0
53.9,TAKEOFF,93.98,66.09,1347.5,27.3,96.509,1.119,6899.32,82.19,630.78,5.53,70.66,22.734,25.88,1.719,24.6,19.098,6900.49,81.93,630.27,5.488,69.92,22.739,25.874,1.7,24.583,19.299,COOLING_DEGRADATION,1.0,0.4,1.0,1.0,1.0,0.0,0.0,0.0,0.0
54.0,TAKEOFF,94.0,66.1,1350.0,27.3,96.5,1.1189,6900.05,82.2,630.82,5.53,70.67,22.737,25.88,1.719,24.6,19.1,6896.86,81.93,634.23,5.527,70.69,22.691,25.845,1.663,24.679,19.038,COOLING_DEGRADATION,1.0,0.4,1.0,1.0,1.0,0.0,0.0,0.0,0.0
54.1,TAKEOFF,94.02,66.11,1352.5,27.29,96.492,1.1188,6900.77,82.21,630.87,5.531,70.68,22.741,25.88,1.719,24.6,19.103,6898.45,82.48,630.19,5.564,70.73,22.938,25.828,1.682,24.634,19.083,COOLING_DEGRADATION,1.0,0.4,1.0,1.0,1.0,0.0,0.0,0.0,0.0
54.2,TAKEOFF,94.03,66.12,1355.0,27.29,96.483,1.1188,6901.5,82.22,630.91,5.531,70.68,22.744,25.881,1.719,24.6,19.105,6896.52,81.4,630.56,5.463,70.92,22.812,25.83,1.706,24.58,18.877,COOLING_DEGRADATION,1.0,0.4,1.0,1.0,1.0,0.0,0.0,0.0,0.0
54.3,TAKEOFF,94.05,66.13,1357.5,27.28,96.474,1.1187,6902.22,82.22,630.95,5.531,70.69,22.748,25.881,1.719,24.6,19.108,6901.75,82.55,632.68,5.55,71.0,22.829,25.842,1.723,24.607,19.05,COOLING_DEGRADATION,1.0,0.4,1.0,1.0,1.0,0.0,0.0,0.0,0.0
54.4,TAKEOFF,94.07,66.14,1360.0,27.28,96.466,1.1186,6902.95,82.23,631.0,5.532,70.69,22.751,25.881,1.719,24.6,19.11,6890.72,82.49,629.86,5.579,70.92,22.696,25.816,1.647,24.613,19.148,COOLING_DEGRADATION,1.0,0.4,1.0,1.0,1.0,0.0,0.0,0.0,0.0
54.5,TAKEOFF,94.08,66.15,1362.5,27.27,96.457,1.1185,6903.67,82.24,631.04,5.532,70.7,22.755,25.882,1.72,24.6,19.113,6901.0,82.42,632.29,5.572,70.84,22.534,25.925,1.703,24.555,19.081,COOLING_DEGRADATION,1.0,0.4,1.0,1.0,1.0,0.0,0.0,0.0,0.0
54.6,TAKEOFF,94.1,66.17,1365.0,27.27,96.448,1.1184,6904.39,82.24,631.08,5.532,70.71,22.759,25.882,1.72,24.6,19.115,6902.47,81.32,630.66,5.529,70.91,22.845,25.864,1.663,24.588,19.265,COOLING_DEGRADATION,1.0,0.4,1.0,1.0,1.0,0.0,0.0,0.0,0.0
54.7,TAKEOFF,94.12,66.18,1367.5,27.26,96.439,1.1183,6905.12,82.25,631.13,5.533,70.71,22.762,25.882,1.72,24.6,19.118,6913.0,82.07,629.07,5.536,70.87,22.778,25.935,1.692,24.714,18.995,COOLING_DEGRADATION,1.0,0.4,1.0,1.0,1.0,0.0,0.0,0.0,0.0
54.8,TAKEOFF,94.13,66.19,1370.0,27.26,96.431,1.1183,6905.84,82.26,631.17,5.533,70.72,22.766,25.883,1.72,24.6,19.12,6905.61,81.99,632.49,5.53,70.24,22.676,25.817,1.715,24.606,19.192,COOLING_DEGRADATION,1.0,0.4,1.0,1.0,1.0,0.0,0.0,0.0,0.0
54.9,TAKEOFF,94.15,66.2,1372.5,27.25,96.422,1.1182,6906.57,82.27,631.21,5.533,70.72,22.769,25.883,1.72,24.6,19.123,6907.38,82.88,630.16,5.522,70.98,22.761,25.851,1.704,24.62,19.211,COOLING_DEGRADATION,1.0,0.4,1.0,1.0,1.0,0.0,0.0,0.0,0.0
55.0,TAKEOFF,94.17,66.21,1375.0,27.25,96.413,1.1181,6907.29,82.27,631.26,5.534,70.73,22.773,25.883,1.72,24.6,19.125,6907.09,82.51,630.69,5.566,70.78,22.668,25.935,1.734,24.628,19.083,COOLING_DEGRADATION,1.0,0.4,1.0,1.0,1.0,0.0,0.0,0.0,0.0
55.1,TAKEOFF,94.18,66.22,1377.5,27.24,96.405,1.118,6908.01,82.28,631.3,5.534,70.74,22.776,25.884,1.721,24.6,19.128,6907.18,82.49,631.34,5.523,70.56,22.607,25.931,1.692,24.617,18.976,COOLING_DEGRADATION,1.0,0.4,1.0,1.0,1.0,0.0,0.0,0.0,0.0
55.2,TAKEOFF,94.2,66.23,1380.0,27.24,96.396,1.1179,6908.74,82.29,631.34,5.534,70.74,22.78,25.884,1.721,24.6,19.13,6903.51,81.61,631.21,5.516,71.28,22.781,25.9,1.733,24.643,19.092,COOLING_DEGRADATION,1.0,0.4,1.0,1.0,1.0,0.0,0.0,0.0,0.0
55.3,TAKEOFF,94.22,66.24,1382.5,27.23,96.387,1.1179,6909.46,82.29,631.38,5.535,70.75,22.784,25.884,1.721,24.6,19.133,6909.09,82.73,631.4,5.568,71.08,22.617,25.86,1.73,24.624,19.135,COOLING_DEGRADATION,1.0,0.4,1.0,1.0,1.0,0.0,0.0,0.0,0.0
55.4,TAKEOFF,94.23,66.25,1385.0,27.23,96.378,1.1178,6910.19,82.3,631.43,5.535,70.75,22.787,25.885,1.721,24.6,19.135,6902.91,81.69,630.23,5.543,70.9,22.773,25.983,1.811,24.645,19.381,COOLING_DEGRADATION,1.0,0.4,1.0,1.0,1.0,0.0,0.0,0.0,0.0
55.5,TAKEOFF,94.25,66.26,1387.5,27.22,96.37,1.1177,6910.91,82.31,631.47,5.535,70.76,22.791,25.885,1.721,24.6,19.138,6904.51,81.76,632.3,5.53,70.82,22.865,25.921,1.644,24.642,19.167,COOLING_DEGRADATION,1.0,0.4,1.0,1.0,1.0,0.0,0.0,0.0,0.0
55.6,TAKEOFF,94.27,66.27,1390.0,27.22,96.361,1.1176,6911.64,82.32,631.51,5.536,70.77,22.794,25.885,1.721,24.6,19.14,6911.87,82.54,631.34,5.585,70.68,23.01,25.914,1.676,24.62,19.058,COOLING_DEGRADATION,1.0,0.4,1.0,1.0,1.0,0.0,0.0,0.0,0.0
55.7,TAKEOFF,94.28,66.28,1392.5,27.21,96.352,1.1175,6912.36,82.32,631.56,5.536,70.77,22.798,25.886,1.722,24.6,19.143,6905.58,82.21,630.97,5.529,70.49,22.911,25.84,1.73,24.552,19.146,COOLING_DEGRADATION,1.0,0.4,1.0,1.0,1.0,0.0,0.0,0.0,0.0
55.8,TAKEOFF,94.3,66.3,1395.0,27.21,96.344,1.1174,6913.08,82.33,631.6,5.536,70.78,22.801,25.886,1.722,24.6,19.145,6906.82,82.51,632.03,5.555,70.84,22.685,25.936,1.632,24.602,19.27,COOLING_DEGRADATION,1.0,0.4,1.0,1.0,1.0,0.0,0.0,0.0,0.0
55.9,TAKEOFF,94.32,66.31,1397.5,27.2,96.335,1.1174,6913.81,82.34,631.64,5.537,70.78,22.805,25.886,1.722,24.6,19.148,6913.89,83.39,631.6,5.591,71.19,22.765,25.81,1.737,24.618,19.107,COOLING_DEGRADATION,1.0,0.4,1.0,1.0,1.0,0.0,0.0,0.0,0.0
56.0,TAKEOFF,94.33,66.32,1400.0,27.2,96.326,1.1173,6914.53,82.35,631.68,5.537,70.79,22.809,25.887,1.722,24.6,19.15,6904.87,82.99,635.05,5.555,70.82,22.79,25.881,1.733,24.616,19.022,COOLING_DEGRADATION,1.0,0.4,1.0,1.0,1.0,0.0,0.0,0.0,0.0
56.1,TAKEOFF,94.35,66.33,1402.5,27.19,96.318,1.1172,6915.26,82.35,631.73,5.537,70.79,22.812,25.887,1.722,24.6,19.153,6925.92,82.52,633.94,5.536,70.19,22.754,25.848,1.731,24.605,19.191,COOLING_DEGRADATION,1.0,0.4,1.0,1.0,1.0,0.0,0.0,0.0,0.0
56.2,TAKEOFF,94.37,66.34,1405.0,27.19,96.309,1.1171,6915.98,82.36,631.77,5.538,70.8,22.816,25.887,1.722,24.6,19.155,6922.88,82.36,632.46,5.532,70.69,23.029,25.865,1.724,24.602,19.008,COOLING_DEGRADATION,1.0,0.4,1.0,1.0,1.0,0.0,0.0,0.0,0.0
56.3,TAKEOFF,94.38,66.35,1407.5,27.18,96.3,1.117,6916.7,82.37,631.81,5.538,70.81,22.819,25.888,1.722,24.6,19.158,6922.45,82.86,632.77,5.523,70.92,23.034,25.977,1.735,24.641,19.001,COOLING_DEGRADATION,1.0,0.4,1.0,1.0,1.0,0.0,0.0,0.0,0.0
56.4,TAKEOFF,94.4,66.36,1410.0,27.18,96.291,1.1169,6917.43,82.37,631.85,5.538,70.81,22.823,25.888,1.723,24.6,19.16,6918.58,82.07,631.46,5.574,70.31,22.661,25.833,1.697,24.474,19.122,COOLING_DEGRADATION,1.0,0.4,1.0,1.0,1.0,0.0,0.0,0.0,0.0
56.5,TAKEOFF,94.42,66.37,1412.5,27.17,96.283,1.1169,6918.15,82.38,631.9,5.538,70.82,22.826,25.888,1.723,24.6,19.163,6914.13,82.56,631.54,5.568,70.92,22.636,25.901,1.795,24.5,19.141,COOLING_DEGRADATION,1.0,0.4,1.0,1.0,1.0,0.0,0.0,0.0,0.0
56.6,TAKEOFF,94.43,66.38,1415.0,27.17,96.274,1.1168,6918.87,82.39,631.94,5.539,70.82,22.83,25.889,1.723,24.6,19.165,6922.44,82.25,632.78,5.535,70.61,22.874,25.875,1.701,24.457,19.149,COOLING_DEGRADATION,1.0,0.4,1.0,1.0,1.0,0.0,0.0,0.0,0.0
56.7,TAKEOFF,94.45,66.39,1417.5,27.16,96.265,1.1167,6919.6,82.4,631.98,5.539,70.83,22.834,25.889,1.723,24.6,19.168,6918.8,82.3,633.66,5.565,71.14,22.769,25.925,1.758,24.61,19.101,COOLING_DEGRADATION,1.0,0.4,1.0,1.0,1.0,0.0,0.0,0.0,0.0
56.8,TAKEOFF,94.47,66.4,1420.0,27.16,96.257,1.1166,6920.32,82.4,632.02,5.539,70.83,22.837,25.889,1.723,24.6,19.17,6919.09,82.46,631.58,5.503,71.23,22.797,25.9,1.72,24.63,19.183,COOLING_DEGRADATION,1.0,0.4,1.0,1.0,1.0,0.0,0.0,0.0,0.0
56.9,TAKEOFF,94.48,66.41,1422.5,27.15,96.248,1.1165,6921.05,82.41,632.07,5.54,70.84,22.841,25.89,1.723,24.6,19.173,6920.06,81.73,634.21,5.521,70.79,22.812,25.816,1.74,24.649,19.173,COOLING_DEGRADATION,1.0,0.4,1.0,1.0,1.0,0.0,0.0,0.0,0.0
57.0,TAKEOFF,94.5,66.43,1425.0,27.15,96.239,1.1165,6921.77,82.42,632.11,5.54,70.85,22.844,25.89,1.724,24.6,19.175,6917.72,82.18,631.84,5.515,70.59,22.858,25.84,1.771,24.556,19.081,COOLING_DEGRADATION,1.0,0.4,1.0,1.0,1.0,0.0,0.0,0.0,0.0
57.1,TAKEOFF,94.52,66.44,1427.5,27.14,96.231,1.1164,6922.49,82.42,632.15,5.54,70.85,22.848,25.89,1.724,24.6,19.178,6922.58,81.96,633.31,5.569,70.5,22.994,25.893,1.81,24.587,19.091,COOLING_DEGRADATION,1.0,0.4,1.0,1.0,1.0,0.0,0.0,0.0,0.0
57.2,TAKEOFF,94.53,66.45,1430.0,27.14,96.222,1.1163,6923.22,82.43,632.19,5.541,70.86,22.851,25.891,1.724,24.6,19.18,6925.45,81.95,629.96,5.544,70.25,22.847,25.858,1.692,24.674,19.043,COOLING_DEGRADATION,1.0,0.4,1.0,1.0,1.0,0.0,0.0,0.0,0.0
57.3,TAKEOFF,94.55,66.46,1432.5,27.13,96.213,1.1162,6923.94,82.44,632.24,5.541,70.86,22.855,25.891,1.724,24.6,19.183,6930.12,82.74,633.52,5.514,70.68,22.988,25.85,1.778,24.663,19.265,COOLING_DEGRADATION,1.0,0.4,1.0,1.0,1.0,0.0,0.0,0.0,0.0
57.4,TAKEOFF,94.57,66.47,1435.0,27.13,96.205,1.1161,6924.67,82.45,632.28,5.541,70.87,22.858,25.891,1.724,24.6,19.185,6929.8,82.34,631.96,5.6,70.57,22.705,25.893,1.779,24.654,19.163,COOLING_DEGRADATION,1.0,0.4,1.0,1.0,1.0,0.0,0.0,0.0,0.0
57.5,TAKEOFF,94.58,66.48,1437.5,27.12,96.196,1.116,6925.39,82.45,632.32,5.542,70.87,22.862,25.892,1.724,24.6,19.188,6926.86,83.69,633.96,5.54,70.94,22.865,25.913,1.73,24.619,19.207,COOLING_DEGRADATION,1.0,0.4,1.0,1.0,1.0,0.0,0.0,0.0,0.0
57.6,TAKEOFF,94.6,66.49,1440.0,27.12,96.187,1.116,6926.11,82.46,632.36,5.542,70.88,22.866,25.892,1.725,24.6,19.19,6918.79,82.88,633.65,5.556,71.35,22.719,26.001,1.82,24.672,19.104,COOLING_DEGRADATION,1.0,0.4,1.0,1.0,1.0,0.0,0.0,0.0,0.0
57.7,TAKEOFF,94.62,66.5,1442.5,27.11,96.178,1.1159,6926.84,82.47,632.4,5.542,70.89,22.869,25.892,1.725,24.6,19.193,6934.41,83.0,631.86,5.523,70.93,22.939,25.864,1.7,24.588,19.133,COOLING_DEGRADATION,1.0,0.4,1.0,1.0,1.0,0.0,0.0,0.0,0.0
57.8,TAKEOFF,94.63,66.51,1445.0,27.11,96.17,1.1158,6927.56,82.48,632.45,5.543,70.89,22.873,25.893,1.725,24.6,19.195,6930.74,83.31,631.37,5.531,71.07,23.056,25.929,1.766,24.745,19.312,COOLING_DEGRADATION,1.0,0.4,1.0,1.0,1.0,0.0,0.0,0.0,0.0
57.9,TAKEOFF,94.65,66.52,1447.5,27.1,96.161,1.1157,6928.28,82.48,632.49,5.543,70.9,22.876,25.893,1.725,24.6,19.198,6934.4,83.03,633.97,5.574,71.12,22.977,25.934,1.667,24.62,19.013,COOLING_DEGRADATION,1.0,0.4,1.0,1.0,1.0,0.0,0.0,0.0,0.0
58.0,TAKEOFF,94.67,66.53,1450.0,27.1,96.152,1.1156,6929.01,82.49,632.53,5.543,70.9,22.88,25.893,1.725,24.6,19.2,6925.49,82.12,634.17,5.491,70.92,22.773,25.97,1.746,24.545,18.992,COOLING_DEGRADATION,1.0,0.4,1.0,1.0,1.0,0.0,0.0,0.0,0.0
58.1,TAKEOFF,94.68,66.54,1452.5,27.09,96.144,1.1155,6929.73,82.5,632.57,5.544,70.91,22.883,25.894,1.725,24.6,19.203,6927.48,81.65,631.84,5.531,70.58,22.957,25.842,1.765,24.62,19.19,COOLING_DEGRADATION,1.0,0.4,1.0,1.0,1.0,0.0,0.0,0.0,0.0
58.2,TAKEOFF,94.7,66.56,1455.0,27.09,96.135,1.1155,6930.46,82.5,632.61,5.544,70.91,22.887,25.894,1.725,24.6,19.205,6937.83,83.33,634.7,5.556,70.7,22.862,25.917,1.712,24.562,19.094,COOLING_DEGRADATION,1.0,0.4,1.0,1.0,1.0,0.0,0.0,0.0,0.0
58.3,TAKEOFF,94.72,66.57,1457.5,27.08,96.126,1.1154,6931.18,82.51,632.66,5.544,70.92,22.891,25.894,1.726,24.6,19.208,6921.39,82.76,633.18,5.573,71.17,22.766,25.915,1.714,24.611,19.123,COOLING_DEGRADATION,1.0,0.4,1.0,1.0,1.0,0.0,0.0,0.0,0.0
58.4,TAKEOFF,94.73,66.58,1460.0,27.08,96.118,1.1153,6931.9,82.52,632.7,5.545,70.92,22.894,25.895,1.726,24.6,19.21,6931.49,82.34,633.25,5.513,70.8,22.88,25.839,1.741,24.678,18.95,COOLING_DEGRADATION,1.0,0.4,1.0,1.0,1.0,0.0,0.0,0.0,0.0
58.5,TAKEOFF,94.75,66.59,1462.5,27.07,96.109,1.1152,6932.63,82.53,632.74,5.545,70.93,22.898,25.895,1.726,24.6,19.213,6929.44,82.25,631.58,5.525,70.62,22.804,25.863,1.739,24.627,19.114,COOLING_DEGRADATION,1.0,0.4,1.0,1.0,1.0,0.0,0.0,0.0,0.0
58.6,TAKEOFF,94.77,66.6,1465.0,27.07,96.1,1.1151,6933.35,82.53,632.78,5.545,70.93,22.901,25.895,1.726,24.6,19.215,6930.42,82.41,631.93,5.55,70.51,22.759,25.878,1.702,24.606,19.307,COOLING_DEGRADATION,1.0,0.4,1.0,1.0,1.0,0.0,0.0,0.0,0.0
58.7,TAKEOFF,94.78,66.61,1467.5,27.06,96.092,1.1151,6934.07,82.54,632.82,5.546,70.94,22.905,25.896,1.726,24.6,19.218,6937.81,83.11,632.16,5.534,71.38,23.056,25.85,1.693,24.562,19.233,COOLING_DEGRADATION,1.0,0.4,1.0,1.0,1.0,0.0,0.0,0.0,0.0
58.8,TAKEOFF,94.8,66.62,1470.0,27.06,96.083,1.115,6934.8,82.55,632.87,5.546,70.95,22.908,25.896,1.726,24.6,19.22,6925.89,82.0,632.8,5.561,71.19,23.029,25.875,1.767,24.519,19.118,COOLING_DEGRADATION,1.0,0.4,1.0,1.0,1.0,0.0,0.0,0.0,0.0
58.9,TAKEOFF,94.82,66.63,1472.5,27.05,96.074,1.1149,6935.52,82.55,632.91,5.546,70.95,22.912,25.896,1.727,24.6,19.223,6937.52,82.51,633.99,5.575,71.15,22.968,25.866,1.78,24.564,19.165,COOLING_DEGRADATION,1.0,0.4,1.0,1.0,1.0,0.0,0.0,0.0,0.0
59.0,TAKEOFF,94.83,66.64,1475.0,27.05,96.066,1.1148,6936.24,82.56,632.95,5.547,70.96,22.916,25.897,1.727,24.6,19.225,6938.44,82.44,632.18,5.502,70.66,22.955,25.868,1.664,24.53,19.267,COOLING_DEGRADATION,1.0,0.4,1.0,1.0,1.0,0.0,0.0,0.0,0.0
59.1,TAKEOFF,94.85,66.65,1477.5,27.04,96.057,1.1147,6936.97,82.57,632.99,5.547,70.96,22.919,25.897,1.727,24.6,19.228,6932.19,83.28,634.82,5.537,70.86,22.984,25.816,1.672,24.563,19.311,COOLING_DEGRADATION,1.0,0.4,1.0,1.0,1.0,0.0,0.0,0.0,0.0
59.2,TAKEOFF,94.87,66.66,1480.0,27.04,96.048,1.1146,6937.69,82.58,633.03,5.547,70.97,22.923,25.897,1.727,24.6,19.23,6940.6,83.03,632.97,5.52,70.72,22.854,25.976,1.66,24.681,19.308,COOLING_DEGRADATION,1.0,0.4,1.0,1.0,1.0,0.0,0.0,0.0,0.0
59.3,TAKEOFF,94.88,66.67,1482.5,27.03,96.04,1.1146,6938.41,82.58,633.08,5.548,70.97,22.926,25.898,1.727,24.6,19.233,6931.83,82.2,635.08,5.504,70.79,23.04,25.911,1.781,24.57,19.403,COOLING_DEGRADATION,1.0,0.4,1.0,1.0,1.0,0.0,0.0,0.0,0.0
59.4,TAKEOFF,94.9,66.69,1485.0,27.03,96.031,1.1145,6939.14,82.59,633.12,5.548,70.98,22.93,25.898,1.727,24.6,19.235,6936.34,82.46,633.25,5.575,70.75,22.79,25.899,1.698,24.591,19.034,COOLING_DEGRADATION,1.0,0.4,1.0,1.0,1.0,0.0,0.0,0.0,0.0
59.5,TAKEOFF,94.92,66.7,1487.5,27.02,96.022,1.1144,6939.86,82.6,633.16,5.548,70.98,22.933,25.898,1.728,24.6,19.238,6939.12,82.23,631.32,5.506,70.86,22.949,25.941,1.838,24.584,19.222,COOLING_DEGRADATION,1.0,0.4,1.0,1.0,1.0,0.0,0.0,0.0,0.0
59.6,TAKEOFF,94.93,66.71,1490.0,27.02,96.013,1.1143,6940.58,82.61,633.2,5.548,70.99,22.937,25.899,1.728,24.6,19.24,6933.99,83.29,634.56,5.573,71.34,22.79,25.918,1.685,24.624,19.162,COOLING_DEGRADATION,1.0,0.4,1.0,1.0,1.0,0.0,0.0,0.0,0.0
59.7,TAKEOFF,94.95,66.72,1492.5,27.01,96.005,1.1142,6941.31,82.61,633.24,5.549,70.99,22.941,25.899,1.728,24.6,19.243,6941.34,82.99,632.64,5.585,70.78,22.975,25.904,1.802,24.601,19.33,COOLING_DEGRADATION,1.0,0.4,1.0,1.0,1.0,0.0,0.0,0.0,0.0
59.8,TAKEOFF,94.97,66.73,1495.0,27.01,95.996,1.1141,6942.03,82.62,633.29,5.549,71.0,22.944,25.899,1.728,24.6,19.245,6944.91,82.96,631.64,5.562,71.35,22.924,25.877,1.617,24.608,19.33,COOLING_DEGRADATION,1.0,0.4,1.0,1.0,1.0,0.0,0.0,0.0,0.0
59.9,TAKEOFF,94.98,66.74,1497.5,27.0,95.987,1.1141,6942.76,82.63,633.33,5.549,71.0,22.948,25.9,1.728,24.6,19.248,6947.15,81.35,631.96,5.604,71.23,23.074,25.831,1.661,24.615,19.104,COOLING_DEGRADATION,1.0,0.4,1.0,1.0,1.0,0.0,0.0,0.0,0.0
60.0,CLIMB,85.0,60.25,1500.0,27.0,95.979,1.114,6920.58,82.63,633.08,5.538,71.01,20.891,25.7,1.674,24.6,17.75,6917.58,82.49,631.35,5.468,70.99,20.936,25.687,1.602,24.593,17.661,COOLING_DEGRADATION,1.0,0.4,1.0,1.0,1.0,0.0,0.0,0.0,0.0
60.1,CLIMB,84.99,60.24,1507.08,26.99,95.954,1.1138,6899.48,82.64,632.83,5.527,71.01,20.89,25.7,1.672,24.6,17.749,6905.08,82.88,633.18,5.495,70.77,20.764,25.759,1.619,24.612,17.841,COOLING_DEGRADATION,1.0,0.4,1.0,1.0,1.0,0.0,0.0,0.0,0.0
60.2,CLIMB,84.98,60.24,1514.17,26.97,95.93,1.1135,6879.42,82.65,632.59,5.517,71.02,20.889,25.7,1.67,24.6,17.747,6878.61,83.12,633.75,5.568,71.6,20.944,25.714,1.713,24.551,17.929,COOLING_DEGRADATION,1.0,0.4,1.0,1.0,1.0,0.0,0.0,0.0,0.0
60.3,CLIMB,84.97,60.23,1521.25,26.96,95.905,1.1133,6860.34,82.65,632.35,5.507,71.02,20.887,25.7,1.668,24.6,17.746,6868.72,83.53,634.13,5.542,70.33,20.962,25.656,1.697,24.605,17.823,COOLING_DEGRADATION,1.0,0.4,1.0,1.0,1.0,0.0,0.0,0.0,0.0
60.4,CLIMB,84.97,60.23,1528.33,26.94,95.881,1.1131,6842.18,82.66,632.11,5.498,71.03,20.886,25.699,1.666,24.6,17.745,6833.85,83.72,632.98,5.481,70.83,20.81,25.74,1.622,24.621,17.771,COOLING_DEGRADATION,1.0,0.4,1.0,1.0,1.0,0.0,0.0,0.0,0.0
60.5,CLIMB,84.96,60.22,1535.42,26.93,95.856,1.1128,6824.91,82.66,631.88,5.489,71.03,20.885,25.699,1.664,24.6,17.744,6830.46,82.05,632.72,5.477,71.16,20.796,25.634,1.586,24.57,17.862,COOLING_DEGRADATION,1.0,0.4,1.0,1.0,1.0,0.0,0.0,0.0,0.0
60.6,CLIMB,84.95,60.22,1542.5,26.91,95.831,1.1126,6808.48,82.67,631.65,5.48,71.04,20.883,25.699,1.663,24.6,17.742,6810.81,82.32,633.36,5.505,71.05,20.872,25.721,1.736,24.585,17.786,COOLING_DEGRADATION,1.0,0.4,1.0,1.0,1.0,0.0,0.0,0.0,0.0
60.7,CLIMB,84.94,60.21,1549.58,26.9,95.807,1.1124,6792.85,82.68,631.42,5.472,71.04,20.882,25.699,1.661,24.6,17.741,6794.91,82.52,632.26,5.468,70.89,21.053,25.703,1.654,24.653,17.791,COOLING_DEGRADATION,1.0,0.4,1.0,1.0,1.0,0.0,0.0,0.0,0.0
60.8,CLIMB,84.93,60.21,1556.67,26.89,95.782,1.1121,6777.97,82.68,631.19,5.465,71.05,20.881,25.699,1.659,24.6,17.74,6768.1,83.66,630.8,5.449,71.35,20.824,25.763,1.684,24.678,17.841,COOLING_DEGRADATION,1.0,0.4,1.0,1.0,1.0,0.0,0.0,0.0,0.0
60.9,CLIMB,84.92,60.2,1563.75,26.87,95.758,1.1119,6763.82,82.69,630.97,5.458,71.05,20.879,25.698,1.658,24.6,17.739,6759.5,82.93,629.48,5.454,71.15,20.871,25.771,1.581,24.547,17.884,COOLING_DEGRADATION,1.0,0.4,1.0,1.0,1.0,0.0,0.0,0.0,0.0
61.0,CLIMB,84.92,60.2,1570.83,26.86,95.733,1.1117,6750.35,82.7,630.75,5.451,71.06,20.878,25.698,1.657,24.6,17.737,6748.13,82.57,631.38,5.436,71.01,20.725,25.692,1.687,24.54,17.78,COOLING_DEGRADATION,1.0,0.4,1.0,1.0,1.0,0.0,0.0,0.0,0.0
61.1,CLIMB,84.91,60.19,1577.92,26.84,95.709,1.1114,6737.52,82.7,630.53,5.444,71.06,20.877,25.698,1.655,24.6,17.736,6741.64,82.76,628.72,5.392,71.33,21.058,25.548,1.588,24.631,17.98,COOLING_DEGRADATION,1.0,0.4,1.0,1.0,1.0,0.0,0.0,0.0,0.0
61.2,CLIMB,84.9,60.18,1585.0,26.83,95.684,1.1112,6725.32,82.71,630.32,5.438,71.07,20.875,25.698,1.654,24.6,17.735,6723.91,83.17,633.01,5.439,71.49,20.864,25.621,1.649,24.59,17.809,COOLING_DEGRADATION,1.0,0.4,1.0,1.0,1.0,0.0,0.0,0.0,0.0
61.3,CLIMB,84.89,60.18,1592.08,26.82,95.66,1.111,6713.7,82.71,630.1,5.432,71.07,20.874,25.698,1.653,24.6,17.734,6709.96,81.47,630.9,5.434,71.01,20.775,25.663,1.705,24.582,17.745,COOLING_DEGRADATION,1.0,0.4,1.0,1.0,1.0,0.0,0.0,0.0,0.0
61.4,CLIMB,84.88,60.17,1599.17,26.8,95.635,1.1107,6702.63,82.72,629.89,5.426,71.08,20.873,25.698,1.652,24.6,17.732,6699.77,82.58,630.62,5.421,71.24,20.749,25.715,1.697,24.661,17.468,COOLING_DEGRADATION,1.0,0.4,1.0,1.0,1.0,0.0,0.0,0.0,0.0
61.5,CLIMB,84.87,60.17,1606.25,26.79,95.611,1.1105,6692.1,82.73,629.69,5.421,71.08,20.871,25.697,1.651,24.6,17.731,6689.51,81.83,630.31,5.416,70.97,20.846,25.771,1.68,24.558,17.77,COOLING_DEGRADATION,1.0,0.4,1.0,1.0,1.0,0.0,0.0,0.0,0.0
61.6,CLIMB,84.87,60.16,1613.33,26.77,95.587,1.1103,6682.07,82.73,629.48,5.415,71.09,20.87,25.697,1.65,24.6,17.73,6681.96,82.97,627.3,5.427,71.44,20.952,25.693,1.7,24.668,17.786,COOLING_DEGRADATION,1.0,0.4,1.0,1.0,1.0,0.0,0.0,0.0,0.0
61.7,CLIMB,84.86,60.16,1620.42,26.76,95.562,1.11,6672.52,82.74,629.28,5.411,71.09,20.869,25.697,1.649,24.6,17.729,6672.57,82.92,630.76,5.411,70.69,20.716,25.698,1.666,24.574,17.652,COOLING_DEGRADATION,1.0,0.4,1.0,1.0,1.0,0.0,0.0,0.0,0.0
61.8,CLIMB,84.85,60.15,1627.5,26.74,95.538,1.1098,6663.42,82.75,629.08,5.406,71.1,20.867,25.697,1.648,24.6,17.727,6671.8,81.65,626.7,5.435,71.19,21.164,25.726,1.677,24.6,17.811,COOLING_DEGRADATION,1.0,0.4,1.0,1.0,1.0,0.0,0.0,0.0,0.0
61.9,CLIMB,84.84,60.15,1634.58,26.73,95.513,1.1096,6654.75,82.75,628.88,5.401,71.1,20.866,25.697,1.647,24.6,17.726,6659.72,81.97,630.49,5.42,71.44,20.843,25.706,1.702,24.581,17.778,COOLING_DEGRADATION,1.0,0.4,1.0,1.0,1.0,0.0,0.0,0.0,0.0
62.0,CLIMB,84.83,60.14,1641.67,26.72,95.489,1.1093,6646.49,82.76,628.68,5.397,71.11,20.864,25.697,1.646,24.6,17.725,6642.19,82.56,630.33,5.348,70.85,20.779,25.742,1.761,24.576,17.708,COOLING_DEGRADATION,1.0,0.4,1.0,1.0,1.0,0.0,0.0,0.0,0.0
62.1,CLIMB,84.82,60.14,1648.75,26.7,95.464,1.1091,6638.62,82.76,628.49,5.393,71.11,20.863,25.697,1.645,24.6,17.724,6639.67,83.6,630.73,5.435,71.3,20.975,25.736,1.646,24.578,17.783,COOLING_DEGRADATION,1.0,0.4,1.0,1.0,1.0,0.0,0.0,0.0,0.0
62.2,CLIMB,84.82,60.13,1655.83,26.69,95.44,1.1089,6631.11,82.77,628.3,5.389,71.12,20.862,25.696,1.644,24.6,17.722,6623.7,82.33,629.19,5.375,71.55,20.997,25.743,1.673,24.597,17.811,COOLING_DEGRADATION,1.0,0.4,1.0,1.0,1.0,0.0,0.0,0.0,0.0
62.3,CLIMB,84.81,60.13,1662.92,26.67,95.415,1.1086,6623.96,82.78,628.11,5.385,71.12,20.86,25.696,1.643,24.6,17.721,6622.76,83.09,628.21,5.396,70.75,20.72,25.721,1.68,24.596,17.892,COOLING_DEGRADATION,1.0,0.4,1.0,1.0,1.0,0.0,0.0,0.0,0.0
62.4,CLIMB,84.8,60.12,1670.0,26.66,95.391,1.1084,6617.15,82.78,627.92,5.382,71.13,20.859,25.696,1.643,24.6,17.72,6624.51,83.09,628.57,5.378,70.99,20.736,25.706,1.629,24.612,17.637,COOLING_DEGRADATION,1.0,0.4,1.0,1.0,1.0,0.0,0.0,0.0,0.0
62.5,CLIMB,84.79,60.11,1677.08,26.65,95.367,1.1082,6610.65,82.79,627.73,5.379,71.13,20.858,25.696,1.642,24.6,17.719,6608.42,82.81,622.7,5.332,71.57,20.944,25.701,1.63,24.687,17.753,COOLING_DEGRADATION,1.0,0.4,1.0,1.0,1.0,0.0,0.0,0.0,0.0
62.6,CLIMB,84.78,60.11,1684.17,26.63,95.342,1.108,6604.45,82.8,627.55,5.375,71.13,20.856,25.696,1.641,24.6,17.717,6601.02,82.78,631.03,5.367,70.52,20.809,25.695,1.721,24.617,17.637,COOLING_DEGRADATION,1.0,0.4,1.0,1.0,1.0,0.0,0.0,0.0,0.0
62.7,CLIMB,84.77,60.1,1691.25,26.62,95.318,1.1077,6598.53,82.8,627.37,5.372,71.14,20.855,25.695,1.641,24.6,17.716,6603.95,82.57,625.26,5.344,71.59,20.893,25.742,1.619,24.659,17.663,COOLING_DEGRADATION,1.0,0.4,1.0,1.0,1.0,0.0,0.0,0.0,0.0
62.8,CLIMB,84.77,60.1,1698.33,26.6,95.293,1.1075,6592.89,82.81,627.19,5.369,71.14,20.854,25.695,1.64,24.6,17.715,6593.82,83.16,628.52,5.372,70.77,20.699,25.728,1.573,24.588,17.743,COOLING_DEGRADATION,1.0,0.4,1.0,1.0,1.0,0.0,0.0,0.0,0.0
62.9,CLIMB,84.76,60.09,1705.42,26.59,95.269,1.1073,6587.51,82.81,627.01,5.367,71.15,20.852,25.695,1.639,24.6,17.714,6593.89,82.33,626.3,5.37,71.41,20.746,25.656,1.669,24.593,17.611,COOLING_DEGRADATION,1.0,0.4,1.0,1.0,1.0,0.0,0.0,0.0,0.0
63.0,CLIMB,84.75,60.09,1712.5,26.57,95.245,1.107,6582.37,82.82,626.84,5.364,71.15,20.851,25.695,1.639,24.6,17.712,6577.09,83.44,624.88,5.353,71.14,20.722,25.714,1.751,24.62,17.669,COOLING_DEGRADATION,1.0,0.4,1.0,1.0,1.0,0.0,0.0,0.0,0.0
63.1,CLIMB,84.74,60.08,1719.58,26.56,95.22,1.1068,6577.46,82.83,626.67,5.361,71.16,20.85,25.695,1.638,24.6,17.711,6581.06,82.68,627.41,5.341,71.47,21.06,25.792,1.566,24.591,17.767,COOLING_DEGRADATION,1.0,0.4,1.0,1.0,1.0,0.0,0.0,0.0,0.0
63.2,CLIMB,84.73,60.08,1726.67,26.55,95.196,1.1066,6572.78,82.83,626.49,5.359,71.16,20.848,25.695,1.638,24.6,17.71,6569.18,81.98,628.0,5.393,70.93,20.86,25.714,1.621,24.63,17.859,COOLING_DEGRADATION,1.0,0.4,1.0,1.0,1.0,0.0,0.0,0.0,0.0
63.3,CLIMB,84.72,60.07,1733.75,26.53,95.171,1.1063,6568.3,82.84,626.33,5.357,71.17,20.847,25.694,1.637,24.6,17.709,6570.83,82.51,626.14,5.332,70.87,20.716,25.58,1.635,24.614,17.709,COOLING_DEGRADATION,1.0,0.4,1.0,1.0,1.0,0.0,0.0,0.0,0.0
63.4,CLIMB,84.72,60.07,1740.83,26.52,95.147,1.1061,6564.03,82.85,626.16,5.354,71.17,20.846,25.694,1.637,24.6,17.707,6563.05,83.03,629.98,5.395,70.95,20.771,25.662,1.622,24.559,17.651,COOLING_DEGRADATION,1.0,0.4,1.0,1.0,1.0,0.0,0.0,0.0,0.0
63.5,CLIMB,84.71,60.06,1747.92,26.5,95.123,1.1059,6559.94,82.85,625.99,5.352,71.17,20.844,25.694,1.636,24.6,17.706,6571.48,82.31,626.67,5.347,71.44,21.049,25.738,1.678,24.584,17.759,COOLING_DEGRADATION,1.0,0.4,1.0,1.0,1.0,0.0,0.0,0.0,0.0
63.6,CLIMB,84.7,60.05,1755.0,26.49,95.098,1.1056,6556.04,82.86,625.83,5.35,71.18,20.843,25.694,1.636,24.6,17.705,6549.69,82.1,626.49,5.362,71.14,20.724,25.812,1.675,24.66,17.857,COOLING_DEGRADATION,1.0,0.4,1.0,1.0,1.0,0.0,0.0,0.0,0.0
63.7,CLIMB,84.69,60.05,1762.08,26.48,95.074,1.1054,6552.31,82.87,625.67,5.348,71.18,20.842,25.694,1.636,24.6,17.704,6556.68,83.11,626.1,5.345,71.5,20.935,25.746,1.634,24.503,17.761,COOLING_DEGRADATION,1.0,0.4,1.0,1.0,1.0,0.0,0.0,0.0,0.0
63.8,CLIMB,84.68,60.04,1769.17,26.46,95.05,1.1052,6548.73,82.87,625.51,5.347,71.19,20.84,25.694,1.635,24.6,17.702,6546.3,82.49,627.37,5.381,70.85,20.995,25.762,1.623,24.588,17.636,COOLING_DEGRADATION,1.0,0.4,1.0,1.0,1.0,0.0,0.0,0.0,0.0
63.9,CLIMB,84.67,60.04,1776.25,26.45,95.025,1.105,6545.32,82.88,625.35,5.345,71.19,20.839,25.694,1.635,24.6,17.701,6545.07,82.72,622.52,5.363,70.99,20.885,25.682,1.604,24.639,17.695,COOLING_DEGRADATION,1.0,0.4,1.0,1.0,1.0,0.0,0.0,0.0,0.0
64.0,CLIMB,84.67,60.03,1783.33,26.43,95.001,1.1047,6542.05,82.88,625.2,5.343,71.19,20.838,25.693,1.634,24.6,17.7,6537.99,82.8,625.53,5.368,70.84,20.791,25.811,1.7,24.622,17.709,COOLING_DEGRADATION,1.0,0.4,1.0,1.0,1.0,0.0,0.0,0.0,0.0
64.1,CLIMB,84.66,60.03,1790.42,26.42,94.977,1.1045,6538.92,82.89,625.04,5.341,71.2,20.836,25.693,1.634,24.6,17.699,6532.96,83.29,626.29,5.326,71.35,20.939,25.666,1.647,24.717,17.528,COOLING_DEGRADATION,1.0,0.4,1.0,1.0,1.0,0.0,0.0,0.0,0.0
64.2,CLIMB,84.65,60.02,1797.5,26.4,94.952,1.1043,6535.92,82.9,624.89,5.34,71.2,20.835,25.693,1.634,24.6,17.697,6536.63,83.52,623.07,5.344,71.57,20.678,25.761,1.62,24.592,17.692,COOLING_DEGRADATION,1.0,0.4,1.0,1.0,1.0,0.0,0.0,0.0,0.0
64.3,CLIMB,84.64,60.02,1804.58,26.39,94.928,1.104,6533.05,82.9,624.74,5.338,71.21,20.834,25.693,1.633,24.6,17.696,6527.63,83.17,625.67,5.267,71.3,20.808,25.77,1.649,24.548,17.671,COOLING_DEGRADATION,1.0,0.4,1.0,1.0,1.0,0.0,0.0,0.0,0.0
64.4,CLIMB,84.63,60.01,1811.67,26.38,94.904,1.1038,6530.29,82.91,624.59,5.337,71.21,20.832,25.693,1.633,24.6,17.695,6528.38,83.56,625.54,5.36,70.69,20.828,25.675,1.729,24.538,17.673,COOLING_DEGRADATION,1.0,0.4,1.0,1.0,1.0,0.0,0.0,0.0,0.0
64.5,CLIMB,84.62,60.01,1818.75,26.36,94.88,1.1036,6527.66,82.92,624.44,5.336,71.21,20.831,25.692,1.633,24.6,17.694,6517.38,83.18,624.52,5.365,71.43,20.569,25.739,1.648,24.594,17.645,COOLING_DEGRADATION,1.0,0.4,1.0,1.0,1.0,0.0,0.0,0.0,0.0
64.6,CLIMB,84.62,60.0,1825.83,26.35,94.855,1.1033,6525.12,82.92,624.3,5.334,71.22,20.83,25.692,1.633,24.6,17.692,6528.84,82.71,623.07,5.344,71.44,20.744,25.702,1.595,24.593,17.463,COOLING_DEGRADATION,1.0,0.4,1.0,1.0,1.0,0.0,0.0,0.0,0.0
64.7,CLIMB,84.61,60.0,1832.92,26.33,94.831,1.1031,6522.7,82.93,624.15,5.333,71.22,20.828,25.692,1.632,24.6,17.691,6528.61,82.34,624.33,5.327,71.71,20.959,25.664,1.612,24.671,17.525,COOLING_DEGRADATION,1.0,0.4,1.0,1.0,1.0,0.0,0.0,0.0,0.0
64.8,CLIMB,84.6,59.99,1840.0,26.32,94.807,1.1029,6520.36,82.93,624.01,5.332,71.23,20.827,25.692,1.632,24.6,17.69,6524.45,83.64,623.11,5.373,70.93,20.778,25.703,1.724,24.536,17.787,COOLING_DEGRADATION,1.0,0.4,1.0,1.0,1.0,0.0,0.0,0.0,0.0
64.9,CLIMB,84.59,59.98,1847.08,26.31,94.782,1.1027,6518.13,82.94,623.87,5.331,71.23,20.826,25.692,1.632,24.6,17.689,6524.24,82.23,624.97,5.333,71.33,20.96,25.643,1.546,24.602,17.535,COOLING_DEGRADATION,1.0,0.4,1.0,1.0,1.0,0.0,0.0,0.0,0.0
65.0,CLIMB,84.58,59.98,1854.17,26.29,94.758,1.1024,6515.97,82.95,623.73,5.329,71.23,20.824,25.692,1.631,24.6,17.687,6502.52,82.86,621.84,5.362,71.59,20.666,25.644,1.678,24.63,17.806,COOLING_DEGRADATION,1.0,0.4,1.0,1.0,1.0,0.0,0.0,0.0,0.0
65.1,CLIMB,84.57,59.97,1861.25,26.28,94.734,1.1022,6513.91,82.95,623.59,5.328,71.24,20.823,25.691,1.631,24.6,17.686,6504.86,82.71,622.78,5.332,70.63,20.791,25.713,1.673,24.509,17.745,COOLING_DEGRADATION,1.0,0.4,1.0,1.0,1.0,0.0,0.0,0.0,0.0
65.2,CLIMB,84.57,59.97,1868.33,26.26,94.71,1.102,6511.92,82.96,623.46,5.327,71.24,20.822,25.691,1.631,24.6,17.685,6506.37,82.84,625.68,5.294,71.45,20.703,25.739,1.623,24.565,17.607,COOLING_DEGRADATION,1.0,0.4,1.0,1.0,1.0,0.0,0.0,0.0,0.0
65.3,CLIMB,84.56,59.96,1875.42,26.25,94.685,1.1017,6510.01,82.97,623.32,5.326,71.24,20.82,25.691,1.631,24.6,17.684,6508.07,82.78,622.18,5.35,71.18,20.96,25.603,1.593,24.623,17.638,COOLING_DEGRADATION,1.0,0.4,1.0,1.0,1.0,0.0,0.0,0.0,0.0
65.4,CLIMB,84.55,59.96,1882.5,26.23,94.661,1.1015,6508.17,82.97,623.19,5.325,71.25,20.819,25.691,1.63,24.6,17.682,6505.23,82.36,622.61,5.318,71.24,20.746,25.745,1.563,24.494,17.627,COOLING_DEGRADATION,1.0,0.4,1.0,1.0,1.0,0.0,0.0,0.0,0.0
65.5,CLIMB,84.54,59.95,1889.58,26.22,94.637,1.1013,6506.39,82.98,623.06,5.324,71.25,20.818,25.691,1.63,24.6,17.681,6502.87,83.31,621.73,5.319,70.53,20.742,25.579,1.674,24.573,17.588,COOLING_DEGRADATION,1.0,0.4,1.0,1.0,1.0,0.0,0.0,0.0,0.0
65.6,CLIMB,84.53,59.95,1896.67,26.21,94.613,1.101,6504.68,82.98,622.93,5.323,71.26,20.816,25.691,1.63,24.6,17.68,6500.23,83.4,621.08,5.323,71.09,20.837,25.662,1.629,24.594,17.588,COOLING_DEGRADATION,1.0,0.4,1.0,1.0,1.0,0.0,0.0,0.0,0.0
65.7,CLIMB,84.52,59.94,1903.75,26.19,94.589,1.1008,6503.04,82.99,622.8,5.323,71.26,20.815,25.691,1.63,24.6,17.679,6499.02,84.02,622.72,5.294,71.2,20.849,25.755,1.681,24.527,17.733,COOLING_DEGRADATION,1.0,0.4,1.0,1.0,1.0,0.0,0.0,0.0,0.0
65.8,CLIMB,84.52,59.94,1910.83,26.18,94.564,1.1006,6501.45,83.0,622.67,5.322,71.26,20.814,25.69,1.63,24.6,17.677,6504.1,83.38,620.67,5.353,71.77,20.861,25.614,1.548,24.591,17.605,COOLING_DEGRADATION,1.0,0.4,1.0,1.0,1.0,0.0,0.0,0.0,0.0
65.9,CLIMB,84.51,59.93,1917.92,26.16,94.54,1.1004,6499.92,83.0,622.55,5.321,71.27,20.812,25.69,1.629,24.6,17.676,6495.82,83.08,622.69,5.326,71.22,20.71,25.686,1.619,24.68,17.702,COOLING_DEGRADATION,1.0,0.4,1.0,1.0,1.0,0.0,0.0,0.0,0.0
66.0,CLIMB,84.5,59.92,1925.0,26.15,94.516,1.1001,6498.43,83.01,622.42,5.32,71.27,20.811,25.69,1.629,24.6,17.675,6500.11,82.7,623.25,5.347,71.44,20.931,25.822,1.664,24.575,17.491,COOLING_DEGRADATION,1.0,0.4,1.0,1.0,1.0,0.0,0.0,0.0,0.0
66.1,CLIMB,84.49,59.92,1932.08,26.14,94.492,1.0999,6497.0,83.02,622.3,5.319,71.27,20.81,25.69,1.629,24.6,17.674,6496.39,82.64,622.58,5.356,71.72,20.683,25.711,1.67,24.61,17.817,COOLING_DEGRADATION,1.0,0.4,1.0,1.0,1.0,0.0,0.0,0.0,0.0
66.2,CLIMB,84.48,59.91,1939.17,26.12,94.468,1.0997,6495.62,83.02,622.18,5.319,71.28,20.808,25.69,1.629,24.6,17.672,6494.1,82.76,620.83,5.361,70.98,20.734,25.776,1.708,24.542,17.632,COOLING_DEGRADATION,1.0,0.4,1.0,1.0,1.0,0.0,0.0,0.0,0.0
66.3,CLIMB,84.47,59.91,1946.25,26.11,94.443,1.0994,6494.28,83.03,622.06,5.318,71.28,20.807,25.689,1.629,24.6,17.671,6491.09,82.62,622.3,5.337,71.12,20.812,25.704,1.544,24.636,17.68,COOLING_DEGRADATION,1.0,0.4,1.0,1.0,1.0,0.0,0.0,0.0,0.0
66.4,CLIMB,84.47,59.9,1953.33,26.09,94.419,1.0992,6492.99,83.03,621.94,5.317,71.28,20.806,25.689,1.629,24.6,17.67,6491.23,83.26,618.98,5.314,71.12,20.882,25.612,1.517,24.568,17.763,COOLING_DEGRADATION,1.0,0.4,1.0,1.0,1.0,0.0,0.0,0.0,0.0
66.5,CLIMB,84.46,59.9,1960.42,26.08,94.395,1.099,6491.73,83.04,621.82,5.317,71.29,20.804,25.689,1.628,24.6,17.669,6496.36,82.76,621.85,5.329,71.39,20.876,25.676,1.583,24.495,17.524,COOLING_DEGRADATION,1.0,0.4,1.0,1.0,1.0,0.0,0.0,0.0,0.0
66.6,CLIMB,84.45,59.89,1967.5,26.06,94.371,1.0987,6490.52,83.05,621.7,5.316,71.29,20.803,25.689,1.628,24.6,17.667,6483.16,83.34,621.29,5.29,70.66,20.592,25.665,1.597,24.623,17.646,COOLING_DEGRADATION,1.0,0.4,1.0,1.0,1.0,0.0,0.0,0.0,0.0
66.7,CLIMB,84.44,59.89,1974.58,26.05,94.347,1.0985,6489.34,83.05,621.59,5.315,71.29,20.801,25.689,1.628,24.6,17.666,6485.36,82.55,620.99,5.232,71.61,20.904,25.676,1.746,24.596,17.447,COOLING_DEGRADATION,1.0,0.4,1.0,1.0,1.0,0.0,0.0,0.0,0.0
66.8,CLIMB,84.43,59.88,1981.67,26.04,94.323,1.0983,6488.19,83.06,621.47,5.315,71.3,20.8,25.689,1.628,24.6,17.665,6490.23,82.37,619.47,5.29,71.31,20.735,25.727,1.617,24.687,17.488,COOLING_DEGRADATION,1.0,0.4,1.0,1.0,1.0,0.0,0.0,0.0,0.0
66.9,CLIMB,84.42,59.88,1988.75,26.02,94.298,1.0981,6487.08,83.07,621.36,5.314,71.3,20.799,25.688,1.628,24.6,17.664,6490.58,83.26,620.74,5.314,71.17,20.77,25.676,1.649,24.63,17.75,COOLING_DEGRADATION,1.0,0.4,1.0,1.0,1.0,0.0,0.0,0.0,0.0
67.0,CLIMB,84.42,59.87,1995.83,26.01,94.274,1.0978,6486.0,83.07,621.25,5.314,71.3,20.797,25.688,1.628,24.6,17.662,6487.42,83.0,621.6,5.311,71.27,20.747,25.66,1.671,24.716,17.693,COOLING_DEGRADATION,1.0,0.4,1.0,1.0,1.0,0.0,0.0,0.0,0.0
67.1,CLIMB,84.41,59.87,2002.92,25.99,94.25,1.0976,6484.95,83.08,621.14,5.313,71.31,20.796,25.688,1.627,24.6,17.661,6489.0,83.51,622.87,5.29,70.92,20.751,25.671,1.592,24.495,17.538,COOLING_DEGRADATION,1.0,0.4,1.0,1.0,1.0,0.0,0.0,0.0,0.0
67.2,CLIMB,84.4,59.86,2010.0,25.98,94.226,1.0974,6483.93,83.08,621.03,5.312,71.31,20.795,25.688,1.627,24.6,17.66,6479.26,83.21,626.2,5.274,71.18,20.856,25.769,1.659,24.612,17.536,COOLING_DEGRADATION,1.0,0.4,1.0,1.0,1.0,0.0,0.0,0.0,0.0
67.3,CLIMB,84.39,59.85,2017.08,25.97,94.202,1.0971,6482.94,83.09,620.92,5.312,71.31,20.793,25.688,1.627,24.6,17.659,6486.89,82.65,619.28,5.29,71.6,20.593,25.668,1.6,24.593,17.669,COOLING_DEGRADATION,1.0,0.4,1.0,1.0,1.0,0.0,0.0,0.0,0.0
67.4,CLIMB,84.38,59.85,2024.17,25.95,94.178,1.0969,6481.97,83.1,620.82,5.311,71.32,20.792,25.688,1.627,24.6,17.657,6478.05,82.92,619.46,5.34,71.08,20.839,25.67,1.595,24.508,17.579,COOLING_DEGRADATION,1.0,0.4,1.0,1.0,1.0,0.0,0.0,0.0,0.0
67.5,CLIMB,84.37,59.84,2031.25,25.94,94.154,1.0967,6481.03,83.1,620.71,5.311,71.32,20.791,25.688,1.627,24.6,17.656,6489.47,83.01,621.47,5.267,71.42,20.665,25.763,1.65,24.594,17.652,COOLING_DEGRADATION,1.0,0.4,1.0,1.0,1.0,0.0,0.0,0.0,0.0
67.6,CLIMB,84.37,59.84,2038.33,25.92,94.13,1.0965,6480.11,83.11,620.61,5.31,71.32,20.789,25.687,1.627,24.6,17.655,6486.96,82.61,621.84,5.323,71.56,20.604,25.739,1.592,24.543,17.655,COOLING_DEGRADATION,1.0,0.4,1.0,1.0,1.0,0.0,0.0,0.0,0.0
67.7,CLIMB,84.36,59.83,2045.42,25.91,94.106,1.0962,6479.21,83.12,620.5,5.31,71.33,20.788,25.687,1.627,24.6,17.654,6475.02,82.77,620.16,5.265,71.2,20.85,25.732,1.677,24.53,17.489,COOLING_DEGRADATION,1.0,0.4,1.0,1.0,1.0,0.0,0.0,0.0,0.0
67.8,CLIMB,84.35,59.83,2052.5,25.89,94.081,1.096,6478.33,83.12,620.4,5.309,71.33,20.787,25.687,1.626,24.6,17.652,6477.22,82.73,618.33,5.342,70.95,20.798,25.67,1.717,24.598,17.717,COOLING_DEGRADATION,1.0,0.4,1.0,1.0,1.0,0.0,0.0,0.0,0.0
67.9,CLIMB,84.34,59.82,2059.58,25.88,94.057,1.0958,6477.47,83.13,620.3,5.309,71.33,20.785,25.687,1.626,24.6,17.651,6483.26,83.38,620.68,5.3,71.27,20.7,25.663,1.627,24.585,17.418,COOLING_DEGRADATION,1.0,0.4,1.0,1.0,1.0,0.0,0.0,0.0,0.0
68.0,CLIMB,84.33,59.82,2066.67,25.87,94.033,1.0955,6476.63,83.13,620.2,5.308,71.34,20.784,25.687,1.626,24.6,17.65,6470.51,83.57,619.57,5.339,70.92,20.917,25.694,1.627,24.582,17.643,COOLING_DEGRADATION,1.0,0.4,1.0,1.0,1.0,0.0,0.0,0.0,0.0
68.1,CLIMB,84.32,59.81,2073.75,25.85,94.009,1.0953,6475.81,83.14,620.1,5.308,71.34,20.783,25.686,1.626,24.6,17.649,6472.44,83.09,618.21,5.333,71.22,20.88,25.663,1.623,24.602,17.754,COOLING_DEGRADATION,1.0,0.4,1.0,1.0,1.0,0.0,0.0,0.0,0.0
68.2,CLIMB,84.32,59.81,2080.83,25.84,93.985,1.0951,6475.01,83.15,620.0,5.308,71.34,20.781,25.686,1.626,24.6,17.647,6471.92,82.64,618.65,5.273,70.54,20.754,25.695,1.573,24.584,17.673,COOLING_DEGRADATION,1.0,0.4,1.0,1.0,1.0,0.0,0.0,0.0,0.0
68.3,CLIMB,84.31,59.8,2087.92,25.82,93.961,1.0949,6474.22,83.15,619.91,5.307,71.34,20.78,25.686,1.626,24.6,17.646,6469.41,83.06,622.26,5.286,71.19,20.77,25.641,1.626,24.657,17.766,COOLING_DEGRADATION,1.0,0.4,1.0,1.0,1.0,0.0,0.0,0.0,0.0
68.4,CLIMB,84.3,59.79,2095.0,25.81,93.937,1.0946,6473.45,83.16,619.81,5.307,71.35,20.779,25.686,1.626,24.6,17.645,6473.99,83.9,622.96,5.24,71.39,20.658,25.661,1.582,24.567,17.624,COOLING_DEGRADATION,1.0,0.4,1.0,1.0,1.0,0.0,0.0,0.0,0.0
68.5,CLIMB,84.29,59.79,2102.08,25.8,93.913,1.0944,6472.69,83.17,619.71,5.306,71.35,20.777,25.686,1.626,24.6,17.644,6469.37,82.98,617.97,5.328,71.06,20.731,25.752,1.676,24.641,17.644,COOLING_DEGRADATION,1.0,0.4,1.0,1.0,1.0,0.0,0.0,0.0,0.0
68.6,CLIMB,84.28,59.78,2109.17,25.78,93.889,1.0942,6471.95,83.17,619.62,5.306,71.35,20.776,25.686,1.625,24.6,17.642,6466.3,82.95,618.51,5.277,71.11,20.821,25.724,1.585,24.65,17.542,COOLING_DEGRADATION,1.0,0.4,1.0,1.0,1.0,0.0,0.0,0.0,0.0
68.7,CLIMB,84.27,59.78,2116.25,25.77,93.865,1.0939,6471.22,83.18,619.53,5.306,71.36,20.775,25.685,1.625,24.6,17.641,6464.5,83.35,617.64,5.347,71.17,20.948,25.619,1.655,24.581,17.753,COOLING_DEGRADATION,1.0,0.4,1.0,1.0,1.0,0.0,0.0,0.0,0.0
68.8,CLIMB,84.27,59.77,2123.33,25.75,93.841,1.0937,6470.5,83.18,619.44,5.305,71.36,20.773,25.685,1.625,24.6,17.64,6468.0,83.85,618.57,5.268,71.27,20.917,25.67,1.565,24.633,17.569,COOLING_DEGRADATION,1.0,0.4,1.0,1.0,1.0,0.0,0.0,0.0,0.0
68.9,CLIMB,84.26,59.77,2130.42,25.74,93.817,1.0935,6469.79,83.19,619.34,5.305,71.36,20.772,25.685,1.625,24.6,17.639,6471.02,82.58,618.76,5.303,71.77,20.924,25.596,1.56,24.628,17.727,COOLING_DEGRADATION,1.0,0.4,1.0,1.0,1.0,0.0,0.0,0.0,0.0
69.0,CLIMB,84.25,59.76,2137.5,25.72,93.793,1.0933,6469.1,83.2,619.25,5.304,71.36,20.771,25.685,1.625,24.6,17.637,6474.51,83.33,617.17,5.3,71.77,20.699,25.739,1.604,24.548,17.724,COOLING_DEGRADATION,1.0,0.4,1.0,1.0,1.0,0.0,0.0,0.0,0.0
69.1,CLIMB,84.24,59.76,2144.58,25.71,93.769,1.093,6468.41,83.2,619.17,5.304,71.37,20.769,25.685,1.625,24.6,17.636,6476.71,82.7,615.91,5.282,71.54,20.664,25.642,1.666,24.604,17.73,COOLING_DEGRADATION,1.0,0.4,1.0,1.0,1.0,0.0,0.0,0.0,0.0
69.2,CLIMB,84.23,59.75,2151.67,25.7,93.745,1.0928,6467.74,83.21,619.08,5.304,71.37,20.768,25.685,1.625,24.6,17.635,6458.23,82.58,619.82,5.301,71.14,20.592,25.676,1.61,24.669,17.601,COOLING_DEGRADATION,1.0,0.4,1.0,1.0,1.0,0.0,0.0,0.0,0.0
69.3,CLIMB,84.22,59.75,2158.75,25.68,93.721,1.0926,6467.08,83.22,618.99,5.303,71.37,20.767,25.684,1.625,24.6,17.634,6465.79,82.98,614.51,5.262,70.75,20.749,25.647,1.647,24.52,17.696,COOLING_DEGRADATION,1.0,0.4,1.0,1.0,1.0,0.0,0.0,0.0,0.0
69.4,CLIMB,84.22,59.74,2165.83,25.67,93.697,1.0923,6466.42,83.22,618.9,5.303,71.38,20.765,25.684,1.625,24.6,17.632,6464.19,83.38,620.25,5.266,71.5,20.807,25.658,1.673,24.649,17.739,COOLING_DEGRADATION,1.0,0.4,1.0,1.0,1.0,0.0,0.0,0.0,0.0
69.5,CLIMB,84.21,59.74,2172.92,25.65,93.673,1.0921,6465.78,83.23,618.82,5.303,71.38,20.764,25.684,1.624,24.6,17.631,6471.93,83.26,617.76,5.29,71.3,20.874,25.689,1.765,24.615,17.653,COOLING_DEGRADATION,1.0,0.4,1.0,1.0,1.0,0.0,0.0,0.0,0.0
69.6,CLIMB,84.2,59.73,2180.0,25.64,93.649,1.0919,6465.14,83.23,618.73,5.302,71.38,20.763,25.684,1.624,24.6,17.63,6466.25,84.02,618.9,5.335,71.88,20.678,25.69,1.551,24.634,17.622,COOLING_DEGRADATION,1.0,0.4,1.0,1.0,1.0,0.0,0.0,0.0,0.0
69.7,CLIMB,84.19,59.72,2187.08,25.63,93.625,1.0917,6464.51,83.24,618.65,5.302,71.38,20.761,25.684,1.624,24.6,17.629,6462.16,82.41,620.03,5.297,71.07,20.909,25.789,1.583,24.577,17.767,COOLING_DEGRADATION,1.0,0.4,1.0,1.0,1.0,0.0,0.0,0.0,0.0
69.8,CLIMB,84.18,59.72,2194.17,25.61,93.601,1.0914,6463.89,83.25,618.57,5.302,71.39,20.76,25.684,1.624,24.6,17.627,6469.51,83.08,616.49,5.318,71.45,20.645,25.628,1.545,24.633,17.778,COOLING_DEGRADATION,1.0,0.4,1.0,1.0,1.0,0.0,0.0,0.0,0.0
69.9,CLIMB,84.17,59.71,2201.25,25.6,93.577,1.0912,6463.27,83.25,618.49,5.301,71.39,20.758,25.683,1.624,24.6,17.626,6475.29,83.05,619.3,5.273,71.6,20.724,25.699,1.646,24.679,17.742,COOLING_DEGRADATION,1.0,0.4,1.0,1.0,1.0,0.0,0.0,0.0,0.0
70.0,CLIMB,84.17,59.71,2208.33,25.58,93.553,1.091,6462.66,83.26,618.41,5.301,71.39,20.757,25.683,1.624,24.6,17.625,6472.16,83.62,617.86,5.295,72.18,20.628,25.753,1.644,24.594,17.706,COOLING_DEGRADATION,1.0,0.4,1.0,1.0,1.0,0.0,0.0,0.0,0.0
70.1,CLIMB,84.16,59.7,2215.42,25.57,93.529,1.0908,6462.06,83.27,618.33,5.301,71.39,20.756,25.683,1.624,24.6,17.624,6451.49,83.23,619.58,5.287,71.24,20.904,25.696,1.587,24.671,17.584,COOLING_DEGRADATION,1.0,0.4,1.0,1.0,1.0,0.0,0.0,0.0,0.0
70.2,CLIMB,84.15,59.7,2222.5,25.55,93.505,1.0905,6461.46,83.27,618.25,5.3,71.4,20.754,25.683,1.624,24.6,17.622,6454.79,83.56,621.53,5.324,71.59,20.642,25.655,1.632,24.589,17.802,COOLING_DEGRADATION,1.0,0.4,1.0,1.0,1.0,0.0,0.0,0.0,0.0
70.3,CLIMB,84.14,59.69,2229.58,25.54,93.481,1.0903,6460.87,83.28,618.17,5.3,71.4,20.753,25.683,1.624,24.6,17.621,6454.03,83.51,619.8,5.298,71.5,20.694,25.585,1.601,24.638,17.673,COOLING_DEGRADATION,1.0,0.4,1.0,1.0,1.0,0.0,0.0,0.0,0.0
70.4,CLIMB,84.13,59.69,2236.67,25.53,93.457,1.0901,6460.29,83.28,618.09,5.3,71.4,20.752,25.683,1.624,24.6,17.62,6453.49,83.67,616.66,5.315,71.21,20.73,25.734,1.587,24.622,17.746,COOLING_DEGRADATION,1.0,0.4,1.0,1.0,1.0,0.0,0.0,0.0,0.0
70.5,CLIMB,84.12,59.68,2243.75,25.51,93.434,1.0898,6459.71,83.29,618.01,5.299,71.4,20.75,25.683,1.623,24.6,17.619,6461.49,83.63,620.96,5.296,70.84,20.885,25.685,1.671,24.653,17.699,COOLING_DEGRADATION,1.0,0.4,1.0,1.0,1.0,0.0,0.0,0.0,0.0
70.6,CLIMB,84.12,59.68,2250.83,25.5,93.41,1.0896,6459.14,83.3,617.94,5.299,71.41,20.749,25.682,1.623,24.6,17.617,6461.73,83.87,620.03,5.283,71.75,20.742,25.72,1.637,24.636,17.434,COOLING_DEGRADATION,1.0,0.4,1.0,1.0,1.0,0.0,0.0,0.0,0.0
70.7,CLIMB,84.11,59.67,2257.92,25.48,93.386,1.0894,6458.57,83.3,617.86,5.299,71.41,20.748,25.682,1.623,24.6,17.616,6459.23,83.27,616.82,5.276,71.79,20.916,25.667,1.694,24.648,17.732,COOLING_DEGRADATION,1.0,0.4,1.0,1.0,1.0,0.0,0.0,0.0,0.0
70.8,CLIMB,84.1,59.66,2265.0,25.47,93.362,1.0892,6458.0,83.31,617.79,5.298,71.41,20.746,25.682,1.623,24.6,17.615,6445.0,83.2,618.37,5.295,71.18,20.708,25.781,1.584,24.639,17.779,COOLING_DEGRADATION,1.0,0.4,1.0,1.0,1.0,0.0,0.0,0.0,0.0
70.9,CLIMB,84.09,59.66,2272.08,25.46,93.338,1.0889,6457.44,83.32,617.71,5.298,71.41,20.745,25.682,1.623,24.6,17.614,6457.57,83.46,616.52,5.287,71.48,20.83,25.738,1.606,24.609,17.573,COOLING_DEGRADATION,1.0,0.4,1.0,1.0,1.0,0.0,0.0,0.0,0.0
71.0,CLIMB,84.08,59.65,2279.17,25.44,93.314,1.0887,6456.88,83.32,617.64,5.298,71.41,20.744,25.682,1.623,24.6,17.612,6453.82,83.4,617.8,5.329,71.23,20.896,25.642,1.597,24.612,17.541,COOLING_DEGRADATION,1.0,0.4,1.0,1.0,1.0,0.0,0.0,0.0,0.0
71.1,CLIMB,84.07,59.65,2286.25,25.43,93.29,1.0885,6456.33,83.33,617.57,5.297,71.42,20.742,25.681,1.623,24.6,17.611,6448.01,83.82,618.6,5.266,71.36,20.913,25.648,1.634,24.582,17.72,COOLING_DEGRADATION,1.0,0.4,1.0,1.0,1.0,0.0,0.0,0.0,0.0
71.2,CLIMB,84.07,59.64,2293.33,25.41,93.266,1.0883,6455.78,83.33,617.49,5.297,71.42,20.741,25.681,1.623,24.6,17.61,6458.16,82.95,618.89,5.295,71.39,20.746,25.764,1.61,24.591,17.639,COOLING_DEGRADATION,1.0,0.4,1.0,1.0,1.0,0.0,0.0,0.0,0.0
71.3,CLIMB,84.06,59.64,2300.42,25.4,93.242,1.088,6455.24,83.34,617.42,5.297,71.42,20.74,25.681,1.623,24.6,17.609,6467.64,82.96,616.81,5.246,71.63,20.861,25.722,1.655,24.686,17.61,COOLING_DEGRADATION,1.0,0.4,1.0,1.0,1.0,0.0,0.0,0.0,0.0
71.4,CLIMB,84.05,59.63,2307.5,25.38,93.219,1.0878,6454.69,83.35,617.35,5.297,71.42,20.738,25.681,1.623,24.6,17.607,6446.04,84.09,618.0,5.289,71.19,20.761,25.694,1.506,24.665,17.549,COOLING_DEGRADATION,1.0,0.4,1.0,1.0,1.0,0.0,0.0,0.0,0.0
71.5,CLIMB,84.04,59.63,2314.58,25.37,93.195,1.0876,6454.16,83.35,617.28,5.296,71.43,20.737,25.681,1.622,24.6,17.606,6452.33,83.33,619.48,5.268,71.73,20.521,25.735,1.565,24.626,17.655,COOLING_DEGRADATION,1.0,0.4,1.0,1.0,1.0,0.0,0.0,0.0,0.0
71.6,CLIMB,84.03,59.62,2321.67,25.36,93.171,1.0873,6453.62,83.36,617.21,5.296,71.43,20.736,25.681,1.622,24.6,17.605,6455.58,83.96,617.4,5.317,71.74,20.56,25.757,1.571,24.604,17.67,COOLING_DEGRADATION,1.0,0.4,1.0,1.0,1.0,0.0,0.0,0.0,0.0
71.7,CLIMB,84.02,59.62,2328.75,25.34,93.147,1.0871,6453.09,83.37,617.15,5.296,71.43,20.734,25.68,1.622,24.6,17.604,6447.44,83.81,617.73,5.341,71.6,20.684,25.684,1.613,24.599,17.821,COOLING_DEGRADATION,1.0,0.4,1.0,1.0,1.0,0.0,0.0,0.0,0.0
71.8,CLIMB,84.02,59.61,2335.83,25.33,93.123,1.0869,6452.56,83.37,617.08,5.295,71.43,20.733,25.68,1.622,24.6,17.602,6460.17,83.13,616.53,5.327,71.24,20.759,25.708,1.649,24.628,17.423,COOLING_DEGRADATION,1.0,0.4,1.0,1.0,1.0,0.0,0.0,0.0,0.0
71.9,CLIMB,84.01,59.61,2342.92,25.31,93.099,1.0867,6452.03,83.38,617.01,5.295,71.43,20.732,25.68,1.622,24.6,17.601,6451.91,82.84,617.18,5.323,70.77,20.7,25.65,1.624,24.483,17.63,COOLING_DEGRADATION,1.0,0.4,1.0,1.0,1.0,0.0,0.0,0.0,0.0
72.0,CLIMB,84.0,59.6,2350.0,25.3,93.075,1.0864,6451.5,83.38,616.95,5.295,71.44,20.73,25.68,1.622,24.6,17.6,6452.83,83.08,615.65,5.288,71.64,20.77,25.742,1.574,24.65,17.854,COOLING_DEGRADATION,1.0,0.4,1.0,1.0,1.0,0.0,0.0,0.0,0.0
72.1,CLIMB,83.99,59.59,2357.08,25.29,93.052,1.0862,6450.98,83.39,616.88,5.295,71.44,20.729,25.68,1.622,24.6,17.599,6452.16,83.95,618.64,5.327,71.29,20.648,25.711,1.597,24.651,17.493,COOLING_DEGRADATION,1.0,0.4,1.0,1.0,1.0,0.0,0.0,0.0,0.0
72.2,CLIMB,83.98,59.59,2364.17,25.27,93.028,1.086,6450.46,83.4,616.81,5.294,71.44,20.728,25.68,1.622,24.6,17.597,6444.78,83.14,616.09,5.293,71.32,20.892,25.675,1.642,24.627,17.702,COOLING_DEGRADATION,1.0,0.4,1.0,1.0,1.0,0.0,0.0,0.0,0.0
72.3,CLIMB,83.97,59.58,2371.25,25.26,93.004,1.0858,6449.94,83.4,616.75,5.294,71.44,20.726,25.68,1.622,24.6,17.596,6454.66,82.99,617.06,5.309,71.02,20.45,25.721,1.71,24.656,17.5,COOLING_DEGRADATION,1.0,0.4,1.0,1.0,1.0,0.0,0.0,0.0,0.0
72.4,CLIMB,83.97,59.58,2378.33,25.24,92.98,1.0855,6449.42,83.41,616.69,5.294,71.44,20.725,25.679,1.622,24.6,17.595,6455.37,83.35,614.84,5.244,71.39,20.66,25.743,1.604,24.503,17.515,COOLING_DEGRADATION,1.0,0.4,1.0,1.0,1.0,0.0,0.0,0.0,0.0
72.5,CLIMB,83.96,59.57,2385.42,25.23,92.956,1.0853,6448.91,83.42,616.62,5.293,71.45,20.723,25.679,1.621,24.6,17.594,6454.75,83.84,618.77,5.325,71.33,20.662,25.58,1.625,24.669,17.598,COOLING_DEGRADATION,1.0,0.4,1.0,1.0,1.0,0.0,0.0,0.0,0.0
72.6,CLIMB,83.95,59.57,2392.5,25.21,92.933,1.0851,6448.4,83.42,616.56,5.293,71.45,20.722,25.679,1.621,24.6,17.593,6447.4,83.26,616.92,5.268,71.05,20.85,25.609,1.698,24.551,17.677,COOLING_DEGRADATION,1.0,0.4,1.0,1.0,1.0,0.0,0.0,0.0,0.0
72.7,CLIMB,83.94,59.56,2399.58,25.2,92.909,1.0849,6447.88,83.43,616.5,5.293,71.45,20.721,25.679,1.621,24.6,17.591,6441.79,83.54,615.96,5.273,71.1,20.678,25.62,1.59,24.58,17.491,COOLING_DEGRADATION,1.0,0.4,1.0,1.0,1.0,0.0,0.0,0.0,0.0
72.8,CLIMB,83.93,59.56,2406.67,25.19,92.885,1.0846,6447.37,83.43,616.44,5.293,71.45,20.719,25.679,1.621,24.6,17.59,6445.27,83.34,615.65,5.26,71.52,20.583,25.668,1.766,24.641,17.634,COOLING_DEGRADATION,1.0,0.4,1.0,1.0,1.0,0.0,0.0,0.0,0.0
72.9,CLIMB,83.92,59.55,2413.75,25.17,92.861,1.0844,6446.87,83.44,616.38,5.292,71.45,20.718,25.678,1.621,24.6,17.589,6448.42,83.45,616.08,5.284,71.33,20.932,25.683,1.627,24.642,17.741,COOLING_DEGRADATION,1.0,0.4,1.0,1.0,1.0,0.0,0.0,0.0,0.0
73.0,CLIMB,83.92,59.55,2420.83,25.16,92.838,1.0842,6446.36,83.45,616.32,5.292,71.45,20.717,25.678,1.621,24.6,17.587,6453.25,83.39,615.67,5.281,71.81,20.66,25.705,1.692,24.553,17.6,COOLING_DEGRADATION,1.0,0.4,1.0,1.0,1.0,0.0,0.0,0.0,0.0
73.1,CLIMB,83.91,59.54,2427.92,25.14,92.814,1.084,6445.85,83.45,616.26,5.292,71.46,20.715,25.678,1.621,24.6,17.586,6450.04,83.32,617.28,5.307,72.02,20.677,25.636,1.626,24.681,17.469,COOLING_DEGRADATION,1.0,0.4,1.0,1.0,1.0,0.0,0.0,0.0,0.0
73.2,CLIMB,83.9,59.53,2435.0,25.13,92.79,1.0837,6445.35,83.46,616.2,5.291,71.46,20.714,25.678,1.621,24.6,17.585,6449.7,83.45,615.62,5.286,71.03,20.718,25.729,1.621,24.597,17.367,COOLING_DEGRADATION,1.0,0.4,1.0,1.0,1.0,0.0,0.0,0.0,0.0
73.3,CLIMB,83.89,59.53,2442.08,25.12,92.766,1.0835,6444.85,83.46,616.14,5.291,71.46,20.713,25.678,1.621,24.6,17.584,6452.08,83.75,616.14,5.251,71.15,20.657,25.645,1.665,24.565,17.558,COOLING_DEGRADATION,1.0,0.4,1.0,1.0,1.0,0.0,0.0,0.0,0.0
73.4,CLIMB,83.88,59.52,2449.17,25.1,92.743,1.0833,6444.35,83.47,616.08,5.291,71.46,20.711,25.678,1.621,24.6,17.582,6439.31,82.92,614.45,5.323,71.56,20.643,25.752,1.578,24.634,17.608,COOLING_DEGRADATION,1.0,0.4,1.0,1.0,1.0,0.0,0.0,0.0,0.0
73.5,CLIMB,83.87,59.52,2456.25,25.09,92.719,1.083,6443.85,83.48,616.02,5.291,71.46,20.71,25.677,1.621,24.6,17.581,6437.0,82.99,619.34,5.303,71.48,20.684,25.73,1.638,24.593,17.382,COOLING_DEGRADATION,1.0,0.4,1.0,1.0,1.0,0.0,0.0,0.0,0.0
73.6,CLIMB,83.87,59.51,2463.33,25.07,92.695,1.0828,6443.35,83.48,615.97,5.29,71.46,20.709,25.677,1.62,24.6,17.58,6446.21,83.1,616.07,5.315,71.37,20.605,25.713,1.642,24.627,17.622,COOLING_DEGRADATION,1.0,0.4,1.0,1.0,1.0,0.0,0.0,0.0,0.0
73.7,CLIMB,83.86,59.51,2470.42,25.06,92.671,1.0826,6442.85,83.49,615.91,5.29,71.47,20.707,25.677,1.62,24.6,17.579,6441.58,83.36,617.09,5.299,71.33,20.478,25.727,1.628,24.623,17.666,COOLING_DEGRADATION,1.0,0.4,1.0,1.0,1.0,0.0,0.0,0.0,0.0
73.8,CLIMB,83.85,59.5,2477.5,25.04,92.648,1.0824,6442.35,83.5,615.85,5.29,71.47,20.706,25.677,1.62,24.6,17.578,6440.21,83.7,615.49,5.309,71.6,20.757,25.742,1.583,24.571,17.645,COOLING_DEGRADATION,1.0,0.4,1.0,1.0,1.0,0.0,0.0,0.0,0.0
73.9,CLIMB,83.84,59.5,2484.58,25.03,92.624,1.0821,6441.86,83.5,615.8,5.29,71.47,20.705,25.677,1.62,24.6,17.576,6446.84,82.99,615.28,5.273,71.62,20.563,25.666,1.724,24.594,17.676,COOLING_DEGRADATION,1.0,0.4,1.0,1.0,1.0,0.0,0.0,0.0,0.0
74.0,CLIMB,83.83,59.49,2491.67,25.02,92.6,1.0819,6441.36,83.51,615.74,5.289,71.47,20.703,25.677,1.62,24.6,17.575,6447.63,83.82,617.36,5.249,71.45,20.693,25.728,1.575,24.703,17.514,COOLING_DEGRADATION,1.0,0.4,1.0,1.0,1.0,0.0,0.0,0.0,0.0
74.1,CLIMB,83.82,59.49,2498.75,25.0,92.576,1.0817,6440.87,83.51,615.69,5.289,71.47,20.702,25.677,1.62,24.6,17.574,6438.55,83.52,614.65,5.274,71.69,20.659,25.627,1.642,24.569,17.543,COOLING_DEGRADATION,1.0,0.4,1.0,1.0,1.0,0.0,0.0,0.0,0.0
74.2,CLIMB,83.82,59.48,2505.83,24.99,92.553,1.0815,6440.37,83.52,615.64,5.289,71.47,20.701,25.676,1.62,24.6,17.572,6447.61,83.98,615.52,5.303,71.43,20.642,25.686,1.649,24.575,17.541,COOLING_DEGRADATION,1.0,0.4,1.0,1.0,1.0,0.0,0.0,0.0,0.0
74.3,CLIMB,83.81,59.48,2512.92,24.97,92.529,1.0812,6439.88,83.53,615.58,5.289,71.48,20.699,25.676,1.62,24.6,17.571,6434.56,84.33,615.91,5.286,71.22,20.635,25.64,1.66,24.587,17.608,COOLING_DEGRADATION,1.0,0.4,1.0,1.0,1.0,0.0,0.0,0.0,0.0
74.4,CLIMB,83.8,59.47,2520.0,24.96,92.505,1.081,6439.39,83.53,615.53,5.288,71.48,20.698,25.676,1.62,24.6,17.57,6434.62,84.31,615.8,5.253,71.66,20.786,25.631,1.64,24.688,17.6,COOLING_DEGRADATION,1.0,0.4,1.0,1.0,1.0,0.0,0.0,0.0,0.0
74.5,CLIMB,83.79,59.46,2527.08,24.95,92.482,1.0808,6438.9,83.54,615.48,5.288,71.48,20.697,25.676,1.62,24.6,17.569,6443.04,83.66,616.81,5.27,71.23,20.823,25.682,1.665,24.603,17.476,COOLING_DEGRADATION,1.0,0.4,1.0,1.0,1.0,0.0,0.0,0.0,0.0
74.6,CLIMB,83.78,59.46,2534.17,24.93,92.458,1.0806,6438.41,83.55,615.43,5.288,71.48,20.695,25.676,1.62,24.6,17.567,6438.9,83.28,615.16,5.288,71.91,20.606,25.668,1.698,24.553,17.571,COOLING_DEGRADATION,1.0,0.4,1.0,1.0,1.0,0.0,0.0,0.0,0.0
74.7,CLIMB,83.77,59.45,2541.25,24.92,92.434,1.0803,6437.92,83.55,615.37,5.288,71.48,20.694,25.675,1.619,24.6,17.566,6439.77,84.52,617.58,5.274,71.49,20.672,25.698,1.611,24.643,17.316,COOLING_DEGRADATION,1.0,0.4,1.0,1.0,1.0,0.0,0.0,0.0,0.0
74.8,CLIMB,83.77,59.45,2548.33,24.9,92.411,1.0801,6437.43,83.56,615.32,5.287,71.48,20.692,25.675,1.619,24.6,17.565,6428.47,83.35,612.79,5.341,71.45,20.681,25.672,1.582,24.64,17.536,COOLING_DEGRADATION,1.0,0.4,1.0,1.0,1.0,0.0,0.0,0.0,0.0
74.9,CLIMB,83.76,59.44,2555.42,24.89,92.387,1.0799,6436.94,83.56,615.27,5.287,71.48,20.691,25.675,1.619,24.6,17.564,6427.75,83.87,616.03,5.328,71.02,20.531,25.704,1.687,24.589,17.48,COOLING_DEGRADATION,1.0,0.4,1.0,1.0,1.0,0.0,0.0,0.0,0.0
75.0,CLIMB,83.75,59.44,2562.5,24.88,92.363,1.0797,6436.45,83.57,615.22,5.287,71.49,20.69,25.675,1.619,24.6,17.562,6434.67,83.51,616.23,5.225,71.58,20.603,25.639,1.709,24.644,17.454,COOLING_DEGRADATION,1.0,0.4,1.0,1.0,1.0,0.0,0.0,0.0,0.0
75.1,CLIMB,83.74,59.43,2569.58,24.86,92.34,1.0794,6435.96,83.58,615.17,5.286,71.49,20.688,25.675,1.619,24.6,17.561,6434.7,83.89,615.72,5.314,71.29,20.824,25.655,1.531,24.522,17.53,COOLING_DEGRADATION,1.0,0.4,1.0,1.0,1.0,0.0,0.0,0.0,0.0
75.2,CLIMB,83.73,59.43,2576.67,24.85,92.316,1.0792,6435.47,83.58,615.12,5.286,71.49,20.687,25.675,1.619,24.6,17.56,6441.63,83.27,615.81,5.314,71.6,20.686,25.613,1.553,24.588,17.507,COOLING_DEGRADATION,1.0,0.4,1.0,1.0,1.0,0.0,0.0,0.0,0.0
75.3,CLIMB,83.72,59.42,2583.75,24.83,92.293,1.079,6434.99,83.59,615.08,5.286,71.49,20.686,25.674,1.619,24.6,17.559,6433.98,83.88,614.67,5.276,71.34,20.503,25.651,1.547,24.502,17.566,COOLING_DEGRADATION,1.0,0.4,1.0,1.0,1.0,0.0,0.0,0.0,0.0
75.4,CLIMB,83.72,59.42,2590.83,24.82,92.269,1.0788,6434.5,83.59,615.03,5.286,71.49,20.684,25.674,1.619,24.6,17.558,6434.55,84.7,612.98,5.283,71.72,20.679,25.553,1.647,24.564,17.659,COOLING_DEGRADATION,1.0,0.4,1.0,1.0,1.0,0.0,0.0,0.0,0.0
75.5,CLIMB,83.71,59.41,2597.92,24.8,92.245,1.0785,6434.01,83.6,614.98,5.285,71.49,20.683,25.674,1.619,24.6,17.556,6432.86,84.05,615.88,5.283,71.23,20.577,25.673,1.535,24.624,17.626,COOLING_DEGRADATION,1.0,0.4,1.0,1.0,1.0,0.0,0.0,0.0,0.0
75.6,CLIMB,83.7,59.41,2605.0,24.79,92.222,1.0783,6433.53,83.61,614.93,5.285,71.49,20.682,25.674,1.619,24.6,17.555,6432.72,84.0,611.85,5.29,71.29,20.599,25.75,1.668,24.646,17.444,COOLING_DEGRADATION,1.0,0.4,1.0,1.0,1.0,0.0,0.0,0.0,0.0
75.7,CLIMB,83.69,59.4,2612.08,24.78,92.198,1.0781,6433.04,83.61,614.88,5.285,71.49,20.68,25.674,1.619,24.6,17.554,6433.38,84.61,615.57,5.341,72.04,20.711,25.626,1.588,24.674,17.632,COOLING_DEGRADATION,1.0,0.4,1.0,1.0,1.0,0.0,0.0,0.0,0.0
75.8,CLIMB,83.68,59.39,2619.17,24.76,92.175,1.0779,6432.56,83.62,614.84,5.285,71.5,20.679,25.674,1.618,24.6,17.553,6437.23,83.11,614.11,5.275,71.73,20.681,25.676,1.65,24.668,17.706,COOLING_DEGRADATION,1.0,0.4,1.0,1.0,1.0,0.0,0.0,0.0,0.0
75.9,CLIMB,83.67,59.39,2626.25,24.75,92.151,1.0776,6432.07,83.63,614.79,5.284,71.5,20.678,25.674,1.618,24.6,17.551,6441.91,83.98,613.36,5.347,71.31,20.66,25.727,1.637,24.624,17.609,COOLING_DEGRADATION,1.0,0.4,1.0,1.0,1.0,0.0,0.0,0.0,0.0
76.0,CLIMB,83.67,59.38,2633.33,24.73,92.127,1.0774,6431.59,83.63,614.75,5.284,71.5,20.676,25.673,1.618,24.6,17.55,6437.04,83.16,616.78,5.331,71.08,20.634,25.657,1.62,24.603,17.511,COOLING_DEGRADATION,1.0,0.4,1.0,1.0,1.0,0.0,0.0,0.0,0.0
76.1,CLIMB,83.66,59.38,2640.42,24.72,92.104,1.0772,6431.11,83.64,614.7,5.284,71.5,20.675,25.673,1.618,24.6,17.549,6430.13,82.87,616.24,5.318,71.71,20.685,25.608,1.773,24.635,17.504,COOLING_DEGRADATION,1.0,0.4,1.0,1.0,1.0,0.0,0.0,0.0,0.0
76.2,CLIMB,83.65,59.37,2647.5,24.71,92.08,1.077,6430.62,83.64,614.65,5.284,71.5,20.674,25.673,1.618,24.6,17.547,6430.76,83.9,615.23,5.273,71.01,20.679,25.618,1.677,24.57,17.392,COOLING_DEGRADATION,1.0,0.4,1.0,1.0,1.0,0.0,0.0,0.0,0.0
76.3,CLIMB,83.64,59.37,2654.58,24.69,92.057,1.0767,6430.14,83.65,614.61,5.283,71.5,20.672,25.673,1.618,24.6,17.546,6432.53,83.6,615.22,5.277,71.27,20.514,25.673,1.632,24.62,17.708,COOLING_DEGRADATION,1.0,0.4,1.0,1.0,1.0,0.0,0.0,0.0,0.0
76.4,CLIMB,83.63,59.36,2661.67,24.68,92.033,1.0765,6429.66,83.66,614.57,5.283,71.5,20.671,25.673,1.618,24.6,17.545,6425.11,83.73,613.96,5.279,71.73,20.515,25.705,1.652,24.722,17.55,COOLING_DEGRADATION,1.0,0.4,1.0,1.0,1.0,0.0,0.0,0.0,0.0
76.5,CLIMB,83.62,59.36,2668.75,24.66,92.009,1.0763,6429.17,83.66,614.52,5.283,71.5,20.67,25.672,1.618,24.6,17.544,6425.85,83.72,615.32,5.298,71.67,20.839,25.589,1.632,24.63,17.519,COOLING_DEGRADATION,1.0,0.4,1.0,1.0,1.0,0.0,0.0,0.0,0.0
76.6,CLIMB,83.62,59.35,2675.83,24.65,91.986,1.0761,6428.69,83.67,614.48,5.283,71.5,20.668,25.672,1.618,24.6,17.543,6423.23,83.72,613.94,5.291,71.8,20.743,25.607,1.575,24.593,17.477,COOLING_DEGRADATION,1.0,0.4,1.0,1.0,1.0,0.0,0.0,0.0,0.0
76.7,CLIMB,83.61,59.35,2682.92,24.63,91.962,1.0758,6428.21,83.67,614.43,5.282,71.5,20.667,25.672,1.618,24.6,17.541,6430.06,83.39,614.69,5.286,71.61,20.631,25.707,1.612,24.551,17.594,COOLING_DEGRADATION,1.0,0.4,1.0,1.0,1.0,0.0,0.0,0.0,0.0
76.8,CLIMB,83.6,59.34,2690.0,24.62,91.939,1.0756,6427.73,83.68,614.39,5.282,71.51,20.665,25.672,1.617,24.6,17.54,6431.54,83.84,613.34,5.31,72.01,20.503,25.693,1.617,24.646,17.682,COOLING_DEGRADATION,1.0,0.4,1.0,1.0,1.0,0.0,0.0,0.0,0.0
76.9,CLIMB,83.59,59.33,2697.08,24.61,91.915,1.0754,6427.25,83.69,614.35,5.282,71.51,20.664,25.672,1.617,24.6,17.539,6439.99,83.51,614.82,5.311,71.87,20.547,25.641,1.603,24.651,17.629,COOLING_DEGRADATION,1.0,0.4,1.0,1.0,1.0,0.0,0.0,0.0,0.0
77.0,CLIMB,83.58,59.33,2704.17,24.59,91.892,1.0752,6426.77,83.69,614.31,5.282,71.51,20.663,25.672,1.617,24.6,17.538,6428.26,83.32,615.68,5.242,71.56,20.643,25.601,1.678,24.666,17.695,COOLING_DEGRADATION,1.0,0.4,1.0,1.0,1.0,0.0,0.0,0.0,0.0
77.1,CLIMB,83.58,59.32,2711.25,24.58,91.868,1.075,6426.28,83.7,614.27,5.281,71.51,20.661,25.672,1.617,24.6,17.536,6425.43,83.38,614.76,5.277,71.59,20.523,25.632,1.618,24.561,17.58,COOLING_DEGRADATION,1.0,0.4,1.0,1.0,1.0,0.0,0.0,0.0,0.0
77.2,CLIMB,83.57,59.32,2718.33,24.56,91.845,1.0747,6425.8,83.71,614.22,5.281,71.51,20.66,25.671,1.617,24.6,17.535,6427.47,83.03,615.48,5.252,72.13,20.611,25.646,1.584,24.504,17.527,COOLING_DEGRADATION,1.0,0.4,1.0,1.0,1.0,0.0,0.0,0.0,0.0
77.3,CLIMB,83.56,59.31,2725.42,24.55,91.821,1.0745,6425.32,83.71,614.18,5.281,71.51,20.659,25.671,1.617,24.6,17.534,6424.47,84.5,615.76,5.227,70.84,20.697,25.674,1.544,24.634,17.686,COOLING_DEGRADATION,1.0,0.4,1.0,1.0,1.0,0.0,0.0,0.0,0.0
77.4,CLIMB,83.55,59.31,2732.5,24.54,91.798,1.0743,6424.84,83.72,614.14,5.281,71.51,20.657,25.671,1.617,24.6,17.533,6424.04,83.47,615.74,5.237,71.48,20.741,25.674,1.664,24.611,17.388,COOLING_DEGRADATION,1.0,0.4,1.0,1.0,1.0,0.0,0.0,0.0,0.0
77.5,CLIMB,83.54,59.3,2739.58,24.52,91.774,1.0741,6424.36,83.72,614.1,5.28,71.51,20.656,25.671,1.617,24.6,17.531,6428.09,83.63,614.7,5.34,71.51,20.628,25.624,1.576,24.598,17.484,COOLING_DEGRADATION,1.0,0.4,1.0,1.0,1.0,0.0,0.0,0.0,0.0
77.6,CLIMB,83.53,59.3,2746.67,24.51,91.751,1.0738,6423.88,83.73,614.06,5.28,71.51,20.655,25.671,1.617,24.6,17.53,6424.48,84.39,611.61,5.316,71.71,20.578,25.671,1.622,24.537,17.53,COOLING_DEGRADATION,1.0,0.4,1.0,1.0,1.0,0.0,0.0,0.0,0.0
77.7,CLIMB,83.53,59.29,2753.75,24.49,91.727,1.0736,6423.4,83.74,614.02,5.28,71.51,20.653,25.671,1.617,24.6,17.529,6424.98,83.54,613.68,5.292,71.64,20.678,25.694,1.63,24.617,17.443,COOLING_DEGRADATION,1.0,0.4,1.0,1.0,1.0,0.0,0.0,0.0,0.0
77.8,CLIMB,83.52,59.29,2760.83,24.48,91.704,1.0734,6422.92,83.74,613.98,5.28,71.51,20.652,25.67,1.617,24.6,17.528,6415.5,83.28,611.54,5.294,70.82,20.553,25.699,1.643,24.674,17.493,COOLING_DEGRADATION,1.0,0.4,1.0,1.0,1.0,0.0,0.0,0.0,0.0
77.9,CLIMB,83.51,59.28,2767.92,24.46,91.68,1.0732,6422.44,83.75,613.94,5.279,71.51,20.651,25.67,1.616,24.6,17.526,6428.52,83.96,615.63,5.259,71.56,20.627,25.583,1.609,24.551,17.547,COOLING_DEGRADATION,1.0,0.4,1.0,1.0,1.0,0.0,0.0,0.0,0.0
78.0,CLIMB,83.5,59.28,2775.0,24.45,91.657,1.0729,6421.96,83.75,613.9,5.279,71.51,20.649,25.67,1.616,24.6,17.525,6415.35,83.63,613.23,5.3,71.98,20.689,25.713,1.609,24.548,17.604,COOLING_DEGRADATION,1.0,0.4,1.0,1.0,1.0,0.0,0.0,0.0,0.0
78.1,CLIMB,83.49,59.27,2782.08,24.44,91.633,1.0727,6421.48,83.76,613.86,5.279,71.52,20.648,25.67,1.616,24.6,17.524,6424.39,83.16,616.41,5.266,71.4,20.711,25.669,1.664,24.599,17.635,COOLING_DEGRADATION,1.0,0.4,1.0,1.0,1.0,0.0,0.0,0.0,0.0
78.2,CLIMB,83.48,59.26,2789.17,24.42,91.61,1.0725,6421.0,83.77,613.83,5.279,71.52,20.647,25.67,1.616,24.6,17.523,6432.7,84.78,613.59,5.327,71.31,20.554,25.598,1.585,24.567,17.43,COOLING_DEGRADATION,1.0,0.4,1.0,1.0,1.0,0.0,0.0,0.0,0.0
78.3,CLIMB,83.48,59.26,2796.25,24.41,91.587,1.0723,6420.52,83.77,613.79,5.278,71.52,20.645,25.669,1.616,24.6,17.521,6427.93,84.36,612.41,5.235,71.16,20.747,25.641,1.615,24.649,17.394,COOLING_DEGRADATION,1.0,0.4,1.0,1.0,1.0,0.0,0.0,0.0,0.0
78.4,CLIMB,83.47,59.25,2803.33,24.39,91.563,1.072,6420.04,83.78,613.75,5.278,71.52,20.644,25.669,1.616,24.6,17.52,6427.28,84.21,613.26,5.287,71.57,20.694,25.63,1.68,24.567,17.406,COOLING_DEGRADATION,1.0,0.4,1.0,1.0,1.0,0.0,0.0,0.0,0.0
78.5,CLIMB,83.46,59.25,2810.42,24.38,91.54,1.0718,6419.57,83.79,613.71,5.278,71.52,20.643,25.669,1.616,24.6,17.519,6418.08,83.11,616.66,5.287,71.49,20.711,25.673,1.651,24.605,17.693,COOLING_DEGRADATION,1.0,0.4,1.0,1.0,1.0,0.0,0.0,0.0,0.0
78.6,CLIMB,83.45,59.24,2817.5,24.37,91.516,1.0716,6419.09,83.79,613.68,5.278,71.52,20.641,25.669,1.616,24.6,17.518,6416.47,84.06,614.92,5.26,70.97,20.745,25.552,1.595,24.574,17.38,COOLING_DEGRADATION,1.0,0.4,1.0,1.0,1.0,0.0,0.0,0.0,0.0
78.7,CLIMB,83.44,59.24,2824.58,24.35,91.493,1.0714,6418.61,83.8,613.64,5.277,71.52,20.64,25.669,1.616,24.6,17.516,6416.35,84.18,613.8,5.292,71.31,20.445,25.549,1.682,24.693,17.606,COOLING_DEGRADATION,1.0,0.4,1.0,1.0,1.0,0.0,0.0,0.0,0.0
78.8,CLIMB,83.43,59.23,2831.67,24.34,91.469,1.0712,6418.13,83.8,613.6,5.277,71.52,20.638,25.669,1.616,24.6,17.515,6413.84,83.87,612.59,5.272,71.53,20.546,25.744,1.571,24.607,17.546,COOLING_DEGRADATION,1.0,0.4,1.0,1.0,1.0,0.0,0.0,0.0,0.0
78.9,CLIMB,83.43,59.23,2838.75,24.32,91.446,1.0709,6417.65,83.81,613.57,5.277,71.52,20.637,25.669,1.616,24.6,17.514,6411.77,83.78,612.79,5.271,71.05,20.557,25.686,1.506,24.548,17.577,COOLING_DEGRADATION,1.0,0.4,1.0,1.0,1.0,0.0,0.0,0.0,0.0
79.0,CLIMB,83.42,59.22,2845.83,24.31,91.423,1.0707,6417.17,83.82,613.53,5.277,71.52,20.636,25.668,1.615,24.6,17.513,6419.05,83.57,617.32,5.247,71.76,20.51,25.656,1.649,24.609,17.559,COOLING_DEGRADATION,1.0,0.4,1.0,1.0,1.0,0.0,0.0,0.0,0.0
79.1,CLIMB,83.41,59.22,2852.92,24.29,91.399,1.0705,6416.69,83.82,613.49,5.276,71.52,20.634,25.668,1.615,24.6,17.511,6419.93,83.22,616.08,5.282,71.35,20.665,25.662,1.665,24.616,17.387,COOLING_DEGRADATION,1.0,0.4,1.0,1.0,1.0,0.0,0.0,0.0,0.0
79.2,CLIMB,83.4,59.21,2860.0,24.28,91.376,1.0703,6416.21,83.83,613.46,5.276,71.52,20.633,25.668,1.615,24.6,17.51,6418.15,83.41,614.43,5.257,71.91,20.531,25.669,1.588,24.534,17.512,COOLING_DEGRADATION,1.0,0.4,1.0,1.0,1.0,0.0,0.0,0.0,0.0
79.3,CLIMB,83.39,59.2,2867.08,24.27,91.352,1.07,6415.74,83.83,613.42,5.276,71.52,20.632,25.668,1.615,24.6,17.509,6418.17,84.28,611.01,5.271,71.74,20.544,25.78,1.589,24.564,17.528,COOLING_DEGRADATION,1.0,0.4,1.0,1.0,1.0,0.0,0.0,0.0,0.0
79.4,CLIMB,83.38,59.2,2874.17,24.25,91.329,1.0698,6415.26,83.84,613.39,5.276,71.52,20.63,25.668,1.615,24.6,17.508,6416.46,83.99,614.15,5.277,71.51,20.557,25.668,1.588,24.522,17.553,COOLING_DEGRADATION,1.0,0.4,1.0,1.0,1.0,0.0,0.0,0.0,0.0
79.5,CLIMB,83.38,59.19,2881.25,24.24,91.306,1.0696,6414.78,83.85,613.35,5.275,71.52,20.629,25.668,1.615,24.6,17.506,6403.19,84.46,614.45,5.288,71.68,20.547,25.739,1.66,24.625,17.456,COOLING_DEGRADATION,1.0,0.4,1.0,1.0,1.0,0.0,0.0,0.0,0.0
79.6,CLIMB,83.37,59.19,2888.33,24.22,91.282,1.0694,6414.3,83.85,613.32,5.275,71.52,20.628,25.667,1.615,24.6,17.505,6414.51,83.61,614.89,5.271,72.09,20.464,25.692,1.651,24.547,17.539,COOLING_DEGRADATION,1.0,0.4,1.0,1.0,1.0,0.0,0.0,0.0,0.0
79.7,CLIMB,83.36,59.18,2895.42,24.21,91.259,1.0691,6413.82,83.86,613.28,5.275,71.52,20.626,25.667,1.615,24.6,17.504,6405.44,83.39,612.93,5.306,71.66,20.555,25.678,1.571,24.61,17.567,COOLING_DEGRADATION,1.0,0.4,1.0,1.0,1.0,0.0,0.0,0.0,0.0
79.8,CLIMB,83.35,59.18,2902.5,24.2,91.236,1.0689,6413.35,83.86,613.25,5.275,71.52,20.625,25.667,1.615,24.6,17.503,6413.85,84.08,612.41,5.338,71.58,20.643,25.707,1.668,24.608,17.557,COOLING_DEGRADATION,1.0,0.4,1.0,1.0,1.0,0.0,0.0,0.0,0.0
79.9,CLIMB,83.34,59.17,2909.58,24.18,91.212,1.0687,6412.87,83.87,613.22,5.274,71.52,20.624,25.667,1.615,24.6,17.501,6404.93,83.67,610.86,5.278,71.64,20.551,25.722,1.627,24.699,17.382,COOLING_DEGRADATION,1.0,0.4,1.0,1.0,1.0,0.0,0.0,0.0,0.0
80.0,CLIMB,83.33,59.17,2916.67,24.17,91.189,1.0685,6412.39,83.88,613.18,5.274,71.52,20.622,25.667,1.615,24.6,17.5,6411.38,83.77,612.71,5.294,71.3,20.602,25.606,1.623,24.571,17.515,COOLING_DEGRADATION,1.0,0.4,1.0,1.0,1.0,0.0,0.0,0.0,0.0
80.1,CLIMB,83.33,59.16,2923.75,24.15,91.166,1.0683,6411.91,83.88,613.15,5.274,71.52,20.621,25.666,1.614,24.6,17.499,6417.01,84.57,610.92,5.257,71.13,20.567,25.663,1.693,24.551,17.35,COOLING_DEGRADATION,1.0,0.4,1.0,1.0,1.0,0.0,0.0,0.0,0.0
80.2,CLIMB,83.32,59.16,2930.83,24.14,91.142,1.068,6411.44,83.89,613.12,5.274,71.52,20.62,25.666,1.614,24.6,17.498,6412.17,83.74,613.99,5.316,72.05,20.499,25.616,1.569,24.528,17.561,COOLING_DEGRADATION,1.0,0.4,1.0,1.0,1.0,0.0,0.0,0.0,0.0
80.3,CLIMB,83.31,59.15,2937.92,24.12,91.119,1.0678,6410.96,83.9,613.08,5.273,71.52,20.618,25.666,1.614,24.6,17.496,6415.64,84.28,610.85,5.265,71.36,20.582,25.621,1.66,24.581,17.568,COOLING_DEGRADATION,1.0,0.4,1.0,1.0,1.0,0.0,0.0,0.0,0.0
80.4,CLIMB,83.3,59.15,2945.0,24.11,91.096,1.0676,6410.48,83.9,613.05,5.273,71.52,20.617,25.666,1.614,24.6,17.495,6404.61,84.17,614.3,5.249,71.7,20.705,25.681,1.57,24.712,17.41,COOLING_DEGRADATION,1.0,0.4,1.0,1.0,1.0,0.0,0.0,0.0,0.0
80.5,CLIMB,83.29,59.14,2952.08,24.1,91.072,1.0674,6410.0,83.91,613.02,5.273,71.52,20.615,25.666,1.614,24.6,17.494,6413.08,84.48,611.64,5.298,71.41,20.672,25.662,1.589,24.572,17.589,COOLING_DEGRADATION,1.0,0.4,1.0,1.0,1.0,0.0,0.0,0.0,0.0
80.6,CLIMB,83.28,59.13,2959.17,24.08,91.049,1.0671,6409.53,83.91,612.99,5.273,71.52,20.614,25.666,1.614,24.6,17.493,6405.18,84.58,610.66,5.289,71.39,20.757,25.683,1.597,24.648,17.5,COOLING_DEGRADATION,1.0,0.4,1.0,1.0,1.0,0.0,0.0,0.0,0.0
80.7,CLIMB,83.28,59.13,2966.25,24.07,91.026,1.0669,6409.05,83.92,612.95,5.272,71.52,20.613,25.666,1.614,24.6,17.491,6398.64,84.08,612.71,5.303,71.56,20.56,25.621,1.597,24.56,17.594,COOLING_DEGRADATION,1.0,0.4,1.0,1.0,1.0,0.0,0.0,0.0,0.0
80.8,CLIMB,83.27,59.12,2973.33,24.05,91.002,1.0667,6408.57,83.93,612.92,5.272,71.52,20.611,25.665,1.614,24.6,17.49,6402.32,82.97,613.79,5.282,71.82,20.423,25.706,1.593,24.559,17.428,COOLING_DEGRADATION,1.0,0.4,1.0,1.0,1.0,0.0,0.0,0.0,0.0
80.9,CLIMB,83.26,59.12,2980.42,24.04,90.979,1.0665,6408.09,83.93,612.89,5.272,71.52,20.61,25.665,1.614,24.6,17.489,6403.06,83.58,612.11,5.294,71.65,20.426,25.692,1.713,24.607,17.532,COOLING_DEGRADATION,1.0,0.4,1.0,1.0,1.0,0.0,0.0,0.0,0.0
81.0,CLIMB,83.25,59.11,2987.5,24.03,90.956,1.0663,6407.62,83.94,612.86,5.272,71.52,20.609,25.665,1.614,24.6,17.488,6400.18,83.88,612.39,5.325,72.03,20.583,25.67,1.617,24.562,17.513,COOLING_DEGRADATION,1.0,0.4,1.0,1.0,1.0,0.0,0.0,0.0,0.0
81.1,CLIMB,83.24,59.11,2994.58,24.01,90.932,1.066,6407.14,83.94,612.83,5.271,71.52,20.607,25.665,1.614,24.6,17.486,6410.3,85.08,612.42,5.286,71.65,20.71,25.652,1.72,24.701,17.534,COOLING_DEGRADATION,1.0,0.4,1.0,1.0,1.0,0.0,0.0,0.0,0.0
81.2,CLIMB,83.23,59.1,3001.67,24.0,90.909,1.0658,6406.66,83.95,612.8,5.271,71.52,20.606,25.665,1.613,24.6,17.485,6416.09,83.34,612.83,5.271,71.85,20.679,25.577,1.696,24.617,17.541,COOLING_DEGRADATION,1.0,0.4,1.0,1.0,1.0,0.0,0.0,0.0,0.0
81.3,CLIMB,83.23,59.1,3008.75,23.98,90.886,1.0656,6406.19,83.96,612.77,5.271,71.52,20.605,25.665,1.613,24.6,17.484,6404.08,84.02,615.85,5.291,71.06,20.504,25.595,1.554,24.609,17.512,COOLING_DEGRADATION,1.0,0.4,1.0,1.0,1.0,0.0,0.0,0.0,0.0
81.4,CLIMB,83.22,59.09,3015.83,23.97,90.863,1.0654,6405.71,83.96,612.74,5.271,71.52,20.603,25.664,1.613,24.6,17.483,6409.1,84.33,610.69,5.255,71.32,20.755,25.565,1.594,24.632,17.42,COOLING_DEGRADATION,1.0,0.4,1.0,1.0,1.0,0.0,0.0,0.0,0.0
81.5,CLIMB,83.21,59.09,3022.92,23.95,90.839,1.0651,6405.23,83.97,612.7,5.27,71.52,20.602,25.664,1.613,24.6,17.481,6403.59,83.83,612.97,5.252,71.34,20.491,25.692,1.602,24.622,17.597,COOLING_DEGRADATION,1.0,0.4,1.0,1.0,1.0,0.0,0.0,0.0,0.0
81.6,CLIMB,83.2,59.08,3030.0,23.94,90.816,1.0649,6404.76,83.97,612.67,5.27,71.52,20.601,25.664,1.613,24.6,17.48,6402.85,83.17,614.3,5.279,71.05,20.528,25.642,1.617,24.613,17.402,COOLING_DEGRADATION,1.0,0.4,1.0,1.0,1.0,0.0,0.0,0.0,0.0
81.7,CLIMB,83.19,59.07,3037.08,23.93,90.793,1.0647,6404.28,83.98,612.64,5.27,71.52,20.599,25.664,1.613,24.6,17.479,6397.52,83.6,613.85,5.249,71.24,20.654,25.605,1.703,24.47,17.592,COOLING_DEGRADATION,1.0,0.4,1.0,1.0,1.0,0.0,0.0,0.0,0.0
81.8,CLIMB,83.18,59.07,3044.17,23.91,90.77,1.0645,6403.8,83.99,612.61,5.27,71.52,20.598,25.664,1.613,24.6,17.478,6406.11,83.47,610.59,5.239,71.57,20.583,25.653,1.648,24.641,17.319,COOLING_DEGRADATION,1.0,0.4,1.0,1.0,1.0,0.0,0.0,0.0,0.0
81.9,CLIMB,83.18,59.06,3051.25,23.9,90.746,1.0643,6403.33,83.99,612.59,5.27,71.52,20.596,25.663,1.613,24.6,17.476,6404.69,83.1,611.5,5.301,71.76,20.606,25.716,1.599,24.619,17.632,COOLING_DEGRADATION,1.0,0.4,1.0,1.0,1.0,0.0,0.0,0.0,0.0
82.0,CLIMB,83.17,59.06,3058.33,23.88,90.723,1.064,6402.85,84.0,612.56,5.269,71.52,20.595,25.663,1.613,24.6,17.475,6401.86,83.98,611.56,5.309,71.87,20.674,25.681,1.681,24.58,17.595,COOLING_DEGRADATION,1.0,0.4,1.0,1.0,1.0,0.0,0.0,0.0,0.0
82.1,CLIMB,83.16,59.05,3065.42,23.87,90.7,1.0638,6402.37,84.01,612.53,5.269,71.52,20.594,25.663,1.613,24.6,17.474,6401.1,84.94,611.13,5.283,71.28,20.712,25.717,1.561,24.628,17.345,COOLING_DEGRADATION,1.0,0.4,1.0,1.0,1.0,0.0,0.0,0.0,0.0
82.2,CLIMB,83.15,59.05,3072.5,23.86,90.677,1.0636,6401.9,84.01,612.5,5.269,71.52,20.592,25.663,1.613,24.6,17.473,6393.65,83.73,612.48,5.252,71.61,20.453,25.667,1.535,24.562,17.395,COOLING_DEGRADATION,1.0,0.4,1.0,1.0,1.0,0.0,0.0,0.0,0.0
82.3,CLIMB,83.14,59.04,3079.58,23.84,90.654,1.0634,6401.42,84.02,612.47,5.269,71.52,20.591,25.663,1.612,24.6,17.471,6405.08,83.81,610.28,5.231,71.25,20.592,25.691,1.57,24.628,17.582,COOLING_DEGRADATION,1.0,0.4,1.0,1.0,1.0,0.0,0.0,0.0,0.0
82.4,CLIMB,83.13,59.04,3086.67,23.83,90.63,1.0631,6400.94,84.02,612.44,5.268,71.52,20.59,25.663,1.612,24.6,17.47,6407.52,82.9,610.48,5.261,71.16,20.515,25.685,1.596,24.585,17.52,COOLING_DEGRADATION,1.0,0.4,1.0,1.0,1.0,0.0,0.0,0.0,0.0
82.5,CLIMB,83.13,59.03,3093.75,23.81,90.607,1.0629,6400.47,84.03,612.41,5.268,71.52,20.588,25.663,1.612,24.6,17.469,6403.68,84.44,611.29,5.245,72.0,20.603,25.644,1.669,24.669,17.563,COOLING_DEGRADATION,1.0,0.4,1.0,1.0,1.0,0.0,0.0,0.0,0.0
82.6,CLIMB,83.12,59.03,3100.83,23.8,90.584,1.0627,6399.99,84.04,612.38,5.268,71.52,20.587,25.662,1.612,24.6,17.468,6401.28,83.69,613.79,5.256,71.89,20.483,25.679,1.616,24.553,17.312,COOLING_DEGRADATION,1.0,0.4,1.0,1.0,1.0,0.0,0.0,0.0,0.0
82.7,CLIMB,83.11,59.02,3107.92,23.78,90.561,1.0625,6399.51,84.04,612.35,5.268,71.52,20.586,25.662,1.612,24.6,17.466,6399.99,84.72,612.98,5.231,71.45,20.438,25.645,1.645,24.624,17.473,COOLING_DEGRADATION,1.0,0.4,1.0,1.0,1.0,0.0,0.0,0.0,0.0
82.8,CLIMB,83.1,59.02,3115.0,23.77,90.538,1.0623,6399.04,84.05,612.33,5.267,71.52,20.584,25.662,1.612,24.6,17.465,6399.45,83.85,611.37,5.26,71.83,20.523,25.619,1.637,24.554,17.426,COOLING_DEGRADATION,1.0,0.4,1.0,1.0,1.0,0.0,0.0,0.0,0.0
82.9,CLIMB,83.09,59.01,3122.08,23.76,90.514,1.062,6398.56,84.05,612.3,5.267,71.52,20.583,25.662,1.612,24.6,17.464,6394.16,83.53,610.77,5.274,72.13,20.647,25.654,1.694,24.628,17.467,COOLING_DEGRADATION,1.0,0.4,1.0,1.0,1.0,0.0,0.0,0.0,0.0
83.0,CLIMB,83.08,59.0,3129.17,23.74,90.491,1.0618,6398.08,84.06,612.27,5.267,71.52,20.582,25.662,1.612,24.6,17.463,6403.62,84.1,613.0,5.281,70.62,20.632,25.68,1.524,24.583,17.361,COOLING_DEGRADATION,1.0,0.4,1.0,1.0,1.0,0.0,0.0,0.0,0.0
83.1,CLIMB,83.08,59.0,3136.25,23.73,90.468,1.0616,6397.61,84.07,612.24,5.267,71.52,20.58,25.662,1.612,24.6,17.461,6395.04,83.51,610.91,5.292,71.55,20.448,25.636,1.547,24.651,17.382,COOLING_DEGRADATION,1.0,0.4,1.0,1.0,1.0,0.0,0.0,0.0,0.0
83.2,CLIMB,83.07,58.99,3143.33,23.71,90.445,1.0614,6397.13,84.07,612.22,5.266,71.52,20.579,25.661,1.612,24.6,17.46,6391.14,83.49,612.53,5.305,71.22,20.507,25.725,1.644,24.589,17.603,COOLING_DEGRADATION,1.0,0.4,1.0,1.0,1.0,0.0,0.0,0.0,0.0
83.3,CLIMB,83.06,58.99,3150.42,23.7,90.422,1.0612,6396.66,84.08,612.19,5.266,71.52,20.578,25.661,1.612,24.6,17.459,6395.47,84.22,612.12,5.23,71.42,20.688,25.728,1.614,24.558,17.506,COOLING_DEGRADATION,1.0,0.4,1.0,1.0,1.0,0.0,0.0,0.0,0.0
83.4,CLIMB,83.05,58.98,3157.5,23.69,90.399,1.0609,6396.18,84.08,612.16,5.266,71.52,20.576,25.661,1.611,24.6,17.458,6397.95,84.13,612.71,5.276,71.53,20.483,25.731,1.609,24.682,17.293,COOLING_DEGRADATION,1.0,0.4,1.0,1.0,1.0,0.0,0.0,0.0,0.0
83.5,CLIMB,83.04,58.98,3164.58,23.67,90.376,1.0607,6395.7,84.09,612.14,5.266,71.52,20.575,25.661,1.611,24.6,17.456,6395.25,82.51,612.71,5.306,71.26,20.55,25.605,1.672,24.694,17.478,COOLING_DEGRADATION,1.0,0.4,1.0,1.0,1.0,0.0,0.0,0.0,0.0
83.6,CLIMB,83.03,58.97,3171.67,23.66,90.352,1.0605,6395.23,84.1,612.11,5.265,71.52,20.573,25.661,1.611,24.6,17.455,6396.79,83.6,613.48,5.232,71.54,20.709,25.633,1.58,24.612,17.594,COOLING_DEGRADATION,1.0,0.4,1.0,1.0,1.0,0.0,0.0,0.0,0.0
83.7,CLIMB,83.03,58.97,3178.75,23.64,90.329,1.0603,6394.75,84.1,612.08,5.265,71.52,20.572,25.66,1.611,24.6,17.454,6394.13,83.47,611.88,5.257,71.13,20.574,25.569,1.674,24.581,17.492,COOLING_DEGRADATION,1.0,0.4,1.0,1.0,1.0,0.0,0.0,0.0,0.0
83.8,CLIMB,83.02,58.96,3185.83,23.63,90.306,1.0601,6394.28,84.11,612.06,5.265,71.52,20.571,25.66,1.611,24.6,17.453,6398.98,84.2,611.82,5.311,71.67,20.633,25.591,1.567,24.58,17.503,COOLING_DEGRADATION,1.0,0.4,1.0,1.0,1.0,0.0,0.0,0.0,0.0
83.9,CLIMB,83.01,58.96,3192.92,23.61,90.283,1.0598,6393.8,84.11,612.03,5.265,71.52,20.569,25.66,1.611,24.6,17.451,6387.76,85.0,608.68,5.316,71.89,20.678,25.649,1.653,24.583,17.52,COOLING_DEGRADATION,1.0,0.4,1.0,1.0,1.0,0.0,0.0,0.0,0.0
84.0,CLIMB,83.0,58.95,3200.0,23.6,90.26,1.0596,6393.32,84.12,612.0,5.264,71.51,20.568,25.66,1.611,24.6,17.45,6385.13,84.84,611.38,5.193,72.03,20.733,25.604,1.606,24.521,17.465,COOLING_DEGRADATION,1.0,0.4,1.0,1.0,1.0,0.0,0.0,0.0,0.0
84.1,CLIMB,82.99,58.94,3207.08,23.59,90.237,1.0594,6392.85,84.13,611.98,5.264,71.51,20.567,25.66,1.611,24.6,17.449,6390.82,84.93,610.55,5.213,71.58,20.728,25.715,1.615,24.602,17.387,COOLING_DEGRADATION,1.0,0.4,1.0,1.0,1.0,0.0,0.0,0.0,0.0
84.2,CLIMB,82.98,58.94,3214.17,23.57,90.214,1.0592,6392.37,84.13,611.95,5.264,71.51,20.565,25.66,1.611,24.6,17.448,6386.23,84.16,611.6,5.259,71.65,20.5,25.524,1.536,24.596,17.405,COOLING_DEGRADATION,1.0,0.4,1.0,1.0,1.0,0.0,0.0,0.0,0.0
84.3,CLIMB,82.98,58.93,3221.25,23.56,90.191,1.059,6391.9,84.14,611.93,5.264,71.51,20.564,25.66,1.611,24.6,17.446,6388.5,83.59,611.05,5.214,71.59,20.548,25.606,1.643,24.549,17.456,COOLING_DEGRADATION,1.0,0.4,1.0,1.0,1.0,0.0,0.0,0.0,0.0
84.4,CLIMB,82.97,58.93,3228.33,23.54,90.168,1.0587,6391.42,84.14,611.9,5.264,71.51,20.563,25.659,1.611,24.6,17.445,6384.93,83.83,613.2,5.316,71.88,20.719,25.619,1.663,24.589,17.471,COOLING_DEGRADATION,1.0,0.4,1.0,1.0,1.0,0.0,0.0,0.0,0.0
84.5,CLIMB,82.96,58.92,3235.42,23.53,90.145,1.0585,6390.95,84.15,611.87,5.263,71.51,20.561,25.659,1.61,24.6,17.444,6393.25,84.76,608.93,5.272,71.32,20.648,25.721,1.635,24.632,17.415,COOLING_DEGRADATION,1.0,0.4,1.0,1.0,1.0,0.0,0.0,0.0,0.0
84.6,CLIMB,82.95,58.92,3242.5,23.52,90.121,1.0583,6390.47,84.16,611.85,5.263,71.51,20.56,25.659,1.61,24.6,17.443,6388.51,84.6,613.0,5.225,71.74,20.561,25.646,1.515,24.641,17.565,COOLING_DEGRADATION,1.0,0.4,1.0,1.0,1.0,0.0,0.0,0.0,0.0
84.7,CLIMB,82.94,58.91,3249.58,23.5,90.098,1.0581,6389.99,84.16,611.82,5.263,71.51,20.559,25.659,1.61,24.6,17.441,6402.4,84.77,611.1,5.211,71.23,20.492,25.738,1.595,24.559,17.36,COOLING_DEGRADATION,1.0,0.4,1.0,1.0,1.0,0.0,0.0,0.0,0.0
84.8,CLIMB,82.93,58.91,3256.67,23.49,90.075,1.0578,6389.52,84.17,611.8,5.263,71.51,20.557,25.659,1.61,24.6,17.44,6389.22,84.56,611.19,5.261,71.74,20.632,25.635,1.606,24.609,17.365,COOLING_DEGRADATION,1.0,0.4,1.0,1.0,1.0,0.0,0.0,0.0,0.0
84.9,CLIMB,82.93,58.9,3263.75,23.47,90.052,1.0576,6389.04,84.18,611.77,5.262,71.51,20.556,25.659,1.61,24.6,17.439,6394.06,84.8,612.94,5.257,71.41,20.551,25.656,1.612,24.61,17.564,COOLING_DEGRADATION,1.0,0.4,1.0,1.0,1.0,0.0,0.0,0.0,0.0
85.0,CLIMB,82.92,58.9,3270.83,23.46,90.029,1.0574,6388.57,84.18,611.75,5.262,71.51,20.554,25.658,1.61,24.6,17.438,6390.46,83.9,609.6,5.225,71.13,20.572,25.597,1.595,24.703,17.261,COOLING_DEGRADATION,1.0,0.4,1.0,1.0,1.0,0.0,0.0,0.0,0.0
85.1,CLIMB,82.91,58.89,3277.92,23.44,90.006,1.0572,6388.09,84.19,611.72,5.262,71.51,20.553,25.658,1.61,24.6,17.436,6388.43,84.81,608.71,5.266,71.55,20.517,25.674,1.606,24.479,17.486,COOLING_DEGRADATION,1.0,0.4,1.0,1.0,1.0,0.0,0.0,0.0,0.0
85.2,CLIMB,82.9,58.89,3285.0,23.43,89.983,1.057,6387.62,84.19,611.7,5.262,71.51,20.552,25.658,1.61,24.6,17.435,6382.66,84.51,610.68,5.235,71.35,20.521,25.678,1.64,24.572,17.353,COOLING_DEGRADATION,1.0,0.4,1.0,1.0,1.0,0.0,0.0,0.0,0.0
85.3,CLIMB,82.89,58.88,3292.08,23.42,89.96,1.0567,6387.14,84.2,611.67,5.261,71.5,20.55,25.658,1.61,24.6,17.434,6384.59,84.41,610.81,5.273,71.74,20.398,25.724,1.62,24.647,17.53,COOLING_DEGRADATION,1.0,0.4,1.0,1.0,1.0,0.0,0.0,0.0,0.0
85.4,CLIMB,82.88,58.87,3299.17,23.4,89.937,1.0565,6386.67,84.21,611.65,5.261,71.5,20.549,25.658,1.61,24.6,17.433,6380.31,84.26,611.25,5.286,71.37,20.501,25.707,1.661,24.629,17.254,COOLING_DEGRADATION,1.0,0.4,1.0,1.0,1.0,0.0,0.0,0.0,0.0
85.5,CLIMB,82.88,58.87,3306.25,23.39,89.914,1.0563,6386.19,84.21,611.63,5.261,71.5,20.548,25.658,1.61,24.6,17.431,6392.5,83.16,613.9,5.286,71.78,20.377,25.718,1.595,24.614,17.364,COOLING_DEGRADATION,1.0,0.4,1.0,1.0,1.0,0.0,0.0,0.0,0.0
85.6,CLIMB,82.87,58.86,3313.33,23.37,89.891,1.0561,6385.71,84.22,611.6,5.261,71.5,20.546,25.657,1.609,24.6,17.43,6383.76,83.16,612.79,5.261,71.49,20.692,25.627,1.57,24.544,17.6,COOLING_DEGRADATION,1.0,0.4,1.0,1.0,1.0,0.0,0.0,0.0,0.0
85.7,CLIMB,82.86,58.86,3320.42,23.36,89.868,1.0559,6385.24,84.22,611.58,5.26,71.5,20.545,25.657,1.609,24.6,17.429,6380.81,84.42,613.44,5.3,71.19,20.569,25.649,1.58,24.564,17.574,COOLING_DEGRADATION,1.0,0.4,1.0,1.0,1.0,0.0,0.0,0.0,0.0
85.8,CLIMB,82.85,58.85,3327.5,23.35,89.845,1.0556,6384.76,84.23,611.55,5.26,71.5,20.544,25.657,1.609,24.6,17.428,6382.94,83.97,611.93,5.282,71.17,20.479,25.65,1.603,24.632,17.482,COOLING_DEGRADATION,1.0,0.4,1.0,1.0,1.0,0.0,0.0,0.0,0.0
85.9,CLIMB,82.84,58.85,3334.58,23.33,89.822,1.0554,6384.29,84.24,611.53,5.26,71.5,20.542,25.657,1.609,24.6,17.426,6376.52,83.79,610.01,5.248,71.7,20.484,25.707,1.687,24.623,17.537,COOLING_DEGRADATION,1.0,0.4,1.0,1.0,1.0,0.0,0.0,0.0,0.0
86.0,CLIMB,82.83,58.84,3341.67,23.32,89.799,1.0552,6383.81,84.24,611.51,5.26,71.5,20.541,25.657,1.609,24.6,17.425,6392.0,84.76,612.38,5.228,71.72,20.408,25.596,1.621,24.606,17.502,COOLING_DEGRADATION,1.0,0.4,1.0,1.0,1.0,0.0,0.0,0.0,0.0
86.1,CLIMB,82.83,58.84,3348.75,23.3,89.776,1.055,6383.34,84.25,611.48,5.26,71.5,20.54,25.657,1.609,24.6,17.424,6384.78,83.57,612.53,5.236,71.49,20.539,25.642,1.554,24.587,17.318,COOLING_DEGRADATION,1.0,0.4,1.0,1.0,1.0,0.0,0.0,0.0,0.0
86.2,CLIMB,82.82,58.83,3355.83,23.29,89.753,1.0548,6382.86,84.25,611.46,5.259,71.5,20.538,25.656,1.609,24.6,17.423,6381.03,83.73,610.4,5.273,71.36,20.455,25.701,1.621,24.617,17.468,COOLING_DEGRADATION,1.0,0.4,1.0,1.0,1.0,0.0,0.0,0.0,0.0
86.3,CLIMB,82.81,58.83,3362.92,23.27,89.73,1.0545,6382.39,84.26,611.44,5.259,71.5,20.537,25.656,1.609,24.6,17.421,6387.1,84.27,611.06,5.23,71.1,20.469,25.728,1.601,24.687,17.337,COOLING_DEGRADATION,1.0,0.4,1.0,1.0,1.0,0.0,0.0,0.0,0.0
86.4,CLIMB,82.8,58.82,3370.0,23.26,89.707,1.0543,6381.91,84.27,611.41,5.259,71.49,20.535,25.656,1.609,24.6,17.42,6384.19,84.54,612.76,5.214,71.55,20.605,25.661,1.574,24.633,17.35,COOLING_DEGRADATION,1.0,0.4,1.0,1.0,1.0,0.0,0.0,0.0,0.0
86.5,CLIMB,82.79,58.81,3377.08,23.25,89.684,1.0541,6381.44,84.27,611.39,5.259,71.49,20.534,25.656,1.609,24.6,17.419,6385.0,84.74,610.02,5.211,71.03,20.585,25.669,1.635,24.616,17.144,COOLING_DEGRADATION,1.0,0.4,1.0,1.0,1.0,0.0,0.0,0.0,0.0
86.6,CLIMB,82.78,58.81,3384.17,23.23,89.661,1.0539,6380.96,84.28,611.37,5.258,71.49,20.533,25.656,1.609,24.6,17.418,6379.38,84.53,611.55,5.263,70.91,20.609,25.718,1.72,24.633,17.334,COOLING_DEGRADATION,1.0,0.4,1.0,1.0,1.0,0.0,0.0,0.0,0.0
86.7,CLIMB,82.78,58.8,3391.25,23.22,89.638,1.0537,6380.49,84.28,611.34,5.258,71.49,20.531,25.655,1.608,24.6,17.416,6384.56,85.18,609.88,5.241,71.64,20.486,25.615,1.577,24.536,17.463,COOLING_DEGRADATION,1.0,0.4,1.0,1.0,1.0,0.0,0.0,0.0,0.0
86.8,CLIMB,82.77,58.8,3398.33,23.2,89.615,1.0535,6380.01,84.29,611.32,5.258,71.49,20.53,25.655,1.608,24.6,17.415,6375.59,84.23,609.17,5.238,71.86,20.473,25.644,1.57,24.518,17.297,COOLING_DEGRADATION,1.0,0.4,1.0,1.0,1.0,0.0,0.0,0.0,0.0
86.9,CLIMB,82.76,58.79,3405.42,23.19,89.592,1.0532,6379.54,84.3,611.3,5.258,71.49,20.529,25.655,1.608,24.6,17.414,6372.59,85.13,610.98,5.246,71.76,20.621,25.578,1.714,24.57,17.652,COOLING_DEGRADATION,1.0,0.4,1.0,1.0,1.0,0.0,0.0,0.0,0.0
87.0,CLIMB,82.75,58.79,3412.5,23.18,89.569,1.053,6379.06,84.3,611.28,5.257,71.49,20.527,25.655,1.608,24.6,17.413,6386.49,84.84,609.08,5.22,71.05,20.537,25.639,1.575,24.576,17.366,COOLING_DEGRADATION,1.0,0.4,1.0,1.0,1.0,0.0,0.0,0.0,0.0
87.1,CLIMB,82.74,58.78,3419.58,23.16,89.547,1.0528,6378.59,84.31,611.25,5.257,71.49,20.526,25.655,1.608,24.6,17.411,6378.56,84.87,610.31,5.286,70.99,20.554,25.701,1.623,24.629,17.344,COOLING_DEGRADATION,1.0,0.4,1.0,1.0,1.0,0.0,0.0,0.0,0.0
87.2,CLIMB,82.73,58.78,3426.67,23.15,89.524,1.0526,6378.11,84.31,611.23,5.257,71.48,20.525,25.655,1.608,24.6,17.41,6380.42,84.5,611.43,5.245,71.02,20.659,25.564,1.597,24.698,17.173,COOLING_DEGRADATION,1.0,0.4,1.0,1.0,1.0,0.0,0.0,0.0,0.0
87.3,CLIMB,82.73,58.77,3433.75,23.13,89.501,1.0524,6377.64,84.32,611.21,5.257,71.48,20.523,25.655,1.608,24.6,17.409,6379.86,84.5,611.87,5.262,71.55,20.358,25.535,1.594,24.654,17.167,COOLING_DEGRADATION,1.0,0.4,1.0,1.0,1.0,0.0,0.0,0.0,0.0
87.4,CLIMB,82.72,58.77,3440.83,23.12,89.478,1.0521,6377.16,84.33,611.19,5.256,71.48,20.522,25.654,1.608,24.6,17.408,6383.92,84.02,612.37,5.247,71.46,20.508,25.708,1.666,24.641,17.409,COOLING_DEGRADATION,1.0,0.4,1.0,1.0,1.0,0.0,0.0,0.0,0.0
87.5,CLIMB,82.71,58.76,3447.92,23.1,89.455,1.0519,6376.69,84.33,611.16,5.256,71.48,20.52,25.654,1.608,24.6,17.406,6380.11,84.81,612.29,5.283,71.29,20.426,25.598,1.621,24.548,17.394,COOLING_DEGRADATION,1.0,0.4,1.0,1.0,1.0,0.0,0.0,0.0,0.0
87.6,CLIMB,82.7,58.76,3455.0,23.09,89.432,1.0517,6376.21,84.34,611.14,5.256,71.48,20.519,25.654,1.608,24.6,17.405,6383.35,83.49,608.4,5.274,71.47,20.529,25.648,1.549,24.612,17.464,COOLING_DEGRADATION,1.0,0.4,1.0,1.0,1.0,0.0,0.0,0.0,0.0
87.7,CLIMB,82.69,58.75,3462.08,23.08,89.409,1.0515,6375.74,84.34,611.12,5.256,71.48,20.518,25.654,1.608,24.6,17.404,6379.04,84.99,610.89,5.21,71.69,20.535,25.698,1.563,24.55,17.404,COOLING_DEGRADATION,1.0,0.4,1.0,1.0,1.0,0.0,0.0,0.0,0.0
87.8,CLIMB,82.68,58.74,3469.17,23.06,89.386,1.0513,6375.26,84.35,611.1,5.256,71.48,20.516,25.654,1.607,24.6,17.403,6368.61,84.68,609.6,5.288,71.34,20.483,25.618,1.661,24.553,17.35,COOLING_DEGRADATION,1.0,0.4,1.0,1.0,1.0,0.0,0.0,0.0,0.0
87.9,CLIMB,82.68,58.74,3476.25,23.05,89.363,1.051,6374.79,84.36,611.08,5.255,71.48,20.515,25.654,1.607,24.6,17.401,6375.64,84.19,611.67,5.261,71.24,20.554,25.631,1.643,24.606,17.258,COOLING_DEGRADATION,1.0,0.4,1.0,1.0,1.0,0.0,0.0,0.0,0.0
88.0,CLIMB,82.67,58.73,3483.33,23.03,89.341,1.0508,6374.32,84.36,611.06,5.255,71.47,20.514,25.653,1.607,24.6,17.4,6370.96,85.19,611.2,5.237,71.55,20.521,25.645,1.578,24.653,17.401,COOLING_DEGRADATION,1.0,0.4,1.0,1.0,1.0,0.0,0.0,0.0,0.0
88.1,CLIMB,82.66,58.73,3490.42,23.02,89.318,1.0506,6373.84,84.37,611.03,5.255,71.47,20.512,25.653,1.607,24.6,17.399,6383.98,83.95,610.0,5.24,71.63,20.45,25.645,1.606,24.625,17.409,COOLING_DEGRADATION,1.0,0.4,1.0,1.0,1.0,0.0,0.0,0.0,0.0
88.2,CLIMB,82.65,58.72,3497.5,23.01,89.295,1.0504,6373.37,84.37,611.01,5.255,71.47,20.511,25.653,1.607,24.6,17.398,6378.24,83.76,610.69,5.233,71.36,20.57,25.663,1.616,24.56,17.52,COOLING_DEGRADATION,1.0,0.4,1.0,1.0,1.0,0.0,0.0,0.0,0.0
88.3,CLIMB,82.64,58.72,3504.58,22.99,89.272,1.0502,6372.89,84.38,610.99,5.254,71.47,20.51,25.653,1.607,24.6,17.396,6370.9,83.38,611.8,5.267,71.98,20.514,25.655,1.593,24.568,17.521,COOLING_DEGRADATION,1.0,0.4,1.0,1.0,1.0,0.0,0.0,0.0,0.0
88.4,CLIMB,82.63,58.71,3511.67,22.98,89.249,1.05,6372.42,84.39,610.97,5.254,71.47,20.508,25.653,1.607,24.6,17.395,6374.73,84.48,610.41,5.275,71.64,20.441,25.634,1.539,24.7,17.322,COOLING_DEGRADATION,1.0,0.4,1.0,1.0,1.0,0.0,0.0,0.0,0.0
88.5,CLIMB,82.63,58.71,3518.75,22.96,89.226,1.0497,6371.94,84.39,610.95,5.254,71.47,20.507,25.652,1.607,24.6,17.394,6364.03,84.19,609.86,5.205,71.29,20.503,25.619,1.573,24.678,17.297,COOLING_DEGRADATION,1.0,0.4,1.0,1.0,1.0,0.0,0.0,0.0,0.0
88.6,CLIMB,82.62,58.7,3525.83,22.95,89.203,1.0495,6371.47,84.4,610.93,5.254,71.47,20.506,25.652,1.607,24.6,17.393,6378.0,82.94,611.19,5.29,71.13,20.674,25.571,1.599,24.515,17.398,COOLING_DEGRADATION,1.0,0.4,1.0,1.0,1.0,0.0,0.0,0.0,0.0
88.7,CLIMB,82.61,58.7,3532.92,22.93,89.181,1.0493,6370.99,84.4,610.91,5.253,71.46,20.504,25.652,1.607,24.6,17.391,6372.68,84.73,612.08,5.259,71.67,20.576,25.731,1.591,24.555,17.361,COOLING_DEGRADATION,1.0,0.4,1.0,1.0,1.0,0.0,0.0,0.0,0.0
88.8,CLIMB,82.6,58.69,3540.0,22.92,89.158,1.0491,6370.52,84.41,610.88,5.253,71.46,20.503,25.652,1.607,24.6,17.39,6377.47,84.07,613.17,5.292,71.26,20.437,25.628,1.597,24.472,17.394,COOLING_DEGRADATION,1.0,0.4,1.0,1.0,1.0,0.0,0.0,0.0,0.0
88.9,CLIMB,82.59,58.68,3547.08,22.91,89.135,1.0489,6370.05,84.42,610.86,5.253,71.46,20.501,25.652,1.606,24.6,17.389,6379.45,84.73,612.11,5.263,71.76,20.38,25.568,1.555,24.627,17.338,COOLING_DEGRADATION,1.0,0.4,1.0,1.0,1.0,0.0,0.0,0.0,0.0
89.0,CLIMB,82.58,58.68,3554.17,22.89,89.112,1.0486,6369.57,84.42,610.84,5.253,71.46,20.5,25.652,1.606,24.6,17.388,6368.56,84.79,609.38,5.241,71.02,20.571,25.577,1.575,24.541,17.202,COOLING_DEGRADATION,1.0,0.4,1.0,1.0,1.0,0.0,0.0,0.0,0.0
89.1,CLIMB,82.58,58.67,3561.25,22.88,89.089,1.0484,6369.1,84.43,610.82,5.253,71.46,20.499,25.652,1.606,24.6,17.386,6365.2,84.79,610.32,5.249,72.23,20.437,25.649,1.665,24.595,17.491,COOLING_DEGRADATION,1.0,0.4,1.0,1.0,1.0,0.0,0.0,0.0,0.0
89.2,CLIMB,82.57,58.67,3568.33,22.86,89.066,1.0482,6368.62,84.43,610.8,5.252,71.46,20.497,25.651,1.606,24.6,17.385,6373.43,84.23,609.23,5.28,71.7,20.312,25.763,1.558,24.57,17.339,COOLING_DEGRADATION,1.0,0.4,1.0,1.0,1.0,0.0,0.0,0.0,0.0
89.3,CLIMB,82.56,58.66,3575.42,22.85,89.044,1.048,6368.15,84.44,610.78,5.252,71.46,20.496,25.651,1.606,24.6,17.384,6366.73,84.3,611.02,5.239,71.53,20.503,25.68,1.516,24.556,17.457,COOLING_DEGRADATION,1.0,0.4,1.0,1.0,1.0,0.0,0.0,0.0,0.0
89.4,CLIMB,82.55,58.66,3582.5,22.84,89.021,1.0478,6367.67,84.45,610.76,5.252,71.45,20.495,25.651,1.606,24.6,17.383,6375.81,84.89,609.62,5.249,71.76,20.475,25.553,1.585,24.639,17.272,COOLING_DEGRADATION,1.0,0.4,1.0,1.0,1.0,0.0,0.0,0.0,0.0
89.5,CLIMB,82.54,58.65,3589.58,22.82,88.998,1.0475,6367.2,84.45,610.74,5.252,71.45,20.493,25.651,1.606,24.6,17.381,6364.12,84.76,610.17,5.23,71.02,20.471,25.685,1.55,24.573,17.296,COOLING_DEGRADATION,1.0,0.4,1.0,1.0,1.0,0.0,0.0,0.0,0.0
89.6,CLIMB,82.53,58.65,3596.67,22.81,88.975,1.0473,6366.73,84.46,610.72,5.251,71.45,20.492,25.651,1.606,24.6,17.38,6365.83,83.77,607.94,5.251,71.0,20.449,25.679,1.559,24.63,17.575,COOLING_DEGRADATION,1.0,0.4,1.0,1.0,1.0,0.0,0.0,0.0,0.0
89.7,CLIMB,82.53,58.64,3603.75,22.79,88.953,1.0471,6366.25,84.46,610.7,5.251,71.45,20.491,25.651,1.606,24.6,17.379,6367.39,85.4,609.79,5.239,71.33,20.537,25.807,1.557,24.679,17.474,COOLING_DEGRADATION,1.0,0.4,1.0,1.0,1.0,0.0,0.0,0.0,0.0
89.8,CLIMB,82.52,58.64,3610.83,22.78,88.93,1.0469,6365.78,84.47,610.68,5.251,71.45,20.489,25.65,1.606,24.6,17.378,6364.42,84.95,612.12,5.168,71.64,20.664,25.66,1.616,24.628,17.472,COOLING_DEGRADATION,1.0,0.4,1.0,1.0,1.0,0.0,0.0,0.0,0.0
89.9,CLIMB,82.51,58.63,3617.92,22.76,88.907,1.0467,6365.3,84.48,610.66,5.251,71.45,20.488,25.65,1.606,24.6,17.376,6367.12,84.06,609.72,5.27,71.36,20.423,25.65,1.68,24.563,17.399,COOLING_DEGRADATION,1.0,0.4,1.0,1.0,1.0,0.0,0.0,0.0,0.0
90.0,CLIMB,82.5,58.63,3625.0,22.75,88.884,1.0465,6364.83,84.48,610.64,5.25,71.44,20.486,25.65,1.605,24.6,17.375,6361.79,84.2,610.76,5.205,71.59,20.551,25.705,1.62,24.577,17.416,COOLING_DEGRADATION,1.0,0.4,1.0,1.0,1.0,0.0,0.0,0.0,0.0
90.1,CLIMB,82.49,58.62,3632.08,22.74,88.862,1.0462,6364.36,84.49,610.62,5.25,71.44,20.485,25.65,1.605,24.6,17.374,6359.88,83.88,609.97,5.221,71.4,20.413,25.713,1.588,24.622,17.389,COOLING_DEGRADATION,1.0,0.4,1.0,1.0,1.0,0.0,0.0,0.0,0.0
90.2,CLIMB,82.48,58.61,3639.17,22.72,88.839,1.046,6363.88,84.49,610.6,5.25,71.44,20.484,25.65,1.605,24.6,17.373,6363.59,84.59,610.95,5.232,71.69,20.419,25.672,1.56,24.514,17.387,COOLING_DEGRADATION,1.0,0.4,1.0,1.0,1.0,0.0,0.0,0.0,0.0
90.3,CLIMB,82.48,58.61,3646.25,22.71,88.816,1.0458,6363.41,84.5,610.58,5.25,71.44,20.482,25.649,1.605,24.6,17.371,6363.47,84.6,608.38,5.27,71.93,20.525,25.627,1.561,24.639,17.386,COOLING_DEGRADATION,1.0,0.4,1.0,1.0,1.0,0.0,0.0,0.0,0.0
90.4,CLIMB,82.47,58.6,3653.33,22.69,88.793,1.0456,6362.93,84.51,610.56,5.25,71.44,20.481,25.649,1.605,24.6,17.37,6368.57,84.6,610.0,5.259,71.51,20.334,25.623,1.573,24.575,17.45,COOLING_DEGRADATION,1.0,0.4,1.0,1.0,1.0,0.0,0.0,0.0,0.0
90.5,CLIMB,82.46,58.6,3660.42,22.68,88.771,1.0454,6362.46,84.51,610.54,5.249,71.43,20.48,25.649,1.605,24.6,17.369,6355.42,85.08,611.32,5.243,70.91,20.514,25.614,1.54,24.656,17.391,COOLING_DEGRADATION,1.0,0.4,1.0,1.0,1.0,0.0,0.0,0.0,0.0
90.6,CLIMB,82.45,58.59,3667.5,22.67,88.748,1.0452,6361.99,84.52,610.52,5.249,71.43,20.478,25.649,1.605,24.6,17.368,6366.09,83.94,608.96,5.279,71.7,20.659,25.701,1.548,24.624,17.303,COOLING_DEGRADATION,1.0,0.4,1.0,1.0,1.0,0.0,0.0,0.0,0.0
90.7,CLIMB,82.44,58.59,3674.58,22.65,88.725,1.0449,6361.51,84.52,610.5,5.249,71.43,20.477,25.649,1.605,24.6,17.366,6363.09,84.35,612.56,5.244,71.92,20.393,25.638,1.584,24.614,17.367,COOLING_DEGRADATION,1.0,0.4,1.0,1.0,1.0,0.0,0.0,0.0,0.0
90.8,CLIMB,82.43,58.58,3681.67,22.64,88.702,1.0447,6361.04,84.53,610.48,5.249,71.43,20.476,25.649,1.605,24.6,17.365,6365.32,83.9,610.67,5.245,71.97,20.619,25.673,1.574,24.547,17.271,COOLING_DEGRADATION,1.0,0.4,1.0,1.0,1.0,0.0,0.0,0.0,0.0
90.9,CLIMB,82.43,58.58,3688.75,22.62,88.68,1.0445,6360.56,84.54,610.46,5.248,71.43,20.474,25.649,1.605,24.6,17.364,6358.15,84.34,612.87,5.284,72.03,20.602,25.726,1.591,24.645,17.274,COOLING_DEGRADATION,1.0,0.4,1.0,1.0,1.0,0.0,0.0,0.0,0.0
91.0,CLIMB,82.42,58.57,3695.83,22.61,88.657,1.0443,6360.09,84.54,610.44,5.248,71.42,20.473,25.648,1.605,24.6,17.363,6361.84,84.68,611.61,5.246,71.27,20.429,25.675,1.643,24.573,17.211,COOLING_DEGRADATION,1.0,0.4,1.0,1.0,1.0,0.0,0.0,0.0,0.0
91.1,CLIMB,82.41,58.57,3702.92,22.59,88.634,1.0441,6359.62,84.55,610.42,5.248,71.42,20.472,25.648,1.604,24.6,17.361,6358.91,84.54,610.09,5.235,71.42,20.422,25.708,1.619,24.603,17.462,COOLING_DEGRADATION,1.0,0.4,1.0,1.0,1.0,0.0,0.0,0.0,0.0
91.2,CLIMB,82.4,58.56,3710.0,22.58,88.612,1.0439,6359.14,84.55,610.4,5.248,71.42,20.47,25.648,1.604,24.6,17.36,6361.4,85.25,611.17,5.232,71.72,20.437,25.527,1.645,24.538,17.455,COOLING_DEGRADATION,1.0,0.4,1.0,1.0,1.0,0.0,0.0,0.0,0.0
91.3,CLIMB,82.39,58.55,3717.08,22.57,88.589,1.0436,6358.67,84.56,610.38,5.248,71.42,20.469,25.648,1.604,24.6,17.359,6370.02,85.73,608.37,5.249,71.17,20.554,25.645,1.546,24.598,17.362,COOLING_DEGRADATION,1.0,0.4,1.0,1.0,1.0,0.0,0.0,0.0,0.0
91.4,CLIMB,82.38,58.55,3724.17,22.55,88.566,1.0434,6358.2,84.57,610.36,5.247,71.42,20.467,25.648,1.604,24.6,17.358,6363.14,84.59,610.97,5.229,72.04,20.447,25.61,1.664,24.499,17.481,COOLING_DEGRADATION,1.0,0.4,1.0,1.0,1.0,0.0,0.0,0.0,0.0
91.5,CLIMB,82.38,58.54,3731.25,22.54,88.544,1.0432,6357.72,84.57,610.34,5.247,71.42,20.466,25.648,1.604,24.6,17.356,6356.73,84.79,611.49,5.247,71.71,20.463,25.591,1.568,24.618,17.362,COOLING_DEGRADATION,1.0,0.4,1.0,1.0,1.0,0.0,0.0,0.0,0.0
91.6,CLIMB,82.37,58.54,3738.33,22.52,88.521,1.043,6357.25,84.58,610.32,5.247,71.41,20.465,25.647,1.604,24.6,17.355,6366.15,84.67,612.68,5.247,71.99,20.516,25.628,1.521,24.536,17.426,COOLING_DEGRADATION,1.0,0.4,1.0,1.0,1.0,0.0,0.0,0.0,0.0
91.7,CLIMB,82.36,58.53,3745.42,22.51,88.498,1.0428,6356.78,84.58,610.3,5.247,71.41,20.463,25.647,1.604,24.6,17.354,6354.64,83.65,610.09,5.282,71.52,20.596,25.6,1.633,24.546,17.428,COOLING_DEGRADATION,1.0,0.4,1.0,1.0,1.0,0.0,0.0,0.0,0.0
91.8,CLIMB,82.35,58.53,3752.5,22.5,88.476,1.0425,6356.3,84.59,610.29,5.246,71.41,20.462,25.647,1.604,24.6,17.353,6353.27,83.91,610.62,5.212,71.39,20.451,25.672,1.659,24.65,17.221,COOLING_DEGRADATION,1.0,0.4,1.0,1.0,1.0,0.0,0.0,0.0,0.0
91.9,CLIMB,82.34,58.52,3759.58,22.48,88.453,1.0423,6355.83,84.6,610.27,5.246,71.41,20.461,25.647,1.604,24.6,17.351,6357.55,84.17,609.1,5.244,71.09,20.376,25.635,1.607,24.615,17.339,COOLING_DEGRADATION,1.0,0.4,1.0,1.0,1.0,0.0,0.0,0.0,0.0
92.0,CLIMB,82.33,58.52,3766.67,22.47,88.43,1.0421,6355.36,84.6,610.25,5.246,71.4,20.459,25.647,1.604,24.6,17.35,6356.84,84.92,613.36,5.229,71.31,20.645,25.652,1.613,24.54,17.221,COOLING_DEGRADATION,1.0,0.4,1.0,1.0,1.0,0.0,0.0,0.0,0.0
92.1,CLIMB,82.33,58.51,3773.75,22.45,88.408,1.0419,6354.88,84.61,610.23,5.246,71.4,20.458,25.647,1.604,24.6,17.349,6353.42,84.29,605.23,5.285,71.74,20.431,25.584,1.636,24.578,17.46,COOLING_DEGRADATION,1.0,0.4,1.0,1.0,1.0,0.0,0.0,0.0,0.0
92.2,CLIMB,82.32,58.51,3780.83,22.44,88.385,1.0417,6354.41,84.61,610.21,5.246,71.4,20.457,25.646,1.603,24.6,17.348,6353.61,84.08,611.78,5.21,71.1,20.498,25.616,1.604,24.607,17.266,COOLING_DEGRADATION,1.0,0.4,1.0,1.0,1.0,0.0,0.0,0.0,0.0
92.3,CLIMB,82.31,58.5,3787.92,22.42,88.363,1.0415,6353.93,84.62,610.19,5.245,71.4,20.455,25.646,1.603,24.6,17.346,6353.82,85.16,609.63,5.284,71.39,20.38,25.631,1.585,24.577,17.397,COOLING_DEGRADATION,1.0,0.4,1.0,1.0,1.0,0.0,0.0,0.0,0.0
92.4,CLIMB,82.3,58.5,3795.0,22.41,88.34,1.0412,6353.46,84.63,610.17,5.245,71.4,20.454,25.646,1.603,24.6,17.345,6353.71,84.63,609.69,5.21,71.38,20.499,25.717,1.552,24.638,17.32,COOLING_DEGRADATION,1.0,0.4,1.0,1.0,1.0,0.0,0.0,0.0,0.0
92.5,CLIMB,82.29,58.49,3802.08,22.4,88.317,1.041,6352.99,84.63,610.15,5.245,71.39,20.452,25.646,1.603,24.6,17.344,6347.52,84.18,612.35,5.226,71.41,20.483,25.564,1.606,24.544,17.156,COOLING_DEGRADATION,1.0,0.4,1.0,1.0,1.0,0.0,0.0,0.0,0.0
92.6,CLIMB,82.28,58.48,3809.17,22.38,88.295,1.0408,6352.51,84.64,610.13,5.245,71.39,20.451,25.646,1.603,24.6,17.343,6353.29,83.83,610.16,5.209,71.48,20.492,25.624,1.616,24.619,17.272,COOLING_DEGRADATION,1.0,0.4,1.0,1.0,1.0,0.0,0.0,0.0,0.0
92.7,CLIMB,82.28,58.48,3816.25,22.37,88.272,1.0406,6352.04,84.64,610.12,5.244,71.39,20.45,25.646,1.603,24.6,17.341,6357.52,84.16,609.86,5.26,70.95,20.405,25.698,1.554,24.565,17.441,COOLING_DEGRADATION,1.0,0.4,1.0,1.0,1.0,0.0,0.0,0.0,0.0
92.8,CLIMB,82.27,58.47,3823.33,22.35,88.25,1.0404,6351.57,84.65,610.1,5.244,71.39,20.448,25.645,1.603,24.6,17.34,6346.13,85.11,610.71,5.18,71.74,20.482,25.575,1.659,24.597,17.301,COOLING_DEGRADATION,1.0,0.4,1.0,1.0,1.0,0.0,0.0,0.0,0.0
92.9,CLIMB,82.26,58.47,3830.42,22.34,88.227,1.0402,6351.1,84.66,610.08,5.244,71.39,20.447,25.645,1.603,24.6,17.339,6349.77,84.54,611.75,5.226,71.38,20.538,25.698,1.648,24.549,17.415,COOLING_DEGRADATION,1.0,0.4,1.0,1.0,1.0,0.0,0.0,0.0,0.0
93.0,CLIMB,82.25,58.46,3837.5,22.33,88.204,1.0399,6350.62,84.66,610.06,5.244,71.38,20.446,25.645,1.603,24.6,17.338,6340.22,85.28,611.89,5.211,71.26,20.557,25.655,1.581,24.58,17.354,COOLING_DEGRADATION,1.0,0.4,1.0,1.0,1.0,0.0,0.0,0.0,0.0
93.1,CLIMB,82.24,58.46,3844.58,22.31,88.182,1.0397,6350.15,84.67,610.04,5.243,71.38,20.444,25.645,1.603,24.6,17.336,6348.12,84.46,609.96,5.27,71.5,20.591,25.676,1.545,24.672,17.274,COOLING_DEGRADATION,1.0,0.4,1.0,1.0,1.0,0.0,0.0,0.0,0.0
93.2,CLIMB,82.23,58.45,3851.67,22.3,88.159,1.0395,6349.68,84.67,610.02,5.243,71.38,20.443,25.645,1.603,24.6,17.335,6345.04,84.58,611.05,5.286,71.29,20.454,25.666,1.552,24.552,17.173,COOLING_DEGRADATION,1.0,0.4,1.0,1.0,1.0,0.0,0.0,0.0,0.0
93.3,CLIMB,82.23,58.45,3858.75,22.28,88.137,1.0393,6349.2,84.68,610.0,5.243,71.38,20.442,25.645,1.602,24.6,17.334,6341.59,84.89,608.98,5.26,70.85,20.405,25.627,1.555,24.509,17.367,COOLING_DEGRADATION,1.0,0.4,1.0,1.0,1.0,0.0,0.0,0.0,0.0
93.4,CLIMB,82.22,58.44,3865.83,22.27,88.114,1.0391,6348.73,84.69,609.99,5.243,71.37,20.44,25.644,1.602,24.6,17.333,6349.58,85.38,610.32,5.228,71.33,20.353,25.59,1.536,24.629,17.391,COOLING_DEGRADATION,1.0,0.4,1.0,1.0,1.0,0.0,0.0,0.0,0.0
93.5,CLIMB,82.21,58.44,3872.92,22.25,88.092,1.0389,6348.26,84.69,609.97,5.243,71.37,20.439,25.644,1.602,24.6,17.331,6342.92,83.74,612.89,5.227,72.01,20.662,25.614,1.533,24.587,17.459,COOLING_DEGRADATION,1.0,0.4,1.0,1.0,1.0,0.0,0.0,0.0,0.0
93.6,CLIMB,82.2,58.43,3880.0,22.24,88.069,1.0387,6347.78,84.7,609.95,5.242,71.37,20.437,25.644,1.602,24.6,17.33,6343.83,85.18,610.12,5.276,71.35,20.292,25.711,1.568,24.543,17.278,COOLING_DEGRADATION,1.0,0.4,1.0,1.0,1.0,0.0,0.0,0.0,0.0
93.7,CLIMB,82.19,58.42,3887.08,22.23,88.046,1.0384,6347.31,84.7,609.93,5.242,71.37,20.436,25.644,1.602,24.6,17.329,6340.45,84.4,608.23,5.236,71.17,20.509,25.622,1.633,24.582,17.248,COOLING_DEGRADATION,1.0,0.4,1.0,1.0,1.0,0.0,0.0,0.0,0.0
93.8,CLIMB,82.18,58.42,3894.17,22.21,88.024,1.0382,6346.84,84.71,609.91,5.242,71.36,20.435,25.644,1.602,24.6,17.328,6349.22,83.72,611.47,5.266,70.94,20.426,25.652,1.588,24.539,17.342,COOLING_DEGRADATION,1.0,0.4,1.0,1.0,1.0,0.0,0.0,0.0,0.0
93.9,CLIMB,82.18,58.41,3901.25,22.2,88.001,1.038,6346.37,84.72,609.9,5.242,71.36,20.433,25.644,1.602,24.6,17.326,6341.47,84.38,610.34,5.185,70.99,20.477,25.573,1.518,24.525,17.324,COOLING_DEGRADATION,1.0,0.4,1.0,1.0,1.0,0.0,0.0,0.0,0.0
94.0,CLIMB,82.17,58.41,3908.33,22.18,87.979,1.0378,6345.89,84.72,609.88,5.241,71.36,20.432,25.643,1.602,24.6,17.325,6339.15,84.89,610.54,5.281,71.61,20.506,25.65,1.575,24.619,17.289,COOLING_DEGRADATION,1.0,0.4,1.0,1.0,1.0,0.0,0.0,0.0,0.0
94.1,CLIMB,82.16,58.4,3915.42,22.17,87.956,1.0376,6345.42,84.73,609.86,5.241,71.36,20.431,25.643,1.602,24.6,17.324,6345.28,84.48,611.85,5.253,71.38,20.439,25.611,1.601,24.636,17.357,COOLING_DEGRADATION,1.0,0.4,1.0,1.0,1.0,0.0,0.0,0.0,0.0
94.2,CLIMB,82.15,58.4,3922.5,22.16,87.934,1.0374,6344.95,84.73,609.84,5.241,71.35,20.429,25.643,1.602,24.6,17.323,6343.21,84.69,609.54,5.202,71.07,20.393,25.644,1.63,24.586,17.366,COOLING_DEGRADATION,1.0,0.4,1.0,1.0,1.0,0.0,0.0,0.0,0.0
94.3,CLIMB,82.14,58.39,3929.58,22.14,87.911,1.0371,6344.47,84.74,609.82,5.241,71.35,20.428,25.643,1.602,24.6,17.321,6334.54,85.53,610.23,5.217,71.53,20.533,25.53,1.677,24.598,17.389,COOLING_DEGRADATION,1.0,0.4,1.0,1.0,1.0,0.0,0.0,0.0,0.0
94.4,CLIMB,82.13,58.39,3936.67,22.13,87.889,1.0369,6344.0,84.75,609.8,5.241,71.35,20.427,25.643,1.601,24.6,17.32,6335.19,85.2,609.87,5.291,71.36,20.427,25.682,1.642,24.62,17.178,COOLING_DEGRADATION,1.0,0.4,1.0,1.0,1.0,0.0,0.0,0.0,0.0
94.5,CLIMB,82.13,58.38,3943.75,22.11,87.866,1.0367,6343.53,84.75,609.79,5.24,71.35,20.425,25.643,1.601,24.6,17.319,6333.29,83.9,611.96,5.264,71.29,20.535,25.561,1.581,24.555,17.351,COOLING_DEGRADATION,1.0,0.4,1.0,1.0,1.0,0.0,0.0,0.0,0.0
94.6,CLIMB,82.12,58.38,3950.83,22.1,87.844,1.0365,6343.06,84.76,609.77,5.24,71.34,20.424,25.642,1.601,24.6,17.318,6348.3,84.55,610.89,5.22,71.14,20.344,25.688,1.644,24.594,17.463,COOLING_DEGRADATION,1.0,0.4,1.0,1.0,1.0,0.0,0.0,0.0,0.0
94.7,CLIMB,82.11,58.37,3957.92,22.08,87.821,1.0363,6342.58,84.76,609.75,5.24,71.34,20.422,25.642,1.601,24.6,17.316,6351.73,84.74,607.03,5.188,72.06,20.42,25.659,1.595,24.672,17.213,COOLING_DEGRADATION,1.0,0.4,1.0,1.0,1.0,0.0,0.0,0.0,0.0
94.8,CLIMB,82.1,58.37,3965.0,22.07,87.799,1.0361,6342.11,84.77,609.73,5.24,71.34,20.421,25.642,1.601,24.6,17.315,6348.18,83.71,608.77,5.261,71.06,20.439,25.613,1.647,24.619,17.199,COOLING_DEGRADATION,1.0,0.4,1.0,1.0,1.0,0.0,0.0,0.0,0.0
94.9,CLIMB,82.09,58.36,3972.08,22.06,87.776,1.0358,6341.64,84.78,609.72,5.239,71.34,20.42,25.642,1.601,24.6,17.314,6348.78,84.34,610.33,5.267,71.15,20.455,25.676,1.62,24.642,17.441,COOLING_DEGRADATION,1.0,0.4,1.0,1.0,1.0,0.0,0.0,0.0,0.0
95.0,CLIMB,82.08,58.35,3979.17,22.04,87.754,1.0356,6341.17,84.78,609.7,5.239,71.33,20.418,25.642,1.601,24.6,17.313,6340.44,84.87,609.75,5.218,71.8,20.572,25.579,1.584,24.524,17.262,COOLING_DEGRADATION,1.0,0.4,1.0,1.0,1.0,0.0,0.0,0.0,0.0
95.1,CLIMB,82.08,58.35,3986.25,22.03,87.731,1.0354,6340.69,84.79,609.68,5.239,71.33,20.417,25.642,1.601,24.6,17.311,6339.03,84.5,612.58,5.224,71.28,20.307,25.652,1.629,24.609,17.359,COOLING_DEGRADATION,1.0,0.4,1.0,1.0,1.0,0.0,0.0,0.0,0.0
95.2,CLIMB,82.07,58.34,3993.33,22.01,87.709,1.0352,6340.22,84.79,609.66,5.239,71.33,20.416,25.641,1.601,24.6,17.31,6337.54,83.5,608.54,5.229,71.78,20.488,25.653,1.654,24.538,17.231,COOLING_DEGRADATION,1.0,0.4,1.0,1.0,1.0,0.0,0.0,0.0,0.0
95.3,CLIMB,82.06,58.34,4000.42,22.0,87.687,1.035,6339.75,84.8,609.65,5.239,71.33,20.414,25.641,1.601,24.6,17.309,6337.56,85.16,608.52,5.23,71.17,20.533,25.604,1.606,24.668,17.299,COOLING_DEGRADATION,1.0,0.4,1.0,1.0,1.0,0.0,0.0,0.0,0.0
95.4,CLIMB,82.05,58.33,4007.5,21.99,87.664,1.0348,6339.27,84.81,609.63,5.238,71.32,20.413,25.641,1.601,24.6,17.308,6334.57,84.72,610.96,5.211,71.21,20.293,25.586,1.604,24.547,17.317,COOLING_DEGRADATION,1.0,0.4,1.0,1.0,1.0,0.0,0.0,0.0,0.0
95.5,CLIMB,82.04,58.33,4014.58,21.97,87.642,1.0346,6338.8,84.81,609.61,5.238,71.32,20.412,25.641,1.6,24.6,17.306,6344.63,85.29,608.89,5.238,71.12,20.47,25.595,1.571,24.574,17.362,COOLING_DEGRADATION,1.0,0.4,1.0,1.0,1.0,0.0,0.0,0.0,0.0
95.6,CLIMB,82.03,58.32,4021.67,21.96,87.619,1.0343,6338.33,84.82,609.59,5.238,71.32,20.41,25.641,1.6,24.6,17.305,6342.6,85.07,609.93,5.232,71.84,20.154,25.665,1.658,24.578,17.225,COOLING_DEGRADATION,1.0,0.4,1.0,1.0,1.0,0.0,0.0,0.0,0.0
95.7,CLIMB,82.03,58.32,4028.75,21.94,87.597,1.0341,6337.86,84.82,609.57,5.238,71.32,20.409,25.641,1.6,24.6,17.304,6335.13,84.27,608.16,5.268,70.96,20.445,25.636,1.533,24.541,17.43,COOLING_DEGRADATION,1.0,0.4,1.0,1.0,1.0,0.0,0.0,0.0,0.0
95.8,CLIMB,82.02,58.31,4035.83,21.93,87.574,1.0339,6337.39,84.83,609.56,5.238,71.31,20.407,25.64,1.6,24.6,17.303,6339.21,84.63,610.99,5.255,71.16,20.482,25.597,1.475,24.539,17.32,COOLING_DEGRADATION,1.0,0.4,1.0,1.0,1.0,0.0,0.0,0.0,0.0
95.9,CLIMB,82.01,58.31,4042.92,21.91,87.552,1.0337,6336.91,84.83,609.54,5.237,71.31,20.406,25.64,1.6,24.6,17.301,6329.56,84.17,608.61,5.25,71.96,20.574,25.673,1.592,24.566,17.195,COOLING_DEGRADATION,1.0,0.4,1.0,1.0,1.0,0.0,0.0,0.0,0.0
96.0,CLIMB,82.0,58.3,4050.0,21.9,87.53,1.0335,6336.44,84.84,609.52,5.237,71.31,20.405,25.64,1.6,24.6,17.3,6322.18,85.12,608.15,5.249,71.05,20.434,25.587,1.532,24.557,17.533,COOLING_DEGRADATION,1.0,0.4,1.0,1.0,1.0,0.0,0.0,0.0,0.0
96.1,CLIMB,81.99,58.29,4057.08,21.89,87.507,1.0333,6335.97,84.85,609.51,5.237,71.3,20.403,25.64,1.6,24.6,17.299,6327.49,84.6,610.81,5.223,71.4,20.457,25.686,1.561,24.581,17.383,COOLING_DEGRADATION,1.0,0.4,1.0,1.0,1.0,0.0,0.0,0.0,0.0
96.2,CLIMB,81.98,58.29,4064.17,21.87,87.485,1.033,6335.5,84.85,609.49,5.237,71.3,20.402,25.64,1.6,24.6,17.298,6337.45,84.98,607.98,5.244,71.79,20.229,25.666,1.646,24.601,17.279,COOLING_DEGRADATION,1.0,0.4,1.0,1.0,1.0,0.0,0.0,0.0,0.0
96.3,CLIMB,81.98,58.28,4071.25,21.86,87.462,1.0328,6335.02,84.86,609.47,5.236,71.3,20.401,25.64,1.6,24.6,17.296,6333.35,85.04,606.7,5.213,70.69,20.401,25.646,1.586,24.51,17.381,COOLING_DEGRADATION,1.0,0.4,1.0,1.0,1.0,0.0,0.0,0.0,0.0
96.4,CLIMB,81.97,58.28,4078.33,21.84,87.44,1.0326,6334.55,84.86,609.45,5.236,71.3,20.399,25.639,1.6,24.6,17.295,6339.25,84.4,609.64,5.187,71.42,20.423,25.687,1.574,24.62,17.295,COOLING_DEGRADATION,1.0,0.4,1.0,1.0,1.0,0.0,0.0,0.0,0.0
96.5,CLIMB,81.96,58.27,4085.42,21.83,87.418,1.0324,6334.08,84.87,609.44,5.236,71.29,20.398,25.639,1.6,24.6,17.294,6334.42,86.11,608.74,5.239,71.43,20.219,25.721,1.578,24.591,17.186,COOLING_DEGRADATION,1.0,0.4,1.0,1.0,1.0,0.0,0.0,0.0,0.0
96.6,CLIMB,81.95,58.27,4092.5,21.82,87.395,1.0322,6333.61,84.88,609.42,5.236,71.29,20.396,25.639,1.6,24.6,17.293,6334.26,85.41,607.61,5.282,71.3,20.3,25.608,1.74,24.5,17.465,COOLING_DEGRADATION,1.0,0.4,1.0,1.0,1.0,0.0,0.0,0.0,0.0
96.7,CLIMB,81.94,58.26,4099.58,21.8,87.373,1.032,6333.14,84.88,609.4,5.236,71.29,20.395,25.639,1.599,24.6,17.291,6337.2,85.89,608.71,5.24,71.02,20.476,25.606,1.605,24.588,17.235,COOLING_DEGRADATION,1.0,0.4,1.0,1.0,1.0,0.0,0.0,0.0,0.0
96.8,CLIMB,81.93,58.26,4106.67,21.79,87.351,1.0318,6332.66,84.89,609.38,5.235,71.28,20.394,25.639,1.599,24.6,17.29,6330.75,84.7,609.14,5.255,71.69,20.367,25.734,1.598,24.592,17.369,COOLING_DEGRADATION,1.0,0.4,1.0,1.0,1.0,0.0,0.0,0.0,0.0
96.9,CLIMB,81.93,58.25,4113.75,21.77,87.328,1.0315,6332.19,84.89,609.37,5.235,71.28,20.392,25.639,1.599,24.6,17.289,6334.97,86.33,613.18,5.237,71.24,20.474,25.62,1.679,24.608,17.282,COOLING_DEGRADATION,1.0,0.4,1.0,1.0,1.0,0.0,0.0,0.0,0.0
97.0,CLIMB,81.92,58.25,4120.83,21.76,87.306,1.0313,6331.72,84.9,609.35,5.235,71.28,20.391,25.638,1.599,24.6,17.288,6332.07,84.72,608.88,5.203,70.53,20.203,25.655,1.569,24.611,17.334,COOLING_DEGRADATION,1.0,0.4,1.0,1.0,1.0,0.0,0.0,0.0,0.0
97.1,CLIMB,81.91,58.24,4127.92,21.74,87.283,1.0311,6331.25,84.91,609.33,5.235,71.28,20.39,25.638,1.599,24.6,17.286,6327.97,84.71,610.09,5.199,71.17,20.395,25.667,1.551,24.564,17.381,COOLING_DEGRADATION,1.0,0.4,1.0,1.0,1.0,0.0,0.0,0.0,0.0
97.2,CLIMB,81.9,58.24,4135.0,21.73,87.261,1.0309,6330.78,84.91,609.32,5.234,71.27,20.388,25.638,1.599,24.6,17.285,6335.85,84.56,610.03,5.18,71.45,20.473,25.632,1.624,24.641,17.238,COOLING_DEGRADATION,1.0,0.4,1.0,1.0,1.0,0.0,0.0,0.0,0.0
97.3,CLIMB,81.89,58.23,4142.08,21.72,87.239,1.0307,6330.3,84.92,609.3,5.234,71.27,20.387,25.638,1.599,24.6,17.284,6327.68,85.12,609.62,5.234,71.53,20.347,25.597,1.712,24.606,17.284,COOLING_DEGRADATION,1.0,0.4,1.0,1.0,1.0,0.0,0.0,0.0,0.0
97.4,CLIMB,81.88,58.22,4149.17,21.7,87.216,1.0305,6329.83,84.92,609.28,5.234,71.27,20.386,25.638,1.599,24.6,17.283,6326.98,84.54,609.68,5.215,70.7,20.549,25.736,1.554,24.671,17.172,COOLING_DEGRADATION,1.0,0.4,1.0,1.0,1.0,0.0,0.0,0.0,0.0
97.5,CLIMB,81.88,58.22,4156.25,21.69,87.194,1.0303,6329.36,84.93,609.27,5.234,71.26,20.384,25.638,1.599,24.6,17.281,6330.07,85.04,610.33,5.191,71.28,20.33,25.618,1.598,24.599,17.289,COOLING_DEGRADATION,1.0,0.4,1.0,1.0,1.0,0.0,0.0,0.0,0.0
97.6,CLIMB,81.87,58.21,4163.33,21.67,87.172,1.03,6328.89,84.94,609.25,5.234,71.26,20.383,25.637,1.599,24.6,17.28,6336.18,85.12,610.95,5.224,71.26,20.481,25.723,1.61,24.685,17.399,COOLING_DEGRADATION,1.0,0.4,1.0,1.0,1.0,0.0,0.0,0.0,0.0
97.7,CLIMB,81.86,58.21,4170.42,21.66,87.15,1.0298,6328.42,84.94,609.23,5.233,71.26,20.381,25.637,1.599,24.6,17.279,6329.33,84.19,609.19,5.217,70.81,20.469,25.596,1.669,24.552,17.319,COOLING_DEGRADATION,1.0,0.4,1.0,1.0,1.0,0.0,0.0,0.0,0.0
97.8,CLIMB,81.85,58.2,4177.5,21.65,87.127,1.0296,6327.94,84.95,609.21,5.233,71.26,20.38,25.637,1.598,24.6,17.278,6330.79,84.57,606.96,5.249,71.09,20.454,25.62,1.544,24.652,17.29,COOLING_DEGRADATION,1.0,0.4,1.0,1.0,1.0,0.0,0.0,0.0,0.0
97.9,CLIMB,81.84,58.2,4184.58,21.63,87.105,1.0294,6327.47,84.95,609.2,5.233,71.25,20.379,25.637,1.598,24.6,17.276,6326.0,84.51,608.92,5.218,71.49,20.46,25.668,1.67,24.716,17.073,COOLING_DEGRADATION,1.0,0.4,1.0,1.0,1.0,0.0,0.0,0.0,0.0
98.0,CLIMB,81.83,58.19,4191.67,21.62,87.083,1.0292,6327.0,84.96,609.18,5.233,71.25,20.377,25.637,1.598,24.6,17.275,6323.4,85.35,607.72,5.248,70.65,20.447,25.595,1.574,24.543,17.203,COOLING_DEGRADATION,1.0,0.4,1.0,1.0,1.0,0.0,0.0,0.0,0.0
98.1,CLIMB,81.83,58.19,4198.75,21.6,87.06,1.029,6326.53,84.97,609.16,5.232,71.25,20.376,25.637,1.598,24.6,17.274,6327.29,84.96,609.28,5.235,71.53,20.307,25.666,1.615,24.646,17.17,COOLING_DEGRADATION,1.0,0.4,1.0,1.0,1.0,0.0,0.0,0.0,0.0
98.2,CLIMB,81.82,58.18,4205.83,21.59,87.038,1.0288,6326.06,84.97,609.15,5.232,71.24,20.375,25.636,1.598,24.6,17.273,6334.73,86.16,609.94,5.199,71.25,20.459,25.629,1.663,24.613,17.291,COOLING_DEGRADATION,1.0,0.4,1.0,1.0,1.0,0.0,0.0,0.0,0.0
98.3,CLIMB,81.81,58.18,4212.92,21.57,87.016,1.0285,6325.59,84.98,609.13,5.232,71.24,20.373,25.636,1.598,24.6,17.271,6326.68,84.89,607.65,5.241,71.11,20.393,25.716,1.627,24.56,17.146,COOLING_DEGRADATION,1.0,0.4,1.0,1.0,1.0,0.0,0.0,0.0,0.0
98.4,CLIMB,81.8,58.17,4220.0,21.56,86.994,1.0283,6325.11,84.98,609.11,5.232,71.24,20.372,25.636,1.598,24.6,17.27,6316.02,85.18,607.59,5.256,70.84,20.365,25.647,1.622,24.621,17.275,COOLING_DEGRADATION,1.0,0.4,1.0,1.0,1.0,0.0,0.0,0.0,0.0
98.5,CLIMB,81.79,58.16,4227.08,21.55,86.971,1.0281,6324.64,84.99,609.1,5.232,71.23,20.371,25.636,1.598,24.6,17.269,6329.69,85.26,609.56,5.243,71.09,20.418,25.686,1.556,24.549,17.201,COOLING_DEGRADATION,1.0,0.4,1.0,1.0,1.0,0.0,0.0,0.0,0.0
98.6,CLIMB,81.78,58.16,4234.17,21.53,86.949,1.0279,6324.17,84.99,609.08,5.231,71.23,20.369,25.636,1.598,24.6,17.268,6325.18,85.13,606.6,5.24,71.29,20.362,25.657,1.662,24.653,17.313,COOLING_DEGRADATION,1.0,0.4,1.0,1.0,1.0,0.0,0.0,0.0,0.0
98.7,CLIMB,81.78,58.15,4241.25,21.52,86.927,1.0277,6323.7,85.0,609.06,5.231,71.23,20.368,25.636,1.598,24.6,17.266,6325.23,85.09,607.95,5.175,71.22,20.404,25.647,1.583,24.522,17.376,COOLING_DEGRADATION,1.0,0.4,1.0,1.0,1.0,0.0,0.0,0.0,0.0
98.8,CLIMB,81.77,58.15,4248.33,21.5,86.905,1.0275,6323.23,85.01,609.05,5.231,71.22,20.366,25.635,1.598,24.6,17.265,6326.73,84.78,609.37,5.25,71.04,20.35,25.587,1.593,24.627,17.363,COOLING_DEGRADATION,1.0,0.4,1.0,1.0,1.0,0.0,0.0,0.0,0.0
98.9,CLIMB,81.76,58.14,4255.42,21.49,86.882,1.0273,6322.76,85.01,609.03,5.231,71.22,20.365,25.635,1.597,24.6,17.264,6326.24,86.11,609.47,5.168,71.4,20.331,25.604,1.62,24.62,17.282,COOLING_DEGRADATION,1.0,0.4,1.0,1.0,1.0,0.0,0.0,0.0,0.0
99.0,CLIMB,81.75,58.14,4262.5,21.48,86.86,1.0271,6322.28,85.02,609.01,5.231,71.22,20.364,25.635,1.597,24.6,17.263,6327.01,85.02,609.58,5.238,70.81,20.434,25.563,1.601,24.544,17.379,COOLING_DEGRADATION,1.0,0.4,1.0,1.0,1.0,0.0,0.0,0.0,0.0
99.1,CLIMB,81.74,58.13,4269.58,21.46,86.838,1.0268,6321.81,85.02,609.0,5.23,71.21,20.362,25.635,1.597,24.6,17.261,6323.54,85.59,607.0,5.268,71.17,20.303,25.596,1.59,24.629,17.354,COOLING_DEGRADATION,1.0,0.4,1.0,1.0,1.0,0.0,0.0,0.0,0.0
99.2,CLIMB,81.73,58.13,4276.67,21.45,86.816,1.0266,6321.34,85.03,608.98,5.23,71.21,20.361,25.635,1.597,24.6,17.26,6323.45,85.58,609.96,5.217,71.66,20.411,25.547,1.649,24.608,17.239,COOLING_DEGRADATION,1.0,0.4,1.0,1.0,1.0,0.0,0.0,0.0,0.0
99.3,CLIMB,81.73,58.12,4283.75,21.43,86.793,1.0264,6320.87,85.04,608.96,5.23,71.21,20.36,25.635,1.597,24.6,17.259,6325.2,84.73,610.28,5.204,70.84,20.378,25.549,1.675,24.604,17.181,COOLING_DEGRADATION,1.0,0.4,1.0,1.0,1.0,0.0,0.0,0.0,0.0
99.4,CLIMB,81.72,58.12,4290.83,21.42,86.771,1.0262,6320.4,85.04,608.95,5.23,71.2,20.358,25.634,1.597,24.6,17.258,6311.58,85.04,609.91,5.2,70.97,20.304,25.652,1.559,24.552,17.277,COOLING_DEGRADATION,1.0,0.4,1.0,1.0,1.0,0.0,0.0,0.0,0.0
99.5,CLIMB,81.71,58.11,4297.92,21.4,86.749,1.026,6319.93,85.05,608.93,5.229,71.2,20.357,25.634,1.597,24.6,17.256,6328.17,85.0,610.48,5.222,70.98,20.28,25.545,1.576,24.605,17.29,COOLING_DEGRADATION,1.0,0.4,1.0,1.0,1.0,0.0,0.0,0.0,0.0
99.6,CLIMB,81.7,58.11,4305.0,21.39,86.727,1.0258,6319.46,85.05,608.91,5.229,71.2,20.355,25.634,1.597,24.6,17.255,6320.07,84.85,608.8,5.192,71.49,20.317,25.653,1.726,24.629,17.171,COOLING_DEGRADATION,1.0,0.4,1.0,1.0,1.0,0.0,0.0,0.0,0.0
99.7,CLIMB,81.69,58.1,4312.08,21.38,86.705,1.0256,6318.99,85.06,608.9,5.229,71.19,20.354,25.634,1.597,24.6,17.254,6317.21,84.73,612.24,5.231,70.66,20.302,25.549,1.643,24.666,17.244,COOLING_DEGRADATION,1.0,0.4,1.0,1.0,1.0,0.0,0.0,0.0,0.0
99.8,CLIMB,81.68,58.09,4319.17,21.36,86.682,1.0253,6318.51,85.07,608.88,5.229,71.19,20.353,25.634,1.597,24.6,17.253,6318.27,85.32,609.48,5.23,71.21,20.409,25.643,1.558,24.579,17.006,COOLING_DEGRADATION,1.0,0.4,1.0,1.0,1.0,0.0,0.0,0.0,0.0
99.9,CLIMB,81.68,58.09,4326.25,21.35,86.66,1.0251,6318.04,85.07,608.86,5.229,71.19,20.351,25.634,1.597,24.6,17.251,6311.01,85.31,609.87,5.248,71.02,20.492,25.507,1.63,24.68,17.249,COOLING_DEGRADATION,1.0,0.4,1.0,1.0,1.0,0.0,0.0,0.0,0.0
100.0,CLIMB,81.67,58.08,4333.33,21.33,86.638,1.0249,6317.57,85.08,608.85,5.228,71.18,20.35,25.633,1.596,24.6,17.25,6320.88,84.99,608.03,5.214,70.85,20.503,25.573,1.565,24.544,17.048,COOLING_DEGRADATION,1.0,0.4,1.0,1.0,1.0,0.0,0.0,0.0,0.0
100.1,CLIMB,81.66,58.08,4340.42,21.32,86.616,1.0247,6317.1,85.08,608.83,5.228,71.18,20.349,25.633,1.596,24.6,17.249,6311.48,85.44,609.39,5.25,71.22,20.162,25.711,1.571,24.596,17.227,COOLING_DEGRADATION,1.0,0.4,1.0,1.0,1.0,0.0,0.0,0.0,0.0
100.2,CLIMB,81.65,58.07,4347.5,21.31,86.594,1.0245,6316.63,85.09,608.82,5.228,71.18,20.347,25.633,1.596,24.6,17.248,6317.78,85.04,605.53,5.21,70.82,20.282,25.633,1.577,24.553,17.292,COOLING_DEGRADATION,1.0,0.4,1.0,1.0,1.0,0.0,0.0,0.0,0.0
100.3,CLIMB,81.64,58.07,4354.58,21.29,86.571,1.0243,6316.16,85.1,608.8,5.228,71.17,20.346,25.633,1.596,24.6,17.246,6313.37,84.41,607.82,5.221,71.12,20.348,25.722,1.6,24.596,17.038,COOLING_DEGRADATION,1.0,0.4,1.0,1.0,1.0,0.0,0.0,0.0,0.0
100.4,CLIMB,81.63,58.06,4361.67,21.28,86.549,1.0241,6315.69,85.1,608.78,5.228,71.17,20.345,25.633,1.596,24.6,17.245,6319.89,84.33,607.1,5.236,71.48,20.367,25.602,1.592,24.546,17.328,COOLING_DEGRADATION,1.0,0.4,1.0,1.0,1.0,0.0,0.0,0.0,0.0
100.5,CLIMB,81.63,58.06,4368.75,21.26,86.527,1.0239,6315.22,85.11,608.77,5.227,71.17,20.343,25.633,1.596,24.6,17.244,6317.37,85.4,608.04,5.246,71.2,20.424,25.607,1.54,24.691,17.278,COOLING_DEGRADATION,1.0,0.4,1.0,1.0,1.0,0.0,0.0,0.0,0.0
100.6,CLIMB,81.62,58.05,4375.83,21.25,86.505,1.0236,6314.75,85.11,608.75,5.227,71.16,20.342,25.632,1.596,24.6,17.243,6302.48,85.57,608.28,5.255,70.57,20.251,25.623,1.569,24.564,17.347,COOLING_DEGRADATION,1.0,0.4,1.0,1.0,1.0,0.0,0.0,0.0,0.0
100.7,CLIMB,81.61,58.05,4382.92,21.23,86.483,1.0234,6314.27,85.12,608.73,5.227,71.16,20.34,25.632,1.596,24.6,17.241,6313.34,84.92,609.58,5.147,71.44,20.329,25.628,1.579,24.568,17.258,COOLING_DEGRADATION,1.0,0.4,1.0,1.0,1.0,0.0,0.0,0.0,0.0
100.8,CLIMB,81.6,58.04,4390.0,21.22,86.461,1.0232,6313.8,85.12,608.72,5.227,71.16,20.339,25.632,1.596,24.6,17.24,6315.9,85.41,608.34,5.224,71.05,20.35,25.581,1.541,24.541,17.208,COOLING_DEGRADATION,1.0,0.4,1.0,1.0,1.0,0.0,0.0,0.0,0.0
100.9,CLIMB,81.59,58.03,4397.08,21.21,86.439,1.023,6313.33,85.13,608.7,5.226,71.15,20.338,25.632,1.596,24.6,17.239,6313.14,85.34,608.44,5.217,70.94,20.261,25.706,1.654,24.642,17.412,COOLING_DEGRADATION,1.0,0.4,1.0,1.0,1.0,0.0,0.0,0.0,0.0
101.0,CLIMB,81.58,58.03,4404.17,21.19,86.416,1.0228,6312.86,85.14,608.68,5.226,71.15,20.336,25.632,1.596,24.6,17.238,6314.35,85.06,607.92,5.212,71.09,20.361,25.636,1.617,24.574,17.23,COOLING_DEGRADATION,1.0,0.4,1.0,1.0,1.0,0.0,0.0,0.0,0.0
101.1,CLIMB,81.58,58.02,4411.25,21.18,86.394,1.0226,6312.39,85.14,608.67,5.226,71.15,20.335,25.632,1.595,24.6,17.236,6319.12,84.47,606.97,5.219,70.71,20.401,25.638,1.51,24.574,17.079,COOLING_DEGRADATION,1.0,0.4,1.0,1.0,1.0,0.0,0.0,0.0,0.0
101.2,CLIMB,81.57,58.02,4418.33,21.16,86.372,1.0224,6311.92,85.15,608.65,5.226,71.14,20.334,25.631,1.595,24.6,17.235,6305.46,84.67,607.38,5.232,71.37,20.359,25.561,1.559,24.623,17.207,COOLING_DEGRADATION,1.0,0.4,1.0,1.0,1.0,0.0,0.0,0.0,0.0
101.3,CLIMB,81.56,58.01,4425.42,21.15,86.35,1.0222,6311.45,85.15,608.64,5.226,71.14,20.332,25.631,1.595,24.6,17.234,6301.95,85.23,607.95,5.218,70.95,20.396,25.677,1.625,24.572,17.386,COOLING_DEGRADATION,1.0,0.4,1.0,1.0,1.0,0.0,0.0,0.0,0.0
101.4,CLIMB,81.55,58.01,4432.5,21.14,86.328,1.0219,6310.98,85.16,608.62,5.225,71.14,20.331,25.631,1.595,24.6,17.233,6308.98,85.48,607.67,5.252,71.03,20.291,25.6,1.619,24.578,17.21,COOLING_DEGRADATION,1.0,0.4,1.0,1.0,1.0,0.0,0.0,0.0,0.0
101.5,CLIMB,81.54,58.0,4439.58,21.12,86.306,1.0217,6310.51,85.17,608.6,5.225,71.13,20.329,25.631,1.595,24.6,17.231,6314.39,84.77,606.34,5.239,71.54,20.308,25.655,1.605,24.608,17.242,COOLING_DEGRADATION,1.0,0.4,1.0,1.0,1.0,0.0,0.0,0.0,0.0
101.6,CLIMB,81.53,58.0,4446.67,21.11,86.284,1.0215,6310.04,85.17,608.59,5.225,71.13,20.328,25.631,1.595,24.6,17.23,6309.4,85.92,605.16,5.219,71.18,20.344,25.609,1.61,24.668,17.386,COOLING_DEGRADATION,1.0,0.4,1.0,1.0,1.0,0.0,0.0,0.0,0.0
101.7,CLIMB,81.53,57.99,4453.75,21.09,86.262,1.0213,6309.57,85.18,608.57,5.225,71.12,20.327,25.631,1.595,24.6,17.229,6306.95,85.49,611.29,5.229,70.95,20.253,25.568,1.565,24.689,17.266,COOLING_DEGRADATION,1.0,0.4,1.0,1.0,1.0,0.0,0.0,0.0,0.0
101.8,CLIMB,81.52,57.99,4460.83,21.08,86.24,1.0211,6309.1,85.18,608.56,5.225,71.12,20.325,25.63,1.595,24.6,17.228,6309.01,85.21,610.03,5.22,71.17,20.355,25.635,1.656,24.528,17.361,COOLING_DEGRADATION,1.0,0.4,1.0,1.0,1.0,0.0,0.0,0.0,0.0
101.9,CLIMB,81.51,57.98,4467.92,21.06,86.218,1.0209,6308.63,85.19,608.54,5.224,71.12,20.324,25.63,1.595,24.6,17.226,6308.8,85.27,607.52,5.209,71.38,20.37,25.666,1.565,24.56,17.253,COOLING_DEGRADATION,1.0,0.4,1.0,1.0,1.0,0.0,0.0,0.0,0.0
102.0,CLIMB,81.5,57.98,4475.0,21.05,86.196,1.0207,6308.15,85.2,608.52,5.224,71.11,20.323,25.63,1.595,24.6,17.225,6301.73,84.85,608.6,5.219,70.93,20.267,25.636,1.613,24.623,17.196,COOLING_DEGRADATION,1.0,0.4,1.0,1.0,1.0,0.0,0.0,0.0,0.0
102.1,CLIMB,81.49,57.97,4482.08,21.04,86.174,1.0205,6307.68,85.2,608.51,5.224,71.11,20.321,25.63,1.595,24.6,17.224,6307.08,84.79,610.92,5.233,71.13,20.333,25.633,1.528,24.572,17.145,COOLING_DEGRADATION,1.0,0.4,1.0,1.0,1.0,0.0,0.0,0.0,0.0
102.2,CLIMB,81.48,57.96,4489.17,21.02,86.151,1.0202,6307.21,85.21,608.49,5.224,71.11,20.32,25.63,1.594,24.6,17.223,6304.76,84.83,607.08,5.207,71.1,20.382,25.695,1.522,24.587,17.234,COOLING_DEGRADATION,1.0,0.4,1.0,1.0,1.0,0.0,0.0,0.0,0.0
102.3,CLIMB,81.48,57.96,4496.25,21.01,86.129,1.02,6306.74,85.21,608.47,5.224,71.1,20.318,25.63,1.594,24.6,17.221,6308.75,85.58,608.32,5.208,71.02,20.233,25.597,1.589,24.539,17.294,COOLING_DEGRADATION,1.0,0.4,1.0,1.0,1.0,0.0,0.0,0.0,0.0
102.4,CLIMB,81.47,57.95,4503.33,20.99,86.107,1.0198,6306.27,85.22,608.46,5.223,71.1,20.317,25.629,1.594,24.6,17.22,6304.22,85.62,608.08,5.22,70.8,20.473,25.697,1.641,24.639,17.152,COOLING_DEGRADATION,1.0,0.4,1.0,1.0,1.0,0.0,0.0,0.0,0.0
102.5,CLIMB,81.46,57.95,4510.42,20.98,86.085,1.0196,6305.8,85.22,608.44,5.223,71.09,20.316,25.629,1.594,24.6,17.219,6304.2,85.2,607.89,5.199,70.93,20.302,25.575,1.571,24.675,17.034,COOLING_DEGRADATION,1.0,0.4,1.0,1.0,1.0,0.0,0.0,0.0,0.0
102.6,CLIMB,81.45,57.94,4517.5,20.97,86.063,1.0194,6305.33,85.23,608.43,5.223,71.09,20.314,25.629,1.594,24.6,17.218,6291.37,85.82,608.64,5.218,71.26,20.235,25.524,1.631,24.615,17.244,COOLING_DEGRADATION,1.0,0.4,1.0,1.0,1.0,0.0,0.0,0.0,0.0
102.7,CLIMB,81.44,57.94,4524.58,20.95,86.041,1.0192,6304.86,85.24,608.41,5.223,71.09,20.313,25.629,1.594,24.6,17.216,6304.3,85.35,610.76,5.197,70.88,20.355,25.611,1.671,24.561,17.262,COOLING_DEGRADATION,1.0,0.4,1.0,1.0,1.0,0.0,0.0,0.0,0.0
102.8,CLIMB,81.43,57.93,4531.67,20.94,86.019,1.019,6304.39,85.24,608.39,5.222,71.08,20.312,25.629,1.594,24.6,17.215,6311.47,85.84,605.53,5.174,71.16,20.409,25.624,1.659,24.645,17.165,COOLING_DEGRADATION,1.0,0.4,1.0,1.0,1.0,0.0,0.0,0.0,0.0
102.9,CLIMB,81.43,57.93,4538.75,20.92,85.997,1.0188,6303.92,85.25,608.38,5.222,71.08,20.31,25.629,1.594,24.6,17.214,6295.11,85.23,608.88,5.263,70.79,20.383,25.669,1.635,24.571,17.145,COOLING_DEGRADATION,1.0,0.4,1.0,1.0,1.0,0.0,0.0,0.0,0.0
103.0,CLIMB,81.42,57.92,4545.83,20.91,85.975,1.0185,6303.45,85.25,608.36,5.222,71.08,20.309,25.628,1.594,24.6,17.213,6304.23,84.61,609.16,5.216,71.14,20.257,25.686,1.571,24.642,17.317,COOLING_DEGRADATION,1.0,0.4,1.0,1.0,1.0,0.0,0.0,0.0,0.0
103.1,CLIMB,81.41,57.92,4552.92,20.89,85.953,1.0183,6302.98,85.26,608.35,5.222,71.07,20.308,25.628,1.594,24.6,17.211,6301.7,85.51,607.22,5.217,70.49,20.218,25.668,1.591,24.522,17.055,COOLING_DEGRADATION,1.0,0.4,1.0,1.0,1.0,0.0,0.0,0.0,0.0
103.2,CLIMB,81.4,57.91,4560.0,20.88,85.931,1.0181,6302.51,85.27,608.33,5.222,71.07,20.306,25.628,1.594,24.6,17.21,6308.36,86.36,607.92,5.223,71.25,20.353,25.613,1.566,24.698,17.187,COOLING_DEGRADATION,1.0,0.4,1.0,1.0,1.0,0.0,0.0,0.0,0.0
103.3,CLIMB,81.39,57.9,4567.08,20.87,85.909,1.0179,6302.04,85.27,608.31,5.221,71.06,20.305,25.628,1.593,24.6,17.209,6308.46,85.98,605.11,5.286,70.99,20.226,25.676,1.555,24.587,17.343,COOLING_DEGRADATION,1.0,0.4,1.0,1.0,1.0,0.0,0.0,0.0,0.0
103.4,CLIMB,81.38,57.9,4574.17,20.85,85.887,1.0177,6301.57,85.28,608.3,5.221,71.06,20.303,25.628,1.593,24.6,17.208,6301.47,84.85,613.02,5.247,71.24,20.473,25.703,1.539,24.631,17.06,COOLING_DEGRADATION,1.0,0.4,1.0,1.0,1.0,0.0,0.0,0.0,0.0
103.5,CLIMB,81.38,57.89,4581.25,20.84,85.865,1.0175,6301.1,85.28,608.28,5.221,71.06,20.302,25.628,1.593,24.6,17.206,6303.59,84.5,606.97,5.19,71.01,20.255,25.622,1.617,24.665,17.166,COOLING_DEGRADATION,1.0,0.4,1.0,1.0,1.0,0.0,0.0,0.0,0.0
103.6,CLIMB,81.37,57.89,4588.33,20.82,85.843,1.0173,6300.63,85.29,608.27,5.221,71.05,20.301,25.627,1.593,24.6,17.205,6293.58,86.09,608.22,5.23,71.6,20.183,25.617,1.675,24.539,17.142,COOLING_DEGRADATION,1.0,0.4,1.0,1.0,1.0,0.0,0.0,0.0,0.0
103.7,CLIMB,81.36,57.88,4595.42,20.81,85.821,1.0171,6300.16,85.29,608.25,5.221,71.05,20.299,25.627,1.593,24.6,17.204,6289.8,86.24,608.9,5.19,70.98,20.34,25.663,1.615,24.581,17.177,COOLING_DEGRADATION,1.0,0.4,1.0,1.0,1.0,0.0,0.0,0.0,0.0
103.8,CLIMB,81.35,57.88,4602.5,20.8,85.799,1.0169,6299.69,85.3,608.24,5.22,71.04,20.298,25.627,1.593,24.6,17.203,6313.8,85.12,608.95,5.198,71.08,20.308,25.656,1.637,24.63,17.268,COOLING_DEGRADATION,1.0,0.4,1.0,1.0,1.0,0.0,0.0,0.0,0.0
103.9,CLIMB,81.34,57.87,4609.58,20.78,85.777,1.0166,6299.22,85.31,608.22,5.22,71.04,20.297,25.627,1.593,24.6,17.201,6303.66,85.4,608.72,5.216,71.04,20.242,25.645,1.562,24.609,17.43,COOLING_DEGRADATION,1.0,0.4,1.0,1.0,1.0,0.0,0.0,0.0,0.0
104.0,CLIMB,81.33,57.87,4616.67,20.77,85.755,1.0164,6298.75,85.31,608.2,5.22,71.04,20.295,25.627,1.593,24.6,17.2,6303.11,85.26,608.47,5.225,71.14,20.241,25.648,1.528,24.548,17.202,COOLING_DEGRADATION,1.0,0.4,1.0,1.0,1.0,0.0,0.0,0.0,0.0
104.1,CLIMB,81.33,57.86,4623.75,20.75,85.733,1.0162,6298.28,85.32,608.19,5.22,71.03,20.294,25.627,1.593,24.6,17.199,6299.67,85.63,606.16,5.231,71.18,20.321,25.6,1.648,24.567,17.198,COOLING_DEGRADATION,1.0,0.4,1.0,1.0,1.0,0.0,0.0,0.0,0.0
104.2,CLIMB,81.32,57.86,4630.83,20.74,85.712,1.016,6297.81,85.32,608.17,5.22,71.03,20.292,25.626,1.593,24.6,17.198,6301.56,85.24,608.9,5.246,71.17,20.224,25.588,1.57,24.517,17.182,COOLING_DEGRADATION,1.0,0.4,1.0,1.0,1.0,0.0,0.0,0.0,0.0
104.3,CLIMB,81.31,57.85,4637.92,20.72,85.69,1.0158,6297.34,85.33,608.16,5.219,71.02,20.291,25.626,1.593,24.6,17.196,6294.3,85.34,607.82,5.244,71.13,20.302,25.606,1.594,24.597,17.24,COOLING_DEGRADATION,1.0,0.4,1.0,1.0,1.0,0.0,0.0,0.0,0.0
104.4,CLIMB,81.3,57.85,4645.0,20.71,85.668,1.0156,6296.87,85.34,608.14,5.219,71.02,20.29,25.626,1.592,24.6,17.195,6288.48,84.36,607.27,5.225,70.72,20.361,25.609,1.575,24.577,17.379,COOLING_DEGRADATION,1.0,0.4,1.0,1.0,1.0,0.0,0.0,0.0,0.0
104.5,CLIMB,81.29,57.84,4652.08,20.7,85.646,1.0154,6296.4,85.34,608.12,5.219,71.02,20.288,25.626,1.592,24.6,17.194,6299.57,85.92,608.42,5.263,71.01,20.506,25.611,1.551,24.609,17.273,COOLING_DEGRADATION,1.0,0.4,1.0,1.0,1.0,0.0,0.0,0.0,0.0
104.6,CLIMB,81.28,57.83,4659.17,20.68,85.624,1.0152,6295.93,85.35,608.11,5.219,71.01,20.287,25.626,1.592,24.6,17.193,6291.58,85.42,605.86,5.237,70.66,20.181,25.527,1.576,24.587,17.066,COOLING_DEGRADATION,1.0,0.4,1.0,1.0,1.0,0.0,0.0,0.0,0.0
104.7,CLIMB,81.28,57.83,4666.25,20.67,85.602,1.015,6295.46,85.35,608.09,5.218,71.01,20.286,25.626,1.592,24.6,17.191,6295.15,85.58,606.71,5.192,70.71,20.404,25.569,1.615,24.593,16.99,COOLING_DEGRADATION,1.0,0.4,1.0,1.0,1.0,0.0,0.0,0.0,0.0
104.8,CLIMB,81.27,57.82,4673.33,20.65,85.58,1.0147,6294.99,85.36,608.08,5.218,71.0,20.284,25.625,1.592,24.6,17.19,6289.79,85.18,604.7,5.198,70.46,20.301,25.63,1.642,24.569,17.003,COOLING_DEGRADATION,1.0,0.4,1.0,1.0,1.0,0.0,0.0,0.0,0.0
104.9,CLIMB,81.26,57.82,4680.42,20.64,85.558,1.0145,6294.52,85.37,608.06,5.218,71.0,20.283,25.625,1.592,24.6,17.189,6300.17,84.49,610.07,5.234,71.03,20.135,25.517,1.582,24.597,17.067,COOLING_DEGRADATION,1.0,0.4,1.0,1.0,1.0,0.0,0.0,0.0,0.0
105.0,CLIMB,81.25,57.81,4687.5,20.63,85.536,1.0143,6294.05,85.37,608.05,5.218,71.0,20.281,25.625,1.592,24.6,17.188,6287.24,85.74,609.65,5.193,71.38,20.275,25.704,1.633,24.639,17.368,COOLING_DEGRADATION,1.0,0.4,1.0,1.0,1.0,0.0,0.0,0.0,0.0
105.1,CLIMB,81.24,57.81,4694.58,20.61,85.514,1.0141,6293.58,85.38,608.03,5.218,70.99,20.28,25.625,1.592,24.6,17.186,6290.08,85.43,606.75,5.226,71.04,20.219,25.735,1.58,24.631,17.162,COOLING_DEGRADATION,1.0,0.4,1.0,1.0,1.0,0.0,0.0,0.0,0.0
105.2,CLIMB,81.23,57.8,4701.67,20.6,85.492,1.0139,6293.11,85.38,608.01,5.217,70.99,20.279,25.625,1.592,24.6,17.185,6294.05,85.61,607.94,5.163,71.66,20.236,25.674,1.696,24.592,17.302,COOLING_DEGRADATION,1.0,0.4,1.0,1.0,1.0,0.0,0.0,0.0,0.0
105.3,CLIMB,81.23,57.8,4708.75,20.58,85.471,1.0137,6292.64,85.39,608.0,5.217,70.98,20.277,25.625,1.592,24.6,17.184,6295.83,85.16,606.06,5.252,71.16,20.404,25.69,1.638,24.557,17.154,COOLING_DEGRADATION,1.0,0.4,1.0,1.0,1.0,0.0,0.0,0.0,0.0
105.4,CLIMB,81.22,57.79,4715.83,20.57,85.449,1.0135,6292.17,85.39,607.98,5.217,70.98,20.276,25.624,1.592,24.6,17.183,6300.1,85.33,609.19,5.227,70.59,20.282,25.61,1.597,24.6,17.252,COOLING_DEGRADATION,1.0,0.4,1.0,1.0,1.0,0.0,0.0,0.0,0.0
105.5,CLIMB,81.21,57.79,4722.92,20.55,85.427,1.0133,6291.7,85.4,607.97,5.217,70.98,20.275,25.624,1.591,24.6,17.181,6291.78,84.97,610.84,5.254,70.83,20.123,25.652,1.659,24.635,17.145,COOLING_DEGRADATION,1.0,0.4,1.0,1.0,1.0,0.0,0.0,0.0,0.0
105.6,CLIMB,81.2,57.78,4730.0,20.54,85.405,1.0131,6291.23,85.41,607.95,5.217,70.97,20.273,25.624,1.591,24.6,17.18,6302.57,85.87,606.51,5.245,70.7,20.328,25.601,1.621,24.572,17.153,COOLING_DEGRADATION,1.0,0.4,1.0,1.0,1.0,0.0,0.0,0.0,0.0
105.7,CLIMB,81.19,57.77,4737.08,20.53,85.383,1.0129,6290.76,85.41,607.94,5.216,70.97,20.272,25.624,1.591,24.6,17.179,6283.72,86.49,607.67,5.217,70.74,20.324,25.537,1.613,24.625,17.189,COOLING_DEGRADATION,1.0,0.4,1.0,1.0,1.0,0.0,0.0,0.0,0.0
105.8,CLIMB,81.18,57.77,4744.17,20.51,85.361,1.0126,6290.29,85.42,607.92,5.216,70.96,20.27,25.624,1.591,24.6,17.178,6284.05,85.38,606.85,5.264,71.33,20.309,25.631,1.52,24.615,17.045,COOLING_DEGRADATION,1.0,0.4,1.0,1.0,1.0,0.0,0.0,0.0,0.0
105.9,CLIMB,81.18,57.76,4751.25,20.5,85.339,1.0124,6289.82,85.42,607.9,5.216,70.96,20.269,25.624,1.591,24.6,17.176,6289.29,84.59,607.51,5.218,70.93,20.315,25.671,1.537,24.616,17.154,COOLING_DEGRADATION,1.0,0.4,1.0,1.0,1.0,0.0,0.0,0.0,0.0
106.0,CLIMB,81.17,57.76,4758.33,20.48,85.318,1.0122,6289.35,85.43,607.89,5.216,70.95,20.268,25.623,1.591,24.6,17.175,6292.07,86.22,612.77,5.195,70.8,20.207,25.635,1.682,24.646,17.083,COOLING_DEGRADATION,1.0,0.4,1.0,1.0,1.0,0.0,0.0,0.0,0.0
106.1,CLIMB,81.16,57.75,4765.42,20.47,85.296,1.012,6288.88,85.44,607.87,5.216,70.95,20.266,25.623,1.591,24.6,17.174,6293.27,86.08,606.92,5.16,71.04,20.412,25.698,1.594,24.621,17.114,COOLING_DEGRADATION,1.0,0.4,1.0,1.0,1.0,0.0,0.0,0.0,0.0
106.2,CLIMB,81.15,57.75,4772.5,20.46,85.274,1.0118,6288.41,85.44,607.86,5.215,70.95,20.265,25.623,1.591,24.6,17.173,6287.13,85.41,608.65,5.264,70.55,20.27,25.617,1.58,24.559,17.075,COOLING_DEGRADATION,1.0,0.4,1.0,1.0,1.0,0.0,0.0,0.0,0.0
106.3,CLIMB,81.14,57.74,4779.58,20.44,85.252,1.0116,6287.94,85.45,607.84,5.215,70.94,20.264,25.623,1.591,24.6,17.171,6285.61,85.39,607.55,5.207,70.79,20.097,25.627,1.568,24.546,17.032,COOLING_DEGRADATION,1.0,0.4,1.0,1.0,1.0,0.0,0.0,0.0,0.0
106.4,CLIMB,81.13,57.74,4786.67,20.43,85.23,1.0114,6287.48,85.45,607.83,5.215,70.94,20.262,25.623,1.591,24.6,17.17,6283.95,85.3,607.26,5.212,71.28,20.33,25.615,1.634,24.631,17.197,COOLING_DEGRADATION,1.0,0.4,1.0,1.0,1.0,0.0,0.0,0.0,0.0
106.5,CLIMB,81.13,57.73,4793.75,20.41,85.208,1.0112,6287.01,85.46,607.81,5.215,70.93,20.261,25.623,1.591,24.6,17.169,6285.1,84.31,605.91,5.202,71.05,20.175,25.663,1.596,24.642,17.164,COOLING_DEGRADATION,1.0,0.4,1.0,1.0,1.0,0.0,0.0,0.0,0.0
106.6,CLIMB,81.12,57.73,4800.83,20.4,85.187,1.011,6286.54,85.46,607.79,5.215,70.93,20.259,25.622,1.59,24.6,17.168,6282.22,85.97,608.93,5.181,71.03,20.451,25.612,1.592,24.583,17.353,COOLING_DEGRADATION,1.0,0.4,1.0,1.0,1.0,0.0,0.0,0.0,0.0
106.7,CLIMB,81.11,57.72,4807.92,20.38,85.165,1.0108,6286.07,85.47,607.78,5.214,70.92,20.258,25.622,1.59,24.6,17.166,6278.96,85.39,607.84,5.19,71.33,20.342,25.63,1.577,24.65,17.145,COOLING_DEGRADATION,1.0,0.4,1.0,1.0,1.0,0.0,0.0,0.0,0.0
106.8,CLIMB,81.1,57.72,4815.0,20.37,85.143,1.0105,6285.6,85.48,607.76,5.214,70.92,20.257,25.622,1.59,24.6,17.165,6288.21,85.71,608.45,5.194,71.42,20.208,25.594,1.54,24.581,16.971,COOLING_DEGRADATION,1.0,0.4,1.0,1.0,1.0,0.0,0.0,0.0,0.0
106.9,CLIMB,81.09,57.71,4822.08,20.36,85.121,1.0103,6285.13,85.48,607.75,5.214,70.92,20.255,25.622,1.59,24.6,17.164,6295.1,85.47,607.83,5.184,71.14,20.289,25.591,1.604,24.49,17.307,COOLING_DEGRADATION,1.0,0.4,1.0,1.0,1.0,0.0,0.0,0.0,0.0
107.0,CLIMB,81.08,57.7,4829.17,20.34,85.099,1.0101,6284.66,85.49,607.73,5.214,70.91,20.254,25.622,1.59,24.6,17.163,6280.8,86.49,606.24,5.188,70.62,20.286,25.536,1.544,24.616,17.259,COOLING_DEGRADATION,1.0,0.4,1.0,1.0,1.0,0.0,0.0,0.0,0.0
107.1,CLIMB,81.08,57.7,4836.25,20.33,85.078,1.0099,6284.19,85.49,607.72,5.214,70.91,20.253,25.622,1.59,24.6,17.161,6284.97,85.8,608.63,5.197,71.42,20.211,25.671,1.584,24.636,17.296,COOLING_DEGRADATION,1.0,0.4,1.0,1.0,1.0,0.0,0.0,0.0,0.0
107.2,CLIMB,81.07,57.69,4843.33,20.31,85.056,1.0097,6283.72,85.5,607.7,5.213,70.9,20.251,25.621,1.59,24.6,17.16,6282.63,85.5,604.26,5.259,70.93,20.306,25.612,1.562,24.603,17.035,COOLING_DEGRADATION,1.0,0.4,1.0,1.0,1.0,0.0,0.0,0.0,0.0
107.3,CLIMB,81.06,57.69,4850.42,20.3,85.034,1.0095,6283.25,85.5,607.68,5.213,70.9,20.25,25.621,1.59,24.6,17.159,6276.25,85.83,608.67,5.256,71.03,20.175,25.638,1.541,24.574,17.253,COOLING_DEGRADATION,1.0,0.4,1.0,1.0,1.0,0.0,0.0,0.0,0.0
107.4,CLIMB,81.05,57.68,4857.5,20.29,85.012,1.0093,6282.78,85.51,607.67,5.213,70.89,20.248,25.621,1.59,24.6,17.158,6284.97,84.82,607.5,5.239,70.93,20.28,25.657,1.605,24.627,17.371,COOLING_DEGRADATION,1.0,0.4,1.0,1.0,1.0,0.0,0.0,0.0,0.0
107.5,CLIMB,81.04,57.68,4864.58,20.27,84.991,1.0091,6282.31,85.52,607.65,5.213,70.89,20.247,25.621,1.59,24.6,17.156,6280.68,85.73,607.88,5.293,71.38,20.134,25.623,1.529,24.629,17.216,COOLING_DEGRADATION,1.0,0.4,1.0,1.0,1.0,0.0,0.0,0.0,0.0
107.6,CLIMB,81.03,57.67,4871.67,20.26,84.969,1.0089,6281.85,85.52,607.64,5.213,70.88,20.246,25.621,1.59,24.6,17.155,6283.31,85.87,608.59,5.251,71.17,20.221,25.556,1.547,24.605,17.134,COOLING_DEGRADATION,1.0,0.4,1.0,1.0,1.0,0.0,0.0,0.0,0.0
107.7,CLIMB,81.03,57.67,4878.75,20.24,84.947,1.0087,6281.38,85.53,607.62,5.212,70.88,20.244,25.621,1.589,24.6,17.154,6286.13,85.81,609.21,5.237,70.83,20.342,25.583,1.548,24.596,17.178,COOLING_DEGRADATION,1.0,0.4,1.0,1.0,1.0,0.0,0.0,0.0,0.0
107.8,CLIMB,81.02,57.66,4885.83,20.23,84.925,1.0084,6280.91,85.53,607.61,5.212,70.87,20.243,25.62,1.589,24.6,17.153,6280.53,85.37,606.65,5.143,70.97,20.217,25.666,1.501,24.602,17.211,COOLING_DEGRADATION,1.0,0.4,1.0,1.0,1.0,0.0,0.0,0.0,0.0
107.9,CLIMB,81.01,57.66,4892.92,20.21,84.904,1.0082,6280.44,85.54,607.59,5.212,70.87,20.242,25.62,1.589,24.6,17.151,6272.43,85.52,609.97,5.199,70.86,20.505,25.612,1.612,24.552,17.095,COOLING_DEGRADATION,1.0,0.4,1.0,1.0,1.0,0.0,0.0,0.0,0.0
108.0,CLIMB,81.0,57.65,4900.0,20.2,84.882,1.008,6279.97,85.55,607.58,5.212,70.87,20.24,25.62,1.589,24.6,17.15,6282.73,86.18,609.14,5.223,70.99,20.151,25.628,1.551,24.625,17.023,COOLING_DEGRADATION,1.0,0.4,1.0,1.0,1.0,0.0,0.0,0.0,0.0
108.1,CLIMB,80.99,57.64,4907.08,20.19,84.86,1.0078,6279.5,85.55,607.56,5.211,70.86,20.239,25.62,1.589,24.6,17.149,6282.15,84.94,608.15,5.231,71.16,20.183,25.57,1.504,24.53,17.048,COOLING_DEGRADATION,1.0,0.4,1.0,1.0,1.0,0.0,0.0,0.0,0.0
108.2,CLIMB,80.98,57.64,4914.17,20.17,84.838,1.0076,6279.03,85.56,607.54,5.211,70.86,20.237,25.62,1.589,24.6,17.148,6277.36,85.4,608.04,5.178,70.67,20.27,25.606,1.558,24.59,17.261,COOLING_DEGRADATION,1.0,0.4,1.0,1.0,1.0,0.0,0.0,0.0,0.0
108.3,CLIMB,80.98,57.63,4921.25,20.16,84.817,1.0074,6278.56,85.56,607.53,5.211,70.85,20.236,25.62,1.589,24.6,17.146,6263.13,84.91,606.8,5.191,71.1,20.173,25.683,1.543,24.709,17.094,COOLING_DEGRADATION,1.0,0.4,1.0,1.0,1.0,0.0,0.0,0.0,0.0
108.4,CLIMB,80.97,57.63,4928.33,20.14,84.795,1.0072,6278.09,85.57,607.51,5.211,70.85,20.235,25.619,1.589,24.6,17.145,6279.12,85.45,609.79,5.179,70.74,20.183,25.711,1.537,24.569,17.226,COOLING_DEGRADATION,1.0,0.4,1.0,1.0,1.0,0.0,0.0,0.0,0.0
108.5,CLIMB,80.96,57.62,4935.42,20.13,84.773,1.007,6277.62,85.57,607.5,5.211,70.84,20.233,25.619,1.589,24.6,17.144,6282.94,85.51,606.55,5.239,70.42,20.155,25.696,1.583,24.601,17.18,COOLING_DEGRADATION,1.0,0.4,1.0,1.0,1.0,0.0,0.0,0.0,0.0
108.6,CLIMB,80.95,57.62,4942.5,20.12,84.752,1.0068,6277.16,85.58,607.48,5.21,70.84,20.232,25.619,1.589,24.6,17.143,6272.55,85.04,607.32,5.213,71.25,20.114,25.599,1.57,24.639,16.979,COOLING_DEGRADATION,1.0,0.4,1.0,1.0,1.0,0.0,0.0,0.0,0.0
108.7,CLIMB,80.94,57.61,4949.58,20.1,84.73,1.0066,6276.69,85.59,607.47,5.21,70.83,20.231,25.619,1.589,24.6,17.141,6279.47,86.31,609.37,5.169,70.97,20.255,25.592,1.688,24.528,17.244,COOLING_DEGRADATION,1.0,0.4,1.0,1.0,1.0,0.0,0.0,0.0,0.0
108.8,CLIMB,80.93,57.61,4956.67,20.09,84.708,1.0064,6276.22,85.59,607.45,5.21,70.83,20.229,25.619,1.588,24.6,17.14,6270.14,85.87,607.37,5.229,70.42,20.11,25.659,1.535,24.584,17.346,COOLING_DEGRADATION,1.0,0.4,1.0,1.0,1.0,0.0,0.0,0.0,0.0
108.9,CLIMB,80.93,57.6,4963.75,20.07,84.687,1.0061,6275.75,85.6,607.44,5.21,70.82,20.228,25.619,1.588,24.6,17.139,6274.26,85.43,606.26,5.172,70.82,20.222,25.73,1.612,24.5,17.094,COOLING_DEGRADATION,1.0,0.4,1.0,1.0,1.0,0.0,0.0,0.0,0.0
109.0,CLIMB,80.92,57.6,4970.83,20.06,84.665,1.0059,6275.28,85.6,607.42,5.21,70.82,20.226,25.618,1.588,24.6,17.138,6276.09,85.68,607.1,5.216,70.39,20.149,25.629,1.483,24.579,17.094,COOLING_DEGRADATION,1.0,0.4,1.0,1.0,1.0,0.0,0.0,0.0,0.0
109.1,CLIMB,80.91,57.59,4977.92,20.04,84.643,1.0057,6274.81,85.61,607.41,5.209,70.82,20.225,25.618,1.588,24.6,17.136,6273.11,84.91,606.64,5.212,70.86,19.962,25.555,1.57,24.647,17.132,COOLING_DEGRADATION,1.0,0.4,1.0,1.0,1.0,0.0,0.0,0.0,0.0
109.2,CLIMB,80.9,57.59,4985.0,20.03,84.622,1.0055,6274.34,85.62,607.39,5.209,70.81,20.224,25.618,1.588,24.6,17.135,6269.52,85.41,606.74,5.169,70.56,20.159,25.702,1.615,24.54,17.133,COOLING_DEGRADATION,1.0,0.4,1.0,1.0,1.0,0.0,0.0,0.0,0.0
109.3,CLIMB,80.89,57.58,4992.08,20.02,84.6,1.0053,6273.88,85.62,607.37,5.209,70.81,20.222,25.618,1.588,24.6,17.134,6273.26,85.29,609.94,5.168,70.3,20.168,25.585,1.61,24.593,17.005,COOLING_DEGRADATION,1.0,0.4,1.0,1.0,1.0,0.0,0.0,0.0,0.0
109.4,CLIMB,80.88,57.57,4999.17,20.0,84.578,1.0051,6273.41,85.63,607.36,5.209,70.8,20.221,25.618,1.588,24.6,17.133,6270.95,86.49,606.91,5.168,70.68,20.241,25.63,1.662,24.552,17.221,COOLING_DEGRADATION,1.0,0.4,1.0,1.0,1.0,0.0,0.0,0.0,0.0
109.5,CLIMB,80.88,57.57,5006.25,19.99,84.557,1.0049,6272.94,85.63,607.34,5.209,70.8,20.22,25.618,1.588,24.6,17.131,6274.82,86.4,603.69,5.236,70.88,20.082,25.613,1.557,24.583,16.977,COOLING_DEGRADATION,1.0,0.4,1.0,1.0,1.0,0.0,0.0,0.0,0.0
109.6,CLIMB,80.87,57.56,5013.33,19.97,84.535,1.0047,6272.47,85.64,607.33,5.208,70.79,20.218,25.617,1.588,24.6,17.13,6274.9,84.86,606.71,5.223,70.46,20.24,25.587,1.656,24.588,17.134,COOLING_DEGRADATION,1.0,0.4,1.0,1.0,1.0,0.0,0.0,0.0,0.0
109.7,CLIMB,80.86,57.56,5020.42,19.96,84.513,1.0045,6272.0,85.64,607.31,5.208,70.79,20.217,25.617,1.588,24.6,17.129,6280.16,86.43,607.72,5.203,70.43,20.412,25.668,1.543,24.624,17.317,COOLING_DEGRADATION,1.0,0.4,1.0,1.0,1.0,0.0,0.0,0.0,0.0
109.8,CLIMB,80.85,57.55,5027.5,19.95,84.492,1.0043,6271.53,85.65,607.3,5.208,70.78,20.215,25.617,1.588,24.6,17.128,6273.85,85.86,605.56,5.228,71.27,20.107,25.566,1.574,24.58,17.054,COOLING_DEGRADATION,1.0,0.4,1.0,1.0,1.0,0.0,0.0,0.0,0.0
109.9,CLIMB,80.84,57.55,5034.58,19.93,84.47,1.0041,6271.06,85.66,607.28,5.208,70.78,20.214,25.617,1.587,24.6,17.126,6275.01,85.62,607.3,5.205,70.56,20.457,25.649,1.564,24.619,17.055,COOLING_DEGRADATION,1.0,0.4,1.0,1.0,1.0,0.0,0.0,0.0,0.0
110.0,CLIMB,80.83,57.54,5041.67,19.92,84.448,1.0038,6270.6,85.66,607.27,5.208,70.77,20.213,25.617,1.587,24.6,17.125,6277.03,86.22,609.92,5.174,70.25,20.284,25.617,1.503,24.577,17.111,COOLING_DEGRADATION,1.0,0.4,1.0,1.0,1.0,0.0,0.0,0.0,0.0
110.1,CLIMB,80.83,57.54,5048.75,19.9,84.427,1.0036,6270.13,85.67,607.25,5.207,70.77,20.211,25.617,1.587,24.6,17.124,6270.46,85.54,607.17,5.213,70.86,20.067,25.696,1.49,24.678,17.133,COOLING_DEGRADATION,1.0,0.4,1.0,1.0,1.0,0.0,0.0,0.0,0.0
110.2,CLIMB,80.82,57.53,5055.83,19.89,84.405,1.0034,6269.66,85.67,607.24,5.207,70.76,20.21,25.616,1.587,24.6,17.123,6273.55,86.06,609.11,5.254,70.74,20.212,25.598,1.604,24.64,16.958,COOLING_DEGRADATION,1.0,0.4,1.0,1.0,1.0,0.0,0.0,0.0,0.0
110.3,CLIMB,80.81,57.53,5062.92,19.87,84.384,1.0032,6269.19,85.68,607.22,5.207,70.76,20.209,25.616,1.587,24.6,17.121,6270.58,84.88,608.63,5.256,70.57,19.991,25.704,1.582,24.679,17.062,COOLING_DEGRADATION,1.0,0.4,1.0,1.0,1.0,0.0,0.0,0.0,0.0
110.4,CLIMB,80.8,57.52,5070.0,19.86,84.362,1.003,6268.72,85.68,607.2,5.207,70.75,20.207,25.616,1.587,24.6,17.12,6273.17,86.32,607.27,5.179,70.88,20.247,25.632,1.621,24.509,16.97,COOLING_DEGRADATION,1.0,0.4,1.0,1.0,1.0,0.0,0.0,0.0,0.0
110.5,CLIMB,80.79,57.51,5077.08,19.85,84.34,1.0028,6268.25,85.69,607.19,5.207,70.75,20.206,25.616,1.587,24.6,17.119,6267.82,85.7,606.6,5.233,71.19,20.224,25.617,1.564,24.611,17.151,COOLING_DEGRADATION,1.0,0.4,1.0,1.0,1.0,0.0,0.0,0.0,0.0
110.6,CLIMB,80.78,57.51,5084.17,19.83,84.319,1.0026,6267.79,85.7,607.17,5.206,70.74,20.204,25.616,1.587,24.6,17.118,6264.71,86.35,608.05,5.24,70.68,20.22,25.624,1.59,24.611,17.327,COOLING_DEGRADATION,1.0,0.4,1.0,1.0,1.0,0.0,0.0,0.0,0.0
110.7,CLIMB,80.78,57.5,5091.25,19.82,84.297,1.0024,6267.32,85.7,607.16,5.206,70.74,20.203,25.616,1.587,24.6,17.116,6266.48,86.67,607.24,5.245,70.44,20.027,25.632,1.583,24.567,16.927,COOLING_DEGRADATION,1.0,0.4,1.0,1.0,1.0,0.0,0.0,0.0,0.0
110.8,CLIMB,80.77,57.5,5098.33,19.8,84.276,1.0022,6266.85,85.71,607.14,5.206,70.73,20.202,25.615,1.587,24.6,17.115,6264.73,86.28,606.05,5.254,70.97,20.212,25.628,1.561,24.574,17.137,COOLING_DEGRADATION,1.0,0.4,1.0,1.0,1.0,0.0,0.0,0.0,0.0
110.9,CLIMB,80.76,57.49,5105.42,19.79,84.254,1.002,6266.38,85.71,607.13,5.206,70.73,20.2,25.615,1.587,24.6,17.114,6265.05,85.57,608.2,5.207,70.39,20.275,25.548,1.577,24.675,17.319,COOLING_DEGRADATION,1.0,0.4,1.0,1.0,1.0,0.0,0.0,0.0,0.0
111.0,CLIMB,80.75,57.49,5112.5,19.78,84.233,1.0018,6265.91,85.72,607.11,5.206,70.72,20.199,25.615,1.586,24.6,17.113,6259.54,86.16,607.71,5.196,71.19,20.114,25.579,1.641,24.496,17.226,COOLING_DEGRADATION,1.0,0.4,1.0,1.0,1.0,0.0,0.0,0.0,0.0
111.1,CLIMB,80.74,57.48,5119.58,19.76,84.211,1.0016,6265.45,85.73,607.1,5.205,70.72,20.198,25.615,1.586,24.6,17.111,6270.47,85.3,606.45,5.156,71.37,20.198,25.61,1.629,24.573,16.964,COOLING_DEGRADATION,1.0,0.4,1.0,1.0,1.0,0.0,0.0,0.0,0.0
111.2,CLIMB,80.73,57.48,5126.67,19.75,84.189,1.0013,6264.98,85.73,607.08,5.205,70.71,20.196,25.615,1.586,24.6,17.11,6269.92,85.57,608.97,5.178,70.9,20.164,25.69,1.645,24.627,17.333,COOLING_DEGRADATION,1.0,0.4,1.0,1.0,1.0,0.0,0.0,0.0,0.0
111.3,CLIMB,80.73,57.47,5133.75,19.73,84.168,1.0011,6264.51,85.74,607.07,5.205,70.71,20.195,25.615,1.586,24.6,17.109,6264.88,85.31,611.11,5.247,70.89,20.357,25.684,1.564,24.638,17.122,COOLING_DEGRADATION,1.0,0.4,1.0,1.0,1.0,0.0,0.0,0.0,0.0
111.4,CLIMB,80.72,57.47,5140.83,19.72,84.146,1.0009,6264.04,85.74,607.05,5.205,70.7,20.193,25.614,1.586,24.6,17.108,6257.94,86.41,606.19,5.228,70.05,20.184,25.652,1.575,24.594,17.185,COOLING_DEGRADATION,1.0,0.4,1.0,1.0,1.0,0.0,0.0,0.0,0.0
111.5,CLIMB,80.71,57.46,5147.92,19.7,84.125,1.0007,6263.57,85.75,607.04,5.205,70.7,20.192,25.614,1.586,24.6,17.106,6251.44,86.26,606.02,5.207,70.52,20.216,25.634,1.556,24.613,17.195,COOLING_DEGRADATION,1.0,0.4,1.0,1.0,1.0,0.0,0.0,0.0,0.0
111.6,CLIMB,80.7,57.46,5155.0,19.69,84.103,1.0005,6263.11,85.75,607.02,5.204,70.69,20.191,25.614,1.586,24.6,17.105,6256.22,85.52,604.68,5.147,70.82,20.187,25.51,1.594,24.691,17.03,COOLING_DEGRADATION,1.0,0.4,1.0,1.0,1.0,0.0,0.0,0.0,0.0
111.7,CLIMB,80.69,57.45,5162.08,19.68,84.082,1.0003,6262.64,85.76,607.0,5.204,70.69,20.189,25.614,1.586,24.6,17.104,6260.14,86.64,607.9,5.187,70.52,20.278,25.615,1.578,24.479,17.065,COOLING_DEGRADATION,1.0,0.4,1.0,1.0,1.0,0.0,0.0,0.0,0.0
111.8,CLIMB,80.68,57.44,5169.17,19.66,84.06,1.0001,6262.17,85.77,606.99,5.204,70.68,20.188,25.614,1.586,24.6,17.103,6260.9,85.37,610.07,5.182,70.29,20.165,25.643,1.585,24.585,17.024,COOLING_DEGRADATION,1.0,0.4,1.0,1.0,1.0,0.0,0.0,0.0,0.0
111.9,CLIMB,80.68,57.44,5176.25,19.65,84.039,0.9999,6261.7,85.77,606.97,5.204,70.68,20.187,25.614,1.586,24.6,17.101,6257.96,85.62,606.19,5.184,70.61,20.057,25.655,1.485,24.576,17.12,COOLING_DEGRADATION,1.0,0.4,1.0,1.0,1.0,0.0,0.0,0.0,0.0
112.0,CLIMB,80.67,57.43,5183.33,19.63,84.017,0.9997,6261.23,85.78,606.96,5.204,70.67,20.185,25.613,1.586,24.6,17.1,6263.22,86.23,606.31,5.233,70.82,20.243,25.684,1.61,24.649,17.086,COOLING_DEGRADATION,1.0,0.4,1.0,1.0,1.0,0.0,0.0,0.0,0.0
112.1,CLIMB,80.66,57.43,5190.42,19.62,83.996,0.9995,6260.77,85.78,606.94,5.203,70.67,20.184,25.613,1.585,24.6,17.099,6267.45,85.78,611.84,5.185,70.42,20.169,25.62,1.573,24.527,17.249,COOLING_DEGRADATION,1.0,0.4,1.0,1.0,1.0,0.0,0.0,0.0,0.0
112.2,CLIMB,80.65,57.42,5197.5,19.61,83.974,0.9993,6260.3,85.79,606.93,5.203,70.66,20.182,25.613,1.585,24.6,17.098,6256.05,85.14,605.54,5.256,70.36,20.211,25.554,1.625,24.496,17.093,COOLING_DEGRADATION,1.0,0.4,1.0,1.0,1.0,0.0,0.0,0.0,0.0
112.3,CLIMB,80.64,57.42,5204.58,19.59,83.953,0.9991,6259.83,85.79,606.91,5.203,70.66,20.181,25.613,1.585,24.6,17.096,6258.92,85.91,605.73,5.22,70.38,20.051,25.714,1.593,24.636,17.01,COOLING_DEGRADATION,1.0,0.4,1.0,1.0,1.0,0.0,0.0,0.0,0.0
112.4,CLIMB,80.63,57.41,5211.67,19.58,83.931,0.9989,6259.36,85.8,606.9,5.203,70.65,20.18,25.613,1.585,24.6,17.095,6261.24,84.74,606.72,5.263,70.83,20.292,25.49,1.541,24.581,17.19,COOLING_DEGRADATION,1.0,0.4,1.0,1.0,1.0,0.0,0.0,0.0,0.0
112.5,CLIMB,80.63,57.41,5218.75,19.56,83.91,0.9987,6258.9,85.81,606.88,5.203,70.65,20.178,25.613,1.585,24.6,17.094,6260.63,86.14,606.16,5.171,70.71,20.304,25.512,1.565,24.571,16.896,COOLING_DEGRADATION,1.0,0.4,1.0,1.0,1.0,0.0,0.0,0.0,0.0
112.6,CLIMB,80.62,57.4,5225.83,19.55,83.888,0.9984,6258.43,85.81,606.87,5.202,70.64,20.177,25.612,1.585,24.6,17.093,6268.6,86.3,610.02,5.176,70.74,20.206,25.612,1.501,24.635,17.203,COOLING_DEGRADATION,1.0,0.4,1.0,1.0,1.0,0.0,0.0,0.0,0.0
112.7,CLIMB,80.61,57.4,5232.92,19.53,83.867,0.9982,6257.96,85.82,606.85,5.202,70.64,20.176,25.612,1.585,24.6,17.091,6259.33,86.75,608.81,5.192,70.79,20.217,25.687,1.626,24.622,17.071,COOLING_DEGRADATION,1.0,0.4,1.0,1.0,1.0,0.0,0.0,0.0,0.0
112.8,CLIMB,80.6,57.39,5240.0,19.52,83.845,0.998,6257.49,85.82,606.84,5.202,70.63,20.174,25.612,1.585,24.6,17.09,6259.18,85.58,610.3,5.207,71.01,20.371,25.615,1.602,24.619,17.06,COOLING_DEGRADATION,1.0,0.4,1.0,1.0,1.0,0.0,0.0,0.0,0.0
112.9,CLIMB,80.59,57.38,5247.08,19.51,83.824,0.9978,6257.02,85.83,606.82,5.202,70.63,20.173,25.612,1.585,24.6,17.089,6256.92,85.89,607.7,5.195,70.74,20.143,25.611,1.605,24.642,17.095,COOLING_DEGRADATION,1.0,0.4,1.0,1.0,1.0,0.0,0.0,0.0,0.0
113.0,CLIMB,80.58,57.38,5254.17,19.49,83.802,0.9976,6256.56,85.83,606.8,5.202,70.62,20.171,25.612,1.585,24.6,17.088,6260.67,86.23,611.01,5.23,70.72,20.295,25.594,1.543,24.567,17.16,COOLING_DEGRADATION,1.0,0.4,1.0,1.0,1.0,0.0,0.0,0.0,0.0
113.1,CLIMB,80.58,57.37,5261.25,19.48,83.781,0.9974,6256.09,85.84,606.79,5.201,70.62,20.17,25.612,1.585,24.6,17.086,6263.73,86.14,605.24,5.2,70.87,19.984,25.652,1.61,24.638,17.049,COOLING_DEGRADATION,1.0,0.4,1.0,1.0,1.0,0.0,0.0,0.0,0.0
113.2,CLIMB,80.57,57.37,5268.33,19.46,83.76,0.9972,6255.62,85.85,606.77,5.201,70.61,20.169,25.611,1.585,24.6,17.085,6259.74,86.26,604.69,5.186,70.17,20.199,25.617,1.539,24.571,17.025,COOLING_DEGRADATION,1.0,0.4,1.0,1.0,1.0,0.0,0.0,0.0,0.0
113.3,CLIMB,80.56,57.36,5275.42,19.45,83.738,0.997,6255.15,85.85,606.76,5.201,70.61,20.167,25.611,1.584,24.6,17.084,6258.04,85.9,602.42,5.175,70.2,20.24,25.59,1.628,24.51,17.176,COOLING_DEGRADATION,1.0,0.4,1.0,1.0,1.0,0.0,0.0,0.0,0.0
113.4,CLIMB,80.55,57.36,5282.5,19.44,83.717,0.9968,6254.69,85.86,606.74,5.201,70.6,20.166,25.611,1.584,24.6,17.083,6255.9,86.44,607.49,5.186,70.47,20.251,25.61,1.575,24.664,17.285,COOLING_DEGRADATION,1.0,0.4,1.0,1.0,1.0,0.0,0.0,0.0,0.0
113.5,CLIMB,80.54,57.35,5289.58,19.42,83.695,0.9966,6254.22,85.86,606.73,5.201,70.6,20.165,25.611,1.584,24.6,17.081,6253.5,86.34,606.62,5.185,70.17,20.103,25.647,1.603,24.619,17.183,COOLING_DEGRADATION,1.0,0.4,1.0,1.0,1.0,0.0,0.0,0.0,0.0
113.6,CLIMB,80.53,57.35,5296.67,19.41,83.674,0.9964,6253.75,85.87,606.71,5.2,70.59,20.163,25.611,1.584,24.6,17.08,6257.99,85.88,606.35,5.207,70.56,20.043,25.633,1.607,24.516,16.972,COOLING_DEGRADATION,1.0,0.4,1.0,1.0,1.0,0.0,0.0,0.0,0.0
113.7,CLIMB,80.53,57.34,5303.75,19.39,83.652,0.9962,6253.28,85.88,606.7,5.2,70.59,20.162,25.611,1.584,24.6,17.079,6257.08,85.63,605.84,5.196,70.72,20.272,25.597,1.54,24.646,17.085,COOLING_DEGRADATION,1.0,0.4,1.0,1.0,1.0,0.0,0.0,0.0,0.0
113.8,CLIMB,80.52,57.34,5310.83,19.38,83.631,0.996,6252.82,85.88,606.68,5.2,70.58,20.16,25.61,1.584,24.6,17.078,6260.75,86.23,606.24,5.211,70.69,20.206,25.553,1.693,24.612,17.124,COOLING_DEGRADATION,1.0,0.4,1.0,1.0,1.0,0.0,0.0,0.0,0.0
113.9,CLIMB,80.51,57.33,5317.92,19.36,83.61,0.9958,6252.35,85.89,606.67,5.2,70.58,20.159,25.61,1.584,24.6,17.076,6251.3,86.13,604.99,5.236,70.62,20.191,25.594,1.574,24.507,16.972,COOLING_DEGRADATION,1.0,0.4,1.0,1.0,1.0,0.0,0.0,0.0,0.0
114.0,CLIMB,80.5,57.33,5325.0,19.35,83.588,0.9955,6251.88,85.89,606.65,5.2,70.57,20.158,25.61,1.584,24.6,17.075,6260.23,85.72,607.64,5.193,71.17,20.23,25.676,1.641,24.626,16.964,COOLING_DEGRADATION,1.0,0.4,1.0,1.0,1.0,0.0,0.0,0.0,0.0
114.1,CLIMB,80.49,57.32,5332.08,19.34,83.567,0.9953,6251.42,85.9,606.64,5.199,70.57,20.156,25.61,1.584,24.6,17.074,6247.0,86.78,609.22,5.178,70.66,20.187,25.606,1.571,24.57,17.086,COOLING_DEGRADATION,1.0,0.4,1.0,1.0,1.0,0.0,0.0,0.0,0.0
114.2,CLIMB,80.48,57.31,5339.17,19.32,83.545,0.9951,6250.95,85.9,606.62,5.199,70.56,20.155,25.61,1.584,24.6,17.073,6245.53,86.74,608.77,5.187,70.81,20.258,25.549,1.608,24.508,16.872,COOLING_DEGRADATION,1.0,0.4,1.0,1.0,1.0,0.0,0.0,0.0,0.0
114.3,CLIMB,80.48,57.31,5346.25,19.31,83.524,0.9949,6250.48,85.91,606.61,5.199,70.55,20.153,25.61,1.584,24.6,17.071,6246.59,85.69,606.31,5.177,70.51,20.126,25.637,1.571,24.598,17.171,COOLING_DEGRADATION,1.0,0.4,1.0,1.0,1.0,0.0,0.0,0.0,0.0
114.4,CLIMB,80.47,57.3,5353.33,19.29,83.503,0.9947,6250.01,85.92,606.59,5.199,70.55,20.152,25.609,1.583,24.6,17.07,6251.71,86.2,608.82,5.205,70.37,20.24,25.532,1.587,24.628,17.138,COOLING_DEGRADATION,1.0,0.4,1.0,1.0,1.0,0.0,0.0,0.0,0.0
114.5,CLIMB,80.46,57.3,5360.42,19.28,83.481,0.9945,6249.55,85.92,606.58,5.199,70.54,20.151,25.609,1.583,24.6,17.069,6244.76,85.88,611.19,5.223,70.73,20.282,25.666,1.502,24.541,17.091,COOLING_DEGRADATION,1.0,0.4,1.0,1.0,1.0,0.0,0.0,0.0,0.0
114.6,CLIMB,80.45,57.29,5367.5,19.27,83.46,0.9943,6249.08,85.93,606.56,5.198,70.54,20.149,25.609,1.583,24.6,17.068,6241.23,85.21,607.6,5.246,70.7,19.991,25.503,1.596,24.643,16.902,COOLING_DEGRADATION,1.0,0.4,1.0,1.0,1.0,0.0,0.0,0.0,0.0
114.7,CLIMB,80.44,57.29,5374.58,19.25,83.439,0.9941,6248.61,85.93,606.54,5.198,70.53,20.148,25.609,1.583,24.6,17.066,6241.95,86.19,606.11,5.255,70.65,20.15,25.561,1.54,24.625,16.923,COOLING_DEGRADATION,1.0,0.4,1.0,1.0,1.0,0.0,0.0,0.0,0.0
114.8,CLIMB,80.43,57.28,5381.67,19.24,83.417,0.9939,6248.15,85.94,606.53,5.198,70.53,20.147,25.609,1.583,24.6,17.065,6247.9,86.45,606.41,5.228,70.1,20.141,25.661,1.712,24.722,17.083,COOLING_DEGRADATION,1.0,0.4,1.0,1.0,1.0,0.0,0.0,0.0,0.0
114.9,CLIMB,80.43,57.28,5388.75,19.22,83.396,0.9937,6247.68,85.94,606.51,5.198,70.52,20.145,25.609,1.583,24.6,17.064,6252.0,86.07,605.48,5.164,70.66,20.043,25.691,1.562,24.567,17.207,COOLING_DEGRADATION,1.0,0.4,1.0,1.0,1.0,0.0,0.0,0.0,0.0
115.0,CLIMB,80.42,57.27,5395.83,19.21,83.374,0.9935,6247.21,85.95,606.5,5.198,70.52,20.144,25.608,1.583,24.6,17.063,6247.44,85.29,605.9,5.171,70.24,20.16,25.635,1.604,24.577,16.737,COOLING_DEGRADATION,1.0,0.4,1.0,1.0,1.0,0.0,0.0,0.0,0.0
115.1,CLIMB,80.41,57.27,5402.92,19.19,83.353,0.9933,6246.74,85.96,606.48,5.197,70.51,20.142,25.608,1.583,24.6,17.061,6239.63,86.06,605.07,5.171,71.17,20.106,25.698,1.587,24.552,17.036,COOLING_DEGRADATION,1.0,0.4,1.0,1.0,1.0,0.0,0.0,0.0,0.0
115.2,CLIMB,80.4,57.26,5410.0,19.18,83.332,0.9931,6246.28,85.96,606.47,5.197,70.51,20.141,25.608,1.583,24.6,17.06,6247.56,85.66,606.95,5.146,69.97,20.146,25.517,1.616,24.672,17.04,COOLING_DEGRADATION,1.0,0.4,1.0,1.0,1.0,0.0,0.0,0.0,0.0
115.3,CLIMB,80.39,57.25,5417.08,19.17,83.31,0.9929,6245.81,85.97,606.45,5.197,70.5,20.14,25.608,1.583,24.6,17.059,6246.42,86.45,604.45,5.204,70.67,20.186,25.654,1.723,24.664,16.972,COOLING_DEGRADATION,1.0,0.4,1.0,1.0,1.0,0.0,0.0,0.0,0.0
115.4,CLIMB,80.38,57.25,5424.17,19.15,83.289,0.9927,6245.34,85.97,606.44,5.197,70.5,20.138,25.608,1.583,24.6,17.058,6244.41,85.78,607.66,5.167,69.99,20.3,25.587,1.499,24.64,16.758,COOLING_DEGRADATION,1.0,0.4,1.0,1.0,1.0,0.0,0.0,0.0,0.0
115.5,CLIMB,80.38,57.24,5431.25,19.14,83.268,0.9925,6244.88,85.98,606.42,5.197,70.49,20.137,25.608,1.582,24.6,17.056,6237.43,86.69,607.97,5.209,70.2,20.219,25.561,1.57,24.623,17.048,COOLING_DEGRADATION,1.0,0.4,1.0,1.0,1.0,0.0,0.0,0.0,0.0
115.6,CLIMB,80.37,57.24,5438.33,19.12,83.247,0.9922,6244.41,85.98,606.41,5.196,70.48,20.136,25.607,1.582,24.6,17.055,6245.54,85.81,607.29,5.217,70.47,20.178,25.585,1.657,24.485,16.997,COOLING_DEGRADATION,1.0,0.4,1.0,1.0,1.0,0.0,0.0,0.0,0.0
115.7,CLIMB,80.36,57.23,5445.42,19.11,83.225,0.992,6243.94,85.99,606.39,5.196,70.48,20.134,25.607,1.582,24.6,17.054,6239.54,86.37,610.23,5.19,70.27,20.168,25.64,1.554,24.627,16.915,COOLING_DEGRADATION,1.0,0.4,1.0,1.0,1.0,0.0,0.0,0.0,0.0
115.8,CLIMB,80.35,57.23,5452.5,19.1,83.204,0.9918,6243.48,86.0,606.38,5.196,70.47,20.133,25.607,1.582,24.6,17.053,6244.69,86.17,606.39,5.195,70.69,20.097,25.59,1.618,24.618,16.968,COOLING_DEGRADATION,1.0,0.4,1.0,1.0,1.0,0.0,0.0,0.0,0.0
115.9,CLIMB,80.34,57.22,5459.58,19.08,83.183,0.9916,6243.01,86.0,606.36,5.196,70.47,20.131,25.607,1.582,24.6,17.051,6244.74,86.37,605.35,5.19,70.45,20.032,25.627,1.568,24.539,16.958,COOLING_DEGRADATION,1.0,0.4,1.0,1.0,1.0,0.0,0.0,0.0,0.0
116.0,CLIMB,80.33,57.22,5466.67,19.07,83.161,0.9914,6242.54,86.01,606.35,5.196,70.46,20.13,25.607,1.582,24.6,17.05,6248.7,85.36,607.89,5.226,70.68,20.007,25.667,1.602,24.695,17.149,COOLING_DEGRADATION,1.0,0.4,1.0,1.0,1.0,0.0,0.0,0.0,0.0
116.1,CLIMB,80.33,57.21,5473.75,19.05,83.14,0.9912,6242.08,86.01,606.33,5.196,70.46,20.129,25.607,1.582,24.6,17.049,6237.27,86.07,606.96,5.18,69.99,20.147,25.551,1.59,24.624,17.073,COOLING_DEGRADATION,1.0,0.4,1.0,1.0,1.0,0.0,0.0,0.0,0.0
116.2,CLIMB,80.32,57.21,5480.83,19.04,83.119,0.991,6241.61,86.02,606.32,5.195,70.45,20.127,25.606,1.582,24.6,17.048,6243.63,85.95,607.79,5.191,70.46,19.894,25.582,1.603,24.579,17.039,COOLING_DEGRADATION,1.0,0.4,1.0,1.0,1.0,0.0,0.0,0.0,0.0
116.3,CLIMB,80.31,57.2,5487.92,19.02,83.098,0.9908,6241.14,86.02,606.3,5.195,70.45,20.126,25.606,1.582,24.6,17.046,6245.33,86.28,604.96,5.225,70.34,20.156,25.652,1.479,24.55,16.876,COOLING_DEGRADATION,1.0,0.4,1.0,1.0,1.0,0.0,0.0,0.0,0.0
116.4,CLIMB,80.3,57.2,5495.0,19.01,83.076,0.9906,6240.68,86.03,606.29,5.195,70.44,20.124,25.606,1.582,24.6,17.045,6242.82,84.82,606.0,5.163,70.67,20.054,25.641,1.575,24.604,17.118,COOLING_DEGRADATION,1.0,0.4,1.0,1.0,1.0,0.0,0.0,0.0,0.0
116.5,CLIMB,80.29,57.19,5502.08,19.0,83.055,0.9904,6240.21,86.04,606.27,5.195,70.43,20.123,25.606,1.582,24.6,17.044,6234.22,86.3,604.09,5.214,70.38,19.961,25.621,1.548,24.525,16.98,COOLING_DEGRADATION,1.0,0.4,1.0,1.0,1.0,0.0,0.0,0.0,0.0
116.6,CLIMB,80.28,57.18,5509.17,18.98,83.034,0.9902,6239.74,86.04,606.25,5.195,70.43,20.122,25.606,1.581,24.6,17.043,6236.87,86.23,606.21,5.212,70.33,20.195,25.616,1.692,24.571,17.062,COOLING_DEGRADATION,1.0,0.4,1.0,1.0,1.0,0.0,0.0,0.0,0.0
116.7,CLIMB,80.28,57.18,5516.25,18.97,83.012,0.99,6239.28,86.05,606.24,5.194,70.42,20.12,25.606,1.581,24.6,17.041,6235.66,86.1,609.53,5.204,70.65,20.138,25.598,1.568,24.49,17.007,COOLING_DEGRADATION,1.0,0.4,1.0,1.0,1.0,0.0,0.0,0.0,0.0
116.8,CLIMB,80.27,57.17,5523.33,18.95,82.991,0.9898,6238.81,86.05,606.22,5.194,70.42,20.119,25.605,1.581,24.6,17.04,6239.42,86.67,606.43,5.179,70.44,20.0,25.551,1.567,24.622,17.188,COOLING_DEGRADATION,1.0,0.4,1.0,1.0,1.0,0.0,0.0,0.0,0.0
116.9,CLIMB,80.26,57.17,5530.42,18.94,82.97,0.9896,6238.34,86.06,606.21,5.194,70.41,20.118,25.605,1.581,24.6,17.039,6231.71,86.27,604.53,5.179,70.39,20.115,25.636,1.54,24.6,17.198,COOLING_DEGRADATION,1.0,0.4,1.0,1.0,1.0,0.0,0.0,0.0,0.0
117.0,CLIMB,80.25,57.16,5537.5,18.93,82.949,0.9894,6237.88,86.06,606.19,5.194,70.41,20.116,25.605,1.581,24.6,17.038,6235.33,85.07,606.0,5.207,69.97,20.194,25.611,1.583,24.572,17.057,COOLING_DEGRADATION,1.0,0.4,1.0,1.0,1.0,0.0,0.0,0.0,0.0
117.1,CLIMB,80.24,57.16,5544.58,18.91,82.928,0.9892,6237.41,86.07,606.18,5.194,70.4,20.115,25.605,1.581,24.6,17.036,6237.53,87.34,607.32,5.178,69.95,19.949,25.608,1.587,24.601,17.011,COOLING_DEGRADATION,1.0,0.4,1.0,1.0,1.0,0.0,0.0,0.0,0.0
117.2,CLIMB,80.23,57.15,5551.67,18.9,82.906,0.989,6236.94,86.08,606.16,5.193,70.39,20.113,25.605,1.581,24.6,17.035,6230.59,86.43,604.8,5.127,70.57,20.076,25.569,1.539,24.601,17.172,COOLING_DEGRADATION,1.0,0.4,1.0,1.0,1.0,0.0,0.0,0.0,0.0
117.3,CLIMB,80.23,57.15,5558.75,18.88,82.885,0.9888,6236.48,86.08,606.15,5.193,70.39,20.112,25.605,1.581,24.6,17.034,6239.76,85.52,604.22,5.166,70.04,20.055,25.605,1.523,24.566,16.922,COOLING_DEGRADATION,1.0,0.4,1.0,1.0,1.0,0.0,0.0,0.0,0.0
117.4,CLIMB,80.22,57.14,5565.83,18.87,82.864,0.9885,6236.01,86.09,606.13,5.193,70.38,20.111,25.604,1.581,24.6,17.033,6237.23,85.51,605.52,5.162,70.71,20.207,25.587,1.639,24.586,17.031,COOLING_DEGRADATION,1.0,0.4,1.0,1.0,1.0,0.0,0.0,0.0,0.0
117.5,CLIMB,80.21,57.14,5572.92,18.85,82.843,0.9883,6235.54,86.09,606.12,5.193,70.38,20.109,25.604,1.581,24.6,17.031,6237.59,86.94,604.86,5.234,70.24,20.205,25.569,1.574,24.577,17.252,COOLING_DEGRADATION,1.0,0.4,1.0,1.0,1.0,0.0,0.0,0.0,0.0
117.6,CLIMB,80.2,57.13,5580.0,18.84,82.821,0.9881,6235.08,86.1,606.1,5.193,70.37,20.108,25.604,1.581,24.6,17.03,6241.19,86.37,604.89,5.166,70.12,20.028,25.592,1.662,24.603,16.988,COOLING_DEGRADATION,1.0,0.4,1.0,1.0,1.0,0.0,0.0,0.0,0.0
117.7,CLIMB,80.19,57.12,5587.08,18.83,82.8,0.9879,6234.61,86.1,606.09,5.192,70.37,20.107,25.604,1.58,24.6,17.029,6230.23,85.41,606.53,5.268,70.4,20.283,25.632,1.535,24.636,16.956,COOLING_DEGRADATION,1.0,0.4,1.0,1.0,1.0,0.0,0.0,0.0,0.0
117.8,CLIMB,80.18,57.12,5594.17,18.81,82.779,0.9877,6234.15,86.11,606.07,5.192,70.36,20.105,25.604,1.58,24.6,17.028,6235.86,86.43,607.15,5.211,70.26,20.173,25.55,1.633,24.622,17.034,COOLING_DEGRADATION,1.0,0.4,1.0,1.0,1.0,0.0,0.0,0.0,0.0
117.9,CLIMB,80.18,57.11,5601.25,18.8,82.758,0.9875,6233.68,86.12,606.06,5.192,70.35,20.104,25.604,1.58,24.6,17.026,6237.64,86.75,604.89,5.22,70.2,20.058,25.542,1.574,24.568,16.945,COOLING_DEGRADATION,1.0,0.4,1.0,1.0,1.0,0.0,0.0,0.0,0.0
118.0,CLIMB,80.17,57.11,5608.33,18.78,82.737,0.9873,6233.21,86.12,606.04,5.192,70.35,20.102,25.603,1.58,24.6,17.025,6234.53,85.19,606.87,5.131,70.48,20.239,25.534,1.607,24.642,16.881,COOLING_DEGRADATION,1.0,0.4,1.0,1.0,1.0,0.0,0.0,0.0,0.0
118.1,CLIMB,80.16,57.1,5615.42,18.77,82.716,0.9871,6232.75,86.13,606.03,5.192,70.34,20.101,25.603,1.58,24.6,17.024,6237.06,86.03,605.09,5.156,70.29,20.214,25.601,1.592,24.665,17.088,COOLING_DEGRADATION,1.0,0.4,1.0,1.0,1.0,0.0,0.0,0.0,0.0
118.2,CLIMB,80.15,57.1,5622.5,18.76,82.694,0.9869,6232.28,86.13,606.01,5.191,70.34,20.1,25.603,1.58,24.6,17.023,6234.82,86.29,606.03,5.178,70.87,20.082,25.632,1.633,24.58,17.064,COOLING_DEGRADATION,1.0,0.4,1.0,1.0,1.0,0.0,0.0,0.0,0.0
118.3,CLIMB,80.14,57.09,5629.58,18.74,82.673,0.9867,6231.81,86.14,606.0,5.191,70.33,20.098,25.603,1.58,24.6,17.021,6229.59,85.82,605.15,5.227,70.15,20.165,25.674,1.63,24.639,16.998,COOLING_DEGRADATION,1.0,0.4,1.0,1.0,1.0,0.0,0.0,0.0,0.0
118.4,CLIMB,80.13,57.09,5636.67,18.73,82.652,0.9865,6231.35,86.14,605.98,5.191,70.33,20.097,25.603,1.58,24.6,17.02,6234.84,86.01,605.83,5.224,69.59,20.189,25.596,1.588,24.553,16.964,COOLING_DEGRADATION,1.0,0.4,1.0,1.0,1.0,0.0,0.0,0.0,0.0
118.5,CLIMB,80.13,57.08,5643.75,18.71,82.631,0.9863,6230.88,86.15,605.96,5.191,70.32,20.095,25.603,1.58,24.6,17.019,6229.34,86.7,606.63,5.13,70.43,20.107,25.615,1.587,24.536,17.157,COOLING_DEGRADATION,1.0,0.4,1.0,1.0,1.0,0.0,0.0,0.0,0.0
118.6,CLIMB,80.12,57.08,5650.83,18.7,82.61,0.9861,6230.42,86.16,605.95,5.191,70.31,20.094,25.602,1.58,24.6,17.018,6233.06,86.46,605.1,5.258,70.42,20.086,25.561,1.595,24.64,16.991,COOLING_DEGRADATION,1.0,0.4,1.0,1.0,1.0,0.0,0.0,0.0,0.0
118.7,CLIMB,80.11,57.07,5657.92,18.68,82.589,0.9859,6229.95,86.16,605.93,5.19,70.31,20.093,25.602,1.58,24.6,17.016,6226.75,86.7,607.37,5.248,70.73,20.044,25.58,1.579,24.604,16.781,COOLING_DEGRADATION,1.0,0.4,1.0,1.0,1.0,0.0,0.0,0.0,0.0
118.8,CLIMB,80.1,57.07,5665.0,18.67,82.567,0.9857,6229.48,86.17,605.92,5.19,70.3,20.091,25.602,1.579,24.6,17.015,6224.22,86.08,605.78,5.213,70.56,20.198,25.58,1.632,24.615,16.942,COOLING_DEGRADATION,1.0,0.4,1.0,1.0,1.0,0.0,0.0,0.0,0.0
118.9,CLIMB,80.09,57.06,5672.08,18.66,82.546,0.9855,6229.02,86.17,605.9,5.19,70.3,20.09,25.602,1.579,24.6,17.014,6222.14,86.38,607.25,5.224,70.02,20.155,25.631,1.64,24.534,17.076,COOLING_DEGRADATION,1.0,0.4,1.0,1.0,1.0,0.0,0.0,0.0,0.0
119.0,CLIMB,80.08,57.05,5679.17,18.64,82.525,0.9853,6228.55,86.18,605.89,5.19,70.29,20.089,25.602,1.579,24.6,17.013,6230.31,85.4,607.18,5.188,70.32,20.105,25.649,1.588,24.63,17.153,COOLING_DEGRADATION,1.0,0.4,1.0,1.0,1.0,0.0,0.0,0.0,0.0
119.1,CLIMB,80.08,57.05,5686.25,18.63,82.504,0.9851,6228.09,86.18,605.87,5.19,70.28,20.087,25.602,1.579,24.6,17.011,6233.86,85.81,605.06,5.158,70.33,20.014,25.551,1.578,24.506,17.043,COOLING_DEGRADATION,1.0,0.4,1.0,1.0,1.0,0.0,0.0,0.0,0.0
119.2,CLIMB,80.07,57.04,5693.33,18.61,82.483,0.9849,6227.62,86.19,605.86,5.189,70.28,20.086,25.601,1.579,24.6,17.01,6229.96,86.62,606.99,5.198,70.44,20.185,25.589,1.437,24.547,16.91,COOLING_DEGRADATION,1.0,0.4,1.0,1.0,1.0,0.0,0.0,0.0,0.0
119.3,CLIMB,80.06,57.04,5700.42,18.6,82.462,0.9847,6227.15,86.2,605.84,5.189,70.27,20.084,25.601,1.579,24.6,17.009,6229.66,86.31,604.64,5.178,70.46,20.125,25.605,1.586,24.62,17.069,COOLING_DEGRADATION,1.0,0.4,1.0,1.0,1.0,0.0,0.0,0.0,0.0
119.4,CLIMB,80.05,57.03,5707.5,18.59,82.441,0.9845,6226.69,86.2,605.83,5.189,70.27,20.083,25.601,1.579,24.6,17.008,6222.86,86.39,604.42,5.178,70.8,19.971,25.59,1.587,24.558,17.187,COOLING_DEGRADATION,1.0,0.4,1.0,1.0,1.0,0.0,0.0,0.0,0.0
119.5,CLIMB,80.04,57.03,5714.58,18.57,82.42,0.9843,6226.22,86.21,605.81,5.189,70.26,20.082,25.601,1.579,24.6,17.006,6234.63,86.33,606.53,5.174,69.78,20.062,25.609,1.625,24.648,17.105,COOLING_DEGRADATION,1.0,0.4,1.0,1.0,1.0,0.0,0.0,0.0,0.0
119.6,CLIMB,80.03,57.02,5721.67,18.56,82.399,0.984,6225.76,86.21,605.8,5.189,70.26,20.08,25.601,1.579,24.6,17.005,6220.12,86.94,603.68,5.189,70.78,20.12,25.592,1.543,24.681,17.059,COOLING_DEGRADATION,1.0,0.4,1.0,1.0,1.0,0.0,0.0,0.0,0.0
119.7,CLIMB,80.03,57.02,5728.75,18.54,82.377,0.9838,6225.29,86.22,605.78,5.189,70.25,20.079,25.601,1.579,24.6,17.004,6222.14,85.7,606.33,5.193,69.76,19.984,25.576,1.545,24.629,17.096,COOLING_DEGRADATION,1.0,0.4,1.0,1.0,1.0,0.0,0.0,0.0,0.0
119.8,CLIMB,80.02,57.01,5735.83,18.53,82.356,0.9836,6224.83,86.22,605.77,5.188,70.24,20.077,25.6,1.579,24.6,17.003,6229.03,86.98,606.44,5.228,70.29,20.15,25.568,1.603,24.637,16.853,COOLING_DEGRADATION,1.0,0.4,1.0,1.0,1.0,0.0,0.0,0.0,0.0
119.9,CLIMB,80.01,57.01,5742.92,18.51,82.335,0.9834,6224.36,86.23,605.75,5.188,70.24,20.076,25.6,1.578,24.6,17.001,6225.51,86.0,604.33,5.191,70.1,20.188,25.574,1.508,24.581,16.996,COOLING_DEGRADATION,1.0,0.4,1.0,1.0,1.0,0.0,0.0,0.0,0.0
120.0,CLIMB,80.0,57.0,5750.0,18.5,82.314,0.9832,6223.89,86.24,605.74,5.188,70.23,20.075,25.6,1.578,24.6,17.0,6225.96,85.73,605.44,5.16,70.18,19.928,25.642,1.573,24.528,16.955,COOLING_DEGRADATION,1.0,0.4,1.0,1.0,1.0,0.0,0.0,0.0,0.0
120.1,CLIMB,79.99,56.99,5757.08,18.49,82.293,0.983,6223.43,86.24,605.72,5.188,70.23,20.073,25.6,1.578,24.6,16.999,6220.95,86.77,606.63,5.244,70.01,19.899,25.639,1.578,24.623,17.025,COOLING_DEGRADATION,1.0,0.4,1.0,1.0,1.0,0.0,0.0,0.0,0.0
120.2,CLIMB,79.98,56.99,5764.17,18.47,82.272,0.9828,6222.96,86.25,605.71,5.188,70.22,20.072,25.6,1.578,24.6,16.998,6218.71,86.43,605.78,5.201,69.88,20.106,25.572,1.537,24.562,17.087,COOLING_DEGRADATION,1.0,0.4,1.0,1.0,1.0,0.0,0.0,0.0,0.0
120.3,CLIMB,79.98,56.98,5771.25,18.46,82.251,0.9826,6222.5,86.25,605.69,5.187,70.21,20.071,25.6,1.578,24.6,16.996,6214.83,85.56,605.88,5.2,70.3,20.105,25.585,1.602,24.651,17.123,COOLING_DEGRADATION,1.0,0.4,1.0,1.0,1.0,0.0,0.0,0.0,0.0
120.4,CLIMB,79.97,56.98,5778.33,18.44,82.23,0.9824,6222.03,86.26,605.68,5.187,70.21,20.069,25.599,1.578,24.6,16.995,6222.76,86.5,604.73,5.129,69.97,20.241,25.497,1.592,24.617,16.893,COOLING_DEGRADATION,1.0,0.4,1.0,1.0,1.0,0.0,0.0,0.0,0.0
120.5,CLIMB,79.96,56.97,5785.42,18.43,82.209,0.9822,6221.57,86.26,605.66,5.187,70.2,20.068,25.599,1.578,24.6,16.994,6221.57,86.33,604.26,5.301,70.41,19.96,25.5,1.583,24.571,17.15,COOLING_DEGRADATION,1.0,0.4,1.0,1.0,1.0,0.0,0.0,0.0,0.0
120.6,CLIMB,79.95,56.97,5792.5,18.42,82.188,0.982,6221.1,86.27,605.65,5.187,70.2,20.066,25.599,1.578,24.6,16.993,6214.84,86.36,604.43,5.179,70.58,20.102,25.594,1.487,24.564,16.999,COOLING_DEGRADATION,1.0,0.4,1.0,1.0,1.0,0.0,0.0,0.0,0.0
120.7,CLIMB,79.94,56.96,5799.58,18.4,82.167,0.9818,6220.64,86.28,605.63,5.187,70.19,20.065,25.599,1.578,24.6,16.991,6221.62,86.64,605.63,5.182,70.16,19.989,25.55,1.661,24.52,17.174,COOLING_DEGRADATION,1.0,0.4,1.0,1.0,1.0,0.0,0.0,0.0,0.0
120.8,CLIMB,79.93,56.96,5806.67,18.39,82.146,0.9816,6220.17,86.28,605.61,5.186,70.18,20.064,25.599,1.578,24.6,16.99,6213.47,86.28,606.46,5.178,70.2,19.918,25.604,1.595,24.596,17.018,COOLING_DEGRADATION,1.0,0.4,1.0,1.0,1.0,0.0,0.0,0.0,0.0
120.9,CLIMB,79.93,56.95,5813.75,18.37,82.125,0.9814,6219.7,86.29,605.6,5.186,70.18,20.062,25.599,1.578,24.6,16.989,6225.95,86.05,609.43,5.193,69.97,19.983,25.6,1.578,24.578,16.814,COOLING_DEGRADATION,1.0,0.4,1.0,1.0,1.0,0.0,0.0,0.0,0.0
121.0,CLIMB,79.92,56.95,5820.83,18.36,82.104,0.9812,6219.24,86.29,605.58,5.186,70.17,20.061,25.598,1.577,24.6,16.988,6220.32,85.53,603.95,5.226,70.17,20.027,25.584,1.573,24.661,16.991,COOLING_DEGRADATION,1.0,0.4,1.0,1.0,1.0,0.0,0.0,0.0,0.0
121.1,CLIMB,79.91,56.94,5827.92,18.34,82.083,0.981,6218.77,86.3,605.57,5.186,70.16,20.06,25.598,1.577,24.6,16.986,6225.0,86.37,608.2,5.188,69.97,20.113,25.558,1.477,24.634,17.13,COOLING_DEGRADATION,1.0,0.4,1.0,1.0,1.0,0.0,0.0,0.0,0.0
121.2,CLIMB,79.9,56.94,5835.0,18.33,82.062,0.9808,6218.31,86.3,605.55,5.186,70.16,20.058,25.598,1.577,24.6,16.985,6226.53,86.02,605.25,5.134,69.76,20.175,25.61,1.54,24.569,16.901,COOLING_DEGRADATION,1.0,0.4,1.0,1.0,1.0,0.0,0.0,0.0,0.0
121.3,CLIMB,79.89,56.93,5842.08,18.32,82.041,0.9806,6217.84,86.31,605.54,5.185,70.15,20.057,25.598,1.577,24.6,16.984,6224.01,85.82,606.35,5.168,69.99,20.128,25.599,1.583,24.613,16.889,COOLING_DEGRADATION,1.0,0.4,1.0,1.0,1.0,0.0,0.0,0.0,0.0
121.4,CLIMB,79.88,56.92,5849.17,18.3,82.02,0.9804,6217.38,86.31,605.52,5.185,70.15,20.055,25.598,1.577,24.6,16.983,6215.27,86.53,605.29,5.152,69.86,20.017,25.684,1.524,24.564,17.028,COOLING_DEGRADATION,1.0,0.4,1.0,1.0,1.0,0.0,0.0,0.0,0.0
121.5,CLIMB,79.88,56.92,5856.25,18.29,81.999,0.9802,6216.91,86.32,605.51,5.185,70.14,20.054,25.598,1.577,24.6,16.981,6218.75,86.99,606.43,5.242,69.71,20.044,25.588,1.601,24.624,16.833,COOLING_DEGRADATION,1.0,0.4,1.0,1.0,1.0,0.0,0.0,0.0,0.0
121.6,CLIMB,79.87,56.91,5863.33,18.27,81.978,0.98,6216.45,86.33,605.49,5.185,70.13,20.053,25.597,1.577,24.6,16.98,6208.41,85.39,604.35,5.165,70.55,20.084,25.635,1.616,24.75,16.935,COOLING_DEGRADATION,1.0,0.4,1.0,1.0,1.0,0.0,0.0,0.0,0.0
121.7,CLIMB,79.86,56.91,5870.42,18.26,81.957,0.9798,6215.98,86.33,605.48,5.185,70.13,20.051,25.597,1.577,24.6,16.979,6215.57,85.78,603.99,5.192,70.43,20.116,25.634,1.472,24.64,17.029,COOLING_DEGRADATION,1.0,0.4,1.0,1.0,1.0,0.0,0.0,0.0,0.0
121.8,CLIMB,79.85,56.9,5877.5,18.25,81.936,0.9796,6215.52,86.34,605.46,5.185,70.12,20.05,25.597,1.577,24.6,16.978,6215.29,86.37,603.26,5.161,70.51,19.854,25.58,1.495,24.595,16.966,COOLING_DEGRADATION,1.0,0.4,1.0,1.0,1.0,0.0,0.0,0.0,0.0
121.9,CLIMB,79.84,56.9,5884.58,18.23,81.915,0.9794,6215.05,86.34,605.45,5.184,70.12,20.048,25.597,1.577,24.6,16.976,6210.67,86.17,604.53,5.186,70.63,19.824,25.643,1.636,24.629,16.944,COOLING_DEGRADATION,1.0,0.4,1.0,1.0,1.0,0.0,0.0,0.0,0.0
122.0,CLIMB,79.83,56.89,5891.67,18.22,81.894,0.9792,6214.59,86.35,605.43,5.184,70.11,20.047,25.597,1.577,24.6,16.975,6204.42,85.92,606.04,5.175,69.96,20.074,25.62,1.558,24.595,17.13,COOLING_DEGRADATION,1.0,0.4,1.0,1.0,1.0,0.0,0.0,0.0,0.0
122.1,CLIMB,79.83,56.89,5898.75,18.2,81.873,0.979,6214.12,86.35,605.42,5.184,70.1,20.046,25.597,1.577,24.6,16.974,6213.92,85.99,603.98,5.17,70.38,20.025,25.628,1.595,24.608,16.926,COOLING_DEGRADATION,1.0,0.4,1.0,1.0,1.0,0.0,0.0,0.0,0.0
122.2,CLIMB,79.82,56.88,5905.83,18.19,81.852,0.9788,6213.66,86.36,605.4,5.184,70.1,20.044,25.596,1.576,24.6,16.973,6213.49,86.59,607.66,5.188,70.2,20.039,25.574,1.593,24.696,17.131,COOLING_DEGRADATION,1.0,0.4,1.0,1.0,1.0,0.0,0.0,0.0,0.0
122.3,CLIMB,79.81,56.88,5912.92,18.17,81.831,0.9786,6213.19,86.37,605.39,5.184,70.09,20.043,25.596,1.576,24.6,16.971,6214.72,86.4,607.28,5.198,70.47,20.055,25.607,1.647,24.507,17.062,COOLING_DEGRADATION,1.0,0.4,1.0,1.0,1.0,0.0,0.0,0.0,0.0
122.4,CLIMB,79.8,56.87,5920.0,18.16,81.81,0.9783,6212.73,86.37,605.37,5.183,70.08,20.041,25.596,1.576,24.6,16.97,6211.71,86.47,606.42,5.187,70.32,19.941,25.518,1.536,24.581,17.015,COOLING_DEGRADATION,1.0,0.4,1.0,1.0,1.0,0.0,0.0,0.0,0.0
122.5,CLIMB,79.79,56.86,5927.08,18.15,81.789,0.9781,6212.26,86.38,605.36,5.183,70.08,20.04,25.596,1.576,24.6,16.969,6225.79,87.14,608.15,5.177,70.07,19.919,25.643,1.537,24.538,17.08,COOLING_DEGRADATION,1.0,0.4,1.0,1.0,1.0,0.0,0.0,0.0,0.0
122.6,CLIMB,79.78,56.86,5934.17,18.13,81.768,0.9779,6211.8,86.38,605.34,5.183,70.07,20.039,25.596,1.576,24.6,16.968,6217.02,86.12,606.09,5.141,69.81,20.138,25.547,1.631,24.642,17.066,COOLING_DEGRADATION,1.0,0.4,1.0,1.0,1.0,0.0,0.0,0.0,0.0
122.7,CLIMB,79.78,56.85,5941.25,18.12,81.747,0.9777,6211.33,86.39,605.33,5.183,70.07,20.037,25.596,1.576,24.6,16.966,6202.2,86.26,603.69,5.189,69.99,20.084,25.513,1.63,24.555,16.974,COOLING_DEGRADATION,1.0,0.4,1.0,1.0,1.0,0.0,0.0,0.0,0.0
122.8,CLIMB,79.77,56.85,5948.33,18.1,81.726,0.9775,6210.87,86.39,605.31,5.183,70.06,20.036,25.595,1.576,24.6,16.965,6207.87,86.42,606.98,5.193,70.2,20.021,25.517,1.541,24.587,16.984,COOLING_DEGRADATION,1.0,0.4,1.0,1.0,1.0,0.0,0.0,0.0,0.0
122.9,CLIMB,79.76,56.84,5955.42,18.09,81.705,0.9773,6210.4,86.4,605.3,5.182,70.05,20.035,25.595,1.576,24.6,16.964,6209.94,87.15,603.39,5.222,70.81,20.079,25.561,1.667,24.549,16.904,COOLING_DEGRADATION,1.0,0.4,1.0,1.0,1.0,0.0,0.0,0.0,0.0
123.0,CLIMB,79.75,56.84,5962.5,18.08,81.685,0.9771,6209.94,86.41,605.28,5.182,70.05,20.033,25.595,1.576,24.6,16.963,6206.04,86.58,608.61,5.181,70.0,19.992,25.501,1.542,24.583,17.025,COOLING_DEGRADATION,1.0,0.4,1.0,1.0,1.0,0.0,0.0,0.0,0.0
123.1,CLIMB,79.74,56.83,5969.58,18.06,81.664,0.9769,6209.47,86.41,605.26,5.182,70.04,20.032,25.595,1.576,24.6,16.961,6206.53,87.18,605.09,5.168,70.27,20.015,25.564,1.607,24.597,16.876,COOLING_DEGRADATION,1.0,0.4,1.0,1.0,1.0,0.0,0.0,0.0,0.0
123.2,CLIMB,79.73,56.83,5976.67,18.05,81.643,0.9767,6209.01,86.42,605.25,5.182,70.03,20.03,25.595,1.576,24.6,16.96,6207.84,86.82,603.44,5.166,69.91,20.039,25.664,1.568,24.532,16.943,COOLING_DEGRADATION,1.0,0.4,1.0,1.0,1.0,0.0,0.0,0.0,0.0
123.3,CLIMB,79.73,56.82,5983.75,18.03,81.622,0.9765,6208.54,86.42,605.23,5.182,70.03,20.029,25.595,1.575,24.6,16.959,6207.17,85.95,604.86,5.247,70.41,19.944,25.583,1.49,24.569,16.829,COOLING_DEGRADATION,1.0,0.4,1.0,1.0,1.0,0.0,0.0,0.0,0.0
123.4,CLIMB,79.72,56.82,5990.83,18.02,81.601,0.9763,6208.08,86.43,605.22,5.181,70.02,20.028,25.594,1.575,24.6,16.958,6206.4,86.11,605.13,5.191,70.24,20.072,25.622,1.538,24.598,16.896,COOLING_DEGRADATION,1.0,0.4,1.0,1.0,1.0,0.0,0.0,0.0,0.0
123.5,CLIMB,79.71,56.81,5997.92,18.0,81.58,0.9761,6207.61,86.43,605.2,5.181,70.02,20.026,25.594,1.575,24.6,16.956,6205.26,85.88,605.64,5.171,69.6,20.275,25.627,1.518,24.599,17.02,COOLING_DEGRADATION,1.0,0.4,1.0,1.0,1.0,0.0,0.0,0.0,0.0
123.6,CLIMB,79.7,56.81,6005.0,17.99,81.559,0.9759,6207.15,86.44,605.19,5.181,70.01,20.025,25.594,1.575,24.6,16.955,6199.31,86.6,604.69,5.185,69.7,20.075,25.519,1.628,24.601,16.974,COOLING_DEGRADATION,1.0,0.4,1.0,1.0,1.0,0.0,0.0,0.0,0.0
123.7,CLIMB,79.69,56.8,6012.08,17.98,81.538,0.9757,6206.68,86.45,605.17,5.181,70.0,20.023,25.594,1.575,24.6,16.954,6210.99,85.41,604.44,5.156,69.52,20.073,25.477,1.584,24.626,16.819,COOLING_DEGRADATION,1.0,0.4,1.0,1.0,1.0,0.0,0.0,0.0,0.0
123.8,CLIMB,79.68,56.79,6019.17,17.96,81.517,0.9755,6206.22,86.45,605.16,5.181,70.0,20.022,25.594,1.575,24.6,16.953,6208.03,87.2,606.7,5.176,70.13,20.177,25.637,1.585,24.614,16.892,COOLING_DEGRADATION,1.0,0.4,1.0,1.0,1.0,0.0,0.0,0.0,0.0
123.9,CLIMB,79.68,56.79,6026.25,17.95,81.497,0.9753,6205.75,86.46,605.14,5.181,69.99,20.021,25.594,1.575,24.6,16.951,6201.03,86.23,604.62,5.169,70.19,19.947,25.531,1.537,24.65,17.033,COOLING_DEGRADATION,1.0,0.4,1.0,1.0,1.0,0.0,0.0,0.0,0.0
124.0,CLIMB,79.67,56.78,6033.33,17.93,81.476,0.9751,6205.29,86.46,605.13,5.18,69.98,20.019,25.593,1.575,24.6,16.95,6201.35,86.13,603.9,5.19,70.01,19.927,25.64,1.509,24.595,16.965,COOLING_DEGRADATION,1.0,0.4,1.0,1.0,1.0,0.0,0.0,0.0,0.0
124.1,CLIMB,79.66,56.78,6040.42,17.92,81.455,0.9749,6204.82,86.47,605.11,5.18,69.98,20.018,25.593,1.575,24.6,16.949,6205.95,86.44,605.2,5.169,69.79,19.887,25.648,1.566,24.563,17.006,COOLING_DEGRADATION,1.0,0.4,1.0,1.0,1.0,0.0,0.0,0.0,0.0
124.2,CLIMB,79.65,56.77,6047.5,17.91,81.434,0.9747,6204.36,86.47,605.1,5.18,69.97,20.017,25.593,1.575,24.6,16.948,6210.01,86.09,605.54,5.198,69.53,20.042,25.6,1.585,24.628,16.941,COOLING_DEGRADATION,1.0,0.4,1.0,1.0,1.0,0.0,0.0,0.0,0.0
124.3,CLIMB,79.64,56.77,6054.58,17.89,81.413,0.9745,6203.89,86.48,605.08,5.18,69.96,20.015,25.593,1.575,24.6,16.946,6202.99,86.78,605.22,5.149,70.38,20.044,25.638,1.52,24.675,16.974,COOLING_DEGRADATION,1.0,0.4,1.0,1.0,1.0,0.0,0.0,0.0,0.0
124.4,CLIMB,79.63,56.76,6061.67,17.88,81.392,0.9743,6203.43,86.48,605.07,5.18,69.96,20.014,25.593,1.574,24.6,16.945,6208.7,86.46,604.05,5.186,69.21,19.999,25.563,1.606,24.633,16.8,COOLING_DEGRADATION,1.0,0.4,1.0,1.0,1.0,0.0,0.0,0.0,0.0
124.5,CLIMB,79.63,56.76,6068.75,17.86,81.371,0.9741,6202.97,86.49,605.05,5.179,69.95,20.012,25.593,1.574,24.6,16.944,6196.77,86.41,607.63,5.178,70.18,20.023,25.626,1.501,24.618,16.913,COOLING_DEGRADATION,1.0,0.4,1.0,1.0,1.0,0.0,0.0,0.0,0.0
124.6,CLIMB,79.62,56.75,6075.83,17.85,81.351,0.9739,6202.5,86.5,605.04,5.179,69.94,20.011,25.592,1.574,24.6,16.943,6206.52,86.45,607.24,5.21,70.07,20.024,25.627,1.53,24.696,16.983,COOLING_DEGRADATION,1.0,0.4,1.0,1.0,1.0,0.0,0.0,0.0,0.0
124.7,CLIMB,79.61,56.75,6082.92,17.83,81.33,0.9737,6202.04,86.5,605.02,5.179,69.94,20.01,25.592,1.574,24.6,16.941,6194.7,86.51,605.98,5.192,69.52,20.057,25.589,1.57,24.584,16.878,COOLING_DEGRADATION,1.0,0.4,1.0,1.0,1.0,0.0,0.0,0.0,0.0
124.8,CLIMB,79.6,56.74,6090.0,17.82,81.309,0.9735,6201.57,86.51,605.01,5.179,69.93,20.008,25.592,1.574,24.6,16.94,6199.01,87.37,605.25,5.164,69.99,20.027,25.594,1.525,24.62,16.889,COOLING_DEGRADATION,1.0,0.4,1.0,1.0,1.0,0.0,0.0,0.0,0.0
124.9,CLIMB,79.59,56.73,6097.08,17.81,81.288,0.9733,6201.11,86.51,604.99,5.179,69.93,20.007,25.592,1.574,24.6,16.939,6202.27,87.03,606.89,5.144,69.73,19.958,25.594,1.523,24.505,16.984,COOLING_DEGRADATION,1.0,0.4,1.0,1.0,1.0,0.0,0.0,0.0,0.0
125.0,CLIMB,79.58,56.73,6104.17,17.79,81.267,0.9731,6200.64,86.52,604.98,5.178,69.92,20.005,25.592,1.574,24.6,16.938,6206.02,86.64,605.89,5.183,69.97,19.887,25.698,1.604,24.595,16.953,COOLING_DEGRADATION,1.0,0.4,1.0,1.0,1.0,0.0,0.0,0.0,0.0
125.1,CLIMB,79.58,56.72,6111.25,17.78,81.247,0.9729,6200.18,86.52,604.96,5.178,69.91,20.004,25.592,1.574,24.6,16.936,6206.03,85.74,603.25,5.16,69.25,20.083,25.643,1.582,24.507,16.827,COOLING_DEGRADATION,1.0,0.4,1.0,1.0,1.0,0.0,0.0,0.0,0.0
125.2,CLIMB,79.57,56.72,6118.33,17.76,81.226,0.9727,6199.71,86.53,604.95,5.178,69.91,20.003,25.591,1.574,24.6,16.935,6189.68,86.51,605.26,5.149,69.92,20.088,25.677,1.573,24.563,16.885,COOLING_DEGRADATION,1.0,0.4,1.0,1.0,1.0,0.0,0.0,0.0,0.0
125.3,CLIMB,79.56,56.71,6125.42,17.75,81.205,0.9725,6199.25,86.54,604.93,5.178,69.9,20.001,25.591,1.574,24.6,16.934,6192.77,86.44,604.11,5.114,69.63,20.071,25.589,1.577,24.617,16.892,COOLING_DEGRADATION,1.0,0.4,1.0,1.0,1.0,0.0,0.0,0.0,0.0
125.4,CLIMB,79.55,56.71,6132.5,17.74,81.184,0.9723,6198.79,86.54,604.92,5.178,69.89,20.0,25.591,1.574,24.6,16.933,6190.66,86.09,607.13,5.169,69.68,20.172,25.591,1.674,24.527,16.759,COOLING_DEGRADATION,1.0,0.4,1.0,1.0,1.0,0.0,0.0,0.0,0.0
125.5,CLIMB,79.54,56.7,6139.58,17.72,81.163,0.9721,6198.32,86.55,604.9,5.178,69.89,19.999,25.591,1.573,24.6,16.931,6197.44,87.15,606.68,5.192,69.9,19.932,25.702,1.589,24.616,16.851,COOLING_DEGRADATION,1.0,0.4,1.0,1.0,1.0,0.0,0.0,0.0,0.0
125.6,CLIMB,79.53,56.7,6146.67,17.71,81.143,0.9719,6197.86,86.55,604.88,5.177,69.88,19.997,25.591,1.573,24.6,16.93,6198.44,86.49,605.7,5.143,70.67,19.966,25.545,1.552,24.586,16.989,COOLING_DEGRADATION,1.0,0.4,1.0,1.0,1.0,0.0,0.0,0.0,0.0
125.7,CLIMB,79.53,56.69,6153.75,17.69,81.122,0.9717,6197.39,86.56,604.87,5.177,69.87,19.996,25.591,1.573,24.6,16.929,6192.64,86.86,603.06,5.181,70.07,19.845,25.597,1.624,24.568,16.924,COOLING_DEGRADATION,1.0,0.4,1.0,1.0,1.0,0.0,0.0,0.0,0.0
125.8,CLIMB,79.52,56.69,6160.83,17.68,81.101,0.9715,6196.93,86.56,604.85,5.177,69.87,19.994,25.59,1.573,24.6,16.928,6205.98,88.01,603.14,5.207,70.07,19.931,25.657,1.564,24.573,16.851,COOLING_DEGRADATION,1.0,0.4,1.0,1.0,1.0,0.0,0.0,0.0,0.0
125.9,CLIMB,79.51,56.68,6167.92,17.66,81.08,0.9713,6196.47,86.57,604.84,5.177,69.86,19.993,25.59,1.573,24.6,16.926,6191.79,87.44,604.02,5.176,69.75,20.097,25.631,1.626,24.626,16.964,COOLING_DEGRADATION,1.0,0.4,1.0,1.0,1.0,0.0,0.0,0.0,0.0
126.0,CLIMB,79.5,56.68,6175.0,17.65,81.06,0.9711,6196.0,86.57,604.82,5.177,69.85,19.992,25.59,1.573,24.6,16.925,6197.3,86.2,606.27,5.217,69.72,19.916,25.571,1.564,24.669,17.045,COOLING_DEGRADATION,1.0,0.4,1.0,1.0,1.0,0.0,0.0,0.0,0.0
126.1,CLIMB,79.49,56.67,6182.08,17.64,81.039,0.9709,6195.54,86.58,604.81,5.176,69.85,19.99,25.59,1.573,24.6,16.924,6194.48,87.08,603.89,5.166,69.77,19.949,25.674,1.536,24.635,16.909,COOLING_DEGRADATION,1.0,0.4,1.0,1.0,1.0,0.0,0.0,0.0,0.0
126.2,CLIMB,79.48,56.66,6189.17,17.62,81.018,0.9707,6195.07,86.59,604.79,5.176,69.84,19.989,25.59,1.573,24.6,16.923,6191.41,86.96,603.57,5.213,70.05,19.881,25.579,1.688,24.61,16.69,COOLING_DEGRADATION,1.0,0.4,1.0,1.0,1.0,0.0,0.0,0.0,0.0
126.3,CLIMB,79.48,56.66,6196.25,17.61,80.997,0.9705,6194.61,86.59,604.78,5.176,69.83,19.987,25.59,1.573,24.6,16.921,6200.58,87.15,600.63,5.175,69.39,19.883,25.633,1.646,24.662,16.991,COOLING_DEGRADATION,1.0,0.4,1.0,1.0,1.0,0.0,0.0,0.0,0.0
126.4,CLIMB,79.47,56.65,6203.33,17.59,80.977,0.9703,6194.15,86.6,604.76,5.176,69.83,19.986,25.589,1.573,24.6,16.92,6188.59,86.78,603.38,5.201,69.9,19.898,25.593,1.569,24.586,16.882,COOLING_DEGRADATION,1.0,0.4,1.0,1.0,1.0,0.0,0.0,0.0,0.0
126.5,CLIMB,79.46,56.65,6210.42,17.58,80.956,0.9701,6193.68,86.6,604.75,5.176,69.82,19.985,25.589,1.573,24.6,16.919,6201.18,86.07,605.63,5.179,69.42,19.816,25.638,1.555,24.616,17.011,COOLING_DEGRADATION,1.0,0.4,1.0,1.0,1.0,0.0,0.0,0.0,0.0
126.6,CLIMB,79.45,56.64,6217.5,17.57,80.935,0.9699,6193.22,86.61,604.73,5.175,69.81,19.983,25.589,1.572,24.6,16.918,6191.58,86.33,604.78,5.092,70.08,20.097,25.578,1.588,24.508,17.16,COOLING_DEGRADATION,1.0,0.4,1.0,1.0,1.0,0.0,0.0,0.0,0.0
126.7,CLIMB,79.44,56.64,6224.58,17.55,80.915,0.9697,6192.75,86.61,604.72,5.175,69.81,19.982,25.589,1.572,24.6,16.916,6190.23,86.73,605.33,5.211,69.73,19.878,25.558,1.593,24.528,16.872,COOLING_DEGRADATION,1.0,0.4,1.0,1.0,1.0,0.0,0.0,0.0,0.0
126.8,CLIMB,79.43,56.63,6231.67,17.54,80.894,0.9695,6192.29,86.62,604.7,5.175,69.8,19.98,25.589,1.572,24.6,16.915,6194.07,86.46,602.15,5.123,69.92,19.871,25.629,1.569,24.655,16.967,COOLING_DEGRADATION,1.0,0.4,1.0,1.0,1.0,0.0,0.0,0.0,0.0
126.9,CLIMB,79.43,56.63,6238.75,17.52,80.873,0.9693,6191.83,86.63,604.69,5.175,69.79,19.979,25.589,1.572,24.6,16.914,6191.74,86.22,604.86,5.168,69.43,19.907,25.642,1.593,24.666,16.852,COOLING_DEGRADATION,1.0,0.4,1.0,1.0,1.0,0.0,0.0,0.0,0.0
127.0,CLIMB,79.42,56.62,6245.83,17.51,80.852,0.9691,6191.36,86.63,604.67,5.175,69.79,19.978,25.588,1.572,24.6,16.913,6185.92,87.84,604.94,5.152,69.46,19.955,25.623,1.664,24.6,16.92,COOLING_DEGRADATION,1.0,0.4,1.0,1.0,1.0,0.0,0.0,0.0,0.0
127.1,CLIMB,79.41,56.62,6252.92,17.49,80.832,0.9689,6190.9,86.64,604.66,5.175,69.78,19.976,25.588,1.572,24.6,16.911,6192.71,86.18,606.8,5.176,69.96,20.059,25.576,1.584,24.593,17.032,COOLING_DEGRADATION,1.0,0.4,1.0,1.0,1.0,0.0,0.0,0.0,0.0
127.2,CLIMB,79.4,56.61,6260.0,17.48,80.811,0.9687,6190.43,86.64,604.64,5.174,69.77,19.975,25.588,1.572,24.6,16.91,6185.03,87.07,603.42,5.158,70.21,19.986,25.691,1.471,24.546,16.808,COOLING_DEGRADATION,1.0,0.4,1.0,1.0,1.0,0.0,0.0,0.0,0.0
127.3,CLIMB,79.39,56.6,6267.08,17.47,80.79,0.9685,6189.97,86.65,604.63,5.174,69.77,19.974,25.588,1.572,24.6,16.909,6183.83,87.57,602.6,5.2,70.31,19.864,25.599,1.596,24.657,17.017,COOLING_DEGRADATION,1.0,0.4,1.0,1.0,1.0,0.0,0.0,0.0,0.0
127.4,CLIMB,79.38,56.6,6274.17,17.45,80.77,0.9683,6189.51,86.65,604.61,5.174,69.76,19.972,25.588,1.572,24.6,16.908,6179.42,87.21,604.82,5.186,69.87,19.968,25.509,1.638,24.538,16.777,COOLING_DEGRADATION,1.0,0.4,1.0,1.0,1.0,0.0,0.0,0.0,0.0
127.5,CLIMB,79.38,56.59,6281.25,17.44,80.749,0.9681,6189.04,86.66,604.6,5.174,69.75,19.971,25.588,1.572,24.6,16.906,6184.33,86.35,603.58,5.181,69.99,20.034,25.561,1.616,24.631,16.753,COOLING_DEGRADATION,1.0,0.4,1.0,1.0,1.0,0.0,0.0,0.0,0.0
127.6,CLIMB,79.37,56.59,6288.33,17.42,80.728,0.9679,6188.58,86.66,604.58,5.174,69.75,19.969,25.587,1.572,24.6,16.905,6185.75,85.86,604.94,5.121,69.5,19.816,25.688,1.515,24.574,16.929,COOLING_DEGRADATION,1.0,0.4,1.0,1.0,1.0,0.0,0.0,0.0,0.0
127.7,CLIMB,79.36,56.58,6295.42,17.41,80.708,0.9677,6188.12,86.67,604.57,5.173,69.74,19.968,25.587,1.571,24.6,16.904,6191.84,86.74,601.69,5.212,69.8,19.834,25.556,1.555,24.681,16.793,COOLING_DEGRADATION,1.0,0.4,1.0,1.0,1.0,0.0,0.0,0.0,0.0
127.8,CLIMB,79.35,56.58,6302.5,17.4,80.687,0.9675,6187.65,86.68,604.55,5.173,69.73,19.967,25.587,1.571,24.6,16.903,6191.42,86.73,607.73,5.195,69.71,19.922,25.59,1.621,24.634,16.921,COOLING_DEGRADATION,1.0,0.4,1.0,1.0,1.0,0.0,0.0,0.0,0.0
127.9,CLIMB,79.34,56.57,6309.58,17.38,80.666,0.9673,6187.19,86.68,604.53,5.173,69.73,19.965,25.587,1.571,24.6,16.901,6197.05,86.74,604.56,5.15,69.61,19.864,25.61,1.512,24.567,16.912,COOLING_DEGRADATION,1.0,0.4,1.0,1.0,1.0,0.0,0.0,0.0,0.0
128.0,CLIMB,79.33,56.57,6316.67,17.37,80.646,0.9671,6186.72,86.69,604.52,5.173,69.72,19.964,25.587,1.571,24.6,16.9,6184.92,86.52,605.82,5.176,70.16,19.992,25.623,1.562,24.581,16.875,COOLING_DEGRADATION,1.0,0.4,1.0,1.0,1.0,0.0,0.0,0.0,0.0
128.1,CLIMB,79.33,56.56,6323.75,17.35,80.625,0.9669,6186.26,86.69,604.5,5.173,69.71,19.962,25.587,1.571,24.6,16.899,6187.16,86.66,603.28,5.163,69.57,20.03,25.608,1.609,24.663,16.968,COOLING_DEGRADATION,1.0,0.4,1.0,1.0,1.0,0.0,0.0,0.0,0.0
128.2,CLIMB,79.32,56.56,6330.83,17.34,80.604,0.9667,6185.8,86.7,604.49,5.173,69.7,19.961,25.586,1.571,24.6,16.898,6177.28,86.74,604.95,5.219,69.83,19.724,25.597,1.562,24.614,16.981,COOLING_DEGRADATION,1.0,0.4,1.0,1.0,1.0,0.0,0.0,0.0,0.0
128.3,CLIMB,79.31,56.55,6337.92,17.32,80.584,0.9665,6185.33,86.7,604.47,5.172,69.7,19.96,25.586,1.571,24.6,16.896,6177.53,86.26,604.03,5.21,69.77,19.943,25.551,1.607,24.638,16.992,COOLING_DEGRADATION,1.0,0.4,1.0,1.0,1.0,0.0,0.0,0.0,0.0
128.4,CLIMB,79.3,56.55,6345.0,17.31,80.563,0.9663,6184.87,86.71,604.46,5.172,69.69,19.958,25.586,1.571,24.6,16.895,6184.56,86.97,603.57,5.159,69.74,19.935,25.592,1.523,24.669,16.914,COOLING_DEGRADATION,1.0,0.4,1.0,1.0,1.0,0.0,0.0,0.0,0.0
128.5,CLIMB,79.29,56.54,6352.08,17.3,80.543,0.9661,6184.41,86.72,604.44,5.172,69.68,19.957,25.586,1.571,24.6,16.894,6180.53,86.25,605.65,5.175,69.23,20.085,25.575,1.554,24.718,16.727,COOLING_DEGRADATION,1.0,0.4,1.0,1.0,1.0,0.0,0.0,0.0,0.0
128.6,CLIMB,79.28,56.53,6359.17,17.28,80.522,0.9659,6183.94,86.72,604.43,5.172,69.68,19.955,25.586,1.571,24.6,16.893,6190.53,86.6,603.92,5.194,70.06,19.965,25.665,1.591,24.654,16.768,COOLING_DEGRADATION,1.0,0.4,1.0,1.0,1.0,0.0,0.0,0.0,0.0
128.7,CLIMB,79.28,56.53,6366.25,17.27,80.501,0.9657,6183.48,86.73,604.41,5.172,69.67,19.954,25.586,1.571,24.6,16.891,6185.43,87.52,603.33,5.177,69.69,20.12,25.632,1.544,24.604,16.97,COOLING_DEGRADATION,1.0,0.4,1.0,1.0,1.0,0.0,0.0,0.0,0.0
128.8,CLIMB,79.27,56.52,6373.33,17.25,80.481,0.9655,6183.02,86.73,604.4,5.171,69.66,19.953,25.585,1.57,24.6,16.89,6183.18,86.66,604.76,5.137,69.09,20.073,25.553,1.454,24.558,16.788,COOLING_DEGRADATION,1.0,0.4,1.0,1.0,1.0,0.0,0.0,0.0,0.0
128.9,CLIMB,79.26,56.52,6380.42,17.24,80.46,0.9653,6182.55,86.74,604.38,5.171,69.66,19.951,25.585,1.57,24.6,16.889,6185.13,86.65,604.12,5.21,69.84,19.949,25.642,1.54,24.571,16.874,COOLING_DEGRADATION,1.0,0.4,1.0,1.0,1.0,0.0,0.0,0.0,0.0
129.0,CLIMB,79.25,56.51,6387.5,17.23,80.44,0.9651,6182.09,86.74,604.37,5.171,69.65,19.95,25.585,1.57,24.6,16.888,6177.48,86.97,604.66,5.184,69.7,19.981,25.565,1.653,24.62,16.801,COOLING_DEGRADATION,1.0,0.4,1.0,1.0,1.0,0.0,0.0,0.0,0.0
129.1,CLIMB,79.24,56.51,6394.58,17.21,80.419,0.9649,6181.63,86.75,604.35,5.171,69.64,19.949,25.585,1.57,24.6,16.886,6176.72,85.87,607.14,5.15,69.4,19.95,25.496,1.61,24.577,16.949,COOLING_DEGRADATION,1.0,0.4,1.0,1.0,1.0,0.0,0.0,0.0,0.0
129.2,CLIMB,79.23,56.5,6401.67,17.2,80.398,0.9647,6181.16,86.75,604.34,5.171,69.64,19.947,25.585,1.57,24.6,16.885,6182.8,86.93,605.54,5.209,69.32,19.849,25.556,1.63,24.641,16.665,COOLING_DEGRADATION,1.0,0.4,1.0,1.0,1.0,0.0,0.0,0.0,0.0
129.3,CLIMB,79.23,56.5,6408.75,17.18,80.378,0.9645,6180.7,86.76,604.32,5.17,69.63,19.946,25.585,1.57,24.6,16.884,6182.56,85.49,605.59,5.181,69.49,19.896,25.686,1.514,24.543,17.03,COOLING_DEGRADATION,1.0,0.4,1.0,1.0,1.0,0.0,0.0,0.0,0.0
129.4,CLIMB,79.22,56.49,6415.83,17.17,80.357,0.9643,6180.24,86.77,604.31,5.17,69.62,19.944,25.584,1.57,24.6,16.883,6179.95,86.25,603.61,5.135,69.63,19.871,25.549,1.621,24.607,16.757,COOLING_DEGRADATION,1.0,0.4,1.0,1.0,1.0,0.0,0.0,0.0,0.0
129.5,CLIMB,79.21,56.49,6422.92,17.15,80.337,0.9641,6179.77,86.77,604.29,5.17,69.62,19.943,25.584,1.57,24.6,16.881,6172.2,87.22,602.88,5.182,69.44,19.953,25.557,1.576,24.583,16.788,COOLING_DEGRADATION,1.0,0.4,1.0,1.0,1.0,0.0,0.0,0.0,0.0
129.6,CLIMB,79.2,56.48,6430.0,17.14,80.316,0.9639,6179.31,86.78,604.28,5.17,69.61,19.942,25.584,1.57,24.6,16.88,6178.58,87.39,604.99,5.224,69.76,19.934,25.503,1.528,24.635,16.772,COOLING_DEGRADATION,1.0,0.4,1.0,1.0,1.0,0.0,0.0,0.0,0.0
129.7,CLIMB,79.19,56.47,6437.08,17.13,80.296,0.9637,6178.85,86.78,604.26,5.17,69.6,19.94,25.584,1.57,24.6,16.879,6171.63,87.17,605.65,5.177,69.75,20.016,25.512,1.557,24.534,16.801,COOLING_DEGRADATION,1.0,0.4,1.0,1.0,1.0,0.0,0.0,0.0,0.0
129.8,CLIMB,79.18,56.47,6444.17,17.11,80.275,0.9635,6178.38,86.79,604.25,5.17,69.59,19.939,25.584,1.57,24.6,16.878,6175.21,86.3,602.44,5.179,69.64,19.876,25.533,1.533,24.559,16.899,COOLING_DEGRADATION,1.0,0.4,1.0,1.0,1.0,0.0,0.0,0.0,0.0
129.9,CLIMB,79.18,56.46,6451.25,17.1,80.254,0.9633,6177.92,86.79,604.23,5.169,69.59,19.937,25.584,1.57,24.6,16.876,6174.18,87.7,604.07,5.183,70.16,19.974,25.595,1.562,24.639,16.837,COOLING_DEGRADATION,1.0,0.4,1.0,1.0,1.0,0.0,0.0,0.0,0.0
130.0,CLIMB,79.17,56.46,6458.33,17.08,80.234,0.9631,6177.46,86.8,604.22,5.169,69.58,19.936,25.583,1.569,24.6,16.875,6181.85,86.31,604.59,5.224,69.38,20.008,25.518,1.565,24.641,16.828,COOLING_DEGRADATION,1.0,0.4,1.0,1.0,1.0,0.0,0.0,0.0,0.0
130.1,CLIMB,79.16,56.45,6465.42,17.07,80.213,0.9629,6177.0,86.8,604.2,5.169,69.57,19.935,25.583,1.569,24.6,16.874,6177.6,86.0,602.22,5.199,69.81,20.004,25.746,1.554,24.509,16.685,COOLING_DEGRADATION,1.0,0.4,1.0,1.0,1.0,0.0,0.0,0.0,0.0
130.2,CLIMB,79.15,56.45,6472.5,17.06,80.193,0.9627,6176.53,86.81,604.18,5.169,69.57,19.933,25.583,1.569,24.6,16.873,6173.31,87.04,604.33,5.159,69.09,20.066,25.572,1.547,24.561,16.927,COOLING_DEGRADATION,1.0,0.4,1.0,1.0,1.0,0.0,0.0,0.0,0.0
130.3,CLIMB,79.14,56.44,6479.58,17.04,80.172,0.9625,6176.07,86.82,604.17,5.169,69.56,19.932,25.583,1.569,24.6,16.871,6168.93,87.0,605.68,5.181,69.47,20.03,25.596,1.578,24.63,16.766,COOLING_DEGRADATION,1.0,0.4,1.0,1.0,1.0,0.0,0.0,0.0,0.0
130.4,CLIMB,79.13,56.44,6486.67,17.03,80.152,0.9623,6175.61,86.82,604.15,5.168,69.55,19.93,25.583,1.569,24.6,16.87,6176.68,86.51,603.46,5.154,69.45,19.824,25.542,1.506,24.587,16.792,COOLING_DEGRADATION,1.0,0.4,1.0,1.0,1.0,0.0,0.0,0.0,0.0
130.5,CLIMB,79.13,56.43,6493.75,17.01,80.131,0.9621,6175.14,86.83,604.14,5.168,69.55,19.929,25.583,1.569,24.6,16.869,6173.28,87.36,604.37,5.197,68.88,19.949,25.581,1.551,24.639,17.01,COOLING_DEGRADATION,1.0,0.4,1.0,1.0,1.0,0.0,0.0,0.0,0.0
130.6,CLIMB,79.12,56.43,6500.83,17.0,80.111,0.9619,6174.68,86.83,604.12,5.168,69.54,19.928,25.582,1.569,24.6,16.868,6171.21,85.9,603.5,5.156,69.55,19.76,25.61,1.567,24.617,16.893,COOLING_DEGRADATION,1.0,0.4,1.0,1.0,1.0,0.0,0.0,0.0,0.0
130.7,CLIMB,79.11,56.42,6507.92,16.98,80.09,0.9617,6174.22,86.84,604.11,5.168,69.53,19.926,25.582,1.569,24.6,16.866,6173.13,86.75,604.75,5.141,69.74,19.91,25.457,1.488,24.71,16.765,COOLING_DEGRADATION,1.0,0.4,1.0,1.0,1.0,0.0,0.0,0.0,0.0
130.8,CLIMB,79.1,56.42,6515.0,16.97,80.07,0.9615,6173.76,86.84,604.09,5.168,69.52,19.925,25.582,1.569,24.6,16.865,6170.47,86.79,605.65,5.204,69.49,20.097,25.565,1.569,24.608,16.808,COOLING_DEGRADATION,1.0,0.4,1.0,1.0,1.0,0.0,0.0,0.0,0.0
130.9,CLIMB,79.09,56.41,6522.08,16.96,80.049,0.9613,6173.29,86.85,604.08,5.168,69.52,19.923,25.582,1.569,24.6,16.864,6164.98,86.66,603.13,5.15,69.36,20.015,25.652,1.545,24.569,16.854,COOLING_DEGRADATION,1.0,0.4,1.0,1.0,1.0,0.0,0.0,0.0,0.0
131.0,CLIMB,79.08,56.4,6529.17,16.94,80.029,0.9611,6172.83,86.86,604.06,5.167,69.51,19.922,25.582,1.569,24.6,16.863,6176.58,86.71,605.38,5.176,69.46,19.985,25.495,1.604,24.652,17.003,COOLING_DEGRADATION,1.0,0.4,1.0,1.0,1.0,0.0,0.0,0.0,0.0
131.1,CLIMB,79.08,56.4,6536.25,16.93,80.008,0.9609,6172.37,86.86,604.05,5.167,69.5,19.921,25.582,1.568,24.6,16.861,6170.81,87.08,603.16,5.121,69.31,19.779,25.628,1.568,24.591,16.99,COOLING_DEGRADATION,1.0,0.4,1.0,1.0,1.0,0.0,0.0,0.0,0.0
131.2,CLIMB,79.07,56.39,6543.33,16.91,79.988,0.9607,6171.9,86.87,604.03,5.167,69.5,19.919,25.581,1.568,24.6,16.86,6169.39,87.19,604.89,5.182,69.68,20.026,25.572,1.557,24.631,16.807,COOLING_DEGRADATION,1.0,0.4,1.0,1.0,1.0,0.0,0.0,0.0,0.0
131.3,CLIMB,79.06,56.39,6550.42,16.9,79.967,0.9605,6171.44,86.87,604.02,5.167,69.49,19.918,25.581,1.568,24.6,16.859,6168.77,86.79,602.06,5.18,69.72,20.107,25.525,1.507,24.711,16.873,COOLING_DEGRADATION,1.0,0.4,1.0,1.0,1.0,0.0,0.0,0.0,0.0
131.4,CLIMB,79.05,56.38,6557.5,16.89,79.947,0.9603,6170.98,86.88,604.0,5.167,69.48,19.917,25.581,1.568,24.6,16.858,6170.41,86.09,604.33,5.18,69.52,19.768,25.591,1.653,24.521,16.841,COOLING_DEGRADATION,1.0,0.4,1.0,1.0,1.0,0.0,0.0,0.0,0.0
131.5,CLIMB,79.04,56.38,6564.58,16.87,79.926,0.9601,6170.52,86.88,603.99,5.166,69.47,19.915,25.581,1.568,24.6,16.856,6174.64,86.71,605.91,5.165,69.45,20.027,25.63,1.574,24.623,16.85,COOLING_DEGRADATION,1.0,0.4,1.0,1.0,1.0,0.0,0.0,0.0,0.0
131.6,CLIMB,79.03,56.37,6571.67,16.86,79.906,0.9599,6170.05,86.89,603.97,5.166,69.47,19.914,25.581,1.568,24.6,16.855,6158.56,87.53,603.22,5.141,69.31,19.842,25.502,1.594,24.468,16.677,COOLING_DEGRADATION,1.0,0.4,1.0,1.0,1.0,0.0,0.0,0.0,0.0
131.7,CLIMB,79.03,56.37,6578.75,16.84,79.886,0.9597,6169.59,86.89,603.96,5.166,69.46,19.912,25.581,1.568,24.6,16.854,6167.5,86.94,601.52,5.151,69.03,19.9,25.546,1.652,24.62,16.767,COOLING_DEGRADATION,1.0,0.4,1.0,1.0,1.0,0.0,0.0,0.0,0.0
131.8,CLIMB,79.02,56.36,6585.83,16.83,79.865,0.9595,6169.13,86.9,603.94,5.166,69.45,19.911,25.58,1.568,24.6,16.853,6168.58,87.37,605.14,5.175,69.84,20.044,25.563,1.514,24.487,17.002,COOLING_DEGRADATION,1.0,0.4,1.0,1.0,1.0,0.0,0.0,0.0,0.0
131.9,CLIMB,79.01,56.36,6592.92,16.81,79.845,0.9593,6168.67,86.91,603.93,5.166,69.45,19.91,25.58,1.568,24.6,16.851,6174.55,87.13,603.47,5.153,69.62,20.134,25.575,1.623,24.579,16.981,COOLING_DEGRADATION,1.0,0.4,1.0,1.0,1.0,0.0,0.0,0.0,0.0
132.0,CLIMB,79.0,56.35,6600.0,16.8,79.824,0.9591,6168.2,86.91,603.91,5.166,69.44,19.908,25.58,1.568,24.6,16.85,6167.16,87.3,607.24,5.193,69.33,20.037,25.45,1.649,24.574,16.716,COOLING_DEGRADATION,1.0,0.4,1.0,1.0,1.0,0.0,0.0,0.0,0.0
132.1,CLIMB,78.99,56.34,6607.08,16.79,79.804,0.9589,6167.74,86.92,603.9,5.165,69.43,19.907,25.58,1.568,24.6,16.849,6160.57,87.96,605.06,5.174,70.06,19.759,25.55,1.607,24.621,16.665,COOLING_DEGRADATION,1.0,0.4,1.0,1.0,1.0,0.0,0.0,0.0,0.0
132.2,CLIMB,78.98,56.34,6614.17,16.77,79.783,0.9587,6167.28,86.92,603.88,5.165,69.42,19.905,25.58,1.567,24.6,16.848,6171.1,86.4,602.76,5.171,69.35,19.772,25.538,1.55,24.67,16.91,COOLING_DEGRADATION,1.0,0.4,1.0,1.0,1.0,0.0,0.0,0.0,0.0
132.3,CLIMB,78.98,56.33,6621.25,16.76,79.763,0.9585,6166.82,86.93,603.86,5.165,69.42,19.904,25.58,1.567,24.6,16.846,6172.97,86.57,600.96,5.168,69.12,19.919,25.653,1.493,24.61,16.791,COOLING_DEGRADATION,1.0,0.4,1.0,1.0,1.0,0.0,0.0,0.0,0.0
132.4,CLIMB,78.97,56.33,6628.33,16.74,79.743,0.9583,6166.35,86.93,603.85,5.165,69.41,19.903,25.579,1.567,24.6,16.845,6163.27,86.33,600.57,5.169,69.28,19.935,25.605,1.497,24.638,16.839,COOLING_DEGRADATION,1.0,0.4,1.0,1.0,1.0,0.0,0.0,0.0,0.0
132.5,CLIMB,78.96,56.32,6635.42,16.73,79.722,0.9581,6165.89,86.94,603.83,5.165,69.4,19.901,25.579,1.567,24.6,16.844,6164.78,87.07,604.24,5.177,69.81,19.875,25.552,1.635,24.676,16.96,COOLING_DEGRADATION,1.0,0.4,1.0,1.0,1.0,0.0,0.0,0.0,0.0
132.6,CLIMB,78.95,56.32,6642.5,16.72,79.702,0.9579,6165.43,86.94,603.82,5.164,69.4,19.9,25.579,1.567,24.6,16.843,6170.58,86.71,603.93,5.159,68.97,19.95,25.552,1.574,24.566,16.825,COOLING_DEGRADATION,1.0,0.4,1.0,1.0,1.0,0.0,0.0,0.0,0.0
132.7,CLIMB,78.94,56.31,6649.58,16.7,79.681,0.9577,6164.97,86.95,603.8,5.164,69.39,19.898,25.579,1.567,24.6,16.841,6166.05,86.21,603.2,5.161,69.41,19.776,25.58,1.572,24.576,16.888,COOLING_DEGRADATION,1.0,0.4,1.0,1.0,1.0,0.0,0.0,0.0,0.0
132.8,CLIMB,78.93,56.31,6656.67,16.69,79.661,0.9575,6164.5,86.96,603.79,5.164,69.38,19.897,25.579,1.567,24.6,16.84,6156.02,86.58,605.72,5.15,69.67,20.028,25.627,1.563,24.586,16.904,COOLING_DEGRADATION,1.0,0.4,1.0,1.0,1.0,0.0,0.0,0.0,0.0
132.9,CLIMB,78.93,56.3,6663.75,16.67,79.641,0.9573,6164.04,86.96,603.77,5.164,69.37,19.896,25.579,1.567,24.6,16.839,6164.54,86.64,601.65,5.178,68.9,19.976,25.569,1.526,24.613,16.917,COOLING_DEGRADATION,1.0,0.4,1.0,1.0,1.0,0.0,0.0,0.0,0.0
133.0,CLIMB,78.92,56.3,6670.83,16.66,79.62,0.9571,6163.58,86.97,603.76,5.164,69.37,19.894,25.578,1.567,24.6,16.838,6158.88,87.59,604.67,5.139,69.43,20.005,25.585,1.495,24.602,16.714,COOLING_DEGRADATION,1.0,0.4,1.0,1.0,1.0,0.0,0.0,0.0,0.0
133.1,CLIMB,78.91,56.29,6677.92,16.64,79.6,0.9569,6163.12,86.97,603.74,5.164,69.36,19.893,25.578,1.567,24.6,16.836,6163.74,87.17,602.25,5.197,69.79,19.894,25.519,1.504,24.66,16.821,COOLING_DEGRADATION,1.0,0.4,1.0,1.0,1.0,0.0,0.0,0.0,0.0
133.2,CLIMB,78.9,56.29,6685.0,16.63,79.579,0.9567,6162.65,86.98,603.73,5.163,69.35,19.891,25.578,1.567,24.6,16.835,6154.98,87.51,605.28,5.123,69.19,19.908,25.608,1.543,24.641,16.973,COOLING_DEGRADATION,1.0,0.4,1.0,1.0,1.0,0.0,0.0,0.0,0.0
133.3,CLIMB,78.89,56.28,6692.08,16.62,79.559,0.9565,6162.19,86.98,603.71,5.163,69.34,19.89,25.578,1.566,24.6,16.834,6162.4,87.13,600.41,5.182,69.18,19.841,25.485,1.549,24.636,16.83,COOLING_DEGRADATION,1.0,0.4,1.0,1.0,1.0,0.0,0.0,0.0,0.0
133.4,CLIMB,78.88,56.27,6699.17,16.6,79.539,0.9563,6161.73,86.99,603.7,5.163,69.34,19.889,25.578,1.566,24.6,16.833,6160.25,86.21,600.16,5.16,69.32,19.762,25.573,1.56,24.598,16.738,COOLING_DEGRADATION,1.0,0.4,1.0,1.0,1.0,0.0,0.0,0.0,0.0
133.5,CLIMB,78.88,56.27,6706.25,16.59,79.518,0.9561,6161.27,86.99,603.68,5.163,69.33,19.887,25.578,1.566,24.6,16.831,6147.65,86.61,602.59,5.133,68.99,19.926,25.651,1.554,24.615,16.837,COOLING_DEGRADATION,1.0,0.4,1.0,1.0,1.0,0.0,0.0,0.0,0.0
133.6,CLIMB,78.87,56.26,6713.33,16.57,79.498,0.9559,6160.81,87.0,603.67,5.163,69.32,19.886,25.577,1.566,24.6,16.83,6155.47,87.44,604.1,5.173,69.76,20.106,25.535,1.526,24.591,17.066,COOLING_DEGRADATION,1.0,0.4,1.0,1.0,1.0,0.0,0.0,0.0,0.0
133.7,CLIMB,78.86,56.26,6720.42,16.56,79.478,0.9557,6160.34,87.01,603.65,5.162,69.31,19.884,25.577,1.566,24.6,16.829,6160.41,87.14,601.52,5.16,68.94,19.805,25.537,1.631,24.54,16.577,COOLING_DEGRADATION,1.0,0.4,1.0,1.0,1.0,0.0,0.0,0.0,0.0
133.8,CLIMB,78.85,56.25,6727.5,16.55,79.457,0.9555,6159.88,87.01,603.64,5.162,69.31,19.883,25.577,1.566,24.6,16.828,6160.5,86.32,603.68,5.159,69.22,19.753,25.513,1.621,24.638,16.952,COOLING_DEGRADATION,1.0,0.4,1.0,1.0,1.0,0.0,0.0,0.0,0.0
133.9,CLIMB,78.84,56.25,6734.58,16.53,79.437,0.9553,6159.42,87.02,603.62,5.162,69.3,19.882,25.577,1.566,24.6,16.826,6160.43,86.59,601.28,5.197,69.55,19.962,25.59,1.485,24.653,16.862,COOLING_DEGRADATION,1.0,0.4,1.0,1.0,1.0,0.0,0.0,0.0,0.0
134.0,CLIMB,78.83,56.24,6741.67,16.52,79.417,0.9551,6158.96,87.02,603.61,5.162,69.29,19.88,25.577,1.566,24.6,16.825,6153.56,86.91,602.23,5.153,69.15,19.725,25.583,1.48,24.591,16.784,COOLING_DEGRADATION,1.0,0.4,1.0,1.0,1.0,0.0,0.0,0.0,0.0
134.1,CLIMB,78.83,56.24,6748.75,16.5,79.396,0.9549,6158.5,87.03,603.59,5.162,69.29,19.879,25.577,1.566,24.6,16.824,6167.05,86.7,606.21,5.268,69.19,19.825,25.657,1.527,24.673,16.853,COOLING_DEGRADATION,1.0,0.4,1.0,1.0,1.0,0.0,0.0,0.0,0.0
134.2,CLIMB,78.82,56.23,6755.83,16.49,79.376,0.9547,6158.03,87.03,603.58,5.162,69.28,19.878,25.576,1.566,24.6,16.823,6160.02,87.3,604.63,5.192,69.64,19.881,25.574,1.608,24.484,16.808,COOLING_DEGRADATION,1.0,0.4,1.0,1.0,1.0,0.0,0.0,0.0,0.0
134.3,CLIMB,78.81,56.23,6762.92,16.47,79.356,0.9545,6157.57,87.04,603.56,5.161,69.27,19.876,25.576,1.566,24.6,16.821,6154.56,86.41,602.49,5.155,69.37,19.953,25.601,1.556,24.652,16.77,COOLING_DEGRADATION,1.0,0.4,1.0,1.0,1.0,0.0,0.0,0.0,0.0
134.4,CLIMB,78.8,56.22,6770.0,16.46,79.335,0.9543,6157.11,87.04,603.54,5.161,69.26,19.875,25.576,1.565,24.6,16.82,6158.44,86.4,603.6,5.157,69.69,19.798,25.666,1.459,24.576,16.799,COOLING_DEGRADATION,1.0,0.4,1.0,1.0,1.0,0.0,0.0,0.0,0.0
134.5,CLIMB,78.79,56.21,6777.08,16.45,79.315,0.9541,6156.65,87.05,603.53,5.161,69.26,19.873,25.576,1.565,24.6,16.819,6155.75,86.81,602.64,5.198,69.64,19.921,25.584,1.527,24.724,16.724,COOLING_DEGRADATION,1.0,0.4,1.0,1.0,1.0,0.0,0.0,0.0,0.0
134.6,CLIMB,78.78,56.21,6784.17,16.43,79.295,0.9539,6156.19,87.06,603.51,5.161,69.25,19.872,25.576,1.565,24.6,16.818,6156.57,86.77,603.02,5.152,69.08,19.903,25.502,1.632,24.589,16.805,COOLING_DEGRADATION,1.0,0.4,1.0,1.0,1.0,0.0,0.0,0.0,0.0
134.7,CLIMB,78.78,56.2,6791.25,16.42,79.274,0.9537,6155.72,87.06,603.5,5.161,69.24,19.871,25.576,1.565,24.6,16.816,6159.71,87.0,602.14,5.138,69.13,20.003,25.547,1.495,24.663,16.766,COOLING_DEGRADATION,1.0,0.4,1.0,1.0,1.0,0.0,0.0,0.0,0.0
134.8,CLIMB,78.77,56.2,6798.33,16.4,79.254,0.9535,6155.26,87.07,603.48,5.16,69.23,19.869,25.575,1.565,24.6,16.815,6155.2,87.37,602.2,5.124,69.77,19.8,25.573,1.569,24.591,16.637,COOLING_DEGRADATION,1.0,0.4,1.0,1.0,1.0,0.0,0.0,0.0,0.0
134.9,CLIMB,78.76,56.19,6805.42,16.39,79.234,0.9533,6154.8,87.07,603.47,5.16,69.23,19.868,25.575,1.565,24.6,16.814,6147.78,87.17,605.18,5.151,68.62,19.983,25.574,1.474,24.615,16.736,COOLING_DEGRADATION,1.0,0.4,1.0,1.0,1.0,0.0,0.0,0.0,0.0
135.0,CLIMB,78.75,56.19,6812.5,16.38,79.214,0.9531,6154.34,87.08,603.45,5.16,69.22,19.866,25.575,1.565,24.6,16.813,6158.38,87.22,601.85,5.173,68.82,19.708,25.571,1.501,24.523,16.813,COOLING_DEGRADATION,1.0,0.4,1.0,1.0,1.0,0.0,0.0,0.0,0.0
135.1,CLIMB,78.74,56.18,6819.58,16.36,79.193,0.9529,6153.88,87.08,603.44,5.16,69.21,19.865,25.575,1.565,24.6,16.811,6153.59,86.66,604.77,5.187,69.56,19.871,25.606,1.57,24.579,16.643,COOLING_DEGRADATION,1.0,0.4,1.0,1.0,1.0,0.0,0.0,0.0,0.0
135.2,CLIMB,78.73,56.18,6826.67,16.35,79.173,0.9527,6153.41,87.09,603.42,5.16,69.2,19.864,25.575,1.565,24.6,16.81,6150.74,86.63,604.03,5.205,69.18,20.064,25.518,1.642,24.554,16.855,COOLING_DEGRADATION,1.0,0.4,1.0,1.0,1.0,0.0,0.0,0.0,0.0
135.3,CLIMB,78.73,56.17,6833.75,16.33,79.153,0.9525,6152.95,87.09,603.41,5.16,69.2,19.862,25.575,1.565,24.6,16.809,6151.82,87.64,603.35,5.186,68.82,19.789,25.504,1.51,24.723,16.687,COOLING_DEGRADATION,1.0,0.4,1.0,1.0,1.0,0.0,0.0,0.0,0.0
135.4,CLIMB,78.72,56.17,6840.83,16.32,79.133,0.9523,6152.49,87.1,603.39,5.159,69.19,19.861,25.574,1.565,24.6,16.808,6157.71,87.66,604.79,5.1,69.52,19.794,25.568,1.595,24.555,16.866,COOLING_DEGRADATION,1.0,0.4,1.0,1.0,1.0,0.0,0.0,0.0,0.0
135.5,CLIMB,78.71,56.16,6847.92,16.3,79.112,0.9522,6152.03,87.11,603.38,5.159,69.18,19.859,25.574,1.564,24.6,16.806,6149.68,87.42,601.82,5.185,69.06,19.886,25.586,1.603,24.597,16.901,COOLING_DEGRADATION,1.0,0.4,1.0,1.0,1.0,0.0,0.0,0.0,0.0
135.6,CLIMB,78.7,56.16,6855.0,16.29,79.092,0.952,6151.57,87.11,603.36,5.159,69.17,19.858,25.574,1.564,24.6,16.805,6150.08,87.61,601.59,5.173,69.15,20.1,25.567,1.501,24.615,16.967,COOLING_DEGRADATION,1.0,0.4,1.0,1.0,1.0,0.0,0.0,0.0,0.0
135.7,CLIMB,78.69,56.15,6862.08,16.28,79.072,0.9518,6151.11,87.12,603.35,5.159,69.17,19.857,25.574,1.564,24.6,16.804,6146.82,87.38,602.23,5.157,68.84,19.857,25.571,1.531,24.519,16.826,COOLING_DEGRADATION,1.0,0.4,1.0,1.0,1.0,0.0,0.0,0.0,0.0
135.8,CLIMB,78.68,56.14,6869.17,16.26,79.052,0.9516,6150.65,87.12,603.33,5.159,69.16,19.855,25.574,1.564,24.6,16.803,6145.52,86.63,604.86,5.167,69.72,19.678,25.541,1.562,24.632,16.644,COOLING_DEGRADATION,1.0,0.4,1.0,1.0,1.0,0.0,0.0,0.0,0.0
135.9,CLIMB,78.68,56.14,6876.25,16.25,79.031,0.9514,6150.18,87.13,603.32,5.158,69.15,19.854,25.574,1.564,24.6,16.801,6147.38,86.79,601.75,5.158,68.79,19.924,25.53,1.605,24.572,16.838,COOLING_DEGRADATION,1.0,0.4,1.0,1.0,1.0,0.0,0.0,0.0,0.0
136.0,CLIMB,78.67,56.13,6883.33,16.23,79.011,0.9512,6149.72,87.13,603.3,5.158,69.14,19.852,25.573,1.564,24.6,16.8,6142.87,86.87,604.62,5.199,68.93,20.005,25.587,1.581,24.648,16.762,COOLING_DEGRADATION,1.0,0.4,1.0,1.0,1.0,0.0,0.0,0.0,0.0
136.1,CLIMB,78.66,56.13,6890.42,16.22,78.991,0.951,6149.26,87.14,603.29,5.158,69.14,19.851,25.573,1.564,24.6,16.799,6152.9,87.09,603.84,5.147,69.01,19.75,25.553,1.535,24.656,16.813,COOLING_DEGRADATION,1.0,0.4,1.0,1.0,1.0,0.0,0.0,0.0,0.0
136.2,CLIMB,78.65,56.12,6897.5,16.21,78.971,0.9508,6148.8,87.14,603.27,5.158,69.13,19.85,25.573,1.564,24.6,16.798,6157.75,87.35,604.23,5.156,69.44,19.936,25.535,1.549,24.584,16.803,COOLING_DEGRADATION,1.0,0.4,1.0,1.0,1.0,0.0,0.0,0.0,0.0
136.3,CLIMB,78.64,56.12,6904.58,16.19,78.95,0.9506,6148.34,87.15,603.25,5.158,69.12,19.848,25.573,1.564,24.6,16.796,6145.97,86.79,602.3,5.153,68.56,19.664,25.62,1.586,24.482,17.042,COOLING_DEGRADATION,1.0,0.4,1.0,1.0,1.0,0.0,0.0,0.0,0.0
136.4,CLIMB,78.63,56.11,6911.67,16.18,78.93,0.9504,6147.88,87.15,603.24,5.158,69.11,19.847,25.573,1.564,24.6,16.795,6141.54,87.86,600.43,5.146,69.21,19.952,25.557,1.631,24.609,16.769,COOLING_DEGRADATION,1.0,0.4,1.0,1.0,1.0,0.0,0.0,0.0,0.0
136.5,CLIMB,78.63,56.11,6918.75,16.16,78.91,0.9502,6147.41,87.16,603.22,5.157,69.11,19.845,25.573,1.564,24.6,16.794,6150.13,87.38,602.24,5.141,69.01,19.861,25.592,1.568,24.622,16.75,COOLING_DEGRADATION,1.0,0.4,1.0,1.0,1.0,0.0,0.0,0.0,0.0
136.6,CLIMB,78.62,56.1,6925.83,16.15,78.89,0.95,6146.95,87.17,603.21,5.157,69.1,19.844,25.572,1.564,24.6,16.793,6140.37,87.13,604.96,5.135,70.14,19.808,25.603,1.495,24.586,16.853,COOLING_DEGRADATION,1.0,0.4,1.0,1.0,1.0,0.0,0.0,0.0,0.0
136.7,CLIMB,78.61,56.1,6932.92,16.13,78.87,0.9498,6146.49,87.17,603.19,5.157,69.09,19.843,25.572,1.563,24.6,16.791,6149.59,87.3,605.01,5.124,68.7,19.919,25.587,1.569,24.604,16.774,COOLING_DEGRADATION,1.0,0.4,1.0,1.0,1.0,0.0,0.0,0.0,0.0
136.8,CLIMB,78.6,56.09,6940.0,16.12,78.849,0.9496,6146.03,87.18,603.18,5.157,69.08,19.841,25.572,1.563,24.6,16.79,6145.57,87.89,604.22,5.154,68.71,19.845,25.612,1.558,24.708,16.804,COOLING_DEGRADATION,1.0,0.4,1.0,1.0,1.0,0.0,0.0,0.0,0.0
136.9,CLIMB,78.59,56.08,6947.08,16.11,78.829,0.9494,6145.57,87.18,603.16,5.157,69.08,19.84,25.572,1.563,24.6,16.789,6152.59,87.16,601.71,5.116,69.31,19.831,25.54,1.548,24.563,16.722,COOLING_DEGRADATION,1.0,0.4,1.0,1.0,1.0,0.0,0.0,0.0,0.0
137.0,CLIMB,78.58,56.08,6954.17,16.09,78.809,0.9492,6145.11,87.19,603.15,5.157,69.07,19.838,25.572,1.563,24.6,16.788,6142.74,87.1,602.93,5.142,68.6,19.965,25.599,1.616,24.6,16.682,COOLING_DEGRADATION,1.0,0.4,1.0,1.0,1.0,0.0,0.0,0.0,0.0
137.1,CLIMB,78.58,56.07,6961.25,16.08,78.789,0.949,6144.65,87.19,603.13,5.156,69.06,19.837,25.572,1.563,24.6,16.786,6148.36,86.68,603.51,5.156,68.98,19.86,25.526,1.574,24.643,16.705,COOLING_DEGRADATION,1.0,0.4,1.0,1.0,1.0,0.0,0.0,0.0,0.0
137.2,CLIMB,78.57,56.07,6968.33,16.06,78.769,0.9488,6144.19,87.2,603.12,5.156,69.05,19.836,25.571,1.563,24.6,16.785,6148.85,86.84,601.44,5.126,68.63,19.934,25.523,1.565,24.575,16.873,COOLING_DEGRADATION,1.0,0.4,1.0,1.0,1.0,0.0,0.0,0.0,0.0
137.3,CLIMB,78.56,56.06,6975.42,16.05,78.749,0.9486,6143.72,87.2,603.1,5.156,69.04,19.834,25.571,1.563,24.6,16.784,6134.93,87.38,602.01,5.187,69.14,19.934,25.531,1.526,24.589,16.708,COOLING_DEGRADATION,1.0,0.4,1.0,1.0,1.0,0.0,0.0,0.0,0.0
137.4,CLIMB,78.55,56.06,6982.5,16.04,78.728,0.9484,6143.26,87.21,603.09,5.156,69.04,19.833,25.571,1.563,24.6,16.783,6155.66,86.68,604.05,5.184,69.23,19.902,25.635,1.516,24.659,16.67,COOLING_DEGRADATION,1.0,0.4,1.0,1.0,1.0,0.0,0.0,0.0,0.0
137.5,CLIMB,78.54,56.05,6989.58,16.02,78.708,0.9482,6142.8,87.22,603.07,5.156,69.03,19.831,25.571,1.563,24.6,16.781,6139.84,86.83,601.39,5.147,68.65,20.01,25.611,1.532,24.6,16.765,COOLING_DEGRADATION,1.0,0.4,1.0,1.0,1.0,0.0,0.0,0.0,0.0
137.6,CLIMB,78.53,56.05,6996.67,16.01,78.688,0.948,6142.34,87.22,603.06,5.155,69.02,19.83,25.571,1.563,24.6,16.78,6142.02,87.2,602.49,5.132,69.16,19.912,25.556,1.528,24.67,16.788,COOLING_DEGRADATION,1.0,0.4,1.0,1.0,1.0,0.0,0.0,0.0,0.0
137.7,CLIMB,78.53,56.04,7003.75,15.99,78.668,0.9478,6141.88,87.23,603.04,5.155,69.01,19.829,25.571,1.563,24.6,16.779,6146.56,86.99,603.77,5.165,69.38,19.772,25.542,1.558,24.582,16.772,COOLING_DEGRADATION,1.0,0.4,1.0,1.0,1.0,0.0,0.0,0.0,0.0
137.8,CLIMB,78.52,56.04,7010.83,15.98,78.648,0.9476,6141.42,87.23,603.03,5.155,69.01,19.827,25.57,1.562,24.6,16.778,6136.64,87.64,604.54,5.137,68.86,19.769,25.63,1.589,24.544,16.609,COOLING_DEGRADATION,1.0,0.4,1.0,1.0,1.0,0.0,0.0,0.0,0.0
137.9,CLIMB,78.51,56.03,7017.92,15.96,78.628,0.9474,6140.96,87.24,603.01,5.155,69.0,19.826,25.57,1.562,24.6,16.776,6134.37,87.69,602.08,5.167,69.4,19.77,25.546,1.543,24.577,16.946,COOLING_DEGRADATION,1.0,0.4,1.0,1.0,1.0,0.0,0.0,0.0,0.0
138.0,CLIMB,78.5,56.03,7025.0,15.95,78.608,0.9472,6140.5,87.24,603.0,5.155,68.99,19.824,25.57,1.562,24.6,16.775,6141.49,88.41,603.54,5.147,68.72,19.762,25.567,1.522,24.515,16.756,COOLING_DEGRADATION,1.0,0.4,1.0,1.0,1.0,0.0,0.0,0.0,0.0
138.1,CLIMB,78.49,56.02,7032.08,15.94,78.588,0.947,6140.04,87.25,602.98,5.155,68.98,19.823,25.57,1.562,24.6,16.774,6139.62,87.96,605.02,5.163,69.19,20.012,25.642,1.561,24.628,16.843,COOLING_DEGRADATION,1.0,0.4,1.0,1.0,1.0,0.0,0.0,0.0,0.0
138.2,CLIMB,78.48,56.01,7039.17,15.92,78.567,0.9468,6139.58,87.25,602.96,5.154,68.98,19.822,25.57,1.562,24.6,16.773,6141.8,88.28,605.07,5.172,69.55,19.783,25.543,1.695,24.658,16.637,COOLING_DEGRADATION,1.0,0.4,1.0,1.0,1.0,0.0,0.0,0.0,0.0
138.3,CLIMB,78.48,56.01,7046.25,15.91,78.547,0.9466,6139.11,87.26,602.95,5.154,68.97,19.82,25.57,1.562,24.6,16.771,6141.93,87.41,603.92,5.1,68.89,19.889,25.635,1.555,24.631,16.778,COOLING_DEGRADATION,1.0,0.4,1.0,1.0,1.0,0.0,0.0,0.0,0.0
138.4,CLIMB,78.47,56.0,7053.33,15.89,78.527,0.9465,6138.65,87.27,602.93,5.154,68.96,19.819,25.569,1.562,24.6,16.77,6130.35,87.47,601.06,5.15,68.74,19.785,25.584,1.648,24.727,16.819,COOLING_DEGRADATION,1.0,0.4,1.0,1.0,1.0,0.0,0.0,0.0,0.0
138.5,CLIMB,78.46,56.0,7060.42,15.88,78.507,0.9463,6138.19,87.27,602.92,5.154,68.95,19.818,25.569,1.562,24.6,16.769,6137.75,87.84,602.0,5.106,69.53,19.835,25.573,1.64,24.53,16.731,COOLING_DEGRADATION,1.0,0.4,1.0,1.0,1.0,0.0,0.0,0.0,0.0
138.6,CLIMB,78.45,55.99,7067.5,15.87,78.487,0.9461,6137.73,87.28,602.9,5.154,68.94,19.816,25.569,1.562,24.6,16.768,6133.59,87.14,603.56,5.137,68.83,19.927,25.565,1.535,24.633,16.763,COOLING_DEGRADATION,1.0,0.4,1.0,1.0,1.0,0.0,0.0,0.0,0.0
138.7,CLIMB,78.44,55.99,7074.58,15.85,78.467,0.9459,6137.27,87.28,602.89,5.154,68.94,19.815,25.569,1.562,24.6,16.766,6146.09,87.01,603.52,5.199,69.16,19.916,25.507,1.505,24.616,16.791,COOLING_DEGRADATION,1.0,0.4,1.0,1.0,1.0,0.0,0.0,0.0,0.0
138.8,CLIMB,78.43,55.98,7081.67,15.84,78.447,0.9457,6136.81,87.29,602.87,5.153,68.93,19.813,25.569,1.562,24.6,16.765,6141.81,87.39,602.94,5.161,69.48,19.795,25.52,1.53,24.609,16.787,COOLING_DEGRADATION,1.0,0.4,1.0,1.0,1.0,0.0,0.0,0.0,0.0
138.9,CLIMB,78.43,55.98,7088.75,15.82,78.427,0.9455,6136.35,87.29,602.86,5.153,68.92,19.812,25.569,1.561,24.6,16.764,6137.9,87.13,602.01,5.116,68.98,19.83,25.505,1.599,24.523,16.775,COOLING_DEGRADATION,1.0,0.4,1.0,1.0,1.0,0.0,0.0,0.0,0.0
139.0,CLIMB,78.42,55.97,7095.83,15.81,78.407,0.9453,6135.89,87.3,602.84,5.153,68.91,19.811,25.568,1.561,24.6,16.763,6126.22,86.6,604.05,5.141,68.52,19.919,25.577,1.661,24.637,16.721,COOLING_DEGRADATION,1.0,0.4,1.0,1.0,1.0,0.0,0.0,0.0,0.0
139.1,CLIMB,78.41,55.97,7102.92,15.79,78.387,0.9451,6135.43,87.3,602.83,5.153,68.91,19.809,25.568,1.561,24.6,16.761,6136.13,86.81,606.55,5.165,69.17,19.745,25.596,1.578,24.66,16.821,COOLING_DEGRADATION,1.0,0.4,1.0,1.0,1.0,0.0,0.0,0.0,0.0
139.2,CLIMB,78.4,55.96,7110.0,15.78,78.367,0.9449,6134.97,87.31,602.81,5.153,68.9,19.808,25.568,1.561,24.6,16.76,6136.43,87.57,602.54,5.164,69.3,19.894,25.616,1.618,24.626,16.751,COOLING_DEGRADATION,1.0,0.4,1.0,1.0,1.0,0.0,0.0,0.0,0.0
139.3,CLIMB,78.39,55.95,7117.08,15.77,78.346,0.9447,6134.51,87.31,602.8,5.152,68.89,19.806,25.568,1.561,24.6,16.759,6137.15,86.93,600.32,5.162,68.61,19.721,25.634,1.592,24.6,16.725,COOLING_DEGRADATION,1.0,0.4,1.0,1.0,1.0,0.0,0.0,0.0,0.0
139.4,CLIMB,78.38,55.95,7124.17,15.75,78.326,0.9445,6134.05,87.32,602.78,5.152,68.88,19.805,25.568,1.561,24.6,16.758,6135.75,87.24,603.03,5.215,68.63,19.831,25.527,1.588,24.59,16.757,COOLING_DEGRADATION,1.0,0.4,1.0,1.0,1.0,0.0,0.0,0.0,0.0
139.5,CLIMB,78.38,55.94,7131.25,15.74,78.306,0.9443,6133.58,87.33,602.77,5.152,68.87,19.804,25.568,1.561,24.6,16.756,6135.85,87.83,602.04,5.113,69.3,19.801,25.529,1.56,24.599,16.763,COOLING_DEGRADATION,1.0,0.4,1.0,1.0,1.0,0.0,0.0,0.0,0.0
139.6,CLIMB,78.37,55.94,7138.33,15.72,78.286,0.9441,6133.12,87.33,602.75,5.152,68.87,19.802,25.567,1.561,24.6,16.755,6141.4,87.54,603.72,5.126,68.66,19.672,25.657,1.579,24.651,16.791,COOLING_DEGRADATION,1.0,0.4,1.0,1.0,1.0,0.0,0.0,0.0,0.0
139.7,CLIMB,78.36,55.93,7145.42,15.71,78.266,0.9439,6132.66,87.34,602.74,5.152,68.86,19.801,25.567,1.561,24.6,16.754,6128.02,88.1,604.85,5.143,68.37,19.707,25.529,1.59,24.596,16.774,COOLING_DEGRADATION,1.0,0.4,1.0,1.0,1.0,0.0,0.0,0.0,0.0
139.8,CLIMB,78.35,55.93,7152.5,15.7,78.246,0.9437,6132.2,87.34,602.72,5.152,68.85,19.799,25.567,1.561,24.6,16.753,6125.8,87.66,605.11,5.191,68.34,19.707,25.56,1.513,24.602,16.71,COOLING_DEGRADATION,1.0,0.4,1.0,1.0,1.0,0.0,0.0,0.0,0.0
139.9,CLIMB,78.34,55.92,7159.58,15.68,78.226,0.9435,6131.74,87.35,602.7,5.151,68.84,19.798,25.567,1.561,24.6,16.751,6124.02,87.24,600.38,5.122,68.62,19.862,25.604,1.597,24.594,16.6,COOLING_DEGRADATION,1.0,0.4,1.0,1.0,1.0,0.0,0.0,0.0,0.0
140.0,CLIMB,78.33,55.92,7166.67,15.67,78.206,0.9433,6131.28,87.35,602.69,5.151,68.84,19.797,25.567,1.56,24.6,16.75,6134.32,87.6,602.83,5.116,68.71,20.012,25.599,1.591,24.599,16.605,COOLING_DEGRADATION,1.0,0.4,1.0,1.0,1.0,0.0,0.0,0.0,0.0
140.1,CLIMB,78.33,55.91,7173.75,15.65,78.186,0.9431,6130.82,87.36,602.67,5.151,68.83,19.795,25.567,1.56,24.6,16.749,6136.22,86.8,600.8,5.213,69.26,19.882,25.633,1.606,24.6,16.751,COOLING_DEGRADATION,1.0,0.4,1.0,1.0,1.0,0.0,0.0,0.0,0.0
140.2,CLIMB,78.32,55.91,7180.83,15.64,78.166,0.9429,6130.36,87.36,602.66,5.151,68.82,19.794,25.566,1.56,24.6,16.748,6122.38,86.74,600.6,5.148,69.28,19.784,25.59,1.555,24.566,16.53,COOLING_DEGRADATION,1.0,0.4,1.0,1.0,1.0,0.0,0.0,0.0,0.0
140.3,CLIMB,78.31,55.9,7187.92,15.62,78.146,0.9427,6129.9,87.37,602.64,5.151,68.81,19.792,25.566,1.56,24.6,16.746,6136.4,87.47,602.77,5.134,68.82,19.791,25.517,1.548,24.59,16.932,COOLING_DEGRADATION,1.0,0.4,1.0,1.0,1.0,0.0,0.0,0.0,0.0
140.4,CLIMB,78.3,55.9,7195.0,15.61,78.126,0.9425,6129.44,87.38,602.63,5.151,68.8,19.791,25.566,1.56,24.6,16.745,6133.05,88.36,602.93,5.197,68.96,19.831,25.556,1.559,24.627,16.886,COOLING_DEGRADATION,1.0,0.4,1.0,1.0,1.0,0.0,0.0,0.0,0.0
140.5,CLIMB,78.29,55.89,7202.08,15.6,78.106,0.9423,6128.98,87.38,602.61,5.15,68.8,19.79,25.566,1.56,24.6,16.744,6115.95,87.17,604.39,5.096,68.55,19.845,25.529,1.591,24.697,16.715,COOLING_DEGRADATION,1.0,0.4,1.0,1.0,1.0,0.0,0.0,0.0,0.0
140.6,CLIMB,78.28,55.88,7209.17,15.58,78.086,0.9422,6128.52,87.39,602.6,5.15,68.79,19.788,25.566,1.56,24.6,16.743,6128.9,87.98,604.15,5.162,69.19,19.865,25.542,1.588,24.61,16.679,COOLING_DEGRADATION,1.0,0.4,1.0,1.0,1.0,0.0,0.0,0.0,0.0
140.7,CLIMB,78.28,55.88,7216.25,15.57,78.066,0.942,6128.06,87.39,602.58,5.15,68.78,19.787,25.566,1.56,24.6,16.741,6130.71,87.62,602.84,5.205,68.97,19.748,25.654,1.558,24.542,16.67,COOLING_DEGRADATION,1.0,0.4,1.0,1.0,1.0,0.0,0.0,0.0,0.0
140.8,CLIMB,78.27,55.87,7223.33,15.55,78.046,0.9418,6127.6,87.4,602.57,5.15,68.77,19.785,25.565,1.56,24.6,16.74,6124.98,86.89,602.01,5.127,68.99,19.654,25.528,1.556,24.627,16.867,COOLING_DEGRADATION,1.0,0.4,1.0,1.0,1.0,0.0,0.0,0.0,0.0
140.9,CLIMB,78.26,55.87,7230.42,15.54,78.026,0.9416,6127.14,87.4,602.55,5.15,68.76,19.784,25.565,1.56,24.6,16.739,6129.58,87.38,602.55,5.125,69.04,19.872,25.533,1.526,24.62,16.718,COOLING_DEGRADATION,1.0,0.4,1.0,1.0,1.0,0.0,0.0,0.0,0.0
141.0,CLIMB,78.25,55.86,7237.5,15.53,78.006,0.9414,6126.68,87.41,602.54,5.149,68.76,19.783,25.565,1.56,24.6,16.738,6118.9,87.28,600.65,5.119,68.99,19.566,25.484,1.567,24.475,16.663,COOLING_DEGRADATION,1.0,0.4,1.0,1.0,1.0,0.0,0.0,0.0,0.0
141.1,CLIMB,78.24,55.86,7244.58,15.51,77.986,0.9412,6126.22,87.41,602.52,5.149,68.75,19.781,25.565,1.559,24.6,16.736,6131.47,88.32,604.62,5.158,69.1,19.646,25.579,1.512,24.606,16.818,COOLING_DEGRADATION,1.0,0.4,1.0,1.0,1.0,0.0,0.0,0.0,0.0
141.2,CLIMB,78.23,55.85,7251.67,15.5,77.966,0.941,6125.76,87.42,602.51,5.149,68.74,19.78,25.565,1.559,24.6,16.735,6128.79,87.65,602.6,5.074,68.89,19.939,25.613,1.455,24.543,16.689,COOLING_DEGRADATION,1.0,0.4,1.0,1.0,1.0,0.0,0.0,0.0,0.0
141.3,CLIMB,78.23,55.85,7258.75,15.48,77.946,0.9408,6125.3,87.42,602.49,5.149,68.73,19.778,25.565,1.559,24.6,16.734,6132.12,87.09,599.73,5.107,69.61,19.847,25.644,1.595,24.617,16.672,COOLING_DEGRADATION,1.0,0.4,1.0,1.0,1.0,0.0,0.0,0.0,0.0
141.4,CLIMB,78.22,55.84,7265.83,15.47,77.926,0.9406,6124.84,87.43,602.48,5.149,68.72,19.777,25.564,1.559,24.6,16.733,6123.67,88.51,602.34,5.099,68.47,19.834,25.663,1.459,24.594,16.92,COOLING_DEGRADATION,1.0,0.4,1.0,1.0,1.0,0.0,0.0,0.0,0.0
141.5,CLIMB,78.21,55.84,7272.92,15.45,77.907,0.9404,6124.38,87.44,602.46,5.149,68.72,19.776,25.564,1.559,24.6,16.731,6133.92,87.2,602.84,5.082,68.94,19.712,25.53,1.593,24.63,16.737,COOLING_DEGRADATION,1.0,0.4,1.0,1.0,1.0,0.0,0.0,0.0,0.0
141.6,CLIMB,78.2,55.83,7280.0,15.44,77.887,0.9402,6123.92,87.44,602.44,5.148,68.71,19.774,25.564,1.559,24.6,16.73,6122.0,87.72,600.94,5.15,68.81,19.637,25.567,1.505,24.589,16.799,COOLING_DEGRADATION,1.0,0.4,1.0,1.0,1.0,0.0,0.0,0.0,0.0
141.7,CLIMB,78.19,55.82,7287.08,15.43,77.867,0.94,6123.46,87.45,602.43,5.148,68.7,19.773,25.564,1.559,24.6,16.729,6129.47,87.3,601.66,5.136,69.02,19.852,25.48,1.451,24.713,16.847,COOLING_DEGRADATION,1.0,0.4,1.0,1.0,1.0,0.0,0.0,0.0,0.0
141.8,CLIMB,78.18,55.82,7294.17,15.41,77.847,0.9398,6123.0,87.45,602.41,5.148,68.69,19.771,25.564,1.559,24.6,16.728,6118.34,87.94,601.23,5.163,68.8,19.971,25.628,1.546,24.581,16.777,COOLING_DEGRADATION,1.0,0.4,1.0,1.0,1.0,0.0,0.0,0.0,0.0
141.9,CLIMB,78.18,55.81,7301.25,15.4,77.827,0.9396,6122.54,87.46,602.4,5.148,68.68,19.77,25.564,1.559,24.6,16.726,6119.2,88.14,602.76,5.08,68.62,19.799,25.541,1.637,24.641,16.562,COOLING_DEGRADATION,1.0,0.4,1.0,1.0,1.0,0.0,0.0,0.0,0.0
142.0,CLIMB,78.17,55.81,7308.33,15.38,77.807,0.9394,6122.08,87.46,602.38,5.148,68.68,19.769,25.563,1.559,24.6,16.725,6122.03,88.31,600.12,5.116,68.7,19.863,25.534,1.632,24.68,16.557,COOLING_DEGRADATION,1.0,0.4,1.0,1.0,1.0,0.0,0.0,0.0,0.0
142.1,CLIMB,78.16,55.8,7315.42,15.37,77.787,0.9392,6121.62,87.47,602.37,5.148,68.67,19.767,25.563,1.559,24.6,16.724,6113.25,87.76,603.76,5.154,68.06,19.794,25.554,1.477,24.612,16.58,COOLING_DEGRADATION,1.0,0.4,1.0,1.0,1.0,0.0,0.0,0.0,0.0
142.2,CLIMB,78.15,55.8,7322.5,15.36,77.767,0.939,6121.16,87.47,602.35,5.147,68.66,19.766,25.563,1.558,24.6,16.723,6121.27,87.08,601.53,5.127,69.41,19.82,25.568,1.513,24.674,16.674,COOLING_DEGRADATION,1.0,0.4,1.0,1.0,1.0,0.0,0.0,0.0,0.0
142.3,CLIMB,78.14,55.79,7329.58,15.34,77.747,0.9388,6120.7,87.48,602.34,5.147,68.65,19.764,25.563,1.558,24.6,16.721,6123.74,88.02,604.9,5.129,68.6,19.693,25.658,1.547,24.567,16.734,COOLING_DEGRADATION,1.0,0.4,1.0,1.0,1.0,0.0,0.0,0.0,0.0
142.4,CLIMB,78.13,55.79,7336.67,15.33,77.727,0.9387,6120.24,87.49,602.32,5.147,68.64,19.763,25.563,1.558,24.6,16.72,6124.43,87.22,602.42,5.126,68.48,19.681,25.642,1.622,24.618,16.517,COOLING_DEGRADATION,1.0,0.4,1.0,1.0,1.0,0.0,0.0,0.0,0.0
142.5,CLIMB,78.13,55.78,7343.75,15.31,77.707,0.9385,6119.78,87.49,602.31,5.147,68.64,19.762,25.563,1.558,24.6,16.719,6117.62,86.85,601.76,5.113,68.24,19.87,25.488,1.622,24.605,16.721,COOLING_DEGRADATION,1.0,0.4,1.0,1.0,1.0,0.0,0.0,0.0,0.0
142.6,CLIMB,78.12,55.78,7350.83,15.3,77.687,0.9383,6119.32,87.5,602.29,5.147,68.63,19.76,25.562,1.558,24.6,16.718,6117.2,86.46,601.39,5.223,68.83,19.589,25.55,1.573,24.592,16.684,COOLING_DEGRADATION,1.0,0.4,1.0,1.0,1.0,0.0,0.0,0.0,0.0
142.7,CLIMB,78.11,55.77,7357.92,15.28,77.668,0.9381,6118.86,87.5,602.28,5.146,68.62,19.759,25.562,1.558,24.6,16.716,6126.66,87.06,603.3,5.164,69.32,19.756,25.677,1.513,24.637,16.773,COOLING_DEGRADATION,1.0,0.4,1.0,1.0,1.0,0.0,0.0,0.0,0.0
142.8,CLIMB,78.1,55.77,7365.0,15.27,77.648,0.9379,6118.4,87.51,602.26,5.146,68.61,19.757,25.562,1.558,24.6,16.715,6125.56,86.81,599.81,5.132,68.29,19.712,25.505,1.466,24.595,16.667,COOLING_DEGRADATION,1.0,0.4,1.0,1.0,1.0,0.0,0.0,0.0,0.0
142.9,CLIMB,78.09,55.76,7372.08,15.26,77.628,0.9377,6117.94,87.51,602.25,5.146,68.6,19.756,25.562,1.558,24.6,16.714,6120.53,88.08,601.84,5.12,69.16,19.752,25.505,1.538,24.529,16.845,COOLING_DEGRADATION,1.0,0.4,1.0,1.0,1.0,0.0,0.0,0.0,0.0
143.0,CLIMB,78.08,55.75,7379.17,15.24,77.608,0.9375,6117.48,87.52,602.23,5.146,68.6,19.755,25.562,1.558,24.6,16.713,6118.68,87.92,601.75,5.178,68.14,19.681,25.581,1.582,24.596,16.721,COOLING_DEGRADATION,1.0,0.4,1.0,1.0,1.0,0.0,0.0,0.0,0.0
143.1,CLIMB,78.08,55.75,7386.25,15.23,77.588,0.9373,6117.02,87.52,602.22,5.146,68.59,19.753,25.562,1.558,24.6,16.711,6116.44,86.8,601.42,5.137,68.47,19.553,25.616,1.588,24.559,16.641,COOLING_DEGRADATION,1.0,0.4,1.0,1.0,1.0,0.0,0.0,0.0,0.0
143.2,CLIMB,78.07,55.74,7393.33,15.21,77.568,0.9371,6116.56,87.53,602.2,5.146,68.58,19.752,25.561,1.558,24.6,16.71,6107.48,87.68,600.07,5.151,68.56,19.683,25.571,1.565,24.519,16.662,COOLING_DEGRADATION,1.0,0.4,1.0,1.0,1.0,0.0,0.0,0.0,0.0
143.3,CLIMB,78.06,55.74,7400.42,15.2,77.548,0.9369,6116.1,87.53,602.18,5.145,68.57,19.75,25.561,1.558,24.6,16.709,6115.56,87.24,601.73,5.176,68.69,19.908,25.578,1.531,24.605,16.635,COOLING_DEGRADATION,1.0,0.4,1.0,1.0,1.0,0.0,0.0,0.0,0.0
143.4,CLIMB,78.05,55.73,7407.5,15.19,77.529,0.9367,6115.64,87.54,602.17,5.145,68.56,19.749,25.561,1.557,24.6,16.708,6116.38,87.87,602.54,5.158,68.87,19.815,25.534,1.601,24.649,16.668,COOLING_DEGRADATION,1.0,0.4,1.0,1.0,1.0,0.0,0.0,0.0,0.0
143.5,CLIMB,78.04,55.73,7414.58,15.17,77.509,0.9365,6115.18,87.55,602.15,5.145,68.56,19.748,25.561,1.557,24.6,16.706,6119.52,87.52,603.42,5.166,69.1,19.764,25.54,1.625,24.651,16.575,COOLING_DEGRADATION,1.0,0.4,1.0,1.0,1.0,0.0,0.0,0.0,0.0
143.6,CLIMB,78.03,55.72,7421.67,15.16,77.489,0.9363,6114.72,87.55,602.14,5.145,68.55,19.746,25.561,1.557,24.6,16.705,6114.5,87.32,598.9,5.158,68.56,19.845,25.526,1.655,24.629,16.801,COOLING_DEGRADATION,1.0,0.4,1.0,1.0,1.0,0.0,0.0,0.0,0.0
143.7,CLIMB,78.03,55.72,7428.75,15.14,77.469,0.9361,6114.26,87.56,602.12,5.145,68.54,19.745,25.561,1.557,24.6,16.704,6104.44,88.23,601.01,5.145,68.6,19.848,25.625,1.527,24.603,16.766,COOLING_DEGRADATION,1.0,0.4,1.0,1.0,1.0,0.0,0.0,0.0,0.0
143.8,CLIMB,78.02,55.71,7435.83,15.13,77.449,0.9359,6113.8,87.56,602.11,5.145,68.53,19.743,25.56,1.557,24.6,16.703,6110.62,87.78,601.5,5.107,68.2,19.612,25.523,1.558,24.66,16.671,COOLING_DEGRADATION,1.0,0.4,1.0,1.0,1.0,0.0,0.0,0.0,0.0
143.9,CLIMB,78.01,55.71,7442.92,15.11,77.429,0.9357,6113.34,87.57,602.09,5.144,68.52,19.742,25.56,1.557,24.6,16.701,6110.96,86.99,601.29,5.154,68.75,19.841,25.572,1.509,24.519,16.745,COOLING_DEGRADATION,1.0,0.4,1.0,1.0,1.0,0.0,0.0,0.0,0.0
144.0,CLIMB,78.0,55.7,7450.0,15.1,77.41,0.9356,6112.88,87.57,602.08,5.144,68.51,19.741,25.56,1.557,24.6,16.7,6115.66,86.85,605.09,5.148,68.85,19.813,25.554,1.474,24.58,16.847,COOLING_DEGRADATION,1.0,0.4,1.0,1.0,1.0,0.0,0.0,0.0,0.0
144.1,CLIMB,77.99,55.69,7457.08,15.09,77.39,0.9354,6112.42,87.58,602.06,5.144,68.51,19.739,25.56,1.557,24.6,16.699,6111.46,87.3,600.76,5.172,68.39,19.988,25.5,1.495,24.539,16.745,COOLING_DEGRADATION,1.0,0.4,1.0,1.0,1.0,0.0,0.0,0.0,0.0
144.2,CLIMB,77.98,55.69,7464.17,15.07,77.37,0.9352,6111.96,87.58,602.05,5.144,68.5,19.738,25.56,1.557,24.6,16.698,6115.29,86.72,602.8,5.156,67.86,19.742,25.535,1.488,24.634,16.681,COOLING_DEGRADATION,1.0,0.4,1.0,1.0,1.0,0.0,0.0,0.0,0.0
144.3,CLIMB,77.98,55.68,7471.25,15.06,77.35,0.935,6111.5,87.59,602.03,5.144,68.49,19.736,25.56,1.557,24.6,16.696,6112.11,87.43,602.97,5.15,68.32,19.672,25.547,1.588,24.592,16.667,COOLING_DEGRADATION,1.0,0.4,1.0,1.0,1.0,0.0,0.0,0.0,0.0
144.4,CLIMB,77.97,55.68,7478.33,15.04,77.33,0.9348,6111.04,87.59,602.02,5.144,68.48,19.735,25.559,1.557,24.6,16.695,6116.47,87.65,601.72,5.157,68.27,19.749,25.604,1.564,24.641,16.579,COOLING_DEGRADATION,1.0,0.4,1.0,1.0,1.0,0.0,0.0,0.0,0.0
144.5,CLIMB,77.96,55.67,7485.42,15.03,77.311,0.9346,6110.59,87.6,602.0,5.143,68.47,19.734,25.559,1.556,24.6,16.694,6110.42,87.59,603.32,5.147,68.68,19.791,25.553,1.592,24.597,16.591,COOLING_DEGRADATION,1.0,0.4,1.0,1.0,1.0,0.0,0.0,0.0,0.0
144.6,CLIMB,77.95,55.67,7492.5,15.02,77.291,0.9344,6110.13,87.61,601.99,5.143,68.47,19.732,25.559,1.556,24.6,16.693,6108.43,87.39,601.94,5.088,68.58,19.772,25.537,1.583,24.599,16.795,COOLING_DEGRADATION,1.0,0.4,1.0,1.0,1.0,0.0,0.0,0.0,0.0
144.7,CLIMB,77.94,55.66,7499.58,15.0,77.271,0.9342,6109.67,87.61,601.97,5.143,68.46,19.731,25.559,1.556,24.6,16.691,6107.91,87.59,601.22,5.202,68.55,19.761,25.548,1.535,24.503,16.771,COOLING_DEGRADATION,1.0,0.4,1.0,1.0,1.0,0.0,0.0,0.0,0.0
144.8,CLIMB,77.93,55.66,7506.67,14.99,77.251,0.934,6109.21,87.62,601.95,5.143,68.45,19.729,25.559,1.556,24.6,16.69,6104.17,87.7,599.08,5.171,68.88,19.862,25.568,1.503,24.528,16.616,COOLING_DEGRADATION,1.0,0.4,1.0,1.0,1.0,0.0,0.0,0.0,0.0
144.9,CLIMB,77.93,55.65,7513.75,14.97,77.231,0.9338,6108.75,87.62,601.94,5.143,68.44,19.728,25.559,1.556,24.6,16.689,6115.72,87.49,600.42,5.179,68.08,19.507,25.536,1.582,24.592,16.718,COOLING_DEGRADATION,1.0,0.4,1.0,1.0,1.0,0.0,0.0,0.0,0.0
145.0,CLIMB,77.92,55.65,7520.83,14.96,77.212,0.9336,6108.29,87.63,601.92,5.142,68.43,19.727,25.558,1.556,24.6,16.688,6108.5,87.05,602.11,5.172,68.36,19.509,25.565,1.499,24.664,16.607,COOLING_DEGRADATION,1.0,0.4,1.0,1.0,1.0,0.0,0.0,0.0,0.0
145.1,CLIMB,77.91,55.64,7527.92,14.94,77.192,0.9334,6107.83,87.63,601.91,5.142,68.42,19.725,25.558,1.556,24.6,16.686,6098.84,88.25,598.19,5.158,68.83,19.736,25.596,1.527,24.491,16.784,COOLING_DEGRADATION,1.0,0.4,1.0,1.0,1.0,0.0,0.0,0.0,0.0
145.2,CLIMB,77.9,55.64,7535.0,14.93,77.172,0.9332,6107.37,87.64,601.89,5.142,68.42,19.724,25.558,1.556,24.6,16.685,6101.85,88.36,601.52,5.162,68.41,19.719,25.52,1.546,24.635,16.63,COOLING_DEGRADATION,1.0,0.4,1.0,1.0,1.0,0.0,0.0,0.0,0.0
145.3,CLIMB,77.89,55.63,7542.08,14.92,77.152,0.933,6106.91,87.64,601.88,5.142,68.41,19.722,25.558,1.556,24.6,16.684,6105.03,87.46,603.02,5.199,67.96,19.693,25.675,1.534,24.625,16.801,COOLING_DEGRADATION,1.0,0.4,1.0,1.0,1.0,0.0,0.0,0.0,0.0
145.4,CLIMB,77.88,55.62,7549.17,14.9,77.133,0.9328,6106.45,87.65,601.86,5.142,68.4,19.721,25.558,1.556,24.6,16.683,6105.66,87.59,604.34,5.113,68.25,19.834,25.605,1.512,24.691,16.844,COOLING_DEGRADATION,1.0,0.4,1.0,1.0,1.0,0.0,0.0,0.0,0.0
145.5,CLIMB,77.88,55.62,7556.25,14.89,77.113,0.9327,6105.99,87.65,601.85,5.142,68.39,19.72,25.558,1.556,24.6,16.681,6101.25,86.94,602.37,5.126,67.97,19.839,25.567,1.53,24.547,16.748,COOLING_DEGRADATION,1.0,0.4,1.0,1.0,1.0,0.0,0.0,0.0,0.0
145.6,CLIMB,77.87,55.61,7563.33,14.87,77.093,0.9325,6105.53,87.66,601.83,5.141,68.38,19.718,25.557,1.555,24.6,16.68,6105.99,88.22,599.81,5.159,68.44,19.548,25.637,1.543,24.625,16.562,COOLING_DEGRADATION,1.0,0.4,1.0,1.0,1.0,0.0,0.0,0.0,0.0
145.7,CLIMB,77.86,55.61,7570.42,14.86,77.073,0.9323,6105.07,87.67,601.82,5.141,68.37,19.717,25.557,1.555,24.6,16.679,6100.86,86.91,600.32,5.166,68.47,19.692,25.594,1.562,24.591,16.636,COOLING_DEGRADATION,1.0,0.4,1.0,1.0,1.0,0.0,0.0,0.0,0.0
145.8,CLIMB,77.85,55.6,7577.5,14.85,77.054,0.9321,6104.62,87.67,601.8,5.141,68.37,19.715,25.557,1.555,24.6,16.678,6112.2,86.92,601.9,5.21,68.48,19.806,25.593,1.642,24.613,16.578,COOLING_DEGRADATION,1.0,0.4,1.0,1.0,1.0,0.0,0.0,0.0,0.0
145.9,CLIMB,77.84,55.6,7584.58,14.83,77.034,0.9319,6104.16,87.68,601.79,5.141,68.36,19.714,25.557,1.555,24.6,16.676,6102.08,88.54,599.91,5.137,68.2,19.873,25.63,1.564,24.744,16.838,COOLING_DEGRADATION,1.0,0.4,1.0,1.0,1.0,0.0,0.0,0.0,0.0
146.0,CLIMB,77.83,55.59,7591.67,14.82,77.014,0.9317,6103.7,87.68,601.77,5.141,68.35,19.713,25.557,1.555,24.6,16.675,6101.6,87.38,602.28,5.192,68.43,19.752,25.536,1.502,24.612,16.524,COOLING_DEGRADATION,1.0,0.4,1.0,1.0,1.0,0.0,0.0,0.0,0.0
146.1,CLIMB,77.83,55.59,7598.75,14.8,76.995,0.9315,6103.24,87.69,601.76,5.141,68.34,19.711,25.557,1.555,24.6,16.674,6108.56,86.94,602.49,5.112,68.46,19.703,25.472,1.494,24.585,16.874,COOLING_DEGRADATION,1.0,0.4,1.0,1.0,1.0,0.0,0.0,0.0,0.0
146.2,CLIMB,77.82,55.58,7605.83,14.79,76.975,0.9313,6102.78,87.69,601.74,5.14,68.33,19.71,25.556,1.555,24.6,16.673,6105.37,87.83,602.77,5.148,68.71,19.915,25.475,1.623,24.54,16.555,COOLING_DEGRADATION,1.0,0.4,1.0,1.0,1.0,0.0,0.0,0.0,0.0
146.3,CLIMB,77.81,55.58,7612.92,14.77,76.955,0.9311,6102.32,87.7,601.72,5.14,68.32,19.708,25.556,1.555,24.6,16.671,6107.19,87.25,600.06,5.138,68.13,19.813,25.58,1.648,24.644,16.562,COOLING_DEGRADATION,1.0,0.4,1.0,1.0,1.0,0.0,0.0,0.0,0.0
146.4,CLIMB,77.8,55.57,7620.0,14.76,76.935,0.9309,6101.86,87.7,601.71,5.14,68.32,19.707,25.556,1.555,24.6,16.67,6101.83,87.61,605.21,5.105,68.0,19.774,25.544,1.63,24.568,16.505,COOLING_DEGRADATION,1.0,0.4,1.0,1.0,1.0,0.0,0.0,0.0,0.0
146.5,CLIMB,77.79,55.56,7627.08,14.75,76.916,0.9307,6101.4,87.71,601.69,5.14,68.31,19.706,25.556,1.555,24.6,16.669,6098.84,88.18,603.79,5.164,68.49,19.852,25.532,1.554,24.513,16.491,COOLING_DEGRADATION,1.0,0.4,1.0,1.0,1.0,0.0,0.0,0.0,0.0
146.6,CLIMB,77.78,55.56,7634.17,14.73,76.896,0.9305,6100.94,87.71,601.68,5.14,68.3,19.704,25.556,1.555,24.6,16.668,6106.07,87.81,600.34,5.181,68.29,19.795,25.685,1.462,24.617,16.644,COOLING_DEGRADATION,1.0,0.4,1.0,1.0,1.0,0.0,0.0,0.0,0.0
146.7,CLIMB,77.78,55.55,7641.25,14.72,76.876,0.9303,6100.48,87.72,601.66,5.14,68.29,19.703,25.556,1.554,24.6,16.666,6099.79,87.91,601.99,5.14,67.58,19.56,25.536,1.619,24.654,16.853,COOLING_DEGRADATION,1.0,0.4,1.0,1.0,1.0,0.0,0.0,0.0,0.0
146.8,CLIMB,77.77,55.55,7648.33,14.7,76.857,0.9302,6100.03,87.72,601.65,5.139,68.28,19.701,25.555,1.554,24.6,16.665,6105.5,87.2,599.86,5.112,67.98,19.815,25.529,1.615,24.676,16.655,COOLING_DEGRADATION,1.0,0.4,1.0,1.0,1.0,0.0,0.0,0.0,0.0
146.9,CLIMB,77.76,55.54,7655.42,14.69,76.837,0.93,6099.57,87.73,601.63,5.139,68.27,19.7,25.555,1.554,24.6,16.664,6101.62,87.92,599.62,5.154,68.61,19.582,25.537,1.559,24.541,16.696,COOLING_DEGRADATION,1.0,0.4,1.0,1.0,1.0,0.0,0.0,0.0,0.0
147.0,CLIMB,77.75,55.54,7662.5,14.68,76.817,0.9298,6099.11,87.74,601.62,5.139,68.27,19.699,25.555,1.554,24.6,16.663,6096.62,87.98,605.82,5.147,68.13,19.737,25.547,1.629,24.651,16.631,COOLING_DEGRADATION,1.0,0.4,1.0,1.0,1.0,0.0,0.0,0.0,0.0
147.1,CLIMB,77.74,55.53,7669.58,14.66,76.798,0.9296,6098.65,87.74,601.6,5.139,68.26,19.697,25.555,1.554,24.6,16.661,6084.74,87.58,602.37,5.138,68.06,19.678,25.533,1.562,24.561,16.559,COOLING_DEGRADATION,1.0,0.4,1.0,1.0,1.0,0.0,0.0,0.0,0.0
147.2,CLIMB,77.73,55.53,7676.67,14.65,76.778,0.9294,6098.19,87.75,601.59,5.139,68.25,19.696,25.555,1.554,24.6,16.66,6096.29,88.61,600.72,5.159,67.97,19.603,25.5,1.542,24.578,16.516,COOLING_DEGRADATION,1.0,0.4,1.0,1.0,1.0,0.0,0.0,0.0,0.0
147.3,CLIMB,77.73,55.52,7683.75,14.63,76.758,0.9292,6097.73,87.75,601.57,5.138,68.24,19.694,25.555,1.554,24.6,16.659,6099.91,87.88,601.79,5.063,67.96,19.678,25.553,1.591,24.533,16.675,COOLING_DEGRADATION,1.0,0.4,1.0,1.0,1.0,0.0,0.0,0.0,0.0
147.4,CLIMB,77.72,55.52,7690.83,14.62,76.739,0.929,6097.27,87.76,601.56,5.138,68.23,19.693,25.554,1.554,24.6,16.658,6098.19,88.76,601.67,5.152,68.78,19.418,25.528,1.566,24.529,16.706,COOLING_DEGRADATION,1.0,0.4,1.0,1.0,1.0,0.0,0.0,0.0,0.0
147.5,CLIMB,77.71,55.51,7697.92,14.6,76.719,0.9288,6096.82,87.76,601.54,5.138,68.22,19.692,25.554,1.554,24.6,16.656,6100.17,88.2,600.26,5.154,68.03,19.698,25.527,1.541,24.608,16.577,COOLING_DEGRADATION,1.0,0.4,1.0,1.0,1.0,0.0,0.0,0.0,0.0
147.6,CLIMB,77.7,55.51,7705.0,14.59,76.7,0.9286,6096.36,87.77,601.53,5.138,68.22,19.69,25.554,1.554,24.6,16.655,6091.38,87.53,602.31,5.109,68.27,19.626,25.501,1.619,24.607,16.657,COOLING_DEGRADATION,1.0,0.4,1.0,1.0,1.0,0.0,0.0,0.0,0.0
147.7,CLIMB,77.69,55.5,7712.08,14.58,76.68,0.9284,6095.9,87.77,601.51,5.138,68.21,19.689,25.554,1.554,24.6,16.654,6098.02,87.15,602.05,5.121,68.33,19.646,25.606,1.584,24.576,16.763,COOLING_DEGRADATION,1.0,0.4,1.0,1.0,1.0,0.0,0.0,0.0,0.0
147.8,CLIMB,77.68,55.49,7719.17,14.56,76.66,0.9282,6095.44,87.78,601.49,5.138,68.2,19.687,25.554,1.553,24.6,16.653,6093.57,87.87,601.54,5.205,68.32,19.594,25.529,1.555,24.62,16.59,COOLING_DEGRADATION,1.0,0.4,1.0,1.0,1.0,0.0,0.0,0.0,0.0
147.9,CLIMB,77.68,55.49,7726.25,14.55,76.641,0.928,6094.98,87.78,601.48,5.137,68.19,19.686,25.554,1.553,24.6,16.651,6102.77,87.8,602.14,5.143,68.85,19.641,25.562,1.497,24.63,16.711,COOLING_DEGRADATION,1.0,0.4,1.0,1.0,1.0,0.0,0.0,0.0,0.0
148.0,CLIMB,77.67,55.48,7733.33,14.53,76.621,0.9278,6094.52,87.79,601.46,5.137,68.18,19.684,25.553,1.553,24.6,16.65,6107.82,88.17,599.74,5.133,67.85,19.725,25.517,1.563,24.602,16.813,COOLING_DEGRADATION,1.0,0.4,1.0,1.0,1.0,0.0,0.0,0.0,0.0
148.1,CLIMB,77.66,55.48,7740.42,14.52,76.601,0.9277,6094.06,87.8,601.45,5.137,68.17,19.683,25.553,1.553,24.6,16.649,6092.79,87.78,602.19,5.134,67.98,19.778,25.722,1.514,24.527,16.749,COOLING_DEGRADATION,1.0,0.4,1.0,1.0,1.0,0.0,0.0,0.0,0.0
148.2,CLIMB,77.65,55.47,7747.5,14.51,76.582,0.9275,6093.61,87.8,601.43,5.137,68.16,19.682,25.553,1.553,24.6,16.648,6094.37,88.01,602.66,5.14,68.25,19.766,25.49,1.481,24.556,16.703,COOLING_DEGRADATION,1.0,0.4,1.0,1.0,1.0,0.0,0.0,0.0,0.0
148.3,CLIMB,77.64,55.47,7754.58,14.49,76.562,0.9273,6093.15,87.81,601.42,5.137,68.16,19.68,25.553,1.553,24.6,16.646,6092.36,87.19,602.74,5.143,67.78,19.577,25.552,1.669,24.521,16.61,COOLING_DEGRADATION,1.0,0.4,1.0,1.0,1.0,0.0,0.0,0.0,0.0
148.4,CLIMB,77.63,55.46,7761.67,14.48,76.543,0.9271,6092.69,87.81,601.4,5.137,68.15,19.679,25.553,1.553,24.6,16.645,6092.32,87.97,602.03,5.174,68.42,19.708,25.584,1.503,24.578,16.656,COOLING_DEGRADATION,1.0,0.4,1.0,1.0,1.0,0.0,0.0,0.0,0.0
148.5,CLIMB,77.63,55.46,7768.75,14.46,76.523,0.9269,6092.23,87.82,601.39,5.136,68.14,19.677,25.553,1.553,24.6,16.644,6089.92,87.71,601.36,5.127,68.15,19.739,25.545,1.582,24.636,16.675,COOLING_DEGRADATION,1.0,0.4,1.0,1.0,1.0,0.0,0.0,0.0,0.0
148.6,CLIMB,77.62,55.45,7775.83,14.45,76.503,0.9267,6091.77,87.82,601.37,5.136,68.13,19.676,25.552,1.553,24.6,16.643,6085.71,88.28,600.39,5.105,68.31,19.655,25.485,1.586,24.603,16.548,COOLING_DEGRADATION,1.0,0.4,1.0,1.0,1.0,0.0,0.0,0.0,0.0
148.7,CLIMB,77.61,55.45,7782.92,14.43,76.484,0.9265,6091.31,87.83,601.36,5.136,68.12,19.675,25.552,1.553,24.6,16.641,6090.4,87.71,602.49,5.176,68.14,19.715,25.613,1.499,24.601,16.769,COOLING_DEGRADATION,1.0,0.4,1.0,1.0,1.0,0.0,0.0,0.0,0.0
148.8,CLIMB,77.6,55.44,7790.0,14.42,76.464,0.9263,6090.86,87.83,601.34,5.136,68.11,19.673,25.552,1.553,24.6,16.64,6093.73,88.67,603.96,5.082,68.14,19.895,25.54,1.474,24.548,16.652,COOLING_DEGRADATION,1.0,0.4,1.0,1.0,1.0,0.0,0.0,0.0,0.0
148.9,CLIMB,77.59,55.43,7797.08,14.41,76.445,0.9261,6090.4,87.84,601.33,5.136,68.11,19.672,25.552,1.553,24.6,16.639,6084.93,88.48,598.53,5.144,67.89,19.714,25.509,1.596,24.671,16.608,COOLING_DEGRADATION,1.0,0.4,1.0,1.0,1.0,0.0,0.0,0.0,0.0
149.0,CLIMB,77.58,55.43,7804.17,14.39,76.425,0.9259,6089.94,87.84,601.31,5.136,68.1,19.67,25.552,1.552,24.6,16.638,6091.14,88.18,597.75,5.146,67.61,19.796,25.559,1.522,24.626,16.595,COOLING_DEGRADATION,1.0,0.4,1.0,1.0,1.0,0.0,0.0,0.0,0.0
149.1,CLIMB,77.58,55.42,7811.25,14.38,76.406,0.9257,6089.48,87.85,601.3,5.135,68.09,19.669,25.552,1.552,24.6,16.636,6088.2,88.67,602.28,5.13,67.79,19.721,25.564,1.54,24.614,16.419,COOLING_DEGRADATION,1.0,0.4,1.0,1.0,1.0,0.0,0.0,0.0,0.0
149.2,CLIMB,77.57,55.42,7818.33,14.36,76.386,0.9255,6089.02,87.86,601.28,5.135,68.08,19.668,25.551,1.552,24.6,16.635,6089.25,87.86,600.61,5.152,68.25,19.605,25.554,1.58,24.657,16.648,COOLING_DEGRADATION,1.0,0.4,1.0,1.0,1.0,0.0,0.0,0.0,0.0
149.3,CLIMB,77.56,55.41,7825.42,14.35,76.366,0.9254,6088.56,87.86,601.26,5.135,68.07,19.666,25.551,1.552,24.6,16.634,6083.9,87.88,604.56,5.121,68.17,19.453,25.59,1.568,24.61,16.505,COOLING_DEGRADATION,1.0,0.4,1.0,1.0,1.0,0.0,0.0,0.0,0.0
149.4,CLIMB,77.55,55.41,7832.5,14.34,76.347,0.9252,6088.11,87.87,601.25,5.135,68.06,19.665,25.551,1.552,24.6,16.633,6082.34,87.81,601.72,5.1,68.47,19.889,25.584,1.567,24.536,16.556,COOLING_DEGRADATION,1.0,0.4,1.0,1.0,1.0,0.0,0.0,0.0,0.0
149.5,CLIMB,77.54,55.4,7839.58,14.32,76.327,0.925,6087.65,87.87,601.23,5.135,68.05,19.663,25.551,1.552,24.6,16.631,6090.96,87.47,602.37,5.132,67.81,19.698,25.576,1.612,24.565,16.846,COOLING_DEGRADATION,1.0,0.4,1.0,1.0,1.0,0.0,0.0,0.0,0.0
149.6,CLIMB,77.53,55.4,7846.67,14.31,76.308,0.9248,6087.19,87.88,601.22,5.135,68.05,19.662,25.551,1.552,24.6,16.63,6087.93,87.54,600.6,5.131,67.67,19.682,25.473,1.556,24.626,16.656,COOLING_DEGRADATION,1.0,0.4,1.0,1.0,1.0,0.0,0.0,0.0,0.0
149.7,CLIMB,77.53,55.39,7853.75,14.29,76.288,0.9246,6086.73,87.88,601.2,5.134,68.04,19.661,25.551,1.552,24.6,16.629,6091.33,87.63,600.48,5.163,68.26,19.734,25.509,1.554,24.631,16.601,COOLING_DEGRADATION,1.0,0.4,1.0,1.0,1.0,0.0,0.0,0.0,0.0
149.8,CLIMB,77.52,55.39,7860.83,14.28,76.269,0.9244,6086.27,87.89,601.19,5.134,68.03,19.659,25.55,1.552,24.6,16.628,6086.73,87.43,601.52,5.139,67.55,19.75,25.499,1.59,24.566,16.679,COOLING_DEGRADATION,1.0,0.4,1.0,1.0,1.0,0.0,0.0,0.0,0.0
149.9,CLIMB,77.51,55.38,7867.92,14.26,76.249,0.9242,6085.82,87.89,601.17,5.134,68.02,19.658,25.55,1.552,24.6,16.626,6079.34,88.96,599.2,5.142,67.67,19.369,25.595,1.567,24.549,16.503,COOLING_DEGRADATION,1.0,0.4,1.0,1.0,1.0,0.0,0.0,0.0,0.0
150.0,CLIMB,77.5,55.38,7875.0,14.25,76.23,0.924,6085.36,87.9,601.16,5.134,68.01,19.656,25.55,1.552,24.6,16.625,6088.41,87.65,602.99,5.088,68.03,19.718,25.561,1.533,24.685,16.381,COOLING_DEGRADATION,1.0,0.4,1.0,1.0,1.0,0.0,0.0,0.0,0.0
150.1,CLIMB,77.49,55.37,7882.08,14.24,76.21,0.9238,6084.9,87.9,601.14,5.134,68.0,19.655,25.55,1.551,24.6,16.624,6081.6,87.5,602.06,5.151,67.77,19.671,25.607,1.524,24.556,16.651,COOLING_DEGRADATION,1.0,0.4,1.0,1.0,1.0,0.0,0.0,0.0,0.0
150.2,CLIMB,77.48,55.36,7889.17,14.22,76.191,0.9236,6084.44,87.91,601.13,5.134,67.99,19.654,25.55,1.551,24.6,16.623,6077.62,87.7,602.35,5.135,67.63,19.754,25.563,1.606,24.659,16.771,COOLING_DEGRADATION,1.0,0.4,1.0,1.0,1.0,0.0,0.0,0.0,0.0
150.3,CLIMB,77.48,55.36,7896.25,14.21,76.171,0.9234,6083.98,87.91,601.11,5.133,67.99,19.652,25.55,1.551,24.6,16.621,6074.0,87.68,603.81,5.155,68.44,19.4,25.556,1.48,24.657,16.621,COOLING_DEGRADATION,1.0,0.4,1.0,1.0,1.0,0.0,0.0,0.0,0.0
150.4,CLIMB,77.47,55.35,7903.33,14.19,76.152,0.9233,6083.53,87.92,601.1,5.133,67.98,19.651,25.549,1.551,24.6,16.62,6081.11,88.02,598.92,5.116,67.66,19.532,25.619,1.61,24.599,16.641,COOLING_DEGRADATION,1.0,0.4,1.0,1.0,1.0,0.0,0.0,0.0,0.0
150.5,CLIMB,77.46,55.35,7910.42,14.18,76.132,0.9231,6083.07,87.93,601.08,5.133,67.97,19.649,25.549,1.551,24.6,16.619,6080.73,87.98,600.71,5.134,67.55,19.432,25.515,1.511,24.529,16.713,COOLING_DEGRADATION,1.0,0.4,1.0,1.0,1.0,0.0,0.0,0.0,0.0
150.6,CLIMB,77.45,55.34,7917.5,14.17,76.113,0.9229,6082.61,87.93,601.06,5.133,67.96,19.648,25.549,1.551,24.6,16.618,6077.78,88.23,601.61,5.182,68.01,19.639,25.603,1.585,24.552,16.626,COOLING_DEGRADATION,1.0,0.4,1.0,1.0,1.0,0.0,0.0,0.0,0.0
150.7,CLIMB,77.44,55.34,7924.58,14.15,76.093,0.9227,6082.15,87.94,601.05,5.133,67.95,19.647,25.549,1.551,24.6,16.616,6076.88,88.45,601.57,5.097,68.29,19.516,25.512,1.536,24.663,16.574,COOLING_DEGRADATION,1.0,0.4,1.0,1.0,1.0,0.0,0.0,0.0,0.0
150.8,CLIMB,77.43,55.33,7931.67,14.14,76.074,0.9225,6081.69,87.94,601.03,5.133,67.94,19.645,25.549,1.551,24.6,16.615,6087.72,87.71,602.72,5.124,67.78,19.708,25.591,1.503,24.686,16.733,COOLING_DEGRADATION,1.0,0.4,1.0,1.0,1.0,0.0,0.0,0.0,0.0
150.9,CLIMB,77.43,55.33,7938.75,14.12,76.054,0.9223,6081.24,87.95,601.02,5.132,67.93,19.644,25.549,1.551,24.6,16.614,6090.43,88.22,600.76,5.096,68.11,19.647,25.582,1.58,24.595,16.881,COOLING_DEGRADATION,1.0,0.4,1.0,1.0,1.0,0.0,0.0,0.0,0.0
151.0,CLIMB,77.42,55.32,7945.83,14.11,76.035,0.9221,6080.78,87.95,601.0,5.132,67.92,19.642,25.548,1.551,24.6,16.613,6084.92,88.6,601.67,5.154,67.69,19.605,25.616,1.535,24.647,16.638,COOLING_DEGRADATION,1.0,0.4,1.0,1.0,1.0,0.0,0.0,0.0,0.0
151.1,CLIMB,77.41,55.32,7952.92,14.09,76.015,0.9219,6080.32,87.96,600.99,5.132,67.92,19.641,25.548,1.551,24.6,16.611,6082.01,88.67,599.61,5.114,68.59,19.569,25.536,1.643,24.661,16.588,COOLING_DEGRADATION,1.0,0.4,1.0,1.0,1.0,0.0,0.0,0.0,0.0
151.2,CLIMB,77.4,55.31,7960.0,14.08,75.996,0.9217,6079.86,87.96,600.97,5.132,67.91,19.64,25.548,1.55,24.6,16.61,6077.78,87.93,599.37,5.092,68.41,19.619,25.59,1.548,24.604,16.717,COOLING_DEGRADATION,1.0,0.4,1.0,1.0,1.0,0.0,0.0,0.0,0.0
151.3,CLIMB,77.39,55.3,7967.08,14.07,75.977,0.9215,6079.41,87.97,600.96,5.132,67.9,19.638,25.548,1.55,24.6,16.609,6077.99,87.46,603.9,5.145,68.08,19.735,25.5,1.456,24.588,16.719,COOLING_DEGRADATION,1.0,0.4,1.0,1.0,1.0,0.0,0.0,0.0,0.0
151.4,CLIMB,77.38,55.3,7974.17,14.05,75.957,0.9213,6078.95,87.97,600.94,5.131,67.89,19.637,25.548,1.55,24.6,16.608,6080.63,87.5,600.2,5.11,67.92,19.385,25.525,1.559,24.583,16.792,COOLING_DEGRADATION,1.0,0.4,1.0,1.0,1.0,0.0,0.0,0.0,0.0
151.5,CLIMB,77.38,55.29,7981.25,14.04,75.938,0.9212,6078.49,87.98,600.93,5.131,67.88,19.635,25.548,1.55,24.6,16.606,6085.16,87.91,602.12,5.134,67.85,19.607,25.584,1.495,24.702,16.49,COOLING_DEGRADATION,1.0,0.4,1.0,1.0,1.0,0.0,0.0,0.0,0.0
151.6,CLIMB,77.37,55.29,7988.33,14.02,75.918,0.921,6078.03,87.98,600.91,5.131,67.87,19.634,25.547,1.55,24.6,16.605,6085.62,88.13,602.34,5.134,68.07,19.508,25.524,1.522,24.637,16.508,COOLING_DEGRADATION,1.0,0.4,1.0,1.0,1.0,0.0,0.0,0.0,0.0
151.7,CLIMB,77.36,55.28,7995.42,14.01,75.899,0.9208,6077.57,87.99,600.9,5.131,67.86,19.633,25.547,1.55,24.6,16.604,6089.0,87.51,601.61,5.133,67.79,19.752,25.565,1.641,24.674,16.498,COOLING_DEGRADATION,1.0,0.4,1.0,1.0,1.0,0.0,0.0,0.0,0.0
151.8,CLIMB,77.35,55.28,8002.5,14.0,75.879,0.9206,6077.12,88.0,600.88,5.131,67.86,19.631,25.547,1.55,24.6,16.603,6080.11,88.05,602.71,5.16,68.12,19.573,25.535,1.534,24.669,16.755,COOLING_DEGRADATION,1.0,0.4,1.0,1.0,1.0,0.0,0.0,0.0,0.0
151.9,CLIMB,77.34,55.27,8009.58,13.98,75.86,0.9204,6076.66,88.0,600.86,5.131,67.85,19.63,25.547,1.55,24.6,16.601,6078.97,88.59,601.33,5.174,67.93,19.562,25.535,1.514,24.59,16.364,COOLING_DEGRADATION,1.0,0.4,1.0,1.0,1.0,0.0,0.0,0.0,0.0
152.0,CLIMB,77.33,55.27,8016.67,13.97,75.841,0.9202,6076.2,88.01,600.85,5.13,67.84,19.628,25.547,1.55,24.6,16.6,6074.14,88.01,600.28,5.146,67.97,19.618,25.534,1.524,24.665,16.614,COOLING_DEGRADATION,1.0,0.4,1.0,1.0,1.0,0.0,0.0,0.0,0.0
152.1,CLIMB,77.33,55.26,8023.75,13.95,75.821,0.92,6075.74,88.01,600.83,5.13,67.83,19.627,25.547,1.55,24.6,16.599,6075.73,88.23,600.27,5.112,68.23,19.705,25.592,1.598,24.578,16.485,COOLING_DEGRADATION,1.0,0.4,1.0,1.0,1.0,0.0,0.0,0.0,0.0
152.2,CLIMB,77.32,55.26,8030.83,13.94,75.802,0.9198,6075.29,88.02,600.82,5.13,67.82,19.625,25.546,1.55,24.6,16.598,6072.04,87.88,597.08,5.151,67.82,19.57,25.606,1.56,24.563,16.622,COOLING_DEGRADATION,1.0,0.4,1.0,1.0,1.0,0.0,0.0,0.0,0.0
152.3,CLIMB,77.31,55.25,8037.92,13.92,75.782,0.9196,6074.83,88.02,600.8,5.13,67.81,19.624,25.546,1.549,24.6,16.596,6078.36,88.01,599.47,5.151,67.65,19.573,25.533,1.578,24.508,16.708,COOLING_DEGRADATION,1.0,0.4,1.0,1.0,1.0,0.0,0.0,0.0,0.0
152.4,CLIMB,77.3,55.25,8045.0,13.91,75.763,0.9194,6074.37,88.03,600.79,5.13,67.8,19.623,25.546,1.549,24.6,16.595,6071.45,86.91,601.08,5.157,67.56,19.562,25.483,1.519,24.607,16.721,COOLING_DEGRADATION,1.0,0.4,1.0,1.0,1.0,0.0,0.0,0.0,0.0
152.5,CLIMB,77.29,55.24,8052.08,13.9,75.744,0.9193,6073.91,88.03,600.77,5.13,67.79,19.621,25.546,1.549,24.6,16.594,6065.43,87.48,599.4,5.11,68.3,19.66,25.566,1.524,24.566,16.55,COOLING_DEGRADATION,1.0,0.4,1.0,1.0,1.0,0.0,0.0,0.0,0.0
152.6,CLIMB,77.28,55.23,8059.17,13.88,75.724,0.9191,6073.46,88.04,600.76,5.129,67.79,19.62,25.546,1.549,24.6,16.593,6070.47,88.67,600.74,5.115,67.91,19.629,25.586,1.531,24.661,16.599,COOLING_DEGRADATION,1.0,0.4,1.0,1.0,1.0,0.0,0.0,0.0,0.0
152.7,CLIMB,77.28,55.23,8066.25,13.87,75.705,0.9189,6073.0,88.04,600.74,5.129,67.78,19.618,25.546,1.549,24.6,16.591,6076.35,88.39,598.26,5.121,67.74,19.538,25.471,1.542,24.678,16.73,COOLING_DEGRADATION,1.0,0.4,1.0,1.0,1.0,0.0,0.0,0.0,0.0
152.8,CLIMB,77.27,55.22,8073.33,13.85,75.685,0.9187,6072.54,88.05,600.73,5.129,67.77,19.617,25.545,1.549,24.6,16.59,6076.24,88.02,600.95,5.12,67.99,19.679,25.58,1.498,24.562,16.788,COOLING_DEGRADATION,1.0,0.4,1.0,1.0,1.0,0.0,0.0,0.0,0.0
152.9,CLIMB,77.26,55.22,8080.42,13.84,75.666,0.9185,6072.09,88.05,600.71,5.129,67.76,19.616,25.545,1.549,24.6,16.589,6070.3,88.01,599.56,5.146,67.44,19.551,25.529,1.497,24.575,16.492,COOLING_DEGRADATION,1.0,0.4,1.0,1.0,1.0,0.0,0.0,0.0,0.0
153.0,CLIMB,77.25,55.21,8087.5,13.83,75.647,0.9183,6071.63,88.06,600.7,5.129,67.75,19.614,25.545,1.549,24.6,16.588,6072.57,88.18,602.93,5.141,67.26,19.51,25.578,1.548,24.734,16.673,COOLING_DEGRADATION,1.0,0.4,1.0,1.0,1.0,0.0,0.0,0.0,0.0
153.1,CLIMB,77.24,55.21,8094.58,13.81,75.627,0.9181,6071.17,88.07,600.68,5.129,67.74,19.613,25.545,1.549,24.6,16.586,6077.59,88.52,598.44,5.173,67.46,19.527,25.563,1.524,24.571,16.565,COOLING_DEGRADATION,1.0,0.4,1.0,1.0,1.0,0.0,0.0,0.0,0.0
153.2,CLIMB,77.23,55.2,8101.67,13.8,75.608,0.9179,6070.71,88.07,600.66,5.128,67.73,19.611,25.545,1.549,24.6,16.585,6071.97,88.13,599.74,5.112,67.6,19.425,25.497,1.533,24.614,16.721,COOLING_DEGRADATION,1.0,0.4,1.0,1.0,1.0,0.0,0.0,0.0,0.0
153.3,CLIMB,77.23,55.2,8108.75,13.78,75.589,0.9177,6070.26,88.08,600.65,5.128,67.72,19.61,25.545,1.549,24.6,16.584,6076.98,87.13,602.58,5.113,67.81,19.6,25.558,1.622,24.587,16.631,COOLING_DEGRADATION,1.0,0.4,1.0,1.0,1.0,0.0,0.0,0.0,0.0
153.4,CLIMB,77.22,55.19,8115.83,13.77,75.569,0.9175,6069.8,88.08,600.63,5.128,67.71,19.609,25.544,1.549,24.6,16.583,6073.45,88.69,602.21,5.125,67.48,19.65,25.638,1.556,24.621,16.679,COOLING_DEGRADATION,1.0,0.4,1.0,1.0,1.0,0.0,0.0,0.0,0.0
153.5,CLIMB,77.21,55.19,8122.92,13.75,75.55,0.9174,6069.34,88.09,600.62,5.128,67.71,19.607,25.544,1.548,24.6,16.581,6075.68,87.56,601.23,5.133,67.12,19.505,25.63,1.571,24.63,16.585,COOLING_DEGRADATION,1.0,0.4,1.0,1.0,1.0,0.0,0.0,0.0,0.0
153.6,CLIMB,77.2,55.18,8130.0,13.74,75.531,0.9172,6068.88,88.09,600.6,5.128,67.7,19.606,25.544,1.548,24.6,16.58,6060.37,87.99,598.67,5.116,67.98,19.612,25.618,1.543,24.533,16.642,COOLING_DEGRADATION,1.0,0.4,1.0,1.0,1.0,0.0,0.0,0.0,0.0
153.7,CLIMB,77.19,55.17,8137.08,13.73,75.511,0.917,6068.43,88.1,600.59,5.128,67.69,19.604,25.544,1.548,24.6,16.579,6057.83,87.13,598.67,5.108,67.57,19.614,25.569,1.528,24.647,16.609,COOLING_DEGRADATION,1.0,0.4,1.0,1.0,1.0,0.0,0.0,0.0,0.0
153.8,CLIMB,77.18,55.17,8144.17,13.71,75.492,0.9168,6067.97,88.1,600.57,5.127,67.68,19.603,25.544,1.548,24.6,16.578,6059.24,87.68,598.29,5.127,67.94,19.604,25.525,1.536,24.581,16.659,COOLING_DEGRADATION,1.0,0.4,1.0,1.0,1.0,0.0,0.0,0.0,0.0
153.9,CLIMB,77.18,55.16,8151.25,13.7,75.473,0.9166,6067.51,88.11,600.56,5.127,67.67,19.602,25.544,1.548,24.6,16.576,6069.99,88.15,601.12,5.101,67.91,19.761,25.595,1.57,24.592,16.656,COOLING_DEGRADATION,1.0,0.4,1.0,1.0,1.0,0.0,0.0,0.0,0.0
154.0,CLIMB,77.17,55.16,8158.33,13.68,75.453,0.9164,6067.06,88.11,600.54,5.127,67.66,19.6,25.543,1.548,24.6,16.575,6065.66,87.48,600.13,5.149,67.76,19.445,25.552,1.564,24.52,16.671,COOLING_DEGRADATION,1.0,0.4,1.0,1.0,1.0,0.0,0.0,0.0,0.0
154.1,CLIMB,77.16,55.15,8165.42,13.67,75.434,0.9162,6066.6,88.12,600.53,5.127,67.65,19.599,25.543,1.548,24.6,16.574,6080.19,87.64,597.18,5.145,67.87,19.616,25.523,1.51,24.64,16.555,COOLING_DEGRADATION,1.0,0.4,1.0,1.0,1.0,0.0,0.0,0.0,0.0
154.2,CLIMB,77.15,55.15,8172.5,13.66,75.415,0.916,6066.14,88.12,600.51,5.127,67.64,19.597,25.543,1.548,24.6,16.573,6067.04,87.98,602.69,5.124,67.71,19.459,25.648,1.613,24.632,16.465,COOLING_DEGRADATION,1.0,0.4,1.0,1.0,1.0,0.0,0.0,0.0,0.0
154.3,CLIMB,77.14,55.14,8179.58,13.64,75.395,0.9158,6065.69,88.13,600.5,5.127,67.64,19.596,25.543,1.548,24.6,16.571,6062.59,87.54,598.14,5.135,67.68,19.534,25.51,1.547,24.612,16.558,COOLING_DEGRADATION,1.0,0.4,1.0,1.0,1.0,0.0,0.0,0.0,0.0
154.4,CLIMB,77.13,55.14,8186.67,13.63,75.376,0.9157,6065.23,88.14,600.48,5.126,67.63,19.595,25.543,1.548,24.6,16.57,6058.61,88.03,600.79,5.136,67.97,19.699,25.558,1.537,24.594,16.44,COOLING_DEGRADATION,1.0,0.4,1.0,1.0,1.0,0.0,0.0,0.0,0.0
154.5,CLIMB,77.13,55.13,8193.75,13.61,75.357,0.9155,6064.77,88.14,600.46,5.126,67.62,19.593,25.543,1.548,24.6,16.569,6058.7,88.54,601.94,5.131,67.74,19.484,25.618,1.539,24.631,16.381,COOLING_DEGRADATION,1.0,0.4,1.0,1.0,1.0,0.0,0.0,0.0,0.0
154.6,CLIMB,77.12,55.13,8200.83,13.6,75.337,0.9153,6064.31,88.15,600.45,5.126,67.61,19.592,25.542,1.547,24.6,16.568,6066.39,88.58,600.77,5.134,67.67,19.57,25.547,1.548,24.603,16.506,COOLING_DEGRADATION,1.0,0.4,1.0,1.0,1.0,0.0,0.0,0.0,0.0
154.7,CLIMB,77.11,55.12,8207.92,13.58,75.318,0.9151,6063.86,88.15,600.43,5.126,67.6,19.59,25.542,1.547,24.6,16.566,6063.81,88.09,599.41,5.143,67.74,19.448,25.547,1.551,24.546,16.516,COOLING_DEGRADATION,1.0,0.4,1.0,1.0,1.0,0.0,0.0,0.0,0.0
154.8,CLIMB,77.1,55.12,8215.0,13.57,75.299,0.9149,6063.4,88.16,600.42,5.126,67.59,19.589,25.542,1.547,24.6,16.565,6055.1,88.76,601.35,5.172,67.24,19.488,25.533,1.566,24.537,16.408,COOLING_DEGRADATION,1.0,0.4,1.0,1.0,1.0,0.0,0.0,0.0,0.0
154.9,CLIMB,77.09,55.11,8222.08,13.56,75.28,0.9147,6062.94,88.16,600.4,5.126,67.58,19.587,25.542,1.547,24.6,16.564,6068.11,88.59,601.73,5.149,67.47,19.484,25.486,1.508,24.612,16.397,COOLING_DEGRADATION,1.0,0.4,1.0,1.0,1.0,0.0,0.0,0.0,0.0
155.0,CLIMB,77.08,55.1,8229.17,13.54,75.26,0.9145,6062.49,88.17,600.39,5.125,67.57,19.586,25.542,1.547,24.6,16.563,6062.56,88.08,599.56,5.15,68.2,19.777,25.433,1.559,24.67,16.595,COOLING_DEGRADATION,1.0,0.4,1.0,1.0,1.0,0.0,0.0,0.0,0.0
155.1,CLIMB,77.08,55.1,8236.25,13.53,75.241,0.9143,6062.03,88.17,600.37,5.125,67.56,19.585,25.542,1.547,24.6,16.561,6053.64,87.86,600.65,5.133,68.05,19.647,25.532,1.592,24.583,16.545,COOLING_DEGRADATION,1.0,0.4,1.0,1.0,1.0,0.0,0.0,0.0,0.0
155.2,CLIMB,77.07,55.09,8243.33,13.51,75.222,0.9141,6061.57,88.18,600.36,5.125,67.56,19.583,25.541,1.547,24.6,16.56,6061.82,88.52,599.21,5.093,67.29,19.569,25.659,1.525,24.652,16.726,COOLING_DEGRADATION,1.0,0.4,1.0,1.0,1.0,0.0,0.0,0.0,0.0
155.3,CLIMB,77.06,55.09,8250.42,13.5,75.203,0.914,6061.12,88.18,600.34,5.125,67.55,19.582,25.541,1.547,24.6,16.559,6067.89,87.55,599.23,5.122,67.36,19.528,25.511,1.544,24.585,16.624,COOLING_DEGRADATION,1.0,0.4,1.0,1.0,1.0,0.0,0.0,0.0,0.0
155.4,CLIMB,77.05,55.08,8257.5,13.49,75.183,0.9138,6060.66,88.19,600.33,5.125,67.54,19.58,25.541,1.547,24.6,16.558,6060.75,88.49,600.64,5.092,67.54,19.559,25.448,1.545,24.579,16.447,COOLING_DEGRADATION,1.0,0.4,1.0,1.0,1.0,0.0,0.0,0.0,0.0
155.5,CLIMB,77.04,55.08,8264.58,13.47,75.164,0.9136,6060.2,88.19,600.31,5.125,67.53,19.579,25.541,1.547,24.6,16.556,6069.57,88.6,599.31,5.116,66.93,19.501,25.547,1.58,24.626,16.457,COOLING_DEGRADATION,1.0,0.4,1.0,1.0,1.0,0.0,0.0,0.0,0.0
155.6,CLIMB,77.03,55.07,8271.67,13.46,75.145,0.9134,6059.75,88.2,600.29,5.124,67.52,19.578,25.541,1.547,24.6,16.555,6060.57,88.31,596.53,5.151,67.3,19.576,25.498,1.556,24.537,16.509,COOLING_DEGRADATION,1.0,0.4,1.0,1.0,1.0,0.0,0.0,0.0,0.0
155.7,CLIMB,77.03,55.07,8278.75,13.44,75.126,0.9132,6059.29,88.2,600.28,5.124,67.51,19.576,25.541,1.546,24.6,16.554,6059.7,89.0,599.5,5.153,67.46,19.682,25.634,1.483,24.57,16.609,COOLING_DEGRADATION,1.0,0.4,1.0,1.0,1.0,0.0,0.0,0.0,0.0
155.8,CLIMB,77.02,55.06,8285.83,13.43,75.106,0.913,6058.83,88.21,600.26,5.124,67.5,19.575,25.54,1.546,24.6,16.553,6053.0,88.21,602.03,5.131,67.21,19.449,25.563,1.458,24.617,16.515,COOLING_DEGRADATION,1.0,0.4,1.0,1.0,1.0,0.0,0.0,0.0,0.0
155.9,CLIMB,77.01,55.06,8292.92,13.41,75.087,0.9128,6058.38,88.22,600.25,5.124,67.49,19.573,25.54,1.546,24.6,16.551,6058.23,88.37,602.53,5.062,67.18,19.566,25.529,1.453,24.62,16.621,COOLING_DEGRADATION,1.0,0.4,1.0,1.0,1.0,0.0,0.0,0.0,0.0
156.0,CLIMB,77.0,55.05,8300.0,13.4,75.068,0.9126,6057.92,88.22,600.23,5.124,67.48,19.572,25.54,1.546,24.6,16.55,6052.4,87.97,599.58,5.106,67.17,19.565,25.64,1.53,24.59,16.469,COOLING_DEGRADATION,1.0,0.4,1.0,1.0,1.0,0.0,0.0,0.0,0.0
156.1,CLIMB,76.99,55.04,8307.08,13.39,75.049,0.9124,6057.46,88.23,600.22,5.124,67.47,19.571,25.54,1.546,24.6,16.549,6049.11,87.4,601.7,5.098,67.31,19.7,25.629,1.55,24.58,16.292,COOLING_DEGRADATION,1.0,0.4,1.0,1.0,1.0,0.0,0.0,0.0,0.0
156.2,CLIMB,76.98,55.04,8314.17,13.37,75.03,0.9123,6057.01,88.23,600.2,5.123,67.47,19.569,25.54,1.546,24.6,16.548,6057.45,88.22,600.87,5.146,67.22,19.617,25.549,1.563,24.594,16.303,COOLING_DEGRADATION,1.0,0.4,1.0,1.0,1.0,0.0,0.0,0.0,0.0
156.3,CLIMB,76.98,55.03,8321.25,13.36,75.01,0.9121,6056.55,88.24,600.19,5.123,67.46,19.568,25.54,1.546,24.6,16.546,6052.9,88.49,600.43,5.058,67.83,19.602,25.578,1.58,24.539,16.578,COOLING_DEGRADATION,1.0,0.4,1.0,1.0,1.0,0.0,0.0,0.0,0.0
156.4,CLIMB,76.97,55.03,8328.33,13.34,74.991,0.9119,6056.09,88.24,600.17,5.123,67.45,19.566,25.539,1.546,24.6,16.545,6049.85,88.29,601.5,5.119,67.21,19.581,25.526,1.638,24.627,16.486,COOLING_DEGRADATION,1.0,0.4,1.0,1.0,1.0,0.0,0.0,0.0,0.0
156.5,CLIMB,76.96,55.02,8335.42,13.33,74.972,0.9117,6055.64,88.25,600.16,5.123,67.44,19.565,25.539,1.546,24.6,16.544,6060.19,88.85,599.06,5.111,67.28,19.559,25.611,1.598,24.496,16.478,COOLING_DEGRADATION,1.0,0.4,1.0,1.0,1.0,0.0,0.0,0.0,0.0
156.6,CLIMB,76.95,55.02,8342.5,13.32,74.953,0.9115,6055.18,88.25,600.14,5.123,67.43,19.564,25.539,1.546,24.6,16.543,6061.91,87.58,598.04,5.166,67.78,19.511,25.462,1.607,24.695,16.644,COOLING_DEGRADATION,1.0,0.4,1.0,1.0,1.0,0.0,0.0,0.0,0.0
156.7,CLIMB,76.94,55.01,8349.58,13.3,74.934,0.9113,6054.72,88.26,600.13,5.123,67.42,19.562,25.539,1.546,24.6,16.541,6049.93,88.09,601.54,5.168,67.07,19.515,25.618,1.495,24.572,16.542,COOLING_DEGRADATION,1.0,0.4,1.0,1.0,1.0,0.0,0.0,0.0,0.0
156.8,CLIMB,76.93,55.01,8356.67,13.29,74.914,0.9111,6054.27,88.26,600.11,5.122,67.41,19.561,25.539,1.545,24.6,16.54,6044.0,88.47,600.72,5.13,67.16,19.633,25.542,1.488,24.546,16.551,COOLING_DEGRADATION,1.0,0.4,1.0,1.0,1.0,0.0,0.0,0.0,0.0
156.9,CLIMB,76.93,55.0,8363.75,13.27,74.895,0.9109,6053.81,88.27,600.09,5.122,67.4,19.559,25.539,1.545,24.6,16.539,6058.12,87.58,600.79,5.112,67.13,19.473,25.518,1.554,24.562,16.669,COOLING_DEGRADATION,1.0,0.4,1.0,1.0,1.0,0.0,0.0,0.0,0.0
157.0,CLIMB,76.92,55.0,8370.83,13.26,74.876,0.9108,6053.36,88.27,600.08,5.122,67.39,19.558,25.538,1.545,24.6,16.538,6051.88,87.56,600.61,5.153,67.8,19.586,25.449,1.489,24.638,16.497,COOLING_DEGRADATION,1.0,0.4,1.0,1.0,1.0,0.0,0.0,0.0,0.0
157.1,CLIMB,76.91,54.99,8377.92,13.24,74.857,0.9106,6052.9,88.28,600.06,5.122,67.38,19.556,25.538,1.545,24.6,16.536,6041.94,89.01,600.38,5.105,67.24,19.49,25.566,1.5,24.591,16.529,COOLING_DEGRADATION,1.0,0.4,1.0,1.0,1.0,0.0,0.0,0.0,0.0
157.2,CLIMB,76.9,54.99,8385.0,13.23,74.838,0.9104,6052.44,88.29,600.05,5.122,67.38,19.555,25.538,1.545,24.6,16.535,6062.03,88.98,601.67,5.135,67.57,19.537,25.569,1.599,24.627,16.684,COOLING_DEGRADATION,1.0,0.4,1.0,1.0,1.0,0.0,0.0,0.0,0.0
157.3,CLIMB,76.89,54.98,8392.08,13.22,74.819,0.9102,6051.99,88.29,600.03,5.122,67.37,19.554,25.538,1.545,24.6,16.534,6053.36,87.9,600.52,5.141,67.52,19.552,25.686,1.532,24.715,16.546,COOLING_DEGRADATION,1.0,0.4,1.0,1.0,1.0,0.0,0.0,0.0,0.0
157.4,CLIMB,76.88,54.97,8399.17,13.2,74.799,0.91,6051.53,88.3,600.02,5.121,67.36,19.552,25.538,1.545,24.6,16.533,6045.71,88.48,602.39,5.138,67.19,19.627,25.502,1.52,24.542,16.535,COOLING_DEGRADATION,1.0,0.4,1.0,1.0,1.0,0.0,0.0,0.0,0.0
157.5,CLIMB,76.88,54.97,8406.25,13.19,74.78,0.9098,6051.07,88.3,600.0,5.121,67.35,19.551,25.538,1.545,24.6,16.531,6049.54,88.7,600.9,5.097,68.04,19.428,25.539,1.621,24.416,16.486,COOLING_DEGRADATION,1.0,0.4,1.0,1.0,1.0,0.0,0.0,0.0,0.0
157.6,CLIMB,76.87,54.96,8413.33,13.17,74.761,0.9096,6050.62,88.31,599.99,5.121,67.34,19.549,25.537,1.545,24.6,16.53,6048.26,87.98,600.88,5.114,67.46,19.581,25.453,1.595,24.526,16.498,COOLING_DEGRADATION,1.0,0.4,1.0,1.0,1.0,0.0,0.0,0.0,0.0
157.7,CLIMB,76.86,54.96,8420.42,13.16,74.742,0.9094,6050.16,88.31,599.97,5.121,67.33,19.548,25.537,1.545,24.6,16.529,6049.15,88.36,601.47,5.079,67.95,19.538,25.637,1.608,24.639,16.497,COOLING_DEGRADATION,1.0,0.4,1.0,1.0,1.0,0.0,0.0,0.0,0.0
157.8,CLIMB,76.85,54.95,8427.5,13.15,74.723,0.9092,6049.71,88.32,599.96,5.121,67.32,19.547,25.537,1.545,24.6,16.528,6052.62,88.9,602.04,5.159,67.21,19.467,25.483,1.505,24.623,16.511,COOLING_DEGRADATION,1.0,0.4,1.0,1.0,1.0,0.0,0.0,0.0,0.0
157.9,CLIMB,76.84,54.95,8434.58,13.13,74.704,0.9091,6049.25,88.32,599.94,5.121,67.31,19.545,25.537,1.545,24.6,16.526,6053.16,88.05,598.78,5.121,67.05,19.56,25.5,1.623,24.63,16.42,COOLING_DEGRADATION,1.0,0.4,1.0,1.0,1.0,0.0,0.0,0.0,0.0
158.0,CLIMB,76.83,54.94,8441.67,13.12,74.685,0.9089,6048.79,88.33,599.92,5.12,67.3,19.544,25.537,1.544,24.6,16.525,6052.38,88.85,601.0,5.117,67.51,19.363,25.519,1.553,24.68,16.571,COOLING_DEGRADATION,1.0,0.4,1.0,1.0,1.0,0.0,0.0,0.0,0.0
158.1,CLIMB,76.83,54.94,8448.75,13.1,74.666,0.9087,6048.34,88.33,599.91,5.12,67.29,19.542,25.537,1.544,24.6,16.524,6048.47,88.12,599.0,5.066,67.93,19.536,25.492,1.531,24.611,16.615,COOLING_DEGRADATION,1.0,0.4,1.0,1.0,1.0,0.0,0.0,0.0,0.0
158.2,CLIMB,76.82,54.93,8455.83,13.09,74.646,0.9085,6047.88,88.34,599.89,5.12,67.28,19.541,25.536,1.544,24.6,16.523,6060.58,88.4,598.3,5.114,67.12,19.599,25.566,1.548,24.613,16.582,COOLING_DEGRADATION,1.0,0.4,1.0,1.0,1.0,0.0,0.0,0.0,0.0
158.3,CLIMB,76.81,54.93,8462.92,13.07,74.627,0.9083,6047.43,88.34,599.88,5.12,67.28,19.54,25.536,1.544,24.6,16.521,6044.06,88.95,601.74,5.108,67.45,19.538,25.57,1.488,24.647,16.527,COOLING_DEGRADATION,1.0,0.4,1.0,1.0,1.0,0.0,0.0,0.0,0.0
158.4,CLIMB,76.8,54.92,8470.0,13.06,74.608,0.9081,6046.97,88.35,599.86,5.12,67.27,19.538,25.536,1.544,24.6,16.52,6052.82,88.61,601.16,5.179,67.41,19.509,25.518,1.525,24.609,16.651,COOLING_DEGRADATION,1.0,0.4,1.0,1.0,1.0,0.0,0.0,0.0,0.0
158.5,CLIMB,76.79,54.91,8477.08,13.05,74.589,0.9079,6046.51,88.35,599.85,5.12,67.26,19.537,25.536,1.544,24.6,16.519,6045.22,87.75,601.27,5.139,67.49,19.5,25.501,1.489,24.585,16.413,COOLING_DEGRADATION,1.0,0.4,1.0,1.0,1.0,0.0,0.0,0.0,0.0
158.6,CLIMB,76.78,54.91,8484.17,13.03,74.57,0.9077,6046.06,88.36,599.83,5.119,67.25,19.535,25.536,1.544,24.6,16.518,6049.29,89.07,602.03,5.057,67.09,19.486,25.563,1.461,24.605,16.475,COOLING_DEGRADATION,1.0,0.4,1.0,1.0,1.0,0.0,0.0,0.0,0.0
158.7,CLIMB,76.78,54.9,8491.25,13.02,74.551,0.9076,6045.6,88.36,599.82,5.119,67.24,19.534,25.536,1.544,24.6,16.516,6040.85,88.26,602.06,5.088,67.62,19.424,25.557,1.492,24.597,16.511,COOLING_DEGRADATION,1.0,0.4,1.0,1.0,1.0,0.0,0.0,0.0,0.0
158.8,CLIMB,76.77,54.9,8498.33,13.0,74.532,0.9074,6045.15,88.37,599.8,5.119,67.23,19.533,25.535,1.544,24.6,16.515,6043.65,87.24,596.65,5.147,67.17,19.628,25.524,1.551,24.542,16.505,COOLING_DEGRADATION,1.0,0.4,1.0,1.0,1.0,0.0,0.0,0.0,0.0
158.9,CLIMB,76.76,54.89,8505.42,12.99,74.513,0.9072,6044.69,88.38,599.79,5.119,67.22,19.531,25.535,1.544,24.6,16.514,6042.43,87.91,600.36,5.087,67.1,19.631,25.519,1.542,24.526,16.434,COOLING_DEGRADATION,1.0,0.4,1.0,1.0,1.0,0.0,0.0,0.0,0.0
159.0,CLIMB,76.75,54.89,8512.5,12.98,74.494,0.907,6044.23,88.38,599.77,5.119,67.21,19.53,25.535,1.544,24.6,16.513,6043.65,88.73,599.44,5.118,66.71,19.59,25.51,1.449,24.611,16.493,COOLING_DEGRADATION,1.0,0.4,1.0,1.0,1.0,0.0,0.0,0.0,0.0
159.1,CLIMB,76.74,54.88,8519.58,12.96,74.475,0.9068,6043.78,88.39,599.75,5.119,67.2,19.528,25.535,1.543,24.6,16.511,6044.4,87.96,600.43,5.111,67.32,19.492,25.521,1.445,24.624,16.373,COOLING_DEGRADATION,1.0,0.4,1.0,1.0,1.0,0.0,0.0,0.0,0.0
159.2,CLIMB,76.73,54.88,8526.67,12.95,74.456,0.9066,6043.32,88.39,599.74,5.118,67.19,19.527,25.535,1.543,24.6,16.51,6042.67,89.01,598.5,5.116,67.56,19.503,25.525,1.441,24.564,16.31,COOLING_DEGRADATION,1.0,0.4,1.0,1.0,1.0,0.0,0.0,0.0,0.0
159.3,CLIMB,76.73,54.87,8533.75,12.93,74.437,0.9064,6042.87,88.4,599.72,5.118,67.18,19.525,25.535,1.543,24.6,16.509,6045.06,88.83,600.71,5.142,67.36,19.389,25.494,1.594,24.718,16.624,COOLING_DEGRADATION,1.0,0.4,1.0,1.0,1.0,0.0,0.0,0.0,0.0
159.4,CLIMB,76.72,54.87,8540.83,12.92,74.417,0.9062,6042.41,88.4,599.71,5.118,67.17,19.524,25.534,1.543,24.6,16.508,6041.56,89.42,598.62,5.133,67.45,19.614,25.5,1.48,24.699,16.586,COOLING_DEGRADATION,1.0,0.4,1.0,1.0,1.0,0.0,0.0,0.0,0.0
159.5,CLIMB,76.71,54.86,8547.92,12.9,74.398,0.9061,6041.96,88.41,599.69,5.118,67.17,19.523,25.534,1.543,24.6,16.506,6039.91,88.38,599.24,5.147,66.88,19.505,25.663,1.582,24.617,16.402,COOLING_DEGRADATION,1.0,0.4,1.0,1.0,1.0,0.0,0.0,0.0,0.0
159.6,CLIMB,76.7,54.86,8555.0,12.89,74.379,0.9059,6041.5,88.41,599.68,5.118,67.16,19.521,25.534,1.543,24.6,16.505,6040.23,88.69,595.92,5.143,66.82,19.46,25.536,1.547,24.567,16.517,COOLING_DEGRADATION,1.0,0.4,1.0,1.0,1.0,0.0,0.0,0.0,0.0
159.7,CLIMB,76.69,54.85,8562.08,12.88,74.36,0.9057,6041.04,88.42,599.66,5.118,67.15,19.52,25.534,1.543,24.6,16.504,6048.25,88.69,601.9,5.111,67.28,19.62,25.522,1.513,24.601,16.592,COOLING_DEGRADATION,1.0,0.4,1.0,1.0,1.0,0.0,0.0,0.0,0.0
159.8,CLIMB,76.68,54.84,8569.17,12.86,74.341,0.9055,6040.59,88.42,599.65,5.117,67.14,19.518,25.534,1.543,24.6,16.503,6043.23,89.26,600.87,5.084,67.04,19.398,25.542,1.551,24.693,16.296,COOLING_DEGRADATION,1.0,0.4,1.0,1.0,1.0,0.0,0.0,0.0,0.0
159.9,CLIMB,76.68,54.84,8576.25,12.85,74.322,0.9053,6040.13,88.43,599.63,5.117,67.13,19.517,25.534,1.543,24.6,16.501,6041.91,88.2,601.25,5.083,66.94,19.534,25.5,1.499,24.676,16.494,COOLING_DEGRADATION,1.0,0.4,1.0,1.0,1.0,0.0,0.0,0.0,0.0
160.0,CLIMB,76.67,54.83,8583.33,12.83,74.303,0.9051,6039.68,88.43,599.62,5.117,67.12,19.516,25.533,1.543,24.6,16.5,6037.18,87.94,599.5,5.078,66.57,19.486,25.552,1.605,24.57,16.545,COOLING_DEGRADATION,1.0,0.4,1.0,1.0,1.0,0.0,0.0,0.0,0.0
160.1,CLIMB,76.66,54.83,8590.42,12.82,74.284,0.9049,6039.22,88.44,599.6,5.117,67.11,19.514,25.533,1.543,24.6,16.499,6033.83,88.84,600.08,5.137,67.34,19.428,25.532,1.545,24.614,16.534,COOLING_DEGRADATION,1.0,0.4,1.0,1.0,1.0,0.0,0.0,0.0,0.0
160.2,CLIMB,76.65,54.82,8597.5,12.81,74.265,0.9048,6038.77,88.44,599.58,5.117,67.1,19.513,25.533,1.542,24.6,16.498,6035.39,88.79,602.2,5.102,67.23,19.549,25.483,1.594,24.669,16.527,COOLING_DEGRADATION,1.0,0.4,1.0,1.0,1.0,0.0,0.0,0.0,0.0
160.3,CLIMB,76.64,54.82,8604.58,12.79,74.246,0.9046,6038.31,88.45,599.57,5.117,67.09,19.511,25.533,1.542,24.6,16.496,6042.84,88.31,600.7,5.094,66.98,19.597,25.543,1.566,24.579,16.626,COOLING_DEGRADATION,1.0,0.4,1.0,1.0,1.0,0.0,0.0,0.0,0.0
160.4,CLIMB,76.63,54.81,8611.67,12.78,74.227,0.9044,6037.85,88.46,599.55,5.116,67.08,19.51,25.533,1.542,24.6,16.495,6032.74,88.3,596.94,5.088,67.06,19.345,25.543,1.577,24.526,16.233,COOLING_DEGRADATION,1.0,0.4,1.0,1.0,1.0,0.0,0.0,0.0,0.0
160.5,CLIMB,76.63,54.81,8618.75,12.76,74.208,0.9042,6037.4,88.46,599.54,5.116,67.07,19.509,25.533,1.542,24.6,16.494,6033.03,88.22,599.06,5.034,66.76,19.499,25.621,1.499,24.65,16.34,COOLING_DEGRADATION,1.0,0.4,1.0,1.0,1.0,0.0,0.0,0.0,0.0
160.6,CLIMB,76.62,54.8,8625.83,12.75,74.189,0.904,6036.94,88.47,599.52,5.116,67.06,19.507,25.532,1.542,24.6,16.493,6042.57,88.46,600.71,5.129,67.14,19.367,25.503,1.573,24.567,16.375,COOLING_DEGRADATION,1.0,0.4,1.0,1.0,1.0,0.0,0.0,0.0,0.0
160.7,CLIMB,76.61,54.8,8632.92,12.73,74.17,0.9038,6036.49,88.47,599.51,5.116,67.05,19.506,25.532,1.542,24.6,16.491,6030.97,89.6,601.87,5.123,66.7,19.672,25.434,1.553,24.584,16.34,COOLING_DEGRADATION,1.0,0.4,1.0,1.0,1.0,0.0,0.0,0.0,0.0
160.8,CLIMB,76.6,54.79,8640.0,12.72,74.151,0.9036,6036.03,88.48,599.49,5.116,67.05,19.504,25.532,1.542,24.6,16.49,6036.16,87.58,598.6,5.12,66.81,19.516,25.521,1.489,24.56,16.4,COOLING_DEGRADATION,1.0,0.4,1.0,1.0,1.0,0.0,0.0,0.0,0.0
160.9,CLIMB,76.59,54.78,8647.08,12.71,74.132,0.9034,6035.58,88.48,599.48,5.116,67.04,19.503,25.532,1.542,24.6,16.489,6043.2,88.41,600.63,5.13,66.75,19.478,25.51,1.446,24.589,16.253,COOLING_DEGRADATION,1.0,0.4,1.0,1.0,1.0,0.0,0.0,0.0,0.0
161.0,CLIMB,76.58,54.78,8654.17,12.69,74.113,0.9033,6035.12,88.49,599.46,5.115,67.03,19.501,25.532,1.542,24.6,16.488,6031.22,87.98,596.72,5.143,66.87,19.483,25.533,1.492,24.615,16.583,COOLING_DEGRADATION,1.0,0.4,1.0,1.0,1.0,0.0,0.0,0.0,0.0
161.1,CLIMB,76.58,54.77,8661.25,12.68,74.094,0.9031,6034.67,88.49,599.45,5.115,67.02,19.5,25.532,1.542,24.6,16.486,6035.79,88.95,600.57,5.172,66.55,19.387,25.482,1.588,24.553,16.57,COOLING_DEGRADATION,1.0,0.4,1.0,1.0,1.0,0.0,0.0,0.0,0.0
161.2,CLIMB,76.57,54.77,8668.33,12.66,74.075,0.9029,6034.21,88.5,599.43,5.115,67.01,19.499,25.531,1.542,24.6,16.485,6037.61,88.85,603.09,5.12,67.08,19.566,25.566,1.592,24.539,16.561,COOLING_DEGRADATION,1.0,0.4,1.0,1.0,1.0,0.0,0.0,0.0,0.0
161.3,CLIMB,76.56,54.76,8675.42,12.65,74.056,0.9027,6033.76,88.5,599.41,5.115,67.0,19.497,25.531,1.541,24.6,16.484,6023.9,88.41,599.48,5.054,67.05,19.478,25.522,1.56,24.589,16.497,COOLING_DEGRADATION,1.0,0.4,1.0,1.0,1.0,0.0,0.0,0.0,0.0
161.4,CLIMB,76.55,54.76,8682.5,12.64,74.037,0.9025,6033.3,88.51,599.4,5.115,66.99,19.496,25.531,1.541,24.6,16.483,6030.29,88.34,600.76,5.083,66.63,19.362,25.584,1.522,24.622,16.476,COOLING_DEGRADATION,1.0,0.4,1.0,1.0,1.0,0.0,0.0,0.0,0.0
161.5,CLIMB,76.54,54.75,8689.58,12.62,74.019,0.9023,6032.85,88.51,599.38,5.115,66.98,19.494,25.531,1.541,24.6,16.481,6034.73,88.56,602.54,5.135,66.64,19.454,25.588,1.571,24.634,16.537,COOLING_DEGRADATION,1.0,0.4,1.0,1.0,1.0,0.0,0.0,0.0,0.0
161.6,CLIMB,76.53,54.75,8696.67,12.61,74.0,0.9021,6032.39,88.52,599.37,5.114,66.97,19.493,25.531,1.541,24.6,16.48,6025.54,88.35,596.79,5.126,66.85,19.366,25.584,1.501,24.565,16.471,COOLING_DEGRADATION,1.0,0.4,1.0,1.0,1.0,0.0,0.0,0.0,0.0
161.7,CLIMB,76.53,54.74,8703.75,12.59,73.981,0.902,6031.94,88.52,599.35,5.114,66.96,19.492,25.531,1.541,24.6,16.479,6033.59,88.13,600.76,5.124,67.34,19.494,25.545,1.512,24.681,16.386,COOLING_DEGRADATION,1.0,0.4,1.0,1.0,1.0,0.0,0.0,0.0,0.0
161.8,CLIMB,76.52,54.74,8710.83,12.58,73.962,0.9018,6031.48,88.53,599.34,5.114,66.95,19.49,25.53,1.541,24.6,16.478,6034.21,88.17,598.91,5.134,67.07,19.437,25.447,1.566,24.609,16.591,COOLING_DEGRADATION,1.0,0.4,1.0,1.0,1.0,0.0,0.0,0.0,0.0
161.9,CLIMB,76.51,54.73,8717.92,12.56,73.943,0.9016,6031.03,88.53,599.32,5.114,66.94,19.489,25.53,1.541,24.6,16.476,6029.99,88.35,600.61,5.181,66.93,19.536,25.608,1.54,24.617,16.546,COOLING_DEGRADATION,1.0,0.4,1.0,1.0,1.0,0.0,0.0,0.0,0.0
162.0,CLIMB,76.5,54.73,8725.0,12.55,73.924,0.9014,6030.57,88.54,599.31,5.114,66.93,19.487,25.53,1.541,24.6,16.475,6026.56,87.71,599.71,5.106,66.79,19.407,25.52,1.537,24.559,16.524,COOLING_DEGRADATION,1.0,0.4,1.0,1.0,1.0,0.0,0.0,0.0,0.0
162.1,CLIMB,76.49,54.72,8732.08,12.54,73.905,0.9012,6030.11,88.55,599.29,5.114,66.92,19.486,25.53,1.541,24.6,16.474,6038.65,88.5,600.95,5.101,66.93,19.436,25.584,1.456,24.669,16.437,COOLING_DEGRADATION,1.0,0.4,1.0,1.0,1.0,0.0,0.0,0.0,0.0
162.2,CLIMB,76.48,54.71,8739.17,12.52,73.886,0.901,6029.66,88.55,599.28,5.113,66.91,19.485,25.53,1.541,24.6,16.473,6034.61,88.45,599.81,5.171,66.63,19.48,25.555,1.5,24.578,16.37,COOLING_DEGRADATION,1.0,0.4,1.0,1.0,1.0,0.0,0.0,0.0,0.0
162.3,CLIMB,76.48,54.71,8746.25,12.51,73.867,0.9008,6029.2,88.56,599.26,5.113,66.91,19.483,25.53,1.541,24.6,16.471,6020.67,88.23,598.28,5.119,67.35,19.649,25.471,1.6,24.565,16.433,COOLING_DEGRADATION,1.0,0.4,1.0,1.0,1.0,0.0,0.0,0.0,0.0
162.4,CLIMB,76.47,54.7,8753.33,12.49,73.848,0.9007,6028.75,88.56,599.24,5.113,66.9,19.482,25.529,1.541,24.6,16.47,6020.48,88.43,599.06,5.173,67.45,19.699,25.506,1.594,24.622,16.342,COOLING_DEGRADATION,1.0,0.4,1.0,1.0,1.0,0.0,0.0,0.0,0.0
162.5,CLIMB,76.46,54.7,8760.42,12.48,73.829,0.9005,6028.29,88.57,599.23,5.113,66.89,19.48,25.529,1.54,24.6,16.469,6037.47,87.93,596.34,5.103,67.04,19.444,25.599,1.511,24.612,16.451,COOLING_DEGRADATION,1.0,0.4,1.0,1.0,1.0,0.0,0.0,0.0,0.0
162.6,CLIMB,76.45,54.69,8767.5,12.47,73.81,0.9003,6027.84,88.57,599.21,5.113,66.88,19.479,25.529,1.54,24.6,16.468,6031.18,88.56,595.9,5.155,66.6,19.314,25.568,1.603,24.583,16.491,COOLING_DEGRADATION,1.0,0.4,1.0,1.0,1.0,0.0,0.0,0.0,0.0
162.7,CLIMB,76.44,54.69,8774.58,12.45,73.791,0.9001,6027.38,88.58,599.2,5.113,66.87,19.477,25.529,1.54,24.6,16.466,6019.26,88.84,598.82,5.154,66.99,19.613,25.49,1.59,24.592,16.764,COOLING_DEGRADATION,1.0,0.4,1.0,1.0,1.0,0.0,0.0,0.0,0.0
162.8,CLIMB,76.43,54.68,8781.67,12.44,73.773,0.8999,6026.93,88.58,599.18,5.112,66.86,19.476,25.529,1.54,24.6,16.465,6027.62,88.82,600.99,5.077,67.17,19.535,25.505,1.48,24.634,16.381,COOLING_DEGRADATION,1.0,0.4,1.0,1.0,1.0,0.0,0.0,0.0,0.0
162.9,CLIMB,76.43,54.68,8788.75,12.42,73.754,0.8997,6026.47,88.59,599.17,5.112,66.85,19.475,25.529,1.54,24.6,16.464,6019.17,88.72,597.01,5.094,66.77,19.673,25.425,1.562,24.649,16.385,COOLING_DEGRADATION,1.0,0.4,1.0,1.0,1.0,0.0,0.0,0.0,0.0
163.0,CLIMB,76.42,54.67,8795.83,12.41,73.735,0.8995,6026.02,88.59,599.15,5.112,66.84,19.473,25.528,1.54,24.6,16.463,6020.93,87.86,598.34,5.114,67.0,19.522,25.534,1.574,24.567,16.596,COOLING_DEGRADATION,1.0,0.4,1.0,1.0,1.0,0.0,0.0,0.0,0.0
163.1,CLIMB,76.41,54.67,8802.92,12.39,73.716,0.8994,6025.56,88.6,599.14,5.112,66.83,19.472,25.528,1.54,24.6,16.461,6032.24,88.78,598.72,5.084,66.94,19.576,25.477,1.537,24.563,16.405,COOLING_DEGRADATION,1.0,0.4,1.0,1.0,1.0,0.0,0.0,0.0,0.0
163.2,CLIMB,76.4,54.66,8810.0,12.38,73.697,0.8992,6025.11,88.6,599.12,5.112,66.82,19.47,25.528,1.54,24.6,16.46,6034.73,89.2,599.72,5.12,67.48,19.183,25.515,1.597,24.615,16.531,COOLING_DEGRADATION,1.0,0.4,1.0,1.0,1.0,0.0,0.0,0.0,0.0
163.3,CLIMB,76.39,54.65,8817.08,12.37,73.678,0.899,6024.66,88.61,599.11,5.112,66.81,19.469,25.528,1.54,24.6,16.459,6025.13,87.95,599.24,5.123,66.81,19.559,25.545,1.543,24.686,16.508,COOLING_DEGRADATION,1.0,0.4,1.0,1.0,1.0,0.0,0.0,0.0,0.0
163.4,CLIMB,76.38,54.65,8824.17,12.35,73.659,0.8988,6024.2,88.61,599.09,5.111,66.8,19.468,25.528,1.54,24.6,16.458,6026.71,88.99,598.71,5.125,66.71,19.379,25.52,1.527,24.565,16.381,COOLING_DEGRADATION,1.0,0.4,1.0,1.0,1.0,0.0,0.0,0.0,0.0
163.5,CLIMB,76.38,54.64,8831.25,12.34,73.641,0.8986,6023.75,88.62,599.07,5.111,66.79,19.466,25.528,1.54,24.6,16.456,6032.96,89.52,598.79,5.141,66.5,19.348,25.558,1.588,24.633,16.538,COOLING_DEGRADATION,1.0,0.4,1.0,1.0,1.0,0.0,0.0,0.0,0.0
163.6,CLIMB,76.37,54.64,8838.33,12.32,73.622,0.8984,6023.29,88.62,599.06,5.111,66.78,19.465,25.527,1.539,24.6,16.455,6031.94,88.48,600.47,5.093,66.68,19.395,25.56,1.561,24.539,16.373,COOLING_DEGRADATION,1.0,0.4,1.0,1.0,1.0,0.0,0.0,0.0,0.0
163.7,CLIMB,76.36,54.63,8845.42,12.31,73.603,0.8982,6022.84,88.63,599.04,5.111,66.77,19.463,25.527,1.539,24.6,16.454,6022.03,88.68,602.2,5.113,66.87,19.491,25.566,1.56,24.602,16.491,COOLING_DEGRADATION,1.0,0.4,1.0,1.0,1.0,0.0,0.0,0.0,0.0
163.8,CLIMB,76.35,54.63,8852.5,12.3,73.584,0.8981,6022.38,88.64,599.03,5.111,66.76,19.462,25.527,1.539,24.6,16.453,6018.87,88.72,602.3,5.131,66.47,19.59,25.516,1.485,24.605,16.563,COOLING_DEGRADATION,1.0,0.4,1.0,1.0,1.0,0.0,0.0,0.0,0.0
163.9,CLIMB,76.34,54.62,8859.58,12.28,73.565,0.8979,6021.93,88.64,599.01,5.111,66.75,19.46,25.527,1.539,24.6,16.451,6030.09,88.63,599.07,5.153,66.75,19.461,25.514,1.471,24.563,16.511,COOLING_DEGRADATION,1.0,0.4,1.0,1.0,1.0,0.0,0.0,0.0,0.0
164.0,CLIMB,76.33,54.62,8866.67,12.27,73.546,0.8977,6021.47,88.65,599.0,5.111,66.75,19.459,25.527,1.539,24.6,16.45,6024.14,89.15,599.16,5.123,67.1,19.566,25.533,1.629,24.703,16.411,COOLING_DEGRADATION,1.0,0.4,1.0,1.0,1.0,0.0,0.0,0.0,0.0
164.1,CLIMB,76.33,54.61,8873.75,12.25,73.528,0.8975,6021.02,88.65,598.98,5.11,66.74,19.458,25.527,1.539,24.6,16.449,6015.05,89.44,597.9,5.103,66.29,19.61,25.427,1.512,24.579,16.23,COOLING_DEGRADATION,1.0,0.4,1.0,1.0,1.0,0.0,0.0,0.0,0.0
164.2,CLIMB,76.32,54.61,8880.83,12.24,73.509,0.8973,6020.56,88.66,598.97,5.11,66.73,19.456,25.526,1.539,24.6,16.448,6017.81,88.8,598.99,5.169,66.76,19.386,25.496,1.538,24.668,16.591,COOLING_DEGRADATION,1.0,0.4,1.0,1.0,1.0,0.0,0.0,0.0,0.0
164.3,CLIMB,76.31,54.6,8887.92,12.22,73.49,0.8971,6020.11,88.66,598.95,5.11,66.72,19.455,25.526,1.539,24.6,16.446,6018.61,88.66,596.81,5.136,66.44,19.413,25.521,1.571,24.634,16.38,COOLING_DEGRADATION,1.0,0.4,1.0,1.0,1.0,0.0,0.0,0.0,0.0
164.4,CLIMB,76.3,54.6,8895.0,12.21,73.471,0.8969,6019.65,88.67,598.93,5.11,66.71,19.453,25.526,1.539,24.6,16.445,6016.66,88.8,599.37,5.123,66.8,19.411,25.503,1.572,24.604,16.39,COOLING_DEGRADATION,1.0,0.4,1.0,1.0,1.0,0.0,0.0,0.0,0.0
164.5,CLIMB,76.29,54.59,8902.08,12.2,73.452,0.8968,6019.2,88.67,598.92,5.11,66.7,19.452,25.526,1.539,24.6,16.444,6012.8,88.37,597.44,5.122,66.8,19.277,25.597,1.59,24.646,16.396,COOLING_DEGRADATION,1.0,0.4,1.0,1.0,1.0,0.0,0.0,0.0,0.0
164.6,CLIMB,76.28,54.58,8909.17,12.18,73.433,0.8966,6018.74,88.68,598.9,5.11,66.69,19.451,25.526,1.539,24.6,16.443,6022.85,89.41,598.16,5.161,67.26,19.424,25.487,1.605,24.591,16.554,COOLING_DEGRADATION,1.0,0.4,1.0,1.0,1.0,0.0,0.0,0.0,0.0
164.7,CLIMB,76.28,54.58,8916.25,12.17,73.415,0.8964,6018.29,88.68,598.89,5.109,66.68,19.449,25.526,1.538,24.6,16.441,6025.71,88.93,598.21,5.108,66.65,19.586,25.477,1.557,24.591,16.489,COOLING_DEGRADATION,1.0,0.4,1.0,1.0,1.0,0.0,0.0,0.0,0.0
164.8,CLIMB,76.27,54.57,8923.33,12.15,73.396,0.8962,6017.84,88.69,598.87,5.109,66.67,19.448,25.525,1.538,24.6,16.44,6009.85,88.02,595.07,5.111,66.87,19.394,25.524,1.552,24.59,16.563,COOLING_DEGRADATION,1.0,0.4,1.0,1.0,1.0,0.0,0.0,0.0,0.0
164.9,CLIMB,76.26,54.57,8930.42,12.14,73.377,0.896,6017.38,88.69,598.86,5.109,66.66,19.446,25.525,1.538,24.6,16.439,6014.25,88.97,598.06,5.123,66.95,19.382,25.537,1.541,24.551,16.362,COOLING_DEGRADATION,1.0,0.4,1.0,1.0,1.0,0.0,0.0,0.0,0.0
165.0,CLIMB,76.25,54.56,8937.5,12.13,73.358,0.8958,6016.93,88.7,598.84,5.109,66.65,19.445,25.525,1.538,24.6,16.438,6012.4,88.54,597.03,5.119,66.74,19.443,25.476,1.613,24.615,16.202,COOLING_DEGRADATION,1.0,0.4,1.0,1.0,1.0,0.0,0.0,0.0,0.0
165.1,CLIMB,76.24,54.56,8944.58,12.11,73.34,0.8957,6016.47,88.7,598.83,5.109,66.64,19.443,25.525,1.538,24.6,16.436,6009.83,89.39,596.96,5.13,67.04,19.195,25.473,1.521,24.637,16.338,COOLING_DEGRADATION,1.0,0.4,1.0,1.0,1.0,0.0,0.0,0.0,0.0
165.2,CLIMB,76.23,54.55,8951.67,12.1,73.321,0.8955,6016.02,88.71,598.81,5.109,66.63,19.442,25.525,1.538,24.6,16.435,6016.09,88.6,598.23,5.158,66.62,19.431,25.512,1.614,24.633,16.452,COOLING_DEGRADATION,1.0,0.4,1.0,1.0,1.0,0.0,0.0,0.0,0.0
165.3,CLIMB,76.23,54.55,8958.75,12.08,73.302,0.8953,6015.56,88.71,598.8,5.108,66.62,19.441,25.525,1.538,24.6,16.434,6023.21,88.25,598.4,5.038,66.54,19.303,25.592,1.556,24.77,16.474,COOLING_DEGRADATION,1.0,0.4,1.0,1.0,1.0,0.0,0.0,0.0,0.0
165.4,CLIMB,76.22,54.54,8965.83,12.07,73.283,0.8951,6015.11,88.72,598.78,5.108,66.61,19.439,25.524,1.538,24.6,16.433,6016.69,88.37,599.87,5.162,66.41,19.583,25.527,1.474,24.574,16.392,COOLING_DEGRADATION,1.0,0.4,1.0,1.0,1.0,0.0,0.0,0.0,0.0
165.5,CLIMB,76.21,54.54,8972.92,12.05,73.265,0.8949,6014.65,88.73,598.76,5.108,66.6,19.438,25.524,1.538,24.6,16.431,6016.77,87.92,601.38,5.126,66.29,19.373,25.426,1.606,24.603,16.381,COOLING_DEGRADATION,1.0,0.4,1.0,1.0,1.0,0.0,0.0,0.0,0.0
165.6,CLIMB,76.2,54.53,8980.0,12.04,73.246,0.8947,6014.2,88.73,598.75,5.108,66.59,19.436,25.524,1.538,24.6,16.43,6014.41,88.5,598.69,5.086,66.86,19.29,25.494,1.578,24.546,16.553,COOLING_DEGRADATION,1.0,0.4,1.0,1.0,1.0,0.0,0.0,0.0,0.0
165.7,CLIMB,76.19,54.52,8987.08,12.03,73.227,0.8945,6013.75,88.74,598.73,5.108,66.58,19.435,25.524,1.538,24.6,16.429,6013.98,88.22,597.98,5.107,66.68,19.421,25.491,1.506,24.583,16.175,COOLING_DEGRADATION,1.0,0.4,1.0,1.0,1.0,0.0,0.0,0.0,0.0
165.8,CLIMB,76.18,54.52,8994.17,12.01,73.208,0.8944,6013.29,88.74,598.72,5.108,66.57,19.434,25.524,1.537,24.6,16.428,6011.9,88.94,598.87,5.107,66.18,19.155,25.548,1.493,24.588,16.434,COOLING_DEGRADATION,1.0,0.4,1.0,1.0,1.0,0.0,0.0,0.0,0.0
165.9,CLIMB,76.18,54.51,9001.25,12.0,73.19,0.8942,6012.84,88.75,598.7,5.107,66.57,19.432,25.524,1.537,24.6,16.426,6015.18,89.05,596.42,5.116,66.7,19.389,25.518,1.458,24.553,16.398,COOLING_DEGRADATION,1.0,0.4,1.0,1.0,1.0,0.0,0.0,0.0,0.0
166.0,CLIMB,76.17,54.51,9008.33,11.98,73.171,0.894,6012.38,88.75,598.69,5.107,66.56,19.431,25.523,1.537,24.6,16.425,6014.22,88.18,597.51,5.138,66.32,19.525,25.448,1.522,24.574,16.471,COOLING_DEGRADATION,1.0,0.4,1.0,1.0,1.0,0.0,0.0,0.0,0.0
166.1,CLIMB,76.16,54.5,9015.42,11.97,73.152,0.8938,6011.93,88.76,598.67,5.107,66.55,19.429,25.523,1.537,24.6,16.424,6016.4,88.6,598.74,5.12,66.39,19.406,25.561,1.573,24.623,16.505,COOLING_DEGRADATION,1.0,0.4,1.0,1.0,1.0,0.0,0.0,0.0,0.0
166.2,CLIMB,76.15,54.5,9022.5,11.96,73.133,0.8936,6011.48,88.76,598.66,5.107,66.54,19.428,25.523,1.537,24.6,16.423,6013.76,88.84,597.72,5.06,66.64,19.471,25.519,1.485,24.685,16.589,COOLING_DEGRADATION,1.0,0.4,1.0,1.0,1.0,0.0,0.0,0.0,0.0
166.3,CLIMB,76.14,54.49,9029.58,11.94,73.115,0.8934,6011.02,88.77,598.64,5.107,66.53,19.427,25.523,1.537,24.6,16.421,6004.97,87.73,599.73,5.131,66.82,19.316,25.455,1.467,24.616,16.504,COOLING_DEGRADATION,1.0,0.4,1.0,1.0,1.0,0.0,0.0,0.0,0.0
166.4,CLIMB,76.13,54.49,9036.67,11.93,73.096,0.8933,6010.57,88.77,598.62,5.107,66.52,19.425,25.523,1.537,24.6,16.42,6017.02,88.1,596.94,5.143,66.76,19.399,25.501,1.606,24.643,16.352,COOLING_DEGRADATION,1.0,0.4,1.0,1.0,1.0,0.0,0.0,0.0,0.0
166.5,CLIMB,76.13,54.48,9043.75,11.91,73.077,0.8931,6010.11,88.78,598.61,5.106,66.51,19.424,25.523,1.537,24.6,16.419,6007.07,88.62,596.82,5.11,65.85,19.421,25.451,1.448,24.627,16.457,COOLING_DEGRADATION,1.0,0.4,1.0,1.0,1.0,0.0,0.0,0.0,0.0
166.6,CLIMB,76.12,54.48,9050.83,11.9,73.059,0.8929,6009.66,88.78,598.59,5.106,66.5,19.422,25.522,1.537,24.6,16.418,5999.89,88.03,597.96,5.078,66.29,19.264,25.47,1.5,24.698,16.323,COOLING_DEGRADATION,1.0,0.4,1.0,1.0,1.0,0.0,0.0,0.0,0.0
166.7,CLIMB,76.11,54.47,9057.92,11.88,73.04,0.8927,6009.21,88.79,598.58,5.106,66.49,19.421,25.522,1.537,24.6,16.416,6003.77,88.82,600.05,5.203,66.63,19.384,25.531,1.498,24.641,16.539,COOLING_DEGRADATION,1.0,0.4,1.0,1.0,1.0,0.0,0.0,0.0,0.0
166.8,CLIMB,76.1,54.47,9065.0,11.87,73.021,0.8925,6008.75,88.79,598.56,5.106,66.48,19.419,25.522,1.537,24.6,16.415,6008.54,88.29,595.85,5.129,66.5,19.273,25.531,1.509,24.529,16.589,COOLING_DEGRADATION,1.0,0.4,1.0,1.0,1.0,0.0,0.0,0.0,0.0
166.9,CLIMB,76.09,54.46,9072.08,11.86,73.002,0.8923,6008.3,88.8,598.55,5.106,66.47,19.418,25.522,1.537,24.6,16.414,6007.29,88.07,599.65,5.087,66.34,19.484,25.521,1.434,24.635,16.278,COOLING_DEGRADATION,1.0,0.4,1.0,1.0,1.0,0.0,0.0,0.0,0.0
167.0,CLIMB,76.08,54.45,9079.17,11.84,72.984,0.8921,6007.84,88.8,598.53,5.106,66.46,19.417,25.522,1.536,24.6,16.413,6017.68,89.68,597.36,5.056,66.79,19.312,25.495,1.531,24.599,16.35,COOLING_DEGRADATION,1.0,0.4,1.0,1.0,1.0,0.0,0.0,0.0,0.0
167.1,CLIMB,76.08,54.45,9086.25,11.83,72.965,0.892,6007.39,88.81,598.52,5.105,66.45,19.415,25.522,1.536,24.6,16.411,6007.69,88.91,598.24,5.056,66.95,19.47,25.515,1.514,24.599,16.472,COOLING_DEGRADATION,1.0,0.4,1.0,1.0,1.0,0.0,0.0,0.0,0.0
167.2,CLIMB,76.07,54.44,9093.33,11.81,72.946,0.8918,6006.94,88.81,598.5,5.105,66.44,19.414,25.521,1.536,24.6,16.41,6002.37,88.91,599.11,5.065,66.37,19.534,25.476,1.498,24.591,16.507,COOLING_DEGRADATION,1.0,0.4,1.0,1.0,1.0,0.0,0.0,0.0,0.0
167.3,CLIMB,76.06,54.44,9100.42,11.8,72.928,0.8916,6006.48,88.82,598.49,5.105,66.43,19.412,25.521,1.536,24.6,16.409,6009.65,88.82,601.28,5.087,66.0,19.328,25.445,1.663,24.513,16.628,COOLING_DEGRADATION,1.0,0.4,1.0,1.0,1.0,0.0,0.0,0.0,0.0
167.4,CLIMB,76.05,54.43,9107.5,11.79,72.909,0.8914,6006.03,88.83,598.47,5.105,66.42,19.411,25.521,1.536,24.6,16.408,6009.69,88.55,598.91,5.115,66.75,19.399,25.531,1.497,24.477,16.491,COOLING_DEGRADATION,1.0,0.4,1.0,1.0,1.0,0.0,0.0,0.0,0.0
167.5,CLIMB,76.04,54.43,9114.58,11.77,72.89,0.8912,6005.57,88.83,598.45,5.105,66.41,19.41,25.521,1.536,24.6,16.406,6005.1,88.96,598.32,5.077,66.64,19.49,25.641,1.452,24.579,16.479,COOLING_DEGRADATION,1.0,0.4,1.0,1.0,1.0,0.0,0.0,0.0,0.0
167.6,CLIMB,76.03,54.42,9121.67,11.76,72.872,0.891,6005.12,88.84,598.44,5.105,66.4,19.408,25.521,1.536,24.6,16.405,6014.66,89.76,598.59,5.125,66.69,19.343,25.488,1.664,24.721,16.334,COOLING_DEGRADATION,1.0,0.4,1.0,1.0,1.0,0.0,0.0,0.0,0.0
167.7,CLIMB,76.03,54.42,9128.75,11.74,72.853,0.8909,6004.67,88.84,598.42,5.104,66.39,19.407,25.521,1.536,24.6,16.404,5999.22,89.01,599.44,5.136,65.72,19.263,25.491,1.578,24.616,16.416,COOLING_DEGRADATION,1.0,0.4,1.0,1.0,1.0,0.0,0.0,0.0,0.0
167.8,CLIMB,76.02,54.41,9135.83,11.73,72.834,0.8907,6004.21,88.85,598.41,5.104,66.38,19.405,25.52,1.536,24.6,16.403,6005.55,89.21,596.73,5.096,66.66,19.249,25.485,1.563,24.55,16.367,COOLING_DEGRADATION,1.0,0.4,1.0,1.0,1.0,0.0,0.0,0.0,0.0
167.9,CLIMB,76.01,54.41,9142.92,11.71,72.816,0.8905,6003.76,88.85,598.39,5.104,66.37,19.404,25.52,1.536,24.6,16.401,6012.45,89.61,600.14,5.113,66.07,19.289,25.522,1.511,24.583,16.316,COOLING_DEGRADATION,1.0,0.4,1.0,1.0,1.0,0.0,0.0,0.0,0.0
168.0,CLIMB,76.0,54.4,9150.0,11.7,72.797,0.8903,6003.3,88.86,598.38,5.104,66.36,19.402,25.52,1.536,24.6,16.4,6002.82,88.99,598.41,5.085,66.83,19.39,25.516,1.622,24.627,16.455,COOLING_DEGRADATION,1.0,0.4,1.0,1.0,1.0,0.0,0.0,0.0,0.0
168.1,CLIMB,75.99,54.39,9157.08,11.69,72.779,0.8901,6002.85,88.86,598.36,5.104,66.35,19.401,25.52,1.535,24.6,16.399,5999.68,90.1,597.55,5.032,66.43,19.411,25.485,1.562,24.515,16.169,COOLING_DEGRADATION,1.0,0.4,1.0,1.0,1.0,0.0,0.0,0.0,0.0
168.2,CLIMB,75.98,54.39,9164.17,11.67,72.76,0.8899,6002.4,88.87,598.35,5.104,66.34,19.4,25.52,1.535,24.6,16.398,6008.68,89.06,600.56,5.107,66.29,19.509,25.425,1.583,24.599,16.427,COOLING_DEGRADATION,1.0,0.4,1.0,1.0,1.0,0.0,0.0,0.0,0.0
168.3,CLIMB,75.98,54.38,9171.25,11.66,72.741,0.8898,6001.94,88.87,598.33,5.103,66.33,19.398,25.52,1.535,24.6,16.396,6004.3,88.22,600.09,5.093,66.34,19.305,25.499,1.447,24.625,16.318,COOLING_DEGRADATION,1.0,0.4,1.0,1.0,1.0,0.0,0.0,0.0,0.0
168.4,CLIMB,75.97,54.38,9178.33,11.64,72.723,0.8896,6001.49,88.88,598.31,5.103,66.32,19.397,25.519,1.535,24.6,16.395,5994.97,89.61,597.48,5.038,66.85,19.548,25.496,1.464,24.628,16.358,COOLING_DEGRADATION,1.0,0.4,1.0,1.0,1.0,0.0,0.0,0.0,0.0
168.5,CLIMB,75.96,54.37,9185.42,11.63,72.704,0.8894,6001.04,88.88,598.3,5.103,66.31,19.395,25.519,1.535,24.6,16.394,5993.61,88.97,599.52,5.181,66.32,19.368,25.51,1.547,24.605,16.216,COOLING_DEGRADATION,1.0,0.4,1.0,1.0,1.0,0.0,0.0,0.0,0.0
168.6,CLIMB,75.95,54.37,9192.5,11.62,72.685,0.8892,6000.58,88.89,598.28,5.103,66.31,19.394,25.519,1.535,24.6,16.393,6007.05,89.21,597.46,5.079,66.85,19.349,25.534,1.485,24.587,16.447,COOLING_DEGRADATION,1.0,0.4,1.0,1.0,1.0,0.0,0.0,0.0,0.0
168.7,CLIMB,75.94,54.36,9199.58,11.6,72.667,0.889,6000.13,88.89,598.27,5.103,66.3,19.393,25.519,1.535,24.6,16.391,6000.52,89.85,599.96,5.128,66.3,19.253,25.566,1.518,24.632,16.436,COOLING_DEGRADATION,1.0,0.4,1.0,1.0,1.0,0.0,0.0,0.0,0.0
168.8,CLIMB,75.93,54.36,9206.67,11.59,72.648,0.8888,5999.68,88.9,598.25,5.103,66.29,19.391,25.519,1.535,24.6,16.39,5997.89,89.83,599.79,5.073,65.75,19.43,25.512,1.541,24.49,16.444,COOLING_DEGRADATION,1.0,0.4,1.0,1.0,1.0,0.0,0.0,0.0,0.0
168.9,CLIMB,75.93,54.35,9213.75,11.57,72.63,0.8887,5999.22,88.9,598.24,5.103,66.28,19.39,25.519,1.535,24.6,16.389,6000.32,88.84,599.07,5.058,66.37,19.463,25.524,1.529,24.567,16.286,COOLING_DEGRADATION,1.0,0.4,1.0,1.0,1.0,0.0,0.0,0.0,0.0
169.0,CLIMB,75.92,54.35,9220.83,11.56,72.611,0.8885,5998.77,88.91,598.22,5.102,66.27,19.388,25.518,1.535,24.6,16.388,6008.61,89.02,599.16,5.161,65.82,19.323,25.551,1.526,24.551,16.36,COOLING_DEGRADATION,1.0,0.4,1.0,1.0,1.0,0.0,0.0,0.0,0.0
169.1,CLIMB,75.91,54.34,9227.92,11.54,72.592,0.8883,5998.32,88.91,598.21,5.102,66.26,19.387,25.518,1.535,24.6,16.386,6003.25,87.71,596.98,5.115,66.49,19.342,25.55,1.515,24.631,16.392,COOLING_DEGRADATION,1.0,0.4,1.0,1.0,1.0,0.0,0.0,0.0,0.0
169.2,CLIMB,75.9,54.34,9235.0,11.53,72.574,0.8881,5997.86,88.92,598.19,5.102,66.25,19.385,25.518,1.534,24.6,16.385,6003.14,89.16,597.31,5.114,66.9,19.583,25.492,1.584,24.656,16.309,COOLING_DEGRADATION,1.0,0.4,1.0,1.0,1.0,0.0,0.0,0.0,0.0
169.3,CLIMB,75.89,54.33,9242.08,11.52,72.555,0.8879,5997.41,88.92,598.17,5.102,66.24,19.384,25.518,1.534,24.6,16.384,5998.51,89.14,595.02,5.074,66.16,19.426,25.462,1.542,24.538,16.284,COOLING_DEGRADATION,1.0,0.4,1.0,1.0,1.0,0.0,0.0,0.0,0.0
169.4,CLIMB,75.88,54.32,9249.17,11.5,72.537,0.8877,5996.96,88.93,598.16,5.102,66.23,19.383,25.518,1.534,24.6,16.383,6000.41,88.38,599.54,5.124,65.68,19.402,25.432,1.49,24.612,16.385,COOLING_DEGRADATION,1.0,0.4,1.0,1.0,1.0,0.0,0.0,0.0,0.0
169.5,CLIMB,75.88,54.32,9256.25,11.49,72.518,0.8876,5996.5,88.94,598.14,5.102,66.22,19.381,25.518,1.534,24.6,16.381,6002.06,88.22,597.17,5.103,66.49,19.441,25.447,1.611,24.685,16.225,COOLING_DEGRADATION,1.0,0.4,1.0,1.0,1.0,0.0,0.0,0.0,0.0
169.6,CLIMB,75.87,54.31,9263.33,11.47,72.5,0.8874,5996.05,88.94,598.13,5.101,66.21,19.38,25.517,1.534,24.6,16.38,5993.39,88.68,598.58,5.113,66.36,19.309,25.478,1.503,24.631,16.407,COOLING_DEGRADATION,1.0,0.4,1.0,1.0,1.0,0.0,0.0,0.0,0.0
169.7,CLIMB,75.86,54.31,9270.42,11.46,72.481,0.8872,5995.59,88.95,598.11,5.101,66.2,19.378,25.517,1.534,24.6,16.379,5991.83,89.17,598.28,5.069,66.35,19.286,25.55,1.512,24.554,16.416,COOLING_DEGRADATION,1.0,0.4,1.0,1.0,1.0,0.0,0.0,0.0,0.0
169.8,CLIMB,75.85,54.3,9277.5,11.45,72.463,0.887,5995.14,88.95,598.1,5.101,66.19,19.377,25.517,1.534,24.6,16.378,5998.82,89.32,599.4,5.068,66.55,19.416,25.577,1.625,24.607,16.32,COOLING_DEGRADATION,1.0,0.4,1.0,1.0,1.0,0.0,0.0,0.0,0.0
169.9,CLIMB,75.84,54.3,9284.58,11.43,72.444,0.8868,5994.69,88.96,598.08,5.101,66.18,19.376,25.517,1.534,24.6,16.376,5989.84,88.75,598.68,5.166,66.24,19.452,25.541,1.553,24.52,16.522,COOLING_DEGRADATION,1.0,0.4,1.0,1.0,1.0,0.0,0.0,0.0,0.0
170.0,CLIMB,75.83,54.29,9291.67,11.42,72.425,0.8866,5994.24,88.96,598.07,5.101,66.17,19.374,25.517,1.534,24.6,16.375,5991.36,89.12,598.33,5.113,66.15,19.436,25.588,1.492,24.659,16.369,COOLING_DEGRADATION,1.0,0.4,1.0,1.0,1.0,0.0,0.0,0.0,0.0
170.1,CLIMB,75.83,54.29,9298.75,11.4,72.407,0.8865,5993.78,88.97,598.05,5.101,66.16,19.373,25.517,1.534,24.6,16.374,5992.47,88.81,596.7,5.064,66.31,19.232,25.525,1.518,24.661,16.531,COOLING_DEGRADATION,1.0,0.4,1.0,1.0,1.0,0.0,0.0,0.0,0.0
170.2,CLIMB,75.82,54.28,9305.83,11.39,72.388,0.8863,5993.33,88.97,598.03,5.1,66.15,19.371,25.516,1.534,24.6,16.373,5989.61,88.37,599.56,5.128,66.15,19.357,25.477,1.474,24.609,16.239,COOLING_DEGRADATION,1.0,0.4,1.0,1.0,1.0,0.0,0.0,0.0,0.0
170.3,CLIMB,75.81,54.28,9312.92,11.37,72.37,0.8861,5992.88,88.98,598.02,5.1,66.14,19.37,25.516,1.533,24.6,16.371,5998.3,88.78,595.98,5.125,66.32,19.339,25.472,1.537,24.543,16.31,COOLING_DEGRADATION,1.0,0.4,1.0,1.0,1.0,0.0,0.0,0.0,0.0
170.4,CLIMB,75.8,54.27,9320.0,11.36,72.351,0.8859,5992.42,88.98,598.0,5.1,66.13,19.368,25.516,1.533,24.6,16.37,5991.59,88.45,599.34,5.075,66.4,19.179,25.534,1.428,24.615,16.341,COOLING_DEGRADATION,1.0,0.4,1.0,1.0,1.0,0.0,0.0,0.0,0.0
170.5,CLIMB,75.79,54.26,9327.08,11.35,72.333,0.8857,5991.97,88.99,597.99,5.1,66.12,19.367,25.516,1.533,24.6,16.369,6001.44,88.97,598.85,5.062,66.87,19.287,25.481,1.451,24.653,16.339,COOLING_DEGRADATION,1.0,0.4,1.0,1.0,1.0,0.0,0.0,0.0,0.0
170.6,CLIMB,75.78,54.26,9334.17,11.33,72.314,0.8855,5991.52,88.99,597.97,5.1,66.11,19.366,25.516,1.533,24.6,16.368,5991.09,89.15,598.46,5.11,66.26,19.334,25.52,1.41,24.568,16.32,COOLING_DEGRADATION,1.0,0.4,1.0,1.0,1.0,0.0,0.0,0.0,0.0
170.7,CLIMB,75.78,54.25,9341.25,11.32,72.296,0.8854,5991.06,89.0,597.96,5.1,66.1,19.364,25.516,1.533,24.6,16.366,5988.11,89.67,597.24,5.118,65.76,19.336,25.521,1.508,24.606,16.274,COOLING_DEGRADATION,1.0,0.4,1.0,1.0,1.0,0.0,0.0,0.0,0.0
170.8,CLIMB,75.77,54.25,9348.33,11.3,72.277,0.8852,5990.61,89.0,597.94,5.099,66.09,19.363,25.515,1.533,24.6,16.365,5992.91,89.01,594.81,5.14,65.97,19.467,25.541,1.52,24.63,16.442,COOLING_DEGRADATION,1.0,0.4,1.0,1.0,1.0,0.0,0.0,0.0,0.0
170.9,CLIMB,75.76,54.24,9355.42,11.29,72.259,0.885,5990.16,89.01,597.93,5.099,66.08,19.361,25.515,1.533,24.6,16.364,5991.42,88.48,599.49,5.113,66.35,19.339,25.583,1.564,24.72,16.177,COOLING_DEGRADATION,1.0,0.4,1.0,1.0,1.0,0.0,0.0,0.0,0.0
171.0,CLIMB,75.75,54.24,9362.5,11.28,72.24,0.8848,5989.7,89.01,597.91,5.099,66.07,19.36,25.515,1.533,24.6,16.363,5987.57,88.78,595.0,5.063,66.38,19.536,25.495,1.552,24.55,16.343,COOLING_DEGRADATION,1.0,0.4,1.0,1.0,1.0,0.0,0.0,0.0,0.0
171.1,CLIMB,75.74,54.23,9369.58,11.26,72.222,0.8846,5989.25,89.02,597.89,5.099,66.06,19.358,25.515,1.533,24.6,16.361,5991.31,88.52,596.41,5.052,66.21,19.358,25.506,1.553,24.643,16.328,COOLING_DEGRADATION,1.0,0.4,1.0,1.0,1.0,0.0,0.0,0.0,0.0
171.2,CLIMB,75.73,54.23,9376.67,11.25,72.203,0.8845,5988.8,89.02,597.88,5.099,66.05,19.357,25.515,1.533,24.6,16.36,5973.54,89.57,595.85,5.1,65.34,19.293,25.52,1.491,24.626,16.303,COOLING_DEGRADATION,1.0,0.4,1.0,1.0,1.0,0.0,0.0,0.0,0.0
171.3,CLIMB,75.73,54.22,9383.75,11.23,72.185,0.8843,5988.34,89.03,597.86,5.099,66.04,19.356,25.515,1.533,24.6,16.359,5991.02,89.76,597.27,5.107,66.34,19.26,25.528,1.539,24.618,16.622,COOLING_DEGRADATION,1.0,0.4,1.0,1.0,1.0,0.0,0.0,0.0,0.0
171.4,CLIMB,75.72,54.22,9390.83,11.22,72.166,0.8841,5987.89,89.03,597.85,5.098,66.03,19.354,25.514,1.533,24.6,16.358,5988.41,89.42,595.92,5.173,66.04,19.444,25.435,1.455,24.588,16.361,COOLING_DEGRADATION,1.0,0.4,1.0,1.0,1.0,0.0,0.0,0.0,0.0
171.5,CLIMB,75.71,54.21,9397.92,11.2,72.148,0.8839,5987.44,89.04,597.83,5.098,66.02,19.353,25.514,1.532,24.6,16.356,5986.44,89.51,597.18,5.065,65.77,19.446,25.579,1.48,24.606,16.249,COOLING_DEGRADATION,1.0,0.4,1.0,1.0,1.0,0.0,0.0,0.0,0.0
171.6,CLIMB,75.7,54.21,9405.0,11.19,72.129,0.8837,5986.99,89.04,597.82,5.098,66.01,19.351,25.514,1.532,24.6,16.355,5989.19,89.32,595.6,5.113,66.28,19.362,25.482,1.452,24.603,16.325,COOLING_DEGRADATION,1.0,0.4,1.0,1.0,1.0,0.0,0.0,0.0,0.0
171.7,CLIMB,75.69,54.2,9412.08,11.18,72.111,0.8835,5986.53,89.05,597.8,5.098,66.0,19.35,25.514,1.532,24.6,16.354,5984.19,89.29,598.24,5.127,65.96,19.359,25.494,1.568,24.661,16.36,COOLING_DEGRADATION,1.0,0.4,1.0,1.0,1.0,0.0,0.0,0.0,0.0
171.8,CLIMB,75.68,54.19,9419.17,11.16,72.092,0.8834,5986.08,89.06,597.79,5.098,65.99,19.349,25.514,1.532,24.6,16.353,5975.53,89.75,596.72,5.058,66.19,19.401,25.451,1.487,24.685,16.361,COOLING_DEGRADATION,1.0,0.4,1.0,1.0,1.0,0.0,0.0,0.0,0.0
171.9,CLIMB,75.68,54.19,9426.25,11.15,72.074,0.8832,5985.63,89.06,597.77,5.098,65.98,19.347,25.514,1.532,24.6,16.351,5981.6,89.58,596.07,5.127,65.33,19.506,25.455,1.49,24.669,16.413,COOLING_DEGRADATION,1.0,0.4,1.0,1.0,1.0,0.0,0.0,0.0,0.0
172.0,CLIMB,75.67,54.18,9433.33,11.13,72.056,0.883,5985.17,89.07,597.76,5.098,65.97,19.346,25.513,1.532,24.6,16.35,5982.14,89.64,596.16,5.09,66.14,19.076,25.559,1.494,24.484,16.527,COOLING_DEGRADATION,1.0,0.4,1.0,1.0,1.0,0.0,0.0,0.0,0.0
172.1,CLIMB,75.66,54.18,9440.42,11.12,72.037,0.8828,5984.72,89.07,597.74,5.097,65.96,19.344,25.513,1.532,24.6,16.349,5985.51,88.75,597.36,5.129,65.81,19.27,25.555,1.407,24.563,16.475,COOLING_DEGRADATION,1.0,0.4,1.0,1.0,1.0,0.0,0.0,0.0,0.0
172.2,CLIMB,75.65,54.17,9447.5,11.11,72.019,0.8826,5984.27,89.08,597.72,5.097,65.95,19.343,25.513,1.532,24.6,16.348,5994.33,89.87,598.07,5.091,66.19,19.579,25.497,1.533,24.554,16.504,COOLING_DEGRADATION,1.0,0.4,1.0,1.0,1.0,0.0,0.0,0.0,0.0
172.3,CLIMB,75.64,54.17,9454.58,11.09,72.0,0.8825,5983.82,89.08,597.71,5.097,65.94,19.341,25.513,1.532,24.6,16.346,5981.23,89.33,597.28,5.145,66.08,19.365,25.527,1.472,24.581,16.276,COOLING_DEGRADATION,1.0,0.4,1.0,1.0,1.0,0.0,0.0,0.0,0.0
172.4,CLIMB,75.63,54.16,9461.67,11.08,71.982,0.8823,5983.36,89.09,597.69,5.097,65.93,19.34,25.513,1.532,24.6,16.345,5993.14,89.04,598.65,5.143,66.68,19.342,25.504,1.571,24.585,16.243,COOLING_DEGRADATION,1.0,0.4,1.0,1.0,1.0,0.0,0.0,0.0,0.0
172.5,CLIMB,75.63,54.16,9468.75,11.06,71.963,0.8821,5982.91,89.09,597.68,5.097,65.92,19.339,25.513,1.532,24.6,16.344,5981.16,88.75,600.16,5.052,66.12,19.218,25.572,1.619,24.65,16.244,COOLING_DEGRADATION,1.0,0.4,1.0,1.0,1.0,0.0,0.0,0.0,0.0
172.6,CLIMB,75.62,54.15,9475.83,11.05,71.945,0.8819,5982.46,89.1,597.66,5.097,65.91,19.337,25.512,1.531,24.6,16.343,5983.96,88.91,598.84,5.125,65.69,19.365,25.519,1.573,24.554,16.339,COOLING_DEGRADATION,1.0,0.4,1.0,1.0,1.0,0.0,0.0,0.0,0.0
172.7,CLIMB,75.61,54.15,9482.92,11.03,71.927,0.8817,5982.01,89.1,597.65,5.096,65.9,19.336,25.512,1.531,24.6,16.341,5990.02,90.23,596.51,5.119,65.54,19.246,25.501,1.543,24.576,16.273,COOLING_DEGRADATION,1.0,0.4,1.0,1.0,1.0,0.0,0.0,0.0,0.0
172.8,CLIMB,75.6,54.14,9490.0,11.02,71.908,0.8815,5981.55,89.11,597.63,5.096,65.89,19.334,25.512,1.531,24.6,16.34,5977.62,88.9,598.3,5.092,66.39,19.193,25.508,1.517,24.53,16.402,COOLING_DEGRADATION,1.0,0.4,1.0,1.0,1.0,0.0,0.0,0.0,0.0
172.9,CLIMB,75.59,54.13,9497.08,11.01,71.89,0.8814,5981.1,89.11,597.62,5.096,65.88,19.333,25.512,1.531,24.6,16.339,5982.48,89.55,595.26,5.062,65.54,19.298,25.517,1.475,24.621,16.344,COOLING_DEGRADATION,1.0,0.4,1.0,1.0,1.0,0.0,0.0,0.0,0.0
173.0,CLIMB,75.58,54.13,9504.17,10.99,71.871,0.8812,5980.65,89.12,597.6,5.096,65.87,19.332,25.512,1.531,24.6,16.338,5981.37,89.0,599.77,5.109,65.9,19.435,25.541,1.486,24.531,16.303,COOLING_DEGRADATION,1.0,0.4,1.0,1.0,1.0,0.0,0.0,0.0,0.0
173.1,CLIMB,75.58,54.12,9511.25,10.98,71.853,0.881,5980.2,89.12,597.58,5.096,65.86,19.33,25.512,1.531,24.6,16.336,5976.18,88.08,596.15,5.064,66.22,19.24,25.537,1.468,24.62,16.378,COOLING_DEGRADATION,1.0,0.4,1.0,1.0,1.0,0.0,0.0,0.0,0.0
173.2,CLIMB,75.57,54.12,9518.33,10.96,71.835,0.8808,5979.74,89.13,597.57,5.096,65.85,19.329,25.511,1.531,24.6,16.335,5979.67,89.53,599.67,5.09,65.71,19.29,25.487,1.5,24.577,16.576,COOLING_DEGRADATION,1.0,0.4,1.0,1.0,1.0,0.0,0.0,0.0,0.0
173.3,CLIMB,75.56,54.11,9525.42,10.95,71.816,0.8806,5979.29,89.13,597.55,5.095,65.84,19.327,25.511,1.531,24.6,16.334,5993.85,88.42,597.1,5.093,65.8,19.235,25.473,1.611,24.63,16.477,COOLING_DEGRADATION,1.0,0.4,1.0,1.0,1.0,0.0,0.0,0.0,0.0
173.4,CLIMB,75.55,54.11,9532.5,10.94,71.798,0.8805,5978.84,89.14,597.54,5.095,65.83,19.326,25.511,1.531,24.6,16.333,5974.31,89.82,596.81,5.076,65.41,19.409,25.545,1.569,24.583,16.124,COOLING_DEGRADATION,1.0,0.4,1.0,1.0,1.0,0.0,0.0,0.0,0.0
173.5,CLIMB,75.54,54.1,9539.58,10.92,71.779,0.8803,5978.39,89.14,597.52,5.095,65.82,19.324,25.511,1.531,24.6,16.331,5974.38,88.74,596.93,5.092,66.16,19.281,25.474,1.527,24.543,16.515,COOLING_DEGRADATION,1.0,0.4,1.0,1.0,1.0,0.0,0.0,0.0,0.0
173.6,CLIMB,75.53,54.1,9546.67,10.91,71.761,0.8801,5977.93,89.15,597.51,5.095,65.81,19.323,25.511,1.531,24.6,16.33,5985.45,88.25,596.16,5.151,65.22,19.161,25.521,1.575,24.576,16.342,COOLING_DEGRADATION,1.0,0.4,1.0,1.0,1.0,0.0,0.0,0.0,0.0
173.7,CLIMB,75.53,54.09,9553.75,10.89,71.743,0.8799,5977.48,89.15,597.49,5.095,65.8,19.322,25.511,1.53,24.6,16.329,5982.35,88.93,595.54,5.042,65.98,19.151,25.531,1.413,24.641,16.254,COOLING_DEGRADATION,1.0,0.4,1.0,1.0,1.0,0.0,0.0,0.0,0.0
173.8,CLIMB,75.52,54.09,9560.83,10.88,71.724,0.8797,5977.03,89.16,597.47,5.095,65.79,19.32,25.51,1.53,24.6,16.328,5969.48,89.71,597.92,5.07,65.35,19.319,25.519,1.617,24.552,16.276,COOLING_DEGRADATION,1.0,0.4,1.0,1.0,1.0,0.0,0.0,0.0,0.0
173.9,CLIMB,75.51,54.08,9567.92,10.86,71.706,0.8795,5976.58,89.16,597.46,5.094,65.78,19.319,25.51,1.53,24.6,16.326,5968.92,89.34,594.51,5.075,65.88,19.269,25.608,1.509,24.651,16.36,COOLING_DEGRADATION,1.0,0.4,1.0,1.0,1.0,0.0,0.0,0.0,0.0
174.0,CLIMB,75.5,54.08,9575.0,10.85,71.688,0.8794,5976.12,89.17,597.44,5.094,65.78,19.317,25.51,1.53,24.6,16.325,5984.07,89.82,594.87,5.091,65.46,19.396,25.506,1.527,24.581,16.238,COOLING_DEGRADATION,1.0,0.4,1.0,1.0,1.0,0.0,0.0,0.0,0.0
174.1,CLIMB,75.49,54.07,9582.08,10.84,71.669,0.8792,5975.67,89.17,597.43,5.094,65.77,19.316,25.51,1.53,24.6,16.324,5984.84,88.73,595.58,5.094,66.34,19.367,25.492,1.432,24.667,16.382,COOLING_DEGRADATION,1.0,0.4,1.0,1.0,1.0,0.0,0.0,0.0,0.0
174.2,CLIMB,75.48,54.06,9589.17,10.82,71.651,0.879,5975.22,89.18,597.41,5.094,65.76,19.314,25.51,1.53,24.6,16.323,5973.93,88.68,599.42,5.089,66.18,19.192,25.583,1.621,24.592,16.174,COOLING_DEGRADATION,1.0,0.4,1.0,1.0,1.0,0.0,0.0,0.0,0.0
174.3,CLIMB,75.48,54.06,9596.25,10.81,71.633,0.8788,5974.77,89.19,597.4,5.094,65.75,19.313,25.51,1.53,24.6,16.321,5972.89,88.68,598.88,5.134,65.35,19.476,25.544,1.559,24.662,16.212,COOLING_DEGRADATION,1.0,0.4,1.0,1.0,1.0,0.0,0.0,0.0,0.0
174.4,CLIMB,75.47,54.05,9603.33,10.79,71.614,0.8786,5974.31,89.19,597.38,5.094,65.74,19.312,25.509,1.53,24.6,16.32,5976.38,88.96,597.79,5.069,65.89,19.293,25.48,1.525,24.57,16.257,COOLING_DEGRADATION,1.0,0.4,1.0,1.0,1.0,0.0,0.0,0.0,0.0
174.5,CLIMB,75.46,54.05,9610.42,10.78,71.596,0.8785,5973.86,89.2,597.37,5.094,65.73,19.31,25.509,1.53,24.6,16.319,5976.69,89.51,598.74,5.059,65.67,19.239,25.408,1.449,24.603,16.248,COOLING_DEGRADATION,1.0,0.4,1.0,1.0,1.0,0.0,0.0,0.0,0.0
174.6,CLIMB,75.45,54.04,9617.5,10.77,71.578,0.8783,5973.41,89.2,597.35,5.093,65.72,19.309,25.509,1.53,24.6,16.318,5974.41,88.77,597.66,5.091,65.54,19.138,25.607,1.594,24.573,16.3,COOLING_DEGRADATION,1.0,0.4,1.0,1.0,1.0,0.0,0.0,0.0,0.0
174.7,CLIMB,75.44,54.04,9624.58,10.75,71.559,0.8781,5972.96,89.21,597.33,5.093,65.71,19.307,25.509,1.53,24.6,16.316,5971.37,89.76,596.44,5.059,65.38,19.296,25.515,1.523,24.542,16.453,COOLING_DEGRADATION,1.0,0.4,1.0,1.0,1.0,0.0,0.0,0.0,0.0
174.8,CLIMB,75.43,54.03,9631.67,10.74,71.541,0.8779,5972.51,89.21,597.32,5.093,65.7,19.306,25.509,1.53,24.6,16.315,5976.16,90.55,595.76,5.072,65.33,19.465,25.514,1.62,24.558,16.257,COOLING_DEGRADATION,1.0,0.4,1.0,1.0,1.0,0.0,0.0,0.0,0.0
174.9,CLIMB,75.43,54.03,9638.75,10.72,71.523,0.8777,5972.05,89.22,597.3,5.093,65.69,19.305,25.509,1.529,24.6,16.314,5966.71,89.12,597.18,5.093,65.76,19.21,25.551,1.582,24.528,16.32,COOLING_DEGRADATION,1.0,0.4,1.0,1.0,1.0,0.0,0.0,0.0,0.0
175.0,CLIMB,75.42,54.02,9645.83,10.71,71.504,0.8776,5971.6,89.22,597.29,5.093,65.68,19.303,25.508,1.529,24.6,16.313,5969.36,89.77,594.77,5.103,65.73,19.373,25.582,1.632,24.517,16.359,COOLING_DEGRADATION,1.0,0.4,1.0,1.0,1.0,0.0,0.0,0.0,0.0
175.1,CLIMB,75.41,54.02,9652.92,10.69,71.486,0.8774,5971.15,89.23,597.27,5.093,65.67,19.302,25.508,1.529,24.6,16.311,5970.84,90.06,594.83,5.077,65.73,19.242,25.543,1.585,24.62,16.363,COOLING_DEGRADATION,1.0,0.4,1.0,1.0,1.0,0.0,0.0,0.0,0.0
175.2,CLIMB,75.4,54.01,9660.0,10.68,71.468,0.8772,5970.7,89.23,597.26,5.092,65.66,19.3,25.508,1.529,24.6,16.31,5975.66,88.87,600.36,5.09,66.08,19.259,25.438,1.572,24.703,16.257,COOLING_DEGRADATION,1.0,0.4,1.0,1.0,1.0,0.0,0.0,0.0,0.0
175.3,CLIMB,75.39,54.0,9667.08,10.67,71.45,0.877,5970.25,89.24,597.24,5.092,65.65,19.299,25.508,1.529,24.6,16.309,5965.69,89.17,598.76,5.075,65.9,19.31,25.519,1.493,24.648,16.468,COOLING_DEGRADATION,1.0,0.4,1.0,1.0,1.0,0.0,0.0,0.0,0.0
175.4,CLIMB,75.38,54.0,9674.17,10.65,71.431,0.8768,5969.79,89.24,597.23,5.092,65.64,19.297,25.508,1.529,24.6,16.308,5962.37,89.56,598.43,5.098,66.08,19.216,25.475,1.449,24.551,16.22,COOLING_DEGRADATION,1.0,0.4,1.0,1.0,1.0,0.0,0.0,0.0,0.0
175.5,CLIMB,75.38,53.99,9681.25,10.64,71.413,0.8766,5969.34,89.25,597.21,5.092,65.63,19.296,25.508,1.529,24.6,16.306,5961.87,89.24,596.14,5.108,65.82,19.47,25.591,1.562,24.529,16.279,COOLING_DEGRADATION,1.0,0.4,1.0,1.0,1.0,0.0,0.0,0.0,0.0
175.6,CLIMB,75.37,53.99,9688.33,10.62,71.395,0.8765,5968.89,89.25,597.19,5.092,65.62,19.295,25.507,1.529,24.6,16.305,5967.78,90.2,598.73,5.166,65.89,19.282,25.504,1.486,24.566,16.318,COOLING_DEGRADATION,1.0,0.4,1.0,1.0,1.0,0.0,0.0,0.0,0.0
175.7,CLIMB,75.36,53.98,9695.42,10.61,71.376,0.8763,5968.44,89.26,597.18,5.092,65.61,19.293,25.507,1.529,24.6,16.304,5957.89,89.51,597.98,5.096,66.02,19.508,25.445,1.502,24.672,16.384,COOLING_DEGRADATION,1.0,0.4,1.0,1.0,1.0,0.0,0.0,0.0,0.0
175.8,CLIMB,75.35,53.98,9702.5,10.6,71.358,0.8761,5967.99,89.26,597.16,5.091,65.6,19.292,25.507,1.529,24.6,16.303,5968.86,89.48,597.28,5.126,65.64,19.428,25.554,1.579,24.6,16.196,COOLING_DEGRADATION,1.0,0.4,1.0,1.0,1.0,0.0,0.0,0.0,0.0
175.9,CLIMB,75.34,53.97,9709.58,10.58,71.34,0.8759,5967.53,89.27,597.15,5.091,65.59,19.29,25.507,1.529,24.6,16.301,5967.34,90.05,594.85,5.152,65.91,19.193,25.496,1.539,24.545,16.263,COOLING_DEGRADATION,1.0,0.4,1.0,1.0,1.0,0.0,0.0,0.0,0.0
176.0,CLIMB,75.33,53.97,9716.67,10.57,71.322,0.8757,5967.08,89.27,597.13,5.091,65.58,19.289,25.507,1.528,24.6,16.3,5962.94,88.95,596.74,5.079,65.6,19.284,25.557,1.524,24.61,16.261,COOLING_DEGRADATION,1.0,0.4,1.0,1.0,1.0,0.0,0.0,0.0,0.0
176.1,CLIMB,75.33,53.96,9723.75,10.55,71.303,0.8756,5966.63,89.28,597.12,5.091,65.57,19.287,25.507,1.528,24.6,16.299,5965.45,88.74,599.0,5.117,65.41,19.382,25.487,1.529,24.689,16.363,COOLING_DEGRADATION,1.0,0.4,1.0,1.0,1.0,0.0,0.0,0.0,0.0
176.2,CLIMB,75.32,53.96,9730.83,10.54,71.285,0.8754,5966.18,89.28,597.1,5.091,65.56,19.286,25.506,1.528,24.6,16.298,5964.64,89.22,597.41,5.113,65.45,19.337,25.539,1.537,24.656,16.314,COOLING_DEGRADATION,1.0,0.4,1.0,1.0,1.0,0.0,0.0,0.0,0.0
176.3,CLIMB,75.31,53.95,9737.92,10.52,71.267,0.8752,5965.73,89.29,597.09,5.091,65.55,19.285,25.506,1.528,24.6,16.296,5959.79,88.45,593.47,5.103,65.84,19.343,25.478,1.584,24.533,16.425,COOLING_DEGRADATION,1.0,0.4,1.0,1.0,1.0,0.0,0.0,0.0,0.0
176.4,CLIMB,75.3,53.95,9745.0,10.51,71.249,0.875,5965.27,89.29,597.07,5.09,65.53,19.283,25.506,1.528,24.6,16.295,5965.06,89.48,598.32,5.123,66.28,19.21,25.475,1.471,24.591,16.358,COOLING_DEGRADATION,1.0,0.4,1.0,1.0,1.0,0.0,0.0,0.0,0.0
176.5,CLIMB,75.29,53.94,9752.08,10.5,71.23,0.8748,5964.82,89.3,597.05,5.09,65.52,19.282,25.506,1.528,24.6,16.294,5972.71,89.55,594.1,5.083,65.57,19.135,25.462,1.578,24.585,16.378,COOLING_DEGRADATION,1.0,0.4,1.0,1.0,1.0,0.0,0.0,0.0,0.0
176.6,CLIMB,75.28,53.93,9759.17,10.48,71.212,0.8747,5964.37,89.3,597.04,5.09,65.51,19.28,25.506,1.528,24.6,16.293,5961.7,88.31,595.86,5.133,65.49,19.296,25.505,1.525,24.567,16.145,COOLING_DEGRADATION,1.0,0.4,1.0,1.0,1.0,0.0,0.0,0.0,0.0
176.7,CLIMB,75.28,53.93,9766.25,10.47,71.194,0.8745,5963.92,89.31,597.02,5.09,65.5,19.279,25.506,1.528,24.6,16.291,5970.64,90.06,598.19,5.096,65.23,19.177,25.555,1.496,24.546,16.281,COOLING_DEGRADATION,1.0,0.4,1.0,1.0,1.0,0.0,0.0,0.0,0.0
176.8,CLIMB,75.27,53.92,9773.33,10.45,71.176,0.8743,5963.47,89.31,597.01,5.09,65.49,19.277,25.505,1.528,24.6,16.29,5961.02,88.87,594.89,5.112,65.47,19.305,25.436,1.511,24.57,16.478,COOLING_DEGRADATION,1.0,0.4,1.0,1.0,1.0,0.0,0.0,0.0,0.0
176.9,CLIMB,75.26,53.92,9780.42,10.44,71.157,0.8741,5963.02,89.32,596.99,5.09,65.48,19.276,25.505,1.528,24.6,16.289,5968.81,90.53,598.41,5.082,65.89,19.366,25.549,1.547,24.596,16.301,COOLING_DEGRADATION,1.0,0.4,1.0,1.0,1.0,0.0,0.0,0.0,0.0
177.0,CLIMB,75.25,53.91,9787.5,10.43,71.139,0.8739,5962.56,89.33,596.98,5.09,65.47,19.275,25.505,1.528,24.6,16.288,5965.23,89.4,594.98,5.075,64.97,19.411,25.424,1.538,24.572,16.28,COOLING_DEGRADATION,1.0,0.4,1.0,1.0,1.0,0.0,0.0,0.0,0.0
177.1,CLIMB,75.24,53.91,9794.58,10.41,71.121,0.8738,5962.11,89.33,596.96,5.089,65.46,19.273,25.505,1.527,24.6,16.286,5966.93,89.91,599.43,5.055,64.94,19.366,25.554,1.569,24.647,16.323,COOLING_DEGRADATION,1.0,0.4,1.0,1.0,1.0,0.0,0.0,0.0,0.0
177.2,CLIMB,75.23,53.9,9801.67,10.4,71.103,0.8736,5961.66,89.34,596.95,5.089,65.45,19.272,25.505,1.527,24.6,16.285,5968.49,89.99,594.28,5.062,65.34,19.365,25.476,1.605,24.586,16.208,COOLING_DEGRADATION,1.0,0.4,1.0,1.0,1.0,0.0,0.0,0.0,0.0
177.3,CLIMB,75.23,53.9,9808.75,10.38,71.085,0.8734,5961.21,89.34,596.93,5.089,65.44,19.27,25.505,1.527,24.6,16.284,5958.78,90.08,598.05,5.033,65.26,19.22,25.557,1.573,24.546,16.391,COOLING_DEGRADATION,1.0,0.4,1.0,1.0,1.0,0.0,0.0,0.0,0.0
177.4,CLIMB,75.22,53.89,9815.83,10.37,71.066,0.8732,5960.76,89.35,596.91,5.089,65.43,19.269,25.504,1.527,24.6,16.283,5964.67,89.19,598.42,5.063,65.58,19.315,25.464,1.557,24.563,16.396,COOLING_DEGRADATION,1.0,0.4,1.0,1.0,1.0,0.0,0.0,0.0,0.0
177.5,CLIMB,75.21,53.89,9822.92,10.35,71.048,0.873,5960.31,89.35,596.9,5.089,65.42,19.268,25.504,1.527,24.6,16.281,5953.3,89.68,596.69,5.074,64.94,19.45,25.488,1.441,24.581,16.248,COOLING_DEGRADATION,1.0,0.4,1.0,1.0,1.0,0.0,0.0,0.0,0.0
177.6,CLIMB,75.2,53.88,9830.0,10.34,71.03,0.8729,5959.85,89.36,596.88,5.089,65.41,19.266,25.504,1.527,24.6,16.28,5973.89,90.1,595.06,5.038,65.35,19.068,25.492,1.464,24.609,16.272,COOLING_DEGRADATION,1.0,0.4,1.0,1.0,1.0,0.0,0.0,0.0,0.0
177.7,CLIMB,75.19,53.87,9837.08,10.33,71.012,0.8727,5959.4,89.36,596.87,5.088,65.4,19.265,25.504,1.527,24.6,16.279,5958.57,89.68,598.01,5.09,65.52,19.327,25.526,1.478,24.55,16.127,COOLING_DEGRADATION,1.0,0.4,1.0,1.0,1.0,0.0,0.0,0.0,0.0
177.8,CLIMB,75.18,53.87,9844.17,10.31,70.994,0.8725,5958.95,89.37,596.85,5.088,65.39,19.263,25.504,1.527,24.6,16.278,5959.03,89.02,597.03,5.037,65.52,19.227,25.515,1.563,24.59,16.32,COOLING_DEGRADATION,1.0,0.4,1.0,1.0,1.0,0.0,0.0,0.0,0.0
177.9,CLIMB,75.18,53.86,9851.25,10.3,70.976,0.8723,5958.5,89.37,596.84,5.088,65.38,19.262,25.504,1.527,24.6,16.276,5963.9,89.78,597.53,5.071,65.51,19.191,25.48,1.43,24.611,16.139,COOLING_DEGRADATION,1.0,0.4,1.0,1.0,1.0,0.0,0.0,0.0,0.0
178.0,CLIMB,75.17,53.86,9858.33,10.28,70.957,0.8721,5958.05,89.38,596.82,5.088,65.37,19.26,25.503,1.527,24.6,16.275,5951.0,88.32,596.73,5.096,65.33,19.411,25.509,1.428,24.658,16.269,COOLING_DEGRADATION,1.0,0.4,1.0,1.0,1.0,0.0,0.0,0.0,0.0
178.1,CLIMB,75.16,53.85,9865.42,10.27,70.939,0.872,5957.6,89.38,596.8,5.088,65.36,19.259,25.503,1.527,24.6,16.274,5951.27,89.84,596.97,5.127,65.38,19.302,25.483,1.47,24.618,16.227,COOLING_DEGRADATION,1.0,0.4,1.0,1.0,1.0,0.0,0.0,0.0,0.0
178.2,CLIMB,75.15,53.85,9872.5,10.26,70.921,0.8718,5957.15,89.39,596.79,5.088,65.35,19.258,25.503,1.526,24.6,16.273,5962.68,88.92,595.95,5.073,65.52,19.322,25.555,1.565,24.542,16.211,COOLING_DEGRADATION,1.0,0.4,1.0,1.0,1.0,0.0,0.0,0.0,0.0
178.3,CLIMB,75.14,53.84,9879.58,10.24,70.903,0.8716,5956.69,89.39,596.77,5.087,65.34,19.256,25.503,1.526,24.6,16.271,5955.24,89.6,595.12,5.134,65.29,19.161,25.512,1.462,24.633,16.084,COOLING_DEGRADATION,1.0,0.4,1.0,1.0,1.0,0.0,0.0,0.0,0.0
178.4,CLIMB,75.13,53.84,9886.67,10.23,70.885,0.8714,5956.24,89.4,596.76,5.087,65.33,19.255,25.503,1.526,24.6,16.27,5958.81,90.11,596.08,5.094,65.51,19.243,25.55,1.562,24.607,16.129,COOLING_DEGRADATION,1.0,0.4,1.0,1.0,1.0,0.0,0.0,0.0,0.0
178.5,CLIMB,75.13,53.83,9893.75,10.21,70.867,0.8712,5955.79,89.4,596.74,5.087,65.32,19.253,25.503,1.526,24.6,16.269,5960.04,89.72,597.33,5.112,65.17,19.168,25.464,1.487,24.619,16.387,COOLING_DEGRADATION,1.0,0.4,1.0,1.0,1.0,0.0,0.0,0.0,0.0
178.6,CLIMB,75.12,53.83,9900.83,10.2,70.849,0.8711,5955.34,89.41,596.73,5.087,65.31,19.252,25.502,1.526,24.6,16.268,5961.09,89.29,593.32,5.118,65.2,19.46,25.49,1.455,24.622,16.442,COOLING_DEGRADATION,1.0,0.4,1.0,1.0,1.0,0.0,0.0,0.0,0.0
178.7,CLIMB,75.11,53.82,9907.92,10.18,70.83,0.8709,5954.89,89.41,596.71,5.087,65.3,19.25,25.502,1.526,24.6,16.266,5952.59,90.75,595.57,5.039,65.5,19.082,25.378,1.535,24.585,16.232,COOLING_DEGRADATION,1.0,0.4,1.0,1.0,1.0,0.0,0.0,0.0,0.0
178.8,CLIMB,75.1,53.82,9915.0,10.17,70.812,0.8707,5954.44,89.42,596.7,5.087,65.29,19.249,25.502,1.526,24.6,16.265,5955.15,89.08,596.83,5.158,65.07,19.186,25.546,1.536,24.594,16.294,COOLING_DEGRADATION,1.0,0.4,1.0,1.0,1.0,0.0,0.0,0.0,0.0
178.9,CLIMB,75.09,53.81,9922.08,10.16,70.794,0.8705,5953.99,89.42,596.68,5.087,65.28,19.248,25.502,1.526,24.6,16.264,5951.06,89.84,596.59,5.072,65.67,19.391,25.464,1.558,24.586,16.2,COOLING_DEGRADATION,1.0,0.4,1.0,1.0,1.0,0.0,0.0,0.0,0.0
179.0,CLIMB,75.08,53.8,9929.17,10.14,70.776,0.8704,5953.54,89.43,596.66,5.086,65.27,19.246,25.502,1.526,24.6,16.263,5950.11,89.99,596.34,5.074,65.17,19.327,25.477,1.501,24.502,16.273,COOLING_DEGRADATION,1.0,0.4,1.0,1.0,1.0,0.0,0.0,0.0,0.0
179.1,CLIMB,75.08,53.8,9936.25,10.13,70.758,0.8702,5953.08,89.43,596.65,5.086,65.26,19.245,25.502,1.526,24.6,16.261,5950.64,89.37,596.1,5.093,65.46,19.296,25.537,1.576,24.659,16.195,COOLING_DEGRADATION,1.0,0.4,1.0,1.0,1.0,0.0,0.0,0.0,0.0
179.2,CLIMB,75.07,53.79,9943.33,10.11,70.74,0.87,5952.63,89.44,596.63,5.086,65.25,19.243,25.501,1.526,24.6,16.26,5941.99,88.73,596.74,5.069,65.2,19.347,25.598,1.445,24.561,16.157,COOLING_DEGRADATION,1.0,0.4,1.0,1.0,1.0,0.0,0.0,0.0,0.0
179.3,CLIMB,75.06,53.79,9950.42,10.1,70.722,0.8698,5952.18,89.44,596.62,5.086,65.24,19.242,25.501,1.526,24.6,16.259,5946.96,89.05,596.97,5.14,65.39,19.329,25.551,1.567,24.595,16.282,COOLING_DEGRADATION,1.0,0.4,1.0,1.0,1.0,0.0,0.0,0.0,0.0
179.4,CLIMB,75.05,53.78,9957.5,10.09,70.704,0.8696,5951.73,89.45,596.6,5.086,65.23,19.24,25.501,1.525,24.6,16.258,5954.64,89.72,595.75,5.079,65.28,19.158,25.322,1.553,24.607,16.178,COOLING_DEGRADATION,1.0,0.4,1.0,1.0,1.0,0.0,0.0,0.0,0.0
179.5,CLIMB,75.04,53.78,9964.58,10.07,70.685,0.8695,5951.28,89.45,596.59,5.086,65.22,19.239,25.501,1.525,24.6,16.256,5944.94,90.14,597.24,5.101,65.53,19.378,25.49,1.517,24.678,16.23,COOLING_DEGRADATION,1.0,0.4,1.0,1.0,1.0,0.0,0.0,0.0,0.0
179.6,CLIMB,75.03,53.77,9971.67,10.06,70.667,0.8693,5950.83,89.46,596.57,5.085,65.21,19.238,25.501,1.525,24.6,16.255,5942.3,89.24,597.43,5.099,65.45,19.241,25.589,1.545,24.587,16.071,COOLING_DEGRADATION,1.0,0.4,1.0,1.0,1.0,0.0,0.0,0.0,0.0
179.7,CLIMB,75.03,53.77,9978.75,10.04,70.649,0.8691,5950.38,89.46,596.55,5.085,65.2,19.236,25.501,1.525,24.6,16.254,5956.33,89.84,597.41,5.097,65.21,19.147,25.507,1.616,24.675,16.425,COOLING_DEGRADATION,1.0,0.4,1.0,1.0,1.0,0.0,0.0,0.0,0.0
179.8,CLIMB,75.02,53.76,9985.83,10.03,70.631,0.8689,5949.93,89.47,596.54,5.085,65.19,19.235,25.5,1.525,24.6,16.253,5946.54,89.83,597.1,5.072,65.03,19.44,25.447,1.561,24.623,16.48,COOLING_DEGRADATION,1.0,0.4,1.0,1.0,1.0,0.0,0.0,0.0,0.0
179.9,CLIMB,75.01,53.76,9992.92,10.01,70.613,0.8687,5949.48,89.47,596.52,5.085,65.18,19.233,25.5,1.525,24.6,16.251,5944.22,89.33,594.67,5.055,65.31,19.106,25.485,1.455,24.548,16.421,COOLING_DEGRADATION,1.0,0.4,1.0,1.0,1.0,0.0,0.0,0.0,0.0
180.0,CLIMB,75.0,53.75,10000.0,10.0,70.595,0.8686,5949.02,89.48,596.51,5.085,65.17,19.232,25.5,1.525,24.6,16.25,5937.45,90.24,600.44,5.085,64.96,19.486,25.56,1.624,24.705,16.191,COOLING_DEGRADATION,1.0,0.4,1.0,1.0,1.0,0.0,0.0,0.0,0.0
