timestamp_s,mission_phase,fault_type,fault_severity,rpm,cht_c,egt_c,oil_pressure_bar,oil_temperature_c,fuel_flow_lph,injection_timing_deg,vibration_mm_s,battery_voltage_v,alternator_current_a,expected_rpm,expected_cht_c,expected_egt_c,expected_oil_pressure_bar,expected_oil_temperature_c,expected_fuel_flow_lph,expected_injection_timing_deg,expected_vibration_mm_s,expected_battery_voltage_v,expected_alternator_current_a,rpm_residual,cht_c_residual,egt_c_residual,oil_pressure_bar_residual,oil_temperature_c_residual,fuel_flow_lph_residual,injection_timing_deg_residual,vibration_mm_s_residual,battery_voltage_v_residual,alternator_current_a_residual
0.0,TAKEOFF,COOLING_DEGRADATION,0.0,2697.82,79.92,400.28,3.39,70.19,20.784,25.654,1.235,24.364,16.628,6520.7475238775505,80.06181785714284,612.4367346938776,5.329394426606916,69.41522204081633,20.8089387755102,25.7,1.634074752387755,24.6,17.75,-3822.9275238775504,-0.1418178571428399,-212.15673469387764,-1.9393944266069156,0.7747779591836661,-0.024938775510200628,-0.045999999999999375,-0.3990747523877549,-0.23600000000000065,-1.1219999999999999
0.1,TAKEOFF,COOLING_DEGRADATION,0.0,2893.27,79.82,405.6,3.47,70.0,20.75,25.612,1.3,24.464,16.63,6521.637179347984,80.06313457142858,612.4767755102041,5.329848297950386,69.41527926530613,20.813102040816325,25.7004,1.6342437179347986,24.6,17.753,-3628.367179347984,-0.24313457142858397,-206.87677551020408,-1.859848297950386,0.5847207346938745,-0.0631020408163252,-0.08840000000000003,-0.33424371793479857,-0.13600000000000279,-1.123000000000001
0.2,TAKEOFF,COOLING_DEGRADATION,0.0,3078.79,78.96,407.67,3.531,69.94,20.777,25.645,1.283,24.331,16.821,6522.043805610171,80.06226528571429,612.5118163265306,5.3300934088726155,69.40953048979591,20.81546530612245,25.7006,1.634364380561017,24.6,17.7545,-3443.253805610171,-1.1022652857142958,-204.8418163265306,-1.7990934088726154,0.5304695102040853,-0.03846530612245047,-0.05560000000000187,-0.35136438056101715,-0.2690000000000019,-0.9334999999999987
0.3,TAKEOFF,COOLING_DEGRADATION,0.0,3244.01,80.25,411.22,3.682,69.77,20.919,25.68,1.374,24.351,16.867,6522.933422363429,80.06098200000001,612.5518571428571,5.3305837938639735,69.40398771428572,20.81962857142857,25.701,1.634533342236343,24.6,17.7575,-3278.9234223634285,0.18901799999999014,-201.33185714285707,-1.6485837938639736,0.3660122857142767,0.09937142857143044,-0.021000000000000796,-0.26053334223634295,-0.24900000000000233,-0.8904999999999994
0.4,TAKEOFF,COOLING_DEGRADATION,0.0,3420.45,80.53,410.83,3.72,69.61,21.01,25.654,1.274,24.369,16.973,6523.865791889828,80.06081300000001,612.5898571428571,5.331059362212329,69.40406371428571,20.823628571428568,25.7014,1.634706579188983,24.6,17.7605,-3103.415791889828,0.4691869999999909,-201.75985714285713,-1.611059362212329,0.20593628571428724,0.18637142857143374,-0.047399999999999665,-0.36070657918898297,-0.23100000000000165,-0.7875000000000014
0.5,TAKEOFF,COOLING_DEGRADATION,0.0,3558.47,80.16,414.33,3.859,70.24,20.811,25.734,1.388,24.277,17.007,6524.272377165714,80.06254371428571,612.6248979591837,5.331267933653901,69.40391493877551,20.825991836734694,25.7016,1.6348272377165713,24.6,17.762,-2965.802377165714,0.0974562857142871,-198.29489795918374,-1.4722679336539013,0.8360850612244803,-0.014991836734694175,0.03240000000000265,-0.24682723771657145,-0.3230000000000004,-0.754999999999999
0.6,TAKEOFF,COOLING_DEGRADATION,0.0,3713.01,80.15,417.69,3.937,69.96,20.837,25.692,1.417,24.399,17.098,6525.161939129142,80.06126042857143,612.6649387755101,5.331758308017644,69.39837216326531,20.830155102040813,25.701999999999998,1.6349961939129143,24.6,17.765,-2812.151939129142,0.08873957142857591,-194.9749387755101,-1.3947583080176442,0.5616278367346865,0.0068448979591870796,-0.00999999999999801,-0.21799619391291425,-0.2010000000000005,-0.6670000000000016
0.7,TAKEOFF,COOLING_DEGRADATION,0.0,3856.79,80.81,419.91,3.986,69.75,20.841,25.704,1.324,24.497,17.115,6526.017833915951,80.06063614285716,612.7329795918366,5.332233694282866,69.39249338775511,20.83471836734694,25.7024,1.635241783391595,24.6,17.768,-2669.227833915951,0.7493638571428392,-192.8229795918366,-1.346233694282866,0.3575066122448902,0.006281632653060143,0.0015999999999998238,-0.31124178339159503,-0.10300000000000153,-0.6530000000000022
0.8,TAKEOFF,COOLING_DEGRADATION,0.0,3990.09,79.02,422.78,4.053,69.24,20.682,25.69,1.377,24.507,17.159,6526.424372990956,80.06236685714285,612.7680204081634,5.332442247158411,69.3923446122449,20.83708163265306,25.7026,1.6353624372990958,24.6,17.7695,-2536.3343729909557,-1.0423668571428522,-189.98802040816338,-1.2794422471584115,-0.15234461224490303,-0.15508163265306152,-0.012599999999999056,-0.2583624372990958,-0.09299999999999997,-0.6105000000000018
0.9,TAKEOFF,COOLING_DEGRADATION,0.0,4116.39,79.97,424.93,4.135,69.92,20.937,25.654,1.421,24.614,17.545,6527.31386929347,80.06108357142858,612.8080612244898,5.3329326102153765,69.38680183673469,20.841244897959182,25.703,1.635531386929347,24.6,17.7725,-2410.9238692934696,-0.09108357142858381,-187.87806122448984,-1.1979326102153767,0.5331981632653111,0.09575510204081894,-0.04899999999999949,-0.21453138692934703,0.013999999999999346,-0.22749999999999915
1.0,TAKEOFF,COOLING_DEGRADATION,0.0,4233.57,79.97,427.54,4.208,69.55,20.819,25.792,1.445,24.486,17.462,6528.203343410286,80.06240028571429,612.8481020408165,5.333386413865742,69.3868590612245,20.845408163265308,25.7034,1.6357003343410286,24.6,17.7755,-2294.633343410286,-0.09240028571429093,-185.30810204081644,-1.1253864138657415,0.1631409387754985,-0.026408163265308815,0.08860000000000312,-0.1907003343410285,-0.11400000000000077,-0.3135000000000012
1.1,TAKEOFF,COOLING_DEGRADATION,0.0,4347.63,80.48,429.49,4.241,70.04,20.711,25.691,1.502,24.453,17.369,6528.652646585144,80.06264528571428,612.8811020408165,5.333616682695934,69.38672906122449,20.847608163265306,25.7036,1.6358252646585145,24.6,17.777,-2181.022646585144,0.4173547142857217,-183.39110204081646,-1.092616682695934,0.6532709387755204,-0.13660816326530778,-0.012600000000002609,-0.13382526465851452,-0.14700000000000202,-0.40800000000000125
1.2,TAKEOFF,COOLING_DEGRADATION,0.0,4451.66,80.48,427.5,4.271,69.55,20.865,25.792,1.463,24.544,17.486,6529.542088100571,80.061362,612.9211428571429,5.334107035123413,69.38118628571429,20.851771428571425,25.704,1.635994208810057,24.6,17.78,-2077.8820881005713,0.4186380000000014,-185.42114285714285,-1.063107035123413,0.16881371428570446,0.013228571428573588,0.08800000000000097,-0.1729942088100569,-0.05600000000000094,-0.2940000000000005
1.3,TAKEOFF,COOLING_DEGRADATION,0.0,4562.17,80.53,436.22,4.358,69.6,20.776,25.734,1.448,24.573,17.414,6530.431507430792,80.06007871428572,612.9611836734693,5.334597386082536,69.37564351020409,20.85593469387755,25.7044,1.6361631507430792,24.6,17.783,-1968.2615074307923,0.46992128571427827,-176.74118367346932,-0.9765973860825365,0.22435648979590894,-0.0799346938775507,0.02960000000000207,-0.1881631507430792,-0.027000000000001023,-0.3689999999999998
1.4,TAKEOFF,COOLING_DEGRADATION,0.0,4662.09,80.1,438.47,4.398,69.28,20.746,25.75,1.415,24.609,17.554,6530.837961592817,80.06180942857145,612.996224489796,5.334805903106213,69.37549473469387,20.858297959183673,25.7046,1.6362837961592818,24.6,17.7845,-1868.7479615928169,0.03819057142854376,-174.52622448979594,-0.9368059031062135,-0.09549473469387237,-0.11229795918367458,0.04540000000000077,-0.22128379615928173,0.009000000000000341,-0.2305000000000028
1.5,TAKEOFF,COOLING_DEGRADATION,0.0,4761.45,81.44,439.57,4.427,69.69,20.965,25.649,1.352,24.537,17.662,6531.727342209796,80.06312614285716,613.0362653061225,5.335259668868985,69.37555195918368,20.862461224489795,25.705,1.6364527342209796,24.6,17.7875,-1770.2773422097962,1.37687385714284,-173.46626530612247,-0.9082596688689852,0.31444804081631617,0.10253877551020452,-0.055999999999997385,-0.2844527342209795,-0.06300000000000239,-0.1255000000000024
1.6,TAKEOFF,COOLING_DEGRADATION,0.0,4849.45,79.74,439.6,4.45,69.85,20.805,25.68,1.521,24.58,17.798,6532.616700642123,80.06184285714286,613.0763061224491,5.335750005855468,69.37000918367347,20.866624489795917,25.7054,1.6366216700642122,24.6,17.7905,-1683.166700642123,-0.32184285714286887,-173.47630612244905,-0.8857500058554679,0.4799908163265201,-0.061624489795917725,-0.0254000000000012,-0.11562167006421231,-0.020000000000003126,0.0074999999999967315
1.7,TAKEOFF,COOLING_DEGRADATION,0.0,4930.58,79.74,446.03,4.521,70.17,20.954,25.763,1.502,24.538,17.691,6533.023110876475,80.06097357142858,613.1113469387755,5.335995087992971,69.36426040816326,20.868987755102044,25.7056,1.6367423110876476,24.6,17.792,-1602.4431108764747,-0.3209735714285813,-167.08134693877548,-0.8149950879929708,0.8057395918367405,0.08501224489795689,0.05740000000000123,-0.13474231108764756,-0.062000000000001165,-0.10100000000000264
1.8,TAKEOFF,COOLING_DEGRADATION,0.0,5004.02,79.58,448.61,4.556,69.94,20.856,25.733,1.515,24.627,17.875,6533.9215872587765,80.06146357142858,613.1773469387755,5.336455580964565,69.36400040816326,20.87338775510204,25.706,1.6369921587258776,24.6,17.795,-1529.901587258776,-0.4814635714285771,-164.56734693877547,-0.7804555809645652,0.5759995918367338,-0.017387755102038938,0.027000000000001023,-0.12199215872587765,0.02699999999999747,0.0799999999999983
1.9,TAKEOFF,COOLING_DEGRADATION,0.0,5090.73,79.44,449.48,4.613,69.98,20.944,25.697,1.469,24.661,17.859,6534.81088614831,80.0627802857143,613.217387755102,5.33690931504074,69.36405763265307,20.87755102040816,25.7064,1.6371610886148311,24.6,17.798000000000002,-1444.0808861483101,-0.622780285714299,-163.73738775510196,-0.7239093150407392,0.615942367346932,0.06644897959183993,-0.009399999999999409,-0.16816108861483103,0.06099999999999994,0.06099999999999994
2.0,TAKEOFF,COOLING_DEGRADATION,0.0,5151.51,79.93,449.0,4.603,70.3,20.958,25.717,1.424,24.564,17.756,6535.217253133028,80.061911,613.2524285714286,5.337154390125827,69.35830885714286,20.87991428571429,25.7066,1.6372817253133027,24.6,17.7995,-1383.7072531330277,-0.13191099999998812,-164.2524285714286,-0.734154390125827,0.9416911428571382,0.07808571428570943,0.010399999999997078,-0.2132817253133028,-0.036000000000001364,-0.043499999999998096
2.1,TAKEOFF,COOLING_DEGRADATION,0.0,5229.48,80.47,451.13,4.67,70.01,20.848,25.75,1.551,24.68,17.9,6536.106513311346,80.06062771428572,613.2924693877551,5.337644711618263,69.35276608163265,20.884077551020408,25.707,1.6374506513311347,24.6,17.8025,-1306.6265133113466,0.40937228571428363,-162.1624693877551,-0.6676447116182631,0.6572339183673535,-0.03607755102040855,0.04299999999999926,-0.08645065133113472,0.0799999999999983,0.09750000000000014
2.2,TAKEOFF,COOLING_DEGRADATION,0.0,5287.96,80.23,451.76,4.747,69.86,20.878,25.676,1.548,24.554,17.861,6536.995751306123,80.06194442857142,613.3325102040817,5.338098424464344,69.35282330612246,20.88824081632653,25.7074,1.6376195751306124,24.6,17.805500000000002,-1249.0357513061226,0.16805557142858163,-161.5725102040817,-0.5910984244643442,0.5071766938775397,-0.010240816326529512,-0.03140000000000143,-0.08961957513061236,-0.04600000000000293,0.05549999999999855
2.3,TAKEOFF,COOLING_DEGRADATION,0.0,5347.77,79.28,455.71,4.724,69.89,20.927,25.733,1.542,24.615,17.881,6537.402074365715,80.06367514285714,613.3675510204081,5.33830688479288,69.35267453061225,20.890604081632656,25.7076,1.6377402074365714,24.6,17.807000000000002,-1189.6320743657143,-0.7836751428571347,-157.6575510204081,-0.6143068847928799,0.5373254693877527,0.03639591836734368,0.0254000000000012,-0.09574020743657141,0.014999999999997016,0.07399999999999807
2.4,TAKEOFF,COOLING_DEGRADATION,0.0,5407.92,80.25,459.52,4.722,69.77,20.816,25.722,1.575,24.628,17.903,6538.291273650287,80.06239185714286,613.4075918367347,5.338797192310106,69.34713175510204,20.894767346938774,25.708,1.6379091273650288,24.6,17.810000000000002,-1130.3712736502866,0.1876081428571439,-153.8875918367347,-0.6167971923101057,0.4228682448979555,-0.07876734693877552,0.014000000000002899,-0.06290912736502885,0.027999999999998693,0.09299999999999642
2.5,TAKEOFF,COOLING_DEGRADATION,0.0,5470.46,79.88,459.61,4.852,69.98,20.875,25.7,1.537,24.668,17.831,6539.223331467233,80.06222285714286,613.4455918367347,5.339272653326725,69.34720775510205,20.898767346938776,25.7084,1.6380823331467234,24.6,17.813000000000002,-1068.763331467233,-0.18222285714286102,-153.8355918367347,-0.4872726533267251,0.6327922448979564,-0.023767346938775802,-0.00840000000000174,-0.10108233314672344,0.06799999999999784,0.01799999999999713
2.6,TAKEOFF,COOLING_DEGRADATION,0.0,5521.09,79.76,462.94,4.784,69.85,20.847,25.797,1.529,24.646,17.838,6539.62961354836,80.06135357142858,613.4806326530613,5.339517717268461,69.34145897959183,20.9011306122449,25.7086,1.6382029613548361,24.6,17.814500000000002,-1018.5396135483597,-0.301353571428578,-150.54063265306132,-0.5555177172684616,0.5085410204081597,-0.054130612244897236,0.08840000000000003,-0.1092029613548362,0.045999999999999375,0.023499999999998522
2.7,TAKEOFF,COOLING_DEGRADATION,0.0,5569.08,79.26,461.63,4.904,70.04,20.828,25.771,1.457,24.639,17.76,6540.518758052572,80.06007028571429,613.5206734693877,5.340008019130934,69.33591620408163,20.905293877551017,25.709,1.638371875805257,24.6,17.817500000000003,-971.4387580525718,-0.8000702857142841,-151.8906734693877,-0.43600801913093434,0.704083795918379,-0.07729387755101769,0.062000000000001165,-0.18137187580525693,0.038999999999997925,-0.057500000000000995
2.8,TAKEOFF,COOLING_DEGRADATION,0.0,5612.62,79.04,467.82,4.864,69.77,20.87,25.593,1.634,24.621,17.911,6541.407880374285,80.061387,613.5607142857143,5.340461687638006,69.33597342857144,20.909457142857143,25.7094,1.6385407880374285,24.6,17.820500000000003,-928.7878803742851,-1.02138699999999,-145.74071428571432,-0.47646168763800656,0.4340265714285607,-0.03945714285714175,-0.11639999999999873,-0.004540788037428634,0.020999999999997243,0.09049999999999869
2.9,TAKEOFF,COOLING_DEGRADATION,0.0,5670.96,80.37,467.55,4.877,69.9,21.037,25.712,1.552,24.565,17.893,6541.814118532702,80.06311771428571,613.5957551020408,5.340670112113464,69.33582465306122,20.911820408163265,25.709600000000002,1.6386614118532703,24.6,17.822,-870.8541185327022,0.30688228571429477,-146.0457551020408,-0.4636701121134639,0.5641753469387822,0.12517959183673355,0.0023999999999979593,-0.08666141185327025,-0.03500000000000014,0.0710000000000015
3.0,TAKEOFF,COOLING_DEGRADATION,0.0,5715.4,79.41,468.34,4.928,69.43,20.82,25.659,1.576,24.649,17.83,6542.66946696,80.06249342857143,613.6637959183673,5.341145370797758,69.32994587755101,20.91638367346939,25.71,1.638906946696,24.6,17.825,-827.2694669600005,-0.6524934285714323,-145.32379591836735,-0.4131453707977579,0.10005412244899503,-0.09638367346938992,-0.05100000000000193,-0.06290694669599994,0.04899999999999949,0.004999999999999005
3.1,TAKEOFF,COOLING_DEGRADATION,0.0,5754.4,79.64,470.55,4.924,70.02,20.898,25.687,1.497,24.518,17.734,6543.558523633372,80.06121014285713,613.7038367346939,5.341635654893201,69.32440310204083,20.92054693877551,25.7104,1.6390758523633373,24.6,17.828,-789.1585236333722,-0.42121014285713443,-143.15383673469393,-0.41763565489320076,0.6955968979591631,-0.022546938775509062,-0.023399999999998755,-0.1420758523633372,-0.08200000000000074,-0.09399999999999764
3.2,TAKEOFF,COOLING_DEGRADATION,0.0,5795.9,80.58,475.82,4.951,69.5,21.062,25.63,1.575,24.609,17.87,6543.96471560196,80.06294085714285,613.7388775510204,5.341844060800904,69.32425432653062,20.922910204081635,25.7106,1.6391964715601959,24.6,17.829500000000003,-748.0647156019604,0.5170591428571498,-137.91887755102044,-0.3908440608009043,0.17574567346937897,0.13908979591836612,-0.08060000000000045,-0.06419647156019592,0.009000000000000341,0.04049999999999798
3.3,TAKEOFF,COOLING_DEGRADATION,0.0,5831.32,80.48,474.01,5.003,69.7,20.927,25.66,1.557,24.631,17.754,6544.896653456245,80.06277185714285,613.7768775510203,5.342319481447417,69.32433032653061,20.926910204081633,25.711,1.6393696653456247,24.6,17.8325,-713.5766534562454,0.41722814285715515,-139.76687755102034,-0.33931948144741675,0.37566967346938895,8.979591836677514e-05,-0.05099999999999838,-0.08236966534562473,0.030999999999998806,-0.07849999999999824
3.4,TAKEOFF,COOLING_DEGRADATION,0.0,5862.64,79.55,475.22,4.965,69.28,20.76,25.797,1.653,24.662,17.855,6545.785655352489,80.06148857142855,613.816918367347,5.342809754906547,69.31878755102042,20.931073469387755,25.7114,1.639538565535249,24.6,17.835499999999996,-683.1456553524886,-0.5114885714285577,-138.59691836734692,-0.3778097549065471,-0.03878755102041964,-0.17107346938775336,0.08559999999999945,0.01346143446475101,0.06199999999999761,0.01950000000000429
3.5,TAKEOFF,COOLING_DEGRADATION,0.0,5899.55,80.18,478.42,5.057,69.62,20.926,25.651,1.53,24.658,17.769,6546.191806346025,80.0606192857143,613.8519591836734,5.343054801175505,69.31303877551021,20.93343673469388,25.7116,1.6396591806346028,24.6,17.837,-646.6418063460251,0.11938071428571106,-135.43195918367343,-0.28605480117550464,0.3069612244897968,-0.0074367346938828405,-0.060600000000000875,-0.10965918063460278,0.05799999999999983,-0.06800000000000139
3.6,TAKEOFF,COOLING_DEGRADATION,0.0,5927.93,79.59,477.99,5.071,69.99,21.097,25.717,1.634,24.693,17.851,6547.080769536001,80.06193600000002,613.8919999999999,5.343508408432278,69.313096,20.9376,25.712,1.6398280769536002,24.6,17.84,-619.1507695360006,-0.4719360000000137,-135.90199999999993,-0.2725084084322784,0.6769039999999933,0.15940000000000154,0.004999999999999005,-0.005828076953600325,0.09299999999999997,0.010999999999999233
3.7,TAKEOFF,COOLING_DEGRADATION,0.0,5963.05,79.74,480.27,5.031,69.32,20.952,25.746,1.548,24.559,17.946,6547.969710545143,80.06325271428572,613.9320408163267,5.34396200425985,69.3131532244898,20.941763265306125,25.7124,1.6399969710545144,24.6,17.843000000000004,-584.9197105451431,-0.3232527142857293,-133.66204081632668,-0.31296200425985,0.0068467755101977446,0.010236734693876315,0.03359999999999985,-0.09199697105451432,-0.04100000000000037,0.10299999999999798
3.8,TAKEOFF,COOLING_DEGRADATION,0.0,5991.86,79.79,480.83,5.09,69.41,20.848,25.736,1.629,24.508,17.876,6548.375817619788,80.06238342857144,613.967081632653,5.3442070429437845,69.3074044489796,20.944126530612245,25.7126,1.6401175817619786,24.6,17.8445,-556.5158176197883,-0.2723834285714304,-133.13708163265306,-0.2542070429437846,0.10259555102039997,-0.09612653061224563,0.023400000000002308,-0.011117581761978634,-0.0920000000000023,0.031500000000001194
3.9,TAKEOFF,COOLING_DEGRADATION,0.0,6022.76,79.51,485.38,5.028,70.02,20.889,25.822,1.575,24.541,17.772,6549.264719923674,80.06110014285714,614.0071224489797,5.344697299872648,69.3018616734694,20.94828979591837,25.713,1.6402864719923675,24.6,17.8475,-526.5047199236742,-0.5511001428571376,-128.62712244897966,-0.31669729987264805,0.7181383265305925,-0.05928979591837091,0.10899999999999821,-0.06528647199236759,-0.05900000000000105,-0.07550000000000168
4.0,TAKEOFF,COOLING_DEGRADATION,0.0,6043.69,80.26,486.75,5.142,69.37,21.073,25.765,1.595,24.645,17.813,6550.196556381062,80.06093114285714,614.0451224489797,5.345172689201721,69.3019376734694,20.952289795918368,25.7134,1.6404596556381064,24.6,17.8505,-506.5065563810622,0.19906885714286204,-127.29512244897967,-0.20317268920172094,0.06806232653060817,0.12071020408163236,0.051600000000000534,-0.04545965563810639,0.04499999999999815,-0.03750000000000142
4.1,TAKEOFF,COOLING_DEGRADATION,0.0,6078.28,78.83,488.34,5.173,69.59,20.98,25.711,1.565,24.572,17.804,6550.60262248281,80.06266185714286,614.0801632653062,5.345381040942309,69.3017888979592,20.95465306122449,25.7136,1.640580262248281,24.6,17.852000000000004,-472.3226224828104,-1.2326618571428583,-125.7401632653062,-0.17238104094230877,0.2882111020408047,0.025346938775509642,-0.002600000000001046,-0.07558026224828107,-0.028000000000002245,-0.04800000000000537
4.2,TAKEOFF,COOLING_DEGRADATION,0.0,6090.2,79.52,487.16,5.128,69.92,21.039,25.715,1.577,24.639,17.781,6551.457687248817,80.06203757142858,614.1482040816327,5.345856235537692,69.29591012244899,20.959216326530616,25.714,1.6408257687248815,24.6,17.855,-461.2576872488171,-0.5420375714285797,-126.98820408163266,-0.21785623553769184,0.6240898775510146,0.07978367346938597,0.0010000000000012221,-0.06382576872488155,0.038999999999997925,-0.07400000000000162
4.3,TAKEOFF,COOLING_DEGRADATION,0.0,6122.94,80.88,489.47,5.107,69.56,20.874,25.77,1.559,24.629,17.859,6552.346507841829,80.06335428571428,614.1882448979592,5.346309784895025,69.29596734693878,20.963379591836734,25.7144,1.640994650784183,24.6,17.857999999999997,-429.4065078418298,0.8166457142857126,-124.71824489795915,-0.23930978489502497,0.26403265306122137,-0.08937959183673527,0.05559999999999832,-0.08199465078418311,0.028999999999999915,0.0010000000000047748
4.4,TAKEOFF,COOLING_DEGRADATION,0.0,6141.5,80.97,491.3,5.128,69.39,20.745,25.744,1.662,24.495,17.866,6552.7525277592,80.062485,614.2232857142857,5.346554811207421,69.29021857142858,20.965742857142864,25.7146,1.64111525277592,24.6,17.8595,-411.25252775920035,0.9075150000000036,-122.92328571428567,-0.21855481120742049,0.09978142857141847,-0.2207428571428629,0.029399999999998983,0.020884747224079847,-0.10500000000000043,0.006499999999999062
4.5,TAKEOFF,COOLING_DEGRADATION,0.0,6163.56,80.39,493.3,5.193,69.29,20.962,25.704,1.604,24.615,17.868,6553.64130964898,80.06120171428572,614.2633265306123,5.347045046174641,69.28467579591837,20.969906122448982,25.715,1.6412841309648982,24.6,17.8625,-390.0813096489792,0.32879828571428504,-120.96332653061228,-0.154045046174641,0.005324204081631478,-0.0079061224489827,-0.010999999999999233,-0.03728413096489813,0.014999999999997016,0.00549999999999784
4.6,TAKEOFF,COOLING_DEGRADATION,0.0,6175.4,80.47,494.41,5.158,69.44,21.059,25.711,1.591,24.478,17.94,6554.530069359591,80.06251842857142,614.3033673469388,5.347498574298745,69.28473302040817,20.9740693877551,25.7154,1.641453006935959,24.6,17.865499999999997,-379.1300693595913,0.4074815714285762,-119.89336734693876,-0.18949857429874495,0.1552669795918291,0.08493061224490006,-0.004400000000000404,-0.050453006935959,-0.12199999999999989,0.07450000000000401
4.7,TAKEOFF,COOLING_DEGRADATION,0.0,6205.95,79.59,499.32,5.183,69.21,20.938,25.775,1.532,24.58,17.858,6554.979034750825,80.06276342857143,614.3363673469388,5.347728719925669,69.28460302040817,20.976269387755103,25.7156,1.6415779034750826,24.6,17.867,-349.0290347508253,-0.47276342857142595,-115.01636734693881,-0.1647287199256695,-0.07460302040817623,-0.038269387755104134,0.05940000000000012,-0.10957790347508256,-0.020000000000003126,-0.009000000000000341
4.8,TAKEOFF,COOLING_DEGRADATION,0.0,6219.71,80.74,493.9,5.213,69.82,20.946,25.677,1.608,24.641,17.989,6555.867761869714,80.06148014285715,614.3764081632652,5.348218944252277,69.27906024489796,20.980432653061225,25.716,1.6417467761869715,24.6,17.869999999999997,-336.1577618697138,0.6785198571428452,-120.4764081632652,-0.13521894425227732,0.5409397551020305,-0.03443265306122356,-0.03900000000000148,-0.03374677618697142,0.04099999999999682,0.11900000000000333
4.9,TAKEOFF,COOLING_DEGRADATION,0.0,6241.97,79.82,496.48,5.209,70.11,21.079,25.665,1.544,24.644,17.811,6556.756466809927,80.06019685714286,614.4164489795918,5.348709167103679,69.27351746938776,20.984595918367347,25.7164,1.6419156466809928,24.6,17.872999999999998,-314.7864668099264,-0.24019685714286254,-117.93644897959177,-0.1397091671036792,0.8364825306122441,0.09440408163265346,-0.051400000000001,-0.09791564668099273,0.04399999999999693,-0.06199999999999761
5.0,TAKEOFF,COOLING_DEGRADATION,0.0,6242.56,79.39,500.34,5.188,69.53,21.12,25.729,1.579,24.545,17.869,6557.162401842744,80.06192757142858,614.4514897959183,5.348917464420307,69.27336869387756,20.986959183673466,25.7166,1.6420362401842745,24.6,17.874499999999998,-314.60240184274335,-0.6719275714285828,-114.11148979591832,-0.16091746442030708,0.25663130612244345,0.13304081632653464,0.012399999999999523,-0.06303624018427456,-0.054999999999999716,-0.00549999999999784
5.1,TAKEOFF,COOLING_DEGRADATION,0.0,6267.92,80.71,503.45,5.214,69.12,20.939,25.798,1.643,24.668,17.848,6558.051068081633,80.06324428571428,614.4915306122449,5.349370954653725,69.27342591836735,20.99112244897959,25.717,1.6422051068081633,24.6,17.877499999999998,-290.1310680816332,0.6467557142857174,-111.04153061224491,-0.13537095465372495,-0.15342591836734698,-0.0521224489795884,0.08099999999999952,0.0007948931918366764,0.06799999999999784,-0.02949999999999875
5.2,TAKEOFF,COOLING_DEGRADATION,0.0,6273.37,80.25,505.77,5.224,69.6,21.019,25.705,1.537,24.621,17.88,6558.9397121424,80.061961,614.5315714285714,5.349861163520867,69.26788314285714,20.995285714285718,25.7174,1.64237397121424,24.6,17.880499999999998,-285.5697121424,0.1880390000000034,-108.76157142857141,-0.12586116352086663,0.3321168571428501,0.023714285714280692,-0.012400000000003075,-0.10537397121424008,0.020999999999997243,-0.0004999999999988347
5.3,TAKEOFF,COOLING_DEGRADATION,0.0,6301.29,79.73,503.52,5.229,69.58,20.909,25.645,1.622,24.618,17.756,6559.345603262563,80.06109171428572,614.566612244898,5.350106173357249,69.26213436734695,20.997648979591837,25.7176,1.6424945603262562,24.6,17.881999999999998,-258.0556032625627,-0.33109171428571926,-111.04661224489803,-0.12110617335724871,0.3178656326530529,-0.08864897959183793,-0.07260000000000133,-0.020494560326256073,0.01799999999999713,-0.12599999999999767
5.4,TAKEOFF,COOLING_DEGRADATION,0.0,6301.95,79.52,508.56,5.207,69.5,21.002,25.657,1.697,24.606,17.945,6560.243404116246,80.06158171428571,614.6326122448979,5.350566419912306,69.26187436734693,21.002048979591837,25.718,1.6427443404116246,24.6,17.885,-258.29340411624617,-0.5415817142857122,-106.07261224489793,-0.14356641991230656,0.23812563265306608,-4.897959183836065e-05,-0.06099999999999994,0.054255659588375416,0.006000000000000227,0.05999999999999872
5.5,TAKEOFF,COOLING_DEGRADATION,0.0,6319.13,80.6,509.12,5.23,69.19,20.908,25.667,1.605,24.589,17.726,6561.131988652408,80.06289842857143,614.6726530612245,5.351019878455342,69.26193159183674,21.00621224489796,25.7184,1.6429131988652408,24.6,17.887999999999998,-242.00198865240782,0.5371015714285647,-105.55265306122453,-0.12101987845534179,-0.07193159183674425,-0.0982122448979581,-0.05139999999999745,-0.037913198865240805,-0.011000000000002785,-0.16199999999999903
5.6,TAKEOFF,COOLING_DEGRADATION,0.0,6324.49,80.52,509.91,5.282,69.15,20.919,25.718,1.637,24.554,17.71,6561.537836537829,80.06202914285714,614.707693877551,5.351264881228433,69.25618281632654,21.008575510204082,25.7186,1.643033783653783,24.6,17.8895,-237.04783653782943,0.457970857142854,-104.79769387755101,-0.06926488122843288,-0.10618281632653748,-0.08957551020408161,-0.0005999999999986017,-0.0060337836537829315,-0.04600000000000293,-0.17950000000000088
5.7,TAKEOFF,COOLING_DEGRADATION,0.0,6343.45,79.28,510.27,5.206,68.83,21.129,25.71,1.613,24.611,17.799,6562.426382374694,80.06074585714286,614.7477346938776,5.351755074577136,69.25064004081634,21.012738775510204,25.719,1.6432026382374694,24.6,17.8925,-218.97638237469437,-0.7807458571428612,-104.47773469387766,-0.14575507457713588,-0.42064004081633755,0.11626122448979714,-0.009000000000000341,-0.03020263823746938,0.010999999999999233,-0.0934999999999988
5.8,TAKEOFF,COOLING_DEGRADATION,0.0,6360.08,79.29,512.72,5.277,69.44,21.125,25.703,1.655,24.533,17.834,6563.314906034547,80.06206257142858,614.787775510204,5.352208511885368,69.25069726530613,21.01690204081633,25.7194,1.6433714906034549,24.6,17.8955,-203.23490603454684,-0.7720625714285774,-102.067775510204,-0.07520851188536781,0.18930273469386805,0.10809795918367016,-0.01640000000000086,0.01162850939654514,-0.06700000000000017,-0.06149999999999878
5.9,TAKEOFF,COOLING_DEGRADATION,0.0,6356.19,79.77,515.14,5.297,69.35,21.064,25.734,1.568,24.601,18.078,6563.720710009861,80.06379328571428,614.8228163265305,5.352416752503704,69.25054848979592,21.01926530612245,25.7196,1.6434920710009862,24.6,17.897,-207.53071000986165,-0.29379328571428687,-99.68281632653054,-0.055416752503703925,0.0994515102040765,0.044734693877551024,0.014400000000001967,-0.0754920710009861,0.0009999999999976694,0.18100000000000094
6.0,TAKEOFF,COOLING_DEGRADATION,0.0,6379.87,80.52,513.97,5.269,69.34,20.949,25.735,1.512,24.546,17.862,6564.652250906123,80.06102428571428,614.8608163265305,5.352928799644563,69.24502448979592,21.02326530612245,25.72,1.6436652250906123,24.6,17.9,-184.7822509061234,0.4589757142857138,-100.89081632653051,-0.08392879964456323,0.09497551020407968,-0.07426530612244875,0.015000000000000568,-0.1316652250906123,-0.054000000000002046,-0.038000000000000256
6.1,TAKEOFF,COOLING_DEGRADATION,0.0,6383.45,80.03,515.23,5.253,69.23,20.959,25.755,1.583,24.664,18.062,6565.540719800914,80.062341,614.9008571428571,5.353382213843446,69.24508171428572,21.02742857142857,25.7204,1.6438340719800915,24.6,17.903,-182.09071980091448,-0.032341000000002396,-99.67085714285713,-0.10038221384344581,-0.015081714285713588,-0.06842857142856928,0.03459999999999752,-0.0608340719800915,0.06400000000000006,0.15900000000000247
6.2,TAKEOFF,COOLING_DEGRADATION,0.0,6391.63,80.05,516.85,5.254,69.27,21.052,25.743,1.605,24.606,17.845,6565.946482811167,80.06147171428572,614.9358979591836,5.353627205448932,69.23933293877552,21.0297918367347,25.7206,1.6439546482811167,24.6,17.9045,-174.31648281116668,-0.011471714285718804,-98.08589795918363,-0.09962720544893244,0.030667061224477266,0.02220816326530084,0.022399999999997533,-0.03895464828111672,0.006000000000000227,-0.059499999999999886
6.3,TAKEOFF,COOLING_DEGRADATION,0.0,6410.7,80.22,517.7,5.31,69.71,20.989,25.767,1.614,24.713,18.009,6566.834913008572,80.06018842857144,614.9759387755103,5.3541173791409316,69.2337901632653,21.033955102040814,25.721,1.6441234913008573,24.6,17.9075,-156.13491300857186,0.15981157142856262,-97.27593877551021,-0.044117379140931945,0.4762098367346965,-0.04495510204081299,0.045999999999999375,-0.03012349130085723,0.11299999999999955,0.10150000000000148
6.4,TAKEOFF,COOLING_DEGRADATION,0.0,6409.88,79.69,520.27,5.312,69.61,21.049,25.723,1.582,24.639,17.931,6567.723321030009,80.06150514285714,615.0159795918366,5.354570772104214,69.2338473877551,21.038118367346936,25.7214,1.6442923321030007,24.6,17.9105,-157.84332103000906,-0.37150514285714564,-94.74597959183666,-0.042570772104213894,0.37615261224489416,0.010881632653063633,0.0015999999999998238,-0.06229233210300067,0.038999999999997925,0.02050000000000196
6.5,TAKEOFF,COOLING_DEGRADATION,0.0,6418.78,78.47,518.99,5.261,69.27,21.108,25.787,1.608,24.652,18.135,6568.129040132571,80.06323585714287,615.0510204081634,5.354778976866021,69.23369861224491,21.04048163265306,25.7216,1.6444129040132571,24.6,17.912,-149.34904013257164,-1.5932358571428722,-96.06102040816336,-0.09377897686602044,0.0363013877550884,0.06751836734694194,0.06540000000000035,-0.03641290401325703,0.0519999999999996,0.22300000000000253
6.6,TAKEOFF,COOLING_DEGRADATION,0.0,6427.23,79.81,520.2,5.358,69.49,21.291,25.702,1.638,24.592,17.776,6569.017409457632,80.06195257142858,615.0910612244897,5.35526913656927,69.22815583673469,21.044644897959184,25.722,1.6445817409457635,24.6,17.915,-141.78740945763275,-0.25195257142857486,-94.8910612244897,0.002730863430729258,0.2618441632653088,0.24635510204081612,-0.019999999999999574,-0.006581740945763581,-0.008000000000002672,-0.13899999999999935
6.7,TAKEOFF,COOLING_DEGRADATION,0.0,6438.2,79.57,520.61,5.354,69.32,21.0,25.694,1.565,24.627,17.891,6569.914966319804,80.05984257142856,615.1570612244899,5.355766083044706,69.2222958367347,21.049044897959188,25.7224,1.6448314966319806,24.6,17.918,-131.71496631980426,-0.4898425714285679,-94.54706122448988,-0.001766083044706157,0.0977041632652913,-0.049044897959188205,-0.028400000000001313,-0.07983149663198064,0.02699999999999747,-0.027000000000001023
6.8,TAKEOFF,COOLING_DEGRADATION,0.0,6435.8,79.01,524.05,5.337,69.5,21.215,25.72,1.618,24.648,17.82,6570.320642192539,80.06157328571429,615.1921020408163,5.355974270738422,69.22214706122449,21.051408163265304,25.7226,1.6449520642192539,24.6,17.9195,-134.52064219253862,-1.0515732857142837,-91.14210204081633,-0.01897427073842195,0.27785293877551,0.16359183673469602,-0.002600000000001046,-0.02695206421925378,0.047999999999998266,-0.09949999999999903
6.9,TAKEOFF,COOLING_DEGRADATION,0.0,6442.97,79.72,528.0,5.321,69.19,21.193,25.708,1.589,24.558,17.825,6571.208952000001,80.06289,615.2321428571429,5.356427623680542,69.2222042857143,21.055571428571433,25.723,1.6451208952000003,24.6,17.9225,-128.2389520000006,-0.34288999999999703,-87.23214285714289,-0.0354276236805422,-0.03220428571430034,0.13742857142856835,-0.015000000000000568,-0.0561208952000003,-0.04200000000000159,-0.09750000000000014
7.0,TAKEOFF,COOLING_DEGRADATION,0.0,6451.31,80.38,526.18,5.307,69.83,20.913,25.811,1.593,24.64,17.91,6572.097239632604,80.06160671428573,615.2721836734694,5.356917768939114,69.21666151020408,21.05973469387755,25.7234,1.6452897239632605,24.6,17.9255,-120.78723963260381,0.31839328571426506,-89.09218367346944,-0.04991776893911393,0.6133384897959218,-0.14673469387755134,0.08759999999999835,-0.05228972396326048,0.03999999999999915,-0.015499999999999403
7.1,TAKEOFF,COOLING_DEGRADATION,0.0,6466.43,79.89,527.5,5.291,69.49,21.107,25.707,1.607,24.506,17.824,6572.502871600197,80.06073742857143,615.307224489796,5.3571627428332675,69.21091273469388,21.062097959183674,25.7236,1.6454102871600198,24.6,17.927,-106.07287160019678,-0.17073742857142804,-87.807224489796,-0.06616274283326717,0.27908726530611716,0.044902040816324984,-0.016600000000000392,-0.03841028716001982,-0.0940000000000012,-0.10299999999999798
7.2,TAKEOFF,COOLING_DEGRADATION,0.0,6467.15,79.38,527.92,5.288,69.32,21.205,25.765,1.598,24.641,17.981,6573.391120538449,80.06205414285715,615.3472653061225,5.3576160745387496,69.21096995918369,21.066261224489796,25.724,1.645579112053845,24.6,17.93,-106.24112053844965,-0.6820541428571545,-87.42726530612254,-0.0696160745387493,0.1090300408163074,0.13873877551020186,0.04100000000000037,-0.04757911205384491,0.04099999999999682,0.05100000000000193
7.3,TAKEOFF,COOLING_DEGRADATION,0.0,6466.45,80.8,529.38,5.248,69.28,21.065,25.759,1.569,24.569,17.818,6574.2793473024,80.06337085714287,615.387306122449,5.358069394816183,69.21102718367347,21.07042448979592,25.7244,1.64574793473024,24.6,17.933,-107.82934730240049,0.7366291428571259,-86.007306122449,-0.11006939481618261,0.06897281632653574,-0.005424489795917253,0.034600000000001074,-0.07674793473024,-0.03100000000000236,-0.11499999999999844
7.4,TAKEOFF,COOLING_DEGRADATION,0.0,6479.57,80.88,530.8,5.377,69.06,21.156,25.689,1.667,24.609,17.898,6574.728060779755,80.06101585714285,615.4203061224489,5.358336265904158,69.20529718367348,21.07262448979592,25.7246,1.6458728060779755,24.6,17.9345,-95.15806077975503,0.8189841428571469,-84.62030612244894,0.01866373409584199,-0.14529718367347755,0.0833755102040783,-0.035599999999998744,0.021127193922024556,0.009000000000000341,-0.0365000000000002
7.5,TAKEOFF,COOLING_DEGRADATION,0.0,6479.64,79.53,531.11,5.334,69.54,20.972,25.682,1.636,24.641,17.847,6575.6162549591845,80.05973257142857,615.4603469387756,5.358826397950825,69.19975440816327,21.07678775510204,25.725,1.6460416254959185,24.6,17.9375,-95.97625495918419,-0.5297325714285677,-84.3503469387756,-0.024826397950825196,0.34024559183673375,-0.10478775510203775,-0.043000000000002814,-0.010041625495918582,0.04099999999999682,-0.09049999999999869
7.6,TAKEOFF,COOLING_DEGRADATION,0.0,6482.44,80.43,532.38,5.314,69.55,21.162,25.748,1.639,24.535,18.121,6576.5044269648,80.06104928571429,615.500387755102,5.35927970009231,69.19981163265305,21.080951020408158,25.7254,1.64621044269648,24.6,17.9405,-94.06442696480008,0.3689507142857167,-83.120387755102,-0.04527970009231019,0.35018836734694503,0.08104897959184143,0.02260000000000062,-0.007210442696480079,-0.06500000000000128,0.18049999999999855
7.7,TAKEOFF,COOLING_DEGRADATION,0.0,6486.88,79.5,532.67,5.306,69.82,21.092,25.707,1.629,24.568,17.799,6576.909974069029,80.06278,615.5354285714286,5.35948783211268,69.19966285714287,21.083314285714287,25.7256,1.646330997406903,24.6,17.942,-90.02997406902887,-0.5627800000000036,-82.86542857142865,-0.05348783211267971,0.6203371428571245,0.008685714285711299,-0.018599999999999284,-0.017330997406902915,-0.03200000000000003,-0.14300000000000068
7.8,TAKEOFF,COOLING_DEGRADATION,0.0,6495.22,79.33,535.71,5.323,69.35,21.184,25.689,1.561,24.592,18.005,6577.798107382205,80.06149671428572,615.5754693877551,5.359977950166739,69.19412008163266,21.087477551020406,25.726,1.6464998107382207,24.6,17.945,-82.57810738220451,-0.7314967142857256,-79.86546938775507,-0.03697795016673844,0.15587991836733295,0.09652244897959505,-0.036999999999999034,-0.08549981073822077,-0.008000000000002672,0.05999999999999872
7.9,TAKEOFF,COOLING_DEGRADATION,0.0,6504.48,80.3,535.59,5.369,68.78,21.151,25.704,1.608,24.559,17.986,6578.652288529764,80.06347242857142,615.6435102040815,5.360416104886575,69.19384130612244,21.09204081632653,25.726399999999998,1.6467452288529763,24.6,17.948,-74.17228852976405,0.2365275714285815,-80.05351020408148,0.008583895113424944,-0.4138413061224355,0.058959183673469084,-0.022399999999997533,-0.038745228852976155,-0.04100000000000037,0.038000000000000256
8.0,TAKEOFF,COOLING_DEGRADATION,0.0,6510.01,78.8,538.2,5.344,69.21,21.092,25.626,1.704,24.643,17.831,6579.057789466122,80.06260314285714,615.6785510204081,5.360661058788523,69.18809253061225,21.094404081632653,25.7266,1.6468657789466121,24.6,17.9495,-69.04778946612169,-1.2626031428571451,-77.47855102040808,-0.01666105878852253,0.021907469387741685,-0.0024040816326547088,-0.10060000000000002,0.057134221053387835,0.04299999999999926,-0.11850000000000094
8.1,TAKEOFF,COOLING_DEGRADATION,0.003,6502.81,79.97,539.31,5.343,69.51,21.072,25.72,1.618,24.653,17.986,6579.989018779592,80.05983414285716,615.7165510204081,5.3611730896697685,69.18256853061226,21.09840408163265,25.727,1.6470389018779592,24.6,17.9525,-77.17901877959139,-0.08983414285715696,-76.40655102040819,-0.018173089669768494,0.32743146938774714,-0.026404081632652066,-0.0070000000000014495,-0.0290389018779591,0.05299999999999727,0.033500000000000085
8.2,TAKEOFF,COOLING_DEGRADATION,0.007,6515.76,80.44,536.54,5.332,69.31,21.195,25.761,1.675,24.588,17.832,6580.877070408457,80.06115085714286,615.7565918367346,5.361626345334504,69.18262575510204,21.102567346938773,25.7274,1.6472077070408457,24.6,17.9555,-65.11707040845704,0.3788491428571348,-79.21659183673466,-0.029626345334504478,0.12737424489796467,0.09243265306122694,0.03359999999999985,0.027792292959154308,-0.012000000000000455,-0.12349999999999994
8.3,TAKEOFF,COOLING_DEGRADATION,0.01,6514.12,79.77,541.46,5.294,69.24,21.117,25.762,1.631,24.559,18.013,6581.282530387592,80.06288157142858,615.7916326530614,5.361834440470074,69.18247697959184,21.104930612244896,25.7276,1.6473282530387592,24.6,17.957,-67.16253038759169,-0.2928815714285804,-74.33163265306132,-0.06783444047007414,0.057523020408154935,0.012069387755104799,0.03440000000000154,-0.016328253038759177,-0.04100000000000037,0.05600000000000094
8.4,TAKEOFF,COOLING_DEGRADATION,0.013,6506.58,80.33,540.59,5.355,69.21,21.008,25.816,1.573,24.576,18.038,6582.170543326041,80.06159828571428,615.8316734693879,5.362324536533395,69.17693420408165,21.10909387755102,25.728,1.6474970543326042,24.6,17.96,-75.59054332604137,0.2684017142857158,-75.24167346938782,-0.007324536533394266,0.03306579591834691,-0.10109387755102262,0.08799999999999741,-0.07449705433260423,-0.02400000000000091,0.0779999999999994
8.5,TAKEOFF,COOLING_DEGRADATION,0.017,6520.24,79.68,541.69,5.34,68.91,21.073,25.652,1.708,24.597,17.845,6583.058534092343,80.060315,615.8717142857143,5.362814631114659,69.17139142857143,21.11325714285714,25.7284,1.6476658534092343,24.6,17.963,-62.818534092342816,-0.38031499999999596,-74.18171428571429,-0.022814631114659534,-0.2613914285714287,-0.04025714285713988,-0.07639999999999958,0.060334146590765636,-0.0030000000000001137,-0.1180000000000021
8.6,TAKEOFF,COOLING_DEGRADATION,0.02,6531.57,80.77,539.96,5.357,68.89,21.137,25.788,1.641,24.575,17.864,6583.4639501725715,80.0620457142857,615.9067551020408,5.3630227087050235,69.17124265306123,21.115620408163267,25.7286,1.6477863950172573,24.6,17.9645,-51.89395017257175,0.707954285714294,-75.94675510204081,-0.006022708705023305,-0.2812426530612271,0.02137959183673388,0.05940000000000012,-0.006786395017257307,-0.02500000000000213,-0.10050000000000026
8.7,TAKEOFF,COOLING_DEGRADATION,0.023,6528.59,80.13,542.79,5.354,69.48,21.13,25.83,1.715,24.592,18.0,6584.351902249469,80.06336242857142,615.9467959183673,5.36347592337487,69.17129987755102,21.11978367346939,25.729,1.647955190224947,24.6,17.9675,-55.76190224946913,0.06663757142857207,-73.15679591836738,-0.009475923374870021,0.3087001224489825,0.010216326530610331,0.10099999999999909,0.06704480977505312,-0.008000000000002672,0.03249999999999886
8.8,TAKEOFF,COOLING_DEGRADATION,0.027,6531.18,80.53,542.91,5.352,69.42,21.094,25.767,1.594,24.606,17.954,6585.28303020147,80.06059342857142,615.9847959183674,5.363987947359698,69.16577587755101,21.123783673469386,25.7294,1.648128303020147,24.6,17.9705,-54.103030201469664,0.46940657142857845,-73.07479591836739,-0.01198794735969777,0.2542241224489885,-0.029783673469385263,0.03760000000000119,-0.05412830302014693,0.006000000000000227,-0.016500000000000625
8.9,TAKEOFF,COOLING_DEGRADATION,0.03,6527.6,80.45,545.97,5.381,68.91,21.001,25.667,1.603,24.584,17.986,6585.688405326629,80.05972414285715,616.019836734694,5.364232886491459,69.16002710204083,21.126146938775513,25.7296,1.6482488405326627,24.6,17.972,-58.08840532662907,0.3902758571428535,-70.04983673469394,0.016767113508540987,-0.250027102040832,-0.12514693877551153,-0.06259999999999977,-0.04524884053266276,-0.01600000000000179,0.013999999999999346
9.0,TAKEOFF,COOLING_DEGRADATION,0.033,6539.03,79.72,545.59,5.348,68.79,21.043,25.714,1.597,24.667,18.012,6586.5423298628575,80.06169985714286,616.0878775510204,5.364670941445102,69.15974832653062,21.130710204081634,25.73,1.6484942329862857,24.6,17.975,-47.51232986285777,-0.34169985714285644,-70.49787755102034,-0.01667094144510184,-0.36974832653061185,-0.08771020408163466,-0.01600000000000179,-0.05149423298628575,0.06700000000000017,0.036999999999999034
9.1,TAKEOFF,COOLING_DEGRADATION,0.037,6539.14,79.96,545.88,5.322,69.04,21.216,25.635,1.648,24.601,17.776,6587.430200261748,80.06301657142856,616.1279183673469,5.365124124420792,69.15980555102041,21.134873469387756,25.7304,1.648663020026175,24.6,17.978,-48.290200261747486,-0.10301657142856868,-70.24791836734687,-0.04312412442079161,-0.11980555102040569,0.08112653061224506,-0.09539999999999793,-0.0006630200261750208,0.0009999999999976694,-0.20200000000000173
9.2,TAKEOFF,COOLING_DEGRADATION,0.04,6537.17,79.69,548.18,5.331,69.35,21.272,25.671,1.714,24.605,18.03,6587.83552922449,80.0621472857143,616.1629591836735,5.365369054734491,69.15405677551021,21.137236734693875,25.7306,1.6487835529224488,24.6,17.9795,-50.665529224489546,-0.37214728571430555,-67.98295918367353,-0.03436905473449059,0.1959432244897812,0.13476326530612326,-0.05959999999999965,0.06521644707755114,0.004999999999999005,0.050499999999999545
9.3,TAKEOFF,COOLING_DEGRADATION,0.043,6545.08,80.08,552.25,5.36,69.2,21.258,25.618,1.615,24.636,17.814,6588.723360936,80.06346400000001,616.203,5.3658222229262496,69.154114,21.1414,25.731,1.6489523360936003,24.6,17.982499999999998,-43.643360936000136,0.016535999999987894,-63.952999999999975,-0.005822222926249232,0.045885999999995875,0.11659999999999826,-0.1130000000000031,-0.033952336093600266,0.03599999999999781,-0.1684999999999981
9.4,TAKEOFF,COOLING_DEGRADATION,0.047,6540.85,79.98,546.53,5.384,69.19,20.952,25.666,1.597,24.614,18.005,6589.611170477029,80.06218071428573,616.2430408163266,5.3663122815132525,69.1485712244898,21.145563265306123,25.7314,1.6491211170477031,24.6,17.9855,-48.76117047702883,-0.08218071428572671,-69.71304081632661,0.017687718486747883,0.04142877551019808,-0.19356326530612122,-0.06540000000000035,-0.05212111704770317,0.013999999999999346,0.01950000000000074
9.5,TAKEOFF,COOLING_DEGRADATION,0.05,6543.68,79.99,550.71,5.309,69.46,21.291,25.834,1.637,24.51,17.892,6590.059686626743,80.06242571428572,616.2760408163266,5.366542263336923,69.1484412244898,21.147763265306125,25.7316,1.6492459686626744,24.6,17.987000000000002,-46.37968662674302,-0.0724257142857283,-65.56604081632656,-0.057542263336922694,0.31155877551019273,0.14323673469387543,0.10239999999999938,-0.012245968662674356,-0.08999999999999986,-0.09500000000000242
9.6,TAKEOFF,COOLING_DEGRADATION,0.053,6557.73,79.55,549.54,5.375,68.81,21.134,25.796,1.744,24.577,17.945,6590.947463588897,80.06114242857144,616.316081632653,5.367032317724074,69.1428984489796,21.151926530612243,25.732,1.64941474635889,24.6,17.990000000000002,-33.21746358889777,-0.5111424285714463,-66.77608163265302,0.007967682275926258,-0.3328984489795914,-0.01792653061224314,0.06400000000000006,0.09458525364111003,-0.022999999999999687,-0.045000000000001705
9.7,TAKEOFF,COOLING_DEGRADATION,0.057,6545.27,80.65,550.64,5.411,69.14,21.101,25.765,1.727,24.572,18.158,6591.835218381062,80.06245914285715,616.3561224489796,5.36748545634968,69.14295567346939,21.156089795918366,25.7324,1.649583521838106,24.6,17.993000000000002,-46.56521838106164,0.5875408571428551,-65.7161224489796,0.04351454365031948,-0.0029556734693869657,-0.05508979591836649,0.03260000000000218,0.07741647816189401,-0.028000000000002245,0.16499999999999915
9.8,TAKEOFF,COOLING_DEGRADATION,0.06,6559.19,80.45,552.39,5.407,68.91,21.173,25.79,1.678,24.583,17.945,6592.240462497061,80.06158985714286,616.3911632653061,5.367730375471538,69.13720689795919,21.15845306122449,25.7326,1.6497040462497063,24.6,17.9945,-33.050462497061744,0.3884101428571398,-64.0011632653061,0.03926962452846183,-0.22720689795919213,0.014546938775509943,0.057399999999997675,0.02829595375029359,-0.017000000000003013,-0.04949999999999832
9.9,TAKEOFF,COOLING_DEGRADATION,0.063,6551.15,80.0,552.52,5.375,69.2,21.224,25.695,1.655,24.576,18.021,6593.128178603755,80.06290657142857,616.4312040816327,5.36818349931289,69.13726412244898,21.162616326530614,25.733,1.6498728178603757,24.6,17.997500000000002,-41.97817860375562,-0.06290657142857015,-63.91120408163272,0.00681650068711015,0.06273587755102028,0.061383673469386224,-0.038000000000000256,0.0051271821396243755,-0.02400000000000091,0.023499999999998522
10.0,TAKEOFF,COOLING_DEGRADATION,0.067,6553.35,78.95,553.73,5.427,69.1,21.237,25.78,1.584,24.601,18.077,6594.015872541013,80.06162328571429,616.4712448979592,5.36867353821599,69.13172134693878,21.166779591836733,25.7334,1.6500415872541012,24.6,18.000500000000002,-40.665872541012504,-1.1116232857142876,-62.74124489795918,0.058326461784009354,-0.031721346938780925,0.0702204081632658,0.04660000000000153,-0.06604158725410114,0.0009999999999976694,0.07649999999999935
10.1,TAKEOFF,COOLING_DEGRADATION,0.07,6546.05,80.82,556.95,5.409,69.1,21.133,25.729,1.554,24.591,17.991,6594.421072764343,80.06335399999999,616.5062857142857,5.368881523244953,69.13157257142858,21.16914285714286,25.7336,1.6501621072764343,24.6,18.002000000000002,-48.3710727643429,0.7566460000000035,-59.55628571428565,0.04011847675504665,-0.031572571428583274,-0.0361428571428597,-0.0045999999999999375,-0.09616210727643426,-0.009000000000000341,-0.011000000000002785
10.2,TAKEOFF,COOLING_DEGRADATION,0.073,6563.2,80.24,554.62,5.359,69.07,21.1,25.685,1.684,24.567,17.954,6595.317975186286,80.06124399999999,616.5722857142857,5.369378370938143,69.12571257142858,21.17354285714286,25.734,1.6504117975186288,24.6,18.005,-32.11797518628646,0.17875600000000702,-61.95228571428572,-0.010378370938142645,-0.05571257142858599,-0.0735428571428578,-0.04900000000000304,0.03358820248137118,-0.03300000000000125,-0.05099999999999838
10.3,TAKEOFF,COOLING_DEGRADATION,0.077,6561.57,80.77,559.38,5.377,69.2,21.094,25.735,1.686,24.658,18.124,6596.205609623119,80.05996071428572,616.6123265306122,5.36986840183547,69.12016979591837,21.177706122448978,25.7344,1.650580560962312,24.6,18.008,-34.63560962311931,0.7100392857142737,-57.23232653061223,0.007131598164529684,0.079830204081631,-0.08370612244897657,0.0005999999999986017,0.03541943903768785,0.05799999999999983,0.11599999999999966
10.4,TAKEOFF,COOLING_DEGRADATION,0.08,6568.35,79.21,554.09,5.422,68.83,21.15,25.737,1.657,24.565,18.179,6596.61076663151,80.06169142857144,616.6473673469388,5.370076369793255,69.12002102040816,21.180069387755108,25.7346,1.6507010766631511,24.6,18.009500000000003,-28.260766631509796,-0.8516914285714421,-62.557367346938804,0.05192363020674495,-0.2900210204081617,-0.030069387755109034,0.0023999999999979593,0.006298923336848894,-0.03500000000000014,0.16949999999999577
10.5,TAKEOFF,COOLING_DEGRADATION,0.083,6573.75,79.93,558.82,5.393,69.05,21.097,25.712,1.642,24.582,18.088,6597.498362384898,80.06300814285716,616.6874081632653,5.370529447154611,69.12007824489797,21.184232653061226,25.735,1.65086983623849,24.6,18.012500000000003,-23.748362384898428,-0.13300814285715035,-57.86740816326528,0.022470552845389236,-0.07007824489797088,-0.08723265306122485,-0.022999999999999687,-0.008869836238490025,-0.018000000000000682,0.07549999999999812
10.6,TAKEOFF,COOLING_DEGRADATION,0.087,6571.18,80.03,560.92,5.323,68.99,21.226,25.773,1.609,24.587,18.29,6598.38593596996,80.06172485714286,616.7274489795918,5.3710194640502715,69.11453546938776,21.18839591836735,25.7354,1.6510385935969962,24.6,18.0155,-27.205935969959683,-0.031724857142862106,-55.80744897959187,-0.04801946405027113,-0.12453546938776583,0.03760408163265083,0.03760000000000119,-0.04203859359699624,-0.013000000000001677,0.27449999999999974
10.7,TAKEOFF,COOLING_DEGRADATION,0.09,6573.28,80.21,559.53,5.377,69.0,21.072,25.73,1.601,24.577,18.057,6598.791049088229,80.06085557142858,616.7624897959183,5.371264365422266,69.10878669387755,21.190759183673467,25.7356,1.6511591049088228,24.6,18.017,-25.5110490882289,0.14914442857141808,-57.232489795918355,0.005735634577733961,-0.10878669387754769,-0.11875918367346827,-0.00560000000000116,-0.050159104908822805,-0.022999999999999687,0.03999999999999915
10.8,TAKEOFF,COOLING_DEGRADATION,0.093,6576.7,80.35,561.23,5.311,69.43,21.207,25.792,1.665,24.625,18.079,6599.678583990857,80.06217228571428,616.8025306122448,5.371717421542281,69.10884391836736,21.194922448979597,25.736,1.6513278583990858,24.6,18.02,-22.97858399085726,0.2878277142857115,-55.572530612244805,-0.060717421542281436,0.3211560816326511,0.012077551020404087,0.05600000000000094,0.013672141600914234,0.02499999999999858,0.05900000000000105
10.9,TAKEOFF,COOLING_DEGRADATION,0.097,6570.21,79.46,560.87,5.428,68.35,21.103,25.725,1.656,24.597,18.039,6600.609400423248,80.06200328571428,616.8405306122448,5.372192465779211,69.10891991836735,21.198922448979594,25.7364,1.6515009400423248,24.6,18.023,-30.399400423248153,-0.6020032857142894,-55.97053061224483,0.0558075342207891,-0.7589199183673543,-0.0959224489795929,-0.0113999999999983,0.004499059957675078,-0.0030000000000001137,0.01600000000000179
11.0,TAKEOFF,COOLING_DEGRADATION,0.1,6569.15,79.89,560.51,5.437,69.01,21.355,25.771,1.722,24.6,17.932,6601.014472594286,80.061134,616.8755714285713,5.372437361288526,69.10317114285715,21.20128571428571,25.7366,1.6516214472594286,24.6,18.0245,-31.86447259428678,-0.171133999999995,-56.36557142857134,0.06456263871147438,-0.09317114285714467,0.15371428571429036,0.03440000000000154,0.07037855274057137,0.0,-0.09250000000000114
11.1,TAKEOFF,COOLING_DEGRADATION,0.103,6581.36,80.22,563.91,5.425,68.89,21.165,25.797,1.666,24.618,18.008,6601.901952754286,80.0624507142857,616.9156122448978,5.372890394297473,69.10322836734694,21.20544897959184,25.737,1.6517901952754288,24.6,18.0275,-20.541952754286285,0.15754928571429616,-53.00561224489786,0.052109605702526984,-0.21322836734694306,-0.04044897959184013,0.060000000000002274,0.014209804724571118,0.01799999999999713,-0.01950000000000074
11.2,TAKEOFF,COOLING_DEGRADATION,0.107,6577.28,79.64,563.71,5.405,69.41,21.263,25.753,1.664,24.536,17.915,6602.789410747005,80.06116742857142,616.9556530612244,5.373380391500357,69.09768559183674,21.20961224489796,25.7374,1.6519589410747006,24.6,18.0305,-25.50941074700495,-0.4211674285714224,-53.2456530612244,0.031619608499643626,0.3123144081632603,0.0533877551020403,0.01559999999999917,0.012041058925299275,-0.06400000000000006,-0.11550000000000082
11.3,TAKEOFF,COOLING_DEGRADATION,0.11,6583.93,80.14,563.34,5.356,69.16,21.426,25.801,1.581,24.509,18.04,6603.194439030334,80.06289814285715,616.990693877551,5.373588303781332,69.09753681632654,21.21197551020408,25.7376,1.6520794439030333,24.6,18.031999999999996,-19.26443903033396,0.0771018571428499,-53.65069387755102,-0.01758830378133247,0.062463183673457934,0.21402448979591782,0.0633999999999979,-0.07107944390303333,-0.09100000000000108,0.008000000000002672
11.4,TAKEOFF,COOLING_DEGRADATION,0.113,6579.9,79.67,566.22,5.419,68.26,21.462,25.762,1.68,24.579,17.942,6604.081858342532,80.06161485714284,617.0307346938775,5.374078293437002,69.09199404081633,21.216138775510206,25.738,1.6522481858342533,24.6,18.035000000000004,-24.181858342531996,-0.39161485714284083,-50.81073469387752,0.044921706562997876,-0.8319940408163262,0.24586122448979353,0.02400000000000091,0.02775181416574668,-0.021000000000000796,-0.09300000000000352
11.5,TAKEOFF,COOLING_DEGRADATION,0.117,6572.93,80.45,567.52,5.34,68.24,21.217,25.824,1.523,24.659,18.027,6604.978516868571,80.06210485714286,617.0967346938776,5.374538120750983,69.09173404081633,21.220538775510207,25.7384,1.6524978516868571,24.6,18.038,-32.048516868570914,0.3878951428571469,-49.5767346938776,-0.03453812075098295,-0.8517340408163392,-0.00353877551020787,0.08560000000000301,-0.12949785168685723,0.0589999999999975,-0.010999999999999233
11.6,TAKEOFF,COOLING_DEGRADATION,0.12,6586.03,79.86,566.57,5.358,69.43,21.155,25.788,1.699,24.608,17.998,6605.383501941878,80.0612355714286,617.1317755102042,5.374783003839436,69.08598526530612,21.22290204081633,25.7386,1.6526183501941878,24.6,18.0395,-19.353501941878676,-0.20123557142859738,-50.56177551020414,-0.01678300383943654,0.34401473469388577,-0.06790204081632822,0.049399999999998556,0.046381649805812275,0.007999999999999119,-0.041499999999999204
11.7,TAKEOFF,COOLING_DEGRADATION,0.123,6583.02,80.16,564.2,5.384,69.0,21.196,25.843,1.654,24.607,17.965,6606.270861760653,80.0625522857143,617.1718163265307,5.375235990366482,69.08604248979591,21.22706530612245,25.739,1.6527870861760654,24.6,18.0425,-23.250861760652697,0.09744771428569265,-52.97181632653064,0.0087640096335182,-0.08604248979591489,-0.031065306122449954,0.1039999999999992,0.0012129138239345139,0.006999999999997897,-0.07750000000000057
11.8,TAKEOFF,COOLING_DEGRADATION,0.127,6587.11,80.76,566.9,5.422,68.88,21.407,25.687,1.64,24.538,18.12,6607.158199413257,80.06126900000001,617.2118571428572,5.375725965552881,69.08049971428572,21.23122857142857,25.7394,1.6529558199413257,24.6,18.0455,-20.048199413256953,0.6987309999999951,-50.31185714285721,0.04627403444711842,-0.20049971428572633,0.17577142857143002,-0.05239999999999867,-0.012955819941325775,-0.062000000000001165,0.07450000000000045
11.9,TAKEOFF,COOLING_DEGRADATION,0.13,6586.29,79.31,564.56,5.36,68.89,21.28,25.728,1.638,24.594,17.982,6607.563140601404,80.06299971428572,617.2468979591837,5.375933840945951,69.08035093877551,21.233591836734693,25.7396,1.65307631406014,24.6,18.047,-21.27314060140361,-0.7529997142857212,-52.68689795918374,-0.015933840945950628,-0.19035093877550935,0.04640816326530839,-0.011599999999997834,-0.015076314060140206,-0.006000000000000227,-0.06500000000000128
12.0,TAKEOFF,COOLING_DEGRADATION,0.133,6577.87,80.6,567.35,5.392,68.87,21.058,25.689,1.763,24.552,18.139,6608.45043957551,80.06171642857144,617.2869387755102,5.376423808583671,69.0748081632653,21.237755102040815,25.74,1.653245043957551,24.6,18.05,-30.580439575510354,0.5382835714285505,-49.93693877551016,0.015576191416329266,-0.20480816326529805,-0.17975510204081502,-0.05099999999999838,0.10975495604244889,-0.04800000000000182,0.08899999999999864
12.1,TAKEOFF,COOLING_DEGRADATION,0.137,6592.24,79.91,570.45,5.392,69.56,21.288,25.806,1.601,24.707,18.076,6609.3377163840005,80.06303314285715,617.3269795918368,5.376876762441283,69.07486538775511,21.241918367346937,25.7404,1.6534137716384,24.6,18.052999999999997,-17.097716384000705,-0.1530331428571543,-46.876979591836744,0.015123237558717584,0.4851346122448916,0.04608163265306331,0.06559999999999988,-0.05241377163840011,0.10699999999999932,0.02300000000000324
12.2,TAKEOFF,COOLING_DEGRADATION,0.14,6586.59,79.66,572.18,5.396,68.97,21.128,25.644,1.654,24.633,17.936,6609.78598071894,80.06067814285714,617.3599795918367,5.377143666030623,69.0691353877551,21.24411836734694,25.7406,1.653538598071894,24.6,18.054499999999997,-23.19598071893961,-0.40067814285714576,-45.17997959183674,0.018856333969377026,-0.09913538775509778,-0.11611836734693881,-0.09660000000000224,0.0004614019281059534,0.0329999999999977,-0.11849999999999739
12.3,TAKEOFF,COOLING_DEGRADATION,0.143,6579.95,80.38,571.17,5.291,68.37,21.218,25.709,1.701,24.603,17.925,6610.673224955755,80.06199485714286,617.4000204081632,5.377596608203259,69.0691926122449,21.248281632653057,25.741,1.6537073224955756,24.6,18.057499999999997,-30.72322495575554,0.3180051428571318,-46.23002040816323,-0.08659660820325854,-0.6991926122449001,-0.0302816326530575,-0.03200000000000003,0.04729267750442445,0.0030000000000001137,-0.13249999999999673
12.4,TAKEOFF,COOLING_DEGRADATION,0.147,6590.93,79.38,571.46,5.344,69.57,21.43,25.776,1.646,24.561,18.124,6611.560447027445,80.06071157142857,617.4400612244898,5.37808656368801,69.0636498367347,21.252444897959183,25.7414,1.6538760447027445,24.6,18.060499999999998,-20.63044702744446,-0.6807115714285743,-45.98006122448976,-0.03408656368800944,0.5063501632652958,0.1775551020408166,0.034600000000001074,-0.007876044702744611,-0.03900000000000148,0.06350000000000122
12.5,TAKEOFF,COOLING_DEGRADATION,0.15,6594.11,80.47,571.28,5.389,68.46,21.289,25.73,1.65,24.611,18.305,6611.96530339004,80.06244228571428,617.4751020408163,5.378294403218765,69.06350106122449,21.254808163265302,25.7416,1.653996530339004,24.6,18.062,-17.855303390040717,0.40755771428571563,-46.19510204081632,0.010705596781234838,-0.6035010612244918,0.034191836734699166,-0.011599999999997834,-0.003996530339004156,0.010999999999999233,0.24299999999999855
12.6,TAKEOFF,COOLING_DEGRADATION,0.153,6594.79,80.53,574.5,5.42,68.85,21.187,25.789,1.64,24.651,17.854,6612.852486785143,80.06115899999999,617.5151428571429,5.378784351153392,69.05795828571429,21.25897142857143,25.742,1.6541652486785143,24.6,18.064999999999998,-18.062486785142937,0.46884100000001183,-43.015142857142905,0.04121564884660778,-0.20795828571429809,-0.07197142857143035,0.0470000000000006,-0.01416524867851443,0.05099999999999838,-0.21099999999999852
12.7,TAKEOFF,COOLING_DEGRADATION,0.157,6598.81,80.05,574.64,5.362,68.75,21.272,25.647,1.61,24.648,18.024,6613.705528082285,80.06313471428572,617.5831836734694,5.379222049554555,69.05767951020408,21.263534693877553,25.7424,1.6544105528082287,24.6,18.068,-14.895528082284727,-0.013134714285726545,-42.943183673469434,-0.01722204955455453,-0.3076795102040819,0.008465306122445782,-0.09540000000000148,-0.04441055280822859,0.047999999999998266,-0.04400000000000048
12.8,TAKEOFF,COOLING_DEGRADATION,0.16,6590.12,79.88,572.54,5.428,69.04,21.319,25.706,1.756,24.624,18.178,6614.110338298971,80.06226542857144,617.6182244897958,5.37946690726156,69.05193073469388,21.265897959183675,25.7426,1.6545310338298973,24.6,18.069499999999998,-23.990338298971437,-0.18226542857144068,-45.07822448979584,0.048533092738439976,-0.011930734693876843,0.05310204081632364,-0.036599999999999966,0.1014689661701027,0.023999999999997357,0.10850000000000293
12.9,TAKEOFF,COOLING_DEGRADATION,0.163,6595.39,78.85,572.87,5.362,69.25,21.242,25.728,1.528,24.692,17.804,6615.040859317959,80.06209642857144,617.6562244897959,5.379941852436518,69.05200673469388,21.269897959183677,25.743,1.654704085931796,24.6,18.0725,-19.650859317958748,-1.2120964285714422,-44.78622448979593,-0.017941852436518246,0.19799326530612404,-0.02789795918367588,-0.014999999999997016,-0.12670408593179605,0.09199999999999875,-0.26850000000000307
13.0,TAKEOFF,COOLING_DEGRADATION,0.167,6594.09,80.8,575.37,5.396,68.8,21.287,25.772,1.636,24.617,18.131,6615.927961061617,80.06081314285714,617.6962653061224,5.380431785895741,69.04646395918368,21.274061224489795,25.7434,1.6548727961061616,24.6,18.075499999999998,-21.837961061616625,0.7391868571428546,-42.32626530612242,0.015568214104258793,-0.2464639591836857,0.012938775510203726,0.028599999999997294,-0.01887279610616166,0.01699999999999946,0.0555000000000021
13.1,TAKEOFF,COOLING_DEGRADATION,0.17,6600.69,80.19,573.24,5.444,69.22,21.234,25.763,1.592,24.667,18.109,6616.332730338907,80.06254385714286,617.731306122449,5.380639588537531,69.04631518367347,21.276424489795918,25.7436,1.6549932730338908,24.6,18.076999999999998,-15.642730338907313,0.12745614285714169,-44.49130612244903,0.06336041146246885,0.17368481632652788,-0.04242448979591629,0.019400000000000972,-0.06299327303389068,0.06700000000000017,0.03200000000000358
13.2,TAKEOFF,COOLING_DEGRADATION,0.173,6592.16,80.5,575.3,5.367,68.56,21.071,25.738,1.699,24.593,18.143,6617.219793408,80.06126057142858,617.7713469387755,5.381129514445165,69.04077240816326,21.280587755102037,25.744,1.6551619793408001,24.6,18.08,-25.059793408000587,0.4387394285714237,-42.47134693877558,-0.014129514445165192,-0.4807724081632614,-0.2095877551020351,-0.006000000000000227,0.04383802065919995,-0.0070000000000014495,0.06300000000000239
13.3,TAKEOFF,COOLING_DEGRADATION,0.177,6592.9,79.25,573.2,5.386,69.05,21.244,25.695,1.645,24.592,18.075,6618.106834313632,80.0625772857143,617.811387755102,5.381582377463363,69.04082963265307,21.284751020408166,25.7444,1.6553306834313632,24.6,18.083,-25.2068343136325,-0.8125772857142977,-44.61138775510199,0.004417622536637467,0.009170367346925445,-0.04075102040816603,-0.049399999999998556,-0.01033068343136323,-0.008000000000002672,-0.007999999999999119
13.4,TAKEOFF,COOLING_DEGRADATION,0.18,6602.68,79.9,577.9,5.34,68.72,21.204,25.736,1.709,24.57,18.28,6618.511559712,80.061708,617.8464285714285,5.381827223954307,69.03508085714286,21.287114285714285,25.7446,1.6554511559712,24.6,18.084500000000002,-15.831559711999944,-0.1617079999999902,-39.946428571428555,-0.04182722395430716,-0.3150808571428598,-0.08311428571428436,-0.00859999999999772,0.05354884402880011,-0.030000000000001137,0.19549999999999912
13.5,TAKEOFF,COOLING_DEGRADATION,0.183,6608.24,80.34,577.24,5.409,68.87,21.305,25.749,1.671,24.604,18.195,6619.398561944082,80.06302471428572,617.8864693877551,5.382280072186397,69.03513808163265,21.29127755102041,25.745,1.655619856194408,24.6,18.0875,-11.158561944082066,0.2769752857142862,-40.64646938775513,0.026719927813602773,-0.16513808163264798,0.013722448979589075,0.003999999999997783,0.01538014380559205,0.003999999999997783,0.1075000000000017
13.6,TAKEOFF,COOLING_DEGRADATION,0.187,6596.82,80.07,575.56,5.389,69.23,21.435,25.63,1.655,24.604,18.012,6620.328981637029,80.06025571428572,617.9244693877552,5.382792054653624,69.02961408163266,21.29527755102041,25.7454,1.655792898163703,24.6,18.0905,-23.508981637029137,0.009744285714276657,-42.36446938775521,0.0062079453463761425,0.20038591836734554,0.1397224489795903,-0.11540000000000106,-0.0007928981637028709,0.003999999999997783,-0.07849999999999824
13.7,TAKEOFF,COOLING_DEGRADATION,0.19,6598.18,79.56,578.14,5.433,68.57,21.267,25.775,1.648,24.574,18.051,6620.733666098155,80.06198642857142,617.9595102040817,5.38299982143193,69.02946530612245,21.29764081632653,25.7456,1.6559133666098156,24.6,18.092,-22.55366609815428,-0.5019864285714135,-39.819510204081666,0.05000017856806949,-0.4594653061224534,-0.030640816326531706,0.029399999999998983,-0.007913366609815675,-0.0259999999999998,-0.04100000000000037
13.8,TAKEOFF,COOLING_DEGRADATION,0.193,6601.03,79.89,578.23,5.375,69.08,21.149,25.686,1.695,24.539,18.206,6621.6206135996745,80.06070314285714,617.9995510204083,5.383489727627602,69.02392253061225,21.301804081632653,25.746,1.6560820613599676,24.6,18.095,-20.590613599674725,-0.1707031428571355,-39.769551020408244,-0.008489727627601695,0.05607746938774483,-0.15280408163265236,-0.05999999999999872,0.03891793864003246,-0.06099999999999994,0.11100000000000065
13.9,TAKEOFF,COOLING_DEGRADATION,0.197,6603.47,79.64,577.64,5.371,69.14,21.453,25.769,1.64,24.634,18.362,6622.473371480817,80.06267885714286,618.0675918367347,5.383927312688133,69.02364375510204,21.30636734693877,25.7464,1.6563273371480816,24.6,18.098,-19.003371480816895,-0.4226788571428557,-40.42759183673468,-0.01292731268813263,0.1163562448979576,0.14663265306122852,0.022599999999997067,-0.016327337148081655,0.03399999999999892,0.26399999999999935
14.0,TAKEOFF,COOLING_DEGRADATION,0.2,6595.98,80.74,579.38,5.408,69.19,21.418,25.788,1.648,24.637,17.976,6622.878009801486,80.06180957142857,618.1026326530612,5.384172146741735,69.01789497959183,21.308730612244897,25.7466,1.6564478009801484,24.6,18.0995,-26.898009801486296,0.6781904285714262,-38.72263265306117,0.02382785325826564,0.17210502040816777,0.10926938775510209,0.04139999999999944,-0.008447800980148523,0.036999999999999034,-0.12349999999999994
14.1,TAKEOFF,COOLING_DEGRADATION,0.203,6606.85,80.44,581.07,5.414,68.98,21.4,25.776,1.664,24.521,17.932,6623.764891716899,80.06312628571428,618.1426734693878,5.384624948488211,69.01795220408164,21.31289387755102,25.747,1.65661648917169,24.6,18.1025,-16.914891716898637,0.3768737142857219,-37.07267346938772,0.02937505151178854,-0.03795220408163402,0.0871061224489793,0.028999999999999915,0.007383510828310014,-0.07900000000000063,-0.17050000000000054
14.2,TAKEOFF,COOLING_DEGRADATION,0.207,6603.98,79.36,580.75,5.356,68.37,21.299,25.737,1.653,24.58,18.14,6624.695221169732,80.06035728571428,618.1806734693877,5.385136924953546,69.01242820408163,21.31689387755102,25.7474,1.6567895221169733,24.6,18.1055,-20.715221169732104,-0.7003572857142757,-37.43067346938767,-0.02913692495354603,-0.6424282040816252,-0.01789387755102112,-0.010400000000000631,-0.003789522116973254,-0.020000000000003126,0.03450000000000131
14.3,TAKEOFF,COOLING_DEGRADATION,0.21,6615.13,79.94,581.39,5.397,69.31,21.336,25.734,1.755,24.569,18.192,6625.099818555428,80.062088,618.2157142857143,5.385344654841823,69.01227942857142,21.319257142857147,25.7476,1.6569099818555428,24.6,18.107,-9.969818555427992,-0.12208800000000508,-36.8257142857143,0.0116553451581769,0.29772057142858444,0.01674285714285162,-0.013599999999996726,0.09809001814445706,-0.03100000000000236,0.08500000000000085
14.4,TAKEOFF,COOLING_DEGRADATION,0.213,6604.82,80.8,579.4,5.39,69.06,21.293,25.772,1.635,24.602,18.083,6625.986645743023,80.06080471428572,618.2557551020409,5.385834539001463,69.00673665306122,21.32342040816327,25.748,1.6570786645743023,24.6,18.11,-21.166645743022855,0.7391952857142741,-38.855755102040916,0.004165460998536652,0.053263346938777545,-0.03042040816326974,0.023999999999997357,-0.022078664574302298,0.0019999999999988916,-0.027000000000001023
14.5,TAKEOFF,COOLING_DEGRADATION,0.217,6606.77,79.57,581.98,5.39,68.97,21.237,25.757,1.569,24.641,18.23,6626.873450769307,80.06212142857144,618.2957959183674,5.386287311176345,69.00679387755102,21.327583673469384,25.7484,1.6572473450769305,24.6,18.113,-20.10345076930662,-0.49212142857145125,-36.31579591836737,0.0037126888236542754,-0.036793877551019705,-0.09058367346938567,0.008600000000001273,-0.08824734507693055,0.04099999999999682,0.11700000000000088
14.6,TAKEOFF,COOLING_DEGRADATION,0.22,6616.18,80.65,584.23,5.393,68.95,21.358,25.849,1.618,24.55,17.971,6627.278004281045,80.06125214285714,618.3308367346939,5.386532134005847,69.00104510204082,21.32994693877551,25.7486,1.6573678004281045,24.6,18.1145,-11.098004281044268,0.588747857142863,-34.10083673469387,0.006467865994152611,-0.051045102040816914,0.02805306122449025,0.10040000000000049,-0.039367800428104394,-0.05000000000000071,-0.14349999999999952
14.7,TAKEOFF,COOLING_DEGRADATION,0.223,6615.3,79.8,580.82,5.369,68.37,21.492,25.713,1.674,24.581,18.213,6628.164770637713,80.06256885714286,618.3708775510205,5.386984891393996,69.00110232653061,21.334110204081632,25.749,1.6575364770637715,24.6,18.1175,-12.864770637713264,-0.2625688571428668,-37.55087755102045,-0.017984891393996172,-0.631102326530609,0.1578897959183685,-0.03599999999999781,0.016463522936228436,-0.019000000000001904,0.09550000000000125
14.8,TAKEOFF,COOLING_DEGRADATION,0.227,6613.7,79.97,583.61,5.385,68.49,21.487,25.74,1.704,24.603,18.18,6629.0515148336335,80.06128557142857,618.410918367347,5.387474760045022,68.99555955102042,21.338273469387754,25.7494,1.6577051514833636,24.6,18.1205,-15.3515148336337,-0.09128557142857119,-34.80091836734698,-0.0024747600450218954,-0.5055595510204256,0.14872653061224383,-0.009400000000002962,0.046294848516636344,0.0030000000000001137,0.059499999999999886
14.9,TAKEOFF,COOLING_DEGRADATION,0.23,6612.82,80.67,583.21,5.394,69.03,21.298,25.763,1.673,24.579,18.321,6629.499527409372,80.06153057142856,618.4439183673469,5.387704558295539,68.99542955102041,21.340473469387756,25.7496,1.657829952740937,24.6,18.122,-16.679527409371985,0.6084694285714392,-35.23391836734686,0.006295441704461169,0.03457044897959349,-0.0424734693877582,0.013400000000000745,0.015170047259063013,-0.021000000000000796,0.19900000000000162
15.0,TAKEOFF,COOLING_DEGRADATION,0.233,6603.63,80.08,582.38,5.427,69.64,21.255,25.629,1.644,24.62,18.146,6630.352028816327,80.0609062857143,618.5119591836735,5.388179168761939,68.98955077551021,21.345036734693878,25.75,1.6580752028816326,24.6,18.125,-26.72202881632711,0.01909371428570239,-36.13195918367353,0.038820831238060904,0.6504492244897904,-0.09003673469387863,-0.12099999999999866,-0.014075202881632665,0.019999999999999574,0.021000000000000796
15.1,TAKEOFF,COOLING_DEGRADATION,0.237,6616.76,79.65,584.76,5.399,68.52,21.384,25.736,1.731,24.626,18.211,6631.238713536,80.062223,618.552,5.388631894449608,68.989608,21.3492,25.7504,1.6582438713536,24.6,18.128,-14.478713536000214,-0.41222299999999734,-33.79200000000003,0.010368105550392137,-0.469608000000008,0.03480000000000061,-0.014399999999998414,0.07275612864640002,0.0259999999999998,0.08299999999999841
15.2,TAKEOFF,COOLING_DEGRADATION,0.24,6618.56,80.28,587.53,5.342,68.02,21.19,25.762,1.799,24.539,18.175,6631.6431799799175,80.06135371428573,618.5870408163264,5.388876704833569,68.9838592244898,21.351563265306122,25.7506,1.6583643179979919,24.6,18.1295,-13.083179979917077,0.21864628571427147,-31.057040816326435,-0.04687670483356943,-0.9638592244898092,-0.1615632653061212,0.011400000000001853,0.14063568200200804,-0.06099999999999994,0.04550000000000054
15.3,TAKEOFF,COOLING_DEGRADATION,0.243,6608.3,79.74,582.65,5.405,68.76,21.194,25.741,1.653,24.603,18.096,6632.5298260320005,80.06267042857142,618.627081632653,5.3893294157342035,68.98391644897958,21.355726530612245,25.751,1.6585329826032,24.6,18.1325,-24.229826032000346,-0.3226704285714277,-35.97708163265304,0.015670584265796705,-0.22391644897957974,-0.1617265306122455,-0.010000000000001563,-0.0055329826032000096,0.0030000000000001137,-0.0365000000000002
15.4,TAKEOFF,COOLING_DEGRADATION,0.247,6621.93,80.24,586.28,5.391,69.12,21.539,25.767,1.72,24.626,18.11,6633.416449924442,80.06138714285714,618.6671224489795,5.389819262341549,68.97837367346939,21.359889795918367,25.7514,1.6587016449924443,24.6,18.1355,-11.486449924441331,0.17861285714285202,-32.38712244897954,0.0011807376584513918,0.1416263265306128,0.1791102040816348,0.01559999999999917,0.06129835500755565,0.0259999999999998,-0.025500000000000966
15.5,TAKEOFF,COOLING_DEGRADATION,0.25,6620.61,80.57,585.95,5.381,69.05,21.375,25.776,1.609,24.603,18.233,6633.8208724982205,80.06311785714287,618.7021632653061,5.39002691797301,68.97822489795918,21.362253061224493,25.7516,1.6588220872498218,24.6,18.137,-13.210872498220851,0.5068821428571226,-32.75216326530608,-0.009026917973010029,0.07177510204081727,0.012746938775507033,0.024399999999999977,-0.049822087249821845,0.0030000000000001137,0.09600000000000009
15.6,TAKEOFF,COOLING_DEGRADATION,0.253,6621.59,80.18,586.14,5.454,68.29,21.607,25.661,1.728,24.515,18.238,6634.750996835265,80.06034885714287,618.7401632653061,5.390538882127299,68.97270089795919,21.366253061224487,25.752,1.6589950996835265,24.6,18.14,-13.160996835264996,0.11965114285713696,-32.60016326530615,0.06346111787270114,-0.6827008979591795,0.24074693877551212,-0.09099999999999753,0.06900490031647344,-0.08500000000000085,0.09799999999999898
15.7,TAKEOFF,COOLING_DEGRADATION,0.257,6622.82,80.22,585.95,5.422,68.45,21.298,25.725,1.698,24.537,17.95,6635.637566005715,80.06166557142858,618.7802040816326,5.390991563454966,68.97275812244898,21.370416326530613,25.7524,1.6591637566005715,24.6,18.143,-12.81756600571498,0.15833442857142188,-32.83020408163259,0.031008436545033824,-0.5227581224489768,-0.07241632653061458,-0.02740000000000009,0.03883624339942848,-0.06300000000000239,-0.1930000000000014
15.8,TAKEOFF,COOLING_DEGRADATION,0.26,6617.75,80.43,587.73,5.418,69.14,21.395,25.674,1.643,24.653,18.024,6636.04194765009,80.06079628571429,618.8152448979592,5.39123636260679,68.96700934693878,21.372779591836736,25.7526,1.6592841947650092,24.6,18.1445,-18.29194765009015,0.3692037142857174,-31.085244897959228,0.026763637393210082,0.17299065306121975,0.022220408163263983,-0.07860000000000156,-0.016284194765009197,0.05299999999999727,-0.12049999999999983
15.9,TAKEOFF,COOLING_DEGRADATION,0.263,6622.37,80.36,588.28,5.344,68.79,21.189,25.711,1.65,24.58,18.274,6636.928478154857,80.062113,618.8552857142859,5.391689029147102,68.96706657142857,21.376942857142858,25.753,1.6594528478154855,24.6,18.1475,-14.558478154856857,0.2978870000000029,-30.575285714285883,-0.047689029147101714,-0.1770665714285684,-0.18794285714285763,-0.04200000000000159,-0.00945284781548561,-0.020000000000003126,0.12650000000000006
16.0,TAKEOFF,COOLING_DEGRADATION,0.267,6623.03,80.65,588.44,5.38,68.56,21.405,25.722,1.669,24.612,18.141,6637.814986501029,80.0608297142857,618.8953265306122,5.392178856026103,68.96152379591837,21.381106122448976,25.7534,1.659621498650103,24.6,18.1505,-14.78498650102938,0.5891702857143031,-30.455326530612183,-0.012178856026102913,-0.40152379591836507,0.0238938775510249,-0.031399999999997874,0.00937850134989704,0.011999999999996902,-0.009500000000002728
16.1,TAKEOFF,COOLING_DEGRADATION,0.27,6624.63,80.96,587.47,5.359,68.79,21.378,25.66,1.55,24.515,18.171,6638.219324277682,80.06256042857143,618.9303673469389,5.392386475791822,68.96137502040817,21.383469387755106,25.7536,1.6597419324277682,24.6,18.152,-13.589324277681953,0.8974395714285635,-31.460367346938824,-0.03338647579182208,-0.17137502040816344,-0.00546938775510597,-0.09359999999999857,-0.1097419324277682,-0.08500000000000085,0.01899999999999835
16.2,TAKEOFF,COOLING_DEGRADATION,0.273,6625.72,80.11,588.54,5.365,68.27,21.396,25.812,1.664,24.632,18.251,6639.1493633632645,80.05979142857143,618.9683673469389,5.3928984363483785,68.95585102040818,21.387469387755104,25.754,1.6599149363363264,24.6,18.155,-13.429363363264201,0.050208571428569826,-30.4283673469389,-0.027898436348378297,-0.6858510204081796,0.008530612244896929,0.05799999999999983,0.0040850636636735604,0.03200000000000003,0.09600000000000009
16.3,TAKEOFF,COOLING_DEGRADATION,0.277,6627.13,80.61,589.56,5.409,68.61,21.38,25.794,1.646,24.573,18.224,6640.001554502531,80.06176714285714,619.0364081632654,5.3933357947137335,68.95557224489797,21.392032653061225,25.7544,1.6601601554502534,24.6,18.158,-12.871554502530671,0.5482328571428638,-29.476408163265432,0.01566420528626633,-0.3455722448979657,-0.012032653061226029,0.03960000000000008,-0.014160155450253509,-0.027000000000001023,0.06599999999999895
16.4,TAKEOFF,COOLING_DEGRADATION,0.28,6637.06,80.26,587.65,5.4,68.98,21.412,25.739,1.621,24.675,18.074,6640.405849088964,80.06089785714285,619.0714489795918,5.393580581411825,68.94982346938775,21.39439591836735,25.7546,1.6602805849088964,24.6,18.1595,-3.345849088963405,0.1991021428571571,-31.421448979591787,0.006419418588174963,0.030176530612251895,0.017604081632647706,-0.01559999999999917,-0.03928058490889641,0.07499999999999929,-0.08549999999999969
16.5,TAKEOFF,COOLING_DEGRADATION,0.283,6632.87,81.15,590.53,5.407,68.6,21.513,25.707,1.645,24.423,18.352,6641.2922593012245,80.06221457142856,619.1114897959184,5.394033201462718,68.94988069387756,21.398559183673466,25.755,1.6604492259301225,24.6,18.1625,-8.422259301224585,1.0877854285714506,-28.5814897959184,0.01296679853728211,-0.3498806938775658,0.11444081632653536,-0.047999999999998266,-0.015449225930122434,-0.17700000000000315,0.1894999999999989
16.6,TAKEOFF,COOLING_DEGRADATION,0.287,6636.54,80.37,588.92,5.411,68.87,21.327,25.788,1.677,24.671,18.27,6642.1786473560005,80.06093128571429,619.1515306122449,5.394523006289004,68.94433791836735,21.402722448979592,25.7554,1.6606178647356,24.6,18.165499999999998,-5.638647356000547,0.3090687142857149,-30.23153061224491,0.016476993710995202,-0.07433791836734827,-0.07572244897959024,0.03259999999999863,0.016382135264400022,0.07099999999999795,0.10450000000000159
16.7,TAKEOFF,COOLING_DEGRADATION,0.29,6627.33,80.36,593.92,5.416,68.15,21.332,25.711,1.728,24.668,18.133,6642.582898077258,80.062662,619.1865714285715,5.394730589162663,68.94418914285714,21.405085714285715,25.7556,1.6607382898077259,24.6,18.167,-15.252898077257669,0.2973379999999963,-25.266571428571524,0.021269410837337688,-0.7941891428571353,-0.07308571428571398,-0.04460000000000264,0.06726171019227412,0.06799999999999784,-0.03400000000000247
16.8,TAKEOFF,COOLING_DEGRADATION,0.293,6627.33,80.74,594.84,5.404,68.67,21.42,25.68,1.617,24.671,18.135,6643.469247469388,80.06137871428571,619.226612244898,5.395220386428608,68.93864636734695,21.40924897959184,25.756,1.660906924746939,24.6,18.17,-16.139247469388465,0.6786212857142857,-24.386612244897947,0.008779613571391565,-0.26864636734694614,0.010751020408161338,-0.07600000000000051,-0.043906924746939024,0.07099999999999795,-0.03500000000000014
16.9,TAKEOFF,COOLING_DEGRADATION,0.297,6628.4,79.71,590.85,5.387,69.16,21.611,25.785,1.662,24.631,18.046,6644.399180277552,80.06120971428571,619.264612244898,5.395695134173998,68.93872236734694,21.413248979591838,25.7564,1.6610799180277553,24.6,18.173000000000002,-15.999180277552114,-0.3512097142857158,-28.414612244897967,-0.008695134173998476,0.2212776326530559,0.1977510204081625,0.028600000000000847,0.0009200819722445797,0.030999999999998806,-0.12700000000000244
17.0,TAKEOFF,COOLING_DEGRADATION,0.3,6637.82,80.74,589.14,5.427,69.57,21.407,25.761,1.614,24.529,18.095,6644.803390073829,80.06034042857142,619.2996530612244,5.395939909631914,68.93297359183674,21.415612244897957,25.7566,1.6612003390073828,24.6,18.174500000000002,-6.983390073829469,0.6796595714285729,-30.15965306122439,0.031060090368085547,0.6370264081632513,-0.00861224489795731,0.004400000000000404,-0.04720033900738274,-0.0710000000000015,-0.07950000000000301
17.1,TAKEOFF,COOLING_DEGRADATION,0.303,6628.05,79.35,594.35,5.385,68.79,21.49,25.791,1.723,24.577,18.262,6645.689684750204,80.06165714285713,619.339693877551,5.396392485320489,68.93303081632654,21.41977551020408,25.757,1.6613689684750206,24.6,18.1775,-17.63968475020374,-0.7116571428571348,-24.989693877550962,-0.01139248532048942,-0.14303081632652948,0.070224489795919,0.03399999999999892,0.06163103152497951,-0.022999999999999687,0.08450000000000202
17.2,TAKEOFF,COOLING_DEGRADATION,0.307,6630.81,80.95,593.23,5.427,68.71,21.489,25.755,1.705,24.576,18.109,6646.575957270138,80.06037385714286,619.3797346938776,5.396882270409566,68.92748804081633,21.423938775510205,25.7574,1.661537595727014,24.6,18.180500000000002,-15.765957270137733,0.8896261428571393,-26.149734693877576,0.030117729590434017,-0.21748804081633466,0.06506122448979568,-0.002400000000001512,0.04346240427298609,-0.02400000000000091,-0.07150000000000034
17.3,TAKEOFF,COOLING_DEGRADATION,0.31,6636.65,80.09,593.93,5.432,68.84,21.276,25.791,1.6,24.582,18.284,6646.980123203658,80.06210457142856,619.4147755102041,5.397089817416317,68.92733926530612,21.426302040816324,25.7576,1.661658012320366,24.6,18.182,-10.330123203658331,0.02789542857144056,-25.484775510204145,0.03491018258368328,-0.08733926530611313,-0.15030204081632448,0.03340000000000032,-0.06165801232036583,-0.018000000000000682,0.10200000000000031
17.4,TAKEOFF,COOLING_DEGRADATION,0.313,6631.87,80.28,593.18,5.346,68.67,21.403,25.767,1.651,24.584,18.29,6647.866357062857,80.0608212857143,619.4548163265307,5.397579594943609,68.92179648979592,21.430465306122446,25.758,1.6618266357062859,24.6,18.185000000000002,-15.996357062856987,0.2191787142857038,-26.274816326530754,-0.05157959494360931,-0.25179648979592173,-0.027465306122447686,0.009000000000000341,-0.010826635706285836,-0.01600000000000179,0.10499999999999687
17.5,TAKEOFF,COOLING_DEGRADATION,0.317,6641.19,78.94,592.14,5.444,68.42,21.43,25.757,1.639,24.49,18.161,6648.761894635102,80.0587112857143,619.5208163265306,5.398076246421911,68.91593648979593,21.43486530612245,25.7584,1.66207618946351,24.6,18.188,-7.571894635102581,-1.1187112857142978,-27.380816326530635,0.04592375357808898,-0.4959364897959233,-0.004865306122450619,-0.00140000000000029,-0.02307618946351009,-0.11000000000000298,-0.02699999999999747
17.6,TAKEOFF,COOLING_DEGRADATION,0.32,6636.93,81.03,592.76,5.419,68.77,21.367,25.812,1.723,24.61,18.153,6649.166017383314,80.060442,619.5558571428572,5.398283776351292,68.91578771428571,21.437228571428573,25.7586,1.6621966017383314,24.6,18.189500000000002,-12.236017383313992,0.9695580000000064,-26.795857142857244,0.020716223648707732,-0.14578771428571713,-0.0702285714285722,0.05339999999999989,0.060803398261668695,0.00999999999999801,-0.03650000000000375
17.7,TAKEOFF,COOLING_DEGRADATION,0.323,6638.05,80.13,593.62,5.454,68.1,21.33,25.805,1.682,24.601,18.066,6650.052191779265,80.06175871428572,619.5958979591837,5.3987363055485496,68.9158449387755,21.441391836734695,25.759,1.6623652191779266,24.6,18.192500000000003,-12.002191779264649,0.06824128571427934,-25.975897959183726,0.055263694451450185,-0.8158449387755127,-0.11139183673469688,0.045999999999999375,0.019634780822073372,0.0009999999999976694,-0.1265000000000036
17.8,TAKEOFF,COOLING_DEGRADATION,0.327,6635.95,80.49,594.12,5.435,68.66,21.342,25.759,1.589,24.604,18.133,6650.938344019886,80.06047542857144,619.6359387755102,5.399226068575876,68.91030216326531,21.44555510204082,25.7594,1.6625338344019887,24.6,18.195500000000003,-14.988344019886426,0.4295245714285585,-25.51593877551022,0.03577393142412344,-0.2503021632653173,-0.10355510204082208,-0.00039999999999906777,-0.07353383440198868,0.003999999999997783,-0.06250000000000355
17.9,TAKEOFF,COOLING_DEGRADATION,0.33,6632.14,80.73,595.6,5.359,69.22,21.358,25.806,1.634,24.599,18.209,6651.342422907886,80.06220614285715,619.6709795918368,5.399433578689509,68.9101533877551,21.44791836734694,25.7596,1.6626542422907886,24.6,18.197000000000003,-19.202422907886103,0.6677938571428541,-24.070979591836817,-0.04043357868950892,0.30984661224489685,-0.08991836734693948,0.046400000000001995,-0.028654242290788723,-0.0010000000000012221,0.011999999999996902
18.0,TAKEOFF,COOLING_DEGRADATION,0.333,6630.05,80.62,595.41,5.385,68.01,21.536,25.745,1.668,24.648,18.247,6652.228536489796,80.06092285714287,619.7110204081632,5.399923334153589,68.90461061224491,21.452081632653062,25.76,1.6628228536489795,24.6,18.2,-22.178536489795988,0.5590771428571344,-24.301020408163254,-0.014923334153588819,-0.8946106122449038,0.08391836734693925,-0.015000000000000568,0.005177146351020401,0.047999999999998266,0.0470000000000006
18.1,TAKEOFF,COOLING_DEGRADATION,0.337,6638.5,79.44,595.84,5.445,68.58,21.487,25.779,1.626,24.641,18.245,6653.114627916931,80.05963957142856,619.7510612244898,5.4004130881174,68.8990678367347,21.456244897959184,25.7604,1.6629914627916929,24.6,18.203,-14.614627916930658,-0.6196395714285643,-23.9110612244898,0.04458691188260033,-0.3190678367347033,0.03075510204081411,0.018599999999999284,-0.036991462791692964,0.04099999999999682,0.04200000000000159
18.2,TAKEOFF,COOLING_DEGRADATION,0.34,6632.89,79.58,597.88,5.399,68.24,21.566,25.779,1.686,24.626,18.333,6653.562331806956,80.05988457142857,619.7840612244898,5.400642774956028,68.89893783673469,21.458444897959183,25.7606,1.6631162331806957,24.6,18.2045,-20.6723318069553,-0.47988457142857044,-21.90406122448985,-0.001642774956027715,-0.6589378367346939,0.10755510204081631,0.01839999999999975,0.022883766819304263,0.0259999999999998,0.12849999999999895
18.3,TAKEOFF,COOLING_DEGRADATION,0.343,6642.66,79.83,598.12,5.364,68.69,21.532,25.781,1.693,24.587,18.26,6654.44839067845,80.06120128571429,619.8241020408163,5.401095259788973,68.8989950612245,21.462608163265305,25.761,1.663284839067845,24.6,18.2075,-11.788390678450014,-0.23120128571429177,-21.704102040816338,-0.03709525978897332,-0.20899506122449907,0.06939183673469529,0.019999999999999574,0.029715160932155094,-0.013000000000001677,0.05250000000000199
18.4,TAKEOFF,COOLING_DEGRADATION,0.347,6643.19,80.42,596.6,5.38,69.17,21.44,25.764,1.639,24.483,18.375,6655.334427395657,80.059918,619.8641428571428,5.4015850030702275,68.89345228571429,21.466771428571427,25.7614,1.663453442739566,24.6,18.2105,-12.144427395657658,0.36008200000000556,-23.264142857142815,-0.021585003070227593,0.27654771428571223,-0.02677142857142556,0.002600000000001046,-0.024453442739565956,-0.11700000000000088,0.1645000000000003
18.5,TAKEOFF,COOLING_DEGRADATION,0.35,6645.75,79.26,596.44,5.387,69.05,21.557,25.736,1.573,24.565,18.148,6655.738421505306,80.05904871428572,619.8991836734693,5.401829749450947,68.88770351020409,21.46913469387755,25.7616,1.6635738421505306,24.6,18.212,-9.988421505306178,-0.7990487142857177,-23.459183673469283,-0.014829749450947283,0.1622964897959065,0.08786530612244903,-0.025600000000000733,-0.09057384215053066,-0.03500000000000014,-0.06400000000000006
18.6,TAKEOFF,COOLING_DEGRADATION,0.353,6640.42,80.04,597.68,5.414,68.74,21.614,25.764,1.57,24.674,18.316,6656.590067049795,80.06102442857143,619.9672244897959,5.402266891655277,68.8874247346939,21.47369795918367,25.762,1.6638190067049794,24.6,18.214999999999996,-16.170067049794852,-0.021024428571422504,-22.287224489795904,0.011733108344722964,-0.1474247346938995,0.14030204081633002,0.0019999999999988916,-0.09381900670497934,0.07399999999999807,0.10100000000000264
18.7,TAKEOFF,COOLING_DEGRADATION,0.357,6630.92,80.32,597.51,5.392,68.93,21.422,25.822,1.647,24.663,18.174,6657.476038206957,80.06234114285715,620.0072653061225,5.402719341684357,68.88748195918367,21.477861224489796,25.7624,1.6639876038206958,24.6,18.218000000000004,-26.556038206957055,0.2576588571428431,-22.497265306122472,-0.010719341684356287,0.042518040816332814,-0.0558612244897958,0.05959999999999965,-0.01698760382069575,0.06299999999999883,-0.044000000000004036
18.8,TAKEOFF,COOLING_DEGRADATION,0.36,6650.5,79.98,596.89,5.422,68.97,21.559,25.766,1.648,24.633,18.376,6657.879986198107,80.06147185714285,620.0423061224491,5.402964079216685,68.88173318367348,21.480224489795916,25.7626,1.6641079986198108,24.6,18.2195,-7.3799861981069625,-0.08147185714284433,-23.15230612244909,0.019035920783315063,0.08826681632652367,0.07877551020408546,0.0033999999999991815,-0.016107998619810937,0.0329999999999977,0.1565000000000012
18.9,TAKEOFF,COOLING_DEGRADATION,0.363,6648.37,79.59,596.17,5.43,68.7,21.583,25.698,1.617,24.575,18.252,6658.8096237208165,80.05870285714285,620.0803061224491,5.403476017200421,68.87620918367347,21.48422448979592,25.763,1.6642809623720816,24.6,18.2225,-10.439623720816599,-0.4687028571428442,-23.91030612244913,0.026523982799578683,-0.17620918367346405,0.09877551020407793,-0.06500000000000128,-0.04728096237208157,-0.02500000000000213,0.02949999999999875
19.0,TAKEOFF,COOLING_DEGRADATION,0.367,6634.3,80.25,598.11,5.41,68.66,21.409,25.755,1.626,24.628,18.306,6659.695540170791,80.06001957142857,620.1203469387755,5.403928449076998,68.87626640816327,21.488387755102043,25.7634,1.6644495540170792,24.6,18.2255,-25.39554017079081,0.18998042857143105,-22.010346938775456,0.006071550923001823,-0.21626640816327836,-0.07938775510204366,-0.00840000000000174,-0.03844955401707928,0.027999999999998693,0.08050000000000068
19.1,TAKEOFF,COOLING_DEGRADATION,0.37,6652.06,80.4,595.92,5.442,68.55,21.652,25.812,1.608,24.523,18.311,6660.099447244801,80.06175028571428,620.1553877551021,5.404135886428384,68.87611763265306,21.49075102040816,25.7636,1.6645699447244802,24.6,18.227,-8.039447244800613,0.33824971428572326,-24.235387755102124,0.03786411357161601,-0.3261176326530659,0.16124897959183926,0.04840000000000089,-0.05656994472448007,-0.07700000000000173,0.08399999999999963
19.2,TAKEOFF,COOLING_DEGRADATION,0.373,6655.05,80.55,597.79,5.414,68.95,21.405,25.714,1.749,24.526,18.245,6660.98532504,80.06046699999999,620.1954285714286,5.404625600072704,68.87057485714286,21.494914285714284,25.764,1.664738532504,24.6,18.23,-5.935325039999952,0.48953300000000866,-22.405428571428615,0.00937439992729594,0.07942514285714708,-0.08991428571428273,-0.05000000000000071,0.08426146749600005,-0.07400000000000162,0.015000000000000568
19.3,TAKEOFF,COOLING_DEGRADATION,0.377,6650.33,79.69,598.14,5.413,68.45,21.454,25.85,1.587,24.564,18.238,6661.87118068258,80.0617837142857,620.2354693877552,5.405078005735875,68.87063208163265,21.49907755102041,25.7644,1.6649071180682582,24.6,18.233,-11.541180682580489,-0.3717837142856979,-22.0954693877552,0.007921994264124876,-0.42063208163264676,-0.04507755102040889,0.08560000000000301,-0.07790711806825823,-0.036000000000001364,0.004999999999999005
19.4,TAKEOFF,COOLING_DEGRADATION,0.38,6653.3,78.66,599.55,5.409,68.27,21.501,25.76,1.622,24.628,18.138,6662.275043902612,80.06091442857142,620.2705102040817,5.40532273201187,68.86488330612245,21.50144081632653,25.7646,1.6650275043902614,24.6,18.2345,-8.975043902612015,-1.4009144285714257,-20.720510204081734,0.003677267988130062,-0.5948833061224548,-0.00044081632652748226,-0.0045999999999999375,-0.04302750439026126,0.027999999999998693,-0.09649999999999892
19.5,TAKEOFF,COOLING_DEGRADATION,0.383,6652.58,80.27,600.52,5.468,69.1,21.553,25.756,1.575,24.547,18.192,6663.204596194286,80.05814542857144,620.3085102040816,5.405834666373137,68.85935930612246,21.505440816326526,25.765,1.6652004596194285,24.6,18.237499999999997,-10.624596194285914,0.21185457142856023,-19.788510204081604,0.06216533362686327,0.24064069387753761,0.04755918367347434,-0.009000000000000341,-0.09020045961942857,-0.053000000000000824,-0.04549999999999699
19.6,TAKEOFF,COOLING_DEGRADATION,0.387,6647.21,80.3,599.16,5.393,68.73,21.388,25.832,1.647,24.565,18.186,6664.090397132278,80.05946214285714,620.3485510204081,5.406287053882936,68.85941653061225,21.50960408163265,25.7654,1.665369039713228,24.6,18.240499999999997,-16.88039713227772,0.24053785714285425,-21.188551020408113,-0.013287053882936384,-0.12941653061224656,-0.12160408163264691,0.0666000000000011,-0.018369039713227897,-0.03500000000000014,-0.05449999999999733
19.7,TAKEOFF,COOLING_DEGRADATION,0.39,6649.46,79.79,601.38,5.4,69.14,21.547,25.791,1.663,24.597,18.283,6664.4942194373225,80.06119285714286,620.3835918367347,5.406494455365083,68.85926775510204,21.511967346938775,25.7656,1.6654894219437324,24.6,18.242,-15.034219437322463,-0.27119285714285013,-19.0035918367347,-0.00649445536508253,0.2807322448979619,0.035032653061225716,0.0254000000000012,-0.0024894219437323617,-0.0030000000000001137,0.04100000000000037
19.8,TAKEOFF,COOLING_DEGRADATION,0.393,6660.73,79.27,599.66,5.431,68.83,21.549,25.84,1.621,24.587,18.487,6665.345581714287,80.06056857142859,620.4516326530612,5.406968805373109,68.85338897959184,21.516530612244896,25.766,1.6657345581714287,24.6,18.245,-4.615581714287146,-0.7905685714285937,-20.791632653061242,0.024031194626891406,-0.02338897959184294,0.03246938775510344,0.07400000000000162,-0.044734558171428684,-0.013000000000001677,0.24199999999999733
19.9,TAKEOFF,COOLING_DEGRADATION,0.397,6650.06,80.62,598.28,5.394,69.1,21.393,25.715,1.63,24.653,18.342,6666.231317098971,80.0592852857143,620.4916734693878,5.407458495436941,68.84784620408163,21.52069387755102,25.7664,1.6659031317098971,24.6,18.247999999999998,-16.171317098970576,0.5607147142857087,-22.211673469387847,-0.01345849543694122,0.2521537959183604,-0.12769387755102102,-0.051400000000001,-0.03590313170989723,0.05299999999999727,0.0940000000000012
20.0,TAKEOFF,COOLING_DEGRADATION,0.4,6651.45,79.63,600.67,5.429,68.71,21.541,25.712,1.764,24.596,18.124,6666.635093290972,80.06101600000001,620.5267142857142,5.407665878339171,68.84769742857142,21.523057142857144,25.7666,1.6660235093290974,24.6,18.249499999999998,-15.185093290971963,-0.43101600000001383,-19.856714285714247,0.021334121660829375,-0.1376974285714283,0.017942857142855928,-0.05460000000000065,0.09797649067090264,-0.004000000000001336,-0.12549999999999883
20.1,TAKEOFF,COOLING_DEGRADATION,0.403,6654.66,80.25,601.01,5.395,68.78,21.453,25.734,1.649,24.574,18.145,6667.520790023918,80.05973271428572,620.5667551020407,5.408155560834545,68.84215465306121,21.527220408163263,25.767,1.6661920790023919,24.6,18.252499999999998,-12.860790023918526,0.19026728571428464,-19.55675510204071,-0.013155560834545277,-0.062154653061213594,-0.07422040816326358,-0.0329999999999977,-0.017192079002391836,-0.0259999999999998,-0.10749999999999815
20.2,TAKEOFF,COOLING_DEGRADATION,0.407,6654.13,79.88,599.38,5.334,68.49,21.51,25.876,1.607,24.567,18.136,6668.450236063412,80.05956371428572,620.6047551020408,5.408630147667241,68.84223065306122,21.531220408163264,25.7674,1.6663650236063412,24.6,18.2555,-14.320236063412267,-0.17956371428572027,-21.22475510204083,-0.07463014766724108,-0.3522306530612269,-0.02122040816326276,0.1086000000000027,-0.059365023606341216,-0.03300000000000125,-0.11950000000000216
20.3,TAKEOFF,COOLING_DEGRADATION,0.41,6647.06,79.44,604.1,5.447,69.15,21.53,25.747,1.613,24.614,18.27,6668.8539713426935,80.05869442857144,620.6397959183673,5.4088748578363965,68.83648187755102,21.53358367346939,25.7676,1.6664853971342695,24.6,18.256999999999998,-21.793971342693112,-0.6186944285714446,-16.539795918367304,0.03812514216360352,0.3135181224489827,-0.003583673469389481,-0.020600000000001728,-0.053485397134269475,0.013999999999999346,0.013000000000001677
20.4,TAKEOFF,COOLING_DEGRADATION,0.413,6661.25,80.16,601.67,5.388,68.87,21.493,25.739,1.73,24.589,18.263,6669.739613374693,80.06001114285714,620.6798367346939,5.409327184060825,68.83653910204082,21.53774693877551,25.768,1.6666539613374693,24.6,18.259999999999998,-8.489613374693363,0.09998885714286132,-19.009836734693977,-0.021327184060824678,0.03346089795918772,-0.044746938775510614,-0.028999999999999915,0.06334603866253063,-0.011000000000002785,0.0030000000000036664
20.5,TAKEOFF,COOLING_DEGRADATION,0.417,6654.39,79.94,602.13,5.484,68.42,21.49,25.764,1.587,24.566,18.311,6670.625233256228,80.05872785714286,620.7198775510204,5.40981685436269,68.83099632653061,21.54191020408163,25.7684,1.6668225233256229,24.6,18.262999999999998,-16.23523325622773,-0.11872785714285783,-18.589877551020436,0.07418314563730988,-0.4109963265306078,-0.05191020408163283,-0.004400000000000404,-0.0798225233256229,-0.03400000000000247,0.04800000000000182
20.6,TAKEOFF,COOLING_DEGRADATION,0.42,6666.32,81.16,601.77,5.434,68.7,21.52,25.74,1.59,24.596,18.282,6671.028924686498,80.06045857142857,620.7549183673469,5.4100242013946245,68.83084755102041,21.544273469387758,25.7686,1.66694289246865,24.6,18.2645,-4.708924686497994,1.0995414285714276,-18.98491836734695,0.023975798605375687,-0.13084755102040901,-0.024273469387757984,-0.028600000000000847,-0.07694289246864994,-0.004000000000001336,0.017499999999998295
20.7,TAKEOFF,COOLING_DEGRADATION,0.423,6667.74,79.94,601.87,5.442,68.5,21.382,25.731,1.67,24.686,18.197,6671.914505918205,80.05917528571429,620.7949591836734,5.410513864126591,68.8253047755102,21.54843673469388,25.769,1.6671114505918205,24.6,18.267500000000002,-4.174505918204886,-0.11917528571429159,-18.924959183673423,0.03148613587340954,-0.32530477551020454,-0.1664367346938782,-0.0379999999999967,0.002888549408179397,0.08599999999999852,-0.07050000000000267
20.8,TAKEOFF,COOLING_DEGRADATION,0.427,6656.92,80.72,600.11,5.436,68.79,21.514,25.734,1.59,24.699,18.198,6672.8438667346945,80.0590062857143,620.8329591836734,5.41098842272258,68.82538077551021,21.552436734693877,25.7694,1.6672843866734695,24.6,18.2705,-15.923866734694457,0.660993714285695,-20.722959183673424,0.02501157727741976,-0.03538077551020535,-0.038436734693878094,-0.03539999999999921,-0.07728438667346937,0.0990000000000002,-0.07249999999999801
20.9,TAKEOFF,COOLING_DEGRADATION,0.43,6661.13,81.49,602.76,5.408,68.3,21.689,25.701,1.649,24.678,18.298,6673.247517254399,80.058137,620.868,5.41123312162519,68.819632,21.5548,25.7696,1.66740475172544,24.6,18.272,-12.11751725439899,1.4318629999999928,-18.10800000000006,-0.0032331216251897388,-0.5196320000000014,0.13419999999999987,-0.0686,-0.018404751725439983,0.0779999999999994,0.0259999999999998
21.0,TAKEOFF,COOLING_DEGRADATION,0.433,6660.37,80.11,604.03,5.445,68.69,21.478,25.724,1.698,24.56,18.077,6674.133043787756,80.05945371428572,620.9080408163265,5.411685403480527,68.81968922448979,21.55896326530612,25.77,1.667573304378776,24.6,18.275,-13.763043787756033,0.050546285714275996,-16.878040816326575,0.03331459651947366,-0.1296892244897947,-0.0809632653061172,-0.045999999999999375,0.03042669562122402,-0.0400000000000027,-0.19799999999999685
21.1,TAKEOFF,COOLING_DEGRADATION,0.437,6667.14,80.61,608.04,5.418,68.6,21.753,25.722,1.669,24.531,18.33,6674.9840959296,80.06142942857143,620.9760816326531,5.4121223054009775,68.8194104489796,21.563526530612243,25.7704,1.66781840959296,24.6,18.278,-7.844095929599462,0.54857057142857,-12.9360816326531,0.005877694599022654,-0.21941044897960182,0.18947346938775667,-0.048399999999997334,0.001181590407040023,-0.06900000000000261,0.0519999999999996
21.2,TAKEOFF,COOLING_DEGRADATION,0.44,6655.38,79.32,605.21,5.47,68.41,21.569,25.747,1.726,24.564,18.419,6675.387700341716,80.06056014285714,621.0111224489796,5.412366995447641,68.8136616734694,21.565889795918366,25.7706,1.6679387700341715,24.6,18.2795,-20.007700341715463,-0.7405601428571487,-15.801122448979527,0.057633004552358535,-0.40366167346940074,0.0031102040816328724,-0.02360000000000184,0.05806122996582852,-0.036000000000001364,0.13950000000000173
21.3,TAKEOFF,COOLING_DEGRADATION,0.443,6665.53,80.16,602.8,5.433,69.43,21.515,25.762,1.685,24.543,18.101,6676.273161329634,80.05927685714285,621.0511632653061,5.412856636091164,68.80811889795919,21.570053061224492,25.771,1.6681073161329634,24.6,18.2825,-10.74316132963395,0.10072314285714867,-18.251163265306104,0.020143363908835532,0.6218811020408168,-0.05505306122449127,-0.009000000000000341,0.016892683867036684,-0.05700000000000216,-0.18149999999999977
21.4,TAKEOFF,COOLING_DEGRADATION,0.447,6670.46,81.79,602.55,5.419,68.59,21.447,25.769,1.692,24.572,18.246,6677.158600168751,80.06059357142857,621.0912040816327,5.41330888313994,68.80817612244897,21.57421632653061,25.7714,1.668275860016875,24.6,18.2855,-6.698600168751,1.729406428571437,-18.541204081632713,0.005691116860059964,-0.21817612244896623,-0.1272163265306112,-0.002400000000001512,0.023724139983124948,-0.028000000000002245,-0.03950000000000031
21.5,TAKEOFF,COOLING_DEGRADATION,0.45,6671.74,79.75,606.68,5.437,68.68,21.554,25.647,1.662,24.438,18.369,6677.605995456261,80.05823857142856,621.1242040816327,5.4135758506353095,68.80244612244898,21.576416326530612,25.7716,1.6684005995456261,24.6,18.287,-5.865995456260862,-0.3082385714285607,-14.444204081632734,0.023424149364690727,-0.12244612244897723,-0.022416326530613873,-0.12460000000000093,-0.006400599545626218,-0.1620000000000026,0.08200000000000074
21.6,TAKEOFF,COOLING_DEGRADATION,0.453,6660.24,80.13,603.88,5.406,68.34,21.743,25.892,1.657,24.601,18.292,6678.491401748571,80.05955528571427,621.1642448979591,5.414028085992863,68.80250334693878,21.580579591836734,25.772,1.668569140174857,24.6,18.29,-18.25140174857097,0.07044471428572763,-17.28424489795907,-0.008028085992862977,-0.4625033469387745,0.16242040816326409,0.120000000000001,-0.011569140174856996,0.0009999999999976694,0.0020000000000024443
21.7,TAKEOFF,COOLING_DEGRADATION,0.457,6668.53,80.0,603.98,5.453,68.8,21.543,25.71,1.723,24.621,18.315,6679.376785892573,80.05827199999999,621.2042857142857,5.414517714436926,68.79696057142857,21.58474285714286,25.7724,1.6687376785892574,24.6,18.293,-10.84678589257328,-0.05827199999998811,-17.224285714285656,0.03848228556307465,0.0030394285714265834,-0.041742857142860856,-0.06240000000000023,0.05426232141074272,0.020999999999997243,0.022000000000002018
21.8,TAKEOFF,COOLING_DEGRADATION,0.46,6671.05,79.34,604.8,5.392,68.71,21.667,25.914,1.645,24.676,18.171,6679.780305552343,80.06000271428572,621.2393265306123,5.414724988701192,68.79681179591837,21.587106122448983,25.7726,1.6688580305552343,24.6,18.2945,-8.730305552342543,-0.7200027142857124,-16.439326530612334,-0.02272498870119133,-0.08681179591837918,0.07989387755101873,0.14140000000000086,-0.023858030555234278,0.07599999999999696,-0.12349999999999994
21.9,TAKEOFF,COOLING_DEGRADATION,0.463,6671.58,80.16,604.43,5.389,68.56,21.8,25.783,1.642,24.617,18.23,6680.665651050449,80.05871942857144,621.2793673469388,5.415214609572449,68.79126902040817,21.5912693877551,25.773,1.669026565105045,24.6,18.2975,-9.085651050449087,0.1012805714285605,-16.849367346938834,-0.02621460957244892,-0.23126902040816333,0.2087306122448993,0.010000000000001563,-0.027026565105045197,0.01699999999999946,-0.067499999999999
22.0,TAKEOFF,COOLING_DEGRADATION,0.467,6652.34,80.13,605.1,5.381,68.58,21.705,25.728,1.651,24.602,18.402,6681.5509744008,80.06003614285714,621.3194081632654,5.415666812250543,68.79132624489796,21.595432653061227,25.7734,1.6691950974400802,24.6,18.3005,-29.210974400800296,0.06996385714285225,-16.21940816326537,-0.03466681225054291,-0.21132624489796115,0.10956734693877124,-0.04539999999999722,-0.018195097440080188,0.0019999999999988916,0.10150000000000148
22.1,TAKEOFF,COOLING_DEGRADATION,0.47,6669.28,80.47,604.43,5.415,68.85,21.665,25.764,1.747,24.561,18.394,6681.998315211233,80.05768114285715,621.3524081632654,5.4159337846033075,68.78559624489796,21.59763265306123,25.773600000000002,1.6693198315211233,24.6,18.302,-12.718315211232948,0.41231885714285,-16.92240816326546,-0.0009337846033075081,0.06440375510203467,0.06736734693877011,-0.009600000000002495,0.07768016847887682,-0.03900000000000148,0.09199999999999875
22.2,TAKEOFF,COOLING_DEGRADATION,0.473,6666.12,80.86,606.11,5.382,68.49,21.797,25.796,1.668,24.72,18.422,6682.849111043266,80.05965685714285,621.4204489795918,5.416370586701968,68.78531746938776,21.602195918367347,25.774,1.6695649111043265,24.6,18.305,-16.72911104326613,0.8003431428571446,-15.310448979591797,-0.03437058670196791,-0.2953174693877685,0.19480408163265395,0.021999999999998465,-0.0015649111043265496,0.11999999999999744,0.11700000000000088
22.3,TAKEOFF,COOLING_DEGRADATION,0.477,6666.83,79.83,608.4,5.376,68.76,21.523,25.781,1.704,24.583,18.221,6683.734374953535,80.05837357142858,621.4604897959184,5.416860193050022,68.77977469387756,21.60635918367347,25.7744,1.6697334374953536,24.6,18.308,-16.904374953534898,-0.22837357142857684,-13.060489795918443,-0.04086019305002164,-0.01977469387755093,-0.08335918367346906,0.006599999999998829,0.034266562504646325,-0.017000000000003013,-0.08699999999999974
22.4,TAKEOFF,COOLING_DEGRADATION,0.48,6673.12,80.49,605.03,5.414,68.87,21.693,25.857,1.694,24.595,18.414,6684.137807605029,80.06010428571427,621.4955306122449,5.417067430417027,68.77962591836734,21.608722448979595,25.7746,1.6698537807605032,24.6,18.3095,-11.017807605028793,0.4298957142857205,-16.465530612244947,-0.0030674304170270617,0.09037408163266036,0.08427755102040635,0.0823999999999998,0.02414621923949678,-0.005000000000002558,0.10450000000000159
22.5,TAKEOFF,COOLING_DEGRADATION,0.483,6665.06,80.55,604.95,5.454,68.78,21.607,25.741,1.68,24.613,18.215,6685.023032871429,80.05882100000001,621.5355714285714,5.417557029190815,68.77408314285714,21.612885714285717,25.775,1.6700223032871429,24.6,18.3125,-19.963032871428368,0.49117899999998826,-16.58557142857137,0.03644297080918513,0.0059168571428642736,-0.005885714285717825,-0.03399999999999892,0.009977696712857087,0.012999999999998124,-0.09750000000000014
22.6,TAKEOFF,COOLING_DEGRADATION,0.487,6678.78,79.6,606.7,5.459,68.8,21.738,25.798,1.694,24.582,18.099,6685.9082359911845,80.06013771428572,621.5756122448979,5.418009185369629,68.77414036734694,21.617048979591836,25.7754,1.6701908235991185,24.6,18.3155,-7.128235991184738,-0.4601377142857217,-14.875612244897866,0.04099081463037102,0.025859632653052245,0.12095102040816386,0.022599999999997067,0.023809176400881427,-0.018000000000000682,-0.21649999999999991
22.7,TAKEOFF,COOLING_DEGRADATION,0.49,6677.65,80.53,609.56,5.401,68.21,21.686,25.729,1.693,24.539,18.31,6686.311624802448,80.05926842857143,621.6106530612244,5.418253846265955,68.76839159183675,21.619412244897966,25.7756,1.6703111624802447,24.6,18.317,-8.661624802448387,0.4707315714285727,-12.050653061224466,-0.017253846265955275,-0.5583915918367524,0.06658775510203441,-0.04660000000000153,0.022688837519755367,-0.06099999999999994,-0.0070000000000014495
22.8,TAKEOFF,COOLING_DEGRADATION,0.493,6672.15,80.09,607.74,5.432,68.77,21.632,25.813,1.711,24.62,18.057,6687.240690416325,80.05909942857143,621.6486530612244,5.418728305743761,68.76846759183674,21.623412244897963,25.776,1.6704840690416325,24.6,18.32,-15.090690416325742,0.030900571428574608,-13.908653061224413,0.013271694256239641,0.0015324081632570596,0.00858775510203813,0.036999999999999034,0.040515930958367585,0.019999999999999574,-0.2630000000000017
22.9,TAKEOFF,COOLING_DEGRADATION,0.497,6672.74,80.67,606.44,5.464,68.77,21.401,25.713,1.589,24.546,18.366,6688.125838846301,80.05781614285713,621.688693877551,5.419217892312135,68.76292481632653,21.62757551020408,25.7764,1.67065258388463,24.6,18.323,-15.38583884630134,0.6121838571428668,-15.248693877550977,0.04478210768786539,0.00707518367346438,-0.2265755102040785,-0.0633999999999979,-0.08165258388463004,-0.054000000000002046,0.04299999999999926
23.0,TAKEOFF,COOLING_DEGRADATION,0.5,6681.97,80.23,605.86,5.439,68.83,21.76,25.805,1.74,24.534,18.313,6688.529186754841,80.05954685714288,621.7237346938775,5.419425093806522,68.76277604081633,21.629938775510205,25.7766,1.670772918675484,24.6,18.3245,-6.559186754840994,0.1704531428571272,-15.863734693877518,0.019574906193478014,0.0672239591836643,0.13006122448979696,0.028400000000001313,0.06922708132451594,-0.0660000000000025,-0.01150000000000162
23.1,TAKEOFF,COOLING_DEGRADATION,0.503,6679.26,79.5,606.71,5.457,68.64,21.661,25.776,1.593,24.575,18.14,6689.414296542857,80.05826357142858,621.763775510204,5.4199146727991865,68.75723326530611,21.634102040816327,25.777,1.6709414296542857,24.6,18.3275,-10.154296542857082,-0.5582635714285828,-15.053775510203991,0.03708532720081337,-0.11723326530611189,0.026897959183674658,-0.0010000000000012221,-0.07794142965428574,-0.02500000000000213,-0.1875
23.2,TAKEOFF,COOLING_DEGRADATION,0.507,6674.83,80.9,607.38,5.443,68.93,21.663,25.835,1.714,24.691,18.459,6690.299384185274,80.05958028571429,621.8038163265306,5.42036678460533,68.75729048979592,21.63826530612245,25.7774,1.6711099384185273,24.6,18.3305,-15.469384185274066,0.8404197142857157,-14.423816326530641,0.022633215394670003,0.17270951020408631,0.02473469387755145,0.05760000000000076,0.04289006158147268,0.09099999999999753,0.12849999999999895
23.3,TAKEOFF,COOLING_DEGRADATION,0.51,6676.56,80.36,607.75,5.457,68.97,21.688,25.801,1.546,24.57,18.478,6690.702688256,80.05871100000002,621.838857142857,5.420611434218964,68.75154171428572,21.640628571428568,25.7776,1.6712302688256,24.6,18.332,-14.142688255999929,0.3012889999999828,-14.088857142857023,0.036388565781035886,0.21845828571427717,0.04737142857143084,0.023399999999998755,-0.12523026882559996,-0.030000000000001137,0.1460000000000008
23.4,TAKEOFF,COOLING_DEGRADATION,0.513,6675.82,80.51,606.71,5.457,69.08,21.871,25.797,1.663,24.612,18.438,6691.597126217143,80.059201,621.9048571428572,5.421070454062884,68.75128171428571,21.645028571428572,25.778,1.6714797126217142,24.6,18.335,-15.777126217143632,0.4507990000000035,-15.194857142857131,0.03592954593711628,0.32871828571428807,0.2259714285714267,0.019000000000001904,-0.008479712621714208,0.011999999999996902,0.10299999999999798
23.5,TAKEOFF,COOLING_DEGRADATION,0.517,6676.99,80.49,608.46,5.442,68.86,21.619,25.772,1.714,24.57,18.25,6692.482154425469,80.05791771428572,621.9448979591838,5.421560018526225,68.7457389387755,21.649191836734694,25.7784,1.6716482154425472,24.6,18.338,-15.49215442546938,0.432082285714273,-13.48489795918374,0.020439981473774793,0.11426106122449653,-0.030191836734694277,-0.006400000000002848,0.04235178455745281,-0.030000000000001137,-0.08800000000000097
23.6,TAKEOFF,COOLING_DEGRADATION,0.52,6678.54,80.79,607.11,5.425,68.87,21.699,25.778,1.678,24.564,18.469,6692.885415335608,80.05964842857142,621.9799387755102,5.421767183122295,68.74559016326532,21.651555102040817,25.7786,1.6717685415335608,24.6,18.3395,-14.345415335607868,0.7303515714285851,-14.86993877551015,0.003232816877704714,0.12440983673468509,0.04744489795918483,-0.0006000000000021544,0.006231458466439133,-0.036000000000001364,0.12950000000000017
23.7,TAKEOFF,COOLING_DEGRADATION,0.523,6677.93,80.58,604.27,5.409,68.38,21.625,25.821,1.698,24.605,18.564,6693.770404903999,80.05836514285714,622.0199795918368,5.422256740008466,68.74004738775511,21.65571836734694,25.779,1.6719370404903997,24.6,18.3425,-15.840404903999115,0.5216348571428568,-17.74997959183679,-0.013256740008466217,-0.3600473877551167,-0.03071836734693889,0.04200000000000159,0.026062959509600248,0.004999999999999005,0.22149999999999892
23.8,TAKEOFF,COOLING_DEGRADATION,0.527,6679.9,80.51,605.11,5.485,68.28,21.746,25.783,1.675,24.579,18.329,6694.655372327902,80.05968185714286,622.0600204081633,5.422708805313436,68.74010461224489,21.65988163265306,25.7794,1.6721055372327902,24.6,18.3455,-14.755372327902478,0.45031814285714233,-16.950020408163255,0.062291194686564744,-0.46010461224489063,0.08611836734693767,0.003600000000002268,0.0028944627672098378,-0.021000000000000796,-0.016500000000000625
23.9,TAKEOFF,COOLING_DEGRADATION,0.53,6688.04,80.09,610.78,5.454,68.53,22.0,25.778,1.663,24.604,18.232,6695.058589402775,80.05881257142856,622.0950612244898,5.422953442421812,68.7343558367347,21.662244897959184,25.7796,1.6722258589402776,24.6,18.347,-7.018589402775433,0.03118742857144241,-11.315061224489796,0.031046557578187972,-0.20435583673469182,0.33775510204081627,-0.0015999999999998238,-0.00922585894027761,0.003999999999997783,-0.11500000000000199
24.0,TAKEOFF,COOLING_DEGRADATION,0.533,6682.49,79.9,608.7,5.468,68.84,21.469,25.708,1.724,24.669,18.562,6695.987479632653,80.05864357142856,622.1330612244898,5.423427843188499,68.73443183673469,21.66624489795918,25.78,1.6723987479632654,24.6,18.35,-13.497479632653267,-0.15864357142855567,-13.433061224489734,0.044572156811501173,0.1055681632653176,-0.19724489795918032,-0.07200000000000273,0.0516012520367346,0.06899999999999906,0.21199999999999974
24.1,TAKEOFF,COOLING_DEGRADATION,0.537,6680.83,80.22,610.74,5.434,69.04,21.687,25.779,1.715,24.666,18.285,6696.872392372115,80.0573602857143,622.1731020408164,5.423917387863307,68.72888906122449,21.670408163265304,25.7804,1.6725672392372117,24.6,18.353,-16.0423923721155,0.162639714285703,-11.43310204081638,0.010082612136693037,0.31111093877551355,0.01659183673469755,-0.00140000000000029,0.042432760762788346,0.06599999999999895,-0.06800000000000139
24.2,TAKEOFF,COOLING_DEGRADATION,0.54,6693.71,78.74,610.24,5.434,68.72,21.6,25.788,1.718,24.566,18.393,6697.275568548686,80.05909100000001,622.2081428571428,5.424124516585596,68.7287402857143,21.67277142857143,25.7806,1.6726875568548687,24.6,18.3545,-3.565568548686315,-1.3190910000000144,-11.968142857142766,0.009875483414404584,-0.008740285714296192,-0.07277142857142849,0.007400000000000517,0.045312443145131276,-0.03400000000000247,0.03849999999999909
24.3,TAKEOFF,COOLING_DEGRADATION,0.543,6688.32,80.8,606.38,5.412,68.97,21.656,25.826,1.586,24.524,18.116,6698.160442650122,80.05780771428572,622.2481836734695,5.424614053681791,68.72319751020407,21.676934693877552,25.781,1.672856044265012,24.6,18.3575,-9.840442650121986,0.7421922857142818,-15.868183673469503,-0.012614053681790693,0.24680248979592534,-0.0209346938775532,0.045000000000001705,-0.08685604426501192,-0.07600000000000051,-0.24150000000000205
24.4,TAKEOFF,COOLING_DEGRADATION,0.547,6692.97,80.48,609.56,5.413,68.99,21.761,25.775,1.703,24.564,18.237,6699.045294608115,80.05912442857142,622.2882244897959,5.425066074612101,68.72325473469388,21.68109795918367,25.7814,1.6730245294608115,24.6,18.3605,-6.075294608114746,0.42087557142858145,-12.728224489795934,-0.012066074612100408,0.2667452653061133,0.07990204081632868,-0.006400000000002848,0.029975470539188587,-0.036000000000001364,-0.12349999999999994
24.5,TAKEOFF,COOLING_DEGRADATION,0.55,6690.02,80.47,607.34,5.455,68.44,21.651,25.729,1.629,24.618,18.488,6699.448426951837,80.05825514285715,622.3232653061224,5.425310700429758,68.71750595918368,21.6834612244898,25.7816,1.6731448426951836,24.6,18.362000000000002,-9.428426951836627,0.4117448571428497,-14.983265306122348,0.0296892995702418,-0.27750595918368504,-0.0324612244898006,-0.052600000000001756,-0.044144842695183595,0.01799999999999713,0.12599999999999767
24.6,TAKEOFF,COOLING_DEGRADATION,0.553,6690.85,80.5,610.35,5.422,68.85,21.749,25.744,1.691,24.552,18.257,6700.29865058808,80.06023085714286,622.3913061224489,5.425747272770164,68.71722718367347,21.688024489795914,25.782,1.6733898650588082,24.6,18.365,-9.448650588079545,0.43976914285714486,-12.041306122448873,-0.0037472727701644004,0.13277281632652205,0.060975510204084316,-0.038000000000000256,0.0176101349411919,-0.04800000000000182,-0.10799999999999699
24.7,TAKEOFF,COOLING_DEGRADATION,0.557,6678.57,80.57,610.12,5.413,68.58,21.699,25.78,1.698,24.555,18.419,6701.227434600098,80.05746185714285,622.4293061224489,5.4262591616155245,68.71170318367348,21.692024489795916,25.7824,1.6735627434600095,24.6,18.368000000000002,-22.657434600097986,0.5125381428571387,-12.309306122448902,-0.013259161615524206,-0.13170318367347988,0.006975510204085822,-0.0023999999999979593,0.024437256539990404,-0.045000000000001705,0.05099999999999838
24.8,TAKEOFF,COOLING_DEGRADATION,0.56,6691.53,80.04,610.47,5.419,68.63,21.748,25.801,1.689,24.612,18.433,6701.630523788147,80.05919257142857,622.4643469387755,5.4264662534384485,68.71155440816327,21.694387755102042,25.7826,1.6736830523788147,24.6,18.369500000000002,-10.100523788147257,-0.019192571428561678,-11.994346938775493,-0.007466253438448867,-0.08155440816327086,0.053612244897959016,0.01839999999999975,0.015316947621185406,0.011999999999996902,0.06349999999999767
24.9,TAKEOFF,COOLING_DEGRADATION,0.563,6693.05,80.28,608.11,5.428,68.57,21.716,25.774,1.715,24.601,18.374,6702.5152776820405,80.05790928571427,622.5043877551021,5.426955768419127,68.70601163265306,21.698551020408164,25.783,1.6738515277682042,24.6,18.372500000000002,-9.465277682040323,0.22209071428572713,-14.394387755102116,0.0010442315808729674,-0.13601163265306582,0.01744897959183689,-0.009000000000000341,0.04114847223179585,0.0009999999999976694,0.0014999999999965041
25.0,TAKEOFF,COOLING_DEGRADATION,0.567,6690.13,81.08,610.4,5.425,68.74,21.716,25.837,1.664,24.584,18.253,6703.400009433601,80.059226,622.5444285714286,5.427407742846372,68.70606885714287,21.702714285714286,25.7834,1.6740200009433601,24.6,18.375500000000002,-13.270009433600535,1.020774000000003,-12.144428571428648,-0.0024077428463717965,0.03393114285712784,0.01328571428571479,0.053599999999999426,-0.010020000943360197,-0.01600000000000179,-0.12250000000000227
25.1,TAKEOFF,COOLING_DEGRADATION,0.57,6680.95,80.44,608.43,5.464,67.97,21.609,25.793,1.634,24.634,18.438,6703.803054791348,80.0583567142857,622.5794693877551,5.42765235615059,68.70032008163265,21.70507755102041,25.7836,1.6741403054791348,24.6,18.377000000000002,-22.85305479134786,0.38164328571430417,-14.149469387755175,0.03634764384941036,-0.7303200816326552,-0.09607755102040727,0.009399999999999409,-0.04014030547913494,0.03399999999999892,0.06099999999999639
25.2,TAKEOFF,COOLING_DEGRADATION,0.573,6693.37,80.24,608.52,5.468,68.86,21.643,25.837,1.639,24.707,18.477,6704.6877479079185,80.05967342857141,622.6195102040816,5.428104315785582,68.70037730612245,21.709240816326535,25.784,1.6743087747907919,24.6,18.380000000000003,-11.317747907918601,0.18032657142858,-14.09951020408164,0.039895684214418026,0.15962269387755157,-0.066240816326534,0.053000000000000824,-0.035308774790791864,0.10699999999999932,0.09699999999999775
25.3,TAKEOFF,COOLING_DEGRADATION,0.577,6698.3,80.35,610.69,5.453,68.64,21.652,25.787,1.731,24.643,18.498,6705.616446724702,80.05690442857144,622.6575102040817,5.428616200965451,68.69485330612245,21.713240816326532,25.7844,1.6744816446724702,24.6,18.383,-7.316446724701564,0.2930955714285517,-11.967510204081691,0.024383799034549014,-0.054853306122453205,-0.061240816326531444,0.002599999999997493,0.05651835532752991,0.04299999999999926,0.11500000000000199
25.4,TAKEOFF,COOLING_DEGRADATION,0.58,6694.87,79.86,610.53,5.428,68.86,21.766,25.765,1.704,24.565,18.212,6706.019451188573,80.05863514285714,622.6925510204081,5.428823256913435,68.69470453061226,21.715604081632655,25.7846,1.6746019451188574,24.6,18.384500000000003,-11.149451188573039,-0.19863514285714245,-12.16255102040816,-0.0008232569134349887,0.1652954693877433,0.05039591836734303,-0.019600000000000506,0.029398054881142555,-0.03500000000000014,-0.17250000000000298
25.5,TAKEOFF,COOLING_DEGRADATION,0.583,6693.56,80.47,613.99,5.411,68.63,21.732,25.815,1.637,24.555,18.393,6706.904089626939,80.05735185714286,622.7325918367347,5.429312752095285,68.68916175510203,21.719767346938774,25.785,1.674770408962694,24.6,18.3875,-13.344089626938512,0.4126481428571367,-8.742591836734732,-0.01831275209528549,-0.05916175510203914,0.012232653061225562,0.030000000000001137,-0.03777040896269401,-0.045000000000001705,0.005500000000001393
25.6,TAKEOFF,COOLING_DEGRADATION,0.587,6691.34,80.22,609.41,5.442,68.93,21.783,25.818,1.67,24.59,18.247,6707.7887059240165,80.05866857142858,622.7726326530612,5.429764682145882,68.68921897959184,21.7239306122449,25.7854,1.6749388705924018,24.6,18.3905,-16.448705924016394,0.16133142857141536,-13.362632653061269,0.012235317854118577,0.24078102040816418,0.05906938775510184,0.03260000000000218,-0.004938870592401834,-0.010000000000001563,-0.14349999999999952
25.7,TAKEOFF,COOLING_DEGRADATION,0.59,6687.49,81.18,610.3,5.459,68.7,21.677,25.812,1.706,24.547,18.47,6708.19166656,80.0577992857143,622.8076734693876,5.430009284151357,68.68347020408164,21.72629387755102,25.7856,1.675059166656,24.6,18.392000000000003,-20.701666560000376,1.1222007142857109,-12.507673469387669,0.02899071584864288,0.016529795918359014,-0.049293877551018994,0.02640000000000242,0.030940833343999996,-0.053000000000000824,0.07799999999999585
25.8,TAKEOFF,COOLING_DEGRADATION,0.593,6696.33,79.66,612.79,5.447,68.91,21.531,25.797,1.723,24.643,18.442,6709.041607079999,80.05977500000002,622.8757142857143,5.430445743105073,68.68319142857143,21.730857142857143,25.786,1.675304160708,24.6,18.395,-12.71160707999934,-0.39977500000001953,-10.085714285714289,0.016554256894926844,0.22680857142856325,-0.1998571428571445,0.010999999999999233,0.047695839292000164,0.04299999999999926,0.0470000000000006
25.9,TAKEOFF,COOLING_DEGRADATION,0.597,6688.31,79.54,611.28,5.427,68.55,21.69,25.901,1.721,24.543,18.441,6709.926157857697,80.05849171428572,622.9157551020407,5.430935220400128,68.67764865306123,21.735020408163262,25.7864,1.6754726157857698,24.6,18.397999999999996,-21.616157857696635,-0.5184917142857159,-11.635755102040775,-0.003935220400128614,-0.12764865306122886,-0.045020408163260583,0.11459999999999937,0.045527384214230304,-0.05700000000000216,0.043000000000002814
26.0,TAKEOFF,COOLING_DEGRADATION,0.6,6697.84,79.6,611.93,5.45,68.84,21.679,25.737,1.641,24.622,18.339,6710.373133217339,80.05873671428571,622.9487551020408,5.431164641240523,68.67751865306123,21.737220408163264,25.7866,1.6755973133217341,24.6,18.3995,-12.533133217339127,-0.4587367142857204,-11.018755102040814,0.018835358759477394,0.16248134693877603,-0.05822040816326535,-0.04960000000000164,-0.0345973133217341,0.021999999999998465,-0.06050000000000111
26.1,TAKEOFF,COOLING_DEGRADATION,0.603,6695.29,80.07,614.84,5.413,69.05,21.775,25.795,1.713,24.594,18.466,6711.257651460245,80.05745342857143,622.9887959183674,5.431654114297834,68.67197587755103,21.741383673469386,25.787,1.6757657651460245,24.6,18.4025,-15.967651460245179,0.012546571428558195,-8.148795918367341,-0.018654114297834035,0.3780241224489629,0.03361632653061264,0.008000000000002672,0.03723423485397559,-0.006000000000000227,0.06350000000000122
26.2,TAKEOFF,COOLING_DEGRADATION,0.607,6696.83,80.34,611.76,5.441,68.49,21.8,25.733,1.719,24.566,18.646,6712.14214756297,80.05877014285714,623.0288367346939,5.432105997843475,68.67203310204081,21.745546938775508,25.7874,1.6759342147562972,24.6,18.4055,-15.312147562970495,0.2812298571428613,-11.268836734693878,0.008894002156524472,-0.18203310204081902,0.05445306122449267,-0.054400000000001114,0.04306578524370286,-0.03400000000000247,0.24050000000000082
26.3,TAKEOFF,COOLING_DEGRADATION,0.61,6703.66,80.41,611.46,5.448,69.21,21.856,25.82,1.679,24.643,18.36,6712.545021222858,80.05790085714285,623.0638775510205,5.432350587327331,68.66628432653062,21.747910204081634,25.7876,1.6760545021222857,24.6,18.406999999999996,-8.885021222858086,0.35209914285714206,-11.603877551020446,0.015649412672669172,0.5437156734693787,0.10808979591836732,0.032399999999999096,0.0029454978777143648,0.04299999999999926,-0.046999999999997044
26.4,TAKEOFF,COOLING_DEGRADATION,0.613,6701.32,80.37,613.69,5.419,68.67,21.71,25.812,1.604,24.59,18.529,6713.42947869453,80.05921757142859,623.103918367347,5.4328024560801005,68.66634155102041,21.752073469387753,25.788,1.676222947869453,24.6,18.41,-12.10947869453048,0.31078242857141447,-9.413918367346923,-0.013802456080100889,0.0036584489795927766,-0.04207346938775203,0.02400000000000091,-0.07222294786945294,-0.010000000000001563,0.11899999999999977
26.5,TAKEOFF,COOLING_DEGRADATION,0.617,6702.04,79.4,615.06,5.448,68.76,21.538,25.747,1.678,24.643,18.464,6714.313914026579,80.0579342857143,623.1439591836735,5.433291913568829,68.66079877551022,21.75623673469388,25.7884,1.676391391402658,24.6,18.413,-12.273914026579405,-0.6579342857142905,-8.083959183673528,0.014708086431171274,0.0992012244897893,-0.21823673469387828,-0.04139999999999944,0.0016086085973419095,0.04299999999999926,0.05099999999999838
26.6,TAKEOFF,COOLING_DEGRADATION,0.62,6695.14,79.65,611.91,5.372,68.62,21.75,25.732,1.722,24.59,18.393,6714.760834929193,80.05817928571429,623.1769591836735,5.433521314665091,68.66066877551022,21.758436734693877,25.7886,1.6765160834929196,24.6,18.414500000000004,-19.620834929192824,-0.40817928571428297,-11.26695918367352,-0.06152131466509125,-0.04066877551021264,-0.008436734693876957,-0.05659999999999954,0.04548391650708039,-0.010000000000001563,-0.021500000000003183
26.7,TAKEOFF,COOLING_DEGRADATION,0.623,6700.37,80.41,614.79,5.451,68.31,21.756,25.859,1.739,24.657,18.334,6715.645237728,80.05689600000001,623.2170000000001,5.4340107679147245,68.655126,21.762600000000003,25.789,1.6766845237728,24.6,18.4175,-15.27523772800032,0.35310399999998765,-8.427000000000135,0.01698923208527514,-0.3451259999999934,-0.006600000000002382,0.07000000000000028,0.06231547622720002,0.05699999999999861,-0.0835000000000008
26.8,TAKEOFF,COOLING_DEGRADATION,0.627,6697.44,79.94,612.45,5.484,68.92,21.751,25.845,1.707,24.573,18.388,6716.5296183876735,80.05821271428572,623.2570408163265,5.434462607081732,68.6551832244898,21.76676326530612,25.7894,1.6768529618387675,24.6,18.420499999999997,-19.08961838767391,-0.11821271428571833,-10.807040816326435,0.04953739291826764,0.264816775510198,-0.015763265306119933,0.05559999999999832,0.030147038161232542,-0.027000000000001023,-0.03249999999999531
26.9,TAKEOFF,COOLING_DEGRADATION,0.63,6703.36,80.3,612.63,5.422,68.59,21.779,25.795,1.663,24.661,18.396,6716.9324073351845,80.05734342857143,623.292081632653,5.434707185258823,68.6494344489796,21.769126530612244,25.7896,1.6769732407335183,24.6,18.422,-13.572407335184835,0.24265657142856867,-10.662081632652985,-0.012707185258823195,-0.059434448979601484,0.009873469387756018,0.005400000000001626,-0.013973240733518244,0.06099999999999994,-0.0259999999999998
27.0,TAKEOFF,COOLING_DEGRADATION,0.633,6702.42,79.86,614.64,5.477,68.96,21.742,25.667,1.68,24.517,18.372,6717.78206476898,80.05931914285715,623.3601224489796,5.435143530821241,68.6491556734694,21.77368979591837,25.79,1.6772182064768981,24.6,18.425,-15.362064768979508,-0.19931914285714925,-8.720122448979623,0.04185646917875907,0.31084432653059935,-0.031689795918367736,-0.12299999999999756,0.0027817935231018165,-0.08300000000000196,-0.053000000000000824
27.1,TAKEOFF,COOLING_DEGRADATION,0.637,6700.06,80.73,614.41,5.486,68.63,21.781,25.822,1.635,24.563,18.453,6718.666379916016,80.05803585714285,623.4001632653061,5.435632966177801,68.64361289795919,21.777853061224487,25.790399999999998,1.6773866379916016,24.6,18.428,-18.606379916015612,0.6719641428571492,-8.990163265306137,0.05036703382219887,-0.013612897959191628,0.003146938775511643,0.03160000000000096,-0.04238663799160158,-0.037000000000002586,0.02499999999999858
27.2,TAKEOFF,COOLING_DEGRADATION,0.64,6707.93,81.22,615.72,5.416,68.66,21.805,25.804,1.666,24.601,18.463,6719.113243877879,80.05828085714286,623.4331632653061,5.435862346403587,68.64348289795919,21.78005306122449,25.7906,1.677511324387788,24.6,18.429499999999997,-11.18324387787834,1.1617191428571374,-7.713163265306093,-0.019862346403586528,0.01651710204080814,0.024946938775510574,0.013399999999997192,-0.011511324387788013,0.0009999999999976694,0.03350000000000364
27.3,TAKEOFF,COOLING_DEGRADATION,0.643,6704.88,81.16,613.05,5.441,68.63,21.722,25.835,1.677,24.635,18.401,6719.997526493306,80.05699757142857,623.4732040816327,5.436351777519665,68.63794012244898,21.784216326530615,25.791,1.6776797526493308,24.6,18.432499999999997,-15.117526493306286,1.103002428571429,-10.423204081632775,0.004648222480335029,-0.007940122448985676,-0.062216326530613486,0.04400000000000048,-0.0006797526493307338,0.03500000000000014,-0.03149999999999764
27.4,TAKEOFF,COOLING_DEGRADATION,0.647,6708.66,80.47,613.99,5.475,68.81,21.717,25.808,1.664,24.556,18.532,6720.88178697071,80.05831428571427,623.5132448979591,5.436803570179827,68.63799734693879,21.788379591836733,25.7914,1.677848178697071,24.6,18.435499999999998,-12.221786970710127,0.4116857142857242,-9.523244897959103,0.03819642982017246,0.1720026530612131,-0.07137959183673459,0.016600000000000392,-0.013848178697071,-0.04400000000000048,0.09650000000000247
27.5,TAKEOFF,COOLING_DEGRADATION,0.65,6704.48,80.58,614.49,5.406,69.05,21.871,25.707,1.7,24.477,18.38,6721.284488952001,80.05744499999999,623.5482857142856,5.437048135827119,68.63224857142858,21.790742857142856,25.7916,1.6779684488952,24.6,18.436999999999998,-16.80448895200152,0.5225550000000112,-9.058285714285603,-0.031048135827119516,0.417751428571421,0.08025714285714258,-0.08459999999999823,0.02203155110479993,-0.12300000000000111,-0.05699999999999861
27.6,TAKEOFF,COOLING_DEGRADATION,0.653,6709.3,81.09,613.73,5.43,68.99,21.728,25.769,1.67,24.604,18.519,6722.168710802285,80.05876171428572,623.5883265306122,5.437499913693788,68.63230579591837,21.79490612244898,25.792,1.6781368710802287,24.6,18.439999999999998,-12.868710802285023,1.0312382857142808,-9.858326530612203,-0.007499913693788329,0.3576942040816249,-0.0669061224489802,-0.02300000000000324,-0.008136871080228758,0.003999999999997783,0.07900000000000063
27.7,TAKEOFF,COOLING_DEGRADATION,0.657,6704.97,80.92,615.29,5.478,68.65,21.687,25.883,1.711,24.571,18.592,6723.052910515103,80.05747842857143,623.6283673469388,5.437989329235174,68.62676302040818,21.799069387755104,25.7924,1.6783052910515102,24.6,18.442999999999998,-18.082910515102412,0.862521571428573,-8.338367346938867,0.04001067076482556,0.0232369795918288,-0.11206938775510267,0.09059999999999846,0.032694708948489914,-0.028999999999999915,0.1490000000000009
27.8,TAKEOFF,COOLING_DEGRADATION,0.66,6709.38,81.13,612.56,5.444,68.69,21.926,25.847,1.664,24.54,18.56,6723.45556867729,80.05920914285714,623.6634081632653,5.438196238128501,68.62661424489797,21.801432653061223,25.7926,1.678425556867729,24.6,18.444499999999998,-14.075568677289994,1.0707908571428533,-11.103408163265385,0.005803761871498558,0.0633857551020327,0.12456734693877536,0.054400000000001114,-0.014425556867729172,-0.060000000000002274,0.11550000000000082
27.9,TAKEOFF,COOLING_DEGRADATION,0.663,6713.53,79.75,614.55,5.48,68.14,21.915,25.762,1.662,24.531,18.476,6724.3838872080005,80.05644014285716,623.7014081632653,5.4387081010152025,68.62109024489796,21.805432653061224,25.793,1.6785983887208,24.6,18.4475,-10.853887208000742,-0.3064401428571557,-9.151408163265387,0.0412918989847979,-0.48109024489795615,0.10956734693877479,-0.030999999999998806,-0.016598388720800106,-0.06900000000000261,0.028499999999997527
28.0,TAKEOFF,COOLING_DEGRADATION,0.667,6704.23,80.69,614.87,5.399,69.54,21.854,25.86,1.649,24.526,18.528,6725.26803225378,80.05775685714286,623.7414489795918,5.439159849294747,68.62114746938776,21.809595918367343,25.7934,1.6787668032253782,24.6,18.4505,-21.03803225378033,0.6322431428571349,-8.871448979591833,-0.040159849294746586,0.9188525306122415,0.0444040816326563,0.0666000000000011,-0.02976680322537817,-0.07400000000000162,0.07749999999999702
28.1,TAKEOFF,COOLING_DEGRADATION,0.67,6711.02,79.58,613.49,5.392,69.11,21.934,25.891,1.659,24.618,18.322,6725.670649532081,80.05688757142859,623.7764897959183,5.439404403627252,68.61539869387755,21.811959183673473,25.7936,1.6788870649532082,24.6,18.451999999999998,-14.650649532080934,-0.4768875714285912,-10.286489795918328,-0.047404403627251845,0.4946013061224477,0.1220408163265283,0.09739999999999682,-0.019887064953208133,0.01799999999999713,-0.129999999999999
28.2,TAKEOFF,COOLING_DEGRADATION,0.673,6711.05,80.53,616.0,5.444,69.12,21.918,25.775,1.551,24.653,18.477,6726.520023909715,80.0588632857143,623.844530612245,5.43984063579377,68.61511991836736,21.81652244897959,25.794,1.6791320023909717,24.6,18.455,-15.470023909714655,0.4711367142857057,-7.8445306122449665,0.004159364206230087,0.5048800816326491,0.1014775510204089,-0.019000000000001904,-0.12813200239097178,0.05299999999999727,0.022000000000002018
28.3,TAKEOFF,COOLING_DEGRADATION,0.677,6721.8,80.36,614.76,5.483,68.74,21.693,25.771,1.752,24.565,18.38,6727.4041034496,80.05758,623.8845714285715,5.440330029193969,68.60957714285715,21.820685714285716,25.7944,1.6793004103449598,24.6,18.458,-5.6041034496001885,0.3024199999999979,-9.124571428571471,0.0426699708060303,0.13042285714284674,-0.12768571428571462,-0.023399999999998755,0.0726995896550402,-0.03500000000000014,-0.0779999999999994
28.4,TAKEOFF,COOLING_DEGRADATION,0.68,6716.89,79.45,613.61,5.446,68.77,21.775,25.686,1.654,24.583,18.347,6727.806674653176,80.05931071428571,623.919612244898,5.440536901184867,68.60942836734694,21.823048979591835,25.7946,1.6794206674653176,24.6,18.4595,-10.916674653175505,-0.6093107142857122,-10.309612244897949,0.005463098815132739,0.16057163265305974,-0.04804897959183663,-0.10859999999999914,-0.02542066746531768,-0.017000000000003013,-0.11249999999999716
28.5,TAKEOFF,COOLING_DEGRADATION,0.683,6711.59,79.51,615.19,5.454,69.15,21.839,25.846,1.689,24.53,18.533,6728.734903035919,80.05654171428571,623.9576122448981,5.441048757959727,68.60390436734693,21.827048979591837,25.795,1.679593490303592,24.6,18.4625,-17.144903035919015,-0.5465417142857092,-8.767612244898032,0.012951242040272426,0.5460956326530777,0.011951020408162094,0.05099999999999838,0.009406509696407994,-0.07000000000000028,0.07050000000000267
28.6,TAKEOFF,COOLING_DEGRADATION,0.687,6718.36,79.01,614.0,5.471,68.47,21.943,25.858,1.604,24.56,18.608,6729.61892791151,80.05785842857144,623.9976530612245,5.441500459730538,68.60396159183674,21.83121224489796,25.7954,1.6797618927911513,24.6,18.4655,-11.25892791151,-1.0478584285714305,-9.997653061224469,0.029499540269462443,-0.13396159183673717,0.11178775510204275,0.06259999999999977,-0.0757618927911512,-0.0400000000000027,0.14250000000000185
28.7,TAKEOFF,COOLING_DEGRADATION,0.69,6715.76,80.58,617.63,5.455,69.11,21.956,25.72,1.649,24.608,18.573,6730.021458233469,80.05698914285716,624.0326938775511,5.441745001525069,68.59821281632654,21.83357551020408,25.7956,1.679882145823347,24.6,18.467,-14.261458233469057,0.523010857142836,-6.402693877551087,0.013254998474931057,0.5117871836734622,0.12242448979591813,-0.07560000000000144,-0.03088214582334703,0.007999999999999119,0.10600000000000165
28.8,TAKEOFF,COOLING_DEGRADATION,0.693,6706.89,80.75,614.19,5.489,69.05,21.777,25.778,1.653,24.578,18.58,6730.9054444858775,80.05830585714287,624.0727346938775,5.442196688501766,68.59827004081632,21.837738775510207,25.796,1.6800505444485876,24.6,18.47,-24.015444485877197,0.6916941428571306,-9.88273469387741,0.046803311498234024,0.4517299591836803,-0.06073877551020601,-0.018000000000000682,-0.027050544448587566,-0.022000000000002018,0.10999999999999943
28.9,TAKEOFF,COOLING_DEGRADATION,0.697,6718.28,79.96,614.2,5.435,68.28,21.823,25.806,1.646,24.572,18.468,6731.789408602971,80.05702257142858,624.112775510204,5.442686062077943,68.59272726530614,21.841902040816322,25.7964,1.6802189408602972,24.6,18.473,-13.509408602971234,-0.09702257142858173,-9.912775510203915,-0.007686062077943312,-0.3127272653061368,-0.01890204081632163,0.009600000000002495,-0.03421894086029731,-0.028000000000002245,-0.004999999999999005
29.0,TAKEOFF,COOLING_DEGRADATION,0.7,6714.69,80.59,615.91,5.512,68.32,21.838,25.702,1.724,24.645,18.548,6732.191895110792,80.05875328571429,624.1478163265306,5.442892898190504,68.59257848979593,21.84426530612245,25.7966,1.6803391895110793,24.6,18.4745,-17.501895110792248,0.5312467142857145,-8.237816326530606,0.06910710180949575,-0.2725784897959329,-0.006265306122447356,-0.0945999999999998,0.043660810488920676,0.04499999999999815,0.07349999999999923
29.1,TAKEOFF,COOLING_DEGRADATION,0.703,6719.56,80.95,616.53,5.444,68.9,21.64,25.665,1.666,24.645,18.344,6733.120038321633,80.05598428571429,624.1858163265306,5.443404751271845,68.58705448979592,21.84826530612245,25.797,1.6805120038321633,24.6,18.4775,-13.560038321632419,0.8940157142857146,-7.655816326530612,0.0005952487281550845,0.3129455102040879,-0.2082653061224491,-0.13200000000000145,-0.014512003832163334,0.04499999999999815,-0.13349999999999795
29.2,TAKEOFF,COOLING_DEGRADATION,0.707,6724.48,80.1,617.06,5.462,68.35,21.743,25.792,1.653,24.72,18.392,6734.003947777029,80.057301,624.2258571428571,5.443856408660053,68.58711171428573,21.85242857142857,25.7974,1.6806803947777031,24.6,18.4805,-9.523947777029207,0.04269899999999893,-7.165857142857135,0.01814359133994703,-0.23711171428573152,-0.10942857142857321,-0.005399999999998073,-0.02768039477770312,0.11999999999999744,-0.0884999999999998
29.3,TAKEOFF,COOLING_DEGRADATION,0.71,6718.4,80.85,617.11,5.474,68.58,21.753,25.808,1.647,24.603,18.568,6734.406393405388,80.05643171428572,624.2608979591838,5.44410093913178,68.58136293877551,21.854791836734694,25.7976,1.680800639340539,24.6,18.482,-16.006393405388735,0.7935682857142723,-7.150897959183794,0.02989906086822014,-0.0013629387755145217,-0.10179183673469439,0.010400000000000631,-0.03380063934053901,0.0030000000000001137,0.08600000000000207
29.4,TAKEOFF,COOLING_DEGRADATION,0.713,6722.01,80.16,615.89,5.452,68.59,21.866,25.762,1.695,24.546,18.373,6735.255484756898,80.05840742857143,624.3289387755102,5.444537057897794,68.58108416326532,21.85935510204082,25.798000000000002,1.6810455484756899,24.6,18.485,-13.245484756897895,0.10159257142856859,-8.438938775510223,0.007462942102206327,0.008915836734686877,0.00664489795918044,-0.036000000000001364,0.013954451524310185,-0.054000000000002046,-0.11199999999999832
29.5,TAKEOFF,COOLING_DEGRADATION,0.717,6733.38,80.34,618.69,5.475,68.8,21.745,25.875,1.652,24.72,18.412,6736.139328713143,80.05712414285713,624.3689795918368,5.44502640932377,68.57554138775511,21.86351836734694,25.7984,1.6812139328713145,24.6,18.488,-2.759328713143077,0.28287585714286934,-5.6789795918367645,0.029973590676229733,0.22445861224488795,-0.11851836734694032,0.07659999999999911,-0.029213932871314574,0.11999999999999744,-0.07600000000000051
29.6,TAKEOFF,COOLING_DEGRADATION,0.72,6719.61,80.51,615.26,5.406,68.76,21.928,25.744,1.652,24.698,18.647,6736.541728272229,80.05885485714285,624.4040204081633,5.445233208532853,68.5753926122449,21.86588163265306,25.7986,1.6813341728272229,24.6,18.4895,-16.93172827222952,0.45114514285715757,-9.144020408163328,-0.0392332085328535,0.18460738775510777,0.06211836734694032,-0.05460000000000065,-0.02933417282722295,0.09799999999999898,0.15749999999999886
29.7,TAKEOFF,COOLING_DEGRADATION,0.723,6727.78,80.75,616.44,5.44,68.86,21.821,25.803,1.76,24.564,18.457,6737.469781342776,80.05608585714285,624.4420204081633,5.445745055493164,68.5698686122449,21.869881632653065,25.799,1.6815069781342777,24.6,18.4925,-9.68978134277586,0.6939141428571531,-8.002020408163276,-0.005745055493163953,0.29013138775509617,-0.04888163265306389,0.004000000000001336,0.07849302186572227,-0.036000000000001364,-0.03549999999999898
29.8,TAKEOFF,COOLING_DEGRADATION,0.727,6734.12,81.22,617.16,5.424,69.34,21.822,25.692,1.687,24.681,18.347,6738.353570640066,80.05740257142857,624.4820612244897,5.446196666370753,68.5699258367347,21.874044897959184,25.7994,1.6816753570640066,24.6,18.4955,-4.2335706400663184,1.1625974285714307,-7.322061224489744,-0.02219666637075246,0.7700741632653063,-0.052044897959184766,-0.10739999999999839,0.00532464293599344,0.08099999999999952,-0.14849999999999852
29.9,TAKEOFF,COOLING_DEGRADATION,0.73,6729.78,80.66,617.88,5.465,68.82,21.737,25.776,1.708,24.593,18.582,6738.75592932196,80.0565332857143,624.5171020408163,5.446441184296329,68.5641770612245,21.876408163265307,25.7996,1.681795592932196,24.6,18.497,-8.975929321960393,0.6034667142857018,-6.63710204081633,0.01855881570367046,0.2558229387754949,-0.13940816326530836,-0.02360000000000184,0.026204407067804025,-0.0070000000000014495,0.08500000000000085
30.0,TAKEOFF,COOLING_DEGRADATION,0.733,6730.65,80.64,617.31,5.429,69.03,21.788,25.785,1.74,24.599,18.546,6739.63968,80.05785,624.5571428571428,5.446892780379184,68.56423428571429,21.88057142857143,25.8,1.681963968,24.6,18.5,-8.98968000000059,0.5821499999999986,-7.247142857142876,-0.017892780379183293,0.465765714285709,-0.09257142857142853,-0.015000000000000568,0.05803603199999996,-0.0010000000000012221,0.045999999999999375
30.1,TAKEOFF,COOLING_DEGRADATION,0.737,6723.0,80.52,614.9,5.462,68.78,22.047,25.794,1.625,24.647,18.532,6740.523408544882,80.05656671428571,624.5971836734693,5.447382111972294,68.55869151020408,21.88473469387755,25.8004,1.6821323408544884,24.6,18.503,-17.52340854488193,0.463433285714288,-9.69718367346934,0.014617888027705916,0.22130848979591633,0.16226530612244972,-0.006399999999999295,-0.05713234085448837,0.046999999999997044,0.028999999999999915
30.2,TAKEOFF,COOLING_DEGRADATION,0.74,6719.31,80.82,616.0,5.44,68.73,21.829,25.789,1.63,24.661,18.618,6740.9257234176,80.05829742857142,624.6322244897959,5.447588875301886,68.55854273469389,21.887097959183674,25.8006,1.6822525723417603,24.6,18.5045,-21.61572341759984,0.7617025714285717,-8.63222448979593,-0.007588875301885345,0.17145726530611682,-0.058097959183673,-0.011599999999997834,-0.052252572341760395,0.06099999999999994,0.11349999999999838
30.3,TAKEOFF,COOLING_DEGRADATION,0.743,6725.63,80.86,617.83,5.446,69.04,21.917,25.75,1.646,24.676,18.55,6741.809413344245,80.05701414285714,624.6722653061224,5.4480781993018494,68.55299995918368,21.891261224489796,25.801,1.6824209413344244,24.6,18.5075,-16.179413344244495,0.8029858571428576,-6.8422653061223855,-0.0020781993018497147,0.4870000408163264,0.02573877551020587,-0.05099999999999838,-0.03642094133442453,0.07599999999999696,0.042500000000000426
30.4,TAKEOFF,COOLING_DEGRADATION,0.747,6721.57,80.69,616.65,5.418,68.55,21.923,25.784,1.72,24.646,18.547,6742.737365212115,80.05684514285714,624.7102653061224,5.4485522850528145,68.55307595918367,21.895261224489794,25.8014,1.6825937365212114,24.6,18.5105,-21.167365212115328,0.6331548571428556,-8.06026530612246,-0.030552285052814376,-0.0030759591836755362,0.02773877551020476,-0.01740000000000208,0.037406263478788615,0.045999999999999375,0.0365000000000002
30.5,TAKEOFF,COOLING_DEGRADATION,0.75,6736.06,79.99,619.66,5.497,68.36,21.851,25.772,1.762,24.694,18.433,6743.139639209797,80.05597585714285,624.745306122449,5.44879679164757,68.54732718367347,21.897624489795916,25.8016,1.6827139639209796,24.6,18.512,-7.079639209796369,-0.0659758571428597,-5.085306122449083,0.04820320835242953,-0.18732718367347445,-0.04662448979591716,-0.02960000000000207,0.0792860360790204,0.09399999999999764,-0.07900000000000063
30.6,TAKEOFF,COOLING_DEGRADATION,0.753,6735.23,80.62,616.94,5.478,69.29,21.902,25.849,1.729,24.642,18.582,6743.988447565225,80.05795157142856,624.8133469387755,5.449232797008484,68.54704840816326,21.90218775510204,25.802,1.6829588447565227,24.6,18.515,-8.758447565225651,0.562048428571444,-7.8733469387753985,0.02876720299151536,0.7429515918367429,-0.00018775510203994372,0.0470000000000006,0.046041155243477405,0.04199999999999804,0.06700000000000017
30.7,TAKEOFF,COOLING_DEGRADATION,0.757,6738.99,80.66,614.59,5.473,68.78,21.864,25.734,1.682,24.618,18.63,6744.872055961339,80.05666828571428,624.8533877551021,5.449722106442378,68.54150563265306,21.90635102040816,25.8024,1.6831272055961342,24.6,18.518,-5.882055961339574,0.6033317142857157,-10.26338775510203,0.023277893557621887,0.23849436734694507,-0.042351020408158746,-0.06839999999999691,-0.0011272055961342176,0.01799999999999713,0.11199999999999832
30.8,TAKEOFF,COOLING_DEGRADATION,0.76,6730.06,81.03,616.11,5.453,68.96,21.883,25.78,1.725,24.623,18.684,6745.2742838952,80.05839900000001,624.8884285714286,5.449928832867446,68.54135685714286,21.908714285714286,25.802599999999998,1.6832474283895202,24.6,18.5195,-15.214283895199515,0.9716009999999926,-8.778428571428549,0.0030711671325542866,0.41864314285713533,-0.02571428571428669,-0.022599999999997067,0.04175257161047985,0.022999999999999687,0.1645000000000003
30.9,TAKEOFF,COOLING_DEGRADATION,0.763,6731.32,80.11,617.79,5.441,69.27,21.797,25.76,1.611,24.581,18.612,6746.157853675101,80.05711571428573,624.9284693877552,5.450418134706736,68.53581408163265,21.912877551020408,25.803,1.6834157853675102,24.6,18.5225,-14.837853675101542,0.05288428571427062,-7.138469387755208,-0.00941813470673658,0.7341859183673449,-0.11587755102040731,-0.04299999999999926,-0.07241578536751025,-0.019000000000001904,0.08949999999999747
31.0,TAKEOFF,COOLING_DEGRADATION,0.767,6734.29,80.45,617.85,5.496,69.02,21.947,25.8,1.718,24.53,18.496,6747.085715411069,80.05694671428573,624.9664693877551,5.450892189975653,68.53589008163264,21.91687755102041,25.8034,1.683588571541107,24.6,18.5255,-12.795715411069068,0.39305328571427367,-7.116469387755046,0.04510781002434783,0.48410991836735207,0.030122448979589933,-0.0033999999999991815,0.034411428458893,-0.07000000000000028,-0.029500000000002302
31.1,TAKEOFF,COOLING_DEGRADATION,0.77,6727.78,80.88,618.58,5.44,68.9,21.77,25.904,1.689,24.647,18.774,6747.487902472163,80.05607742857144,625.0015102040817,5.451136684016085,68.53014130612246,21.919240816326532,25.8036,1.6837087902472163,24.6,18.527,-19.70790247216337,0.8239225714285539,-6.421510204081642,-0.011136684016084253,0.36985869387754633,-0.1492408163265324,0.10040000000000049,0.005291209752783743,0.046999999999997044,0.2469999999999999
31.2,TAKEOFF,COOLING_DEGRADATION,0.773,6735.13,81.26,620.01,5.44,69.27,21.968,25.762,1.648,24.641,18.538,6748.371417599347,80.05739414285715,625.0415510204082,5.451588189201228,68.53019853061225,21.923404081632654,25.804,1.6838771417599347,24.6,18.53,-13.241417599347187,1.2026058571428564,-5.0315510204081875,-0.011588189201227728,0.7398014693877428,0.04459591836734589,-0.04199999999999804,-0.03587714175993484,0.04099999999999682,0.007999999999999119
31.3,TAKEOFF,COOLING_DEGRADATION,0.777,6736.38,81.28,618.73,5.452,69.08,21.834,25.759,1.729,24.564,18.496,6749.254910595528,80.05611085714287,625.0815918367347,5.452077478793416,68.52465575510205,21.927567346938776,25.8044,1.6840454910595528,24.6,18.533,-12.87491059552758,1.2238891428571321,-6.351591836734656,-7.74787934156862e-05,0.5553442448979524,-0.09356734693877655,-0.04540000000000077,0.04495450894044728,-0.036000000000001364,-0.037000000000002586
31.4,TAKEOFF,COOLING_DEGRADATION,0.78,6739.89,81.4,619.91,5.445,69.14,22.174,25.835,1.7,24.494,18.548,6749.657053852408,80.05784157142857,625.1166326530613,5.452284169337837,68.52450697959185,21.929930612244895,25.8046,1.684165705385241,24.6,18.5345,-9.767053852408026,1.3421584285714374,-5.20663265306132,-0.007284169337836488,0.6154930204081523,0.24406938775510412,0.030400000000000205,0.015834294614758937,-0.10600000000000165,0.013499999999996959
31.5,TAKEOFF,COOLING_DEGRADATION,0.783,6743.12,80.46,617.22,5.426,68.85,21.976,25.848,1.708,24.629,18.455,6750.540508234286,80.05655828571429,625.1566734693878,5.452773451333977,68.51896420408164,21.93409387755102,25.805,1.6843340508234286,24.6,18.5375,-7.42050823428599,0.4034417142857052,-7.936673469387756,-0.026773451333976794,0.3310357959183534,0.04190612244897807,0.04299999999999926,0.023665949176571388,0.028999999999999915,-0.08250000000000313
31.6,TAKEOFF,COOLING_DEGRADATION,0.787,6736.75,80.59,615.05,5.479,69.12,21.899,25.878,1.676,24.56,18.829,6751.46828481373,80.05638928571429,625.1946734693878,5.45324747834823,68.51904020408163,21.938093877551022,25.8054,1.6845068284813731,24.6,18.5405,-14.718284813729952,0.5336107142857145,-10.14467346938784,0.025752521651770444,0.6009597959183708,-0.03909387755102145,0.07260000000000133,-0.008506828481373185,-0.0400000000000027,0.2884999999999991
31.7,TAKEOFF,COOLING_DEGRADATION,0.79,6744.18,80.54,618.67,5.431,69.21,21.854,25.789,1.748,24.598,18.537,6751.870387200001,80.05551999999999,625.2297142857143,5.453491961049824,68.51329142857143,21.94045714285714,25.8056,1.68462703872,24.6,18.542,-7.690387200000259,0.4844800000000191,-6.559714285714335,-0.022491961049824205,0.6967085714285588,-0.08645714285714234,-0.01659999999999684,0.06337296128000003,-0.0020000000000024443,-0.005000000000002558
31.8,TAKEOFF,COOLING_DEGRADATION,0.793,6740.87,81.64,617.85,5.445,69.32,22.171,25.806,1.82,24.711,18.622,6752.718912589387,80.05749571428571,625.2977551020408,5.453927853001042,68.51301265306122,21.945020408163266,25.806,1.6848718912589389,24.6,18.545,-11.84891258938751,1.5825042857142932,-7.447755102040787,-0.008927853001042152,0.8069873469387687,0.2259795918367331,0.0,0.13512810874106118,0.1109999999999971,0.07699999999999818
31.9,TAKEOFF,COOLING_DEGRADATION,0.797,6737.74,80.73,620.99,5.529,68.99,21.764,25.773,1.665,24.562,18.59,6753.602285448881,80.05621242857141,625.3377959183673,5.454417120425003,68.50746987755102,21.949183673469385,25.8064,1.6850402285448882,24.6,18.548,-15.862285448881266,0.6737875714285906,-4.3477959183672965,0.07458287957499721,0.48253012244897775,-0.18518367346938547,-0.03340000000000032,-0.020040228544888183,-0.038000000000000256,0.04200000000000159
32.0,TAKEOFF,COOLING_DEGRADATION,0.8,6740.83,81.1,620.48,5.449,69.03,21.849,25.782,1.672,24.539,18.469,6754.004341776784,80.05794314285714,625.3728367346938,5.454623774063855,68.50732110204082,21.95154693877551,25.8066,1.6851604341776785,24.6,18.549500000000002,-13.174341776783876,1.0420568571428532,-4.8928367346937875,-0.005623774063854725,0.5226788979591817,-0.10254693877551091,-0.02459999999999951,-0.013160434177678537,-0.06099999999999994,-0.08050000000000068
32.1,TAKEOFF,COOLING_DEGRADATION,0.803,6744.78,81.32,620.34,5.471,68.73,22.07,25.748,1.694,24.596,18.657,6754.887676024,80.05665985714286,625.4128775510203,5.45511303389031,68.50177832653061,21.95571020408163,25.807,1.6853287676024,24.6,18.552500000000002,-10.107676024000284,1.2633401428571318,-5.0728775510202695,0.015886966109690093,0.22822167346939182,0.11428979591837063,-0.0589999999999975,0.008671232397599926,-0.004000000000001336,0.10449999999999804
32.2,TAKEOFF,COOLING_DEGRADATION,0.807,6736.64,80.76,618.53,5.444,68.63,21.963,25.717,1.722,24.656,18.473,6755.815362479217,80.05649085714286,625.4508775510203,5.455587030420457,68.5018543265306,21.959710204081635,25.8074,1.685501536247922,24.6,18.555500000000002,-19.175362479216346,0.7035091428571434,-6.9208775510203395,-0.011587030420456834,0.12814567346939043,0.0032897959183664227,-0.09040000000000248,0.03649846375207799,0.055999999999997385,-0.08250000000000313
32.3,TAKEOFF,COOLING_DEGRADATION,0.81,6741.06,80.73,617.31,5.415,69.14,21.934,25.807,1.767,24.67,18.408,6756.217377938776,80.05562157142857,625.485918367347,5.455831500559558,68.4961055510204,21.962073469387757,25.8076,1.6856217377938776,24.6,18.557,-15.157377938775426,0.6743784285714298,-8.175918367347094,-0.04083150055955809,0.6438944489795944,-0.028073469387756234,-0.0006000000000021544,0.08137826220612232,0.07000000000000028,-0.14899999999999736
32.4,TAKEOFF,COOLING_DEGRADATION,0.813,6744.47,80.1,618.34,5.448,69.66,22.007,25.817,1.706,24.558,18.739,6757.100657538613,80.0569382857143,625.5259591836735,5.456282914843124,68.49616277551021,21.96623673469388,25.808,1.6857900657538614,24.6,18.560000000000002,-12.630657538612468,0.04306171428569883,-7.1859591836735035,-0.008282914843123379,1.1638372244897823,0.040763265306122065,0.009000000000000341,0.020209934246138594,-0.04200000000000159,0.1789999999999985
32.5,TAKEOFF,COOLING_DEGRADATION,0.817,6742.3,81.07,617.82,5.477,69.45,22.031,25.884,1.735,24.571,18.725,6757.9839150095995,80.055655,625.566,5.456772162416533,68.49062,21.970399999999998,25.8084,1.68595839150096,24.6,18.563000000000002,-15.683915009599332,1.0143449999999916,-7.745999999999981,0.02022783758346769,0.9593799999999959,0.060600000000000875,0.07560000000000144,0.04904160849904016,-0.028999999999999915,0.16199999999999903
32.6,TAKEOFF,COOLING_DEGRADATION,0.82,6738.2,81.58,619.17,5.495,68.83,21.998,25.759,1.694,24.616,18.717,6758.385886669911,80.05738571428572,625.6010408163266,5.456978780173586,68.4904712244898,21.972763265306124,25.8086,1.6860785886669911,24.6,18.564500000000002,-20.18588666991127,1.5226142857142833,-6.431040816326686,0.03802121982641449,0.3395287755102032,0.025236734693876883,-0.04959999999999809,0.007921411333008832,0.015999999999998238,0.1524999999999963
32.7,TAKEOFF,COOLING_DEGRADATION,0.823,6743.03,80.1,618.07,5.431,68.89,21.969,25.86,1.633,24.672,18.562,6759.26910553053,80.05610242857142,625.641081632653,5.457468020148051,68.4849284489796,21.976926530612246,25.809,1.686246910553053,24.6,18.567500000000003,-16.23910553053065,0.0438975714285732,-7.571081632652977,-0.02646802014805072,0.4050715510203986,-0.00792653061224513,0.05099999999999838,-0.053246910553053084,0.07199999999999918,-0.005500000000001393
32.8,TAKEOFF,COOLING_DEGRADATION,0.827,6742.84,80.47,619.03,5.477,69.53,22.019,25.725,1.754,24.592,18.538,6760.152302262857,80.05741914285714,625.6811224489796,5.457919401741513,68.48498567346938,21.981089795918365,25.8094,1.6864152302262858,24.6,18.5705,-17.312302262856974,0.4125808571428564,-6.651122448979663,0.019080598258486958,1.0450143265306195,0.03791020408163348,-0.0843999999999987,0.06758476977371419,-0.008000000000002672,-0.03249999999999886
32.9,TAKEOFF,COOLING_DEGRADATION,0.83,6738.8,81.1,619.12,5.484,69.2,22.079,25.817,1.718,24.549,18.714,6760.598637630695,80.05506414285713,625.7141224489797,5.458186447213782,68.4792556734694,21.983289795918367,25.8096,1.6865398637630695,24.6,18.572000000000003,-21.79863763069443,1.0449358571428604,-6.594122448979647,0.025813552786217997,0.7207443265306068,0.09571020408163378,0.007400000000000517,0.03146013623693045,-0.05100000000000193,0.1419999999999959
33.0,TAKEOFF,COOLING_DEGRADATION,0.833,6754.51,80.61,617.34,5.507,68.81,21.943,25.797,1.675,24.61,18.609,6761.446880084081,80.05703985714284,625.782163265306,5.4586222257507115,68.47897689795919,21.987853061224488,25.81,1.6867846880084083,24.6,18.575000000000003,-6.936880084081167,0.5529601428571596,-8.442163265306021,0.04837777424928813,0.33102310204081675,-0.04485306122448662,-0.012999999999998124,-0.011784688008408262,0.00999999999999801,0.03399999999999892
33.1,TAKEOFF,COOLING_DEGRADATION,0.837,6742.41,80.75,619.24,5.476,69.34,21.912,25.745,1.661,24.652,18.549,6762.330017430466,80.05575657142856,625.8222040816325,5.459111451146886,68.47343412244898,21.992016326530614,25.8104,1.6869530017430465,24.6,18.578,-19.920017430466032,0.6942434285714398,-6.58220408163254,0.01688854885311386,0.8665658775510252,-0.08001632653061463,-0.06540000000000035,-0.02595300174304649,0.0519999999999996,-0.028999999999999915
33.2,TAKEOFF,COOLING_DEGRADATION,0.84,6753.73,81.5,620.51,5.425,69.24,21.913,25.794,1.648,24.523,18.438,6762.731902171674,80.05748728571427,625.8572448979592,5.459318031997324,68.47328534693878,21.994379591836736,25.8106,1.6870731902171676,24.6,18.5795,-9.001902171674374,1.4425127142857264,-5.347244897959172,-0.03431803199732375,0.7667146530612143,-0.08137959183673615,-0.016600000000000392,-0.03907319021716771,-0.07700000000000173,-0.14150000000000063
33.3,TAKEOFF,COOLING_DEGRADATION,0.843,6739.2,80.67,620.53,5.467,69.15,22.035,25.846,1.733,24.637,18.732,6763.6150009097155,80.05620400000001,625.8972857142857,5.459807249793096,68.46774257142857,21.99854285714286,25.811,1.6872415000909717,24.6,18.5825,-24.415000909715673,0.6137959999999936,-5.367285714285686,0.007192750206903575,0.6822574285714325,0.03645714285714163,0.03500000000000014,0.04575849990902836,0.036999999999999034,0.14949999999999974
33.4,TAKEOFF,COOLING_DEGRADATION,0.847,6750.61,80.03,620.58,5.485,69.61,22.141,25.836,1.731,24.632,18.557,6764.49807752057,80.05752071428572,625.9373265306123,5.4602585848703775,68.46779979591837,22.002706122448977,25.8114,1.687409807752057,24.6,18.5855,-13.888077520570732,-0.02752071428571412,-5.357326530612227,0.0247414151296228,1.1422002040816324,0.13829387755102118,0.02459999999999951,0.04359019224794314,0.03200000000000003,-0.02850000000000108
33.5,TAKEOFF,COOLING_DEGRADATION,0.85,6750.89,80.49,618.19,5.426,69.14,22.104,25.877,1.789,24.612,18.737,6764.9443559764895,80.05516571428574,625.9703265306123,5.460525633801998,68.46206979591838,22.004906122448975,25.8116,1.687534435597649,24.6,18.587,-14.054355976489205,0.43483428571425975,-7.7803265306122285,-0.03452563380199791,0.6779302040816191,0.09909387755102372,0.06540000000000035,0.101465564402351,0.011999999999996902,0.14999999999999858
33.6,TAKEOFF,COOLING_DEGRADATION,0.853,6762.38,80.23,621.26,5.473,68.56,21.988,25.738,1.711,24.599,18.49,6765.8274000724905,80.05648242857144,626.0103673469388,5.460976957180124,68.46212702040816,22.0090693877551,25.812,1.687702740007249,24.6,18.589999999999996,-3.4474000724903817,0.17351757142856172,-4.750367346938788,0.012023042819875762,0.09787297959184116,-0.021069387755101587,-0.07400000000000162,0.023297259992751007,-0.0010000000000012221,-0.09999999999999787
33.7,TAKEOFF,COOLING_DEGRADATION,0.857,6758.14,80.26,617.08,5.413,69.29,22.048,25.72,1.692,24.585,18.662,6766.710422041797,80.05519914285716,626.0504081632653,5.46146616271691,68.45658424489795,22.013232653061223,25.8124,1.6878710422041796,24.6,18.593,-8.570422041796519,0.20480085714284257,-8.970408163265233,-0.04846616271690962,0.8334157551020525,0.034767346938775034,-0.09240000000000137,0.004128957795820343,-0.015000000000000568,0.06899999999999906
33.8,TAKEOFF,COOLING_DEGRADATION,0.86,6753.37,80.85,621.02,5.528,69.81,22.073,25.78,1.643,24.539,18.632,6767.112222124801,80.05692985714286,626.0854489795918,5.461672707684393,68.45643546938776,22.01559591836735,25.8126,1.6879912222124802,24.6,18.5945,-13.742222124800719,0.7930701428571325,-5.0654489795917925,0.06632729231560663,1.3535645306122461,0.05740408163265087,-0.03259999999999863,-0.0449912222124802,-0.06099999999999994,0.03750000000000142
33.9,TAKEOFF,COOLING_DEGRADATION,0.863,6758.44,80.69,617.97,5.432,69.44,22.073,25.804,1.626,24.662,18.674,6767.995205487673,80.05564657142858,626.1254897959184,5.462161905619336,68.45089269387756,22.019759183673468,25.813,1.6881595205487674,24.6,18.597500000000004,-9.555205487673447,0.6343534285714156,-8.155489795918356,-0.030161905619335627,0.9891073061224347,0.053240816326532325,-0.009000000000000341,-0.0621595205487675,0.06199999999999761,0.0764999999999958
34.0,TAKEOFF,COOLING_DEGRADATION,0.867,6751.84,81.21,618.29,5.493,69.73,22.021,25.848,1.639,24.703,18.48,6768.878166724408,80.05696328571429,626.165530612245,5.462613196306174,68.45094991836734,22.023922448979594,25.8134,1.688327816672441,24.6,18.6005,-17.038166724408256,1.1530367142857045,-7.875530612245029,0.03038680369382618,1.2790500816326613,-0.0029224489795929287,0.03459999999999752,-0.049327816672440905,0.10299999999999798,-0.12049999999999983
34.1,TAKEOFF,COOLING_DEGRADATION,0.87,6756.59,80.54,620.4,5.476,69.51,21.994,25.872,1.711,24.538,18.572,6769.324390756572,80.05460828571428,626.1985306122449,5.4628802500147104,68.44521991836736,22.026122448979596,25.8136,1.6884524390756572,24.6,18.602,-12.734390756571884,0.4853917142857256,-5.798530612244917,0.01311974998528953,1.064780081632648,-0.03212244897959593,0.0583999999999989,0.022547560924342847,-0.062000000000001165,-0.030000000000001137
34.2,TAKEOFF,COOLING_DEGRADATION,0.873,6760.03,79.77,621.32,5.483,69.44,22.115,25.803,1.808,24.532,18.508,6770.172350304,80.056584,626.2665714285714,5.463315915132764,68.44494114285715,22.030685714285713,25.814,1.6886972350304,24.6,18.605,-10.142350304000502,-0.28658400000000483,-4.94657142857136,0.019684084867235718,0.9950588571428511,0.08431428571428512,-0.010999999999999233,0.11930276496960013,-0.06800000000000139,-0.09700000000000131
34.3,TAKEOFF,COOLING_DEGRADATION,0.877,6761.5,81.38,620.5,5.432,69.1,22.106,25.854,1.712,24.634,18.718,6771.055252160784,80.0553007142857,626.3066122448979,5.463805098483306,68.43939836734694,22.034848979591835,25.8144,1.6888655252160785,24.6,18.608,-9.555252160784221,1.3246992857142885,-5.806612244897906,-0.03180509848330537,0.660601632653055,0.07115102040816623,0.03960000000000008,0.0231344747839215,0.03399999999999892,0.10999999999999943
34.4,TAKEOFF,COOLING_DEGRADATION,0.88,6761.28,80.68,619.82,5.517,69.36,22.092,25.762,1.66,24.584,18.653,6771.456965334563,80.05703142857145,626.3416530612245,5.464011606543133,68.43924959183674,22.037212244897958,25.8146,1.6889856965334564,24.6,18.6095,-10.176965334563647,0.622968571428558,-6.52165306122447,0.05298839345686712,0.9207504081632578,0.05478775510204059,-0.052599999999998204,-0.028985696533456506,-0.01600000000000179,0.043499999999998096
34.5,TAKEOFF,COOLING_DEGRADATION,0.883,6757.63,80.76,623.79,5.476,69.37,22.155,25.839,1.602,24.607,18.487,6772.339828586939,80.05574814285714,626.381693877551,5.464500782290375,68.43370681632653,22.041375510204084,25.815,1.6891539828586941,24.6,18.612499999999997,-14.709828586938784,0.7042518571428644,-2.5916938775510516,0.011499217709625142,0.9362931836734703,0.11362448979591733,0.023999999999997357,-0.08715398285869402,0.006999999999997897,-0.12549999999999883
34.6,TAKEOFF,COOLING_DEGRADATION,0.887,6757.44,80.64,622.2,5.478,69.14,21.947,25.85,1.697,24.689,18.576,6773.222669714286,80.05706485714286,626.4217346938776,5.46495202645915,68.43376404081633,22.045538775510202,25.8154,1.6893222669714287,24.6,18.615499999999997,-15.782669714286385,0.5829351428571385,-4.221734693877579,0.013047973540849966,0.7062359591836724,-0.09853877551020318,0.034600000000001074,0.007677733028571332,0.08899999999999864,-0.03949999999999676
34.7,TAKEOFF,COOLING_DEGRADATION,0.89,6762.94,81.01,620.64,5.468,69.1,22.085,25.734,1.701,24.535,18.554,6773.66883684,80.05470985714287,626.4547346938776,5.465219083618695,68.42803404081633,22.047738775510208,25.8156,1.689446883684,24.6,18.617,-10.72883684000044,0.9552901428571374,-5.814734693877654,0.002780916381304621,0.671965959183666,0.037261224489792966,-0.08159999999999812,0.01155311631600009,-0.06500000000000128,-0.06300000000000239
34.8,TAKEOFF,COOLING_DEGRADATION,0.893,6761.49,80.32,621.95,5.427,69.4,21.873,25.786,1.7,24.618,18.553,6774.551645455673,80.05602657142857,626.494775510204,5.465670316087519,68.42809126530614,22.051902040816323,25.816,1.6896151645455673,24.6,18.619999999999997,-13.061645455672988,0.26397342857141837,-4.544775510203976,-0.038670316087519474,0.9719087346938693,-0.17890204081632177,-0.029999999999997584,0.010384835454432695,0.01799999999999713,-0.06699999999999662
34.9,TAKEOFF,COOLING_DEGRADATION,0.897,6758.44,80.74,622.45,5.519,69.35,22.163,25.808,1.775,24.581,18.491,6775.434431946807,80.0547432857143,626.5348163265305,5.466159479569836,68.42254848979591,22.05606530612245,25.8164,1.6897834431946808,24.6,18.622999999999998,-16.99443194680771,0.6852567142856998,-4.084816326530472,0.05284052043016452,0.9274515102040795,0.10693469387755172,-0.00840000000000174,0.08521655680531914,-0.019000000000001904,-0.1319999999999979
35.0,TAKEOFF,COOLING_DEGRADATION,0.9,6761.99,81.37,623.06,5.513,69.18,21.958,25.844,1.702,24.641,18.72,6775.836060471771,80.056474,626.5698571428571,5.466365951745557,68.42239971428572,22.05842857142857,25.8166,1.6899036060471773,24.6,18.624499999999998,-13.846060471771125,1.3135260000000102,-3.509857142857186,0.04663404825444317,0.7576002857142896,-0.10042857142857287,0.02740000000000009,0.012096393952822693,0.04099999999999682,0.09550000000000125
35.1,TAKEOFF,COOLING_DEGRADATION,0.903,6764.41,81.15,619.07,5.522,69.35,21.893,25.794,1.657,24.557,18.552,6776.71880836041,80.05519071428571,626.6098979591835,5.466855107623134,68.41685693877552,22.062591836734693,25.817,1.690071880836041,24.6,18.627499999999998,-12.308808360409785,1.094809285714291,-7.539897959183463,0.05514489237686604,0.9331430612244702,-0.1695918367346927,-0.022999999999999687,-0.03307188083604107,-0.043000000000002814,-0.07549999999999812
35.2,TAKEOFF,COOLING_DEGRADATION,0.907,6766.96,81.2,619.69,5.466,68.89,22.146,25.776,1.663,24.647,18.532,6777.601534125062,80.05650742857142,626.6499387755103,5.467306307399486,68.4169141632653,22.066755102040815,25.8174,1.6902401534125064,24.6,18.6305,-10.641534125062208,1.143492571428581,-6.959938775510295,-0.0013063073994858954,0.47308583673469684,0.07924489795918532,-0.04139999999999944,-0.027240153412506407,0.046999999999997044,-0.09850000000000136
35.3,TAKEOFF,COOLING_DEGRADATION,0.91,6761.97,80.93,622.42,5.463,68.86,22.128,25.829,1.68,24.667,18.529,6778.047646832327,80.05415242857141,626.6829387755103,5.467573369327916,68.41118416326532,22.068955102040814,25.8176,1.690364764683233,24.6,18.631999999999998,-16.077646832326536,0.8758475714285936,-4.2629387755102925,-0.004573369327915522,0.4488158367346813,0.059044897959186216,0.011400000000001853,-0.010364764683232996,0.06700000000000017,-0.10299999999999798
35.4,TAKEOFF,COOLING_DEGRADATION,0.913,6770.0,81.19,621.81,5.457,69.76,22.103,25.794,1.601,24.58,18.578,6778.895323503837,80.05612814285713,626.7509795918368,5.468008921022509,68.41090538775511,22.073518367346942,25.818,1.6906095323503838,24.6,18.634999999999998,-8.895323503837062,1.1338718571428643,-4.940979591836822,-0.011008921022509277,1.3490946122448975,0.029481632653059364,-0.02400000000000091,-0.08960953235038382,-0.020000000000003126,-0.05699999999999861
35.5,TAKEOFF,COOLING_DEGRADATION,0.917,6760.8,81.15,622.77,5.504,68.97,22.039,25.856,1.726,24.642,18.516,6779.777989894531,80.05484485714284,626.7910204081633,5.4684980623095765,68.4053626122449,22.07768163265306,25.8184,1.690777798989453,24.6,18.637999999999998,-18.977989894530765,1.0951551428571662,-4.021020408163281,0.03550193769042309,0.5646373877550985,-0.03868163265305924,0.03760000000000119,0.03522220101054696,0.04199999999999804,-0.12199999999999989
35.6,TAKEOFF,COOLING_DEGRADATION,0.92,6770.1,80.18,623.03,5.45,69.6,22.165,25.89,1.665,24.512,18.675,6780.179531520149,80.05657557142857,626.8260612244899,5.468704497576599,68.4052138367347,22.080044897959187,25.8186,1.690897953152015,24.6,18.6395,-10.079531520148521,0.12342442857143965,-3.796061224489904,-0.01870449757659909,1.1947861632652916,0.08495510204081214,0.07140000000000057,-0.02589795315201493,-0.08800000000000097,0.03549999999999898
35.7,TAKEOFF,COOLING_DEGRADATION,0.923,6769.16,80.41,618.64,5.528,69.2,22.024,25.786,1.697,24.593,18.546,6781.062159310369,80.05529228571427,626.8661020408164,5.469193631257468,68.3996710612245,22.084208163265306,25.819,1.6910662159310368,24.6,18.6425,-11.902159310368916,0.35470771428572334,-8.226102040816386,0.05880636874253131,0.8003289387755075,-0.06020816326530465,-0.0329999999999977,0.005933784068963277,-0.0070000000000014495,-0.09649999999999892
35.8,TAKEOFF,COOLING_DEGRADATION,0.927,6772.75,80.23,620.66,5.464,68.9,22.083,25.871,1.715,24.509,18.422,6781.944764977714,80.056609,626.9061428571429,5.469644784513876,68.39972828571429,22.08837142857143,25.8194,1.6912344764977716,24.6,18.6455,-9.19476497771393,0.1733910000000094,-6.2461428571429,-0.0056447845138754005,0.5002717142857165,-0.005371428571432801,0.05159999999999698,0.02376552350222849,-0.09100000000000108,-0.2234999999999978
35.9,TAKEOFF,COOLING_DEGRADATION,0.93,6762.82,80.51,620.08,5.456,69.34,21.995,25.82,1.687,24.607,18.635,6782.3908207839995,80.054254,626.9391428571429,5.469911849884975,68.39399828571429,22.09057142857143,25.8196,1.6913590820784001,24.6,18.647,-19.570820783999807,0.45574600000000487,-6.859142857142842,-0.013911849884974181,0.946001714285714,-0.09557142857142864,0.00039999999999906777,-0.004359082078400078,0.006999999999997897,-0.011999999999996902
36.0,TAKEOFF,COOLING_DEGRADATION,0.933,6766.98,80.86,623.23,5.495,69.23,22.01,25.82,1.733,24.514,18.609,6783.273393942857,80.05557071428572,626.9791836734694,5.4703629914406395,68.39405551020408,22.094734693877548,25.82,1.691527339394286,24.6,18.65,-16.29339394285762,0.8044292857142779,-3.7491836734693607,0.024637008559360574,0.8359444897959207,-0.08473469387754662,0.0,0.041472660605714085,-0.08600000000000207,-0.04099999999999682
36.1,TAKEOFF,COOLING_DEGRADATION,0.937,6778.83,81.1,621.84,5.448,69.08,22.03,25.882,1.676,24.579,18.546,6784.155944979331,80.05428742857144,627.019224489796,5.470852112850644,68.38851273469388,22.098897959183677,25.8204,1.6916955944979333,24.6,18.653,-5.325944979331325,1.0457125714285525,-5.179224489795956,-0.022852112850643813,0.6914872653061224,-0.06889795918367625,0.0616000000000021,-0.01569559449793334,-0.021000000000000796,-0.10699999999999932
36.2,TAKEOFF,COOLING_DEGRADATION,0.94,6771.33,81.15,622.72,5.472,68.92,22.223,25.742,1.756,24.618,18.77,6784.557401965519,80.05601814285716,627.0542653061225,5.471058512232409,68.38836395918368,22.101261224489797,25.8206,1.691815740196552,24.6,18.6545,-13.227401965518766,1.0939818571428503,-4.334265306122461,0.000941487767591731,0.5316360408163234,0.1217387755102024,-0.078599999999998,0.06418425980344811,0.01799999999999713,0.11550000000000082
36.3,TAKEOFF,COOLING_DEGRADATION,0.943,6771.56,80.81,621.31,5.453,69.64,21.983,25.837,1.692,24.67,18.778,6785.43991440343,80.05473485714286,627.0943061224489,5.471547626034779,68.38282118367347,22.10542448979592,25.821,1.6919839914403432,24.6,18.6575,-13.879914403429211,0.7552651428571409,-5.784306122448925,-0.018547626034778553,1.2571788163265296,-0.12242448979591813,0.015999999999998238,1.6008559656777166e-05,0.07000000000000028,0.12049999999999983
36.4,TAKEOFF,COOLING_DEGRADATION,0.947,6776.91,82.01,619.15,5.514,69.4,22.261,25.842,1.697,24.551,18.755,6786.32240471951,80.05605157142858,627.1343469387755,5.471998734896788,68.38287840816326,22.109587755102037,25.8214,1.6921522404719513,24.6,18.6605,-9.41240471951005,1.9539484285714224,-7.984346938775502,0.042001265103212226,1.017121591836741,0.151412244897962,0.020599999999998175,0.004847759528048723,-0.04900000000000304,0.09450000000000003
36.5,TAKEOFF,COOLING_DEGRADATION,0.95,6770.3,80.3,621.61,5.456,69.68,22.217,25.8,1.764,24.592,18.741,6786.768406112654,80.05369657142857,627.1673469387755,5.472265805028741,68.37714840816327,22.11178775510204,25.8216,1.6922768406112654,24.6,18.662,-16.46840611265361,0.24630342857142296,-5.557346938775481,-0.01626580502874031,1.3028515918367418,0.10521224489795955,-0.021599999999999397,0.07172315938873464,-0.008000000000002672,0.07900000000000063
36.6,TAKEOFF,COOLING_DEGRADATION,0.953,6778.6,81.94,620.32,5.459,69.65,22.395,25.772,1.725,24.669,18.776,6787.615799938287,80.05567228571428,627.235387755102,5.47270124329529,68.37686963265307,22.116351020408164,25.822,1.6925215799938287,24.6,18.665,-9.015799938286364,1.8843277142857175,-6.9153877551019605,-0.013701243295290766,1.273130367346937,0.27864897959183565,-0.05000000000000071,0.032478420006171405,0.06899999999999906,0.11100000000000065
36.7,TAKEOFF,COOLING_DEGRADATION,0.957,6771.92,80.49,622.61,5.502,69.57,22.083,25.795,1.751,24.649,18.642,6788.4982308864,80.05438900000001,627.2754285714286,5.4731903425010415,68.37132685714286,22.12051428571429,25.822400000000002,1.69268982308864,24.6,18.668,-16.57823088639998,0.4356109999999802,-4.665428571428606,0.028809657498958252,1.1986731428571318,-0.03751428571429116,-0.02740000000000009,0.05831017691135987,0.04899999999999949,-0.0259999999999998
36.8,TAKEOFF,COOLING_DEGRADATION,0.96,6785.26,80.27,622.79,5.519,69.3,22.051,25.853,1.687,24.638,18.409,6788.899600983119,80.05611971428571,627.310469387755,5.473396704973068,68.37117808163265,22.122877551020412,25.8226,1.692809960098312,24.6,18.6695,-3.6396009831187257,0.21388028571428208,-4.520469387755043,0.0456032950269325,0.9288219183673476,-0.07187755102041393,0.030400000000000205,-0.005809960098311917,0.038000000000000256,-0.2605000000000004
36.9,TAKEOFF,COOLING_DEGRADATION,0.963,6777.24,82.49,621.22,5.459,69.69,22.096,25.698,1.552,24.569,18.55,6789.781993334695,80.05483642857143,627.3505102040816,5.473885796569726,68.36563530612246,22.12704081632653,25.823,1.6929781993334696,24.6,18.6725,-12.54199333469478,2.4351635714285607,-6.130510204081588,-0.014885796569726217,1.3243646938775413,-0.031040816326530773,-0.125,-0.14097819933346956,-0.03100000000000236,-0.12249999999999872
37.0,TAKEOFF,COOLING_DEGRADATION,0.967,6781.25,81.34,620.94,5.478,69.28,22.052,25.77,1.684,24.696,18.678,6790.664363565552,80.05615314285714,627.3905510204082,5.474336858909911,68.36569253061224,22.131204081632653,25.8234,1.6931464363565552,24.6,18.6755,-9.414363565551866,1.283846857142862,-6.45055102040817,0.003663141090088473,0.9143074693877651,-0.07920408163265336,-0.05339999999999989,-0.00914643635655521,0.09600000000000009,0.002500000000001279
37.1,TAKEOFF,COOLING_DEGRADATION,0.97,6767.48,80.69,621.9,5.446,69.26,22.185,25.853,1.625,24.535,18.594,6791.065689881731,80.05528385714287,627.4255918367347,5.474581231533885,68.35994375510204,22.133567346938776,25.8236,1.693266568988173,24.6,18.677,-23.585689881731014,0.6347161428571297,-5.525591836734748,-0.028581231533885365,0.9000562448979679,0.05143265306122302,0.029400000000002535,-0.06826656898817296,-0.06500000000000128,-0.08299999999999841
37.2,TAKEOFF,COOLING_DEGRADATION,0.973,6761.03,81.05,623.04,5.5,68.71,22.173,25.657,1.743,24.64,18.807,6791.992645788735,80.05511485714287,627.4635918367347,5.475054983114841,68.36001975510204,22.137567346938777,25.824,1.6934392645788736,24.6,18.68,-30.962645788735244,0.9948851428571288,-4.423591836734772,0.02494501688515882,0.34998024489794943,0.03543265306122123,-0.1670000000000016,0.04956073542112649,0.03999999999999915,0.1269999999999989
37.3,TAKEOFF,COOLING_DEGRADATION,0.977,6784.77,80.45,625.23,5.449,68.64,22.234,25.844,1.62,24.622,18.726,6792.874961394057,80.05383157142857,627.5036326530612,5.475544062434697,68.35447697959184,22.141730612244896,25.8244,1.6936074961394056,24.6,18.683,-8.104961394056772,0.3961684285714284,-2.273632653061213,-0.02654406243469687,0.2855230204081636,0.09226938775510618,0.019600000000000506,-0.07360749613940554,0.021999999999998465,0.04299999999999926
37.4,TAKEOFF,COOLING_DEGRADATION,0.98,6775.68,80.66,622.05,5.461,69.13,22.326,25.817,1.655,24.673,18.742,6793.276246860735,80.05556228571429,627.5386734693877,5.475750389020316,68.35432820408164,22.14409387755102,25.8246,1.6937276246860735,24.6,18.6845,-17.596246860734936,0.6044377142857087,-5.488673469387777,-0.01475038902031578,0.7756717959183561,0.1819061224489822,-0.007600000000000051,-0.03872762468607349,0.07299999999999685,0.057500000000000995
37.5,TAKEOFF,COOLING_DEGRADATION,0.983,6782.24,80.22,622.12,5.475,69.15,22.12,25.892,1.7,24.559,18.623,6794.158523871429,80.054279,627.5787142857142,5.476239460729641,68.34878542857143,22.14825714285714,25.825,1.6938958523871428,24.6,18.6875,-11.918523871428988,0.1657210000000049,-5.458714285714223,-0.0012394607296410953,0.8012145714285737,-0.028257142857139428,0.06700000000000017,0.006104147612857158,-0.04100000000000037,-0.06449999999999889
37.6,TAKEOFF,COOLING_DEGRADATION,0.987,6782.79,80.87,623.02,5.481,68.76,22.082,25.779,1.684,24.57,18.684,6795.04077876245,80.05559571428572,627.6187551020408,5.4766904786734525,68.34884265306123,22.152420408163266,25.8254,1.694064077876245,24.6,18.6905,-12.250778762449954,0.8144042857142892,-4.598755102040855,0.004309521326547383,0.41115734693877926,-0.07042040816326534,-0.04639999999999844,-0.010064077876245081,-0.030000000000001137,-0.006499999999999062
37.7,TAKEOFF,COOLING_DEGRADATION,0.99,6783.35,81.67,621.41,5.464,69.57,22.375,25.874,1.659,24.593,18.543,6795.442020451004,80.05472642857141,627.6537959183673,5.476934839918444,68.34309387755103,22.15478367346939,25.8256,1.6941842020451006,24.6,18.692,-12.092020451003918,1.6152735714285882,-6.243795918367368,-0.012934839918443686,1.2269061224489661,0.22021632653061118,0.048399999999997334,-0.03518420204510053,-0.0070000000000014495,-0.1490000000000009
37.8,TAKEOFF,COOLING_DEGRADATION,0.993,6784.15,80.93,623.3,5.47,69.28,22.313,25.842,1.629,24.596,18.756,6796.333779862041,80.05521642857143,627.7197959183673,5.477392881826484,68.34283387755103,22.159183673469382,25.826,1.6944333779862042,24.6,18.695,-12.183779862041774,0.8747835714285799,-4.419795918367299,-0.007392881826484121,0.9371661224489714,0.15381632653061672,0.015999999999998238,-0.06543337798620419,-0.004000000000001336,0.06099999999999994
37.9,TAKEOFF,COOLING_DEGRADATION,0.997,6777.74,81.49,620.99,5.496,69.59,22.156,25.876,1.758,24.706,18.761,6797.215975391085,80.05393314285715,627.7598367346939,5.477881938933086,68.33729110204082,22.16334693877551,25.8264,1.6946015975391087,24.6,18.698,-19.47597539108483,1.4360668571428477,-6.769836734693854,0.018118061066914493,1.252708897959181,-0.007346938775512513,0.04960000000000164,0.06339840246089135,0.1059999999999981,0.06299999999999883
38.0,TAKEOFF,COOLING_DEGRADATION,1.0,6793.94,81.3,622.49,5.489,68.72,22.256,25.834,1.754,24.546,18.61,6797.617173978172,80.05566385714285,627.7948775510204,5.478088228607925,68.33714232653061,22.16571020408163,25.8266,1.6947217173978173,24.6,18.6995,-3.6771739781725046,1.2443361428571507,-5.304877551020354,0.010911771392074776,0.38285767346938826,0.09028979591836972,0.007400000000000517,0.05927828260218271,-0.054000000000002046,-0.08950000000000102
38.1,TAKEOFF,COOLING_DEGRADATION,1.0,6779.98,81.97,623.64,5.503,69.04,22.268,25.843,1.685,24.581,18.755,6798.499330914613,80.05438057142857,627.8349183673469,5.478577278102538,68.33159955102042,22.169873469387753,25.826999999999998,1.6948899330914613,24.6,18.7025,-18.51933091461342,1.915619428571432,-4.194918367346872,0.024422721897462196,0.7084004489795888,0.09812653061224808,0.01600000000000179,-0.009889933091461245,-0.019000000000001904,0.05249999999999844
38.2,TAKEOFF,COOLING_DEGRADATION,1.0,6778.85,80.79,621.74,5.484,69.86,22.167,25.78,1.618,24.59,18.623,6799.38146573249,80.05569728571429,627.8749591836736,5.4790282495226466,68.3316567755102,22.17403673469388,25.8274,1.695058146573249,24.6,18.7055,-20.531465732489778,0.7343027142857181,-6.134959183673573,0.0049717504773534316,1.5283432244898023,-0.007036734693876667,-0.047399999999999665,-0.07705814657324894,-0.010000000000001563,-0.08249999999999957
38.3,TAKEOFF,COOLING_DEGRADATION,1.0,6786.58,80.93,623.18,5.466,69.73,22.316,25.856,1.671,24.614,18.894,6799.782620544001,80.054828,627.91,5.479272598164233,68.325908,22.1764,25.8276,1.6951782620544003,24.6,18.707,-13.202620544000638,0.8751720000000063,-4.730000000000018,-0.01327259816423254,1.4040920000000057,0.13959999999999795,0.028400000000001313,-0.024178262054400212,0.013999999999999346,0.1869999999999976
38.4,TAKEOFF,COOLING_DEGRADATION,1.0,6793.6,81.32,622.35,5.501,69.4,22.339,25.782,1.794,24.651,18.649,6800.709401247999,80.054659,627.948,5.479746290985519,68.325984,22.180400000000002,25.828,1.6953509401248001,24.6,18.71,-7.109401247998903,1.2653409999999923,-5.597999999999956,0.021253709014481537,1.0740160000000003,0.1585999999999963,-0.045999999999999375,0.0986490598751999,0.05099999999999838,-0.06099999999999994
38.5,TAKEOFF,COOLING_DEGRADATION,1.0,6789.39,80.46,622.24,5.502,70.29,22.223,25.906,1.681,24.575,18.643,6801.591481445682,80.0533757142857,627.9880408163266,5.480235328197395,68.3204412244898,22.18456326530612,25.8284,1.6955191481445684,24.6,18.713,-12.201481445681566,0.40662428571428677,-5.748040816326579,0.021764671802604774,1.9695587755102082,0.038436734693878094,0.07760000000000034,-0.014519148144568339,-0.02500000000000213,-0.07000000000000028
38.6,TAKEOFF,COOLING_DEGRADATION,1.0,6790.02,80.86,622.07,5.5,69.65,22.338,25.739,1.747,24.604,18.856,6801.992595412115,80.05510642857142,628.0230816326531,5.480441581984678,68.3202924489796,22.18692653061225,25.8286,1.6956392595412118,24.6,18.7145,-11.97259541211497,0.804893571428579,-5.9530816326530385,0.019558418015321877,1.3297075510204053,0.15107346938775024,-0.08960000000000079,0.051360740458788356,0.003999999999997783,0.14150000000000063
38.7,TAKEOFF,COOLING_DEGRADATION,1.0,6781.87,80.94,620.31,5.455,69.53,22.168,25.832,1.792,24.62,18.781,6802.874637019101,80.05382314285714,628.0631224489796,5.4809306115831244,68.3147496734694,22.191089795918366,25.829,1.69580746370191,24.6,18.7175,-21.00463701910121,0.886176857142857,-7.753122448979639,-0.025930611583124374,1.215250326530608,-0.023089795918366463,0.0030000000000001137,0.09619253629808999,0.019999999999999574,0.06349999999999767
38.8,TAKEOFF,COOLING_DEGRADATION,1.0,6786.87,80.88,625.58,5.425,69.4,22.186,25.886,1.692,24.603,18.775,6803.756656508573,80.05513985714288,628.1031632653062,5.481381538604885,68.31480689795919,22.19525306122449,25.8294,1.6959756656508573,24.6,18.7205,-16.88665650857274,0.8248601428571192,-2.5231632653061524,-0.05638153860488515,1.0851931020408188,-0.009253061224491432,0.05659999999999954,-0.003975665650857385,0.0030000000000001137,0.05449999999999733
38.9,TAKEOFF,COOLING_DEGRADATION,1.0,6784.45,82.06,624.44,5.519,69.97,21.985,25.765,1.727,24.65,18.702,6804.157726701845,80.05427057142857,628.1382040816327,5.481625875859484,68.30905812244899,22.19761632653061,25.8296,1.6960957726701844,24.6,18.722,-19.707726701844877,2.0057294285714278,-3.698204081632639,0.03737412414051633,1.6609418775510107,-0.21261632653061113,-0.06459999999999866,0.03090422732981568,0.04999999999999716,-0.019999999999999574
39.0,TAKEOFF,COOLING_DEGRADATION,1.0,6794.24,80.6,624.21,5.481,69.5,22.336,25.806,1.728,24.609,18.533,6805.049263529796,80.05476057142859,628.2042040816326,5.482083836491505,68.30879812244899,22.20201632653061,25.83,1.6963449263529797,24.6,18.725,-10.809263529796226,0.5452394285714064,-3.9942040816325743,-0.001083836491504897,1.1912018775510091,0.13398367346938755,-0.023999999999997357,0.03165507364702025,0.009000000000000341,-0.19200000000000017
39.1,TAKEOFF,COOLING_DEGRADATION,1.0,6793.85,80.72,621.57,5.454,69.69,22.289,25.936,1.532,24.663,18.743,6805.931223663282,80.05347728571431,628.2442448979592,5.482572851481127,68.30325534693878,22.206179591836737,25.8304,1.6965131223663281,24.6,18.728,-12.08122366328189,0.6665227142856907,-6.67424489795917,-0.028572851481126982,1.3867446530612142,0.08282040816326486,0.10559999999999903,-0.1645131223663281,0.06299999999999883,0.014999999999997016
39.2,TAKEOFF,COOLING_DEGRADATION,1.0,6780.41,81.14,625.21,5.458,69.23,22.117,25.81,1.597,24.643,18.754,6806.33225076,80.05520800000001,628.2792857142857,5.482779068356588,68.30310657142857,22.208542857142856,25.8306,1.696633225076,24.6,18.7295,-25.92225075999977,1.084791999999993,-3.0692857142856838,-0.024779068356587608,0.9268934285714323,-0.09154285714285493,-0.020600000000001728,-0.09963322507599992,0.04299999999999926,0.024499999999999744
39.3,TAKEOFF,COOLING_DEGRADATION,1.0,6789.56,81.34,624.56,5.518,69.97,22.288,25.833,1.733,24.608,18.771,6807.214172304816,80.05392471428573,628.3193265306122,5.483268075731326,68.29756379591838,22.21270612244898,25.831,1.6968014172304815,24.6,18.7325,-17.654172304815802,1.2860752857142757,-3.7593265306122703,0.034731924268673886,1.6724362040816203,0.0752938775510188,0.0019999999999988916,0.036198582769518595,0.007999999999999119,0.03849999999999909
39.4,TAKEOFF,COOLING_DEGRADATION,1.0,6791.89,80.27,624.49,5.526,69.26,22.139,25.875,1.761,24.595,18.743,6808.0960717332255,80.05524142857143,628.3593673469387,5.483718956227506,68.29762102040816,22.2168693877551,25.8314,1.696969607173323,24.6,18.735500000000002,-16.206071733225144,0.21475857142856114,-3.869367346938702,0.04228104377249409,0.9623789795918469,-0.07786938775510066,0.043600000000001415,0.064030392826677,-0.005000000000002558,0.0074999999999967315
39.5,TAKEOFF,COOLING_DEGRADATION,1.0,6800.99,81.28,624.97,5.485,69.33,22.305,25.917,1.693,24.623,18.863,6808.497055059331,80.05437214285715,628.3944081632652,5.483963280870536,68.29187224489796,22.219232653061226,25.8316,1.697089705505933,24.6,18.737,-7.5070550593309235,1.2256278571428538,-3.424408163265184,0.0010367191294644584,1.038127755102039,0.08576734693877341,0.08539999999999992,-0.004089705505933017,0.022999999999999687,0.12600000000000122
39.6,TAKEOFF,COOLING_DEGRADATION,1.0,6795.18,80.99,624.27,5.456,69.79,22.169,25.821,1.68,24.61,18.656,6809.423660575348,80.05420314285715,628.4324081632652,5.484436914928107,68.29194824489797,22.223232653061224,25.832,1.697262366057535,24.6,18.74,-14.243660575347349,0.9357968571428472,-4.1624081632652405,-0.028436914928106738,1.4980517551020398,-0.0542326530612236,-0.010999999999999233,-0.01726236605753506,0.00999999999999801,-0.08399999999999963
39.7,TAKEOFF,COOLING_DEGRADATION,1.0,6787.39,80.58,623.91,5.468,69.86,22.295,25.807,1.761,24.574,18.698,6810.3055053888975,80.05291985714285,628.4724489795918,5.484925910014171,68.28640546938776,22.22739591836735,25.8324,1.6974305505388898,24.6,18.743000000000002,-22.915505388897145,0.5270801428571446,-4.5624489795918635,-0.016925910014171208,1.5735945306122403,0.06760408163265197,-0.0254000000000012,0.0635694494611101,-0.0259999999999998,-0.045000000000001705
39.8,TAKEOFF,COOLING_DEGRADATION,1.0,6797.44,81.79,622.96,5.487,69.7,22.228,25.854,1.64,24.544,18.779,6810.706447874351,80.05465057142857,628.5074897959184,5.485132091000929,68.28625669387756,22.22975918367347,25.8326,1.6975506447874351,24.6,18.744500000000002,-13.266447874351798,1.735349428571439,-5.547489795918409,0.0018679089990714104,1.4137433061224414,-0.0017591836734673905,0.021399999999999864,-0.05755064478743521,-0.05600000000000094,0.034499999999997755
39.9,TAKEOFF,COOLING_DEGRADATION,1.0,6793.45,81.4,624.4,5.458,69.34,22.198,25.754,1.619,24.566,18.676,6811.588254101144,80.05336728571429,628.5475306122449,5.485621078470672,68.28071391836735,22.23392244897959,25.833,1.6977188254101145,24.6,18.747500000000002,-18.138254101144412,1.3466327142857182,-4.147530612244964,-0.027621078470671634,1.0592860816326493,-0.03592244897959063,-0.07899999999999707,-0.07871882541011455,-0.03400000000000247,-0.0715000000000039
40.0,TAKEOFF,COOLING_DEGRADATION,1.0,6805.88,81.33,625.28,5.501,70.13,22.227,25.89,1.665,24.658,18.63,6812.470038212571,80.05468400000001,628.5875714285714,5.486071914566527,68.28077114285715,22.238085714285717,25.8334,1.697887003821257,24.6,18.750500000000002,-6.590038212571017,1.2753159999999895,-3.307571428571464,0.014928085433473015,1.8492288571428475,-0.011085714285716364,0.05659999999999954,-0.03288700382125698,0.05799999999999983,-0.12050000000000338
40.1,TAKEOFF,COOLING_DEGRADATION,1.0,6791.16,81.12,626.01,5.488,69.93,22.18,25.843,1.669,24.553,18.698,6812.870936929829,80.0538147142857,628.6226122448979,5.486316227814569,68.27502236734695,22.24044897959184,25.8336,1.698007093692983,24.6,18.752000000000002,-21.710936929829586,1.0661852857142975,-2.612612244897946,0.0016837721854310317,1.6549776326530576,-0.0604489795918397,0.009399999999999409,-0.029007093692982933,-0.0470000000000006,-0.054000000000002046
40.2,TAKEOFF,COOLING_DEGRADATION,1.0,6793.08,81.0,623.77,5.54,69.6,22.361,25.823,1.579,24.606,18.752,6813.7622511962445,80.05430471428572,628.688612244898,5.486774107165799,68.27476236734695,22.244848979591836,25.834,1.6982562251196245,24.6,18.755000000000003,-20.68225119624458,0.9456952857142795,-4.918612244897986,0.05322589283420065,1.3252376326530424,0.11615102040816438,-0.010999999999999233,-0.11925622511962453,0.006000000000000227,-0.0030000000000036664
40.3,TAKEOFF,COOLING_DEGRADATION,1.0,6807.98,81.72,623.67,5.454,70.29,22.246,25.876,1.747,24.653,18.632,6814.6439759576815,80.05302142857144,628.7286530612246,5.487263080020613,68.26921959183673,22.24901224489796,25.8344,1.698424397595768,24.6,18.758000000000003,-6.6639759576819415,1.666978571428558,-5.058653061224618,-0.03326308002061307,2.020780408163276,-0.003012244897959704,0.041600000000002524,0.04857560240423209,0.05299999999999727,-0.12600000000000122
40.4,TAKEOFF,COOLING_DEGRADATION,1.0,6795.08,80.91,625.34,5.51,69.59,22.106,25.796,1.705,24.665,18.638,6815.044831583298,80.05475214285714,628.763693877551,5.487469224094513,68.26907081632653,22.251375510204085,25.834600000000002,1.6985444831583298,24.6,18.7595,-19.96483158329829,0.8552478571428566,-3.4236938775509316,0.022530775905487133,1.3209291836734707,-0.145375510204083,-0.03860000000000241,0.006455516841670228,0.06499999999999773,-0.1214999999999975
40.5,TAKEOFF,COOLING_DEGRADATION,1.0,6803.81,81.15,621.63,5.49,69.87,22.058,25.804,1.668,24.616,18.725,6815.92651776,80.05346885714286,628.8037346938775,5.487958189331547,68.26352804081633,22.255538775510203,25.835,1.698712651776,24.6,18.7625,-12.116517759999624,1.0965311428571454,-7.1737346938774635,0.0020418106684534365,1.6064719591836791,-0.19753877551020338,-0.03100000000000236,-0.030712651776000133,0.015999999999998238,-0.03749999999999787
40.6,TAKEOFF,COOLING_DEGRADATION,1.0,6801.41,81.57,626.55,5.471,69.92,22.078,25.849,1.593,24.616,18.874,6816.808181822449,80.05478557142857,628.8437755102041,5.4884089788999475,68.26358526530612,22.259702040816325,25.8354,1.698880818182245,24.6,18.7655,-15.39818182244926,1.5152144285714257,-2.2937755102041137,-0.017408978899947414,1.6564147346938825,-0.1817020408163259,0.013600000000000279,-0.10588081818224504,0.015999999999998238,0.10849999999999937
40.7,TAKEOFF,COOLING_DEGRADATION,1.0,6800.76,81.46,625.0,5.466,69.62,22.406,25.881,1.677,24.59,18.656,6817.208993682417,80.0539162857143,628.8788163265306,5.488653279528261,68.25783648979592,22.26206530612245,25.8356,1.6990008993682417,24.6,18.767000000000003,-16.448993682416585,1.4060837142856997,-3.8788163265305684,-0.022653279528261017,1.362163510204084,0.1439346938775472,0.04540000000000077,-0.022000899368241678,-0.010000000000001563,-0.1110000000000042
40.8,TAKEOFF,COOLING_DEGRADATION,1.0,6800.91,80.95,623.88,5.513,70.48,22.264,25.859,1.657,24.557,18.731,6818.13542402547,80.05374728571428,628.9168163265306,5.489126854818064,68.25791248979593,22.266065306122446,25.836,1.699173542402547,24.6,18.77,-17.225424025469692,0.8962527142857226,-5.036816326530584,0.02387314518193584,2.2220875102040765,-0.0020653061224464864,0.02300000000000324,-0.04217354240254689,-0.043000000000002814,-0.038999999999997925
40.9,TAKEOFF,COOLING_DEGRADATION,1.0,6809.07,81.41,622.4,5.48,69.96,22.261,25.808,1.747,24.602,18.705,6819.0170334784,80.05246399999999,628.9568571428572,5.489615807760492,68.25236971428572,22.27022857142857,25.8364,1.69934170334784,24.6,18.772999999999996,-9.947033478400044,1.3575360000000103,-6.556857142857211,-0.009615807760491535,1.7076302857142736,-0.009228571428572252,-0.028400000000001313,0.04765829665216015,0.0019999999999988916,-0.06799999999999784
41.0,TAKEOFF,COOLING_DEGRADATION,1.0,6808.53,80.83,625.59,5.488,70.49,22.288,25.805,1.738,24.658,18.848,6819.417804502139,80.05419471428571,628.9918979591837,5.489821915944541,68.25222093877551,22.27259183673469,25.8366,1.6994617804502141,24.6,18.7745,-10.88780450213926,0.7758052857142843,-3.401897959183657,-0.0018219159445402866,2.2377790612244866,0.015408163265309582,-0.03160000000000096,0.03853821954978587,0.05799999999999983,0.07349999999999923
41.1,TAKEOFF,COOLING_DEGRADATION,1.0,6804.5,81.38,627.03,5.49,69.95,22.424,25.969,1.63,24.658,18.732,6820.299375372245,80.05291142857143,629.0319387755102,5.490310861267753,68.24667816326532,22.27675510204082,25.837,1.6996299375372246,24.6,18.7775,-15.799375372244867,1.3270885714285612,-2.0019387755102116,-0.00031086126775292655,1.7033218367346876,0.1472448979591796,0.13200000000000145,-0.06962993753722468,0.05799999999999983,-0.04550000000000054
41.2,TAKEOFF,COOLING_DEGRADATION,1.0,6805.93,81.79,626.77,5.517,69.68,22.324,25.865,1.666,24.586,18.803,6821.180924129143,80.05422814285714,629.0719795918368,5.490761606433859,68.24673538775511,22.28091836734694,25.8374,1.6997980924129141,24.6,18.780500000000004,-15.250924129142732,1.7357718571428649,-2.301979591836812,0.02623839356614166,1.4332646122448978,0.043081632653063195,0.027599999999999625,-0.033798092412914205,-0.014000000000002899,0.0224999999999973
41.3,TAKEOFF,COOLING_DEGRADATION,1.0,6809.1,80.99,624.84,5.47,70.0,22.456,25.895,1.626,24.606,18.834,6821.58165138965,80.05335885714285,629.1070204081632,5.49100589565918,68.2409866122449,22.28328163265306,25.8376,1.699918165138965,24.6,18.782,-12.481651389649414,0.9366411428571411,-4.267020408163148,-0.021005895659180318,1.759013387755104,0.17271836734693835,0.05740000000000123,-0.0739181651389651,0.006000000000000227,0.0519999999999996
41.4,TAKEOFF,COOLING_DEGRADATION,1.0,6816.38,82.09,622.82,5.481,69.64,22.256,25.867,1.748,24.532,18.759,6822.472743116082,80.05384885714287,629.1730204081632,5.4914636937248495,68.2407266122449,22.287681632653065,25.838,1.7001672743116085,24.6,18.785,-6.092743116081692,2.036151142857136,-6.353020408163161,-0.010463693724849676,1.3992733877551018,-0.031681632653064895,0.028999999999999915,0.047832725688391475,-0.06800000000000139,-0.0259999999999998
41.5,TAKEOFF,COOLING_DEGRADATION,1.0,6797.64,83.02,623.38,5.475,69.41,22.238,25.815,1.756,24.589,18.769,6823.35423252898,80.05256557142859,629.2130612244898,5.491952624427032,68.23518383673469,22.291844897959184,25.8384,1.700335423252898,24.6,18.788,-25.714232528979664,2.9674344285714085,-5.833061224489825,-0.016952624427032603,1.1748161632653051,-0.053844897959184124,-0.023399999999998755,0.05566457674710201,-0.011000000000002785,-0.019000000000001904
41.6,TAKEOFF,COOLING_DEGRADATION,1.0,6814.39,81.3,624.51,5.488,70.32,22.266,25.866,1.626,24.613,18.681,6823.75491670276,80.0542962857143,629.2481020408163,5.492158695697185,68.2350350612245,22.29420816326531,25.8386,1.700455491670276,24.6,18.789500000000004,-9.364916702759729,1.2457037142856962,-4.7381020408163295,-0.004158695697184633,2.0849649387754994,-0.028208163265311725,0.02740000000000009,-0.07445549167027621,0.012999999999998124,-0.10850000000000293
41.7,TAKEOFF,COOLING_DEGRADATION,1.0,6813.14,81.5,623.94,5.521,69.52,22.301,25.811,1.765,24.608,18.809,6824.6363675348575,80.053013,629.2881428571429,5.492647618778692,68.22949228571429,22.298371428571425,25.839,1.7006236367534857,24.6,18.7925,-11.4963675348572,1.446986999999993,-5.348142857142875,0.028352381221307787,1.2905077142857095,0.002628571428573423,-0.027999999999998693,0.06437636324651419,0.007999999999999119,0.016500000000000625
41.8,TAKEOFF,COOLING_DEGRADATION,1.0,6807.34,80.65,625.35,5.493,70.4,22.369,25.87,1.716,24.599,18.828,6825.517796254857,80.05432971428571,629.3281836734694,5.493098317415468,68.22954951020408,22.302534693877554,25.8394,1.7007917796254857,24.6,18.795499999999997,-18.17779625485673,0.5956702857142915,-3.9781836734694025,-9.831741546761918e-05,2.1704504897959254,0.06646530612244561,0.03059999999999974,0.015208220374514303,-0.0010000000000012221,0.032500000000002416
41.9,TAKEOFF,COOLING_DEGRADATION,1.0,6814.59,82.01,622.26,5.474,69.7,22.263,25.86,1.673,24.531,18.796,6825.918436667952,80.05346042857143,629.3632244897959,5.493342594012905,68.22380073469388,22.304897959183673,25.8396,1.7009118436667952,24.6,18.797,-11.328436667951792,1.9565395714285785,-7.1032244897959345,-0.019342594012904613,1.4761992653061213,-0.041897959183671674,0.02039999999999864,-0.02791184366679511,-0.06900000000000261,-0.0010000000000012221
42.0,TAKEOFF,COOLING_DEGRADATION,1.0,6802.88,82.15,623.86,5.495,69.12,22.427,25.823,1.677,24.646,18.473,6826.844691853062,80.05329142857143,629.4012244897959,5.493816110530893,68.22387673469387,22.308897959183675,25.84,1.7010844691853064,24.6,18.8,-23.964691853061595,2.0967085714285787,-5.541224489795923,0.001183889469107413,0.8961232653061302,0.11810204081632492,-0.01699999999999946,-0.02408446918530638,0.045999999999999375,-0.32700000000000173
42.1,TAKEOFF,COOLING_DEGRADATION,1.0,6814.78,81.71,625.55,5.457,69.6,22.15,25.944,1.615,24.602,18.845,6827.726065968881,80.05200814285713,629.4412653061224,5.494305021311863,68.21833395918367,22.313061224489793,25.8404,1.7012526065968883,24.6,18.802999999999997,-12.946065968881157,1.6579918571428607,-3.8912653061224773,-0.03730502131186331,1.3816660408163273,-0.16306122448979465,0.10360000000000014,-0.08625260659688827,0.0019999999999988916,0.04200000000000159
42.2,TAKEOFF,COOLING_DEGRADATION,1.0,6821.83,80.44,625.76,5.444,69.86,22.222,25.845,1.731,24.581,18.84,6828.126665550171,80.05373885714286,629.4763061224489,5.494511056691019,68.21818518367348,22.31542448979592,25.8406,1.701372666555017,24.6,18.8045,-6.296665550171383,0.386261142857137,-3.716306122448941,-0.050511056691019185,1.6418148163265158,-0.09342448979591822,0.004400000000000404,0.02962733344498303,-0.019000000000001904,0.03549999999999898
42.3,TAKEOFF,COOLING_DEGRADATION,1.0,6820.0,80.85,623.72,5.437,69.73,22.353,25.863,1.673,24.584,18.784,6829.0080010871025,80.05245557142858,629.5163469387755,5.4949999598498795,68.21264240816328,22.319587755102038,25.841,1.7015408001087102,24.6,18.807499999999997,-9.008001087102457,0.7975444285714133,-5.796346938775514,-0.05799995984987927,1.5173575918367277,0.03341224489796346,0.021999999999998465,-0.028540800108710185,-0.01600000000000179,-0.023499999999998522
42.4,TAKEOFF,COOLING_DEGRADATION,1.0,6815.3,80.95,623.92,5.505,70.18,22.361,25.79,1.758,24.519,18.861,6829.8893145129805,80.05377228571429,629.556387755102,5.4954506140823876,68.21269963265307,22.32375102040816,25.8414,1.7017089314512983,24.6,18.810499999999998,-14.589314512980309,0.8962277142857147,-5.636387755102078,0.00954938591761234,1.9673003673469367,0.03724897959184048,-0.051400000000001,0.056291068548701695,-0.08100000000000307,0.0505000000000031
42.5,TAKEOFF,COOLING_DEGRADATION,1.0,6823.42,81.91,623.49,5.529,69.35,22.496,25.873,1.647,24.539,18.694,6830.289870336001,80.052903,629.5914285714284,5.495694879268832,68.20695085714286,22.326114285714286,25.8416,1.7018289870336,24.6,18.811999999999998,-6.869870336000531,1.857096999999996,-6.101428571428414,0.03330512073116765,1.1430491428571372,0.1698857142857122,0.03140000000000143,-0.05482898703360006,-0.06099999999999994,-0.11799999999999855
42.6,TAKEOFF,COOLING_DEGRADATION,1.0,6812.28,81.78,627.81,5.459,70.23,22.381,25.902,1.661,24.586,18.923,6831.180739544001,80.05339300000001,629.6574285714285,5.496152596044174,68.20669085714286,22.330514285714283,25.842,1.7020780739544004,24.6,18.814999999999998,-18.900739544001226,1.7266069999999871,-1.8474285714285088,-0.03715259604417476,2.023309142857144,0.05048571428571691,0.060000000000002274,-0.04107807395440033,-0.014000000000002899,0.10800000000000054
42.7,TAKEOFF,COOLING_DEGRADATION,1.0,6817.29,81.06,624.6,5.465,70.28,22.465,25.913,1.645,24.623,18.847,6832.061993631869,80.05210971428572,629.6974693877551,5.496641484575903,68.20114808163265,22.33467755102041,25.8424,1.702246199363187,24.6,18.817999999999998,-14.771993631869009,1.0078902857142822,-5.097469387755041,-0.031641484575903434,2.0788519183673486,0.1303224489795909,0.07059999999999889,-0.05724619936318698,0.022999999999999687,0.029000000000003467
42.8,TAKEOFF,COOLING_DEGRADATION,1.0,6814.08,82.49,624.72,5.51,69.96,22.477,25.893,1.774,24.598,18.885,6832.462506373077,80.05384042857143,629.7325102040817,5.496847483040127,68.20099930612245,22.33704081632653,25.8426,1.7023662506373078,24.6,18.819499999999998,-18.382506373077376,2.4361595714285613,-5.01251020408165,0.013152516959872962,1.7590006938775389,0.1399591836734686,0.05039999999999978,0.07163374936269218,-0.0020000000000024443,0.06550000000000367
42.9,TAKEOFF,COOLING_DEGRADATION,1.0,6821.91,81.59,625.73,5.543,69.54,22.474,25.825,1.687,24.584,18.722,6833.343721884084,80.05255714285714,629.7725510204083,5.497336363948291,68.19545653061225,22.341204081632657,25.843,1.7025343721884085,24.6,18.8225,-11.433721884083752,1.5374428571428638,-4.042551020408268,0.04566363605170931,1.3445434693877587,0.13279591836734284,-0.018000000000000682,-0.015534372188408474,-0.01600000000000179,-0.10050000000000026
43.0,TAKEOFF,COOLING_DEGRADATION,1.0,6801.22,81.4,625.53,5.502,69.84,22.348,25.891,1.701,24.589,18.833,6834.224915285143,80.05387385714286,629.8125918367348,5.497786971649594,68.19551375510204,22.345367346938772,25.8434,1.7027024915285143,24.6,18.825499999999998,-33.00491528514249,1.3461261428571447,-4.2825918367348095,0.004213028350405601,1.644486244897962,0.0026326530612266197,0.0475999999999992,-0.001702491528514205,-0.011000000000002785,0.007500000000000284
43.1,TAKEOFF,COOLING_DEGRADATION,1.0,6821.84,82.17,626.47,5.491,69.51,22.285,25.896,1.698,24.623,18.775,6834.625384270629,80.05300457142856,629.8476326530613,5.498031224199998,68.18976497959184,22.3477306122449,25.8436,1.702822538427063,24.6,18.827,-12.785384270629038,2.1169954285714425,-3.377632653061255,-0.007031224199998576,1.3202350204081625,-0.06273061224489851,0.05240000000000222,-0.004822538427063039,0.022999999999999687,-0.052000000000003155
43.2,TAKEOFF,COOLING_DEGRADATION,1.0,6813.73,81.21,625.15,5.539,69.97,22.285,25.911,1.709,24.509,18.945,6835.551464312816,80.05283557142856,629.8856326530613,5.498504681942126,68.18984097959184,22.3517306122449,25.844,1.7029951464312818,24.6,18.83,-21.821464312816715,1.1571644285714342,-4.735632653061316,0.04049531805787332,1.7801590204081634,-0.06673061224489985,0.06700000000000017,0.006004853568718271,-0.09100000000000108,0.11500000000000199
43.3,TAKEOFF,COOLING_DEGRADATION,1.0,6826.04,81.74,625.46,5.454,70.4,22.552,25.86,1.687,24.571,18.859,6836.432603115038,80.05155228571428,629.9256734693878,5.49899355054382,68.18429820408164,22.35589387755102,25.8444,1.703163260311504,24.6,18.833,-10.392603115037673,1.688447714285715,-4.4656734693877524,-0.04499355054382015,2.2157017959183634,0.19610612244898107,0.01559999999999917,-0.016163260311503835,-0.028999999999999915,0.026000000000003354
43.4,TAKEOFF,COOLING_DEGRADATION,1.0,6825.91,81.89,627.96,5.52,70.09,22.375,25.859,1.706,24.478,18.757,6836.833031273143,80.05328300000001,629.9607142857143,5.499199513115903,68.18414942857143,22.358257142857145,25.8446,1.7032833031273145,24.6,18.8345,-10.923031273143351,1.836716999999993,-2.0007142857142526,0.02080048688409697,1.905850571428573,0.016742857142855172,0.014400000000001967,0.002716696872685498,-0.12199999999999989,-0.07749999999999702
43.5,TAKEOFF,COOLING_DEGRADATION,1.0,6817.91,81.17,624.84,5.503,70.27,22.311,25.797,1.675,24.637,18.838,6837.714131500409,80.05199971428571,630.0007551020408,5.499688374092592,68.17860665306124,22.362420408163267,25.845,1.7034514131500411,24.6,18.8375,-19.804131500409312,1.1180002857142881,-5.160755102040753,0.0033116259074077448,2.0913933469387587,-0.051420408163266984,-0.047999999999998266,-0.02845141315004107,0.036999999999999034,0.0005000000000023874
43.6,TAKEOFF,COOLING_DEGRADATION,1.0,6827.22,81.02,624.15,5.473,69.74,22.342,25.86,1.722,24.612,19.006,6838.595209618776,80.05331642857142,630.0407959183673,5.500138937387661,68.17866387755103,22.36658367346939,25.8454,1.7036195209618776,24.6,18.8405,-11.375209618775443,0.9666835714285753,-5.890795918367303,-0.02713893738766071,1.5613361224489637,-0.024583673469390277,0.014599999999997948,0.018380479038122344,0.011999999999996902,0.16550000000000153
43.7,TAKEOFF,COOLING_DEGRADATION,1.0,6828.84,81.07,625.33,5.518,70.21,22.464,25.803,1.738,24.481,18.654,6838.995594023576,80.05244714285715,630.0758367346938,5.500383178519073,68.17291510204082,22.36894693877551,25.8456,1.7037395594023577,24.6,18.842,-10.155594023575759,1.0175528571428458,-4.745836734693739,0.017616821480927136,2.0370848979591756,0.09505306122448687,-0.04260000000000019,0.03426044059764233,-0.11899999999999977,-0.18799999999999883
43.8,TAKEOFF,COOLING_DEGRADATION,1.0,6817.9,81.21,627.0,5.482,70.0,22.289,25.935,1.714,24.619,18.76,6839.886240734694,80.05293714285715,630.1418367346938,5.500840813999322,68.17265510204082,22.37334693877551,25.846,1.7039886240734696,24.6,18.845,-21.986240734694547,1.1570628571428472,-3.141836734693811,-0.018840813999322137,1.827344897959179,-0.08434693877550714,0.08899999999999864,0.010011375926530341,0.01899999999999835,-0.0849999999999973
43.9,TAKEOFF,COOLING_DEGRADATION,1.0,6824.06,81.38,628.21,5.561,69.81,22.315,25.796,1.718,24.532,18.774,6840.767259521045,80.05165385714285,630.1818775510204,5.5013296603427815,68.16711232653061,22.377510204081634,25.8464,1.7041567259521044,24.6,18.848,-16.70725952104476,1.3283461428571428,-1.971877551020384,0.05967033965721846,1.6428876734693887,-0.06251020408163299,-0.05039999999999978,0.013843274047895537,-0.06800000000000139,-0.07399999999999807
44.0,TAKEOFF,COOLING_DEGRADATION,1.0,6828.01,81.31,626.67,5.468,70.19,22.52,25.856,1.65,24.583,18.663,6841.167600848947,80.05338457142857,630.2169183673469,5.501535585998897,68.16696355102042,22.379873469387753,25.8466,1.7042767600848947,24.6,18.8495,-13.157600848946458,1.2566154285714362,-3.5469183673469615,-0.033535585998897055,2.023036448979582,0.14012653061224611,0.009400000000002962,-0.05427676008489479,-0.017000000000003013,-0.18649999999999878
44.1,TAKEOFF,COOLING_DEGRADATION,1.0,6820.31,80.48,627.32,5.509,70.29,22.378,25.905,1.778,24.569,18.957,6842.048581062368,80.05210128571427,630.2569591836735,5.502024424715899,68.16142077551021,22.38403673469388,25.847,1.7044448581062368,24.6,18.8525,-21.738581062367302,0.4278987142857318,-2.93695918367348,0.006975575284100977,2.1285792244897976,-0.006036734693878998,0.05799999999999983,0.07355514189376322,-0.03100000000000236,0.10450000000000159
44.2,TAKEOFF,COOLING_DEGRADATION,1.0,6827.44,81.34,627.02,5.462,70.1,22.309,25.732,1.688,24.663,18.822,6842.929539168,80.053418,630.297,5.502474941477891,68.161478,22.3882,25.8474,1.7046129539168,24.6,18.8555,-15.489539168000192,1.2865820000000099,-3.2770000000000437,-0.04047494147789088,1.9385219999999919,-0.07920000000000016,-0.11540000000000106,-0.016612953916800066,0.06299999999999883,-0.033500000000000085
44.3,TAKEOFF,COOLING_DEGRADATION,1.0,6816.87,80.84,627.8,5.542,70.33,22.382,25.842,1.625,24.573,19.017,6843.37481604,80.051063,630.3299999999999,5.502742063871631,68.155748,22.3904,25.8476,1.704737481604,24.6,18.857,-26.50481604000015,0.7889370000000042,-2.5299999999999727,0.0392579361283687,2.1742519999999956,-0.008399999999998187,-0.00560000000000116,-0.07973748160399996,-0.027000000000001023,0.16000000000000014
44.4,TAKEOFF,COOLING_DEGRADATION,1.0,6827.18,81.63,627.66,5.564,69.99,22.461,25.89,1.736,24.619,18.84,6844.255741659429,80.0523797142857,630.3700408163265,5.503192568927333,68.1558052244898,22.39456326530612,25.848,1.704905574165943,24.6,18.86,-17.075741659428786,1.5776202857142891,-2.7100408163265683,0.06080743107266695,1.8341947755101984,0.06643673469387679,0.04200000000000159,0.031094425834057082,0.01899999999999835,-0.019999999999999574
44.5,TAKEOFF,COOLING_DEGRADATION,1.0,6825.33,82.23,624.66,5.476,70.26,22.36,25.727,1.674,24.553,18.893,6845.136645171559,80.05109642857143,630.4100816326531,5.503681395331935,68.15026244897959,22.398726530612244,25.8484,1.705073664517156,24.6,18.863,-19.806645171559467,2.1789035714285774,-5.750081632653178,-0.02768139533193459,2.109737551020416,-0.0387265306122444,-0.12140000000000128,-0.031073664517156097,-0.0470000000000006,0.030000000000001137
44.6,TAKEOFF,COOLING_DEGRADATION,1.0,6827.94,81.98,625.19,5.495,69.62,22.457,25.874,1.761,24.575,19.049,6845.536901925748,80.05282714285715,630.4451224489795,5.503887285094764,68.15011367346939,22.40108979591837,25.8486,1.7051936901925748,24.6,18.8645,-17.59690192574817,1.9271728571428497,-5.255122448979478,-0.00888728509476433,1.469886326530613,0.05591020408163061,0.025399999999997647,0.05580630980742507,-0.02500000000000213,0.1844999999999999
44.7,TAKEOFF,COOLING_DEGRADATION,1.0,6836.54,81.44,625.89,5.515,70.26,22.531,25.872,1.732,24.62,18.979,6846.417766866857,80.05154385714286,630.4851632653061,5.504376103871471,68.1445708979592,22.40525306122449,25.849,1.7053617766866858,24.6,18.8675,-9.8777668668572,1.3884561428571374,-4.595163265306155,0.010623896128528543,2.1154291020408067,0.12574693877551013,0.022999999999999687,0.026638223313314224,0.019999999999999574,0.11149999999999949
44.8,TAKEOFF,COOLING_DEGRADATION,1.0,6831.47,80.89,627.94,5.526,69.74,22.373,25.786,1.66,24.566,18.919,6847.298609701225,80.05286057142858,630.5252040816326,5.504826576225259,68.14462812244899,22.40941632653061,25.8494,1.7055298609701226,24.6,18.8705,-15.828609701225105,0.8371394285714189,-2.5852040816325825,0.02117342377474074,1.5953718775510026,-0.036416326530609666,-0.0633999999999979,-0.04552986097012268,-0.03400000000000247,0.048500000000000654
44.9,TAKEOFF,COOLING_DEGRADATION,1.0,6833.25,80.97,626.33,5.502,70.13,22.343,25.922,1.563,24.621,18.618,6847.743832197225,80.05050557142859,630.5582040816327,5.505093703323675,68.13889812244898,22.41161632653061,25.8496,1.7056543832197226,24.6,18.872,-14.493832197224947,0.9194944285714115,-4.228204081632612,-0.003093703323675534,1.9911018775510172,-0.06861632653060923,0.0724000000000018,-0.14265438321972268,0.020999999999997243,-0.25400000000000134
45.0,TAKEOFF,COOLING_DEGRADATION,1.0,6837.27,81.29,625.92,5.44,69.89,22.404,25.839,1.737,24.584,18.769,6848.589246942858,80.0524812857143,630.6262448979592,5.50552834746588,68.13861934693878,22.416179591836737,25.85,1.705898924694286,24.6,18.875,-11.319246942857717,1.237518714285713,-4.706244897959209,-0.06552834746587965,1.7513806530612186,-0.012179591836737558,-0.011000000000002785,0.031101075305714154,-0.01600000000000179,-0.10600000000000165
45.1,TAKEOFF,COOLING_DEGRADATION,1.0,6836.98,81.24,624.81,5.512,70.26,22.348,25.958,1.693,24.623,18.944,6849.4700304512,80.05119800000001,630.6662857142858,5.50601715160326,68.13307657142857,22.420342857142852,25.8504,1.70606700304512,24.6,18.878,-12.490030451200255,1.1888019999999813,-5.856285714285832,0.005982848396739904,2.1269234285714305,-0.07234285714285349,0.10759999999999792,-0.013067003045119874,0.022999999999999687,0.06599999999999895
45.2,TAKEOFF,COOLING_DEGRADATION,1.0,6836.62,81.87,626.73,5.498,69.58,22.255,25.895,1.694,24.642,18.93,6849.870200385061,80.05292871428571,630.7013265306123,5.506223004449087,68.13292779591838,22.422706122448982,25.8506,1.7061870200385063,24.6,18.8795,-13.250200385061362,1.8170712857142917,-3.9713265306122594,-0.008223004449086524,1.4470722040816213,-0.1677061224489833,0.04439999999999955,-0.012187020038506358,0.04199999999999804,0.050499999999999545
45.3,TAKEOFF,COOLING_DEGRADATION,1.0,6838.57,81.28,627.96,5.499,70.79,22.558,25.848,1.689,24.656,18.686,6850.750945324408,80.05164542857143,630.7413673469388,5.506711800957115,68.12738502040817,22.4268693877551,25.851,1.7063550945324408,24.6,18.8825,-12.18094532440864,1.228354571428568,-2.7813673469387368,-0.007711800957115322,2.6626149795918366,0.13113061224489897,-0.0030000000000001137,-0.017355094532440773,0.055999999999997385,-0.19650000000000034
45.4,TAKEOFF,COOLING_DEGRADATION,1.0,6839.57,81.54,627.76,5.513,69.76,22.414,25.868,1.698,24.603,18.973,6851.631668158123,80.05296214285715,630.7814081632653,5.507162226775955,68.12744224489796,22.431032653061223,25.851399999999998,1.7065231668158125,24.6,18.8855,-12.061668158123211,1.4870378571428517,-3.021408163265278,0.005837773224045328,1.6325577551020416,-0.01703265306122148,0.016600000000000392,-0.008523166815812555,0.0030000000000001137,0.08749999999999858
45.5,TAKEOFF,COOLING_DEGRADATION,1.0,6836.36,81.04,625.96,5.554,70.3,22.506,25.849,1.702,24.589,18.775,6852.076833796898,80.05060714285713,630.8144081632653,5.507429357250357,68.12171224489796,22.433232653061225,25.8516,1.70664768337969,24.6,18.887,-15.716833796898754,0.9893928571428745,-4.854408163265248,0.04657064274964284,2.1782877551020334,0.07276734693877529,-0.002600000000001046,-0.004647683379690015,-0.011000000000002785,-0.11200000000000188
45.6,TAKEOFF,COOLING_DEGRADATION,1.0,6841.26,81.61,628.02,5.457,70.49,22.259,25.902,1.735,24.539,18.946,6852.957524147591,80.05192385714285,630.8544489795917,5.507879771362115,68.12176946938776,22.437395918367343,25.852,1.7068157524147591,24.6,18.89,-11.697524147591139,1.5580761428571464,-2.8344489795916843,-0.050879771362114745,2.3682305306122373,-0.17839591836734314,0.05000000000000071,0.028184247585240962,-0.06099999999999994,0.05600000000000094
45.7,TAKEOFF,COOLING_DEGRADATION,1.0,6838.4,81.6,628.48,5.509,69.82,22.464,25.857,1.655,24.599,18.79,6853.838192393144,80.05064057142857,630.8944897959183,5.508368555551816,68.11622669387756,22.441559183673473,25.8524,1.7069838192393145,24.6,18.893,-15.438192393144163,1.549359428571421,-2.414489795918257,0.000631444448184304,1.7037733061224287,0.022440816326525947,0.0045999999999999375,-0.0519838192393145,-0.0010000000000012221,-0.10300000000000153
45.8,TAKEOFF,COOLING_DEGRADATION,1.0,6832.01,82.09,628.76,5.513,70.74,22.458,25.897,1.673,24.683,18.934,6854.238277762677,80.05237128571429,630.9295306122449,5.508574372503215,68.11607791836735,22.44392244897959,25.8526,1.7071038277762676,24.6,18.8945,-22.228277762676953,2.0376287142857166,-2.1695306122448983,0.0044256274967846565,2.6239220816326423,0.014077551020410084,0.04439999999999955,-0.034103827776267526,0.08299999999999841,0.03950000000000031
45.9,TAKEOFF,COOLING_DEGRADATION,1.0,6840.25,80.9,628.72,5.548,70.28,22.401,25.877,1.706,24.603,18.979,6855.118907441143,80.051088,630.9695714285715,5.509063149062128,68.11053514285715,22.448085714285718,25.853,1.7072718907441145,24.6,18.8975,-14.868907441143165,0.8489120000000128,-2.249571428571471,0.0389368509378718,2.169464857142856,-0.04708571428571773,0.023999999999997357,-0.00127189074411449,0.0030000000000001137,0.08149999999999835
46.0,TAKEOFF,COOLING_DEGRADATION,1.0,6841.89,81.42,628.88,5.499,70.66,22.335,25.874,1.742,24.666,18.904,6855.999515015021,80.05240471428571,631.009612244898,5.5095135304707945,68.11059236734695,22.452248979591836,25.8534,1.707439951501502,24.6,18.9005,-14.109515015020406,1.3675952857142875,-2.1296122448979986,-0.01051353047079484,2.5494076326530433,-0.11724897959183522,0.020599999999998175,0.03456004849849803,0.06599999999999895,0.0034999999999989484
46.1,TAKEOFF,COOLING_DEGRADATION,1.0,6841.69,81.46,631.45,5.52,70.45,22.346,25.801,1.654,24.563,18.983,6856.4446262831025,80.05004971428572,631.042612244898,5.509780665641853,68.10486236734694,22.454448979591838,25.8536,1.7075644626283104,24.6,18.902,-14.75462628310288,1.4099502857142738,0.40738775510203595,0.010219334358146703,2.3451376326530635,-0.10844897959183797,-0.052600000000001756,-0.053564462628310494,-0.037000000000002586,0.08099999999999952
46.2,TAKEOFF,COOLING_DEGRADATION,1.0,6839.28,81.89,626.79,5.54,70.06,22.532,25.876,1.754,24.609,19.002,6857.289758423184,80.05202542857144,631.1106530612245,5.510215196319469,68.10458359183673,22.45901224489796,25.854,1.7078089758423185,24.6,18.905,-18.009758423184394,1.8379745714285605,-4.3206530612245615,0.02978480368053127,1.9554164081632734,0.07298775510204081,0.022000000000002018,0.046191024157681504,0.009000000000000341,0.09699999999999775
46.3,TAKEOFF,COOLING_DEGRADATION,1.0,6841.47,81.98,628.33,5.511,70.42,22.32,25.888,1.679,24.663,18.725,6858.170306677029,80.05074214285715,631.150693877551,5.510703958232959,68.09904081632654,22.46317551020408,25.8544,1.707977030667703,24.6,18.908,-16.700306677028493,1.9292578571428578,-2.8206938775509798,0.00029604176704101093,2.320959183673466,-0.14317551020408104,0.033600000000003405,-0.028977030667702852,0.06299999999999883,-0.18299999999999983
46.4,TAKEOFF,COOLING_DEGRADATION,1.0,6844.19,83.08,626.29,5.458,70.66,22.537,25.883,1.698,24.599,18.844,6858.570305236114,80.05247285714286,631.1857346938775,5.510909738266323,68.09889204081634,22.465538775510208,25.8546,1.7080970305236116,24.6,18.9095,-14.38030523611451,3.0275271428571386,-4.895734693877557,-0.05290973826632239,2.5611079591836585,0.07146122448979142,0.02839999999999776,-0.010097030523611661,-0.0010000000000012221,-0.06550000000000011
46.5,TAKEOFF,COOLING_DEGRADATION,1.0,6852.99,82.42,627.72,5.392,70.14,22.393,25.953,1.689,24.628,18.959,6859.450814924898,80.05118957142857,631.2257755102041,5.5113984925475705,68.09334926530612,22.469702040816326,25.855,1.70826508149249,24.6,18.9125,-6.460814924897932,2.368810428571436,-3.505775510204103,-0.11939849254757018,2.046650734693884,-0.07670204081632548,0.09799999999999898,-0.019265081492489955,0.027999999999998693,0.04649999999999821
46.6,TAKEOFF,COOLING_DEGRADATION,1.0,6845.32,81.47,627.51,5.484,70.83,22.419,25.791,1.792,24.567,18.869,6860.331302510205,80.05250628571429,631.2658163265306,5.511848827419421,68.09340648979592,22.47386530612245,25.8554,1.7084331302510205,24.6,18.9155,-15.011302510205496,1.4174937142857118,-3.755816326530635,-0.02784882741942063,2.7365935102040737,-0.05486530612244778,-0.06439999999999912,0.08356686974897953,-0.03300000000000125,-0.04650000000000176
46.7,TAKEOFF,COOLING_DEGRADATION,1.0,6848.85,82.03,630.93,5.551,70.05,22.676,25.799,1.68,24.655,18.906,6860.776356926532,80.05015128571428,631.2988163265305,5.5121159659581345,68.08767648979592,22.47606530612245,25.8556,1.7085576356926533,24.6,18.917,-11.926356926531298,1.9798487142857226,-0.3688163265305775,0.03888403404186569,1.9623235102040724,0.19993469387754814,-0.05659999999999954,-0.02855763569265335,0.054999999999999716,-0.011000000000002785
46.8,TAKEOFF,COOLING_DEGRADATION,1.0,6846.03,82.33,631.08,5.513,69.86,22.47,25.873,1.8,24.613,19.011,6861.656812032001,80.05146799999999,631.338857142857,5.512566289122111,68.0877337142857,22.480228571428572,25.856,1.7087256812032,24.6,18.919999999999998,-15.626812032000998,2.2785320000000127,-0.25885714285698214,0.0004337108778891263,1.772266285714295,-0.010228571428573474,0.01699999999999946,0.09127431879680015,0.012999999999998124,0.09100000000000108
46.9,TAKEOFF,COOLING_DEGRADATION,1.0,6850.33,81.87,628.96,5.55,70.14,22.595,25.916,1.737,24.626,18.885,6862.537245034481,80.0501847142857,631.3788979591836,5.513055031079103,68.08219093877551,22.48439183673469,25.8564,1.7088937245034481,24.6,18.923,-12.207245034481275,1.8198152857142986,-2.418897959183596,0.03694496892089649,2.0578090612244893,0.11060816326530798,0.05959999999999965,0.02810627549655198,0.0259999999999998,-0.0379999999999967
47.0,TAKEOFF,COOLING_DEGRADATION,1.0,6851.99,81.26,630.77,5.503,70.74,22.271,25.941,1.697,24.629,18.921,6862.937159038629,80.05191542857142,631.4139387755101,5.513260775216896,68.0820421632653,22.486755102040817,25.8566,1.709013715903863,24.6,18.924500000000002,-10.947159038629252,1.2080845714285857,-0.6439387755101507,-0.010260775216895723,2.6579578367346954,-0.21575510204081638,0.0843999999999987,-0.01201371590386291,0.028999999999999915,-0.003500000000002501
47.1,TAKEOFF,COOLING_DEGRADATION,1.0,6847.96,81.99,628.54,5.489,70.81,22.626,25.959,1.748,24.57,19.143,6863.817553477959,80.05063214285715,631.4539795918367,5.513749509540212,68.0764993877551,22.49091836734694,25.857,1.709181755347796,24.6,18.927500000000002,-15.8575534779593,1.939367857142841,-2.913979591836778,-0.02474950954021171,2.733500612244896,0.13508163265306194,0.10200000000000031,0.03881824465220407,-0.030000000000001137,0.2154999999999987
47.2,TAKEOFF,COOLING_DEGRADATION,1.0,6846.93,81.67,629.48,5.528,70.13,22.557,25.918,1.685,24.672,18.828,6864.697925814857,80.05194885714286,631.4940204081632,5.514199799999922,68.07655661224491,22.49508163265306,25.8574,1.7093497925814856,24.6,18.930500000000002,-17.767925814856426,1.6180511428571407,-2.014020408163219,0.013800200000077645,2.053443387755081,0.06191836734693723,0.060600000000000875,-0.024349792581485508,0.07199999999999918,-0.1025000000000027
47.3,TAKEOFF,COOLING_DEGRADATION,1.0,6847.88,81.46,627.0,5.51,70.05,22.571,25.852,1.688,24.546,18.907,6865.142925865797,80.04959385714287,631.5270204081634,5.514466943227272,68.0708266122449,22.49728163265306,25.8576,1.7094742925865798,24.6,18.932,-17.262925865797115,1.410406142857127,-4.5270204081633665,-0.0044669432272721465,1.9791733877550968,0.0737183673469417,-0.00560000000000116,-0.021474292586579846,-0.054000000000002046,-0.02499999999999858
47.4,TAKEOFF,COOLING_DEGRADATION,1.0,6854.18,81.98,628.96,5.488,70.32,22.566,25.726,1.764,24.682,18.847,6865.987775430368,80.05156957142859,631.5950612244899,5.514901360435745,68.07054783673469,22.501844897959185,25.858,1.7097187775430367,24.6,18.935000000000002,-11.807775430367656,1.928430428571417,-2.6350612244898457,-0.02690136043574487,2.2494521632653033,0.06415510204081443,-0.13200000000000145,0.05428122245696332,0.08199999999999719,-0.08800000000000097
47.5,TAKEOFF,COOLING_DEGRADATION,1.0,6846.84,82.21,629.18,5.551,69.99,22.523,25.917,1.672,24.555,18.92,6866.868088453225,80.0502862857143,631.6351020408164,5.51539008010754,68.0650050612245,22.506008163265307,25.8584,1.7098868088453227,24.6,18.938000000000002,-20.028088453224882,2.159713714285701,-2.4551020408164277,0.035609919892459985,1.924994938775498,0.016991836734693067,0.058600000000001984,-0.037886808845322806,-0.045000000000001705,-0.018000000000000682
47.6,TAKEOFF,COOLING_DEGRADATION,1.0,6856.51,81.72,629.44,5.511,70.05,22.382,25.827,1.708,24.614,18.91,6867.2679156568,80.052017,631.6701428571429,5.5155957873262675,68.06485628571428,22.508371428571426,25.8586,1.71000679156568,24.6,18.939500000000002,-10.757915656799923,1.6679829999999924,-2.2301428571428232,-0.00459578732626742,1.9851437142857122,-0.12637142857142436,-0.03159999999999741,-0.002006791565680066,0.013999999999999346,-0.029500000000002302
47.7,TAKEOFF,COOLING_DEGRADATION,1.0,6854.48,81.8,629.05,5.495,70.24,22.5,25.905,1.736,24.692,18.708,6868.148190118532,80.05073371428571,631.7101836734694,5.516084499362931,68.05931351020408,22.512534693877555,25.859,1.710174819011853,24.6,18.9425,-13.668190118532038,1.7492662857142847,-2.660183673469419,-0.021084499362930664,2.1806864897959173,-0.012534693877555014,0.045999999999999375,0.0258251809881469,0.09199999999999875,-0.2345000000000006
47.8,TAKEOFF,COOLING_DEGRADATION,1.0,6850.35,81.11,628.09,5.53,70.76,22.737,25.929,1.731,24.496,18.934,6869.028442478939,80.05205042857143,631.750224489796,5.5165347432839535,68.05937073469389,22.516697959183674,25.8594,1.710342844247894,24.6,18.9455,-18.67844247893845,1.0579495714285656,-3.660224489795951,0.013465256716046703,2.7006292653061195,0.22030204081632476,0.06959999999999766,0.020657155752106027,-0.10400000000000276,-0.011499999999998067
47.9,TAKEOFF,COOLING_DEGRADATION,1.0,6857.54,82.0,627.52,5.465,70.18,22.715,25.921,1.707,24.603,18.736,6869.473385683592,80.04969542857143,631.7832244897959,5.516801889870631,68.05364073469389,22.518897959183672,25.8596,1.710467338568359,24.6,18.947000000000003,-11.93338568359195,1.9503045714285747,-4.263224489795903,-0.051801889870630724,2.126359265306121,0.19610204081632787,0.06139999999999901,-0.003467338568359013,0.0030000000000001137,-0.21100000000000207
48.0,TAKEOFF,COOLING_DEGRADATION,1.0,6855.19,81.2,626.0,5.533,69.96,22.523,25.874,1.794,24.634,19.194,6870.353605567347,80.05101214285715,631.8232653061225,5.517252122082992,68.05369795918367,22.5230612244898,25.86,1.7106353605567348,24.6,18.950000000000003,-15.163605567347076,1.1489878571428562,-5.823265306122494,0.0157478779170086,1.9063020408163283,-6.122448980150352e-05,0.013999999999999346,0.08336463944326522,0.03399999999999892,0.24399999999999622
48.1,TAKEOFF,COOLING_DEGRADATION,1.0,6857.45,82.39,626.38,5.507,70.2,22.552,25.897,1.657,24.628,18.939,6871.233803350269,80.04972885714285,631.863306122449,5.517740821789474,68.04815518367349,22.527224489795916,25.8604,1.7108033803350269,24.6,18.953,-13.783803350269409,2.340271142857148,-5.483306122448994,-0.010740821789473998,2.1518448163265163,0.024775510204083417,0.036599999999999966,-0.05380338033502685,0.027999999999998693,-0.013999999999999346
48.2,TAKEOFF,COOLING_DEGRADATION,1.0,6846.56,82.4,629.61,5.555,69.89,22.573,25.878,1.71,24.49,18.789,6871.633546008295,80.05145957142857,631.8983469387755,5.517946493111489,68.04800640816327,22.529587755102042,25.8606,1.7109233546008296,24.6,18.9545,-25.073546008294215,2.3485404285714395,-2.288346938775476,0.037053506888510945,1.8419935918367258,0.04341224489795792,0.017399999999998528,-0.0009233546008295956,-0.11000000000000298,-0.16549999999999798
48.3,TAKEOFF,COOLING_DEGRADATION,1.0,6860.71,81.38,628.16,5.476,70.22,22.551,25.803,1.788,24.597,19.057,6872.513705232001,80.05017628571429,631.9383877551021,5.518435185181403,68.04246363265307,22.53375102040816,25.861,1.7110913705232,24.6,18.9575,-11.803705232000539,1.329823714285709,-3.7783877551021305,-0.04243518518140288,2.1775363673469315,0.017248979591837355,-0.05799999999999983,0.0769086294768,-0.0030000000000001137,0.09949999999999903
48.4,TAKEOFF,COOLING_DEGRADATION,1.0,6861.71,82.68,624.19,5.559,70.65,22.453,25.916,1.657,24.675,18.95,6873.393842355428,80.05149300000001,631.9784285714285,5.518885384688322,68.04252085714286,22.537914285714287,25.8614,1.7112593842355428,24.6,18.9605,-11.683842355428169,2.628506999999999,-7.788428571428426,0.04011461531167804,2.6074791428571444,-0.08491428571428727,0.05460000000000065,-0.054259384235542774,0.07499999999999929,-0.010500000000000398
48.5,TAKEOFF,COOLING_DEGRADATION,1.0,6855.48,81.97,628.92,5.493,70.5,22.419,25.866,1.608,24.507,18.88,6873.8387311999995,80.04913800000001,632.0114285714285,5.519152535955617,68.03679085714286,22.54011428571429,25.8616,1.71138387312,24.6,18.962,-18.358731199999966,1.9208619999999854,-3.091428571428537,-0.026152535955616507,2.4632091428571385,-0.12111428571428817,0.004400000000000404,-0.10338387311999986,-0.09299999999999997,-0.08200000000000074
48.6,TAKEOFF,COOLING_DEGRADATION,1.0,6857.15,81.66,624.46,5.523,70.96,22.44,25.804,1.758,24.642,19.005,6874.683298219103,80.05111371428572,632.0794693877551,5.5195868396903975,68.03651208163265,22.544677551020406,25.862,1.7116283298219104,24.6,18.965,-17.533298219103017,1.6088862857142772,-7.619469387755089,0.003413160309602148,2.923487918367343,-0.10467755102040499,-0.05799999999999983,0.04637167017808963,0.04199999999999804,0.03999999999999915
48.7,TAKEOFF,COOLING_DEGRADATION,1.0,6863.86,81.47,630.74,5.539,69.86,22.576,25.783,1.642,24.632,19.045,6875.563376034482,80.04983042857143,632.1195102040817,5.520075517102698,68.03096930612246,22.548840816326535,25.8624,1.7117963376034482,24.6,18.968,-11.703376034482062,1.4201695714285734,-1.3795102040817255,0.018924482897301864,1.8290306938775416,0.027159183673465037,-0.07939999999999969,-0.06979633760344828,0.03200000000000003,0.07700000000000173
48.8,TAKEOFF,COOLING_DEGRADATION,1.0,6860.31,82.13,629.76,5.522,70.09,22.459,25.828,1.774,24.6,19.003,6875.9630319018115,80.05156114285714,632.1545510204081,5.520281151504614,68.03082053061225,22.55120408163265,25.8626,1.7119163031901812,24.6,18.969499999999996,-15.653031901811119,2.0784388571428565,-2.39455102040813,0.0017188484953862826,2.0591794693877574,-0.09220408163265148,-0.034600000000001074,0.062083696809818845,0.0,0.03350000000000364
48.9,TAKEOFF,COOLING_DEGRADATION,1.0,6861.8,82.31,626.92,5.489,70.87,22.442,25.947,1.702,24.537,18.939,6876.843071160001,80.05027785714286,632.1945918367347,5.520769821278892,68.02527775510204,22.55536734693878,25.863,1.7120843071160001,24.6,18.972500000000004,-15.043071160001091,2.259722142857143,-5.274591836734771,-0.03176982127889172,2.844722244897966,-0.11336734693878014,0.08399999999999963,-0.010084307116000168,-0.06300000000000239,-0.03350000000000364
49.0,TAKEOFF,COOLING_DEGRADATION,1.0,6862.04,81.89,627.36,5.47,70.31,22.737,25.895,1.719,24.625,19.068,6877.768305261845,80.05010885714286,632.2325918367347,5.521242995040804,68.02535375510205,22.55936734693877,25.8634,1.7122568305261847,24.6,18.9755,-15.72830526184498,1.839891142857141,-4.872591836734728,-0.05124299504080465,2.2846462448979565,0.17763265306122733,0.03160000000000096,0.006743169473815369,0.02499999999999858,0.09250000000000114
49.1,TAKEOFF,COOLING_DEGRADATION,1.0,6862.83,82.3,628.17,5.522,70.07,22.613,25.837,1.676,24.585,18.875,6878.167920322776,80.04923957142856,632.2676326530612,5.521487128863555,68.01960497959183,22.5617306122449,25.8636,1.7123767920322779,24.6,18.977,-15.337920322775972,2.2507604285714393,-4.097632653061282,0.0005128711364452698,2.0503950204081605,0.051269387755098705,-0.026600000000001955,-0.03637679203227795,-0.015000000000000568,-0.10200000000000031
49.2,TAKEOFF,COOLING_DEGRADATION,1.0,6860.0,82.13,629.45,5.51,70.19,22.437,25.855,1.702,24.616,19.096,6879.047905008327,80.05055628571428,632.3076734693879,5.521937270120468,68.01966220408163,22.56589387755102,25.864,1.7125447905008329,24.6,18.98,-19.04790500832678,2.0794437142857163,-2.857673469387805,-0.011937270120467858,2.170337795918371,-0.12889387755101822,-0.009000000000000341,-0.010544790500832901,0.015999999999998238,0.11599999999999966
49.3,TAKEOFF,COOLING_DEGRADATION,1.0,6869.44,81.91,627.11,5.501,70.46,22.664,25.9,1.723,24.727,19.042,6879.9278675952,80.04927299999999,632.3477142857143,5.52242592755864,68.01411942857143,22.570057142857145,25.8644,1.7127127867595202,24.6,18.983,-10.487867595200441,1.8607270000000113,-5.237714285714333,-0.02142592755863948,2.4458805714285603,0.09394285714285644,0.035599999999998744,0.010287213240479876,0.1269999999999989,0.05900000000000105
49.4,TAKEOFF,COOLING_DEGRADATION,1.0,6857.53,83.09,630.19,5.479,70.21,22.62,25.882,1.667,24.632,19.006,6880.327438926368,80.05100371428571,632.3827551020407,5.522631526062703,68.01397065306122,22.572420408163264,25.8646,1.7128327438926367,24.6,18.9845,-22.79743892636816,3.0389962857142905,-2.192755102040678,-0.04363152606270315,2.196029346938772,0.04757959183673677,0.01740000000000208,-0.045832743892636696,0.03200000000000003,0.02149999999999963
49.5,TAKEOFF,COOLING_DEGRADATION,1.0,6864.2,81.94,629.45,5.49,70.43,22.67,25.882,1.714,24.665,18.805,6881.20736295796,80.04972042857143,632.4227959183673,5.523120175861417,68.00842787755101,22.57658367346939,25.865,1.713000736295796,24.6,18.9875,-17.00736295796014,1.8902795714285645,-2.9727959183672965,-0.03312017586141636,2.4215721224489926,0.09341632653061183,0.017000000000003013,0.000999263704204001,0.06499999999999773,-0.182500000000001
49.6,TAKEOFF,COOLING_DEGRADATION,1.0,6862.13,81.0,626.93,5.57,70.85,22.559,25.721,1.757,24.675,18.957,6882.132512013485,80.04955142857143,632.4607959183674,5.5235933213387325,68.00850387755102,22.580583673469388,25.8654,1.7131732512013484,24.6,18.990499999999997,-20.002512013485102,0.9504485714285664,-5.530795918367403,0.0464066786612678,2.841496122448973,-0.02158367346938661,-0.14440000000000097,0.04382674879865145,0.07499999999999929,-0.03349999999999653
49.7,TAKEOFF,COOLING_DEGRADATION,1.0,6868.51,82.12,626.76,5.539,70.61,22.667,25.817,1.878,24.688,18.982,6882.532042540409,80.04868214285716,632.4958367346939,5.523837443702613,68.00275510204082,22.582946938775507,25.8656,1.713293204254041,24.6,18.991999999999997,-14.02204254040862,2.0713178571428443,-5.735836734693862,0.015162556297386942,2.607244897959177,0.08405306122449474,-0.04860000000000042,0.16470679574595892,0.08799999999999741,-0.00999999999999801
49.8,TAKEOFF,COOLING_DEGRADATION,1.0,6877.19,82.96,626.75,5.484,70.47,22.431,25.907,1.693,24.545,18.824,6883.376327044082,80.05065785714288,632.5638775510205,5.524271633959151,68.00247632653061,22.587510204081635,25.866,1.7135376327044083,24.6,18.994999999999997,-6.186327044082645,2.9093421428571133,-5.813877551020482,-0.04027163395915068,2.467523673469387,-0.15651020408163419,0.04100000000000037,-0.020537632704408226,-0.054999999999999716,-0.17099999999999582
49.9,TAKEOFF,COOLING_DEGRADATION,1.0,6870.2,81.9,629.97,5.549,70.59,22.731,25.732,1.775,24.584,19.019,6884.256169675494,80.04937457142857,632.6039183673469,5.524760269094159,67.99693355102042,22.591673469387754,25.8664,1.7137056169675495,24.6,18.997999999999998,-14.056169675493948,1.8506254285714334,-2.633918367346837,0.024239730905841306,2.5930664489795845,0.13932653061224798,-0.1343999999999994,0.061294383032450384,-0.01600000000000179,0.021000000000000796
50.0,TAKEOFF,COOLING_DEGRADATION,1.0,6868.07,81.67,629.95,5.523,70.25,22.537,25.865,1.67,24.621,19.072,6884.655654225846,80.0511052857143,632.6389591836734,5.524965830677096,67.9967847755102,22.594036734693876,25.8666,1.7138255654225847,24.6,18.9995,-16.585654225846156,1.6188947142857018,-2.688959183673319,-0.001965830677096214,2.253215224489793,-0.05703673469387738,-0.0015999999999998238,-0.043825565422584756,0.020999999999997243,0.07249999999999801
50.1,TAKEOFF,COOLING_DEGRADATION,1.0,6881.06,81.73,631.04,5.522,70.04,22.69,25.922,1.738,24.628,18.885,6885.535458304001,80.049822,632.679,5.525454458171192,67.991242,22.5982,25.867,1.7139935458304003,24.6,19.002499999999998,-4.475458304000313,1.680177999999998,-1.63900000000001,-0.003454458171192165,2.0487580000000065,0.09180000000000277,0.054999999999999716,0.024006454169599678,0.027999999999998693,-0.11749999999999616
50.2,TAKEOFF,COOLING_DEGRADATION,1.0,6860.99,81.79,626.71,5.473,70.33,22.756,25.785,1.691,24.61,18.881,6886.460517350401,80.049653,632.717,5.525927573133617,67.991318,22.602200000000003,25.8674,1.71416605173504,24.6,19.0055,-25.47051735040077,1.7403469999999999,-6.006999999999948,-0.0529275731336174,2.3386819999999915,0.15379999999999683,-0.0823999999999998,-0.02316605173504005,0.00999999999999801,-0.12450000000000117
50.3,TAKEOFF,COOLING_DEGRADATION,1.0,6874.71,81.57,627.83,5.516,70.81,22.572,25.821,1.803,24.561,18.957,6886.859961098776,80.04878371428572,632.7520408163266,5.526171682812642,67.9855692244898,22.604563265306123,25.8676,1.7142859961098778,24.6,19.006999999999998,-12.149961098775748,1.5212162857142744,-4.922040816326557,-0.010171682812641691,2.8244307755102085,-0.03256326530612341,-0.046599999999997976,0.08871400389012218,-0.03900000000000148,-0.04999999999999716
50.4,TAKEOFF,COOLING_DEGRADATION,1.0,6870.85,82.55,629.17,5.519,70.29,22.72,25.854,1.715,24.697,19.084,6887.739710609632,80.05010042857143,632.7920816326531,5.526621733110277,67.98562644897959,22.608726530612245,25.868,1.7144539710609632,24.6,19.01,-16.889710609631948,2.499899571428571,-3.622081632653135,-0.007621733110276807,2.3043735510204186,0.11127346938775418,-0.013999999999999346,0.00054602893903688,0.09699999999999775,0.07399999999999807
50.5,TAKEOFF,COOLING_DEGRADATION,1.0,6874.45,82.6,629.69,5.505,70.76,22.609,25.852,1.791,24.611,18.939,6888.619438023967,80.04881714285716,632.8321224489796,5.527110348262344,67.9800836734694,22.61288979591837,25.8684,1.7146219438023969,24.6,19.012999999999998,-14.169438023966904,2.551182857142834,-3.142122448979535,-0.022110348262343926,2.7799163265306106,-0.003889795918368577,-0.01640000000000086,0.07637805619760307,0.010999999999999233,-0.07399999999999807
50.6,TAKEOFF,COOLING_DEGRADATION,1.0,6878.17,82.12,630.2,5.533,70.25,22.682,25.896,1.681,24.619,18.877,6889.018838047543,80.05054785714286,632.8671632653061,5.5273158739462875,67.97993489795918,22.61525306122449,25.8686,1.7147418838047543,24.6,19.014499999999998,-10.848838047542813,2.069452142857145,-2.667163265306044,0.0056841260537128235,2.2700651020408174,0.06674693877550908,0.02740000000000009,-0.03374188380475429,0.01899999999999835,-0.1374999999999993
50.7,TAKEOFF,COOLING_DEGRADATION,1.0,6874.45,81.34,627.52,5.566,70.42,22.579,25.937,1.788,24.611,19.011,6889.8985269105315,80.04926457142858,632.9072040816327,5.527804481456009,67.97439212244899,22.619416326530615,25.869,1.7149098526910533,24.6,19.0175,-15.448526910531655,1.2907354285714234,-5.387204081632717,0.038195518543990836,2.445607877551012,-0.040416326530614555,0.06800000000000139,0.0730901473089467,0.010999999999999233,-0.006499999999999062
50.8,TAKEOFF,COOLING_DEGRADATION,1.0,6871.22,81.85,628.42,5.518,70.73,22.634,25.91,1.642,24.632,19.208,6890.82350091796,80.04909557142858,632.9452040816327,5.5282775681318475,67.97446812244898,22.623416326530613,25.8694,1.715082350091796,24.6,19.0205,-19.603500917959536,1.800904428571414,-4.525204081632751,-0.010277568131847659,2.7555318775510216,0.010583673469387378,0.0406000000000013,-0.07308235009179609,0.03200000000000003,0.1875
50.9,TAKEOFF,COOLING_DEGRADATION,1.0,6882.79,82.14,630.13,5.546,70.53,22.794,25.896,1.694,24.681,18.882,6891.222860141715,80.04822628571429,632.9802448979592,5.528521666344014,67.96871934693878,22.625779591836736,25.8696,1.7152022860141716,24.6,19.022000000000002,-8.432860141714627,2.091773714285708,-2.8502448979592145,0.017478333655986056,2.5612806530612175,0.16822040816326478,0.02640000000000242,-0.021202286014171623,0.08099999999999952,-0.14000000000000057
51.0,TAKEOFF,COOLING_DEGRADATION,1.0,6882.39,81.88,630.46,5.502,70.22,22.559,25.788,1.762,24.6,18.978,6892.066862160001,80.050202,633.0482857142857,5.528955743117766,67.96844057142857,22.63034285714286,25.87,1.715446686216,24.6,19.025,-9.676862160000383,1.8297979999999967,-2.588285714285689,-0.026955743117766495,2.2515594285714258,-0.07134285714285937,-0.08200000000000074,0.04655331378399996,0.0,-0.046999999999997044
51.1,TAKEOFF,COOLING_DEGRADATION,1.0,6890.79,81.85,630.49,5.53,70.25,22.606,25.997,1.718,24.472,19.01,6892.946469630956,80.0489187142857,633.0883265306122,5.529444335957689,67.96289779591838,22.634506122448975,25.8704,1.7156146469630955,24.6,19.028,-2.156469630956053,1.8010812857142895,-2.598326530612212,0.0005556640423112214,2.28710220408162,-0.02850612244897377,0.12659999999999982,0.0023853530369044584,-0.1280000000000001,-0.01799999999999713
51.2,TAKEOFF,COOLING_DEGRADATION,1.0,6881.67,81.85,629.31,5.46,70.86,22.56,25.93,1.726,24.722,19.025,6893.345782883593,80.05064942857143,633.1233673469387,5.529649824719478,67.96274902040817,22.636869387755098,25.8706,1.7157345782883593,24.6,19.0295,-11.675782883592547,1.7993505714285618,-3.813367346938776,-0.06964982471947767,2.8972509795918313,-0.07686938775509944,0.05940000000000012,0.010265421711640688,0.12199999999999989,-0.0045000000000001705
51.3,TAKEOFF,COOLING_DEGRADATION,1.0,6881.73,81.49,629.46,5.54,70.76,22.639,25.821,1.682,24.631,19.104,6894.270682903103,80.04788042857143,633.1613673469387,5.530161491934151,67.95722502040816,22.640869387755103,25.871,1.7159070682903104,24.6,19.0325,-12.540682903103516,1.442119571428563,-3.701367346938696,0.009838508065849183,2.8027749795918453,-0.001869387755103702,-0.04999999999999716,-0.03390706829031043,0.030999999999998806,0.07150000000000034
51.4,TAKEOFF,COOLING_DEGRADATION,1.0,6882.73,81.21,626.53,5.5,70.84,22.805,25.919,1.726,24.73,18.956,6895.1502358112,80.04919714285714,633.2014081632652,5.530611466074499,67.95728224489797,22.645032653061225,25.8714,1.71607502358112,24.6,19.0355,-12.420235811200655,1.1608028571428548,-6.671408163265255,-0.030611466074499383,2.8827177551020355,0.15996734693877457,0.0475999999999992,0.009924976418880016,0.129999999999999,-0.07949999999999946
51.5,TAKEOFF,COOLING_DEGRADATION,1.0,6884.67,82.24,629.15,5.505,70.74,22.63,25.906,1.747,24.593,19.16,6895.549508266286,80.04832785714285,633.2364489795918,5.530855551593668,67.95153346938775,22.647395918367344,25.8716,1.7161949508266285,24.6,19.037,-10.879508266285484,2.1916721428571435,-4.086448979591864,-0.02585555159366848,2.78846653061224,-0.01739591836734533,0.03439999999999799,0.030805049173371568,-0.0070000000000014495,0.12300000000000111
51.6,TAKEOFF,COOLING_DEGRADATION,1.0,6880.03,81.2,629.36,5.571,70.02,22.489,25.882,1.785,24.644,19.169,6896.429022625959,80.04964457142856,633.2764897959183,5.531305510928199,67.95159069387755,22.65155918367347,25.872,1.716362902262596,24.6,19.04,-16.399022625959333,1.1503554285714443,-3.9164897959183236,0.03969448907180073,2.0684093061224473,-0.16255918367346922,0.010000000000001563,0.06863709773740401,0.04399999999999693,0.12900000000000134
51.7,TAKEOFF,COOLING_DEGRADATION,1.0,6884.01,82.26,632.7,5.594,70.29,22.722,25.848,1.825,24.581,19.231,6897.308514891266,80.0483612857143,633.316530612245,5.531794083776369,67.94604791836736,22.655722448979592,25.8724,1.7165308514891269,24.6,19.043,-13.298514891265768,2.211638714285712,-0.616530612244901,0.062205916223631696,2.3439520816326507,0.06627755102040922,-0.024399999999999977,0.10846914851087308,-0.019000000000001904,0.1880000000000024
51.8,TAKEOFF,COOLING_DEGRADATION,1.0,6881.14,82.64,632.11,5.513,70.81,22.672,25.809,1.686,24.54,19.189,6897.7077436265145,80.050092,633.3515714285713,5.531999536638027,67.94589914285714,22.65808571428571,25.8726,1.7166507743626516,24.6,19.0445,-16.56774362651413,2.589907999999994,-1.2415714285713193,-0.018999536638027337,2.8641008571428586,0.01391428571428932,-0.06359999999999744,-0.030650774362651623,-0.060000000000002274,0.14450000000000074
51.9,TAKEOFF,COOLING_DEGRADATION,1.0,6891.98,81.71,628.99,5.55,70.88,22.648,25.78,1.665,24.586,19.1,6898.6325586137145,80.047323,633.3895714285715,5.53251119999101,67.94037514285715,22.66208571428572,25.873,1.7168232558613716,24.6,19.0475,-6.652558613714973,1.662676999999988,-4.3995714285714485,0.01748880000898989,2.939624857142846,-0.01408571428572003,-0.09299999999999997,-0.0518232558613716,-0.014000000000002899,0.05250000000000199
52.0,TAKEOFF,COOLING_DEGRADATION,1.0,6888.31,82.38,631.91,5.503,70.47,22.737,25.863,1.642,24.678,19.086,6899.511996318759,80.04863971428571,633.429612244898,5.532961129711287,67.94043236734694,22.666248979591835,25.8734,1.7169911996318759,24.6,19.0505,-11.201996318758574,2.3313602857142826,-1.519612244897985,-0.02996112971128717,2.5295676326530554,0.07075102040816361,-0.010400000000000631,-0.07499119963187595,0.0779999999999994,0.03549999999999898
52.1,TAKEOFF,COOLING_DEGRADATION,1.0,6878.44,82.5,632.13,5.526,70.41,22.632,25.846,1.722,24.642,18.991,6899.911184258613,80.04777042857143,633.4646530612245,5.53320520375561,67.93468359183674,22.66861224489796,25.8736,1.7171111184258612,24.6,19.052,-21.471184258612993,2.4522295714285747,-1.3346530612244578,-0.007205203755610512,2.475316408163252,-0.036612244897959556,-0.027599999999999625,0.004888881574138804,0.04199999999999804,-0.06099999999999994
52.2,TAKEOFF,COOLING_DEGRADATION,1.0,6886.97,82.11,626.2,5.549,70.74,22.753,25.781,1.698,24.503,19.158,6900.754903821552,80.04974614285713,633.5326938775511,5.533639167042036,67.93440481632653,22.673175510204082,25.874,1.7173554903821553,24.6,19.055,-13.78490382155178,2.060253857142868,-7.332693877551037,0.015360832957964199,2.8055951836734607,0.07982448979591794,-0.09299999999999997,-0.019355490382155338,-0.09700000000000131,0.10300000000000153
52.3,TAKEOFF,COOLING_DEGRADATION,1.0,6890.43,81.75,629.91,5.552,70.46,22.665,25.831,1.654,24.628,18.879,6901.634276155559,80.04846285714285,633.5727346938776,5.534127717569085,67.92886204081634,22.677338775510208,25.8744,1.717523427615556,24.6,19.058,-11.204276155558546,1.7015371428571484,-3.66273469387761,0.017872282430914765,2.5311379591836527,-0.012338775510208677,-0.04340000000000188,-0.06352342761555607,0.027999999999998693,-0.1789999999999985
52.4,TAKEOFF,COOLING_DEGRADATION,1.0,6885.76,82.62,629.98,5.503,70.81,22.765,25.883,1.741,24.569,19.058,6902.033418129747,80.05019357142857,633.6077755102041,5.534333133507557,67.92871326530613,22.679702040816327,25.8746,1.7176433418129748,24.6,19.0595,-16.27341812974646,2.5698064285714395,-3.62777551020406,-0.031333133507557065,2.881286734693873,0.08529795918367356,0.008399999999998187,0.02335665818702526,-0.03100000000000236,-0.0015000000000000568
52.5,TAKEOFF,COOLING_DEGRADATION,1.0,6891.63,82.21,629.53,5.532,70.2,22.781,25.859,1.734,24.549,19.23,6902.95814312245,80.04742457142858,633.6457755102041,5.534844790565229,67.92318926530612,22.683702040816325,25.875,1.717815814312245,24.6,19.0625,-11.328143122449546,2.162575428571415,-4.1157755102041165,-0.002844790565228905,2.276810734693882,0.09729795918367401,-0.015999999999998238,0.016184185687754926,-0.05100000000000193,0.16750000000000043
52.6,TAKEOFF,COOLING_DEGRADATION,1.0,6891.56,81.25,629.52,5.488,70.07,22.648,25.861,1.693,24.652,19.193,6903.837460898939,80.04874128571429,633.6858163265306,5.5352946737392585,67.92324648979593,22.687865306122447,25.8754,1.7179837460898941,24.6,19.0655,-12.277460898938443,1.2012587142857143,-4.165816326530603,-0.04729467373925811,2.1467535102040642,-0.03986530612244721,-0.014399999999998414,-0.024983746089894066,0.0519999999999996,0.12750000000000128
52.7,TAKEOFF,COOLING_DEGRADATION,1.0,6890.8,81.87,628.2,5.49,70.93,22.583,25.871,1.762,24.605,19.121,6904.236562080001,80.047872,633.7208571428571,5.5355387350824445,67.91749771428572,22.69022857142857,25.8756,1.718103656208,24.6,19.067,-13.43656208000084,1.8221280000000064,-5.520857142857039,-0.045538735082444326,3.012502285714291,-0.10722857142857123,-0.0045999999999999375,0.043896343791999914,0.004999999999999005,0.053999999999998494
52.8,TAKEOFF,COOLING_DEGRADATION,1.0,6895.45,82.1,631.97,5.531,70.07,22.87,25.832,1.636,24.593,18.927,6905.115841312,80.04918871428573,633.7608979591837,5.535988603450043,67.91755493877551,22.694391836734695,25.876,1.7182715841312002,24.6,19.07,-9.665841312000339,2.0508112857142606,-1.790897959183667,-0.004988603450043705,2.1524450612244834,0.1756081632653057,-0.04400000000000048,-0.08227158413120028,-0.0070000000000014495,-0.14300000000000068
52.9,TAKEOFF,COOLING_DEGRADATION,1.0,6886.85,81.7,629.61,5.516,70.32,22.696,25.85,1.664,24.601,19.066,6905.995098451788,80.04790542857144,633.8009387755102,5.536477133976529,67.9120121632653,22.698555102040814,25.8764,1.7184395098451788,24.6,19.073,-19.145098451787817,1.652094571428563,-4.190938775510176,-0.02047713397652906,2.4079878367346907,-0.0025551020408123293,-0.02639999999999887,-0.05443950984517887,0.0009999999999976694,-0.0070000000000014495
53.0,TAKEOFF,COOLING_DEGRADATION,1.0,6902.97,82.74,629.27,5.546,71.01,22.621,25.908,1.762,24.663,19.005,6906.394155917976,80.04963614285715,633.8359795918367,5.536682514013735,67.9118633877551,22.700918367346944,25.8766,1.7185594155917976,24.6,19.0745,-3.4241559179754404,2.6903638571428417,-4.565979591836708,0.009317485986265694,3.0981366122449003,-0.07991836734694502,0.03140000000000143,0.04344058440820242,0.06299999999999883,-0.06950000000000145
53.1,TAKEOFF,COOLING_DEGRADATION,1.0,6892.03,82.05,628.9,5.49,70.48,22.771,25.769,1.746,24.669,18.959,6907.318795885713,80.04686714285715,633.8739795918367,5.537194167200878,67.90633938775511,22.704918367346938,25.877,1.7187318795885713,24.6,19.0775,-15.288795885713625,2.0031328571428446,-4.973979591836724,-0.04719416720087821,2.5736606122448933,0.06608163265306288,-0.10800000000000054,0.027268120411428676,0.06899999999999906,-0.11850000000000094
53.2,TAKEOFF,COOLING_DEGRADATION,1.0,6896.94,82.83,630.01,5.457,70.71,22.828,25.995,1.697,24.605,19.122,6908.19799847058,80.04818385714286,633.9140204081632,5.5376440059528775,67.9063966122449,22.709081632653064,25.8774,1.7188997998470583,24.6,19.0805,-11.257998470580787,2.7818161428571386,-3.9040204081632055,-0.08064400595287768,2.803603387755089,0.11891836734693584,0.11759999999999948,-0.021899799847058254,0.004999999999999005,0.041499999999999204
53.3,TAKEOFF,COOLING_DEGRADATION,1.0,6888.57,82.66,629.48,5.536,71.03,22.679,25.874,1.685,24.633,19.095,6908.597015145796,80.04731457142857,633.9490612244898,5.53788805581323,67.90064783673469,22.711444897959183,25.8776,1.7190197015145796,24.6,19.082,-20.027015145796213,2.6126854285714245,-4.469061224489792,-0.0018880558132305936,3.1293521632653096,-0.03244489795918426,-0.003600000000002268,-0.03401970151457956,0.0329999999999977,0.012999999999998124
53.4,TAKEOFF,COOLING_DEGRADATION,1.0,6899.01,82.46,631.69,5.536,70.14,22.922,25.96,1.647,24.616,19.067,6909.440452283428,80.04929028571428,634.0171020408164,5.5383219056077895,67.9003690612245,22.716008163265307,25.878,1.719264045228343,24.6,19.085,-10.430452283428167,2.4107097142857157,-2.327102040816385,-0.002321905607789887,2.2396309387755053,0.20599183673469312,0.08200000000000074,-0.07226404522834295,0.015999999999998238,-0.018000000000000682
53.5,TAKEOFF,COOLING_DEGRADATION,1.0,6897.46,82.38,630.54,5.512,70.66,22.665,26.046,1.827,24.572,19.127,6910.319589504001,80.048007,634.0571428571429,5.538810413804177,67.8948262857143,22.72017142857143,25.8784,1.7194319589504001,24.6,19.088,-12.859589504000724,2.331992999999997,-3.5171428571429715,-0.026810413804177813,2.7651737142856945,-0.055171428571430425,0.1676000000000002,0.10756804104959983,-0.028000000000002245,0.038999999999997925
53.6,TAKEOFF,COOLING_DEGRADATION,1.0,6905.28,82.76,629.5,5.572,71.16,22.86,25.844,1.658,24.648,19.203,6910.764005440915,80.048252,634.090142857143,5.5390388999040745,67.89469628571429,22.722371428571428,25.8786,1.7195564005440915,24.6,19.0895,-5.484005440915098,2.711748,-4.590142857142951,0.032961100095925566,3.2653037142857073,0.13762857142857143,-0.03459999999999752,-0.061556400544091616,0.047999999999998266,0.11349999999999838
53.7,TAKEOFF,COOLING_DEGRADATION,1.0,6893.45,81.76,633.02,5.504,70.67,22.678,25.911,1.66,24.622,19.033,6911.643110199919,80.04696871428571,634.1301836734694,5.5395274037998465,67.88915351020408,22.726534693877554,25.879,1.7197243110199918,24.6,19.0925,-18.19311019991892,1.713031285714294,-1.1101836734694643,-0.03552740379984698,2.7808464897959198,-0.048534693877552826,0.03200000000000003,-0.05972431101999187,0.021999999999998465,-0.059499999999999886
53.8,TAKEOFF,COOLING_DEGRADATION,1.0,6897.68,81.83,629.2,5.498,70.78,22.77,25.852,1.686,24.552,18.986,6912.52219286831,80.04828542857142,634.1702244897959,5.5399771960037345,67.88921073469389,22.730697959183672,25.8794,1.7198922192868311,24.6,19.0955,-14.842192868310121,1.78171457142858,-4.970224489795896,-0.041977196003734285,2.890789265306111,0.03930204081632738,-0.02740000000000009,-0.03389221928683117,-0.04800000000000182,-0.1095000000000006
53.9,TAKEOFF,COOLING_DEGRADATION,1.0,6898.76,82.43,630.59,5.476,71.25,22.706,25.847,1.725,24.598,19.228,6912.9211227946125,80.04741614285716,634.2052653061224,5.54022123315481,67.88346195918368,22.7330612244898,25.8796,1.7200121122794614,24.6,19.097,-14.16112279461231,2.3825838571428477,-3.61526530612241,-0.06422123315480999,3.366538040816323,-0.027061224489798974,-0.03259999999999863,0.0049878877205387084,-0.0020000000000024443,0.13100000000000023
54.0,TAKEOFF,COOLING_DEGRADATION,1.0,6903.31,82.57,630.74,5.518,70.77,22.762,25.939,1.682,24.617,19.083,6913.8001669224495,80.04873285714287,634.2453061224489,5.540671010551655,67.88351918367347,22.737224489795913,25.88,1.720180016692245,24.6,19.1,-10.490166922449134,2.521267142857127,-3.5053061224489284,-0.022671010551655435,2.886480816326525,0.02477551020408697,0.05900000000000105,-0.03818001669224502,0.01699999999999946,-0.017000000000003013
54.1,TAKEOFF,COOLING_DEGRADATION,1.0,6903.9,82.09,634.69,5.525,70.62,22.597,25.881,1.683,24.504,19.163,6914.679188960229,80.04744957142857,634.2853469387754,5.541159498738673,67.87797640816326,22.741387755102043,25.8804,1.7203479188960231,24.6,19.102999999999998,-10.779188960229476,2.042550428571431,0.4046530612246215,-0.016159498738672617,2.742023591836741,-0.14438775510204138,0.0005999999999986017,-0.03734791889602307,-0.09600000000000009,0.060000000000002274
54.2,TAKEOFF,COOLING_DEGRADATION,1.0,6900.58,82.4,631.38,5.559,69.93,22.801,25.969,1.779,24.558,19.229,6915.123550562156,80.04769457142858,634.3183469387754,5.54138796506752,67.87784640816326,22.74358775510204,25.8806,1.7204723550562155,24.6,19.1045,-14.54355056215627,2.3523054285714267,-2.938346938775453,0.01761203493247976,2.052153591836742,0.057412244897957265,0.08840000000000003,0.058527644943784374,-0.04200000000000159,0.12449999999999761
54.3,TAKEOFF,COOLING_DEGRADATION,1.0,6907.86,82.22,630.62,5.541,70.9,22.521,25.775,1.647,24.662,19.187,6916.002540139918,80.04641128571429,634.3583877551021,5.541876448952575,67.87230363265306,22.74775102040816,25.881,1.720640254013992,24.6,19.1075,-8.14254013991831,2.1735887142857138,-3.7383877551020532,-0.0008764489525745489,3.027696367346948,-0.22675102040815887,-0.10600000000000165,-0.07364025401399199,0.06199999999999761,0.07949999999999946
54.4,TAKEOFF,COOLING_DEGRADATION,1.0,6907.07,82.65,631.78,5.493,70.65,22.812,25.914,1.719,24.551,19.191,6916.881507628114,80.04772799999999,634.3984285714286,5.542326196732472,67.87236085714287,22.75191428571429,25.8814,1.7208081507628115,24.6,19.110500000000002,-9.811507628114668,2.6022720000000135,-2.6184285714285807,-0.04932619673247185,2.77763914285714,0.0600857142857123,0.03260000000000218,-0.001808150762811378,-0.04900000000000304,0.08049999999999713
54.5,TAKEOFF,COOLING_DEGRADATION,1.0,6905.84,82.72,629.42,5.55,70.47,22.88,25.878,1.757,24.66,19.11,6917.2803530579595,80.0468587142857,634.433469387755,5.542570222392733,67.86661208163267,22.754277551020408,25.8816,1.720928035305796,24.6,19.112000000000002,-11.440353057959328,2.673141285714294,-5.013469387755094,0.007429777607266708,2.603387918367332,0.12572244897959095,-0.0035999999999987153,0.03607196469420382,0.05999999999999872,-0.0020000000000024443
54.6,TAKEOFF,COOLING_DEGRADATION,1.0,6897.34,82.46,631.21,5.494,70.83,22.901,25.95,1.733,24.539,19.113,6918.1235078003265,80.04883442857142,634.5015102040817,5.543003958690893,67.86633330612244,22.75884081632653,25.882,1.7211723507800327,24.6,19.115,-20.783507800326333,2.411165571428569,-3.2915102040816464,-0.0490039586908928,2.963666693877556,0.14215918367347058,0.06799999999999784,0.011827649219967373,-0.06099999999999994,-0.0019999999999988916
54.7,TAKEOFF,COOLING_DEGRADATION,1.0,6909.72,81.57,631.82,5.559,70.23,22.83,25.904,1.689,24.636,19.117,6919.002409930972,80.04755114285713,634.5415510204082,5.543492424538837,67.86079053061225,22.763004081632655,25.8824,1.7213402409930971,24.6,19.118000000000002,-9.28240993097188,1.5224488571428623,-2.7215510204081284,0.015507575461163547,2.369209469387755,0.06699591836734342,0.021599999999999397,-0.03234024099309707,0.03599999999999781,-0.0010000000000012221
54.8,TAKEOFF,COOLING_DEGRADATION,1.0,6902.11,81.77,632.32,5.514,70.22,22.742,25.843,1.717,24.575,19.25,6919.446714717944,80.04779614285714,634.5745510204081,5.543720869969272,67.86066053061225,22.76520408163265,25.8826,1.7214646714717945,24.6,19.1195,-17.336714717944233,1.7222038571428584,-2.25455102040803,-0.029720869969271924,2.3593394693877485,-0.023204081632648865,-0.03960000000000008,-0.0044646714717944125,-0.02500000000000213,0.1305000000000014
54.9,TAKEOFF,COOLING_DEGRADATION,1.0,6906.78,81.35,631.8,5.515,69.98,22.699,25.878,1.755,24.519,18.993,6920.325584390204,80.04651285714284,634.6145918367348,5.544209331513875,67.85511775510204,22.769367346938775,25.883,1.7216325584390206,24.6,19.122500000000002,-13.545584390204567,1.3034871428571506,-2.8145918367348486,-0.029209331513875725,2.124882244897961,-0.07036734693877378,-0.004999999999999005,0.03336744156097926,-0.08100000000000307,-0.12950000000000372
55.0,TAKEOFF,COOLING_DEGRADATION,1.0,6904.43,81.52,630.11,5.554,70.85,22.925,25.902,1.765,24.608,19.399,6921.204431974009,80.04782957142855,634.6546326530612,5.544659032743802,67.85517497959185,22.773530612244897,25.8834,1.721800443197401,24.6,19.1255,-16.77443197400862,1.4721704285714452,-4.544632653061171,0.009340967256198596,2.9948250204081432,0.1514693877551032,0.018599999999999284,0.043199556802598904,0.007999999999999119,0.2735000000000021
55.1,TAKEOFF,COOLING_DEGRADATION,1.0,6915.16,82.61,630.25,5.57,70.7,22.898,25.872,1.727,24.644,19.164,6921.603190664817,80.0469602857143,634.6896734693877,5.544903045686645,67.84942620408164,22.775893877551024,25.8836,1.7219203190664816,24.6,19.127000000000002,-6.443190664816939,2.5630397142856935,-4.439673469387685,0.025096954313355013,2.850573795918365,0.1221061224489759,-0.011600000000001387,0.005079680933518516,0.04399999999999693,0.036999999999999034
55.2,TAKEOFF,COOLING_DEGRADATION,1.0,6908.98,82.67,628.61,5.515,70.79,22.931,25.948,1.583,24.533,19.059,6922.481999712,80.04827700000001,634.7297142857143,5.545352732108917,67.84948342857143,22.780057142857142,25.884,1.7220881999711999,24.6,19.130000000000003,-13.501999712000725,2.6217229999999887,-6.119714285714281,-0.030352732108917202,2.9405165714285744,0.1509428571428586,0.06400000000000006,-0.13908819997119992,-0.06700000000000017,-0.0710000000000015
55.3,TAKEOFF,COOLING_DEGRADATION,1.0,6903.09,82.84,629.32,5.559,70.76,22.819,25.951,1.73,24.554,19.234,6923.406319221028,80.04550800000001,634.7677142857143,5.5458643677194495,67.84395942857144,22.784057142857144,25.8844,1.722260631922103,24.6,19.133000000000003,-20.316319221027697,2.794491999999991,-5.447714285714255,0.013135632280550702,2.9160405714285673,0.03494285714285539,0.0666000000000011,0.007739368077896991,-0.04600000000000293,0.10099999999999909
55.4,TAKEOFF,COOLING_DEGRADATION,1.0,6905.95,82.65,632.5,5.509,70.94,22.852,25.881,1.731,24.595,19.134,6923.805037128572,80.04723871428573,634.8027551020408,5.546069603596909,67.84381065306123,22.786420408163266,25.8846,1.7223805037128572,24.6,19.134500000000003,-17.855037128571894,2.60276128571428,-2.3027551020408055,-0.03706960359690825,3.096189346938772,0.0655795918367339,-0.0035999999999987153,0.00861949628714287,-0.005000000000002558,-0.0005000000000023874
55.5,TAKEOFF,COOLING_DEGRADATION,1.0,6906.15,82.35,631.19,5.537,70.69,22.794,25.792,1.769,24.654,18.953,6924.6837916310205,80.04595542857143,634.8427959183674,5.546558045121991,67.83826787755102,22.79058367346939,25.885,1.7225483791631022,24.6,19.1375,-18.533791631020904,2.3040445714285624,-3.65279591836736,-0.009558045121990766,2.851732122448979,0.0034163265306119683,-0.09299999999999997,0.04645162083689769,0.053999999999998494,-0.1844999999999999
55.6,TAKEOFF,COOLING_DEGRADATION,1.0,6920.2,81.35,630.43,5.532,70.51,23.038,25.902,1.775,24.614,18.922,6925.562524046058,80.04727214285715,634.8828367346939,5.547007701925967,67.83832510204081,22.79474693877551,25.8854,1.7227162524046058,24.6,19.1405,-5.3625240460578425,1.3027278571428411,-4.45283673469396,-0.015007701925966899,2.6716748979591927,0.24325306122448964,0.016600000000000392,0.052283747595394114,0.013999999999999346,-0.2184999999999988
55.7,TAKEOFF,COOLING_DEGRADATION,1.0,6912.26,82.03,632.81,5.528,70.87,22.774,25.929,1.696,24.601,19.115,6925.961198249796,80.04640285714285,634.9178775510204,5.547251703370012,67.83257632653063,22.79711020408163,25.8856,1.7228361198249798,24.6,19.142,-13.701198249796107,1.9835971428571497,-2.107877551020465,-0.019251703370012585,3.0374236734693767,-0.023110204081628893,0.04339999999999833,-0.0268361198249798,0.0009999999999976694,-0.027000000000001023
55.8,TAKEOFF,COOLING_DEGRADATION,1.0,6910.37,82.9,629.45,5.533,70.61,22.84,25.891,1.82,24.641,19.133,6926.804070626939,80.04837857142857,634.9859183673469,5.5476853261672385,67.83229755102042,22.801673469387758,25.886,1.723080407062694,24.6,19.145,-16.4340706269395,2.851621428571434,-5.535918367346881,-0.014685326167238166,2.777702448979582,0.03832653061224178,0.004999999999999005,0.09691959293730612,0.04099999999999682,-0.012000000000000455
55.9,TAKEOFF,COOLING_DEGRADATION,1.0,6922.5,83.63,630.7,5.543,70.95,22.854,26.028,1.788,24.625,19.054,6927.728300163134,80.04560957142857,635.0239183673469,5.548196955456457,67.82677355102041,22.805673469387756,25.8864,1.7232528300163135,24.6,19.148,-5.2283001631340085,3.5843904285714245,-4.3239183673468915,-0.00519695545645682,3.123226448979594,0.048326530612243346,0.1416000000000004,0.06474716998368657,0.02499999999999858,-0.0940000000000012
56.0,TAKEOFF,COOLING_DEGRADATION,1.0,6911.19,82.29,634.29,5.524,70.87,22.752,25.864,1.669,24.567,19.207,6928.126931338971,80.04734028571428,635.0589591836733,5.548402154407568,67.82662477551021,22.80803673469388,25.8866,1.723372693133897,24.6,19.1495,-16.93693133897159,2.242659714285722,-0.7689591836733598,-0.024402154407567878,3.043375224489793,-0.05603673469387971,-0.02260000000000062,-0.05437269313389703,-0.03300000000000125,0.057500000000000995
56.1,TAKEOFF,COOLING_DEGRADATION,1.0,6917.38,82.36,632.5,5.509,70.71,22.947,25.914,1.738,24.623,19.242,6929.0055659479995,80.04605699999999,635.0989999999999,5.548890573583225,67.821082,22.812199999999997,25.887,1.7235405565947999,24.6,19.152499999999996,-11.625565947999348,2.313943000000009,-2.5989999999999327,-0.03989057358322423,2.8889179999999897,0.13480000000000203,0.027000000000001023,0.014459443405200112,0.022999999999999687,0.08950000000000458
56.2,TAKEOFF,COOLING_DEGRADATION,1.0,6924.58,82.06,631.39,5.476,70.71,22.868,25.993,1.663,24.599,19.062,6929.884178470727,80.0473737142857,635.1390408163264,5.54934018383537,67.8211392244898,22.816363265306126,25.8874,1.7237084178470727,24.6,19.155500000000004,-5.304178470727493,2.0126262857143047,-3.749040816326442,-0.07334018383537,2.888860775510196,0.0516367346938722,0.10559999999999903,-0.060708417847072704,-0.0010000000000012221,-0.09350000000000236
56.3,TAKEOFF,COOLING_DEGRADATION,1.0,6912.99,82.68,632.3,5.541,70.34,22.86,25.897,1.755,24.588,19.181,6930.282765945306,80.04650442857144,635.174081632653,5.549584172553862,67.8153904489796,22.818726530612242,25.8876,1.7238282765945305,24.6,19.157,-17.2927659453062,2.6334955714285684,-2.8740816326530876,-0.00858417255386179,2.5246095510204043,0.041273469387757444,0.009399999999999409,0.031171723405469365,-0.012000000000000455,0.02400000000000091
56.4,TAKEOFF,COOLING_DEGRADATION,1.0,6921.79,82.98,634.12,5.551,71.18,23.048,25.932,1.761,24.571,19.065,6931.161339935347,80.04782114285716,635.2141224489797,5.550033767997741,67.8154476734694,22.822889795918368,25.888,1.7239961339935348,24.6,19.16,-9.37133993534735,2.932178857142844,-1.0941224489796468,0.0009662320022592041,3.364552326530614,0.22511020408163063,0.04399999999999693,0.0370038660064651,-0.028999999999999915,-0.09499999999999886
56.5,TAKEOFF,COOLING_DEGRADATION,1.0,6917.45,82.27,632.65,5.507,70.68,22.743,25.892,1.722,24.555,19.194,6932.08548446733,80.04505214285716,635.2521224489797,5.550545393391356,67.80992367346938,22.82688979591837,25.8884,1.7241685484467333,24.6,19.163,-14.63548446733057,2.224947857142837,-2.602122448979685,-0.04354539339135677,2.870076326530622,-0.08388979591837042,0.0035999999999987153,-0.0021685484467333094,-0.045000000000001705,0.030999999999998806
56.6,TAKEOFF,COOLING_DEGRADATION,1.0,6930.64,82.62,630.28,5.539,71.3,22.719,25.828,1.694,24.709,19.093,6932.48403116307,80.04678285714286,635.2871632653062,5.550750556437716,67.80977489795919,22.829253061224488,25.8886,1.724288403116307,24.6,19.1645,-1.8440311630693031,2.573217142857146,-5.00716326530619,-0.011750556437716497,3.49022510204081,-0.11025306122448697,-0.060600000000000875,-0.030288403116307094,0.10899999999999821,-0.07150000000000034
56.7,TAKEOFF,COOLING_DEGRADATION,1.0,6921.14,83.32,630.79,5.517,71.01,22.863,25.851,1.741,24.605,19.075,6933.362550613716,80.04549957142858,635.3272040816328,5.551238955585048,67.80423212244898,22.833416326530614,25.889,1.7244562550613716,24.6,19.1675,-12.222550613715612,3.2745004285714145,-4.537204081632808,-0.03423895558504775,3.2057678775510254,0.02958367346938573,-0.038000000000000256,0.016543744938628535,0.004999999999999005,-0.09250000000000114
56.8,TAKEOFF,COOLING_DEGRADATION,1.0,6918.17,81.92,631.86,5.555,70.88,22.826,25.897,1.723,24.644,19.265,6934.241047979102,80.04681628571429,635.3672448979593,5.551688521409284,67.80428934693877,22.837579591836732,25.8894,1.7246241047979103,24.6,19.1705,-16.07104797910233,1.873183714285716,-3.5072448979592536,0.0033114785907155664,3.075710653061222,-0.01157959183673185,0.007600000000000051,-0.0016241047979101975,0.04399999999999693,0.09450000000000003
56.9,TAKEOFF,COOLING_DEGRADATION,1.0,6911.06,82.84,633.09,5.577,71.11,22.768,25.893,1.701,24.554,19.231,6934.639550976,80.045947,635.4022857142857,5.551932498621,67.79854057142859,22.839942857142862,25.8896,1.7247439550976,24.6,19.172,-23.579550975999155,2.7940530000000052,-2.312285714285622,0.0250675013789996,3.3114594285714105,-0.07194285714286153,0.0033999999999991815,-0.023743955097599967,-0.04600000000000293,0.05900000000000105
57.0,TAKEOFF,COOLING_DEGRADATION,1.0,6919.08,82.73,630.88,5.528,70.56,22.858,25.943,1.678,24.635,19.042,6935.527757485715,80.046437,635.4682857142857,5.552389242528767,67.79828057142858,22.844342857142856,25.89,1.7249927757485717,24.6,19.174999999999997,-16.447757485714646,2.6835630000000066,-4.588285714285689,-0.024389242528767063,2.761719428571425,0.013657142857145033,0.053000000000000824,-0.04699277574857175,0.03500000000000014,-0.13299999999999557
57.1,TAKEOFF,COOLING_DEGRADATION,1.0,6925.27,82.93,629.04,5.53,70.36,22.589,25.84,1.789,24.656,19.224,6936.406195584784,80.0451537142857,635.5083265306123,5.552877626975912,67.79273779591837,22.848506122448978,25.8904,1.7251606195584785,24.6,19.177999999999997,-11.136195584783309,2.8848462857143033,-6.46832653061233,-0.022877626975911447,2.5672622040816293,-0.25950612244897897,-0.05039999999999978,0.06383938044152138,0.055999999999997385,0.04600000000000293
57.2,TAKEOFF,COOLING_DEGRADATION,1.0,6922.9,82.1,630.62,5.525,70.86,22.883,25.857,1.656,24.612,19.353,6936.804655558694,80.04688442857143,635.5433673469387,5.553082753094898,67.79258902040817,22.850869387755104,25.8906,1.7252804655558696,24.6,19.1795,-13.904655558694685,2.053115571428563,-4.923367346938676,-0.02808275309489794,3.067410979591827,0.03213061224489522,-0.03359999999999985,-0.06928046555586964,0.011999999999996902,0.17350000000000065
57.3,TAKEOFF,COOLING_DEGRADATION,1.0,6935.92,82.66,629.51,5.502,71.0,22.918,25.868,1.771,24.517,19.225,6937.683055128,80.04560114285714,635.5834081632653,5.553571129883833,67.78704624489797,22.855032653061222,25.891,1.7254483055128,24.6,19.1825,-1.7630551279999054,2.6143988571428594,-6.073408163265299,-0.0515711298838335,3.212953755102035,0.06296734693877681,-0.022999999999999687,0.04555169448719987,-0.08300000000000196,0.042500000000000426
57.4,TAKEOFF,COOLING_DEGRADATION,1.0,6924.27,82.3,632.13,5.55,70.48,22.891,25.843,1.651,24.51,19.039,6938.561432613159,80.04691785714286,635.6234489795918,5.55402064915438,67.78710346938776,22.859195918367348,25.8914,1.725616143261316,24.6,19.185499999999998,-14.291432613158577,2.2530821428571386,-3.49344897959179,-0.004020649154380607,2.692896530612245,0.03180408163265014,-0.04840000000000089,-0.07461614326131594,-0.08999999999999986,-0.14649999999999608
57.5,TAKEOFF,COOLING_DEGRADATION,1.0,6924.69,83.54,629.45,5.529,71.02,22.832,25.862,1.76,24.532,19.061,6938.959848890776,80.04604857142857,635.6584897959183,5.55426461363241,67.78135469387756,22.861559183673467,25.8916,1.7257359848890779,24.6,19.186999999999998,-14.269848890776302,3.4939514285714353,-6.20848979591824,-0.025264613632409727,3.238645306122436,-0.02955918367346655,-0.02960000000000207,0.03426401511092214,-0.06800000000000139,-0.12599999999999767
57.6,TAKEOFF,COOLING_DEGRADATION,1.0,6924.31,82.93,632.13,5.551,70.81,22.909,25.871,1.771,24.687,19.176,6939.883834466939,80.04587957142857,635.6964897959183,5.554737368841343,67.78143069387755,22.86555918367347,25.892,1.725908383446694,24.6,19.189999999999998,-15.573834466938933,2.8841204285714355,-3.566489795918301,-0.003737368841342459,3.0285693061224492,0.043440816326530296,-0.021000000000000796,0.04509161655330596,0.08699999999999974,-0.013999999999999346
57.7,TAKEOFF,COOLING_DEGRADATION,1.0,6927.34,83.49,634.59,5.489,70.57,22.866,25.953,1.66,24.608,19.081,6940.762157417143,80.0445962857143,635.7365306122449,5.555225733252793,67.77588791836735,22.869722448979594,25.8924,1.7260762157417142,24.6,19.193,-13.422157417142444,3.445403714285689,-1.1465306122448737,-0.0662257332527929,2.7941120816326475,-0.003722448979594617,0.060600000000000875,-0.0660762157417143,0.007999999999999119,-0.11200000000000188
57.8,TAKEOFF,COOLING_DEGRADATION,1.0,6922.71,82.2,631.5,5.525,70.36,23.051,25.819,1.737,24.688,19.374,6941.160532920342,80.04632699999999,635.7715714285715,5.555430823465894,67.77573914285715,22.872085714285713,25.8926,1.7261960532920342,24.6,19.194499999999998,-18.450532920342084,2.153673000000012,-4.271571428571519,-0.030430823465893653,2.5842608571428514,0.17891428571428492,-0.07360000000000255,0.010803946707965917,0.08799999999999741,0.17950000000000088
57.9,TAKEOFF,COOLING_DEGRADATION,1.0,6930.12,82.78,629.65,5.533,71.14,22.788,25.863,1.774,24.572,19.213,6942.0388173426945,80.04504371428573,635.811612244898,5.555919180217703,67.77019636734694,22.87624897959184,25.893,1.7263638817342697,24.6,19.197499999999998,-11.918817342694638,2.7349562857142757,-6.161612244898038,-0.022919180217702895,3.36980363265306,-0.08824897959183886,-0.030000000000001137,0.04763611826573033,-0.028000000000002245,0.015500000000002956
58.0,TAKEOFF,COOLING_DEGRADATION,1.0,6927.31,81.6,631.32,5.499,71.23,22.944,25.931,1.679,24.568,19.221,6942.9170796819435,80.04636042857145,635.8516530612245,5.556368655058387,67.77025359183673,22.88041224489796,25.8934,1.7265317079681946,24.6,19.200499999999998,-15.607079681943105,1.5536395714285476,-4.5316530612244605,-0.0573686550583874,3.4597464081632694,0.06358775510203785,0.03760000000000119,-0.0475317079681945,-0.03200000000000003,0.02050000000000196
58.1,TAKEOFF,COOLING_DEGRADATION,1.0,6922.83,82.67,634.12,5.533,71.06,22.773,25.938,1.741,24.688,19.106,6943.315411491265,80.04549114285714,635.886693877551,5.556612608021659,67.76450481632654,22.882775510204084,25.8936,1.7266515411491266,24.6,19.202,-20.48541149126504,2.6245088571428568,-1.7666938775510062,-0.023612608021658765,3.2954951836734665,-0.10977551020408427,0.04439999999999955,0.014348458850873547,0.08799999999999741,-0.09600000000000009
58.2,TAKEOFF,COOLING_DEGRADATION,1.0,6930.86,83.14,630.61,5.512,71.11,22.716,25.934,1.809,24.586,19.163,6944.203395761633,80.04598114285714,635.9526938775509,5.55706927057699,67.76424481632654,22.88717551020408,25.894,1.7269003395761633,24.6,19.205000000000002,-13.343395761633474,3.0940188571428564,-5.342693877550914,-0.04506927057699084,3.345755183673461,-0.17117551020407973,0.0400000000000027,0.08209966042383665,-0.014000000000002899,-0.04200000000000159
58.3,TAKEOFF,COOLING_DEGRADATION,1.0,6937.5,82.69,630.72,5.549,71.35,22.929,25.926,1.724,24.575,19.212,6945.081598840555,80.04469785714285,635.9927346938775,5.557557612622529,67.75870204081633,22.891338775510206,25.8944,1.7270681598840558,24.6,19.208,-7.581598840554761,2.6453021428571475,-5.27273469387751,-0.00855761262252841,3.591297959183663,0.03766122448979203,0.03159999999999741,-0.0030681598840558433,-0.02500000000000213,0.004000000000001336
58.4,TAKEOFF,COOLING_DEGRADATION,1.0,6932.62,83.18,630.9,5.535,71.0,22.987,25.818,1.693,24.604,19.211,6945.479887631805,80.04642857142856,636.027775510204,5.557762665907235,67.75855326530612,22.89370204081633,25.8946,1.7271879887631805,24.6,19.2095,-12.859887631804668,3.133571428571443,-5.12777551020406,-0.022762665907234414,3.2414467346938807,0.09329795918366912,-0.07659999999999911,-0.03418798876318041,0.003999999999997783,0.0015000000000000568
58.5,TAKEOFF,COOLING_DEGRADATION,1.0,6922.88,82.01,634.41,5.578,71.16,22.842,25.827,1.693,24.605,19.206,6946.358052184898,80.0451452857143,636.0678163265306,5.55825100029168,67.75301048979593,22.897865306122448,25.895,1.72735580521849,24.6,19.2125,-23.478052184897933,1.964854714285707,-1.6578163265306785,0.019748999708320447,3.4069895102040704,-0.055865306122449,-0.06799999999999784,-0.03435580521849002,0.004999999999999005,-0.006499999999999062
58.6,TAKEOFF,COOLING_DEGRADATION,1.0,6935.35,83.02,632.04,5.565,70.85,22.984,25.887,1.701,24.604,19.138,6947.236194656,80.046462,636.1078571428571,5.558700428576815,67.75306771428572,22.90202857142857,25.8954,1.7275236194656,24.6,19.2155,-11.886194656000043,2.9735379999999907,-4.067857142857179,0.0062995714231854905,3.0969322857142743,0.08197142857143191,-0.008399999999998187,-0.0265236194656,0.003999999999997783,-0.07749999999999702
58.7,TAKEOFF,COOLING_DEGRADATION,1.0,6945.97,83.51,630.83,5.565,70.86,22.943,25.981,1.739,24.614,19.276,6947.680140360686,80.04410700000001,636.1408571428572,5.558967648609347,67.74733771428572,22.904228571428572,25.8956,1.7276480140360686,24.6,19.217,-1.7101403606857275,3.465892999999994,-5.310857142857117,0.006032351390653723,3.112662285714279,0.03877142857142957,0.08539999999999992,0.011351985963931499,0.013999999999999346,0.05900000000000105
58.8,TAKEOFF,COOLING_DEGRADATION,1.0,6928.17,81.49,636.55,5.495,71.08,22.747,25.92,1.892,24.641,19.348,6948.558250383674,80.04542371428573,636.1808979591838,5.559417065178701,67.74739493877551,22.908391836734694,25.896,1.7278158250383675,24.6,19.22,-20.38825038367395,1.4445762857142626,0.3691020408161876,-0.06441706517870127,3.332605061224484,-0.16139183673469404,0.02400000000000091,0.1641841749616324,0.04099999999999682,0.1280000000000001
58.9,TAKEOFF,COOLING_DEGRADATION,1.0,6929.45,82.11,635.56,5.547,70.77,22.846,25.88,1.699,24.572,19.278,6949.436338325159,80.04414042857142,636.2209387755101,5.559905387179747,67.7418521632653,22.912555102040812,25.8964,1.7279836338325163,24.6,19.223,-19.986338325159522,2.0658595714285752,-0.6609387755102034,-0.012905387179746874,3.0281478367346892,-0.06655510204081239,-0.01640000000000086,-0.02898363383251623,-0.028000000000002245,0.054999999999999716
59.0,TAKEOFF,COOLING_DEGRADATION,1.0,6938.52,82.12,632.4,5.498,70.41,22.853,25.876,1.739,24.609,19.169,6949.834542655086,80.04587114285715,636.2559795918366,5.560110404557434,67.74170338775511,22.914918367346942,25.8966,1.7281034542655087,24.6,19.2245,-11.31454265508546,2.0741288571428527,-3.8559795918366717,-0.06211040455743344,2.6682966122448875,-0.061918367346940784,-0.020599999999998175,0.010896545734491392,0.009000000000000341,-0.05549999999999855
59.1,TAKEOFF,COOLING_DEGRADATION,1.0,6942.95,82.93,629.03,5.522,71.06,23.129,25.935,1.803,24.662,19.205,6950.712592072653,80.04458785714286,636.2960204081633,5.560598718895953,67.7361606122449,22.919081632653057,25.897,1.7282712592072655,24.6,19.2275,-7.762592072653206,2.885412142857149,-7.2660204081632855,-0.0385987188959529,3.3238393877551005,0.20991836734694402,0.038000000000000256,0.0747287407927344,0.06199999999999761,-0.022500000000000853
59.2,TAKEOFF,COOLING_DEGRADATION,1.0,6936.2,82.68,631.34,5.544,71.14,22.855,25.762,1.722,24.566,19.151,6951.590619409275,80.04590457142858,636.3360612244899,5.561048102749272,67.7362178367347,22.923244897959187,25.8974,1.7284390619409276,24.6,19.2305,-15.390619409275132,2.6340954285714275,-4.996061224489836,-0.017048102749272154,3.403782163265305,-0.06824489795918609,-0.13540000000000063,-0.006439061940927582,-0.03400000000000247,-0.07949999999999946
59.3,TAKEOFF,COOLING_DEGRADATION,1.0,6943.57,82.18,632.29,5.537,70.96,22.861,25.881,1.716,24.647,19.082,6952.034510801371,80.04354957142857,636.3690612244898,5.561315327390403,67.7304878367347,22.92544489795918,25.8976,1.728563451080137,24.6,19.232,-8.464510801371034,2.136450428571436,-4.079061224489806,-0.02431532739040332,3.229512163265298,-0.06444489795918074,-0.016600000000000392,-0.012563451080137122,0.046999999999997044,-0.14999999999999858
59.4,TAKEOFF,COOLING_DEGRADATION,1.0,6941.97,81.91,634.8,5.552,70.93,22.601,25.966,1.698,24.619,19.135,6952.876542102858,80.04552528571428,636.4371020408164,5.561748612646147,67.7302090612245,22.930008163265306,25.898,1.728807654210286,24.6,19.235,-10.906542102858111,1.8644747142857199,-1.637102040816444,-0.009748612646147237,3.1997909387755072,-0.329008163265307,0.06800000000000139,-0.030807654210285973,0.01899999999999835,-0.09999999999999787
59.5,TAKEOFF,COOLING_DEGRADATION,1.0,6947.19,82.57,635.81,5.576,70.73,22.983,25.907,1.814,24.665,19.163,6953.754510185144,80.044242,636.4771428571429,5.562236912272313,67.72466628571429,22.934171428571428,25.8984,1.7289754510185145,24.6,19.238,-6.564510185144172,2.525757999999996,-0.6671428571429487,0.013763087727686418,3.0053337142857117,0.04882857142857233,0.008600000000001273,0.08502454898148559,0.06499999999999773,-0.07499999999999929
59.6,TAKEOFF,COOLING_DEGRADATION,1.0,6946.64,82.09,632.29,5.535,70.56,22.826,25.939,1.703,24.618,19.288,6954.152627812997,80.04597271428571,636.5121836734694,5.562441892720585,67.7245175102041,22.93653469387755,25.898600000000002,1.7290952627812997,24.6,19.2395,-7.51262781299647,2.044027285714293,-4.222183673469431,-0.02744189272058506,2.8354824897959077,-0.11053469387755044,0.040399999999998215,-0.02609526278129959,0.01799999999999713,0.048500000000000654
59.7,TAKEOFF,COOLING_DEGRADATION,1.0,6942.85,82.9,633.05,5.494,71.61,22.939,25.839,1.654,24.644,19.283,6955.030557373388,80.04468942857143,636.552224489796,5.562930184682773,67.71897473469389,22.940697959183677,25.899,1.7292630557373387,24.6,19.2425,-12.180557373387273,2.855310571428575,-3.502224489796049,-0.06893018468277301,3.891025265306112,-0.001697959183676545,-0.060000000000002274,-0.07526305573733882,0.04399999999999693,0.040500000000001535
59.8,TAKEOFF,COOLING_DEGRADATION,1.0,6947.77,81.5,634.57,5.555,70.66,23.079,25.894,1.781,24.602,19.356,6955.908464853943,80.04600614285714,636.5922653061225,5.563379521978687,67.71903195918368,22.944861224489795,25.8994,1.7294308464853945,24.6,19.2455,-8.138464853942423,1.4539938571428621,-2.022265306122449,-0.00837952197868752,2.9409680408163155,0.13413877551020548,-0.005400000000001626,0.05156915351460545,0.0019999999999988916,0.11050000000000182
59.9,TAKEOFF,COOLING_DEGRADATION,1.0,6938.59,82.17,635.94,5.596,71.09,22.807,25.897,1.79,24.512,19.246,6956.352299454172,80.04365114285714,636.6252653061224,5.563646749896018,67.71330195918368,22.947061224489797,25.8996,1.7295552299454173,24.6,19.247,-17.762299454171625,2.126348857142858,-0.6852653061223464,0.03235325010398249,3.376698040816322,-0.14006122448979852,-0.002600000000001046,0.06044477005458271,-0.08800000000000097,-0.0010000000000012221
60.0,CLIMB,COOLING_DEGRADATION,1.0,6916.66,81.72,632.51,5.549,70.7,20.81,25.711,1.702,24.601,17.776,6499.19967244898,80.03061785714284,613.4653061224491,5.329372578117519,67.72575918367347,20.891224489795917,25.7,1.631919967244898,24.6,17.75,417.4603275510199,1.6893821428571556,19.044693877550912,0.21962742188248097,2.974240816326528,-0.08122448979591823,0.010999999999999233,0.07008003275510188,0.0009999999999976694,0.0259999999999998
60.1,CLIMB,COOLING_DEGRADATION,1.0,6899.96,82.84,631.56,5.467,70.72,20.87,25.756,1.686,24.588,17.774,6498.666251662236,80.03074428571428,613.436387755102,5.3291351121249,67.72025163265306,20.889351020408167,25.6998,1.6317866251662236,24.6,17.7485,401.29374833776365,2.809255714285726,18.123612244897913,0.1378648878750992,2.999748367346939,-0.019351020408166164,0.05620000000000047,0.05421337483377631,-0.012000000000000455,0.025500000000000966
60.2,CLIMB,COOLING_DEGRADATION,1.0,6879.62,82.09,631.16,5.481,70.91,21.009,25.679,1.763,24.687,17.729,6498.056590636409,80.03041542857142,613.4375102040817,5.3288972779744554,67.70878930612244,20.88804081632653,25.6996,1.631725659063641,24.6,17.747,381.56340936359084,2.059584571428587,17.72248979591825,0.15210272202554442,3.201210693877556,0.12095918367347025,-0.020600000000001728,0.1312743409363588,0.08699999999999974,-0.018000000000000682
60.3,CLIMB,COOLING_DEGRADATION,1.0,6863.3,82.54,630.38,5.551,71.06,21.079,25.754,1.699,24.663,17.714,6497.523189364115,80.03054185714286,613.4085918367347,5.328659806631359,67.70328175510205,20.886167346938777,25.6994,1.6315923189364114,24.6,17.7455,365.77681063588534,2.5094581428571416,16.971408163265323,0.22234019336864108,3.356718244897948,0.19283265306122388,0.05460000000000065,0.06740768106358863,0.06299999999999883,-0.031500000000001194
60.4,CLIMB,COOLING_DEGRADATION,1.0,6845.13,82.62,635.52,5.529,70.81,20.887,25.633,1.655,24.514,17.925,6497.437700137372,80.02831328571429,613.4126734693878,5.3286890260687105,67.69204420408164,20.886493877551022,25.6994,1.6315837700137372,24.6,17.7455,347.6922998626278,2.5916867142857143,22.107326530612227,0.20031097393128938,3.1179557959183626,0.0005061224489786298,-0.06640000000000157,0.023416229986262804,-0.08600000000000207,0.17950000000000088
60.5,CLIMB,COOLING_DEGRADATION,1.0,6823.49,82.55,630.91,5.539,71.25,20.774,25.72,1.684,24.591,17.86,6496.861569914515,80.02992542857143,613.3857959183673,5.328429773750425,67.68651787755103,20.884783673469386,25.6992,1.6314461569914513,24.6,17.744,326.628430085485,2.520074571428566,17.52420408163266,0.21057022624957433,3.563482122448974,-0.11078367346938478,0.02079999999999771,0.052553843008548595,-0.009000000000000341,0.11599999999999966
60.6,CLIMB,COOLING_DEGRADATION,1.0,6818.55,82.75,629.81,5.412,70.81,20.914,25.666,1.623,24.588,17.55,6496.294701275265,80.02811085714285,613.3848775510204,5.328213699983804,67.67507432653062,20.88331020408163,25.699,1.6313894701275264,24.6,17.7425,322.25529872473544,2.721889142857151,16.42512244897955,0.0837863000161958,3.1349256734693824,0.030689795918370066,-0.03300000000000125,-0.008389470127526444,-0.012000000000000455,-0.192499999999999
60.7,CLIMB,COOLING_DEGRADATION,1.0,6787.93,83.08,633.57,5.467,70.95,20.979,25.688,1.641,24.61,17.896,6495.761332234678,80.02823728571428,613.3559591836735,5.327976217466682,67.6695667755102,20.881436734693878,25.6988,1.6312561332234679,24.6,17.741,292.1686677653224,3.051762714285715,20.214040816326587,0.13902378253331804,3.280433224489798,0.09756326530612114,-0.010799999999999699,0.009743866776532162,0.00999999999999801,0.15500000000000114
60.8,CLIMB,COOLING_DEGRADATION,1.0,6778.07,82.84,631.14,5.496,70.86,21.012,25.727,1.625,24.457,17.785,6495.151753623053,80.03050842857142,613.357081632653,5.327701988492949,67.6637044489796,20.880126530612248,25.6986,1.631195175362305,24.6,17.7395,282.9182463769466,2.8094915714285804,17.78291836734695,0.16829801150705137,3.1962955510203983,0.13187346938775235,0.028400000000001313,-0.006195175362305072,-0.14300000000000068,0.04550000000000054
60.9,CLIMB,COOLING_DEGRADATION,1.0,6762.02,82.64,629.86,5.484,71.41,20.775,25.606,1.586,24.582,17.769,6494.618404098613,80.02803485714286,613.3281632653061,5.327500873478645,67.65259689795919,20.878253061224495,25.6984,1.6310618404098614,24.6,17.738,267.40159590138774,2.6119651428571444,16.53183673469391,0.15649912652135534,3.7574031020408114,-0.10325306122449618,-0.09239999999999782,-0.045061840409861276,-0.018000000000000682,0.030999999999998806
61.0,CLIMB,COOLING_DEGRADATION,1.0,6749.35,82.52,632.3,5.421,71.3,20.828,25.679,1.616,24.526,17.785,6494.5329452199185,80.02840628571428,613.3322448979592,5.327493702104906,67.64695934693877,20.87857959183674,25.6984,1.631053294521992,24.6,17.738,254.8170547800819,2.491593714285713,18.96775510204077,0.09350629789509401,3.6530406530612254,-0.050579591836740434,-0.019400000000000972,-0.015053294521991889,-0.07400000000000162,0.0470000000000006
61.1,CLIMB,COOLING_DEGRADATION,1.0,6726.83,82.17,630.51,5.479,71.14,20.822,25.637,1.549,24.682,17.851,6493.95688192031,80.02741842857142,613.3053673469389,5.327270808206487,67.63583302040817,20.8768693877551,25.6982,1.630915688192031,24.6,17.7365,232.87311807969036,2.142581571428579,17.20463265306114,0.15172919179351307,3.5041669795918295,-0.05486938775510097,-0.06119999999999948,-0.0819156881920311,0.08199999999999719,0.1144999999999996
61.2,CLIMB,COOLING_DEGRADATION,1.0,6734.91,82.78,634.27,5.447,70.76,20.931,25.697,1.676,24.686,17.603,6493.423554884245,80.02754485714286,613.2764489795919,5.327033313405451,67.63032546938776,20.87499591836735,25.698,1.6307823554884247,24.6,17.735,241.48644511575458,2.752455142857144,20.993551020408063,0.11996668659454901,3.129674530612249,0.05600408163265058,-0.0010000000000012221,0.04521764451157528,0.08599999999999852,-0.1319999999999979
61.3,CLIMB,COOLING_DEGRADATION,1.0,6722.63,83.22,631.24,5.445,70.42,20.953,25.689,1.686,24.672,17.752,6492.856763233143,80.02833028571429,613.275530612245,5.326780847891413,67.62448191836735,20.873522448979593,25.6978,1.6307256763233144,24.6,17.7335,229.77323676685683,3.191669714285709,17.964469387755003,0.11821915210858691,2.7955180816326504,0.07947755102040688,-0.008800000000000807,0.0552743236766855,0.07199999999999918,0.018499999999999517
61.4,CLIMB,COOLING_DEGRADATION,1.0,6702.51,82.36,632.53,5.413,70.77,21.082,25.723,1.739,24.53,17.73,6492.280735335968,80.02734242857143,613.2486530612244,5.32655794053456,67.61335559183674,20.871812244897956,25.6976,1.630588073533597,24.6,17.732,210.2292646640326,2.3326575714285696,19.281346938775528,0.08644205946544048,3.1566444081632596,0.21018775510204435,0.025399999999997647,0.10841192646640319,-0.07000000000000028,-0.0019999999999988916
61.5,CLIMB,COOLING_DEGRADATION,1.0,6681.42,82.93,629.06,5.353,70.92,20.796,25.786,1.661,24.539,17.627,6491.713969266612,80.02812785714288,613.2477346938776,5.326305471831907,67.60751204081633,20.870338775510206,25.697400000000002,1.6305313969266613,24.6,17.7305,189.7060307333877,2.9018721428571297,15.812265306122299,0.02669452816809237,3.3124879591836702,-0.07433877551020629,0.08859999999999957,0.030468603073338762,-0.06099999999999994,-0.10350000000000037
61.6,CLIMB,COOLING_DEGRADATION,1.0,6688.33,82.45,631.11,5.422,71.4,20.809,25.712,1.576,24.688,17.746,6491.6620056722295,80.0252402857143,613.2238163265306,5.32634961526106,67.59661048979592,20.870265306122448,25.697400000000002,1.630446200567223,24.6,17.7305,196.66799432777043,2.424759714285699,17.886183673469418,0.09565038473893939,3.8033895102040844,-0.06126530612244707,0.014599999999997948,-0.054446200567222824,0.08799999999999741,0.015499999999999403
61.7,CLIMB,COOLING_DEGRADATION,1.0,6673.0,83.01,631.56,5.462,70.81,20.777,25.662,1.605,24.666,17.49,6491.052544365715,80.02751142857143,613.2249387755102,5.326075377891369,67.59074816326532,20.868955102040815,25.6972,1.6303852544365713,24.6,17.729,181.94745563428478,2.9824885714285756,18.335061224489777,0.13592462210863054,3.219251836734685,-0.09195510204081359,-0.035199999999999676,-0.02538525443657136,0.06599999999999895,-0.23900000000000077
61.8,CLIMB,COOLING_DEGRADATION,1.0,6663.91,83.18,628.16,5.415,71.21,20.671,25.648,1.635,24.545,17.733,6490.51926908449,80.02503785714286,613.1960204081633,5.325874216477423,67.5796406122449,20.867081632653058,25.697,1.6302519269084492,24.6,17.7275,173.39073091551018,3.154962142857144,14.963979591836619,0.08912578352257672,3.6303593877550924,-0.19608163265305834,-0.04899999999999949,0.004748073091550786,-0.054999999999999716,0.005500000000001393
61.9,CLIMB,COOLING_DEGRADATION,1.0,6658.16,82.91,630.4,5.397,71.32,20.772,25.677,1.691,24.56,17.701,6489.952544678205,80.02582328571428,613.1951020408163,5.325621739722297,67.5737970612245,20.865608163265307,25.6968,1.6301952544678207,24.6,17.726,168.20745532179444,2.884176714285715,17.204897959183654,0.07137826027770355,3.7462029387754967,-0.09360816326530852,-0.01980000000000004,0.060804745532179405,-0.0400000000000027,-0.02499999999999858
62.0,CLIMB,COOLING_DEGRADATION,1.0,6647.9,83.59,630.78,5.37,71.18,21.019,25.778,1.693,24.646,17.739,6489.376583712392,80.02743542857144,613.168224489796,5.325362464645526,67.56827073469387,20.86389795918367,25.6966,1.6300576583712392,24.6,17.7245,158.5234162876077,3.5625645714285668,17.611775510203984,0.044637535354474345,3.6117292653061384,0.1551020408163275,0.08139999999999858,0.06294234162876089,0.045999999999999375,0.014500000000001734
62.1,CLIMB,COOLING_DEGRADATION,1.0,6644.04,81.7,631.1,5.403,71.2,20.859,25.683,1.681,24.596,17.796,6488.809884888687,80.02562085714285,613.167306122449,5.325146325214302,67.55682718367348,20.86242448979592,25.6964,1.6300009884888687,24.6,17.723,155.23011511131335,1.6743791428571484,17.93269387755106,0.07785367478569771,3.6431728163265262,-0.0034244897959183618,-0.013400000000000745,0.0509990115111314,-0.004000000000001336,0.0730000000000004
62.2,CLIMB,COOLING_DEGRADATION,1.0,6640.71,82.81,630.13,5.403,71.34,21.028,25.707,1.631,24.588,17.672,6488.757936156343,80.0253332857143,613.143387755102,5.325154104922333,67.55152563265307,20.862351020408166,25.6964,1.6299157936156345,24.6,17.723,151.95206384365702,2.784666714285706,16.98661224489797,0.07784589507766615,3.788474367346936,0.16564897959183256,0.010600000000000165,0.0010842063843654604,-0.012000000000000455,-0.05099999999999838
62.3,CLIMB,COOLING_DEGRADATION,1.0,6631.9,82.91,627.59,5.335,70.88,20.947,25.664,1.655,24.655,17.648,6488.148557271298,80.02500442857144,613.1445102040816,5.3249161989197225,67.54006330612245,20.861040816326533,25.6962,1.62985485572713,24.6,17.7215,143.75144272870148,2.8849955714285613,14.445489795918434,0.01008380108027751,3.339936693877547,0.08595918367346655,-0.03219999999999956,0.025145144272870068,0.054999999999999716,-0.07349999999999923
62.4,CLIMB,COOLING_DEGRADATION,1.0,6624.13,83.41,632.01,5.36,70.9,20.984,25.653,1.712,24.642,17.871,6487.615333749551,80.02513085714284,613.1155918367347,5.3246786740999745,67.53455575510205,20.859167346938772,25.696,1.6297215333749553,24.6,17.72,136.5146662504494,3.3848691428571556,18.894408163265325,0.03532132590002579,3.365444244897958,0.12483265306122959,-0.043000000000002814,0.08227846662504468,0.04199999999999804,0.1509999999999998
62.5,CLIMB,COOLING_DEGRADATION,1.0,6603.85,82.63,628.15,5.394,70.78,20.863,25.737,1.658,24.632,17.72,6487.082117054157,80.02525728571428,613.0866734693877,5.324441146905025,67.52904820408163,20.85729387755102,25.6958,1.6295882117054157,24.6,17.718500000000002,116.76788294584367,2.6047427142857202,15.063326530612244,0.06955885309497489,3.2509517959183682,0.005706122448980722,0.0411999999999999,0.02841178829458424,0.03200000000000003,0.0014999999999965041
62.6,CLIMB,COOLING_DEGRADATION,1.0,6607.85,82.43,629.78,5.327,70.98,20.887,25.642,1.67,24.578,17.598,6486.5154696426125,80.02344271428572,613.0857551020408,5.32422498533742,67.51760465306123,20.855820408163265,25.6956,1.6295315469642613,24.6,17.717,121.33453035738785,2.4065572857142854,16.694244897959152,0.002775014662580233,3.462395346938777,0.03117959183673591,-0.053599999999999426,0.04046845303573865,-0.022000000000002018,-0.11899999999999977
62.7,CLIMB,COOLING_DEGRADATION,1.0,6598.63,82.38,627.96,5.393,70.83,20.929,25.701,1.665,24.515,17.679,6485.939585387102,80.02505485714286,613.0588775510204,5.323965698214719,67.51207832653061,20.854110204081636,25.6954,1.62939395853871,24.6,17.7155,112.69041461289817,2.354945142857133,14.901122448979663,0.06903430178528058,3.3179216734693853,0.07488979591836298,0.00560000000000116,0.03560604146128998,-0.08500000000000085,-0.0365000000000002
62.8,CLIMB,COOLING_DEGRADATION,1.0,6598.91,82.94,625.3,5.386,71.42,20.769,25.762,1.673,24.63,17.587,6485.854217118367,80.02282628571427,613.0629591836735,5.3239948331257745,67.50084077551021,20.85443673469388,25.6954,1.6293854217118366,24.6,17.7155,113.0557828816327,2.917173714285724,12.237040816326498,0.06200516687422564,3.919159224489789,-0.08543673469388224,0.0666000000000011,0.0436145782881634,0.029999999999997584,-0.12849999999999895
62.9,CLIMB,COOLING_DEGRADATION,1.0,6587.59,84.01,626.59,5.357,70.8,20.847,25.701,1.632,24.543,17.522,6485.3210326656,80.02295271428571,613.0340408163265,5.323757294778491,67.4953332244898,20.852563265306124,25.6952,1.6292521032665601,24.6,17.714,102.26896733440026,3.987047285714297,13.555959183673508,0.03324270522150918,3.3046667755101993,-0.005563265306122389,0.0058000000000006935,0.002747896733439781,-0.05700000000000216,-0.19200000000000017
63.0,CLIMB,COOLING_DEGRADATION,1.0,6584.35,82.33,624.15,5.367,71.12,20.774,25.7,1.614,24.563,17.732,6484.7117489,80.02262385714285,613.0351632653061,5.323519363888753,67.48387089795918,20.851253061224494,25.695,1.62919117489,24.6,17.7125,99.63825110000016,2.3073761428571515,11.114836734693881,0.04348063611124697,3.636129102040826,-0.07725306122449282,0.004999999999999005,-0.015191174889999992,-0.037000000000002586,0.01950000000000074
63.1,CLIMB,COOLING_DEGRADATION,1.0,6573.94,83.17,627.62,5.378,71.41,20.797,25.548,1.69,24.562,17.658,6484.178583969699,80.0227502857143,613.0062448979592,5.323281820206879,67.47836334693878,20.849379591836733,25.6948,1.6290578583969697,24.6,17.711,89.761416030301,3.1472497142857065,14.613755102040841,0.0547181797931211,3.9316366530612186,-0.052379591836732686,-0.14680000000000248,0.06094214160303024,-0.038000000000000256,-0.05299999999999727
63.2,CLIMB,COOLING_DEGRADATION,1.0,6572.54,82.86,627.79,5.374,70.76,20.784,25.699,1.6,24.632,17.896,6483.612003808262,80.02353571428571,613.0053265306121,5.323029322932785,67.47251979591837,20.847906122448983,25.6946,1.629001200380826,24.6,17.7095,88.9279961917382,2.8364642857142854,14.784673469387826,0.050970677067214254,3.287480204081632,-0.06390612244898364,0.004400000000000404,-0.029001200380825987,0.03200000000000003,0.18650000000000233
63.3,CLIMB,COOLING_DEGRADATION,1.0,6568.61,82.84,629.98,5.302,71.02,20.897,25.656,1.621,24.727,17.659,6483.0361864954775,80.02254785714287,612.9784489795919,5.322806333113926,67.46139346938776,20.846195918367346,25.6944,1.628863618649548,24.6,17.708,85.57381350452215,2.8174521428571353,17.0015510204081,-0.0208063331139261,3.558606530612238,0.05080408163265204,-0.038400000000002876,-0.007863618649547988,0.1269999999999989,-0.04899999999999949
63.4,CLIMB,COOLING_DEGRADATION,1.0,6565.94,83.01,627.61,5.36,71.16,20.763,25.702,1.638,24.593,17.621,6482.950848578873,80.0229192857143,612.9825306122449,5.3227991421032375,67.45575591836736,20.84652244897959,25.6944,1.6288550848578875,24.6,17.708,82.98915142112673,2.9870807142857103,14.627469387755127,0.03720085789676286,3.7042440816326376,-0.08352244897958983,0.007600000000000051,0.009144915142112353,-0.0070000000000014495,-0.08699999999999974
63.5,CLIMB,COOLING_DEGRADATION,1.0,6552.53,83.61,626.94,5.333,70.99,20.795,25.609,1.628,24.675,17.702,6482.417715894139,80.02044571428571,612.953612244898,5.322597891799861,67.44464836734694,20.844648979591835,25.6942,1.628721771589414,24.6,17.7065,70.11228410586045,3.5895542857142857,13.9863877551021,0.010402108200139537,3.545351632653052,-0.0496489795918329,-0.08519999999999683,-0.0007217715894141108,0.07499999999999929,-0.004499999999996618
63.6,CLIMB,COOLING_DEGRADATION,1.0,6556.9,81.52,625.94,5.339,71.88,20.847,25.761,1.66,24.522,17.713,6481.841926973878,80.02205785714285,612.9267346938775,5.322338588882378,67.43912204081633,20.842938775510206,25.694,1.6285841926973879,24.6,17.705,75.05807302612175,1.4979421428571413,13.013265306122548,0.01666141111762265,4.440877959183666,0.004061224489795734,0.06700000000000017,0.031415807302612064,-0.07800000000000296,0.008000000000002672
63.7,CLIMB,COOLING_DEGRADATION,1.0,6549.06,83.85,627.12,5.374,70.61,20.712,25.631,1.608,24.608,17.593,6481.275401395837,80.0228432857143,612.9258163265306,5.3220860836981965,67.43327848979592,20.84146530612245,25.6938,1.6285275401395838,24.6,17.7035,67.78459860416297,3.8271567142856924,14.19418367346941,0.0519139163018032,3.176721510204075,-0.12946530612245155,-0.0627999999999993,-0.02052754013958369,0.007999999999999119,-0.11049999999999827
63.8,CLIMB,COOLING_DEGRADATION,1.0,6537.3,82.82,626.86,5.376,71.35,20.68,25.654,1.569,24.594,17.613,6480.742295063772,80.0203697142857,612.8968979591838,5.321884816309046,67.42217093877551,20.839591836734698,25.6936,1.6283942295063774,24.6,17.702,56.55770493622822,2.7996302857142865,13.963102040816239,0.05411518369095436,3.927829061224486,-0.15959183673469823,-0.03960000000000008,-0.059394229506377405,-0.006000000000000227,-0.08900000000000219
63.9,CLIMB,COOLING_DEGRADATION,1.0,6533.85,83.11,627.2,5.351,71.07,20.868,25.696,1.647,24.463,17.751,6480.175791903674,80.02115514285715,612.8959795918369,5.321632306586948,67.4163273877551,20.83811836734694,25.6934,1.6283375791903676,24.6,17.700499999999998,53.674208096326765,3.0888448571428455,14.304020408163183,0.02936769341305201,3.6536726122448897,0.029881632653058432,0.002600000000001046,0.01866242080963243,-0.13700000000000045,0.0505000000000031
64.0,CLIMB,COOLING_DEGRADATION,1.0,6557.64,82.55,627.06,5.358,70.97,20.695,25.701,1.672,24.582,17.586,6480.08123355556,80.0197532857143,612.8741020408164,5.32165460212461,67.4054070612245,20.838208163265307,25.6934,1.628248123355556,24.6,17.700499999999998,77.55876644444015,2.5302467142856955,14.185897959183535,0.036345397875389374,3.5645929387755046,-0.1432081632653066,0.007600000000000051,0.04375187664444402,-0.018000000000000682,-0.1144999999999996
64.1,CLIMB,COOLING_DEGRADATION,1.0,6540.88,83.18,624.44,5.376,71.12,20.703,25.611,1.646,24.669,17.893,6479.514749646367,80.02053871428572,612.8731836734695,5.321402088910799,67.39956351020409,20.836734693877553,25.6932,1.6281914749646367,24.6,17.698999999999998,61.3652503536332,3.1594612857142863,11.566816326530557,0.054597911089201645,3.7204364897959152,-0.1337346938775532,-0.08220000000000027,0.017808525035363232,0.06899999999999906,0.19400000000000261
64.2,CLIMB,COOLING_DEGRADATION,1.0,6533.72,83.56,624.69,5.294,70.65,20.739,25.714,1.76,24.592,17.808,6478.981675563429,80.01806514285715,612.8442653061226,5.321200800522725,67.38845595918367,20.8348612244898,25.693,1.6280581675563432,24.6,17.697499999999998,54.73832443657102,3.5419348571428486,11.845734693877489,-0.02720080052272511,3.2615440408163323,-0.0958612244897985,0.020999999999997243,0.13194183244365676,-0.008000000000002672,0.11050000000000182
64.3,CLIMB,COOLING_DEGRADATION,1.0,6543.58,83.55,625.9,5.348,71.19,20.876,25.668,1.61,24.621,17.496,6478.372569353143,80.0203362857143,612.8453877551021,5.320926543983174,67.38259363265307,20.833551020408162,25.6928,1.6279972569353145,24.6,17.696,65.20743064685666,3.5296637142857037,13.05461224489784,0.02707345601682576,3.8074063673469283,0.04244897959183902,-0.024799999999999045,-0.0179972569353144,0.020999999999997243,-0.20000000000000284
64.4,CLIMB,COOLING_DEGRADATION,1.0,6538.79,83.25,625.43,5.349,71.32,20.902,25.683,1.703,24.655,17.839,6477.839514796425,80.02046271428573,612.8164693877552,5.3206889679704865,67.37708608163265,20.83167755102041,25.6926,1.6278639514796427,24.6,17.694499999999998,60.95048520357523,3.2295372857142723,12.613530612244745,0.028311032029513683,3.9429139183673385,0.07032244897959217,-0.009599999999998943,0.07513604852035738,0.054999999999999716,0.14450000000000074
64.5,CLIMB,COOLING_DEGRADATION,1.0,6530.97,82.81,623.12,5.333,71.66,20.816,25.738,1.676,24.593,17.907,6477.273078891723,80.01864814285713,612.8155510204082,5.320472722951422,67.36564253061225,20.830204081632655,25.6924,1.6278073078891724,24.6,17.693,53.69692110827691,2.791351857142871,10.304448979591825,0.012527277048578256,4.294357469387748,-0.01420408163265563,0.04560000000000031,0.04819269211082755,-0.0070000000000014495,0.21399999999999864
64.6,CLIMB,COOLING_DEGRADATION,1.0,6522.87,82.81,624.67,5.333,71.06,20.955,25.615,1.631,24.613,17.543,6477.178550595918,80.01984628571427,612.7936734693877,5.320458725204125,67.36032220408164,20.830293877551018,25.6924,1.6277178550595917,24.6,17.693,45.69144940408205,2.7901537142857364,11.876326530612232,0.012541274795875523,3.6996777959183618,0.1247061224489805,-0.0774000000000008,0.003282144940408349,0.012999999999998124,-0.15000000000000213
64.7,CLIMB,COOLING_DEGRADATION,1.0,6515.3,83.31,625.66,5.317,71.77,20.825,25.681,1.613,24.605,17.697,6476.612133942857,80.01803171428571,612.7927551020408,5.320242472994996,67.34887865306123,20.82882040816326,25.6922,1.6276612133942856,24.6,17.691499999999998,38.687866057142855,3.2919682857142902,12.867244897959154,-0.0032424729949962483,4.421121346938762,-0.00382040816326068,-0.011199999999998766,-0.01466121339428561,0.004999999999999005,0.005500000000001393
64.8,CLIMB,COOLING_DEGRADATION,1.0,6527.8,82.7,623.11,5.325,71.29,20.746,25.711,1.679,24.605,17.764,6476.079111638203,80.01815814285715,612.7638367346938,5.320004885848931,67.34337110204082,20.82694693877551,25.692,1.6275279111638201,24.6,17.689999999999998,51.720888361796824,2.6818418571428566,10.346163265306245,0.004995114151069124,3.9466288979591866,-0.08094693877551151,0.01899999999999835,0.05147208883617993,0.004999999999999005,0.07400000000000162
64.9,CLIMB,COOLING_DEGRADATION,1.0,6514.55,82.73,622.96,5.36,71.13,20.742,25.733,1.713,24.731,17.708,6475.546096163854,80.01828457142857,612.7349183673468,5.319767296333211,67.3378635510204,20.825073469387753,25.6918,1.6273946096163854,24.6,17.688499999999998,39.00390383614649,2.7117154285714378,10.2250816326532,0.04023270366678933,3.7921364489795906,-0.0830734693877524,0.0411999999999999,0.0856053903836147,0.13100000000000023,0.01950000000000074
65.0,CLIMB,COOLING_DEGRADATION,1.0,6522.66,83.9,622.5,5.305,71.1,20.844,25.764,1.63,24.592,17.749,6474.937085085453,80.0179557142857,612.7360408163264,5.319529297255771,67.3264012244898,20.823763265306123,25.6916,1.6273337085085455,24.6,17.686999999999998,47.72291491454689,3.8820442857143007,9.763959183673592,-0.014529297255771567,3.7735987755101945,0.020236734693877878,0.07239999999999824,0.0026662914914543645,-0.008000000000002672,0.062000000000001165
65.1,CLIMB,COOLING_DEGRADATION,1.0,6512.77,83.01,621.78,5.333,71.57,20.925,25.587,1.648,24.544,17.658,6474.40408913938,80.01808214285714,612.7071224489795,5.3192917024168125,67.3208936734694,20.82188979591837,25.6914,1.6272004089139378,24.6,17.685499999999998,38.365910860620716,2.991917857142866,9.072877551020497,0.0137082975831877,4.249106326530594,0.10311020408163074,-0.10440000000000182,0.020799591086062108,-0.05600000000000094,-0.027499999999996305
65.2,CLIMB,COOLING_DEGRADATION,1.0,6522.62,83.27,624.95,5.302,70.8,20.856,25.652,1.643,24.603,17.735,6474.318841845632,80.01585357142856,612.7112040816326,5.3193207533987446,67.30965612244898,20.822216326530615,25.6914,1.6271918841845632,24.6,17.685499999999998,48.30115815436784,3.254146428571431,12.238795918367487,-0.017320753398744948,3.4903438775510125,0.0337836734693866,-0.039400000000000546,0.01580811581543684,0.0030000000000001137,0.049500000000001876
65.3,CLIMB,COOLING_DEGRADATION,1.0,6518.98,82.65,625.37,5.338,71.98,20.812,25.611,1.658,24.564,17.746,6473.743237926661,80.01746571428572,612.6843265306122,5.319061422846598,67.30412979591837,20.82050612244898,25.6912,1.6270543237926662,24.6,17.684,45.23676207333847,2.6325342857142857,12.68567346938778,0.01893857715340186,4.675870204081633,-0.008506122448977749,-0.08019999999999783,0.030945676207333683,-0.036000000000001364,0.06199999999999761
65.4,CLIMB,COOLING_DEGRADATION,1.0,6513.56,83.25,624.17,5.333,70.52,20.654,25.648,1.621,24.619,17.591,6473.17689828245,80.01565114285714,612.6834081632653,5.318845138979978,67.29268624489796,20.81903265306122,25.691,1.626997689828245,24.6,17.682499999999997,40.383101717550744,3.2343488571428622,11.486591836734647,0.014154861020021947,3.2273137551020312,-0.16503265306122117,-0.04299999999999926,-0.005997689828245001,0.01899999999999835,-0.09149999999999636
65.5,CLIMB,COOLING_DEGRADATION,1.0,6510.15,83.14,624.28,5.326,71.32,20.686,25.626,1.638,24.603,17.571,6472.643934592,80.01577757142857,612.6544897959184,5.318607533014626,67.28717869387755,20.817159183673468,25.6908,1.6268643934592002,24.6,17.681,37.50606540799981,3.1242224285714286,11.625510204081593,0.007392466985373325,4.032821306122443,-0.1311591836734678,-0.06479999999999819,0.011135606540799703,0.0030000000000001137,-0.10999999999999943
65.6,CLIMB,COOLING_DEGRADATION,1.0,6501.72,82.24,621.68,5.339,71.34,20.78,25.622,1.683,24.561,17.621,6472.035005951429,80.01804871428571,612.655612244898,5.318333268675866,67.28131636734695,20.815848979591838,25.6906,1.626803500595143,24.6,17.6795,29.684994048570843,2.221951285714283,9.024387755101998,0.02066673132413399,4.058683632653057,-0.03584897959183664,-0.0686,0.05619649940485716,-0.03900000000000148,-0.05850000000000222
65.7,CLIMB,COOLING_DEGRADATION,1.0,6499.75,83.25,622.35,5.318,70.86,20.819,25.687,1.641,24.52,17.703,6471.502061790955,80.01557514285714,612.626693877551,5.318131900786788,67.27020881632654,20.81397551020408,25.6904,1.6266702061790954,24.6,17.677999999999997,28.24793820904506,3.234424857142855,9.723306122449003,-0.0001319007867888189,3.589791183673455,0.0050244897959181856,-0.0033999999999991815,0.014329793820904602,-0.08000000000000185,0.02500000000000213
65.8,CLIMB,COOLING_DEGRADATION,1.0,6501.77,81.98,620.3,5.34,71.14,20.585,25.704,1.507,24.665,17.896,6471.41684485342,80.01594657142857,612.6307755102041,5.3181246904668384,67.26457126530613,20.814302040816326,25.6904,1.626661684485342,24.6,17.677999999999997,30.35315514658032,1.9640534285714324,7.669224489795852,0.021875309533161413,3.8754287346938696,-0.2293020408163251,0.013600000000000279,-0.1196616844853422,0.06499999999999773,0.21800000000000352
65.9,CLIMB,COOLING_DEGRADATION,1.0,6496.06,82.61,622.25,5.314,71.04,20.811,25.751,1.652,24.617,17.773,6470.883913420456,80.013473,612.601857142857,5.317923313313287,67.25346371428573,20.812428571428573,25.6902,1.6265283913420454,24.6,17.6765,25.176086579544062,2.5965269999999947,9.648142857142943,-0.003923313313286769,3.786536285714277,-0.001428571428572667,0.06080000000000041,0.025471608657954503,0.01699999999999946,0.09649999999999892
66.0,CLIMB,COOLING_DEGRADATION,1.0,6496.56,82.68,622.33,5.325,71.54,20.951,25.696,1.672,24.589,17.822,6470.308386246531,80.01508514285715,612.5749795918368,5.3176639707852145,67.2479373877551,20.81071836734694,25.69,1.6263908386246533,24.6,17.674999999999997,26.251613753469428,2.664914857142861,9.755020408163205,0.007336029214785711,4.292062612244905,0.14028163265306048,0.006000000000000227,0.04560916137534665,-0.011000000000002785,0.14700000000000202
66.1,CLIMB,COOLING_DEGRADATION,1.0,6496.71,83.19,623.69,5.299,71.44,20.86,25.755,1.56,24.578,17.786,6469.742123614825,80.0158705714286,612.5740612244898,5.317411424721016,67.2420938367347,20.809244897959182,25.689799999999998,1.6263342123614826,24.6,17.6735,26.96787638517526,3.174129428571405,11.115938775510244,-0.0184114247210152,4.197906163265301,0.050755102040817235,0.06520000000000081,-0.06633421236148251,-0.022000000000002018,0.11250000000000071
66.2,CLIMB,COOLING_DEGRADATION,1.0,6495.44,82.15,620.65,5.302,71.41,20.628,25.748,1.67,24.631,17.654,6469.209218545371,80.01339700000001,612.5451428571429,5.317210030504875,67.2309862857143,20.807371428571432,25.6896,1.6262009218545372,24.6,17.672,26.230781454628413,2.136602999999994,8.1048571428571,-0.015210030504875682,4.179013714285702,-0.1793714285714323,0.05840000000000245,0.04379907814546269,0.030999999999998806,-0.018000000000000682
66.3,CLIMB,COOLING_DEGRADATION,1.0,6506.52,83.69,621.61,5.281,71.41,20.822,25.635,1.619,24.598,17.874,6468.600385044686,80.01566814285715,612.5462653061226,5.316935760598865,67.22512395918368,20.806061224489795,25.6894,1.6261400385044686,24.6,17.6705,37.9196149553145,3.674331857142846,9.06373469387745,-0.03593576059886505,4.18487604081632,0.01593877551020384,-0.05439999999999756,-0.007140038504468649,-0.0020000000000024443,0.20349999999999824
66.4,CLIMB,COOLING_DEGRADATION,1.0,6492.79,82.46,619.33,5.389,70.57,20.648,25.683,1.536,24.65,17.651,6468.548539779428,80.01278057142858,612.5223469387755,5.316979692861334,67.21422240816327,20.80598775510204,25.6894,1.626054853977943,24.6,17.6705,24.241460220571753,2.4472194285714153,6.807653061224528,0.0720203071386658,3.355777591836727,-0.15798775510204166,-0.006399999999999295,-0.09005485397794288,0.04999999999999716,-0.01950000000000074
66.5,CLIMB,COOLING_DEGRADATION,1.0,6490.29,81.91,623.01,5.372,71.55,20.88,25.645,1.586,24.626,17.736,6467.9823188228565,80.013566,612.5214285714286,5.316727138792509,67.20837885714286,20.804514285714284,25.6892,1.6259982318822859,24.6,17.668999999999997,22.307681177143422,1.8964339999999993,10.48857142857139,0.05527286120749064,4.341621142857136,0.07548571428571549,-0.04420000000000002,-0.039998231882285795,0.0259999999999998,0.06700000000000372
66.6,CLIMB,COOLING_DEGRADATION,1.0,6494.18,83.26,620.37,5.316,71.39,20.894,25.651,1.585,24.596,17.792,6467.406858620245,80.01257814285715,612.4945510204082,5.316504006102823,67.19725253061225,20.802804081632654,25.689,1.6258606858620244,24.6,17.6675,26.773141379755543,3.2474218571428537,7.875448979591852,-0.0005040061028234177,4.192747469387754,0.09119591836734386,-0.038000000000000256,-0.040860685862024404,-0.004000000000001336,0.12450000000000117
66.7,CLIMB,COOLING_DEGRADATION,1.0,6488.18,82.98,622.72,5.336,71.4,20.843,25.65,1.566,24.601,17.64,6466.840663252898,80.01336357142857,612.4936326530612,5.3162514488762005,67.19140897959184,20.801330612244897,25.6888,1.6258040663252897,24.6,17.665999999999997,21.339336747102607,2.9666364285714337,10.226367346938787,0.019748551123799807,4.208591020408164,0.041669387755103315,-0.038800000000001944,-0.05980406632528967,0.0009999999999976694,-0.02599999999999625
66.8,CLIMB,COOLING_DEGRADATION,1.0,6487.14,83.37,620.54,5.278,71.52,20.74,25.694,1.634,24.608,17.514,6466.307809977601,80.01348999999999,612.4647142857143,5.316013810659053,67.18590142857143,20.799457142857143,25.6886,1.6256707809977602,24.6,17.6645,20.832190022399118,3.3565100000000143,8.075285714285656,-0.03801381065905307,4.334098571428569,-0.05945714285714487,0.005399999999998073,0.008329219002239707,0.007999999999999119,-0.15050000000000097
66.9,CLIMB,COOLING_DEGRADATION,1.0,6490.62,83.16,621.86,5.311,71.66,20.814,25.757,1.632,24.665,17.479,6465.741637032229,80.01167542857141,612.4637959183674,5.315797460234744,67.17445787755102,20.797983673469385,25.6884,1.625614163703223,24.6,17.663,24.878362967770954,3.1483245714285886,9.396204081632618,-0.004797460234744477,4.485542122448976,0.016016326530614577,0.0686,0.006385836296776803,0.06499999999999773,-0.18400000000000105
67.0,CLIMB,COOLING_DEGRADATION,1.0,6489.03,82.51,622.2,5.256,71.22,20.828,25.674,1.645,24.572,17.824,6465.647228544294,80.01287357142856,612.441918367347,5.315783444505225,67.16913755102041,20.798073469387752,25.6884,1.6255247228544294,24.6,17.663,23.38277145570555,2.4971264285714483,9.758081632653102,-0.05978344450522499,4.050862448979586,0.02992653061224715,-0.014400000000001967,0.019475277145570624,-0.028000000000002245,0.16100000000000136
67.1,CLIMB,COOLING_DEGRADATION,1.0,6474.37,83.78,620.71,5.293,71.22,20.786,25.7,1.644,24.65,17.675,6465.0810748536,80.011059,612.441,5.315567086904879,67.157694,20.796599999999998,25.6882,1.62546810748536,24.6,17.6615,9.288925146400288,3.768940999999998,8.269000000000005,-0.02256708690487841,4.062305999999992,-0.010599999999996612,0.01180000000000092,0.018531892514639825,0.04999999999999716,0.013500000000000512
67.2,CLIMB,COOLING_DEGRADATION,1.0,6489.38,83.99,620.98,5.339,71.27,20.713,25.637,1.61,24.707,17.746,6464.548253842286,80.01118542857144,612.4120816326531,5.315329437578083,67.1521864489796,20.794726530612245,25.688,1.6253348253842286,24.6,17.660000000000004,24.831746157714406,3.9788145714285577,8.56791836734692,0.02367056242191712,4.11781355102039,-0.08172653061224366,-0.05099999999999838,-0.015334825384228479,0.10699999999999932,0.08599999999999497
67.3,CLIMB,COOLING_DEGRADATION,1.0,6482.14,82.14,620.54,5.313,71.43,20.83,25.714,1.603,24.56,17.63,6463.972870398531,80.01279757142858,612.3852040816328,5.315070075461767,67.14666012244898,20.79301632653061,25.6878,1.6251972870398532,24.6,17.6585,18.16712960146924,2.1272024285714224,8.1547959183672,-0.0020700754617672956,4.283339877551029,0.0369836734693898,0.026199999999999335,-0.022197287039853242,-0.0400000000000027,-0.02850000000000108
67.4,CLIMB,COOLING_DEGRADATION,1.0,6479.72,83.88,620.89,5.287,71.22,20.693,25.696,1.656,24.666,17.599,6463.406752050286,80.010983,612.3842857142857,5.314853704101036,67.13521657142857,20.791542857142858,25.6876,1.6251406752050288,24.6,17.657,16.313247949714423,3.8690169999999995,8.505714285714248,-0.02785370410103649,4.084783428571427,-0.09854285714285638,0.00840000000000174,0.03085932479497111,0.06599999999999895,-0.05799999999999983
67.5,CLIMB,COOLING_DEGRADATION,1.0,6478.5,83.65,621.34,5.368,70.78,20.901,25.681,1.668,24.533,17.608,6462.873957408393,80.01110942857143,612.3553673469388,5.314616047100468,67.12970902040817,20.7896693877551,25.6874,1.6250073957408393,24.6,17.6555,15.626042591607074,3.6388905714285755,8.984632653061226,0.053383952899531906,3.65029097959183,0.11133061224489893,-0.006399999999999295,0.04299260425916063,-0.06700000000000017,-0.04749999999999943
67.6,CLIMB,COOLING_DEGRADATION,1.0,6491.38,83.04,622.39,5.349,71.37,20.75,25.712,1.473,24.564,17.974,6462.7888311066135,80.00888085714284,612.3594489795919,5.314645014268528,67.11847146938776,20.789995918367346,25.6874,1.6249988831106614,24.6,17.6555,28.591168893386566,3.0311191428571647,10.030551020408097,0.034354985731472,4.251528530612248,-0.03999591836734595,0.02459999999999951,-0.15199888311066134,-0.036000000000001364,0.3185000000000002
67.7,CLIMB,COOLING_DEGRADATION,1.0,6473.02,83.39,621.23,5.315,71.1,20.692,25.62,1.653,24.694,17.693,6462.213488993372,80.010493,612.3325714285713,5.314385644227912,67.11294514285714,20.788285714285717,25.6872,1.624861348899337,24.6,17.654,10.80651100662817,3.379507000000004,8.89742857142869,0.0006143557720887927,3.9870548571428515,-0.09628571428571675,-0.0671999999999997,0.028138651100662937,0.09399999999999764,0.03900000000000148
67.8,CLIMB,COOLING_DEGRADATION,1.0,6481.01,83.17,619.36,5.318,71.43,20.662,25.713,1.609,24.637,17.662,6461.647412323673,80.00867842857141,612.3316530612244,5.314169255023806,67.10150159183674,20.78681224489796,25.687,1.6248047412323672,24.6,17.652499999999996,19.362587676327166,3.161321571428587,7.028346938775599,0.003830744976193401,4.32849840816327,-0.12481224489796006,0.0259999999999998,-0.015804741232367192,0.036999999999999034,0.009500000000002728
67.9,CLIMB,COOLING_DEGRADATION,1.0,6473.5,82.08,617.77,5.296,71.58,20.66,25.742,1.611,24.631,17.835,6461.114649949323,80.00880485714285,612.3027346938775,5.313931586920576,67.09599404081632,20.784938775510206,25.6868,1.624671464994932,24.6,17.651,12.385350050676607,2.0711951428571496,5.467265306122499,-0.01793158692057606,4.484005959183676,-0.1249387755102056,0.05519999999999925,-0.013671464994932103,0.030999999999998806,0.18400000000000105
68.0,CLIMB,COOLING_DEGRADATION,1.0,6486.42,82.57,621.59,5.24,71.42,20.89,25.736,1.608,24.556,17.687,6460.506044784001,80.011076,612.303857142857,5.313657304489222,67.09013171428572,20.783628571428572,25.6866,1.6246106044783999,24.6,17.6495,25.913955215999522,2.5589239999999904,9.286142857142977,-0.07365730448922214,4.329868285714284,0.10637142857142834,0.04940000000000211,-0.016610604478399793,-0.04400000000000048,0.03750000000000142
68.1,CLIMB,COOLING_DEGRADATION,1.0,6479.64,82.33,621.61,5.367,71.46,20.695,25.704,1.638,24.589,17.601,6459.973301946514,80.00860242857144,612.2749387755102,5.313455809913659,67.07902416326532,20.781755102040815,25.6864,1.6244773301946516,24.6,17.648,19.66669805348647,2.3213975714285624,9.335061224489777,0.053544190086340926,4.380975836734677,-0.08675510204081505,0.017600000000001614,0.01352266980534833,-0.011000000000002785,-0.0470000000000006
68.2,CLIMB,COOLING_DEGRADATION,1.0,6472.14,83.61,620.95,5.255,70.8,20.754,25.675,1.621,24.596,17.643,6459.888206005028,80.00897385714286,612.2790204081633,5.313448580369661,67.0733866122449,20.78208163265306,25.6864,1.624468820600503,24.6,17.648,12.251793994972104,3.601026142857137,8.670979591836726,-0.05844858036966105,3.726613387755094,-0.028081632653059074,-0.0113999999999983,-0.0034688206005029087,-0.004000000000001336,-0.004999999999999005
68.3,CLIMB,COOLING_DEGRADATION,1.0,6476.49,83.41,620.44,5.33,71.17,20.775,25.589,1.702,24.57,17.643,6459.355475900082,80.0065002857143,612.2501020408164,5.313247076541588,67.0622790612245,20.780208163265307,25.6862,1.624335547590008,24.6,17.646500000000003,17.134524099918053,3.403499714285701,8.189897959183668,0.016752923458412283,4.1077209387755005,-0.005208163265308485,-0.09720000000000084,0.07766445240999187,-0.030000000000001137,-0.003500000000002501
68.4,CLIMB,COOLING_DEGRADATION,1.0,6464.32,82.81,620.79,5.32,71.48,20.683,25.686,1.683,24.636,17.587,6458.780210557225,80.00811242857142,612.2232244897959,5.312987694576121,67.05675273469389,20.778497959183674,25.686,1.6241980210557225,24.6,17.645,5.539789442775145,2.80188757142858,8.566775510204025,0.007012305423879539,4.423247265306117,-0.09549795918367465,0.0,0.05880197894427752,0.03599999999999781,-0.05799999999999983
68.5,CLIMB,COOLING_DEGRADATION,1.0,6473.66,83.2,617.38,5.366,71.24,20.81,25.721,1.551,24.563,17.624,6458.2142109121805,80.00889785714287,612.222306122449,5.312735107784483,67.05090918367347,20.777024489795924,25.6858,1.6241414210912182,24.6,17.643500000000003,15.445789087819321,3.191102142857133,5.157693877550969,0.053264892215517,4.189090816326527,0.032975510204074965,0.035199999999999676,-0.07314142109121824,-0.037000000000002586,-0.01950000000000429
68.6,CLIMB,COOLING_DEGRADATION,1.0,6468.03,83.49,619.11,5.343,71.35,20.904,25.674,1.618,24.547,17.608,6457.6815071815845,80.00642428571427,612.1933877551021,5.312533586917014,67.03980163265307,20.775151020408167,25.6856,1.6240081507181585,24.6,17.642,10.348492818415252,3.4835757142857204,6.9166122448979195,0.030466413082986143,4.310198367346928,0.12884897959183306,-0.011600000000001387,-0.0060081507181584115,-0.053000000000000824,-0.03399999999999892
68.7,CLIMB,COOLING_DEGRADATION,1.0,6472.43,84.25,621.76,5.292,71.55,20.84,25.764,1.594,24.623,17.837,6457.072997170873,80.00869542857143,612.1945102040817,5.3122592989715525,67.03393930612245,20.77384081632653,25.6854,1.6239472997170874,24.6,17.6405,15.357002829126941,4.2413045714285715,9.565489795918324,-0.020259298971552653,4.516060693877549,0.06615918367347007,0.078599999999998,-0.029947299717087317,0.022999999999999687,0.19650000000000034
68.8,CLIMB,COOLING_DEGRADATION,1.0,6470.7,83.69,616.68,5.311,71.23,20.691,25.72,1.678,24.635,17.78,6457.021211259624,80.00580785714286,612.1705918367347,5.312303126102833,67.02303775510205,20.773767346938772,25.6854,1.6238621211259625,24.6,17.6405,13.678788740376149,3.6841921428571425,4.5094081632652205,-0.0013031261028331187,4.206962244897952,-0.0827673469387733,0.03459999999999752,0.054137878874037426,0.03500000000000014,0.13950000000000173
68.9,CLIMB,COOLING_DEGRADATION,1.0,6468.84,82.95,618.53,5.289,71.01,20.768,25.693,1.652,24.638,17.479,6456.455253296,80.00659328571429,612.1696734693877,5.312050531331579,67.01719420408165,20.77229387755102,25.685200000000002,1.6238055253295998,24.6,17.639,12.384746704000463,2.9434067142857145,6.360326530612269,-0.023050531331579194,3.9928057959183576,-0.0042938775510208416,0.007799999999999585,0.02819447467040015,0.038000000000000256,-0.16000000000000014
69.0,CLIMB,COOLING_DEGRADATION,1.0,6469.55,82.78,618.44,5.353,72.0,20.761,25.655,1.685,24.57,17.455,6455.9225818383675,80.00411971428574,612.1407551020408,5.311848989522137,67.00608665306123,20.770420408163265,25.685,1.6236722581838368,24.6,17.637500000000003,13.627418161632704,2.7758802857142655,6.299244897959284,0.04115101047786318,4.993913346938768,-0.009420408163265392,-0.029999999999997584,0.061327741816163295,-0.030000000000001137,-0.18250000000000455
69.1,CLIMB,COOLING_DEGRADATION,1.0,6466.04,83.45,619.16,5.296,71.04,20.661,25.675,1.718,24.593,17.652,6455.3141225743675,80.00639085714286,612.1418775510203,5.311574696782429,67.00022432653061,20.769110204081628,25.6848,1.6236114122574368,24.6,17.636,10.725877425632461,3.4436091428571416,7.018122448979625,-0.015574696782429065,4.039775673469393,-0.1081102040816262,-0.009799999999998477,0.0943885877425632,-0.0070000000000014495,0.01600000000000179
69.2,CLIMB,COOLING_DEGRADATION,1.0,6468.02,82.68,618.03,5.308,71.03,20.719,25.681,1.614,24.582,17.722,6454.781470656735,80.00651728571428,612.1129591836734,5.311336996506448,66.9947167755102,20.767236734693878,25.6846,1.6234781470656736,24.6,17.634500000000003,13.238529343265327,2.6734827142857256,5.917040816326562,-0.003336996506448031,4.0352832244898025,-0.04823673469387657,-0.0035999999999987153,-0.009478147065673515,-0.018000000000000682,0.08749999999999858
69.3,CLIMB,COOLING_DEGRADATION,1.0,6470.7,81.84,617.15,5.285,71.17,20.74,25.738,1.722,24.6,17.564,6454.215560711021,80.00470271428571,612.1120408163265,5.311120540859532,66.9832732244898,20.76576326530612,25.6844,1.623421556071102,24.6,17.633,16.484439288979047,1.8352972857142902,5.037959183673479,-0.02612054085953197,4.186726775510195,-0.025763265306121497,0.053599999999999426,0.09857844392889792,0.0,-0.06899999999999906
69.4,CLIMB,COOLING_DEGRADATION,1.0,6457.42,83.65,619.88,5.29,71.17,20.791,25.751,1.54,24.561,17.64,6454.121272092343,80.00590085714286,612.0901632653062,5.311106507253641,66.97795289795918,20.76585306122449,25.6844,1.6233321272092345,24.6,17.633,3.2987279076569394,3.6440991428571436,7.789836734693836,-0.021106507253641382,4.192047102040817,0.025146938775510108,0.0666000000000011,-0.08333212720923444,-0.03900000000000148,0.0070000000000014495
69.5,CLIMB,COOLING_DEGRADATION,1.0,6461.52,83.31,618.0,5.262,71.27,20.633,25.67,1.631,24.585,17.566,6453.555381404344,80.00408628571428,612.0892448979592,5.310890044444719,66.96650934693878,20.76437959183674,25.6842,1.6232755381404345,24.6,17.6315,7.964618595656248,3.3059137142857224,5.910755102040753,-0.048890044444719116,4.303490653061218,-0.13137959183674042,-0.01419999999999888,0.007724461859565546,-0.015000000000000568,-0.06550000000000011
69.6,CLIMB,COOLING_DEGRADATION,1.0,6465.57,82.26,618.98,5.235,71.24,20.709,25.63,1.608,24.571,17.663,6453.022761762612,80.00421271428571,612.0603265306122,5.310652333082826,66.96100179591836,20.762506122448983,25.684,1.6231422761762613,24.6,17.630000000000003,12.547238237387319,2.255787285714291,6.919673469387817,-0.07565233308282604,4.278998204081631,-0.05350612244898301,-0.054000000000002046,-0.015142276176261182,-0.028999999999999915,0.0329999999999977
69.7,CLIMB,COOLING_DEGRADATION,1.0,6462.04,83.17,618.5,5.334,71.46,20.671,25.751,1.71,24.596,17.774,6452.490148959087,80.00433914285713,612.0314081632654,5.31041461936238,66.95549424489796,20.760632653061222,25.6838,1.6230090148959087,24.6,17.6285,9.549851040913381,3.1656608571428677,6.468591836734618,0.023585380637619835,4.504505755102031,-0.08963265306122281,0.0671999999999997,0.08699098510409131,-0.004000000000001336,0.14550000000000196
69.8,CLIMB,COOLING_DEGRADATION,1.0,6463.19,83.31,619.13,5.345,71.31,20.904,25.656,1.662,24.643,17.649,6451.881784856425,80.00401028571429,612.032530612245,5.310176455077766,66.94403191836736,20.759322448979592,25.6836,1.6229481784856423,24.6,17.627000000000002,11.308215143574671,3.3059897142857153,7.097469387755041,0.03482354492223383,4.365968081632644,0.1446775510204077,-0.027599999999999625,0.0390518215143576,0.04299999999999926,0.021999999999998465
69.9,CLIMB,COOLING_DEGRADATION,1.0,6457.06,84.15,615.9,5.307,71.17,20.884,25.716,1.671,24.558,17.568,6451.349191594955,80.00413671428572,612.003612244898,5.3099387360612305,66.93852436734694,20.75744897959184,25.6834,1.6228149191594956,24.6,17.625500000000002,5.7108084050451,4.1458632857142845,3.896387755101955,-0.002938736061230074,4.2314756326530585,0.12655102040816146,0.03260000000000218,0.048185080840504435,-0.04200000000000159,-0.057500000000000995
70.0,CLIMB,COOLING_DEGRADATION,1.0,6475.49,83.6,619.38,5.297,71.16,20.727,25.66,1.639,24.586,17.734,6451.264186302123,80.00190814285715,612.007693877551,5.309967619530694,66.92728681632653,20.757775510204084,25.6834,1.622806418630212,24.6,17.625500000000002,24.22581369787713,3.5980918571428475,7.372306122449004,-0.01296761953069403,4.232713183673468,-0.030775510204083645,-0.023399999999998755,0.01619358136978799,-0.014000000000002899,0.10849999999999937
70.1,CLIMB,COOLING_DEGRADATION,1.0,6461.6,83.72,619.83,5.309,71.04,20.806,25.741,1.603,24.594,17.541,6450.731605776979,80.00203457142858,611.9787755102041,5.309729894729108,66.92177926530613,20.755902040816327,25.6832,1.6226731605776978,24.6,17.624000000000002,10.868394223020914,3.717965428571418,7.851224489795982,-0.0007298947291074498,4.118220734693878,0.05009795918367388,0.057800000000000296,-0.019673160577697857,-0.006000000000000227,-0.08300000000000196
70.2,CLIMB,COOLING_DEGRADATION,1.0,6458.25,83.14,617.89,5.302,71.38,20.759,25.706,1.564,24.646,17.582,6450.12329242449,80.0017057142857,611.9798979591837,5.309491715815903,66.91031693877551,20.75459183673469,25.683,1.622612329242449,24.6,17.622500000000002,8.126707575510409,3.138294285714295,5.910102040816241,-0.007491715815903355,4.469683061224487,0.00440816326531035,0.022999999999999687,-0.05861232924244897,0.045999999999999375,-0.040500000000001535
70.3,CLIMB,COOLING_DEGRADATION,1.0,6464.65,82.52,618.73,5.223,70.67,20.737,25.691,1.604,24.595,17.529,6449.590731442481,80.00183214285715,611.9509795918368,5.3092539857204475,66.90480938775511,20.75271836734694,25.6828,1.622479073144248,24.6,17.621000000000002,15.059268557518408,2.518167857142842,6.7790204081632055,-0.08625398572044762,3.7651906122448935,-0.015718367346941875,0.008199999999998653,-0.018479073144247904,-0.005000000000002558,-0.0920000000000023
70.4,CLIMB,COOLING_DEGRADATION,1.0,6455.52,82.98,615.96,5.291,71.31,20.698,25.654,1.436,24.591,17.583,6449.024940214335,80.00261757142857,611.9500612244899,5.3090013661686655,66.8989658367347,20.751244897959182,25.6826,1.6224224940214336,24.6,17.6195,6.495059785665035,2.977382428571431,4.009938775510136,-0.0180013661686651,4.411034163265299,-0.05324489795918197,-0.028600000000000847,-0.18642249402143363,-0.009000000000000341,-0.0365000000000002
70.5,CLIMB,COOLING_DEGRADATION,1.0,6456.54,83.75,616.65,5.297,71.26,20.953,25.647,1.608,24.64,17.71,6448.449908362972,80.00162971428571,611.9231836734693,5.308778064290351,66.88783951020409,20.74953469387755,25.6824,1.6222849908362973,24.6,17.618000000000002,8.090091637028308,3.7483702857142873,4.726816326530638,-0.011778064290351331,4.372160489795917,0.20346530612244962,-0.03540000000000276,-0.014284990836297196,0.03999999999999915,0.09199999999999875
70.6,CLIMB,COOLING_DEGRADATION,1.0,6460.97,83.69,617.52,5.334,71.44,20.691,25.666,1.586,24.564,17.722,6448.364933434515,80.00200114285714,611.9272653061224,5.3087708156075335,66.88220195918367,20.7498612244898,25.6824,1.6222764933434517,24.6,17.618000000000002,12.605066565485686,3.6879988571428584,5.59273469387756,0.02522918439246613,4.557798040816323,-0.05886122448979947,-0.01640000000000086,-0.03627649334345162,-0.036000000000001364,0.1039999999999992
70.7,CLIMB,COOLING_DEGRADATION,1.0,6461.97,83.23,614.16,5.302,71.31,20.872,25.698,1.615,24.537,17.616,6447.832404733828,79.99952757142859,611.8983469387755,5.308569185280651,66.87109440816327,20.74798775510204,25.6822,1.6221432404733829,24.6,17.6165,14.137595266171957,3.2304724285714173,2.2616530612244787,-0.006569185280651091,4.438905591836729,0.12401224489795837,0.015799999999998704,-0.007143240473382884,-0.06300000000000239,-0.0004999999999988347
70.8,CLIMB,COOLING_DEGRADATION,1.0,6455.73,83.38,617.68,5.281,71.72,20.751,25.73,1.633,24.617,17.604,6447.299882873142,79.999654,611.8694285714286,5.308331441754122,66.86558685714286,20.746114285714285,25.682,1.6220099882873145,24.6,17.615000000000002,8.430117126857112,3.3803459999999887,5.810571428571393,-0.027331441754122388,4.85441314285714,0.0048857142857166025,0.04800000000000182,0.010990011712685543,0.01699999999999946,-0.011000000000002785
70.9,CLIMB,COOLING_DEGRADATION,1.0,6453.59,83.93,618.27,5.288,71.53,20.971,25.702,1.658,24.598,17.679,6446.691664688718,80.00192514285716,611.8705510204081,5.308057136684575,66.85972453061224,20.74480408163265,25.6818,1.6219491664688719,24.6,17.613500000000002,6.8983353112816985,3.928074857142846,6.3994489795918525,-0.020057136684574317,4.670275469387761,0.22619591836734898,0.02020000000000266,0.036050833531128035,-0.0020000000000024443,0.06549999999999656
71.0,CLIMB,COOLING_DEGRADATION,1.0,6451.35,83.77,618.75,5.353,71.34,20.665,25.747,1.575,24.633,17.507,6446.159162373225,79.99945157142858,611.8416326530612,5.307855489341496,66.84861697959184,20.742930612244898,25.6816,1.6218159162373225,24.6,17.612000000000002,5.190837626775647,3.7705484285714164,6.908367346938803,0.045144510658503556,4.491383020408165,-0.07793061224489861,0.06540000000000035,-0.04681591623732251,0.0329999999999977,-0.10500000000000043
71.1,CLIMB,COOLING_DEGRADATION,1.0,6453.59,82.61,614.49,5.297,71.44,20.57,25.695,1.65,24.527,17.642,6445.593448182857,80.00023700000001,611.8407142857143,5.3076028574764855,66.84277342857143,20.74145714285714,25.6814,1.6217593448182857,24.6,17.6105,7.996551817142972,2.6097629999999867,2.6492857142857247,-0.010602857476485816,4.597226571428564,-0.17145714285713964,0.013600000000000279,0.028240655181714258,-0.0730000000000004,0.031500000000001194
71.2,CLIMB,COOLING_DEGRADATION,1.0,6447.95,83.47,615.74,5.308,71.47,20.748,25.676,1.647,24.646,17.523,6445.5417218974035,79.99734942857144,611.8167959183672,5.3076465801612365,66.83187187755102,20.741383673469386,25.6814,1.6216741721897405,24.6,17.6105,2.4082781025963413,3.4726505714285594,3.9232040816327753,0.00035341983876335803,4.638128122448975,0.006616326530615169,-0.005400000000001626,0.025325827810259494,0.045999999999999375,-0.08749999999999858
71.3,CLIMB,COOLING_DEGRADATION,1.0,6452.21,84.36,616.76,5.298,71.22,20.754,25.705,1.601,24.684,17.662,6444.933554466613,79.99962057142857,611.8179183673469,5.307372270324158,66.82600955102042,20.740073469387756,25.6812,1.6216133554466612,24.6,17.609,7.276445533387232,4.360379428571434,4.942081632653071,-0.009372270324157661,4.393990448979579,0.013926530612245358,0.023799999999997823,-0.020613355446661208,0.08399999999999963,0.05299999999999727
71.4,CLIMB,COOLING_DEGRADATION,1.0,6455.95,82.89,614.8,5.284,71.07,20.703,25.619,1.675,24.571,17.687,6444.401084436,79.997147,611.789,5.307170602067595,66.814902,20.738200000000003,25.681,1.6214801084436001,24.6,17.6075,11.548915563999799,2.8928530000000023,3.0109999999999673,-0.023170602067595247,4.25509799999999,-0.03520000000000323,-0.062000000000001165,0.05351989155639991,-0.028999999999999915,0.07949999999999946
71.5,CLIMB,COOLING_DEGRADATION,1.0,6448.99,83.38,615.58,5.29,71.78,20.925,25.689,1.603,24.555,17.568,6443.835411933845,79.99793242857143,611.7880816326531,5.306917962250138,66.8090584489796,20.73672653061225,25.6808,1.6214235411933846,24.6,17.606,5.154588066155156,3.382067571428564,3.791918367346966,-0.01691796225013764,4.9709415510204025,0.18827346938775236,0.008199999999998653,-0.01842354119338463,-0.045000000000001705,-0.038000000000000256
71.6,CLIMB,COOLING_DEGRADATION,1.0,6459.77,82.86,617.84,5.266,70.88,20.744,25.658,1.669,24.61,17.679,6443.260498234646,79.99954457142856,611.7612040816325,5.3066585293089705,66.80353212244898,20.73501632653061,25.6806,1.6212860498234647,24.6,17.6045,16.5095017653548,2.8604554285714414,6.078795918367518,-0.040658529308970515,4.076467877551011,0.008983673469391107,-0.022599999999997067,0.04771395017653535,0.00999999999999801,0.0744999999999969
71.7,CLIMB,COOLING_DEGRADATION,1.0,6445.55,83.73,616.32,5.324,71.2,20.769,25.697,1.593,24.556,17.724,6442.694851328914,79.99772999999999,611.7602857142856,5.3064419686221225,66.79208857142858,20.733542857142854,25.6804,1.6212294851328917,24.6,17.603,2.8551486710857716,3.732270000000014,4.559714285714449,0.01755803137787737,4.407911428571424,0.035457142857143964,0.016600000000000392,-0.028229485132891696,-0.04400000000000048,0.12099999999999866
71.8,CLIMB,COOLING_DEGRADATION,1.0,6450.06,83.59,615.32,5.274,70.98,20.553,25.622,1.656,24.577,17.638,6442.643139958074,79.99744242857145,611.7363673469388,5.306449585938809,66.78678702040817,20.7334693877551,25.6804,1.6211443139958073,24.6,17.603,7.4168600419261566,3.592557571428557,3.5836326530612723,-0.0324495859388092,4.193212979591834,-0.18046938775509958,-0.0583999999999989,0.03485568600419264,-0.022999999999999687,0.03500000000000014
71.9,CLIMB,COOLING_DEGRADATION,1.0,6444.5,84.2,616.15,5.252,71.26,20.703,25.747,1.595,24.658,17.558,6442.0775091451105,79.99562785714286,611.7354489795919,5.306233016974581,66.77534346938776,20.731995918367346,25.6802,1.6210877509145112,24.6,17.6015,2.4224908548894746,4.204372142857139,4.414551020408112,-0.05423301697458083,4.4846565306122415,-0.028995918367346718,0.06680000000000064,-0.02608775091451121,0.05799999999999983,-0.04350000000000165
72.0,CLIMB,COOLING_DEGRADATION,1.0,6451.44,82.98,617.63,5.258,71.39,20.546,25.63,1.588,24.643,17.559,6441.5026368,79.99724,611.7085714285714,5.305973576159632,66.76981714285715,20.730285714285714,25.68,1.6209502636800002,24.6,17.6,9.937363199999709,2.982759999999999,5.921428571428578,-0.047973576159631826,4.620182857142851,-0.18428571428571416,-0.05000000000000071,-0.03295026368000009,0.04299999999999926,-0.04100000000000037
72.1,CLIMB,COOLING_DEGRADATION,1.0,6459.44,82.8,614.14,5.294,70.92,20.786,25.746,1.632,24.576,17.719,6440.970225446253,79.99736642857142,611.6796530612245,5.305735800555331,66.76430959183674,20.728412244897964,25.6798,1.6208170225446252,24.6,17.5985,18.469774553746902,2.802633571428572,2.4603469387755013,-0.011735800555331188,4.155690408163267,0.05758775510203762,0.06619999999999848,0.011182977455374665,-0.02400000000000091,0.12049999999999983
72.2,CLIMB,COOLING_DEGRADATION,1.0,6444.79,83.88,616.11,5.319,71.1,20.684,25.673,1.591,24.555,17.571,6440.404629987429,79.99555185714286,611.6787346938776,5.305519217878505,66.75286604081633,20.726938775510206,25.6796,1.6207604629987429,24.6,17.597,4.385370012571002,3.8844481428571385,4.431265306122441,0.01348078212149506,4.347133959183665,-0.04293877551020486,-0.006600000000002382,-0.02976046299874291,-0.045000000000001705,-0.0259999999999998
72.3,CLIMB,COOLING_DEGRADATION,1.0,6449.61,82.16,619.34,5.281,71.76,21.001,25.773,1.696,24.592,17.505,6439.872235233339,79.99567828571428,611.6498163265306,5.305281435721733,66.74735848979591,20.725065306122445,25.6794,1.6206272235233339,24.6,17.5955,9.737764766660803,2.1643217142857196,7.690183673469392,-0.02428143572173358,5.012641510204091,0.27593469387755576,0.09359999999999857,0.07537277647666607,-0.008000000000002672,-0.09050000000000225
72.4,CLIMB,COOLING_DEGRADATION,1.0,6451.63,83.27,619.63,5.335,71.16,20.746,25.661,1.689,24.664,17.476,6439.7449088329795,79.99493542857142,611.6559387755103,5.305288572981882,66.73610216326531,20.725555102040815,25.6794,1.620614490883298,24.6,17.5955,11.885091167020619,3.2750645714285724,7.974061224489674,0.029711427018117575,4.423897836734682,0.020444897959183805,-0.01839999999999975,0.06838550911670205,0.06400000000000006,-0.11950000000000216
72.5,CLIMB,COOLING_DEGRADATION,1.0,6445.42,84.95,615.09,5.338,71.33,20.751,25.639,1.678,24.575,17.534,6439.212529769534,79.99506185714286,611.6270204081634,5.305050786320191,66.7305946122449,20.72368163265306,25.6792,1.6204812529769534,24.6,17.593999999999998,6.207470230466242,4.954938142857145,3.4629795918366426,0.0329492136798093,4.599405387755098,0.02731836734693971,-0.040200000000002234,0.05751874702304649,-0.02500000000000213,-0.05999999999999872
72.6,CLIMB,COOLING_DEGRADATION,1.0,6449.66,82.2,616.3,5.304,71.33,20.68,25.623,1.674,24.506,17.787,6438.646976001796,79.99324728571429,611.6261020408164,5.304834185859281,66.7191510612245,20.722208163265307,25.679,1.6204246976001797,24.6,17.5925,11.013023998203607,2.206752714285713,4.673897959183591,-0.000834185859281078,4.610848938775504,-0.04220816326530752,-0.055999999999997385,0.053575302399820224,-0.0940000000000012,0.1944999999999979
72.7,CLIMB,COOLING_DEGRADATION,1.0,6452.81,83.87,620.74,5.315,71.57,20.722,25.603,1.6,24.597,17.664,6438.1146135390045,79.99337371428572,611.5971836734694,5.304596392647147,66.71364351020408,20.72033469387755,25.6788,1.6202914613539003,24.6,17.591,14.695386460995906,3.8766262857142806,9.142816326530578,0.010403607352853506,4.856356489795914,0.0016653061224509713,-0.07579999999999742,-0.020291461353900253,-0.0030000000000001137,0.0730000000000004
72.8,CLIMB,COOLING_DEGRADATION,1.0,6445.55,83.6,616.27,5.293,71.72,20.642,25.63,1.621,24.593,17.652,6437.506652302563,79.99564485714286,611.598306122449,5.3043220732052445,66.70778118367348,20.719024489795917,25.6786,1.6202306652302565,24.6,17.5895,8.04334769743673,3.6043551428571305,4.671693877550979,-0.011322073205244365,5.0122188163265236,-0.07702448979591736,-0.04860000000000042,0.0007693347697435016,-0.0070000000000014495,0.0625
72.9,CLIMB,COOLING_DEGRADATION,1.0,6439.7,83.26,614.69,5.328,71.75,20.758,25.643,1.602,24.567,17.423,6436.974309390367,79.9931712857143,611.5693877551021,5.304120324751231,66.69667363265306,20.717151020408163,25.6784,1.6200974309390368,24.6,17.588,2.725690609632693,3.266828714285708,3.120612244897984,0.023879675248768883,5.053326367346941,0.040848979591835644,-0.03539999999999921,-0.018097430939036707,-0.03300000000000125,-0.1650000000000027
73.0,CLIMB,COOLING_DEGRADATION,1.0,6446.85,83.04,618.25,5.3,71.92,20.801,25.751,1.62,24.546,17.437,6436.889455491918,79.99354271428572,611.5734693877552,5.30411305725562,66.69103608163266,20.71747755102041,25.6784,1.6200889455491918,24.6,17.588,9.960544508082421,3.0464572857142826,6.6765306122448465,-0.004113057255620056,5.2289639183673415,0.08352244897958983,0.07260000000000133,-8.894554919169906e-05,-0.054000000000002046,-0.1509999999999998
73.1,CLIMB,COOLING_DEGRADATION,1.0,6453.67,83.02,617.73,5.302,72.1,20.855,25.621,1.569,24.587,17.719,6436.357125322286,79.99106914285716,611.5445510204082,5.303911299572939,66.67992853061224,20.71560408163265,25.6782,1.6199557125322286,24.6,17.5865,17.312874677713808,3.0289308571428393,6.185448979591797,-0.001911299572939562,5.42007146938775,0.13939591836734877,-0.057200000000001694,-0.050955712532228636,-0.013000000000001677,0.13250000000000028
73.2,CLIMB,COOLING_DEGRADATION,1.0,6452.42,83.64,616.04,5.31,71.56,20.719,25.696,1.542,24.48,17.532,6435.782380946286,79.99268128571428,611.5176734693878,5.303651837983691,66.67440220408164,20.713893877551023,25.678,1.6198182380946287,24.6,17.585,16.637619053713934,3.647318714285717,4.52232653061219,0.006348162016308834,4.885597795918358,0.005106122448978567,0.018000000000000682,-0.07781823809462862,-0.120000000000001,-0.053000000000000824
73.3,CLIMB,COOLING_DEGRADATION,1.0,6440.42,83.74,616.8,5.297,71.26,20.803,25.676,1.692,24.651,17.564,6435.216904227428,79.99346671428573,611.5167551020409,5.3033991688272515,66.66855865306123,20.712420408163265,25.6778,1.6197616904227428,24.6,17.5835,5.203095772571942,3.746533285714264,5.283244897959094,-0.006399168827251778,4.59144134693878,0.09057959183673603,-0.0018000000000029104,0.07223830957725719,0.05099999999999838,-0.01950000000000074
73.4,CLIMB,COOLING_DEGRADATION,1.0,6437.83,83.74,614.77,5.311,71.94,20.6,25.753,1.656,24.614,17.598,6434.6846004537465,79.99099314285714,611.4878367346939,5.303197394151372,66.65745110204081,20.710546938775508,25.677599999999998,1.6196284600453748,24.6,17.582,3.1453995462534294,3.7490068571428594,3.2821632653060533,0.007802605848628019,5.282548897959188,-0.11054693877550648,0.07540000000000191,0.036371539954625165,0.013999999999999346,0.015999999999998238
73.5,CLIMB,COOLING_DEGRADATION,1.0,6440.86,83.81,614.7,5.319,71.39,20.658,25.646,1.613,24.621,17.506,6434.076734401307,79.99326428571429,611.4889591836734,5.3029230693013645,66.6515887755102,20.70923673469388,25.6774,1.6195676734401308,24.6,17.5805,6.783265598693106,3.816735714285713,3.2110408163266584,0.016076930698635472,4.738411224489795,-0.05123673469388024,-0.031399999999997874,-0.006567673440130761,0.020999999999997243,-0.07450000000000045
73.6,CLIMB,COOLING_DEGRADATION,1.0,6441.46,83.09,616.47,5.284,71.56,20.684,25.591,1.675,24.643,17.468,6434.025067575331,79.9903767142857,611.4650408163265,5.302966687070878,66.6406872244898,20.709163265306127,25.6774,1.6194825067575334,24.6,17.5805,7.434932424668659,3.0996232857143013,5.004959183673577,-0.01896668707087823,4.919312775510207,-0.025163265306126448,-0.08639999999999759,0.05551749324246669,0.04299999999999926,-0.11250000000000071
73.7,CLIMB,COOLING_DEGRADATION,1.0,6434.96,83.83,616.69,5.263,71.45,20.746,25.626,1.6,24.664,17.557,6433.4596325504335,79.99116214285714,611.4641224489794,5.302714009984677,66.63484367346939,20.70768979591837,25.6772,1.6194259632550434,24.6,17.579,1.500367449566511,3.838837857142863,5.225877551020631,-0.03971400998467711,4.815156326530612,0.038310204081628996,-0.051199999999997914,-0.01942596325504331,0.06400000000000006,-0.022000000000002018
73.8,CLIMB,COOLING_DEGRADATION,1.0,6449.77,83.54,615.46,5.347,71.26,20.654,25.612,1.67,24.592,17.624,6432.927361073471,79.98868857142857,611.4352040816326,5.302512214423572,66.62373612244899,20.70581632653061,25.677,1.6192927361073473,24.6,17.5775,16.842638926529617,3.551311428571438,4.024795918367431,0.044487785576428074,4.636263877551016,-0.0518163265306093,-0.06500000000000128,0.050707263892652676,-0.008000000000002672,0.04649999999999821
73.9,CLIMB,COOLING_DEGRADATION,1.0,6444.49,83.71,616.67,5.301,71.47,20.882,25.687,1.571,24.622,17.707,6432.319545782858,79.99095971428572,611.4363265306122,5.3022378848380765,66.61787379591837,20.70450612244898,25.6768,1.6192319545782858,24.6,17.576,12.170454217141923,3.7190402857142715,5.2336734693877816,-0.0012378848380762975,4.852126204081628,0.1774938775510222,0.010200000000001097,-0.048231954578285885,0.021999999999998465,0.13100000000000023
74.0,CLIMB,COOLING_DEGRADATION,1.0,6437.7,82.84,615.12,5.323,71.89,20.737,25.685,1.656,24.665,17.406,6431.787293859625,79.99108614285714,611.4074081632652,5.302000059610723,66.61236624489796,20.702632653061222,25.6766,1.6190987293859624,24.6,17.5745,5.912706140375121,2.848913857142861,3.7125918367347595,0.020999940389277327,5.277633755102045,0.03436734693877597,0.008399999999998187,0.036901270614037474,0.06499999999999773,-0.16850000000000165
74.1,CLIMB,COOLING_DEGRADATION,1.0,6437.55,83.48,616.64,5.338,71.98,20.833,25.681,1.642,24.723,17.62,6431.221906866024,79.98927157142857,611.4064897959183,5.301783392935938,66.60092269387756,20.701159183673468,25.6764,1.6190421906866024,24.6,17.573,6.328093133975926,3.4907284285714297,5.233510204081654,0.03621660706406171,5.37907730612244,0.13184081632653033,0.0045999999999999375,0.022957809313397526,0.12299999999999756,0.0470000000000006
74.2,CLIMB,COOLING_DEGRADATION,1.0,6448.79,84.1,615.85,5.33,71.54,20.731,25.66,1.701,24.582,17.503,6431.170255186285,79.988984,611.3825714285714,5.301790970188447,66.59562114285714,20.701085714285714,25.6764,1.6189570255186287,24.6,17.573,17.619744813714533,4.111015999999992,4.467428571428627,0.02820902981155271,4.9443788571428655,0.02991428571428756,-0.01640000000000086,0.08204297448137132,-0.018000000000000682,-0.07000000000000028
74.3,CLIMB,COOLING_DEGRADATION,1.0,6439.24,83.37,613.37,5.294,71.3,20.712,25.718,1.627,24.543,17.397,6430.562490658677,79.98865514285714,611.383693877551,5.301552650425703,66.58415881632654,20.69977551020408,25.6762,1.6188962490658678,24.6,17.5715,8.677509341322548,3.3813448571428637,1.9863061224490366,-0.007552650425703078,4.7158411836734615,0.012224489795919169,0.041799999999998505,0.008103750934132181,-0.05700000000000216,-0.17450000000000188
74.4,CLIMB,COOLING_DEGRADATION,1.0,6441.79,82.77,616.06,5.293,71.37,20.859,25.58,1.68,24.652,17.517,6430.0302710351025,79.98878157142858,611.354775510204,5.301314814159752,66.57865126530612,20.697902040816327,25.676,1.6187630271035103,24.6,17.57,11.759728964897477,2.781218428571421,4.70522448979591,-0.008314814159751549,4.791348734693884,0.16109795918367453,-0.09600000000000009,0.06123697289648966,0.0519999999999996,-0.053000000000000824
74.5,CLIMB,COOLING_DEGRADATION,1.0,6436.41,83.81,617.16,5.29,71.79,20.563,25.663,1.616,24.571,17.553,6429.4980582576,79.988908,611.3258571428572,5.301076975546303,66.57314371428572,20.69602857142857,25.6758,1.6186298058257602,24.6,17.5685,6.911941742399904,3.8210920000000073,5.834142857142751,-0.01107697554630338,5.216856285714286,-0.1330285714285715,-0.01279999999999859,-0.002629805825760112,-0.028999999999999915,-0.015499999999999403
74.6,CLIMB,COOLING_DEGRADATION,1.0,6436.87,84.59,617.16,5.299,71.3,20.811,25.697,1.571,24.508,17.553,6428.932722719543,79.98709342857143,611.3249387755102,5.300860286917872,66.56170016326531,20.694555102040812,25.6756,1.6185732722719544,24.6,17.567,7.937277280457238,4.602906571428576,5.8350612244897775,-0.0018602869178714343,4.738299836734683,0.11644489795918744,0.021399999999999864,-0.0475732722719544,-0.0920000000000023,-0.013999999999999346
74.7,CLIMB,COOLING_DEGRADATION,1.0,6438.0,83.68,616.28,5.257,71.52,20.74,25.646,1.653,24.629,17.818,6428.358144936001,79.98870557142857,611.2980612244899,5.30060080188373,66.5561738367347,20.692844897959187,25.6754,1.6184358144936002,24.6,17.5655,9.641855063999174,3.691294428571439,4.981938775510116,-0.04360080188373061,4.963826163265296,0.047155102040811414,-0.029399999999998983,0.034564185506399836,0.028999999999999915,0.2525000000000013
74.8,CLIMB,COOLING_DEGRADATION,1.0,6436.92,82.99,617.54,5.323,71.99,20.902,25.616,1.527,24.565,17.506,6428.273381712,79.986477,611.3021428571429,5.300629518779782,66.54493628571429,20.693171428571432,25.6754,1.6184273381712,24.6,17.5655,8.646618288000354,3.0035230000000013,6.237857142857024,0.022370481220218785,5.445063714285709,0.20882857142856892,-0.05940000000000012,-0.09142733817120008,-0.03500000000000014,-0.059499999999999886
74.9,CLIMB,COOLING_DEGRADATION,1.0,6439.1,83.51,615.69,5.302,71.59,20.532,25.658,1.576,24.684,17.214,6427.741201236637,79.98660342857143,611.2732244897959,5.300391669132508,66.53942873469389,20.69129795918367,25.6752,1.6182941201236636,24.6,17.564,11.358798763363666,3.5233965714285773,4.416775510204161,0.0016083308674916807,5.050571265306118,-0.15929795918367162,-0.017199999999998994,-0.042294120123663514,0.08399999999999963,-0.3500000000000014
75.0,CLIMB,COOLING_DEGRADATION,1.0,6434.6,83.53,615.64,5.291,70.92,20.786,25.676,1.617,24.599,17.66,6427.175907395919,79.98738885714288,611.272306122449,5.300138970564452,66.53358518367347,20.68982448979592,25.675,1.618237590739592,24.6,17.5625,7.424092604081125,3.542611142857126,4.367693877551005,-0.00913897056445201,4.3864148163265355,0.09617551020408044,0.0009999999999976694,-0.001237590739592065,-0.0010000000000012221,0.09750000000000014
75.1,CLIMB,COOLING_DEGRADATION,1.0,6442.51,83.76,614.45,5.264,71.19,20.635,25.703,1.605,24.566,17.537,6426.601370983543,79.986401,611.2454285714285,5.299915469877945,66.52245885714285,20.68811428571429,25.6748,1.6181001370983543,24.6,17.561,15.90862901645687,3.7735990000000044,3.204571428571512,-0.035915469877944695,4.6675411428571465,-0.05311428571428678,0.028199999999998226,-0.013100137098354336,-0.03400000000000247,-0.02400000000000091
75.2,CLIMB,COOLING_DEGRADATION,1.0,6435.42,83.48,615.68,5.279,71.22,20.729,25.666,1.541,24.637,17.431,6426.036102744278,79.98718642857143,611.2445102040816,5.299662768202186,66.51661530612245,20.68664081632653,25.6746,1.6180436102744278,24.6,17.5595,9.383897255722331,3.49281357142857,4.435489795918329,-0.020662768202186044,4.7033846938775525,0.04235918367346869,-0.008600000000001273,-0.07704361027442785,0.036999999999999034,-0.12849999999999895
75.3,CLIMB,COOLING_DEGRADATION,1.0,6432.88,84.23,615.54,5.269,71.59,20.676,25.544,1.53,24.582,17.426,6425.503958433306,79.98471285714285,611.2155918367347,5.2994608925532924,66.50550775510204,20.684767346938777,25.6744,1.6179103958433305,24.6,17.558,7.376041566693857,4.245287142857151,4.324408163265275,-0.030460892553292318,5.084492244897959,-0.008767346938778786,-0.13039999999999807,-0.08791039584333049,-0.018000000000000682,-0.13200000000000145
75.4,CLIMB,COOLING_DEGRADATION,1.0,6441.24,83.76,615.49,5.308,71.51,20.546,25.611,1.638,24.621,17.577,6425.419225581845,79.98508428571428,611.2196734693878,5.299453606329467,66.49987020408163,20.685093877551022,25.6744,1.6179019225581845,24.6,17.558,15.820774418154542,3.7749157142857257,4.2703265306122375,0.00854639367053256,5.010129795918374,-0.13909387755102287,-0.0633999999999979,0.020098077441815354,0.020999999999997243,0.019000000000001904
75.5,CLIMB,COOLING_DEGRADATION,1.0,6425.82,83.2,617.8,5.259,71.98,20.705,25.717,1.596,24.594,17.633,6424.844730542694,79.98409642857143,611.1927959183673,5.299230087972676,66.48874387755103,20.683383673469386,25.6742,1.6177644730542695,24.6,17.5565,0.9752694573053304,3.2159035714285693,6.607204081632631,-0.04023008797267558,5.4912561224489735,0.021616326530612184,0.04279999999999973,-0.02176447305426943,-0.006000000000000227,0.07649999999999935
75.6,CLIMB,COOLING_DEGRADATION,1.0,6434.04,83.93,615.74,5.295,71.99,20.675,25.705,1.606,24.595,17.622,6424.279504002286,79.98488185714287,611.1918775510204,5.298977378386968,66.48290032653063,20.681910204081635,25.674,1.6177079504002285,24.6,17.555,9.760495997714315,3.9451181428571402,4.548122448979598,-0.003977378386967878,5.507099673469369,-0.006910204081634674,0.030999999999998806,-0.011707950400228428,-0.005000000000002558,0.06700000000000017
75.7,CLIMB,COOLING_DEGRADATION,1.0,6438.82,82.93,610.53,5.274,71.15,20.586,25.664,1.668,24.517,17.581,6423.747391997388,79.9850082857143,611.1629591836735,5.298739508890016,66.4773927755102,20.68003673469388,25.6738,1.617574739199739,24.6,17.5535,15.07260800261156,2.944991714285706,-0.6329591836735062,-0.02473950889001575,4.672607224489809,-0.09403673469387996,-0.009799999999998477,0.050425260800260885,-0.08300000000000196,0.027499999999999858
75.8,CLIMB,COOLING_DEGRADATION,1.0,6433.4,83.71,612.71,5.34,71.65,20.651,25.706,1.636,24.579,17.642,6423.215286840687,79.98253471428572,611.1340408163265,5.2985376070541435,66.46628522448981,20.678163265306125,25.6736,1.6174415286840689,24.6,17.552,10.184713159312196,3.727465285714274,1.5759591836734899,0.04146239294585641,5.183714775510197,-0.02716326530612534,0.032399999999999096,0.018558471315931024,-0.021000000000000796,0.08999999999999986
75.9,CLIMB,COOLING_DEGRADATION,1.0,6425.99,83.46,612.97,5.273,71.18,20.572,25.596,1.591,24.601,17.452,6422.607741256114,79.98480585714287,611.1351632653062,5.298263263336958,66.46042289795919,20.676853061224488,25.6734,1.6173807741256114,24.6,17.5505,3.382258743885359,3.47519414285712,1.8348367346937948,-0.025263263336958275,4.719577102040816,-0.1048530612244889,-0.0774000000000008,-0.02638077412561146,0.0009999999999976694,-0.09849999999999781
76.0,CLIMB,COOLING_DEGRADATION,1.0,6429.81,84.05,615.28,5.246,71.38,20.621,25.675,1.687,24.559,17.354,6422.556134160751,79.98191828571429,611.1112448979592,5.2983067768744085,66.44952134693878,20.676779591836734,25.6734,1.6172956134160752,24.6,17.5505,7.253865839249556,4.068081714285711,4.168755102040791,-0.0523067768744081,4.930478653061215,-0.05577959183673542,0.0015999999999998238,0.06970438658392486,-0.04100000000000037,-0.19650000000000034
76.1,CLIMB,COOLING_DEGRADATION,1.0,6430.65,83.77,613.06,5.304,71.52,20.557,25.684,1.651,24.611,17.531,6421.9909590812085,79.98270371428572,611.1103265306123,5.298054058173609,66.44367779591838,20.675306122448976,25.6732,1.6172390959081206,24.6,17.549,8.659040918791106,3.7872962857142767,1.949673469387676,0.005945941826391632,5.07632220408162,-0.11830612244897765,0.010799999999999699,0.03376090409187937,0.010999999999999233,-0.018000000000000682
76.2,CLIMB,COOLING_DEGRADATION,1.0,6425.48,83.87,612.98,5.316,71.73,20.66,25.715,1.641,24.611,17.542,6421.458886233062,79.98283014285714,611.0814081632653,5.297816175311011,66.43817024489796,20.673432653061226,25.673000000000002,1.6171058886233063,24.6,17.5475,4.02111376693756,3.8871698571428652,1.8985918367346812,0.018183824688988715,5.291829755102043,-0.013432653061226318,0.04199999999999804,0.023894111376693727,0.010999999999999233,-0.00549999999999784
76.3,CLIMB,COOLING_DEGRADATION,1.0,6430.72,83.26,617.38,5.303,71.46,20.747,25.744,1.665,24.662,17.555,6420.851391417862,79.98250128571428,611.0825306122449,5.297577787057403,66.42670791836734,20.672122448979593,25.6728,1.6170451391417864,24.6,17.546,9.868608582138222,3.277498714285727,6.297469387755086,0.005422212942597149,5.033292081632652,0.07487755102040694,0.07120000000000104,0.047954860858213655,0.06199999999999761,0.009000000000000341
76.4,CLIMB,COOLING_DEGRADATION,1.0,6429.76,83.31,616.28,5.24,71.66,20.725,25.72,1.552,24.546,17.49,6420.319338130286,79.9826277142857,611.0536122448979,5.297339898935262,66.42120036734694,20.670248979591836,25.6726,1.6169119338130287,24.6,17.5445,9.44066186971395,3.327372285714304,5.22638775510211,-0.057339898935262035,5.2387996326530555,0.054751020408165374,0.047399999999999665,-0.06491193381302862,-0.054000000000002046,-0.05450000000000088
76.5,CLIMB,COOLING_DEGRADATION,1.0,6429.74,83.98,618.06,5.242,71.11,20.849,25.665,1.609,24.483,17.656,6419.754211088719,79.98081314285713,611.0526938775511,5.297123126452467,66.40975681632654,20.668775510204085,25.6724,1.616855421108872,24.6,17.543,9.985788911280906,3.999186857142874,7.007306122448881,-0.0551231264524672,4.700243183673464,0.18022448979591488,-0.007400000000000517,-0.00785542110887194,-0.11700000000000088,0.11299999999999955
76.6,CLIMB,COOLING_DEGRADATION,1.0,6434.13,82.59,613.51,5.333,71.37,20.444,25.72,1.559,24.616,17.69,6419.702619152326,79.98052557142857,611.0287755102041,5.29713066371828,66.40445526530613,20.668702040816324,25.6724,1.6167702619152329,24.6,17.543,14.427380847673703,2.6094744285714313,2.4812244897958635,0.03586933628172062,4.965544734693879,-0.22470204081632517,0.0475999999999992,-0.057770261915232934,0.015999999999998238,0.14700000000000202
76.7,CLIMB,COOLING_DEGRADATION,1.0,6427.11,83.63,613.08,5.261,71.33,20.669,25.657,1.55,24.594,17.527,6419.095175107674,79.98019671428571,611.0298979591837,5.2968922609282,66.39299293877552,20.66739183673469,25.6722,1.6167095175107675,24.6,17.5415,8.014824892326033,3.6498032857142846,2.0501020408163413,-0.035892260928199526,4.937007061224477,0.00160816326530977,-0.015200000000000102,-0.06670951751076748,-0.006000000000000227,-0.014499999999998181
76.8,CLIMB,COOLING_DEGRADATION,1.0,6427.79,83.9,615.66,5.302,72.09,20.722,25.719,1.62,24.521,17.755,6418.5631541315925,79.98032314285715,611.0009795918368,5.296654361791029,66.3874853877551,20.66551836734694,25.672,1.6165763154131594,24.6,17.54,9.226845868407509,3.9196768571428606,4.659020408163201,0.005345638208970271,5.702514612244897,0.05648163265306039,0.0470000000000006,0.003423684586840725,-0.07900000000000063,0.21499999999999986
76.9,CLIMB,COOLING_DEGRADATION,1.0,6424.52,83.16,613.9,5.258,71.51,20.625,25.729,1.64,24.63,17.479,6418.031140005502,79.98044957142857,610.9720612244898,5.296416460311873,66.38197783673469,20.663644897959188,25.6718,1.6164431140005502,24.6,17.5385,6.488859994498853,3.1795504285714316,2.9279387755101425,-0.038416460311872846,5.128022163265314,-0.038644897959187574,0.05719999999999814,0.023556885999449717,0.029999999999997584,-0.059499999999999886
77.0,CLIMB,COOLING_DEGRADATION,1.0,6421.15,83.87,616.3,5.352,71.26,20.564,25.675,1.516,24.56,17.641,6417.466064428114,79.97863500000001,610.9711428571428,5.296199665911772,66.37053428571429,20.66217142857143,25.6716,1.6163866064428114,24.6,17.537,3.6839355718857405,3.8913649999999933,5.328857142857146,0.05580033408822871,4.88946571428572,-0.09817142857142969,0.0033999999999991815,-0.10038660644281139,-0.0400000000000027,0.1039999999999992
77.1,CLIMB,COOLING_DEGRADATION,1.0,6424.85,84.39,613.67,5.284,71.42,20.534,25.693,1.523,24.565,17.57,6417.414484228571,79.97834742857144,610.9472244897959,5.296207195051746,66.36523273469388,20.662097959183676,25.6716,1.616301448422857,24.6,17.537,7.435515771428982,4.4116525714285615,2.7227755102040874,-0.012207195051746389,5.0547672653061255,-0.12809795918367683,0.021399999999999864,-0.09330144842285715,-0.03500000000000014,0.03300000000000125
77.2,CLIMB,COOLING_DEGRADATION,1.0,6432.68,83.65,615.76,5.274,71.43,20.644,25.664,1.725,24.695,17.573,6416.807103668114,79.97801857142858,610.9483469387754,5.295968774817241,66.35377040816327,20.66078775510204,25.6714,1.6162407103668115,24.6,17.5355,15.872896331886295,3.671981428571428,4.811653061224547,-0.0219687748172408,5.076229591836736,-0.016787755102040336,-0.0073999999999969646,0.1087592896331886,0.09499999999999886,0.03750000000000142
77.3,CLIMB,COOLING_DEGRADATION,1.0,6436.58,84.31,614.58,5.297,71.55,20.68,25.728,1.604,24.643,17.559,6416.275121856001,79.978145,610.9194285714285,5.295730862327832,66.34826285714286,20.658914285714285,25.6712,1.6161075121856001,24.6,17.534,20.304878143999304,4.3318550000000045,3.6605714285715294,0.0012691376721676306,5.201737142857141,0.021085714285714374,0.056800000000002626,-0.012107512185600022,0.04299999999999926,0.02500000000000213
77.4,CLIMB,COOLING_DEGRADATION,1.0,6422.67,84.22,615.64,5.291,71.28,20.828,25.659,1.662,24.593,17.691,6415.710087982205,79.97893042857143,610.9185102040816,5.2954781222262435,66.34241930612245,20.65744081632653,25.671,1.6160510087982205,24.6,17.5325,6.959912017795432,4.241069571428568,4.721489795918387,-0.004478122226243109,4.93758069387755,0.17055918367346834,-0.012000000000000455,0.04594899120177942,-0.0070000000000014495,0.15850000000000009
77.5,CLIMB,COOLING_DEGRADATION,1.0,6414.55,83.56,616.37,5.294,71.31,20.837,25.66,1.539,24.584,17.486,6415.178122783347,79.97645685714286,610.8895918367347,5.295276131187489,66.33131175510204,20.655567346938774,25.6708,1.6159178122783346,24.6,17.531,-0.6281227833469529,3.5835431428571383,5.480408163265338,-0.001276131187489149,4.978688244897967,0.18143265306122558,-0.010799999999999699,-0.07691781227833472,-0.01600000000000179,-0.04499999999999815
77.6,CLIMB,COOLING_DEGRADATION,1.0,6423.27,82.48,613.22,5.243,71.19,20.622,25.677,1.618,24.695,17.421,6414.570802501715,79.97872800000002,610.8907142857142,5.295001774083676,66.32544942857143,20.654257142857144,25.6706,1.6158570802501713,24.6,17.5295,8.699197498285685,2.501271999999986,2.3292857142857883,-0.05200177408367601,4.864550571428566,-0.032257142857144316,0.006399999999999295,0.002142919749828831,0.09499999999999886,-0.10849999999999937
77.7,CLIMB,COOLING_DEGRADATION,1.0,6427.22,83.67,613.69,5.308,71.48,20.702,25.654,1.582,24.622,17.596,6414.5192372488655,79.97584042857144,610.8667959183673,5.29504521453433,66.31454787755102,20.65418367346939,25.6706,1.6157719237248866,24.6,17.5295,12.70076275113479,3.694159571428557,2.8232040816327526,0.012954785465669971,5.165452122448983,0.04781632653061152,-0.016600000000000392,-0.03377192372488658,0.021999999999998465,0.06650000000000134
77.8,CLIMB,COOLING_DEGRADATION,1.0,6420.37,83.74,612.47,5.304,71.77,20.771,25.769,1.564,24.605,17.718,6413.954245079641,79.97662585714286,610.8658775510204,5.29479246654531,66.30870432653062,20.652710204081632,25.6704,1.6157154245079641,24.6,17.528,6.415754920359177,3.7633741428571312,1.6041224489796377,0.009207533454690164,5.46129567346938,0.11828979591836841,0.09859999999999758,-0.05171542450796407,0.004999999999999005,0.19000000000000128
77.9,CLIMB,COOLING_DEGRADATION,1.0,6428.46,83.65,614.39,5.284,71.27,20.88,25.671,1.541,24.62,17.381,6413.4223121976165,79.9741522857143,610.8369591836735,5.29459045466948,66.29759677551021,20.650836734693875,25.6702,1.6155822312197616,24.6,17.5265,15.037687802383516,3.675847714285709,3.5530408163265292,-0.010590454669480387,4.972403224489781,0.22916326530612352,0.0007999999999981355,-0.07458223121976171,0.019999999999999574,-0.1454999999999984
78.0,CLIMB,COOLING_DEGRADATION,1.0,6420.38,83.74,609.72,5.248,72.23,20.675,25.649,1.733,24.635,17.421,6412.815042690612,79.97642342857142,610.8380816326531,5.294316092880088,66.2917344489796,20.64952653061225,25.67,1.6155215042690614,24.6,17.525,7.564957309387864,3.7635765714285725,-1.1180816326531158,-0.046316092880087645,5.938265551020407,0.025473469387751635,-0.021000000000000796,0.11747849573093871,0.03500000000000014,-0.1039999999999992
78.1,CLIMB,COOLING_DEGRADATION,1.0,6419.37,82.9,614.31,5.321,71.53,20.574,25.68,1.662,24.565,17.379,6412.283129373944,79.97654985714287,610.8091632653061,5.294078160589249,66.28622689795918,20.64765306122449,25.6698,1.6153883129373945,24.6,17.5235,7.086870626056225,2.923450142857135,3.5008367346938485,0.026921839410750437,5.243773102040819,-0.073653061224487,0.010200000000001097,0.046611687062605434,-0.03500000000000014,-0.1444999999999972
78.2,CLIMB,COOLING_DEGRADATION,1.0,6429.09,84.1,613.61,5.308,71.57,20.652,25.675,1.638,24.634,17.661,6411.751222909387,79.97407628571428,610.7802448979592,5.293876131766245,66.27511934693878,20.645779591836735,25.6696,1.6152551222909388,24.6,17.522,17.338777090612894,4.125923714285719,2.829755102040849,0.014123868233754777,5.294880653061213,0.006220408163265745,0.005400000000001626,0.022744877709061084,0.03399999999999892,0.1390000000000029
78.3,CLIMB,COOLING_DEGRADATION,1.0,6427.36,82.9,614.16,5.305,71.34,20.787,25.612,1.573,24.661,17.576,6411.6666351623835,79.9744477142857,610.7843265306122,5.293868823033792,66.26948179591837,20.646106122448977,25.6696,1.6152466635162386,24.6,17.522,15.693364837616173,2.9255522857143035,3.3756734693877206,0.01113117696620769,5.070518204081637,0.14089387755102223,-0.05760000000000076,-0.042246663516238625,0.06099999999999994,0.054000000000002046
78.4,CLIMB,COOLING_DEGRADATION,1.0,6420.73,83.65,616.38,5.272,71.74,20.69,25.573,1.589,24.639,17.506,6411.092450528572,79.97345985714284,610.7574489795918,5.2936451787723415,66.25835546938777,20.644395918367348,25.6694,1.6151092450528572,24.6,17.5205,9.63754947142752,3.6765401428571636,5.622551020408196,-0.02164517877234129,5.481644530612229,0.045604081632653504,-0.09639999999999915,-0.026109245052857277,0.038999999999997925,-0.014499999999998181
78.5,CLIMB,COOLING_DEGRADATION,1.0,6417.81,83.3,612.27,5.282,71.97,20.627,25.642,1.69,24.633,17.611,6410.527535434285,79.97424528571429,610.7565306122449,5.293392418607503,66.25251191836735,20.64292244897959,25.6692,1.6150527535434285,24.6,17.519,7.2824645657156,3.325754714285708,1.5134693877550944,-0.011392418607503174,5.717488081632652,-0.015922448979591053,-0.027200000000000557,0.07494724645657147,0.0329999999999977,0.0920000000000023
78.6,CLIMB,COOLING_DEGRADATION,1.0,6408.61,83.4,615.58,5.318,71.44,20.562,25.69,1.615,24.547,17.623,6409.995661290123,79.97437171428571,610.7276122448981,5.29315447298011,66.24700436734695,20.641048979591837,25.669,1.6149195661290126,24.6,17.5175,-1.3856612901236076,3.4256282857142963,4.852387755101972,0.024845527019889957,5.1929956326530515,-0.07904897959183543,0.021000000000000796,8.04338709874397e-05,-0.053000000000000824,0.10550000000000281
78.7,CLIMB,COOLING_DEGRADATION,1.0,6414.67,84.32,612.4,5.273,71.62,20.602,25.729,1.582,24.61,17.298,6409.430768633731,79.97255714285716,610.7266938775512,5.292937604333689,66.23556081632654,20.639575510204086,25.6688,1.6148630768633732,24.6,17.516,5.2392313662694505,4.347442857142838,1.673306122448821,-0.019937604333689407,5.384439183673464,-0.03757551020408556,0.060199999999998255,-0.032863076863373086,0.00999999999999801,-0.21799999999999997
78.8,CLIMB,COOLING_DEGRADATION,1.0,6419.33,83.24,616.05,5.262,72.19,20.613,25.766,1.617,24.569,17.531,6408.898911106237,79.97268357142856,610.6977755102041,5.292699652187089,66.23005326530613,20.63770204081633,25.6686,1.6147298911106238,24.6,17.514499999999998,10.431088893762535,3.2673164285714336,5.352224489795844,-0.030699652187089477,5.959946734693872,-0.02470204081632943,0.09739999999999682,0.0022701088893761767,-0.03100000000000236,0.016500000000000625
78.9,CLIMB,COOLING_DEGRADATION,1.0,6412.35,83.23,614.65,5.249,71.2,20.542,25.661,1.617,24.65,17.488,6408.772075053454,79.97194071428571,610.7038979591838,5.292706626866144,66.21879693877551,20.638191836734695,25.6686,1.6147172075053455,24.6,17.514499999999998,3.577924946546773,3.258059285714296,3.9461020408161858,-0.04370662686614413,4.981203061224491,-0.09619183673469323,-0.007600000000000051,0.002282792494654462,0.04999999999999716,-0.026499999999998636
79.0,CLIMB,COOLING_DEGRADATION,1.0,6418.07,84.29,613.01,5.3,71.8,20.454,25.613,1.579,24.654,17.489,6408.240233231542,79.97206714285714,610.6749795918369,5.2924686702450785,66.2132893877551,20.636318367346938,25.6684,1.6145840233231543,24.6,17.513,9.829766768457375,4.317932857142864,2.335020408163132,0.007531329754921323,5.5867106122449,-0.1823183673469373,-0.055399999999998784,-0.03558402332315436,0.053999999999998494,-0.02400000000000091
79.1,CLIMB,COOLING_DEGRADATION,1.0,6415.41,83.34,614.85,5.252,71.9,20.664,25.58,1.66,24.652,17.534,6407.675382283102,79.97025257142856,610.6740612244898,5.292251783894454,66.20184583673469,20.634844897959184,25.6682,1.6145275382283102,24.6,17.511499999999998,7.734617716897446,3.3697474285714435,4.17593877551019,-0.04025178389445383,5.698154163265315,0.029155102040817837,-0.0882000000000005,0.04547246177168973,0.0519999999999996,0.022500000000000853
79.2,CLIMB,COOLING_DEGRADATION,1.0,6408.69,84.76,615.18,5.282,71.19,20.42,25.696,1.655,24.633,17.629,6407.143557078857,79.970379,610.6451428571429,5.29201382075621,66.19633828571429,20.63297142857143,25.668,1.6143943557078857,24.6,17.51,1.546442921142443,4.789621000000011,4.534857142857049,-0.010013820756210379,4.993661714285707,-0.2129714285714286,0.028000000000002245,0.04060564429211433,0.0329999999999977,0.11899999999999977
79.3,CLIMB,COOLING_DEGRADATION,1.0,6412.03,83.16,612.96,5.273,71.52,20.693,25.683,1.655,24.584,17.535,6406.569472065306,79.97199114285714,610.6182653061225,5.291754258568956,66.19081195918368,20.631261224489794,25.6678,1.6142569472065307,24.6,17.508499999999998,5.460527934693346,3.1880088571428615,2.3417346938775836,-0.01875425856895596,5.3291880408163195,0.06173877551020723,0.015200000000000102,0.04074305279346935,-0.01600000000000179,0.02650000000000219
79.4,CLIMB,COOLING_DEGRADATION,1.0,6416.11,83.39,613.26,5.288,71.24,20.76,25.668,1.573,24.677,17.503,6406.004656488491,79.97017657142858,610.6173469387755,5.2915373585771635,66.17936840816327,20.629787755102043,25.6676,1.6142004656488491,24.6,17.506999999999998,10.10534351150909,3.4198234285714193,2.6426530612244505,-0.0035373585771631966,5.060631591836724,0.13021224489795813,0.00039999999999906777,-0.04120046564884916,0.07699999999999818,-0.003999999999997783
79.5,CLIMB,COOLING_DEGRADATION,1.0,6419.12,84.65,612.02,5.199,71.12,20.843,25.676,1.602,24.644,17.44,6405.953136095314,79.96988900000001,610.5934285714286,5.291544847823587,66.17406685714286,20.629714285714286,25.6676,1.6141153136095314,24.6,17.506999999999998,13.16686390468567,4.680110999999997,1.4265714285713784,-0.09254484782358752,4.945933142857143,0.21328571428571408,0.008399999999998187,-0.01211531360953133,0.04399999999999693,-0.06699999999999662
79.6,CLIMB,COOLING_DEGRADATION,1.0,6414.36,84.23,613.12,5.258,71.14,20.682,25.724,1.656,24.513,17.396,6405.3883366202945,79.96807442857144,610.5925102040816,5.291327939594532,66.16262330612244,20.628240816326528,25.6674,1.6140588336620294,24.6,17.505499999999998,8.971663379705205,4.261925571428563,2.5274897959184273,-0.03332793959453184,4.977376693877559,0.053759183673470545,0.05659999999999954,0.041941166337970515,-0.08699999999999974,-0.10949999999999704
79.7,CLIMB,COOLING_DEGRADATION,1.0,6415.49,84.78,614.03,5.237,71.81,20.556,25.726,1.583,24.565,17.368,6404.814293002972,79.96968657142858,610.5656326530611,5.2910683696232494,66.15709697959184,20.6265306122449,25.6672,1.6139214293002973,24.6,17.503999999999998,10.6757069970281,4.810313428571419,3.464367346938843,-0.054068369623249346,5.652903020408161,-0.0705306122448981,0.058799999999997965,-0.030921429300297287,-0.03500000000000014,-0.13599999999999923
79.8,CLIMB,COOLING_DEGRADATION,1.0,6404.87,83.72,614.86,5.29,71.13,20.597,25.684,1.502,24.627,17.555,6404.2495191359985,79.97047200000002,610.5647142857142,5.290815588138706,66.15125342857144,20.625057142857145,25.667,1.6138649519136,24.6,17.502499999999998,0.6204808640013653,3.7495279999999838,4.2952857142857965,-0.0008155881387059694,4.978746571428559,-0.028057142857143447,0.01699999999999946,-0.11186495191359991,0.02699999999999747,0.05250000000000199
79.9,CLIMB,COOLING_DEGRADATION,1.0,6412.05,82.99,612.63,5.354,71.0,20.779,25.653,1.61,24.562,17.483,6403.717752681861,79.96799842857143,610.5357959183673,5.290613470234438,66.14014587755102,20.62318367346939,25.6668,1.6137317752681861,24.6,17.501,8.332247318138798,3.022001571428561,2.0942040816327108,0.06338652976556247,4.859854122448979,0.1558163265306085,-0.013799999999999812,-0.0037317752681860217,-0.038000000000000256,-0.018000000000000682
80.0,CLIMB,COOLING_DEGRADATION,1.0,6412.6,83.67,613.53,5.256,71.19,20.775,25.709,1.659,24.604,17.487,6403.153001254531,79.96878385714287,610.5348775510203,5.290360684299628,66.13430232653062,20.621710204081634,25.6666,1.6136753001254531,24.6,17.499499999999998,9.4469987454695,3.7012161428571346,2.995122448979714,-0.03436068429962802,5.055697673469382,0.153289795918365,0.04240000000000066,0.0453246998745469,0.003999999999997783,-0.01249999999999929
80.1,CLIMB,COOLING_DEGRADATION,1.0,6413.77,83.62,610.57,5.233,71.49,20.757,25.748,1.636,24.558,17.407,6403.101496038792,79.9658962857143,610.5109591836734,5.290404021273657,66.1234007755102,20.621636734693872,25.6666,1.6135901496038794,24.6,17.499499999999998,10.668503961208444,3.6541037142857107,0.05904081632661473,-0.05740402127365751,5.366599224489789,0.13536326530612897,0.08140000000000214,0.022409850396120534,-0.04200000000000159,-0.09249999999999758
80.2,CLIMB,COOLING_DEGRADATION,1.0,6411.8,84.47,613.9,5.266,71.57,20.704,25.634,1.671,24.568,17.699,6402.494515360653,79.96816742857142,610.512081632653,5.29012964162044,66.1175384489796,20.620326530612243,25.6664,1.6135294515360652,24.6,17.497999999999998,9.305484639347014,4.501832571428579,3.3879183673469697,-0.024129641620439735,5.4524615510203915,0.0836734693877581,-0.032399999999999096,0.057470548463934845,-0.03200000000000003,0.20100000000000406
80.3,CLIMB,COOLING_DEGRADATION,1.0,6428.73,84.3,613.91,5.247,71.35,20.55,25.667,1.626,24.659,17.476,6401.962781235185,79.96569385714287,610.4831632653061,5.289927502907377,66.10643089795919,20.618453061224493,25.6662,1.6133962781235185,24.6,17.4965,26.76721876481497,4.33430614285713,3.426836734693893,-0.04292750290737679,5.243569102040809,-0.06845306122449202,0.0008000000000016882,0.0126037218764814,0.0589999999999975,-0.02050000000000196
80.4,CLIMB,COOLING_DEGRADATION,1.0,6409.81,83.92,612.97,5.278,71.43,20.549,25.777,1.645,24.673,17.484,6401.398071519184,79.96647928571429,610.4822448979592,5.289674709112148,66.10058734693878,20.616979591836735,25.666,1.6133398071519185,24.6,17.494999999999997,8.411928480816641,3.953520714285716,2.4877551020408646,-0.01167470911214874,5.329412653061226,-0.06797959183673541,0.11100000000000065,0.031660192848081525,0.07299999999999685,-0.01099999999999568
80.5,CLIMB,COOLING_DEGRADATION,1.0,6406.19,83.63,611.86,5.292,70.77,20.683,25.61,1.562,24.51,17.503,6400.866354014792,79.96660571428573,610.4533265306122,5.289436712896963,66.09507979591837,20.615106122448985,25.6658,1.6132066354014791,24.6,17.4935,5.323645985207804,3.6633942857142614,1.4066734693877834,0.002563287103036771,4.67492020408163,0.06789387755101473,-0.055800000000001404,-0.05120663540147907,-0.08999999999999986,0.009499999999999176
80.6,CLIMB,COOLING_DEGRADATION,1.0,6405.98,84.01,611.53,5.289,71.65,20.695,25.559,1.594,24.466,17.484,6400.292410035201,79.96561785714285,610.4264489795919,5.289212972005176,66.08395346938775,20.61339591836735,25.6656,1.6130692410035201,24.6,17.491999999999997,5.6875899647984625,4.04438214285716,1.1035510204080765,-0.00021297200517622628,5.566046530612255,0.08160408163265132,-0.10660000000000025,-0.019069241003520032,-0.13400000000000034,-0.007999999999995566
80.7,CLIMB,COOLING_DEGRADATION,1.0,6408.2,82.77,610.67,5.283,70.85,20.607,25.592,1.554,24.593,17.505,6400.2079433728,79.96598928571427,610.430530612245,5.289205644730792,66.07831591836735,20.613722448979594,25.6656,1.6130607943372803,24.6,17.491999999999997,7.992056627199418,2.804010714285724,0.23946938775497983,-0.006205644730791882,4.7716840816326425,-0.006722448979594731,-0.07360000000000255,-0.05906079433728029,-0.0070000000000014495,0.013000000000001677
80.8,CLIMB,COOLING_DEGRADATION,1.0,6417.87,83.66,613.86,5.248,72.04,20.517,25.664,1.592,24.521,17.39,6399.676248434155,79.9635157142857,610.4016122448979,5.2890034799029495,66.06720836734694,20.611848979591834,25.665399999999998,1.6129276248434157,24.6,17.4905,18.19375156584465,3.696484285714291,3.4583877551020805,-0.04100347990294928,5.97279163265307,-0.09484897959183414,-0.0013999999999967372,-0.020927624843415593,-0.07900000000000063,-0.10050000000000026
80.9,CLIMB,COOLING_DEGRADATION,1.0,6410.52,84.0,613.11,5.232,71.8,20.704,25.717,1.601,24.564,17.277,6399.111590196245,79.96430114285714,610.4006938775509,5.288750677053485,66.06136481632653,20.610375510204083,25.6652,1.6128711590196245,24.6,17.489,11.408409803755603,4.035698857142862,2.7093061224491066,-0.056750677053484466,5.738635183673466,0.09362448979591775,0.05180000000000007,-0.011871159019624544,-0.036000000000001364,-0.21199999999999974
81.0,CLIMB,COOLING_DEGRADATION,1.0,6411.23,83.19,612.93,5.271,71.49,20.5,25.727,1.488,24.615,17.394,6398.5799118800005,79.96442757142857,610.3717755102041,5.2885126675306005,66.05585726530612,20.608502040816326,25.665,1.6127379911880002,24.6,17.4875,12.650088119999054,3.225572428571425,2.5582244897958617,-0.017512667530600545,5.434142734693879,-0.10850204081632597,0.062000000000001165,-0.12473799118800022,0.014999999999997016,-0.09350000000000236
81.1,CLIMB,COOLING_DEGRADATION,1.0,6417.44,83.07,612.56,5.236,71.78,20.74,25.742,1.631,24.65,17.428,6397.9730549920005,79.96409871428571,610.3728979591837,5.288274112643824,66.04439493877553,20.60719183673469,25.6648,1.6126773054992,24.6,17.485999999999997,19.46694500799913,3.105901285714282,2.187102040816285,-0.052274112643824644,5.735605061224476,0.13280816326530953,0.07720000000000127,0.01832269450079993,0.04999999999999716,-0.05799999999999628
81.2,CLIMB,COOLING_DEGRADATION,1.0,6405.89,84.9,613.12,5.303,71.37,20.721,25.549,1.614,24.661,17.549,6397.44139624996,79.96422514285713,610.3439795918367,5.288036097888263,66.0388873877551,20.60531836734694,25.6646,1.6125441396249962,24.6,17.4845,8.448603750040093,4.935774857142874,2.7760204081632764,0.014963902111737148,5.331112612244908,0.11568163265306097,-0.11560000000000059,0.0014558603750038923,0.06099999999999994,0.06449999999999889
81.3,CLIMB,COOLING_DEGRADATION,1.0,6410.85,84.14,614.31,5.293,72.16,20.594,25.703,1.721,24.66,17.37,6397.356959970123,79.96199657142856,610.3480612244898,5.288064591549166,66.0276498367347,20.605644897959184,25.6646,1.6125356959970123,24.6,17.4845,13.493040029877193,4.178003428571444,3.9619387755101343,0.004935408450833734,6.132350163265301,-0.011644897959182998,0.038399999999999324,0.10846430400298779,0.05999999999999872,-0.1144999999999996
81.4,CLIMB,COOLING_DEGRADATION,1.0,6402.09,83.13,614.7,5.28,71.58,20.642,25.706,1.615,24.662,17.423,6396.825313987886,79.962123,610.3191428571429,5.287826571056007,66.0221422857143,20.603771428571424,25.6644,1.6124025313987886,24.6,17.482999999999997,5.264686012113998,3.16787699999999,4.380857142857167,-0.007826571056006593,5.557857714285703,0.03822857142857572,0.04159999999999897,0.00259746860121135,0.06199999999999761,-0.05999999999999872
81.5,CLIMB,COOLING_DEGRADATION,1.0,6403.22,83.96,610.45,5.318,71.36,20.613,25.745,1.609,24.656,17.388,6396.218507885485,79.96179414285714,610.3202653061225,5.287588001700545,66.01067995918368,20.602461224489797,25.6642,1.6123418507885485,24.6,17.481499999999997,7.001492114514804,3.9982058571428496,0.1297346938775945,0.030411998299454623,5.349320040816323,0.010538775510202214,0.08079999999999998,-0.0033418507885485393,0.055999999999997385,-0.09349999999999525
81.6,CLIMB,COOLING_DEGRADATION,1.0,6408.41,84.24,614.35,5.276,71.41,20.582,25.581,1.63,24.517,17.236,6395.686881478531,79.96192057142858,610.2913469387755,5.2873499759769285,66.00517240816328,20.60058775510204,25.664,1.612208688147853,24.6,17.48,12.723118521468677,4.2780794285714165,4.058653061224504,-0.011349975976928661,5.404827591836721,-0.018587755102039694,-0.08300000000000196,0.017791311852146885,-0.08300000000000196,-0.24399999999999977
81.7,CLIMB,COOLING_DEGRADATION,1.0,6396.05,83.78,613.96,5.251,71.83,20.531,25.638,1.742,24.585,17.579,6395.155261929372,79.962047,610.2624285714286,5.287111947922304,65.99966485714286,20.598714285714287,25.6638,1.6120755261929371,24.6,17.4785,0.8947380706285912,3.817953000000003,3.6975714285714503,-0.03611194792230332,5.8303351428571375,-0.06771428571428828,-0.025799999999996714,0.12992447380706285,-0.015000000000000568,0.10050000000000026
81.8,CLIMB,COOLING_DEGRADATION,1.0,6400.26,83.93,611.8,5.279,71.32,20.511,25.664,1.597,24.583,17.479,6394.590703224164,79.96023242857143,610.2615102040817,5.286894941383586,65.98822130612245,20.597240816326533,25.6636,1.6120190703224164,24.6,17.477000000000004,5.669296775836301,3.9697675714285765,1.5384897959182808,-0.007894941383586485,5.3317786938775384,-0.08624081632653358,0.0004000000000026205,-0.01501907032241645,-0.017000000000003013,0.001999999999995339
81.9,CLIMB,COOLING_DEGRADATION,1.0,6406.3,83.58,610.79,5.328,71.51,20.661,25.588,1.524,24.619,17.33,6394.539242907037,79.95994485714286,610.2375918367346,5.286902391150496,65.98291975510205,20.597167346938775,25.6636,1.6119339242907036,24.6,17.477000000000004,11.760757092963104,3.62005514285714,0.5524081632653406,0.041097608849503864,5.5270802448979595,0.0638326530612261,-0.07559999999999789,-0.08793392429070357,0.01899999999999835,-0.14700000000000557
82.0,CLIMB,COOLING_DEGRADATION,1.0,6408.39,84.64,612.81,5.239,71.93,20.598,25.627,1.601,24.582,17.506,6393.932500309715,79.95961600000001,610.2387142857143,5.286663804434293,65.97145742857143,20.59585714285714,25.6634,1.6118732500309716,24.6,17.4755,14.457499690285658,4.680383999999989,2.5712857142856365,-0.04766380443429341,5.9585425714285805,0.002142857142857224,-0.03640000000000043,-0.010873250030971615,-0.018000000000000682,0.03049999999999997
82.1,CLIMB,COOLING_DEGRADATION,1.0,6402.53,84.13,614.46,5.244,71.93,20.488,25.617,1.535,24.573,17.468,6393.400913098123,79.95974242857143,610.2097959183674,5.286425765416391,65.96594987755103,20.593983673469392,25.6632,1.6117400913098123,24.6,17.474,9.12908690187669,4.170257571428564,4.25020408163266,-0.042425765416391314,5.964050122448981,-0.10598367346939241,-0.04619999999999891,-0.07674009130981241,-0.027000000000001023,-0.006000000000000227
82.2,CLIMB,COOLING_DEGRADATION,1.0,6395.64,84.47,611.49,5.335,71.54,20.501,25.671,1.542,24.572,17.362,6392.83639610898,79.96052785714286,610.2088775510205,5.286172941327745,65.96010632653062,20.592510204081634,25.663,1.6116836396108982,24.6,17.4725,2.8036038910204297,4.509472142857135,1.281122448979545,0.048827058672254786,5.579893673469385,-0.0915102040816329,0.007999999999999119,-0.06968363961089818,-0.028000000000002245,-0.11050000000000182
82.3,CLIMB,COOLING_DEGRADATION,1.0,6406.74,84.5,611.65,5.27,71.6,20.625,25.604,1.627,24.569,17.511,6392.3048255232,79.9580542857143,610.1799591836735,5.285970695692338,65.9489987755102,20.59063673469388,25.6628,1.61155048255232,24.6,17.471,14.435174476800057,4.541945714285703,1.4700408163264456,-0.015970695692338666,5.651001224489789,0.03436326530611922,-0.05880000000000152,0.015449517447680083,-0.03100000000000236,0.03999999999999915
82.4,CLIMB,COOLING_DEGRADATION,1.0,6390.25,85.01,612.36,5.292,71.2,20.416,25.691,1.685,24.55,17.452,6391.698143221029,79.96032542857144,610.181081632653,5.285696300269083,65.94313644897959,20.589326530612244,25.6626,1.611489814322103,24.6,17.469499999999996,-1.4481432210286584,5.049674571428568,2.1789183673470234,0.006303699730916712,5.256863551020416,-0.17332653061224335,0.02839999999999776,0.07351018567789702,-0.05000000000000071,-0.017499999999994742
82.5,CLIMB,COOLING_DEGRADATION,1.0,6408.44,84.03,610.64,5.256,71.21,20.687,25.656,1.58,24.596,17.745,6391.646697876637,79.95743785714286,610.157163265306,5.285739533299282,65.93223489795919,20.58925306122449,25.6626,1.6114046697876636,24.6,17.469499999999996,16.79330212336299,4.072562142857137,0.48283673469393307,-0.029739533299281362,5.277765102040803,0.09774693877551144,-0.006600000000002382,-0.03140466978766354,-0.004000000000001336,0.2755000000000045
82.6,CLIMB,COOLING_DEGRADATION,1.0,6406.85,84.59,613.65,5.24,72.02,20.515,25.733,1.673,24.619,17.292,6391.082222604539,79.95822328571428,610.1562448979593,5.285486701372742,65.92639134693877,20.587779591836735,25.6624,1.6113482222604538,24.6,17.468,15.767777395461053,4.631776714285721,3.4937551020407227,-0.04548670137274158,6.093608653061224,-0.07277959183673488,0.07059999999999889,0.06165177773954622,0.01899999999999835,-0.17599999999999838
82.7,CLIMB,COOLING_DEGRADATION,1.0,6405.61,83.94,613.04,5.276,71.66,20.614,25.688,1.614,24.619,17.566,6390.550684359185,79.95574971428572,610.1273265306123,5.285284434956591,65.91528379591837,20.585906122448982,25.6622,1.6112150684359188,24.6,17.4665,15.05931564081493,3.984250285714282,2.9126734693876415,-0.009284434956590815,5.744716204081627,0.028093877551018664,0.025800000000000267,0.0027849315640813277,0.01899999999999835,0.09949999999999903
82.8,CLIMB,COOLING_DEGRADATION,1.0,6404.31,84.75,612.87,5.294,71.47,20.569,25.676,1.649,24.519,17.469,6389.986231530449,79.95653514285713,610.1264081632653,5.285031598594884,65.90944024489797,20.584432653061224,25.662,1.611158623153045,24.6,17.465,14.323768469551396,4.793464857142865,2.7435918367347085,0.008968401405115678,5.560559755102034,-0.01543265306122521,0.013999999999999346,0.03784137684695499,-0.08100000000000307,0.004000000000001336
82.9,CLIMB,COOLING_DEGRADATION,1.0,6402.05,83.52,609.76,5.205,71.64,20.619,25.628,1.632,24.614,17.428,6389.4125341803265,79.95814728571428,610.0995306122448,5.284771976183031,65.90391391836735,20.58272244897959,25.6618,1.6110212534180328,24.6,17.463500000000003,12.637465819673707,3.5618527142857204,-0.33953061224485737,-0.07977197618303133,5.736086081632649,0.03627755102040808,-0.033799999999999386,0.020978746581967078,0.013999999999999346,-0.03550000000000253
83.0,CLIMB,COOLING_DEGRADATION,1.0,6400.58,83.68,610.05,5.273,71.15,20.558,25.711,1.598,24.562,17.391,6388.881022373878,79.95567371428571,610.0706122448979,5.28456969286555,65.89280636734694,20.580848979591835,25.6616,1.610888102237388,24.6,17.462,11.698977626121632,3.724326285714298,-0.020612244897961318,-0.01156969286555043,5.25719363265307,-0.02284897959183496,0.049399999999998556,-0.0128881022373879,-0.038000000000000256,-0.0710000000000015
83.1,CLIMB,COOLING_DEGRADATION,1.0,6398.83,83.98,609.58,5.235,71.87,20.813,25.686,1.584,24.553,17.428,6388.796676813062,79.95604514285714,610.074693877551,5.284562347373208,65.88716881632654,20.58117551020408,25.6616,1.6108796676813062,24.6,17.462,10.033323186938105,4.0239548571428685,-0.49469387755095795,-0.049562347373207416,5.9828311836734684,0.23182448979591896,0.024399999999999977,-0.02687966768130612,-0.0470000000000006,-0.03399999999999892
83.2,CLIMB,COOLING_DEGRADATION,1.0,6401.92,84.03,610.48,5.293,71.27,20.654,25.654,1.582,24.526,17.598,6388.26517777017,79.95357157142857,610.0457755102041,5.284360054876888,65.87606126530612,20.579302040816323,25.6614,1.610746517777017,24.6,17.460499999999996,13.654822229829733,4.0764284285714325,0.43422448979595174,0.008639945123111836,5.393938734693876,0.07469795918367694,-0.007400000000000517,-0.028746517777016978,-0.07400000000000162,0.13750000000000284
83.3,CLIMB,COOLING_DEGRADATION,1.0,6402.79,84.15,613.87,5.278,71.79,20.528,25.64,1.603,24.587,17.458,6387.700776428114,79.95435700000002,610.0448571428572,5.284107209491275,65.87021771428572,20.577828571428572,25.6612,1.6106900776428112,24.6,17.459,15.089223571885668,4.19564299999999,3.8251428571428505,-0.0061072094912750785,5.919782285714291,-0.049828571428573554,-0.02120000000000033,-0.007690077642811266,-0.013000000000001677,-0.0010000000000012221
83.4,CLIMB,COOLING_DEGRADATION,1.0,6392.32,84.12,612.59,5.312,71.87,20.544,25.654,1.562,24.55,17.414,6387.127130305959,79.95596914285714,610.0179795918367,5.283847578285497,65.86469138775512,20.57611836734694,25.661,1.6105527130305959,24.6,17.4575,5.1928696940403825,4.164030857142862,2.5720204081633256,0.028152421714503717,6.005308612244889,-0.03211836734693918,-0.0070000000000014495,-0.04855271303059583,-0.05000000000000071,-0.043499999999998096
83.5,CLIMB,COOLING_DEGRADATION,1.0,6392.27,83.58,613.77,5.269,71.42,20.648,25.639,1.582,24.674,17.478,6386.562754577241,79.95415457142857,610.0170612244898,5.283630497752766,65.85324783673471,20.57464489795919,25.660800000000002,1.6104962754577243,24.6,17.456,5.707245422759115,3.6258454285714237,3.752938775510188,-0.014630497752765592,5.566752163265292,0.07335510204081075,-0.021800000000002484,-0.028496275457724263,0.07399999999999807,0.022000000000002018
83.6,CLIMB,COOLING_DEGRADATION,1.0,6389.15,84.09,611.34,5.236,71.72,20.537,25.604,1.574,24.653,17.717,6386.031291744001,79.954281,609.9881428571429,5.283392419256317,65.84774028571428,20.57277142857143,25.6606,1.6103631291744,24.6,17.454500000000003,3.1187082559990813,4.135719000000009,1.3518571428571704,-0.0473924192563171,5.872259714285718,-0.03577142857142945,-0.05659999999999954,-0.03636312917439999,0.05299999999999727,0.26249999999999574
83.7,CLIMB,COOLING_DEGRADATION,1.0,6403.1,84.52,610.35,5.223,72.0,20.611,25.68,1.605,24.563,17.342,6385.9469765698295,79.95205242857142,609.992224489796,5.283420830823951,65.83650273469388,20.57309795918367,25.6606,1.610354697656983,24.6,17.454500000000003,17.153023430170833,4.567947571428576,0.3577755102040783,-0.060420830823951555,6.16349726530612,0.03790204081633064,0.019400000000000972,-0.005354697656982932,-0.037000000000002586,-0.11250000000000426
83.8,CLIMB,COOLING_DEGRADATION,1.0,6392.17,84.64,610.27,5.297,72.03,20.597,25.588,1.6,24.585,17.507,6385.415526501356,79.95217885714285,609.9633061224489,5.283182746599922,65.83099518367347,20.571224489795913,25.6604,1.6102215526501358,24.6,17.453,6.754473498644074,4.687821142857146,0.30669387755108346,0.013817253400077334,6.199004816326536,0.025775510204088192,-0.07239999999999824,-0.01022155265013569,-0.015000000000000568,0.054000000000002046
83.9,CLIMB,COOLING_DEGRADATION,1.0,6396.98,85.24,613.09,5.262,71.56,20.546,25.619,1.652,24.538,17.384,6384.809037857829,79.95185,609.9644285714286,5.282944093703675,65.81953285714286,20.569914285714287,25.6602,1.6101609037857831,24.6,17.451500000000003,12.170962142170538,5.288150000000002,3.1255714285714475,-0.020944093703675115,5.740467142857142,-0.02391428571428733,-0.0411999999999999,0.041839096214216775,-0.062000000000001165,-0.06750000000000256
84.0,CLIMB,COOLING_DEGRADATION,1.0,6396.54,85.75,611.09,5.231,71.71,20.552,25.604,1.564,24.579,17.296,6384.2776073714285,79.95197642857143,609.9355102040815,5.282706004262574,65.81402530612246,20.56804081632653,25.66,1.610027760737143,24.6,17.45,12.262392628571433,5.798023571428573,1.1544897959184937,-0.051706004262574545,5.895974693877534,-0.016040816326530205,-0.05600000000000094,-0.046027760737142875,-0.021000000000000796,-0.15399999999999991
84.1,CLIMB,COOLING_DEGRADATION,1.0,6388.04,84.18,610.67,5.271,71.69,20.547,25.761,1.557,24.599,17.478,6383.746183746711,79.95210285714286,609.9065918367346,5.282467912495932,65.80851775510205,20.566167346938776,25.6598,1.6098946183746712,24.6,17.4485,4.293816253289151,4.227897142857145,0.7634081632653533,-0.01146791249593182,5.881482244897953,-0.019167346938775864,0.10119999999999862,-0.05289461837467124,-0.0010000000000012221,0.029500000000002302
84.2,CLIMB,COOLING_DEGRADATION,1.0,6395.88,84.04,610.91,5.271,72.05,20.465,25.62,1.599,24.627,17.406,6383.181881952589,79.9502882857143,609.9056734693877,5.282250799587517,65.79707420408162,20.564693877551026,25.6596,1.6098381881952588,24.6,17.447000000000003,12.698118047411299,4.089711714285713,1.0043265306122748,-0.011250799587517513,6.252925795918372,-0.09969387755102588,-0.03960000000000008,-0.010838188195258835,0.02699999999999747,-0.04100000000000392
84.3,CLIMB,COOLING_DEGRADATION,1.0,6391.84,84.68,613.08,5.268,71.61,20.521,25.627,1.584,24.623,17.616,6383.1304817631035,79.95000071428572,609.8817551020409,5.2822582099516175,65.79177265306122,20.564620408163268,25.6596,1.6097530481763105,24.6,17.447000000000003,8.709518236896656,4.729999285714285,3.198244897959171,-0.01425820995161775,5.818227346938784,-0.0436204081632674,-0.03260000000000218,-0.02575304817631041,0.022999999999999687,0.16899999999999693
84.4,CLIMB,COOLING_DEGRADATION,1.0,6385.54,83.85,615.07,5.231,71.37,20.637,25.631,1.547,24.61,17.435,6382.524056635069,79.94967185714287,609.8828775510204,5.282019539736338,65.78031032653061,20.56331020408163,25.6594,1.609692405663507,24.6,17.4455,3.0159433649305356,3.90032814285712,5.187122448979608,-0.05101953973633844,5.589689673469394,0.07368979591836933,-0.028400000000001313,-0.06269240566350698,0.00999999999999801,-0.010500000000000398
84.5,CLIMB,COOLING_DEGRADATION,1.0,6400.6,84.65,610.94,5.31,70.98,20.679,25.707,1.645,24.572,17.424,6381.992665359673,79.9497982857143,609.8539591836735,5.281781437029825,65.77480277551021,20.561436734693878,25.6592,1.6095592665359673,24.6,17.444,18.60733464032728,4.700201714285711,1.0860408163265447,0.028218562970174332,5.205197224489794,0.11756326530612071,0.047800000000002285,0.03544073346403276,-0.028000000000002245,-0.019999999999999574
84.6,CLIMB,COOLING_DEGRADATION,1.0,6392.67,84.38,609.44,5.263,71.17,20.681,25.636,1.63,24.686,17.383,6381.4284052878365,79.95058371428573,609.8530408163266,5.281528570485568,65.7689592244898,20.559963265306124,25.659,1.6095028405287837,24.6,17.442500000000003,11.241594712163533,4.429416285714268,-0.4130408163265429,-0.018528570485567997,5.401040775510197,0.12103673469387743,-0.022999999999999687,0.02049715947121622,0.08599999999999852,-0.05950000000000344
84.7,CLIMB,COOLING_DEGRADATION,1.0,6395.52,83.22,613.06,5.23,70.92,20.597,25.631,1.587,24.658,17.464,6380.897030644507,79.94811014285715,609.8241224489796,5.281326197289012,65.75785167346939,20.55808979591837,25.6588,1.6093697030644507,24.6,17.441000000000003,14.622969355493296,3.2718898571428525,3.235877551020394,-0.05132619728901133,5.1621483265306125,0.03891020408163115,-0.02779999999999916,-0.02236970306445074,0.05799999999999983,0.022999999999996135
84.8,CLIMB,COOLING_DEGRADATION,1.0,6386.66,84.21,610.4,5.316,71.7,20.684,25.568,1.515,24.661,17.489,6380.290665819772,79.95038128571429,609.8252448979592,5.281051782286113,65.75198934693877,20.556779591836733,25.6586,1.6093090665819771,24.6,17.439500000000002,6.369334180228179,4.259618714285708,0.57475510204074,0.0349482177138869,5.948010653061232,0.12722040816326796,-0.09059999999999846,-0.09430906658197724,0.06099999999999994,0.04949999999999832
84.9,CLIMB,COOLING_DEGRADATION,1.0,6390.58,83.87,610.85,5.263,71.59,20.516,25.658,1.525,24.616,17.468,6380.2392806160005,79.94749371428573,609.8013265306122,5.281094912051337,65.74108779591836,20.55670612244898,25.6586,1.6092239280616,24.6,17.439500000000002,10.340719383999385,3.9225062857142774,1.0486734693878361,-0.018094912051337175,5.848912204081643,-0.040706122448980864,-0.0005999999999986017,-0.08422392806160017,0.015999999999998238,0.028499999999997527
85.0,CLIMB,COOLING_DEGRADATION,1.0,6388.08,84.7,609.9,5.269,71.22,20.581,25.652,1.685,24.539,17.249,6379.675062267429,79.94827914285715,609.8004081632653,5.2808420376938745,65.73524424489797,20.55523265306123,25.6584,1.609167506226743,24.6,17.438000000000002,8.404937732570943,4.751720857142857,0.09959183673470307,-0.011842037693874374,5.484755755102029,0.02576734693877114,-0.006399999999999295,0.07583249377325707,-0.06099999999999994,-0.1890000000000036
85.1,CLIMB,COOLING_DEGRADATION,1.0,6383.64,85.52,611.32,5.248,71.48,20.549,25.713,1.579,24.641,17.565,6379.143719976278,79.9458055714286,609.7714897959185,5.28063964374463,65.72413669387755,20.553359183673468,25.6582,1.6090343719976277,24.6,17.4365,4.4962800237226475,5.574194428571403,1.5485102040815946,-0.03263964374462969,5.75586330612245,-0.004359183673468436,0.05480000000000018,-0.030034371997627707,0.04099999999999682,0.1285000000000025
85.2,CLIMB,COOLING_DEGRADATION,1.0,6394.07,83.79,610.46,5.257,70.93,20.59,25.668,1.604,24.608,17.502,6378.579524074286,79.94659100000003,609.7705714285715,5.280386764964946,65.71829314285715,20.551885714285714,25.658,1.6089779524074288,24.6,17.435000000000002,15.490475925713326,3.84340899999998,0.6894285714284933,-0.02338676496494596,5.2117068571428575,0.03811428571428621,0.00999999999999801,-0.00497795240742871,0.007999999999999119,0.06699999999999662
85.3,CLIMB,COOLING_DEGRADATION,1.0,6396.0,84.4,608.99,5.254,71.83,20.675,25.661,1.639,24.625,17.415,6378.006083243363,79.94820314285714,609.7436938775511,5.2801271017798665,65.71276681632654,20.550175510204085,25.6578,1.608840608324336,24.6,17.4335,17.99391675663719,4.451796857142867,-0.7536938775510862,-0.02612710177986699,6.117233183673463,0.1248244897959161,0.0031999999999996476,0.03015939167566395,0.02499999999999858,-0.018499999999999517
85.4,CLIMB,COOLING_DEGRADATION,1.0,6383.82,84.29,613.29,5.228,71.74,20.653,25.692,1.546,24.602,17.391,6377.474767401796,79.94572957142857,609.7147755102042,5.279924690952122,65.70165926530612,20.548302040816324,25.6576,1.6087074767401797,24.6,17.432000000000002,6.345232598203438,4.344270428571434,3.5752244897958008,-0.05192469095212182,6.038340734693875,0.10469795918367453,0.03440000000000154,-0.06270747674017962,0.0019999999999988916,-0.04100000000000392
85.5,CLIMB,COOLING_DEGRADATION,1.0,6378.47,83.45,611.89,5.24,71.81,20.542,25.752,1.566,24.683,17.196,6377.390542959543,79.946101,609.7188571428572,5.2799173273257844,65.69602171428572,20.54862857142857,25.6576,1.6086990542959543,24.6,17.432000000000002,1.079457040456873,3.503899000000004,2.1711428571427405,-0.039917327325784235,6.113978285714282,-0.006628571428567653,0.09440000000000026,-0.04269905429595422,0.08299999999999841,-0.23600000000000065
85.6,CLIMB,COOLING_DEGRADATION,1.0,6388.26,83.95,612.41,5.265,71.23,20.567,25.69,1.598,24.583,17.584,6376.859239886499,79.94362742857142,609.6899387755102,5.279714907331,65.6849141632653,20.546755102040816,25.6574,1.6085659239886498,24.6,17.430500000000002,11.400760113500837,4.006372571428585,2.7200612244897684,-0.014714907331000227,5.5450858367347,0.02024489795918427,0.03260000000000218,-0.01056592398864975,-0.017000000000003013,0.15349999999999753
85.7,CLIMB,COOLING_DEGRADATION,1.0,6382.73,84.08,611.12,5.277,70.71,20.438,25.673,1.69,24.569,17.303,6376.295095479772,79.94441285714285,609.6890204081632,5.279462019557741,65.6790706122449,20.545281632653058,25.6572,1.6085095095479771,24.6,17.429000000000002,6.434904520227974,4.135587142857148,1.4309795918368309,-0.0024620195577407245,5.030929387755094,-0.10728163265305923,0.015799999999998704,0.08149049045202283,-0.03100000000000236,-0.12600000000000122
85.8,CLIMB,COOLING_DEGRADATION,1.0,6379.6,83.77,613.0,5.267,71.05,20.632,25.683,1.61,24.621,17.528,6375.721705894285,79.94602499999999,609.6621428571428,5.279202347613247,65.6735442857143,20.543571428571425,25.657,1.6083721705894285,24.6,17.4275,3.878294105715213,3.8239750000000043,3.3378571428571604,-0.0122023476132469,5.376455714285697,0.08842857142857596,0.0259999999999998,0.0016278294105716018,0.020999999999997243,0.10050000000000026
85.9,CLIMB,COOLING_DEGRADATION,1.0,6383.78,84.05,612.85,5.322,71.21,20.454,25.652,1.617,24.597,17.442,6375.157587104327,79.94421042857142,609.6612244897958,5.278985160836518,65.66210073469388,20.542097959183675,25.6568,1.6083157587104329,24.6,17.426000000000002,8.622412895672824,4.1057895714285735,3.1887755102042092,0.043014839163482144,5.547899265306114,-0.08809795918367413,-0.004799999999999471,0.00868424128956713,-0.0030000000000001137,0.015999999999998238
86.0,CLIMB,COOLING_DEGRADATION,1.0,6381.53,84.24,612.47,5.3,71.3,20.539,25.649,1.703,24.501,17.52,6374.626320253976,79.94433685714284,609.6323061224489,5.278747018740454,65.65659318367346,20.54022448979592,25.6566,1.6081826320253976,24.6,17.424500000000002,6.903679746023954,4.295663142857151,2.837693877551146,0.02125298125954611,5.643406816326532,-0.0012244897959199363,-0.007600000000000051,0.0948173679746025,-0.0990000000000002,0.0954999999999977
86.1,CLIMB,COOLING_DEGRADATION,1.0,6381.27,83.83,612.81,5.308,71.95,20.542,25.676,1.616,24.643,17.451,6374.542126202449,79.94210828571428,609.636387755102,5.278775348327532,65.64535563265306,20.540551020408166,25.6566,1.608174212620245,24.6,17.424500000000002,6.727873797551183,3.887891714285715,3.1736122448979813,0.029224651672468127,6.304644367346938,0.0014489795918350978,0.01939999999999742,0.007825787379755145,0.04299999999999926,0.026499999999998636
86.2,CLIMB,COOLING_DEGRADATION,1.0,6386.14,84.31,607.11,5.224,71.72,20.546,25.681,1.621,24.612,17.418,6374.0108721218285,79.94223471428572,609.607469387755,5.2785372005139095,65.63984808163265,20.53867755102041,25.6564,1.6080410872121829,24.6,17.423,12.129127878171857,4.367765285714285,-2.497469387755018,-0.05453720051390931,6.080151918367349,0.00732244897958978,0.02459999999999951,0.012958912787817134,0.011999999999996902,-0.004999999999999005
86.3,CLIMB,COOLING_DEGRADATION,1.0,6381.01,84.34,613.59,5.263,71.67,20.521,25.561,1.608,24.555,17.37,6373.404700985144,79.94190585714286,609.6085918367346,5.278298464281749,65.62838575510204,20.537367346938776,25.6562,1.6079804700985143,24.6,17.4215,7.605299014856428,4.398094142857147,3.981408163265428,-0.015298464281749524,6.041614244897957,-0.016367346938775285,-0.0951999999999984,1.9529901485793033e-05,-0.045000000000001705,-0.05150000000000077
86.4,CLIMB,COOLING_DEGRADATION,1.0,6386.32,83.87,613.97,5.257,71.43,20.467,25.589,1.627,24.55,17.427,6372.873466493388,79.94203228571429,609.5796734693878,5.278060311264445,65.62287820408164,20.53549387755102,25.656,1.6078473466493388,24.6,17.42,13.446533506611559,3.927967714285714,4.390326530612242,-0.02106031126444563,5.807121795918363,-0.06849387755102043,-0.06700000000000017,0.019152653350661186,-0.05000000000000071,0.006999999999997897
86.5,CLIMB,COOLING_DEGRADATION,1.0,6381.18,83.82,612.78,5.261,71.54,20.576,25.58,1.636,24.596,17.491,6372.3422388672,79.94215871428572,609.5507551020409,5.277822155927069,65.61737065306123,20.533620408163266,25.6558,1.6077142238867201,24.6,17.4185,8.837761132800551,3.8778412857142683,3.22924489795912,-0.016822155927068927,5.922629346938777,0.042379591836734676,-0.07580000000000098,0.02828577611327976,-0.004000000000001336,0.07249999999999801
86.6,CLIMB,COOLING_DEGRADATION,1.0,6379.28,83.82,610.59,5.252,70.61,20.584,25.661,1.569,24.625,17.349,6371.778194023641,79.94034414285714,609.5498367346938,5.277604936826223,65.60592710204082,20.532146938775508,25.6556,1.607657819402364,24.6,17.417,7.50180597635881,3.8796558571428506,1.0401632653062052,-0.025604936826223224,5.004072897959176,0.051853061224491626,0.005400000000001626,-0.038657819402364124,0.02499999999999858,-0.06800000000000139
86.7,CLIMB,COOLING_DEGRADATION,1.0,6386.64,84.51,607.43,5.302,71.41,20.437,25.678,1.647,24.459,17.398,6371.726854013388,79.94005657142857,609.5259183673469,5.277612307864251,65.60062555102041,20.532073469387754,25.6556,1.6075726854013388,24.6,17.417,14.913145986612108,4.569943428571435,-2.0959183673469397,0.02438769213574865,5.809374448979582,-0.09507346938775285,0.022400000000001086,0.03942731459866122,-0.1410000000000018,-0.019000000000001904
86.8,CLIMB,COOLING_DEGRADATION,1.0,6378.88,84.48,609.49,5.258,71.14,20.53,25.789,1.645,24.666,17.299,6371.16282528,79.938242,609.525,5.277395080563476,65.58918200000001,20.530600000000003,25.6554,1.6075162825279998,24.6,17.4155,7.717174720000003,4.5417580000000015,-0.03499999999996817,-0.019395080563476164,5.5508179999999925,-0.0006000000000021544,0.13360000000000127,0.03748371747200019,0.06599999999999895,-0.11650000000000205
86.9,CLIMB,COOLING_DEGRADATION,1.0,6379.41,84.04,610.69,5.295,70.68,20.616,25.713,1.59,24.547,17.423,6370.589551137502,79.93985414285714,609.4981224489795,5.277135388100947,65.5836556734694,20.528889795918367,25.6552,1.6073789551137503,24.6,17.414,8.82044886249787,4.100145857142863,1.191877551020525,0.01786461189905264,5.0963443265306125,0.0871102040816325,0.057800000000000296,-0.017378955113750205,-0.053000000000000824,0.008999999999996788
87.0,CLIMB,COOLING_DEGRADATION,1.0,6384.93,84.1,611.6,5.212,71.26,20.393,25.609,1.606,24.567,17.373,6370.02554802245,79.94063957142858,609.4972040816326,5.276882479249604,65.57781212244898,20.527416326530613,25.655,1.607322554802245,24.6,17.4125,14.904451977550707,4.159360428571418,2.1027959183674056,-0.06488247924960433,5.68218787755103,-0.1344163265306122,-0.045999999999999375,-0.0013225548022448574,-0.03300000000000125,-0.03950000000000031
87.1,CLIMB,COOLING_DEGRADATION,1.0,6371.49,83.53,609.91,5.265,71.39,20.597,25.6,1.712,24.624,17.314,6369.4943693956575,79.93816600000001,609.4682857142858,5.276679978661938,65.56670457142857,20.525542857142856,25.6548,1.6071894369395658,24.6,17.410999999999998,1.9956306043422956,3.5918339999999915,0.4417142857141698,-0.01167997866193815,5.823295428571427,0.07145714285714533,-0.05480000000000018,0.10481056306043413,0.023999999999997357,-0.09699999999999775
87.2,CLIMB,COOLING_DEGRADATION,1.0,6366.67,84.79,611.66,5.247,71.29,20.457,25.656,1.575,24.556,17.384,6368.930388729894,79.93895142857144,609.4673673469389,5.276427065399163,65.56086102040817,20.5240693877551,25.6546,1.6071330388729894,24.6,17.4095,-2.260388729893748,4.851048571428564,2.1926326530610822,-0.02942706539916351,5.729138979591838,-0.06706938775510096,0.00140000000000029,-0.03213303887298946,-0.04400000000000048,-0.025500000000000966
87.3,CLIMB,COOLING_DEGRADATION,1.0,6380.39,84.1,614.46,5.232,71.96,20.496,25.684,1.589,24.654,17.319,6368.879063935037,79.93606385714287,609.4434489795918,5.2764700925759485,65.54995946938776,20.523995918367348,25.6546,1.607047906393504,24.6,17.4095,11.510936064963062,4.163936142857125,5.016551020408201,-0.04447009257594825,6.410040530612235,-0.02799591836734905,0.029400000000002535,-0.018047906393503954,0.053999999999998494,-0.09050000000000225
87.4,CLIMB,COOLING_DEGRADATION,1.0,6377.59,83.88,610.75,5.268,71.41,20.325,25.651,1.6,24.649,17.44,6368.273035699201,79.938335,609.4445714285715,5.27619565422143,65.54409714285714,20.52268571428571,25.6544,1.60698730356992,24.6,17.408,9.316964300799555,3.9416650000000004,1.3054285714284788,-0.008195654221430537,5.865902857142856,-0.19768571428571136,-0.0033999999999991815,-0.006987303569919945,0.04899999999999949,0.03200000000000003
87.5,CLIMB,COOLING_DEGRADATION,1.0,6373.7,84.9,611.22,5.269,71.4,20.346,25.627,1.577,24.698,17.432,6367.741889436344,79.93586142857143,609.4156530612245,5.275993132909145,65.53298959183674,20.520812244897957,25.6542,1.6068541889436345,24.6,17.4065,5.9581105636561915,4.9641385714285775,1.8043469387755522,-0.006993132909144606,5.867010408163267,-0.17481224489795721,-0.027200000000000557,-0.029854188943634563,0.09799999999999898,0.025499999999997414
87.6,CLIMB,COOLING_DEGRADATION,1.0,6375.38,84.6,610.33,5.254,71.87,20.729,25.597,1.599,24.557,17.503,6367.1779505005725,79.93664685714286,609.4147346938776,5.275740211860015,65.52714604081633,20.519338775510207,25.654,1.6067977950500574,24.6,17.405,8.20204949942763,4.663353142857133,0.9152653061224783,-0.02174021186001518,6.342853959183671,0.20966122448979263,-0.05699999999999861,-0.007797795050057399,-0.043000000000002814,0.09799999999999898
87.7,CLIMB,COOLING_DEGRADATION,1.0,6372.22,83.57,609.31,5.271,70.94,20.546,25.662,1.618,24.573,17.463,6366.64682087755,79.93677328571428,609.3858163265306,5.275502024719232,65.52163848979593,20.51746530612245,25.6538,1.606664682087755,24.6,17.4035,5.573179122449801,3.633226714285712,-0.07581632653068482,-0.004502024719232445,5.418361510204065,0.0285346938775497,0.008199999999998653,0.011335317912245069,-0.027000000000001023,0.059499999999999886
87.8,CLIMB,COOLING_DEGRADATION,1.0,6368.22,83.87,612.38,5.226,72.04,20.584,25.66,1.712,24.576,17.251,6366.115698122188,79.93429971428571,609.3568979591837,5.275299485509211,65.51053093877552,20.515591836734696,25.6536,1.6065315698122191,24.6,17.402,2.1043018778118494,3.93570028571429,3.0231020408162976,-0.04929948550921104,6.529469061224489,0.0684081632653033,0.006399999999999295,0.10546843018778085,-0.02400000000000091,-0.1509999999999998
87.9,CLIMB,COOLING_DEGRADATION,1.0,6381.95,84.56,611.94,5.29,71.65,20.491,25.627,1.532,24.588,17.474,6365.989543162123,79.93615685714286,609.3630204081633,5.275270588226334,65.5048746122449,20.516081632653066,25.6536,1.6065189543162124,24.6,17.402,15.960456837877246,4.62384314285714,2.576979591836789,0.014729411773665824,6.145125387755101,-0.025081632653066066,-0.026600000000001955,-0.07451895431621236,-0.012000000000000455,0.07199999999999918
88.0,CLIMB,COOLING_DEGRADATION,1.0,6379.57,84.06,611.22,5.245,70.98,20.539,25.653,1.495,24.635,17.404,6365.458436133013,79.9336832857143,609.3341020408163,5.275068040903145,65.49376706122449,20.51420816326531,25.6534,1.6063858436133014,24.6,17.4005,14.111563866987126,4.126316714285707,1.8858979591836942,-0.030068040903144855,5.486232938775515,0.02479183673469265,-0.0004000000000026205,-0.11138584361330128,0.03500000000000014,0.0034999999999989484
88.1,CLIMB,COOLING_DEGRADATION,1.0,6376.43,85.2,608.18,5.272,71.93,20.456,25.651,1.612,24.546,17.294,6364.894548701094,79.93446871428573,609.3331836734694,5.274815110890783,65.48792351020408,20.512734693877547,25.6532,1.6063294548701095,24.6,17.399,11.535451298906082,5.265531285714275,-1.1531836734694707,-0.0028151108907827904,6.442076489795923,-0.056734693877547926,-0.0021999999999984254,0.005670545129890625,-0.054000000000002046,-0.10500000000000043
88.2,CLIMB,COOLING_DEGRADATION,1.0,6370.65,84.83,609.38,5.241,71.98,20.484,25.74,1.606,24.519,17.439,6364.3634583131425,79.93459514285715,609.3042653061225,5.274576910528932,65.48241595918368,20.510861224489798,25.653,1.6061963458313142,24.6,17.3975,6.286541686857163,4.89540485714285,0.0757346938775072,-0.0335769105289323,6.497584040816321,-0.026861224489795887,0.08699999999999974,-0.00019634583131411532,-0.08100000000000307,0.041499999999999204
88.3,CLIMB,COOLING_DEGRADATION,1.0,6379.59,85.46,609.8,5.251,71.95,20.611,25.609,1.594,24.581,17.299,6363.7995933319835,79.93278057142858,609.3033469387755,5.274359616546431,65.47097240816326,20.50938775510204,25.6528,1.6061399593331984,24.6,17.396,15.790406668016658,5.527219428571414,0.4966530612244924,-0.023359616546430928,6.47902759183674,0.10161224489796084,-0.0437999999999974,-0.012139959333198336,-0.019000000000001904,-0.09700000000000131
88.4,CLIMB,COOLING_DEGRADATION,1.0,6379.42,83.92,611.3,5.223,71.76,20.44,25.603,1.56,24.664,17.466,6363.268519585715,79.932907,609.2744285714285,5.274121409714213,65.46546485714286,20.50751428571428,25.6526,1.6060068519585715,24.6,17.3945,16.151480414285288,3.9870930000000016,2.025571428571425,-0.05112140971421297,6.294535142857143,-0.06751428571427809,-0.04959999999999809,-0.04600685195857146,0.06400000000000006,0.07150000000000034
88.5,CLIMB,COOLING_DEGRADATION,1.0,6359.96,84.53,608.74,5.275,71.37,20.47,25.672,1.653,24.548,17.42,6363.142410217861,79.93216414285713,609.2805510204081,5.274128147697976,65.45420853061225,20.50800408163265,25.6526,1.605994241021786,24.6,17.3945,-3.1824102178607063,4.597835857142869,-0.5405510204080883,0.0008718523020245783,5.915791469387756,-0.0380040816326499,0.019400000000000972,0.04700575897821402,-0.052000000000003155,0.025500000000000966
88.6,CLIMB,COOLING_DEGRADATION,1.0,6366.74,83.87,612.44,5.214,71.91,20.58,25.556,1.733,24.623,17.445,6362.611352199184,79.93229057142857,609.2516326530613,5.2738899364360865,65.44870097959183,20.5061306122449,25.6524,1.6058611352199186,24.6,17.393,4.1286478008159975,3.937709428571438,3.188367346938776,-0.05988993643608609,6.461299020408163,0.07386938775509932,-0.09639999999999915,0.12713886478008152,0.022999999999999687,0.0519999999999996
88.7,CLIMB,COOLING_DEGRADATION,1.0,6362.9,83.83,613.09,5.306,71.81,20.446,25.613,1.548,24.637,17.464,6362.047528950858,79.93047600000001,609.2507142857143,5.273672624866734,65.43725742857143,20.50465714285714,25.6522,1.6058047528950858,24.6,17.3915,0.8524710491419683,3.8995239999999853,3.8392857142857792,0.03232737513326622,6.372742571428574,-0.05865714285713963,-0.03920000000000101,-0.0578047528950858,0.036999999999999034,0.07249999999999801
88.8,CLIMB,COOLING_DEGRADATION,1.0,6365.74,84.71,609.34,5.24,71.48,20.498,25.668,1.559,24.588,17.442,6361.516487574857,79.93060242857143,609.2217959183673,5.273434407136502,65.43174987755103,20.502783673469388,25.652,1.6056716487574858,24.6,17.39,4.2235124251428715,4.779397571428561,0.11820408163271168,-0.03343440713650203,6.048250122448977,-0.0047836734693866845,0.015999999999998238,-0.04667164875748586,-0.012000000000000455,0.0519999999999996
88.9,CLIMB,COOLING_DEGRADATION,1.0,6365.45,84.78,610.66,5.24,71.48,20.368,25.638,1.554,24.693,17.322,6360.985453068278,79.93072885714287,609.1928775510204,5.273196187091619,65.42624232653061,20.500910204081634,25.6518,1.6055385453068278,24.6,17.3885,4.464546931721998,4.849271142857134,1.4671224489795804,-0.03319618709161887,6.053757673469391,-0.1329102040816359,-0.013799999999999812,-0.05153854530682778,0.09299999999999997,-0.06650000000000134
89.0,CLIMB,COOLING_DEGRADATION,1.0,6365.83,83.94,610.63,5.218,71.38,20.647,25.688,1.698,24.684,17.419,6360.3796407872005,79.9304,609.194,5.272957356738003,65.41478000000001,20.4996,25.6516,1.60547796407872,24.6,17.387,5.4503592127994125,4.009599999999992,1.4360000000000355,-0.054957356738002616,5.965219999999988,0.14739999999999753,0.03640000000000043,0.09252203592127994,0.08399999999999963,0.03200000000000003
89.1,CLIMB,COOLING_DEGRADATION,1.0,6361.5,84.83,609.77,5.256,71.26,20.51,25.615,1.653,24.549,17.391,6360.3283610077715,79.93011242857143,609.1700816326531,5.272964688526736,65.4094784489796,20.499526530612243,25.6516,1.6053928361007772,24.6,17.387,1.1716389922285089,4.899887571428565,0.5999183673468451,-0.016964688526735827,5.850521551020407,0.010473469387758172,-0.036599999999999966,0.047607163899222815,-0.05100000000000193,0.003999999999997783
89.2,CLIMB,COOLING_DEGRADATION,1.0,6357.14,84.1,611.16,5.309,71.34,20.656,25.562,1.685,24.593,17.383,6359.764589267215,79.92829785714287,609.1691632653061,5.272747355223283,65.39803489795918,20.498053061224486,25.6514,1.6053364589267216,24.6,17.3855,-2.624589267215015,4.171702142857129,1.9908367346938576,0.036252644776717524,5.941965102040825,0.15794693877551325,-0.0893999999999977,0.07966354107327844,-0.0070000000000014495,-0.002500000000001279
89.3,CLIMB,COOLING_DEGRADATION,1.0,6370.5,83.83,609.87,5.304,71.14,20.502,25.628,1.61,24.517,17.387,6359.233587133389,79.92842428571429,609.1402448979592,5.272509124285174,65.39252734693878,20.496179591836732,25.6512,1.605203358713339,24.6,17.384,11.266412866611063,3.9015757142857126,0.7297551020408264,0.03149087571482667,5.747472653061223,0.005820408163266677,-0.02319999999999922,0.00479664128666113,-0.08300000000000196,0.0030000000000001137
89.4,CLIMB,COOLING_DEGRADATION,1.0,6369.42,84.53,613.95,5.219,71.04,20.442,25.56,1.542,24.556,17.533,6358.669837845061,79.92920971428572,609.1393265306123,5.272256171900317,65.38668379591837,20.49470612244898,25.651,1.6051469837845063,24.6,17.3825,10.750162154939062,4.600790285714282,4.81067346938778,-0.053256171900316396,5.653316204081634,-0.05270612244898132,-0.09100000000000108,-0.06314698378450623,-0.04400000000000048,0.15050000000000097
89.5,CLIMB,COOLING_DEGRADATION,1.0,6372.04,83.71,607.04,5.245,71.0,20.503,25.627,1.475,24.647,17.497,6358.09684312653,79.92822185714286,609.1124489795918,5.272032043449636,65.37555746938776,20.492995918367345,25.6508,1.6050096843126531,24.6,17.381,13.943156873469889,3.781778142857135,-2.0724489795918544,-0.027032043449636056,5.624442530612242,0.01000408163265476,-0.023800000000001376,-0.13000968431265303,0.046999999999997044,0.11599999999999966
89.6,CLIMB,COOLING_DEGRADATION,1.0,6356.76,84.34,609.69,5.254,71.58,20.428,25.583,1.58,24.608,17.467,6357.533119460245,79.92900728571429,609.1115306122449,5.27177908804128,65.36971391836735,20.491522448979595,25.6506,1.6049533119460246,24.6,17.3795,-0.7731194602447431,4.410992714285712,0.578469387755149,-0.017779088041280033,6.2102860816326455,-0.0635224489795938,-0.06760000000000232,-0.02495331194602457,0.007999999999999119,0.08749999999999858
89.7,CLIMB,COOLING_DEGRADATION,1.0,6365.24,83.8,610.2,5.247,71.46,20.611,25.527,1.674,24.629,17.493,6357.481854908865,79.92611971428572,609.087612244898,5.271822012163341,65.35881236734694,20.49144897959184,25.6506,1.6048681854908866,24.6,17.3795,7.758145091134793,3.8738802857142787,1.1123877551020769,-0.0248220121633409,6.101187632653051,0.11955102040816001,-0.12359999999999971,0.06913181450911332,0.028999999999999915,0.11349999999999838
89.8,CLIMB,COOLING_DEGRADATION,1.0,6380.0,85.36,611.59,5.255,71.32,20.717,25.666,1.585,24.498,17.247,6356.918147356212,79.92690514285715,609.086693877551,5.271569052014492,65.35296881632654,20.489975510204083,25.6504,1.6048118147356212,24.6,17.378,23.081852643787897,5.433094857142848,2.5033061224489757,-0.01656905201449188,5.9670311836734555,0.22702448979591594,0.01559999999999917,-0.019811814735621214,-0.10200000000000031,-0.13100000000000023
89.9,CLIMB,COOLING_DEGRADATION,1.0,6362.79,85.02,612.61,5.3,71.35,20.352,25.592,1.64,24.66,17.34,6356.387194242514,79.92443157142856,609.057775510204,5.271366402465896,65.34186126530612,20.48810204081633,25.6502,1.6046787194242516,24.6,17.3765,6.402805757486021,5.09556842857144,3.5522244897960036,0.028633597534104105,6.008138734693873,-0.13610204081632915,-0.058200000000002916,0.03532128057574835,0.05999999999999872,-0.0365000000000002
90.0,CLIMB,COOLING_DEGRADATION,1.0,6361.94,84.35,611.13,5.262,71.36,20.588,25.638,1.705,24.572,17.35,6355.823509142858,79.925217,609.0568571428571,5.271113437920626,65.33601771428572,20.48662857142857,25.65,1.604622350914286,24.6,17.375,6.116490857141798,4.424782999999991,2.073142857142898,-0.009113437920626133,6.023982285714283,0.10137142857142933,-0.011999999999996902,0.100377649085714,-0.028000000000002245,-0.02499999999999858
90.1,CLIMB,COOLING_DEGRADATION,1.0,6362.73,84.76,609.81,5.252,71.47,20.536,25.752,1.668,24.565,17.326,6355.2505786448,79.92682914285714,609.0299795918366,5.270853692418804,65.3304913877551,20.484918367346935,25.6498,1.60448505786448,24.6,17.3735,7.47942135519952,4.833170857142861,0.7800204081632955,-0.01885369241880408,6.139508612244896,0.05108163265306587,0.10219999999999985,0.06351494213551989,-0.03500000000000014,-0.04749999999999943
90.2,CLIMB,COOLING_DEGRADATION,1.0,6362.08,84.17,611.07,5.256,71.03,20.36,25.655,1.629,24.715,17.279,6354.71965200196,79.92435557142858,609.0010612244897,5.2706510260371795,65.3193838367347,20.483044897959186,25.6496,1.604351965200196,24.6,17.372,7.360347998040197,4.245644428571424,2.0689387755103326,-0.014651026037179271,5.7106161632653,-0.12304489795918627,0.005400000000001626,0.02464803479980393,0.11499999999999844,-0.09299999999999997
90.3,CLIMB,COOLING_DEGRADATION,1.0,6361.95,84.11,608.85,5.268,71.57,20.495,25.675,1.568,24.612,17.461,6354.635669847771,79.924727,609.0051428571428,5.270643626633119,65.31374628571429,20.48337142857143,25.6496,1.604343566984777,24.6,17.372,7.314330152228649,4.185272999999995,-0.15514285714277776,-0.002643626633119567,6.256253714285705,0.011628571428570211,0.0254000000000012,-0.03634356698477692,0.011999999999996902,0.08899999999999864
90.4,CLIMB,COOLING_DEGRADATION,1.0,6356.46,85.11,610.95,5.249,71.33,20.413,25.618,1.57,24.655,17.347,6354.104755983348,79.92225342857142,608.9762244897959,5.270440951107961,65.30263873469389,20.481497959183674,25.6494,1.6042104755983346,24.6,17.3705,2.35524401665225,5.187746571428576,1.9737755102041774,-0.021440951107961403,6.027361265306112,-0.06849795918367363,-0.03140000000000143,-0.034210475598334567,0.054999999999999716,-0.023499999999998522
90.5,CLIMB,COOLING_DEGRADATION,1.0,6363.17,85.5,609.89,5.335,71.53,20.564,25.625,1.618,24.627,17.579,6353.541122396081,79.92303885714286,608.975306122449,5.2701879776295835,65.29679518367347,20.480024489795916,25.6492,1.6041541122396081,24.6,17.369,9.628877603919136,5.576961142857144,0.9146938775510307,0.0648120223704165,6.233204816326534,0.083975510204084,-0.024200000000000443,0.013845887760391973,0.02699999999999747,0.21000000000000085
90.6,CLIMB,COOLING_DEGRADATION,1.0,6361.71,83.96,613.11,5.255,71.73,20.377,25.602,1.637,24.687,17.213,6353.010225179021,79.92316528571428,608.9463877551021,5.269949712658483,65.29128763265307,20.478151020408166,25.649,1.6040210225179024,24.6,17.3675,8.699774820978746,4.0368347142857175,4.163612244897877,-0.014949712658482994,6.4387123673469375,-0.10115102040816737,-0.0470000000000006,0.03297897748209766,0.08699999999999974,-0.15449999999999875
90.7,CLIMB,COOLING_DEGRADATION,1.0,6373.94,83.86,609.42,5.28,71.84,20.433,25.651,1.575,24.622,17.246,6352.40463521463,79.92283642857143,608.9475102040817,5.269710823563871,65.27982530612246,20.476840816326533,25.6488,1.603960463521463,24.6,17.366,21.535364785369893,3.93716357142857,0.4724897959182499,0.010289176436129033,6.560174693877542,-0.043840816326532916,0.0021999999999984254,-0.028960463521463087,0.021999999999998465,-0.120000000000001
90.8,CLIMB,COOLING_DEGRADATION,1.0,6364.24,84.26,609.63,5.2,71.19,20.497,25.681,1.567,24.658,17.269,6351.87375759889,79.92296285714285,608.9185918367348,5.269472553413552,65.27431775510205,20.474967346938776,25.648600000000002,1.603827375759889,24.6,17.3645,12.366242401109957,4.337037142857156,0.7114081632652187,-0.06947255341355163,5.915682244897951,0.02203265306122404,0.032399999999999096,-0.03682737575988915,0.05799999999999983,-0.09550000000000125
90.9,CLIMB,COOLING_DEGRADATION,1.0,6367.16,84.77,610.16,5.234,71.24,20.453,25.707,1.564,24.612,17.489,6351.789805843592,79.92073428571429,608.9226734693877,5.269500719851045,65.26308020408163,20.47529387755102,25.648600000000002,1.6038189805843592,24.6,17.3645,15.370194156407706,4.849265714285707,1.237326530612222,-0.035500719851045304,5.976919795918363,-0.022293877551021524,0.0583999999999989,-0.039818980584359176,0.011999999999996902,0.12450000000000117
91.0,CLIMB,COOLING_DEGRADATION,1.0,6363.53,84.8,610.11,5.273,71.35,20.484,25.617,1.571,24.582,17.315,6351.258941007477,79.92086071428572,608.8937551020408,5.269262444003136,65.25757265306123,20.473420408163264,25.6484,1.6036858941007477,24.6,17.363,12.27105899252274,4.879139285714274,1.2162448979592,0.0037375559968637617,6.092427346938763,0.010579591836737734,-0.031399999999997874,-0.03268589410074774,-0.018000000000000682,-0.047999999999998266
91.1,CLIMB,COOLING_DEGRADATION,1.0,6361.64,84.39,611.93,5.267,71.44,20.459,25.631,1.671,24.62,17.349,6350.695371613192,79.91904614285716,608.8928367346939,5.2690450254316445,65.24612910204083,20.471946938775506,25.6482,1.6036295371613192,24.6,17.3615,10.94462838680829,4.470953857142845,3.0371632653060487,-0.0020450254316441985,6.193870897959172,-0.012946938775506567,-0.017199999999998994,0.06737046283868087,0.019999999999999574,-0.01249999999999929
91.2,CLIMB,COOLING_DEGRADATION,1.0,6359.21,85.26,613.04,5.285,71.63,20.518,25.693,1.671,24.439,17.289,6350.1645234259595,79.91917257142858,608.863918367347,5.268806743127508,65.24062155102041,20.470073469387756,25.648,1.603496452342596,24.6,17.36,9.04547657404055,5.34082742857143,4.176081632652995,0.016193256872492512,6.389378448979585,0.04792653061224428,0.045000000000001705,0.06750354765740396,-0.16100000000000136,-0.07099999999999795
91.3,CLIMB,COOLING_DEGRADATION,1.0,6357.08,84.94,611.83,5.253,71.78,20.349,25.645,1.663,24.638,17.331,6349.591718264572,79.92078471428573,608.8370408163266,5.268546976215831,65.2350952244898,20.46836326530612,25.6478,1.6033591718264573,24.6,17.3585,7.488281735428245,5.019215285714267,2.992959183673406,-0.015546976215830455,6.544904775510204,-0.11936326530612007,-0.00280000000000058,0.05964082817354277,0.038000000000000256,-0.027499999999999858
91.4,CLIMB,COOLING_DEGRADATION,1.0,6360.83,84.62,609.68,5.255,71.27,20.605,25.562,1.617,24.602,17.254,6349.028184270856,79.91897014285715,608.8361224489797,5.268329544121174,65.22365167346939,20.46688979591837,25.6476,1.6033028184270854,24.6,17.357,11.801815729143527,4.701029857142856,0.8438775510202277,-0.013329544121174486,6.046348326530605,0.13811020408163088,-0.08559999999999945,0.013697181572914552,0.0019999999999988916,-0.10299999999999798
91.5,CLIMB,COOLING_DEGRADATION,1.0,6366.29,83.18,609.26,5.231,71.76,20.598,25.655,1.596,24.519,17.411,6348.976964989976,79.91868257142858,608.8122040816328,5.268336837072106,65.218350122449,20.466816326530616,25.6476,1.6032176964989977,24.6,17.357,17.31303501002367,3.261317428571431,0.44779591836720556,-0.037336837072106555,6.541649877551009,0.13118367346938342,0.007400000000000517,-0.007217696498997617,-0.08100000000000307,0.054000000000002046
91.6,CLIMB,COOLING_DEGRADATION,1.0,6356.16,83.65,611.59,5.237,71.03,20.432,25.647,1.733,24.575,17.266,6348.4134471120005,79.91686800000001,608.8112857142856,5.2681193968023265,65.20690657142858,20.46534285714286,25.6474,1.6031613447112003,24.6,17.3555,7.746552887999314,3.7331319999999977,2.7787142857143863,-0.03111939680232645,5.8230934285714255,-0.03334285714286267,-0.0004000000000026205,0.1298386552887998,-0.02500000000000213,-0.08950000000000102
91.7,CLIMB,COOLING_DEGRADATION,1.0,6355.68,84.89,610.55,5.268,71.23,20.508,25.523,1.638,24.531,17.438,6347.882638182466,79.91699442857143,608.7823673469387,5.267881101318974,65.20139902040816,20.463469387755104,25.6472,1.6030282638182467,24.6,17.354,7.797361817534693,4.973005571428573,1.7676326530612414,0.00011889868102610279,6.028600979591843,0.04453061224489474,-0.12420000000000186,0.0349717361817532,-0.06900000000000261,0.08399999999999963
91.8,CLIMB,COOLING_DEGRADATION,1.0,6351.69,84.55,609.6,5.245,71.55,20.556,25.62,1.621,24.62,17.324,6347.277191159183,79.91926557142858,608.7834897959183,5.267606627849895,65.19553669387756,20.46215918367347,25.647,1.6029677191159182,24.6,17.3525,4.412808840816979,4.630734428571415,0.8165102040817374,-0.02260662784989531,6.35446330612244,0.09384081632653007,-0.02699999999999747,0.01803228088408182,0.019999999999999574,-0.028499999999997527
91.9,CLIMB,COOLING_DEGRADATION,1.0,6359.95,84.2,608.67,5.236,71.06,20.51,25.625,1.624,24.666,17.391,6346.746401834058,79.916792,608.7545714285714,5.267403871945717,65.18442914285716,20.460285714285718,25.6468,1.602834640183406,24.6,17.351,13.203598165941912,4.283208000000002,-0.08457142857139388,-0.031403871945717476,5.875570857142847,0.049714285714284046,-0.02179999999999893,0.021165359816594176,0.06599999999999895,0.03999999999999915
92.0,CLIMB,COOLING_DEGRADATION,1.0,6351.93,84.42,611.55,5.293,71.08,20.421,25.671,1.678,24.618,17.39,6346.182932036963,79.91757742857145,608.7536530612244,5.267150873164214,65.17858559183674,20.458812244897963,25.6466,1.6027782932036965,24.6,17.3495,5.747067963036898,4.5024225714285535,2.796346938775514,0.02584912683578633,5.901414408163262,-0.037812244897963865,0.024399999999999977,0.07522170679630347,0.01799999999999713,0.040500000000001535
92.1,CLIMB,COOLING_DEGRADATION,1.0,6355.04,84.8,611.35,5.269,71.05,20.584,25.559,1.608,24.578,17.077,6346.131727996702,79.91468985714286,608.7297346938775,5.267193694906599,65.16768404081633,20.458738775510206,25.6466,1.6026931727996703,24.6,17.3495,8.908272003298407,4.885310142857136,2.620265306122519,0.0018063050934014058,5.882315959183671,0.12526122448979393,-0.08759999999999835,0.005306827200329822,-0.022000000000002018,-0.2724999999999973
92.2,CLIMB,COOLING_DEGRADATION,1.0,6356.63,84.52,610.69,5.29,71.3,20.443,25.603,1.646,24.617,17.308,6345.568274316016,79.9154752857143,608.7288163265306,5.266940691395199,65.16184048979592,20.457265306122448,25.6464,1.6026368274316016,24.6,17.348,11.06172568398415,4.604524714285702,1.9611836734694634,0.02305930860480121,6.138159510204076,-0.014265306122446475,-0.04339999999999833,0.04336317256839828,0.01699999999999946,-0.03999999999999915
92.3,CLIMB,COOLING_DEGRADATION,1.0,6357.38,84.75,608.08,5.227,71.42,20.447,25.688,1.595,24.584,17.284,6345.03751442449,79.91300171428571,608.6998979591835,5.266737913777423,65.1507329387755,20.455391836734698,25.6462,1.602503751442449,24.6,17.3465,12.342485575510182,4.836998285714287,-0.6198979591835041,-0.03973791377742231,6.269267061224497,-0.008391836734698899,0.041799999999998505,-0.007503751442448969,-0.01600000000000179,-0.0625
92.4,CLIMB,COOLING_DEGRADATION,1.0,6349.34,84.62,611.91,5.237,71.46,20.482,25.573,1.683,24.518,17.366,6344.4321468,79.91527285714285,608.7010204081632,5.266463433832547,65.1448706122449,20.45408163265306,25.646,1.60244321468,24.6,17.345,4.907853200000318,4.704727142857152,3.208979591836737,-0.02946343383254657,6.315129387755093,0.02791836734693831,-0.0730000000000004,0.08055678531999999,-0.08200000000000074,0.021000000000000796
92.5,CLIMB,COOLING_DEGRADATION,1.0,6354.97,84.18,610.17,5.205,71.73,20.526,25.751,1.613,24.661,17.346,6343.901406514531,79.91539928571429,608.6721020408163,5.266225118834865,65.1393630612245,20.452208163265308,25.6458,1.6023101406514533,24.6,17.3435,11.068593485469137,4.26460071428572,1.4978979591836605,-0.06122511883486492,6.5906369387755035,0.07379183673469214,0.10519999999999996,0.010689859348546715,0.06099999999999994,0.002500000000001279
92.6,CLIMB,COOLING_DEGRADATION,1.0,6345.09,85.12,610.83,5.245,71.64,20.251,25.628,1.607,24.606,17.398,6343.370673104458,79.91292571428572,608.6431836734694,5.266022324406703,65.12825551020408,20.45033469387755,25.6456,1.6021770673104458,24.6,17.342,1.7193268955425083,5.207074285714285,2.186816326530675,-0.021022324406702708,6.511744489795916,-0.19933469387754954,-0.017600000000001614,0.004822932689554138,0.006000000000000227,0.05600000000000094
92.7,CLIMB,COOLING_DEGRADATION,1.0,6361.8,85.13,611.03,5.214,71.76,20.449,25.653,1.638,24.559,17.443,6343.286812119772,79.91329714285713,608.6472653061224,5.266014907358263,65.12261795918369,20.450661224489796,25.6456,1.602168681211977,24.6,17.342,18.513187880228543,5.216702857142863,2.3827346938775236,-0.052014907358262974,6.63738204081632,-0.0016612244897942219,0.0073999999999969646,0.035831318788022815,-0.04100000000000037,0.10100000000000264
92.8,CLIMB,COOLING_DEGRADATION,1.0,6344.21,84.31,609.51,5.277,71.92,20.486,25.559,1.63,24.5,17.264,6342.7560914930455,79.91082357142858,608.6183469387755,5.265812103798276,65.11151040816327,20.44878775510204,25.6454,1.6020356091493044,24.6,17.3405,1.4539085069545763,4.3991764285714225,0.8916530612244742,0.011187896201724001,6.808489591836732,0.03721224489796171,-0.08639999999999759,0.027964390850695464,-0.10000000000000142,-0.07649999999999935
92.9,CLIMB,COOLING_DEGRADATION,1.0,6351.01,84.91,608.42,5.29,70.97,20.673,25.64,1.509,24.61,17.341,6342.192711789486,79.91160900000001,608.6174285714286,5.2655590870003355,65.10566685714285,20.447314285714285,25.6452,1.6019792711789484,24.6,17.339,8.817288210514562,4.998390999999984,-0.19742857142864523,0.024440912999664555,5.864333142857149,0.2256857142857136,-0.005199999999998539,-0.09297927117894855,0.00999999999999801,0.0020000000000024443
93.0,CLIMB,COOLING_DEGRADATION,1.0,6347.87,84.92,611.21,5.208,71.25,20.457,25.624,1.609,24.651,17.322,6341.620086401633,79.91322114285714,608.5905510204082,5.265299291296447,65.10014053061225,20.445604081632652,25.645,1.6018420086401632,24.6,17.3375,6.2499135983671295,5.006778857142862,2.61944897959188,-0.05729929129644695,6.149859469387749,0.011395918367348656,-0.021000000000000796,0.007157991359836746,0.05099999999999838,-0.015499999999999403
93.1,CLIMB,COOLING_DEGRADATION,1.0,6354.56,84.45,608.89,5.208,71.21,20.513,25.679,1.508,24.623,17.309,6341.056732325093,79.91140657142857,608.5896326530612,5.265081784567846,65.08869697959184,20.444130612244894,25.6448,1.6017856732325093,24.6,17.336,13.503267674906965,4.538593428571431,0.30036734693874223,-0.05708178456784552,6.121303020408149,0.06886938775510743,0.034199999999998454,-0.0937856732325093,0.022999999999999687,-0.02699999999999747
93.2,CLIMB,COOLING_DEGRADATION,1.0,6349.9,84.35,610.53,5.266,71.06,20.503,25.668,1.623,24.612,17.477,6340.52604796,79.911533,608.5607142857143,5.264843449960628,65.08318942857143,20.442257142857144,25.6446,1.601652604796,24.6,17.3345,9.373952039999494,4.438466999999989,1.969285714285661,0.0011565500393722061,5.976810571428572,0.060742857142855655,0.023399999999998755,0.021347395203999975,0.011999999999996902,0.14250000000000185
93.3,CLIMB,COOLING_DEGRADATION,1.0,6348.46,85.21,608.5,5.285,71.55,20.537,25.677,1.596,24.646,17.202,6340.442217378286,79.90930442857143,608.5647959183673,5.264871535227773,65.07195187755103,20.44258367346939,25.6446,1.6016442217378286,24.6,17.3345,8.017782621714105,5.300695571428562,-0.06479591836728105,0.020128464772227517,6.478048122448968,0.0944163265306095,0.032399999999999096,-0.005644221737828525,0.045999999999999375,-0.13249999999999673
93.4,CLIMB,COOLING_DEGRADATION,1.0,6346.78,84.74,608.28,5.208,71.21,20.598,25.684,1.631,24.672,17.368,6339.911545797748,79.90943085714287,608.5358775510205,5.264633194932916,65.06644432653061,20.440710204081633,25.6444,1.6015111545797747,24.6,17.333,6.868454202251996,4.830569142857129,-0.2558775510204896,-0.05663319493291574,6.143555673469379,0.15728979591836634,0.03960000000000008,0.02948884542022534,0.07199999999999918,0.03500000000000014
93.5,CLIMB,COOLING_DEGRADATION,1.0,6352.72,85.26,609.59,5.241,72.15,20.544,25.678,1.671,24.636,17.349,6339.348230296555,79.90761628571428,608.5349591836735,5.26441566953383,65.05500077551021,20.439236734693875,25.6442,1.6014548230296555,24.6,17.3315,13.371769703445352,5.352383714285722,1.055040816326482,-0.02341566953383012,7.094999224489797,0.10476326530612567,0.033799999999999386,0.06954517697034457,0.03599999999999781,0.017500000000001847
93.6,CLIMB,COOLING_DEGRADATION,1.0,6343.29,84.01,610.78,5.239,71.19,20.352,25.663,1.676,24.601,17.046,6338.817575371103,79.90774271428572,608.5060408163266,5.264177322794861,65.0494932244898,20.43736326530612,25.644,1.6013217575371104,24.6,17.330000000000002,4.472424628896988,4.102257285714288,2.2739591836733553,-0.02517732279486129,6.140506775510204,-0.08536326530612115,0.019000000000001904,0.07467824246288957,0.0009999999999976694,-0.2840000000000025
93.7,CLIMB,COOLING_DEGRADATION,1.0,6346.86,85.0,608.36,5.255,71.57,20.436,25.542,1.729,24.546,17.395,6338.245024063968,79.90935485714286,608.4791632653062,5.263917514420731,65.04396689795918,20.43565306122449,25.6438,1.6011845024063969,24.6,17.3285,8.614975936031442,5.0906451428571415,-0.11916326530615606,-0.008917514420731187,6.526033102040813,0.0003469387755110631,-0.10179999999999723,0.12781549759360322,-0.054000000000002046,0.06650000000000134
93.8,CLIMB,COOLING_DEGRADATION,1.0,6345.67,85.64,610.83,5.242,71.61,20.588,25.67,1.594,24.637,17.334,6337.68174396911,79.90754028571429,608.4782448979593,5.263699975521945,65.03252334693877,20.434179591836735,25.6436,1.601128174396911,24.6,17.327,7.9882560308897155,5.73245971428571,2.3517551020407836,-0.021699975521944914,6.577476653061225,0.15382040816326636,0.02640000000000242,-0.007128174396910936,0.036999999999999034,0.006999999999997897
93.9,CLIMB,COOLING_DEGRADATION,1.0,6343.63,85.19,611.01,5.273,71.39,20.514,25.646,1.577,24.512,17.505,6337.6305852377145,79.90725271428572,608.4543265306123,5.2637072297110254,65.02722179591836,20.43410612244898,25.6436,1.6010430585237714,24.6,17.327,5.999414762285596,5.282747285714279,2.5556734693876706,0.00929277028897424,6.362778204081636,0.07989387755101873,0.002400000000001512,-0.02404305852377142,-0.08800000000000097,0.17799999999999727
94.0,CLIMB,COOLING_DEGRADATION,1.0,6334.28,84.91,610.43,5.248,71.74,20.386,25.648,1.547,24.519,17.364,6337.067321261371,79.90543814285715,608.4534081632653,5.263489682649476,65.01577824489796,20.432632653061223,25.6434,1.600986732126137,24.6,17.325499999999998,-2.7873212613712894,5.004561857142846,1.9765918367346558,-0.015489682649476144,6.724221755102036,-0.04663265306122355,0.0045999999999999375,-0.05398673212613714,-0.08100000000000307,0.03850000000000264
94.1,CLIMB,COOLING_DEGRADATION,1.0,6342.33,84.9,609.91,5.214,71.81,20.55,25.546,1.564,24.588,17.259,6336.536705609144,79.90556457142857,608.4244897959184,5.263251322759961,65.01027069387756,20.43075918367347,25.6432,1.6008536705609144,24.6,17.323999999999998,5.7932943908563175,4.994435428571435,1.4855102040816064,-0.049251322759960914,6.799729306122444,0.11924081632653127,-0.09720000000000084,-0.036853670560914376,-0.012000000000000455,-0.06499999999999773
94.2,CLIMB,COOLING_DEGRADATION,1.0,6342.82,84.23,605.4,5.26,70.85,20.506,25.61,1.664,24.652,17.28,6335.9734640914285,79.90635,608.4235714285714,5.262998283747421,65.00442714285714,20.42928571428571,25.643,1.600797346409143,24.6,17.322499999999998,6.846535908571241,4.323650000000001,-3.023571428571472,-0.002998283747420949,5.845572857142855,0.07671428571428862,-0.03300000000000125,0.06320265359085697,0.0519999999999996,-0.042499999999996874
94.3,CLIMB,COOLING_DEGRADATION,1.0,6345.33,84.76,611.68,5.285,71.17,20.512,25.747,1.586,24.641,17.294,6335.40097703974,79.90536214285714,608.396693877551,5.262773945190256,64.99330081632654,20.427575510204083,25.6428,1.600660097703974,24.6,17.320999999999998,9.929022960260227,4.854637857142862,3.2833061224489484,0.022226054809744156,6.176699183673463,0.08442448979591788,0.10419999999999874,-0.014660097703973918,0.04099999999999682,-0.02699999999999747
94.4,CLIMB,COOLING_DEGRADATION,1.0,6342.01,85.25,609.6,5.216,71.44,20.474,25.649,1.609,24.598,17.209,6334.83776115089,79.90614757142856,608.3957755102041,5.262520903182075,64.98745726530613,20.426102040816325,25.6426,1.600603776115089,24.6,17.319499999999998,7.172238849109817,5.343852428571438,1.2042244897959336,-0.046520903182075024,6.452542734693864,0.047897959183675454,0.006399999999999295,0.008396223884910903,-0.0020000000000024443,-0.11049999999999827
94.5,CLIMB,COOLING_DEGRADATION,1.0,6347.07,85.55,610.09,5.25,71.47,20.402,25.557,1.556,24.51,17.387,6334.786617672686,79.90325999999999,608.3718571428572,5.262563622648837,64.97655571428572,20.42602857142857,25.6426,1.6005186617672686,24.6,17.319499999999998,12.28338232731403,5.646740000000008,1.7181428571428796,-0.012563622648836592,6.493444285714276,-0.024028571428569734,-0.08560000000000301,-0.0445186617672686,-0.08999999999999986,0.06750000000000256
94.6,CLIMB,COOLING_DEGRADATION,1.0,6347.12,84.83,612.64,5.255,71.67,20.425,25.665,1.592,24.669,17.175,6334.22341790302,79.90404542857142,608.3709387755101,5.26231057592136,64.9707121632653,20.424555102040816,25.6424,1.6004623417903021,24.6,17.318,12.896582096979728,4.925954571428576,4.26906122448986,-0.007310575921359863,6.6992878367346975,0.0004448979591842317,0.02260000000000062,-0.00846234179030203,0.06899999999999906,-0.14300000000000068
94.7,CLIMB,COOLING_DEGRADATION,1.0,6344.04,85.24,606.32,5.194,71.8,20.722,25.658,1.599,24.654,17.257,6333.692851306678,79.90157185714284,608.3420204081633,5.26210767040159,64.95960461224489,20.42268163265306,25.6422,1.6003292851306679,24.6,17.316499999999998,10.347148693322197,5.338428142857154,-2.0220204081632573,-0.06810767040158971,6.840395387755109,0.2993183673469417,0.015800000000002257,-0.0013292851306678788,0.053999999999998494,-0.059499999999996334
94.8,CLIMB,COOLING_DEGRADATION,1.0,6345.98,84.23,609.65,5.215,71.38,20.462,25.565,1.537,24.571,17.144,6333.129673996408,79.90235728571429,608.3411020408163,5.261854619303404,64.9537610612245,20.421208163265305,25.642,1.600272967399641,24.6,17.314999999999998,12.850326003591363,4.327642714285716,1.308897959183696,-0.046854619303403844,6.426238938775498,0.04079183673469444,-0.07699999999999818,-0.06327296739964106,-0.028999999999999915,-0.17099999999999937
94.9,CLIMB,COOLING_DEGRADATION,1.0,6337.33,84.96,609.98,5.204,71.19,20.36,25.631,1.618,24.648,17.287,6332.557251205029,79.90396942857143,608.314224489796,5.2615947908767655,64.94823473469388,20.419497959183676,25.6418,1.6001357251205028,24.6,17.3135,4.772748794970539,5.056030571428565,1.665775510204071,-0.05759479087676578,6.241765265306114,-0.05949795918367684,-0.010799999999999699,0.017864274879497266,0.047999999999998266,-0.02650000000000219
95.0,CLIMB,COOLING_DEGRADATION,1.0,6343.05,84.56,608.3,5.27,70.96,20.471,25.659,1.632,24.638,17.251,6332.026711100735,79.90149585714286,608.2853061224489,5.261391868569261,64.93712718367347,20.41762448979592,25.6416,1.6000026711100737,24.6,17.311999999999998,11.023288899265026,4.65850414285714,0.014693877551053447,0.008608131430738908,6.022872816326526,0.05337551020408071,0.017399999999998528,0.031997328889926235,0.038000000000000256,-0.06099999999999639
95.1,CLIMB,COOLING_DEGRADATION,1.0,6338.31,85.34,610.51,5.277,71.29,20.265,25.668,1.581,24.682,17.233,6331.942971302531,79.90186728571429,608.289387755102,5.261384433959787,64.93148963265307,20.417951020408164,25.6416,1.5999942971302532,24.6,17.311999999999998,6.367028697469323,5.4381327142857145,2.220612244898007,0.015615566040213302,6.358510367346938,-0.15295102040816388,0.02639999999999887,-0.018994297130253246,0.08199999999999719,-0.07899999999999707
95.2,CLIMB,COOLING_DEGRADATION,1.0,6340.64,85.06,609.64,5.266,71.32,20.173,25.542,1.654,24.58,17.221,6331.4124439865145,79.89939371428571,608.260469387755,5.26118150253217,64.92038208163265,20.41607755102041,25.6414,1.5998612443986515,24.6,17.310499999999998,9.22755601348581,5.1606062857142945,1.3795306122449347,0.004818497467829808,6.3996179183673405,-0.24307755102041284,-0.09939999999999927,0.0541387556013484,-0.020000000000003126,-0.08949999999999747
95.3,CLIMB,COOLING_DEGRADATION,1.0,6337.11,84.19,609.76,5.253,71.44,20.335,25.586,1.585,24.557,17.28,6330.849318205714,79.90017914285714,608.2595510204081,5.260928442561148,64.91453853061225,20.414604081632653,25.6412,1.5998049318205714,24.6,17.308999999999997,6.260681794286029,4.289820857142857,1.5004489795918516,-0.00792844256114833,6.52546146938775,-0.07960408163265242,-0.0552000000000028,-0.01480493182057141,-0.043000000000002814,-0.028999999999996362
95.4,CLIMB,COOLING_DEGRADATION,1.0,6341.51,85.07,608.71,5.25,71.1,20.516,25.595,1.566,24.678,17.118,6330.318807549469,79.90030557142858,608.2306326530612,5.260690048788771,64.90903097959185,20.412730612244893,25.641,1.599671880754947,24.6,17.3075,11.191192450531162,5.169694428571418,0.47936734693882954,-0.010690048788770667,6.190969020408147,0.10326938775510541,-0.045999999999999375,-0.03367188075494698,0.0779999999999994,-0.18950000000000244
95.5,CLIMB,COOLING_DEGRADATION,1.0,6340.46,84.99,609.98,5.235,71.87,20.408,25.667,1.557,24.609,17.301,6329.755704229029,79.89849099999999,608.2297142857142,5.260472434236134,64.89758742857143,20.411257142857142,25.6408,1.599615570422903,24.6,17.306,10.70429577097093,5.091509000000002,1.7502857142858375,-0.02547243423613388,6.972412571428578,-0.003257142857140849,0.026200000000002888,-0.04261557042290298,0.009000000000000341,-0.005000000000002558
95.6,CLIMB,COOLING_DEGRADATION,1.0,6338.21,84.97,609.35,5.241,70.86,20.599,25.653,1.66,24.514,17.305,6329.183355537502,79.90010314285715,608.202836734694,5.260212593178192,64.89206110204081,20.40954693877551,25.6406,1.5994783355537503,24.6,17.3045,9.026644462497643,5.069896857142851,1.1471632653060624,-0.01921259317819235,5.967938897959186,0.18945306122449068,0.012399999999999523,0.06052166444624962,-0.08600000000000207,0.0004999999999988347
95.7,CLIMB,COOLING_DEGRADATION,1.0,6347.62,84.16,608.63,5.196,71.18,20.437,25.499,1.761,24.613,17.139,6329.099646146351,79.89787457142859,608.2069183673469,5.260240597386436,64.88082355102041,20.409873469387755,25.6406,1.599469964614635,24.6,17.3045,18.520353853648885,4.262125428571409,0.42308163265306575,-0.06424059738643617,6.299176448979594,0.02712653061224657,-0.1416000000000004,0.1615300353853648,0.012999999999998124,-0.16550000000000153
95.8,CLIMB,COOLING_DEGRADATION,1.0,6338.55,84.73,608.42,5.244,70.74,20.462,25.618,1.661,24.62,17.428,6328.5691678944,79.89800100000001,608.178,5.260002192783746,64.875316,20.407999999999998,25.6404,1.5993369167894402,24.6,17.302999999999997,9.980832105599802,4.831998999999996,0.2419999999999618,-0.016002192783746594,5.864683999999997,0.054000000000002046,-0.022400000000001086,0.0616630832105598,0.019999999999999574,0.12500000000000355
95.9,CLIMB,COOLING_DEGRADATION,1.0,6334.71,85.25,606.48,5.21,71.78,20.254,25.579,1.554,24.571,17.159,6328.006106325355,79.89618642857144,608.1770816326531,5.259784560731655,64.86387244897959,20.406526530612247,25.6402,1.5992806106325357,24.6,17.3015,6.70389367464486,5.35381357142856,-1.6970816326530667,-0.049784560731654715,6.916127551020409,-0.15252653061224564,-0.06119999999999948,-0.045280610632535634,-0.028999999999999915,-0.14250000000000185
96.0,CLIMB,COOLING_DEGRADATION,1.0,6340.65,85.39,610.49,5.24,71.2,20.512,25.546,1.631,24.566,17.261,6327.475644734694,79.89631285714286,608.1481632653062,5.25954614969697,64.85836489795918,20.40465306122449,25.64,1.5991475644734694,24.6,17.299999999999997,13.174355265306076,5.493687142857141,2.3418367346938567,-0.01954614969696955,6.341635102040826,0.10734693877551038,-0.0940000000000012,0.03185243552653061,-0.03400000000000247,-0.038999999999997925
96.1,CLIMB,COOLING_DEGRADATION,1.0,6340.61,85.48,610.37,5.225,71.15,20.541,25.671,1.634,24.585,17.345,6326.945190025012,79.8964392857143,608.1192448979592,5.259307736363915,64.85285734693878,20.402779591836733,25.6398,1.5990145190025014,24.6,17.298499999999997,13.664809974987293,5.58356071428571,2.2507551020407845,-0.03430773636391571,6.297142653061229,0.1382204081632672,0.03119999999999834,0.03498548099749854,-0.015000000000000568,0.04650000000000176
96.2,CLIMB,COOLING_DEGRADATION,1.0,6335.0,84.05,609.67,5.193,71.32,20.347,25.76,1.662,24.655,17.24,6326.340321206369,79.89611042857143,608.1203673469388,5.259068654498816,64.84139502040817,20.401469387755103,25.6396,1.5989540321206368,24.6,17.297,8.659678793631429,4.153889571428564,1.5496326530611668,-0.06606865449881649,6.478604979591822,-0.054469387755101906,0.12040000000000006,0.06304596787936312,0.054999999999999716,-0.05700000000000216
96.3,CLIMB,COOLING_DEGRADATION,1.0,6340.67,84.51,606.7,5.229,71.35,20.571,25.637,1.555,24.634,17.292,6326.289223075396,79.89582285714286,608.0964489795919,5.259075870002033,64.83609346938776,20.401395918367346,25.6396,1.5988689223075396,24.6,17.297,14.380776924604106,4.6141771428571445,-1.3964489795918098,-0.030075870002033156,6.513906530612232,0.16960408163265583,-0.002600000000001046,-0.04386892230753969,0.03399999999999892,-0.004999999999999005
96.4,CLIMB,COOLING_DEGRADATION,1.0,6338.7,84.41,606.63,5.218,71.6,20.349,25.694,1.495,24.657,17.404,6325.726213039739,79.89400828571429,608.0955306122448,5.258858216323308,64.82464991836734,20.39992244897959,25.6394,1.598812621303974,24.6,17.2955,12.97378696026044,4.515991714285704,-1.4655306122448337,-0.04085821632330777,6.775350081632652,-0.050922448979591195,0.05460000000000065,-0.10381262130397384,0.05699999999999861,0.10849999999999937
96.5,CLIMB,COOLING_DEGRADATION,1.0,6339.02,85.65,608.02,5.229,71.68,20.323,25.688,1.574,24.671,17.081,6325.195790737828,79.89413471428571,608.0666122448979,5.258619792166762,64.81914236734694,20.398048979591834,25.6392,1.5986795790737829,24.6,17.293999999999997,13.82420926217219,5.755865285714293,-0.046612244897914934,-0.029619792166761805,6.860857632653065,-0.0750489795918341,0.048799999999999955,-0.02467957907378282,0.07099999999999795,-0.2129999999999974
96.6,CLIMB,COOLING_DEGRADATION,1.0,6333.35,84.38,609.69,5.242,71.57,20.286,25.587,1.619,24.63,17.295,6324.6328031640005,79.89492014285715,608.065693877551,5.258366710060111,64.81329881632652,20.39657551020408,25.639,1.5986232803164002,24.6,17.2925,8.717196835999857,4.48507985714285,1.6243061224490702,-0.016366710060110812,6.756701183673471,-0.11057551020407885,-0.0519999999999996,0.020376719683599775,0.029999999999997584,0.002500000000001279
96.7,CLIMB,COOLING_DEGRADATION,1.0,6334.01,85.28,608.75,5.225,70.95,20.205,25.594,1.6,24.607,17.238,6324.102397525225,79.89244657142858,608.0367755102042,5.25816369741882,64.80219126530613,20.39470204081633,25.6388,1.5984902397525225,24.6,17.291,9.907602474775558,5.387553428571422,0.7132244897958344,-0.033163697418820526,6.147808734693868,-0.18970204081633213,-0.04479999999999862,0.0015097602474776206,0.006999999999997897,-0.053000000000000824
96.8,CLIMB,COOLING_DEGRADATION,1.0,6329.13,84.6,611.58,5.212,71.1,20.482,25.571,1.603,24.545,17.184,6323.539432413487,79.893232,608.0358571428573,5.257910610952161,64.79634771428572,20.393228571428573,25.6386,1.5984339432413488,24.6,17.2895,5.590567586513316,4.706767999999997,3.5441428571427878,-0.04591061095216098,6.3036522857142785,0.08877142857142672,-0.06759999999999877,0.0045660567586511824,-0.054999999999999716,-0.10549999999999926
96.9,CLIMB,COOLING_DEGRADATION,1.0,6326.43,84.15,613.07,5.231,70.85,20.36,25.636,1.585,24.598,17.175,6323.446525261225,79.89183014285715,608.0139795918368,5.257931798948848,64.7854273877551,20.393318367346936,25.6386,1.5983446525261227,24.6,17.2895,2.9834747387749303,4.25816985714286,5.056020408163249,-0.026931798948847785,6.064572612244888,-0.033318367346936384,-0.002600000000001046,-0.013344652526122713,-0.0020000000000024443,-0.1144999999999996
97.0,CLIMB,COOLING_DEGRADATION,1.0,6331.88,85.68,607.15,5.214,71.56,20.255,25.597,1.659,24.607,17.273,6322.883579441634,79.89261557142858,608.0130612244899,5.257678709151795,64.7795838367347,20.391844897959185,25.6384,1.5982883579441634,24.6,17.288,8.99642055836648,5.787384428571428,-0.8630612244899112,-0.04367870915179495,6.780416163265301,-0.13684489795918608,-0.04139999999999944,0.06071164205583668,0.006999999999997897,-0.015000000000000568
97.1,CLIMB,COOLING_DEGRADATION,1.0,6330.63,85.09,609.02,5.205,71.48,20.227,25.622,1.622,24.516,17.226,6322.353206213486,79.890142,607.984142857143,5.2574756758972745,64.76847628571429,20.389971428571428,25.6382,1.5981553206213488,24.6,17.286499999999997,8.276793786513736,5.199858000000006,1.0358571428570258,-0.05247567589727442,6.711523714285718,-0.16297142857142788,-0.016200000000001324,0.023844679378651312,-0.08400000000000318,-0.060499999999997556
97.2,CLIMB,COOLING_DEGRADATION,1.0,6330.54,85.25,606.88,5.227,71.39,20.444,25.613,1.6,24.606,17.402,6321.790282856489,79.89092742857143,607.9832244897959,5.257222581742372,64.76263273469388,20.388497959183674,25.638,1.598099028285649,24.6,17.285,8.74971714351068,5.35907257142857,-1.1032244897959345,-0.0302225817423718,6.62736726530612,0.05550204081632515,-0.02500000000000213,0.0019009717143509963,0.006000000000000227,0.11700000000000088
97.3,CLIMB,COOLING_DEGRADATION,1.0,6327.47,85.55,611.4,5.223,71.49,20.331,25.573,1.581,24.553,17.311,6321.259926292996,79.89105385714285,607.954306122449,5.256984136884444,64.75712518367347,20.38662448979592,25.6378,1.5979659926292997,24.6,17.2835,6.210073707004085,5.658946142857147,3.4456938775509798,-0.03398413688444446,6.732874816326529,-0.05562448979592105,-0.06479999999999819,-0.016965992629299764,-0.0470000000000006,0.027499999999999858
97.4,CLIMB,COOLING_DEGRADATION,1.0,6335.25,84.09,610.19,5.237,70.75,20.5,25.566,1.644,24.588,17.173,6320.729576612572,79.88858028571428,607.925387755102,5.256781085816703,64.74601763265306,20.384751020408164,25.6376,1.597832957661257,24.6,17.282,14.520423387428309,4.20141971428572,2.264612244898103,-0.019781085816703126,6.003982367346936,0.11524897959183633,-0.07160000000000011,0.0461670423387428,-0.012000000000000455,-0.10900000000000176
97.5,CLIMB,COOLING_DEGRADATION,1.0,6322.59,85.24,609.48,5.2,70.96,20.55,25.638,1.607,24.562,17.102,6320.645958017829,79.88895171428571,607.929469387755,5.256773633966832,64.74038008163267,20.38507755102041,25.6376,1.5978245958017827,24.6,17.282,1.9440419821712567,5.351048285714285,1.5505306122449838,-0.05677363396683166,6.219619918367329,0.16492244897959196,0.0004000000000026205,0.009175404198217274,-0.038000000000000256,-0.17999999999999972
97.6,CLIMB,COOLING_DEGRADATION,1.0,6328.64,84.04,609.74,5.212,71.78,20.332,25.647,1.53,24.616,17.407,6320.073814788163,79.88796385714285,607.9025918367347,5.256549150868736,64.72925375510205,20.38336734693878,25.6374,1.5976873814788164,24.6,17.280500000000004,8.566185211837364,4.152036142857156,1.8374081632653088,-0.04454915086873612,7.050746244897951,-0.05136734693877898,0.009599999999998943,-0.06768738147881637,0.015999999999998238,0.1264999999999965
97.7,CLIMB,COOLING_DEGRADATION,1.0,6329.7,84.69,612.67,5.258,71.57,20.414,25.621,1.517,24.463,17.14,6319.510942969176,79.8887492857143,607.9016734693878,5.256296047871145,64.72341020408163,20.381893877551022,25.6372,1.5976310942969179,24.6,17.279,10.189057030824188,4.8012507142857,4.768326530612171,0.0017039521288548798,6.846589795918362,0.03210612244897959,-0.016200000000001324,-0.08063109429691795,-0.13700000000000045,-0.13899999999999935
97.8,CLIMB,COOLING_DEGRADATION,1.0,6332.84,84.75,608.86,5.276,71.3,20.082,25.601,1.637,24.63,17.216,6318.980625702857,79.88887571428573,607.8727551020409,5.25605758990684,64.71790265306123,20.38002040816326,25.637,1.5974980625702857,24.6,17.277499999999996,13.859374297143404,4.8611242857142685,0.9872448979591582,0.01994241009315978,6.582097346938767,-0.2980204081632607,-0.036000000000001364,0.03950193742971431,0.029999999999997584,-0.061499999999995225
97.9,CLIMB,COOLING_DEGRADATION,1.0,6320.97,85.27,610.12,5.235,71.21,20.526,25.59,1.584,24.626,17.2,6318.417776347429,79.88706114285715,607.8718367346938,5.255839868846676,64.70645910204081,20.37854693877551,25.6368,1.597441777634743,24.6,17.276,2.5522236525712287,5.382938857142847,2.248163265306175,-0.02083986884667599,6.5035408979591836,0.1474530612244891,-0.04680000000000106,-0.013441777634742857,0.0259999999999998,-0.07600000000000051
98.0,CLIMB,COOLING_DEGRADATION,1.0,6322.4,85.23,609.47,5.287,70.89,20.269,25.595,1.655,24.657,17.156,6317.887475747608,79.88718757142858,607.8429183673469,5.255601404460467,64.70095155102041,20.376673469387754,25.6366,1.5973087475747607,24.6,17.2745,4.512524252391813,5.3428124285714205,1.6270816326531303,0.031398595539532614,6.189048448979591,-0.10767346938775546,-0.041600000000002524,0.057691252425239314,0.05699999999999861,-0.11850000000000094
98.1,CLIMB,COOLING_DEGRADATION,1.0,6321.73,84.31,607.46,5.201,70.66,20.475,25.632,1.649,24.588,17.348,6317.803887564,79.88495900000001,607.847,5.255629328192517,64.689714,20.377,25.6366,1.5973003887564,24.6,17.2745,3.92611243599913,4.425040999999993,-0.3869999999999436,-0.05462932819251698,5.9702860000000015,0.09800000000000253,-0.0045999999999999375,0.05169961124360012,-0.012000000000000455,0.07349999999999923
98.2,CLIMB,COOLING_DEGRADATION,1.0,6334.75,84.98,609.99,5.256,71.19,20.285,25.733,1.512,24.589,17.258,6317.273599758563,79.88508542857143,607.818081632653,5.255390858138496,64.6842064489796,20.375126530612246,25.6364,1.5971673599758565,24.6,17.273,17.47640024143675,5.094914571428575,2.1719183673469615,0.0006091418615046251,6.505793551020403,-0.0901265306122454,0.09660000000000224,-0.08516735997585645,-0.011000000000002785,-0.015000000000000568
98.3,CLIMB,COOLING_DEGRADATION,1.0,6320.8,85.21,610.64,5.197,71.11,20.451,25.644,1.666,24.597,17.047,6316.669001024,79.88475657142858,607.8192040816326,5.25515170258449,64.67274412244899,20.373816326530612,25.6362,1.5971069001024,24.6,17.271500000000003,4.130998976000228,5.325243428571412,2.8207959183673665,-0.05815170258448976,6.43725587755101,0.07718367346938848,0.007799999999999585,0.06889309989759984,-0.0030000000000001137,-0.2245000000000026
98.4,CLIMB,COOLING_DEGRADATION,1.0,6329.56,85.13,609.03,5.187,71.33,20.418,25.633,1.553,24.617,17.245,6316.138732841143,79.88488299999999,607.7902857142857,5.254913227393262,64.66723657142857,20.37194285714285,25.636,1.5969738732841143,24.6,17.27,13.421267158857518,5.245117000000008,1.2397142857142853,-0.06791322739326144,6.662763428571424,0.04605714285714768,-0.0030000000000001137,-0.043973873284114395,0.01699999999999946,-0.02499999999999858
98.5,CLIMB,COOLING_DEGRADATION,1.0,6328.05,85.13,609.74,5.202,71.19,20.333,25.678,1.634,24.618,17.235,6315.608471543118,79.88500942857144,607.7613673469388,5.254674749909094,64.66172902040817,20.370069387755102,25.6358,1.5968408471543118,24.6,17.268500000000003,12.441528456882224,5.244990571428559,1.9786326530612541,-0.0526747499090936,6.528270979591824,-0.03706938775510338,0.042200000000001125,0.03715915284568805,0.01799999999999713,-0.03350000000000364
98.6,CLIMB,COOLING_DEGRADATION,1.0,6330.41,84.81,609.08,5.198,71.21,20.254,25.652,1.574,24.681,17.151,6315.045696192784,79.88319485714287,607.7604489795917,5.254456996780722,64.65028546938777,20.368595918367344,25.6356,1.5967845696192784,24.6,17.267,15.364303807215947,4.926805142857134,1.319551020408312,-0.0564569967807218,6.559714530612226,-0.11459591836734262,0.01640000000000086,-0.022784569619278328,0.08099999999999952,-0.11599999999999966
98.7,CLIMB,COOLING_DEGRADATION,1.0,6319.19,86.52,610.56,5.281,71.41,20.031,25.662,1.634,24.622,17.21,6314.994658928326,79.8829072857143,607.7365306122448,5.254464174007431,64.64498391836736,20.36852244897959,25.6356,1.5966994658928326,24.6,17.267,4.195341071673283,6.6370927142857,2.8234693877551535,0.02653582599256854,6.765016081632638,-0.33752244897959116,0.02639999999999887,0.03730053410716727,0.021999999999998465,-0.05699999999999861
98.8,CLIMB,COOLING_DEGRADATION,1.0,6318.35,84.97,610.15,5.191,71.28,20.363,25.621,1.573,24.594,17.204,6314.431899702041,79.88109271428573,607.7356122448979,5.254246412740929,64.63354036734694,20.36704897959184,25.6354,1.596643189970204,24.6,17.2655,3.918100297959427,5.088907285714271,2.414387755102098,-0.0632464127409289,6.6464596326530625,-0.0040489795918396965,-0.014400000000001967,-0.023643189970204093,-0.006000000000000227,-0.06149999999999878
98.9,CLIMB,COOLING_DEGRADATION,1.0,6317.75,85.18,608.12,5.23,71.0,20.326,25.619,1.635,24.605,17.152,6313.901667868212,79.88121914285713,607.7066938775511,5.254007923173518,64.62803281632652,20.365175510204086,25.6352,1.5965101667868213,24.6,17.264000000000003,3.8483321317880836,5.298780857142873,0.4133061224489438,-0.024007923173517298,6.371967183673476,-0.039175510204085384,-0.016200000000001324,0.03848983321317867,0.004999999999999005,-0.11200000000000188
99.0,CLIMB,COOLING_DEGRADATION,1.0,6319.44,84.48,609.63,5.21,71.71,20.257,25.548,1.597,24.686,17.171,6313.338931106939,79.88200457142857,607.7057755102041,5.253754796740006,64.62218926530612,20.363702040816328,25.635,1.596453893110694,24.6,17.2625,6.101068893060983,4.597995428571437,1.9242244897958471,-0.04375479674000626,7.087810734693875,-0.10670204081632662,-0.0870000000000033,0.0005461068893060084,0.08599999999999852,-0.09149999999999991
99.1,CLIMB,COOLING_DEGRADATION,1.0,6318.66,84.36,607.11,5.241,71.23,20.387,25.629,1.63,24.611,17.314,6312.7669490928,79.88101671428572,607.6788979591837,5.2535302478081665,64.61106293877552,20.361991836734692,25.6348,1.5963166949092802,24.6,17.261,5.893050907199722,4.478983285714278,-0.5688979591836869,-0.012530247808166806,6.618937061224486,0.025008163265308525,-0.005799999999997141,0.033683305090719706,0.010999999999999233,0.053000000000000824
99.2,CLIMB,COOLING_DEGRADATION,1.0,6323.08,85.46,609.89,5.206,71.34,20.446,25.677,1.595,24.621,17.442,6312.2042379672,79.88180214285714,607.6779795918368,5.253277118406787,64.60521938775511,20.360518367346938,25.6346,1.5962604237967202,24.6,17.259500000000003,10.875762032799685,5.578197857142854,2.2120204081631982,-0.04727711840678683,6.73478061224489,0.08548163265306385,0.04240000000000066,-0.0012604237967202003,0.020999999999997243,0.18249999999999744
99.3,CLIMB,COOLING_DEGRADATION,1.0,6322.41,84.91,610.55,5.216,70.54,20.407,25.651,1.634,24.67,17.213,6312.153215980996,79.87891457142857,607.6540612244899,5.253319634201734,64.5943178367347,20.360444897959184,25.6346,1.5961753215980996,24.6,17.259500000000003,10.256784019004044,5.03108542857143,2.8959387755101034,-0.0373196342017339,5.945682163265303,0.046555102040816365,0.01640000000000086,0.03782467840190029,0.07000000000000028,-0.04650000000000176
99.4,CLIMB,COOLING_DEGRADATION,1.0,6313.36,85.53,608.64,5.259,71.59,20.416,25.584,1.549,24.574,17.321,6311.590520980115,79.8797,607.6531428571428,5.253066500102184,64.58847428571428,20.35897142857143,25.6344,1.5961190520980115,24.6,17.258000000000003,1.769479019884784,5.650300000000001,0.9868571428571613,0.005933499897816219,7.0015257142857195,0.057028571428570984,-0.05039999999999978,-0.04711905209801159,-0.0259999999999998,0.06299999999999883
99.5,CLIMB,COOLING_DEGRADATION,1.0,6323.45,85.27,607.94,5.283,71.19,20.379,25.62,1.645,24.522,17.157,6311.060338237795,79.87722642857142,607.6242244897959,5.252863338230758,64.57736673469388,20.357097959183672,25.6342,1.5959860338237795,24.6,17.2565,12.389661762204923,5.392773571428577,0.31577551020416195,0.03013666176924268,6.6126332653061155,0.02190204081632885,-0.01419999999999888,0.04901396617622056,-0.07800000000000296,-0.09949999999999903
99.6,CLIMB,COOLING_DEGRADATION,1.0,6321.49,84.92,608.66,5.195,71.65,20.412,25.622,1.654,24.589,16.974,6310.497665702694,79.87801185714287,607.623306122449,5.252610199786123,64.57152318367348,20.35562448979592,25.634,1.5959297665702694,24.6,17.255000000000003,10.992334297306115,5.041988142857136,1.036693877550988,-0.05761019978612314,7.078476816326528,0.05637551020407727,-0.012000000000000455,0.0580702334297305,-0.011000000000002785,-0.28100000000000236
99.7,CLIMB,COOLING_DEGRADATION,1.0,6315.69,84.91,609.95,5.24,71.68,20.224,25.609,1.664,24.662,17.289,6309.967499631183,79.87813828571429,607.594387755102,5.2523716895633665,64.56601563265306,20.35375102040816,25.6338,1.5957967499631183,24.6,17.2535,5.722500368816327,5.031861714285711,2.3556122448979977,-0.012371689563366317,7.113984367346944,-0.1297510204081611,-0.024799999999999045,0.06820325003688166,0.06199999999999761,0.03550000000000253
99.8,CLIMB,COOLING_DEGRADATION,1.0,6319.42,84.93,609.41,5.257,71.13,20.169,25.603,1.57,24.595,17.314,6309.395591759413,79.87715042857143,607.5675102040817,5.252147109205894,64.55488930612245,20.35204081632653,25.6336,1.5956595591759413,24.6,17.252000000000002,10.024408240587036,5.052849571428581,1.8424897959182545,0.004852890794105669,6.575110693877548,-0.18304081632652824,-0.03059999999999974,-0.025659559175941205,-0.005000000000002558,0.06199999999999761
99.9,CLIMB,COOLING_DEGRADATION,1.0,6324.24,85.88,609.8,5.175,70.89,20.404,25.623,1.627,24.693,17.213,6309.31209438511,79.87752185714287,607.5715918367348,5.252139639961389,64.54925175510205,20.352367346938777,25.6336,1.595651209438511,24.6,17.252000000000002,14.927905614889823,6.002478142857129,2.228408163265158,-0.0771396399613895,6.340748244897952,0.051632653061222555,-0.010600000000000165,0.03134879056148909,0.09299999999999997,-0.03900000000000148
100.0,CLIMB,COOLING_DEGRADATION,1.0,6313.93,85.63,608.7,5.239,71.65,20.391,25.629,1.714,24.612,17.269,6308.781950954057,79.8750482857143,607.5426734693879,5.251936452250572,64.53814420408165,20.35049387755102,25.6334,1.5955181950954056,24.6,17.2505,5.1480490459434805,5.754951714285696,1.1573265306121812,-0.01293645225057194,7.111855795918359,0.04050612244897778,-0.004400000000000404,0.11848180490459437,0.011999999999996902,0.018499999999999517
100.1,CLIMB,COOLING_DEGRADATION,1.0,6322.74,85.18,610.13,5.236,71.35,20.465,25.607,1.546,24.577,17.124,6308.219329965454,79.87583371428572,607.5417551020408,5.251683304993181,64.53230065306123,20.349020408163263,25.6332,1.5954619329965454,24.6,17.249000000000002,14.520670034546129,5.304166285714288,2.5882448979591572,-0.015683304993181046,6.817699346938767,0.11597959183673723,-0.026199999999999335,-0.04946193299654533,-0.022999999999999687,-0.12500000000000355
100.2,CLIMB,COOLING_DEGRADATION,1.0,6317.47,85.7,608.06,5.214,71.56,20.441,25.639,1.599,24.584,17.235,6307.689203206531,79.87596014285715,607.5128367346939,5.251444781692503,64.52679310204081,20.34714693877551,25.633,1.5953289203206533,24.6,17.247500000000002,9.780796793469563,5.82403985714285,0.5471632653060396,-0.03744478169250254,7.0332068979591895,0.09385306122448966,0.006000000000000227,0.003671079679346656,-0.01600000000000179,-0.012500000000002842
100.3,CLIMB,COOLING_DEGRADATION,1.0,6316.05,85.88,610.32,5.239,71.13,20.351,25.68,1.591,24.581,17.252,6307.1266046846695,79.87414557142857,607.511918367347,5.251226953153337,64.5153495510204,20.345673469387755,25.6328,1.595272660468467,24.6,17.246000000000002,8.923395315330708,6.005854428571425,2.8080816326530567,-0.012226953153336773,6.614650448979589,0.005326530612244085,0.04720000000000013,-0.004272660468467082,-0.019000000000001904,0.005999999999996675
100.4,CLIMB,COOLING_DEGRADATION,1.0,6314.49,85.3,606.87,5.237,71.35,20.448,25.689,1.655,24.562,17.325,6306.5964945984,79.874272,607.4830000000001,5.2509884234427755,64.50984199999999,20.343799999999998,25.6326,1.59513964945984,24.6,17.2445,7.893505401600123,5.425727999999992,-0.6130000000000564,-0.0139884234427754,6.840158000000002,0.10420000000000229,0.056400000000000006,0.059860350540160034,-0.038000000000000256,0.08050000000000068
100.5,CLIMB,COOLING_DEGRADATION,1.0,6323.01,85.34,608.12,5.233,70.8,20.396,25.563,1.594,24.632,17.259,6306.513027639315,79.87204342857144,607.4870816326531,5.251016266808757,64.49860444897959,20.344126530612243,25.6326,1.5951313027639316,24.6,17.2445,16.496972360685504,5.467956571428559,0.6329183673468606,-0.018016266808757564,6.301395551020406,0.05187346938775761,-0.06960000000000122,-0.0011313027639314743,0.03200000000000003,0.014500000000001734
100.6,CLIMB,COOLING_DEGRADATION,1.0,6321.31,84.64,609.46,5.249,71.72,20.47,25.599,1.541,24.552,17.082,6305.941199828409,79.87365557142857,607.4602040816326,5.250756337464374,64.49307812244899,20.342416326530614,25.6324,1.5949941199828408,24.6,17.243000000000002,15.368800171591829,4.766344428571429,1.9997959183674539,-0.0017563374643740914,7.226921877551007,0.1275836734693847,-0.03340000000000032,-0.05399411998284087,-0.04800000000000182,-0.16100000000000136
100.7,CLIMB,COOLING_DEGRADATION,1.0,6316.99,84.83,608.58,5.21,71.25,20.54,25.691,1.575,24.57,17.364,6305.378643070287,79.87184100000002,607.4592857142857,5.250538491483818,64.48163457142857,20.340942857142856,25.6322,1.5949378643070289,24.6,17.241500000000002,11.61135692971311,4.958158999999981,1.1207142857143708,-0.04053849148381783,6.768365428571428,0.19905714285714282,0.058799999999997965,-0.01993786430702893,-0.030000000000001137,0.12249999999999872
100.8,CLIMB,COOLING_DEGRADATION,1.0,6320.57,86.25,610.18,5.227,70.88,20.375,25.605,1.688,24.542,17.102,6304.848565412572,79.87196742857142,607.4303673469386,5.250299950991312,64.47612702040816,20.3390693877551,25.632,1.5948048565412571,24.6,17.24,15.72143458742812,6.378032571428577,2.749632653061326,-0.0232999509913121,6.4038729795918385,0.03593061224490057,-0.027000000000001023,0.0931951434587428,-0.05799999999999983,-0.13799999999999812
100.9,CLIMB,COOLING_DEGRADATION,1.0,6310.47,85.07,610.14,5.244,70.93,20.277,25.712,1.552,24.618,17.072,6304.31849464351,79.87209385714287,607.4014489795918,5.250061408211251,64.47061946938777,20.337195918367346,25.6318,1.594671849464351,24.6,17.238500000000002,6.151505356489906,5.197906142857121,2.738551020408181,-0.00606140821125134,6.459380530612236,-0.06019591836734506,0.08020000000000138,-0.042671849464350986,0.01799999999999713,-0.16650000000000276
101.0,CLIMB,COOLING_DEGRADATION,1.0,6303.6,84.66,609.06,5.168,70.5,20.256,25.602,1.582,24.572,17.213,6303.755970138416,79.87027928571429,607.4005306122449,5.24984354765467,64.45917591836735,20.335722448979592,25.6316,1.5946155970138416,24.6,17.237000000000002,-0.1559701384157961,4.789720714285707,1.6594693877550526,-0.08184354765467017,6.04082408163265,-0.07972244897959158,-0.029599999999998516,-0.012615597013841517,-0.028000000000002245,-0.02400000000000091
101.1,CLIMB,COOLING_DEGRADATION,1.0,6311.66,83.97,605.6,5.241,71.4,20.353,25.609,1.542,24.522,17.158,6303.7049937907595,79.86999171428572,607.376612244898,5.249850686680033,64.45387436734694,20.335648979591838,25.6316,1.594530499379076,24.6,17.237000000000002,7.9550062092403095,4.100008285714281,-1.7766122448979331,-0.008850686680033526,6.9461256326530645,0.01735102040816372,-0.022599999999997067,-0.05253049937907606,-0.07800000000000296,-0.07900000000000063
101.2,CLIMB,COOLING_DEGRADATION,1.0,6308.5,84.76,608.42,5.206,71.12,20.335,25.597,1.577,24.583,17.151,6303.142485412473,79.86817714285715,607.375693877551,5.249632817997592,64.44243081632654,20.33417551020408,25.6314,1.5944742485412475,24.6,17.235500000000002,5.357514587526566,4.891822857142856,1.0443061224489156,-0.043632817997592,6.677569183673469,0.0008244897959208686,-0.03439999999999799,-0.017474248541247572,-0.017000000000003013,-0.08450000000000202
101.3,CLIMB,COOLING_DEGRADATION,1.0,6308.14,85.31,609.7,5.233,70.92,20.199,25.596,1.636,24.612,17.083,6302.612444118662,79.86830357142857,607.346775510204,5.249394263156187,64.43692326530612,20.332302040816323,25.6312,1.5943412444118663,24.6,17.234,5.52755588133823,5.441696428571433,2.353224489796048,-0.016394263156187527,6.483076734693881,-0.13330204081632147,-0.035199999999999676,0.04165875558813359,0.011999999999996902,-0.15100000000000335
101.4,CLIMB,COOLING_DEGRADATION,1.0,6316.7,84.4,606.32,5.225,70.93,20.31,25.628,1.587,24.696,17.221,6302.008249019265,79.87057471428571,607.3478979591837,5.249119706901947,64.43106093877552,20.330991836734697,25.631,1.5942808249019267,24.6,17.2325,14.691750980734469,4.5294252857142965,-1.0278979591836332,-0.024119706901947424,6.49893906122449,-0.020991836734697955,-0.0030000000000001137,-0.007280824901926719,0.09600000000000009,-0.01150000000000162
101.5,CLIMB,COOLING_DEGRADATION,1.0,6308.81,86.35,608.33,5.239,71.2,20.349,25.684,1.646,24.583,17.184,6301.478227356735,79.86810114285716,607.3189795918368,5.248916438186631,64.4199533877551,20.32911836734694,25.6308,1.5941478227356736,24.6,17.231,7.33177264326514,6.481898857142838,1.01102040816329,-0.00991643818663146,6.780046612244902,0.01988163265306042,0.05320000000000036,0.05185217726432634,-0.017000000000003013,-0.0470000000000006
101.6,CLIMB,COOLING_DEGRADATION,1.0,6312.11,84.62,609.73,5.229,71.9,20.433,25.576,1.544,24.605,17.166,6300.915767085715,79.86888657142858,607.3180612244897,5.248663264616642,64.4141098367347,20.327644897959182,25.6306,1.5940915767085715,24.6,17.2295,11.19423291428484,4.751113428571429,2.4119387755102935,-0.019663264616641918,7.48589016326531,0.10535510204081788,-0.05460000000000065,-0.05009157670857145,0.004999999999999005,-0.06350000000000122
101.7,CLIMB,COOLING_DEGRADATION,1.0,6310.08,85.14,608.82,5.205,71.74,20.339,25.693,1.568,24.625,17.248,6300.864806028801,79.865999,607.2941428571428,5.248705679013905,64.4032082857143,20.327571428571428,25.6306,1.59400648060288,24.6,17.2295,9.21519397119937,5.274000999999998,1.5258571428572623,-0.043705679013904764,7.336791714285695,0.011428571428570677,0.06240000000000023,-0.02600648060287991,0.02499999999999858,0.018499999999999517
101.8,CLIMB,COOLING_DEGRADATION,1.0,6314.35,86.01,608.76,5.251,71.52,20.371,25.654,1.522,24.545,17.005,6300.302361885258,79.86678442857144,607.2932244897959,5.248452500756271,64.39736473469388,20.326097959183677,25.6304,1.5939502361885256,24.6,17.227999999999998,14.047638114742767,6.14321557142857,1.4667755102041156,0.002547499243729767,7.122635265306116,0.04490204081632143,0.02359999999999829,-0.07195023618852558,-0.054999999999999716,-0.22299999999999898
101.9,CLIMB,COOLING_DEGRADATION,1.0,6302.22,85.06,609.28,5.203,71.25,20.323,25.644,1.489,24.618,17.135,6299.772369700702,79.86431085714285,607.264306122449,5.248249210432258,64.38625718367348,20.324224489795917,25.6302,1.5938172369700703,24.6,17.2265,2.447630299297998,5.195689142857148,2.015693877550916,-0.04524921043225749,6.863742816326521,-0.0012244897959163836,0.013799999999999812,-0.10481723697007017,0.01799999999999713,-0.09149999999999991
102.0,CLIMB,COOLING_DEGRADATION,1.0,6309.34,85.0,606.7,5.231,71.1,20.341,25.67,1.545,24.728,17.096,6299.209948026123,79.86509628571429,607.2633877551021,5.247996027842307,64.38041363265306,20.32275102040816,25.63,1.5937609948026124,24.6,17.225,10.130051973877016,5.134903714285713,-0.5633877551020987,-0.016996027842306916,6.719586367346935,0.01824897959184213,0.0400000000000027,-0.04876099480261242,0.1280000000000001,-0.12900000000000134
102.1,CLIMB,COOLING_DEGRADATION,1.0,6305.44,85.56,609.81,5.251,71.48,20.211,25.58,1.574,24.545,17.135,6298.679972518531,79.86522271428571,607.2344693877551,5.247757452391607,64.37490608163266,20.320877551020406,25.6298,1.593627997251853,24.6,17.2235,6.760027481468569,5.694777285714295,2.5755306122448474,0.0032425476083934868,7.105093918367345,-0.10987755102040708,-0.04980000000000118,-0.019627997251852936,-0.054999999999999716,-0.0884999999999998
102.2,CLIMB,COOLING_DEGRADATION,1.0,6311.52,84.62,611.03,5.204,71.36,20.244,25.659,1.568,24.597,17.333,6298.1083158332085,79.86423485714285,607.2075918367348,5.247532766669195,64.36377975510204,20.31916734693878,25.6296,1.593490831583321,24.6,17.222,13.411684166791929,4.7557651428571575,3.8224081632652087,-0.04353276666919559,6.996220244897955,-0.07516734693878036,0.029399999999998983,-0.025490831583320883,-0.0030000000000001137,0.1109999999999971
102.3,CLIMB,COOLING_DEGRADATION,1.0,6308.78,84.23,607.51,5.214,71.25,20.196,25.641,1.629,24.643,17.131,6298.024939696326,79.86460628571429,607.2116734693877,5.24752528035004,64.35814220408163,20.319493877551025,25.6296,1.5934824939696326,24.6,17.222,10.755060303673417,4.365393714285716,0.29832653061225756,-0.03352528035003921,6.891857795918369,-0.1234938775510237,0.0113999999999983,0.03551750603036741,0.04299999999999926,-0.09100000000000108
102.4,CLIMB,COOLING_DEGRADATION,1.0,6305.33,84.72,609.23,5.219,71.11,20.348,25.723,1.525,24.594,17.404,6297.494986838449,79.86213271428574,607.1827551020408,5.247321964220728,64.34703465306123,20.31762040816327,25.6294,1.593349498683845,24.6,17.2205,7.835013161550705,4.8578672857142635,2.0472448979592173,-0.028321964220727303,6.7629653469387705,0.03037959183673067,0.09359999999999857,-0.0683494986838451,-0.006000000000000227,0.18349999999999866
102.5,CLIMB,COOLING_DEGRADATION,1.0,6309.12,84.52,607.46,5.206,70.74,20.219,25.62,1.598,24.598,17.017,6296.932616718857,79.86291814285715,607.1818367346939,5.247068772847955,64.34119110204081,20.31614693877551,25.6292,1.5932932616718858,24.6,17.219,12.187383281142502,4.657081857142842,0.2781632653061479,-0.04106877284795463,6.398808897959185,-0.09714693877550928,-0.009199999999999875,0.004706738328114302,-0.0020000000000024443,-0.20200000000000173
102.6,CLIMB,COOLING_DEGRADATION,1.0,6298.09,85.15,607.2,5.237,71.17,20.276,25.674,1.629,24.491,17.364,6296.402680539265,79.86304457142859,607.152918367347,5.246830184347803,64.33568355102041,20.314273469387754,25.629,1.5931602680539263,24.6,17.2175,1.6873194607351252,5.286955428571417,0.0470816326530894,-0.009830184347802806,6.8343164489795925,-0.03827346938775378,0.04499999999999815,0.035839731946073705,-0.10900000000000176,0.14649999999999963
102.7,CLIMB,COOLING_DEGRADATION,1.0,6297.82,85.66,606.44,5.2,71.15,20.371,25.604,1.658,24.627,17.281,6295.840332889601,79.86123,607.152,5.246612248501497,64.32424,20.312799999999996,25.6288,1.5931040332889603,24.6,17.216,1.9796671103986228,5.79876999999999,-0.7119999999999891,-0.046612248501497255,6.8257600000000025,0.058200000000002916,-0.024799999999999045,0.06489596671103959,0.02699999999999747,0.06499999999999773
102.8,CLIMB,COOLING_DEGRADATION,1.0,6313.37,84.26,606.38,5.233,70.98,20.262,25.675,1.566,24.598,17.067,6295.310413388816,79.86135642857144,607.123081632653,5.246373653603483,64.3187324489796,20.310926530612246,25.6286,1.5929710413388818,24.6,17.2145,18.059586611183477,4.398643571428565,-0.7430816326530021,-0.013373653603482971,6.661267551020401,-0.0489265306122455,0.046400000000001995,-0.02697104133888173,-0.0020000000000024443,-0.14750000000000085
102.9,CLIMB,COOLING_DEGRADATION,1.0,6292.05,85.47,609.51,5.221,71.35,20.277,25.578,1.515,24.591,17.144,6295.227067671232,79.85912785714287,607.1271632653061,5.246401416713553,64.3074948979592,20.31125306122449,25.6286,1.5929627067671233,24.6,17.2145,-3.17706767123218,5.610872142857133,2.3828367346939103,-0.025401416713553004,7.042505102040792,-0.03425306122449001,-0.05059999999999931,-0.07796270676712336,-0.009000000000000341,-0.07050000000000267
103.0,CLIMB,COOLING_DEGRADATION,1.0,6302.18,85.98,608.57,5.227,70.82,20.332,25.54,1.6,24.605,17.034,6294.655491072001,79.86074,607.1002857142857,5.246141445266879,64.30196857142857,20.30954285714286,25.6284,1.5928255491072,24.6,17.213,7.524508927999705,6.119259999999997,1.4697142857143035,-0.019141445266878776,6.518031428571419,0.022457142857142287,-0.08840000000000003,0.0071744508927999995,0.004999999999999005,-0.17900000000000205
103.1,CLIMB,COOLING_DEGRADATION,1.0,6294.89,85.25,607.25,5.261,71.33,20.297,25.669,1.583,24.574,17.228,6294.093185192229,79.85892542857144,607.0993673469388,5.245923492008112,64.29052502040817,20.3080693877551,25.6282,1.5927693185192229,24.6,17.2115,0.796814807771625,5.391074571428561,0.1506326530611659,0.0150765079918882,7.03947497959183,-0.011069387755100024,0.040800000000000836,-0.009769318519222914,-0.0259999999999998,0.016500000000000625
103.2,CLIMB,COOLING_DEGRADATION,1.0,6300.35,85.22,607.56,5.219,71.35,20.262,25.753,1.602,24.622,17.246,6293.563298131593,79.85905185714286,607.0704489795919,5.245684886351237,64.28501746938775,20.30619591836735,25.628,1.5926363298131594,24.6,17.21,6.786701868407363,5.36094814285714,0.48955102040804377,-0.026684886351236337,7.064982530612241,-0.04419591836735037,0.125,0.0093636701868407,0.021999999999998465,0.03599999999999781
103.3,CLIMB,COOLING_DEGRADATION,1.0,6307.14,85.21,611.21,5.183,70.93,20.305,25.633,1.515,24.621,17.276,6293.033417963428,79.85917828571428,607.041530612245,5.245446278412191,64.27950991836735,20.30432244897959,25.6278,1.592503341796343,24.6,17.2085,14.106582036572036,5.350821714285715,4.168469387755067,-0.062446278412191525,6.650490081632654,0.0006775510204093393,0.005199999999998539,-0.0775033417963431,0.020999999999997243,0.067499999999999
103.4,CLIMB,COOLING_DEGRADATION,1.0,6296.38,85.74,608.09,5.249,70.79,20.211,25.667,1.674,24.639,17.22,6292.471144342205,79.85736371428573,607.0406122448979,5.245228310599279,64.26806636734695,20.302848979591836,25.6276,1.5924471144342207,24.6,17.207,3.908855657795357,5.88263628571427,1.0493877551020887,0.0037716894007209234,6.5219336326530595,-0.09184897959183758,0.039400000000000546,0.08155288556577922,0.038999999999997925,0.012999999999998124
103.5,CLIMB,COOLING_DEGRADATION,1.0,6299.12,85.44,608.93,5.225,71.24,20.335,25.658,1.565,24.56,17.021,6292.420228961633,79.85707614285715,607.0166938775509,5.24523541149849,64.26276481632652,20.30277551020408,25.6276,1.5923620228961632,24.6,17.207,6.6997710383666345,5.582923857142845,1.9133061224490575,-0.020235411498489952,6.977235183673471,0.032224489795922295,0.030400000000000205,-0.027362022896163296,-0.0400000000000027,-0.18599999999999994
103.6,CLIMB,COOLING_DEGRADATION,1.0,6300.45,85.4,608.74,5.218,71.0,20.538,25.714,1.656,24.606,17.15,6291.857971469976,79.85526157142857,607.0157755102041,5.245017435571992,64.25132126530613,20.301302040816324,25.6274,1.5923057971469976,24.6,17.2055,8.592028530023526,5.544738428571435,1.7242244897959154,-0.027017435571991655,6.748678734693868,0.23669795918367598,0.08659999999999712,0.06369420285300231,0.006000000000000227,-0.0555000000000021
103.7,CLIMB,COOLING_DEGRADATION,1.0,6302.52,85.64,610.25,5.229,70.91,20.261,25.651,1.645,24.544,17.156,6291.328120788115,79.855388,606.986857142857,5.244778815593506,64.24581371428572,20.29942857142857,25.6272,1.5921728120788115,24.6,17.204,11.191879211885862,5.784611999999996,3.2631428571429524,-0.01577881559350569,6.66418628571428,-0.0384285714285717,0.023800000000001376,0.05282718792118857,-0.05600000000000094,-0.04800000000000182
103.8,CLIMB,COOLING_DEGRADATION,1.0,6304.86,85.81,609.7,5.293,71.29,20.296,25.587,1.737,24.485,17.294,6290.765885767838,79.85617342857142,606.9859387755101,5.244525600939532,64.23997016326531,20.297955102040813,25.627,1.5921165885767836,24.6,17.2025,14.0941142321617,5.9538265714285785,2.7140612244899103,0.04847439906046791,7.050029836734694,-0.0019551020408137276,-0.03999999999999915,0.14488341142321648,-0.11500000000000199,0.09149999999999991
103.9,CLIMB,COOLING_DEGRADATION,1.0,6300.51,85.77,608.32,5.22,70.35,20.46,25.629,1.592,24.561,17.288,6290.194406158726,79.85518557142858,606.9590612244898,5.24430084135619,64.2288438367347,20.29624489795918,25.6268,1.5919794406158727,24.6,17.201,10.315593841273767,5.914814428571418,1.3609387755102489,-0.02430084135619026,6.121156163265297,0.16375510204082033,0.002200000000001978,2.0559384127372127e-05,-0.03900000000000148,0.08699999999999974
104.0,CLIMB,COOLING_DEGRADATION,1.0,6300.74,84.51,606.96,5.204,71.11,20.294,25.478,1.571,24.574,17.186,6289.632196780914,79.855971,606.9581428571429,5.2440476237620315,64.22300028571429,20.29477142857143,25.6266,1.5919232196780915,24.6,17.1995,11.107803219086236,4.654029000000008,0.0018571428571476645,-0.04004762376203175,6.886999714285707,-0.0007714285714293112,-0.1485999999999983,-0.02092321967809152,-0.0259999999999998,-0.013500000000000512
104.1,CLIMB,COOLING_DEGRADATION,1.0,6299.1,85.58,607.76,5.191,70.9,20.322,25.625,1.566,24.633,17.212,6289.581296703575,79.85308342857142,606.934224489796,5.24408993686426,64.21209873469388,20.294697959183676,25.6266,1.5918381296703574,24.6,17.1995,9.518703296424974,5.726916571428575,0.8257755102040392,-0.05308993686425989,6.687901265306124,0.02730204081632337,-0.0015999999999998238,-0.025838129670357368,0.0329999999999977,0.01249999999999929
104.2,CLIMB,COOLING_DEGRADATION,1.0,6299.51,84.56,607.46,5.188,71.36,20.418,25.593,1.671,24.573,17.282,6289.019103456,79.85386885714286,606.933306122449,5.243836714592987,64.20625518367348,20.293224489795918,25.6264,1.5917819103456001,24.6,17.198,10.490896543999952,4.706131142857146,0.5266938775509971,-0.05583671459298767,7.1537448163265225,0.12477551020408129,-0.03340000000000032,0.07921808965439991,-0.027000000000001023,0.08399999999999963
104.3,CLIMB,COOLING_DEGRADATION,1.0,6297.25,85.69,607.2,5.249,71.19,20.322,25.56,1.61,24.574,17.262,6288.489301901143,79.85139528571429,606.904387755102,5.24363329598076,64.19514763265306,20.291351020408168,25.6262,1.5916489301901144,24.6,17.1965,8.760698098856665,5.838604714285708,0.29561224489805227,0.005366704019239776,6.994852367346937,0.030648979591830994,-0.06620000000000203,0.018351069809885656,-0.0259999999999998,0.06550000000000011
104.4,CLIMB,COOLING_DEGRADATION,1.0,6293.55,84.98,608.61,5.247,71.03,20.222,25.599,1.571,24.573,16.977,6287.927131125714,79.85218071428572,606.9034693877551,5.2433800693899375,64.18930408163266,20.28987755102041,25.626,1.5915927131125716,24.6,17.195,5.622868874285814,5.127819285714281,1.7065306122449329,0.003619930610062383,6.840695918367345,-0.06787755102040904,-0.027000000000001023,-0.020592713112571603,-0.027000000000001023,-0.21799999999999997
104.5,CLIMB,COOLING_DEGRADATION,1.0,6290.94,85.7,607.01,5.249,71.23,20.152,25.615,1.599,24.571,16.987,6287.397346253975,79.85230714285716,606.8745510204081,5.243141428848229,64.18379653061224,20.288004081632653,25.6258,1.5914597346253976,24.6,17.1935,3.5426537460243708,5.847692857142846,0.13544897959184254,0.005858571151770242,7.046203469387763,-0.13600408163265243,-0.010800000000003251,0.007540265374602395,-0.028999999999999915,-0.2065000000000019
104.6,CLIMB,COOLING_DEGRADATION,1.0,6303.35,85.38,607.42,5.248,70.25,20.251,25.606,1.595,24.568,17.146,6286.867568276768,79.84983357142858,606.8456326530612,5.242937992485618,64.17268897959184,20.2861306122449,25.6256,1.591326756827677,24.6,17.192,16.482431723232366,5.53016642857142,0.5743673469387431,0.005062007514382572,6.07731102040816,-0.035130612244898884,-0.019599999999996953,0.003673243172322982,-0.03200000000000003,-0.045999999999999375
104.7,CLIMB,COOLING_DEGRADATION,1.0,6297.74,85.33,608.36,5.157,70.64,20.286,25.73,1.614,24.596,17.124,6286.784313394286,79.850205,606.8497142857143,5.242930489410779,64.16705142857143,20.286457142857145,25.6256,1.5913184313394289,24.6,17.192,10.955686605713709,5.479794999999996,1.5102857142857147,-0.08593048941077885,6.472948571428574,-0.00045714285714382186,0.10440000000000182,0.02268156866057125,-0.004000000000001336,-0.06800000000000139
104.8,CLIMB,COOLING_DEGRADATION,1.0,6289.15,85.18,609.47,5.213,71.33,20.353,25.567,1.531,24.628,17.255,6286.212923740278,79.84921714285716,606.8228367346939,5.242705690258399,64.15592510204083,20.28474693877551,25.6254,1.591181292374028,24.6,17.1905,2.9370762597218345,5.33078285714285,2.647163265306176,-0.029705690258398754,7.174074897959173,0.06825306122449248,-0.0583999999999989,-0.06018129237402814,0.027999999999998693,0.06449999999999889
104.9,CLIMB,COOLING_DEGRADATION,1.0,6299.14,84.88,608.39,5.172,71.11,20.305,25.65,1.574,24.684,17.26,6285.650804528327,79.85000257142858,606.8219183673469,5.2424524549147,64.1500815510204,20.28327346938776,25.6252,1.591125080452833,24.6,17.189,13.489195471673156,5.02999742857142,1.5680816326530476,-0.07045245491470009,6.959918448979593,0.02172653061224139,0.024799999999999045,-0.017125080452832897,0.08399999999999963,0.0710000000000015
105.0,CLIMB,COOLING_DEGRADATION,1.0,6295.9,85.12,610.25,5.213,71.03,20.069,25.704,1.533,24.591,17.209,6285.121059,79.85012900000001,606.793,5.242213801352015,64.144574,20.2814,25.625,1.5909921059,24.6,17.1875,10.778940999999577,5.269870999999995,3.4569999999999936,-0.029213801352015345,6.885425999999995,-0.21240000000000236,0.07900000000000063,-0.057992105900000146,-0.009000000000000341,0.02149999999999963
105.1,CLIMB,COOLING_DEGRADATION,1.0,6292.81,85.08,609.38,5.249,70.79,20.306,25.667,1.651,24.661,17.305,6284.55896226116,79.84831442857143,606.7920816326531,5.241995758370475,64.13313044897959,20.279926530612244,25.6248,1.590935896226116,24.6,17.186,8.25103773884075,5.231685571428571,2.5879183673469015,0.007004241629524621,6.656869551020421,0.026073469387757342,0.042200000000001125,0.06006410377388405,0.06099999999999994,0.11899999999999977
105.2,CLIMB,COOLING_DEGRADATION,1.0,6285.4,85.37,604.33,5.222,70.82,20.218,25.601,1.579,24.516,17.038,6284.029233417796,79.84844085714286,606.763163265306,5.241757098421953,64.12762289795918,20.278053061224494,25.6246,1.5908029233417795,24.6,17.1845,1.3707665822039417,5.521559142857143,-2.433163265306007,-0.019757098421952612,6.692377102040808,-0.06005306122449383,-0.02360000000000184,-0.01180292334177957,-0.08400000000000318,-0.14649999999999963
105.3,CLIMB,COOLING_DEGRADATION,1.0,6295.25,85.08,608.17,5.192,70.89,20.222,25.576,1.546,24.57,17.188,6283.946008958694,79.8462122857143,606.7672448979591,5.241784781386288,64.11638534693878,20.27837959183674,25.6246,1.5907946008958693,24.6,17.1845,11.30399104130629,5.233787714285697,1.4027551020408282,-0.049784781386287946,6.773614653061216,-0.056379591836737575,-0.04860000000000042,-0.044794600895869285,-0.030000000000001137,0.0034999999999989484
105.4,CLIMB,COOLING_DEGRADATION,1.0,6286.74,86.17,608.71,5.244,70.86,20.345,25.719,1.697,24.663,17.138,6283.416292924408,79.84633871428572,606.7383265306123,5.241546115799598,64.11087779591837,20.276506122448975,25.6244,1.5906616292924407,24.6,17.183,3.3237070755922105,6.32366128571428,1.9716734693877243,0.0024538842004018235,6.74912220408163,0.06849387755102399,0.0945999999999998,0.10633837070755936,0.06299999999999883,-0.04499999999999815
105.5,CLIMB,COOLING_DEGRADATION,1.0,6288.28,85.57,606.56,5.196,70.9,20.276,25.606,1.656,24.601,17.173,6282.854234790662,79.84452414285715,606.7374081632653,5.241328054285342,64.09943424489796,20.27503265306122,25.6242,1.5906054234790663,24.6,17.1815,5.425765209337442,5.72547585714284,-0.1774081632653406,-0.045328054285342034,6.800565755102042,0.0009673469387792011,-0.018199999999996663,0.06539457652093361,0.0009999999999976694,-0.008500000000001506
105.6,CLIMB,COOLING_DEGRADATION,1.0,6306.03,85.2,609.63,5.185,70.52,20.194,25.57,1.569,24.504,17.086,6282.324535442286,79.84465057142859,606.7084897959184,5.24108938231474,64.09392669387755,20.273159183673467,25.624,1.5904724535442285,24.6,17.18,23.70546455771364,5.355349428571415,2.921510204081642,-0.05608938231474081,6.426073306122447,-0.07915918367346819,-0.053999999999998494,-0.021472453544228554,-0.09600000000000009,-0.0940000000000012
105.7,CLIMB,COOLING_DEGRADATION,1.0,6283.76,85.43,605.91,5.175,70.3,20.178,25.664,1.486,24.585,17.317,6281.794842990172,79.844777,606.6795714285714,5.240850708067306,64.08841914285715,20.27128571428571,25.6238,1.590339484299017,24.6,17.1785,1.9651570098285447,5.585223000000013,-0.769571428571453,-0.06585070806730631,6.211580857142849,-0.09328571428570953,0.040200000000002234,-0.10433948429901707,-0.015000000000000568,0.1385000000000005
105.8,CLIMB,COOLING_DEGRADATION,1.0,6291.83,85.76,605.78,5.24,70.81,20.452,25.547,1.588,24.622,17.353,6281.1912201030855,79.84444814285715,606.680693877551,5.240611289094154,64.07695681632654,20.269975510204084,25.6236,1.5902791220103087,24.6,17.177,10.638779896914457,5.915551857142859,-0.9006938775510207,-0.0006112890941540883,6.733043183673459,0.1820244897959178,-0.07659999999999911,-0.002279122010308665,0.021999999999998465,0.17600000000000193
105.9,CLIMB,COOLING_DEGRADATION,1.0,6290.2,85.03,607.87,5.212,70.74,20.235,25.558,1.585,24.636,17.329,6281.140365739885,79.84416057142857,606.6567755102042,5.240618351942448,64.07165526530612,20.26990204081633,25.6236,1.5901940365739886,24.6,17.177,9.059634260114763,5.185839428571427,1.2132244897958344,-0.028618351942448328,6.668344734693875,-0.034902040816330526,-0.06559999999999988,-0.005194036573988647,0.03599999999999781,0.15200000000000102
106.0,CLIMB,COOLING_DEGRADATION,1.0,6290.0,85.71,609.41,5.268,71.06,20.157,25.641,1.721,24.56,17.184,6280.578359173485,79.84234599999999,606.6558571428573,5.240400268943807,64.06021171428571,20.268428571428572,25.6234,1.5901378359173486,24.6,17.1755,9.421640826514704,5.867654000000002,2.7541428571427105,0.027599731056192844,6.999788285714288,-0.1114285714285721,0.01759999999999806,0.1308621640826515,-0.0400000000000027,0.008500000000001506
106.1,CLIMB,COOLING_DEGRADATION,1.0,6280.34,86.4,607.02,5.298,70.76,20.239,25.623,1.5,24.603,17.03,6280.048699175511,79.84247242857143,606.6269387755103,5.240161583965209,64.05470416326531,20.26655510204082,25.6232,1.590004869917551,24.6,17.174,0.29130082448955363,6.5575275714285794,0.3930612244896565,0.057838416034790896,6.705295836734692,-0.027555102040818014,-0.00019999999999953388,-0.09000486991755108,0.0030000000000001137,-0.14399999999999835
106.2,CLIMB,COOLING_DEGRADATION,1.0,6286.34,85.92,608.71,5.228,70.99,20.217,25.673,1.679,24.595,17.066,6279.4867150836735,79.84325785714285,606.6260204081634,5.239908325417693,64.04886061224491,20.265081632653065,25.623,1.5899486715083675,24.6,17.1725,6.853284916326629,6.076742142857157,2.0839795918366235,-0.011908325417692822,6.941139387755086,-0.04808163265306575,0.04999999999999716,0.08905132849163255,-0.005000000000002558,-0.10650000000000048
106.3,CLIMB,COOLING_DEGRADATION,1.0,6285.26,85.51,606.73,5.231,70.82,20.267,25.604,1.593,24.512,17.275,6278.957071773454,79.84078428571429,606.5971020408164,5.239704799184345,64.03775306122449,20.263208163265304,25.6228,1.5898157071773455,24.6,17.171,6.302928226546101,5.669215714285713,0.13289795918365144,-0.008704799184345191,6.782246938775501,0.0037918367346954085,-0.01880000000000237,0.003184292822654422,-0.08800000000000097,0.1039999999999992
106.4,CLIMB,COOLING_DEGRADATION,1.0,6289.39,84.58,607.5,5.227,71.04,20.42,25.563,1.668,24.578,17.188,6278.395110156441,79.84156971428571,606.5961836734695,5.23945153632789,64.03190951020409,20.26173469387755,25.6226,1.5897595110156442,24.6,17.1695,10.994889843559577,4.738430285714287,0.9038163265305457,-0.01245153632789009,7.008090489795919,0.15826530612245193,-0.05959999999999965,0.07824048898435576,-0.022000000000002018,0.018499999999999517
106.5,CLIMB,COOLING_DEGRADATION,1.0,6288.96,86.12,608.2,5.192,70.97,20.277,25.632,1.523,24.533,17.097,6278.344271323053,79.83868214285714,606.5722653061225,5.239493748802502,64.02100795918368,20.261661224489796,25.6226,1.5896744271323056,24.6,17.1695,10.615728676946674,6.2813178571428665,1.6277346938775281,-0.04749374880250201,6.9489920408163215,0.015338775510205238,0.009400000000002962,-0.06667442713230565,-0.06700000000000017,-0.07249999999999801
106.6,CLIMB,COOLING_DEGRADATION,1.0,6289.22,85.68,608.29,5.26,70.74,20.274,25.673,1.597,24.602,17.247,6277.782325839021,79.83946757142857,606.5713469387755,5.239240481279385,64.01516440816326,20.26018775510204,25.6224,1.5896182325839021,24.6,17.168,11.43767416097944,5.840532428571436,1.7186530612244724,0.020759518720614878,6.724835591836737,0.013812244897959403,0.05059999999999931,0.007381767416097862,0.0019999999999988916,0.07900000000000063
106.7,CLIMB,COOLING_DEGRADATION,1.0,6298.16,85.42,606.06,5.246,70.92,20.176,25.59,1.542,24.705,16.967,6277.2527120288005,79.83699399999999,606.5424285714286,5.239036933489358,64.00405685714287,20.258314285714285,25.6222,1.58948527120288,24.6,17.1665,20.907287971199366,5.583006000000012,-0.4824285714286134,0.006963066510642157,6.915943142857131,-0.08231428571428623,-0.03219999999999956,-0.04748527120287993,0.10499999999999687,-0.19950000000000045
106.8,CLIMB,COOLING_DEGRADATION,1.0,6290.36,86.02,607.34,5.17,70.91,20.242,25.599,1.53,24.619,17.098,6276.649216300409,79.83926514285714,606.5435510204081,5.238762327909029,63.99819453061225,20.25700408163265,25.622,1.589424921630041,24.6,17.165,13.710783699591047,6.180734857142852,0.7964489795919008,-0.06876232790902925,6.911805469387744,-0.015004081632650212,-0.022999999999999687,-0.05942492163004087,0.01899999999999835,-0.06700000000000017
106.9,CLIMB,COOLING_DEGRADATION,1.0,6285.75,85.92,607.56,5.243,70.8,20.373,25.587,1.535,24.587,17.259,6276.119622136458,79.83939157142858,606.5146326530612,5.238523622413293,63.99268697959184,20.2551306122449,25.6218,1.5892919622136459,24.6,17.1635,9.63037786354198,6.0806084285714235,1.0453673469387468,0.004476377586707159,6.807313020408159,0.11786938775509981,-0.03480000000000061,-0.05429196221364596,-0.013000000000001677,0.09550000000000125
107.0,CLIMB,COOLING_DEGRADATION,1.0,6279.49,84.88,606.28,5.221,71.53,20.255,25.661,1.532,24.531,17.174,6275.590034870857,79.836918,606.4857142857143,5.238320057947856,63.98157942857143,20.253257142857144,25.6216,1.589159003487086,24.6,17.162,3.8999651291424016,5.043081999999998,-0.2057142857142935,-0.01732005794785607,7.548420571428572,0.0017428571428546036,0.039400000000000546,-0.05715900348708591,-0.06900000000000261,0.012000000000000455
107.1,CLIMB,COOLING_DEGRADATION,1.0,6281.19,84.89,607.04,5.281,70.86,20.286,25.68,1.545,24.532,17.189,6275.506901259755,79.83728942857142,606.4897959183673,5.238312537963493,63.975941877551016,20.25358367346939,25.6216,1.5891506901259755,24.6,17.162,5.683098740244532,5.052710571428577,0.5502040816326144,0.04268746203650675,6.884058122448984,0.03241632653061188,0.0583999999999989,-0.04415069012597561,-0.06800000000000139,0.027000000000001023
107.2,CLIMB,COOLING_DEGRADATION,1.0,6287.23,85.56,608.54,5.213,70.91,20.286,25.627,1.571,24.585,17.127,6274.977326806923,79.83481585714287,606.4608775510203,5.2381089644360745,63.96483432653062,20.251710204081633,25.6214,1.5890177326806922,24.6,17.1605,12.252673193076589,5.725184142857131,2.0791224489796605,-0.025108964436074466,6.945165673469376,0.03428979591836878,0.005599999999997607,-0.01801773268069229,-0.015000000000000568,-0.033500000000000085
107.3,CLIMB,COOLING_DEGRADATION,1.0,6281.51,85.44,605.15,5.231,70.81,20.111,25.631,1.607,24.661,17.115,6274.415455370123,79.83560128571429,606.4599591836734,5.237855683882936,63.95899077551021,20.25023673469388,25.6212,1.588961545537012,24.6,17.159,7.094544629877419,5.604398714285708,-1.3099591836734135,-0.006855683882935892,6.851009224489793,-0.13923673469387765,0.009799999999998477,0.018038454462987907,0.06099999999999994,-0.04400000000000048
107.4,CLIMB,COOLING_DEGRADATION,1.0,6284.69,85.45,608.11,5.219,70.75,20.251,25.577,1.552,24.616,17.165,6273.885897607837,79.83572771428572,606.4310408163266,5.237616964107519,63.953483224489794,20.24836326530612,25.621,1.5888285897607837,24.6,17.1575,10.80410239216235,5.614272285714279,1.6789591836734417,-0.018616964107518896,6.796516775510206,0.0026367346938798164,-0.04399999999999693,-0.036828589760783625,0.015999999999998238,0.007500000000000284
107.5,CLIMB,COOLING_DEGRADATION,1.0,6274.21,85.85,607.21,5.235,71.05,20.354,25.58,1.562,24.565,17.028,6273.324048647315,79.83391314285714,606.4301224489795,5.237398813012307,63.94203967346939,20.246889795918364,25.6208,1.5887724048647316,24.6,17.156,0.8859513526849696,6.016086857142852,0.7798775510204905,-0.002398813012306711,7.107960326530609,0.10711020408163563,-0.040800000000000836,-0.026772404864731536,-0.03500000000000014,-0.1280000000000001
107.6,CLIMB,COOLING_DEGRADATION,1.0,6277.22,84.9,606.96,5.187,71.5,20.113,25.656,1.466,24.582,17.059,6272.794507576099,79.83403957142858,606.4012040816326,5.237160086862977,63.93653212244899,20.24501632653061,25.6206,1.58863945075761,24.6,17.1545,4.4254924239012325,5.0659604285714295,0.5587959183674229,-0.05016008686297635,7.5634678775510125,-0.13201632653061068,0.03539999999999921,-0.12263945075761007,-0.018000000000000682,-0.0954999999999977
107.7,CLIMB,COOLING_DEGRADATION,1.0,6279.51,86.87,609.58,5.246,70.64,20.138,25.656,1.515,24.695,17.347,6272.711404392458,79.831811,606.4052857142857,5.237187690260278,63.92529457142858,20.245342857142855,25.6206,1.588631140439246,24.6,17.1545,6.798595607542666,7.038189000000003,3.1747142857143444,0.00881230973972258,6.7147054285714205,-0.10734285714285363,0.03539999999999921,-0.07363114043924601,0.09499999999999886,0.19250000000000256
107.8,CLIMB,COOLING_DEGRADATION,1.0,6291.72,84.55,606.93,5.185,70.95,20.256,25.577,1.63,24.605,17.199,6272.140327500604,79.83342314285714,606.3784081632652,5.236927633817033,63.919768244897966,20.243632653061223,25.6204,1.5884940327500603,24.6,17.153,19.57967249939611,4.716576857142854,0.5515918367347012,-0.05192763381703358,7.030231755102037,0.012367346938777501,-0.04339999999999833,0.0415059672499396,0.004999999999999005,0.04600000000000293
107.9,CLIMB,COOLING_DEGRADATION,1.0,6265.05,85.15,608.84,5.212,70.83,20.18,25.521,1.501,24.642,17.079,6271.578520322253,79.83160857142857,606.3774897959183,5.236709465367004,63.90832469387756,20.242159183673472,25.6202,1.588437852032225,24.6,17.1515,-6.528520322252916,5.318391428571431,2.4625102040816955,-0.024709465367004135,6.921675306122438,-0.062159183673472285,-0.09919999999999973,-0.0874378520322252,0.04199999999999804,-0.07249999999999801
108.0,CLIMB,COOLING_DEGRADATION,1.0,6282.99,85.59,608.9,5.15,70.4,20.401,25.646,1.625,24.615,17.265,6271.049011714286,79.83173500000001,606.3485714285715,5.236470728504813,63.902817142857145,20.24028571428572,25.62,1.5883049011714288,24.6,17.15,11.940988285713502,5.758264999999994,2.5514285714284597,-0.0864707285048123,6.49718285714286,0.16071428571428115,0.0259999999999998,0.03669509882857125,0.014999999999997016,0.11500000000000199
108.1,CLIMB,COOLING_DEGRADATION,1.0,6279.85,85.31,608.15,5.235,70.98,20.179,25.684,1.626,24.617,17.213,6270.5195100064,79.83186142857141,606.3196530612246,5.236231989371181,63.89730959183674,20.238412244897958,25.6198,1.58817195100064,24.6,17.1485,9.330489993600168,5.4781385714285875,1.8303469387753921,-0.0012319893711802976,7.082690408163266,-0.05941224489795971,0.06419999999999959,0.037828048999359876,0.01699999999999946,0.06450000000000244
108.2,CLIMB,COOLING_DEGRADATION,1.0,6275.83,85.95,607.09,5.181,70.72,20.053,25.629,1.525,24.532,17.022,6269.9577350976015,79.83004685714286,606.3187346938776,5.2360138064105834,63.88586604081633,20.2369387755102,25.6196,1.5881157735097602,24.6,17.147000000000002,5.872264902398456,6.119953142857142,0.7712653061224728,-0.0550138064105834,6.834133959183667,-0.18393877551019955,0.009400000000002962,-0.06311577350976028,-0.06800000000000139,-0.12500000000000355
108.3,CLIMB,COOLING_DEGRADATION,1.0,6279.05,85.85,607.64,5.22,70.54,20.261,25.74,1.652,24.609,17.059,6269.906942015901,79.82975928571429,606.2948163265306,5.236020831614757,63.88056448979592,20.236865306122446,25.6196,1.5880306942015903,24.6,17.147000000000002,9.14305798409896,6.0202407142857055,1.3451836734693643,-0.016020831614757647,6.659435510204084,0.02413469387755285,0.12040000000000006,0.06396930579840965,0.009000000000000341,-0.08800000000000097
108.4,CLIMB,COOLING_DEGRADATION,1.0,6285.32,84.9,607.93,5.184,70.66,20.415,25.662,1.532,24.593,17.222,6269.3451832421715,79.8279447142857,606.2938979591837,5.235802640565035,63.86912093877551,20.235391836734692,25.6194,1.5879745183242173,24.6,17.1455,15.974816757828194,5.072055285714299,1.6361020408162403,-0.05180264056503514,6.790879061224487,0.17960816326530704,0.04260000000000019,-0.05597451832421729,-0.0070000000000014495,0.0765000000000029
108.5,CLIMB,COOLING_DEGRADATION,1.0,6276.11,86.19,607.86,5.189,71.0,20.183,25.611,1.549,24.596,17.098,6268.815711042612,79.82807114285714,606.2649795918368,5.235563889435604,63.86361338775511,20.23351836734694,25.6192,1.5878415711042613,24.6,17.144,7.294288957387835,6.361928857142857,1.5950204081632364,-0.04656388943560419,7.136386612244891,-0.05051836734693893,-0.008199999999998653,-0.03884157110426134,-0.004000000000001336,-0.045999999999999375
108.6,CLIMB,COOLING_DEGRADATION,1.0,6264.86,85.6,607.94,5.194,71.17,20.22,25.583,1.582,24.607,17.096,6268.253974746613,79.82885657142856,606.2640612244899,5.235310585755469,63.8577698367347,20.23204489795918,25.619,1.5877853974746614,24.6,17.1425,-3.393974746612912,5.771143428571435,1.6759387755101898,-0.0413105857554692,7.312230163265305,-0.012044897959182066,-0.036000000000001364,-0.005785397474661336,0.006999999999997897,-0.04649999999999821
108.7,CLIMB,COOLING_DEGRADATION,1.0,6282.63,84.17,609.22,5.222,70.81,20.181,25.589,1.606,24.563,17.123,6267.724519240915,79.82638299999999,606.2351428571429,5.235106930479865,63.84666228571429,20.23017142857143,25.6188,1.5876524519240913,24.6,17.141,14.905480759085549,4.343617000000009,2.984857142857095,-0.013106930479864332,6.963337714285714,-0.0491714285714302,-0.029800000000001603,0.01834754807590877,-0.037000000000002586,-0.01799999999999713
108.8,CLIMB,COOLING_DEGRADATION,1.0,6266.65,85.4,605.94,5.223,70.9,20.328,25.648,1.607,24.597,17.362,6267.162805422907,79.82716842857141,606.2342244897959,5.234853622503467,63.840818734693876,20.228697959183673,25.6186,1.5875962805422907,24.6,17.139499999999998,-0.5128054229071495,5.572831571428594,-0.2942244897958517,-0.011853622503466887,7.05918126530613,0.0993020408163261,0.029399999999998983,0.019403719457709245,-0.0030000000000001137,0.22250000000000014
108.9,CLIMB,COOLING_DEGRADATION,1.0,6283.0,85.7,606.75,5.181,70.77,20.236,25.606,1.558,24.628,17.178,6267.070506506449,79.82576657142856,606.2123469387756,5.234874420026638,63.82989840816327,20.228787755102044,25.6186,1.5875070506506452,24.6,17.139499999999998,15.92949349355058,5.8742334285714435,0.5376530612244323,-0.05387442002663789,6.940101591836729,0.007212244897957021,-0.012599999999999056,-0.029507050650645184,0.027999999999998693,0.03850000000000264
109.0,CLIMB,COOLING_DEGRADATION,1.0,6268.48,85.81,607.96,5.206,70.36,20.181,25.638,1.618,24.584,17.122,6266.508811995429,79.82655199999999,606.2114285714285,5.234621108777784,63.82405485714286,20.227314285714286,25.6184,1.587450881199543,24.6,17.137999999999998,1.9711880045706494,5.98344800000001,1.7485714285714948,-0.028621108777783455,6.535945142857138,-0.046314285714284864,0.019600000000000506,0.030549118800457187,-0.01600000000000179,-0.015999999999998238
109.1,CLIMB,COOLING_DEGRADATION,1.0,6271.74,85.01,604.58,5.236,70.92,20.201,25.687,1.638,24.615,17.117,6265.979388958237,79.82407842857143,606.1825102040816,5.234417433026936,63.81294730612245,20.225440816326532,25.6182,1.5873179388958236,24.6,17.136499999999998,5.760611041762786,5.18592157142858,-1.6025102040815682,0.0015825669730640257,7.107052693877549,-0.024440816326531944,0.06879999999999953,0.05068206110417628,0.014999999999997016,-0.019499999999997186
109.2,CLIMB,COOLING_DEGRADATION,1.0,6277.77,85.52,607.68,5.215,70.97,20.169,25.6,1.611,24.657,17.278,6265.417716925714,79.82486385714286,606.1815918367347,5.23416411748398,63.80710375510204,20.223967346938775,25.618,1.5872617716925714,24.6,17.135,12.352283074286788,5.695136142857137,1.4984081632652533,-0.019164117483979837,7.162896244897958,-0.05496734693877414,-0.01799999999999713,0.023738228307428555,0.05699999999999861,0.14299999999999713
109.3,CLIMB,COOLING_DEGRADATION,1.0,6272.99,85.96,608.36,5.219,70.81,20.199,25.509,1.603,24.565,17.049,6264.888310583902,79.82499028571429,606.1526734693878,5.233925345883119,63.80159620408163,20.222093877551018,25.6178,1.5871288310583902,24.6,17.133499999999998,8.101689416097543,6.135009714285701,2.2073265306122494,-0.014925345883118446,7.008403795918369,-0.023093877551016107,-0.10879999999999868,0.01587116894160978,-0.03500000000000014,-0.08449999999999847
109.4,CLIMB,COOLING_DEGRADATION,1.0,6264.04,85.9,604.56,5.208,70.28,20.129,25.576,1.639,24.639,17.266,6264.35891114423,79.82251671428571,606.1237551020408,5.233721652423604,63.79048865306123,20.220220408163264,25.6176,1.586995891114423,24.6,17.131999999999998,-0.31891114422978717,6.077483285714294,-1.5637551020408864,-0.025721652423603913,6.4895113469387695,-0.09122040816326304,-0.04159999999999897,0.05200410888557694,0.038999999999997925,0.13400000000000034
109.5,CLIMB,COOLING_DEGRADATION,1.0,6279.21,84.91,605.24,5.218,71.61,20.104,25.721,1.625,24.569,17.055,6264.275898821486,79.82288814285714,606.1278367346938,5.233714115848031,63.784851102040825,20.22054693877551,25.6176,1.5869875898821486,24.6,17.131999999999998,14.934101178513629,5.087111857142858,-0.8878367346937921,-0.01571411584803073,7.825148897959174,-0.11654693877551026,0.1034000000000006,0.03801241011785139,-0.03100000000000236,-0.07699999999999818
109.6,CLIMB,COOLING_DEGRADATION,1.0,6270.49,84.65,608.99,5.194,70.5,20.275,25.584,1.618,24.625,17.194,6263.746512199445,79.82041457142857,606.098918367347,5.233510413338072,63.77374355102041,20.218673469387756,25.6174,1.5868546512199444,24.6,17.1305,6.743487800555158,4.829585428571434,2.8910816326530266,-0.03951041333807215,6.726256448979591,0.056326530612242465,-0.03340000000000032,0.031145348780055704,0.02499999999999858,0.06349999999999767
109.7,CLIMB,COOLING_DEGRADATION,1.0,6265.73,85.69,607.68,5.214,70.47,20.199,25.579,1.648,24.675,17.193,6263.184888576,79.8212,606.098,5.233257087717854,63.76790000000001,20.2172,25.6172,1.5867984888576,24.6,17.128999999999998,2.545111423999515,5.868799999999993,1.5819999999999936,-0.01925708771785395,6.702099999999987,-0.018199999999996663,-0.03819999999999979,0.0612015111423998,0.07499999999999929,0.06400000000000361
109.8,CLIMB,COOLING_DEGRADATION,1.0,6275.18,86.08,607.6,5.251,70.75,20.307,25.564,1.613,24.578,17.375,6262.655518650613,79.82132642857144,606.069081632653,5.233018301864387,63.76239244897958,20.215326530612245,25.617,1.5866655518650612,24.6,17.127499999999998,12.524481349387315,6.2586735714285595,1.5309183673469988,0.017981698135613122,6.987607551020417,0.09167346938775367,-0.053000000000000824,0.026334448134938793,-0.022000000000002018,0.24750000000000227
109.9,CLIMB,COOLING_DEGRADATION,1.0,6267.84,85.06,608.89,5.218,70.37,20.43,25.647,1.573,24.689,17.039,6262.093917506612,79.81951185714286,606.0681632653061,5.23280004282465,63.750948897959184,20.21385306122449,25.6168,1.5866093917506614,24.6,17.125999999999998,5.746082493387803,5.240488142857146,2.821836734693875,-0.01480004282464975,6.619051102040821,0.21614693877550906,0.030199999999997118,-0.013609391750661448,0.08899999999999864,-0.08699999999999619
110.0,CLIMB,COOLING_DEGRADATION,1.0,6270.36,85.47,606.85,5.184,71.06,20.049,25.551,1.678,24.546,16.997,6261.5230733328,79.821124,606.0412857142857,5.232539948282675,63.74542257142858,20.212142857142858,25.6166,1.58647230733328,24.6,17.1245,8.836926667199805,5.648876000000001,0.808714285714359,-0.048539948282674494,7.314577428571425,-0.1631428571428586,-0.06559999999999988,0.0915276926667199,-0.054000000000002046,-0.12750000000000128
110.1,CLIMB,COOLING_DEGRADATION,1.0,6274.08,85.65,609.76,5.222,70.74,20.185,25.607,1.53,24.554,17.02,6261.4400914416,79.81889542857144,606.0453673469387,5.232567471753987,63.73418502040816,20.2124693877551,25.6166,1.5864640091441602,24.6,17.1245,12.639908558399839,5.831104571428568,3.714632653061244,-0.010567471753986979,7.0058149795918325,-0.027469387755100882,-0.009599999999998943,-0.056464009144160165,-0.04600000000000293,-0.10450000000000159
110.2,CLIMB,COOLING_DEGRADATION,1.0,6264.97,85.08,609.75,5.176,70.83,20.316,25.561,1.472,24.482,17.029,6260.910753989976,79.81902185714287,606.0164489795918,5.232328675208537,63.72867746938776,20.210595918367346,25.6164,1.5863310753989976,24.6,17.122999999999998,4.059246010024253,5.260978142857127,3.7335510204081857,-0.056328675208536794,7.1013225306122365,0.10540408163265269,-0.055399999999998784,-0.11433107539899767,-0.1180000000000021,-0.09399999999999764
110.3,CLIMB,COOLING_DEGRADATION,1.0,6271.08,86.25,606.33,5.274,70.76,20.289,25.627,1.582,24.574,17.076,6260.349194634269,79.81720728571429,606.0155306122449,5.232110398842702,63.717233918367356,20.209122448979592,25.6162,1.586274919463427,24.6,17.1215,10.730805365730703,6.432792714285711,0.314469387755139,0.04188960115729845,7.042766081632649,0.0798775510204095,0.010799999999999699,-0.004274919463426841,-0.0259999999999998,-0.04550000000000054
110.4,CLIMB,COOLING_DEGRADATION,1.0,6270.12,85.61,605.03,5.174,70.85,20.188,25.589,1.569,24.579,16.898,6259.819873880816,79.81733371428574,605.986612244898,5.231871595937299,63.71172636734694,20.20724897959183,25.616,1.5861419873880818,24.6,17.119999999999997,10.300126119183915,5.792666285714262,-0.9566122448979968,-0.05787159593729818,7.138273632653053,-0.019248979591832693,-0.027000000000001023,-0.017141987388081814,-0.021000000000000796,-0.22199999999999775
110.5,CLIMB,COOLING_DEGRADATION,1.0,6271.68,85.89,609.7,5.182,71.04,20.151,25.57,1.592,24.637,17.129,6259.290560031233,79.81746014285714,605.957693877551,5.231632790765798,63.70621881632653,20.20537551020408,25.6158,1.5860090560031233,24.6,17.1185,12.389439968766965,6.072539857142857,3.7423061224490084,-0.04963279076579763,7.333781183673473,-0.054375510204081934,-0.04579999999999984,0.00599094399687683,0.036999999999999034,0.010500000000000398
110.6,CLIMB,COOLING_DEGRADATION,1.0,6260.49,85.73,609.07,5.227,70.71,20.14,25.565,1.611,24.653,17.022,6258.729032950563,79.81564557142858,605.9567755102041,5.231414499911093,63.69477526530612,20.203902040816324,25.6156,1.5859529032950563,24.6,17.116999999999997,1.7609670494366583,5.9143544285714285,3.1132244897959254,-0.004414499911092662,7.015224734693874,-0.06390204081632334,-0.05059999999999931,0.02504709670494365,0.05299999999999727,-0.09499999999999886
110.7,CLIMB,COOLING_DEGRADATION,1.0,6269.71,86.41,609.87,5.213,71.15,20.204,25.532,1.623,24.632,17.057,6258.6783012000005,79.815358,605.9328571428572,5.2314214875455525,63.68947371428572,20.20382857142857,25.6156,1.5858678301200002,24.6,17.116999999999997,11.031698799999504,6.594641999999993,3.937142857142817,-0.018421487545552395,7.4605262857142876,0.00017142857143070955,-0.08360000000000056,0.03713216987999979,0.03200000000000003,-0.05999999999999872
110.8,CLIMB,COOLING_DEGRADATION,1.0,6273.3,85.21,605.73,5.198,70.26,20.244,25.637,1.582,24.555,17.082,6258.116790257142,79.81354342857142,605.9319387755102,5.231203188613911,63.678030163265305,20.202355102040816,25.6154,1.5858116790257142,24.6,17.115499999999997,15.183209742857798,5.396456571428573,-0.2019387755101434,-0.033203188613910584,6.5819698367347,0.041644897959184135,0.021599999999999397,-0.0038116790257141098,-0.045000000000001705,-0.03349999999999653
110.9,CLIMB,COOLING_DEGRADATION,1.0,6268.74,84.73,604.82,5.162,70.72,20.158,25.529,1.624,24.53,17.108,6257.587505926857,79.81366985714286,605.9030204081632,5.230964371468348,63.672522612244904,20.20048163265306,25.6152,1.585678750592686,24.6,17.114,11.152494073142407,4.916330142857149,-1.0830204081631791,-0.06896437146834788,7.0474773877550945,-0.04248163265305749,-0.08620000000000161,0.038321249407314184,-0.07000000000000028,-0.006000000000000227
111.0,CLIMB,COOLING_DEGRADATION,1.0,6264.21,85.69,605.06,5.2,70.66,20.193,25.634,1.591,24.527,17.057,6257.026017464898,79.81445528571427,605.9021020408163,5.230711022797972,63.6666790612245,20.199008163265308,25.615,1.5856226017464898,24.6,17.1125,7.183982535101677,5.875544714285724,-0.8421020408163713,-0.030711022797971665,6.993320938775497,-0.006008163265306621,0.019000000000001904,0.005377398253510135,-0.0730000000000004,-0.0555000000000021
111.1,CLIMB,COOLING_DEGRADATION,1.0,6270.95,85.22,608.5,5.237,70.87,20.108,25.695,1.575,24.686,17.155,6256.4967498345795,79.81198171428572,605.8731836734694,5.230507238641602,63.65557151020408,20.197134693877548,25.6148,1.5854896749834582,24.6,17.110999999999997,14.453250165420286,5.408018285714277,2.6268163265306157,0.006492761358398269,7.214428489795921,-0.08913469387754702,0.08020000000000138,-0.010489674983458208,0.08599999999999852,0.044000000000004036
111.2,CLIMB,COOLING_DEGRADATION,1.0,6267.49,85.15,607.75,5.241,70.22,20.159,25.557,1.588,24.601,17.05,6255.893823341192,79.81425285714285,605.874306122449,5.230232594998285,63.64970918367347,20.195824489795914,25.6146,1.5854293823341192,24.6,17.1095,11.596176658807963,5.335747142857159,1.8756938775510434,0.010767405001714359,6.570290816326526,-0.03682448979591513,-0.05760000000000076,0.0025706176658808477,0.0009999999999976694,-0.059499999999999886
111.3,CLIMB,COOLING_DEGRADATION,1.0,6275.91,86.28,608.08,5.228,70.93,19.937,25.565,1.635,24.535,17.163,6255.843106931168,79.81136528571427,605.850387755102,5.230274605958026,63.63880763265306,20.19575102040816,25.6146,1.5853443106931169,24.6,17.1095,20.066893068831632,6.468634714285727,2.2296122448980213,-0.002274605958025866,7.2911923673469445,-0.2587510204081589,-0.04959999999999809,0.04965568930688313,-0.06500000000000128,0.05349999999999966
111.4,CLIMB,COOLING_DEGRADATION,1.0,6265.91,85.49,602.25,5.191,70.56,20.077,25.595,1.56,24.585,17.009,6255.281660260311,79.81215071428572,605.8494693877551,5.230021249743141,63.63296408163266,20.19427755102041,25.6144,1.5852881660260312,24.6,17.108,10.628339739689181,5.677849285714274,-3.599469387755107,-0.03902124974314081,6.927035918367345,-0.1172775510204076,-0.019400000000000972,-0.025288166026031123,-0.015000000000000568,-0.0990000000000002
111.5,CLIMB,COOLING_DEGRADATION,1.0,6264.37,86.09,607.24,5.221,70.29,20.209,25.723,1.566,24.671,16.953,6254.752425110008,79.80967714285715,605.8205510204082,5.229817445138956,63.62185653061225,20.192404081632652,25.6142,1.585155242511001,24.6,17.106499999999997,9.617574889992284,6.280322857142849,1.4194489795918344,-0.008817445138955549,6.668143469387758,0.016595918367347195,0.10879999999999868,-0.01915524251100087,0.07099999999999795,-0.15349999999999753
111.6,CLIMB,COOLING_DEGRADATION,1.0,6262.15,85.06,606.28,5.222,70.47,20.052,25.624,1.558,24.598,17.233,6254.191000920816,79.81046257142857,605.8196326530613,5.229564084642648,63.61601297959184,20.1909306122449,25.614,1.5850991000920818,24.6,17.105,7.958999079183741,5.249537428571429,0.4603673469387104,-0.007564084642647906,6.853987020408162,-0.1389306122449021,0.00999999999999801,-0.027099100092081718,-0.0020000000000024443,0.1280000000000001
111.7,CLIMB,COOLING_DEGRADATION,1.0,6263.16,86.83,608.12,5.195,70.46,20.296,25.623,1.616,24.69,16.982,6253.661782472001,79.81058900000001,605.7907142857143,5.229325247071375,63.61050542857143,20.189057142857145,25.6138,1.5849661782472002,24.6,17.103499999999997,9.498217527999259,7.019410999999991,2.3292857142856747,-0.034325247071374854,6.849494571428565,0.10694285714285456,0.009199999999999875,0.031033821752799895,0.08999999999999986,-0.1214999999999975
111.8,CLIMB,COOLING_DEGRADATION,1.0,6269.06,85.81,606.52,5.248,70.86,20.197,25.535,1.679,24.564,17.211,6253.13257092911,79.80811542857143,605.7617959183674,5.22912142477929,63.59939787755103,20.187183673469388,25.6136,1.5848332570929111,24.6,17.102,15.927429070889957,6.001884571428576,0.7582040816325843,0.018878575220710125,7.260602122448972,0.009816326530611263,-0.07860000000000156,0.09416674290708893,-0.036000000000001364,0.10899999999999821
111.9,CLIMB,COOLING_DEGRADATION,1.0,6256.25,86.14,606.42,5.218,70.8,20.166,25.604,1.549,24.718,17.251,6253.049679911707,79.80848685714285,605.7658775510205,5.229113871694596,63.593760326530614,20.187510204081633,25.6136,1.5848249679911706,24.6,17.102,3.200320088292756,6.331513142857148,0.6541224489794786,-0.011113871694596433,7.206239673469383,-0.021510204081632622,-0.009600000000002495,-0.03582496799117063,0.11799999999999855,0.1490000000000009
112.0,CLIMB,COOLING_DEGRADATION,1.0,6266.37,86.05,604.64,5.163,70.56,20.13,25.628,1.518,24.629,16.999,6252.5204811913145,79.8060132857143,605.7369591836734,5.228910040363608,63.58265277551021,20.18563673469388,25.6134,1.5846920481191316,24.6,17.1005,13.849518808685389,6.243986714285697,-1.096959183673448,-0.06591004036360815,6.97734722448979,-0.05563673469388064,0.0146000000000015,-0.06669204811913154,0.028999999999999915,-0.10150000000000148
112.1,CLIMB,COOLING_DEGRADATION,1.0,6266.3,84.59,604.18,5.231,70.46,20.118,25.678,1.552,24.598,17.154,6251.959105419429,79.80679871428572,605.7360408163265,5.228656669818706,63.5768092244898,20.184163265306122,25.6132,1.584635910541943,24.6,17.099,14.34089458057133,4.783201285714284,-1.556040816326572,0.0023433301812936236,6.883190775510194,-0.06616326530612326,0.06480000000000175,-0.032635910541942925,-0.0020000000000024443,0.054999999999999716
112.2,CLIMB,COOLING_DEGRADATION,1.0,6263.32,86.53,608.9,5.236,70.86,20.034,25.587,1.55,24.553,17.044,6251.429923401796,79.80692514285715,605.7071224489797,5.228417818021913,63.571301673469385,20.182289795918372,25.613,1.5845029923401797,24.6,17.097500000000004,11.89007659820345,6.723074857142848,3.192877551020274,0.0075821819780870214,7.288698326530614,-0.1482897959183731,-0.0259999999999998,-0.03450299234017962,-0.0470000000000006,-0.05350000000000321
112.3,CLIMB,COOLING_DEGRADATION,1.0,6255.02,85.4,608.05,5.196,70.14,20.25,25.639,1.551,24.754,17.116,6250.868570112522,79.80511057142857,605.7062040816328,5.2281994512068355,63.55985812244897,20.180816326530614,25.6128,1.5844468570112522,24.6,17.096,4.151429887478116,5.594889428571435,2.3437959183671637,-0.03219945120683576,6.5801418775510285,0.06918367346938581,0.026199999999999335,-0.03344685701125227,0.15399999999999991,0.019999999999999574
112.4,CLIMB,COOLING_DEGRADATION,1.0,6259.65,85.58,605.01,5.218,70.22,19.957,25.63,1.529,24.613,16.907,6250.339404798171,79.805237,605.6772857142859,5.227960593059981,63.55435057142857,20.178942857142854,25.6126,1.584313940479817,24.6,17.094499999999996,9.310595201828619,5.774762999999993,-0.6672857142858675,-0.009960593059981093,6.665649428571427,-0.221942857142853,0.017399999999998528,-0.05531394047981708,0.012999999999998124,-0.18749999999999645
112.5,CLIMB,COOLING_DEGRADATION,1.0,6263.09,85.15,607.35,5.168,70.16,20.251,25.61,1.521,24.569,17.188,6250.256544216392,79.80300842857143,605.6813673469388,5.227988037649819,63.54311302040817,20.1792693877551,25.6126,1.5843056544216392,24.6,17.094499999999996,12.83345578360786,5.346991571428575,1.668632653061195,-0.05998803764981897,6.6168869795918255,0.0717306122449024,-0.002600000000001046,-0.06330565442163927,-0.03100000000000236,0.09350000000000236
112.6,CLIMB,COOLING_DEGRADATION,1.0,6255.48,85.58,607.2,5.234,70.97,20.284,25.589,1.544,24.606,17.293,6249.685964393143,79.80462057142857,605.6544897959184,5.2277278955758835,63.53758669387755,20.17755918367347,25.6124,1.5841685964393144,24.6,17.093,5.794035606856596,5.775379428571426,1.5455102040816655,0.00627210442411652,7.432413306122449,0.10644081632652913,-0.023400000000002308,-0.040168596439314364,0.006000000000000227,0.1999999999999993
112.7,CLIMB,COOLING_DEGRADATION,1.0,6260.27,85.6,607.19,5.226,70.37,20.12,25.533,1.554,24.584,16.959,6249.1246528982865,79.80280599999999,605.6535714285714,5.227509511463433,63.52614314285715,20.176085714285712,25.6122,1.5841124652898286,24.6,17.0915,11.145347101713924,5.797194000000005,1.5364285714287007,-0.001509511463432922,6.843856857142853,-0.056085714285710964,-0.07920000000000016,-0.030112465289828583,-0.01600000000000179,-0.13250000000000028
112.8,CLIMB,COOLING_DEGRADATION,1.0,6260.46,86.47,606.32,5.206,70.46,20.463,25.645,1.568,24.641,16.923,6248.595520070205,79.80293242857142,605.6246530612244,5.227270642649556,63.52063559183674,20.17421224489796,25.612,1.5839795520070203,24.6,17.09,11.86447992979538,6.667067571428575,0.6953469387756286,-0.02127064264955525,6.939364408163257,0.28878775510204235,0.03300000000000125,-0.01597955200702028,0.04099999999999682,-0.1670000000000016
112.9,CLIMB,COOLING_DEGRADATION,1.0,6256.64,86.15,604.8,5.177,71.31,20.293,25.612,1.561,24.649,16.796,6248.06639414978,79.80305885714284,605.5957346938775,5.227031771574927,63.51512804081633,20.172338775510205,25.6118,1.5838466394149777,24.6,17.088500000000003,8.573605850220702,6.346941142857162,-0.7957346938775345,-0.05003177157492722,7.7948719591836735,0.120661224489794,0.00019999999999953388,-0.022846639414977776,0.04899999999999949,-0.292500000000004
113.0,CLIMB,COOLING_DEGRADATION,1.0,6259.77,86.03,607.02,5.174,70.76,20.266,25.65,1.612,24.58,17.01,6247.505114935446,79.80124428571429,605.5948163265306,5.226813372995311,63.50368448979592,20.170865306122447,25.6116,1.5837905114935444,24.6,17.087,12.264885064554619,6.228755714285711,1.4251836734694052,-0.05281337299531064,7.256315510204082,0.0951346938775508,0.038399999999999324,0.02820948850645566,-0.020000000000003126,-0.07699999999999818
113.1,CLIMB,COOLING_DEGRADATION,1.0,6253.25,85.54,606.06,5.262,70.53,20.207,25.553,1.541,24.639,17.153,6247.45444456565,79.80095671428572,605.5708979591836,5.226820323134492,63.49838293877551,20.17079183673469,25.6116,1.5837054444565652,24.6,17.087,5.795555434349808,5.739043285714288,0.4891020408163058,0.035179676865507936,7.031617061224495,0.036208163265310844,-0.05859999999999843,-0.04270544445656532,0.038999999999997925,0.06599999999999895
113.2,CLIMB,COOLING_DEGRADATION,1.0,6249.8,86.08,607.96,5.174,69.77,20.041,25.617,1.477,24.579,17.245,6246.89318149187,79.79914214285714,605.5699795918367,5.226601916490129,63.48693938775511,20.16931836734694,25.6114,1.583649318149187,24.6,17.0855,2.9068185081305273,6.280857857142863,2.390020408163309,-0.05260191649012835,6.283060612244888,-0.1283183673469388,0.00560000000000116,-0.10664931814918699,-0.021000000000000796,0.1595000000000013
113.3,CLIMB,COOLING_DEGRADATION,1.0,6245.14,85.81,606.77,5.261,70.65,20.192,25.585,1.551,24.52,17.147,6246.364085101714,79.79926857142857,605.5410612244897,5.226363033463182,63.4814318367347,20.167444897959182,25.6112,1.5835164085101714,24.6,17.084,-1.2240851017140812,6.010731428571432,1.2289387755103007,0.03463696653681847,7.168568163265306,0.0245551020408179,-0.026199999999999335,-0.03251640851017146,-0.08000000000000185,0.06299999999999883
113.4,CLIMB,COOLING_DEGRADATION,1.0,6249.55,86.27,609.17,5.258,70.04,20.091,25.668,1.67,24.656,17.206,6245.802844512,79.80005399999999,605.5401428571428,5.226109639944974,63.47558828571429,20.16597142857143,25.611,1.5834602844512,24.6,17.0825,3.747155488000317,6.469946000000007,3.6298571428571904,0.031890360055026434,6.564411714285718,-0.07497142857143047,0.05699999999999861,0.08653971554879991,0.055999999999997385,0.12349999999999994
113.5,CLIMB,COOLING_DEGRADATION,1.0,6269.25,86.08,607.21,5.181,70.5,20.236,25.616,1.635,24.564,17.105,6245.273764827919,79.79758042857142,605.511224489796,5.2259057270693825,63.46448073469388,20.164097959183678,25.6108,1.583327376482792,24.6,17.081000000000003,23.976235172081033,6.282419571428576,1.6987755102040865,-0.04490572706938245,7.035519265306121,0.07190204081632245,0.005199999999998539,0.05167262351720803,-0.036000000000001364,0.023999999999997357
113.6,CLIMB,COOLING_DEGRADATION,1.0,6254.72,85.63,605.23,5.256,70.5,20.246,25.557,1.619,24.634,17.027,6244.7125467225305,79.79836585714285,605.510306122449,5.225652329280269,63.458637183673474,20.16262448979592,25.6106,1.5832712546722532,24.6,17.0795,10.007453277469722,5.8316341428571405,-0.2803061224490193,0.030347670719731212,7.041362816326526,0.0833755102040783,-0.05360000000000298,0.035728745327746836,0.03399999999999892,-0.05249999999999844
113.7,CLIMB,COOLING_DEGRADATION,1.0,6248.57,85.53,607.18,5.204,69.82,20.213,25.601,1.638,24.548,16.958,6244.661891918792,79.79547828571428,605.4863877551021,5.2256942404791324,63.44773563265307,20.162551020408166,25.6106,1.5831861891918793,24.6,17.0795,3.9081080812075015,5.734521714285719,1.6936122448978495,-0.02169424047913271,6.372264367346922,0.050448979591834586,-0.009600000000002495,0.054813810808120644,-0.052000000000003155,-0.12150000000000105
113.8,CLIMB,COOLING_DEGRADATION,1.0,6253.73,85.58,606.58,5.209,70.59,20.25,25.655,1.595,24.606,17.169,6244.100689954613,79.7962637142857,605.4854693877551,5.225440838054727,63.44189208163266,20.161077551020412,25.6104,1.5831300689954613,24.6,17.078,9.629310045386774,5.783736285714298,1.0945306122449665,-0.01644083805472718,7.148107918367344,0.0889224489795879,0.04460000000000264,0.011869931004538703,0.006000000000000227,0.09100000000000108
113.9,CLIMB,COOLING_DEGRADATION,1.0,6256.7,85.34,604.69,5.257,70.82,20.069,25.698,1.631,24.679,17.141,6243.571639803446,79.79379014285715,605.4565510204081,5.225236903700185,63.43078453061225,20.15920408163265,25.6102,1.5829971639803446,24.6,17.076500000000003,13.12836019655424,5.5462098571428555,-0.7665510204080874,0.031763096299815,7.389215469387743,-0.09020408163265259,0.08780000000000143,0.04800283601965538,0.07899999999999707,0.06449999999999534
114.0,CLIMB,COOLING_DEGRADATION,1.0,6245.59,86.57,605.59,5.239,70.31,19.955,25.627,1.562,24.575,17.027,6242.9690695591835,79.79606128571429,605.4576734693877,5.224962232785048,63.42492220408164,20.15789387755102,25.61,1.5829369069559185,24.6,17.075000000000003,2.6209304408166645,6.7739387142857055,0.13232653061231758,0.01403776721495209,6.885077795918363,-0.2028938775510234,0.01699999999999946,-0.020936906955918433,-0.02500000000000213,-0.04800000000000182
114.1,CLIMB,COOLING_DEGRADATION,1.0,6261.88,85.29,605.96,5.195,70.7,20.107,25.52,1.571,24.629,17.187,6242.44003907422,79.79618771428572,605.4287551020408,5.2247233293781274,63.419414653061224,20.156020408163265,25.6098,1.582804003907422,24.6,17.0735,19.439960925779815,5.493812285714284,0.5312448979592546,-0.02972332937812716,7.2805853469387785,-0.04902040816326547,-0.08980000000000032,-0.01180400390742209,0.028999999999999915,0.11350000000000193
114.2,CLIMB,COOLING_DEGRADATION,1.0,6249.46,85.74,605.18,5.204,70.57,20.071,25.649,1.604,24.681,17.288,6241.911015498972,79.79371414285714,605.399836734694,5.224519378415033,63.40830710204082,20.154146938775515,25.6096,1.582671101549897,24.6,17.072000000000003,7.548984501027917,5.946285857142854,-0.2198367346940131,-0.020519378415033707,7.1616928979591705,-0.08314693877551349,0.039400000000000546,0.021328898450102995,0.08099999999999952,0.21599999999999753
114.3,CLIMB,COOLING_DEGRADATION,1.0,6254.19,85.67,607.02,5.185,71.18,20.143,25.587,1.557,24.66,17.093,6241.828245803886,79.79408557142857,605.403918367347,5.2245118089033245,63.40266955102041,20.15447346938776,25.6096,1.5826628245803886,24.6,17.072000000000003,12.361754196113907,5.875914428571434,1.6160816326529357,-0.03951180890332484,7.777330448979598,-0.011473469387759394,-0.02260000000000062,-0.02566282458038871,0.05999999999999872,0.020999999999997243
114.4,CLIMB,COOLING_DEGRADATION,1.0,6251.26,85.36,607.93,5.202,70.97,19.98,25.588,1.549,24.616,17.019,6241.299235056001,79.79161200000001,605.3750000000001,5.224307848912876,63.391562,20.152600000000003,25.6094,1.5825299235056,24.6,17.0705,9.960764943999493,5.568387999999985,2.5549999999998363,-0.022307848912875627,7.5784379999999985,-0.17260000000000275,-0.021399999999999864,-0.033529923505600134,0.015999999999998238,-0.05150000000000077
114.5,CLIMB,COOLING_DEGRADATION,1.0,6238.41,85.39,605.63,5.173,70.88,20.125,25.655,1.588,24.561,17.116,6240.738107173878,79.79239742857143,605.3740816326531,5.224054433585708,63.3857184489796,20.151126530612245,25.6092,1.582473810717388,24.6,17.069,-2.3281071738783794,5.597602571428567,0.25591836734690787,-0.05105443358570838,7.494281551020393,-0.026126530612245347,0.04579999999999984,0.005526189282612171,-0.03900000000000148,0.0470000000000006
114.6,CLIMB,COOLING_DEGRADATION,1.0,6247.49,85.95,606.87,5.237,70.59,20.036,25.615,1.562,24.657,17.076,6240.209113134857,79.79252385714287,605.3451632653062,5.2238155159803625,63.38021089795919,20.149253061224492,25.609,1.5823409113134859,24.6,17.0675,7.280886865142747,6.157476142857135,1.5248367346938494,0.013184484019637566,7.209789102040816,-0.11325306122449064,0.005999999999996675,-0.02034091131348581,0.05699999999999861,0.008500000000001506
114.7,CLIMB,COOLING_DEGRADATION,1.0,6247.57,85.03,606.83,5.186,70.19,20.149,25.632,1.697,24.675,17.112,6239.648007738514,79.7907092857143,605.3442448979592,5.223597041559167,63.36876734693878,20.147779591836734,25.6088,1.5822848007738515,24.6,17.066000000000003,7.921992261485684,5.239290714285701,1.4857551020407982,-0.037597041559166655,6.821232653061216,0.0012204081632667396,0.023200000000002774,0.11471519922614859,0.07499999999999929,0.04599999999999582
114.8,CLIMB,COOLING_DEGRADATION,1.0,6245.54,85.79,606.11,5.197,70.9,20.052,25.544,1.565,24.6,16.972,6239.119030408881,79.79083571428572,605.3153265306123,5.223358117615695,63.36325979591837,20.145906122448977,25.6086,1.5821519030408882,24.6,17.064500000000002,6.420969591118592,5.999164285714286,0.7946734693877033,-0.026358117615695065,7.536740204081639,-0.09390612244897767,-0.06459999999999866,-0.017151903040888206,0.0,-0.09250000000000114
114.9,CLIMB,COOLING_DEGRADATION,1.0,6243.45,85.87,606.14,5.189,70.5,20.075,25.599,1.601,24.63,17.009,6239.036291153501,79.78860714285716,605.3194081632654,5.223385482965149,63.35202224489797,20.146232653061222,25.6086,1.5821436291153501,24.6,17.064500000000002,4.413708846498594,6.081392857142845,0.820591836734593,-0.034385482965149095,7.147977755102033,-0.07123265306122306,-0.009599999999998943,0.018856370884649865,0.029999999999997584,-0.0555000000000021
115.0,CLIMB,COOLING_DEGRADATION,1.0,6242.69,85.57,605.33,5.218,70.33,20.231,25.666,1.578,24.536,17.137,6238.507326652409,79.78873357142858,605.2904897959183,5.2231465534227475,63.34651469387756,20.14435918367347,25.6084,1.5820107326652408,24.6,17.063000000000002,4.182673347590935,5.7812664285714135,0.0395102040816937,-0.005146553422747502,6.983485306122439,0.08664081632653264,0.05760000000000076,-0.004010732665240768,-0.06400000000000006,0.07399999999999807
115.1,CLIMB,COOLING_DEGRADATION,1.0,6243.43,86.58,605.98,5.189,70.43,20.126,25.574,1.515,24.65,17.06,6237.9462598848,79.786919,605.2895714285714,5.222928060578061,63.335071142857146,20.14288571428571,25.6082,1.5819546259884802,24.6,17.0615,5.4837401151999075,6.793081000000001,0.6904285714285834,-0.03392806057806119,7.094928857142861,-0.016885714285709952,-0.034199999999998454,-0.06695462598848034,0.04999999999999716,-0.0015000000000000568
115.2,CLIMB,COOLING_DEGRADATION,1.0,6246.4,85.23,603.99,5.186,70.63,20.157,25.664,1.549,24.591,17.29,6237.41731209404,79.78704542857143,605.2606530612245,5.2226891246994605,63.32956359183674,20.141012244897958,25.608,1.581821731209404,24.6,17.060000000000002,8.98268790595921,5.442954571428572,-1.2706530612244933,-0.03668912469946051,7.300436408163257,0.0159877551020422,0.05600000000000094,-0.032821731209404126,-0.009000000000000341,0.22999999999999687
115.3,CLIMB,COOLING_DEGRADATION,1.0,6247.78,85.78,606.41,5.152,70.36,20.082,25.649,1.602,24.57,17.198,6236.888371214694,79.78717185714285,605.2317346938776,5.222450186565408,63.32405604081633,20.139138775510204,25.6078,1.5816888371214695,24.6,17.058500000000002,10.891628785305329,5.9928281428571495,1.1782653061223982,-0.07045018656540769,7.035943959183669,-0.05713877551020374,0.0411999999999999,0.02031116287853063,-0.030000000000001137,0.13949999999999818
115.4,CLIMB,COOLING_DEGRADATION,1.0,6253.43,85.48,608.09,5.221,70.13,20.11,25.65,1.589,24.608,16.997,6236.327336733061,79.78535728571428,605.2308163265307,5.222231679275074,63.312612489795924,20.137665306122447,25.6076,1.5816327336733063,24.6,17.057,17.10266326693909,5.69464271428572,2.8591836734693743,-0.0012316792750741712,6.817387510204071,-0.02766530612244722,0.04239999999999711,0.007367266326693711,0.007999999999999119,-0.05999999999999872
115.5,CLIMB,COOLING_DEGRADATION,1.0,6256.06,86.59,606.65,5.132,70.26,20.162,25.698,1.465,24.544,17.028,6236.276728006531,79.78506971428571,605.2068979591836,5.222238592323629,63.30731093877551,20.137591836734693,25.6076,1.5815476728006532,24.6,17.057,19.783271993469498,6.804930285714292,1.4431020408163704,-0.09023859232362952,6.952689061224497,0.02440816326530637,0.09039999999999893,-0.11654767280065315,-0.05600000000000094,-0.028999999999999915
115.6,CLIMB,COOLING_DEGRADATION,1.0,6246.5,85.76,607.24,5.175,70.73,20.109,25.607,1.596,24.557,16.892,6235.6743582198205,79.78474085714285,605.2080204081632,5.221998827594357,63.295848612244896,20.136281632653063,25.6074,1.5814874358219821,24.6,17.055500000000002,10.825641780179467,5.975259142857155,2.03197959183683,-0.04699882759435692,7.434151387755108,-0.02728163265306094,-0.00039999999999906777,0.01451256417801794,-0.043000000000002814,-0.16350000000000264
115.7,CLIMB,COOLING_DEGRADATION,1.0,6243.16,86.97,608.74,5.154,70.18,20.033,25.542,1.507,24.521,17.003,6235.145449840654,79.78486728571428,605.1791020408162,5.221759878820823,63.290341061224495,20.134408163265306,25.6072,1.5813545449840656,24.6,17.054000000000002,8.014550159346072,7.185132714285714,3.5608979591837624,-0.0677598788208229,6.889658938775511,-0.10140816326530455,-0.06519999999999726,-0.07435454498406568,-0.07900000000000063,-0.05100000000000193
115.8,CLIMB,COOLING_DEGRADATION,1.0,6247.52,86.71,606.97,5.205,70.97,20.268,25.601,1.504,24.554,16.952,6234.584457161389,79.78565271428572,605.1781836734692,5.221506440597219,63.284497510204076,20.13293469387755,25.607,1.581298445716139,24.6,17.052500000000002,12.935542838611582,6.924347285714276,1.7918163265308067,-0.01650644059721884,7.6855024897959225,0.13506530612244916,-0.006000000000000227,-0.07729844571613897,-0.04600000000000293,-0.10050000000000026
115.9,CLIMB,COOLING_DEGRADATION,1.0,6246.99,86.39,607.57,5.281,70.3,19.947,25.579,1.485,24.622,16.98,6234.0555654944,79.78317914285715,605.1492653061224,5.2213023991640055,63.273389959183675,20.131061224489795,25.6068,1.5811655565494402,24.6,17.051000000000002,12.934434505599711,6.60682085714285,2.420734693877648,0.05969760083599418,7.026610040816323,-0.18406122448979545,-0.02779999999999916,-0.09616555654944015,0.021999999999998465,-0.0710000000000015
116.0,CLIMB,COOLING_DEGRADATION,1.0,6251.79,85.9,608.12,5.201,70.47,20.125,25.62,1.659,24.605,17.041,6233.494595302629,79.78396457142858,605.1483469387755,5.22104895668218,63.26754640816327,20.129587755102044,25.6066,1.5811094595302628,24.6,17.049500000000002,18.29540469737094,6.116035428571422,2.971653061224515,-0.020048956682180652,7.202453591836729,-0.0045877551020439,0.013400000000000745,0.0778905404697372,0.004999999999999005,-0.008500000000001506
116.1,CLIMB,COOLING_DEGRADATION,1.0,6244.19,86.48,605.7,5.225,70.49,20.082,25.602,1.506,24.546,16.926,6233.444001941371,79.78107700000001,605.1244285714286,5.221090767658303,63.25664485714286,20.129514285714286,25.6066,1.5810244001941374,24.6,17.049500000000002,10.745998058628174,6.6989229999999935,0.575571428571493,0.003909232341696267,7.233355142857135,-0.04751428571428562,-0.0045999999999999375,-0.07502440019413736,-0.054000000000002046,-0.1235000000000035
116.2,CLIMB,COOLING_DEGRADATION,1.0,6241.32,86.29,604.18,5.207,70.7,20.277,25.608,1.561,24.563,17.118,6232.8830478935515,79.78186242857143,605.1235102040816,5.220837320551646,63.250801306122455,20.12804081632653,25.6064,1.5809683047893552,24.6,17.048,8.436952106448189,6.508137571428577,-0.9435102040816901,-0.013837320551646215,7.449198693877548,0.1489591836734725,0.0015999999999998238,-0.019968304789355296,-0.037000000000002586,0.07000000000000028
116.3,CLIMB,COOLING_DEGRADATION,1.0,6241.69,86.1,607.07,5.218,70.21,20.051,25.577,1.62,24.564,17.169,6232.3541857704495,79.77938885714286,605.0945918367347,5.220633257665408,63.239693755102046,20.126167346938775,25.6062,1.580835418577045,24.6,17.0465,9.335814229550124,6.320611142857132,1.9754081632653424,-0.0026332576654084505,6.970306244897948,-0.0751673469387768,-0.02919999999999945,0.03916458142295509,-0.036000000000001364,0.12249999999999872
116.4,CLIMB,COOLING_DEGRADATION,1.0,6240.1,86.05,607.37,5.157,70.68,20.288,25.543,1.613,24.566,17.026,6231.793254210613,79.78017428571428,605.0936734693878,5.220379806302595,63.233850204081634,20.12469387755102,25.606,1.5807793254210614,24.6,17.044999999999998,8.306745789387605,6.269825714285716,2.2763265306122094,-0.06337980630259477,7.446149795918373,0.16330612244897935,-0.06300000000000239,0.032220674578938624,-0.03400000000000247,-0.01899999999999835
116.5,CLIMB,COOLING_DEGRADATION,1.0,6247.56,86.51,607.09,5.184,70.11,20.19,25.56,1.611,24.583,17.041,6231.264408801158,79.78030071428572,605.0647551020407,5.220140835903168,63.22834265306122,20.122820408163268,25.6058,1.5806464408801157,24.6,17.0435,16.295591198841976,6.72969928571429,2.0252448979592828,-0.036140835903167634,6.8816573469387805,0.06717959183673372,-0.04579999999999984,0.030353559119884244,-0.017000000000003013,-0.002500000000001279
116.6,CLIMB,COOLING_DEGRADATION,1.0,6249.51,86.32,607.01,5.162,70.45,20.135,25.677,1.584,24.628,16.949,6230.735570305175,79.77782714285713,605.0358367346939,5.219936755370371,63.21723510204082,20.120946938775507,25.6056,1.5805135570305175,24.6,17.042,18.774429694824903,6.542172857142859,1.9741632653060606,-0.05793675537037135,7.232764897959186,0.014053061224494456,0.07140000000000057,0.0034864429694825283,0.027999999999998693,-0.09299999999999997
116.7,CLIMB,COOLING_DEGRADATION,1.0,6229.13,85.32,605.99,5.136,70.21,20.161,25.546,1.6,24.64,16.992,6230.652921949388,79.77819857142856,605.039918367347,5.219929169748291,63.21159755102042,20.121273469387752,25.6056,1.580505292194939,24.6,17.042,-1.5229219493876371,5.541801428571432,0.9500816326529957,-0.08392916974829046,6.998402448979576,0.03972653061224918,-0.05959999999999965,0.01949470780506113,0.03999999999999915,-0.05000000000000071
116.8,CLIMB,COOLING_DEGRADATION,1.0,6234.46,86.41,607.02,5.183,71.05,20.024,25.593,1.528,24.645,17.06,6230.1240962856,79.775725,605.011,5.219725080199591,63.20049,20.1194,25.6054,1.58037240962856,24.6,17.0405,4.335903714400047,6.634275000000002,2.0090000000000146,-0.03672508019959153,7.849509999999995,-0.09539999999999793,-0.012399999999999523,-0.052372409628560046,0.04499999999999815,0.019499999999997186
116.9,CLIMB,COOLING_DEGRADATION,1.0,6250.32,85.65,604.65,5.207,69.9,20.087,25.626,1.66,24.592,17.053,6229.5632131594775,79.77651042857143,605.010081632653,5.219471618845315,63.1946464489796,20.117926530612248,25.6052,1.580316321315948,24.6,17.039,20.75678684052218,5.873489571428578,-0.3600816326530776,-0.012471618845315113,6.7053535510204085,-0.03092653061224837,0.020800000000001262,0.07968367868405202,-0.008000000000002672,0.013999999999999346
117.0,CLIMB,COOLING_DEGRADATION,1.0,6239.01,85.83,605.41,5.254,70.64,20.194,25.596,1.584,24.556,16.917,6229.034404210613,79.77663685714288,604.9811632653061,5.219232634274324,63.18913889795918,20.11605306122449,25.605,1.5801834404210613,24.6,17.0375,9.975595789387626,6.053363142857123,0.42883673469384576,0.03476736572567596,7.450861102040818,0.07794693877550785,-0.009000000000000341,0.003816559578938783,-0.04400000000000048,-0.12049999999999983
117.1,CLIMB,COOLING_DEGRADATION,1.0,6228.22,85.69,606.18,5.204,70.32,20.189,25.595,1.586,24.628,16.974,6228.47354357342,79.77482228571431,604.9802448979592,5.219014051260234,63.177695346938776,20.114579591836737,25.6048,1.5801273543573422,24.6,17.036,-0.25354357341984723,5.91517771428569,1.19975510204074,-0.01501405126023414,7.142304653061217,0.07442040816326312,-0.00980000000000203,0.005872645642657881,0.027999999999998693,-0.062000000000001165
117.2,CLIMB,COOLING_DEGRADATION,1.0,6237.5,85.86,605.81,5.228,70.58,20.195,25.612,1.61,24.586,17.24,6227.944751340001,79.77494871428573,604.9513265306123,5.218775060362946,63.17218779591836,20.112706122448984,25.6046,1.579994475134,24.6,17.0345,9.555248659999052,6.085051285714272,0.8586734693876679,0.009224939637054064,7.407812204081637,0.08229387755101669,0.0073999999999969646,0.030005524866000055,-0.014000000000002899,0.20549999999999713
117.3,CLIMB,COOLING_DEGRADATION,1.0,6236.0,85.64,604.16,5.179,70.58,20.216,25.598,1.617,24.676,17.189,6227.862133428001,79.77272014285715,604.9554081632652,5.218802347046711,63.16095024489796,20.11303265306123,25.6046,1.5799862133428,24.6,17.0345,8.137866571999439,5.867279857142847,-0.7954081632652787,-0.039802347046710373,7.419049755102037,0.10296734693877241,-0.006600000000002382,0.03701378665720001,0.07599999999999696,0.15449999999999875
117.4,CLIMB,COOLING_DEGRADATION,1.0,6241.01,86.11,609.29,5.209,70.64,20.128,25.588,1.627,24.628,17.008,6227.292048031347,79.77433228571428,604.9285306122449,5.218542118701283,63.15542391836735,20.11132244897959,25.6044,1.5798492048031347,24.6,17.033,13.717951968653324,6.335667714285719,4.361469387755051,-0.009542118701283187,7.484576081632653,0.01667755102041113,-0.016399999999997306,0.04715079519686527,0.027999999999998693,-0.02500000000000213
117.5,CLIMB,COOLING_DEGRADATION,1.0,6237.45,86.3,604.65,5.133,69.69,20.36,25.58,1.616,24.595,16.959,6226.731229200785,79.7725177142857,604.9276122448979,5.218323518447054,63.14398036734694,20.109848979591835,25.6042,1.5797931229200783,24.6,17.0315,10.718770799215235,6.527482285714299,-0.2776122448979095,-0.08532351844705399,6.546019632653056,0.2501510204081647,-0.024200000000000443,0.03620687707992176,-0.005000000000002558,-0.07250000000000156
117.6,CLIMB,COOLING_DEGRADATION,1.0,6233.34,85.54,606.82,5.195,70.64,20.136,25.576,1.55,24.589,17.09,6226.202469476572,79.77264414285713,604.898693877551,5.218084516928421,63.138472816326534,20.10797551020408,25.604,1.5796602469476575,24.6,17.03,7.137530523427813,5.767355857142874,1.9213061224490957,-0.02308451692842084,7.501527183673467,0.028024489795917873,-0.027999999999998693,-0.029660246947657454,-0.011000000000002785,0.05999999999999872
117.7,CLIMB,COOLING_DEGRADATION,1.0,6231.69,85.53,609.79,5.172,70.55,20.311,25.656,1.581,24.62,16.985,6225.673716667559,79.77277057142855,604.869775510204,5.217845513159682,63.132965265306126,20.106102040816324,25.6038,1.5795273716667562,24.6,17.0285,6.016283332440253,5.757229428571449,4.920224489795942,-0.04584551315968266,7.417034734693871,0.20489795918367548,0.052199999999999136,0.0014726283332437973,0.019999999999999574,-0.04350000000000165
117.8,CLIMB,COOLING_DEGRADATION,1.0,6226.55,85.91,607.71,5.219,69.94,20.109,25.616,1.583,24.634,17.135,6225.112930128457,79.77095600000001,604.8688571428571,5.217626898481521,63.12152171428571,20.104628571428574,25.6036,1.5794712930128458,24.6,17.027,1.437069871542917,6.139043999999984,2.841142857142927,0.0013731015184790252,6.818478285714285,0.0043714285714280265,0.012399999999999523,0.0035287069871541288,0.03399999999999892,0.10800000000000054
117.9,CLIMB,COOLING_DEGRADATION,1.0,6235.91,86.29,604.47,5.162,70.46,20.137,25.586,1.756,24.586,17.045,6225.062382881633,79.77066842857144,604.8449387755103,5.21763377418333,63.11622016326531,20.104555102040816,25.6036,1.5793862382881634,24.6,17.027,10.847617118366543,6.519331571428566,-0.3749387755102589,-0.055633774183330154,7.343779836734683,0.03244489795918426,-0.017600000000001614,0.17661376171183663,-0.014000000000002899,0.018000000000000682
118.0,CLIMB,COOLING_DEGRADATION,1.0,6231.43,87.57,605.5,5.198,70.04,19.958,25.543,1.613,24.597,17.145,6224.501612488555,79.76885385714286,604.8440204081634,5.217415151464714,63.104776612244905,20.10308163265306,25.6034,1.5793301612488555,24.6,17.0255,6.92838751144518,7.801146142857135,0.6559795918366262,-0.019415151464713176,6.9352233877551015,-0.14508163265305996,-0.06040000000000134,0.03366983875114449,-0.0030000000000001137,0.11949999999999861
118.1,CLIMB,COOLING_DEGRADATION,1.0,6235.88,86.92,605.23,5.199,69.98,20.069,25.713,1.569,24.647,16.945,6223.972889231674,79.76898028571429,604.8151020408163,5.217176135786975,63.0992690612245,20.101208163265305,25.6032,1.5791972889231676,24.6,17.024,11.907110768325765,7.1510197142857095,0.41489795918369055,-0.018176135786974967,6.880730938775507,-0.032208163265305956,0.1097999999999999,-0.010197288923167624,0.046999999999997044,-0.07900000000000063
118.2,CLIMB,COOLING_DEGRADATION,1.0,6234.09,85.87,603.95,5.196,70.1,19.954,25.609,1.588,24.638,16.986,6223.41214132898,79.76976571428573,604.8141836734694,5.216922651612569,63.093425510204085,20.09973469387755,25.603,1.5791412141328982,24.6,17.0225,10.677858671019749,6.100234285714279,-0.8641836734693698,-0.0209226516125689,7.006574489795909,-0.14573469387755011,0.006000000000000227,0.00885878586710187,0.038000000000000256,-0.0365000000000002
118.3,CLIMB,COOLING_DEGRADATION,1.0,6221.65,86.78,605.43,5.135,70.27,20.22,25.534,1.566,24.551,17.096,6222.883434790335,79.76729214285714,604.7852653061226,5.2167184807220135,63.08231795918367,20.097861224489797,25.6028,1.5790083434790334,24.6,17.021,-1.2334347903351954,7.012707857142857,0.6447346938773535,-0.08171848072201371,7.187682040816327,0.12213877551020147,-0.06879999999999953,-0.013008343479033346,-0.04900000000000304,0.07499999999999929
118.4,CLIMB,COOLING_DEGRADATION,1.0,6242.31,85.46,603.97,5.206,70.55,20.242,25.592,1.415,24.572,17.059,6222.322709378286,79.76807757142858,604.7843469387757,5.216464992301973,63.076474408163264,20.09638775510204,25.6026,1.5789522709378285,24.6,17.0195,19.987290621714237,5.6919224285714165,-0.8143469387756568,-0.010464992301972842,7.473525591836733,0.14561224489796132,-0.010600000000000165,-0.1639522709378285,-0.028000000000002245,0.03950000000000031
118.5,CLIMB,COOLING_DEGRADATION,1.0,6224.74,86.48,603.33,5.193,69.8,20.014,25.623,1.465,24.729,16.851,6222.272177721599,79.76519,604.7604285714285,5.216506703717453,63.06557285714286,20.096314285714286,25.6026,1.5788672177721599,24.6,17.0195,2.46782227840049,6.71481,-1.4304285714284788,-0.023506703717453448,6.734427142857136,-0.08231428571428623,0.020400000000002194,-0.1138672177721598,0.12899999999999778,-0.16850000000000165
118.6,CLIMB,COOLING_DEGRADATION,1.0,6224.38,86.02,605.22,5.197,70.35,20.041,25.475,1.516,24.63,17.016,6221.711468456228,79.76597542857142,604.7595102040816,5.216253210682964,63.059729306122456,20.09484081632653,25.6024,1.578811146845623,24.6,17.018,2.668531543771678,6.254024571428573,0.46048979591842,-0.019253210682964372,7.290270693877538,-0.05384081632653093,-0.12739999999999796,-0.06281114684562294,0.029999999999997584,-0.0020000000000024443
118.7,CLIMB,COOLING_DEGRADATION,1.0,6223.84,86.83,604.27,5.162,70.06,20.165,25.612,1.617,24.527,16.957,6221.18279147236,79.76350185714287,604.7305918367347,5.216049018365078,63.04862175510204,20.092967346938778,25.6022,1.578678279147236,24.6,17.0165,2.6572085276402504,7.066498142857128,-0.46059183673469306,-0.05404901836507836,7.011378244897962,0.0720326530612212,0.009799999999998477,0.038321720852763974,-0.0730000000000004,-0.059499999999999886
118.8,CLIMB,COOLING_DEGRADATION,1.0,6219.0,86.53,605.68,5.199,70.58,20.167,25.606,1.619,24.629,16.986,6220.622104698123,79.76428728571429,604.7296734693878,5.215795521087021,63.04277820408163,20.09149387755102,25.602,1.5786222104698124,24.6,17.015,-1.6221046981227119,6.765712714285712,0.9503265306121875,-0.01679552108702076,7.53722179591837,0.07550612244898147,0.004000000000001336,0.04037778953018756,0.028999999999999915,-0.028999999999999915
118.9,CLIMB,COOLING_DEGRADATION,1.0,6227.74,85.42,607.58,5.191,70.22,20.082,25.753,1.668,24.526,16.845,6220.09344443396,79.76441371428572,604.7007551020408,5.215556483827582,63.03727065306123,20.089620408163267,25.6018,1.578489344443396,24.6,17.0135,7.646555566039751,5.6555862857142785,2.879244897959211,-0.02455648382758202,7.182729346938771,-0.007620408163266035,0.15119999999999933,0.08951065555660387,-0.07400000000000162,-0.16850000000000165
119.0,CLIMB,COOLING_DEGRADATION,1.0,6241.72,86.61,606.32,5.165,70.43,19.971,25.636,1.59,24.679,16.964,6219.56479108702,79.76194014285714,604.6718367346939,5.215352273883711,63.02616310204082,20.08774693877551,25.6016,1.578356479108702,24.6,17.012,22.155208912980015,6.848059857142857,1.6481632653061524,-0.05035227388371055,7.403836897959188,-0.11674693877550979,0.03439999999999799,0.011643520891298165,0.07899999999999707,-0.04800000000000182
119.1,CLIMB,COOLING_DEGRADATION,1.0,6228.31,85.71,607.7,5.182,70.52,20.09,25.545,1.584,24.621,17.037,6219.48226408751,79.76231157142857,604.6759183673469,5.21534467223271,63.02052555102041,20.088073469387755,25.6016,1.578348226408751,24.6,17.012,8.827735912490425,5.947688428571425,3.0240816326531785,-0.03334467223270998,7.4994744489795835,0.0019265306122449033,-0.05659999999999954,0.005651773591249132,0.020999999999997243,0.02499999999999858
119.2,CLIMB,COOLING_DEGRADATION,1.0,6225.0,86.77,605.27,5.168,70.33,20.179,25.613,1.724,24.648,17.103,6218.953623577601,79.759838,604.6469999999999,5.215140453284393,63.009418,20.086199999999998,25.601399999999998,1.5782153623577602,24.6,17.0105,6.04637642239868,7.010161999999994,0.6230000000000473,-0.04714045328439287,7.320582000000002,0.09280000000000044,0.011600000000001387,0.1457846376422398,0.047999999999998266,0.09250000000000114
119.3,CLIMB,COOLING_DEGRADATION,1.0,6220.21,86.7,605.42,5.182,70.1,20.178,25.556,1.623,24.575,17.059,6218.3929852452575,79.76062342857144,604.646081632653,5.214886946043338,63.0035744489796,20.084726530612247,25.6012,1.5781592985245259,24.6,17.009,1.8170147547425586,6.939376571428568,0.773918367346937,-0.03288694604333742,7.0964255510203955,0.0932734693877535,-0.045199999999997686,0.04484070147547414,-0.02500000000000213,0.05000000000000071
119.4,CLIMB,COOLING_DEGRADATION,1.0,6223.93,86.37,606.72,5.148,69.76,20.198,25.587,1.528,24.611,17.118,6217.864361456327,79.76074985714286,604.6171632653061,5.214647894639207,62.99806689795919,20.082853061224487,25.601,1.5780264361456326,24.6,17.0075,6.065638543673231,6.6092501428571495,2.1028367346939376,-0.06664789463920773,6.761933102040814,0.11514693877551352,-0.013999999999999346,-0.050026436145632625,0.010999999999999233,0.11049999999999827
119.5,CLIMB,COOLING_DEGRADATION,1.0,6221.92,85.56,608.16,5.178,70.26,19.927,25.568,1.624,24.527,17.237,6217.3037456160655,79.7589352857143,604.6162448979592,5.214429203198687,62.98662334693878,20.081379591836736,25.6008,1.5779703745616065,24.6,17.006,4.616254383934574,5.801064714285701,3.543755102040791,-0.036429203198687254,7.273376653061227,-0.15437959183673655,-0.032799999999998164,0.04602962543839362,-0.0730000000000004,0.2309999999999981
119.6,CLIMB,COOLING_DEGRADATION,1.0,6226.12,85.19,605.75,5.181,70.45,19.893,25.612,1.515,24.523,16.935,6216.733890272816,79.76054742857141,604.5893673469387,5.214168936064902,62.981097020408164,20.0796693877551,25.6006,1.5778333890272818,24.6,17.0045,9.386109727183793,5.429452571428584,1.1606326530612705,-0.0331689360649019,7.468902979591839,-0.18666938775509934,0.0113999999999983,-0.06283338902728186,-0.07700000000000173,-0.06950000000000145
119.7,CLIMB,COOLING_DEGRADATION,1.0,6222.88,86.2,605.51,5.171,70.52,19.95,25.686,1.676,24.603,16.893,6216.651393721175,79.75831885714285,604.5934489795918,5.214196143725485,62.96985946938776,20.079995918367345,25.6006,1.5778251393721177,24.6,17.0045,6.228606278825282,6.441681142857149,0.9165510204081784,-0.04319614372548486,7.550140530612239,-0.1299959183673458,0.08539999999999992,0.09817486062788228,0.0030000000000001137,-0.11149999999999949
119.8,CLIMB,COOLING_DEGRADATION,1.0,6221.97,86.3,603.72,5.165,70.36,20.168,25.577,1.676,24.662,16.913,6216.122802451886,79.75844528571429,604.5645306122448,5.213957081720725,62.96435191836735,20.078122448979588,25.6004,1.5776922802451887,24.6,17.003,5.847197548114309,6.541554714285709,-0.8445306122447391,-0.04895708172072499,7.39564808163265,0.08987755102041106,-0.023399999999998755,0.09830771975481123,0.06199999999999761,-0.08999999999999986
119.9,CLIMB,COOLING_DEGRADATION,1.0,6222.02,86.86,606.01,5.239,70.17,20.03,25.526,1.59,24.56,17.09,6215.562228424343,79.7566307142857,604.5636122448979,5.213738373068578,62.95290836734694,20.076648979591837,25.6002,1.5776362228424343,24.6,17.0015,6.457771575657716,7.103369285714294,1.446387755102137,0.025261626931421866,7.217091632653059,-0.04664897959183634,-0.07420000000000115,0.012363777157565758,-0.0400000000000027,0.0884999999999998
120.0,CLIMB,COOLING_DEGRADATION,1.0,6219.42,85.83,608.0,5.164,69.93,20.207,25.616,1.613,24.676,17.035,6215.033653877551,79.75675714285714,604.534693877551,5.213499304751391,62.947400816326535,20.07477551020408,25.6,1.577503365387755,24.6,17.0,4.38634612244914,6.0732428571428585,3.4653061224489647,-0.04949930475139119,6.9825991836734715,0.13222448979592016,0.015999999999998238,0.03549663461224495,0.07599999999999696,0.03500000000000014
120.1,CLIMB,COOLING_DEGRADATION,1.0,6222.59,85.78,606.14,5.201,70.32,20.104,25.618,1.542,24.6,16.942,6214.505086249715,79.75688357142856,604.5057755102041,5.213260234189402,62.94189326530612,20.072902040816324,25.5998,1.5773705086249716,24.6,16.9985,8.084913750285523,6.023116428571441,1.6342244897958835,-0.012260234189402475,7.378106734693873,0.031097959183675528,0.018200000000000216,-0.0353705086249716,0.0,-0.05649999999999977
120.2,CLIMB,COOLING_DEGRADATION,1.0,6220.79,86.35,606.7,5.176,70.05,20.041,25.596,1.538,24.616,16.892,6213.944544519086,79.75506899999999,604.5048571428572,5.213041511134852,62.930449714285714,20.071428571428573,25.5996,1.5773144544519087,24.6,16.997,6.845455480914097,6.5949310000000025,2.195142857142855,-0.0370415111348521,7.119550285714283,-0.03042857142857258,-0.0035999999999987153,-0.03931445445190862,0.015999999999998238,-0.10500000000000043
120.3,CLIMB,COOLING_DEGRADATION,1.0,6222.53,86.39,607.0,5.186,70.08,20.113,25.593,1.681,24.502,17.007,6213.894059013813,79.75478142857142,604.4809387755101,5.213048349893733,62.92514816326531,20.071355102040815,25.5996,1.5772294059013812,24.6,16.997,8.635940986187052,6.635218571428581,2.5190612244898603,-0.02704834989373328,7.154851836734686,0.041644897959184135,-0.006599999999998829,0.10377059409861888,-0.09800000000000253,0.010000000000001563
120.4,CLIMB,COOLING_DEGRADATION,1.0,6215.05,86.67,603.1,5.147,70.45,20.102,25.565,1.517,24.68,16.972,6213.3335334319345,79.75296685714287,604.4800204081632,5.212829618810829,62.9137046122449,20.069881632653058,25.5994,1.5771733533431935,24.6,16.9955,1.716466568065698,6.917033142857136,-1.3800204081632046,-0.06582961881082916,7.5362953877551035,0.03211836734694273,-0.03439999999999799,-0.060173353343193625,0.0799999999999983,-0.023499999999998522
120.5,CLIMB,COOLING_DEGRADATION,1.0,6216.56,86.21,605.46,5.161,70.1,19.893,25.631,1.617,24.495,17.021,6212.804995367119,79.75309328571429,604.4511020408163,5.2125905363614145,62.90819706122449,20.068008163265308,25.5992,1.577040499536712,24.6,16.994,3.755004632881537,6.456906714285708,1.0088979591837415,-0.05159053636141486,7.191802938775503,-0.1750081632653071,0.031800000000000495,0.039959500463288,-0.10500000000000043,0.027000000000001023
120.6,CLIMB,COOLING_DEGRADATION,1.0,6223.64,86.45,604.11,5.252,70.15,20.045,25.616,1.556,24.615,17.129,6212.244492278775,79.75387871428572,604.4501836734694,5.212337006376552,62.902353510204094,20.06653469387755,25.599,1.5769844492278775,24.6,16.9925,11.39550772122493,6.696121285714284,-0.34018367346936884,0.039662993623447385,7.247646489795912,-0.02153469387754825,0.01699999999999946,-0.020984449227877455,0.014999999999997016,0.13650000000000162
120.7,CLIMB,COOLING_DEGRADATION,1.0,6214.65,85.68,604.32,5.193,70.65,20.231,25.621,1.632,24.676,17.137,6211.715970938253,79.75140514285715,604.4212653061226,5.21213270618732,62.89124595918367,20.0646612244898,25.5988,1.5768515970938255,24.6,16.991,2.9340290617465143,5.928594857142855,-0.10126530612251372,-0.019132706187320103,7.758754040816335,0.1663387755102015,0.022199999999998,0.0551484029061744,0.07599999999999696,0.1460000000000008
120.8,CLIMB,COOLING_DEGRADATION,1.0,6216.69,86.83,604.04,5.249,70.02,19.808,25.619,1.591,24.63,17.015,6211.155490343706,79.75219057142859,604.4203469387757,5.2118791719694135,62.885402408163266,20.063187755102046,25.5986,1.5767955490343708,24.6,16.9895,5.534509656293267,7.077809428571413,-0.3803469387756877,0.03712082803058614,7.13459759183673,-0.25518775510204605,0.02039999999999864,0.014204450965629167,0.029999999999997584,0.025500000000000966
120.9,CLIMB,COOLING_DEGRADATION,1.0,6219.4,86.63,605.08,5.166,69.97,20.088,25.653,1.587,24.671,17.099,6211.105020440572,79.74930300000001,604.3964285714286,5.211920783924036,62.87450085714286,20.06311428571429,25.5986,1.5767105020440573,24.6,16.9895,8.294979559427702,6.880696999999984,0.6835714285714403,-0.045920783924035646,7.095499142857136,0.024885714285712623,0.05439999999999756,0.010289497955942695,0.07099999999999795,0.1095000000000006
121.0,CLIMB,COOLING_DEGRADATION,1.0,6212.67,85.8,602.54,5.134,70.42,20.317,25.573,1.477,24.62,16.88,6210.544555995428,79.75008842857143,604.3955102040817,5.211667245102067,62.86865730612246,20.06164081632653,25.5984,1.576654455599543,24.6,16.988,2.125444004572273,6.0499115714285665,-1.8555102040817246,-0.07766724510206657,7.551342693877544,0.25535918367346966,-0.0254000000000012,-0.09965445559954289,0.019999999999999574,-0.10800000000000054
121.1,CLIMB,COOLING_DEGRADATION,1.0,6225.65,86.49,603.72,5.194,70.12,19.962,25.593,1.536,24.587,17.021,6210.016064220572,79.74761485714286,604.3665918367348,5.2114629235112035,62.85754975510204,20.059767346938777,25.5982,1.576521606422057,24.6,16.9865,15.633935779427702,6.742385142857131,-0.6465918367347285,-0.0174629235112036,7.262450244897963,-0.09776734693877742,-0.005199999999998539,-0.040521606422057044,-0.013000000000001677,0.03450000000000131
121.2,CLIMB,COOLING_DEGRADATION,1.0,6213.89,86.14,602.0,5.162,69.72,20.158,25.703,1.681,24.623,17.174,6209.455622269714,79.74840028571428,604.3656734693878,5.211209380458254,62.85170620408164,20.058293877551023,25.598,1.5764655622269714,24.6,16.985,4.434377730286542,6.391599714285718,-2.3656734693878434,-0.049209380458254515,6.868293795918362,0.09970612244897836,0.10500000000000043,0.10453443777302862,0.022999999999999687,0.18900000000000006
121.3,CLIMB,COOLING_DEGRADATION,1.0,6218.15,87.09,609.81,5.169,70.26,19.99,25.576,1.538,24.531,16.925,6208.927147220621,79.74852671428572,604.3367551020409,5.210970276471349,62.84619865306123,20.05642040816327,25.5978,1.576332714722062,24.6,16.9835,9.222852779378627,7.341473285714287,5.4732448979590345,-0.04197027647134899,7.413801346938776,-0.0664204081632711,-0.02179999999999893,-0.03833271472206201,-0.06900000000000261,-0.058499999999998664
121.4,CLIMB,COOLING_DEGRADATION,1.0,6218.7,85.99,607.49,5.19,70.04,20.043,25.567,1.493,24.516,17.01,6208.398679092506,79.74605314285714,604.3078367346939,5.210765937275086,62.83509110204082,20.05454693877551,25.5976,1.5761998679092508,24.6,16.982,10.301320907493391,6.243946857142859,3.1821632653061442,-0.02076593727508591,7.204908897959186,-0.01154693877550983,-0.03059999999999974,-0.08319986790925071,-0.08400000000000318,0.028000000000002245
121.5,CLIMB,COOLING_DEGRADATION,1.0,6220.12,86.33,607.13,5.141,69.48,20.008,25.614,1.571,24.535,17.014,6208.316273466253,79.74642457142856,604.311918367347,5.210758319676636,62.82945355102041,20.054873469387758,25.5976,1.5761916273466252,24.6,16.982,11.803726533747067,6.583575428571436,2.8180816326530476,-0.0697583196766356,6.650546448979597,-0.046873469387758604,0.01640000000000086,-0.0051916273466252605,-0.06500000000000128,0.03200000000000003
121.6,CLIMB,COOLING_DEGRADATION,1.0,6223.69,85.59,603.99,5.154,70.27,20.04,25.57,1.653,24.596,17.002,6207.78781818,79.74395100000001,604.2829999999999,5.210553971487384,62.818346,20.053,25.5974,1.5760587818179999,24.6,16.9805,15.902181819999896,5.846048999999994,-0.2929999999998927,-0.05655397148738395,7.451653999999998,-0.013000000000001677,-0.02740000000000009,0.07694121818200017,-0.004000000000001336,0.02149999999999963
121.7,CLIMB,COOLING_DEGRADATION,1.0,6214.59,85.95,601.34,5.233,70.34,19.947,25.559,1.571,24.554,17.022,6207.227424679217,79.74473642857144,604.282081632653,5.2103004184999095,62.81250244897959,20.051526530612243,25.5972,1.5760027424679215,24.6,16.979,7.362575320783435,6.20526357142856,-2.9420816326529575,0.022699581500090105,7.52749755102041,-0.10452653061224382,-0.03819999999999979,-0.005002742467921539,-0.04600000000000293,0.04299999999999926
121.8,CLIMB,COOLING_DEGRADATION,1.0,6216.34,85.39,606.19,5.172,70.13,20.102,25.498,1.543,24.58,16.912,6206.698986120001,79.74486285714285,604.2531632653061,5.210061300395193,62.80699489795919,20.049653061224486,25.597,1.5758698986120003,24.6,16.9775,9.641013879999264,5.645137142857152,1.9368367346939976,-0.038061300395193065,7.323005102040803,0.05234693877551422,-0.0990000000000002,-0.0328698986120004,-0.020000000000003126,-0.06550000000000011
121.9,CLIMB,COOLING_DEGRADATION,1.0,6213.57,86.34,605.34,5.153,70.18,20.015,25.53,1.484,24.619,16.875,6206.138615114449,79.74304828571428,604.252244897959,5.209842500694741,62.79555134693878,20.048179591836735,25.5968,1.575813861511445,24.6,16.976,7.4313848855508695,6.596951714285723,1.087755102041001,-0.05684250069474128,7.384448653061227,-0.0331795918367348,-0.06680000000000064,-0.091813861511445,0.01899999999999835,-0.10099999999999909
122.0,CLIMB,COOLING_DEGRADATION,1.0,6212.59,87.0,605.98,5.183,69.79,20.007,25.566,1.572,24.63,16.924,6205.610193282791,79.74317471428571,604.2233265306122,5.2096033762873954,62.79004379591837,20.04630612244898,25.5966,1.5756810193282793,24.6,16.9745,6.979806717208703,7.256825285714285,1.756673469387806,-0.02660337628739562,6.999956204081634,-0.03930612244897702,-0.03059999999999974,-0.0036810193282792447,0.029999999999997584,-0.050499999999999545
122.1,CLIMB,COOLING_DEGRADATION,1.0,6212.53,85.87,602.41,5.186,69.86,19.987,25.512,1.52,24.588,17.107,6205.52781810849,79.74094614285714,604.2274081632653,5.209630505962567,62.77880624489796,20.046632653061224,25.5966,1.575672781810849,24.6,16.9745,7.00218189151019,6.129053857142864,-1.817408163265327,-0.023630505962566772,7.081193755102042,-0.05963265306122523,-0.08459999999999823,-0.05567278181084889,-0.012000000000000455,0.13250000000000028
122.2,CLIMB,COOLING_DEGRADATION,1.0,6207.95,86.59,603.56,5.199,70.02,20.101,25.601,1.557,24.631,17.062,6204.99940911987,79.74107257142857,604.1984897959184,5.2093913759855095,62.773298693877564,20.044759183673463,25.5964,1.575539940911987,24.6,16.973,2.950590880130221,6.848927428571429,-0.6384897959184173,-0.010391375985509654,7.246701306122432,0.05624081632653599,0.0045999999999999375,-0.018539940911987074,0.030999999999998806,0.08900000000000219
122.3,CLIMB,COOLING_DEGRADATION,1.0,6214.44,85.91,606.6,5.15,70.41,20.062,25.602,1.588,24.585,17.055,6204.439076760686,79.73925799999999,604.1975714285715,5.2091725579428605,62.76185514285715,20.043285714285712,25.5962,1.5754839076760687,24.6,16.9715,10.000923239314034,6.170742000000004,2.4024285714285725,-0.05917255794286014,7.648144857142846,0.018714285714288792,0.0058000000000006935,0.01251609232393136,-0.015000000000000568,0.0835000000000008
122.4,CLIMB,COOLING_DEGRADATION,1.0,6210.67,86.45,604.24,5.138,69.88,20.09,25.564,1.689,24.564,17.058,6203.869506006858,79.74087014285713,604.170693877551,5.208912238831429,62.75632881632654,20.041575510204076,25.596,1.5753469506006859,24.6,16.97,6.8004939931424815,6.7091298571428695,0.06930612244900658,-0.07091223883142916,7.1236711836734585,0.04842448979592362,-0.03200000000000003,0.1136530493993142,-0.036000000000001364,0.08800000000000097
122.5,CLIMB,COOLING_DEGRADATION,1.0,6218.46,86.73,604.89,5.194,70.24,20.206,25.513,1.596,24.631,17.059,6203.341123629976,79.74099657142855,604.1417755102041,5.208673101608758,62.75082126530612,20.039702040816326,25.5958,1.5752141123629977,24.6,16.9685,15.118876370023827,6.989003428571451,0.7482244897959163,-0.01467310160875801,7.489178734693873,0.16629795918367307,-0.08279999999999887,0.020785887637002398,0.030999999999998806,0.09050000000000225
122.6,CLIMB,COOLING_DEGRADATION,1.0,6208.32,85.75,604.86,5.197,70.49,19.986,25.619,1.561,24.57,16.861,6202.7808267456,79.739182,604.140857142857,5.208454270344327,62.73937771428571,20.038228571428572,25.5956,1.57515808267456,24.6,16.967,5.539173254399429,6.010818,0.7191428571429697,-0.011454270344327,7.750622285714286,-0.05222857142857151,0.023399999999998755,-0.01415808267455998,-0.030000000000001137,-0.1059999999999981
122.7,CLIMB,COOLING_DEGRADATION,1.0,6204.62,85.99,603.87,5.162,70.21,20.012,25.574,1.545,24.509,17.033,6202.730403030857,79.73889442857143,604.1169387755102,5.208461072233957,62.734076163265314,20.038155102040818,25.5956,1.575073040303086,24.6,16.967,1.8895969691429855,6.2511055714285675,-0.24693877551021615,-0.046461072233957346,7.47592383673468,-0.026155102040817724,-0.021599999999999397,-0.030073040303085996,-0.09100000000000108,0.0660000000000025
122.8,CLIMB,COOLING_DEGRADATION,1.0,6203.58,86.65,607.63,5.17,69.7,19.923,25.625,1.575,24.632,17.011,6202.170122297959,79.73707985714286,604.1160204081633,5.208242232953279,62.72263261224491,20.03668163265306,25.5954,1.5750170122297962,24.6,16.9655,1.4098777020408306,6.912920142857146,3.513979591836687,-0.03824223295327922,6.977367387755095,-0.11368163265306208,0.029599999999998516,-1.7012229796220524e-05,0.03200000000000003,0.04550000000000054
122.9,CLIMB,COOLING_DEGRADATION,1.0,6212.33,86.22,610.41,5.191,70.03,20.107,25.662,1.52,24.567,16.87,6201.641769494988,79.7372062857143,604.0871020408164,5.208003083864762,62.71712506122449,20.034808163265307,25.5952,1.5748841769494988,24.6,16.964000000000002,10.688230505012143,6.482793714285705,6.322897959183592,-0.017003083864762125,7.312874938775508,0.07219183673469232,0.06680000000000064,-0.054884176949498764,-0.03300000000000125,-0.0940000000000012
123.0,CLIMB,COOLING_DEGRADATION,1.0,6222.51,85.72,604.25,5.187,69.65,20.144,25.57,1.487,24.589,17.031,6201.081511258775,79.73799171428573,604.0861836734695,5.207749508209819,62.71128151020409,20.03333469387755,25.595,1.5748281511258777,24.6,16.9625,21.42848874122501,5.982008285714272,0.16381632653053657,-0.02074950820981858,6.938718489795917,0.11066530612244918,-0.02499999999999858,-0.08782815112587761,-0.011000000000002785,0.06850000000000023
123.1,CLIMB,COOLING_DEGRADATION,1.0,6212.96,86.75,604.0,5.19,69.99,20.102,25.568,1.565,24.588,16.939,6200.553175186156,79.73551814285715,604.0572653061225,5.20754507888063,62.700173959183665,20.031461224489796,25.5948,1.5746953175186156,24.6,16.961,12.406824813843741,7.014481857142854,-0.057265306122531,-0.017545078880629283,7.28982604081633,0.07053877551020449,-0.026799999999997937,-0.009695317518615632,-0.012000000000000455,-0.021999999999998465
123.2,CLIMB,COOLING_DEGRADATION,1.0,6211.43,86.99,605.27,5.148,70.29,20.14,25.681,1.52,24.645,17.054,6199.99293944689,79.73630357142858,604.0563469387755,5.207291499005233,62.69433040816327,20.029987755102038,25.5946,1.574639293944689,24.6,16.9595,11.437060553110314,7.253696428571416,1.213653061224477,-0.05929149900523356,7.595669591836739,0.11001224489796257,0.08640000000000114,-0.054639293944688916,0.04499999999999815,0.09450000000000003
123.3,CLIMB,COOLING_DEGRADATION,1.0,6211.49,86.15,607.9,5.212,69.76,19.934,25.627,1.589,24.682,16.853,6199.942531346286,79.733416,604.0324285714286,5.207333011598827,62.68342885714286,20.029914285714284,25.5946,1.5745542531346286,24.6,16.9595,11.547468653713622,6.416584,3.8675714285714093,0.004666988401172745,7.076571142857148,-0.09591428571428295,0.032399999999999096,0.014445746865371367,0.08199999999999719,-0.10649999999999693
123.4,CLIMB,COOLING_DEGRADATION,1.0,6208.15,86.78,604.29,5.228,70.12,19.988,25.62,1.523,24.593,17.07,6199.38231175915,79.73420142857142,604.0315102040817,5.207079427129756,62.67758530612245,20.028440816326533,25.5944,1.5744982311759153,24.6,16.958,8.767688240849566,7.045798571428577,0.2584897959183081,0.02092057287024396,7.442414693877552,-0.040440816326533735,0.025600000000000733,-0.05149823117591534,-0.0070000000000014495,0.11200000000000188
123.5,CLIMB,COOLING_DEGRADATION,1.0,6204.45,86.09,606.02,5.135,70.48,19.85,25.61,1.625,24.678,16.945,6198.854005263086,79.73172785714286,604.0025918367347,5.206874976424645,62.66647775510205,20.026567346938776,25.5942,1.5743654005263086,24.6,16.9565,5.595994736913781,6.358272142857146,2.0174081632652587,-0.07187497642464535,7.813522244897953,-0.17656734693877496,0.015799999999998704,0.05063459947369142,0.0779999999999994,-0.011499999999998067
123.6,CLIMB,COOLING_DEGRADATION,1.0,6213.48,86.65,604.27,5.187,69.73,20.136,25.68,1.523,24.605,16.895,6198.293808173387,79.73251328571429,604.0016734693878,5.206621387737188,62.66063420408163,20.025093877551022,25.594,1.5743093808173387,24.6,16.955,15.18619182661223,6.917486714285715,0.26832653061217115,-0.019621387737188023,7.069365795918372,0.11090612244897713,0.08599999999999852,-0.05130938081733882,0.004999999999999005,-0.05999999999999872
123.7,CLIMB,COOLING_DEGRADATION,1.0,6202.58,86.75,606.1,5.175,69.82,20.042,25.552,1.66,24.608,16.712,6197.765518409144,79.73263971428572,603.9727551020408,5.206382217155403,62.65512665306123,20.023220408163265,25.5938,1.5741765518409143,24.6,16.9535,4.814481590856303,7.017360285714275,2.127244897959258,-0.03138221715540279,7.164873346938762,0.018779591836736387,-0.04180000000000206,0.0858234481590856,0.007999999999999119,-0.2414999999999985
123.8,CLIMB,COOLING_DEGRADATION,1.0,6203.81,87.04,604.05,5.16,70.2,20.166,25.601,1.512,24.584,16.921,6197.237235569633,79.73016614285716,603.9438367346938,5.206177748865485,62.644019102040815,20.021346938775512,25.5936,1.5740437235569633,24.6,16.952,6.572764430366988,7.3098338571428485,0.10616326530612241,-0.046177748865484425,7.555980897959188,0.1446530612244885,0.007400000000000517,-0.062043723556963304,-0.01600000000000179,-0.03100000000000236
123.9,CLIMB,COOLING_DEGRADATION,1.0,6201.99,85.92,603.69,5.243,70.13,19.983,25.63,1.564,24.562,17.003,6197.154951333618,79.73053757142858,603.9479183673469,5.2061701154010676,62.63838155102041,20.021673469387757,25.5936,1.5740354951333617,24.6,16.952,4.835048666382136,6.189462428571417,-0.2579183673468606,0.03682988459893277,7.491618448979587,-0.0386734693877564,0.03640000000000043,-0.01003549513336166,-0.038000000000000256,0.05099999999999838
124.0,CLIMB,COOLING_DEGRADATION,1.0,6219.05,85.61,607.77,5.197,69.78,20.093,25.625,1.571,24.606,16.99,6196.6266813408,79.72806399999999,603.919,5.205965638129623,62.627274,20.0198,25.5934,1.57390266813408,24.6,16.950499999999998,22.42331865920005,5.88193600000001,3.850999999999999,-0.00896563812962281,7.152726000000001,0.07319999999999993,0.03160000000000096,-0.002902668134080022,0.006000000000000227,0.03950000000000031
124.1,CLIMB,COOLING_DEGRADATION,1.0,6213.78,87.37,605.99,5.133,69.95,20.018,25.695,1.562,24.61,16.938,6196.066532709355,79.72884942857142,603.9180816326531,5.205712039536117,62.621430448979595,20.018326530612246,25.5932,1.5738466532709356,24.6,16.948999999999998,17.713467290644985,7.641150571428582,2.071918367346939,-0.07271203953611671,7.328569551020408,-0.0003265306122450795,0.10180000000000078,-0.011846653270935592,0.00999999999999801,-0.010999999999999233
124.2,CLIMB,COOLING_DEGRADATION,1.0,6201.93,86.37,607.74,5.131,69.52,19.996,25.642,1.492,24.663,16.98,6195.538279449633,79.72897585714284,603.8891632653061,5.205472854863414,62.615922897959194,20.016453061224496,25.593,1.5737138279449634,24.6,16.9475,6.391720550367609,6.641024142857162,3.850836734693871,-0.07447285486341393,6.904077102040802,-0.020453061224497304,0.04899999999999949,-0.0817138279449634,0.06299999999999883,0.03249999999999886
124.3,CLIMB,COOLING_DEGRADATION,1.0,6203.15,85.66,607.16,5.219,70.25,19.893,25.596,1.48,24.646,16.851,6194.9781533165715,79.72716128571427,603.8882448979592,5.205253947069568,62.604479346938774,20.014979591836735,25.5928,1.5736578153316572,24.6,16.945999999999998,8.171846683428157,5.932838714285722,3.2717551020407427,0.01374605293043274,7.645520653061226,-0.1219795918367339,0.0031999999999996476,-0.09365781533165718,0.045999999999999375,-0.09499999999999886
124.4,CLIMB,COOLING_DEGRADATION,1.0,6205.19,86.27,605.82,5.165,70.44,19.872,25.632,1.592,24.687,16.885,6194.449916790466,79.7272877142857,603.8593265306122,5.205014756106076,62.59897179591837,20.013106122448978,25.5926,1.5735249916790466,24.6,16.944499999999998,10.740083209533623,6.542712285714302,1.9606734693878707,-0.040014756106075744,7.841028204081631,-0.1411061224489778,0.039400000000000546,0.0184750083209535,0.08699999999999974,-0.059499999999996334
124.5,CLIMB,COOLING_DEGRADATION,1.0,6205.46,86.46,604.84,5.154,70.12,20.048,25.606,1.561,24.572,16.857,6194.367663010483,79.72505914285715,603.8634081632653,5.20504180743839,62.58773424489796,20.013432653061223,25.5926,1.5735167663010483,24.6,16.944499999999998,11.092336989517207,6.7349408571428455,0.9765918367347695,-0.051041807438390485,7.5322657551020455,0.0345673469387755,0.013400000000000745,-0.012516766301048365,-0.028000000000002245,-0.08749999999999858
124.6,CLIMB,COOLING_DEGRADATION,1.0,6202.5,86.09,604.39,5.169,70.15,20.037,25.518,1.588,24.663,16.873,6193.839439332244,79.72518557142858,603.8344897959184,5.204802610914932,62.58222669387756,20.01155918367347,25.5924,1.5733839439332244,24.6,16.942999999999998,8.660560667755817,6.364814428571421,0.5555102040815427,-0.03580261091493231,7.567773306122447,0.025440816326529614,-0.07440000000000069,0.014616056066775629,0.06299999999999883,-0.06999999999999673
124.7,CLIMB,COOLING_DEGRADATION,1.0,6193.88,86.82,604.91,5.252,69.99,20.093,25.607,1.673,24.696,16.936,6193.279351851429,79.723371,603.8335714285713,5.204583684805998,62.570783142857145,20.01008571428571,25.5922,1.5733279351851428,24.6,16.9415,0.6006481485710538,7.096628999999993,1.0764285714286643,0.04741631519400169,7.41921685714285,0.08291428571428838,0.014800000000001035,0.09967206481485724,0.09600000000000009,-0.005500000000001393
124.8,CLIMB,COOLING_DEGRADATION,1.0,6198.38,86.94,603.05,5.198,70.04,20.086,25.631,1.626,24.583,16.85,6192.751144907756,79.72349742857143,603.8046530612245,5.204344481993682,62.56527559183674,20.00821224489796,25.592,1.5731951144907756,24.6,16.939999999999998,5.628855092244521,7.216502571428563,-0.7546530612245306,-0.006344481993681761,7.474724408163269,0.07778775510204028,0.03900000000000148,0.05280488550922424,-0.017000000000003013,-0.0899999999999963
124.9,CLIMB,COOLING_DEGRADATION,1.0,6198.05,85.61,605.32,5.198,69.46,20.092,25.572,1.572,24.536,16.813,6192.222944890515,79.72362385714287,603.7757346938774,5.204105276947127,62.55976804081632,20.0063387755102,25.5918,1.5730622944890515,24.6,16.9385,5.827055109485627,5.886376142857131,1.544265306122611,-0.00610527694712637,6.900231959183671,0.0856612244897974,-0.01980000000000004,-0.0010622944890514852,-0.06400000000000006,-0.1255000000000024
125.0,CLIMB,COOLING_DEGRADATION,1.0,6197.67,86.74,604.64,5.142,69.59,20.067,25.617,1.552,24.579,17.059,6191.662889717486,79.72180928571429,603.7748163265305,5.203886336478664,62.54832448979592,20.004865306122444,25.5916,1.5730062889717487,24.6,16.936999999999998,6.007110282514077,7.0181907142857085,0.8651836734694598,-0.06188633647866393,7.041675510204087,0.06213469387755666,0.0254000000000012,-0.02100628897174861,-0.021000000000000796,0.12200000000000344
125.1,CLIMB,COOLING_DEGRADATION,1.0,6204.14,85.95,604.09,5.168,69.46,19.794,25.597,1.596,24.589,16.847,6191.612528053812,79.72152171428571,603.7508979591837,5.203893101901132,62.543022938775515,20.00479183673469,25.5916,1.572921252805381,24.6,16.936999999999998,12.527471946188598,6.228478285714289,0.33910204081632855,-0.03589310190113171,6.916977061224479,-0.21079183673468904,0.005400000000001626,0.023078747194618998,-0.011000000000002785,-0.0899999999999963
125.2,CLIMB,COOLING_DEGRADATION,1.0,6195.55,86.02,604.52,5.153,69.8,20.033,25.59,1.597,24.613,17.025,6191.052489034971,79.71970714285715,603.7499795918368,5.203674153428434,62.5315793877551,20.00331836734694,25.5914,1.572865248903497,24.6,16.935499999999998,4.497510965029505,6.30029285714285,0.770020408163191,-0.05067415342843429,7.2684206122448956,0.02968163265306245,-0.00140000000000029,0.02413475109650287,0.012999999999998124,0.08950000000000102
125.3,CLIMB,COOLING_DEGRADATION,1.0,6192.79,86.09,606.27,5.169,69.73,19.921,25.561,1.582,24.608,16.901,6190.524318602449,79.71983357142857,603.7210612244897,5.20343493653743,62.5260718367347,20.001444897959182,25.5912,1.572732431860245,24.6,16.933999999999997,2.2656813975509067,6.370166428571437,2.548938775510237,-0.034434936537430794,7.203928163265303,-0.08044489795918253,-0.03020000000000067,0.009267568139755156,0.007999999999999119,-0.0329999999999977
125.4,CLIMB,COOLING_DEGRADATION,1.0,6188.59,86.81,602.74,5.181,69.6,19.946,25.527,1.569,24.614,17.024,6189.964302083428,79.720619,603.7201428571428,5.203181313961711,62.520228285714296,19.999971428571428,25.591,1.572676430208343,24.6,16.932499999999997,-1.3743020834281197,7.089381000000003,-0.9801428571428232,-0.022181313961710636,7.079771714285698,-0.05397142857142612,-0.06400000000000006,-0.0036764302083429623,0.013999999999999346,0.09150000000000347
125.5,CLIMB,COOLING_DEGRADATION,1.0,6195.33,86.7,606.08,5.184,69.87,20.053,25.591,1.606,24.578,16.804,6189.436148387265,79.71814542857143,603.6912244897959,5.2029767545853955,62.50912073469389,19.998097959183674,25.5908,1.5725436148387266,24.6,16.931,5.893851612734579,6.9818545714285705,2.388775510204141,-0.018976754585395383,7.360879265306117,0.05490204081632655,0.00019999999999953388,0.03345638516127347,-0.022000000000002018,-0.12700000000000244
125.6,CLIMB,COOLING_DEGRADATION,1.0,6204.61,86.27,606.31,5.177,69.69,19.997,25.609,1.602,24.609,16.963,6188.876154368327,79.71893085714287,603.690306122449,5.202723127801718,62.503277183673475,19.99662448979592,25.5906,1.5724876154368326,24.6,16.9295,15.73384563167292,6.551069142857131,2.619693877550958,-0.025723127801718704,7.186722816326522,0.00037551020407988744,0.018400000000003303,0.029512384563167515,0.009000000000000341,0.033500000000000085
125.7,CLIMB,COOLING_DEGRADATION,1.0,6199.13,87.5,602.45,5.124,69.59,19.785,25.539,1.575,24.653,16.871,6188.82580833071,79.71604328571429,603.666387755102,5.202764541692552,62.492375632653065,19.996551020408162,25.5906,1.572402580833071,24.6,16.9295,10.304191669290049,7.783956714285708,-1.216387755102005,-0.07876454169255265,7.097624367346938,-0.21155102040816232,-0.05159999999999698,0.002597419166928905,0.05299999999999727,-0.05850000000000222
125.8,CLIMB,COOLING_DEGRADATION,1.0,6201.13,85.98,606.96,5.152,69.14,19.794,25.643,1.606,24.618,16.972,6188.265830466612,79.71682871428571,603.665469387755,5.202510910325512,62.48653208163266,19.995077551020405,25.5904,1.5723465830466612,24.6,16.927999999999997,12.864169533388122,6.263171285714293,3.294530612245012,-0.050510910325511915,6.65346791836734,-0.20107755102040414,0.052600000000001756,0.0336534169533389,0.01799999999999713,0.044000000000004036
125.9,CLIMB,COOLING_DEGRADATION,1.0,6191.5,87.19,602.87,5.197,69.79,20.161,25.572,1.553,24.706,16.783,6187.737706357812,79.71435514285714,603.6365510204081,5.20230632959875,62.475424530612244,19.99320408163265,25.5902,1.5722137706357815,24.6,16.9265,3.7622936421876148,7.4756448571428535,-0.7665510204080874,-0.005306329598750104,7.314575469387762,0.16779591836735008,-0.018200000000000216,-0.019213770635781557,0.1059999999999981,-0.14349999999999952
126.0,CLIMB,COOLING_DEGRADATION,1.0,6197.52,86.95,606.18,5.157,70.59,19.953,25.622,1.568,24.631,16.992,6187.177750994285,79.71514057142858,603.6356326530612,5.202052694025819,62.46958097959184,19.9917306122449,25.59,1.5721577750994284,24.6,16.925,10.34224900571553,7.234859428571426,2.5443673469387704,-0.04505269402581913,8.120419020408164,-0.03873061224490115,0.03200000000000003,-0.004157775099428385,0.030999999999998806,0.06700000000000017
126.1,CLIMB,COOLING_DEGRADATION,1.0,6195.79,87.39,606.3,5.185,69.53,20.138,25.678,1.492,24.602,16.834,6186.649643623315,79.71526700000001,603.6067142857142,5.20181345568539,62.46407342857143,19.989857142857144,25.5898,1.5720249643623316,24.6,16.923499999999997,9.140356376685304,7.674732999999989,2.6932857142857074,-0.01681345568539072,7.0659265714285695,0.14814285714285802,0.0882000000000005,-0.08002496436233164,0.0019999999999988916,-0.08949999999999747
126.2,CLIMB,COOLING_DEGRADATION,1.0,6195.61,86.57,605.13,5.174,69.36,20.082,25.534,1.562,24.558,16.753,6186.1215431808005,79.71279342857144,603.5777959183674,5.201608857394211,62.45296587755102,19.987983673469394,25.5896,1.5718921543180802,24.6,16.922,9.4884568191992,6.857206571428549,1.552204081632567,-0.027608857394210595,6.907034122448977,0.09401632653060688,-0.05560000000000187,-0.009892154318080104,-0.04200000000000159,-0.16900000000000048
126.3,CLIMB,COOLING_DEGRADATION,1.0,6188.65,86.35,603.61,5.137,70.18,19.935,25.563,1.477,24.614,16.802,6186.039380352,79.71316485714286,603.5818775510204,5.201601208378471,62.44732832653062,19.988310204081635,25.5896,1.5718839380351999,24.6,16.922,2.610619647999556,6.636835142857137,0.02812244897961591,-0.0646012083784715,7.73267167346939,-0.05331020408163667,-0.026600000000001955,-0.09488393803519979,0.013999999999999346,-0.120000000000001
126.4,CLIMB,COOLING_DEGRADATION,1.0,6191.34,86.58,604.64,5.186,69.85,19.929,25.618,1.552,24.614,16.788,6185.51129276098,79.71069128571429,603.5529591836735,5.201396601117132,62.4362207755102,19.986436734693875,25.5894,1.571751129276098,24.6,16.920499999999997,5.828707239020332,6.869308714285708,1.087040816326521,-0.015396601117132036,7.413779224489794,-0.057436734693876446,0.028599999999997294,-0.0197511292760979,0.013999999999999346,-0.13249999999999673
126.5,CLIMB,COOLING_DEGRADATION,1.0,6192.26,86.22,604.4,5.166,69.64,19.886,25.563,1.581,24.607,17.057,6184.951385863837,79.71147671428572,603.5520408163266,5.201142955666415,62.430377224489796,19.984963265306117,25.589199999999998,1.5716951385863838,24.6,16.919,7.308614136163669,6.508523285714276,0.8479591836734244,-0.0351429556664149,7.209622775510205,-0.09896326530611788,-0.026199999999999335,0.009304861413616194,0.006999999999997897,0.13799999999999812
126.6,CLIMB,COOLING_DEGRADATION,1.0,6185.65,86.24,605.03,5.149,70.12,19.927,25.485,1.543,24.57,16.982,6184.423315011918,79.71160314285714,603.5231224489796,5.200903703261727,62.42486967346939,19.983089795918367,25.589,1.5715623315011917,24.6,16.9175,1.2266849880816153,6.528396857142852,1.5068775510203523,-0.05190370326172733,7.695130326530617,-0.05608979591836771,-0.1039999999999992,-0.028562331501191807,-0.030000000000001137,0.06449999999999889
126.7,CLIMB,COOLING_DEGRADATION,1.0,6185.38,86.19,604.66,5.09,69.83,20.024,25.644,1.589,24.53,17.025,6183.863430616294,79.70978857142858,603.5222040816327,5.2006846863793665,62.41342612244899,19.98161632653061,25.5888,1.5715063430616294,24.6,16.916,1.5165693837061553,6.4802114285714225,1.1377959183672601,-0.11068468637936668,7.416573877551009,0.042383673469391425,0.05519999999999925,0.017493656938370572,-0.07000000000000028,0.10899999999999821
126.8,CLIMB,COOLING_DEGRADATION,1.0,6191.1,86.16,608.1,5.174,69.76,19.952,25.653,1.559,24.562,17.026,6183.335376504,79.709915,603.4932857142858,5.200445427695625,62.407918571428574,19.97974285714286,25.5886,1.5713735376504,24.6,16.914500000000004,7.76462349600024,6.450085000000001,4.606714285714247,-0.026445427695624524,7.352081428571431,-0.027742857142857957,0.06439999999999912,-0.012373537650400168,-0.038000000000000256,0.11149999999999594
126.9,CLIMB,COOLING_DEGRADATION,1.0,6192.93,86.72,604.32,5.21,69.51,19.82,25.552,1.553,24.671,16.961,6183.253244135314,79.70768642857142,603.4973673469389,5.200472401255768,62.39668102040816,19.980069387755105,25.5886,1.5713653244135317,24.6,16.914500000000004,9.676755864686129,7.012313571428578,0.8226326530611914,0.009527598744232257,7.1133189795918454,-0.1600693877551045,-0.036599999999999966,-0.01836532441353178,0.07099999999999795,0.04649999999999466
127.0,CLIMB,COOLING_DEGRADATION,1.0,6192.04,86.76,605.09,5.17,69.79,19.837,25.563,1.567,24.547,16.964,6182.72520287569,79.70781285714286,603.4684489795918,5.200233137021728,62.391173469387766,19.978195918367348,25.5884,1.5712325202875692,24.6,16.913,9.314797124309734,7.05218714285715,1.6215510204082193,-0.03023313702172814,7.39882653061224,-0.14119591836734813,-0.0254000000000012,-0.004232520287569264,-0.053000000000000824,0.05099999999999838
127.1,CLIMB,COOLING_DEGRADATION,1.0,6195.19,86.92,605.71,5.216,69.59,19.931,25.667,1.552,24.618,17.05,6182.165357138156,79.70599828571429,603.4675306122449,5.200014101851165,62.379729918367346,19.97672244897959,25.5882,1.5711765357138157,24.6,16.911499999999997,13.024642861843859,7.214001714285715,2.2424693877551363,0.015985898148835,7.2102700816326575,-0.0457224489795891,0.07880000000000109,-0.019176535713815612,0.01799999999999713,0.13850000000000406
127.2,CLIMB,COOLING_DEGRADATION,1.0,6180.43,86.74,603.36,5.187,69.85,19.938,25.626,1.773,24.558,16.953,6181.637332619102,79.7061247142857,603.4386122448981,5.199774831340002,62.374222367346945,19.97484897959184,25.588,1.5710437332619103,24.6,16.91,-1.2073326191020897,7.033875285714288,-0.07861224489806773,-0.012774831340001569,7.475777632653049,-0.03684897959184141,0.038000000000000256,0.20195626673808964,-0.04200000000000159,0.04299999999999926
127.3,CLIMB,COOLING_DEGRADATION,1.0,6184.29,86.92,607.95,5.222,70.04,19.972,25.657,1.656,24.61,16.989,6181.109315030205,79.70625114285714,603.409693877551,5.199535558599861,62.36871481632653,19.97297551020408,25.5878,1.5709109315030207,24.6,16.9085,3.1806849697950383,7.2137488571428605,4.54030612244901,0.022464441400139812,7.671285183673476,-0.0009755102040784891,0.0691999999999986,0.08508906849697917,0.00999999999999801,0.08050000000000068
127.4,CLIMB,COOLING_DEGRADATION,1.0,6190.55,87.17,604.79,5.175,70.25,19.966,25.61,1.654,24.573,16.962,6180.549501605878,79.70443657142857,603.4087755102041,5.199316509091119,62.35727126530612,19.971502040816326,25.5876,1.570854950160588,24.6,16.907,10.000498394122587,7.4655634285714285,1.3812244897958408,-0.024316509091119265,7.892728734693883,-0.005502040816324438,0.022400000000001086,0.08314504983941196,-0.027000000000001023,0.054999999999999716
127.5,CLIMB,COOLING_DEGRADATION,1.0,6189.74,86.78,603.81,5.161,69.86,19.919,25.646,1.559,24.596,17.026,6180.4992020416,79.704149,603.3848571428572,5.199323238119263,62.351969714285715,19.97142857142857,25.5876,1.57076992020416,24.6,16.907,9.240797958399526,7.075851,0.42514285714275957,-0.03832323811926308,7.508030285714284,-0.05242857142857105,0.05840000000000245,-0.011769920204160123,-0.004000000000001336,0.11899999999999977
127.6,CLIMB,COOLING_DEGRADATION,1.0,6184.77,87.37,603.81,5.141,70.01,20.113,25.643,1.576,24.53,16.73,6179.939404774172,79.70233442857143,603.3839387755102,5.199104180618301,62.34052616326531,19.969955102040817,25.5874,1.570713940477417,24.6,16.905500000000004,4.830595225828802,7.6676655714285715,0.4260612244897857,-0.058104180618300916,7.669473836734696,0.1430448979591823,0.05560000000000187,0.0052860595225829865,-0.07000000000000028,-0.1755000000000031
127.7,CLIMB,COOLING_DEGRADATION,1.0,6191.59,86.0,603.15,5.156,69.65,20.154,25.496,1.577,24.6,16.934,6179.4114167808,79.70246085714285,603.3550204081632,5.198864896055114,62.3350186122449,19.96808163265306,25.5872,1.57058114167808,24.6,16.904,12.178583219199936,6.297539142857147,-0.20502040816325007,-0.04286489605511434,7.314981387755104,0.18591836734693956,-0.09120000000000061,0.006418858321920018,0.0,0.030000000000001137
127.8,CLIMB,COOLING_DEGRADATION,1.0,6197.03,86.19,601.66,5.159,69.97,19.887,25.65,1.641,24.582,16.777,6178.851642016326,79.7032462857143,603.3541020408163,5.198611226696899,62.32917506122449,19.96660816326531,25.587,1.5705251642016325,24.6,16.9025,18.178357983673777,6.4867537142856975,-1.6941020408163467,-0.039611226696899315,7.640824938775509,-0.07960816326530917,0.06299999999999883,0.07047483579836755,-0.018000000000000682,-0.12549999999999883
127.9,CLIMB,COOLING_DEGRADATION,1.0,6185.09,86.87,604.34,5.144,69.45,19.956,25.587,1.583,24.657,16.947,6178.323670765322,79.7007727142857,603.3251836734693,5.198406537429241,62.31806751020409,19.96473469387755,25.5868,1.5703923670765323,24.6,16.901,6.766329234677869,7.1692272857143,1.014816326530763,-0.05440653742924084,7.131932489795915,-0.00873469387754966,0.00019999999999953388,0.012607632923467671,0.05699999999999861,0.045999999999999375
128.0,CLIMB,COOLING_DEGRADATION,1.0,6194.66,86.84,604.08,5.216,70.08,20.077,25.559,1.595,24.681,16.97,6177.763918504066,79.70155814285715,603.3242653061224,5.198152863875569,62.312223959183676,19.9632612244898,25.5866,1.5703363918504067,24.6,16.8995,16.896081495933686,7.138441857142851,0.7557346938776845,0.01784713612443145,7.767776040816322,0.11373877551020328,-0.027599999999999625,0.02466360814959323,0.08099999999999952,0.07049999999999912
128.1,CLIMB,COOLING_DEGRADATION,1.0,6190.44,87.48,605.82,5.134,69.24,20.067,25.531,1.538,24.606,16.874,6177.7136345777635,79.69867057142858,603.3003469387754,5.198194179161968,62.301322408163266,19.963187755102044,25.5866,1.5702513634577764,24.6,16.8995,12.726365422236086,7.781329428571425,2.5196530612246306,-0.06419417916196757,6.938677591836729,0.10381224489795571,-0.05560000000000187,-0.03225136345777635,0.006000000000000227,-0.025500000000000966
128.2,CLIMB,COOLING_DEGRADATION,1.0,6179.38,87.22,604.44,5.163,70.04,20.134,25.645,1.535,24.664,16.848,6177.153898474057,79.699456,603.2994285714285,5.197940501035244,62.29547885714286,19.961714285714287,25.5864,1.570195389847406,24.6,16.897999999999996,2.226101525942795,7.520544000000001,1.1405714285715476,-0.034940501035244154,7.744521142857145,0.1722857142857137,0.05859999999999843,-0.035195389847406,0.06400000000000006,-0.04999999999999716
128.3,CLIMB,COOLING_DEGRADATION,1.0,6189.05,87.21,603.81,5.245,69.48,19.708,25.575,1.53,24.502,16.732,6176.6259568212245,79.69698242857145,603.2705102040817,5.197735790442623,62.28437130612245,19.959840816326533,25.5862,1.5700625956821224,24.6,16.8965,12.424043178775719,7.5130175714285485,0.5394897959182572,0.04726420955737698,7.195628693877552,-0.2518408163265349,-0.01120000000000232,-0.04006259568212234,-0.09800000000000253,-0.1645000000000003
128.4,CLIMB,COOLING_DEGRADATION,1.0,6180.81,86.21,605.69,5.124,69.66,20.146,25.63,1.526,24.623,16.843,6176.066243221225,79.69776785714288,603.2695918367347,5.197482108122509,62.27852775510205,19.958367346938775,25.586,1.5700066243221227,24.6,16.895,4.743756778775605,6.5122321428571155,2.4204081632653924,-0.07348210812250944,7.3814722448979495,0.18763265306122534,0.04400000000000048,-0.044006624322122656,0.022999999999999687,-0.0519999999999996
128.5,CLIMB,COOLING_DEGRADATION,1.0,6177.04,87.09,601.98,5.19,69.77,20.06,25.566,1.577,24.66,17.008,6175.538318312229,79.6978942857143,603.2406734693877,5.197242802153755,62.27302020408164,19.956493877551022,25.5858,1.569873831831223,24.6,16.893500000000003,1.5016816877705423,7.392105714285705,-1.2606734693877115,-0.007242802153754724,7.496979795918357,0.10350612244897661,-0.01980000000000004,0.00712616816877687,0.05999999999999872,0.11449999999999605
128.6,CLIMB,COOLING_DEGRADATION,1.0,6179.24,86.62,603.74,5.196,70.17,19.788,25.603,1.515,24.542,16.93,6175.010400335413,79.69542071428572,603.2117551020408,5.197038074017112,62.26191265306122,19.954620408163265,25.5856,1.5697410400335412,24.6,16.892000000000003,4.229599664587113,6.924579285714287,0.5282448979592118,-0.0010380740171118674,7.908087346938778,-0.16662040816326495,0.01740000000000208,-0.0547410400335413,-0.05799999999999983,0.0379999999999967
128.7,CLIMB,COOLING_DEGRADATION,1.0,6184.53,87.4,602.59,5.168,69.29,20.043,25.649,1.516,24.672,17.002,6174.928358930808,79.69579214285714,603.2158367346939,5.197030409530878,62.25627510204081,19.95494693877551,25.5856,1.5697328358930809,24.6,16.892000000000003,9.601641069191828,7.704207857142862,-0.6258367346938485,-0.02903040953087821,7.033724897959196,0.08805306122448897,0.06340000000000146,-0.053732835893080866,0.07199999999999918,0.10999999999999588
128.8,CLIMB,COOLING_DEGRADATION,1.0,6190.1,86.02,600.91,5.163,69.52,19.848,25.529,1.568,24.662,16.949,6174.400453810287,79.69331857142856,603.186918367347,5.196825672435448,62.245167551020415,19.953073469387753,25.5854,1.5696000453810288,24.6,16.8905,15.699546189713146,6.326681428571433,-2.2769183673469797,-0.033825672435447984,7.274832448979581,-0.10507346938775441,-0.056400000000000006,-0.0016000453810287585,0.06199999999999761,0.05850000000000222
128.9,CLIMB,COOLING_DEGRADATION,1.0,6194.14,86.77,603.46,5.147,69.29,20.026,25.53,1.544,24.632,16.858,6173.840788684801,79.694104,603.1859999999999,5.196571980265816,62.23932400000001,19.951600000000003,25.5852,1.5695440788684802,24.6,16.889000000000003,20.2992113151995,7.075896,0.2740000000001146,-0.04957198026581544,7.050675999999996,0.07439999999999714,-0.05519999999999925,-0.025544078868480202,0.03200000000000003,-0.03100000000000236
129.0,CLIMB,COOLING_DEGRADATION,1.0,6188.38,86.4,606.0,5.154,69.26,19.81,25.566,1.549,24.625,17.044,6173.312900309387,79.69423042857142,603.157081632653,5.196332660259472,62.233816448979596,19.949726530612246,25.585,1.569411290030939,24.6,16.8875,15.06709969061285,6.70576957142859,2.8429183673470106,-0.04233266025947202,7.026183551020409,-0.13972653061224705,-0.019000000000001904,-0.020411290030939,0.02499999999999858,0.1565000000000012
129.1,CLIMB,COOLING_DEGRADATION,1.0,6176.29,86.86,605.24,5.134,69.8,20.097,25.563,1.516,24.589,16.928,6172.753257688555,79.69241585714285,603.1561632653061,5.196113534452373,62.22237289795919,19.948253061224488,25.5848,1.5693553257688557,24.6,16.886,3.5367423114448684,7.167584142857152,2.083836734693932,-0.06211353445237222,7.5776271020408075,0.14874693877551337,-0.021800000000002484,-0.05335532576885571,-0.011000000000002785,0.04200000000000159
129.2,CLIMB,COOLING_DEGRADATION,1.0,6184.85,87.13,603.98,5.177,69.39,19.953,25.625,1.6,24.638,16.77,6172.225386058776,79.69254228571427,603.1272448979593,5.195874208178714,62.21686534693877,19.946379591836735,25.584600000000002,1.5692225386058776,24.6,16.8845,12.624613941224197,7.437457714285728,0.85275510204076,-0.018874208178714547,7.173134653061233,0.006620408163264813,0.040399999999998215,0.03077746139412252,0.038000000000000256,-0.1144999999999996
129.3,CLIMB,COOLING_DEGRADATION,1.0,6182.92,86.44,603.15,5.127,69.72,19.947,25.604,1.611,24.627,17.024,6172.143375118368,79.69031371428571,603.1313265306123,5.1959011040729965,62.20562779591837,19.94670612244898,25.584600000000002,1.5692143375118368,24.6,16.8845,10.776624881632415,6.74968628571429,0.018673469387636032,-0.06890110407299677,7.514372204081631,0.00029387755101950574,0.01939999999999742,0.04178566248816318,0.02699999999999747,0.13950000000000173
129.4,CLIMB,COOLING_DEGRADATION,1.0,6185.07,86.62,605.86,5.172,69.81,19.95,25.565,1.601,24.596,16.951,6171.615516346058,79.69044014285714,603.1024081632653,5.195661772258711,62.20012024489797,19.944832653061223,25.5844,1.569081551634606,24.6,16.883000000000003,13.45448365394168,6.929559857142863,2.7575918367347185,-0.02366177225871091,7.609879755102035,0.005167346938776518,-0.01939999999999742,0.031918448365394037,-0.004000000000001336,0.06799999999999784
129.5,CLIMB,COOLING_DEGRADATION,1.0,6174.75,86.46,602.73,5.124,69.53,19.909,25.529,1.639,24.611,16.879,6171.05591238916,79.68862557142859,603.1014897959184,5.1954426281903014,62.188676693877554,19.943359183673465,25.5842,1.5690255912389162,24.6,16.8815,3.6940876108401426,6.771374428571406,-0.3714897959183645,-0.07144262819030178,7.341323306122447,-0.03435918367346602,-0.05519999999999925,0.06997440876108385,0.010999999999999233,-0.0024999999999977263
129.6,CLIMB,COOLING_DEGRADATION,1.0,6188.97,86.97,600.12,5.198,69.62,19.798,25.537,1.609,24.601,16.966,6170.528070363429,79.688752,603.0725714285715,5.195203290110632,62.18316914285715,19.941485714285715,25.584,1.5688928070363428,24.6,16.880000000000003,18.44192963657133,7.281248000000005,-2.9525714285714457,0.0027967098893686426,7.436830857142851,-0.14348571428571688,-0.0470000000000006,0.04010719296365717,0.0009999999999976694,0.08599999999999852
129.7,CLIMB,COOLING_DEGRADATION,1.0,6180.16,86.01,602.72,5.218,69.72,19.978,25.499,1.534,24.667,16.983,6170.000235271576,79.68887842857143,603.0436530612245,5.194963949807245,62.17766159183674,19.93961224489796,25.5838,1.5687600235271575,24.6,16.8785,10.159764728424307,6.321121571428577,-0.32365306122449056,0.02303605019275512,7.5423384081632605,0.038387755102043286,-0.08480000000000132,-0.03476002352715746,0.06700000000000017,0.10450000000000159
129.8,CLIMB,COOLING_DEGRADATION,1.0,6180.22,86.35,605.52,5.223,69.84,19.905,25.499,1.564,24.495,16.935,6169.440663633307,79.68706385714285,603.0427346938776,5.194744791422011,62.16621804081633,19.938138775510208,25.5836,1.5687040663633307,24.6,16.877000000000002,10.779336366693315,6.6629361428571485,2.4772653061223764,0.028255208577989244,7.673781959183671,-0.033138775510206386,-0.08460000000000178,-0.00470406636333065,-0.10500000000000043,0.05799999999999628
129.9,CLIMB,COOLING_DEGRADATION,1.0,6172.37,87.0,605.39,5.174,69.28,19.942,25.524,1.565,24.622,16.879,6169.390426216752,79.68677628571429,603.0188163265306,5.194751484128711,62.160916489795916,19.938065306122454,25.5836,1.5686190426216753,24.6,16.877000000000002,2.97957378324827,7.313223714285712,2.3711836734694316,-0.020751484128710196,7.119083510204085,0.003934693877546636,-0.05959999999999965,-0.003619042621675339,0.021999999999998465,0.0019999999999988916
130.0,CLIMB,COOLING_DEGRADATION,1.0,6188.72,87.02,605.14,5.187,70.1,19.817,25.565,1.509,24.57,16.844,6168.83087073809,79.68496171428572,603.0178979591836,5.194532317763272,62.14947293877551,19.936591836734696,25.5834,1.5685630870738092,24.6,16.875500000000002,19.889129261910057,7.335038285714276,2.122102040816344,-0.007532317763272012,7.950527061224484,-0.11959183673469553,-0.01839999999999975,-0.05956308707380931,-0.030000000000001137,-0.031500000000001194
130.1,CLIMB,COOLING_DEGRADATION,1.0,6178.15,86.87,602.54,5.195,69.43,19.805,25.609,1.571,24.616,17.055,6168.303065252572,79.68508814285714,602.9889795918367,5.194292965658253,62.1439653877551,19.93471836734694,25.5832,1.5684303065252574,24.6,16.874,9.84693474742744,7.184911857142865,-0.4489795918367463,0.0007070343417474589,7.2860346122449045,-0.1297183673469391,0.025800000000000267,0.0025696934747425626,0.015999999999998238,0.18100000000000094
130.2,CLIMB,COOLING_DEGRADATION,1.0,6176.28,86.13,602.97,5.203,69.96,19.866,25.564,1.574,24.5,16.736,6167.743532280001,79.68587357142857,602.9880612244898,5.194039249655853,62.1381218367347,19.933244897959185,25.583,1.5683743532280001,24.6,16.872500000000002,8.536467719998655,6.444126428571423,-0.01806122448977021,0.008960750344146895,7.821878163265296,-0.06724489795918487,-0.01899999999999835,0.005625646771999948,-0.10000000000000142,-0.13650000000000162
130.3,CLIMB,COOLING_DEGRADATION,1.0,6177.1,86.05,604.47,5.228,69.43,19.897,25.564,1.642,24.654,16.864,6167.215743542857,79.6834,602.959142857143,5.1938344306526885,62.127014285714296,19.931371428571428,25.5828,1.568241574354286,24.6,16.871000000000002,9.884256457143238,6.366599999999991,1.5108571428570485,0.0341655693473113,7.302985714285711,-0.03437142857142916,-0.018799999999998818,0.073758425645714,0.053999999999998494,-0.0070000000000014495
130.4,CLIMB,COOLING_DEGRADATION,1.0,6181.3,87.49,606.27,5.194,69.68,19.87,25.563,1.551,24.605,16.765,6166.656233076637,79.68418542857144,602.958224489796,5.193580710467332,62.12117073469388,19.929897959183673,25.5826,1.5681856233076639,24.6,16.869500000000002,14.643766923362818,7.805814571428556,3.311775510204029,0.00041928953266801017,7.55882926530613,-0.059897959183672356,-0.019600000000000506,-0.017185623307663933,0.004999999999999005,-0.10450000000000159
130.5,CLIMB,COOLING_DEGRADATION,1.0,6173.68,86.17,604.85,5.183,69.56,19.865,25.592,1.609,24.589,16.828,6166.606011309976,79.68129785714287,602.9343061224489,5.193621927247664,62.11026918367347,19.92982448979592,25.5826,1.5681006011309977,24.6,16.869500000000002,7.073988690024635,6.488702142857136,1.9156938775511207,-0.010621927247663976,7.449730816326529,-0.06482448979592093,0.009399999999999409,0.04089939886900229,-0.011000000000002785,-0.04150000000000276
130.6,CLIMB,COOLING_DEGRADATION,1.0,6174.78,86.74,603.8,5.199,69.55,19.897,25.612,1.508,24.661,16.931,6166.046517004017,79.68208328571428,602.9333877551021,5.193368202499574,62.10442563265306,19.92835102040816,25.5824,1.5680446517004019,24.6,16.868000000000002,8.73348299598274,7.05791671428571,0.8666122448978513,0.005631797500425861,7.445574367346936,-0.031351020408163066,0.029599999999998516,-0.06004465170040185,0.06099999999999994,0.06299999999999883
130.7,CLIMB,COOLING_DEGRADATION,1.0,6168.57,86.65,604.47,5.147,69.43,19.905,25.536,1.505,24.607,16.712,6165.518757875854,79.67960971428572,602.9044693877551,5.1931633621969375,62.09331808163265,19.926477551020408,25.5822,1.5679118757875854,24.6,16.866500000000002,3.051242124145574,6.970390285714288,1.5655306122449701,-0.046163362196937285,7.336681918367354,-0.02147755102040705,-0.04619999999999891,-0.0629118757875855,0.006999999999997897,-0.1545000000000023
130.8,CLIMB,COOLING_DEGRADATION,1.0,6179.71,87.61,604.8,5.102,69.43,19.874,25.619,1.589,24.581,16.917,6164.959286076735,79.68039514285715,602.9035510204081,5.192909633267956,62.08747453061225,19.92500408163265,25.582,1.5678559286076734,24.6,16.865,14.750713923264811,7.929604857142849,1.8964489795918098,-0.09090963326795531,7.342525469387759,-0.05100408163265158,0.036999999999999034,0.021144071392326547,-0.019000000000001904,0.052000000000003155
130.9,CLIMB,COOLING_DEGRADATION,1.0,6167.49,87.35,601.24,5.141,69.26,19.865,25.688,1.606,24.543,17.104,6164.431543698416,79.68052157142856,602.8746326530612,5.192670259801242,62.08196697959184,19.923130612244897,25.5818,1.5677231543698416,24.6,16.863500000000002,3.0584563015836466,7.669478428571438,-1.6346326530612032,-0.0516702598012424,7.178033020408165,-0.05813061224489857,0.10619999999999763,0.03827684563015854,-0.05700000000000216,0.24049999999999727
131.0,CLIMB,COOLING_DEGRADATION,1.0,6176.21,87.8,604.8,5.16,69.22,19.877,25.626,1.606,24.576,16.761,6163.903808256,79.67804799999999,602.8457142857142,5.192465401974986,62.07085942857143,19.921257142857144,25.5816,1.5675903808256,24.6,16.862,12.306191743999989,8.121952000000007,1.9542857142857883,-0.03246540197498593,7.149140571428568,-0.04425714285714477,0.04439999999999955,0.03840961917440011,-0.02400000000000091,-0.10099999999999909
131.1,CLIMB,COOLING_DEGRADATION,1.0,6175.07,86.04,603.11,5.16,69.91,19.876,25.529,1.599,24.565,16.793,6163.821888292571,79.67841942857142,602.8497959183672,5.192457722099107,62.06522187755102,19.92158367346939,25.5816,1.5675821888292572,24.6,16.862,11.248111707428507,6.36158057142859,0.26020408163276443,-0.03245772209910669,7.844778122448979,-0.04558367346938752,-0.052600000000001756,0.031417811170742826,-0.03500000000000014,-0.06899999999999906
131.2,CLIMB,COOLING_DEGRADATION,1.0,6172.92,86.4,605.77,5.155,70.01,19.864,25.496,1.588,24.62,17.026,6163.29416571125,79.67594585714286,602.8208775510204,5.19225285532544,62.054114326530616,19.919710204081632,25.5814,1.567449416571125,24.6,16.860500000000002,9.625834288750411,6.724054142857142,2.9491224489795513,-0.03725285532543943,7.955885673469389,-0.055710204081631076,-0.08539999999999992,0.020550583428875058,0.019999999999999574,0.16549999999999798
131.3,CLIMB,COOLING_DEGRADATION,1.0,6163.74,86.18,606.37,5.173,70.16,19.688,25.533,1.512,24.565,16.8,6162.734742394776,79.67673128571428,602.8199591836735,5.191999116575215,62.048270775510204,19.918236734693878,25.5812,1.5673934742394775,24.6,16.859,1.0052576052239601,6.503268714285724,3.5500408163264865,-0.018999116575215247,8.111729224489793,-0.23023673469387873,-0.0481999999999978,-0.05539347423947749,-0.03500000000000014,-0.05900000000000105
131.4,CLIMB,COOLING_DEGRADATION,1.0,6170.38,86.41,605.84,5.149,69.4,20.02,25.607,1.57,24.63,16.751,6162.207036564571,79.67685771428572,602.7910408163266,5.1917597290975905,62.0427632244898,19.916363265306124,25.581,1.5672607036564574,24.6,16.8575,8.172963435428755,6.73314228571428,3.048959183673446,-0.042759729097590515,7.357236775510202,0.10363673469387535,0.0259999999999998,0.002739296343542641,0.029999999999997584,-0.10650000000000048
131.5,CLIMB,COOLING_DEGRADATION,1.0,6164.77,86.58,603.79,5.12,69.59,20.001,25.644,1.634,24.563,16.817,6161.647635755886,79.67504314285715,602.7901224489796,5.191540494529564,62.0313196734694,19.914889795918373,25.5808,1.5672047635755886,24.6,16.856,3.1223642441145785,6.9049568571428495,0.9998775510204041,-0.07154049452956368,7.558680326530606,0.08611020408162773,0.06319999999999837,0.06679523642441132,-0.037000000000002586,-0.03900000000000148
131.6,CLIMB,COOLING_DEGRADATION,1.0,6166.53,86.75,608.11,5.187,69.32,19.952,25.566,1.535,24.582,16.878,6161.119946677322,79.67516957142857,602.7612040816326,5.191301100796366,62.025812122448976,19.913016326530613,25.5806,1.5670719946677323,24.6,16.8545,5.410053322677413,7.074830428571431,5.3487959183673865,-0.004301100796365809,7.294187877551018,0.03898367346938869,-0.0146000000000015,-0.03207199466773236,-0.018000000000000682,0.023499999999998522
131.7,CLIMB,COOLING_DEGRADATION,1.0,6178.17,88.01,605.63,5.18,69.41,20.051,25.614,1.648,24.557,16.857,6161.0380571821715,79.672941,602.7652857142857,5.191327919131126,62.01457457142857,19.913342857142858,25.5806,1.5670638057182174,24.6,16.8545,17.13194281782853,8.33705900000001,2.8647142857142853,-0.011327919131126407,7.3954254285714285,0.13765714285714026,0.03340000000000032,0.08093619428178256,-0.043000000000002814,0.0024999999999977263
131.8,CLIMB,COOLING_DEGRADATION,1.0,6174.06,87.01,602.06,5.219,69.75,20.012,25.591,1.561,24.626,16.902,6160.5103809658785,79.67306742857143,602.7363673469388,5.191088519866977,62.00906702040816,19.911469387755105,25.5804,1.5669310380965877,24.6,16.853,13.54961903412186,7.3369325714285765,-0.6763673469388323,0.02791148013302358,7.74093297959184,0.10053061224489568,0.010600000000000165,-0.005931038096587793,0.0259999999999998,0.04899999999999949
131.9,CLIMB,COOLING_DEGRADATION,1.0,6169.84,87.77,603.51,5.209,69.57,19.951,25.594,1.563,24.644,16.76,6159.951018826971,79.67125285714286,602.7354489795919,5.190869267064537,61.99762346938776,19.90999591836735,25.5802,1.5668751018826972,24.6,16.8515,9.888981173028697,8.098747142857135,0.7745510204081256,0.018130732935462746,7.572376530612232,0.041004081632650013,0.013799999999999812,-0.0038751018826972405,0.04399999999999693,-0.09149999999999991
132.0,CLIMB,COOLING_DEGRADATION,1.0,6174.49,87.43,602.11,5.195,69.48,19.734,25.555,1.599,24.525,16.864,6159.423359363266,79.67137928571428,602.7065306122448,5.190629861546748,61.99211591836735,19.908122448979594,25.58,1.5667423359363268,24.6,16.85,15.06664063673361,7.758620714285726,-0.5965306122448055,0.004370138453252181,7.487884081632657,-0.17412244897959184,-0.02499999999999858,0.03225766406367314,-0.07500000000000284,0.013999999999999346
132.1,CLIMB,COOLING_DEGRADATION,1.0,6169.96,87.33,604.4,5.142,69.39,19.951,25.533,1.659,24.682,17.016,6158.895706837159,79.67150571428571,602.6776122448979,5.190390453810503,61.986608367346946,19.906248979591837,25.5798,1.566609570683716,24.6,16.8485,11.06429316284084,7.6584942857142835,1.7223877551020905,-0.04839045381050244,7.403391632653054,0.04475102040816381,-0.04679999999999751,0.09239042931628405,0.08199999999999719,0.16749999999999687
132.2,CLIMB,COOLING_DEGRADATION,1.0,6172.54,87.07,602.77,5.159,69.47,20.032,25.661,1.523,24.584,16.959,6158.336377022302,79.66969114285715,602.676693877551,5.190171186712599,61.97516481632654,19.904775510204082,25.5796,1.5665536377022302,24.6,16.847,14.203622977697705,7.400308857142846,0.09330612244900749,-0.031171186712598775,7.494835183673459,0.1272244897959176,0.08140000000000214,-0.04355363770223031,-0.01600000000000179,0.11199999999999832
132.3,CLIMB,COOLING_DEGRADATION,1.0,6167.35,86.98,603.94,5.178,69.42,20.019,25.553,1.62,24.565,16.896,6158.286201801796,79.66940357142857,602.6527755102042,5.190177843170764,61.969863265306124,19.904702040816325,25.5796,1.5664686201801796,24.6,16.847,9.063798198204495,7.310596428571429,1.2872244897959035,-0.012177843170763758,7.450136734693878,0.11429795918367347,-0.026599999999998403,0.05353137981982048,-0.03500000000000014,0.04899999999999949
132.4,CLIMB,COOLING_DEGRADATION,1.0,6173.05,87.07,601.44,5.174,69.24,19.993,25.586,1.527,24.63,16.817,6157.726888149257,79.667589,602.6518571428572,5.189958568104675,61.95841971428572,19.903228571428567,25.5794,1.5664126888149257,24.6,16.8455,15.323111850742862,7.4024109999999865,-1.211857142857184,-0.015958568104674775,7.281580285714277,0.0897714285714315,0.006599999999998829,-0.03941268881492577,0.029999999999997584,-0.02850000000000108
132.5,CLIMB,COOLING_DEGRADATION,1.0,6163.64,87.15,603.18,5.198,69.22,19.924,25.656,1.529,24.578,16.848,6157.199265240294,79.66771542857143,602.6229387755103,5.1897191485882175,61.9529121632653,19.901355102040817,25.5792,1.5662799265240295,24.6,16.844,6.440734759706174,7.482284571428579,0.5570612244896438,0.008280851411782919,7.267087836734696,0.02264489795918223,0.07679999999999865,-0.03727992652402956,-0.022000000000002018,0.003999999999997783
132.6,CLIMB,COOLING_DEGRADATION,1.0,6162.11,87.02,603.99,5.156,69.47,20.0,25.586,1.598,24.715,16.744,6156.63997409698,79.66850085714286,602.6220204081633,5.1894653860799735,61.9470686122449,19.89988163265306,25.579,1.566223997409698,24.6,16.8425,5.470025903019632,7.351499142857136,1.367979591836729,-0.03346538607997385,7.522931387755101,0.10011836734694057,0.006999999999997897,0.031776002590302,0.11499999999999844,-0.09850000000000136
132.7,CLIMB,COOLING_DEGRADATION,1.0,6162.94,86.93,603.58,5.18,69.49,20.096,25.626,1.525,24.588,16.615,6156.1123679424,79.66602728571428,602.5931020408163,5.189260437497189,61.9359610612245,19.898008163265306,25.5788,1.5660912367942401,24.6,16.841,6.827632057599658,7.263972714285728,0.9868979591836933,-0.009260437497188967,7.554038938775491,0.197991836734694,0.04720000000000013,-0.041091236794240205,-0.012000000000000455,-0.22600000000000264
132.8,CLIMB,COOLING_DEGRADATION,1.0,6152.68,86.78,606.01,5.129,69.19,19.92,25.566,1.615,24.637,16.792,6155.553099308571,79.66681271428571,602.5921836734694,5.1890066708184905,61.930117510204084,19.896534693877552,25.5786,1.566035309930857,24.6,16.8395,-2.8730993085709997,7.1131872857142895,3.4178163265305557,-0.06000667081849098,7.259882489795913,0.023465306122449903,-0.012600000000002609,0.048964690069142947,0.036999999999999034,-0.04749999999999943
132.9,CLIMB,COOLING_DEGRADATION,1.0,6160.35,87.17,603.56,5.19,69.63,19.94,25.501,1.697,24.643,16.838,6155.502939749877,79.66392514285714,602.5682653061225,5.189047789191166,61.919215959183674,19.896461224489794,25.5786,1.5659502939749876,24.6,16.8395,4.847060250122922,7.506074857142863,0.9917346938774472,0.0009522108088342307,7.710784040816321,0.04353877551020702,-0.07760000000000034,0.13104970602501242,0.04299999999999926,-0.0015000000000000568
133.0,CLIMB,COOLING_DEGRADATION,1.0,6154.08,87.12,601.78,5.122,69.85,20.067,25.608,1.594,24.579,16.9,6154.943687279021,79.66471057142859,602.5673469387756,5.188794017960053,61.91337240816326,19.89498775510204,25.5784,1.5658943687279019,24.6,16.838,-0.8636872790211783,7.455289428571419,-0.7873469387756131,-0.0667940179600528,7.936627591836732,0.1720122448979602,0.02960000000000207,0.028105631272098197,-0.021000000000000796,0.06199999999999761
133.1,CLIMB,COOLING_DEGRADATION,1.0,6172.14,87.11,605.23,5.19,69.23,19.9,25.594,1.53,24.584,16.876,6154.416110744229,79.66223700000002,602.5384285714285,5.188589048103296,61.90226485714287,19.893114285714283,25.5782,1.5657616110744228,24.6,16.8365,17.72388925577161,7.447762999999981,2.6915714285714785,0.001410951896704482,7.3277351428571365,0.006885714285715494,0.015800000000002257,-0.03576161107442277,-0.01600000000000179,0.03950000000000031
133.2,CLIMB,COOLING_DEGRADATION,1.0,6163.3,87.53,601.58,5.094,69.09,19.738,25.539,1.483,24.575,16.932,6153.856880783347,79.66302242857145,602.5375102040816,5.188335272703795,61.896421306122456,19.89164081632653,25.578,1.5657056880783347,24.6,16.835,9.443119216653031,7.866977571428549,-0.9575102040815864,-0.09433527270379471,7.193578693877548,-0.15364081632652926,-0.038999999999997925,-0.08270568807833456,-0.02500000000000213,0.09699999999999775
133.3,CLIMB,COOLING_DEGRADATION,1.0,6159.52,86.03,603.47,5.117,70.26,19.842,25.606,1.637,24.557,16.935,6153.329321004408,79.66314885714286,602.5085918367348,5.188095831869532,61.89091375510205,19.88976734693878,25.5778,1.5655729321004408,24.6,16.8335,6.190678995592862,6.3668511428571435,0.9614081632652187,-0.07109583186953206,8.369086244897957,-0.047767346938780264,0.02820000000000178,0.07142706789955922,-0.043000000000002814,0.10149999999999793
133.4,CLIMB,COOLING_DEGRADATION,1.0,6156.57,87.71,605.34,5.122,69.08,19.95,25.572,1.516,24.562,16.909,6152.801768165094,79.66067528571429,602.4796734693879,5.1878908445095675,61.87980620408163,19.88789387755102,25.5776,1.5654401768165092,24.6,16.832,3.768231834906146,8.049324714285703,2.8603265306121557,-0.06589084450956761,7.200193795918366,0.06210612244898073,-0.00560000000000116,-0.04944017681650914,-0.038000000000000256,0.07699999999999818
133.5,CLIMB,COOLING_DEGRADATION,1.0,6163.4,88.05,603.48,5.149,69.31,19.922,25.64,1.527,24.566,16.791,6152.71996965982,79.66104671428572,602.483755102041,5.1878831493249065,61.87416865306122,19.888220408163264,25.5776,1.565431996965982,24.6,16.832,10.680030340179655,8.38895328571428,0.996244897959059,-0.03888314932490644,7.435831346938784,0.033779591836736955,0.06240000000000023,-0.038431996965982096,-0.03400000000000247,-0.04100000000000037
133.6,CLIMB,COOLING_DEGRADATION,1.0,6152.54,88.09,603.08,5.185,68.91,19.823,25.509,1.589,24.508,16.8,6152.192429686401,79.65857314285714,602.4548367346938,5.1876781530289096,61.863061102040824,19.886346938775514,25.5774,1.56529924296864,24.6,16.8305,0.34757031359913526,8.431426857142867,0.6251632653062416,-0.0026781530289099464,7.046938897959173,-0.06334693877551345,-0.06840000000000046,0.023700757031359876,-0.0920000000000023,-0.03049999999999997
133.7,CLIMB,COOLING_DEGRADATION,1.0,6165.08,86.84,604.22,5.091,68.92,19.895,25.534,1.527,24.656,16.761,6151.633248216294,79.65935857142857,602.4539183673469,5.187424367836445,61.85721755102041,19.884873469387756,25.5772,1.5652433248216295,24.6,16.829,13.446751783705622,7.180641428571434,1.7660816326531403,-0.0964243678364447,7.06278244897959,0.010126530612243556,-0.04320000000000235,-0.03824332482162962,0.055999999999997385,-0.06800000000000139
133.8,CLIMB,COOLING_DEGRADATION,1.0,6164.39,86.01,603.54,5.161,69.48,19.628,25.538,1.519,24.619,16.751,6151.105725,79.65948499999999,602.425,5.18718491301796,61.851710000000004,19.883,25.576999999999998,1.5651105725,24.6,16.8275,13.28427499999998,6.350515000000016,1.115000000000009,-0.026184913017960554,7.62829,-0.254999999999999,-0.038999999999997925,-0.04611057250000017,0.01899999999999835,-0.07649999999999935
133.9,CLIMB,COOLING_DEGRADATION,1.0,6161.84,86.4,606.96,5.213,69.01,19.875,25.529,1.557,24.525,16.918,6150.546566040816,79.65767042857142,602.424081632653,5.186965569852853,61.84026644897959,19.88152653061225,25.5768,1.5650546566040815,24.6,16.826,11.293433959183858,6.742329571428584,4.535918367346994,0.026034430147147347,7.169733551020414,-0.0065265306122483935,-0.04779999999999873,-0.008054656604081556,-0.07500000000000284,0.09199999999999875
134.0,CLIMB,COOLING_DEGRADATION,1.0,6165.52,85.98,603.02,5.126,68.94,19.957,25.589,1.487,24.584,16.727,6150.019059582172,79.65779685714286,602.3951632653061,5.186726108790543,61.834758897959176,19.87965306122449,25.5766,1.5649219059582173,24.6,16.8245,15.500940417828133,6.322203142857148,0.6248367346938721,-0.06072610879054263,7.1052411020408215,0.07734693877550924,0.012399999999999523,-0.07792190595821724,-0.01600000000000179,-0.09750000000000014
134.1,CLIMB,COOLING_DEGRADATION,1.0,6162.39,87.43,602.28,5.13,68.9,19.905,25.636,1.549,24.589,16.689,6149.937291549258,79.6555682857143,602.3992448979591,5.186752849672139,61.823521346938776,19.879979591836737,25.5766,1.564913729154926,24.6,16.8245,12.452708450742648,7.774431714285711,-0.11924489795910631,-0.05675284967213923,7.07647865306123,0.025020408163264563,0.05940000000000012,-0.01591372915492606,-0.011000000000002785,-0.1355000000000004
134.2,CLIMB,COOLING_DEGRADATION,1.0,6160.41,86.86,604.97,5.22,69.39,20.07,25.602,1.632,24.534,16.845,6149.409797957682,79.65569471428572,602.3703265306121,5.186513383088552,61.81801379591837,19.878106122448976,25.5764,1.5647809797957684,24.6,16.823,11.000202042318051,7.204305285714284,2.5996734693878807,0.03348661691144805,7.571986204081632,0.19189387755102416,0.025600000000000733,0.06721902020423154,-0.0660000000000025,0.021999999999998465
134.3,CLIMB,COOLING_DEGRADATION,1.0,6154.37,87.35,602.63,5.149,69.41,19.827,25.582,1.413,24.612,16.861,6148.850677674122,79.65388014285715,602.3694081632652,5.186294021715938,61.80657024489796,19.876632653061225,25.5762,1.5647250677674123,24.6,16.8215,5.519322325877511,7.696119857142847,0.2605918367347613,-0.03729402171593765,7.6034297551020344,-0.049632653061223664,0.0058000000000006935,-0.15172506776741224,0.011999999999996902,0.03950000000000031
134.4,CLIMB,COOLING_DEGRADATION,1.0,6156.14,87.36,601.17,5.184,68.98,19.786,25.7,1.555,24.616,16.633,6148.323200841143,79.65400657142857,602.3404897959183,5.186054548890457,61.801062693877554,19.874759183673465,25.576,1.5645923200841145,24.6,16.82,7.816799158857066,7.705993428571432,-1.1704897959183427,-0.0020545488904568643,7.1789373061224495,-0.08875918367346358,0.12399999999999878,-0.009592320084114592,0.015999999999998238,-0.18700000000000117
134.5,CLIMB,COOLING_DEGRADATION,1.0,6152.62,86.96,604.37,5.208,68.89,19.763,25.585,1.523,24.583,16.812,6147.795730949486,79.654133,602.3115714285715,5.185815073851792,61.795555142857154,19.872885714285715,25.5758,1.5644595730949487,24.6,16.8185,4.824269050513976,7.305866999999992,2.0584285714285215,0.022184926148208106,7.094444857142847,-0.10988571428571348,0.009199999999999875,-0.04145957309494874,-0.017000000000003013,-0.006499999999999062
134.6,CLIMB,COOLING_DEGRADATION,1.0,6157.97,86.35,603.1,5.173,69.01,19.725,25.545,1.536,24.616,16.786,6147.236642995396,79.65231842857142,602.3106530612245,5.1855956982050735,61.784111591836734,19.871412244897957,25.5756,1.5644036642995396,24.6,16.817,10.733357004603931,6.697681571428575,0.7893469387755658,-0.012595698205073447,7.2258884081632715,-0.1464122448979559,-0.03059999999999974,-0.028403664299539555,0.015999999999998238,-0.030999999999998806
134.7,CLIMB,COOLING_DEGRADATION,1.0,6153.63,86.39,603.65,5.161,69.03,19.921,25.517,1.568,24.538,16.644,6147.186530019265,79.65203085714286,602.2867346938775,5.185602318487648,61.778810040816325,19.871338775510203,25.5756,1.5643186530019266,24.6,16.817,6.4434699807352445,6.737969142857139,1.3632653061224573,-0.02460231848764849,7.251189959183677,0.04966122448979604,-0.058600000000001984,0.0036813469980734315,-0.062000000000001165,-0.17300000000000182
134.8,CLIMB,COOLING_DEGRADATION,1.0,6146.41,87.1,602.87,5.169,69.72,19.974,25.526,1.528,24.588,16.73,6146.627458230205,79.65021628571428,602.2858163265306,5.185382934884771,61.76736648979592,19.86986530612245,25.5754,1.5642627458230205,24.6,16.8155,-0.2174582302050112,7.449783714285715,0.584183673469397,-0.016382934884771494,7.95263351020408,0.10413469387755114,-0.049399999999998556,-0.03626274582302047,-0.012000000000000455,-0.08549999999999969
134.9,CLIMB,COOLING_DEGRADATION,1.0,6151.44,87.02,603.41,5.159,69.05,19.838,25.63,1.531,24.585,16.764,6146.100017966499,79.65034271428571,602.2568979591837,5.185143448087317,61.76185893877551,19.867991836734692,25.5752,1.5641300017966497,24.6,16.814,5.339982033500746,7.369657285714283,1.153102040816293,-0.026143448087316834,7.288141061224486,-0.02999183673469119,0.05480000000000018,-0.03313000179664982,-0.015000000000000568,-0.05000000000000071
135.0,CLIMB,COOLING_DEGRADATION,1.0,6157.38,87.32,603.98,5.103,69.36,19.982,25.656,1.543,24.516,16.915,6145.540968689796,79.65112814285715,602.2559795918368,5.184889639211595,61.756015387755106,19.866518367346934,25.575,1.5640740968689795,24.6,16.8125,11.839031310204518,7.668871857142847,1.7240204081632555,-0.08188963921159509,7.6039846122448935,0.11548163265306499,0.08099999999999952,-0.02107409686897954,-0.08400000000000318,0.10249999999999915
135.1,CLIMB,COOLING_DEGRADATION,1.0,6153.47,86.77,604.96,5.133,68.93,19.958,25.531,1.579,24.551,16.699,6145.013545186482,79.6486545714286,602.2270612244898,5.184684561205134,61.7449078367347,19.864644897959185,25.5748,1.5639413545186482,24.6,16.811,8.456454813518576,7.121345428571402,2.732938775510206,-0.05168456120513376,7.18509216326531,0.09335510204081388,-0.04380000000000095,0.015058645481351718,-0.04900000000000304,-0.11199999999999832
135.2,CLIMB,COOLING_DEGRADATION,1.0,6153.81,87.11,604.99,5.124,69.04,19.763,25.614,1.543,24.632,16.987,6144.454518422401,79.64944000000001,602.2261428571428,5.184430748171463,61.73906428571429,19.863171428571427,25.5746,1.56388545184224,24.6,16.8095,9.355481577599676,7.460559999999987,2.763857142857205,-0.060430748171463655,7.300935714285714,-0.10017142857142503,0.039400000000000546,-0.02088545184224011,0.03200000000000003,0.17749999999999844
135.3,CLIMB,COOLING_DEGRADATION,1.0,6150.55,86.68,603.59,5.203,69.21,19.76,25.599,1.536,24.531,16.797,6144.40442112,79.64655242857144,602.2022244897959,5.184471768234932,61.72816273469387,19.863097959183673,25.5746,1.563800442112,24.6,16.8095,6.1455788800003575,7.033447571428567,1.3877755102041647,0.018528231765068348,7.481837265306126,-0.10309795918367115,0.024399999999999977,-0.027800442111999946,-0.06900000000000261,-0.01249999999999929
135.4,CLIMB,COOLING_DEGRADATION,1.0,6154.1,87.19,601.27,5.178,69.03,19.819,25.6,1.49,24.596,16.792,6143.8454105216,79.64733785714287,602.201306122449,5.184217950659166,61.72231918367347,19.861624489795922,25.5744,1.56374454105216,24.6,16.808,10.254589478400703,7.542662142857125,-0.9313061224489729,-0.006217950659165972,7.307680816326531,-0.042624489795922926,0.025600000000000733,-0.07374454105216,-0.004000000000001336,-0.015999999999998238
135.5,CLIMB,COOLING_DEGRADATION,1.0,6153.23,87.09,602.17,5.225,69.44,19.874,25.56,1.63,24.559,16.869,6143.358864264621,79.64337857142856,602.1703469387755,5.184033906920814,61.71123040816327,19.85958775510204,25.5742,1.563615886426462,24.6,16.8065,9.87113573537863,7.446621428571447,-0.0003469387755785647,0.040966093079185306,7.7287695918367305,0.014412244897958004,-0.014200000000002433,0.0663841135735379,-0.04100000000000037,0.0625
135.6,CLIMB,COOLING_DEGRADATION,1.0,6148.94,87.58,605.6,5.096,69.42,19.731,25.627,1.548,24.682,16.776,6142.799873005714,79.644164,602.1694285714286,5.183780083793488,61.70538685714286,19.858114285714286,25.574,1.5635599873005712,24.6,16.805,6.1401269942853105,7.935835999999995,3.4305714285713975,-0.08778008379348812,7.714613142857139,-0.12711428571428485,0.05299999999999727,-0.015559987300571176,0.08199999999999719,-0.028999999999999915
135.7,CLIMB,COOLING_DEGRADATION,1.0,6158.58,86.5,599.55,5.163,69.09,19.766,25.55,1.467,24.639,16.606,6142.272492931347,79.64429042857142,602.1405102040817,5.183540574421002,61.699879306122455,19.85624081632653,25.5738,1.5634272492931347,24.6,16.8035,16.30750706865274,6.8557095714285765,-2.5905102040817383,-0.020540574421001878,7.390120693877549,-0.09024081632653136,-0.023799999999997823,-0.09642724929313462,0.038999999999997925,-0.197499999999998
135.8,CLIMB,COOLING_DEGRADATION,1.0,6152.98,86.72,603.94,5.182,69.37,19.82,25.625,1.501,24.631,16.671,6141.745119800294,79.64181685714286,602.1115918367348,5.1833354566107985,61.68877175510204,19.854367346938776,25.5736,1.5632945119800292,24.6,16.802,11.234880199705913,7.078183142857142,1.8284081632652942,-0.001335456610798147,7.681228244897966,-0.03436734693877597,0.051400000000001,-0.06229451198002933,0.030999999999998806,-0.13100000000000023
135.9,CLIMB,COOLING_DEGRADATION,1.0,6148.75,85.94,601.99,5.126,69.19,19.964,25.58,1.537,24.62,16.9,6141.663442770156,79.64218828571428,602.1156734693878,5.183327746429997,61.68313420408163,19.85469387755102,25.5736,1.5632863442770155,24.6,16.802,7.086557229844402,6.297811714285714,-0.1256734693878343,-0.05732774642999683,7.506865795918365,0.1093061224489773,0.006399999999999295,-0.026286344277015594,0.019999999999999574,0.09799999999999898
136.0,CLIMB,COOLING_DEGRADATION,1.0,6138.08,87.45,601.23,5.16,68.98,19.898,25.531,1.548,24.544,16.792,6141.136082509764,79.63971471428572,602.0867551020408,5.183122619695045,61.672026653061224,19.852820408163268,25.5734,1.5631536082509765,24.6,16.8005,-3.0560825097636553,7.810285285714286,-0.8567551020407791,-0.023122619695044477,7.30797334693878,0.0451795918367317,-0.04240000000000066,-0.015153608250976447,-0.05600000000000094,-0.008499999999997954
136.1,CLIMB,COOLING_DEGRADATION,1.0,6148.58,87.0,600.94,5.164,70.1,19.911,25.592,1.536,24.622,16.678,6140.577139749715,79.64050014285715,602.0858367346939,5.182868786802823,61.66618310204082,19.85134693877551,25.5732,1.5630977139749715,24.6,16.799,8.002860250285266,7.3594998571428505,-1.1458367346938303,-0.018868786802823223,8.433816897959176,0.05965306122449121,0.018799999999998818,-0.027097713974971516,0.021999999999998465,-0.12099999999999866
136.2,CLIMB,COOLING_DEGRADATION,1.0,6160.62,86.51,604.33,5.157,69.44,19.973,25.599,1.495,24.598,16.827,6140.049796252409,79.64062657142857,602.056918367347,5.182629263472569,61.66067555102041,19.849473469387757,25.573,1.562964979625241,24.6,16.7975,20.570203747591222,6.869373428571436,2.2730816326530885,-0.025629263472568553,7.779324448979587,0.12352653061224217,0.0259999999999998,-0.06796497962524084,-0.0020000000000024443,0.029500000000002302
136.3,CLIMB,COOLING_DEGRADATION,1.0,6149.25,87.38,602.58,5.107,68.79,19.837,25.548,1.64,24.601,16.711,6139.4908760064,79.638812,602.056,5.18240981070691,61.649232000000005,19.848,25.5728,1.56290908760064,24.6,16.796,9.759123993600042,7.741187999999994,0.5240000000000009,-0.07540981070691011,7.140768000000001,-0.010999999999999233,-0.024800000000002598,0.07709091239935995,0.0009999999999976694,-0.08500000000000085
136.4,CLIMB,COOLING_DEGRADATION,1.0,6149.2,86.74,602.16,5.182,69.07,19.709,25.611,1.619,24.654,16.811,6138.963549272702,79.63893842857144,602.0270816326531,5.1821702811444705,61.6437244489796,19.846126530612242,25.5726,1.5627763549272702,24.6,16.7945,10.236450727297779,7.101061571428559,0.13291836734686058,-0.0001702811444701524,7.426275551020396,-0.13712653061224245,0.038399999999999324,0.05622364507272981,0.053999999999998494,0.016500000000000625
136.5,CLIMB,COOLING_DEGRADATION,1.0,6151.16,87.07,602.34,5.146,68.85,19.864,25.432,1.588,24.701,16.746,6138.881902719005,79.63670985714286,602.0311632653061,5.182196945139575,61.63248689795918,19.846453061224487,25.5726,1.5627681902719006,24.6,16.7945,12.278097280995098,7.433290142857132,0.3088367346939549,-0.03619694513957494,7.217513102040812,0.01754693877551361,-0.14060000000000272,0.025231809728099464,0.10099999999999909,-0.048500000000000654
136.6,CLIMB,COOLING_DEGRADATION,1.0,6148.4,87.87,605.32,5.133,68.89,19.832,25.633,1.564,24.614,16.786,6138.354588857143,79.63683628571428,602.0022448979593,5.181957410065457,61.62697934693878,19.844579591836737,25.572400000000002,1.5626354588857143,24.6,16.793,10.04541114285621,8.233163714285723,3.317755102040792,-0.04895741006545684,7.2630206530612185,-0.012579591836736626,0.06059999999999732,0.0013645411142857444,0.013999999999999346,-0.006999999999997897
136.7,CLIMB,COOLING_DEGRADATION,1.0,6142.89,88.02,603.09,5.163,69.29,19.705,25.532,1.581,24.664,16.758,6137.795707292571,79.63502171428571,602.0013265306122,5.181737939118971,61.61553579591837,19.84310612244898,25.5722,1.5625795707292573,24.6,16.7915,5.094292707429304,8.384978285714283,1.0886734693877997,-0.018737939118970814,7.674464204081637,-0.13810612244898124,-0.04019999999999868,0.01842042927074261,0.06400000000000006,-0.033500000000000085
136.8,CLIMB,COOLING_DEGRADATION,1.0,6145.23,86.7,604.21,5.127,69.14,19.881,25.621,1.508,24.563,16.81,6137.2684101952655,79.63514814285713,601.9724081632653,5.181498397814604,61.61002824489796,19.841232653061223,25.572,1.5624468410195267,24.6,16.79,7.961589804734103,7.06485185714287,2.2375918367347367,-0.05449839781460408,7.529971755102039,0.03976734693877759,0.04899999999999949,-0.05444684101952668,-0.037000000000002586,0.019999999999999574
136.9,CLIMB,COOLING_DEGRADATION,1.0,6141.4,88.15,601.22,5.135,69.13,19.909,25.543,1.522,24.717,17.068,6136.741120042972,79.63527457142857,601.9434897959184,5.181258854302268,61.604520693877554,19.839359183673473,25.5718,1.5623141120042972,24.6,16.7885,4.658879957027239,8.514725428571438,-0.72348979591834,-0.04625885430226795,7.525479306122442,0.06964081632652608,-0.02880000000000038,-0.04031411200429713,0.11699999999999733,0.2795000000000023
137.0,CLIMB,COOLING_DEGRADATION,1.0,6140.74,86.66,602.79,5.094,68.56,19.873,25.501,1.569,24.637,16.882,6136.182270813258,79.63346,601.9425714285713,5.181039369102855,61.59307714285714,19.837885714285715,25.5716,1.562258227081326,24.6,16.787,4.557729186742108,7.026539999999997,0.8474285714286225,-0.08703936910285481,6.966922857142862,0.0351142857142861,-0.07059999999999889,0.0067417729186740605,0.036999999999999034,0.09500000000000242
137.1,CLIMB,COOLING_DEGRADATION,1.0,6150.78,86.67,603.03,5.167,69.43,19.883,25.561,1.555,24.571,16.864,6136.132220339755,79.63317242857144,601.9186530612244,5.181045953608934,61.58777559183673,19.837812244897957,25.5716,1.5621732220339757,24.6,16.787,14.64777966024485,7.03682757142856,1.1113469387755686,-0.014045953608934347,7.8422244081632755,0.04518775510204165,-0.010600000000000165,-0.007173222033975746,-0.028999999999999915,0.07700000000000173
137.2,CLIMB,COOLING_DEGRADATION,1.0,6139.72,87.69,602.85,5.16,69.14,19.914,25.638,1.505,24.576,16.708,6135.573387277764,79.63135785714286,601.9177346938775,5.180826460465291,61.576332040816325,19.836338775510207,25.5714,1.5621173387277765,24.6,16.7855,4.1466127222365685,8.058642142857138,0.932265306122531,-0.02082646046529124,7.563667959183675,0.07766122448979473,0.0666000000000011,-0.05711733872777658,-0.02400000000000091,-0.07750000000000057
137.3,CLIMB,COOLING_DEGRADATION,1.0,6148.37,87.22,603.77,5.159,68.96,19.884,25.503,1.488,24.659,16.858,6135.046126764148,79.6314842857143,601.8888163265306,5.180586905215408,61.57082448979592,19.83446530612245,25.5712,1.5619846126764148,24.6,16.784,13.323873235852261,7.588515714285705,1.8811836734694225,-0.021586905215408514,7.389175510204076,0.049534693877550495,-0.06820000000000093,-0.07398461267641476,0.0589999999999975,0.07400000000000162
137.4,CLIMB,COOLING_DEGRADATION,1.0,6146.25,87.79,600.51,5.155,68.83,19.873,25.593,1.533,24.573,16.617,6134.487316217633,79.63226971428573,601.8878979591836,5.180333048714128,61.56498093877551,19.832991836734692,25.571,1.5619287316217632,24.6,16.7825,11.762683782367276,8.15773028571428,-1.377897959183656,-0.02533304871412767,7.265019061224486,0.040008163265309094,0.021999999999998465,-0.028928731621763237,-0.027000000000001023,-0.16549999999999798
137.5,CLIMB,COOLING_DEGRADATION,1.0,6139.97,87.25,602.64,5.18,69.19,19.688,25.568,1.533,24.631,16.689,6133.960072470368,79.62979614285716,601.8589795918368,5.180127840366427,61.55387338775511,19.83111836734694,25.5708,1.561796007247037,24.6,16.781000000000002,6.009927529632478,7.62020385714284,0.7810204081631582,-0.00012784036642710106,7.636126612244887,-0.14311836734693983,-0.002799999999997027,-0.028796007247037014,0.030999999999998806,-0.0920000000000023
137.6,CLIMB,COOLING_DEGRADATION,1.0,6126.34,87.56,603.12,5.174,68.86,19.879,25.554,1.58,24.702,16.753,6133.401284439592,79.63058157142858,601.8580612244898,5.179873979719608,61.54802983673469,19.829644897959184,25.5706,1.5617401284439594,24.6,16.7795,-7.061284439591873,7.929418428571424,1.2619387755102025,-0.0058739797196079024,7.311970163265308,0.049355102040816945,-0.016600000000000392,0.018259871556040697,0.10200000000000031,-0.026499999999998636
137.7,CLIMB,COOLING_DEGRADATION,1.0,6144.13,86.12,602.82,5.108,69.15,19.84,25.638,1.609,24.56,16.702,6133.351249651658,79.627694,601.8341428571429,5.179914902126802,61.53712828571428,19.82957142857143,25.5706,1.561655124965166,24.6,16.7795,10.778750348342328,6.492305999999999,0.985857142857185,-0.07191490212680218,7.612871714285724,0.010428571428569455,0.06740000000000279,0.04734487503483398,-0.0400000000000027,-0.07749999999999702
137.8,CLIMB,COOLING_DEGRADATION,1.0,6140.48,86.06,602.8,5.173,68.46,19.853,25.615,1.597,24.547,16.779,6132.792477789257,79.62847942857144,601.833224489796,5.179661036948129,61.53128473469388,19.828097959183673,25.5704,1.5615992477789258,24.6,16.778,7.687522210742827,6.431520571428564,0.9667755102040019,-0.006661036948129251,6.928715265306117,0.024902040816328963,0.044599999999999085,0.035400752221074194,-0.053000000000000824,0.0010000000000012221
137.9,CLIMB,COOLING_DEGRADATION,1.0,6137.4,87.16,604.11,5.114,68.34,19.826,25.552,1.526,24.566,16.638,6132.2652636833145,79.62600585714286,601.804306122449,5.179455807377239,61.520177183673475,19.826224489795916,25.5702,1.5614665263683316,24.6,16.7765,5.134736316685121,7.533994142857139,2.3056938775509934,-0.06545580737723888,6.819822816326528,-0.0002244897959151615,-0.018200000000000216,-0.035466526368331586,-0.03400000000000247,-0.13849999999999696
138.0,CLIMB,COOLING_DEGRADATION,1.0,6144.99,87.14,603.59,5.138,68.87,19.933,25.553,1.591,24.552,16.604,6131.706514337143,79.62679128571429,601.8033877551021,5.179201938055096,61.51433363265307,19.824751020408165,25.57,1.5614106514337143,24.6,16.775,13.283485662856947,7.51320871428571,1.786612244897924,-0.041201938055095866,7.3556663673469345,0.10824897959183488,-0.01699999999999946,0.0295893485662857,-0.04800000000000182,-0.17099999999999937
138.1,CLIMB,COOLING_DEGRADATION,1.0,6136.89,86.9,603.71,5.185,68.76,19.791,25.561,1.572,24.585,16.71,6131.179316999021,79.62691771428571,601.7744693877551,5.178962361574836,61.508826081632655,19.822877551020408,25.5698,1.5612779316999021,24.6,16.7735,5.71068300097977,7.273082285714295,1.9355306122449747,0.006037638425163472,7.25117391836735,-0.03187755102040768,-0.008800000000000807,0.01072206830009792,-0.015000000000000568,-0.06349999999999767
138.2,CLIMB,COOLING_DEGRADATION,1.0,6144.05,86.49,603.16,5.118,68.78,19.638,25.583,1.524,24.547,16.829,6130.652126607935,79.62444414285714,601.7455510204081,5.178757114541368,61.49771853061225,19.821004081632655,25.5696,1.5611452126607936,24.6,16.772,13.397873392064866,6.865555857142851,1.414448979591839,-0.06075711454136723,7.282281469387755,-0.18300408163265303,0.013399999999997192,-0.037145212660793625,-0.053000000000000824,0.05700000000000216
138.3,CLIMB,COOLING_DEGRADATION,1.0,6131.37,86.3,602.44,5.158,68.82,19.651,25.683,1.528,24.581,16.77,6130.570571069911,79.62481557142857,601.7496326530612,5.178749389213214,61.49208097959183,19.8213306122449,25.5696,1.5611370571069911,24.6,16.772,0.7994289300886521,6.675184428571427,0.6903673469388423,-0.02074938921321401,7.32791902040816,-0.17033061224489998,0.11339999999999861,-0.03313705710699111,-0.019000000000001904,-0.0019999999999988916
138.4,CLIMB,COOLING_DEGRADATION,1.0,6140.81,86.37,602.64,5.161,69.27,19.751,25.623,1.603,24.719,16.841,6130.084168359184,79.62085628571428,601.7186734693877,5.178565160683071,61.48099220408164,19.819293877551022,25.5694,1.5610084168359184,24.6,16.7705,10.725831640816068,6.749143714285722,0.9213265306123049,-0.017565160683071568,7.789007795918359,-0.0682938775510209,0.053599999999999426,0.04199158316408158,0.11899999999999977,0.07050000000000267
138.5,CLIMB,COOLING_DEGRADATION,1.0,6141.4,86.39,603.78,5.205,69.07,19.69,25.546,1.495,24.574,16.733,6129.525464346122,79.62164171428572,601.7177551020408,5.178311280227349,61.475148653061225,19.817820408163264,25.5692,1.5609525464346121,24.6,16.769,11.874535653877501,6.768358285714285,2.0622448979592036,0.026688719772651304,7.594851346938768,-0.127820408163263,-0.02319999999999922,-0.06595254643461201,-0.0259999999999998,-0.03599999999999781
138.6,CLIMB,COOLING_DEGRADATION,1.0,6148.03,87.49,602.56,5.174,69.26,19.856,25.625,1.556,24.577,16.806,6128.99830063543,79.62176814285715,601.688836734694,5.178071688513471,61.46964110204082,19.815946938775507,25.569,1.560819830063543,24.6,16.7675,19.03169936457016,7.868231857142845,0.8711632653059951,-0.004071688513470839,7.790358897959187,0.04005306122449426,0.05600000000000094,-0.004819830063542918,-0.022999999999999687,0.03850000000000264
138.7,CLIMB,COOLING_DEGRADATION,1.0,6141.49,87.79,604.44,5.107,69.19,19.933,25.568,1.544,24.625,16.803,6128.439619139527,79.61995357142857,601.687918367347,5.177852126308348,61.458197551020405,19.814473469387753,25.5688,1.5607639619139528,24.6,16.766,13.050380860472615,8.170046428571439,2.7520816326530166,-0.07085212630834814,7.731802448979593,0.11852653061224672,-0.0007999999999981355,-0.016763961913952796,0.02499999999999858,0.037000000000002586
138.8,CLIMB,COOLING_DEGRADATION,1.0,6133.95,88.04,602.58,5.09,68.62,19.78,25.511,1.524,24.623,16.911,6127.912472198401,79.62008,601.6590000000001,5.17761252837393,61.452690000000004,19.812600000000003,25.5686,1.5606312472198403,24.6,16.7645,6.037527801599026,8.419920000000005,0.9209999999999354,-0.08761252837393041,7.1673100000000005,-0.03260000000000218,-0.05760000000000076,-0.036631247219840235,0.022999999999999687,0.14649999999999963
138.9,CLIMB,COOLING_DEGRADATION,1.0,6137.32,87.11,601.72,5.087,68.97,20.029,25.583,1.471,24.661,16.815,6127.830947140898,79.61785142857144,601.6630816326531,5.177639115587578,61.441452448979604,19.81292653061225,25.5686,1.5606230947140898,24.6,16.7645,9.48905285910132,7.492148571428558,0.056918367346952436,-0.09063911558757809,7.528547551020395,0.21607346938775152,0.014399999999998414,-0.08962309471408969,0.06099999999999994,0.050499999999999545
139.0,CLIMB,COOLING_DEGRADATION,1.0,6130.93,87.27,602.01,5.129,68.94,19.709,25.527,1.592,24.519,16.638,6127.303813076375,79.61797785714286,601.6341632653061,5.177399512151082,61.43594489795918,19.81105306122449,25.5684,1.5604903813076374,24.6,16.762999999999998,3.6261869236250277,7.652022142857135,0.3758367346938485,-0.04839951215108229,7.504055102040816,-0.10205306122449187,-0.04139999999999944,0.031509618692362684,-0.08100000000000307,-0.12499999999999645
139.1,CLIMB,COOLING_DEGRADATION,1.0,6134.35,87.32,599.81,5.158,68.85,19.882,25.517,1.544,24.612,16.749,6126.745170267723,79.6161632857143,601.6332448979592,5.177179931791819,61.424501346938776,19.809579591836737,25.5682,1.5604345170267722,24.6,16.761499999999998,7.604829732277722,7.7038367142857,-1.8232448979592846,-0.019179931791818206,7.425498653061219,0.07242040816326423,-0.05120000000000147,-0.016434517026772122,0.011999999999996902,-0.01249999999999929
139.2,CLIMB,COOLING_DEGRADATION,1.0,6136.66,87.32,603.46,5.157,69.69,19.74,25.555,1.604,24.579,16.852,6126.218052973715,79.61628971428571,601.6043265306123,5.176940322136719,61.41899379591837,19.80770612244898,25.568,1.5603018052973716,24.6,16.759999999999998,10.441947026284652,7.70371028571428,1.8556734693877388,-0.019940322136719146,8.27100620408163,-0.06770612244898189,-0.013000000000001677,0.04369819470262848,-0.021000000000000796,0.0920000000000023
139.3,CLIMB,COOLING_DEGRADATION,1.0,6134.69,87.99,600.72,5.169,68.96,19.85,25.495,1.587,24.592,16.825,6125.690942628408,79.61641614285715,601.5754081632654,5.176700710278871,61.41348624489797,19.805832653061223,25.5678,1.5601690942628408,24.6,16.7585,8.999057371591334,8.373583857142847,-0.8554081632653379,-0.007700710278871092,7.546513755102026,0.044167346938777996,-0.07279999999999731,0.026830905737159183,-0.008000000000002672,0.06649999999999778
139.4,CLIMB,COOLING_DEGRADATION,1.0,6134.38,85.34,602.8,5.119,68.58,19.595,25.594,1.626,24.603,16.816,6125.132332160001,79.61460157142857,601.5744897959182,5.176481115687863,61.402042693877554,19.80435918367347,25.5676,1.5601132332160002,24.6,16.756999999999998,9.24766783999894,5.725398428571438,1.2255102040817292,-0.05748111568786296,7.177957306122444,-0.20935918367347028,0.02640000000000242,0.06588676678399974,0.0030000000000001137,0.05900000000000105
139.5,CLIMB,COOLING_DEGRADATION,1.0,6134.41,87.34,603.82,5.156,68.46,19.686,25.553,1.556,24.617,16.633,6125.082344236799,79.614314,601.5505714285715,5.176487664489552,61.396741142857145,19.804285714285715,25.5676,1.56002823442368,24.6,16.756999999999998,9.32765576320071,7.72568600000001,2.2694285714285343,-0.020487664489552415,7.0632588571428485,-0.11828571428571522,-0.014599999999997948,-0.004028234423679944,0.01699999999999946,-0.12399999999999878
139.6,CLIMB,COOLING_DEGRADATION,1.0,6136.31,86.36,602.72,5.166,68.67,19.673,25.519,1.599,24.614,16.714,6124.523749938809,79.61249942857143,601.5496530612245,5.176268061966243,61.38529759183673,19.80281224489796,25.5674,1.559972374993881,24.6,16.7555,11.786250061191822,6.747500571428574,1.1703469387755376,-0.010268061966242747,7.28470240816327,-0.12981224489796261,-0.04840000000000089,0.039027625006119004,0.013999999999999346,-0.04150000000000276
139.7,CLIMB,COOLING_DEGRADATION,1.0,6138.96,87.93,602.35,5.133,69.58,19.696,25.557,1.538,24.639,16.862,6123.996669242906,79.61262585714286,601.5207346938776,5.176028438392098,61.37979004081633,19.800938775510204,25.5672,1.5598396669242907,24.6,16.753999999999998,14.9633307570939,8.317374142857147,0.8292653061224655,-0.043028438392098245,8.200209959183667,-0.10493877551020248,-0.010200000000001097,-0.021839666924290624,0.038999999999997925,0.10800000000000054
139.8,CLIMB,COOLING_DEGRADATION,1.0,6132.23,87.27,604.01,5.165,68.92,19.846,25.527,1.623,24.542,16.769,6123.4380974635105,79.61341128571428,601.5198163265306,5.175774534401533,61.37394648979593,19.799465306122453,25.567,1.559783809746351,24.6,16.752499999999998,8.791902536489033,7.656588714285718,2.490183673469346,-0.010774534401533309,7.546053510204075,0.04653469387754683,-0.03999999999999915,0.063216190253649,-0.05799999999999983,0.016500000000000625
139.9,CLIMB,COOLING_DEGRADATION,1.0,6133.11,87.66,603.83,5.143,69.06,19.774,25.583,1.603,24.637,16.761,6122.911033539918,79.61093771428573,601.4908979591837,5.175569195865592,61.36283893877551,19.797591836734693,25.5668,1.559651103353992,24.6,16.750999999999998,10.198966460081465,8.049062285714271,2.3391020408163286,-0.032569195865591816,7.697161061224492,-0.023591836734691896,0.016199999999997772,0.04334889664600805,0.036999999999999034,0.010000000000001563
140.0,CLIMB,COOLING_DEGRADATION,1.0,6140.3,87.06,602.75,5.162,69.01,19.779,25.617,1.585,24.538,16.78,6122.3524842793795,79.61172314285716,601.4899795918367,5.175315287741899,61.356995387755106,19.79611836734694,25.5666,1.5595952484279378,24.6,16.749499999999998,17.947515720620686,7.448276857142844,1.2600204081633137,-0.013315287741899162,7.653004612244899,-0.017118367346938612,0.05039999999999978,0.025404751572062123,-0.062000000000001165,0.030500000000003524
140.1,CLIMB,COOLING_DEGRADATION,1.0,6132.28,86.32,601.32,5.146,69.05,19.746,25.565,1.47,24.632,16.814,6122.302512053584,79.60883557142857,601.4660612244897,5.175356112589763,61.3460938367347,19.796044897959185,25.5666,1.5595102512053585,24.6,16.749499999999998,9.97748794641575,6.711164428571422,-0.14606122448969927,-0.029356112589763228,7.7039061632652945,-0.050044897959185874,-0.0015999999999998238,-0.0895102512053585,0.03200000000000003,0.06450000000000244
140.2,CLIMB,COOLING_DEGRADATION,1.0,6132.35,87.58,599.97,5.109,69.2,19.638,25.534,1.697,24.616,16.723,6121.743978964115,79.609621,601.4651428571428,5.1751021999444635,61.34025028571428,19.79457142857143,25.5664,1.5594543978964113,24.6,16.747999999999998,10.606021035885533,7.970378999999994,-1.4951428571428096,-0.06610219994446354,7.859749714285719,-0.15657142857142858,-0.03240000000000265,0.1375456021035888,0.015999999999998238,-0.02499999999999858
140.3,CLIMB,COOLING_DEGRADATION,1.0,6131.42,87.75,603.28,5.104,68.8,19.945,25.513,1.613,24.654,16.632,6121.216944692572,79.60714742857142,601.4362244897959,5.174896840210614,61.32914273469388,19.792697959183673,25.5662,1.5593216944692574,24.6,16.7465,10.203055307428258,8.142852571428577,1.8437755102040683,-0.07089684021061426,7.470857265306115,0.15230204081632692,-0.053199999999996805,0.0536783055307426,0.053999999999998494,-0.1144999999999996
140.4,CLIMB,COOLING_DEGRADATION,1.0,6121.88,87.65,602.07,5.131,69.46,19.992,25.597,1.601,24.528,16.833,6120.65843412245,79.60793285714286,601.435306122449,5.174642923434256,61.32329918367347,19.791224489795916,25.566,1.559265843412245,24.6,16.744999999999997,1.221565877550347,8.04206714285715,0.634693877551058,-0.043642923434255465,8.136700816326524,0.20077551020408535,0.03100000000000236,0.04173415658775492,-0.07200000000000273,0.08800000000000097
140.5,CLIMB,COOLING_DEGRADATION,1.0,6129.31,87.55,601.32,5.171,68.79,19.717,25.571,1.491,24.502,16.695,6120.131416624686,79.60805928571428,601.406387755102,5.174403278673271,61.31779163265307,19.78935102040816,25.5658,1.5591331416624685,24.6,16.7435,9.178583375314702,7.941940714285721,-0.08638775510189589,-0.0034032786732707265,7.472208367346937,-0.07235102040815988,0.005200000000002092,-0.06813314166246842,-0.09800000000000253,-0.048500000000000654
140.6,CLIMB,COOLING_DEGRADATION,1.0,6122.58,87.75,602.31,5.142,69.14,19.815,25.487,1.55,24.593,16.705,6119.645123092115,79.60409999999999,601.3754285714286,5.174218906240855,61.30670285714286,19.787314285714288,25.5656,1.5590045123092116,24.6,16.742,2.9348769078851547,8.145900000000012,0.9345714285713029,-0.03221890624085422,7.833297142857141,0.027685714285713203,-0.07860000000000156,-0.00900451230921151,-0.0070000000000014495,-0.037000000000002586
140.7,CLIMB,COOLING_DEGRADATION,1.0,6122.63,87.45,599.37,5.194,69.13,19.714,25.52,1.569,24.584,16.94,6119.563689063184,79.60447142857142,601.3795102040817,5.1742111663084085,61.30106530612245,19.787640816326533,25.5656,1.5589963689063187,24.6,16.742,3.0663109368160804,7.845528571428588,-2.009510204081721,0.019788833691591456,7.828934693877542,-0.07364081632653452,-0.04560000000000031,0.010003631093681298,-0.01600000000000179,0.1980000000000004
140.8,CLIMB,COOLING_DEGRADATION,1.0,6125.84,86.79,602.62,5.138,69.35,19.817,25.512,1.519,24.665,16.655,6119.036688431722,79.60199785714286,601.3505918367346,5.174005779154498,61.28995775510204,19.785767346938776,25.5654,1.5588636688431723,24.6,16.740499999999997,6.803311568278332,7.188002142857144,1.2694081632654388,-0.03600577915449854,8.060042244897957,0.031232653061223914,-0.05339999999999989,-0.039863668843172384,0.06499999999999773,-0.08549999999999613
140.9,CLIMB,COOLING_DEGRADATION,1.0,6134.93,86.86,604.28,5.186,69.11,19.766,25.613,1.622,24.568,16.838,6118.47822320258,79.60278328571428,601.3496734693877,5.173751851271563,61.28411420408163,19.784293877551026,25.5652,1.5588078223202582,24.6,16.739,16.45177679742028,7.257216714285718,2.9303265306123194,0.012248148728437158,7.825885795918367,-0.018293877551027293,0.04779999999999873,0.06319217767974195,-0.03200000000000003,0.0990000000000002
141.0,CLIMB,COOLING_DEGRADATION,1.0,6126.79,87.83,602.71,5.186,68.77,19.757,25.606,1.532,24.643,16.783,6117.951239346123,79.60290971428573,601.3207551020408,5.173512191302252,61.27860665306122,19.78242040816327,25.565,1.5586751239346122,24.6,16.737499999999997,8.838760653877216,8.227090285714269,1.3892448979592018,0.012487808697748015,7.491393346938779,-0.025420408163267183,0.04100000000000037,-0.026675123934612133,0.04299999999999926,0.04550000000000409
141.1,CLIMB,COOLING_DEGRADATION,1.0,6128.53,87.19,601.45,5.123,68.13,19.785,25.527,1.606,24.609,16.621,6117.392796637258,79.60109514285715,601.3198367346939,5.1732925198187845,61.26716310204082,19.780946938775507,25.564799999999998,1.5586192796637257,24.6,16.736,11.137203362742184,7.58890485714285,0.13016326530612332,-0.05029251981878424,6.862836897959177,0.004053061224492893,-0.03779999999999717,0.047380720336274385,0.009000000000000341,-0.11500000000000199
141.2,CLIMB,COOLING_DEGRADATION,1.0,6126.92,87.89,601.86,5.175,68.8,19.835,25.607,1.546,24.592,16.565,6116.865829556327,79.60122157142858,601.290918367347,5.173052853640583,61.26165555102042,19.77907346938776,25.5646,1.558486582955633,24.6,16.7345,10.054170443672774,8.288778428571419,0.5690816326530239,0.0019471463594165073,7.538344448979579,0.055926530612239844,0.04240000000000066,-0.012486582955632874,-0.008000000000002672,-0.16949999999999932
141.3,CLIMB,COOLING_DEGRADATION,1.0,6125.09,87.25,602.42,5.095,68.75,19.594,25.433,1.541,24.666,16.585,6116.784426012001,79.59899300000001,601.295,5.173079364177836,61.25041800000001,19.779400000000003,25.5646,1.5584784426012002,24.6,16.7345,8.305573987999196,7.651006999999993,1.125,-0.07807936417783612,7.4995819999999895,-0.18540000000000134,-0.13159999999999883,-0.01747844260120024,0.06599999999999895,-0.14949999999999974
141.4,CLIMB,COOLING_DEGRADATION,1.0,6124.55,87.01,601.81,5.139,68.91,19.675,25.547,1.567,24.607,16.7,6116.2574718124415,79.59911942857143,601.266081632653,5.172839692507161,61.244910448979596,19.777526530612242,25.5644,1.558345747181244,24.6,16.733,8.292528187558673,7.410880571428578,0.5439183673469188,-0.03383969250716046,7.665089551020401,-0.10252653061224137,-0.017399999999998528,0.00865425281875587,0.006999999999997897,-0.03300000000000125
141.5,CLIMB,COOLING_DEGRADATION,1.0,6134.1,87.62,604.91,5.123,68.43,19.965,25.501,1.524,24.587,16.716,6115.699067796638,79.59730485714286,601.2651632653061,5.172620002896244,61.23346689795918,19.776053061224484,25.5642,1.5582899067796638,24.6,16.731499999999997,18.400932203362572,8.022695142857145,3.644836734693854,-0.04962000289624413,7.196533102040824,0.1889469387755156,-0.06319999999999837,-0.034289906779663815,-0.013000000000001677,-0.01549999999999585
141.6,CLIMB,COOLING_DEGRADATION,1.0,6120.4,87.59,602.54,5.148,69.03,19.721,25.667,1.522,24.633,16.881,6115.172130373551,79.59743128571428,601.2362448979593,5.172380325018615,61.227959346938775,19.774179591836734,25.564,1.5581572130373553,24.6,16.73,5.22786962644841,7.992568714285724,1.3037551020406681,-0.024380325018615423,7.802040653061226,-0.053179591836734375,0.10300000000000153,-0.03615721303735531,0.0329999999999977,0.1509999999999998
141.7,CLIMB,COOLING_DEGRADATION,1.0,6115.27,88.1,599.08,5.067,68.63,19.855,25.458,1.591,24.66,16.787,6114.645199902858,79.59755771428571,601.2073265306124,5.172140644943461,61.22245179591837,19.772306122448978,25.5638,1.5580245199902858,24.6,16.728499999999997,0.6248000971427246,8.502442285714281,-2.127326530612322,-0.10514064494346087,7.407548204081628,0.08269387755102287,-0.10580000000000211,0.032975480009714175,0.05999999999999872,0.05850000000000222
141.8,CLIMB,COOLING_DEGRADATION,1.0,6128.45,87.26,603.31,5.194,68.15,19.741,25.561,1.542,24.583,16.897,6114.0868282326865,79.59574314285715,601.2064081632653,5.171920941121986,61.21100824489797,19.770832653061227,25.5636,1.5579686828232686,24.6,16.727,14.36317176731336,7.66425685714286,2.1035918367346085,0.0220790588780142,6.9389917551020375,-0.029832653061227177,-0.002600000000001046,-0.015968682823268576,-0.017000000000003013,0.16999999999999815
141.9,CLIMB,COOLING_DEGRADATION,1.0,6118.68,87.36,602.05,5.174,68.65,19.787,25.578,1.628,24.557,16.763,6114.036902907462,79.59545557142857,601.1824897959184,5.1719274542914295,61.20570669387756,19.77075918367347,25.5636,1.5578836902907462,24.6,16.727,4.643097092538483,7.764544428571426,0.8675102040815545,0.00207254570857085,7.4442933061224466,0.01624081632652974,0.014399999999998414,0.07011630970925364,-0.043000000000002814,0.036000000000001364
142.0,CLIMB,COOLING_DEGRADATION,1.0,6118.28,86.82,602.4,5.163,68.79,19.721,25.616,1.505,24.515,16.84,6113.478547410401,79.593641,601.1815714285715,5.171707742549588,61.19426314285714,19.76928571428571,25.5634,1.55782785474104,24.6,16.7255,4.801452589598739,7.226358999999988,1.2184285714284897,-0.008707742549587394,7.595736857142867,-0.04828571428571138,0.052599999999998204,-0.052827854741040126,-0.08500000000000085,0.1144999999999996
142.1,CLIMB,COOLING_DEGRADATION,1.0,6129.7,87.14,602.85,5.156,68.27,19.643,25.634,1.542,24.554,16.589,6112.951646599838,79.59376742857144,601.1526530612246,5.171468050779392,61.18875559183674,19.767412244897958,25.5632,1.5576951646599837,24.6,16.724,16.74835340016216,7.546232571428561,1.6973469387754676,-0.015468050779392506,7.081244408163258,-0.12441224489795744,0.07080000000000197,-0.015695164659983663,-0.04600000000000293,-0.13500000000000156
142.2,CLIMB,COOLING_DEGRADATION,1.0,6118.13,87.41,602.07,5.107,68.44,19.68,25.511,1.4,24.543,16.718,6112.39331362449,79.59455285714286,601.1517346938776,5.1712140994358435,61.18291204081633,19.765938775510204,25.563,1.5576393313624488,24.6,16.722500000000004,5.736686375510544,7.815447142857138,0.9182653061224073,-0.06421409943584333,7.257087959183664,-0.08593877551020412,-0.0519999999999996,-0.1576393313624489,-0.05700000000000216,-0.004500000000003723
142.3,CLIMB,COOLING_DEGRADATION,1.0,6119.05,87.38,601.41,5.169,68.47,19.676,25.524,1.548,24.544,16.746,6111.866429592197,79.59207928571429,601.1228163265307,5.171008630864714,61.171804489795925,19.764065306122447,25.5628,1.5575066429592197,24.6,16.721,7.183570407803018,7.787920714285704,0.2871836734692579,-0.002008630864714256,7.298195510204074,-0.08806530612244856,-0.03879999999999839,-0.009506642959219658,-0.05600000000000094,0.02499999999999858
142.4,CLIMB,COOLING_DEGRADATION,1.0,6115.51,87.51,603.2,5.084,68.45,19.867,25.559,1.498,24.635,16.784,6111.348790424914,79.59137899999999,601.1198571428572,5.170775662304395,61.16597971428572,19.762428571428572,25.5626,1.5574548790424916,24.6,16.7195,4.1612095750861045,7.918621000000016,2.080142857142846,-0.0867756623043956,7.284020285714284,0.10457142857142898,-0.0035999999999987153,-0.05945487904249158,0.03500000000000014,0.06449999999999889
142.5,CLIMB,COOLING_DEGRADATION,1.0,6120.51,88.11,600.52,5.174,68.97,19.779,25.585,1.535,24.634,16.846,6111.298881018123,79.58849142857142,601.0959387755103,5.170816390242772,61.15507816326531,19.762355102040818,25.5626,1.5573698881018123,24.6,16.7195,9.211118981877007,8.521508571428583,-0.5759387755102807,0.003183609757228645,7.81492183673469,0.016644897959182003,0.022400000000001086,-0.022369888101812396,0.03399999999999892,0.12650000000000006
142.6,CLIMB,COOLING_DEGRADATION,1.0,6124.66,87.9,601.92,5.17,68.77,19.965,25.605,1.593,24.571,16.918,6110.740583564278,79.58927685714285,601.0950204081632,5.170562428868342,61.149234612244896,19.76088163265306,25.5624,1.5573140583564278,24.6,16.718,13.919416435722269,8.310723142857157,0.8249795918367226,-0.0005624288683421241,7.6207653877551,0.20411836734693978,0.04260000000000019,0.035685941643572194,-0.028999999999999915,0.1999999999999993
142.7,CLIMB,COOLING_DEGRADATION,1.0,6115.77,87.26,602.31,5.121,68.56,19.76,25.565,1.57,24.601,16.569,6110.213726229682,79.58680328571428,601.0661020408163,5.170356938047748,61.138127061224495,19.75900816326531,25.5622,1.5571813726229682,24.6,16.7165,5.556273770318512,7.673196714285723,1.2438979591836414,-0.049356938047747434,7.421872938775508,0.000991836734691276,0.00280000000000058,0.012818627377031877,0.0009999999999976694,-0.14750000000000085
142.8,CLIMB,COOLING_DEGRADATION,1.0,6118.89,87.07,601.31,5.117,68.55,19.821,25.568,1.586,24.632,16.751,6109.655451298286,79.58758871428572,601.0651836734694,5.1701029725545755,61.13228351020408,19.757534693877552,25.562,1.5571255451298287,24.6,16.714999999999996,9.23454870171463,7.482411285714278,0.24481632653055385,-0.05310297255457552,7.4177164897959145,0.06346530612244905,0.006000000000000227,0.028874454870171373,0.03200000000000003,0.03600000000000492
142.9,CLIMB,COOLING_DEGRADATION,1.0,6115.19,87.27,601.25,5.169,68.88,19.84,25.607,1.538,24.591,16.687,6109.12861074338,79.58771514285714,601.0362653061223,5.169863258336411,61.126775959183675,19.755661224489796,25.5618,1.556992861074338,24.6,16.7135,6.061389256619805,7.682284857142861,0.21373469387765454,-0.0008632583364116542,7.75322404081632,0.0843387755102043,0.045199999999997686,-0.018992861074337952,-0.009000000000000341,-0.026499999999998636
143.0,CLIMB,COOLING_DEGRADATION,1.0,6112.12,87.56,603.64,5.13,68.59,19.733,25.531,1.581,24.608,16.767,6108.601777142858,79.58524157142857,601.0073469387755,5.169657750093478,61.11566840816327,19.753787755102042,25.5616,1.5568601777142856,24.6,16.712,3.5182228571420637,7.974758428571434,2.6326530612244596,-0.03965775009347805,7.47433159183673,-0.020787755102041672,-0.03059999999999974,0.02413982228571432,0.007999999999999119,0.054999999999999716
143.1,CLIMB,COOLING_DEGRADATION,1.0,6119.54,87.74,599.2,5.178,68.44,19.754,25.505,1.528,24.594,16.811,6108.520464640001,79.585613,601.0114285714286,5.169649995405561,61.11003085714286,19.754114285714287,25.5616,1.556852046464,24.6,16.712,11.019535359999281,8.154387,-1.8114285714285643,0.008350004594438687,7.329969142857138,-0.00011428571428595546,-0.05659999999999954,-0.02885204646400008,-0.006000000000000227,0.0990000000000002
143.2,CLIMB,COOLING_DEGRADATION,1.0,6115.55,87.51,601.48,5.101,68.22,19.985,25.625,1.603,24.546,16.64,6107.993643924441,79.58313942857143,600.9825102040816,5.169444478271753,61.09892330612245,19.75224081632653,25.5614,1.5567193643924442,24.6,16.7105,7.5563560755590515,7.926860571428577,0.49748979591845455,-0.06844447827175326,7.121076693877548,0.23275918367346904,0.06360000000000099,0.0462806356075558,-0.054000000000002046,-0.07049999999999912
143.3,CLIMB,COOLING_DEGRADATION,1.0,6121.77,88.24,601.57,5.159,68.63,19.767,25.64,1.665,24.571,16.743,6107.435417516147,79.58392485714285,600.9815918367347,5.169190503097916,61.09307975510204,19.75076734693878,25.5612,1.5566635417516148,24.6,16.709000000000003,14.33458248385341,8.656075142857148,0.5884081632653988,-0.010190503097915915,7.536920244897956,0.016232653061219793,0.07880000000000109,0.10833645824838523,-0.028999999999999915,0.03399999999999537
143.4,CLIMB,COOLING_DEGRADATION,1.0,6124.32,87.36,602.7,5.149,68.54,19.65,25.582,1.662,24.605,16.636,6106.9086135815505,79.58405128571428,600.9526734693877,5.1689507750014085,61.08757220408163,19.74889387755102,25.561,1.556530861358155,24.6,16.7075,17.411386418449183,7.775948714285718,1.7473265306123267,-0.019950775001408516,7.452427795918375,-0.09889387755102064,0.021000000000000796,0.10546913864184493,0.004999999999999005,-0.07150000000000034
143.5,CLIMB,COOLING_DEGRADATION,1.0,6125.43,88.24,600.97,5.118,68.33,19.698,25.579,1.471,24.615,16.581,6106.3504096966535,79.5822367142857,600.9517551020408,5.168730994400754,61.07612865306123,19.74742040816327,25.5608,1.5564750409696653,24.6,16.706000000000003,19.079590303346777,8.657763285714296,0.018244897959220907,-0.05073099440075346,7.253871346938766,-0.04942040816326809,0.018200000000000216,-0.08547504096966518,0.014999999999997016,-0.12500000000000355
143.6,CLIMB,COOLING_DEGRADATION,1.0,6106.56,88.71,604.88,5.143,68.58,19.664,25.551,1.521,24.585,17.04,6105.823622543542,79.58236314285715,600.922836734694,5.168491260107007,61.070621102040825,19.74554693877551,25.5606,1.5563423622543544,24.6,16.7045,0.7363774564582855,9.127636857142846,3.957163265306008,-0.02549126010700764,7.509378897959174,-0.08154693877551011,-0.009600000000002495,-0.0353423622543545,-0.015000000000000568,0.3354999999999997
143.7,CLIMB,COOLING_DEGRADATION,1.0,6116.55,87.51,601.76,5.151,69.02,19.796,25.602,1.575,24.645,16.527,6105.742340529371,79.58013457142859,600.926918367347,5.168517694072947,61.05938355102042,19.745873469387757,25.5606,1.5563342340529371,24.6,16.7045,10.807659470629005,7.929865428571418,0.8330816326530339,-0.017517694072947343,7.960616448979579,0.0501265306122427,0.04139999999999944,0.018665765947062818,0.04499999999999815,-0.17749999999999844
143.8,CLIMB,COOLING_DEGRADATION,1.0,6115.79,87.89,600.35,5.161,68.73,19.788,25.567,1.534,24.594,16.755,6105.2155662624,79.58026100000001,600.898,5.168277954296338,61.053875999999995,19.744,25.5604,1.5562015566262402,24.6,16.703,10.574433737599975,8.309738999999993,-0.5480000000000018,-0.007277954296338152,7.676124000000009,0.04400000000000048,0.006599999999998829,-0.022201556626240126,-0.006000000000000227,0.0519999999999996
143.9,CLIMB,COOLING_DEGRADATION,1.0,6110.74,86.48,601.79,5.138,68.07,19.751,25.506,1.676,24.627,16.77,6104.657401076376,79.57844642857144,600.8970816326531,5.16805815559493,61.042432448979596,19.74252653061225,25.560200000000002,1.5561457401076377,24.6,16.7015,6.082598923623664,6.901553571428565,0.8929183673468515,-0.03005815559493019,7.027567551020397,0.008473469387752175,-0.05420000000000158,0.1198542598923622,0.02699999999999747,0.06850000000000023
144.0,CLIMB,COOLING_DEGRADATION,1.0,6110.67,88.04,600.97,5.136,68.85,19.828,25.552,1.533,24.563,16.623,6104.171275493877,79.57708714285714,600.8661224489796,5.16783938147092,61.036943673469395,19.740489795918368,25.56,1.5560171275493877,24.6,16.700000000000003,6.498724506122926,8.462912857142868,0.10387755102044594,-0.03183938147091947,7.8130563265305994,0.08751020408163157,-0.007999999999999119,-0.023017127549387784,-0.037000000000002586,-0.07700000000000173
144.1,CLIMB,COOLING_DEGRADATION,1.0,6105.14,87.59,599.45,5.147,68.86,19.652,25.581,1.553,24.596,16.727,6103.644522000016,79.57721357142857,600.8372040816326,5.167599632001429,61.03143612244899,19.738616326530607,25.5598,1.5558844522000015,24.6,16.6985,1.4954779999843595,8.012786428571431,-1.3872040816326034,-0.02059963200142878,7.828563877551012,-0.08661632653060636,0.02120000000000033,-0.0028844522000015527,-0.004000000000001336,0.02850000000000108
144.2,CLIMB,COOLING_DEGRADATION,1.0,6125.24,87.78,600.97,5.122,68.41,19.67,25.6,1.604,24.56,16.56,6103.086385990629,79.57539900000002,600.8362857142857,5.167379817938629,61.019992571428574,19.737142857142857,25.5596,1.5558286385990627,24.6,16.697000000000003,22.153614009370358,8.204600999999982,0.13371428571429078,-0.04537981793862933,7.390007428571423,-0.06714285714285495,0.04040000000000177,0.04817136140093736,-0.0400000000000027,-0.137000000000004
144.3,CLIMB,COOLING_DEGRADATION,1.0,6107.11,88.34,603.84,5.095,68.12,19.889,25.514,1.502,24.638,16.7,6103.036523520001,79.57511142857145,600.8123673469388,5.167386295872761,61.014691020408165,19.737069387755103,25.5596,1.555743652352,24.6,16.697000000000003,4.073476479999044,8.764888571428557,3.0276326530612323,-0.07238629587276169,7.10530897959184,0.15193061224489668,-0.04560000000000031,-0.05374365235200007,0.038000000000000256,0.002999999999996561
144.4,CLIMB,COOLING_DEGRADATION,1.0,6110.0,87.94,601.88,5.081,68.55,19.723,25.564,1.511,24.605,16.74,6102.478403686401,79.57329685714286,600.8114489795919,5.167166473901437,61.003247469387745,19.735595918367345,25.5594,1.5556878403686403,24.6,16.6955,7.52159631359882,8.366703142857133,1.0685510204081083,-0.08616647390143672,7.5467525306122525,-0.01259591836734586,0.0045999999999999375,-0.044687840368640375,0.004999999999999005,0.04449999999999932
144.5,CLIMB,COOLING_DEGRADATION,1.0,6110.16,87.83,601.88,5.136,68.54,19.754,25.544,1.541,24.581,16.805,6101.951679863314,79.5734232857143,600.7825306122448,5.1669267127579745,60.99773991836735,19.733722448979595,25.5592,1.5555551679863315,24.6,16.694,8.20832013668587,8.2565767142857,1.0974693877551545,-0.03092671275797443,7.542260081632655,0.020277551020406293,-0.015200000000000102,-0.014555167986331607,-0.019000000000001904,0.11100000000000065
144.6,CLIMB,COOLING_DEGRADATION,1.0,6108.15,87.3,601.93,5.18,68.49,19.704,25.537,1.545,24.625,16.625,6101.393582554531,79.57420871428572,600.7816122448979,5.166672712798066,60.991896367346946,19.73224897959184,25.559,1.555499358255453,24.6,16.692500000000003,6.756417445468287,7.72579128571428,1.1483877551020214,0.013327287201933657,7.498103632653049,-0.02824897959184014,-0.022000000000002018,-0.010499358255453117,0.02499999999999858,-0.06750000000000256
144.7,CLIMB,COOLING_DEGRADATION,1.0,6110.18,87.14,603.76,5.152,68.89,19.896,25.554,1.498,24.623,16.879,6100.866875515624,79.57173514285715,600.752693877551,5.166467113266721,60.98078881632653,19.730375510204084,25.5588,1.5553666875515626,24.6,16.691,9.313124484376203,7.56826485714285,3.0073061224489948,-0.014467113266721121,7.90921118367347,0.16562448979591693,-0.004800000000003024,-0.0573666875515626,0.022999999999999687,0.1880000000000024
144.8,CLIMB,COOLING_DEGRADATION,1.0,6102.48,88.15,601.81,5.157,68.41,19.681,25.594,1.532,24.638,16.51,6100.308800731918,79.57252057142857,600.7517755102041,5.166213109198418,60.97494526530613,19.728902040816326,25.5586,1.5553108800731916,24.6,16.689500000000002,2.171199268081182,8.577479428571436,1.0582244897958617,-0.009213109198418223,7.435054734693864,-0.0479020408163251,0.03540000000000276,-0.023310880073191598,0.038000000000000256,-0.17950000000000088
144.9,CLIMB,COOLING_DEGRADATION,1.0,6102.7,87.2,601.42,5.131,68.37,19.769,25.551,1.46,24.653,16.644,6100.258953982286,79.569633,600.7278571428571,5.166253739770687,60.964043714285715,19.728828571428572,25.5586,1.5552258953982288,24.6,16.689500000000002,2.441046017714143,7.630367000000007,0.6921428571428123,-0.035253739770686465,7.405956285714289,0.040171428571426304,-0.007600000000000051,-0.09522589539822879,0.05299999999999727,-0.04550000000000409
145.0,CLIMB,COOLING_DEGRADATION,1.0,6106.99,88.72,602.58,5.112,68.17,19.793,25.664,1.511,24.58,16.639,6099.70089537502,79.57041842857143,600.7269387755102,5.165999731201193,60.9582001632653,19.727355102040818,25.5584,1.555170089537502,24.6,16.688000000000002,7.2891046249797,9.14958157142857,1.8530612244898066,-0.05399973120119306,7.2117998367346985,0.06564489795918149,0.10560000000000258,-0.04417008953750212,-0.020000000000003126,-0.04900000000000304
145.1,CLIMB,COOLING_DEGRADATION,1.0,6107.65,87.87,601.03,5.131,68.36,19.764,25.563,1.461,24.7,16.673,6099.174218009534,79.56794485714285,600.6980204081633,5.165794110522286,60.947092612244894,19.725481632653064,25.5582,1.5550374218009535,24.6,16.686500000000002,8.475781990465293,8.302055142857157,0.3319795918366708,-0.034794110522286203,7.412907387755105,0.03851836734693492,0.004799999999999471,-0.09403742180095342,0.09999999999999787,-0.013500000000004064
145.2,CLIMB,COOLING_DEGRADATION,1.0,6113.43,87.61,599.96,5.116,68.56,19.834,25.581,1.642,24.599,16.712,6098.616181927838,79.56873028571428,600.6971020408164,5.165540097846468,60.9412490612245,19.724008163265303,25.558,1.5549816181927838,24.6,16.685000000000002,14.813818072162576,8.041269714285718,-0.7371020408163531,-0.04954009784646818,7.618750938775506,0.10999183673469659,0.022999999999999687,0.0870183818072161,-0.0010000000000012221,0.02699999999999747
145.3,CLIMB,COOLING_DEGRADATION,1.0,6108.79,88.5,600.77,5.118,68.4,19.696,25.582,1.482,24.588,16.583,6098.089521348,79.56885671428572,600.6681836734695,5.165300315602893,60.93574151020408,19.722134693877553,25.5578,1.5548489521348001,24.6,16.683500000000002,10.700478652000129,8.931143285714285,0.10181632653052475,-0.04730031560289305,7.464258489795924,-0.02613469387755174,0.024200000000000443,-0.07284895213480014,-0.012000000000000455,-0.10050000000000381
145.4,CLIMB,COOLING_DEGRADATION,1.0,6109.22,87.79,600.29,5.107,68.09,19.766,25.571,1.538,24.586,16.725,6097.562867726237,79.56638314285713,600.6392653061224,5.165094677521886,60.92463395918368,19.720261224489796,25.5576,1.5547162867726239,24.6,16.682,11.657132273763636,8.223616857142872,-0.3492653061224473,-0.05809467752188535,7.165366040816323,0.04573877551020189,0.013400000000000745,-0.016716286772623823,-0.014000000000002899,0.043000000000002814
145.5,CLIMB,COOLING_DEGRADATION,1.0,6103.13,87.87,602.73,5.105,68.2,19.76,25.496,1.596,24.471,16.867,6097.522272246334,79.56526885714285,600.6413061224489,5.165107866017111,60.91901518367347,19.72042448979592,25.5576,1.5547122272246334,24.6,16.682,5.60772775366604,8.30473114285715,2.0886938775511226,-0.06010786601711082,7.28098481632653,0.0395755102040809,-0.0616000000000021,0.04128777277536666,-0.12900000000000134,0.18500000000000227
145.6,CLIMB,COOLING_DEGRADATION,1.0,6103.11,87.93,602.8,5.153,68.19,19.612,25.595,1.566,24.571,16.596,6096.995628548571,79.5627952857143,600.6123877551021,5.164902217977845,60.907907632653064,19.718551020408164,25.5574,1.5545795628548573,24.6,16.680500000000002,6.114371451428269,8.367204714285705,2.1876122448978776,-0.01190221797784563,7.282092367346934,-0.10655102040816544,0.037599999999997635,0.011420437145142737,-0.028999999999999915,-0.08450000000000202
145.7,CLIMB,COOLING_DEGRADATION,1.0,6118.89,88.41,602.76,5.109,68.18,19.764,25.51,1.504,24.667,16.674,6096.437637823544,79.56358071428572,600.611469387755,5.164648194249249,60.90206408163266,19.71707755102041,25.5572,1.5545237637823544,24.6,16.679,22.452362176456518,8.846419285714276,2.14853061224494,-0.05564819424924927,7.277935918367348,0.04692244897958986,-0.04720000000000013,-0.05052376378235435,0.06700000000000017,-0.004999999999999005
145.8,CLIMB,COOLING_DEGRADATION,1.0,6114.35,87.83,600.71,5.113,68.05,19.642,25.56,1.519,24.649,16.712,6095.911010912653,79.56370714285715,600.5825510204082,5.164408396847715,60.896556530612244,19.715204081632653,25.557,1.5543911010912654,24.6,16.677500000000002,18.43898908734718,8.266292857142844,0.12744897959180435,-0.051408396847714144,7.153443469387753,-0.07320408163265313,0.0030000000000001137,-0.03539110109126553,0.04899999999999949,0.034499999999997755
145.9,CLIMB,COOLING_DEGRADATION,1.0,6106.54,86.62,601.14,5.139,68.51,19.7,25.535,1.572,24.556,16.697,6095.353042714122,79.56189257142857,600.5816326530612,5.164188506118043,60.88511297959184,19.7137306122449,25.5568,1.5543353042714123,24.6,16.676000000000002,11.186957285877725,7.058107428571432,0.5583673469387804,-0.025188506118042575,7.624887020408167,-0.013730612244899021,-0.02179999999999893,0.017664695728587754,-0.04400000000000048,0.020999999999997243
146.0,CLIMB,COOLING_DEGRADATION,1.0,6091.9,87.33,603.01,5.175,68.42,19.703,25.59,1.54,24.57,16.715,6094.826432590628,79.562019,600.5527142857143,5.163948702530819,60.87960542857143,19.711857142857145,25.5566,1.5542026432590628,24.6,16.674500000000002,-2.9264325906287922,7.767980999999992,2.4572857142857174,0.011051297469180987,7.540394571428571,-0.008857142857145561,0.03340000000000032,-0.01420264325906273,-0.030000000000001137,0.04049999999999798
146.1,CLIMB,COOLING_DEGRADATION,1.0,6107.38,88.12,602.32,5.155,68.18,19.752,25.549,1.578,24.604,16.657,6094.745272123592,79.55979042857143,600.5567959183674,5.1639750604881,60.86836787755103,19.71218367346939,25.5566,1.5541945272123592,24.6,16.674500000000002,12.634727876407851,8.560209571428572,1.7632040816326935,-0.008975060488099373,7.311632122448977,0.03981632653060885,-0.007600000000000051,0.02380547278764089,0.003999999999997783,-0.017500000000001847
146.2,CLIMB,COOLING_DEGRADATION,1.0,6105.38,88.26,602.44,5.171,68.24,19.748,25.534,1.554,24.668,16.614,6094.218674890972,79.55991685714285,600.5278775510204,5.163735251427539,60.86286032653061,19.71031020408163,25.5564,1.5540618674890971,24.6,16.673,11.16132510902844,8.700083142857153,1.9121224489796305,0.007264748572461066,7.377139673469387,0.037689795918371516,-0.022400000000001086,-6.186748909708939e-05,0.06799999999999784,-0.0589999999999975
146.3,CLIMB,COOLING_DEGRADATION,1.0,6098.19,88.22,601.52,5.151,68.23,19.787,25.5,1.564,24.511,16.608,6093.660745397095,79.55810228571428,600.5269591836735,5.16351534262359,60.8514167755102,19.708836734693875,25.5562,1.5540060745397095,24.6,16.6715,4.5292546029049845,8.661897714285715,0.9930408163264701,-0.012515342623590442,7.378583224489802,0.07816326530612372,-0.05620000000000047,0.009993925460290543,-0.08900000000000219,-0.06350000000000122
146.4,CLIMB,COOLING_DEGRADATION,1.0,6109.96,87.6,600.94,5.16,68.09,19.75,25.66,1.499,24.561,16.902,6093.134164952817,79.5582287142857,600.4980408163265,5.163275527379277,60.8459092244898,19.706963265306122,25.556,1.5538734164952817,24.6,16.67,16.82583504718332,8.04177128571429,0.441959183673589,-0.0032755273792766104,7.244090775510202,0.04303673469387803,0.1039999999999992,-0.054873416495281546,-0.03900000000000148,0.23199999999999932
146.5,CLIMB,COOLING_DEGRADATION,1.0,6105.1,87.26,601.18,5.127,68.03,19.599,25.505,1.502,24.572,16.673,6092.607591468278,79.55835514285714,600.4691224489795,5.163035709947842,60.84040167346939,19.70508979591837,25.5558,1.553740759146828,24.6,16.6685,12.492408531722504,7.701644857142867,0.7108775510204168,-0.03603570994784189,7.189598326530614,-0.10608979591836842,-0.0508000000000024,-0.051740759146827964,-0.028000000000002245,0.004499999999996618
146.6,CLIMB,COOLING_DEGRADATION,1.0,6103.99,87.72,602.41,5.127,68.43,19.619,25.506,1.558,24.667,16.726,6092.049694330775,79.55654057142858,600.4682040816326,5.162815786975525,60.82895812244899,19.70361632653061,25.5556,1.5536849694330774,24.6,16.667,11.940305669224472,8.163459428571414,1.9417959183673474,-0.03581578697552512,7.601041877551019,-0.08461632653061102,-0.04959999999999809,0.0043150305669226174,0.06700000000000017,0.0589999999999975
146.7,CLIMB,COOLING_DEGRADATION,1.0,6108.72,87.16,600.67,5.125,68.07,19.553,25.52,1.585,24.607,16.758,6091.999894553144,79.55625300000001,600.4442857142857,5.162822229421344,60.82365657142857,19.703542857142857,25.5556,1.5535999894553143,24.6,16.667,16.720105446855996,7.603746999999984,0.22571428571427532,-0.03782222942134439,7.246343428571421,-0.15054285714285598,-0.035599999999998744,0.031400010544685664,0.006999999999997897,0.09099999999999753
146.8,CLIMB,COOLING_DEGRADATION,1.0,6110.38,87.81,598.23,5.144,68.24,19.822,25.573,1.561,24.574,16.719,6091.482575614776,79.55295271428572,600.4413265306122,5.162623243487486,60.812231795918365,19.70190612244898,25.5554,1.5535482575614776,24.6,16.6655,18.89742438522444,8.257047285714279,-2.211326530612155,-0.018623243487486008,7.42776820408163,0.12009387755101741,0.017600000000001614,0.007451742438522313,-0.0259999999999998,0.05349999999999966
146.9,CLIMB,COOLING_DEGRADATION,1.0,6104.51,87.6,600.92,5.139,68.39,19.733,25.528,1.587,24.593,16.653,6090.956028845714,79.55307914285716,600.4124081632652,5.162383413096693,60.80672424489796,19.700032653061225,25.5552,1.5534156028845716,24.6,16.664,13.553971154286046,8.046920857142837,0.5075918367347185,-0.023383413096692784,7.5832757551020435,0.03296734693877568,-0.027200000000000557,0.03358439711542838,-0.0070000000000014495,-0.011000000000002785
147.0,CLIMB,COOLING_DEGRADATION,1.0,6097.33,87.87,603.33,5.171,68.21,19.734,25.53,1.604,24.698,16.624,6090.3981672400005,79.55386457142858,600.4114897959183,5.16212936465463,60.80088069387756,19.698559183673467,25.555,1.5533598167240001,24.6,16.6625,6.931832759999452,8.316135428571428,2.918510204081713,0.008870635345370026,7.4091193061224345,0.03544081632653473,-0.02499999999999858,0.05064018327599995,0.09799999999999898,-0.03850000000000264
147.1,CLIMB,COOLING_DEGRADATION,1.0,6091.48,87.43,602.5,5.186,68.63,19.747,25.696,1.531,24.553,16.72,6089.871637261029,79.551391,600.3825714285715,5.16192363431318,60.78977314285714,19.696685714285717,25.5548,1.5532271637261028,24.6,16.661,1.6083627389707544,7.8786090000000115,2.1174285714284906,0.024076365686820367,7.840226857142852,0.05031428571428265,0.14120000000000132,-0.022227163726102894,-0.0470000000000006,0.0589999999999975
147.2,CLIMB,COOLING_DEGRADATION,1.0,6105.23,87.37,601.12,5.204,68.25,19.66,25.539,1.596,24.663,16.708,6089.313798183493,79.55217642857141,600.3816530612245,5.16166958177504,60.78392959183674,19.69521224489796,25.5546,1.5531713798183493,24.6,16.6595,15.916201816506145,7.81782357142859,0.7383469387755213,0.04233041822495931,7.466070408163262,-0.035212244897959266,-0.01559999999999917,0.04282862018165079,0.06299999999999883,0.0484999999999971
147.3,CLIMB,COOLING_DEGRADATION,1.0,6092.61,88.03,602.24,5.073,67.41,19.722,25.554,1.6,24.56,16.595,6089.264014347233,79.54928885714284,600.3577346938775,5.161710115629537,60.77302804081634,19.695138775510202,25.5546,1.5530864014347234,24.6,16.6595,3.3459856527670127,8.48071114285716,1.8822653061224628,-0.0887101156295369,6.636971959183654,0.02686122448979944,-0.0006000000000021544,0.04691359856527666,-0.0400000000000027,-0.06450000000000244
147.4,CLIMB,COOLING_DEGRADATION,1.0,6100.49,87.08,600.46,5.163,68.21,19.446,25.431,1.531,24.669,16.704,6088.706191448817,79.55007428571427,600.3568163265306,5.161456058600381,60.76718448979592,19.693665306122448,25.5544,1.5530306191448817,24.6,16.658,11.783808551183029,7.529925714285724,0.10318367346940249,0.0015439413996194418,7.4428155102040705,-0.24766530612244608,-0.12340000000000018,-0.022030619144881802,0.06899999999999906,0.045999999999999375
147.5,CLIMB,COOLING_DEGRADATION,1.0,6098.73,87.43,601.32,5.116,68.8,19.727,25.586,1.519,24.507,16.544,6088.17969115391,79.54760071428572,600.3278979591837,5.161250307136431,60.756076938775514,19.69179183673469,25.5542,1.5528979691153912,24.6,16.656499999999998,10.550308846089138,7.8823992857142855,0.9921020408163486,-0.04525030713643119,8.043923061224483,0.03520816326530962,0.03179999999999694,-0.033897969115391335,-0.09299999999999997,-0.11249999999999716
147.6,CLIMB,COOLING_DEGRADATION,1.0,6095.2,87.98,601.15,5.133,68.22,19.835,25.608,1.479,24.547,16.761,6087.621890784164,79.54838614285714,600.3269795918368,5.16099624601327,60.7502333877551,19.69031836734694,25.554,1.5528421890784165,24.6,16.655,7.578109215835866,8.431613857142864,0.8230204081631882,-0.02799624601327011,7.4697666122448965,0.1446816326530609,0.054000000000002046,-0.07384218907841644,-0.053000000000000824,0.1059999999999981
147.7,CLIMB,COOLING_DEGRADATION,1.0,6098.48,87.46,601.22,5.082,67.81,19.428,25.49,1.681,24.534,16.867,6087.095407280816,79.54851257142857,600.2980612244899,5.160756394565553,60.744725836734695,19.68844489795918,25.5538,1.5527095407280815,24.6,16.6535,11.384592719183274,7.911487428571419,0.9219387755101707,-0.07875639456555295,7.0652741632653075,-0.2604448979591787,-0.06380000000000052,0.1282904592719185,-0.0660000000000025,0.2134999999999998
147.8,CLIMB,COOLING_DEGRADATION,1.0,6091.68,87.22,600.01,5.163,68.46,19.58,25.478,1.663,24.51,16.715,6086.5689307391995,79.546039,600.2691428571429,5.160550625719533,60.733618285714286,19.686571428571426,25.5536,1.55257689307392,24.6,16.652,5.111069260800832,7.673961000000006,-0.2591428571429333,0.0024493742804674312,7.726381714285708,-0.10657142857142787,-0.07559999999999789,0.11042310692607993,-0.08999999999999986,0.06299999999999883
147.9,CLIMB,COOLING_DEGRADATION,1.0,6090.13,88.47,601.03,5.149,68.92,19.776,25.598,1.619,24.586,16.637,6086.4878613394285,79.54641042857143,600.273224489796,5.160542841991499,60.72798073469389,19.68689795918367,25.5536,1.552568786133943,24.6,16.652,3.642138660571618,8.923589571428565,0.7567755102039655,-0.011542841991499131,8.192019265306115,0.08910204081632855,0.04439999999999955,0.06643121386605699,-0.014000000000002899,-0.015000000000000568
148.0,CLIMB,COOLING_DEGRADATION,1.0,6090.96,87.46,600.08,5.12,68.04,19.744,25.565,1.576,24.556,16.73,6085.961397692278,79.54393685714287,600.2443061224491,5.1603370642771065,60.71687318367348,19.68502448979592,25.5534,1.552436139769228,24.6,16.6505,4.99860230772174,7.916063142857126,-0.16430612244903386,-0.04033706427710637,7.323126816326528,0.05897551020407832,0.011600000000001387,0.02356386023077217,-0.04400000000000048,0.07949999999999946
148.1,CLIMB,COOLING_DEGRADATION,1.0,6089.79,87.27,601.06,5.155,67.9,19.618,25.575,1.552,24.5,16.503,6085.444174420637,79.54323657142857,600.2413469387756,5.160103925305544,60.711048408163265,19.683387755102043,25.5532,1.5523844174420638,24.6,16.649,4.345825579363009,7.726763428571431,0.8186530612243814,-0.0051039253055433775,7.188951591836741,-0.06538775510204431,0.02179999999999893,-0.00038441744206374473,-0.10000000000000142,-0.1460000000000008
148.2,CLIMB,COOLING_DEGRADATION,1.0,6086.52,88.39,597.73,5.097,68.49,19.622,25.553,1.513,24.637,16.724,6084.917724600001,79.543363,600.2124285714286,5.159864058724942,60.70554085714286,19.681514285714293,25.553,1.55225177246,24.6,16.6475,1.6022753999995984,8.846637000000001,-2.4824285714286134,-0.06286405872494161,7.784459142857138,-0.05951428571429318,0.0,-0.03925177246000011,0.036999999999999034,0.07649999999999935
148.3,CLIMB,COOLING_DEGRADATION,1.0,6089.12,88.9,603.14,5.1,68.47,19.773,25.513,1.54,24.592,16.726,6084.359992124343,79.54154842857142,600.2115102040817,5.1596440580246465,60.69409730612246,19.68004081632653,25.5528,1.5521959992124341,24.6,16.646,4.760007875656811,9.358451571428589,2.928489795918267,-0.059644058024646895,7.775902693877541,0.092959183673468,-0.03979999999999961,-0.012195999212434083,-0.008000000000002672,0.0799999999999983
148.4,CLIMB,COOLING_DEGRADATION,1.0,6094.9,87.95,599.39,5.104,68.72,19.489,25.54,1.469,24.59,16.793,6083.833559097013,79.54167485714285,600.1825918367348,5.159404185269906,60.68858975510205,19.67816734693877,25.552599999999998,1.5520633559097012,24.6,16.6445,11.06644090298687,8.408325142857151,-0.7925918367348004,-0.055404185269906314,8.031410244897948,-0.18916734693877046,-0.012599999999999056,-0.08306335590970115,-0.010000000000001563,0.14849999999999852
148.5,CLIMB,COOLING_DEGRADATION,1.0,6094.58,87.29,601.8,5.158,68.01,19.466,25.548,1.572,24.596,16.628,6083.75252019409,79.53944628571429,600.1866734693879,5.159430467322286,60.677352204081636,19.678493877551016,25.552599999999998,1.552055252019409,24.6,16.6445,10.827479805910116,7.750553714285715,1.6133265306120848,-0.0014304673222858,7.332647795918369,-0.21249387755101523,-0.0045999999999999375,0.019944747980590982,-0.004000000000001336,-0.016500000000000625
148.6,CLIMB,COOLING_DEGRADATION,1.0,6085.57,88.05,599.69,5.148,67.69,19.686,25.597,1.558,24.702,16.618,6083.226100062368,79.53957271428571,600.1577551020407,5.1591905891037415,60.67184465306123,19.676620408163267,25.5524,1.5519226100062369,24.6,16.643,2.343899937632159,8.510427285714286,-0.4677551020406554,-0.011190589103741821,7.018155346938769,0.009379591836733425,0.04460000000000264,0.0060773899937631715,0.10200000000000031,-0.02500000000000213
148.7,CLIMB,COOLING_DEGRADATION,1.0,6098.03,88.37,600.65,5.16,67.99,19.78,25.556,1.585,24.68,16.76,6082.668406297143,79.53775814285714,600.1568367346938,5.158970570355647,60.66040110204081,19.67514693877551,25.5522,1.5518668406297143,24.6,16.6415,15.361593702857135,8.832241857142861,0.4931632653061797,0.0010294296443529305,7.329598897959187,0.10485306122449245,0.003800000000001802,0.033133159370285714,0.0799999999999983,0.11850000000000094
148.8,CLIMB,COOLING_DEGRADATION,1.0,6089.2,87.74,599.7,5.168,68.28,19.652,25.593,1.547,24.49,16.769,6082.142002959675,79.53788457142858,600.1279183673469,5.158730685964902,60.654893551020415,19.673273469387752,25.552,1.5517342002959675,24.6,16.64,7.057997040325063,8.202115428571418,-0.42791836734681965,0.00926931403509812,7.625106448979587,-0.021273469387750765,0.04100000000000037,-0.0047342002959676055,-0.11000000000000298,0.12899999999999778
148.9,CLIMB,COOLING_DEGRADATION,1.0,6083.34,87.57,599.69,5.13,67.88,19.793,25.598,1.589,24.583,16.487,6081.615606585599,79.53801100000001,600.0989999999999,5.158490799392213,60.649386,19.6714,25.5518,1.55160156065856,24.6,16.6385,1.7243934144007653,8.031988999999982,-0.4089999999998781,-0.02849079939221344,7.230613999999996,0.12160000000000082,0.04619999999999891,0.03739843934143994,-0.017000000000003013,-0.1515000000000022
149.0,CLIMB,COOLING_DEGRADATION,1.0,6089.47,88.53,599.73,5.129,67.32,19.556,25.572,1.563,24.566,16.683,6081.057945182107,79.53619642857144,600.098081632653,5.158270766496759,60.637942448979594,19.66992653061224,25.5516,1.5515457945182107,24.6,16.637,8.412054817893477,8.993803571428558,-0.3680816326530021,-0.029270766496759748,6.682057551020399,-0.11392653061223967,0.02039999999999864,0.011454205481789215,-0.03400000000000247,0.045999999999999375
149.1,CLIMB,COOLING_DEGRADATION,1.0,6098.09,87.94,597.69,5.139,67.83,19.784,25.515,1.506,24.567,16.754,6081.008208353437,79.53590885714287,600.0741632653061,5.158277173850357,60.63264089795919,19.669853061224487,25.5516,1.5514608208353438,24.6,16.637,17.081791646563033,8.404091142857126,-2.3841632653060287,-0.019277173850356988,7.1973591020408065,0.1141469387755123,-0.036599999999999966,-0.04546082083534375,-0.03300000000000125,0.11700000000000088
149.2,CLIMB,COOLING_DEGRADATION,1.0,6089.56,87.24,600.03,5.112,67.95,19.636,25.474,1.571,24.622,16.61,6080.450563131102,79.53409428571429,600.0732448979592,5.158057133070164,60.62119734693878,19.668379591836732,25.5514,1.5514050563131103,24.6,16.6355,9.109436868898229,7.705905714285706,-0.04324489795919817,-0.046057133070164014,7.328802653061224,-0.03237959183673311,-0.0774000000000008,0.019594943686889632,0.021999999999998465,-0.025500000000000966
149.3,CLIMB,COOLING_DEGRADATION,1.0,6087.43,88.56,597.72,5.082,67.94,19.609,25.489,1.551,24.6,16.563,6079.964694718628,79.53273499999999,600.0422857142856,5.157838154877165,60.61570857142857,19.66634285714286,25.5512,1.5512764694718628,24.6,16.634,7.465305281371911,9.027265000000014,-2.322285714285613,-0.07583815487716539,7.324291428571428,-0.057342857142856474,-0.0622000000000007,-0.0002764694718628835,0.0,-0.0710000000000015
149.4,CLIMB,COOLING_DEGRADATION,1.0,6095.17,87.72,603.94,5.12,68.32,19.631,25.579,1.519,24.64,16.4,6079.407068852491,79.5335204285714,600.0413673469386,5.1575840580871795,60.609865020408165,19.6648693877551,25.551,1.551220706885249,24.6,16.6325,15.762931147509335,8.186479571428592,3.8986326530614406,-0.03758405808717935,7.710134979591828,-0.03386938775510018,0.028000000000002245,-0.03222070688524914,0.03999999999999915,-0.2325000000000017
149.5,CLIMB,COOLING_DEGRADATION,1.0,6088.26,87.91,601.79,5.157,67.88,19.867,25.582,1.598,24.525,16.682,6078.880716,79.53104685714285,600.0124489795918,5.1573781970857775,60.59875746938776,19.662995918367347,25.5508,1.5510880716000002,24.6,16.631,9.379284000000553,8.378953142857142,1.7775510204081684,-0.00037819708577746525,7.281242530612232,0.20400408163265382,0.031200000000001893,0.046911928399999914,-0.07500000000000284,0.05099999999999838
149.6,CLIMB,COOLING_DEGRADATION,1.0,6089.53,88.29,600.95,5.176,67.81,19.538,25.55,1.555,24.587,16.703,6078.3231126651435,79.53183228571429,600.0115306122449,5.1571240962120415,60.592913918367344,19.66152244897959,25.5506,1.5510323112665145,24.6,16.6295,11.20688733485622,8.758167714285719,0.9384693877551626,0.01887590378795867,7.217086081632658,-0.12352244897958897,-0.0005999999999986017,0.003967688733485408,-0.013000000000001677,0.07349999999999923
149.7,CLIMB,COOLING_DEGRADATION,1.0,6088.35,88.58,600.65,5.162,67.85,19.475,25.605,1.506,24.603,16.488,6078.273391789273,79.52894471428571,599.987612244898,5.157164533444284,60.58201236734695,19.661448979591835,25.5506,1.5509473391789275,24.6,16.6295,10.0766082107275,9.051055285714284,0.6623877551020314,0.004835466555715762,7.267987632653046,-0.18644897959183382,0.054400000000001114,-0.04494733917892746,0.0030000000000001137,-0.14150000000000063
149.8,CLIMB,COOLING_DEGRADATION,1.0,6081.09,88.27,601.1,5.143,68.13,19.874,25.64,1.564,24.625,16.67,6077.715804636213,79.52973014285715,599.986693877551,5.156910428089704,60.576168816326536,19.659975510204085,25.5504,1.5508915804636212,24.6,16.628,3.374195363787294,8.740269857142849,1.1133061224489893,-0.013910428089704219,7.553831183673459,0.21402448979591426,0.08960000000000079,0.013108419536378868,0.02499999999999858,0.04200000000000159
149.9,CLIMB,COOLING_DEGRADATION,1.0,6083.0,87.98,597.26,5.133,67.8,19.739,25.634,1.589,24.6,16.676,6077.189481478433,79.52725657142858,599.9577755102041,5.156704545990876,60.56506126530612,19.658102040816324,25.5502,1.5507589481478434,24.6,16.6265,5.810518521567246,8.452743428571424,-2.69777551020411,-0.023704545990876014,7.234938734693877,0.0808979591836767,0.0838000000000001,0.03824105185215654,0.0,0.04949999999999832
150.0,CLIMB,COOLING_DEGRADATION,1.0,6084.71,88.07,600.59,5.148,68.17,19.647,25.564,1.522,24.633,16.767,6076.631916857143,79.528042,599.9568571428572,5.156450436554614,60.55921771428571,19.656628571428573,25.55,1.5507031916857144,24.6,16.625,8.078083142857395,8.541957999999994,0.6331428571428432,-0.008450436554614527,7.6107822857142935,-0.009628571428574872,0.013999999999999346,-0.028703191685714335,0.0329999999999977,0.14199999999999946
150.1,CLIMB,COOLING_DEGRADATION,1.0,6084.82,88.38,600.21,5.116,68.14,19.665,25.559,1.566,24.523,16.672,6076.105610496833,79.52816842857143,599.9279387755103,5.1562105160287475,60.55371016326531,19.654755102040816,25.5498,1.5505705610496834,24.6,16.6235,8.714389503166785,8.851831571428562,0.2820612244897802,-0.04021051602874781,7.586289836734693,0.010244897959182708,0.009199999999999875,0.015429438950316676,-0.07700000000000173,0.048500000000000654
150.2,CLIMB,COOLING_DEGRADATION,1.0,6086.6,88.05,603.42,5.117,68.42,19.623,25.496,1.472,24.644,16.581,6075.57931110191,79.52569485714285,599.8990204081633,5.1560046165678886,60.542602612244906,19.652881632653063,25.5496,1.550437931110191,24.6,16.622,11.020688898090157,8.524305142857145,3.5209795918366353,-0.03900461656788856,7.877397387755096,-0.029881632653061985,-0.05360000000000298,-0.07843793111019104,0.04399999999999693,-0.04100000000000037
150.3,CLIMB,COOLING_DEGRADATION,1.0,6078.12,87.77,602.48,5.127,67.97,19.75,25.554,1.491,24.524,16.732,6075.498363279151,79.52606628571428,599.9031020408164,5.155996818554551,60.53696506122449,19.653208163265308,25.5496,1.550429836327915,24.6,16.622,2.621636720848983,8.243933714285717,2.5768979591836114,-0.028996818554551496,7.433034938775506,0.09679183673469183,0.004399999999996851,-0.059429836327914876,-0.07600000000000051,0.10999999999999943
150.4,CLIMB,COOLING_DEGRADATION,1.0,6080.66,87.82,599.82,5.156,68.04,19.83,25.556,1.578,24.592,16.578,6075.012547728,79.522107,599.8721428571429,5.155811819784293,60.52587628571429,19.651171428571427,25.5494,1.5503012547728001,24.6,16.6205,5.6474522720000095,8.297892999999988,-0.05214285714282596,0.00018818021570687904,7.5141237142857165,0.17882857142857134,0.006600000000002382,0.02769874522719995,-0.008000000000002672,-0.042500000000000426
150.5,CLIMB,COOLING_DEGRADATION,1.0,6079.59,87.61,600.69,5.121,67.85,19.614,25.582,1.6,24.553,16.729,6074.455028479021,79.52289242857142,599.871224489796,5.155557699348856,60.52003273469388,19.64969795918367,25.5492,1.5502455028479023,24.6,16.619,5.134971520978979,8.087107571428575,0.818775510204091,-0.034557699348855664,7.3299672653061165,-0.03569795918366836,0.03280000000000172,0.04975449715209779,-0.0470000000000006,0.10999999999999943
150.6,CLIMB,COOLING_DEGRADATION,1.0,6080.53,88.04,599.17,5.124,68.26,19.657,25.548,1.591,24.566,16.504,6073.928755815184,79.52301885714286,599.842306122449,5.155317763715191,60.51452518367348,19.64782448979592,25.549,1.5501128755815183,24.6,16.6175,6.601244184816096,8.516981142857148,-0.6723061224490721,-0.03131776371519113,7.745474816326528,0.009175510204080695,-0.0010000000000012221,0.040887124418481635,-0.03400000000000247,-0.11349999999999838
150.7,CLIMB,COOLING_DEGRADATION,1.0,6080.81,88.36,601.06,5.136,68.08,19.654,25.588,1.494,24.561,16.473,6073.371259098907,79.52120428571429,599.8413877551021,5.155097653202696,60.503081632653064,19.64635102040816,25.5488,1.5500571259098908,24.6,16.616,7.438740901093297,8.838795714285709,1.2186122448978267,-0.019097653202695852,7.576918367346934,0.007648979591838412,0.03920000000000101,-0.05605712590989076,-0.03900000000000148,-0.14300000000000068
150.8,CLIMB,COOLING_DEGRADATION,1.0,6084.4,87.79,600.41,5.133,67.37,19.526,25.6,1.566,24.511,16.66,6072.845003234285,79.52133071428572,599.8124693877551,5.154857711406446,60.497574081632656,19.64447755102041,25.5486,1.5499245003234283,24.6,16.6145,11.55499676571435,8.268669285714282,0.5975306122448956,-0.021857711406446434,6.872425918367348,-0.11847755102041191,0.051400000000001,0.016075499676571736,-0.08900000000000219,0.04550000000000054
150.9,CLIMB,COOLING_DEGRADATION,1.0,6087.12,88.11,602.25,5.109,68.34,19.676,25.536,1.576,24.624,16.638,6072.764085912457,79.51910214285715,599.8165510204082,5.154883917657708,60.48633653061225,19.644804081632657,25.5486,1.5499164085912458,24.6,16.6145,14.35591408754317,8.59089785714285,2.4334489795918444,-0.04588391765770794,7.8536634693877545,0.03119591836734159,-0.012599999999999056,0.02608359140875427,0.023999999999997357,0.023500000000002075
151.0,CLIMB,COOLING_DEGRADATION,1.0,6087.23,88.97,601.63,5.158,68.26,19.705,25.56,1.536,24.662,16.562,6072.237842948179,79.51922857142857,599.7876326530612,5.154643970407189,60.48082897959184,19.6429306122449,25.5484,1.549783784294818,24.6,16.613,14.992157051820868,9.450771428571429,1.8423673469387722,0.003356029592811005,7.779171020408164,0.062069387755098404,0.011599999999997834,-0.013783784294817858,0.06199999999999761,-0.05099999999999838
151.1,CLIMB,COOLING_DEGRADATION,1.0,6078.56,87.21,599.33,5.115,67.96,19.64,25.478,1.468,24.664,16.642,6071.680384948115,79.517414,599.7867142857143,5.154423841873382,60.46938542857143,19.641457142857142,25.5482,1.5497280384948116,24.6,16.6115,6.879615051885594,7.6925859999999915,-0.45671428571426986,-0.03942384187338188,7.490614571428566,-0.0014571428571414913,-0.07019999999999982,-0.08172803849481158,0.06400000000000006,0.03049999999999997
151.2,CLIMB,COOLING_DEGRADATION,1.0,6077.99,87.45,602.59,5.133,68.05,19.655,25.477,1.49,24.603,16.618,6071.154158784,79.51754042857144,599.7577959183675,5.154183888462217,60.46387787755102,19.63958367346939,25.548000000000002,1.5495954158784,24.6,16.61,6.835841215999608,7.932459571428566,2.83220408163254,-0.021183888462217304,7.586122122448977,0.015416326530612423,-0.0710000000000015,-0.059595415878400004,0.0030000000000001137,0.007999999999999119
151.3,CLIMB,COOLING_DEGRADATION,1.0,6077.25,88.06,598.41,5.115,68.1,19.773,25.557,1.543,24.722,16.429,6070.62793958694,79.51766685714286,599.7288775510203,5.153943932874295,60.45837032653061,19.637710204081632,25.5478,1.5494627939586938,24.6,16.6085,6.622060413060353,8.542333142857146,-1.318877551020364,-0.03894393287429487,7.641629673469382,0.13528979591836787,0.009199999999999875,-0.006462793958693869,0.12199999999999989,-0.17950000000000088
151.4,CLIMB,COOLING_DEGRADATION,1.0,6080.45,88.47,598.2,5.089,67.59,19.735,25.527,1.574,24.585,16.648,6070.07051395396,79.5158522857143,599.7279591836734,5.153723790214139,60.44692677551021,19.636236734693874,25.5476,1.549407051395396,24.6,16.607,10.379486046040256,8.954147714285696,-1.5279591836733744,-0.06472379021413843,7.143073224489797,0.09876326530612545,-0.020599999999998175,0.024592948604604148,-0.015000000000000568,0.04100000000000037
151.5,CLIMB,COOLING_DEGRADATION,1.0,6076.13,88.33,599.88,5.185,67.54,19.753,25.533,1.537,24.622,16.696,6070.0612837392,79.514079,599.702,5.153751061398788,60.44164400000001,19.635999999999996,25.5476,1.5493261283739201,24.6,16.607,6.068716260800102,8.815921000000003,0.17799999999999727,0.031248938601211584,7.0983559999999954,0.11700000000000443,-0.014599999999997948,-0.01232612837392022,0.021999999999998465,0.08900000000000219
151.6,CLIMB,COOLING_DEGRADATION,1.0,6071.17,87.95,601.94,5.101,67.72,19.282,25.568,1.564,24.607,16.702,6069.50387111502,79.51226442857141,599.7010816326531,5.1535309096893736,60.4302004489796,19.634526530612245,25.5474,1.5492703871115021,24.6,16.6055,1.6661288849800258,8.43773557142859,2.238918367346969,-0.05253090968937357,7.289799551020401,-0.3525265306122449,0.020600000000001728,0.014729612888497945,0.006999999999997897,0.09650000000000247
151.7,CLIMB,COOLING_DEGRADATION,1.0,6071.76,88.29,601.77,5.127,67.03,19.471,25.488,1.456,24.684,16.694,6068.9776786536495,79.51239085714286,599.672163265306,5.153290941181901,60.42469289795919,19.632653061224485,25.5472,1.549137767865365,24.6,16.604,2.7823213463507273,8.777609142857145,2.097836734693942,-0.026290941181900784,6.605307102040811,-0.16165306122448442,-0.059200000000000585,-0.0931377678653651,0.08399999999999963,0.08999999999999986
151.8,CLIMB,COOLING_DEGRADATION,1.0,6074.33,88.11,600.48,5.14,68.01,19.612,25.53,1.583,24.64,16.523,6068.420288563592,79.51317628571428,599.6712448979591,5.153036796178252,60.41884934693878,19.631179591836734,25.547,1.5490820288563594,24.6,16.6025,5.909711436407633,8.59682371428572,0.808755102040891,-0.013036796178252708,7.591150653061227,-0.019179591836735455,-0.01699999999999946,0.03391797114364059,0.03999999999999915,-0.07949999999999946
151.9,CLIMB,COOLING_DEGRADATION,1.0,6072.92,87.51,602.3,5.125,67.81,19.602,25.574,1.63,24.56,16.71,6067.89411290413,79.51070271428571,599.6423265306123,5.15283080466711,60.40774179591837,19.62930612244898,25.5468,1.5489494112904132,24.6,16.601,5.025887095869621,7.999297285714292,2.657673469387646,-0.027830804667109632,7.402258204081633,-0.02730612244898012,0.027200000000000557,0.0810505887095867,-0.0400000000000027,0.10900000000000176
152.0,CLIMB,COOLING_DEGRADATION,1.0,6083.64,87.83,598.59,5.125,68.03,19.653,25.504,1.506,24.602,16.447,6067.336745348458,79.51148814285713,599.6414081632654,5.152576655592037,60.40189824489796,19.627832653061223,25.5466,1.548893674534846,24.6,16.5995,16.303254651542375,8.318511857142866,-1.0514081632653642,-0.02757665559203737,7.628101755102044,0.025167346938776092,-0.04260000000000019,-0.04289367453484605,0.0019999999999988916,-0.15249999999999986
152.1,CLIMB,COOLING_DEGRADATION,1.0,6081.5,87.45,603.45,5.151,67.68,19.649,25.59,1.506,24.535,16.548,6067.28708748,79.50860057142856,599.6174897959183,5.15261699629759,60.390996693877554,19.62775918367347,25.5466,1.548808708748,24.6,16.5995,14.212912519999918,7.941399428571444,3.8325102040817,-0.0016169962975904895,7.289003306122453,0.021240816326532297,0.04339999999999833,-0.042808708748000024,-0.06500000000000128,-0.05150000000000077
152.2,CLIMB,COOLING_DEGRADATION,1.0,6076.96,88.38,600.4,5.106,67.47,19.577,25.591,1.671,24.633,16.866,6066.729736108799,79.50938599999999,599.6165714285714,5.152362842751849,60.385153142857156,19.626285714285714,25.5464,1.54875297361088,24.6,16.598,10.230263891200593,8.870614000000003,0.7834285714285443,-0.04636284275184899,7.084846857142843,-0.0492857142857126,0.04460000000000264,0.12224702638912,0.0329999999999977,0.2680000000000007
152.3,CLIMB,COOLING_DEGRADATION,1.0,6072.21,87.12,601.14,5.12,68.15,19.634,25.593,1.613,24.58,16.649,6066.203590154693,79.50691242857144,599.5876530612245,5.152156830168359,60.37404559183673,19.62441224489796,25.5462,1.5486203590154692,24.6,16.5965,6.0064098453067345,7.613087571428565,1.5523469387754858,-0.032156830168358574,7.7759544081632725,0.009587755102039353,0.04680000000000106,0.06437964098453075,-0.020000000000003126,0.05250000000000199
152.4,CLIMB,COOLING_DEGRADATION,1.0,6073.07,88.64,600.45,5.135,67.96,19.568,25.507,1.468,24.555,16.545,6065.646261318368,79.50769785714286,599.5867346938776,5.151902672553264,60.36820204081633,19.622938775510207,25.546,1.5485646261318367,24.6,16.595,7.4237386816321305,9.132302142857142,0.8632653061224573,-0.01690267255326461,7.5917979591836655,-0.05493877551020532,-0.038999999999997925,-0.08056462613183668,-0.045000000000001705,-0.04999999999999716
152.5,CLIMB,COOLING_DEGRADATION,1.0,6081.58,88.02,600.18,5.138,67.44,19.59,25.533,1.53,24.691,16.68,6065.160548249339,79.50633857142859,599.5557755102041,5.151683570902595,60.36271326530612,19.620902040816325,25.5458,1.548436054824934,24.6,16.5935,16.41945175066121,8.51366142857141,0.6242244897958926,-0.013683570902594866,7.077286734693878,-0.030902040816325638,-0.01279999999999859,-0.018436054824934045,0.09099999999999753,0.08650000000000091
152.6,CLIMB,COOLING_DEGRADATION,1.0,6067.82,87.97,598.35,5.138,67.81,19.767,25.52,1.615,24.599,16.752,6064.634423100343,79.503865,599.5268571428571,5.151477539893962,60.351605714285725,19.619028571428572,25.5456,1.5483034423100344,24.6,16.592,3.185576899656553,8.466134999999994,-1.1768571428571022,-0.013477539893962387,7.458394285714277,0.1479714285714273,-0.025600000000000733,0.06669655768996563,-0.0010000000000012221,0.16000000000000014
152.7,CLIMB,COOLING_DEGRADATION,1.0,6074.23,88.15,600.36,5.116,67.35,19.478,25.552,1.583,24.625,16.575,6064.553596871576,79.50423642857143,599.5309387755102,5.151469727904285,60.34596816326531,19.619355102040817,25.5456,1.5482953596871576,24.6,16.592,9.676403128423772,8.645763571428574,0.8290612244898057,-0.035469727904285264,7.004031836734683,-0.1413551020408157,0.006399999999999295,0.03470464031284237,0.02499999999999858,-0.01699999999999946
152.8,CLIMB,COOLING_DEGRADATION,1.0,6067.66,88.53,599.57,5.127,67.79,19.486,25.584,1.615,24.582,16.567,6064.027484626482,79.50176285714286,599.5020204081633,5.151263688049598,60.3348606122449,19.61748163265306,25.5454,1.5481627484626483,24.6,16.5905,3.63251537351789,9.028237142857137,0.06797959183677449,-0.02426368804959811,7.4551393877551035,-0.13148163265305968,0.03859999999999886,0.06683725153735165,-0.018000000000000682,-0.023499999999998522
152.9,CLIMB,COOLING_DEGRADATION,1.0,6066.77,88.69,600.85,5.093,67.94,19.615,25.568,1.52,24.58,16.532,6063.470201170286,79.50254828571428,599.5011020408164,5.1510095194621375,60.329017061224484,19.616008163265306,25.5452,1.5481070201170284,24.6,16.589,3.299798829714746,9.187451714285714,1.3488979591836596,-0.058009519462137504,7.610982938775514,-0.0010081632653076156,0.022800000000000153,-0.02810702011702837,-0.020000000000003126,-0.05699999999999861
153.0,CLIMB,COOLING_DEGRADATION,1.0,6078.43,87.08,599.64,5.136,67.27,19.601,25.542,1.606,24.578,16.658,6062.944105729796,79.50267471428572,599.4721836734693,5.150769514901455,60.32350951020408,19.614134693877553,25.545,1.5479744105729798,24.6,16.5875,15.485894270203971,7.577325285714281,0.16781632653066936,-0.01476951490145506,6.946490489795913,-0.013134693877553616,-0.0030000000000001137,0.0580255894270203,-0.022000000000002018,0.07050000000000267
153.1,CLIMB,COOLING_DEGRADATION,1.0,6068.79,87.94,599.08,5.124,67.88,19.645,25.444,1.572,24.517,16.621,6062.386844809404,79.50086014285714,599.4712653061224,5.150549294735222,60.31206595918368,19.612661224489795,25.5448,1.5479186844809405,24.6,16.586,6.403155190596408,8.439139857142862,-0.39126530612236365,-0.026549294735222162,7.5679340408163185,0.0323387755102047,-0.10079999999999956,0.024081315519059565,-0.08300000000000196,0.03500000000000014
153.2,CLIMB,COOLING_DEGRADATION,1.0,6068.93,87.64,601.57,5.148,67.51,19.612,25.566,1.506,24.597,16.717,6061.860766174041,79.50098657142857,599.4423469387755,5.150309284023516,60.30655840816327,19.61078775510204,25.5446,1.547786076617404,24.6,16.5845,7.0692338259596,8.139013428571431,2.127653061224578,-0.002309284023516156,7.203441591836736,0.0012122448979567935,0.021399999999999864,-0.04178607661740408,-0.0030000000000001137,0.13250000000000028
153.3,CLIMB,COOLING_DEGRADATION,1.0,6066.5,88.27,597.09,5.109,67.2,19.509,25.531,1.617,24.611,16.603,6061.779970450286,79.49875800000001,599.4464285714286,5.150335414577464,60.29532085714286,19.611114285714287,25.5446,1.5477779970450285,24.6,16.5845,4.720029549714127,8.771241999999987,-2.3564285714285234,-0.041335414577464036,6.904679142857141,-0.10211428571428627,-0.013600000000000279,0.0692220029549715,0.010999999999999233,0.01850000000000307
153.4,CLIMB,COOLING_DEGRADATION,1.0,6070.05,87.76,601.86,5.202,67.86,19.74,25.532,1.632,24.579,16.582,6061.253904720001,79.49888442857144,599.4175102040816,5.150095398421026,60.28981330612245,19.60924081632653,25.5444,1.547645390472,24.6,16.583,8.796095279999463,8.261115571428562,2.442489795918391,0.0519046015789737,7.570186693877552,0.13075918367346873,-0.012399999999999523,0.08435460952799989,-0.021000000000000796,-0.0009999999999976694
153.5,CLIMB,COOLING_DEGRADATION,1.0,6065.1,88.32,597.38,5.115,67.81,19.665,25.513,1.555,24.586,16.708,6060.7370742408,79.49558414285715,599.4145510204081,5.14989603891669,60.27838853061224,19.607604081632648,25.5442,1.54759370742408,24.6,16.5815,4.362925759200152,8.824415857142839,-2.0345510204081165,-0.03489603891669013,7.531611469387762,0.057395918367351584,-0.03119999999999834,0.007406292575919959,-0.014000000000002899,0.12650000000000006
153.6,CLIMB,COOLING_DEGRADATION,1.0,6067.96,88.95,601.16,5.125,67.45,19.509,25.575,1.626,24.577,16.563,6060.211022349062,79.49571057142859,599.3856326530613,5.1496560153012005,60.27288097959184,19.605730612244898,25.544,1.5474611022349063,24.6,16.58,7.748977650938286,9.454289428571414,1.774367346938675,-0.02465601530120054,7.177119020408163,-0.09673061224489743,0.030999999999998806,0.0785388977650936,-0.022999999999999687,-0.01699999999999946
153.7,CLIMB,COOLING_DEGRADATION,1.0,6069.19,89.27,601.19,5.143,67.34,19.442,25.574,1.509,24.486,16.543,6059.684977428001,79.49583700000001,599.3567142857144,5.1494159895140825,60.26737342857143,19.603857142857144,25.5438,1.5473284977428001,24.6,16.5785,9.50502257199878,9.774162999999987,1.8332857142856938,-0.006415989514082732,7.072626571428572,-0.16185714285714425,0.03020000000000067,-0.03832849774280023,-0.11400000000000077,-0.03549999999999898
153.8,CLIMB,COOLING_DEGRADATION,1.0,6064.92,88.37,600.48,5.23,67.73,19.665,25.572,1.643,24.571,16.695,6059.127784426808,79.49402242857144,599.3557959183673,5.149195736070006,60.25592987755102,19.60238367346939,25.5436,1.5472727784426807,24.6,16.576999999999998,5.792215573192152,8.875977571428564,1.1242040816326835,0.08080426392999485,7.474070122448985,0.062616326530609,0.02839999999999776,0.09572722155731928,-0.028999999999999915,0.1180000000000021
153.9,CLIMB,COOLING_DEGRADATION,1.0,6065.68,87.05,600.96,5.132,67.01,19.831,25.604,1.533,24.638,16.751,6059.078173844768,79.49373485714285,599.3318775510204,5.14920207377625,60.25062832653062,19.602310204081633,25.5436,1.5471878173844766,24.6,16.576999999999998,6.601826155232629,7.556265142857143,1.6281224489796386,-0.01720207377625016,6.7593716734693885,0.2286897959183669,0.06039999999999779,-0.01418781738447672,0.038000000000000256,0.17400000000000304
154.0,CLIMB,COOLING_DEGRADATION,1.0,6068.36,88.45,600.94,5.129,67.88,19.482,25.509,1.5,24.603,16.62,6058.520997030073,79.49192028571427,599.3309591836735,5.14898181247104,60.23918477551021,19.600836734693875,25.5434,1.5471320997030071,24.6,16.5755,9.839002969926696,8.95807971428573,1.6090408163265693,-0.01998181247104025,7.640815224489785,-0.11883673469387546,-0.03439999999999799,-0.047132099703007135,0.0030000000000001137,0.04449999999999932
154.1,CLIMB,COOLING_DEGRADATION,1.0,6068.45,88.42,598.43,5.087,67.72,19.66,25.475,1.618,24.623,16.54,6057.994981822368,79.4920467142857,599.3020408163266,5.148741775094306,60.233677224489796,19.59896326530612,25.5432,1.5469994981822368,24.6,16.573999999999998,10.455018177632155,8.927953285714295,-0.8720408163266029,-0.06174177509430656,7.486322775510203,0.061036734693878714,-0.06819999999999737,0.0710005018177633,0.022999999999999687,-0.03399999999999892
154.2,CLIMB,COOLING_DEGRADATION,1.0,6066.24,87.99,601.13,5.11,67.76,19.832,25.513,1.524,24.614,16.605,6057.437827544898,79.49283214285713,599.3011224489796,5.148487582011285,60.227833673469384,19.597489795918367,25.543,1.5469437827544898,24.6,16.5725,8.802172455101754,8.49716785714287,1.828877551020355,-0.03848758201128444,7.532166326530621,0.2345102040816336,-0.029999999999997584,-0.022943782754489828,0.013999999999999346,0.03249999999999886
154.3,CLIMB,COOLING_DEGRADATION,1.0,6066.24,87.81,597.13,5.132,67.45,19.604,25.611,1.646,24.605,16.494,6056.911829145012,79.49035857142857,599.2722040816327,5.148281460140661,60.216726122448975,19.59561632653061,25.5428,1.5468111829145013,24.6,16.570999999999998,9.328170854987548,8.31964142857143,-2.1422040816327126,-0.016281460140660897,7.233273877551028,0.008383673469388953,0.06820000000000093,0.09918881708549865,0.004999999999999005,-0.07699999999999818
154.4,CLIMB,COOLING_DEGRADATION,1.0,6063.02,88.14,600.87,5.152,67.22,19.63,25.567,1.53,24.602,16.5,6056.395064760424,79.4896582857143,599.2692448979593,5.148048131798669,60.210901346938776,19.593979591836735,25.5426,1.5467595064760424,24.6,16.569499999999998,6.624935239576189,8.650341714285702,1.6007551020406936,0.003951868201331088,7.009098653061223,0.036020408163263795,0.024399999999999977,-0.016759506476042407,0.0019999999999988916,-0.0694999999999979
154.5,CLIMB,COOLING_DEGRADATION,1.0,6074.99,88.14,599.66,5.128,67.48,19.755,25.587,1.53,24.569,16.567,6056.3454701539595,79.48677071428573,599.2453265306124,5.148088376622018,60.19999979591837,19.59390612244898,25.5426,1.546674547015396,24.6,16.569499999999998,18.644529846040314,8.653229285714275,0.4146734693875942,-0.020088376622017456,7.280000204081631,0.16109387755101778,0.04439999999999955,-0.016674547015395946,-0.03100000000000236,-0.0024999999999977263
154.6,CLIMB,COOLING_DEGRADATION,1.0,6065.11,87.79,598.5,5.13,67.76,19.667,25.501,1.616,24.522,16.552,6055.788351425829,79.48755614285714,599.2444081632652,5.147834173615221,60.19415624489797,19.592432653061223,25.5424,1.5466188351425831,24.6,16.567999999999998,9.321648574170467,8.302443857142862,-0.7444081632652342,-0.017834173615221438,7.565843755102037,0.0745673469387782,-0.04139999999999944,0.06938116485741697,-0.07800000000000296,-0.015999999999998238
154.7,CLIMB,COOLING_DEGRADATION,1.0,6061.19,87.97,601.96,5.134,67.91,19.619,25.626,1.572,24.709,16.722,6055.262379774172,79.48508257142858,599.2154897959183,5.147628029612866,60.18304869387755,19.590559183673466,25.5422,1.5464862379774171,24.6,16.566499999999998,5.927620225827923,8.484917428571421,2.7445102040817346,-0.013628029612865689,7.726951306122444,0.02844081632653328,0.0838000000000001,0.02551376202258293,0.10899999999999821,0.15550000000000352
154.8,CLIMB,COOLING_DEGRADATION,1.0,6054.9,87.81,600.85,5.136,67.25,19.538,25.56,1.6,24.667,16.586,6054.705283584,79.485868,599.2145714285714,5.1473738225489445,60.17720514285715,19.589085714285712,25.542,1.5464305283584001,24.6,16.564999999999998,0.19471641599920986,8.324132000000006,1.6354285714286334,-0.011373822548944368,7.072794857142853,-0.05108571428571196,0.01799999999999713,0.053569471641599975,0.06700000000000017,0.021000000000000796
154.9,CLIMB,COOLING_DEGRADATION,1.0,6070.23,88.15,602.02,5.12,67.31,19.571,25.588,1.527,24.638,16.521,6054.179328741584,79.48599442857143,599.1856530612245,5.147133762934331,60.17169759183674,19.58721224489796,25.5418,1.5462979328741584,24.6,16.5635,16.050671258415605,8.664005571428575,2.834346938775525,-0.027133762934330896,7.138302408163263,-0.016212244897957362,0.04620000000000246,-0.019297932874158485,0.038000000000000256,-0.042500000000000426
155.0,CLIMB,COOLING_DEGRADATION,1.0,6062.22,88.45,600.8,5.118,67.16,19.438,25.52,1.526,24.628,16.611,6053.653380871837,79.48352085714285,599.1567346938775,5.146927601609833,60.16059004081633,19.585338775510202,25.5416,1.5461653380871838,24.6,16.561999999999998,8.566619128163438,8.966479142857153,1.64326530612243,-0.028927601609832543,6.999409959183666,-0.14733877551020313,-0.021599999999999397,-0.020165338087183793,0.027999999999998693,0.04900000000000304
155.1,CLIMB,COOLING_DEGRADATION,1.0,6066.75,88.37,599.56,5.135,67.71,19.641,25.623,1.566,24.493,16.572,6053.572676254041,79.48389228571428,599.1608163265305,5.146919775493755,60.15495248979592,19.585665306122447,25.5416,1.5461572676254043,24.6,16.561999999999998,13.177323745959256,8.886107714285728,0.3991836734694516,-0.011919775493755225,7.555047510204076,0.05533469387755119,0.08140000000000214,0.019842732374595773,-0.10700000000000287,0.010000000000001563
155.2,CLIMB,COOLING_DEGRADATION,1.0,6057.57,87.9,601.44,5.103,67.35,19.646,25.539,1.434,24.686,16.602,6053.04674129293,79.48141871428572,599.1318979591836,5.146713605334417,60.143844938775516,19.583791836734694,25.5414,1.5460246741292931,24.6,16.560499999999998,4.5232587070695445,8.418581285714282,2.308102040816493,-0.04371360533441759,7.206155061224479,0.06220816326530709,-0.0023999999999979593,-0.11202467412929318,0.08599999999999852,0.04150000000000276
155.3,CLIMB,COOLING_DEGRADATION,1.0,6058.34,87.76,598.75,5.053,67.88,19.507,25.473,1.484,24.638,16.413,6052.530039831673,79.48071842857144,599.1289387755102,5.146480249528204,60.1380201632653,19.582155102040822,25.5412,1.5459730039831674,24.6,16.559,5.809960168327052,8.27928157142857,-0.3789387755101643,-0.09348024952820388,7.741979836734693,-0.07515510204082076,-0.06820000000000093,-0.06197300398316741,0.038000000000000256,-0.1460000000000008
155.4,CLIMB,COOLING_DEGRADATION,1.0,6057.14,87.92,596.75,5.123,68.03,19.494,25.553,1.56,24.591,16.496,6052.004118713143,79.48084485714287,599.1000204081632,5.1462401748557465,60.1325126122449,19.58028163265306,25.541,1.5458404118713143,24.6,16.557499999999997,5.135881286857511,8.439155142857132,-2.350020408163232,-0.023240174855746254,7.897487387755099,-0.08628163265306199,0.012000000000000455,0.014159588128685785,-0.009000000000000341,-0.06149999999999878
155.5,CLIMB,COOLING_DEGRADATION,1.0,6061.5,87.85,600.98,5.113,67.5,19.551,25.465,1.577,24.559,16.582,6051.447090449763,79.47903028571429,599.0991020408162,5.146019844015586,60.12106906122449,19.578808163265307,25.5408,1.5457847090449761,24.6,16.556,10.052909550237018,8.370969714285707,1.8808979591838124,-0.033019844015585775,7.378930938775511,-0.027808163265309105,-0.07580000000000098,0.031215290955023844,-0.04100000000000037,0.0259999999999998
155.6,CLIMB,COOLING_DEGRADATION,1.0,6054.59,88.75,600.14,5.123,67.11,19.673,25.547,1.476,24.557,16.529,6050.921186142221,79.47915671428572,599.0701836734694,5.145779763203558,60.11556151020409,19.57693469387755,25.5406,1.545652118614222,24.6,16.554499999999997,3.6688138577792415,9.270843285714278,1.0698163265305993,-0.022779763203558012,6.994438489795911,0.09606530612244768,0.006399999999999295,-0.06965211861422205,-0.043000000000002814,-0.025499999999997414
155.7,CLIMB,COOLING_DEGRADATION,1.0,6060.64,88.37,597.21,5.125,67.75,19.644,25.486,1.501,24.599,16.567,6050.840512033519,79.47692814285715,599.0742653061225,5.145805818618825,60.10432395918368,19.577261224489796,25.5406,1.545644051203352,24.6,16.554499999999997,9.799487966481138,8.893071857142857,-1.8642653061224337,-0.020805818618825356,7.645676040816319,0.06673877551020269,-0.05460000000000065,-0.04464405120335213,-0.0010000000000012221,0.012500000000002842
155.8,CLIMB,COOLING_DEGRADATION,1.0,6057.59,89.19,601.27,5.085,67.61,19.735,25.58,1.487,24.593,16.575,6050.314620635755,79.47705457142858,599.0453469387755,5.145565732371523,60.09881640816327,19.57538775510204,25.540399999999998,1.5455114620635755,24.6,16.553,7.275379364245055,9.712945428571416,2.224653061224444,-0.06056573237152296,7.511183591836726,0.15961224489796066,0.03960000000000008,-0.05851146206357538,-0.0070000000000014495,0.021999999999998465
155.9,CLIMB,COOLING_DEGRADATION,1.0,6055.19,88.09,598.14,5.185,67.07,19.751,25.532,1.525,24.669,16.499,6049.757631100114,79.47524,599.0444285714286,5.145345383562808,60.08737285714286,19.573914285714288,25.5402,1.5454557631100114,24.6,16.5515,5.43236889988566,8.614760000000004,-0.9044285714286389,0.03965461643719159,6.982627142857133,0.17708571428571318,-0.008199999999998653,-0.020455763110011516,0.06899999999999906,-0.05250000000000199
156.0,CLIMB,COOLING_DEGRADATION,1.0,6061.02,88.52,598.38,5.147,67.78,19.541,25.511,1.628,24.691,16.56,6049.231756514286,79.47536642857143,599.0155102040816,5.145105291177876,60.08186530612245,19.572040816326528,25.54,1.5453231756514287,24.6,16.55,11.788243485714702,9.044633571428562,-0.6355102040815837,0.0018947088221246133,7.698134693877549,-0.03104081632652722,-0.028999999999999915,0.08267682434857115,0.09099999999999753,0.00999999999999801
156.1,CLIMB,COOLING_DEGRADATION,1.0,6056.16,87.85,601.76,5.093,67.79,19.664,25.61,1.552,24.6,16.599,6048.705888902792,79.47549285714284,598.9865918367346,5.144865196626503,60.076357755102045,19.57016734693877,25.5398,1.5451905888902793,24.6,16.548499999999997,7.454111097207715,8.374507142857155,2.7734081632653442,-0.05186519662650291,7.713642244897962,0.09383265306123079,0.07019999999999982,0.0068094111097207755,0.0,0.0505000000000031
156.2,CLIMB,COOLING_DEGRADATION,1.0,6056.75,89.34,599.72,5.096,67.59,19.504,25.55,1.623,24.568,16.465,6048.189253544229,79.47219257142858,598.9836326530612,5.144665684893631,60.06493297959184,19.5685306122449,25.5396,1.545138925354423,24.6,16.547,8.56074645577064,9.867807428571425,0.7363673469387777,-0.04866568489363132,7.525067020408166,-0.06453061224489787,0.010400000000000631,0.07786107464557701,-0.03200000000000003,-0.08200000000000074
156.3,CLIMB,COOLING_DEGRADATION,1.0,6054.65,88.12,600.06,5.122,67.31,19.66,25.555,1.533,24.6,16.593,6048.1397062592005,79.471905,598.9597142857143,5.144671988043901,60.059631428571436,19.568457142857145,25.5396,1.54505397062592,24.6,16.547,6.51029374079917,8.648094999999998,1.1002857142856328,-0.022671988043900804,7.250368571428567,0.09154285714285493,0.015399999999999636,-0.012053970625920174,0.0,0.045999999999999375
156.4,CLIMB,COOLING_DEGRADATION,1.0,6062.84,88.31,599.28,5.114,67.42,19.455,25.533,1.555,24.627,16.564,6047.582762115037,79.47009042857142,598.9587959183674,5.1444516161222,60.04818787755102,19.566983673469387,25.5394,1.5449982762115038,24.6,16.545499999999997,15.257237884962706,8.839909571428578,0.3212040816325725,-0.03045161612219971,7.371812122448979,-0.11198367346938909,-0.006399999999999295,0.010001723788496175,0.02699999999999747,0.01850000000000307
156.5,CLIMB,COOLING_DEGRADATION,1.0,6060.52,88.74,599.62,5.077,66.82,19.533,25.491,1.552,24.619,16.566,6047.056921259363,79.47021685714286,598.9298775510205,5.14421150869092,60.042680326530615,19.565110204081634,25.5392,1.5448656921259363,24.6,16.543999999999997,13.463078740637684,9.269783142857136,0.6901224489795368,-0.06721150869091996,6.777319673469378,-0.03211020408163279,-0.04820000000000135,0.007134307874063772,0.01899999999999835,0.022000000000002018
156.6,CLIMB,COOLING_DEGRADATION,1.0,6050.64,88.65,599.5,5.095,67.21,19.453,25.514,1.567,24.585,16.485,6046.49999965551,79.47100228571428,598.9289591836736,5.143957266257756,60.0368367755102,19.563636734693876,25.539,1.5448099999655511,24.6,16.5425,4.140000344490545,9.178997714285728,0.5710408163264447,-0.04895726625775598,7.173163224489791,-0.1106367346938768,-0.02500000000000213,0.02219000003444882,-0.015000000000000568,-0.057500000000000995
156.7,CLIMB,COOLING_DEGRADATION,1.0,6055.07,88.36,599.63,5.149,66.89,19.437,25.486,1.541,24.504,16.801,6045.974175613519,79.46852871428571,598.9000408163266,5.1437510130922055,60.025729224489794,19.56176326530612,25.5388,1.5446774175613518,24.6,16.541,9.095824386480672,8.891471285714289,0.7299591836733725,0.005248986907794517,6.864270775510207,-0.12476326530611814,-0.05279999999999774,-0.00367741756135187,-0.09600000000000009,0.259999999999998
156.8,CLIMB,COOLING_DEGRADATION,1.0,6050.0,88.14,602.32,5.16,67.3,19.528,25.623,1.575,24.694,16.577,6045.417276550237,79.46931414285714,598.8991224489796,5.143496766612175,60.01988567346939,19.56028979591837,25.5386,1.5446217276550238,24.6,16.539500000000004,4.582723449762852,8.670685857142857,3.420877551020453,0.01650323338782478,7.280114326530608,-0.03228979591836989,0.08440000000000225,0.030378272344976143,0.09399999999999764,0.03749999999999787
156.9,CLIMB,COOLING_DEGRADATION,1.0,6055.0,88.78,599.2,5.077,67.1,19.673,25.561,1.566,24.689,16.35,6045.367745044899,79.46642657142857,598.8752040816327,5.1435369150992765,60.00898412244898,19.56021632653061,25.5386,1.5445367745044898,24.6,16.539500000000004,9.632254955101416,9.31357342857143,0.32479591836738564,-0.0665369150992765,7.0910158775510155,0.11278367346938722,0.022400000000001086,0.021463225495510274,0.08899999999999864,-0.18950000000000244
157.0,CLIMB,COOLING_DEGRADATION,1.0,6053.93,88.35,600.61,5.128,67.56,19.498,25.468,1.51,24.594,16.706,6044.851165746939,79.46572628571428,598.8722448979593,5.143303508406381,60.00315934693878,19.558579591836732,25.5384,1.5444851165746938,24.6,16.538,9.078834253061359,8.884273714285712,1.737755102040751,-0.015303508406381283,7.556840653061222,-0.06057959183673134,-0.07039999999999935,-0.034485116574693775,-0.006000000000000227,0.16799999999999926
157.1,CLIMB,COOLING_DEGRADATION,1.0,6050.08,88.69,599.04,5.151,67.46,19.587,25.546,1.505,24.571,16.705,6044.3253684632,79.46325271428573,598.8433265306122,5.143097233132428,59.992051795918364,19.556706122448983,25.5382,1.54435253684632,24.6,16.5365,5.754631536799934,9.226747285714268,0.196673469387747,0.007902766867571742,7.46794820408163,0.03029387755101709,0.007799999999999585,-0.03935253684632012,-0.028999999999999915,0.1684999999999981
157.2,CLIMB,COOLING_DEGRADATION,1.0,6047.35,88.37,597.9,5.155,67.41,19.57,25.512,1.55,24.646,16.372,6043.768504955265,79.46403814285715,598.8424081632653,5.142842976751851,59.98620824489796,19.555232653061225,25.538,1.5442968504955266,24.6,16.535,3.581495044735675,8.905961857142856,-0.942408163265327,0.012157023248149379,7.423791755102037,0.01476734693877546,-0.0259999999999998,0.0057031495044734815,0.045999999999999375,-0.16300000000000026
157.3,CLIMB,COOLING_DEGRADATION,1.0,6051.29,87.92,598.55,5.145,67.39,19.723,25.55,1.641,24.602,16.604,6043.2427244866285,79.46416457142858,598.8134897959184,5.142602847124358,59.98070069387755,19.553359183673475,25.5378,1.5441642724486628,24.6,16.5335,8.04727551337146,8.455835428571419,-0.26348979591841726,0.0023971528756412397,7.409299306122449,0.16964081632652395,0.012199999999999989,0.09683572755133718,0.0019999999999988916,0.07049999999999912
157.4,CLIMB,COOLING_DEGRADATION,1.0,6047.63,89.26,600.2,5.123,67.43,19.597,25.585,1.59,24.598,16.401,6042.716950994285,79.461691,598.7845714285714,5.142396554548112,59.96959314285715,19.55148571428571,25.5376,1.5440316950994284,24.6,16.531999999999996,4.913049005715038,9.798309000000003,1.4154285714286061,-0.019396554548111844,7.460406857142857,0.04551428571429028,0.047399999999999665,0.04596830490057169,-0.0020000000000024443,-0.13099999999999667
157.5,CLIMB,COOLING_DEGRADATION,1.0,6052.68,88.13,600.27,5.148,67.41,19.747,25.532,1.616,24.561,16.588,6042.636368004441,79.46206242857143,598.7886530612245,5.14238871461394,59.963955591836736,19.55181224489796,25.5376,1.5440236368004439,24.6,16.531999999999996,10.043631995559736,8.667937571428567,1.4813469387754594,0.005611285386059706,7.44604440816326,0.19518775510204023,-0.00560000000000116,0.07197636319955625,-0.03900000000000148,0.05600000000000449
157.6,CLIMB,COOLING_DEGRADATION,1.0,6056.32,88.04,599.44,5.086,67.6,19.461,25.487,1.527,24.591,16.487,6042.110607425437,79.45958885714286,598.7597346938776,5.1421824132139715,59.95284804081633,19.549938775510203,25.5374,1.5438910607425438,24.6,16.5305,14.209392574563026,8.580411142857145,0.6802653061224646,-0.056182413213971216,7.647151959183667,-0.08893877551020424,-0.05040000000000333,-0.016891060742543873,-0.009000000000000341,-0.04350000000000165
157.7,CLIMB,COOLING_DEGRADATION,1.0,6059.2,88.67,601.42,5.164,67.44,19.449,25.437,1.499,24.552,16.622,6041.553792488752,79.46037428571428,598.7588163265306,5.14192814731981,59.94700448979591,19.54846530612245,25.5372,1.5438353792488753,24.6,16.529,17.646207511247667,9.209625714285721,2.661183673469395,0.022071852680189963,7.492995510204089,-0.09946530612244686,-0.1001999999999974,-0.04483537924887515,-0.04800000000000182,0.09299999999999997
157.8,CLIMB,COOLING_DEGRADATION,1.0,6035.9,88.79,598.46,5.093,66.89,19.547,25.543,1.489,24.568,16.745,6041.0280487261225,79.46050071428571,598.7298979591836,5.141688003971377,59.941496938775515,19.54659183673469,25.537,1.5437028048726122,24.6,16.5275,-5.12804872612287,9.329499285714292,-0.26989795918359505,-0.04868800397137729,6.948503061224486,0.0004081632653090139,0.006000000000000227,-0.05470280487261214,-0.03200000000000003,0.21750000000000114
157.9,CLIMB,COOLING_DEGRADATION,1.0,6055.39,88.23,599.79,5.143,67.52,19.651,25.484,1.603,24.545,16.316,6040.511535538285,79.45720042857144,598.7269387755102,5.141488398384359,59.93007216326531,19.54495510204082,25.5368,1.5436511535538284,24.6,16.526000000000003,14.878464461715339,8.772799571428564,1.0630612244897293,0.0015116016156406786,7.589927836734688,0.10604489795917971,-0.05279999999999774,0.059348846446171555,-0.054999999999999716,-0.2100000000000044
158.0,CLIMB,COOLING_DEGRADATION,1.0,6056.43,88.22,599.53,5.093,67.61,19.593,25.552,1.477,24.592,16.59,6039.985805624034,79.45732685714286,598.6980204081632,5.14124824759578,59.9245646122449,19.543081632653063,25.5366,1.5435185805624032,24.6,16.5245,16.444194375966617,8.762673142857139,0.8319795918367845,-0.04824824759578039,7.685435387755099,0.049918367346936776,0.015399999999999636,-0.06651858056240312,-0.008000000000002672,0.06550000000000011
158.1,CLIMB,COOLING_DEGRADATION,1.0,6051.52,88.3,600.31,5.096,67.17,19.622,25.544,1.62,24.652,16.484,6039.9052531473635,79.4550982857143,598.7021020408163,5.141274227974845,59.913327061224486,19.54340816326531,25.5366,1.5435105253147365,24.6,16.5245,11.614746852636927,8.844901714285697,1.6078979591836742,-0.04527422797484526,7.256672938775516,0.07859183673469161,0.007400000000000517,0.07648947468526357,0.0519999999999996,-0.04049999999999798
158.2,CLIMB,COOLING_DEGRADATION,1.0,6051.58,87.82,599.38,5.053,67.31,19.533,25.551,1.597,24.516,16.498,6039.379536147592,79.45522471428573,598.6731836734693,5.141034071760453,59.90781951020409,19.541534693877548,25.5364,1.5433779536147594,24.6,16.522999999999996,12.200463852407665,8.36477528571426,0.7068163265306566,-0.08803407176045308,7.40218048979591,-0.008534693877546573,0.014599999999997948,0.053622046385240596,-0.08400000000000318,-0.024999999999995026
158.3,CLIMB,COOLING_DEGRADATION,1.0,6048.53,87.97,600.33,5.113,67.13,19.475,25.486,1.446,24.61,16.811,6038.822779310793,79.45341014285715,598.6722653061224,5.1408136124597785,59.896375959183686,19.540061224489797,25.5362,1.5433222779310793,24.6,16.5215,9.707220689207134,8.516589857142847,1.6577346938776145,-0.027813612459778092,7.233624040816309,-0.06506122448979568,-0.050200000000000244,-0.09732227793107939,0.00999999999999801,0.2895000000000003
158.4,CLIMB,COOLING_DEGRADATION,1.0,6047.0,88.57,598.89,5.051,67.46,19.572,25.588,1.503,24.613,16.528,6038.297079128816,79.45353657142859,598.6433469387756,5.140573450119213,59.890868408163264,19.53818775510204,25.536,1.5431897079128816,24.6,16.52,8.702920871183778,9.116463428571407,0.2466530612243787,-0.0895734501192127,7.5691315918367295,0.033812244897958976,0.0519999999999996,-0.04018970791288168,0.012999999999998124,0.007999999999999119
158.5,CLIMB,COOLING_DEGRADATION,1.0,6056.83,87.87,599.34,5.125,67.64,19.28,25.463,1.511,24.623,16.525,6037.7713859248,79.45366299999999,598.6144285714286,5.140333285617345,59.88536085714286,19.53631428571429,25.535800000000002,1.5430571385924798,24.6,16.5185,19.05861407520024,8.416337000000013,0.7255714285714703,-0.015333285617344927,7.754639142857144,-0.25631428571428927,-0.07280000000000086,-0.03205713859247994,0.022999999999999687,0.006499999999999062
158.6,CLIMB,COOLING_DEGRADATION,1.0,6051.77,87.91,600.75,5.104,67.52,19.533,25.588,1.569,24.552,16.599,6037.2146614710855,79.45184842857142,598.6135102040816,5.140112812253,59.87391730612244,19.53484081632653,25.5356,1.5430014661471085,24.6,16.517000000000003,14.555338528914945,8.458151571428573,2.136489795918351,-0.036112812253000115,7.646082693877553,-0.0018408163265277722,0.05240000000000222,0.025998533852891414,-0.04800000000000182,0.08199999999999719
158.7,CLIMB,COOLING_DEGRADATION,1.0,6032.96,87.87,598.5,5.119,67.11,19.516,25.545,1.488,24.609,16.431,6037.205438510694,79.45007514285714,598.5875510204082,5.140139908351781,59.868634530612255,19.53460408163265,25.5356,1.5429205438510696,24.6,16.517000000000003,-4.24543851069393,8.41992485714286,-0.08755102040822749,-0.021139908351781145,7.241365469387745,-0.01860408163265248,0.009400000000002962,-0.05492054385106959,0.009000000000000341,-0.08600000000000207
158.8,CLIMB,COOLING_DEGRADATION,1.0,6039.53,89.22,601.94,5.139,67.27,19.598,25.472,1.426,24.64,16.601,6036.648727073143,79.44826057142856,598.5866326530612,5.139919425969296,59.85719097959184,19.533130612244893,25.5354,1.5428648727073144,24.6,16.5155,2.8812729268565818,9.771739428571436,3.353367346938853,-0.0009194259692959506,7.4128090204081545,0.06486938775510609,-0.0633999999999979,-0.1168648727073145,0.03999999999999915,0.08549999999999969
158.9,CLIMB,COOLING_DEGRADATION,1.0,6044.49,88.45,596.12,5.101,67.08,19.573,25.623,1.498,24.657,16.686,6036.123060634971,79.448387,598.5577142857143,5.139679248607258,59.851683428571434,19.531257142857143,25.5352,1.5427323060634972,24.6,16.514000000000003,8.366939365028884,9.001613000000006,-2.4377142857142644,-0.038679248607258465,7.228316571428564,0.041742857142857304,0.08780000000000143,-0.04473230606349721,0.05699999999999861,0.17199999999999704
159.0,CLIMB,COOLING_DEGRADATION,1.0,6050.53,89.76,600.55,5.078,67.1,19.527,25.571,1.52,24.548,16.555,6035.566371740816,79.44917242857143,598.5567959183674,5.139424956956141,59.845839877551015,19.529783673469385,25.535,1.5426766371740817,24.6,16.5125,14.963628259183679,10.310827571428575,1.993204081632598,-0.0614249569561407,7.25416012244898,-0.00278367346938424,0.036000000000001364,-0.022676637174081637,-0.052000000000003155,0.042500000000000426
159.1,CLIMB,COOLING_DEGRADATION,1.0,6047.83,88.42,599.75,5.143,67.27,19.577,25.498,1.518,24.646,16.558,6035.0407221221885,79.44669885714286,598.5278775510204,5.139218572642976,59.83473232653062,19.527910204081635,25.5348,1.542544072212219,24.6,16.511,12.7892778778114,8.973301142857139,1.222122448979576,0.0037814273570235812,7.435267673469376,0.049089795918366264,-0.0367999999999995,-0.024544072212218992,0.045999999999999375,0.0470000000000006
159.2,CLIMB,COOLING_DEGRADATION,1.0,6046.85,88.46,600.15,5.111,66.89,19.509,25.529,1.576,24.63,16.434,6034.48405577169,79.4474842857143,598.5269591836735,5.138964276957226,59.828888775510215,19.52643673469388,25.5346,1.542488405577169,24.6,16.509500000000003,12.365944228310582,9.012515714285698,1.6230408163264656,-0.02796427695722592,7.061111224489785,-0.01743673469388085,-0.00560000000000116,0.033511594422831026,0.029999999999997584,-0.07550000000000168
159.3,CLIMB,COOLING_DEGRADATION,1.0,6037.66,87.59,600.77,5.084,66.4,19.522,25.486,1.411,24.577,16.491,6034.434587621404,79.44459671428572,598.5030408163265,5.139004329751058,59.8179872244898,19.526363265306127,25.5346,1.5424034587621405,24.6,16.509500000000003,3.2254123785960473,8.14540328571428,2.266959183673521,-0.055004329751058734,6.582012775510208,-0.0043632653061287385,-0.04860000000000042,-0.13140345876214043,-0.022999999999999687,-0.01850000000000307
159.4,CLIMB,COOLING_DEGRADATION,1.0,6045.26,88.26,599.87,5.154,67.0,19.357,25.511,1.492,24.652,16.599,6033.87793746338,79.44538214285714,598.5021224489795,5.138750029625023,59.81214367346939,19.52488979591837,25.5344,1.5423477937463381,24.6,16.508,11.382062536620651,8.814617857142863,1.367877551020456,0.015249970374976662,7.187856326530607,-0.16788979591837006,-0.023400000000002308,-0.05034779374633813,0.0519999999999996,0.09100000000000108
159.5,CLIMB,COOLING_DEGRADATION,1.0,6051.47,88.43,599.44,5.062,67.24,19.552,25.512,1.521,24.568,16.552,6033.392557367903,79.44142285714285,598.4711632653061,5.138564443729287,59.80105489795919,19.52285306122449,25.5342,1.5422192557367902,24.6,16.5065,18.0774426320977,8.988577142857153,0.9688367346939231,-0.0765644437292865,7.438945102040805,0.02914693877550789,-0.022199999999998,-0.021219255736790288,-0.03200000000000003,0.04550000000000054
159.6,CLIMB,COOLING_DEGRADATION,1.0,6042.43,88.15,598.93,5.093,66.95,19.546,25.545,1.568,24.614,16.534,6032.835926578286,79.44220828571427,598.4702448979591,5.138310138164252,59.79521134693878,19.521379591836734,25.534,1.5421635926578285,24.6,16.505000000000003,9.594073421714711,8.707791714285733,0.4597551020408446,-0.04531013816425222,7.154788653061225,0.024620408163265495,0.011000000000002785,0.02583640734217152,0.013999999999999346,0.028999999999996362
159.7,CLIMB,COOLING_DEGRADATION,1.0,6043.08,87.76,598.89,5.099,66.96,19.613,25.535,1.455,24.591,16.444,6032.310320548898,79.44233471428572,598.4413265306122,5.13806993864768,59.78970379591837,19.51950612244898,25.5338,1.54203103205489,24.6,16.503500000000003,10.769679451102093,8.317665285714284,0.4486734693878134,-0.03906993864768005,7.170296204081623,0.09349387755101901,0.001200000000000756,-0.08703103205488993,-0.009000000000000341,-0.05950000000000344
159.8,CLIMB,COOLING_DEGRADATION,1.0,6038.77,88.86,600.3,5.058,67.33,19.58,25.567,1.581,24.545,16.586,6031.784721499429,79.43986114285714,598.4124081632654,5.137863514967011,59.77859624489796,19.517632653061224,25.5336,1.541898472149943,24.6,16.502000000000002,6.9852785005714395,9.42013885714286,1.8875918367346003,-0.07986351496701083,7.5514037551020365,0.06236734693877466,0.03340000000000032,0.03910152785005705,-0.054999999999999716,0.08399999999999608
159.9,CLIMB,COOLING_DEGRADATION,1.0,6036.67,87.74,600.81,5.103,67.41,19.487,25.567,1.55,24.515,16.643,6031.7042601545145,79.44023257142857,598.4164897959184,5.137855661293717,59.77295869387755,19.51795918367347,25.5336,1.5418904260154513,24.6,16.502000000000002,4.965739845485587,8.299767428571428,2.393510204081508,-0.03485566129371698,7.637041306122448,-0.030959183673470392,0.03340000000000032,0.008109573984548701,-0.08500000000000085,0.14099999999999824
160.0,CLIMB,COOLING_DEGRADATION,1.0,6039.4,87.87,597.12,5.123,66.71,19.504,25.576,1.496,24.745,16.385,6031.178674023086,79.43775900000001,598.3875714285715,5.1376492288004485,59.761851142857154,19.51608571428572,25.5334,1.5417578674023087,24.6,16.500500000000002,8.22132597691325,8.43224099999999,-1.2675714285715003,-0.014649228800448277,6.94814885714284,-0.012085714285717586,0.04260000000000019,-0.045757867402308694,0.14499999999999957,-0.11550000000000082
160.1,CLIMB,COOLING_DEGRADATION,1.0,6038.57,88.69,600.91,5.092,67.13,19.511,25.493,1.642,24.641,16.579,6030.622091812702,79.43854442857145,598.3866530612245,5.1373949137495085,59.756007591836735,19.51461224489796,25.5332,1.54170220918127,24.6,16.499,7.947908187297799,9.25145557142855,2.5233469387754894,-0.04539491374950888,7.373992408163261,-0.003612244897961858,-0.040200000000002234,0.10029779081872991,0.04099999999999682,0.08000000000000185
160.2,CLIMB,COOLING_DEGRADATION,1.0,6040.62,88.62,598.05,5.112,67.02,19.537,25.513,1.583,24.503,16.37,6030.136744062203,79.43718514285715,598.3556938775511,5.1371755125649665,59.75051881632653,19.512575510204083,25.533,1.5415736744062205,24.6,16.497500000000002,10.483255937796457,9.182814857142859,-0.3056938775511071,-0.025175512564966418,7.269481183673463,0.024424489795915605,-0.019999999999999574,0.041426325593779456,-0.09700000000000131,-0.12750000000000128
160.3,CLIMB,COOLING_DEGRADATION,1.0,6034.88,88.69,599.18,5.123,66.69,19.619,25.554,1.559,24.657,16.338,6029.580181221094,79.43537057142859,598.3547755102041,5.1369549608440686,59.73907526530612,19.511102040816326,25.5328,1.5415180181221093,24.6,16.496,5.2998187789062285,9.254629428571405,0.8252244897958008,-0.013954960844068331,6.950924734693878,0.10789795918367417,0.021199999999996777,0.01748198187789063,0.05699999999999861,-0.1579999999999977
160.4,CLIMB,COOLING_DEGRADATION,1.0,6035.04,88.35,599.6,5.075,66.72,19.423,25.567,1.54,24.513,16.446,6029.054625765601,79.435497,598.3258571428573,5.136714740202752,59.73356771428571,19.50922857142857,25.5326,1.54138546257656,24.6,16.494500000000002,5.985374234399387,8.914502999999996,1.2741428571426923,-0.061714740202751805,6.986432285714287,-0.08622857142857043,0.03440000000000154,-0.001385462576559915,-0.08699999999999974,-0.048500000000000654
160.5,CLIMB,COOLING_DEGRADATION,1.0,6043.34,88.04,600.93,5.07,67.32,19.51,25.598,1.59,24.638,16.647,6028.974194937943,79.43326842857144,598.3299387755103,5.136740645648117,59.722330163265305,19.509555102040814,25.5326,1.5413774194937944,24.6,16.494500000000002,14.365805062057007,8.606731571428568,2.60006122448965,-0.06674064564811655,7.597669836734688,0.0004448979591877844,0.06540000000000035,0.048622580506205715,0.038000000000000256,0.1524999999999963
160.6,CLIMB,COOLING_DEGRADATION,1.0,6033.36,88.62,597.86,5.126,67.01,19.484,25.492,1.606,24.623,16.397,6028.448652401633,79.43339485714287,598.3010204081633,5.136500419590451,59.716822612244904,19.50768163265306,25.5324,1.5412448652401631,24.6,16.493000000000002,4.911347598366774,9.186605142857132,-0.44102040816324006,-0.010500419590450782,7.293177387755101,-0.02368163265305867,-0.040399999999998215,0.06475513475983696,0.022999999999999687,-0.09600000000000364
160.7,CLIMB,COOLING_DEGRADATION,1.0,6032.09,88.38,600.53,5.07,67.11,19.555,25.496,1.486,24.595,16.621,6027.892128299756,79.43158028571429,598.3001020408162,5.136279849953551,59.7053790612245,19.506208163265306,25.5322,1.5411892128299756,24.6,16.491500000000002,4.1978717002439225,8.948419714285706,2.229897959183745,-0.06627984995355085,7.404620938775501,0.04879183673469356,-0.0362000000000009,-0.055189212829975576,-0.005000000000002558,0.12949999999999662
160.8,CLIMB,COOLING_DEGRADATION,1.0,6034.51,88.08,597.78,5.128,67.24,19.593,25.555,1.501,24.609,16.568,6027.3666025871025,79.43170671428571,598.2711836734694,5.136039617781174,59.699871510204076,19.50433469387755,25.532,1.5410566602587104,24.6,16.49,7.143397412897684,8.648293285714288,-0.49118367346943614,-0.008039617781173902,7.540128489795919,0.08866530612245072,0.022999999999999687,-0.040056660258710464,0.009000000000000341,0.07800000000000296
160.9,CLIMB,COOLING_DEGRADATION,1.0,6040.64,88.32,595.83,5.117,66.73,19.667,25.445,1.513,24.533,16.588,6026.841083856032,79.43183314285713,598.2422653061225,5.135799383452635,59.694363959183676,19.5024612244898,25.5318,1.5409241083856031,24.6,16.488500000000002,13.7989161439682,8.888166857142863,-2.4122653061224355,-0.018799383452635432,7.035636040816328,0.16453877551020213,-0.08680000000000021,-0.02792410838560322,-0.06700000000000017,0.09949999999999903
161.0,CLIMB,COOLING_DEGRADATION,1.0,6030.57,89.17,600.11,5.139,67.1,19.309,25.41,1.561,24.63,16.467,6026.324792297274,79.42853285714286,598.239306122449,5.135599603452677,59.68293918367347,19.500824489795917,25.5316,1.5408724792297273,24.6,16.487000000000002,4.2452077027255655,9.741467142857147,1.870693877551048,0.003400396547323048,7.417060816326526,-0.19182448979591626,-0.12160000000000082,0.02012752077027269,0.029999999999997584,-0.020000000000003126
161.1,CLIMB,COOLING_DEGRADATION,1.0,6035.75,88.21,599.66,5.164,66.13,19.478,25.519,1.552,24.587,16.482,6026.275371745372,79.42824528571428,598.215387755102,5.135605837702714,59.67763763265307,19.500751020408163,25.5316,1.5407875371745374,24.6,16.487000000000002,9.474628254628442,8.78175471428571,1.4446122448979395,0.02839416229728542,6.452362367346929,-0.022751020408161793,-0.012600000000002609,0.011212462825462621,-0.013000000000001677,-0.005000000000002558
161.2,CLIMB,COOLING_DEGRADATION,1.0,6027.88,88.37,602.67,5.065,66.8,19.621,25.477,1.601,24.506,16.393,6025.718893050514,79.4264307142857,598.2144693877551,5.135385245015185,59.66619408163265,19.499277551020405,25.5314,1.5407318893050517,24.6,16.4855,2.1611069494856565,8.943569285714304,4.455530612244843,-0.07038524501518495,7.133805918367344,0.12172244897959317,-0.054400000000001114,0.06026811069494831,-0.0940000000000012,-0.09249999999999758
161.3,CLIMB,COOLING_DEGRADATION,1.0,6027.82,88.39,599.92,5.067,66.94,19.542,25.512,1.567,24.687,16.47,6025.193401095315,79.42655714285713,598.1855510204081,5.135144997846222,59.66068653061225,19.497404081632652,25.5312,1.5405993401095315,24.6,16.484,2.6265989046851246,8.963442857142866,1.734448979591889,-0.06814499784622186,7.279313469387745,0.04459591836734944,-0.019199999999997885,0.02640065989046847,0.08699999999999974,-0.014000000000002899
161.4,CLIMB,COOLING_DEGRADATION,1.0,6038.34,88.39,599.0,5.119,66.66,19.759,25.531,1.615,24.669,16.52,6024.636944946939,79.42734257142858,598.1846326530612,5.134890657109367,59.654842979591834,19.495930612244898,25.531,1.540543694494694,24.6,16.4825,13.70305505306078,8.962657428571418,0.8153673469388423,-0.015890657109367545,7.005157020408163,0.26306938775510247,0.0,0.07445630550530602,0.06899999999999906,0.03749999999999787
161.5,CLIMB,COOLING_DEGRADATION,1.0,6032.18,88.43,599.12,5.102,66.96,19.508,25.512,1.591,24.735,16.462,6024.111469817142,79.42486899999999,598.1557142857142,5.134684141795946,59.64373542857143,19.494057142857145,25.5308,1.5404111469817143,24.6,16.481,8.068530182858012,9.00513100000002,0.9642857142857792,-0.032684141795945365,7.316264571428562,0.013942857142854592,-0.018799999999998818,0.05058885301828564,0.134999999999998,-0.019000000000001904
161.6,CLIMB,COOLING_DEGRADATION,1.0,6022.65,87.77,599.43,5.142,67.13,19.453,25.483,1.537,24.605,16.613,6023.555036215511,79.42565442857143,598.1547959183673,5.134429797036697,59.63789187755102,19.492583673469387,25.5306,1.540355503621551,24.6,16.4795,-0.9050362155112452,8.344345571428562,1.275204081632637,0.007570202963303352,7.492108122448975,-0.03958367346938729,-0.0475999999999992,-0.003355503621551126,0.004999999999999005,0.13349999999999795
161.7,CLIMB,COOLING_DEGRADATION,1.0,6020.53,87.65,598.66,5.081,67.42,19.5,25.515,1.564,24.676,16.461,6023.545816568327,79.42128114285714,598.1288367346938,5.13449055237855,59.62700910204082,19.492346938775505,25.5306,1.5402745816568326,24.6,16.4795,-3.0158165683269544,8.228718857142866,0.5311632653061906,-0.05349055237854916,7.792990897959179,0.007653061224495161,-0.01559999999999917,0.023725418343167437,0.07599999999999696,-0.01850000000000307
161.8,CLIMB,COOLING_DEGRADATION,1.0,6035.58,88.72,598.71,5.173,67.05,19.428,25.495,1.517,24.682,16.352,6022.989395985895,79.42206657142856,598.1279183673469,5.134236201781704,59.62116555102041,19.490873469387754,25.5304,1.5402189395985895,24.6,16.478,12.590604014105338,9.29793342857144,0.5820816326531713,0.03876379821829623,7.428834448979586,-0.06287346938775329,-0.03539999999999921,-0.02321893959858956,0.08199999999999719,-0.12600000000000122
161.9,CLIMB,COOLING_DEGRADATION,1.0,6029.19,88.26,600.97,5.144,66.72,19.598,25.468,1.617,24.53,16.497,6022.4639476344,79.419593,598.099,5.134029664406556,59.610058,19.488999999999997,25.5302,1.54008639476344,24.6,16.4765,6.726052365599571,8.840406999999999,2.870999999999981,0.009970335593443735,7.109941999999997,0.10900000000000176,-0.0622000000000007,0.07691360523655999,-0.07000000000000028,0.02049999999999841
162.0,CLIMB,COOLING_DEGRADATION,1.0,6025.11,88.82,596.2,5.076,66.82,19.476,25.558,1.536,24.593,16.523,6021.907549599184,79.42037842857142,598.0980816326531,5.1337753097892875,59.60421444897958,19.487526530612243,25.53,1.5400307549599184,24.6,16.475,3.2024504008159056,9.399621571428568,-1.8980816326530885,-0.05777530978928791,7.21578555102041,-0.011526530612243846,0.027999999999998693,-0.004030754959918337,-0.0070000000000014495,0.047999999999998266
162.1,CLIMB,COOLING_DEGRADATION,1.0,6031.98,88.81,601.68,5.16,66.8,19.382,25.511,1.598,24.663,16.468,6021.382118074514,79.42050485714287,598.0691632653061,5.133535040507484,59.59870689795918,19.48565306122449,25.5298,1.5398982118074516,24.6,16.473499999999998,10.597881925485126,9.389495142857129,3.610836734693862,0.02646495949251637,7.201293102040815,-0.10365306122448814,-0.01880000000000237,0.05810178819254852,0.06299999999999883,-0.00549999999999784
162.2,CLIMB,COOLING_DEGRADATION,1.0,6017.92,88.37,602.2,5.196,66.94,19.499,25.577,1.559,24.642,16.381,6020.856693533388,79.41803128571428,598.0402448979592,5.133328485869763,59.58759934693878,19.483779591836736,25.5296,1.5397656693533388,24.6,16.472,-2.9366935333882793,8.951968714285726,4.15975510204089,0.06267151413023697,7.352400653061217,0.015220408163262533,0.04740000000000322,0.019234330646661135,0.04199999999999804,-0.09100000000000108
162.3,CLIMB,COOLING_DEGRADATION,1.0,6031.61,88.26,597.16,5.091,67.09,19.597,25.55,1.466,24.6,16.576,6020.776353850384,79.41840271428572,598.0443265306122,5.13332061853634,59.58196179591837,19.48410612244898,25.5296,1.5397576353850384,24.6,16.472,10.83364614961556,8.841597285714286,-0.8843265306122703,-0.042320618536339616,7.508038204081636,0.11289387755101998,0.020400000000002194,-0.07375763538503843,0.0,0.1039999999999992
162.4,CLIMB,COOLING_DEGRADATION,1.0,6029.14,88.6,597.17,5.132,67.28,19.411,25.457,1.566,24.607,16.442,6020.291109104,79.41444342857143,598.0133673469388,5.133134846073993,59.57087302040817,19.4820693877551,25.5294,1.5396291109104,24.6,16.4705,8.84889089600074,9.185556571428563,-0.8433673469388623,-0.0011348460739935007,7.709126979591829,-0.07106938775509875,-0.07239999999999824,0.02637088908960017,0.006999999999997897,-0.02850000000000108
162.5,CLIMB,COOLING_DEGRADATION,1.0,6019.1,88.8,597.88,5.134,66.47,19.353,25.531,1.491,24.666,16.73,6019.73475648,79.41522885714286,598.0124489795919,5.132880480590771,59.56502946938777,19.480595918367346,25.5292,1.5395734756480002,24.6,16.469,-0.6347564799998509,9.384771142857133,-0.13244897959191348,0.0011195194092294969,6.904970530612232,-0.1275959183673443,0.0017999999999993577,-0.048573475648000075,0.06599999999999895,0.26099999999999923
162.6,CLIMB,COOLING_DEGRADATION,1.0,6030.01,88.12,598.92,5.118,66.7,19.624,25.473,1.542,24.642,16.535,6019.209358720163,79.41535528571428,597.9835306122449,5.1326401963257595,59.55952191836735,19.478722448979596,25.529,1.5394409358720162,24.6,16.4675,10.800641279836782,8.70464471428572,0.9364693877550962,-0.014640196325759192,7.140478081632651,0.14527755102040274,-0.05600000000000094,0.00255906412798379,0.04199999999999804,0.067499999999999
162.7,CLIMB,COOLING_DEGRADATION,1.0,6033.83,89.13,598.83,5.123,67.16,19.517,25.652,1.547,24.623,16.466,6018.653028644311,79.41354071428572,597.982612244898,5.132419534398119,59.54807836734694,19.477248979591835,25.5288,1.539385302864431,24.6,16.466,15.176971355688693,9.71645928571428,0.8473877551020905,-0.009419534398118934,7.611921632653058,0.039751020408164806,0.12320000000000064,0.0076146971355688375,0.022999999999999687,0.0
162.8,CLIMB,COOLING_DEGRADATION,1.0,6027.73,88.89,600.41,5.094,67.61,19.634,25.463,1.512,24.634,16.327,6018.127647713045,79.41366714285714,597.9536938775511,5.1321792440279195,59.54257081632653,19.475375510204085,25.5286,1.5392527647713046,24.6,16.4645,9.602352286954556,9.476332857142864,2.4563061224488365,-0.03817924402791917,8.067429183673468,0.15862448979591548,-0.06559999999999988,-0.02725276477130456,0.03399999999999892,-0.1374999999999993
162.9,CLIMB,COOLING_DEGRADATION,1.0,6029.41,88.75,596.53,5.156,67.03,19.433,25.539,1.418,24.589,16.366,6018.04733855138,79.41143857142858,597.9577755102041,5.132205074642109,59.53133326530612,19.47570204081633,25.5286,1.539244733855138,24.6,16.4645,11.362661448620202,9.338561428571424,-1.4277755102041283,0.023794925357890406,7.4986667346938845,-0.04270204081633011,0.010400000000000631,-0.12124473385513812,-0.011000000000002785,-0.09850000000000136
163.0,CLIMB,COOLING_DEGRADATION,1.0,6030.5,89.04,602.71,5.128,67.27,19.407,25.562,1.521,24.58,16.432,6017.521970544,79.41156500000001,597.9288571428572,5.131964778865033,59.52582571428572,19.47382857142857,25.5284,1.5391121970544002,24.6,16.463,12.978029455999604,9.628434999999996,4.781142857142868,-0.00396477886503277,7.744174285714273,-0.06682857142856946,0.03359999999999985,-0.01811219705440026,-0.020000000000003126,-0.03100000000000236
163.1,CLIMB,COOLING_DEGRADATION,1.0,6026.86,88.5,599.35,5.149,66.62,19.433,25.58,1.503,24.554,16.365,6017.005827648278,79.4082647142857,597.9258979591838,5.131764882758393,59.514400938775516,19.47219183673469,25.5282,1.5390605827648278,24.6,16.4615,9.8541723517219,9.091735285714293,1.4241020408162512,0.01723511724160698,7.105599061224488,-0.039191836734691066,0.05180000000000007,-0.03606058276482793,-0.04600000000000293,-0.09650000000000247
163.2,CLIMB,COOLING_DEGRADATION,1.0,6033.98,88.93,600.34,5.094,66.75,19.606,25.547,1.544,24.591,16.353,6016.480473500736,79.40839114285714,597.8969795918368,5.131524579563361,59.5088933877551,19.47031836734694,25.528,1.5389280473500735,24.6,16.46,17.499526499263993,9.521608857142866,2.4430204081631928,-0.037524579563360305,7.241106612244899,0.13568163265306055,0.019000000000001904,0.005071952649926548,-0.009000000000000341,-0.10699999999999932
163.3,CLIMB,COOLING_DEGRADATION,1.0,6022.23,88.61,598.65,5.14,66.23,19.498,25.592,1.517,24.653,16.632,6015.955126338367,79.40851757142856,597.8680612244898,5.1312842742172595,59.503385836734694,19.468444897959184,25.5278,1.5387955126338368,24.6,16.4585,6.274873661632228,9.201482428571438,0.7819387755101843,0.008715725782740158,6.72661416326531,0.029555102040816905,0.06419999999999959,-0.021795512633836944,0.05299999999999727,0.17350000000000065
163.4,CLIMB,COOLING_DEGRADATION,1.0,6026.09,88.15,598.74,5.191,66.97,19.485,25.511,1.52,24.625,16.447,6015.398864225143,79.406703,597.8671428571429,5.131063579194549,59.49194228571429,19.466971428571426,25.5276,1.5387398864225144,24.6,16.457,10.691135774856775,8.743297000000013,0.8728571428571286,0.059936420805450474,7.478057714285711,0.01802857142857306,-0.016600000000000392,-0.01873988642251434,0.02499999999999858,-0.010000000000001563
163.5,CLIMB,COOLING_DEGRADATION,1.0,6017.56,88.03,599.39,5.07,66.69,19.449,25.576,1.495,24.602,16.408,6015.349507109355,79.40641542857142,597.843224489796,5.131069779100393,59.486640734693886,19.466897959183672,25.5276,1.5386549507109355,24.6,16.457,2.2104928906455825,8.62358457142858,1.5467755102040428,-0.06106977910039291,7.203359265306112,-0.017897959183670764,0.04840000000000089,-0.04365495071093539,0.0019999999999988916,-0.04899999999999949
163.6,CLIMB,COOLING_DEGRADATION,1.0,6017.99,89.23,598.54,5.087,66.67,19.424,25.435,1.493,24.605,16.368,6014.793261193274,79.40460085714285,597.8423061224489,5.1308490762635985,59.47519718367347,19.46542448979592,25.5274,1.5385993261193274,24.6,16.4555,3.196738806725989,9.825399142857151,0.6976938775510462,-0.043849076263598796,7.194802816326529,-0.04142448979592217,-0.09240000000000137,-0.045599326119327266,0.004999999999999005,-0.08750000000000213
163.7,CLIMB,COOLING_DEGRADATION,1.0,6014.44,88.64,599.14,5.1,66.52,19.577,25.416,1.476,24.556,16.624,6014.2679437865145,79.40472728571427,597.813387755102,5.1306087594115795,59.469689632653065,19.46355102040816,25.5272,1.5384667943786514,24.6,16.454,0.17205621348512068,9.235272714285728,1.3266122448980013,-0.03060875941157981,7.050310367346931,0.11344897959184053,-0.11120000000000019,-0.062466794378651436,-0.04400000000000048,0.16999999999999815
163.8,CLIMB,COOLING_DEGRADATION,1.0,6020.5,88.1,599.17,5.102,66.61,19.702,25.598,1.484,24.611,16.646,6013.751850624,79.40402700000001,597.8104285714285,5.130375146032022,59.46386485714285,19.461914285714283,25.527,1.5384151850624002,24.6,16.4525,6.748149375999674,8.69597299999998,1.3595714285714848,-0.028375146032021625,7.146135142857148,0.24008571428571912,0.07099999999999795,-0.05441518506240017,0.010999999999999233,0.19350000000000023
163.9,CLIMB,COOLING_DEGRADATION,1.0,6019.61,88.75,599.43,5.084,66.79,19.39,25.471,1.506,24.566,16.511,6013.2265470786615,79.40155342857143,597.7815102040817,5.130168498775424,59.45275730612246,19.46004081632653,25.5268,1.5382826547078663,24.6,16.451,6.383452921338176,9.348446571428568,1.6484897959182945,-0.04616849877542428,7.337242693877549,-0.0700408163265287,-0.055800000000001404,-0.03228265470786629,-0.03400000000000247,0.05999999999999872
164.0,CLIMB,COOLING_DEGRADATION,1.0,6018.55,89.1,598.98,5.112,66.45,19.596,25.495,1.542,24.695,16.391,6012.670343085845,79.40233885714287,597.7805918367347,5.129914103666506,59.446913755102045,19.458567346938775,25.5266,1.5382270343085844,24.6,16.4495,5.879656914155021,9.697661142857129,1.199408163265275,-0.01791410366650581,7.003086244897958,0.1374326530612251,-0.03159999999999741,0.0037729656914156084,0.09499999999999886,-0.05850000000000222
164.1,CLIMB,COOLING_DEGRADATION,1.0,6018.4,89.42,600.22,5.111,66.87,19.571,25.527,1.567,24.601,16.492,6012.62100199102,79.39945128571429,597.7566734693877,5.129953965901937,59.436012204081635,19.45849387755102,25.5266,1.538142100199102,24.6,16.4495,5.778998008979215,10.02054871428571,2.463326530612335,-0.018953965901936876,7.43398779591837,0.1125061224489805,0.0004000000000026205,0.028857899800897924,0.0009999999999976694,0.042500000000000426
164.2,CLIMB,COOLING_DEGRADATION,1.0,6015.01,89.18,594.53,5.168,66.73,19.372,25.577,1.48,24.622,16.422,6012.064814195984,79.40023671428571,597.7557551020408,5.129699566372868,59.43016865306122,19.457020408163263,25.5264,1.5380864814195983,24.6,16.448,2.945185804016546,9.779763285714296,-3.2257551020408073,0.03830043362713198,7.299831346938781,-0.08502040816326328,0.050600000000002865,-0.05808648141959827,0.021999999999998465,-0.0259999999999998
164.3,CLIMB,COOLING_DEGRADATION,1.0,6028.44,88.46,600.84,5.153,66.59,19.389,25.575,1.523,24.625,16.324,6011.539540408816,79.39776314285714,597.7268367346938,5.129492898168228,59.41906110204082,19.45514693877551,25.5262,1.5379539540408815,24.6,16.4465,16.90045959118379,9.06223685714285,3.1131632653061843,0.02350710183177185,7.170938897959182,-0.06614693877551048,0.048799999999999955,-0.014953954040881623,0.02499999999999858,-0.12249999999999872
164.4,CLIMB,COOLING_DEGRADATION,1.0,6013.95,88.7,597.92,5.095,67.08,19.46,25.407,1.582,24.604,16.646,6010.983375164083,79.39854857142856,597.7259183673469,5.129238494630977,59.4132175510204,19.45367346938776,25.526,1.5378983375164084,24.6,16.445,2.966624835917173,9.30145142857144,0.19408163265302392,-0.03423849463097728,7.666782448979596,0.006326530612241754,-0.11899999999999977,0.04410166248359171,0.003999999999997783,0.2010000000000005
164.5,CLIMB,COOLING_DEGRADATION,1.0,6023.59,88.96,597.79,5.129,66.53,19.495,25.549,1.62,24.562,16.521,6010.498230181666,79.39718928571429,597.6949591836734,5.12901892484105,59.40772877551021,19.451636734693874,25.5258,1.5377698230181667,24.6,16.4435,13.091769818333887,9.562810714285703,0.09504081632655925,-1.89248410507048e-05,7.122271224489793,0.043363265306126664,0.02319999999999922,0.08223017698183344,-0.038000000000000256,0.07750000000000057
164.6,CLIMB,COOLING_DEGRADATION,1.0,6020.77,88.76,599.15,5.122,67.28,19.378,25.459,1.541,24.633,16.64,6009.9729772443425,79.39471571428572,597.6660408163265,5.128812238302917,59.39662122448979,19.449763265306125,25.5256,1.5376372977244341,24.6,16.442,10.797022755657963,9.365284285714282,1.4839591836735053,-0.006812238302916995,7.883378775510209,-0.07176326530612442,-0.0666000000000011,0.0033627022755657876,0.0329999999999977,0.1980000000000004
164.7,CLIMB,COOLING_DEGRADATION,1.0,6016.14,88.32,599.14,5.114,66.75,19.458,25.56,1.556,24.532,16.6,6009.892759240229,79.39508714285715,597.6701224489796,5.128804357615994,59.39098367346939,19.45008979591837,25.5256,1.5376292759240229,24.6,16.442,6.247240759771557,8.924912857142843,1.4698775510204314,-0.014804357615994412,7.359016326530607,0.007910204081628791,0.03439999999999799,0.018370724075977174,-0.06800000000000139,0.15800000000000125
164.8,CLIMB,COOLING_DEGRADATION,1.0,6023.79,89.44,599.72,5.052,66.69,19.544,25.456,1.528,24.583,16.486,6009.367519230318,79.39261357142858,597.6412040816327,5.128597662287419,59.379876122448984,19.448216326530613,25.5254,1.5374967519230318,24.6,16.4405,14.422480769681897,10.047386428571414,2.078795918367291,-0.07659766228741915,7.310123877551014,0.09578367346938776,-0.06940000000000168,-0.009496751923031788,-0.017000000000003013,0.04550000000000054
164.9,CLIMB,COOLING_DEGRADATION,1.0,6012.15,88.54,600.94,5.066,67.02,19.423,25.545,1.565,24.6,16.421,6008.811399404572,79.39339900000002,597.6402857142857,5.128343247910832,59.37403257142858,19.44674285714286,25.5252,1.5374411399404573,24.6,16.439,3.3386005954280336,9.14660099999999,3.2997142857143444,-0.06234324791083257,7.645967428571417,-0.023742857142860174,0.01980000000000004,0.027558860059542667,0.0,-0.018000000000000682
165.0,CLIMB,COOLING_DEGRADATION,1.0,6014.79,88.58,599.08,5.086,66.6,19.288,25.516,1.532,24.602,16.467,6008.286176228572,79.39352542857144,597.6113673469388,5.128102894029373,59.368525020408164,19.444869387755105,25.525,1.5373086176228572,24.6,16.4375,6.50382377142796,9.186474571428562,1.4686326530612632,-0.04210289402937306,7.23147497959183,-0.15686938775510484,-0.009000000000000341,-0.00530861762285717,0.0019999999999988916,0.02949999999999875
165.1,CLIMB,COOLING_DEGRADATION,1.0,6016.28,88.67,598.78,5.093,66.83,19.344,25.578,1.553,24.585,16.557,6007.770175663543,79.39022514285715,597.6084081632654,5.127902885319686,59.35710024489796,19.443232653061223,25.5248,1.5372570175663545,24.6,16.436,8.509824336456404,9.279774857142854,1.171591836734592,-0.03490288531968577,7.472899755102041,-0.09923265306122175,0.05320000000000036,0.01574298243364547,-0.015000000000000568,0.12099999999999866
165.2,CLIMB,COOLING_DEGRADATION,1.0,6019.26,89.42,598.71,5.102,66.42,19.497,25.527,1.523,24.51,16.423,6007.244966351836,79.39035157142858,597.5794897959183,5.127662524028805,59.35159269387755,19.44135918367347,25.5246,1.5371244966351836,24.6,16.4345,12.015033648163808,10.02964842857142,1.1305102040817019,-0.025662524028804867,7.068407306122452,0.055640816326530285,0.002400000000001512,-0.01412449663518367,-0.08999999999999986,-0.01150000000000162
165.3,CLIMB,COOLING_DEGRADATION,1.0,6014.03,88.31,599.47,5.111,66.77,19.44,25.428,1.493,24.607,16.508,6007.1647788731425,79.38812300000001,597.5835714285714,5.127688280366428,59.34035514285714,19.441685714285715,25.5246,1.5371164778873143,24.6,16.4345,6.86522112685725,8.921876999999995,1.8864285714286098,-0.01668828036642811,7.429644857142854,-0.0016857142857134022,-0.09659999999999869,-0.04411647788731421,0.006999999999997897,0.07349999999999923
165.4,CLIMB,COOLING_DEGRADATION,1.0,6014.7,89.4,598.35,5.117,66.31,19.547,25.453,1.539,24.663,16.504,6006.639582489992,79.38824942857143,597.5546530612245,5.127447913678058,59.33484759183674,19.439812244897958,25.5244,1.5369839582489992,24.6,16.433,8.060417510007937,10.011750571428578,0.7953469387755376,-0.010447913678057752,6.975152408163261,0.10718775510204281,-0.07140000000000057,0.0020160417510006745,0.06299999999999883,0.0710000000000015
165.5,CLIMB,COOLING_DEGRADATION,1.0,6010.41,88.85,598.24,5.097,66.93,19.393,25.5,1.492,24.517,16.487,6006.083520789943,79.38643485714285,597.5537346938776,5.1272271226514565,59.32340404081633,19.4383387755102,25.5242,1.5369283520789943,24.6,16.4315,4.326479210057187,9.46356514285715,0.6862653061224364,-0.030227122651456106,7.606595959183679,-0.04533877551019927,-0.024200000000000443,-0.04492835207899426,-0.08300000000000196,0.05549999999999855
165.6,CLIMB,COOLING_DEGRADATION,1.0,6010.96,88.78,599.09,5.181,66.67,19.49,25.49,1.659,24.727,16.472,6005.558341242122,79.38656128571428,597.5248163265306,5.126986749871199,59.31789648979591,19.43646530612245,25.524,1.5367958341242123,24.6,16.43,5.401658757878067,9.393438714285722,1.5651836734693916,0.05401325012880065,7.352103510204088,0.05353469387754828,-0.03400000000000247,0.12220416587578775,0.1269999999999989,0.04200000000000159
165.7,CLIMB,COOLING_DEGRADATION,1.0,6013.4,88.67,596.04,5.135,66.83,19.648,25.54,1.65,24.619,16.55,6005.033168683103,79.38668771428571,597.4958979591837,5.12674637494502,59.31238893877551,19.434591836734693,25.5238,1.5366633168683106,24.6,16.4285,8.366831316896423,9.283312285714288,-1.4558979591837442,0.008253625054980063,7.5176110612244855,0.21340816326530643,0.016199999999997772,0.11333668313168932,0.01899999999999835,0.12150000000000105
165.8,CLIMB,COOLING_DEGRADATION,1.0,6018.02,88.34,598.56,5.141,66.67,19.638,25.486,1.503,24.714,16.263,6004.517217858221,79.38338742857142,597.4929387755102,5.126546326003849,59.30096416326531,19.43295510204082,25.523600000000002,1.5366117217858222,24.6,16.427,13.50278214177979,8.956612571428579,1.0670612244897484,0.01445367399615094,7.369035836734689,0.2050448979591799,-0.03760000000000119,-0.03361172178582228,0.11399999999999721,-0.16399999999999793
165.9,CLIMB,COOLING_DEGRADATION,1.0,6018.18,89.33,599.42,5.122,66.29,19.255,25.562,1.592,24.627,16.408,6004.467924430923,79.38309985714287,597.4690204081634,5.126552491956833,59.2956626122449,19.432881632653064,25.523600000000002,1.5365267924430923,24.6,16.427,13.71207556907757,9.946900142857132,1.9509795918365853,-0.004552491956832938,6.99433738775511,-0.17788163265306522,0.038399999999999324,0.055473207556907767,0.02699999999999747,-0.01899999999999835
166.0,CLIMB,COOLING_DEGRADATION,1.0,6019.61,89.67,598.64,5.119,66.2,19.406,25.585,1.533,24.548,16.373,6003.911908153388,79.38128528571428,597.4681020408165,5.126331677941705,59.2842190612245,19.431408163265303,25.5234,1.5364711908153388,24.6,16.4255,15.698091846611533,10.288714714285717,1.171897959183525,-0.007331677941705195,6.915780938775505,-0.02540816326530404,0.0616000000000021,-0.003471190815338865,-0.052000000000003155,-0.05249999999999844
166.1,CLIMB,COOLING_DEGRADATION,1.0,6007.61,88.58,598.51,5.117,66.65,19.493,25.565,1.581,24.569,16.186,6003.386762390204,79.38141171428572,597.4391836734694,5.126091290214411,59.27871151020408,19.429534693877546,25.5232,1.5363386762390205,24.6,16.424,4.223237609795433,9.19858828571428,1.0708163265305757,-0.009091290214411352,7.371288489795923,0.0634653061224526,0.04180000000000206,0.04466132376097942,-0.03100000000000236,-0.23799999999999955
166.2,CLIMB,COOLING_DEGRADATION,1.0,6020.11,88.26,599.09,5.116,65.97,19.323,25.483,1.585,24.618,16.494,6002.830768665307,79.38219714285715,597.4382653061225,5.125836850293455,59.27286795918368,19.428061224489795,25.523,1.5362830768665305,24.6,16.4225,17.279231334692668,8.877802857142854,1.651734693877529,-0.009836850293455157,6.697132040816321,-0.10506122448979482,-0.03999999999999915,0.048716923133469425,0.01799999999999713,0.07150000000000034
166.3,CLIMB,COOLING_DEGRADATION,1.0,6019.56,89.07,596.07,5.109,66.3,19.372,25.546,1.492,24.705,16.486,6002.3056397392,79.37972357142857,597.4093469387756,5.125630072329944,59.26176040816327,19.42618775510204,25.5228,1.5361505639739201,24.6,16.421,17.25436026080024,9.690276428571423,-1.3393469387755204,-0.016630072329943957,7.038239591836728,-0.05418775510203844,0.02319999999999922,-0.04415056397392014,0.10499999999999687,0.06500000000000128
166.4,CLIMB,COOLING_DEGRADATION,1.0,6007.94,89.11,597.92,5.093,66.44,19.435,25.506,1.661,24.593,16.637,6001.789731779657,79.37902328571428,597.406387755102,5.1253963784051475,59.25593563265306,19.424551020408167,25.5226,1.536098973177966,24.6,16.4195,6.150268220342696,9.730976714285717,0.5136122448980132,-0.03239637840514753,7.184064367346934,0.010448979591831886,-0.016600000000000392,0.12490102682203408,-0.0070000000000014495,0.21750000000000114
166.5,CLIMB,COOLING_DEGRADATION,1.0,6012.0,88.4,597.91,5.093,66.83,19.445,25.486,1.523,24.595,16.482,6001.740454384588,79.37613571428571,597.382469387755,5.125436145773932,59.24503408163265,19.424477551020413,25.5226,1.5360140454384588,24.6,16.4195,10.259545615412208,9.023864285714296,0.5275306122449592,-0.03243614577393217,7.584965918367345,0.020522448979587438,-0.036599999999999966,-0.013014045438458854,-0.005000000000002558,0.0625
166.6,CLIMB,COOLING_DEGRADATION,1.0,6018.54,87.56,598.2,5.124,66.56,19.256,25.534,1.525,24.659,16.329,6001.1844962366695,79.37692114285713,597.3815510204082,5.125181696035348,59.23919053061225,19.423004081632655,25.5224,1.535958449623667,24.6,16.418,17.35550376333049,8.183078857142874,0.8184489795918353,-0.0011816960353483452,7.320809469387754,-0.1670040816326548,0.011599999999997834,-0.010958449623666988,0.0589999999999975,-0.08899999999999864
166.7,CLIMB,COOLING_DEGRADATION,1.0,6014.42,88.75,600.42,5.117,66.41,19.314,25.439,1.536,24.536,16.435,6000.659394108833,79.37444757142858,597.3526326530612,5.124974896056578,59.228082979591846,19.421130612244898,25.5222,1.5358259394108833,24.6,16.4165,13.76060589116696,9.375552428571424,3.067367346938795,-0.007974896056578196,7.18191702040815,-0.10713061224489806,-0.0832000000000015,0.00017406058911673128,-0.06400000000000006,0.018499999999999517
166.8,CLIMB,COOLING_DEGRADATION,1.0,6009.08,89.08,601.09,5.109,66.56,19.616,25.398,1.592,24.637,16.375,6000.103458514286,79.37523300000002,597.3517142857143,5.124720442321953,59.22223942857143,19.419657142857144,25.522,1.5357703458514285,24.6,16.415,8.976541485713824,9.704766999999975,3.73828571428578,-0.015720442321953243,7.337760571428575,0.19634285714285582,-0.12399999999999878,0.05622965414857162,0.036999999999999034,-0.03999999999999915
166.9,CLIMB,COOLING_DEGRADATION,1.0,6012.84,88.85,597.61,5.147,66.37,19.472,25.464,1.546,24.67,16.431,5999.578373224948,79.37535942857143,597.3227959183673,5.124480032564855,59.21673187755103,19.417783673469387,25.5218,1.5356378373224948,24.6,16.4135,13.261626775051809,9.474640571428566,0.2872040816326944,0.022519967435145283,7.153268122448978,0.05421632653061437,-0.057800000000000296,0.010362162677505227,0.07000000000000028,0.017500000000001847
167.0,CLIMB,COOLING_DEGRADATION,1.0,6003.62,88.46,598.92,5.073,66.3,19.204,25.486,1.546,24.622,16.446,5999.053294926367,79.37288585714286,597.2938775510204,5.124273215363047,59.20562432653061,19.415910204081634,25.5216,1.5355053294926369,24.6,16.412,4.566705073632875,9.087114142857132,1.6261224489795723,-0.05127321536304663,7.094375673469386,-0.21191020408163297,-0.035599999999998744,0.01049467050736319,0.021999999999998465,0.03400000000000247
167.1,CLIMB,COOLING_DEGRADATION,1.0,6016.12,88.76,600.38,5.028,65.73,19.233,25.483,1.57,24.691,16.564,5999.013246772245,79.37177157142858,597.295918367347,5.124286065618341,59.20000555102041,19.416073469387758,25.5216,1.5355013246772247,24.6,16.412,17.10675322775478,9.388228428571423,3.0840816326530103,-0.09628606561834108,6.529994448979593,-0.18307346938775737,-0.03859999999999886,0.034498675322775396,0.09099999999999753,0.15200000000000102
167.2,CLIMB,COOLING_DEGRADATION,1.0,6009.06,88.42,597.26,5.145,66.79,19.219,25.508,1.543,24.552,16.523,5998.488178435199,79.369298,597.2669999999999,5.124079238544809,59.188898,19.414199999999997,25.5214,1.53536881784352,24.6,16.4105,10.571821564801212,9.050702000000001,-0.006999999999948159,0.02092076145519073,7.6011020000000045,-0.19519999999999627,-0.013400000000000745,0.007631182156479843,-0.04800000000000182,0.11250000000000071
167.3,CLIMB,COOLING_DEGRADATION,1.0,6018.0,89.28,598.93,5.177,66.45,19.427,25.476,1.533,24.594,16.213,5997.932288267364,79.37008342857143,597.266081632653,5.123824773997251,59.183054448979604,19.412726530612247,25.5212,1.5353132288267366,24.6,16.409,20.06771173263587,9.909916571428568,1.6639183673469233,0.05317522600274849,7.266945551020399,0.014273469387752868,-0.04520000000000124,-0.0023132288267366796,-0.006000000000000227,-0.19599999999999795
167.4,CLIMB,COOLING_DEGRADATION,1.0,6012.38,89.64,594.73,5.095,66.99,19.404,25.574,1.563,24.529,16.465,5997.407236770041,79.37020985714285,597.2371632653061,5.123584349306505,59.17754689795919,19.41085306122449,25.521,1.5351807236770043,24.6,16.4075,14.972763229959128,10.269790142857147,-2.507163265306076,-0.028584349306504997,7.812453102040806,-0.00685306122448992,0.053000000000000824,0.027819276322995634,-0.0710000000000015,0.057500000000000995
167.5,CLIMB,COOLING_DEGRADATION,1.0,6002.09,88.88,598.5,5.081,66.14,19.629,25.496,1.508,24.526,16.539,5996.851369156507,79.36839528571429,597.2362448979592,5.12336346624703,59.166103346938776,19.409379591836736,25.5208,1.535125136915651,24.6,16.406,5.238630843493411,9.51160471428571,1.2637551020408182,-0.04236346624702936,6.9738966530612245,0.21962040816326578,-0.024800000000002598,-0.027125136915650883,-0.07400000000000162,0.13300000000000267
167.6,CLIMB,COOLING_DEGRADATION,1.0,6013.98,89.21,600.43,5.099,66.75,19.433,25.543,1.484,24.681,16.348,5996.326334499428,79.36852171428569,597.2073265306122,5.1231230354739274,59.16059579591837,19.407506122448982,25.5206,1.5349926334499429,24.6,16.4045,17.65366550057115,9.841478285714302,3.2226734693877006,-0.024123035473927246,7.589404204081632,0.02549387755101762,0.022399999999997533,-0.05099263344994287,0.08099999999999952,-0.05649999999999977
167.7,CLIMB,COOLING_DEGRADATION,1.0,6005.53,88.97,600.77,5.068,66.38,19.465,25.439,1.595,24.588,16.463,5996.286301610057,79.36480742857142,597.2093673469387,5.123169455757591,59.14937702040817,19.407669387755103,25.5206,1.5349886301610056,24.6,16.4045,9.243698389942438,9.605192571428574,3.5606326530612478,-0.055169455757591024,7.230622979591828,0.057330612244896884,-0.08160000000000167,0.060011369838994355,-0.012000000000000455,0.05850000000000222
167.8,CLIMB,COOLING_DEGRADATION,1.0,6006.03,89.07,600.8,5.132,66.48,19.518,25.532,1.571,24.594,16.359,5995.761276915527,79.36493385714286,597.1804489795918,5.122929018279503,59.14386946938776,19.405795918367346,25.5204,1.5348561276915527,24.6,16.403,10.268723084473095,9.705066142857135,3.619551020408153,0.009070981720496363,7.336130530612245,0.1122040816326546,0.011600000000001387,0.03614387230844729,-0.006000000000000227,-0.04399999999999693
167.9,CLIMB,COOLING_DEGRADATION,1.0,6001.65,89.02,599.81,5.099,66.72,19.572,25.512,1.583,24.618,16.552,5995.205444881959,79.36311928571428,597.1795306122449,5.122708116196661,59.13242591836735,19.404322448979592,25.5202,1.5348005444881958,24.6,16.4015,6.4445551180406255,9.65688071428572,2.6304693877550562,-0.023708116196661244,7.587574081632646,0.16767755102040738,-0.008199999999998653,0.04819945551180416,0.01799999999999713,0.15050000000000097
168.0,CLIMB,COOLING_DEGRADATION,1.0,6011.1,88.56,597.36,5.106,67.04,19.308,25.628,1.539,24.597,16.477,5994.680437028573,79.36324571428571,597.150612244898,5.122467672638052,59.12691836734694,19.40244897959184,25.52,1.5346680437028573,24.6,16.4,16.419562971427695,9.196754285714292,0.20938775510205687,-0.016467672638052377,7.913081632653068,-0.09444897959183862,0.10800000000000054,0.0043319562971426695,-0.0030000000000001137,0.07700000000000173
168.1,CLIMB,COOLING_DEGRADATION,1.0,6011.44,88.95,600.06,5.128,66.31,19.198,25.442,1.531,24.724,16.261,5994.155436167575,79.36337214285714,597.121693877551,5.122227226938613,59.12141081632653,19.400575510204078,25.5198,1.5345355436167574,24.6,16.3985,17.284563832424283,9.586627857142858,2.938306122448921,0.005772773061386793,7.188589183673471,-0.2025755102040776,-0.07779999999999987,-0.0035355436167574528,0.12399999999999878,-0.1374999999999993
168.2,CLIMB,COOLING_DEGRADATION,1.0,6001.85,89.38,599.76,5.118,66.62,19.24,25.635,1.584,24.562,16.489,5993.599636538319,79.36155757142856,597.1207755102041,5.122006310875095,59.10996726530613,19.399102040816327,25.5196,1.534479963653832,24.6,16.397,8.250363461681445,10.018442428571433,2.639224489795879,-0.004006310875094954,7.510032734693873,-0.15910204081632884,0.11540000000000106,0.049520036346168084,-0.038000000000000256,0.0920000000000023
168.3,CLIMB,COOLING_DEGRADATION,1.0,5996.74,88.62,599.94,5.115,66.54,19.568,25.482,1.525,24.589,16.113,5993.590424469355,79.35978428571428,597.0948163265306,5.122033175192902,59.10468448979592,19.39886530612245,25.5196,1.5343990424469356,24.6,16.397,3.149575530645052,9.26021571428572,2.845183673469478,-0.007033175192901808,7.435315510204084,0.16913469387755242,-0.03760000000000119,-0.00939904244693568,-0.011000000000002785,-0.2839999999999989
168.4,CLIMB,COOLING_DEGRADATION,1.0,6005.31,88.32,598.58,5.143,65.92,19.26,25.543,1.63,24.436,16.42,5993.034637866024,79.35796971428572,597.0938979591837,5.12181225015245,59.09324093877551,19.397391836734695,25.5194,1.5343434637866025,24.6,16.3955,12.27536213397616,8.962030285714278,1.4861020408163768,0.021187749847549675,6.826759061224493,-0.13739183673469313,0.02359999999999829,0.09565653621339743,-0.16400000000000148,0.024500000000003297
168.5,CLIMB,COOLING_DEGRADATION,1.0,6007.45,89.44,597.35,5.097,66.52,19.264,25.609,1.55,24.549,16.429,5992.509663810808,79.35809614285714,597.0649795918367,5.121571791671469,59.0877333877551,19.395518367346938,25.5192,1.5342109663810808,24.6,16.394,14.94033618919184,10.081903857142862,0.285020408163291,-0.024571791671468723,7.432266612244895,-0.13151836734693845,0.08980000000000032,0.015789033618919257,-0.05100000000000193,0.03500000000000014
168.6,CLIMB,COOLING_DEGRADATION,1.0,5991.06,88.78,598.46,5.127,66.51,19.238,25.473,1.483,24.605,16.327,5991.9538997631835,79.35888157142857,597.0640612244898,5.121317301650045,59.081889836734696,19.394044897959184,25.519,1.5341553899763183,24.6,16.392500000000002,-0.8938997631830716,9.421118428571432,1.395938775510217,0.00568269834995494,7.428110163265309,-0.15604489795918397,-0.045999999999999375,-0.05115538997631819,0.004999999999999005,-0.06550000000000011
168.7,CLIMB,COOLING_DEGRADATION,1.0,5999.67,88.83,597.39,5.147,66.29,19.511,25.569,1.529,24.595,16.419,5991.428942550857,79.356408,597.0351428571429,5.1211103920337475,59.07078228571429,19.392171428571427,25.5188,1.5340228942550855,24.6,16.391,8.241057449143227,9.473591999999996,0.35485714285709946,0.025889607966252726,7.219217714285719,0.11882857142857262,0.050200000000000244,-0.005022894255085619,-0.005000000000002558,0.028000000000002245
168.8,CLIMB,COOLING_DEGRADATION,1.0,6003.94,89.26,600.02,5.093,66.53,19.386,25.48,1.586,24.567,16.209,5990.8732010592,79.35719342857143,597.034224489796,5.120855898026455,59.06493873469388,19.390697959183672,25.5186,1.5339673201059199,24.6,16.3895,13.066798940799345,9.90280657142857,2.9857755102040073,-0.027855898026454717,7.465061265306119,-0.004697959183673106,-0.03859999999999886,0.052032679894080225,-0.03300000000000125,-0.1805000000000021
168.9,CLIMB,COOLING_DEGRADATION,1.0,5996.16,88.27,599.34,5.135,66.71,19.299,25.55,1.49,24.598,16.484,5990.863989768001,79.35282014285714,597.0082653061226,5.120916296769822,59.05405595918367,19.390461224489798,25.5186,1.5338863989768003,24.6,16.3895,5.29601023199848,8.917179857142855,2.331734693877479,0.014083703230177491,7.655944040816323,-0.0914612244897981,0.03140000000000143,-0.043886398976800356,-0.0020000000000024443,0.09450000000000003
169.0,CLIMB,COOLING_DEGRADATION,1.0,5997.76,88.53,599.08,5.078,65.68,19.524,25.452,1.406,24.598,16.445,5990.308261302857,79.35360557142857,597.0073469387756,5.120661796951871,59.048212408163266,19.38898775510204,25.5184,1.533830826130286,24.6,16.387999999999998,7.4517386971429005,9.176394428571427,2.0726530612244005,-0.042661796951870556,6.631787591836741,0.13501224489796115,-0.06639999999999802,-0.12783082613028607,-0.0020000000000024443,0.05700000000000216
169.1,CLIMB,COOLING_DEGRADATION,1.0,5999.48,89.31,599.2,5.122,66.01,19.396,25.529,1.5,24.576,16.336,5989.783330898743,79.351132,596.9784285714287,5.120454865343435,59.037104857142864,19.38711428571429,25.5182,1.5336983330898744,24.6,16.386499999999998,9.696669101256703,9.958867999999995,2.2215714285713375,0.0015451346565651392,6.972895142857141,0.008885714285710833,0.010799999999999699,-0.033698333089874355,-0.02400000000000091,-0.050499999999999545
169.2,CLIMB,COOLING_DEGRADATION,1.0,5994.1,88.8,598.81,5.115,66.3,19.393,25.512,1.611,24.576,16.363,5989.227624990041,79.35191742857144,596.9775102040817,5.120200361541589,59.03126130612246,19.38564081632653,25.518,1.533642762499004,24.6,16.384999999999998,4.872375009959796,9.448082571428557,1.8324897959182636,-0.0052003615415889826,7.268738693877538,0.007359183673472103,-0.006000000000000227,0.07735723750099588,-0.02400000000000091,-0.021999999999998465
169.3,CLIMB,COOLING_DEGRADATION,1.0,5995.78,89.0,595.93,5.078,66.21,19.452,25.525,1.599,24.579,16.618,5988.702711430237,79.35204385714286,596.9485918367347,5.119959881072145,59.02575375510204,19.383767346938775,25.5178,1.5335102711430237,24.6,16.383499999999998,7.077288569762459,9.64795614285714,-1.0185918367347995,-0.041959881072144434,7.184246244897956,0.0682326530612265,0.007199999999997431,0.06548972885697624,-0.021000000000000796,0.2345000000000006
169.4,CLIMB,COOLING_DEGRADATION,1.0,5994.36,89.49,599.19,5.102,66.1,19.509,25.531,1.534,24.527,16.318,5988.177804864784,79.3495702857143,596.9196734693878,5.1197529322603454,59.01464620408163,19.38189387755102,25.5176,1.5333777804864785,24.6,16.381999999999998,6.182195135215807,10.140429714285702,2.2703265306122375,-0.017752932260345133,7.0853537959183654,0.127106122448982,0.013399999999997192,0.0006222195135214825,-0.0730000000000004,-0.0639999999999965
169.5,CLIMB,COOLING_DEGRADATION,1.0,5989.6,89.5,598.71,5.085,66.39,19.48,25.485,1.52,24.631,16.461,5988.137817567086,79.34845600000001,596.9217142857143,5.119765745466028,59.00902742857143,19.382057142857143,25.5176,1.5333737817567086,24.6,16.381999999999998,1.4621824329142328,10.151543999999987,1.7882857142857347,-0.03476574546602773,7.380972571428572,0.09794285714285778,-0.03260000000000218,-0.013373781756708558,0.030999999999998806,0.07900000000000063
169.6,CLIMB,COOLING_DEGRADATION,1.0,5996.08,88.43,595.83,5.09,66.24,19.485,25.516,1.516,24.653,16.596,5987.612920967298,79.34598242857143,596.8927959183673,5.119558786792015,58.99791987755103,19.38018367346939,25.5174,1.5332412920967298,24.6,16.3805,8.467079032701804,9.084017571428575,-1.0627959183672147,-0.02955878679201529,7.242080122448968,0.10481632653061013,-0.00140000000000029,-0.017241292096729754,0.05299999999999727,0.2154999999999987
169.7,CLIMB,COOLING_DEGRADATION,1.0,5993.54,88.89,599.3,5.113,65.56,19.511,25.537,1.539,24.537,16.373,5987.0572604930285,79.34676785714288,596.8918775510203,5.119304272203642,58.992076326530615,19.37871020408163,25.5172,1.5331857260493027,24.6,16.378999999999998,6.482739506971484,9.543232142857121,2.4081224489796114,-0.006304272203641936,6.567923673469387,0.13228979591836776,0.01980000000000004,0.005814273950697224,-0.06300000000000239,-0.005999999999996675
169.8,CLIMB,COOLING_DEGRADATION,1.0,5996.87,89.22,599.73,5.067,66.1,19.394,25.528,1.524,24.598,16.394,5986.532380738776,79.3468942857143,596.8629591836734,5.119063776825223,58.98656877551021,19.376836734693878,25.517,1.5330532380738775,24.6,16.377499999999998,10.337619261224063,9.8731057142857,2.8670408163266075,-0.05206377682522323,7.113431224489787,0.017163265306120223,0.010999999999999233,-0.009053238073877479,-0.0020000000000024443,0.016500000000000625
169.9,CLIMB,COOLING_DEGRADATION,1.0,5990.32,89.11,599.69,5.094,66.33,19.304,25.527,1.532,24.574,16.325,5985.976742821877,79.34507971428573,596.8620408163265,5.118842782837885,58.9751252244898,19.375363265306127,25.5168,1.5329976742821876,24.6,16.376,4.343257178122258,9.764920285714268,2.8279591836735563,-0.02484278283788477,7.354874775510197,-0.07136326530612891,0.010200000000001097,-0.000997674282187555,-0.0259999999999998,-0.05100000000000193
170.0,CLIMB,COOLING_DEGRADATION,1.0,5992.53,88.65,599.19,5.085,66.1,19.39,25.495,1.551,24.636,16.35,5985.451879913682,79.34520614285714,596.8331224489795,5.118602281388477,58.96961767346939,19.373489795918367,25.5166,1.5328651879913684,24.6,16.374499999999998,7.07812008631754,9.304793857142869,2.3568775510206024,-0.033602281388477095,7.130382326530601,0.016510204081633617,-0.021599999999999397,0.01813481200863154,0.03599999999999781,-0.02449999999999619
170.1,CLIMB,COOLING_DEGRADATION,1.0,5996.46,88.51,598.77,5.128,65.63,19.472,25.434,1.616,24.61,16.279,5985.411907882775,79.34149185714284,596.835163265306,5.118648603738462,58.958398897959185,19.373653061224488,25.5166,1.5328611907882776,24.6,16.374499999999998,11.048092117224769,9.168508142857164,1.9348367346939312,0.009351396261537914,6.67160110204081,0.09834693877551359,-0.08259999999999934,0.08313880921172245,0.00999999999999801,-0.0954999999999977
170.2,CLIMB,COOLING_DEGRADATION,1.0,5993.13,89.01,595.77,5.073,66.32,19.286,25.474,1.556,24.623,16.454,5984.887054941257,79.34161828571428,596.8062448979592,5.118408095592278,58.95289134693878,19.371779591836734,25.5164,1.5327287054941259,24.6,16.372999999999998,8.242945058743317,9.66838171428573,-1.03624489795925,-0.04540809559227732,7.367108653061216,-0.085779591836733,-0.04240000000000066,0.023271294505874174,0.022999999999999687,0.08100000000000307
170.3,CLIMB,COOLING_DEGRADATION,1.0,5988.67,88.49,598.46,5.105,66.31,19.335,25.437,1.504,24.601,16.291,5984.331452609828,79.3398037142857,596.8053265306122,5.118187082606227,58.94144779591838,19.37030612244898,25.5162,1.5326731452609827,24.6,16.371499999999997,4.338547390171698,9.150196285714301,1.6546734693878307,-0.013187082606226141,7.368552204081624,-0.03530612244897924,-0.07920000000000016,-0.028673145260982746,0.0009999999999976694,-0.08049999999999713
170.4,CLIMB,COOLING_DEGRADATION,1.0,5995.02,88.21,598.08,5.052,66.23,19.419,25.441,1.492,24.604,16.462,5983.806616515266,79.33993014285713,596.7764081632653,5.117946568390886,58.935940244897964,19.368432653061223,25.516,1.5325406616515267,24.6,16.37,11.21338348473455,8.870069857142866,1.3035918367347676,-0.06594656839088664,7.29405975510204,0.05056734693877729,-0.07499999999999929,-0.0405406616515267,0.003999999999997783,0.09199999999999875
170.5,CLIMB,COOLING_DEGRADATION,1.0,5986.03,88.16,597.11,5.158,66.04,19.341,25.471,1.674,24.622,16.441,5983.281787416686,79.34005657142856,596.7474897959183,5.117706052039815,58.930432693877556,19.366559183673473,25.5158,1.5324081787416686,24.6,16.3685,2.7482125833139435,8.819943428571435,0.3625102040816728,0.04029394796018515,7.10956730612245,-0.02555918367347232,-0.04479999999999862,0.14159182125833136,0.021999999999998465,0.07249999999999801
170.6,CLIMB,COOLING_DEGRADATION,1.0,5994.62,88.57,598.92,5.07,65.59,19.352,25.518,1.628,24.574,16.395,5982.726217494857,79.33824200000001,596.7465714285714,5.117485025093751,58.91898914285714,19.365085714285716,25.5156,1.5323526217494858,24.6,16.367,11.893782505142553,9.231757999999985,2.1734285714285306,-0.047485025093751076,6.671010857142861,-0.013085714285715255,0.002400000000001512,0.09564737825051406,-0.0259999999999998,0.027999999999998693
170.7,CLIMB,COOLING_DEGRADATION,1.0,5994.05,90.08,599.46,5.043,65.98,19.319,25.484,1.478,24.68,16.3,5982.717008345307,79.33646871428572,596.7206122448979,5.11751183173169,58.91370636734694,19.364848979591837,25.5156,1.5322717008345308,24.6,16.367,11.332991654693615,10.743531285714283,2.7393877551021433,-0.07451183173168996,7.066293632653064,-0.0458489795918382,-0.03159999999999741,-0.05427170083453081,0.0799999999999983,-0.06700000000000017
170.8,CLIMB,COOLING_DEGRADATION,1.0,5982.46,89.55,595.87,5.116,66.02,19.175,25.52,1.527,24.499,16.348,5982.161451451837,79.33465414285715,596.719693877551,5.117290795818953,58.902262816326534,19.36337551020408,25.5154,1.5322161451451837,24.6,16.365499999999997,0.2985485481631258,10.21534585714285,-0.8496938775509761,-0.0012907958189529722,7.117737183673462,-0.18837551020407872,0.0045999999999999375,-0.005216145145183759,-0.10100000000000264,-0.017499999999998295
170.9,CLIMB,COOLING_DEGRADATION,1.0,5983.1,89.25,598.75,5.144,66.18,19.342,25.488,1.545,24.6,16.291,5981.63664916898,79.33478057142857,596.690775510204,5.117050266705917,58.89675526530613,19.361502040816326,25.5152,1.532083664916898,24.6,16.364,1.4633508310207617,9.915219428571433,2.0592244897959517,0.026949733294083345,7.283244734693874,-0.019502040816327337,-0.027200000000000557,0.01291633508310186,0.0,-0.0730000000000004
171.0,CLIMB,COOLING_DEGRADATION,1.0,5993.08,89.29,597.92,5.094,66.18,19.257,25.468,1.545,24.62,16.462,5981.081114834286,79.335566,596.6898571428571,5.116795726714198,58.89091171428572,19.36002857142857,25.515,1.5320281114834287,24.6,16.362499999999997,11.998885165713546,9.954434000000006,1.2301428571428232,-0.022795726714197606,7.289088285714286,-0.1030285714285668,-0.0470000000000006,0.012971888516571273,0.019999999999999574,0.09950000000000259
171.1,CLIMB,COOLING_DEGRADATION,1.0,5998.31,89.27,597.54,5.1,66.0,19.281,25.522,1.549,24.546,16.357,5980.556329400131,79.33309242857142,596.6609387755102,5.11658868558962,58.879804163265305,19.358155102040815,25.5148,1.5318956329400133,24.6,16.360999999999997,17.75367059986911,9.936907571428577,0.8790612244897602,-0.016588685589620233,7.120195836734695,-0.0771551020408161,0.007199999999997431,0.017104367059986636,-0.054000000000002046,-0.003999999999997783
171.2,CLIMB,COOLING_DEGRADATION,1.0,5985.74,89.22,599.71,5.056,66.03,19.217,25.512,1.566,24.567,16.107,5980.040759120327,79.33239214285715,596.6579795918368,5.116354843899404,58.8739793877551,19.35651836734694,25.5146,1.5318440759120326,24.6,16.3595,5.699240879673198,9.887607857142854,3.05202040816323,-0.06035484389940393,7.156020612244902,-0.13951836734694112,-0.002600000000001046,0.034155924087967415,-0.03300000000000125,-0.2525000000000013
171.3,CLIMB,COOLING_DEGRADATION,1.0,5981.13,88.83,597.4,5.07,65.64,19.172,25.543,1.506,24.565,16.544,5979.9916092619105,79.32950457142857,596.6340612244899,5.116394421812904,58.863077836734696,19.356444897959186,25.5146,1.5317591609261911,24.6,16.3595,1.1383907380895835,9.500495428571426,0.7659387755101079,-0.046394421812903985,6.776922163265304,-0.18444489795918528,0.02839999999999776,-0.025759160926191127,-0.03500000000000014,0.1844999999999999
171.4,CLIMB,COOLING_DEGRADATION,1.0,5982.51,89.52,597.5,5.132,66.25,19.454,25.448,1.509,24.597,16.278,5979.4361105152,79.33028999999999,596.633142857143,5.116139872045763,58.857234285714284,19.354971428571428,25.5144,1.5317036110515199,24.6,16.358,3.07388948480002,10.189710000000005,0.8668571428570431,0.015860127954236525,7.392765714285716,0.09902857142857258,-0.06639999999999802,-0.022703611051519967,-0.0030000000000001137,-0.08000000000000185
171.5,CLIMB,COOLING_DEGRADATION,1.0,5992.68,89.02,598.93,5.098,65.96,19.243,25.494,1.453,24.609,16.459,5978.9113518992,79.32781642857144,596.6042244897959,5.115932808952176,58.84612673469388,19.35309795918367,25.5142,1.53157113518992,24.6,16.356499999999997,13.76864810080042,9.692183571428558,2.325775510204039,-0.017932808952176416,7.113873265306111,-0.1100979591836726,-0.020199999999999108,-0.07857113518991987,0.009000000000000341,0.1025000000000027
171.6,CLIMB,COOLING_DEGRADATION,1.0,5978.74,88.91,598.33,5.064,65.62,19.375,25.549,1.488,24.653,16.374,5978.355875711999,79.32860185714287,596.603306122449,5.115678255213288,58.84028318367347,19.351624489795913,25.514,1.5315155875712,24.6,16.355,0.3841242880007485,9.581398142857125,1.7266938775510425,-0.05167825521328773,6.779716816326534,0.02337551020408668,0.03500000000000014,-0.04351558757120011,0.05299999999999727,0.01899999999999835
171.7,CLIMB,COOLING_DEGRADATION,1.0,5986.39,88.33,599.96,5.085,66.04,19.337,25.505,1.534,24.597,16.296,5977.831133946123,79.32872828571429,596.5743877551021,5.115437704153143,58.83477563265306,19.349751020408164,25.5138,1.5313831133946123,24.6,16.3535,8.558866053876955,9.001271714285707,3.3856122448979704,-0.030437704153142953,7.205224367346943,-0.012751020408163782,-0.008800000000000807,0.002616886605387725,-0.0030000000000001137,-0.057500000000000995
171.8,CLIMB,COOLING_DEGRADATION,1.0,5992.71,88.64,599.38,5.113,65.92,19.433,25.503,1.516,24.607,16.379,5977.346325610972,79.32476900000002,596.5434285714285,5.11525132035993,58.82368685714286,19.347714285714286,25.5136,1.5312546325610972,24.6,16.352,15.363674389028347,9.315230999999983,2.8365714285714603,-0.0022513203599299203,7.0963131428571415,0.08528571428571396,-0.010600000000000165,-0.015254632561097159,0.006999999999997897,0.027000000000001023
171.9,CLIMB,COOLING_DEGRADATION,1.0,5982.47,88.71,601.71,5.126,65.97,19.383,25.553,1.531,24.685,16.263,5977.266472745404,79.32514042857144,596.5475102040816,5.115243400082562,58.818049306122454,19.34804081632653,25.5136,1.5312466472745403,24.6,16.352,5.203527254596338,9.38485957142855,5.162489795918418,0.010756599917438159,7.151950693877545,0.034959183673468175,0.039400000000000546,-0.00024664727454037916,0.0849999999999973,-0.08899999999999864
172.0,CLIMB,COOLING_DEGRADATION,1.0,5973.09,89.61,597.16,5.109,65.78,19.382,25.517,1.48,24.524,16.371,5976.741747947266,79.32266685714286,596.5185918367347,5.115036309952593,58.806941755102045,19.34616734693878,25.5134,1.5311141747947268,24.6,16.3505,-3.6517479472659033,10.287333142857136,0.6414081632652824,-0.0060363099525932995,6.973058244897956,0.0358326530612203,0.0035999999999987153,-0.0511141747947268,-0.07600000000000051,0.02049999999999841
172.1,CLIMB,COOLING_DEGRADATION,1.0,5989.61,89.03,599.53,5.138,65.72,19.2,25.551,1.524,24.66,16.512,5976.18631720222,79.3234522857143,596.5176734693878,5.114781745453591,58.80109820408164,19.344693877551023,25.5132,1.5310586317202222,24.6,16.348999999999997,13.423682797779293,9.706547714285705,3.0123265306121993,0.0232182545464088,6.918901795918359,-0.14469387755102403,0.03779999999999717,-0.007058631720222142,0.05999999999999872,0.1630000000000038
172.2,CLIMB,COOLING_DEGRADATION,1.0,5982.19,89.24,598.08,5.064,66.43,19.199,25.554,1.543,24.51,16.296,5975.6616092554295,79.3235787142857,596.488755102041,5.114541179509153,58.79559065306123,19.342820408163263,25.513,1.5309261609255431,24.6,16.3475,6.528390744570061,9.916421285714293,1.5912448979590863,-0.05054117950915327,7.634409346938774,-0.14382040816326125,0.04099999999999682,0.012073839074456805,-0.08999999999999986,-0.05150000000000077
172.3,CLIMB,COOLING_DEGRADATION,1.0,5979.11,89.22,595.38,5.074,65.88,19.294,25.493,1.544,24.563,16.282,5975.14611520653,79.32027842857141,596.4857959183674,5.114340766440883,58.78416587755102,19.34118367346939,25.5128,1.530874611520653,24.6,16.346,3.963884793469333,9.899721571428586,-1.1057959183674484,-0.0403407664408828,7.095834122448977,-0.0471836734693909,-0.01980000000000004,0.013125388479346967,-0.037000000000002586,-0.06400000000000006
172.4,CLIMB,COOLING_DEGRADATION,1.0,5983.09,89.63,596.62,5.125,65.99,19.346,25.535,1.629,24.637,16.217,5974.621421139854,79.32040485714285,596.4568775510204,5.114100193117565,58.77865832653061,19.33931020408163,25.5126,1.5307421421139855,24.6,16.3445,8.468578860146408,10.309595142857148,0.16312244897960682,0.01089980688243486,7.211341673469384,0.006689795918369157,0.022400000000001086,0.09825785788601449,0.036999999999999034,-0.12750000000000128
172.5,CLIMB,COOLING_DEGRADATION,1.0,5985.38,89.54,597.85,5.136,66.49,19.284,25.509,1.52,24.574,16.374,5974.541598811951,79.31817628571429,596.4609591836735,5.114125727232761,58.76742077551021,19.339636734693876,25.5126,1.5307341598811952,24.6,16.3445,10.83840118804892,10.22182371428572,1.389040816326542,0.02187427276723941,7.722579224489785,-0.05563673469387709,-0.0035999999999987153,-0.010734159881195193,-0.0259999999999998,0.02949999999999875
172.6,CLIMB,COOLING_DEGRADATION,1.0,5979.52,89.72,597.93,5.094,66.09,19.301,25.513,1.52,24.721,16.266,5974.016917687837,79.31830271428572,596.4320408163265,5.113885148540139,58.7619132244898,19.337763265306126,25.5124,1.5306016917687837,24.6,16.343000000000004,5.503082312163315,10.401697285714278,1.4979591836734016,-0.019885148540138786,7.328086775510201,-0.036763265306127835,0.0006000000000021544,-0.010601691768783672,0.12099999999999866,-0.07700000000000529
172.7,CLIMB,COOLING_DEGRADATION,1.0,5982.77,88.48,595.59,5.045,65.43,19.196,25.523,1.616,24.591,16.191,5973.461545094204,79.31648814285715,596.4311224489795,5.1136640248039456,58.75046967346939,19.33628979591837,25.5122,1.5305461545094203,24.6,16.3415,9.30845490579668,9.16351185714285,-0.8411224489794904,-0.06866402480394562,6.679530326530617,-0.14028979591836688,0.010799999999999699,0.08545384549057977,-0.009000000000000341,-0.15050000000000097
172.8,CLIMB,COOLING_DEGRADATION,1.0,5985.44,88.91,598.68,5.103,65.73,19.372,25.517,1.558,24.525,16.218,5972.936880822857,79.31661457142857,596.4022040816326,5.113423440053539,58.74496212244898,19.33441632653061,25.512,1.5304136880822858,24.6,16.339999999999996,12.503119177142253,9.593385428571423,2.27779591836736,-0.010423440053539679,6.985037877551022,0.0375836734693884,0.004999999999999005,0.027586311917714212,-0.07500000000000284,-0.12199999999999633
172.9,CLIMB,COOLING_DEGRADATION,1.0,5982.28,88.95,596.02,5.08,66.34,19.156,25.369,1.597,24.565,16.407,5972.452122622645,79.31525528571429,596.3712448979591,5.113203538848474,58.73947334693877,19.332379591836734,25.5118,1.5302852122622648,24.6,16.3385,9.827877377354525,9.634744714285716,-0.3512448979590772,-0.03320353884847371,7.60052665306123,-0.17637959183673502,-0.14280000000000115,0.0667147877377352,-0.03500000000000014,0.06850000000000023
173.0,CLIMB,COOLING_DEGRADATION,1.0,5969.77,89.03,598.08,5.069,64.93,19.398,25.447,1.498,24.57,16.601,5971.896779266972,79.3134407142857,596.3703265306121,5.112982399983904,58.728029795918374,19.330906122448976,25.5116,1.5302296779266973,24.6,16.337,-2.1267792669714254,9.716559285714297,1.7096734693878943,-0.04398239998390441,6.201970204081633,0.0670938775510237,-0.06460000000000221,-0.03222967792669729,-0.030000000000001137,0.26399999999999935
173.1,CLIMB,COOLING_DEGRADATION,1.0,5980.52,89.65,596.41,5.119,65.77,19.181,25.463,1.542,24.6,16.267,5971.847677179429,79.31315314285713,596.3464081632653,5.112988464497136,58.72272824489796,19.330832653061222,25.5116,1.530144767717943,24.6,16.337,8.672322820571026,10.336846857142874,0.06359183673464486,0.006011535502863374,7.047271755102038,-0.14983265306122107,-0.04860000000000042,0.011855232282057093,0.0,-0.07000000000000028
173.2,CLIMB,COOLING_DEGRADATION,1.0,5979.92,89.23,598.79,5.122,65.45,19.488,25.399,1.517,24.594,16.439,5971.292350031478,79.31133857142856,596.3454897959184,5.1127673178651865,58.71128469387755,19.329359183673468,25.5114,1.5300892350031479,24.6,16.3355,8.627649968521837,9.91866142857144,2.4445102040815527,0.00923268213481343,6.738715306122451,0.15864081632653182,-0.11239999999999739,-0.013089235003147959,-0.006000000000000227,0.10350000000000037
173.3,CLIMB,COOLING_DEGRADATION,1.0,5988.3,89.11,596.56,5.11,65.65,19.453,25.503,1.498,24.54,16.264,5970.767719585371,79.31146499999998,596.3165714285715,5.112526718241771,58.705777142857144,19.327485714285714,25.5112,1.529956771958537,24.6,16.334000000000003,17.532280414628985,9.798535000000015,0.24342857142846697,-0.0025267182417705314,6.9442228571428615,0.12551428571428502,-0.008199999999998653,-0.03195677195853697,-0.060000000000002274,-0.07000000000000384
173.4,CLIMB,COOLING_DEGRADATION,1.0,5975.93,87.86,596.1,5.127,66.07,19.254,25.589,1.506,24.665,16.289,5970.252301773061,79.31076471428571,596.313612244898,5.112292809293253,58.69995236734695,19.325848979591832,25.511,1.529905230177306,24.6,16.3325,5.677698226939356,8.549235285714289,-0.21361224489794495,0.014707190706746864,7.370047632653041,-0.0718489795918309,0.0779999999999994,-0.023905230177305947,0.06499999999999773,-0.043499999999998096
173.5,CLIMB,COOLING_DEGRADATION,1.0,5973.99,89.75,595.66,5.074,65.84,19.446,25.447,1.575,24.599,16.205,5969.72768520947,79.30829114285714,596.284693877551,5.112085635708506,58.68884481632653,19.323975510204082,25.5108,1.529772768520947,24.6,16.331000000000003,4.262314790529672,10.441708857142856,-0.6246938775510671,-0.03808563570850598,7.151155183673474,0.12202448979591907,-0.06380000000000052,0.04522723147905294,-0.0010000000000012221,-0.12600000000000477
173.6,CLIMB,COOLING_DEGRADATION,1.0,5975.96,88.85,598.51,5.09,66.22,19.32,25.567,1.547,24.601,16.266,5969.17240000849,79.30907657142858,596.2837755102041,5.111831040502395,58.683001265306125,19.322502040816325,25.5106,1.529717240000849,24.6,16.3295,6.787599991510433,9.540923428571418,2.226224489795868,-0.021831040502394927,7.536998734693874,-0.0025020408163243246,0.056400000000000006,0.017282759999150965,0.0009999999999976694,-0.06350000000000122
173.7,CLIMB,COOLING_DEGRADATION,1.0,5983.47,88.88,597.51,5.121,66.38,19.424,25.512,1.535,24.566,16.289,5969.123313986972,79.306189,596.2598571428572,5.111870523827333,58.67209971428571,19.322428571428567,25.5106,1.5296323313986973,24.6,16.3295,14.346686013028375,9.573810999999992,1.250142857142805,0.009129476172667239,7.707900285714288,0.10157142857143242,0.00140000000000029,0.005367668601302666,-0.03400000000000247,-0.04049999999999798
173.8,CLIMB,COOLING_DEGRADATION,1.0,5976.97,89.7,598.16,5.121,65.29,19.214,25.558,1.555,24.612,16.261,5968.568044994351,79.30697442857144,596.2589387755102,5.111615924241205,58.66625616326531,19.320955102040816,25.5104,1.5295768044994351,24.6,16.328,8.401955005649143,10.393025571428566,1.9010612244898084,0.009384075758795518,6.623743836734697,-0.1069551020408177,0.0475999999999992,0.02542319550056482,0.011999999999996902,-0.06700000000000017
173.9,CLIMB,COOLING_DEGRADATION,1.0,5971.84,89.46,598.78,5.118,66.21,19.326,25.534,1.531,24.543,16.503,5968.043458230857,79.30450085714286,596.2300204081632,5.11140872980703,58.65514861224491,19.319081632653063,25.5102,1.5294443458230857,24.6,16.326500000000003,3.796541769143005,10.155499142857138,2.5499795918367454,0.006591270192970455,7.554851387755086,0.006918367346937515,0.023799999999997823,0.0015556541769141674,-0.05700000000000216,0.17649999999999721
174.0,CLIMB,COOLING_DEGRADATION,1.0,5972.61,89.42,597.17,5.115,65.9,19.334,25.566,1.603,24.589,16.264,5967.528083304491,79.30380057142858,596.2270612244898,5.11117480125407,58.6493238367347,19.317444897959184,25.51,1.529392808330449,24.6,16.325,5.08191669550888,10.11619942857142,0.9429387755101288,0.003825198745929903,7.250676163265304,0.01655510204081523,0.055999999999997385,0.07360719166955088,-0.011000000000002785,-0.06099999999999994
174.1,CLIMB,COOLING_DEGRADATION,1.0,5975.23,88.74,597.68,5.093,65.76,19.338,25.518,1.529,24.647,16.179,5967.0035104248,79.303927,596.1981428571428,5.11093417840482,58.64381628571428,19.31557142857143,25.5098,1.52926035104248,24.6,16.3235,8.226489575199594,9.436072999999993,1.4818571428571659,-0.017934178404820145,7.116183714285725,0.02242857142856991,0.008200000000002206,-0.00026035104248012253,0.046999999999997044,-0.14450000000000074
174.2,CLIMB,COOLING_DEGRADATION,1.0,5974.81,89.95,598.76,5.091,65.44,19.256,25.502,1.504,24.587,16.267,5966.478944546612,79.30145342857143,596.1692244897959,5.11072696570975,58.63270873469388,19.313697959183678,25.5096,1.5291278944546614,24.6,16.322000000000003,8.331055453388217,10.648546571428568,2.590775510204139,-0.019726965709749855,6.8072912653061195,-0.05769795918367748,-0.007600000000000051,-0.025127894454661348,-0.013000000000001677,-0.05500000000000327
174.3,CLIMB,COOLING_DEGRADATION,1.0,5965.8,89.11,597.83,5.104,66.18,19.246,25.474,1.554,24.481,16.258,5966.399213427853,79.30182485714286,596.1733061224489,5.110719032392307,58.62707118367348,19.314024489795923,25.5096,1.5291199213427853,24.6,16.322000000000003,-0.5992134278531012,9.808175142857138,1.6566938775511062,-0.006719032392306978,7.552928816326528,-0.06802448979592413,-0.035599999999998744,0.024880078657214755,-0.11899999999999977,-0.06400000000000361
174.4,CLIMB,COOLING_DEGRADATION,1.0,5981.48,88.99,598.39,5.069,65.92,19.257,25.492,1.502,24.532,16.292,5965.874660495756,79.2993512857143,596.1443877551021,5.110511810950953,58.61596363265306,19.312151020408166,25.5094,1.5289874660495757,24.6,16.320500000000003,15.605339504243602,9.6906487142857,2.2456122448978704,-0.041511810950953354,7.304036367346939,-0.05515102040816444,-0.017399999999998528,-0.026987466049575692,-0.06800000000000139,-0.02850000000000108
174.5,CLIMB,COOLING_DEGRADATION,1.0,5967.28,89.83,597.39,5.137,65.44,19.312,25.527,1.427,24.645,16.32,5965.359318925714,79.29865100000002,596.1414285714286,5.110277866961927,58.61013885714286,19.310514285714284,25.5092,1.5289359318925713,24.6,16.319,1.9206810742853122,10.531348999999977,1.2485714285713811,0.02672213303807247,6.8298611428571405,0.001485714285717421,0.017800000000001148,-0.10193593189257122,0.04499999999999815,0.0010000000000012221
174.6,CLIMB,COOLING_DEGRADATION,1.0,5978.62,89.64,597.5,5.048,65.46,19.326,25.493,1.487,24.585,16.126,5964.834779878531,79.29877742857143,596.1125102040817,5.110037229252831,58.60463130612245,19.308640816326534,25.509,1.528803477987853,24.6,16.317500000000003,13.785220121469138,10.341222571428574,1.3874897959183272,-0.06203722925283106,6.855368693877544,0.01735918367346656,-0.01600000000000179,-0.04180347798785289,-0.015000000000000568,-0.19150000000000134
174.7,CLIMB,COOLING_DEGRADATION,1.0,5967.89,88.99,598.41,5.071,65.52,19.247,25.509,1.552,24.639,16.425,5964.279598284801,79.29696285714286,596.1115918367348,5.109816012678959,58.59318775510204,19.307167346938776,25.5088,1.52874795982848,24.6,16.316,3.6104017151992593,9.693037142857136,2.298408163265208,-0.038816012678958955,6.9268122448979526,-0.060167346938776234,0.00019999999999953388,0.02325204017151994,0.038999999999997925,0.10900000000000176
174.8,CLIMB,COOLING_DEGRADATION,1.0,5968.1,89.28,597.41,5.115,65.86,19.067,25.494,1.492,24.596,16.433,5963.755076095249,79.29708928571429,596.0826734693878,5.109575368921508,58.587680204081636,19.305293877551023,25.5086,1.528615507609525,24.6,16.314500000000002,4.34492390475134,9.982910714285708,1.3273265306121402,0.005424631078492226,7.272319795918364,-0.2382938775510226,-0.0146000000000015,-0.03661550760952492,-0.004000000000001336,0.11849999999999739
174.9,CLIMB,COOLING_DEGRADATION,1.0,5980.61,89.66,599.18,5.096,65.87,19.28,25.453,1.546,24.585,16.486,5963.675375518236,79.29486071428572,596.0867551020408,5.10960082916506,58.57644265306123,19.305620408163268,25.5086,1.5286075375518238,24.6,16.314500000000002,16.93462448176342,10.365139285714278,3.0932448979591527,-0.013600829165059558,7.293557346938776,-0.025620408163266717,-0.05560000000000187,0.01739246244817627,-0.015000000000000568,0.1714999999999982
175.0,CLIMB,COOLING_DEGRADATION,1.0,5964.75,89.36,598.32,5.066,65.49,19.249,25.434,1.501,24.734,16.174,5963.190713592098,79.29350142857142,596.0557959183674,5.109380845634574,58.57095387755102,19.30358367346939,25.5084,1.52847907135921,24.6,16.313,1.559286407901709,10.066498571428582,2.26420408163267,-0.043380845634573895,6.919046122448975,-0.054583673469391414,-0.07440000000000069,-0.027479071359210128,0.13400000000000034,-0.13899999999999935
175.1,CLIMB,COOLING_DEGRADATION,1.0,5972.57,89.3,598.57,5.067,65.78,19.524,25.562,1.567,24.549,16.368,5962.635567594808,79.29168685714286,596.0548775510205,5.109159610111082,58.55951032653062,19.302110204081632,25.5082,1.5284235567594808,24.6,16.311500000000002,9.934432405191728,10.008313142857133,2.5151224489795823,-0.04215961011108149,7.22048967346938,0.22188979591836855,0.05380000000000251,0.03857644324051912,-0.05100000000000193,0.05649999999999622
175.2,CLIMB,COOLING_DEGRADATION,1.0,5965.39,89.75,593.19,5.1,65.42,19.302,25.533,1.479,24.594,16.148,5962.111072238695,79.29181328571427,596.0259591836735,5.108918953626679,58.55400277551021,19.300236734693875,25.508,1.5282911072238696,24.6,16.310000000000002,3.2789277613055674,10.45818671428573,-2.8359591836734808,-0.008918953626679382,6.865997224489789,0.00176326530612414,0.02500000000000213,-0.049291107223869535,-0.006000000000000227,-0.1620000000000026
175.3,CLIMB,COOLING_DEGRADATION,1.0,5973.09,89.2,596.5,5.125,65.87,19.392,25.488,1.5,24.676,16.368,5961.586583885714,79.2919397142857,595.9970408163266,5.1086782950166985,58.5484952244898,19.298363265306122,25.5078,1.5281586583885716,24.6,16.308500000000002,11.503416114285756,9.9080602857143,0.5029591836733971,0.016321704983301544,7.321504775510206,0.09363673469387734,-0.01980000000000004,-0.028158658388571567,0.07599999999999696,0.059499999999996334
175.4,CLIMB,COOLING_DEGRADATION,1.0,5973.45,89.41,597.52,5.104,65.57,19.297,25.441,1.46,24.637,16.426,5961.031470308571,79.29012514285715,595.9961224489797,5.108457045574341,58.537051673469385,19.296889795918364,25.5076,1.528103147030857,24.6,16.307,12.418529691428375,10.119874857142847,1.5238775510202913,-0.004457045574341123,7.032948326530608,0.00011020408163631146,-0.0666000000000011,-0.06810314703085707,0.036999999999999034,0.11899999999999977
175.5,CLIMB,COOLING_DEGRADATION,1.0,5959.03,89.3,594.74,5.094,65.6,19.225,25.51,1.487,24.633,16.251,5960.982432092376,79.28983757142858,595.9722040816328,5.108463076414039,58.53175012244898,19.29681632653061,25.5076,1.5280182432092377,24.6,16.307,-1.9524320923765117,10.01016242857142,-1.2322040816327444,-0.014463076414038767,7.068249877551011,-0.07181632653060888,0.002400000000001512,-0.04101824320923764,0.0329999999999977,-0.055999999999997385
175.6,CLIMB,COOLING_DEGRADATION,1.0,5968.36,89.54,597.64,5.104,64.86,19.332,25.522,1.568,24.603,16.267,5960.467166770287,79.28653728571429,595.9692448979591,5.108262478907623,58.520325346938776,19.295179591836735,25.5074,1.5279667166770288,24.6,16.305500000000002,7.892833229712778,10.253462714285718,1.6707551020408573,-0.004262478907622658,6.339674653061223,0.03682040816326548,0.014599999999997948,0.04003328332297129,0.0030000000000001137,-0.03850000000000264
175.7,CLIMB,COOLING_DEGRADATION,1.0,5967.43,88.79,595.94,5.123,65.41,19.306,25.521,1.556,24.645,16.27,5959.942705252833,79.28666371428571,595.9403265306122,5.10802180757466,58.514817795918376,19.29330612244898,25.5072,1.5278342705252832,24.6,16.304000000000002,7.4872947471676525,9.503336285714298,-0.0003265306121420508,0.01497819242533982,6.895182204081621,0.012693877551022581,0.013799999999999812,0.02816572947471685,0.04499999999999815,-0.03400000000000247
175.8,CLIMB,COOLING_DEGRADATION,1.0,5973.22,89.95,597.86,5.096,65.3,19.325,25.573,1.442,24.587,16.419,5959.387627273796,79.28744914285714,595.9394081632653,5.107767166619276,58.50897424489796,19.29183265306122,25.507,1.5277787627273798,24.6,16.3025,13.832372726204085,10.662550857142861,1.9205918367347294,-0.01176716661927557,6.791025755102034,0.03316734693877876,0.06599999999999895,-0.08577876272737983,-0.013000000000001677,0.11650000000000205
175.9,CLIMB,COOLING_DEGRADATION,1.0,5966.56,89.11,598.36,5.129,65.47,19.242,25.501,1.526,24.658,16.299,5958.863182616621,79.28497557142856,595.9104897959184,5.107559861813878,58.49786669387755,19.289959183673467,25.5068,1.527646318261662,24.6,16.301000000000002,7.696817383379312,9.825024428571439,2.449510204081662,0.021440138186121338,6.972133306122451,-0.0479591836734663,-0.005799999999997141,-0.0016463182616619498,0.05799999999999983,-0.0020000000000024443
176.0,CLIMB,COOLING_DEGRADATION,1.0,5965.37,89.61,596.95,5.071,65.73,19.549,25.5,1.522,24.641,16.282,5958.308127202743,79.285761,595.9095714285713,5.1073052169089745,58.49202314285714,19.288485714285713,25.5066,1.5275908127202742,24.6,16.299500000000002,7.06187279725691,10.324239000000006,1.0404285714287198,-0.03630521690897481,7.237976857142861,0.2605142857142866,-0.006599999999998829,-0.005590812720274174,0.04099999999999682,-0.017500000000001847
176.1,CLIMB,COOLING_DEGRADATION,1.0,5971.58,88.65,596.93,5.069,65.75,19.374,25.491,1.551,24.44,16.287,5958.298925013747,79.28138771428571,595.8836122448979,5.107365260723633,58.48114036734694,19.288248979591838,25.5066,1.5275098925013748,24.6,16.299500000000002,13.281074986252861,9.368612285714292,1.046387755102046,-0.038365260723632666,7.2688596326530615,0.08575102040816063,-0.01559999999999917,0.023490107498625123,-0.16000000000000014,-0.012500000000002842
176.2,CLIMB,COOLING_DEGRADATION,1.0,5977.32,89.57,595.13,5.043,65.77,19.264,25.48,1.484,24.557,16.311,5957.743882633666,79.28217314285715,595.882693877551,5.107110610034869,58.47529681632653,19.286775510204084,25.5064,1.5274543882633667,24.6,16.298000000000002,19.576117366334074,10.287826857142846,-0.7526938775509961,-0.06411061003486918,7.2947031836734695,-0.022775510204084526,-0.02639999999999887,-0.04345438826336667,-0.043000000000002814,0.012999999999998124
176.3,CLIMB,COOLING_DEGRADATION,1.0,5967.59,89.62,597.74,5.068,65.57,19.169,25.586,1.511,24.626,16.202,5957.21946481445,79.27969957142858,595.8537755102041,5.106903283306503,58.464189265306125,19.284902040816327,25.5062,1.527321946481445,24.6,16.2965,10.37053518555058,10.340300428571425,1.88622448979595,-0.038903283306503056,7.105810734693868,-0.11590204081632649,0.07979999999999876,-0.016321946481445027,0.0259999999999998,-0.09450000000000003
176.4,CLIMB,COOLING_DEGRADATION,1.0,5961.1,89.32,595.23,5.087,65.66,19.031,25.622,1.518,24.565,16.369,5956.664445,79.28048500000001,595.852857142857,5.106648628670197,58.45834571428571,19.283428571428576,25.506,1.5272664445,24.6,16.295,4.435555000000022,10.03951499999998,-0.6228571428570149,-0.0196486286701969,7.201654285714284,-0.25242857142857744,0.11599999999999966,-0.009266444499999915,-0.03500000000000014,0.07399999999999807
176.5,CLIMB,COOLING_DEGRADATION,1.0,5966.76,89.96,599.06,5.021,65.3,19.259,25.514,1.52,24.589,16.217,5956.140044042481,79.28061142857143,595.8239387755102,5.10640793547248,58.452838163265305,19.281555102040816,25.5058,1.5271340044042483,24.6,16.2935,10.619955957518869,10.67938857142856,3.236061224489731,-0.08540793547247993,6.847161836734692,-0.022555102040815456,0.008199999999998653,-0.007134004404248273,-0.011000000000002785,-0.0765000000000029
176.6,CLIMB,COOLING_DEGRADATION,1.0,5957.17,89.15,597.17,5.089,65.69,19.37,25.543,1.474,24.602,16.347,5955.655454767543,79.27665214285716,595.7929795918367,5.106221240237835,58.4417493877551,19.279518367346938,25.5056,1.5270055454767544,24.6,16.292,1.5145452324568396,9.873347857142846,1.3770204081632755,-0.017221240237834223,7.248250612244895,0.09048163265306286,0.0373999999999981,-0.0530055454767544,0.0019999999999988916,0.054999999999999716
176.7,CLIMB,COOLING_DEGRADATION,1.0,5959.35,90.72,597.98,5.088,65.34,19.337,25.485,1.518,24.657,16.429,5955.575845412572,79.27702357142859,595.7970612244898,5.106213294184606,58.436111836734696,19.279844897959183,25.5056,1.5269975845412571,24.6,16.292,3.7741545874287112,11.442976428571413,2.1829387755102516,-0.01821329418460582,6.903888163265307,0.05715510204081653,-0.020600000000001728,-0.008997584541257098,0.05699999999999861,0.1369999999999969
176.8,CLIMB,COOLING_DEGRADATION,1.0,5966.33,89.71,594.85,5.103,65.29,19.269,25.471,1.496,24.645,16.172,5955.051461438172,79.27454999999999,595.7681428571428,5.106005940477965,58.42500428571428,19.27797142857143,25.5054,1.5268651461438172,24.6,16.290499999999998,11.2785385618281,10.435450000000003,-0.9181428571428114,-0.0030059404779656518,6.864995714285726,-0.008971428571431517,-0.03440000000000154,-0.03086514614381719,0.04499999999999815,-0.11849999999999739
176.9,CLIMB,COOLING_DEGRADATION,1.0,5960.03,89.4,598.84,5.083,65.83,19.252,25.532,1.509,24.625,16.244,5954.496487081274,79.27533542857142,595.7672244897959,5.105751275134168,58.41916073469388,19.276497959183676,25.5052,1.5268096487081275,24.6,16.289,5.533512918726046,10.124664571428582,3.07277551020411,-0.022751275134167415,7.410839265306116,-0.0244979591836767,0.02680000000000149,-0.017809648708127623,0.02499999999999858,-0.045000000000001705
177.0,CLIMB,COOLING_DEGRADATION,1.0,5960.89,89.92,596.65,5.062,65.07,19.367,25.461,1.532,24.622,16.409,5953.972119969797,79.27546185714286,595.738306122449,5.105510567101305,58.413653183673475,19.27462448979592,25.505,1.5266772119969796,24.6,16.2875,6.917880030203378,10.644538142857144,0.911693877550988,-0.043510567101304964,6.6563468163265185,0.09237551020408219,-0.04400000000000048,0.00532278800302044,0.021999999999998465,0.1214999999999975
177.1,CLIMB,COOLING_DEGRADATION,1.0,5966.21,89.36,596.92,5.099,65.42,19.296,25.513,1.475,24.68,16.342,5953.456960556866,79.27216157142855,595.7353469387755,5.105309883894371,58.40222840816326,19.272987755102037,25.5048,1.5266256960556865,24.6,16.286,12.753039443134185,10.087838428571445,1.1846530612244806,-0.006309883894370927,7.017771591836741,0.02301224489796283,0.008200000000002206,-0.051625696055686454,0.0799999999999983,0.055999999999997385
177.2,CLIMB,COOLING_DEGRADATION,1.0,5963.41,88.15,598.69,5.101,65.64,19.304,25.52,1.543,24.612,16.423,5952.932607336,79.27228799999999,595.7064285714287,5.105069168502896,58.39672085714285,19.271114285714287,25.5046,1.5264932607336,24.6,16.2845,10.477392664000035,8.877712000000017,2.983571428571395,-0.004069168502896403,7.243279142857148,0.03288571428571174,0.015399999999999636,0.016506739266400006,0.011999999999996902,0.13849999999999696
177.3,CLIMB,COOLING_DEGRADATION,1.0,5960.78,88.87,597.3,5.115,65.37,19.207,25.452,1.468,24.617,16.369,5952.853028526857,79.27005942857144,595.7105102040817,5.1050945554247225,58.38548330612245,19.271440816326532,25.5046,1.5264853028526857,24.6,16.2845,7.9269714731426575,9.599940571428561,1.5894897959182117,0.009905444575277755,6.984516693877552,-0.06444081632653109,-0.052599999999998204,-0.05848530285268572,0.01699999999999946,0.08449999999999847
177.4,CLIMB,COOLING_DEGRADATION,1.0,5959.35,89.29,598.71,5.056,65.44,19.379,25.55,1.379,24.587,16.317,5952.328688257861,79.27018585714286,595.6815918367348,5.104853834682668,58.379975755102045,19.269567346938775,25.5044,1.5263528688257861,24.6,16.283,7.021311742139005,10.019814142857143,3.028408163265226,-0.04885383468266813,7.060024244897953,0.1094326530612264,0.04560000000000031,-0.14735286882578613,-0.013000000000001677,0.03399999999999892
177.5,CLIMB,COOLING_DEGRADATION,1.0,5959.51,89.89,596.72,5.043,65.78,19.361,25.536,1.6,24.659,16.233,5951.77377206947,79.2683712857143,595.6806734693878,5.104632488713849,58.36853220408163,19.26809387755102,25.5042,1.526297377206947,24.6,16.2815,7.736227930529822,10.621628714285706,1.039326530612243,-0.06163248871384841,7.4114677959183695,0.09290612244898,0.031800000000000495,0.07370262279305306,0.0589999999999975,-0.048500000000000654
177.6,CLIMB,COOLING_DEGRADATION,1.0,5970.55,89.42,598.39,5.084,65.69,19.148,25.409,1.523,24.696,16.257,5951.289228946286,79.267012,595.6497142857144,5.104412401063865,58.36304342857144,19.266057142857147,25.504,1.5261689228946287,24.6,16.28,19.260771053714052,10.152988000000008,2.740285714285619,-0.020412401063865104,7.3269565714285605,-0.11805714285714686,-0.09500000000000242,-0.0031689228946287784,0.09600000000000009,-0.022999999999999687
177.7,CLIMB,COOLING_DEGRADATION,1.0,5953.89,89.36,598.95,5.092,65.59,19.407,25.518,1.523,24.578,16.361,5950.764909575412,79.26713842857143,595.6207959183674,5.1041716708443206,58.35753587755103,19.26418367346939,25.5038,1.5260364909575412,24.6,16.2785,3.125090424588052,10.092861571428571,3.3292040816326107,-0.012171670844320914,7.232464122448974,0.14281632653061038,0.014200000000002433,-0.003036490957541327,-0.022000000000002018,0.08249999999999957
177.8,CLIMB,COOLING_DEGRADATION,1.0,5959.44,88.71,597.97,5.097,65.43,19.242,25.451,1.539,24.567,16.277,5950.210022635102,79.26532385714285,595.6198775510204,5.103950309785444,58.346092326530616,19.262710204081635,25.5036,1.5259810022635103,24.6,16.277,9.229977364897422,9.444676142857148,2.3501224489796186,-0.006950309785443309,7.08390767346939,-0.020710204081634487,-0.052599999999998204,0.013018997736489624,-0.03300000000000125,0.0
177.9,CLIMB,COOLING_DEGRADATION,1.0,5962.6,88.96,595.52,5.082,65.19,19.406,25.563,1.512,24.553,16.262,5950.1610485403435,79.26503628571427,595.5959591836735,5.103956307339916,58.3407907755102,19.262636734693878,25.5036,1.5258961048540343,24.6,16.277,12.438951459656892,9.69496371428572,-0.07595918367348986,-0.021956307339916492,6.8492092244897975,0.14336326530612098,0.05940000000000012,-0.013896104854034252,-0.0470000000000006,-0.015000000000000568
178.0,CLIMB,COOLING_DEGRADATION,1.0,5950.72,88.56,599.33,5.11,66.03,19.35,25.535,1.515,24.525,16.357,5949.606177813029,79.26322171428572,595.5950408163266,5.103734938536931,58.329347224489794,19.26116326530612,25.5034,1.5258406177813029,24.6,16.2755,1.113822186971447,9.296778285714282,3.7349591836734817,0.006265061463069266,7.700652775510207,0.08883673469388143,0.03160000000000096,-0.010840617781302964,-0.07500000000000284,0.08149999999999835
178.1,CLIMB,COOLING_DEGRADATION,1.0,5961.75,89.19,596.17,5.078,65.52,19.495,25.526,1.523,24.62,16.305,5949.1216564457145,79.26186242857142,595.564081632653,5.103514831352216,58.32385844897959,19.259126530612242,25.5032,1.5257121656445716,24.6,16.274,12.628343554285493,9.928137571428579,0.6059183673469306,-0.025514831352215772,7.196141551020403,0.23587346938775866,0.022800000000000153,-0.0027121656445716624,0.019999999999999574,0.030999999999998806
178.2,CLIMB,COOLING_DEGRADATION,1.0,5962.71,89.37,597.34,5.123,65.55,19.248,25.557,1.59,24.607,16.275,5948.56680510898,79.26264785714287,595.5631632653061,5.103260139401357,58.318014897959195,19.25765306122449,25.503,1.525656680510898,24.6,16.2725,14.143194891020357,10.107352142857138,1.7768367346939158,0.01973986059864341,7.231985102040802,-0.0096530612244905,0.053999999999998494,0.0643433194891021,0.006999999999997897,0.0024999999999977263
178.3,CLIMB,COOLING_DEGRADATION,1.0,5959.0,90.74,596.2,5.059,65.84,19.268,25.461,1.604,24.627,16.262,5948.042529449534,79.2601742857143,595.5342448979592,5.103052702420465,58.30690734693878,19.255779591836735,25.5028,1.5255242529449533,24.6,16.271,10.957470550465587,11.479825714285695,0.6657551020408619,-0.04405270242046466,7.5330926530612246,0.012220408163265972,-0.04180000000000206,0.07847574705504679,0.02699999999999747,-0.009000000000000341
178.4,CLIMB,COOLING_DEGRADATION,1.0,5959.76,89.23,598.67,5.039,65.38,19.036,25.551,1.607,24.605,16.3,5947.487700681012,79.26095971428572,595.5333265306123,5.102798006532144,58.30106379591837,19.25430612244898,25.5026,1.5254687700681013,24.6,16.2695,12.272299318988189,9.969040285714286,3.136673469387688,-0.06379800653214396,7.078936204081629,-0.21830612244897907,0.048399999999997334,0.08153122993189865,0.004999999999999005,0.03049999999999997
178.5,CLIMB,COOLING_DEGRADATION,1.0,5960.87,88.82,595.53,5.059,65.51,19.181,25.587,1.569,24.615,16.202,5947.438742674727,79.25807214285715,595.5094081632653,5.10283730149924,58.29016224489796,19.254232653061226,25.5026,1.5253838742674728,24.6,16.2695,13.431257325272782,9.561927857142848,0.02059183673463849,-0.0438373014992397,7.2198377551020485,-0.0732326530612255,0.0843999999999987,0.043616125732527156,0.014999999999997016,-0.067499999999999
178.6,CLIMB,COOLING_DEGRADATION,1.0,5960.16,89.75,595.72,5.081,64.89,19.326,25.444,1.584,24.631,16.14,5946.923686003984,79.25737185714287,595.5064489795917,5.102603230862559,58.284337469387765,19.252595918367344,25.5024,1.5253323686003983,24.6,16.268,13.236313996016179,10.492628142857129,0.21355102040831753,-0.02160323086255822,6.605662530612236,0.07340408163265622,-0.05840000000000245,0.05866763139960174,0.030999999999998806,-0.1280000000000001
178.7,CLIMB,COOLING_DEGRADATION,1.0,5956.41,89.1,598.25,5.085,65.2,19.262,25.412,1.617,24.646,16.276,5946.39943719236,79.25489828571429,595.4775306122449,5.102395771981608,58.27322991836735,19.25072244897959,25.5022,1.525199943719236,24.6,16.2665,10.010562807639872,9.845101714285704,2.772469387755109,-0.01739577198160802,6.926770081632654,0.011277551020409504,-0.09019999999999939,0.09180005628076393,0.045999999999999375,0.009499999999999176
178.8,CLIMB,COOLING_DEGRADATION,1.0,5948.16,89.44,596.67,5.112,65.24,19.243,25.582,1.568,24.525,16.4,5945.844644028735,79.25568371428572,595.476612244898,5.102141066382824,58.267386367346944,19.249248979591833,25.502,1.5251444644028738,24.6,16.265,2.31535597126458,10.184316285714274,1.1933877551019805,0.009858933617175936,6.972613632653051,-0.006248979591834569,0.08000000000000185,0.04285553559712629,-0.07500000000000284,0.134999999999998
178.9,CLIMB,COOLING_DEGRADATION,1.0,5953.33,89.2,597.04,5.112,65.25,19.211,25.567,1.615,24.644,16.143,5945.320412084572,79.25581014285714,595.4476938775509,5.101900301635947,58.26187881632653,19.24737551020408,25.5018,1.5250120412084571,24.6,16.2635,8.009587915427801,9.94418985714286,1.5923061224490311,0.010099698364053111,6.988121183673471,-0.03637551020408125,0.06520000000000081,0.08998795879154287,0.04399999999999693,-0.12049999999999983
179.0,CLIMB,COOLING_DEGRADATION,1.0,5960.4,90.36,597.73,5.081,64.96,19.271,25.468,1.529,24.568,16.36,5944.835930936163,79.25185085714286,595.4167346938775,5.101713450302912,58.250790040816334,19.245338775510206,25.5016,1.5248835930936162,24.6,16.262,15.564069063836541,11.108149142857144,2.313265306122503,-0.020713450302911163,6.70920995918366,0.02566122448979513,-0.03359999999999985,0.004116406906383707,-0.03200000000000003,0.09799999999999898
179.1,CLIMB,COOLING_DEGRADATION,1.0,5950.21,89.33,593.67,5.113,64.88,19.235,25.467,1.608,24.582,16.286,5944.756443361959,79.25222228571427,595.4208163265306,5.101705491591622,58.24515248979592,19.24566530612245,25.5016,1.524875644336196,24.6,16.262,5.453556638040936,10.07777771428573,-1.7508163265306393,0.011294508408378867,6.634847510204075,-0.010665306122451312,-0.034600000000001074,0.08312435566380416,-0.018000000000000682,0.02400000000000091
179.2,CLIMB,COOLING_DEGRADATION,1.0,5949.31,89.74,597.76,5.119,65.51,19.346,25.582,1.481,24.599,16.272,5944.232228408571,79.24974871428572,595.3918979591838,5.101498005761309,58.23404493877551,19.243791836734694,25.5014,1.5247432228408573,24.6,16.2605,5.077771591429155,10.49025128571428,2.3681020408162112,0.0175019942386907,7.275955061224494,0.10220816326530624,0.08060000000000045,-0.04374322284085719,-0.0010000000000012221,0.011499999999998067
179.3,CLIMB,COOLING_DEGRADATION,1.0,5941.02,89.09,596.22,5.09,65.2,19.204,25.444,1.57,24.542,16.293,5943.677480710172,79.25053414285715,595.3909795918368,5.101243289481243,58.2282013877551,19.242318367346943,25.5012,1.5246877480710173,24.6,16.259,-2.6574807101715123,9.839465857142855,0.8290204081632737,-0.011243289481242869,6.971798612244903,-0.038318367346942495,-0.057200000000001694,0.045312251928982805,-0.05799999999999983,0.03399999999999892
179.4,CLIMB,COOLING_DEGRADATION,1.0,5947.56,89.51,596.9,5.072,65.19,19.136,25.522,1.486,24.662,16.372,5943.153282625471,79.25066057142858,595.3620612244898,5.101002509923685,58.22269383673469,19.240444897959183,25.501,1.5245553282625472,24.6,16.2575,4.406717374529762,10.259339428571423,1.5379387755101561,-0.029002509923684805,6.967306163265306,-0.10444489795918344,0.020999999999997243,-0.03855532826254726,0.06199999999999761,0.1144999999999996
179.5,CLIMB,COOLING_DEGRADATION,1.0,5950.37,89.38,593.03,5.089,65.5,19.19,25.442,1.501,24.596,16.012,5942.638288982204,79.24736028571428,595.3591020408164,5.100801691236201,58.21126906122449,19.238808163265308,25.5008,1.5245038288982204,24.6,16.256,7.731711017795533,10.132639714285716,-2.3291020408164513,-0.011801691236200895,7.288730938775508,-0.04880816326530635,-0.05880000000000152,-0.023503828898220558,-0.004000000000001336,-0.24399999999999977
179.6,CLIMB,COOLING_DEGRADATION,1.0,5950.61,89.12,598.62,5.087,65.11,19.054,25.581,1.494,24.567,16.33,5942.11410479334,79.24748671428571,595.3301836734694,5.100560904330116,58.205761510204084,19.236934693877554,25.5006,1.5243714104793342,24.6,16.2545,8.495895206659952,9.872513285714291,3.2898163265306266,-0.013560904330116585,6.904238489795915,-0.1829346938775558,0.08040000000000092,-0.030371410479334227,-0.03300000000000125,0.07549999999999812
179.7,CLIMB,COOLING_DEGRADATION,1.0,5956.36,89.13,594.68,5.118,65.31,19.307,25.549,1.5,24.614,16.267,5942.0346477690455,79.24525814285714,595.3342653061225,5.10058621803015,58.19452395918367,19.2372612244898,25.5006,1.5243634647769047,24.6,16.2545,14.325352230954195,9.884741857142856,-0.654265306122511,0.017413781969850106,7.115476040816333,0.06973877551019925,0.04840000000000089,-0.024363464776904653,0.013999999999999346,0.01249999999999929
179.8,CLIMB,COOLING_DEGRADATION,1.0,5946.3,89.4,594.0,5.073,64.98,19.178,25.585,1.566,24.595,16.024,5941.510476536686,79.24538457142856,595.3053469387755,5.100345425782811,58.18901640816326,19.235387755102042,25.5004,1.5242310476536687,24.6,16.253,4.789523463314254,10.154615428571447,-1.3053469387755285,-0.027345425782810295,6.790983591836742,-0.05738775510204164,0.08460000000000178,0.04176895234633138,-0.005000000000002558,-0.2289999999999992
179.9,CLIMB,COOLING_DEGRADATION,1.0,5951.13,89.51,596.5,5.099,64.58,19.129,25.458,1.523,24.605,16.32,5940.955787015315,79.24357,595.3044285714286,5.1001239683287345,58.17757285714286,19.23391428571429,25.5002,1.5241755787015314,24.6,16.2515,10.174212984685255,10.26643,1.1955714285713839,-0.0011239683287342928,6.402427142857135,-0.1049142857142904,-0.042200000000001125,-0.00117557870153151,0.004999999999999005,0.06850000000000023
180.0,CLIMB,COOLING_DEGRADATION,1.0,5955.83,89.34,593.95,5.079,65.21,19.136,25.532,1.606,24.642,16.259,5940.471352040817,79.2422107142857,595.2734693877551,5.099903785208225,58.17208408163266,19.231877551020407,25.5,1.5240471352040816,24.6,16.25,15.358647959183145,10.097789285714299,-1.3234693877550399,-0.020903785208225223,7.037915918367332,-0.09587755102040774,0.03200000000000003,0.08195286479591846,0.04199999999999804,0.009000000000000341
