timestamp_s,mission_phase,throttle_pct,engine_load_pct,altitude_ft,ambient_temperature_c,ambient_pressure_kpa,air_density_kg_m3,true_rpm,true_cht_c,true_egt_c,true_oil_pressure_bar,true_oil_temperature_c,true_fuel_flow_lph,true_injection_timing_deg,true_vibration_mm_s,true_battery_voltage_v,true_alternator_current_a,rpm,cht_c,egt_c,oil_pressure_bar,oil_temperature_c,fuel_flow_lph,injection_timing_deg,vibration_mm_s,battery_voltage_v,alternator_current_a,fault_type,fault_severity,cooling_health,injector_health,lubrication_health,mechanical_health,misfire_severity,sensor_drift_cht_c,sensor_drift_egt_c,sensor_drift_oil_pressure_bar
0.0,TAKEOFF,85.0,60.25,0.0,30.0,101.325,1.1644,2701.04,80.0,402.66,3.384,69.99,20.809,25.7,1.252,24.324,16.578,2695.86,79.57,403.53,3.356,70.25,20.822,25.658,1.233,24.278,16.589,INJECTOR_DEGRADATION,0.0,1.0,1.0,1.0,1.0,0.0,0.0,0.0,0.0
0.1,TAKEOFF,85.02,60.26,2.5,30.0,101.316,1.1643,2892.06,80.01,405.28,3.482,69.98,20.813,25.7,1.271,24.347,16.677,2886.93,79.81,405.24,3.472,70.03,20.875,25.741,1.297,24.322,16.744,INJECTOR_DEGRADATION,0.0,1.0,1.0,1.0,1.0,0.0,0.0,0.0,0.0
0.2,TAKEOFF,85.03,60.27,5.0,29.99,101.307,1.1642,3073.57,80.01,407.87,3.575,69.97,20.816,25.701,1.29,24.369,16.772,3062.3,80.65,410.14,3.536,69.99,20.835,25.673,1.244,24.392,16.804,INJECTOR_DEGRADATION,0.0,1.0,1.0,1.0,1.0,0.0,0.0,0.0,0.0
0.3,TAKEOFF,85.05,60.28,7.5,29.98,101.298,1.1641,3246.04,80.01,410.43,3.664,69.96,20.82,25.701,1.307,24.39,16.862,3251.04,80.04,409.66,3.678,69.97,20.613,25.728,1.298,24.367,16.882,INJECTOR_DEGRADATION,0.0,1.0,1.0,1.0,1.0,0.0,0.0,0.0,0.0
0.4,TAKEOFF,85.07,60.29,10.0,29.98,101.288,1.1641,3409.92,80.01,412.95,3.748,69.95,20.823,25.701,1.323,24.409,16.948,3408.46,80.12,410.6,3.765,70.4,20.87,25.706,1.263,24.413,16.903,INJECTOR_DEGRADATION,0.0,1.0,1.0,1.0,1.0,0.0,0.0,0.0,0.0
0.5,TAKEOFF,85.08,60.3,12.5,29.98,101.279,1.164,3565.64,80.01,415.45,3.828,69.94,20.827,25.702,1.339,24.428,17.03,3563.41,80.26,416.93,3.792,70.32,20.879,25.646,1.358,24.426,16.947,INJECTOR_DEGRADATION,0.0,1.0,1.0,1.0,1.0,0.0,0.0,0.0,0.0
0.6,TAKEOFF,85.1,60.31,15.0,29.97,101.27,1.1639,3713.62,80.02,417.92,3.904,69.93,20.83,25.702,1.354,24.446,17.108,3718.6,79.61,419.39,3.926,70.26,21.035,25.706,1.343,24.371,16.957,INJECTOR_DEGRADATION,0.0,1.0,1.0,1.0,1.0,0.0,0.0,0.0,0.0
0.7,TAKEOFF,85.12,60.33,17.5,29.96,101.261,1.1638,3854.23,80.02,420.35,3.976,69.93,20.834,25.702,1.368,24.463,17.182,3846.61,79.99,419.67,3.953,69.81,20.758,25.675,1.398,24.515,17.203,INJECTOR_DEGRADATION,0.0,1.0,1.0,1.0,1.0,0.0,0.0,0.0,0.0
0.8,TAKEOFF,85.13,60.34,20.0,29.96,101.252,1.1637,3987.85,80.02,422.76,4.044,69.92,20.838,25.703,1.381,24.479,17.253,3991.1,80.58,420.88,4.004,70.13,20.966,25.598,1.348,24.461,17.268,INJECTOR_DEGRADATION,0.0,1.0,1.0,1.0,1.0,0.0,0.0,0.0,0.0
0.9,TAKEOFF,85.15,60.35,22.5,29.95,101.243,1.1636,4114.82,80.02,425.13,4.109,69.91,20.841,25.703,1.394,24.494,17.32,4119.34,79.17,428.06,4.104,70.18,20.882,25.691,1.421,24.503,17.199,INJECTOR_DEGRADATION,0.0,1.0,1.0,1.0,1.0,0.0,0.0,0.0,0.0
1.0,TAKEOFF,85.17,60.36,25.0,29.95,101.234,1.1635,4235.48,80.02,427.48,4.171,69.9,20.845,25.703,1.406,24.508,17.384,4244.04,79.45,428.97,4.177,69.83,20.923,25.704,1.387,24.46,17.432,INJECTOR_DEGRADATION,0.0,1.0,1.0,1.0,1.0,0.0,0.0,0.0,0.0
1.1,TAKEOFF,85.18,60.37,27.5,29.95,101.224,1.1635,4350.15,80.02,429.8,4.23,69.89,20.848,25.704,1.418,24.522,17.445,4350.57,79.19,429.77,4.248,70.1,20.863,25.677,1.454,24.492,17.467,INJECTOR_DEGRADATION,0.0,1.0,1.0,1.0,1.0,0.0,0.0,0.0,0.0
1.2,TAKEOFF,85.2,60.38,30.0,29.94,101.215,1.1634,4459.12,80.02,432.08,4.286,69.88,20.852,25.704,1.429,24.535,17.504,4464.42,81.04,433.18,4.257,70.08,20.712,25.732,1.404,24.554,17.374,INJECTOR_DEGRADATION,0.0,1.0,1.0,1.0,1.0,0.0,0.0,0.0,0.0
1.3,TAKEOFF,85.22,60.39,32.5,29.93,101.206,1.1633,4562.68,80.03,434.35,4.339,69.87,20.855,25.704,1.439,24.548,17.559,4559.88,78.93,434.91,4.314,69.57,21.024,25.711,1.475,24.559,17.63,INJECTOR_DEGRADATION,0.0,1.0,1.0,1.0,1.0,0.0,0.0,0.0,0.0
1.4,TAKEOFF,85.23,60.4,35.0,29.93,101.197,1.1632,4661.09,80.03,436.58,4.39,69.86,20.859,25.705,1.449,24.559,17.612,4656.24,80.29,434.59,4.408,69.85,20.844,25.713,1.457,24.551,17.555,INJECTOR_DEGRADATION,0.0,1.0,1.0,1.0,1.0,0.0,0.0,0.0,0.0
1.5,TAKEOFF,85.25,60.41,37.5,29.93,101.188,1.1631,4754.62,80.03,438.78,4.438,69.85,20.863,25.705,1.459,24.571,17.662,4755.75,80.97,440.96,4.43,70.45,20.906,25.668,1.622,24.506,17.76,INJECTOR_DEGRADATION,0.0,1.0,1.0,1.0,1.0,0.0,0.0,0.0,0.0
1.6,TAKEOFF,85.27,60.42,40.0,29.92,101.179,1.163,4843.51,80.03,440.96,4.483,69.84,20.866,25.705,1.468,24.581,17.71,4835.96,79.46,440.72,4.487,69.57,20.863,25.62,1.429,24.602,17.942,INJECTOR_DEGRADATION,0.0,1.0,1.0,1.0,1.0,0.0,0.0,0.0,0.0
1.7,TAKEOFF,85.28,60.43,42.5,29.91,101.17,1.1629,4928.0,80.03,443.12,4.527,69.83,20.87,25.706,1.476,24.591,17.756,4928.21,80.59,441.3,4.458,70.08,20.922,25.74,1.443,24.658,17.7,INJECTOR_DEGRADATION,0.0,1.0,1.0,1.0,1.0,0.0,0.0,0.0,0.0
1.8,TAKEOFF,85.3,60.45,45.0,29.91,101.16,1.1629,5008.29,80.03,445.24,4.568,69.82,20.873,25.706,1.484,24.6,17.795,5004.81,80.01,447.24,4.6,70.07,20.941,25.727,1.493,24.543,17.922,INJECTOR_DEGRADATION,0.0,1.0,1.0,1.0,1.0,0.0,0.0,0.0,0.0
1.9,TAKEOFF,85.32,60.46,47.5,29.91,101.151,1.1628,5084.61,80.03,447.34,4.607,69.81,20.877,25.706,1.492,24.6,17.797,5085.17,79.97,445.97,4.613,69.4,21.008,25.687,1.398,24.609,17.77,INJECTOR_DEGRADATION,0.0,1.0,1.0,1.0,1.0,0.0,0.0,0.0,0.0
2.0,TAKEOFF,85.33,60.47,50.0,29.9,101.142,1.1627,5157.15,80.03,449.41,4.644,69.81,20.88,25.707,1.499,24.6,17.8,5151.6,80.07,451.27,4.643,69.66,20.882,25.749,1.382,24.578,17.835,INJECTOR_DEGRADATION,0.0,1.0,1.0,1.0,1.0,0.0,0.0,0.0,0.0
2.1,TAKEOFF,85.35,60.48,52.5,29.89,101.133,1.1626,5226.1,80.03,451.46,4.68,69.8,20.884,25.707,1.506,24.6,17.802,5223.9,80.27,451.62,4.662,69.76,21.023,25.758,1.478,24.637,17.717,INJECTOR_DEGRADATION,0.0,1.0,1.0,1.0,1.0,0.0,0.0,0.0,0.0
2.2,TAKEOFF,85.37,60.49,55.0,29.89,101.124,1.1625,5291.64,80.03,453.49,4.713,69.79,20.888,25.707,1.513,24.6,17.805,5293.87,80.19,453.83,4.703,69.61,20.985,25.635,1.453,24.579,17.914,INJECTOR_DEGRADATION,0.0,1.0,1.0,1.0,1.0,0.0,0.0,0.0,0.0
2.3,TAKEOFF,85.38,60.5,57.5,29.89,101.115,1.1624,5353.93,80.04,455.48,4.745,69.78,20.891,25.708,1.519,24.6,17.808,5356.91,79.57,453.74,4.755,69.91,21.096,25.802,1.558,24.592,17.714,INJECTOR_DEGRADATION,0.0,1.0,1.0,1.0,1.0,0.0,0.0,0.0,0.0
2.4,TAKEOFF,85.4,60.51,60.0,29.88,101.106,1.1623,5413.15,80.04,457.46,4.776,69.77,20.895,25.708,1.525,24.6,17.81,5420.78,80.63,456.21,4.752,69.49,20.894,25.696,1.552,24.518,17.94,INJECTOR_DEGRADATION,0.0,1.0,1.0,1.0,1.0,0.0,0.0,0.0,0.0
2.5,TAKEOFF,85.42,60.52,62.5,29.88,101.096,1.1623,5469.45,80.04,459.41,4.805,69.76,20.898,25.708,1.531,24.6,17.812,5469.51,79.7,459.22,4.798,69.64,21.016,25.558,1.488,24.646,17.732,INJECTOR_DEGRADATION,0.0,1.0,1.0,1.0,1.0,0.0,0.0,0.0,0.0
2.6,TAKEOFF,85.43,60.53,65.0,29.87,101.087,1.1622,5522.96,80.04,461.33,4.832,69.75,20.902,25.709,1.537,24.6,17.815,5520.13,80.47,463.56,4.812,70.01,20.97,25.691,1.49,24.602,17.867,INJECTOR_DEGRADATION,0.0,1.0,1.0,1.0,1.0,0.0,0.0,0.0,0.0
2.7,TAKEOFF,85.45,60.54,67.5,29.86,101.078,1.1621,5573.84,80.04,463.24,4.858,69.74,20.905,25.709,1.542,24.6,17.818,5575.59,79.02,465.04,4.835,69.87,20.95,25.704,1.563,24.498,17.79,INJECTOR_DEGRADATION,0.0,1.0,1.0,1.0,1.0,0.0,0.0,0.0,0.0
2.8,TAKEOFF,85.47,60.55,70.0,29.86,101.069,1.162,5622.21,80.04,465.12,4.883,69.73,20.909,25.709,1.547,24.6,17.82,5628.69,80.0,467.89,4.86,69.58,20.904,25.702,1.627,24.612,17.808,INJECTOR_DEGRADATION,0.0,1.0,1.0,1.0,1.0,0.0,0.0,0.0,0.0
2.9,TAKEOFF,85.48,60.56,72.5,29.86,101.06,1.1619,5668.2,80.04,466.97,4.907,69.72,20.913,25.71,1.551,24.6,17.822,5673.49,80.65,466.29,4.905,69.59,21.036,25.614,1.537,24.634,17.79,INJECTOR_DEGRADATION,0.0,1.0,1.0,1.0,1.0,0.0,0.0,0.0,0.0
3.0,TAKEOFF,85.5,60.58,75.0,29.85,101.051,1.1618,5711.92,80.04,468.81,4.929,69.71,20.916,25.71,1.556,24.6,17.825,5705.14,80.06,468.14,4.918,69.59,20.937,25.717,1.565,24.554,17.907,INJECTOR_DEGRADATION,0.0,1.0,1.0,1.0,1.0,0.0,0.0,0.0,0.0
3.1,TAKEOFF,85.52,60.59,77.5,29.84,101.042,1.1617,5753.5,80.04,470.62,4.951,69.71,20.92,25.71,1.56,24.6,17.828,5761.82,80.02,471.68,4.885,69.89,20.857,25.693,1.499,24.573,17.837,INJECTOR_DEGRADATION,0.0,1.0,1.0,1.0,1.0,0.0,0.0,0.0,0.0
3.2,TAKEOFF,85.53,60.6,80.0,29.84,101.032,1.1616,5793.03,80.04,472.41,4.971,69.7,20.923,25.711,1.564,24.6,17.83,5795.06,80.03,470.82,4.954,69.98,20.98,25.719,1.5,24.591,17.854,INJECTOR_DEGRADATION,0.0,1.0,1.0,1.0,1.0,0.0,0.0,0.0,0.0
3.3,TAKEOFF,85.55,60.61,82.5,29.84,101.023,1.1616,5830.62,80.04,474.17,4.99,69.69,20.927,25.711,1.568,24.6,17.832,5842.78,80.02,477.58,5.0,69.65,20.999,25.673,1.6,24.579,17.83,INJECTOR_DEGRADATION,0.0,1.0,1.0,1.0,1.0,0.0,0.0,0.0,0.0
3.4,TAKEOFF,85.57,60.62,85.0,29.83,101.014,1.1615,5866.37,80.04,475.92,5.009,69.68,20.93,25.711,1.572,24.6,17.835,5866.79,80.86,475.1,4.996,69.58,21.079,25.741,1.608,24.515,17.958,INJECTOR_DEGRADATION,0.0,1.0,1.0,1.0,1.0,0.0,0.0,0.0,0.0
3.5,TAKEOFF,85.58,60.63,87.5,29.82,101.005,1.1614,5900.37,80.04,477.64,5.026,69.67,20.934,25.712,1.575,24.6,17.837,5897.4,79.89,476.69,4.972,69.45,20.994,25.779,1.566,24.563,17.748,INJECTOR_DEGRADATION,0.0,1.0,1.0,1.0,1.0,0.0,0.0,0.0,0.0
3.6,TAKEOFF,85.6,60.64,90.0,29.82,100.996,1.1613,5932.71,80.04,479.35,5.043,69.66,20.938,25.712,1.578,24.6,17.84,5935.65,81.01,479.4,5.069,69.92,20.825,25.739,1.609,24.663,17.815,INJECTOR_DEGRADATION,0.0,1.0,1.0,1.0,1.0,0.0,0.0,0.0,0.0
3.7,TAKEOFF,85.62,60.65,92.5,29.82,100.987,1.1612,5963.46,80.04,481.03,5.059,69.65,20.941,25.712,1.582,24.6,17.843,5949.57,80.36,479.34,5.051,69.43,21.18,25.683,1.709,24.584,17.833,INJECTOR_DEGRADATION,0.0,1.0,1.0,1.0,1.0,0.0,0.0,0.0,0.0
3.8,TAKEOFF,85.63,60.66,95.0,29.81,100.978,1.1611,5992.72,80.04,482.69,5.074,69.64,20.945,25.713,1.585,24.6,17.845,5995.52,80.01,484.5,5.048,69.44,20.91,25.753,1.58,24.557,17.711,INJECTOR_DEGRADATION,0.0,1.0,1.0,1.0,1.0,0.0,0.0,0.0,0.0
3.9,TAKEOFF,85.65,60.67,97.5,29.8,100.969,1.161,6020.54,80.04,484.33,5.088,69.63,20.948,25.713,1.587,24.6,17.848,6027.44,79.99,484.7,5.062,69.84,20.84,25.713,1.631,24.588,17.827,INJECTOR_DEGRADATION,0.0,1.0,1.0,1.0,1.0,0.0,0.0,0.0,0.0
4.0,TAKEOFF,85.67,60.68,100.0,29.8,100.959,1.161,6047.02,80.04,485.95,5.102,69.62,20.952,25.713,1.59,24.6,17.85,6055.11,79.53,489.22,5.112,69.5,20.758,25.704,1.65,24.59,17.832,INJECTOR_DEGRADATION,0.0,1.0,1.0,1.0,1.0,0.0,0.0,0.0,0.0
4.1,TAKEOFF,85.68,60.69,102.5,29.8,100.95,1.1609,6072.2,80.04,487.55,5.115,69.61,20.955,25.714,1.593,24.6,17.852,6078.77,79.93,487.7,5.131,69.41,21.133,25.666,1.625,24.494,17.894,INJECTOR_DEGRADATION,0.0,1.0,1.0,1.0,1.0,0.0,0.0,0.0,0.0
4.2,TAKEOFF,85.7,60.71,105.0,29.79,100.941,1.1608,6096.17,80.04,489.14,5.127,69.61,20.959,25.714,1.595,24.6,17.855,6089.18,79.55,491.64,5.172,70.06,20.897,25.665,1.657,24.654,17.958,INJECTOR_DEGRADATION,0.0,1.0,1.0,1.0,1.0,0.0,0.0,0.0,0.0
4.3,TAKEOFF,85.72,60.72,107.5,29.79,100.932,1.1607,6118.97,80.04,490.7,5.139,69.6,20.963,25.714,1.598,24.6,17.858,6126.78,80.65,489.37,5.119,69.47,20.892,25.705,1.685,24.652,17.786,INJECTOR_DEGRADATION,0.0,1.0,1.0,1.0,1.0,0.0,0.0,0.0,0.0
4.4,TAKEOFF,85.73,60.73,110.0,29.78,100.923,1.1606,6140.67,80.04,492.24,5.15,69.59,20.966,25.715,1.6,24.6,17.86,6129.88,80.16,494.45,5.166,69.49,21.151,25.669,1.63,24.578,17.977,INJECTOR_DEGRADATION,0.0,1.0,1.0,1.0,1.0,0.0,0.0,0.0,0.0
4.5,TAKEOFF,85.75,60.74,112.5,29.77,100.914,1.1605,6161.32,80.04,493.77,5.161,69.58,20.97,25.715,1.602,24.6,17.863,6151.8,79.72,490.75,5.179,69.96,21.133,25.748,1.703,24.634,17.83,INJECTOR_DEGRADATION,0.0,1.0,1.0,1.0,1.0,0.0,0.0,0.0,0.0
4.6,TAKEOFF,85.77,60.75,115.0,29.77,100.905,1.1604,6180.97,80.04,495.28,5.171,69.57,20.973,25.715,1.604,24.6,17.865,6183.86,79.71,495.3,5.19,69.53,20.954,25.719,1.593,24.56,17.762,INJECTOR_DEGRADATION,0.0,1.0,1.0,1.0,1.0,0.0,0.0,0.0,0.0
4.7,TAKEOFF,85.78,60.76,117.5,29.77,100.896,1.1604,6199.68,80.04,496.76,5.181,69.56,20.977,25.716,1.606,24.6,17.867,6200.59,80.9,496.47,5.139,69.67,20.927,25.699,1.526,24.597,17.921,INJECTOR_DEGRADATION,0.0,1.0,1.0,1.0,1.0,0.0,0.0,0.0,0.0
4.8,TAKEOFF,85.8,60.77,120.0,29.76,100.887,1.1603,6217.49,80.04,498.23,5.19,69.55,20.98,25.716,1.608,24.6,17.87,6218.77,79.95,500.52,5.186,69.46,20.99,25.784,1.669,24.603,17.837,INJECTOR_DEGRADATION,0.0,1.0,1.0,1.0,1.0,0.0,0.0,0.0,0.0
4.9,TAKEOFF,85.82,60.78,122.5,29.75,100.877,1.1602,6234.44,80.04,499.69,5.199,69.54,20.984,25.716,1.61,24.6,17.872,6232.64,80.41,501.59,5.204,69.13,20.825,25.746,1.529,24.632,17.924,INJECTOR_DEGRADATION,0.0,1.0,1.0,1.0,1.0,0.0,0.0,0.0,0.0
5.0,TAKEOFF,85.83,60.79,125.0,29.75,100.868,1.1601,6250.59,80.04,501.12,5.207,69.53,20.988,25.717,1.611,24.6,17.875,6254.35,79.88,501.78,5.226,69.66,21.113,25.642,1.563,24.641,17.931,INJECTOR_DEGRADATION,0.0,1.0,1.0,1.0,1.0,0.0,0.0,0.0,0.0
5.1,TAKEOFF,85.85,60.8,127.5,29.75,100.859,1.16,6265.96,80.04,502.54,5.215,69.52,20.991,25.717,1.613,24.6,17.877,6274.96,80.58,504.38,5.192,69.41,20.816,25.742,1.661,24.596,17.709,INJECTOR_DEGRADATION,0.0,1.0,1.0,1.0,1.0,0.0,0.0,0.0,0.0
5.2,TAKEOFF,85.87,60.81,130.0,29.74,100.85,1.1599,6280.6,80.04,503.94,5.223,69.52,20.995,25.717,1.615,24.6,17.88,6277.96,80.21,503.59,5.219,69.71,20.851,25.745,1.683,24.625,17.984,INJECTOR_DEGRADATION,0.0,1.0,1.0,1.0,1.0,0.0,0.0,0.0,0.0
5.3,TAKEOFF,85.88,60.82,132.5,29.73,100.841,1.1598,6294.55,80.04,505.32,5.23,69.51,20.998,25.718,1.616,24.6,17.883,6300.83,79.81,506.44,5.226,69.33,21.061,25.729,1.598,24.511,17.922,INJECTOR_DEGRADATION,0.0,1.0,1.0,1.0,1.0,0.0,0.0,0.0,0.0
5.4,TAKEOFF,85.9,60.84,135.0,29.73,100.832,1.1598,6307.83,80.04,506.69,5.237,69.5,21.002,25.718,1.617,24.6,17.885,6299.51,80.15,506.73,5.243,69.7,21.089,25.694,1.649,24.618,17.964,INJECTOR_DEGRADATION,0.0,1.0,1.0,1.0,1.0,0.0,0.0,0.0,0.0
5.5,TAKEOFF,85.92,60.85,137.5,29.73,100.823,1.1597,6320.49,80.04,508.04,5.243,69.49,21.005,25.718,1.619,24.6,17.888,6313.74,80.44,507.19,5.279,69.6,21.112,25.656,1.58,24.654,17.76,INJECTOR_DEGRADATION,0.0,1.0,1.0,1.0,1.0,0.0,0.0,0.0,0.0
5.6,TAKEOFF,85.93,60.86,140.0,29.72,100.814,1.1596,6332.55,80.04,509.37,5.25,69.48,21.009,25.719,1.62,24.6,17.89,6332.72,80.2,510.93,5.248,69.33,20.901,25.653,1.581,24.56,17.829,INJECTOR_DEGRADATION,0.0,1.0,1.0,1.0,1.0,0.0,0.0,0.0,0.0
5.7,TAKEOFF,85.95,60.87,142.5,29.71,100.805,1.1595,6344.04,80.04,510.69,5.256,69.47,21.013,25.719,1.621,24.6,17.892,6350.4,80.3,510.06,5.233,70.27,20.931,25.696,1.561,24.64,17.918,INJECTOR_DEGRADATION,0.0,1.0,1.0,1.0,1.0,0.0,0.0,0.0,0.0
5.8,TAKEOFF,85.97,60.88,145.0,29.71,100.795,1.1594,6355.0,80.04,511.99,5.261,69.46,21.016,25.719,1.623,24.6,17.895,6360.65,80.46,512.0,5.239,69.68,21.089,25.656,1.632,24.622,17.926,INJECTOR_DEGRADATION,0.0,1.0,1.0,1.0,1.0,0.0,0.0,0.0,0.0
5.9,TAKEOFF,85.98,60.89,147.5,29.71,100.786,1.1593,6365.45,80.04,513.27,5.267,69.45,21.02,25.72,1.624,24.6,17.898,6358.0,79.56,511.53,5.322,69.86,20.972,25.628,1.686,24.521,17.896,INJECTOR_DEGRADATION,0.0,1.0,1.0,1.0,1.0,0.0,0.0,0.0,0.0
6.0,TAKEOFF,86.0,60.9,150.0,29.7,100.777,1.1593,6375.4,80.04,514.54,5.272,69.44,21.023,25.72,1.625,24.6,17.9,6363.26,79.98,514.8,5.277,69.28,21.072,25.722,1.576,24.691,17.757,INJECTOR_DEGRADATION,0.0,1.0,1.0,1.0,1.0,0.0,0.0,0.0,0.0
6.1,TAKEOFF,86.02,60.91,152.5,29.7,100.768,1.1592,6384.9,80.04,515.8,5.277,69.44,21.027,25.72,1.626,24.6,17.902,6385.53,79.72,516.09,5.269,69.45,21.004,25.728,1.659,24.566,17.837,INJECTOR_DEGRADATION,0.0,1.0,1.0,1.0,1.0,0.0,0.0,0.0,0.0
6.2,TAKEOFF,86.03,60.92,155.0,29.69,100.759,1.1591,6393.96,80.04,517.04,5.281,69.43,21.03,25.721,1.627,24.6,17.905,6394.08,80.3,518.0,5.257,69.6,21.003,25.735,1.612,24.659,17.934,INJECTOR_DEGRADATION,0.0,1.0,1.0,1.0,1.0,0.0,0.0,0.0,0.0
6.3,TAKEOFF,86.05,60.93,157.5,29.68,100.75,1.159,6402.61,80.04,518.26,5.286,69.42,21.034,25.721,1.628,24.6,17.907,6394.45,80.03,520.24,5.304,69.25,21.251,25.636,1.558,24.523,17.885,INJECTOR_DEGRADATION,0.0,1.0,1.0,1.0,1.0,0.0,0.0,0.0,0.0
6.4,TAKEOFF,86.07,60.94,160.0,29.68,100.741,1.1589,6410.85,80.04,519.47,5.29,69.41,21.038,25.721,1.629,24.6,17.91,6415.14,80.24,520.65,5.265,69.68,21.052,25.625,1.661,24.537,17.847,INJECTOR_DEGRADATION,0.0,1.0,1.0,1.0,1.0,0.0,0.0,0.0,0.0
6.5,TAKEOFF,86.08,60.95,162.5,29.68,100.732,1.1588,6418.72,80.04,520.67,5.294,69.4,21.041,25.722,1.63,24.6,17.913,6426.27,80.17,521.67,5.242,69.12,21.071,25.689,1.565,24.599,17.933,INJECTOR_DEGRADATION,0.0,1.0,1.0,1.0,1.0,0.0,0.0,0.0,0.0
6.6,TAKEOFF,86.1,60.96,165.0,29.67,100.723,1.1587,6426.24,80.04,521.85,5.298,69.39,21.045,25.722,1.63,24.6,17.915,6423.2,80.03,524.49,5.26,69.17,20.986,25.737,1.562,24.558,17.992,INJECTOR_DEGRADATION,0.0,1.0,1.0,1.0,1.0,0.0,0.0,0.0,0.0
6.7,TAKEOFF,86.12,60.98,167.5,29.66,100.714,1.1587,6433.41,80.04,523.01,5.302,69.38,21.048,25.722,1.631,24.6,17.918,6434.34,80.4,522.25,5.287,69.24,20.988,25.798,1.669,24.662,17.848,INJECTOR_DEGRADATION,0.0,1.0,1.0,1.0,1.0,0.0,0.0,0.0,0.0
6.8,TAKEOFF,86.13,60.99,170.0,29.66,100.704,1.1586,6440.27,80.04,524.17,5.306,69.37,21.052,25.723,1.632,24.6,17.92,6443.99,79.63,525.12,5.27,69.84,21.008,25.745,1.654,24.563,17.744,INJECTOR_DEGRADATION,0.0,1.0,1.0,1.0,1.0,0.0,0.0,0.0,0.0
6.9,TAKEOFF,86.15,61.0,172.5,29.66,100.695,1.1585,6446.81,80.04,525.3,5.309,69.36,21.056,25.723,1.633,24.6,17.922,6440.61,80.24,523.54,5.301,69.36,21.077,25.733,1.644,24.6,17.816,INJECTOR_DEGRADATION,0.0,1.0,1.0,1.0,1.0,0.0,0.0,0.0,0.0
7.0,TAKEOFF,86.17,61.01,175.0,29.65,100.686,1.1584,6453.07,80.04,526.43,5.312,69.36,21.059,25.723,1.633,24.6,17.925,6445.39,79.27,530.04,5.27,69.36,20.985,25.793,1.651,24.554,17.943,INJECTOR_DEGRADATION,0.0,1.0,1.0,1.0,1.0,0.0,0.0,0.0,0.0
7.1,TAKEOFF,86.18,61.02,177.5,29.64,100.677,1.1583,6459.05,80.04,527.54,5.316,69.35,21.063,25.724,1.634,24.6,17.928,6451.22,79.97,528.74,5.274,69.28,21.071,25.773,1.737,24.626,17.804,INJECTOR_DEGRADATION,0.0,1.0,1.0,1.0,1.0,0.0,0.0,0.0,0.0
7.2,TAKEOFF,86.2,61.03,180.0,29.64,100.668,1.1582,6464.77,80.04,528.64,5.319,69.34,21.066,25.724,1.635,24.6,17.93,6464.42,79.5,529.53,5.301,69.76,20.97,25.708,1.623,24.627,18.169,INJECTOR_DEGRADATION,0.0,1.0,1.0,1.0,1.0,0.0,0.0,0.0,0.0
7.3,TAKEOFF,86.22,61.04,182.5,29.64,100.659,1.1581,6470.24,80.04,529.72,5.321,69.33,21.07,25.724,1.635,24.6,17.932,6470.24,79.47,530.15,5.318,69.1,21.053,25.744,1.692,24.634,18.015,INJECTOR_DEGRADATION,0.0,1.0,1.0,1.0,1.0,0.0,0.0,0.0,0.0
7.4,TAKEOFF,86.23,61.05,185.0,29.63,100.65,1.1581,6475.47,80.04,530.79,5.324,69.32,21.073,25.725,1.636,24.6,17.935,6478.55,80.1,533.43,5.339,69.33,20.991,25.756,1.617,24.613,18.068,INJECTOR_DEGRADATION,0.0,1.0,1.0,1.0,1.0,0.0,0.0,0.0,0.0
7.5,TAKEOFF,86.25,61.06,187.5,29.62,100.641,1.158,6480.47,80.04,531.85,5.327,69.31,21.077,25.725,1.637,24.6,17.938,6479.7,79.26,529.82,5.329,69.72,21.004,25.64,1.67,24.584,17.834,INJECTOR_DEGRADATION,0.0,1.0,1.0,1.0,1.0,0.0,0.0,0.0,0.0
7.6,TAKEOFF,86.27,61.07,190.0,29.62,100.632,1.1579,6485.27,80.04,532.9,5.329,69.3,21.081,25.725,1.637,24.6,17.94,6484.34,79.82,534.13,5.351,69.39,21.159,25.728,1.614,24.579,17.982,INJECTOR_DEGRADATION,0.0,1.0,1.0,1.0,1.0,0.0,0.0,0.0,0.0
7.7,TAKEOFF,86.28,61.08,192.5,29.62,100.623,1.1578,6489.86,80.04,533.93,5.332,69.29,21.084,25.726,1.638,24.6,17.943,6495.24,80.1,531.42,5.308,69.59,21.04,25.675,1.645,24.58,18.123,INJECTOR_DEGRADATION,0.0,1.0,1.0,1.0,1.0,0.0,0.0,0.0,0.0
7.8,TAKEOFF,86.3,61.09,195.0,29.61,100.613,1.1577,6494.25,80.04,534.95,5.334,69.29,21.088,25.726,1.638,24.6,17.945,6500.84,80.25,535.68,5.367,69.37,20.941,25.683,1.625,24.576,17.884,INJECTOR_DEGRADATION,0.0,1.0,1.0,1.0,1.0,0.0,0.0,0.0,0.0
7.9,TAKEOFF,86.32,61.11,197.5,29.61,100.604,1.1576,6498.47,80.04,535.96,5.336,69.28,21.091,25.726,1.639,24.6,17.947,6509.59,80.28,538.41,5.394,69.67,21.202,25.745,1.692,24.68,18.024,INJECTOR_DEGRADATION,0.0,1.0,1.0,1.0,1.0,0.0,0.0,0.0,0.0
8.0,TAKEOFF,86.33,61.12,200.0,29.6,100.595,1.1575,6502.5,80.04,536.96,5.338,69.27,21.095,25.727,1.639,24.6,17.95,6507.15,78.99,536.44,5.313,69.61,21.159,25.7,1.628,24.546,17.958,INJECTOR_DEGRADATION,0.0,1.0,1.0,1.0,1.0,0.0,0.0,0.0,0.0
8.1,TAKEOFF,86.35,61.13,202.5,29.59,100.586,1.1575,6506.38,80.04,537.94,5.341,69.26,21.105,25.732,1.641,24.6,17.953,6515.77,79.71,538.53,5.352,69.47,21.069,25.76,1.662,24.676,18.103,INJECTOR_DEGRADATION,0.003,1.0,0.998,1.0,1.0,0.0,0.0,0.0,0.0
8.2,TAKEOFF,86.37,61.14,205.0,29.59,100.577,1.1574,6510.1,80.04,538.92,5.343,69.25,21.115,25.737,1.643,24.6,17.955,6515.11,80.82,537.29,5.325,69.23,21.084,25.787,1.624,24.56,17.851,INJECTOR_DEGRADATION,0.007,1.0,0.996,1.0,1.0,0.0,0.0,0.0,0.0
8.3,TAKEOFF,86.38,61.15,207.5,29.59,100.568,1.1573,6513.66,80.04,539.89,5.344,69.24,21.125,25.743,1.645,24.6,17.957,6517.83,80.23,539.37,5.312,69.91,20.942,25.76,1.645,24.579,17.903,INJECTOR_DEGRADATION,0.01,1.0,0.994,1.0,1.0,0.0,0.0,0.0,0.0
8.4,TAKEOFF,86.4,61.16,210.0,29.58,100.559,1.1572,6517.09,80.04,540.86,5.346,69.23,21.134,25.748,1.647,24.6,17.96,6516.98,79.58,542.18,5.382,69.71,21.198,25.692,1.698,24.716,17.974,INJECTOR_DEGRADATION,0.013,1.0,0.992,1.0,1.0,0.0,0.0,0.0,0.0
8.5,TAKEOFF,86.42,61.17,212.5,29.57,100.55,1.1571,6520.38,80.04,541.81,5.348,69.22,21.144,25.753,1.649,24.6,17.962,6529.89,80.45,543.89,5.3,69.13,21.346,25.732,1.685,24.64,17.939,INJECTOR_DEGRADATION,0.017,1.0,0.99,1.0,1.0,0.0,0.0,0.0,0.0
8.6,TAKEOFF,86.43,61.18,215.0,29.57,100.541,1.157,6523.54,80.04,542.76,5.35,69.22,21.154,25.759,1.651,24.6,17.965,6520.14,79.91,543.45,5.328,69.38,20.909,25.779,1.67,24.526,18.213,INJECTOR_DEGRADATION,0.02,1.0,0.988,1.0,1.0,0.0,0.0,0.0,0.0
8.7,TAKEOFF,86.45,61.19,217.5,29.57,100.532,1.1569,6526.58,80.04,543.7,5.351,69.21,21.164,25.764,1.653,24.6,17.968,6525.21,80.09,543.55,5.354,68.93,21.199,25.685,1.717,24.571,18.095,INJECTOR_DEGRADATION,0.023,1.0,0.986,1.0,1.0,0.0,0.0,0.0,0.0
8.8,TAKEOFF,86.47,61.2,220.0,29.56,100.523,1.1569,6529.51,80.04,544.64,5.353,69.2,21.174,25.769,1.655,24.6,17.97,6523.85,80.17,542.65,5.389,69.68,21.264,25.8,1.694,24.609,18.004,INJECTOR_DEGRADATION,0.027,1.0,0.984,1.0,1.0,0.0,0.0,0.0,0.0
8.9,TAKEOFF,86.48,61.21,222.5,29.55,100.514,1.1568,6532.32,80.04,545.56,5.354,69.19,21.184,25.775,1.657,24.6,17.973,6536.22,80.53,544.29,5.377,68.7,21.403,25.81,1.746,24.614,18.101,INJECTOR_DEGRADATION,0.03,1.0,0.982,1.0,1.0,0.0,0.0,0.0,0.0
9.0,TAKEOFF,86.5,61.23,225.0,29.55,100.504,1.1567,6535.03,80.04,546.48,5.356,69.18,21.194,25.78,1.659,24.6,17.975,6541.93,81.06,545.6,5.298,68.71,21.264,25.762,1.653,24.713,18.026,INJECTOR_DEGRADATION,0.033,1.0,0.98,1.0,1.0,0.0,0.0,0.0,0.0
9.1,TAKEOFF,86.52,61.24,227.5,29.55,100.495,1.1566,6537.65,80.04,547.39,5.357,69.17,21.204,25.785,1.661,24.6,17.977,6536.34,80.44,548.99,5.307,69.01,21.13,25.776,1.716,24.534,18.068,INJECTOR_DEGRADATION,0.037,1.0,0.978,1.0,1.0,0.0,0.0,0.0,0.0
9.2,TAKEOFF,86.53,61.25,230.0,29.54,100.486,1.1565,6540.17,80.04,548.29,5.359,69.16,21.214,25.791,1.663,24.6,17.98,6536.15,80.13,549.26,5.357,69.18,21.185,25.807,1.731,24.606,17.914,INJECTOR_DEGRADATION,0.04,1.0,0.976,1.0,1.0,0.0,0.0,0.0,0.0
9.3,TAKEOFF,86.55,61.26,232.5,29.54,100.477,1.1564,6542.59,80.04,549.19,5.36,69.15,21.224,25.796,1.665,24.6,17.982,6546.82,79.62,549.11,5.375,69.51,21.25,25.8,1.672,24.67,17.908,INJECTOR_DEGRADATION,0.043,1.0,0.974,1.0,1.0,0.0,0.0,0.0,0.0
9.4,TAKEOFF,86.57,61.27,235.0,29.53,100.468,1.1563,6544.94,80.04,550.08,5.361,69.15,21.234,25.801,1.667,24.6,17.985,6541.21,80.0,549.58,5.396,69.0,21.254,25.727,1.639,24.551,18.033,INJECTOR_DEGRADATION,0.047,1.0,0.972,1.0,1.0,0.0,0.0,0.0,0.0
9.5,TAKEOFF,86.58,61.28,237.5,29.53,100.459,1.1563,6547.2,80.04,550.96,5.363,69.14,21.244,25.807,1.669,24.6,17.987,6545.69,80.05,549.66,5.356,68.58,21.248,25.813,1.659,24.577,18.051,INJECTOR_DEGRADATION,0.05,1.0,0.97,1.0,1.0,0.0,0.0,0.0,0.0
9.6,TAKEOFF,86.6,61.29,240.0,29.52,100.45,1.1562,6549.39,80.04,551.84,5.364,69.13,21.253,25.812,1.671,24.6,17.99,6549.14,80.24,552.38,5.299,68.69,21.434,25.879,1.61,24.556,18.025,INJECTOR_DEGRADATION,0.053,1.0,0.968,1.0,1.0,0.0,0.0,0.0,0.0
9.7,TAKEOFF,86.62,61.3,242.5,29.52,100.441,1.1561,6551.5,80.04,552.7,5.365,69.12,21.263,25.817,1.673,24.6,17.992,6548.99,79.42,551.99,5.346,69.29,21.109,25.792,1.627,24.568,17.932,INJECTOR_DEGRADATION,0.057,1.0,0.966,1.0,1.0,0.0,0.0,0.0,0.0
9.8,TAKEOFF,86.63,61.31,245.0,29.51,100.432,1.156,6553.55,80.04,553.57,5.366,69.11,21.273,25.823,1.675,24.6,17.995,6566.67,80.24,550.44,5.399,68.72,21.315,25.783,1.73,24.514,17.9,INJECTOR_DEGRADATION,0.06,1.0,0.964,1.0,1.0,0.0,0.0,0.0,0.0
9.9,TAKEOFF,86.65,61.32,247.5,29.51,100.423,1.1559,6555.53,80.04,554.42,5.367,69.1,21.283,25.828,1.677,24.6,17.997,6548.86,80.2,555.88,5.348,69.04,21.103,25.902,1.605,24.642,18.095,INJECTOR_DEGRADATION,0.063,1.0,0.962,1.0,1.0,0.0,0.0,0.0,0.0
10.0,TAKEOFF,86.67,61.33,250.0,29.5,100.414,1.1558,6557.44,80.04,555.27,5.368,69.09,21.293,25.833,1.678,24.6,18.0,6550.44,80.07,557.65,5.366,69.23,21.206,25.862,1.708,24.597,17.869,INJECTOR_DEGRADATION,0.067,1.0,0.96,1.0,1.0,0.0,0.0,0.0,0.0
10.1,TAKEOFF,86.68,61.34,252.5,29.5,100.405,1.1557,6559.3,80.04,556.11,5.369,69.08,21.303,25.839,1.68,24.6,18.002,6565.41,79.92,555.69,5.401,68.99,21.322,25.782,1.713,24.613,18.198,INJECTOR_DEGRADATION,0.07,1.0,0.958,1.0,1.0,0.0,0.0,0.0,0.0
10.2,TAKEOFF,86.7,61.36,255.0,29.49,100.396,1.1557,6561.1,80.04,556.95,5.37,69.08,21.313,25.844,1.682,24.6,18.005,6558.94,80.78,556.4,5.395,68.84,21.354,25.836,1.687,24.634,17.978,INJECTOR_DEGRADATION,0.073,1.0,0.956,1.0,1.0,0.0,0.0,0.0,0.0
10.3,TAKEOFF,86.72,61.37,257.5,29.48,100.387,1.1556,6562.85,80.04,557.78,5.371,69.07,21.323,25.849,1.684,24.6,18.008,6551.39,79.86,557.06,5.349,69.57,21.394,25.944,1.601,24.563,18.042,INJECTOR_DEGRADATION,0.077,1.0,0.954,1.0,1.0,0.0,0.0,0.0,0.0
10.4,TAKEOFF,86.73,61.38,260.0,29.48,100.377,1.1555,6564.54,80.04,558.6,5.372,69.06,21.333,25.855,1.686,24.6,18.01,6569.76,80.36,557.71,5.342,69.57,21.2,25.821,1.754,24.593,17.958,INJECTOR_DEGRADATION,0.08,1.0,0.952,1.0,1.0,0.0,0.0,0.0,0.0
10.5,TAKEOFF,86.75,61.39,262.5,29.48,100.368,1.1554,6566.19,80.04,559.42,5.373,69.05,21.343,25.86,1.688,24.6,18.013,6564.82,80.21,558.21,5.364,68.89,21.479,25.903,1.699,24.594,18.073,INJECTOR_DEGRADATION,0.083,1.0,0.95,1.0,1.0,0.0,0.0,0.0,0.0
10.6,TAKEOFF,86.77,61.4,265.0,29.47,100.359,1.1553,6567.8,80.04,560.23,5.374,69.04,21.353,25.865,1.69,24.6,18.015,6566.5,80.68,559.44,5.398,68.65,21.244,25.849,1.611,24.639,18.137,INJECTOR_DEGRADATION,0.087,1.0,0.948,1.0,1.0,0.0,0.0,0.0,0.0
10.7,TAKEOFF,86.78,61.41,267.5,29.46,100.35,1.1552,6569.35,80.04,561.03,5.375,69.03,21.363,25.871,1.691,24.6,18.017,6571.68,80.47,560.26,5.376,69.47,21.372,25.814,1.687,24.645,18.043,INJECTOR_DEGRADATION,0.09,1.0,0.946,1.0,1.0,0.0,0.0,0.0,0.0
10.8,TAKEOFF,86.8,61.42,270.0,29.46,100.341,1.1551,6570.87,80.04,561.83,5.376,69.02,21.373,25.876,1.693,24.6,18.02,6562.6,82.17,562.08,5.384,68.88,21.421,25.88,1.701,24.6,17.889,INJECTOR_DEGRADATION,0.093,1.0,0.944,1.0,1.0,0.0,0.0,0.0,0.0
10.9,TAKEOFF,86.82,61.43,272.5,29.46,100.332,1.1551,6572.35,80.04,562.63,5.376,69.02,21.383,25.881,1.695,24.6,18.023,6569.89,78.9,561.41,5.373,69.07,21.539,25.875,1.74,24.602,18.017,INJECTOR_DEGRADATION,0.097,1.0,0.942,1.0,1.0,0.0,0.0,0.0,0.0
11.0,TAKEOFF,86.83,61.44,275.0,29.45,100.323,1.155,6573.79,80.04,563.41,5.377,69.01,21.393,25.887,1.697,24.6,18.025,6562.83,80.47,567.62,5.371,69.23,21.526,25.91,1.721,24.561,18.052,INJECTOR_DEGRADATION,0.1,1.0,0.94,1.0,1.0,0.0,0.0,0.0,0.0
11.1,TAKEOFF,86.85,61.45,277.5,29.45,100.314,1.1549,6575.2,80.04,564.2,5.378,69.0,21.403,25.892,1.699,24.6,18.027,6573.68,80.09,564.93,5.413,68.77,21.333,25.837,1.794,24.575,17.922,INJECTOR_DEGRADATION,0.103,1.0,0.938,1.0,1.0,0.0,0.0,0.0,0.0
11.2,TAKEOFF,86.87,61.46,280.0,29.44,100.305,1.1548,6576.57,80.04,564.97,5.379,68.99,21.413,25.897,1.701,24.6,18.03,6578.57,80.02,564.63,5.333,68.9,21.365,25.993,1.678,24.624,18.056,INJECTOR_DEGRADATION,0.107,1.0,0.936,1.0,1.0,0.0,0.0,0.0,0.0
11.3,TAKEOFF,86.88,61.47,282.5,29.44,100.296,1.1547,6577.91,80.04,565.74,5.38,68.98,21.423,25.903,1.702,24.6,18.032,6591.85,79.86,565.98,5.379,68.64,21.386,25.869,1.699,24.57,18.01,INJECTOR_DEGRADATION,0.11,1.0,0.934,1.0,1.0,0.0,0.0,0.0,0.0
11.4,TAKEOFF,86.9,61.48,285.0,29.43,100.287,1.1546,6579.21,80.04,566.51,5.38,68.97,21.433,25.908,1.704,24.6,18.035,6577.54,79.55,567.31,5.425,68.61,21.33,25.912,1.755,24.629,18.082,INJECTOR_DEGRADATION,0.113,1.0,0.932,1.0,1.0,0.0,0.0,0.0,0.0
11.5,TAKEOFF,86.92,61.5,287.5,29.43,100.278,1.1546,6580.49,80.04,567.27,5.381,68.96,21.443,25.913,1.706,24.6,18.037,6583.04,80.61,567.45,5.416,69.16,21.302,25.94,1.723,24.582,18.129,INJECTOR_DEGRADATION,0.117,1.0,0.93,1.0,1.0,0.0,0.0,0.0,0.0
11.6,TAKEOFF,86.93,61.51,290.0,29.42,100.269,1.1545,6581.75,80.04,568.02,5.382,68.96,21.453,25.919,1.708,24.6,18.04,6578.21,80.33,566.92,5.435,69.19,21.358,25.868,1.699,24.501,18.129,INJECTOR_DEGRADATION,0.12,1.0,0.928,1.0,1.0,0.0,0.0,0.0,0.0
11.7,TAKEOFF,86.95,61.52,292.5,29.42,100.26,1.1544,6582.97,80.04,568.77,5.382,68.95,21.463,25.924,1.71,24.6,18.042,6586.96,80.16,570.37,5.385,68.87,21.461,25.882,1.628,24.588,18.148,INJECTOR_DEGRADATION,0.123,1.0,0.926,1.0,1.0,0.0,0.0,0.0,0.0
11.8,TAKEOFF,86.97,61.53,295.0,29.41,100.251,1.1543,6584.17,80.04,569.52,5.383,68.94,21.473,25.929,1.711,24.6,18.045,6588.84,80.39,568.14,5.382,68.56,21.476,25.955,1.641,24.612,18.1,INJECTOR_DEGRADATION,0.127,1.0,0.924,1.0,1.0,0.0,0.0,0.0,0.0
11.9,TAKEOFF,86.98,61.54,297.5,29.41,100.242,1.1542,6585.35,80.04,570.26,5.384,68.93,21.483,25.935,1.713,24.6,18.047,6588.87,80.94,569.6,5.385,69.06,21.543,25.871,1.674,24.623,18.025,INJECTOR_DEGRADATION,0.13,1.0,0.922,1.0,1.0,0.0,0.0,0.0,0.0
12.0,TAKEOFF,87.0,61.55,300.0,29.4,100.232,1.1541,6586.51,80.04,570.99,5.384,68.92,21.493,25.94,1.715,24.6,18.05,6582.78,80.79,569.5,5.346,68.58,21.639,25.982,1.793,24.658,17.902,INJECTOR_DEGRADATION,0.133,1.0,0.92,1.0,1.0,0.0,0.0,0.0,0.0
12.1,TAKEOFF,87.02,61.56,302.5,29.4,100.223,1.154,6587.64,80.04,571.72,5.385,68.91,21.503,25.945,1.717,24.6,18.053,6586.08,80.5,571.03,5.424,69.19,21.309,25.97,1.641,24.555,17.87,INJECTOR_DEGRADATION,0.137,1.0,0.918,1.0,1.0,0.0,0.0,0.0,0.0
12.2,TAKEOFF,87.03,61.57,305.0,29.39,100.214,1.154,6588.76,80.04,572.44,5.386,68.9,21.513,25.951,1.719,24.6,18.055,6584.01,81.02,572.64,5.429,68.48,21.569,26.025,1.785,24.696,18.085,INJECTOR_DEGRADATION,0.14,1.0,0.916,1.0,1.0,0.0,0.0,0.0,0.0
12.3,TAKEOFF,87.05,61.58,307.5,29.39,100.205,1.1539,6589.85,80.04,573.16,5.386,68.9,21.523,25.956,1.72,24.6,18.057,6592.42,80.11,570.97,5.383,68.79,21.535,25.859,1.729,24.517,17.924,INJECTOR_DEGRADATION,0.143,1.0,0.914,1.0,1.0,0.0,0.0,0.0,0.0
12.4,TAKEOFF,87.07,61.59,310.0,29.38,100.196,1.1538,6590.93,80.04,573.88,5.387,68.89,21.533,25.961,1.722,24.6,18.06,6581.25,80.7,572.21,5.305,69.16,21.877,25.956,1.729,24.583,18.123,INJECTOR_DEGRADATION,0.147,1.0,0.912,1.0,1.0,0.0,0.0,0.0,0.0
12.5,TAKEOFF,87.08,61.6,312.5,29.38,100.187,1.1537,6591.99,80.04,574.59,5.388,68.88,21.543,25.967,1.724,24.6,18.062,6588.62,79.13,572.82,5.412,69.13,21.497,25.96,1.757,24.607,18.169,INJECTOR_DEGRADATION,0.15,1.0,0.91,1.0,1.0,0.0,0.0,0.0,0.0
12.6,TAKEOFF,87.1,61.61,315.0,29.37,100.178,1.1536,6593.03,80.04,575.29,5.388,68.87,21.553,25.972,1.726,24.6,18.065,6582.47,80.05,573.74,5.371,68.97,21.662,25.96,1.722,24.551,18.044,INJECTOR_DEGRADATION,0.153,1.0,0.908,1.0,1.0,0.0,0.0,0.0,0.0
12.7,TAKEOFF,87.12,61.63,317.5,29.37,100.169,1.1535,6594.06,80.04,575.99,5.389,68.86,21.563,25.977,1.728,24.6,18.067,6588.28,79.48,575.63,5.403,69.12,21.693,26.021,1.809,24.642,17.999,INJECTOR_DEGRADATION,0.157,1.0,0.906,1.0,1.0,0.0,0.0,0.0,0.0
12.8,TAKEOFF,87.13,61.64,320.0,29.36,100.16,1.1534,6595.07,80.04,576.69,5.389,68.85,21.573,25.983,1.729,24.6,18.07,6592.98,80.49,574.75,5.382,68.4,21.539,25.98,1.772,24.608,18.162,INJECTOR_DEGRADATION,0.16,1.0,0.904,1.0,1.0,0.0,0.0,0.0,0.0
12.9,TAKEOFF,87.15,61.65,322.5,29.36,100.151,1.1534,6596.07,80.04,577.38,5.39,68.85,21.583,25.988,1.731,24.6,18.072,6596.62,80.49,576.4,5.339,69.14,21.641,26.0,1.652,24.556,17.915,INJECTOR_DEGRADATION,0.163,1.0,0.902,1.0,1.0,0.0,0.0,0.0,0.0
13.0,TAKEOFF,87.17,61.66,325.0,29.35,100.142,1.1533,6597.05,80.04,578.07,5.391,68.84,21.593,25.993,1.733,24.6,18.075,6594.89,79.74,578.19,5.357,69.13,21.675,26.032,1.719,24.603,18.129,INJECTOR_DEGRADATION,0.167,1.0,0.9,1.0,1.0,0.0,0.0,0.0,0.0
13.1,TAKEOFF,87.18,61.67,327.5,29.35,100.133,1.1532,6598.02,80.04,578.75,5.391,68.83,21.603,25.999,1.735,24.6,18.078,6600.27,80.87,578.83,5.378,68.85,21.639,26.009,1.727,24.549,17.969,INJECTOR_DEGRADATION,0.17,1.0,0.898,1.0,1.0,0.0,0.0,0.0,0.0
13.2,TAKEOFF,87.2,61.68,330.0,29.34,100.124,1.1531,6598.98,80.04,579.43,5.392,68.82,21.613,26.004,1.737,24.6,18.08,6602.73,80.03,579.45,5.408,68.75,21.449,26.066,1.821,24.539,18.047,INJECTOR_DEGRADATION,0.173,1.0,0.896,1.0,1.0,0.0,0.0,0.0,0.0
13.3,TAKEOFF,87.22,61.69,332.5,29.34,100.115,1.153,6599.93,80.04,580.1,5.392,68.81,21.623,26.009,1.738,24.6,18.082,6601.82,79.48,577.55,5.425,68.64,21.66,26.011,1.736,24.613,18.09,INJECTOR_DEGRADATION,0.177,1.0,0.894,1.0,1.0,0.0,0.0,0.0,0.0
13.4,TAKEOFF,87.23,61.7,335.0,29.33,100.106,1.1529,6600.87,80.04,580.77,5.393,68.8,21.633,26.015,1.74,24.6,18.085,6596.72,78.83,579.75,5.405,69.57,21.688,26.023,1.728,24.615,18.134,INJECTOR_DEGRADATION,0.18,1.0,0.892,1.0,1.0,0.0,0.0,0.0,0.0
13.5,TAKEOFF,87.25,61.71,337.5,29.33,100.097,1.1528,6601.8,80.04,581.44,5.393,68.79,21.643,26.02,1.742,24.6,18.087,6605.91,79.73,582.85,5.428,68.89,21.639,25.969,1.731,24.614,17.919,INJECTOR_DEGRADATION,0.183,1.0,0.89,1.0,1.0,0.0,0.0,0.0,0.0
13.6,TAKEOFF,87.27,61.72,340.0,29.32,100.088,1.1528,6602.71,80.04,582.1,5.394,68.79,21.653,26.025,1.744,24.6,18.09,6608.92,79.75,581.89,5.38,68.58,21.627,26.02,1.74,24.581,18.123,INJECTOR_DEGRADATION,0.187,1.0,0.888,1.0,1.0,0.0,0.0,0.0,0.0
13.7,TAKEOFF,87.28,61.73,342.5,29.32,100.079,1.1527,6603.62,80.04,582.75,5.394,68.78,21.663,26.031,1.745,24.6,18.093,6607.61,79.51,582.69,5.396,68.14,21.596,26.14,1.777,24.531,18.098,INJECTOR_DEGRADATION,0.19,1.0,0.886,1.0,1.0,0.0,0.0,0.0,0.0
13.8,TAKEOFF,87.3,61.74,345.0,29.31,100.07,1.1526,6604.52,80.04,583.41,5.395,68.77,21.673,26.036,1.747,24.6,18.095,6616.03,80.63,585.43,5.416,68.59,21.79,26.108,1.773,24.608,18.116,INJECTOR_DEGRADATION,0.193,1.0,0.884,1.0,1.0,0.0,0.0,0.0,0.0
13.9,TAKEOFF,87.32,61.76,347.5,29.31,100.061,1.1525,6605.41,80.04,584.06,5.396,68.76,21.683,26.041,1.749,24.6,18.098,6611.41,79.27,586.09,5.386,69.07,21.642,26.016,1.796,24.627,18.082,INJECTOR_DEGRADATION,0.197,1.0,0.882,1.0,1.0,0.0,0.0,0.0,0.0
14.0,TAKEOFF,87.33,61.77,350.0,29.3,100.052,1.1524,6606.29,80.04,584.7,5.396,68.75,21.693,26.047,1.751,24.6,18.1,6596.26,79.31,582.86,5.386,68.3,21.667,26.1,1.768,24.653,18.245,INJECTOR_DEGRADATION,0.2,1.0,0.88,1.0,1.0,0.0,0.0,0.0,0.0
14.1,TAKEOFF,87.35,61.78,352.5,29.3,100.042,1.1523,6607.17,80.04,585.34,5.397,68.74,21.703,26.052,1.753,24.6,18.102,6610.54,80.14,586.71,5.39,69.28,21.675,26.128,1.847,24.646,17.968,INJECTOR_DEGRADATION,0.203,1.0,0.878,1.0,1.0,0.0,0.0,0.0,0.0
14.2,TAKEOFF,87.37,61.79,355.0,29.29,100.033,1.1523,6608.04,80.04,585.98,5.397,68.74,21.713,26.057,1.754,24.6,18.105,6606.07,79.54,585.54,5.382,68.44,21.752,26.076,1.775,24.564,18.184,INJECTOR_DEGRADATION,0.207,1.0,0.876,1.0,1.0,0.0,0.0,0.0,0.0
14.3,TAKEOFF,87.38,61.8,357.5,29.29,100.024,1.1522,6608.9,80.04,586.61,5.398,68.73,21.723,26.063,1.756,24.6,18.107,6605.64,79.47,586.96,5.368,69.01,21.513,26.076,1.701,24.607,18.148,INJECTOR_DEGRADATION,0.21,1.0,0.874,1.0,1.0,0.0,0.0,0.0,0.0
14.4,TAKEOFF,87.4,61.81,360.0,29.28,100.015,1.1521,6609.75,80.04,587.24,5.398,68.72,21.733,26.068,1.758,24.6,18.11,6596.62,80.79,586.76,5.377,68.27,21.579,26.049,1.72,24.575,18.115,INJECTOR_DEGRADATION,0.213,1.0,0.872,1.0,1.0,0.0,0.0,0.0,0.0
14.5,TAKEOFF,87.42,61.82,362.5,29.28,100.006,1.152,6610.6,80.04,587.87,5.399,68.71,21.743,26.073,1.76,24.6,18.112,6606.84,80.07,588.11,5.405,69.05,21.667,26.091,1.747,24.636,18.372,INJECTOR_DEGRADATION,0.217,1.0,0.87,1.0,1.0,0.0,0.0,0.0,0.0
14.6,TAKEOFF,87.43,61.83,365.0,29.27,99.997,1.1519,6611.44,80.04,588.49,5.399,68.7,21.753,26.079,1.761,24.6,18.115,6608.3,80.47,590.5,5.432,68.34,21.722,26.129,1.735,24.656,18.081,INJECTOR_DEGRADATION,0.22,1.0,0.868,1.0,1.0,0.0,0.0,0.0,0.0
14.7,TAKEOFF,87.45,61.84,367.5,29.27,99.988,1.1518,6612.28,80.04,589.11,5.4,68.69,21.763,26.084,1.763,24.6,18.117,6617.39,80.7,589.52,5.436,69.36,21.619,25.992,1.741,24.57,18.035,INJECTOR_DEGRADATION,0.223,1.0,0.866,1.0,1.0,0.0,0.0,0.0,0.0
14.8,TAKEOFF,87.47,61.85,370.0,29.26,99.979,1.1517,6613.11,80.04,589.73,5.4,68.69,21.773,26.089,1.765,24.6,18.12,6618.44,79.42,589.88,5.357,68.35,21.598,26.049,1.715,24.555,18.11,INJECTOR_DEGRADATION,0.227,1.0,0.864,1.0,1.0,0.0,0.0,0.0,0.0
14.9,TAKEOFF,87.48,61.86,372.5,29.26,99.97,1.1517,6613.93,80.04,590.34,5.401,68.68,21.783,26.095,1.767,24.6,18.122,6612.41,79.32,591.43,5.408,68.35,21.639,26.019,1.746,24.611,18.186,INJECTOR_DEGRADATION,0.23,1.0,0.862,1.0,1.0,0.0,0.0,0.0,0.0
15.0,TAKEOFF,87.5,61.88,375.0,29.25,99.961,1.1516,6614.76,80.04,590.95,5.401,68.67,21.793,26.1,1.768,24.6,18.125,6618.24,79.88,591.22,5.389,68.64,21.783,26.04,1.818,24.589,18.189,INJECTOR_DEGRADATION,0.233,1.0,0.86,1.0,1.0,0.0,0.0,0.0,0.0
15.1,TAKEOFF,87.52,61.89,377.5,29.25,99.952,1.1515,6615.57,80.04,591.55,5.402,68.66,21.803,26.105,1.77,24.6,18.127,6614.43,80.96,590.33,5.454,68.57,21.767,26.154,1.72,24.561,17.91,INJECTOR_DEGRADATION,0.237,1.0,0.858,1.0,1.0,0.0,0.0,0.0,0.0
15.2,TAKEOFF,87.53,61.9,380.0,29.24,99.943,1.1514,6616.38,80.04,592.15,5.402,68.65,21.813,26.111,1.772,24.6,18.13,6616.77,80.26,594.75,5.408,68.58,21.867,26.077,1.801,24.626,18.125,INJECTOR_DEGRADATION,0.24,1.0,0.856,1.0,1.0,0.0,0.0,0.0,0.0
15.3,TAKEOFF,87.55,61.91,382.5,29.24,99.934,1.1513,6617.19,80.04,592.75,5.403,68.64,21.823,26.116,1.774,24.6,18.133,6609.77,79.33,595.83,5.357,68.38,21.778,26.167,1.786,24.616,18.153,INJECTOR_DEGRADATION,0.243,1.0,0.854,1.0,1.0,0.0,0.0,0.0,0.0
15.4,TAKEOFF,87.57,61.92,385.0,29.23,99.925,1.1512,6618.0,80.04,593.35,5.403,68.63,21.833,26.121,1.776,24.6,18.135,6622.53,80.6,593.1,5.394,68.95,21.81,26.189,1.726,24.582,18.323,INJECTOR_DEGRADATION,0.247,1.0,0.852,1.0,1.0,0.0,0.0,0.0,0.0
15.5,TAKEOFF,87.58,61.93,387.5,29.23,99.916,1.1511,6618.8,80.04,593.94,5.403,68.63,21.843,26.127,1.777,24.6,18.137,6619.35,79.29,596.65,5.435,68.47,21.816,26.144,1.733,24.608,18.155,INJECTOR_DEGRADATION,0.25,1.0,0.85,1.0,1.0,0.0,0.0,0.0,0.0
15.6,TAKEOFF,87.6,61.94,390.0,29.22,99.907,1.1511,6619.59,80.04,594.53,5.404,68.62,21.853,26.132,1.779,24.6,18.14,6613.98,80.91,593.54,5.354,68.5,21.792,26.036,1.758,24.633,18.189,INJECTOR_DEGRADATION,0.253,1.0,0.848,1.0,1.0,0.0,0.0,0.0,0.0
15.7,TAKEOFF,87.62,61.95,392.5,29.22,99.898,1.151,6620.39,80.04,595.11,5.404,68.61,21.864,26.137,1.781,24.6,18.142,6615.75,80.73,595.17,5.415,68.47,21.927,26.229,1.725,24.555,18.086,INJECTOR_DEGRADATION,0.257,1.0,0.846,1.0,1.0,0.0,0.0,0.0,0.0
15.8,TAKEOFF,87.63,61.96,395.0,29.21,99.889,1.1509,6621.18,80.04,595.7,5.405,68.6,21.874,26.143,1.783,24.6,18.145,6620.62,80.37,595.34,5.366,69.25,22.014,26.156,1.783,24.52,18.32,INJECTOR_DEGRADATION,0.26,1.0,0.844,1.0,1.0,0.0,0.0,0.0,0.0
15.9,TAKEOFF,87.65,61.97,397.5,29.21,99.88,1.1508,6621.97,80.04,596.28,5.405,68.59,21.884,26.148,1.784,24.6,18.148,6617.2,80.29,595.25,5.394,68.3,22.055,26.126,1.729,24.658,18.106,INJECTOR_DEGRADATION,0.263,1.0,0.842,1.0,1.0,0.0,0.0,0.0,0.0
16.0,TAKEOFF,87.67,61.98,400.0,29.2,99.871,1.1507,6622.75,80.04,596.85,5.406,68.59,21.894,26.153,1.786,24.6,18.15,6613.55,79.93,594.91,5.436,68.38,22.022,26.099,1.767,24.624,18.262,INJECTOR_DEGRADATION,0.267,1.0,0.84,1.0,1.0,0.0,0.0,0.0,0.0
16.1,TAKEOFF,87.68,61.99,402.5,29.2,99.862,1.1506,6623.53,80.04,597.43,5.406,68.58,21.904,26.159,1.788,24.6,18.152,6623.92,80.74,597.17,5.372,68.73,21.747,26.007,1.731,24.583,18.284,INJECTOR_DEGRADATION,0.27,1.0,0.838,1.0,1.0,0.0,0.0,0.0,0.0
16.2,TAKEOFF,87.7,62.0,405.0,29.19,99.853,1.1506,6624.31,80.04,598.0,5.407,68.57,21.914,26.164,1.79,24.6,18.155,6622.01,80.08,595.01,5.386,68.04,21.901,26.124,1.782,24.515,18.281,INJECTOR_DEGRADATION,0.273,1.0,0.836,1.0,1.0,0.0,0.0,0.0,0.0
16.3,TAKEOFF,87.72,62.02,407.5,29.19,99.844,1.1505,6625.09,80.04,598.56,5.407,68.56,21.924,26.169,1.791,24.6,18.157,6626.38,80.06,597.53,5.408,68.54,21.903,26.107,1.828,24.64,18.163,INJECTOR_DEGRADATION,0.277,1.0,0.834,1.0,1.0,0.0,0.0,0.0,0.0
16.4,TAKEOFF,87.73,62.03,410.0,29.18,99.835,1.1504,6625.86,80.04,599.13,5.408,68.55,21.934,26.175,1.793,24.6,18.16,6618.74,79.96,597.91,5.433,68.38,21.769,26.101,1.799,24.546,18.396,INJECTOR_DEGRADATION,0.28,1.0,0.832,1.0,1.0,0.0,0.0,0.0,0.0
16.5,TAKEOFF,87.75,62.04,412.5,29.18,99.826,1.1503,6626.63,80.04,599.69,5.408,68.54,21.944,26.18,1.795,24.6,18.163,6623.73,79.77,599.5,5.444,68.4,21.937,26.205,1.842,24.491,18.235,INJECTOR_DEGRADATION,0.283,1.0,0.83,1.0,1.0,0.0,0.0,0.0,0.0
16.6,TAKEOFF,87.77,62.05,415.0,29.17,99.817,1.1502,6627.4,80.04,600.25,5.409,68.54,21.954,26.185,1.797,24.6,18.165,6627.39,80.31,599.9,5.399,68.75,22.003,26.257,1.859,24.562,18.095,INJECTOR_DEGRADATION,0.287,1.0,0.828,1.0,1.0,0.0,0.0,0.0,0.0
16.7,TAKEOFF,87.78,62.06,417.5,29.17,99.808,1.1501,6628.17,80.04,600.81,5.409,68.53,21.964,26.191,1.798,24.6,18.168,6628.68,80.09,601.57,5.4,68.49,22.046,26.17,1.766,24.657,18.227,INJECTOR_DEGRADATION,0.29,1.0,0.826,1.0,1.0,0.0,0.0,0.0,0.0
16.8,TAKEOFF,87.8,62.07,420.0,29.16,99.799,1.15,6628.94,80.04,601.36,5.41,68.52,21.974,26.196,1.8,24.6,18.17,6629.88,79.83,598.56,5.498,68.2,22.083,26.256,1.79,24.623,18.198,INJECTOR_DEGRADATION,0.293,1.0,0.824,1.0,1.0,0.0,0.0,0.0,0.0
16.9,TAKEOFF,87.82,62.08,422.5,29.16,99.79,1.15,6629.7,80.04,601.91,5.41,68.51,21.984,26.201,1.802,24.6,18.172,6625.93,80.12,599.44,5.421,68.62,22.063,26.183,1.827,24.561,18.276,INJECTOR_DEGRADATION,0.297,1.0,0.822,1.0,1.0,0.0,0.0,0.0,0.0
17.0,TAKEOFF,87.83,62.09,425.0,29.15,99.781,1.1499,6630.46,80.04,602.46,5.411,68.5,21.995,26.207,1.804,24.6,18.175,6632.86,80.11,601.4,5.386,68.37,21.794,26.208,1.797,24.606,18.093,INJECTOR_DEGRADATION,0.3,1.0,0.82,1.0,1.0,0.0,0.0,0.0,0.0
17.1,TAKEOFF,87.85,62.1,427.5,29.15,99.772,1.1498,6631.22,80.04,603.0,5.411,68.49,22.005,26.212,1.806,24.6,18.177,6627.96,78.67,600.85,5.37,68.93,21.895,26.203,1.871,24.61,18.147,INJECTOR_DEGRADATION,0.303,1.0,0.818,1.0,1.0,0.0,0.0,0.0,0.0
17.2,TAKEOFF,87.87,62.11,430.0,29.14,99.763,1.1497,6631.98,80.04,603.55,5.411,68.49,22.015,26.217,1.807,24.6,18.18,6627.19,79.61,602.6,5.443,68.57,22.13,26.263,1.77,24.746,18.1,INJECTOR_DEGRADATION,0.307,1.0,0.816,1.0,1.0,0.0,0.0,0.0,0.0
17.3,TAKEOFF,87.88,62.12,432.5,29.14,99.754,1.1496,6632.74,80.04,604.09,5.412,68.48,22.025,26.223,1.809,24.6,18.182,6631.93,79.72,602.18,5.422,68.21,22.119,26.298,1.782,24.486,18.325,INJECTOR_DEGRADATION,0.31,1.0,0.814,1.0,1.0,0.0,0.0,0.0,0.0
17.4,TAKEOFF,87.9,62.13,435.0,29.13,99.745,1.1495,6633.5,80.04,604.62,5.412,68.47,22.035,26.228,1.811,24.6,18.185,6628.98,78.97,604.83,5.44,68.31,21.93,26.094,1.744,24.62,18.211,INJECTOR_DEGRADATION,0.313,1.0,0.812,1.0,1.0,0.0,0.0,0.0,0.0
17.5,TAKEOFF,87.92,62.15,437.5,29.12,99.736,1.1495,6634.25,80.04,605.16,5.413,68.46,22.045,26.233,1.813,24.6,18.188,6625.44,79.99,604.75,5.445,68.6,22.104,26.288,1.97,24.705,18.204,INJECTOR_DEGRADATION,0.317,1.0,0.81,1.0,1.0,0.0,0.0,0.0,0.0
17.6,TAKEOFF,87.93,62.16,440.0,29.12,99.727,1.1494,6635.01,80.04,605.69,5.413,68.45,22.055,26.239,1.814,24.6,18.19,6632.32,80.05,605.54,5.386,68.46,22.039,26.25,1.819,24.613,18.402,INJECTOR_DEGRADATION,0.32,1.0,0.808,1.0,1.0,0.0,0.0,0.0,0.0
17.7,TAKEOFF,87.95,62.17,442.5,29.12,99.718,1.1493,6635.76,80.04,606.22,5.414,68.44,22.065,26.244,1.816,24.6,18.193,6646.49,79.45,605.55,5.424,68.43,22.078,26.334,1.778,24.63,18.253,INJECTOR_DEGRADATION,0.323,1.0,0.806,1.0,1.0,0.0,0.0,0.0,0.0
17.8,TAKEOFF,87.97,62.18,445.0,29.11,99.709,1.1492,6636.51,80.04,606.75,5.414,68.44,22.075,26.249,1.818,24.6,18.195,6645.3,80.2,607.51,5.392,68.38,22.215,26.196,1.799,24.678,18.379,INJECTOR_DEGRADATION,0.327,1.0,0.804,1.0,1.0,0.0,0.0,0.0,0.0
17.9,TAKEOFF,87.98,62.19,447.5,29.11,99.7,1.1491,6637.26,80.04,607.28,5.415,68.43,22.085,26.255,1.82,24.6,18.197,6635.84,80.9,606.46,5.385,68.09,22.051,26.219,1.883,24.616,18.176,INJECTOR_DEGRADATION,0.33,1.0,0.802,1.0,1.0,0.0,0.0,0.0,0.0
18.0,TAKEOFF,88.0,62.2,450.0,29.1,99.691,1.149,6638.01,80.04,607.8,5.415,68.42,22.096,26.26,1.821,24.6,18.2,6631.91,79.8,605.84,5.436,68.6,22.201,26.272,1.876,24.507,18.221,INJECTOR_DEGRADATION,0.333,1.0,0.8,1.0,1.0,0.0,0.0,0.0,0.0
18.1,TAKEOFF,88.02,62.21,452.5,29.09,99.682,1.1489,6638.76,80.04,608.32,5.416,68.41,22.106,26.265,1.823,24.6,18.203,6642.55,80.15,607.04,5.427,68.92,22.204,26.332,1.763,24.705,18.218,INJECTOR_DEGRADATION,0.337,1.0,0.798,1.0,1.0,0.0,0.0,0.0,0.0
18.2,TAKEOFF,88.03,62.22,455.0,29.09,99.673,1.1489,6639.5,80.04,608.84,5.416,68.4,22.116,26.271,1.825,24.6,18.205,6638.81,80.24,608.32,5.431,68.08,21.98,26.265,1.944,24.627,18.268,INJECTOR_DEGRADATION,0.34,1.0,0.796,1.0,1.0,0.0,0.0,0.0,0.0
18.3,TAKEOFF,88.05,62.23,457.5,29.09,99.664,1.1488,6640.25,80.04,609.35,5.416,68.4,22.126,26.276,1.827,24.6,18.207,6646.17,80.87,610.5,5.433,68.27,21.978,26.205,1.779,24.648,18.293,INJECTOR_DEGRADATION,0.343,1.0,0.794,1.0,1.0,0.0,0.0,0.0,0.0
18.4,TAKEOFF,88.07,62.24,460.0,29.08,99.655,1.1487,6640.99,80.04,609.87,5.417,68.39,22.136,26.281,1.828,24.6,18.21,6641.53,79.86,610.39,5.449,68.89,22.193,26.265,1.914,24.61,18.144,INJECTOR_DEGRADATION,0.347,1.0,0.792,1.0,1.0,0.0,0.0,0.0,0.0
18.5,TAKEOFF,88.08,62.25,462.5,29.07,99.646,1.1486,6641.74,80.04,610.38,5.417,68.38,22.146,26.287,1.83,24.6,18.212,6637.85,80.32,608.13,5.448,68.01,22.185,26.292,1.774,24.613,18.27,INJECTOR_DEGRADATION,0.35,1.0,0.79,1.0,1.0,0.0,0.0,0.0,0.0
18.6,TAKEOFF,88.1,62.27,465.0,29.07,99.637,1.1485,6642.48,80.04,610.89,5.418,68.37,22.156,26.292,1.832,24.6,18.215,6640.21,80.36,610.58,5.44,68.51,22.095,26.322,1.914,24.612,18.401,INJECTOR_DEGRADATION,0.353,1.0,0.788,1.0,1.0,0.0,0.0,0.0,0.0
18.7,TAKEOFF,88.12,62.28,467.5,29.07,99.628,1.1484,6643.23,80.04,611.4,5.418,68.36,22.166,26.297,1.834,24.6,18.218,6645.17,81.05,611.73,5.376,68.0,22.11,26.246,1.814,24.597,18.372,INJECTOR_DEGRADATION,0.357,1.0,0.786,1.0,1.0,0.0,0.0,0.0,0.0
18.8,TAKEOFF,88.13,62.29,470.0,29.06,99.619,1.1483,6643.97,80.04,611.9,5.419,68.35,22.177,26.303,1.835,24.6,18.22,6641.6,79.02,610.98,5.4,68.75,22.243,26.405,1.772,24.64,18.201,INJECTOR_DEGRADATION,0.36,1.0,0.784,1.0,1.0,0.0,0.0,0.0,0.0
18.9,TAKEOFF,88.15,62.3,472.5,29.05,99.61,1.1483,6644.71,80.04,612.41,5.419,68.35,22.187,26.308,1.837,24.6,18.223,6637.88,80.03,611.41,5.336,68.44,22.204,26.308,1.851,24.49,18.29,INJECTOR_DEGRADATION,0.363,1.0,0.782,1.0,1.0,0.0,0.0,0.0,0.0
19.0,TAKEOFF,88.17,62.31,475.0,29.05,99.601,1.1482,6645.45,80.04,612.91,5.42,68.34,22.197,26.313,1.839,24.6,18.225,6654.52,79.75,611.28,5.445,68.14,22.245,26.247,1.846,24.615,18.183,INJECTOR_DEGRADATION,0.367,1.0,0.78,1.0,1.0,0.0,0.0,0.0,0.0
19.1,TAKEOFF,88.18,62.32,477.5,29.05,99.592,1.1481,6646.19,80.04,613.41,5.42,68.33,22.207,26.319,1.841,24.6,18.227,6642.9,80.57,613.12,5.399,68.78,22.168,26.37,1.878,24.572,18.103,INJECTOR_DEGRADATION,0.37,1.0,0.778,1.0,1.0,0.0,0.0,0.0,0.0
19.2,TAKEOFF,88.2,62.33,480.0,29.04,99.583,1.148,6646.93,80.04,613.9,5.42,68.32,22.217,26.324,1.843,24.6,18.23,6645.35,80.14,612.86,5.462,67.99,22.398,26.227,1.883,24.55,18.253,INJECTOR_DEGRADATION,0.373,1.0,0.776,1.0,1.0,0.0,0.0,0.0,0.0
19.3,TAKEOFF,88.22,62.34,482.5,29.04,99.574,1.1479,6647.67,80.04,614.4,5.421,68.31,22.227,26.329,1.844,24.6,18.233,6643.59,80.1,613.17,5.393,68.74,22.127,26.276,1.784,24.619,18.143,INJECTOR_DEGRADATION,0.377,1.0,0.774,1.0,1.0,0.0,0.0,0.0,0.0
19.4,TAKEOFF,88.23,62.35,485.0,29.03,99.565,1.1478,6648.41,80.04,614.89,5.421,68.31,22.237,26.335,1.846,24.6,18.235,6642.69,80.58,616.93,5.405,68.05,22.253,26.379,1.848,24.569,18.175,INJECTOR_DEGRADATION,0.38,1.0,0.772,1.0,1.0,0.0,0.0,0.0,0.0
19.5,TAKEOFF,88.25,62.36,487.5,29.02,99.556,1.1478,6649.15,80.04,615.38,5.422,68.3,22.248,26.34,1.848,24.6,18.237,6648.27,80.7,611.43,5.413,68.61,22.247,26.28,1.851,24.506,18.281,INJECTOR_DEGRADATION,0.383,1.0,0.77,1.0,1.0,0.0,0.0,0.0,0.0
19.6,TAKEOFF,88.27,62.37,490.0,29.02,99.547,1.1477,6649.89,80.04,615.87,5.422,68.29,22.258,26.345,1.85,24.6,18.24,6653.36,79.91,614.4,5.461,68.09,22.23,26.348,1.929,24.654,18.314,INJECTOR_DEGRADATION,0.387,1.0,0.768,1.0,1.0,0.0,0.0,0.0,0.0
19.7,TAKEOFF,88.28,62.38,492.5,29.02,99.538,1.1476,6650.62,80.04,616.36,5.423,68.28,22.268,26.351,1.851,24.6,18.242,6648.58,80.65,619.78,5.461,68.54,22.078,26.334,1.937,24.541,18.413,INJECTOR_DEGRADATION,0.39,1.0,0.766,1.0,1.0,0.0,0.0,0.0,0.0
19.8,TAKEOFF,88.3,62.4,495.0,29.01,99.529,1.1475,6651.36,80.04,616.85,5.423,68.27,22.278,26.356,1.853,24.6,18.245,6653.35,80.32,616.21,5.412,68.23,22.272,26.431,1.839,24.556,18.217,INJECTOR_DEGRADATION,0.393,1.0,0.764,1.0,1.0,0.0,0.0,0.0,0.0
19.9,TAKEOFF,88.32,62.41,497.5,29.0,99.52,1.1474,6652.1,80.04,617.33,5.424,68.27,22.288,26.361,1.855,24.6,18.248,6651.78,79.09,618.31,5.425,68.25,22.226,26.274,1.879,24.529,18.313,INJECTOR_DEGRADATION,0.397,1.0,0.762,1.0,1.0,0.0,0.0,0.0,0.0
20.0,TAKEOFF,88.33,62.42,500.0,29.0,99.511,1.1473,6652.83,80.04,617.81,5.424,68.26,22.298,26.367,1.857,24.6,18.25,6651.11,80.03,620.46,5.403,68.32,22.315,26.293,1.83,24.669,18.204,INJECTOR_DEGRADATION,0.4,1.0,0.76,1.0,1.0,0.0,0.0,0.0,0.0
20.1,TAKEOFF,88.35,62.43,502.5,28.99,99.502,1.1472,6653.57,80.04,618.29,5.425,68.25,22.308,26.372,1.858,24.6,18.253,6653.34,80.88,615.4,5.424,68.6,22.406,26.317,1.822,24.684,18.21,INJECTOR_DEGRADATION,0.403,1.0,0.758,1.0,1.0,0.0,0.0,0.0,0.0
20.2,TAKEOFF,88.37,62.44,505.0,28.99,99.493,1.1472,6654.3,80.04,618.77,5.425,68.24,22.319,26.377,1.86,24.6,18.255,6648.42,79.97,621.02,5.4,68.07,22.206,26.317,1.984,24.586,18.373,INJECTOR_DEGRADATION,0.407,1.0,0.756,1.0,1.0,0.0,0.0,0.0,0.0
20.3,TAKEOFF,88.38,62.45,507.5,28.98,99.484,1.1471,6655.04,80.04,619.25,5.425,68.23,22.329,26.383,1.862,24.6,18.258,6647.66,80.53,623.38,5.432,68.08,22.315,26.364,1.885,24.568,18.267,INJECTOR_DEGRADATION,0.41,1.0,0.754,1.0,1.0,0.0,0.0,0.0,0.0
20.4,TAKEOFF,88.4,62.46,510.0,28.98,99.475,1.147,6655.77,80.04,619.72,5.426,68.23,22.339,26.388,1.864,24.6,18.26,6647.1,79.82,617.79,5.414,68.45,22.367,26.518,1.899,24.622,18.33,INJECTOR_DEGRADATION,0.413,1.0,0.752,1.0,1.0,0.0,0.0,0.0,0.0
20.5,TAKEOFF,88.42,62.47,512.5,28.97,99.466,1.1469,6656.51,80.05,620.2,5.426,68.22,22.349,26.393,1.865,24.6,18.263,6656.9,80.42,620.35,5.42,68.16,22.398,26.361,1.906,24.655,18.236,INJECTOR_DEGRADATION,0.417,1.0,0.75,1.0,1.0,0.0,0.0,0.0,0.0
20.6,TAKEOFF,88.43,62.48,515.0,28.97,99.457,1.1468,6657.24,80.05,620.67,5.427,68.21,22.359,26.399,1.867,24.6,18.265,6651.69,80.51,619.51,5.487,68.62,22.451,26.366,1.859,24.644,18.245,INJECTOR_DEGRADATION,0.42,1.0,0.748,1.0,1.0,0.0,0.0,0.0,0.0
20.7,TAKEOFF,88.45,62.49,517.5,28.96,99.448,1.1467,6657.98,80.05,621.14,5.427,68.2,22.369,26.404,1.869,24.6,18.268,6663.48,78.98,623.94,5.404,67.75,22.25,26.387,1.914,24.58,18.234,INJECTOR_DEGRADATION,0.423,1.0,0.746,1.0,1.0,0.0,0.0,0.0,0.0
20.8,TAKEOFF,88.47,62.5,520.0,28.96,99.439,1.1467,6658.71,80.05,621.61,5.428,68.19,22.38,26.409,1.871,24.6,18.27,6658.21,79.63,623.37,5.458,68.24,22.498,26.407,1.88,24.631,18.422,INJECTOR_DEGRADATION,0.427,1.0,0.744,1.0,1.0,0.0,0.0,0.0,0.0
20.9,TAKEOFF,88.48,62.51,522.5,28.95,99.43,1.1466,6659.44,80.05,622.07,5.428,68.18,22.39,26.415,1.872,24.6,18.273,6662.33,79.79,623.78,5.454,68.2,22.399,26.363,1.871,24.664,18.379,INJECTOR_DEGRADATION,0.43,1.0,0.742,1.0,1.0,0.0,0.0,0.0,0.0
21.0,TAKEOFF,88.5,62.52,525.0,28.95,99.421,1.1465,6660.18,80.05,622.54,5.429,68.18,22.4,26.42,1.874,24.6,18.275,6659.16,79.37,624.54,5.437,68.31,22.379,26.39,1.813,24.598,18.329,INJECTOR_DEGRADATION,0.433,1.0,0.74,1.0,1.0,0.0,0.0,0.0,0.0
21.1,TAKEOFF,88.52,62.54,527.5,28.95,99.412,1.1464,6660.91,80.05,623.0,5.429,68.17,22.41,26.425,1.876,24.6,18.277,6658.94,80.34,623.05,5.469,68.12,22.263,26.356,1.883,24.625,18.309,INJECTOR_DEGRADATION,0.437,1.0,0.738,1.0,1.0,0.0,0.0,0.0,0.0
21.2,TAKEOFF,88.53,62.55,530.0,28.94,99.403,1.1463,6661.64,80.05,623.46,5.429,68.16,22.42,26.431,1.878,24.6,18.28,6659.4,79.72,625.14,5.417,68.17,22.632,26.398,1.987,24.616,18.268,INJECTOR_DEGRADATION,0.44,1.0,0.736,1.0,1.0,0.0,0.0,0.0,0.0
21.3,TAKEOFF,88.55,62.56,532.5,28.93,99.394,1.1462,6662.38,80.05,623.92,5.43,68.15,22.431,26.436,1.879,24.6,18.282,6661.22,80.1,624.69,5.394,67.89,22.476,26.47,1.912,24.601,18.323,INJECTOR_DEGRADATION,0.443,1.0,0.734,1.0,1.0,0.0,0.0,0.0,0.0
21.4,TAKEOFF,88.57,62.57,535.0,28.93,99.385,1.1461,6663.11,80.05,624.38,5.43,68.14,22.441,26.441,1.881,24.6,18.285,6670.07,79.23,622.76,5.391,68.17,22.479,26.507,1.848,24.556,18.448,INJECTOR_DEGRADATION,0.447,1.0,0.732,1.0,1.0,0.0,0.0,0.0,0.0
21.5,TAKEOFF,88.58,62.58,537.5,28.92,99.376,1.1461,6663.84,80.05,624.84,5.431,68.14,22.451,26.447,1.883,24.6,18.288,6668.54,79.97,626.74,5.46,68.52,22.646,26.494,1.895,24.614,18.2,INJECTOR_DEGRADATION,0.45,1.0,0.73,1.0,1.0,0.0,0.0,0.0,0.0
21.6,TAKEOFF,88.6,62.59,540.0,28.92,99.367,1.146,6664.57,80.05,625.3,5.431,68.13,22.461,26.452,1.885,24.6,18.29,6655.36,79.98,621.09,5.349,67.4,22.354,26.432,1.825,24.683,18.36,INJECTOR_DEGRADATION,0.453,1.0,0.728,1.0,1.0,0.0,0.0,0.0,0.0
21.7,TAKEOFF,88.62,62.6,542.5,28.91,99.358,1.1459,6665.31,80.05,625.75,5.432,68.12,22.471,26.457,1.887,24.6,18.293,6661.14,79.6,625.13,5.433,68.33,22.53,26.431,1.856,24.56,18.24,INJECTOR_DEGRADATION,0.457,1.0,0.726,1.0,1.0,0.0,0.0,0.0,0.0
21.8,TAKEOFF,88.63,62.61,545.0,28.91,99.349,1.1458,6666.04,80.05,626.2,5.432,68.11,22.481,26.463,1.888,24.6,18.295,6666.83,79.27,628.12,5.431,68.18,22.464,26.416,1.88,24.586,18.286,INJECTOR_DEGRADATION,0.46,1.0,0.724,1.0,1.0,0.0,0.0,0.0,0.0
21.9,TAKEOFF,88.65,62.62,547.5,28.9,99.34,1.1457,6666.77,80.05,626.66,5.433,68.1,22.492,26.468,1.89,24.6,18.297,6672.2,80.31,627.5,5.389,68.3,22.361,26.391,1.941,24.562,18.402,INJECTOR_DEGRADATION,0.463,1.0,0.722,1.0,1.0,0.0,0.0,0.0,0.0
22.0,TAKEOFF,88.67,62.63,550.0,28.9,99.331,1.1456,6667.5,80.05,627.11,5.433,68.1,22.502,26.473,1.892,24.6,18.3,6667.61,80.57,626.02,5.439,67.98,22.487,26.39,1.901,24.577,18.265,INJECTOR_DEGRADATION,0.467,1.0,0.72,1.0,1.0,0.0,0.0,0.0,0.0
22.1,TAKEOFF,88.68,62.64,552.5,28.89,99.322,1.1456,6668.23,80.05,627.55,5.433,68.09,22.512,26.479,1.894,24.6,18.303,6661.77,79.78,627.91,5.427,68.47,22.581,26.446,1.908,24.544,18.221,INJECTOR_DEGRADATION,0.47,1.0,0.718,1.0,1.0,0.0,0.0,0.0,0.0
22.2,TAKEOFF,88.7,62.66,555.0,28.89,99.313,1.1455,6668.96,80.05,628.0,5.434,68.08,22.522,26.484,1.895,24.6,18.305,6663.38,79.72,626.86,5.433,67.92,22.325,26.533,1.869,24.627,18.348,INJECTOR_DEGRADATION,0.473,1.0,0.716,1.0,1.0,0.0,0.0,0.0,0.0
22.3,TAKEOFF,88.72,62.67,557.5,28.88,99.304,1.1454,6669.69,80.05,628.45,5.434,68.07,22.532,26.489,1.897,24.6,18.307,6673.92,79.91,627.31,5.416,68.27,22.521,26.535,1.831,24.613,18.171,INJECTOR_DEGRADATION,0.477,1.0,0.714,1.0,1.0,0.0,0.0,0.0,0.0
22.4,TAKEOFF,88.73,62.68,560.0,28.88,99.295,1.1453,6670.42,80.05,628.89,5.435,68.06,22.543,26.495,1.899,24.6,18.31,6659.5,81.03,627.84,5.412,67.7,22.673,26.419,1.853,24.598,18.26,INJECTOR_DEGRADATION,0.48,1.0,0.712,1.0,1.0,0.0,0.0,0.0,0.0
22.5,TAKEOFF,88.75,62.69,562.5,28.87,99.286,1.1452,6671.15,80.05,629.34,5.435,68.06,22.553,26.5,1.901,24.6,18.313,6671.08,80.27,627.5,5.458,67.93,22.687,26.461,1.864,24.709,18.402,INJECTOR_DEGRADATION,0.483,1.0,0.71,1.0,1.0,0.0,0.0,0.0,0.0
22.6,TAKEOFF,88.77,62.7,565.0,28.87,99.277,1.1451,6671.89,80.05,629.78,5.436,68.05,22.563,26.505,1.902,24.6,18.315,6668.96,80.41,631.02,5.447,68.12,22.68,26.499,1.864,24.574,18.36,INJECTOR_DEGRADATION,0.487,1.0,0.708,1.0,1.0,0.0,0.0,0.0,0.0
22.7,TAKEOFF,88.78,62.71,567.5,28.86,99.268,1.145,6672.62,80.05,630.22,5.436,68.04,22.573,26.511,1.904,24.6,18.318,6675.66,79.64,631.87,5.42,68.51,22.699,26.393,1.914,24.556,18.477,INJECTOR_DEGRADATION,0.49,1.0,0.706,1.0,1.0,0.0,0.0,0.0,0.0
22.8,TAKEOFF,88.8,62.72,570.0,28.86,99.259,1.145,6673.35,80.05,630.66,5.436,68.03,22.584,26.516,1.906,24.6,18.32,6667.4,80.26,630.14,5.441,67.98,22.634,26.641,1.873,24.578,18.024,INJECTOR_DEGRADATION,0.493,1.0,0.704,1.0,1.0,0.0,0.0,0.0,0.0
22.9,TAKEOFF,88.82,62.73,572.5,28.85,99.25,1.1449,6674.08,80.05,631.1,5.437,68.03,22.594,26.521,1.908,24.6,18.323,6677.37,79.83,633.17,5.438,68.9,22.627,26.579,1.844,24.69,18.444,INJECTOR_DEGRADATION,0.497,1.0,0.702,1.0,1.0,0.0,0.0,0.0,0.0
23.0,TAKEOFF,88.83,62.74,575.0,28.85,99.241,1.1448,6674.81,80.05,631.54,5.437,68.02,22.604,26.527,1.909,24.6,18.325,6678.58,80.76,631.83,5.398,67.65,22.633,26.517,1.962,24.558,18.367,INJECTOR_DEGRADATION,0.5,1.0,0.7,1.0,1.0,0.0,0.0,0.0,0.0
23.1,TAKEOFF,88.85,62.75,577.5,28.84,99.232,1.1447,6675.54,80.05,631.97,5.438,68.01,22.614,26.532,1.911,24.6,18.328,6678.84,80.8,631.47,5.431,68.01,22.621,26.557,1.875,24.684,18.276,INJECTOR_DEGRADATION,0.503,1.0,0.698,1.0,1.0,0.0,0.0,0.0,0.0
23.2,TAKEOFF,88.87,62.76,580.0,28.84,99.223,1.1446,6676.27,80.05,632.41,5.438,68.0,22.624,26.537,1.913,24.6,18.33,6679.69,80.18,628.91,5.439,67.72,22.761,26.547,1.915,24.646,18.255,INJECTOR_DEGRADATION,0.507,1.0,0.696,1.0,1.0,0.0,0.0,0.0,0.0
23.3,TAKEOFF,88.88,62.77,582.5,28.83,99.214,1.1445,6677.0,80.05,632.84,5.439,67.99,22.635,26.543,1.915,24.6,18.332,6678.73,80.08,630.68,5.446,68.16,22.412,26.593,1.995,24.54,18.333,INJECTOR_DEGRADATION,0.51,1.0,0.694,1.0,1.0,0.0,0.0,0.0,0.0
23.4,TAKEOFF,88.9,62.79,585.0,28.83,99.205,1.1445,6677.73,80.05,633.27,5.439,67.99,22.645,26.548,1.916,24.6,18.335,6676.44,80.4,633.02,5.411,67.34,22.745,26.525,1.861,24.546,18.283,INJECTOR_DEGRADATION,0.513,1.0,0.692,1.0,1.0,0.0,0.0,0.0,0.0
23.5,TAKEOFF,88.92,62.8,587.5,28.82,99.196,1.1444,6678.46,80.05,633.7,5.44,67.98,22.655,26.553,1.918,24.6,18.337,6682.18,80.66,632.97,5.432,68.42,22.719,26.482,1.965,24.581,18.22,INJECTOR_DEGRADATION,0.517,1.0,0.69,1.0,1.0,0.0,0.0,0.0,0.0
23.6,TAKEOFF,88.93,62.81,590.0,28.82,99.188,1.1443,6679.19,80.05,634.13,5.44,67.97,22.665,26.559,1.92,24.6,18.34,6671.39,79.92,634.59,5.418,68.25,22.807,26.498,1.947,24.547,18.122,INJECTOR_DEGRADATION,0.52,1.0,0.688,1.0,1.0,0.0,0.0,0.0,0.0
23.7,TAKEOFF,88.95,62.82,592.5,28.81,99.179,1.1442,6679.92,80.05,634.56,5.44,67.96,22.676,26.564,1.922,24.6,18.343,6680.77,81.19,634.37,5.4,67.88,22.641,26.55,1.953,24.629,18.569,INJECTOR_DEGRADATION,0.523,1.0,0.686,1.0,1.0,0.0,0.0,0.0,0.0
23.8,TAKEOFF,88.97,62.83,595.0,28.81,99.17,1.1441,6680.65,80.05,634.99,5.441,67.95,22.686,26.569,1.923,24.6,18.345,6680.48,79.39,633.32,5.406,67.89,22.724,26.591,1.882,24.605,18.474,INJECTOR_DEGRADATION,0.527,1.0,0.684,1.0,1.0,0.0,0.0,0.0,0.0
23.9,TAKEOFF,88.98,62.84,597.5,28.8,99.161,1.144,6681.38,80.05,635.42,5.441,67.95,22.696,26.575,1.925,24.6,18.348,6683.41,80.89,634.09,5.412,68.34,22.722,26.578,2.045,24.581,18.418,INJECTOR_DEGRADATION,0.53,1.0,0.682,1.0,1.0,0.0,0.0,0.0,0.0
24.0,TAKEOFF,89.0,62.85,600.0,28.8,99.152,1.144,6682.11,80.05,635.84,5.442,67.94,22.706,26.58,1.927,24.6,18.35,6686.87,79.77,635.08,5.46,67.6,22.65,26.586,1.984,24.597,18.353,INJECTOR_DEGRADATION,0.533,1.0,0.68,1.0,1.0,0.0,0.0,0.0,0.0
24.1,TAKEOFF,89.02,62.86,602.5,28.79,99.143,1.1439,6682.83,80.06,636.27,5.442,67.93,22.717,26.585,1.929,24.6,18.352,6685.68,80.19,637.33,5.468,68.12,22.667,26.583,1.961,24.563,18.301,INJECTOR_DEGRADATION,0.537,1.0,0.678,1.0,1.0,0.0,0.0,0.0,0.0
24.2,TAKEOFF,89.03,62.87,605.0,28.79,99.134,1.1438,6683.56,80.06,636.69,5.443,67.92,22.727,26.591,1.931,24.6,18.355,6678.08,80.33,637.11,5.385,67.59,22.912,26.475,1.885,24.618,18.403,INJECTOR_DEGRADATION,0.54,1.0,0.676,1.0,1.0,0.0,0.0,0.0,0.0
24.3,TAKEOFF,89.05,62.88,607.5,28.78,99.125,1.1437,6684.29,80.06,637.12,5.443,67.91,22.737,26.596,1.932,24.6,18.358,6685.06,79.9,638.1,5.466,68.15,22.741,26.638,1.959,24.669,18.339,INJECTOR_DEGRADATION,0.543,1.0,0.674,1.0,1.0,0.0,0.0,0.0,0.0
24.4,TAKEOFF,89.07,62.89,610.0,28.78,99.116,1.1436,6685.02,80.06,637.54,5.444,67.91,22.747,26.601,1.934,24.6,18.36,6685.51,79.44,638.55,5.403,67.79,22.722,26.584,1.897,24.595,18.288,INJECTOR_DEGRADATION,0.547,1.0,0.672,1.0,1.0,0.0,0.0,0.0,0.0
24.5,TAKEOFF,89.08,62.9,612.5,28.77,99.107,1.1435,6685.75,80.06,637.96,5.444,67.9,22.758,26.607,1.936,24.6,18.363,6682.26,80.16,634.71,5.496,67.77,22.698,26.513,1.835,24.605,18.203,INJECTOR_DEGRADATION,0.55,1.0,0.67,1.0,1.0,0.0,0.0,0.0,0.0
24.6,TAKEOFF,89.1,62.92,615.0,28.77,99.098,1.1434,6686.48,80.06,638.38,5.444,67.89,22.768,26.612,1.938,24.6,18.365,6686.4,80.15,635.51,5.431,67.93,22.594,26.61,1.947,24.63,18.204,INJECTOR_DEGRADATION,0.553,1.0,0.668,1.0,1.0,0.0,0.0,0.0,0.0
24.7,TAKEOFF,89.12,62.93,617.5,28.76,99.089,1.1434,6687.21,80.06,638.8,5.445,67.88,22.778,26.617,1.939,24.6,18.367,6682.01,79.9,636.82,5.389,67.55,22.806,26.596,1.937,24.625,18.368,INJECTOR_DEGRADATION,0.557,1.0,0.666,1.0,1.0,0.0,0.0,0.0,0.0
24.8,TAKEOFF,89.13,62.94,620.0,28.76,99.08,1.1433,6687.94,80.06,639.21,5.445,67.88,22.788,26.623,1.941,24.6,18.37,6692.88,80.25,639.23,5.468,67.97,22.788,26.591,1.916,24.582,18.307,INJECTOR_DEGRADATION,0.56,1.0,0.664,1.0,1.0,0.0,0.0,0.0,0.0
24.9,TAKEOFF,89.15,62.95,622.5,28.75,99.071,1.1432,6688.67,80.06,639.63,5.446,67.87,22.799,26.628,1.943,24.6,18.373,6698.28,79.92,639.36,5.432,68.21,22.842,26.629,1.953,24.585,18.307,INJECTOR_DEGRADATION,0.563,1.0,0.662,1.0,1.0,0.0,0.0,0.0,0.0
25.0,TAKEOFF,89.17,62.96,625.0,28.75,99.062,1.1431,6689.4,80.06,640.05,5.446,67.86,22.809,26.633,1.945,24.6,18.375,6687.44,80.22,637.91,5.417,67.33,22.597,26.589,1.946,24.594,18.29,INJECTOR_DEGRADATION,0.567,1.0,0.66,1.0,1.0,0.0,0.0,0.0,0.0
25.1,TAKEOFF,89.18,62.97,627.5,28.74,99.053,1.143,6690.13,80.06,640.46,5.447,67.85,22.819,26.639,1.946,24.6,18.378,6687.54,79.65,640.74,5.415,67.35,22.909,26.689,1.981,24.592,18.32,INJECTOR_DEGRADATION,0.57,1.0,0.658,1.0,1.0,0.0,0.0,0.0,0.0
25.2,TAKEOFF,89.2,62.98,630.0,28.74,99.044,1.1429,6690.86,80.06,640.88,5.447,67.84,22.829,26.644,1.948,24.6,18.38,6693.34,80.09,638.63,5.447,68.28,22.657,26.545,2.04,24.64,18.146,INJECTOR_DEGRADATION,0.573,1.0,0.656,1.0,1.0,0.0,0.0,0.0,0.0
25.3,TAKEOFF,89.22,62.99,632.5,28.73,99.035,1.1429,6691.58,80.06,641.29,5.448,67.84,22.84,26.649,1.95,24.6,18.383,6693.02,79.55,641.41,5.436,67.96,22.738,26.643,1.941,24.55,18.226,INJECTOR_DEGRADATION,0.577,1.0,0.654,1.0,1.0,0.0,0.0,0.0,0.0
25.4,TAKEOFF,89.23,63.0,635.0,28.73,99.026,1.1428,6692.31,80.06,641.7,5.448,67.83,22.85,26.655,1.952,24.6,18.385,6694.72,80.09,642.6,5.416,67.92,23.007,26.578,1.901,24.581,18.424,INJECTOR_DEGRADATION,0.58,1.0,0.652,1.0,1.0,0.0,0.0,0.0,0.0
25.5,TAKEOFF,89.25,63.01,637.5,28.72,99.017,1.1427,6693.04,80.06,642.11,5.448,67.82,22.86,26.66,1.953,24.6,18.388,6699.58,81.4,640.3,5.473,68.5,22.675,26.648,1.942,24.629,18.506,INJECTOR_DEGRADATION,0.583,1.0,0.65,1.0,1.0,0.0,0.0,0.0,0.0
25.6,TAKEOFF,89.27,63.02,640.0,28.72,99.008,1.1426,6693.77,80.06,642.52,5.449,67.81,22.87,26.665,1.955,24.6,18.39,6688.47,80.57,641.28,5.501,68.14,22.749,26.681,1.982,24.589,18.473,INJECTOR_DEGRADATION,0.587,1.0,0.648,1.0,1.0,0.0,0.0,0.0,0.0
25.7,TAKEOFF,89.28,63.03,642.5,28.71,99.0,1.1425,6694.5,80.06,642.93,5.449,67.8,22.881,26.671,1.957,24.6,18.393,6707.43,78.69,643.23,5.463,68.4,22.768,26.586,1.936,24.641,18.304,INJECTOR_DEGRADATION,0.59,1.0,0.646,1.0,1.0,0.0,0.0,0.0,0.0
25.8,TAKEOFF,89.3,63.05,645.0,28.71,98.991,1.1424,6695.23,80.06,643.34,5.45,67.8,22.891,26.676,1.959,24.6,18.395,6688.36,80.36,644.2,5.477,68.14,23.03,26.581,1.869,24.527,18.276,INJECTOR_DEGRADATION,0.593,1.0,0.644,1.0,1.0,0.0,0.0,0.0,0.0
25.9,TAKEOFF,89.32,63.06,647.5,28.7,98.982,1.1423,6695.96,80.06,643.75,5.45,67.79,22.901,26.681,1.96,24.6,18.398,6695.76,79.82,642.32,5.49,68.06,23.053,26.685,2.045,24.587,18.226,INJECTOR_DEGRADATION,0.597,1.0,0.642,1.0,1.0,0.0,0.0,0.0,0.0
26.0,TAKEOFF,89.33,63.07,650.0,28.7,98.973,1.1423,6696.69,80.06,644.16,5.451,67.78,22.912,26.687,1.962,24.6,18.4,6694.6,81.37,643.27,5.429,67.58,23.13,26.641,1.903,24.758,18.383,INJECTOR_DEGRADATION,0.6,1.0,0.64,1.0,1.0,0.0,0.0,0.0,0.0
26.1,TAKEOFF,89.35,63.08,652.5,28.69,98.964,1.1422,6697.41,80.06,644.56,5.451,67.77,22.922,26.692,1.964,24.6,18.403,6689.49,80.87,644.94,5.459,67.95,22.866,26.714,1.856,24.576,18.496,INJECTOR_DEGRADATION,0.603,1.0,0.638,1.0,1.0,0.0,0.0,0.0,0.0
26.2,TAKEOFF,89.37,63.09,655.0,28.69,98.955,1.1421,6698.14,80.06,644.97,5.452,67.77,22.932,26.697,1.966,24.6,18.405,6698.9,80.45,645.41,5.433,67.88,22.914,26.751,1.947,24.669,18.504,INJECTOR_DEGRADATION,0.607,1.0,0.636,1.0,1.0,0.0,0.0,0.0,0.0
26.3,TAKEOFF,89.38,63.1,657.5,28.68,98.946,1.142,6698.87,80.06,645.37,5.452,67.76,22.942,26.703,1.967,24.6,18.408,6706.83,80.04,643.64,5.446,67.77,23.111,26.75,1.914,24.66,18.182,INJECTOR_DEGRADATION,0.61,1.0,0.634,1.0,1.0,0.0,0.0,0.0,0.0
26.4,TAKEOFF,89.4,63.11,660.0,28.68,98.937,1.1419,6699.6,80.06,645.78,5.452,67.75,22.953,26.708,1.969,24.6,18.41,6697.07,79.85,644.67,5.468,67.52,23.034,26.741,2.011,24.636,18.326,INJECTOR_DEGRADATION,0.613,1.0,0.632,1.0,1.0,0.0,0.0,0.0,0.0
26.5,TAKEOFF,89.42,63.12,662.5,28.67,98.928,1.1418,6700.33,80.06,646.18,5.453,67.74,22.963,26.713,1.971,24.6,18.413,6693.87,79.74,646.39,5.357,67.75,23.08,26.705,1.903,24.516,18.33,INJECTOR_DEGRADATION,0.617,1.0,0.63,1.0,1.0,0.0,0.0,0.0,0.0
26.6,TAKEOFF,89.43,63.13,665.0,28.67,98.919,1.1418,6701.06,80.06,646.58,5.453,67.73,22.973,26.719,1.973,24.6,18.415,6699.11,80.82,646.17,5.456,68.02,22.891,26.721,2.041,24.57,18.217,INJECTOR_DEGRADATION,0.62,1.0,0.628,1.0,1.0,0.0,0.0,0.0,0.0
26.7,TAKEOFF,89.45,63.14,667.5,28.66,98.91,1.1417,6701.79,80.06,646.99,5.454,67.73,22.984,26.724,1.975,24.6,18.418,6702.08,79.81,648.56,5.466,67.9,22.897,26.766,1.951,24.564,18.286,INJECTOR_DEGRADATION,0.623,1.0,0.626,1.0,1.0,0.0,0.0,0.0,0.0
26.8,TAKEOFF,89.47,63.15,670.0,28.66,98.901,1.1416,6702.51,80.07,647.39,5.454,67.72,22.994,26.729,1.976,24.6,18.42,6701.77,79.46,651.28,5.425,67.52,23.059,26.74,1.992,24.647,18.384,INJECTOR_DEGRADATION,0.627,1.0,0.624,1.0,1.0,0.0,0.0,0.0,0.0
26.9,TAKEOFF,89.48,63.16,672.5,28.65,98.892,1.1415,6703.24,80.07,647.79,5.455,67.71,23.004,26.735,1.978,24.6,18.423,6707.04,79.84,647.01,5.449,67.27,22.903,26.656,1.983,24.664,18.263,INJECTOR_DEGRADATION,0.63,1.0,0.622,1.0,1.0,0.0,0.0,0.0,0.0
27.0,TAKEOFF,89.5,63.18,675.0,28.65,98.883,1.1414,6703.97,80.07,648.19,5.455,67.7,23.015,26.74,1.98,24.6,18.425,6701.85,79.7,651.85,5.362,67.63,22.751,26.68,1.953,24.477,18.333,INJECTOR_DEGRADATION,0.633,1.0,0.62,1.0,1.0,0.0,0.0,0.0,0.0
27.1,TAKEOFF,89.52,63.19,677.5,28.64,98.874,1.1413,6704.7,80.07,648.59,5.455,67.7,23.025,26.745,1.982,24.6,18.428,6703.39,79.25,649.41,5.486,67.59,22.978,26.691,1.942,24.663,18.317,INJECTOR_DEGRADATION,0.637,1.0,0.618,1.0,1.0,0.0,0.0,0.0,0.0
27.2,TAKEOFF,89.53,63.2,680.0,28.64,98.865,1.1413,6705.43,80.07,648.98,5.456,67.69,23.035,26.751,1.983,24.6,18.43,6698.95,80.0,648.19,5.446,67.78,22.922,26.815,1.936,24.621,18.523,INJECTOR_DEGRADATION,0.64,1.0,0.616,1.0,1.0,0.0,0.0,0.0,0.0
27.3,TAKEOFF,89.55,63.21,682.5,28.63,98.857,1.1412,6706.16,80.07,649.38,5.456,67.68,23.045,26.756,1.985,24.6,18.433,6706.48,79.87,650.44,5.451,67.52,23.158,26.778,2.013,24.658,18.435,INJECTOR_DEGRADATION,0.643,1.0,0.614,1.0,1.0,0.0,0.0,0.0,0.0
27.4,TAKEOFF,89.57,63.22,685.0,28.63,98.848,1.1411,6706.88,80.07,649.78,5.457,67.67,23.056,26.761,1.987,24.6,18.435,6708.17,79.71,652.03,5.441,67.6,23.097,26.76,1.935,24.624,18.145,INJECTOR_DEGRADATION,0.647,1.0,0.612,1.0,1.0,0.0,0.0,0.0,0.0
27.5,TAKEOFF,89.58,63.23,687.5,28.62,98.839,1.141,6707.61,80.07,650.17,5.457,67.67,23.066,26.767,1.989,24.6,18.438,6707.7,80.18,648.92,5.472,67.63,23.111,26.801,1.977,24.656,18.36,INJECTOR_DEGRADATION,0.65,1.0,0.61,1.0,1.0,0.0,0.0,0.0,0.0
27.6,TAKEOFF,89.6,63.24,690.0,28.62,98.83,1.1409,6708.34,80.07,650.57,5.458,67.66,23.076,26.772,1.99,24.6,18.44,6706.0,79.93,650.78,5.465,67.46,23.007,26.782,1.891,24.565,18.451,INJECTOR_DEGRADATION,0.653,1.0,0.608,1.0,1.0,0.0,0.0,0.0,0.0
27.7,TAKEOFF,89.62,63.25,692.5,28.61,98.821,1.1408,6709.07,80.07,650.97,5.458,67.65,23.087,26.777,1.992,24.6,18.443,6710.04,79.03,650.74,5.436,68.06,23.12,26.8,1.954,24.548,18.575,INJECTOR_DEGRADATION,0.657,1.0,0.606,1.0,1.0,0.0,0.0,0.0,0.0
27.8,TAKEOFF,89.63,63.26,695.0,28.61,98.812,1.1407,6709.8,80.07,651.36,5.459,67.64,23.097,26.783,1.994,24.6,18.445,6712.26,80.77,650.28,5.472,67.24,23.142,26.8,1.987,24.627,18.437,INJECTOR_DEGRADATION,0.66,1.0,0.604,1.0,1.0,0.0,0.0,0.0,0.0
27.9,TAKEOFF,89.65,63.27,697.5,28.6,98.803,1.1407,6710.52,80.07,651.75,5.459,67.63,23.107,26.788,1.996,24.6,18.448,6717.25,80.52,652.09,5.473,67.43,23.152,26.778,2.07,24.589,18.366,INJECTOR_DEGRADATION,0.663,1.0,0.602,1.0,1.0,0.0,0.0,0.0,0.0
28.0,TAKEOFF,89.67,63.28,700.0,28.6,98.794,1.1406,6711.25,80.07,652.15,5.459,67.63,23.118,26.793,1.997,24.6,18.45,6716.3,80.16,652.88,5.43,67.84,23.195,26.924,1.993,24.605,18.283,INJECTOR_DEGRADATION,0.667,1.0,0.6,1.0,1.0,0.0,0.0,0.0,0.0
28.1,TAKEOFF,89.68,63.29,702.5,28.59,98.785,1.1405,6711.98,80.07,652.54,5.46,67.62,23.128,26.799,1.999,24.6,18.453,6714.14,80.89,652.34,5.408,67.19,23.22,26.775,1.983,24.584,18.58,INJECTOR_DEGRADATION,0.67,1.0,0.598,1.0,1.0,0.0,0.0,0.0,0.0
28.2,TAKEOFF,89.7,63.31,705.0,28.59,98.776,1.1404,6712.71,80.07,652.93,5.46,67.61,23.138,26.804,2.001,24.6,18.455,6709.69,79.37,652.35,5.48,67.21,22.983,26.766,2.008,24.646,18.464,INJECTOR_DEGRADATION,0.673,1.0,0.596,1.0,1.0,0.0,0.0,0.0,0.0
28.3,TAKEOFF,89.72,63.32,707.5,28.58,98.767,1.1403,6713.44,80.07,653.32,5.461,67.6,23.149,26.809,2.003,24.6,18.458,6711.08,80.54,656.35,5.456,67.95,23.16,26.853,2.004,24.667,18.352,INJECTOR_DEGRADATION,0.677,1.0,0.594,1.0,1.0,0.0,0.0,0.0,0.0
28.4,TAKEOFF,89.73,63.33,710.0,28.58,98.758,1.1402,6714.16,80.07,653.71,5.461,67.6,23.159,26.815,2.004,24.6,18.46,6714.44,79.91,654.85,5.453,67.74,23.113,26.783,1.988,24.555,18.692,INJECTOR_DEGRADATION,0.68,1.0,0.592,1.0,1.0,0.0,0.0,0.0,0.0
28.5,TAKEOFF,89.75,63.34,712.5,28.57,98.749,1.1402,6714.89,80.07,654.1,5.462,67.59,23.169,26.82,2.006,24.6,18.463,6723.65,80.55,654.73,5.451,67.52,23.145,26.863,1.973,24.586,18.384,INJECTOR_DEGRADATION,0.683,1.0,0.59,1.0,1.0,0.0,0.0,0.0,0.0
28.6,TAKEOFF,89.77,63.35,715.0,28.57,98.74,1.1401,6715.62,80.07,654.49,5.462,67.58,23.18,26.825,2.008,24.6,18.465,6711.66,79.62,651.77,5.451,67.95,23.197,26.821,2.037,24.648,18.426,INJECTOR_DEGRADATION,0.687,1.0,0.588,1.0,1.0,0.0,0.0,0.0,0.0
28.7,TAKEOFF,89.78,63.36,717.5,28.56,98.732,1.14,6716.35,80.07,654.88,5.463,67.57,23.19,26.831,2.01,24.6,18.468,6715.91,80.07,654.29,5.534,67.66,23.303,26.857,2.047,24.599,18.387,INJECTOR_DEGRADATION,0.69,1.0,0.586,1.0,1.0,0.0,0.0,0.0,0.0
28.8,TAKEOFF,89.8,63.37,720.0,28.56,98.723,1.1399,6717.08,80.07,655.27,5.463,67.57,23.2,26.836,2.011,24.6,18.47,6718.83,80.77,651.16,5.468,67.85,23.182,26.792,1.962,24.579,18.387,INJECTOR_DEGRADATION,0.693,1.0,0.584,1.0,1.0,0.0,0.0,0.0,0.0
28.9,TAKEOFF,89.82,63.38,722.5,28.55,98.714,1.1398,6717.8,80.07,655.66,5.463,67.56,23.211,26.841,2.013,24.6,18.473,6718.58,79.92,656.27,5.467,67.22,23.252,26.83,2.049,24.577,18.53,INJECTOR_DEGRADATION,0.697,1.0,0.582,1.0,1.0,0.0,0.0,0.0,0.0
29.0,TAKEOFF,89.83,63.39,725.0,28.55,98.705,1.1397,6718.53,80.07,656.04,5.464,67.55,23.221,26.847,2.015,24.6,18.475,6722.01,80.28,656.1,5.472,67.6,23.173,26.824,2.029,24.668,18.553,INJECTOR_DEGRADATION,0.7,1.0,0.58,1.0,1.0,0.0,0.0,0.0,0.0
29.1,TAKEOFF,89.85,63.4,727.5,28.54,98.696,1.1397,6719.26,80.08,656.43,5.464,67.54,23.231,26.852,2.017,24.6,18.478,6711.03,80.41,655.65,5.496,67.31,23.065,26.814,1.912,24.571,18.351,INJECTOR_DEGRADATION,0.703,1.0,0.578,1.0,1.0,0.0,0.0,0.0,0.0
29.2,TAKEOFF,89.87,63.41,730.0,28.54,98.687,1.1396,6719.99,80.08,656.82,5.465,67.53,23.242,26.857,2.019,24.6,18.48,6730.95,80.27,655.51,5.465,67.22,23.352,26.895,2.02,24.617,18.285,INJECTOR_DEGRADATION,0.707,1.0,0.576,1.0,1.0,0.0,0.0,0.0,0.0
29.3,TAKEOFF,89.88,63.42,732.5,28.53,98.678,1.1395,6720.72,80.08,657.2,5.465,67.53,23.252,26.863,2.02,24.6,18.483,6712.12,79.54,657.34,5.478,67.69,23.301,26.885,1.985,24.522,18.556,INJECTOR_DEGRADATION,0.71,1.0,0.574,1.0,1.0,0.0,0.0,0.0,0.0
29.4,TAKEOFF,89.9,63.44,735.0,28.53,98.669,1.1394,6721.44,80.08,657.59,5.466,67.52,23.263,26.868,2.022,24.6,18.485,6729.11,80.45,656.68,5.466,67.6,23.263,26.762,1.985,24.656,18.48,INJECTOR_DEGRADATION,0.713,1.0,0.572,1.0,1.0,0.0,0.0,0.0,0.0
29.5,TAKEOFF,89.92,63.45,737.5,28.52,98.66,1.1393,6722.17,80.08,657.97,5.466,67.51,23.273,26.873,2.024,24.6,18.488,6718.77,79.43,658.73,5.478,67.32,23.355,26.868,2.034,24.605,18.381,INJECTOR_DEGRADATION,0.717,1.0,0.57,1.0,1.0,0.0,0.0,0.0,0.0
29.6,TAKEOFF,89.93,63.46,740.0,28.52,98.651,1.1392,6722.9,80.08,658.35,5.466,67.5,23.283,26.879,2.026,24.6,18.49,6729.18,80.35,657.33,5.482,67.42,23.17,26.932,2.004,24.637,18.45,INJECTOR_DEGRADATION,0.72,1.0,0.568,1.0,1.0,0.0,0.0,0.0,0.0
29.7,TAKEOFF,89.95,63.47,742.5,28.51,98.642,1.1392,6723.63,80.08,658.74,5.467,67.5,23.294,26.884,2.027,24.6,18.493,6730.22,80.46,657.73,5.49,67.41,23.431,26.964,1.929,24.644,18.588,INJECTOR_DEGRADATION,0.723,1.0,0.566,1.0,1.0,0.0,0.0,0.0,0.0
29.8,TAKEOFF,89.97,63.48,745.0,28.51,98.633,1.1391,6724.36,80.08,659.12,5.467,67.49,23.304,26.889,2.029,24.6,18.495,6731.44,78.88,659.0,5.463,67.66,23.246,26.942,1.959,24.623,18.498,INJECTOR_DEGRADATION,0.727,1.0,0.564,1.0,1.0,0.0,0.0,0.0,0.0
29.9,TAKEOFF,89.98,63.49,747.5,28.5,98.625,1.139,6725.08,80.08,659.5,5.468,67.48,23.314,26.895,2.031,24.6,18.498,6728.21,80.14,659.31,5.434,67.3,23.325,26.829,2.038,24.713,18.344,INJECTOR_DEGRADATION,0.73,1.0,0.562,1.0,1.0,0.0,0.0,0.0,0.0
30.0,TAKEOFF,90.0,63.5,750.0,28.5,98.616,1.1389,6725.81,80.08,659.89,5.468,67.47,23.325,26.9,2.033,24.6,18.5,6719.37,79.59,660.67,5.512,66.82,23.322,26.894,2.021,24.601,18.678,INJECTOR_DEGRADATION,0.733,1.0,0.56,1.0,1.0,0.0,0.0,0.0,0.0
30.1,TAKEOFF,90.02,63.51,752.5,28.49,98.607,1.1388,6726.54,80.08,660.27,5.469,67.47,23.335,26.905,2.034,24.6,18.503,6728.13,80.13,662.04,5.412,67.7,23.524,26.931,1.977,24.574,18.615,INJECTOR_DEGRADATION,0.737,1.0,0.558,1.0,1.0,0.0,0.0,0.0,0.0
30.2,TAKEOFF,90.03,63.52,755.0,28.49,98.598,1.1387,6727.27,80.08,660.65,5.469,67.46,23.345,26.911,2.036,24.6,18.505,6727.43,80.09,662.25,5.454,67.42,23.531,26.917,2.07,24.517,18.516,INJECTOR_DEGRADATION,0.74,1.0,0.556,1.0,1.0,0.0,0.0,0.0,0.0
30.3,TAKEOFF,90.05,63.53,757.5,28.48,98.589,1.1386,6727.99,80.08,661.03,5.47,67.45,23.356,26.916,2.038,24.6,18.508,6726.98,79.81,661.44,5.475,67.56,23.196,26.848,2.08,24.553,18.444,INJECTOR_DEGRADATION,0.743,1.0,0.554,1.0,1.0,0.0,0.0,0.0,0.0
30.4,TAKEOFF,90.07,63.54,760.0,28.48,98.58,1.1386,6728.72,80.08,661.41,5.47,67.44,23.366,26.921,2.04,24.6,18.51,6735.25,80.62,661.62,5.517,67.31,23.399,27.036,2.011,24.601,18.592,INJECTOR_DEGRADATION,0.747,1.0,0.552,1.0,1.0,0.0,0.0,0.0,0.0
30.5,TAKEOFF,90.08,63.55,762.5,28.47,98.571,1.1385,6729.45,80.08,661.79,5.47,67.44,23.377,26.927,2.041,24.6,18.513,6722.61,79.82,659.37,5.455,67.65,23.254,26.963,2.049,24.649,18.434,INJECTOR_DEGRADATION,0.75,1.0,0.55,1.0,1.0,0.0,0.0,0.0,0.0
30.6,TAKEOFF,90.1,63.57,765.0,28.47,98.562,1.1384,6730.18,80.08,662.17,5.471,67.43,23.387,26.932,2.043,24.6,18.515,6738.95,79.75,659.8,5.454,67.61,23.464,26.981,2.054,24.665,18.492,INJECTOR_DEGRADATION,0.753,1.0,0.548,1.0,1.0,0.0,0.0,0.0,0.0
30.7,TAKEOFF,90.12,63.58,767.5,28.46,98.553,1.1383,6730.91,80.08,662.55,5.471,67.42,23.397,26.937,2.045,24.6,18.518,6735.35,80.1,661.1,5.422,67.76,23.575,26.974,1.987,24.647,18.516,INJECTOR_DEGRADATION,0.757,1.0,0.546,1.0,1.0,0.0,0.0,0.0,0.0
30.8,TAKEOFF,90.13,63.59,770.0,28.46,98.544,1.1382,6731.63,80.08,662.93,5.472,67.41,23.408,26.943,2.047,24.6,18.52,6719.97,79.93,664.54,5.462,66.86,23.404,26.847,2.05,24.594,18.542,INJECTOR_DEGRADATION,0.76,1.0,0.544,1.0,1.0,0.0,0.0,0.0,0.0
30.9,TAKEOFF,90.15,63.6,772.5,28.45,98.536,1.1381,6732.36,80.08,663.3,5.472,67.41,23.418,26.948,2.048,24.6,18.523,6738.73,80.15,664.0,5.516,67.71,23.423,26.796,1.996,24.65,18.414,INJECTOR_DEGRADATION,0.763,1.0,0.542,1.0,1.0,0.0,0.0,0.0,0.0
31.0,TAKEOFF,90.17,63.61,775.0,28.45,98.527,1.1381,6733.09,80.09,663.68,5.473,67.4,23.429,26.953,2.05,24.6,18.525,6738.8,79.87,665.83,5.451,67.17,23.67,26.979,1.987,24.529,18.479,INJECTOR_DEGRADATION,0.767,1.0,0.54,1.0,1.0,0.0,0.0,0.0,0.0
31.1,TAKEOFF,90.18,63.62,777.5,28.44,98.518,1.138,6733.82,80.09,664.06,5.473,67.39,23.439,26.959,2.052,24.6,18.528,6733.63,80.53,661.72,5.437,67.7,23.432,26.986,2.055,24.641,18.407,INJECTOR_DEGRADATION,0.77,1.0,0.538,1.0,1.0,0.0,0.0,0.0,0.0
31.2,TAKEOFF,90.2,63.63,780.0,28.44,98.509,1.1379,6734.54,80.09,664.44,5.473,67.38,23.449,26.964,2.054,24.6,18.53,6732.7,80.58,666.01,5.52,67.52,23.405,26.922,2.018,24.651,18.548,INJECTOR_DEGRADATION,0.773,1.0,0.536,1.0,1.0,0.0,0.0,0.0,0.0
31.3,TAKEOFF,90.22,63.64,782.5,28.43,98.5,1.1378,6735.27,80.09,664.81,5.474,67.38,23.46,26.969,2.055,24.6,18.533,6738.11,80.53,665.89,5.458,67.27,23.363,26.907,2.051,24.591,18.428,INJECTOR_DEGRADATION,0.777,1.0,0.534,1.0,1.0,0.0,0.0,0.0,0.0
31.4,TAKEOFF,90.23,63.65,785.0,28.43,98.491,1.1377,6736.0,80.09,665.19,5.474,67.37,23.47,26.975,2.057,24.6,18.535,6736.04,79.24,668.0,5.448,67.0,23.644,27.005,2.061,24.593,18.512,INJECTOR_DEGRADATION,0.78,1.0,0.532,1.0,1.0,0.0,0.0,0.0,0.0
31.5,TAKEOFF,90.25,63.66,787.5,28.42,98.482,1.1376,6736.73,80.09,665.57,5.475,67.36,23.48,26.98,2.059,24.6,18.538,6737.52,79.36,665.88,5.42,66.95,23.754,26.983,2.007,24.62,18.554,INJECTOR_DEGRADATION,0.783,1.0,0.53,1.0,1.0,0.0,0.0,0.0,0.0
31.6,TAKEOFF,90.27,63.67,790.0,28.42,98.473,1.1376,6737.45,80.09,665.94,5.475,67.35,23.491,26.985,2.061,24.6,18.54,6730.76,79.9,667.81,5.52,67.47,23.401,27.01,2.037,24.577,18.47,INJECTOR_DEGRADATION,0.787,1.0,0.528,1.0,1.0,0.0,0.0,0.0,0.0
31.7,TAKEOFF,90.28,63.68,792.5,28.41,98.464,1.1375,6738.18,80.09,666.32,5.476,67.35,23.501,26.991,2.062,24.6,18.543,6736.55,79.42,665.88,5.46,67.8,23.572,27.13,1.991,24.604,18.508,INJECTOR_DEGRADATION,0.79,1.0,0.526,1.0,1.0,0.0,0.0,0.0,0.0
31.8,TAKEOFF,90.3,63.7,795.0,28.41,98.455,1.1374,6738.91,80.09,666.69,5.476,67.34,23.512,26.996,2.064,24.6,18.545,6731.24,79.38,667.55,5.456,67.76,23.603,26.989,2.102,24.607,18.454,INJECTOR_DEGRADATION,0.793,1.0,0.524,1.0,1.0,0.0,0.0,0.0,0.0
31.9,TAKEOFF,90.32,63.71,797.5,28.4,98.447,1.1373,6739.64,80.09,667.06,5.477,67.33,23.522,27.001,2.066,24.6,18.548,6740.98,79.7,666.24,5.477,67.36,23.557,27.016,2.047,24.631,18.61,INJECTOR_DEGRADATION,0.797,1.0,0.522,1.0,1.0,0.0,0.0,0.0,0.0
32.0,TAKEOFF,90.33,63.72,800.0,28.4,98.438,1.1372,6740.36,80.09,667.44,5.477,67.32,23.533,27.007,2.068,24.6,18.55,6733.96,78.8,670.43,5.522,67.67,23.46,27.018,2.038,24.623,18.457,INJECTOR_DEGRADATION,0.8,1.0,0.52,1.0,1.0,0.0,0.0,0.0,0.0
32.1,TAKEOFF,90.35,63.73,802.5,28.39,98.429,1.1371,6741.09,80.09,667.81,5.477,67.32,23.543,27.012,2.07,24.6,18.553,6743.22,80.0,668.74,5.471,67.6,23.563,27.034,2.057,24.466,18.35,INJECTOR_DEGRADATION,0.803,1.0,0.518,1.0,1.0,0.0,0.0,0.0,0.0
32.2,TAKEOFF,90.37,63.74,805.0,28.39,98.42,1.1371,6741.82,80.09,668.19,5.478,67.31,23.553,27.017,2.071,24.6,18.555,6736.63,80.23,670.59,5.539,67.11,23.624,26.959,2.123,24.583,18.538,INJECTOR_DEGRADATION,0.807,1.0,0.516,1.0,1.0,0.0,0.0,0.0,0.0
32.3,TAKEOFF,90.38,63.75,807.5,28.38,98.411,1.137,6742.55,80.09,668.56,5.478,67.3,23.564,27.023,2.073,24.6,18.558,6747.9,79.61,667.68,5.435,67.57,23.492,26.969,2.201,24.568,18.651,INJECTOR_DEGRADATION,0.81,1.0,0.514,1.0,1.0,0.0,0.0,0.0,0.0
32.4,TAKEOFF,90.4,63.76,810.0,28.38,98.402,1.1369,6743.27,80.09,668.93,5.479,67.29,23.574,27.028,2.075,24.6,18.56,6740.61,80.32,669.72,5.432,68.05,23.505,27.026,2.072,24.512,18.782,INJECTOR_DEGRADATION,0.813,1.0,0.512,1.0,1.0,0.0,0.0,0.0,0.0
32.5,TAKEOFF,90.42,63.77,812.5,28.37,98.393,1.1368,6744.0,80.09,669.3,5.479,67.29,23.585,27.033,2.077,24.6,18.563,6743.22,81.05,666.87,5.52,66.94,23.514,27.123,2.025,24.581,18.303,INJECTOR_DEGRADATION,0.817,1.0,0.51,1.0,1.0,0.0,0.0,0.0,0.0
32.6,TAKEOFF,90.43,63.78,815.0,28.37,98.384,1.1367,6744.73,80.09,669.68,5.48,67.28,23.595,27.039,2.078,24.6,18.565,6740.98,79.46,670.38,5.47,67.45,23.59,27.161,2.132,24.578,18.507,INJECTOR_DEGRADATION,0.82,1.0,0.508,1.0,1.0,0.0,0.0,0.0,0.0
32.7,TAKEOFF,90.45,63.79,817.5,28.36,98.375,1.1366,6745.46,80.09,670.05,5.48,67.27,23.605,27.044,2.08,24.6,18.568,6740.33,80.15,668.15,5.465,66.67,23.792,27.002,2.059,24.634,18.645,INJECTOR_DEGRADATION,0.823,1.0,0.506,1.0,1.0,0.0,0.0,0.0,0.0
32.8,TAKEOFF,90.47,63.8,820.0,28.36,98.367,1.1365,6746.18,80.1,670.42,5.48,67.26,23.616,27.049,2.082,24.6,18.57,6739.87,79.59,671.01,5.497,67.41,23.439,27.08,2.039,24.537,18.472,INJECTOR_DEGRADATION,0.827,1.0,0.504,1.0,1.0,0.0,0.0,0.0,0.0
32.9,TAKEOFF,90.48,63.81,822.5,28.35,98.358,1.1365,6746.91,80.1,670.79,5.481,67.26,23.626,27.055,2.084,24.6,18.573,6752.48,80.71,670.76,5.507,67.57,23.624,27.028,1.963,24.667,18.556,INJECTOR_DEGRADATION,0.83,1.0,0.502,1.0,1.0,0.0,0.0,0.0,0.0
33.0,TAKEOFF,90.5,63.83,825.0,28.35,98.349,1.1364,6747.64,80.1,671.16,5.481,67.25,23.637,27.06,2.085,24.6,18.575,6746.69,79.57,671.62,5.435,67.16,23.674,27.088,2.164,24.643,18.421,INJECTOR_DEGRADATION,0.833,1.0,0.5,1.0,1.0,0.0,0.0,0.0,0.0
33.1,TAKEOFF,90.52,63.84,827.5,28.34,98.34,1.1363,6748.36,80.1,671.53,5.482,67.24,23.647,27.065,2.087,24.6,18.578,6744.98,80.59,672.04,5.502,67.47,23.627,27.002,2.185,24.658,18.566,INJECTOR_DEGRADATION,0.837,1.0,0.498,1.0,1.0,0.0,0.0,0.0,0.0
33.2,TAKEOFF,90.53,63.85,830.0,28.34,98.331,1.1362,6749.09,80.1,671.9,5.482,67.23,23.658,27.071,2.089,24.6,18.58,6759.31,80.23,671.32,5.496,67.17,23.629,27.186,2.042,24.637,18.452,INJECTOR_DEGRADATION,0.84,1.0,0.496,1.0,1.0,0.0,0.0,0.0,0.0
33.3,TAKEOFF,90.55,63.86,832.5,28.33,98.322,1.1361,6749.82,80.1,672.27,5.483,67.23,23.668,27.076,2.091,24.6,18.583,6746.29,79.33,669.21,5.511,67.33,23.713,27.113,2.011,24.592,18.591,INJECTOR_DEGRADATION,0.843,1.0,0.494,1.0,1.0,0.0,0.0,0.0,0.0
33.4,TAKEOFF,90.57,63.87,835.0,28.33,98.313,1.136,6750.55,80.1,672.64,5.483,67.22,23.679,27.081,2.092,24.6,18.585,6756.41,80.13,671.11,5.445,67.2,23.92,27.04,2.092,24.628,18.533,INJECTOR_DEGRADATION,0.847,1.0,0.492,1.0,1.0,0.0,0.0,0.0,0.0
33.5,TAKEOFF,90.58,63.88,837.5,28.32,98.304,1.136,6751.27,80.1,673.01,5.484,67.21,23.689,27.087,2.094,24.6,18.588,6752.62,80.09,672.84,5.478,66.62,23.534,27.055,2.092,24.585,18.474,INJECTOR_DEGRADATION,0.85,1.0,0.49,1.0,1.0,0.0,0.0,0.0,0.0
33.6,TAKEOFF,90.6,63.89,840.0,28.32,98.295,1.1359,6752.0,80.1,673.38,5.484,67.2,23.699,27.092,2.096,24.6,18.59,6747.76,79.95,673.92,5.477,67.54,23.678,27.037,2.085,24.573,18.577,INJECTOR_DEGRADATION,0.853,1.0,0.488,1.0,1.0,0.0,0.0,0.0,0.0
33.7,TAKEOFF,90.62,63.9,842.5,28.31,98.287,1.1358,6752.73,80.1,673.75,5.484,67.2,23.71,27.097,2.098,24.6,18.593,6757.28,80.84,674.65,5.451,67.2,23.6,27.137,2.099,24.628,18.421,INJECTOR_DEGRADATION,0.857,1.0,0.486,1.0,1.0,0.0,0.0,0.0,0.0
33.8,TAKEOFF,90.63,63.91,845.0,28.31,98.278,1.1357,6753.46,80.1,674.12,5.485,67.19,23.72,27.103,2.099,24.6,18.595,6756.74,79.97,673.07,5.481,67.19,23.726,27.099,2.112,24.609,18.485,INJECTOR_DEGRADATION,0.86,1.0,0.484,1.0,1.0,0.0,0.0,0.0,0.0
33.9,TAKEOFF,90.65,63.92,847.5,28.3,98.269,1.1356,6754.18,80.1,674.48,5.485,67.18,23.731,27.108,2.101,24.6,18.598,6759.13,80.49,674.48,5.426,66.75,23.879,27.118,2.054,24.544,18.614,INJECTOR_DEGRADATION,0.863,1.0,0.482,1.0,1.0,0.0,0.0,0.0,0.0
34.0,TAKEOFF,90.67,63.93,850.0,28.3,98.26,1.1355,6754.91,80.1,674.85,5.486,67.17,23.741,27.113,2.103,24.6,18.6,6757.38,80.96,676.52,5.499,66.77,23.902,27.09,2.151,24.592,18.647,INJECTOR_DEGRADATION,0.867,1.0,0.48,1.0,1.0,0.0,0.0,0.0,0.0
34.1,TAKEOFF,90.68,63.94,852.5,28.29,98.251,1.1355,6755.64,80.1,675.22,5.486,67.17,23.752,27.119,2.105,24.6,18.603,6752.45,79.91,677.48,5.507,67.22,23.94,27.108,2.082,24.663,18.794,INJECTOR_DEGRADATION,0.87,1.0,0.478,1.0,1.0,0.0,0.0,0.0,0.0
34.2,TAKEOFF,90.7,63.96,855.0,28.29,98.242,1.1354,6756.36,80.1,675.59,5.487,67.16,23.762,27.124,2.106,24.6,18.605,6762.72,80.81,673.47,5.453,67.18,23.781,27.21,2.07,24.668,18.719,INJECTOR_DEGRADATION,0.873,1.0,0.476,1.0,1.0,0.0,0.0,0.0,0.0
34.3,TAKEOFF,90.72,63.97,857.5,28.28,98.233,1.1353,6757.09,80.1,675.95,5.487,67.15,23.773,27.129,2.108,24.6,18.608,6753.7,79.3,677.51,5.476,66.83,23.747,27.155,2.081,24.62,18.645,INJECTOR_DEGRADATION,0.877,1.0,0.474,1.0,1.0,0.0,0.0,0.0,0.0
34.4,TAKEOFF,90.73,63.98,860.0,28.28,98.224,1.1352,6757.82,80.11,676.32,5.488,67.14,23.783,27.135,2.11,24.6,18.61,6758.64,79.61,676.42,5.46,67.2,23.756,27.016,2.111,24.638,18.472,INJECTOR_DEGRADATION,0.88,1.0,0.472,1.0,1.0,0.0,0.0,0.0,0.0
34.5,TAKEOFF,90.75,63.99,862.5,28.27,98.216,1.1351,6758.54,80.11,676.69,5.488,67.14,23.794,27.14,2.112,24.6,18.613,6759.31,80.48,677.01,5.476,66.75,23.799,27.129,2.141,24.544,18.697,INJECTOR_DEGRADATION,0.883,1.0,0.47,1.0,1.0,0.0,0.0,0.0,0.0
34.6,TAKEOFF,90.77,64.0,865.0,28.27,98.207,1.135,6759.27,80.11,677.05,5.488,67.13,23.804,27.145,2.114,24.6,18.615,6760.73,80.34,675.26,5.456,67.12,23.788,27.152,2.033,24.677,18.542,INJECTOR_DEGRADATION,0.887,1.0,0.468,1.0,1.0,0.0,0.0,0.0,0.0
34.7,TAKEOFF,90.78,64.01,867.5,28.26,98.198,1.135,6760.0,80.11,677.42,5.489,67.12,23.814,27.151,2.115,24.6,18.618,6758.8,79.47,680.43,5.555,66.72,23.919,27.114,2.041,24.532,18.671,INJECTOR_DEGRADATION,0.89,1.0,0.466,1.0,1.0,0.0,0.0,0.0,0.0
34.8,TAKEOFF,90.8,64.02,870.0,28.26,98.189,1.1349,6760.73,80.11,677.79,5.489,67.11,23.825,27.156,2.117,24.6,18.62,6752.25,81.21,677.64,5.456,67.37,23.731,27.23,2.032,24.547,18.697,INJECTOR_DEGRADATION,0.893,1.0,0.464,1.0,1.0,0.0,0.0,0.0,0.0
34.9,TAKEOFF,90.82,64.03,872.5,28.25,98.18,1.1348,6761.45,80.11,678.15,5.49,67.11,23.835,27.161,2.119,24.6,18.623,6755.36,79.22,679.74,5.463,66.8,24.045,27.158,2.131,24.551,18.516,INJECTOR_DEGRADATION,0.897,1.0,0.462,1.0,1.0,0.0,0.0,0.0,0.0
35.0,TAKEOFF,90.83,64.04,875.0,28.25,98.171,1.1347,6762.18,80.11,678.52,5.49,67.1,23.846,27.167,2.121,24.6,18.625,6760.02,80.46,680.71,5.491,67.33,23.779,27.147,2.138,24.614,18.703,INJECTOR_DEGRADATION,0.9,1.0,0.46,1.0,1.0,0.0,0.0,0.0,0.0
35.1,TAKEOFF,90.85,64.05,877.5,28.24,98.162,1.1346,6762.91,80.11,678.88,5.491,67.09,23.856,27.172,2.122,24.6,18.628,6759.59,80.17,676.65,5.479,67.37,23.681,27.226,2.039,24.58,18.683,INJECTOR_DEGRADATION,0.903,1.0,0.458,1.0,1.0,0.0,0.0,0.0,0.0
35.2,TAKEOFF,90.87,64.06,880.0,28.24,98.153,1.1345,6763.63,80.11,679.25,5.491,67.08,23.867,27.177,2.124,24.6,18.63,6770.6,79.89,676.99,5.443,67.07,23.878,27.18,2.11,24.537,18.639,INJECTOR_DEGRADATION,0.907,1.0,0.456,1.0,1.0,0.0,0.0,0.0,0.0
35.3,TAKEOFF,90.88,64.07,882.5,28.23,98.145,1.1345,6764.36,80.11,679.61,5.491,67.08,23.877,27.183,2.126,24.6,18.633,6767.06,80.42,677.97,5.491,67.0,23.812,27.069,2.242,24.675,18.662,INJECTOR_DEGRADATION,0.91,1.0,0.454,1.0,1.0,0.0,0.0,0.0,0.0
35.4,TAKEOFF,90.9,64.09,885.0,28.23,98.136,1.1344,6765.09,80.11,679.98,5.492,67.07,23.888,27.188,2.128,24.6,18.635,6763.14,79.91,680.73,5.471,67.41,23.985,27.194,2.085,24.579,18.61,INJECTOR_DEGRADATION,0.913,1.0,0.452,1.0,1.0,0.0,0.0,0.0,0.0
35.5,TAKEOFF,90.92,64.1,887.5,28.22,98.127,1.1343,6765.81,80.11,680.34,5.492,67.06,23.898,27.193,2.129,24.6,18.638,6768.31,80.74,680.15,5.494,67.03,23.741,27.399,2.104,24.575,18.63,INJECTOR_DEGRADATION,0.917,1.0,0.45,1.0,1.0,0.0,0.0,0.0,0.0
35.6,TAKEOFF,90.93,64.11,890.0,28.22,98.118,1.1342,6766.54,80.11,680.71,5.493,67.06,23.909,27.199,2.131,24.6,18.64,6764.84,80.51,680.99,5.5,66.76,23.664,27.172,2.044,24.636,18.723,INJECTOR_DEGRADATION,0.92,1.0,0.448,1.0,1.0,0.0,0.0,0.0,0.0
35.7,TAKEOFF,90.95,64.12,892.5,28.21,98.109,1.1341,6767.27,80.11,681.07,5.493,67.05,23.919,27.204,2.133,24.6,18.643,6767.54,79.63,681.05,5.452,67.0,23.894,27.128,2.15,24.583,18.809,INJECTOR_DEGRADATION,0.923,1.0,0.446,1.0,1.0,0.0,0.0,0.0,0.0
35.8,TAKEOFF,90.97,64.13,895.0,28.21,98.1,1.134,6768.0,80.11,681.43,5.494,67.04,23.93,27.209,2.135,24.6,18.645,6767.33,80.18,682.83,5.497,66.67,23.94,27.211,2.157,24.596,18.566,INJECTOR_DEGRADATION,0.927,1.0,0.444,1.0,1.0,0.0,0.0,0.0,0.0
35.9,TAKEOFF,90.98,64.14,897.5,28.2,98.091,1.134,6768.72,80.12,681.8,5.494,67.03,23.94,27.215,2.136,24.6,18.648,6769.78,80.2,681.83,5.49,67.32,23.884,27.137,2.114,24.68,18.805,INJECTOR_DEGRADATION,0.93,1.0,0.442,1.0,1.0,0.0,0.0,0.0,0.0
36.0,TAKEOFF,91.0,64.15,900.0,28.2,98.083,1.1339,6769.45,80.12,682.16,5.495,67.03,23.951,27.22,2.138,24.6,18.65,6766.01,79.58,682.91,5.495,67.04,23.869,27.283,2.142,24.599,18.674,INJECTOR_DEGRADATION,0.933,1.0,0.44,1.0,1.0,0.0,0.0,0.0,0.0
36.1,TAKEOFF,91.02,64.16,902.5,28.19,98.074,1.1338,6770.18,80.12,682.52,5.495,67.02,23.961,27.225,2.14,24.6,18.653,6766.94,80.81,680.7,5.506,66.34,23.855,27.188,2.155,24.645,18.621,INJECTOR_DEGRADATION,0.937,1.0,0.438,1.0,1.0,0.0,0.0,0.0,0.0
36.2,TAKEOFF,91.03,64.17,905.0,28.19,98.065,1.1337,6770.9,80.12,682.89,5.495,67.01,23.972,27.231,2.142,24.6,18.655,6767.49,79.39,683.66,5.512,67.19,24.029,27.241,2.211,24.577,18.553,INJECTOR_DEGRADATION,0.94,1.0,0.436,1.0,1.0,0.0,0.0,0.0,0.0
36.3,TAKEOFF,91.05,64.18,907.5,28.18,98.056,1.1336,6771.63,80.12,683.25,5.496,67.0,23.982,27.236,2.143,24.6,18.658,6776.76,80.13,684.87,5.518,67.11,23.938,27.277,2.174,24.606,18.609,INJECTOR_DEGRADATION,0.943,1.0,0.434,1.0,1.0,0.0,0.0,0.0,0.0
36.4,TAKEOFF,91.07,64.19,910.0,28.18,98.047,1.1335,6772.36,80.12,683.61,5.496,67.0,23.993,27.241,2.145,24.6,18.66,6771.6,80.16,682.3,5.555,66.93,23.929,27.266,2.022,24.58,18.747,INJECTOR_DEGRADATION,0.947,1.0,0.432,1.0,1.0,0.0,0.0,0.0,0.0
36.5,TAKEOFF,91.08,64.2,912.5,28.17,98.038,1.1335,6773.08,80.12,683.97,5.497,66.99,24.003,27.247,2.147,24.6,18.663,6773.16,80.21,683.86,5.475,67.5,23.886,27.258,2.174,24.596,18.736,INJECTOR_DEGRADATION,0.95,1.0,0.43,1.0,1.0,0.0,0.0,0.0,0.0
36.6,TAKEOFF,91.1,64.22,915.0,28.17,98.029,1.1334,6773.81,80.12,684.34,5.497,66.98,24.014,27.252,2.149,24.6,18.665,6776.18,80.23,684.24,5.522,66.93,23.901,27.197,2.149,24.598,18.64,INJECTOR_DEGRADATION,0.953,1.0,0.428,1.0,1.0,0.0,0.0,0.0,0.0
36.7,TAKEOFF,91.12,64.23,917.5,28.16,98.021,1.1333,6774.54,80.12,684.7,5.498,66.97,24.024,27.257,2.15,24.6,18.668,6774.05,79.82,684.31,5.515,66.61,23.965,27.35,2.234,24.579,18.607,INJECTOR_DEGRADATION,0.957,1.0,0.426,1.0,1.0,0.0,0.0,0.0,0.0
36.8,TAKEOFF,91.13,64.24,920.0,28.16,98.012,1.1332,6775.26,80.12,685.06,5.498,66.97,24.035,27.263,2.152,24.6,18.67,6781.39,80.29,686.36,5.493,67.09,24.122,27.326,2.198,24.566,18.84,INJECTOR_DEGRADATION,0.96,1.0,0.424,1.0,1.0,0.0,0.0,0.0,0.0
36.9,TAKEOFF,91.15,64.25,922.5,28.15,98.003,1.1331,6775.99,80.12,685.42,5.498,66.96,24.045,27.268,2.154,24.6,18.673,6778.32,79.93,684.71,5.472,67.01,24.012,27.218,2.246,24.659,18.736,INJECTOR_DEGRADATION,0.963,1.0,0.422,1.0,1.0,0.0,0.0,0.0,0.0
37.0,TAKEOFF,91.17,64.26,925.0,28.15,97.994,1.133,6776.72,80.12,685.79,5.499,66.95,24.056,27.273,2.156,24.6,18.675,6784.34,79.89,685.38,5.472,66.78,23.982,27.301,2.135,24.561,18.696,INJECTOR_DEGRADATION,0.967,1.0,0.42,1.0,1.0,0.0,0.0,0.0,0.0
37.1,TAKEOFF,91.18,64.27,927.5,28.14,97.985,1.1329,6777.44,80.12,686.15,5.499,66.95,24.066,27.279,2.157,24.6,18.678,6781.49,80.49,686.17,5.512,67.19,24.132,27.257,2.165,24.625,18.735,INJECTOR_DEGRADATION,0.97,1.0,0.418,1.0,1.0,0.0,0.0,0.0,0.0
37.2,TAKEOFF,91.2,64.28,930.0,28.14,97.976,1.1329,6778.17,80.12,686.51,5.5,66.94,24.077,27.284,2.159,24.6,18.68,6777.56,80.37,685.13,5.495,67.14,24.303,27.27,2.209,24.527,18.582,INJECTOR_DEGRADATION,0.973,1.0,0.416,1.0,1.0,0.0,0.0,0.0,0.0
37.3,TAKEOFF,91.22,64.29,932.5,28.13,97.967,1.1328,6778.9,80.13,686.87,5.5,66.93,24.087,27.289,2.161,24.6,18.683,6785.36,79.82,687.71,5.515,67.19,24.205,27.345,2.192,24.674,18.566,INJECTOR_DEGRADATION,0.977,1.0,0.414,1.0,1.0,0.0,0.0,0.0,0.0
37.4,TAKEOFF,91.23,64.3,935.0,28.13,97.959,1.1327,6779.62,80.13,687.23,5.501,66.92,24.098,27.295,2.163,24.6,18.685,6776.65,79.88,687.25,5.506,66.54,23.934,27.376,2.264,24.632,18.583,INJECTOR_DEGRADATION,0.98,1.0,0.412,1.0,1.0,0.0,0.0,0.0,0.0
37.5,TAKEOFF,91.25,64.31,937.5,28.12,97.95,1.1326,6780.35,80.13,687.59,5.501,66.92,24.108,27.3,2.165,24.6,18.688,6780.81,80.52,689.13,5.476,66.77,24.127,27.373,2.185,24.65,18.715,INJECTOR_DEGRADATION,0.983,1.0,0.41,1.0,1.0,0.0,0.0,0.0,0.0
37.6,TAKEOFF,91.27,64.32,940.0,28.12,97.941,1.1325,6781.08,80.13,687.95,5.501,66.91,24.119,27.305,2.166,24.6,18.69,6780.65,80.71,686.45,5.493,66.55,24.139,27.249,2.148,24.656,18.638,INJECTOR_DEGRADATION,0.987,1.0,0.408,1.0,1.0,0.0,0.0,0.0,0.0
37.7,TAKEOFF,91.28,64.33,942.5,28.11,97.932,1.1324,6781.8,80.13,688.31,5.502,66.9,24.13,27.311,2.168,24.6,18.693,6775.46,80.3,688.32,5.51,66.65,24.207,27.276,2.146,24.628,18.626,INJECTOR_DEGRADATION,0.99,1.0,0.406,1.0,1.0,0.0,0.0,0.0,0.0
37.8,TAKEOFF,91.3,64.35,945.0,28.11,97.923,1.1324,6782.53,80.13,688.67,5.502,66.89,24.14,27.316,2.17,24.6,18.695,6780.16,80.14,689.74,5.539,66.31,24.162,27.245,2.2,24.635,18.812,INJECTOR_DEGRADATION,0.993,1.0,0.404,1.0,1.0,0.0,0.0,0.0,0.0
37.9,TAKEOFF,91.32,64.36,947.5,28.1,97.914,1.1323,6783.26,80.13,689.03,5.503,66.89,24.151,27.321,2.172,24.6,18.698,6779.69,80.62,689.32,5.494,66.99,24.234,27.299,2.161,24.502,18.611,INJECTOR_DEGRADATION,0.997,1.0,0.402,1.0,1.0,0.0,0.0,0.0,0.0
38.0,TAKEOFF,91.33,64.37,950.0,28.1,97.906,1.1322,6783.98,80.13,689.39,5.503,66.88,24.161,27.327,2.173,24.6,18.7,6791.83,80.48,688.24,5.535,66.45,24.274,27.373,2.152,24.599,18.667,INJECTOR_DEGRADATION,1.0,1.0,0.4,1.0,1.0,0.0,0.0,0.0,0.0
38.1,TAKEOFF,91.35,64.38,952.5,28.09,97.897,1.1321,6784.71,80.13,689.75,5.504,66.87,24.165,27.327,2.173,24.6,18.703,6784.98,81.11,690.29,5.526,67.01,24.182,27.399,2.138,24.648,18.648,INJECTOR_DEGRADATION,1.0,1.0,0.4,1.0,1.0,0.0,0.0,0.0,0.0
38.2,TAKEOFF,91.37,64.39,955.0,28.09,97.888,1.132,6785.44,80.13,690.1,5.504,66.87,24.169,27.327,2.174,24.6,18.705,6785.42,80.99,690.17,5.513,67.13,24.162,27.22,2.199,24.514,18.714,INJECTOR_DEGRADATION,1.0,1.0,0.4,1.0,1.0,0.0,0.0,0.0,0.0
38.3,TAKEOFF,91.38,64.4,957.5,28.08,97.879,1.1319,6786.16,80.13,690.45,5.505,66.86,24.173,27.328,2.174,24.6,18.708,6785.17,80.1,689.78,5.496,67.06,23.958,27.381,2.201,24.629,18.573,INJECTOR_DEGRADATION,1.0,1.0,0.4,1.0,1.0,0.0,0.0,0.0,0.0
38.4,TAKEOFF,91.4,64.41,960.0,28.08,97.87,1.1319,6786.89,80.13,690.8,5.505,66.85,24.177,27.328,2.174,24.6,18.71,6788.9,80.19,690.13,5.489,67.17,24.092,27.258,2.159,24.549,18.742,INJECTOR_DEGRADATION,1.0,1.0,0.4,1.0,1.0,0.0,0.0,0.0,0.0
38.5,TAKEOFF,91.42,64.42,962.5,28.07,97.861,1.1318,6787.62,80.13,691.14,5.505,66.84,24.181,27.328,2.174,24.6,18.713,6791.02,79.85,692.94,5.469,66.96,24.159,27.377,2.16,24.621,18.516,INJECTOR_DEGRADATION,1.0,1.0,0.4,1.0,1.0,0.0,0.0,0.0,0.0
38.6,TAKEOFF,91.43,64.43,965.0,28.07,97.852,1.1317,6788.34,80.14,691.48,5.506,66.84,24.184,27.329,2.174,24.6,18.715,6800.76,79.66,692.35,5.483,66.94,24.226,27.426,2.153,24.543,18.952,INJECTOR_DEGRADATION,1.0,1.0,0.4,1.0,1.0,0.0,0.0,0.0,0.0
38.7,TAKEOFF,91.45,64.44,967.5,28.06,97.844,1.1316,6789.07,80.14,691.81,5.506,66.83,24.188,27.329,2.174,24.6,18.718,6794.17,80.28,693.02,5.517,66.57,24.194,27.361,2.261,24.577,18.74,INJECTOR_DEGRADATION,1.0,1.0,0.4,1.0,1.0,0.0,0.0,0.0,0.0
38.8,TAKEOFF,91.47,64.45,970.0,28.06,97.835,1.1315,6789.8,80.14,692.14,5.507,66.82,24.192,27.329,2.175,24.6,18.72,6790.03,79.77,693.83,5.471,66.66,24.106,27.355,2.178,24.583,18.664,INJECTOR_DEGRADATION,1.0,1.0,0.4,1.0,1.0,0.0,0.0,0.0,0.0
38.9,TAKEOFF,91.48,64.46,972.5,28.05,97.826,1.1314,6790.52,80.14,692.47,5.507,66.82,24.196,27.33,2.175,24.6,18.723,6787.85,79.66,691.13,5.562,66.63,24.273,27.328,2.111,24.498,18.664,INJECTOR_DEGRADATION,1.0,1.0,0.4,1.0,1.0,0.0,0.0,0.0,0.0
39.0,TAKEOFF,91.5,64.48,975.0,28.05,97.817,1.1314,6791.25,80.14,692.79,5.508,66.81,24.2,27.33,2.175,24.6,18.725,6788.44,79.9,694.04,5.529,66.85,24.312,27.302,2.142,24.613,18.834,INJECTOR_DEGRADATION,1.0,1.0,0.4,1.0,1.0,0.0,0.0,0.0,0.0
39.1,TAKEOFF,91.52,64.49,977.5,28.04,97.808,1.1313,6791.97,80.14,693.11,5.508,66.8,24.204,27.33,2.175,24.6,18.728,6789.0,79.55,692.55,5.521,66.88,24.106,27.292,2.038,24.634,18.754,INJECTOR_DEGRADATION,1.0,1.0,0.4,1.0,1.0,0.0,0.0,0.0,0.0
39.2,TAKEOFF,91.53,64.5,980.0,28.04,97.799,1.1312,6792.7,80.14,693.43,5.508,66.79,24.208,27.331,2.175,24.6,18.73,6797.39,80.62,694.55,5.521,67.07,24.15,27.35,2.178,24.663,18.755,INJECTOR_DEGRADATION,1.0,1.0,0.4,1.0,1.0,0.0,0.0,0.0,0.0
39.3,TAKEOFF,91.55,64.51,982.5,28.03,97.791,1.1311,6793.43,80.14,693.74,5.509,66.79,24.212,27.331,2.175,24.6,18.733,6787.65,79.94,691.3,5.464,67.19,24.295,27.403,2.171,24.603,18.764,INJECTOR_DEGRADATION,1.0,1.0,0.4,1.0,1.0,0.0,0.0,0.0,0.0
39.4,TAKEOFF,91.57,64.52,985.0,28.03,97.782,1.131,6794.15,80.14,694.05,5.509,66.78,24.216,27.331,2.176,24.6,18.735,6795.8,79.54,692.56,5.51,66.91,24.12,27.408,2.078,24.633,18.723,INJECTOR_DEGRADATION,1.0,1.0,0.4,1.0,1.0,0.0,0.0,0.0,0.0
39.5,TAKEOFF,91.58,64.53,987.5,28.02,97.773,1.1309,6794.88,80.14,694.36,5.51,66.77,24.219,27.332,2.176,24.6,18.738,6799.44,80.35,695.75,5.517,66.77,24.233,27.35,2.204,24.573,18.875,INJECTOR_DEGRADATION,1.0,1.0,0.4,1.0,1.0,0.0,0.0,0.0,0.0
39.6,TAKEOFF,91.6,64.54,990.0,28.02,97.764,1.1309,6795.61,80.14,694.66,5.51,66.76,24.223,27.332,2.176,24.6,18.74,6801.09,79.21,695.38,5.506,66.62,24.184,27.284,2.178,24.55,18.643,INJECTOR_DEGRADATION,1.0,1.0,0.4,1.0,1.0,0.0,0.0,0.0,0.0
39.7,TAKEOFF,91.62,64.55,992.5,28.01,97.755,1.1308,6796.33,80.14,694.96,5.511,66.76,24.227,27.332,2.176,24.6,18.743,6800.88,81.03,693.33,5.464,66.71,24.285,27.273,2.212,24.497,18.56,INJECTOR_DEGRADATION,1.0,1.0,0.4,1.0,1.0,0.0,0.0,0.0,0.0
39.8,TAKEOFF,91.63,64.56,995.0,28.01,97.746,1.1307,6797.06,80.14,695.26,5.511,66.75,24.231,27.333,2.176,24.6,18.745,6794.32,79.32,698.55,5.496,66.61,24.191,27.308,2.175,24.567,18.883,INJECTOR_DEGRADATION,1.0,1.0,0.4,1.0,1.0,0.0,0.0,0.0,0.0
39.9,TAKEOFF,91.65,64.57,997.5,28.0,97.738,1.1306,6797.79,80.15,695.55,5.512,66.74,24.235,27.333,2.176,24.6,18.748,6793.0,80.02,694.04,5.503,66.79,24.292,27.352,2.115,24.664,18.742,INJECTOR_DEGRADATION,1.0,1.0,0.4,1.0,1.0,0.0,0.0,0.0,0.0
40.0,TAKEOFF,91.67,64.58,1000.0,28.0,97.729,1.1305,6798.51,80.15,695.84,5.512,66.74,24.239,27.333,2.177,24.6,18.75,6802.02,79.86,694.64,5.517,66.78,24.251,27.295,2.23,24.586,18.607,INJECTOR_DEGRADATION,1.0,1.0,0.4,1.0,1.0,0.0,0.0,0.0,0.0
40.1,TAKEOFF,91.68,64.59,1002.5,27.99,97.72,1.1304,6799.24,80.15,696.13,5.512,66.73,24.243,27.334,2.177,24.6,18.753,6807.94,80.23,695.51,5.519,66.32,24.271,27.204,2.198,24.652,18.793,INJECTOR_DEGRADATION,1.0,1.0,0.4,1.0,1.0,0.0,0.0,0.0,0.0
40.2,TAKEOFF,91.7,64.61,1005.0,27.99,97.711,1.1304,6799.96,80.15,696.42,5.513,66.72,24.247,27.334,2.177,24.6,18.755,6800.89,80.27,696.01,5.525,66.93,24.232,27.314,2.19,24.585,18.986,INJECTOR_DEGRADATION,1.0,1.0,0.4,1.0,1.0,0.0,0.0,0.0,0.0
40.3,TAKEOFF,91.72,64.62,1007.5,27.98,97.702,1.1303,6800.69,80.15,696.7,5.513,66.71,24.251,27.334,2.177,24.6,18.758,6799.3,80.83,695.7,5.456,67.13,24.455,27.374,2.2,24.69,18.789,INJECTOR_DEGRADATION,1.0,1.0,0.4,1.0,1.0,0.0,0.0,0.0,0.0
40.4,TAKEOFF,91.73,64.63,1010.0,27.98,97.693,1.1302,6801.42,80.15,696.98,5.514,66.71,24.255,27.335,2.177,24.6,18.76,6799.75,80.4,696.51,5.503,66.23,24.161,27.263,2.27,24.545,18.726,INJECTOR_DEGRADATION,1.0,1.0,0.4,1.0,1.0,0.0,0.0,0.0,0.0
40.5,TAKEOFF,91.75,64.64,1012.5,27.97,97.685,1.1301,6802.14,80.15,697.26,5.514,66.7,24.258,27.335,2.177,24.6,18.763,6808.0,80.22,694.97,5.517,66.81,24.3,27.384,2.253,24.553,18.9,INJECTOR_DEGRADATION,1.0,1.0,0.4,1.0,1.0,0.0,0.0,0.0,0.0
40.6,TAKEOFF,91.77,64.65,1015.0,27.97,97.676,1.13,6802.87,80.15,697.53,5.515,66.69,24.262,27.335,2.177,24.6,18.765,6803.87,80.29,694.69,5.553,66.69,24.231,27.334,2.145,24.614,18.839,INJECTOR_DEGRADATION,1.0,1.0,0.4,1.0,1.0,0.0,0.0,0.0,0.0
40.7,TAKEOFF,91.78,64.66,1017.5,27.96,97.667,1.1299,6803.6,80.15,697.8,5.515,66.69,24.266,27.336,2.178,24.6,18.768,6803.74,80.4,698.56,5.501,66.91,24.353,27.46,2.121,24.595,18.659,INJECTOR_DEGRADATION,1.0,1.0,0.4,1.0,1.0,0.0,0.0,0.0,0.0
40.8,TAKEOFF,91.8,64.67,1020.0,27.96,97.658,1.1299,6804.32,80.15,698.07,5.515,66.68,24.27,27.336,2.178,24.6,18.77,6806.7,79.74,699.56,5.514,66.88,24.43,27.379,2.247,24.544,18.679,INJECTOR_DEGRADATION,1.0,1.0,0.4,1.0,1.0,0.0,0.0,0.0,0.0
40.9,TAKEOFF,91.82,64.68,1022.5,27.95,97.649,1.1298,6805.05,80.15,698.33,5.516,66.67,24.274,27.336,2.178,24.6,18.773,6812.17,79.99,700.34,5.51,66.62,24.301,27.395,2.144,24.586,18.77,INJECTOR_DEGRADATION,1.0,1.0,0.4,1.0,1.0,0.0,0.0,0.0,0.0
41.0,TAKEOFF,91.83,64.69,1025.0,27.95,97.641,1.1297,6805.77,80.15,698.6,5.516,66.66,24.278,27.337,2.178,24.6,18.775,6813.49,80.2,699.45,5.455,66.33,24.206,27.348,2.111,24.658,18.889,INJECTOR_DEGRADATION,1.0,1.0,0.4,1.0,1.0,0.0,0.0,0.0,0.0
41.1,TAKEOFF,91.85,64.7,1027.5,27.94,97.632,1.1296,6806.5,80.15,698.86,5.517,66.66,24.282,27.337,2.178,24.6,18.778,6805.4,80.83,697.92,5.511,66.91,24.11,27.391,2.23,24.682,18.53,INJECTOR_DEGRADATION,1.0,1.0,0.4,1.0,1.0,0.0,0.0,0.0,0.0
41.2,TAKEOFF,91.87,64.71,1030.0,27.94,97.623,1.1295,6807.23,80.16,699.11,5.517,66.65,24.286,27.337,2.178,24.6,18.78,6811.83,80.09,698.42,5.494,66.07,24.468,27.232,2.134,24.656,18.728,INJECTOR_DEGRADATION,1.0,1.0,0.4,1.0,1.0,0.0,0.0,0.0,0.0
41.3,TAKEOFF,91.88,64.72,1032.5,27.93,97.614,1.1294,6807.95,80.16,699.37,5.518,66.64,24.29,27.338,2.179,24.6,18.783,6809.29,81.11,697.2,5.547,66.89,24.471,27.403,2.105,24.614,18.859,INJECTOR_DEGRADATION,1.0,1.0,0.4,1.0,1.0,0.0,0.0,0.0,0.0
41.4,TAKEOFF,91.9,64.74,1035.0,27.93,97.605,1.1294,6808.68,80.16,699.62,5.518,66.64,24.293,27.338,2.179,24.6,18.785,6812.36,79.76,699.1,5.523,66.47,24.362,27.348,2.154,24.567,18.922,INJECTOR_DEGRADATION,1.0,1.0,0.4,1.0,1.0,0.0,0.0,0.0,0.0
41.5,TAKEOFF,91.92,64.75,1037.5,27.92,97.596,1.1293,6809.4,80.16,699.87,5.519,66.63,24.297,27.338,2.179,24.6,18.788,6811.99,79.78,700.67,5.522,67.11,24.423,27.258,2.216,24.579,18.723,INJECTOR_DEGRADATION,1.0,1.0,0.4,1.0,1.0,0.0,0.0,0.0,0.0
41.6,TAKEOFF,91.93,64.76,1040.0,27.92,97.588,1.1292,6810.13,80.16,700.12,5.519,66.62,24.301,27.339,2.179,24.6,18.79,6817.88,79.55,698.88,5.513,66.34,24.195,27.418,2.189,24.616,18.938,INJECTOR_DEGRADATION,1.0,1.0,0.4,1.0,1.0,0.0,0.0,0.0,0.0
41.7,TAKEOFF,91.95,64.77,1042.5,27.91,97.579,1.1291,6810.86,80.16,700.36,5.519,66.61,24.305,27.339,2.179,24.6,18.793,6804.13,78.87,699.05,5.528,67.24,24.248,27.302,2.159,24.575,18.816,INJECTOR_DEGRADATION,1.0,1.0,0.4,1.0,1.0,0.0,0.0,0.0,0.0
41.8,TAKEOFF,91.97,64.78,1045.0,27.91,97.57,1.129,6811.58,80.16,700.6,5.52,66.61,24.309,27.339,2.179,24.6,18.795,6814.82,80.73,699.32,5.581,66.5,24.238,27.405,2.206,24.53,18.973,INJECTOR_DEGRADATION,1.0,1.0,0.4,1.0,1.0,0.0,0.0,0.0,0.0
41.9,TAKEOFF,91.98,64.79,1047.5,27.9,97.561,1.1289,6812.31,80.16,700.84,5.52,66.6,24.313,27.34,2.18,24.6,18.798,6810.69,79.84,702.0,5.5,66.48,24.295,27.393,2.058,24.603,18.799,INJECTOR_DEGRADATION,1.0,1.0,0.4,1.0,1.0,0.0,0.0,0.0,0.0
42.0,TAKEOFF,92.0,64.8,1050.0,27.9,97.552,1.1289,6813.03,80.16,701.08,5.521,66.59,24.317,27.34,2.18,24.6,18.8,6809.47,80.5,698.73,5.504,66.39,24.434,27.283,2.223,24.619,18.732,INJECTOR_DEGRADATION,1.0,1.0,0.4,1.0,1.0,0.0,0.0,0.0,0.0
42.1,TAKEOFF,92.02,64.81,1052.5,27.89,97.544,1.1288,6813.76,80.16,701.32,5.521,66.59,24.321,27.34,2.18,24.6,18.803,6804.07,79.58,703.03,5.564,66.72,24.38,27.292,2.207,24.644,18.776,INJECTOR_DEGRADATION,1.0,1.0,0.4,1.0,1.0,0.0,0.0,0.0,0.0
42.2,TAKEOFF,92.03,64.82,1055.0,27.89,97.535,1.1287,6814.49,80.16,701.55,5.522,66.58,24.325,27.341,2.18,24.6,18.805,6815.03,79.75,702.44,5.554,66.36,24.331,27.331,2.191,24.739,18.849,INJECTOR_DEGRADATION,1.0,1.0,0.4,1.0,1.0,0.0,0.0,0.0,0.0
42.3,TAKEOFF,92.05,64.83,1057.5,27.88,97.526,1.1286,6815.21,80.16,701.78,5.522,66.57,24.328,27.341,2.18,24.6,18.808,6810.29,80.6,704.42,5.541,66.94,24.321,27.349,2.095,24.602,18.705,INJECTOR_DEGRADATION,1.0,1.0,0.4,1.0,1.0,0.0,0.0,0.0,0.0
42.4,TAKEOFF,92.07,64.84,1060.0,27.88,97.517,1.1285,6815.94,80.17,702.01,5.522,66.57,24.332,27.341,2.18,24.6,18.81,6814.27,80.2,704.0,5.536,66.82,24.301,27.327,2.249,24.537,18.787,INJECTOR_DEGRADATION,1.0,1.0,0.4,1.0,1.0,0.0,0.0,0.0,0.0
42.5,TAKEOFF,92.08,64.85,1062.5,27.87,97.508,1.1284,6816.66,80.17,702.23,5.523,66.56,24.336,27.342,2.18,24.6,18.813,6816.19,80.27,701.86,5.464,67.06,24.491,27.341,2.175,24.644,18.893,INJECTOR_DEGRADATION,1.0,1.0,0.4,1.0,1.0,0.0,0.0,0.0,0.0
42.6,TAKEOFF,92.1,64.87,1065.0,27.87,97.499,1.1284,6817.39,80.17,702.46,5.523,66.55,24.34,27.342,2.181,24.6,18.815,6822.07,79.0,702.0,5.512,66.5,24.353,27.232,2.125,24.516,18.804,INJECTOR_DEGRADATION,1.0,1.0,0.4,1.0,1.0,0.0,0.0,0.0,0.0
42.7,TAKEOFF,92.12,64.88,1067.5,27.86,97.491,1.1283,6818.12,80.17,702.68,5.524,66.54,24.344,27.342,2.181,24.6,18.818,6817.82,80.36,702.92,5.503,66.81,24.281,27.331,2.178,24.568,18.864,INJECTOR_DEGRADATION,1.0,1.0,0.4,1.0,1.0,0.0,0.0,0.0,0.0
42.8,TAKEOFF,92.13,64.89,1070.0,27.86,97.482,1.1282,6818.84,80.17,702.9,5.524,66.54,24.348,27.343,2.181,24.6,18.82,6826.47,79.83,700.63,5.547,66.55,24.271,27.344,2.117,24.538,18.823,INJECTOR_DEGRADATION,1.0,1.0,0.4,1.0,1.0,0.0,0.0,0.0,0.0
42.9,TAKEOFF,92.15,64.9,1072.5,27.85,97.473,1.1281,6819.57,80.17,703.11,5.525,66.53,24.352,27.343,2.181,24.6,18.823,6815.12,79.04,701.29,5.532,66.97,24.202,27.34,2.154,24.647,18.89,INJECTOR_DEGRADATION,1.0,1.0,0.4,1.0,1.0,0.0,0.0,0.0,0.0
43.0,TAKEOFF,92.17,64.91,1075.0,27.85,97.464,1.128,6820.29,80.17,703.33,5.525,66.52,24.356,27.343,2.181,24.6,18.825,6814.28,79.76,703.35,5.545,66.93,24.291,27.32,2.233,24.612,18.727,INJECTOR_DEGRADATION,1.0,1.0,0.4,1.0,1.0,0.0,0.0,0.0,0.0
43.1,TAKEOFF,92.18,64.92,1077.5,27.84,97.455,1.1279,6821.02,80.17,703.54,5.525,66.52,24.36,27.344,2.181,24.6,18.828,6820.73,80.65,705.77,5.507,66.37,24.485,27.399,2.189,24.608,18.879,INJECTOR_DEGRADATION,1.0,1.0,0.4,1.0,1.0,0.0,0.0,0.0,0.0
43.2,TAKEOFF,92.2,64.93,1080.0,27.84,97.447,1.1279,6821.75,80.17,703.75,5.526,66.51,24.363,27.344,2.182,24.6,18.83,6820.94,80.11,705.43,5.545,66.43,24.346,27.412,2.143,24.612,18.662,INJECTOR_DEGRADATION,1.0,1.0,0.4,1.0,1.0,0.0,0.0,0.0,0.0
43.3,TAKEOFF,92.22,64.94,1082.5,27.83,97.438,1.1278,6822.47,80.17,703.96,5.526,66.5,24.367,27.344,2.182,24.6,18.833,6812.07,80.66,704.76,5.533,66.45,24.093,27.375,2.128,24.588,18.734,INJECTOR_DEGRADATION,1.0,1.0,0.4,1.0,1.0,0.0,0.0,0.0,0.0
43.4,TAKEOFF,92.23,64.95,1085.0,27.83,97.429,1.1277,6823.2,80.17,704.17,5.527,66.49,24.371,27.345,2.182,24.6,18.835,6823.25,80.38,703.42,5.514,66.83,24.284,27.346,2.213,24.612,18.692,INJECTOR_DEGRADATION,1.0,1.0,0.4,1.0,1.0,0.0,0.0,0.0,0.0
43.5,TAKEOFF,92.25,64.96,1087.5,27.82,97.42,1.1276,6823.92,80.17,704.38,5.527,66.49,24.375,27.345,2.182,24.6,18.838,6829.7,80.64,706.39,5.548,66.46,24.398,27.328,2.151,24.608,18.96,INJECTOR_DEGRADATION,1.0,1.0,0.4,1.0,1.0,0.0,0.0,0.0,0.0
43.6,TAKEOFF,92.27,64.97,1090.0,27.82,97.411,1.1275,6824.65,80.17,704.58,5.528,66.48,24.379,27.345,2.182,24.6,18.84,6829.38,80.28,704.35,5.543,66.33,24.316,27.304,2.21,24.585,18.855,INJECTOR_DEGRADATION,1.0,1.0,0.4,1.0,1.0,0.0,0.0,0.0,0.0
43.7,TAKEOFF,92.28,64.98,1092.5,27.81,97.403,1.1274,6825.37,80.18,704.78,5.528,66.47,24.383,27.346,2.182,24.6,18.843,6817.82,80.2,703.89,5.517,66.74,24.14,27.347,2.252,24.585,18.833,INJECTOR_DEGRADATION,1.0,1.0,0.4,1.0,1.0,0.0,0.0,0.0,0.0
43.8,TAKEOFF,92.3,65.0,1095.0,27.81,97.394,1.1274,6826.1,80.18,704.98,5.529,66.47,24.387,27.346,2.183,24.6,18.845,6818.95,80.07,704.26,5.555,66.67,24.277,27.393,2.233,24.563,18.692,INJECTOR_DEGRADATION,1.0,1.0,0.4,1.0,1.0,0.0,0.0,0.0,0.0
43.9,TAKEOFF,92.32,65.01,1097.5,27.8,97.385,1.1273,6826.83,80.18,705.18,5.529,66.46,24.391,27.346,2.183,24.6,18.848,6835.48,80.38,706.04,5.503,66.55,24.336,27.375,2.246,24.451,18.764,INJECTOR_DEGRADATION,1.0,1.0,0.4,1.0,1.0,0.0,0.0,0.0,0.0
44.0,TAKEOFF,92.33,65.02,1100.0,27.8,97.376,1.1272,6827.55,80.18,705.37,5.529,66.45,24.395,27.347,2.183,24.6,18.85,6830.3,80.88,707.13,5.517,66.7,24.391,27.346,2.14,24.555,18.811,INJECTOR_DEGRADATION,1.0,1.0,0.4,1.0,1.0,0.0,0.0,0.0,0.0
44.1,TAKEOFF,92.35,65.03,1102.5,27.79,97.367,1.1271,6828.28,80.18,705.57,5.53,66.45,24.398,27.347,2.183,24.6,18.853,6835.77,80.45,707.75,5.543,66.54,24.418,27.488,2.237,24.578,18.932,INJECTOR_DEGRADATION,1.0,1.0,0.4,1.0,1.0,0.0,0.0,0.0,0.0
44.2,TAKEOFF,92.37,65.04,1105.0,27.79,97.359,1.127,6829.0,80.18,705.76,5.53,66.44,24.402,27.347,2.183,24.6,18.855,6826.75,79.79,705.59,5.457,65.94,24.465,27.404,2.159,24.605,18.784,INJECTOR_DEGRADATION,1.0,1.0,0.4,1.0,1.0,0.0,0.0,0.0,0.0
44.3,TAKEOFF,92.38,65.05,1107.5,27.78,97.35,1.127,6829.73,80.18,705.95,5.531,66.43,24.406,27.348,2.183,24.6,18.858,6829.57,80.63,705.97,5.553,66.57,24.451,27.321,2.164,24.596,18.76,INJECTOR_DEGRADATION,1.0,1.0,0.4,1.0,1.0,0.0,0.0,0.0,0.0
44.4,TAKEOFF,92.4,65.06,1110.0,27.78,97.341,1.1269,6830.45,80.18,706.14,5.531,66.42,24.41,27.348,2.184,24.6,18.86,6834.78,80.36,707.39,5.492,66.25,24.463,27.304,2.125,24.551,18.808,INJECTOR_DEGRADATION,1.0,1.0,0.4,1.0,1.0,0.0,0.0,0.0,0.0
44.5,TAKEOFF,92.42,65.07,1112.5,27.77,97.332,1.1268,6831.18,80.18,706.32,5.532,66.42,24.414,27.348,2.184,24.6,18.863,6828.42,80.33,707.61,5.54,66.39,24.322,27.436,2.145,24.613,18.761,INJECTOR_DEGRADATION,1.0,1.0,0.4,1.0,1.0,0.0,0.0,0.0,0.0
44.6,TAKEOFF,92.43,65.08,1115.0,27.77,97.323,1.1267,6831.91,80.18,706.51,5.532,66.41,24.418,27.349,2.184,24.6,18.865,6825.53,80.57,706.01,5.554,66.43,24.353,27.39,2.128,24.655,18.935,INJECTOR_DEGRADATION,1.0,1.0,0.4,1.0,1.0,0.0,0.0,0.0,0.0
44.7,TAKEOFF,92.45,65.09,1117.5,27.76,97.315,1.1266,6832.63,80.18,706.69,5.532,66.4,24.422,27.349,2.184,24.6,18.868,6829.18,79.86,706.16,5.594,66.33,24.432,27.387,2.149,24.578,18.952,INJECTOR_DEGRADATION,1.0,1.0,0.4,1.0,1.0,0.0,0.0,0.0,0.0
44.8,TAKEOFF,92.47,65.1,1120.0,27.76,97.306,1.1265,6833.36,80.18,706.87,5.533,66.4,24.426,27.349,2.184,24.6,18.87,6836.11,80.04,705.45,5.542,66.08,24.611,27.345,2.201,24.623,18.903,INJECTOR_DEGRADATION,1.0,1.0,0.4,1.0,1.0,0.0,0.0,0.0,0.0
44.9,TAKEOFF,92.48,65.11,1122.5,27.75,97.297,1.1265,6834.08,80.19,707.05,5.533,66.39,24.43,27.35,2.184,24.6,18.873,6829.04,80.52,707.67,5.555,66.27,24.533,27.414,2.228,24.632,18.932,INJECTOR_DEGRADATION,1.0,1.0,0.4,1.0,1.0,0.0,0.0,0.0,0.0
45.0,TAKEOFF,92.5,65.13,1125.0,27.75,97.288,1.1264,6834.81,80.19,707.23,5.534,66.38,24.433,27.35,2.184,24.6,18.875,6837.77,80.12,705.8,5.527,66.23,24.311,27.319,2.11,24.639,18.893,INJECTOR_DEGRADATION,1.0,1.0,0.4,1.0,1.0,0.0,0.0,0.0,0.0
45.1,TAKEOFF,92.52,65.14,1127.5,27.74,97.28,1.1263,6835.53,80.19,707.41,5.534,66.38,24.437,27.35,2.185,24.6,18.878,6834.42,81.18,706.14,5.555,66.61,24.44,27.326,2.169,24.643,18.843,INJECTOR_DEGRADATION,1.0,1.0,0.4,1.0,1.0,0.0,0.0,0.0,0.0
45.2,TAKEOFF,92.53,65.15,1130.0,27.74,97.271,1.1262,6836.26,80.19,707.58,5.535,66.37,24.441,27.351,2.185,24.6,18.88,6838.72,80.89,708.49,5.531,66.45,24.27,27.372,2.24,24.596,19.035,INJECTOR_DEGRADATION,1.0,1.0,0.4,1.0,1.0,0.0,0.0,0.0,0.0
45.3,TAKEOFF,92.55,65.16,1132.5,27.73,97.262,1.1261,6836.98,80.19,707.76,5.535,66.36,24.445,27.351,2.185,24.6,18.883,6833.56,80.07,708.13,5.566,66.42,24.489,27.331,2.219,24.651,18.96,INJECTOR_DEGRADATION,1.0,1.0,0.4,1.0,1.0,0.0,0.0,0.0,0.0
45.4,TAKEOFF,92.57,65.17,1135.0,27.73,97.253,1.126,6837.71,80.19,707.93,5.535,66.35,24.449,27.351,2.185,24.6,18.885,6832.99,79.71,707.34,5.569,66.93,24.28,27.309,2.215,24.442,18.963,INJECTOR_DEGRADATION,1.0,1.0,0.4,1.0,1.0,0.0,0.0,0.0,0.0
45.5,TAKEOFF,92.58,65.18,1137.5,27.72,97.244,1.126,6838.44,80.19,708.1,5.536,66.35,24.453,27.352,2.185,24.6,18.888,6841.94,79.95,710.21,5.561,66.6,24.491,27.307,2.225,24.614,18.835,INJECTOR_DEGRADATION,1.0,1.0,0.4,1.0,1.0,0.0,0.0,0.0,0.0
45.6,TAKEOFF,92.6,65.19,1140.0,27.72,97.236,1.1259,6839.16,80.19,708.27,5.536,66.34,24.457,27.352,2.185,24.6,18.89,6835.27,80.03,705.84,5.574,66.65,24.284,27.367,2.14,24.574,18.849,INJECTOR_DEGRADATION,1.0,1.0,0.4,1.0,1.0,0.0,0.0,0.0,0.0
45.7,TAKEOFF,92.62,65.2,1142.5,27.71,97.227,1.1258,6839.89,80.19,708.44,5.537,66.33,24.461,27.352,2.186,24.6,18.893,6831.75,79.17,709.84,5.498,66.67,24.42,27.358,2.168,24.571,18.68,INJECTOR_DEGRADATION,1.0,1.0,0.4,1.0,1.0,0.0,0.0,0.0,0.0
45.8,TAKEOFF,92.63,65.21,1145.0,27.71,97.218,1.1257,6840.61,80.19,708.6,5.537,66.33,24.465,27.353,2.186,24.6,18.895,6837.73,79.67,709.22,5.579,65.9,24.582,27.387,2.097,24.633,18.999,INJECTOR_DEGRADATION,1.0,1.0,0.4,1.0,1.0,0.0,0.0,0.0,0.0
45.9,TAKEOFF,92.65,65.22,1147.5,27.7,97.209,1.1256,6841.34,80.19,708.77,5.538,66.32,24.468,27.353,2.186,24.6,18.898,6829.47,80.47,704.19,5.545,66.77,24.366,27.401,2.116,24.6,19.074,INJECTOR_DEGRADATION,1.0,1.0,0.4,1.0,1.0,0.0,0.0,0.0,0.0
46.0,TAKEOFF,92.67,65.23,1150.0,27.7,97.2,1.1255,6842.06,80.19,708.93,5.538,66.31,24.472,27.353,2.186,24.6,18.9,6839.41,80.5,710.59,5.503,66.3,24.477,27.399,2.197,24.63,18.863,INJECTOR_DEGRADATION,1.0,1.0,0.4,1.0,1.0,0.0,0.0,0.0,0.0
46.1,TAKEOFF,92.68,65.24,1152.5,27.69,97.192,1.1255,6842.79,80.19,709.09,5.539,66.31,24.476,27.354,2.186,24.6,18.903,6837.59,78.52,708.76,5.606,66.26,24.375,27.265,2.194,24.535,18.849,INJECTOR_DEGRADATION,1.0,1.0,0.4,1.0,1.0,0.0,0.0,0.0,0.0
46.2,TAKEOFF,92.7,65.26,1155.0,27.69,97.183,1.1254,6843.51,80.2,709.25,5.539,66.3,24.48,27.354,2.186,24.6,18.905,6857.12,80.36,707.42,5.594,66.25,24.455,27.359,2.24,24.524,18.702,INJECTOR_DEGRADATION,1.0,1.0,0.4,1.0,1.0,0.0,0.0,0.0,0.0
46.3,TAKEOFF,92.72,65.27,1157.5,27.68,97.174,1.1253,6844.24,80.2,709.41,5.539,66.29,24.484,27.354,2.187,24.6,18.908,6844.97,80.01,709.79,5.559,66.1,24.454,27.332,2.264,24.584,19.066,INJECTOR_DEGRADATION,1.0,1.0,0.4,1.0,1.0,0.0,0.0,0.0,0.0
46.4,TAKEOFF,92.73,65.28,1160.0,27.68,97.165,1.1252,6844.96,80.2,709.57,5.54,66.29,24.488,27.355,2.187,24.6,18.91,6838.29,79.84,708.1,5.59,66.03,24.478,27.352,2.22,24.609,18.977,INJECTOR_DEGRADATION,1.0,1.0,0.4,1.0,1.0,0.0,0.0,0.0,0.0
46.5,TAKEOFF,92.75,65.29,1162.5,27.67,97.157,1.1251,6845.69,80.2,709.72,5.54,66.28,24.492,27.355,2.187,24.6,18.913,6852.18,80.37,711.93,5.528,64.97,24.506,27.277,2.208,24.525,19.083,INJECTOR_DEGRADATION,1.0,1.0,0.4,1.0,1.0,0.0,0.0,0.0,0.0
46.6,TAKEOFF,92.77,65.3,1165.0,27.67,97.148,1.125,6846.41,80.2,709.88,5.541,66.27,24.496,27.355,2.187,24.6,18.915,6846.72,79.89,708.91,5.507,65.94,24.342,27.364,2.056,24.666,18.782,INJECTOR_DEGRADATION,1.0,1.0,0.4,1.0,1.0,0.0,0.0,0.0,0.0
46.7,TAKEOFF,92.78,65.31,1167.5,27.66,97.139,1.125,6847.14,80.2,710.03,5.541,66.26,24.5,27.356,2.187,24.6,18.918,6833.89,80.64,709.32,5.564,66.63,24.425,27.347,2.2,24.679,18.763,INJECTOR_DEGRADATION,1.0,1.0,0.4,1.0,1.0,0.0,0.0,0.0,0.0
46.8,TAKEOFF,92.8,65.32,1170.0,27.66,97.13,1.1249,6847.87,80.2,710.18,5.542,66.26,24.503,27.356,2.187,24.6,18.92,6849.47,80.43,710.71,5.557,65.95,24.563,27.365,2.101,24.611,18.812,INJECTOR_DEGRADATION,1.0,1.0,0.4,1.0,1.0,0.0,0.0,0.0,0.0
46.9,TAKEOFF,92.82,65.33,1172.5,27.65,97.121,1.1248,6848.59,80.2,710.33,5.542,66.25,24.507,27.356,2.188,24.6,18.923,6857.5,80.32,711.36,5.555,66.11,24.471,27.26,2.288,24.668,18.876,INJECTOR_DEGRADATION,1.0,1.0,0.4,1.0,1.0,0.0,0.0,0.0,0.0
47.0,TAKEOFF,92.83,65.34,1175.0,27.65,97.113,1.1247,6849.32,80.2,710.48,5.542,66.24,24.511,27.357,2.188,24.6,18.925,6855.44,79.98,709.72,5.564,66.07,24.464,27.367,2.197,24.568,18.777,INJECTOR_DEGRADATION,1.0,1.0,0.4,1.0,1.0,0.0,0.0,0.0,0.0
47.1,TAKEOFF,92.85,65.35,1177.5,27.64,97.104,1.1246,6850.04,80.2,710.63,5.543,66.24,24.515,27.357,2.188,24.6,18.928,6860.09,80.28,712.99,5.562,66.14,24.51,27.364,2.127,24.735,18.843,INJECTOR_DEGRADATION,1.0,1.0,0.4,1.0,1.0,0.0,0.0,0.0,0.0
47.2,TAKEOFF,92.87,65.36,1180.0,27.64,97.095,1.1245,6850.77,80.2,710.78,5.543,66.23,24.519,27.357,2.188,24.6,18.93,6852.19,80.1,712.33,5.569,66.02,24.54,27.367,2.206,24.614,18.895,INJECTOR_DEGRADATION,1.0,1.0,0.4,1.0,1.0,0.0,0.0,0.0,0.0
47.3,TAKEOFF,92.88,65.37,1182.5,27.63,97.086,1.1245,6851.49,80.2,710.93,5.544,66.22,24.523,27.358,2.188,24.6,18.933,6846.95,80.02,712.24,5.582,65.99,24.333,27.358,2.202,24.584,19.014,INJECTOR_DEGRADATION,1.0,1.0,0.4,1.0,1.0,0.0,0.0,0.0,0.0
47.4,TAKEOFF,92.9,65.39,1185.0,27.63,97.078,1.1244,6852.22,80.21,711.07,5.544,66.22,24.527,27.358,2.188,24.6,18.935,6854.04,80.55,713.86,5.544,66.29,24.4,27.409,2.154,24.52,18.939,INJECTOR_DEGRADATION,1.0,1.0,0.4,1.0,1.0,0.0,0.0,0.0,0.0
47.5,TAKEOFF,92.92,65.4,1187.5,27.62,97.069,1.1243,6852.94,80.21,711.21,5.545,66.21,24.531,27.358,2.188,24.6,18.938,6851.58,79.63,710.06,5.526,66.25,24.498,27.311,2.238,24.618,19.209,INJECTOR_DEGRADATION,1.0,1.0,0.4,1.0,1.0,0.0,0.0,0.0,0.0
47.6,TAKEOFF,92.93,65.41,1190.0,27.62,97.06,1.1242,6853.67,80.21,711.36,5.545,66.2,24.535,27.359,2.189,24.6,18.94,6856.5,79.82,709.86,5.516,66.75,24.453,27.335,2.25,24.602,18.971,INJECTOR_DEGRADATION,1.0,1.0,0.4,1.0,1.0,0.0,0.0,0.0,0.0
47.7,TAKEOFF,92.95,65.42,1192.5,27.61,97.051,1.1241,6854.39,80.21,711.5,5.545,66.2,24.539,27.359,2.189,24.6,18.943,6850.29,79.97,712.16,5.55,66.51,24.59,27.43,2.064,24.604,19.084,INJECTOR_DEGRADATION,1.0,1.0,0.4,1.0,1.0,0.0,0.0,0.0,0.0
47.8,TAKEOFF,92.97,65.43,1195.0,27.61,97.043,1.124,6855.12,80.21,711.64,5.546,66.19,24.542,27.359,2.189,24.6,18.945,6849.36,80.46,711.45,5.552,65.79,24.472,27.346,2.163,24.657,18.975,INJECTOR_DEGRADATION,1.0,1.0,0.4,1.0,1.0,0.0,0.0,0.0,0.0
47.9,TAKEOFF,92.98,65.44,1197.5,27.6,97.034,1.124,6855.84,80.21,711.78,5.546,66.18,24.546,27.36,2.189,24.6,18.948,6858.92,80.64,714.04,5.567,66.2,24.598,27.37,2.293,24.617,19.036,INJECTOR_DEGRADATION,1.0,1.0,0.4,1.0,1.0,0.0,0.0,0.0,0.0
48.0,TAKEOFF,93.0,65.45,1200.0,27.6,97.025,1.1239,6856.57,80.21,711.91,5.547,66.17,24.55,27.36,2.189,24.6,18.95,6858.54,80.49,714.25,5.511,65.78,24.636,27.333,2.171,24.616,18.883,INJECTOR_DEGRADATION,1.0,1.0,0.4,1.0,1.0,0.0,0.0,0.0,0.0
48.1,TAKEOFF,93.02,65.46,1202.5,27.59,97.016,1.1238,6857.29,80.21,712.05,5.547,66.17,24.554,27.36,2.189,24.6,18.953,6863.74,80.31,710.34,5.642,65.6,24.569,27.322,2.246,24.549,18.799,INJECTOR_DEGRADATION,1.0,1.0,0.4,1.0,1.0,0.0,0.0,0.0,0.0
48.2,TAKEOFF,93.03,65.47,1205.0,27.59,97.007,1.1237,6858.02,80.21,712.19,5.548,66.16,24.558,27.361,2.19,24.6,18.955,6851.34,80.05,712.87,5.553,66.65,24.547,27.282,2.14,24.564,18.851,INJECTOR_DEGRADATION,1.0,1.0,0.4,1.0,1.0,0.0,0.0,0.0,0.0
48.3,TAKEOFF,93.05,65.48,1207.5,27.58,96.999,1.1236,6858.74,80.21,712.32,5.548,66.15,24.562,27.361,2.19,24.6,18.958,6865.07,80.76,711.54,5.584,66.23,24.509,27.446,2.223,24.543,19.111,INJECTOR_DEGRADATION,1.0,1.0,0.4,1.0,1.0,0.0,0.0,0.0,0.0
48.4,TAKEOFF,93.07,65.49,1210.0,27.58,96.99,1.1235,6859.47,80.21,712.45,5.549,66.15,24.566,27.361,2.19,24.6,18.96,6863.3,79.82,714.42,5.516,66.15,24.515,27.314,2.161,24.56,19.008,INJECTOR_DEGRADATION,1.0,1.0,0.4,1.0,1.0,0.0,0.0,0.0,0.0
48.5,TAKEOFF,93.08,65.5,1212.5,27.57,96.981,1.1235,6860.19,80.21,712.59,5.549,66.14,24.57,27.362,2.19,24.6,18.963,6862.24,80.79,712.44,5.547,65.71,24.609,27.318,2.215,24.565,18.935,INJECTOR_DEGRADATION,1.0,1.0,0.4,1.0,1.0,0.0,0.0,0.0,0.0
48.6,TAKEOFF,93.1,65.52,1215.0,27.57,96.972,1.1234,6860.92,80.22,712.72,5.549,66.13,24.574,27.362,2.19,24.6,18.965,6861.07,80.03,709.16,5.56,66.26,24.672,27.365,2.21,24.658,19.128,INJECTOR_DEGRADATION,1.0,1.0,0.4,1.0,1.0,0.0,0.0,0.0,0.0
48.7,TAKEOFF,93.12,65.53,1217.5,27.56,96.964,1.1233,6861.64,80.22,712.85,5.55,66.13,24.577,27.362,2.19,24.6,18.968,6854.5,80.7,714.97,5.617,66.47,24.632,27.388,2.158,24.537,18.968,INJECTOR_DEGRADATION,1.0,1.0,0.4,1.0,1.0,0.0,0.0,0.0,0.0
48.8,TAKEOFF,93.13,65.54,1220.0,27.56,96.955,1.1232,6862.37,80.22,712.98,5.55,66.12,24.581,27.363,2.191,24.6,18.97,6859.15,80.91,711.44,5.532,65.96,24.773,27.372,2.166,24.567,18.97,INJECTOR_DEGRADATION,1.0,1.0,0.4,1.0,1.0,0.0,0.0,0.0,0.0
48.9,TAKEOFF,93.15,65.55,1222.5,27.55,96.946,1.1231,6863.09,80.22,713.11,5.551,66.11,24.585,27.363,2.191,24.6,18.973,6858.62,80.62,711.52,5.548,66.66,24.756,27.238,2.208,24.599,18.944,INJECTOR_DEGRADATION,1.0,1.0,0.4,1.0,1.0,0.0,0.0,0.0,0.0
49.0,TAKEOFF,93.17,65.56,1225.0,27.55,96.937,1.1231,6863.82,80.22,713.23,5.551,66.11,24.589,27.363,2.191,24.6,18.975,6862.48,79.27,710.8,5.598,65.95,24.554,27.349,2.233,24.609,18.842,INJECTOR_DEGRADATION,1.0,1.0,0.4,1.0,1.0,0.0,0.0,0.0,0.0
49.1,TAKEOFF,93.18,65.57,1227.5,27.54,96.929,1.123,6864.54,80.22,713.36,5.552,66.1,24.593,27.364,2.191,24.6,18.978,6868.35,79.25,713.57,5.53,65.76,24.444,27.418,2.183,24.521,19.067,INJECTOR_DEGRADATION,1.0,1.0,0.4,1.0,1.0,0.0,0.0,0.0,0.0
49.2,TAKEOFF,93.2,65.58,1230.0,27.54,96.92,1.1229,6865.27,80.22,713.49,5.552,66.09,24.597,27.364,2.191,24.6,18.98,6860.11,80.65,715.1,5.521,66.08,24.613,27.412,2.132,24.647,18.882,INJECTOR_DEGRADATION,1.0,1.0,0.4,1.0,1.0,0.0,0.0,0.0,0.0
49.3,TAKEOFF,93.22,65.59,1232.5,27.53,96.911,1.1228,6865.99,80.22,713.61,5.552,66.09,24.601,27.364,2.191,24.6,18.983,6864.07,79.35,714.42,5.54,66.17,24.508,27.414,2.209,24.598,19.072,INJECTOR_DEGRADATION,1.0,1.0,0.4,1.0,1.0,0.0,0.0,0.0,0.0
49.4,TAKEOFF,93.23,65.6,1235.0,27.53,96.902,1.1227,6866.72,80.22,713.73,5.553,66.08,24.605,27.365,2.191,24.6,18.985,6869.86,79.77,713.07,5.532,66.54,24.558,27.351,2.263,24.683,19.013,INJECTOR_DEGRADATION,1.0,1.0,0.4,1.0,1.0,0.0,0.0,0.0,0.0
49.5,TAKEOFF,93.25,65.61,1237.5,27.52,96.894,1.1226,6867.44,80.22,713.86,5.553,66.07,24.609,27.365,2.192,24.6,18.988,6861.9,79.79,713.44,5.556,65.82,24.608,27.354,2.108,24.624,19.091,INJECTOR_DEGRADATION,1.0,1.0,0.4,1.0,1.0,0.0,0.0,0.0,0.0
49.6,TAKEOFF,93.27,65.62,1240.0,27.52,96.885,1.1226,6868.17,80.22,713.98,5.554,66.07,24.612,27.365,2.192,24.6,18.99,6864.25,80.91,713.31,5.552,66.05,24.674,27.286,2.193,24.537,18.979,INJECTOR_DEGRADATION,1.0,1.0,0.4,1.0,1.0,0.0,0.0,0.0,0.0
49.7,TAKEOFF,93.28,65.63,1242.5,27.51,96.876,1.1225,6868.89,80.22,714.1,5.554,66.06,24.616,27.366,2.192,24.6,18.993,6866.13,79.81,714.07,5.554,66.23,24.805,27.337,2.04,24.6,19.104,INJECTOR_DEGRADATION,1.0,1.0,0.4,1.0,1.0,0.0,0.0,0.0,0.0
49.8,TAKEOFF,93.3,65.65,1245.0,27.51,96.867,1.1224,6869.62,80.23,714.22,5.555,66.05,24.62,27.366,2.192,24.6,18.995,6867.13,79.68,711.09,5.588,66.36,24.781,27.35,2.138,24.574,19.04,INJECTOR_DEGRADATION,1.0,1.0,0.4,1.0,1.0,0.0,0.0,0.0,0.0
49.9,TAKEOFF,93.32,65.66,1247.5,27.5,96.859,1.1223,6870.34,80.23,714.34,5.555,66.04,24.624,27.366,2.192,24.6,18.998,6872.75,80.61,712.06,5.58,65.9,24.674,27.383,2.192,24.656,19.024,INJECTOR_DEGRADATION,1.0,1.0,0.4,1.0,1.0,0.0,0.0,0.0,0.0
50.0,TAKEOFF,93.33,65.67,1250.0,27.5,96.85,1.1222,6871.07,80.23,714.46,5.555,66.04,24.628,27.367,2.192,24.6,19.0,6880.08,79.44,712.56,5.55,65.7,24.648,27.382,2.18,24.544,19.013,INJECTOR_DEGRADATION,1.0,1.0,0.4,1.0,1.0,0.0,0.0,0.0,0.0
50.1,TAKEOFF,93.35,65.68,1252.5,27.49,96.841,1.1221,6871.79,80.23,714.57,5.556,66.03,24.632,27.367,2.193,24.6,19.003,6878.13,80.32,715.2,5.613,65.75,24.818,27.324,2.151,24.568,19.022,INJECTOR_DEGRADATION,1.0,1.0,0.4,1.0,1.0,0.0,0.0,0.0,0.0
50.2,TAKEOFF,93.37,65.69,1255.0,27.49,96.832,1.1221,6872.52,80.23,714.69,5.556,66.02,24.636,27.367,2.193,24.6,19.005,6878.08,80.62,710.96,5.574,66.15,24.609,27.38,2.224,24.574,18.924,INJECTOR_DEGRADATION,1.0,1.0,0.4,1.0,1.0,0.0,0.0,0.0,0.0
50.3,TAKEOFF,93.38,65.7,1257.5,27.48,96.824,1.122,6873.24,80.23,714.81,5.557,66.02,24.64,27.368,2.193,24.6,19.008,6881.36,80.53,716.14,5.554,65.85,24.791,27.447,2.15,24.578,19.118,INJECTOR_DEGRADATION,1.0,1.0,0.4,1.0,1.0,0.0,0.0,0.0,0.0
50.4,TAKEOFF,93.4,65.71,1260.0,27.48,96.815,1.1219,6873.97,80.23,714.92,5.557,66.01,24.644,27.368,2.193,24.6,19.01,6864.94,80.9,712.4,5.511,66.35,24.571,27.334,2.118,24.576,19.034,INJECTOR_DEGRADATION,1.0,1.0,0.4,1.0,1.0,0.0,0.0,0.0,0.0
50.5,TAKEOFF,93.42,65.72,1262.5,27.47,96.806,1.1218,6874.69,80.23,715.03,5.558,66.0,24.647,27.368,2.193,24.6,19.013,6870.04,80.65,713.83,5.548,66.03,24.632,27.408,2.287,24.57,19.093,INJECTOR_DEGRADATION,1.0,1.0,0.4,1.0,1.0,0.0,0.0,0.0,0.0
50.6,TAKEOFF,93.43,65.73,1265.0,27.47,96.797,1.1217,6875.42,80.23,715.15,5.558,66.0,24.651,27.369,2.193,24.6,19.015,6880.61,79.89,717.64,5.586,65.81,24.717,27.356,2.184,24.629,18.941,INJECTOR_DEGRADATION,1.0,1.0,0.4,1.0,1.0,0.0,0.0,0.0,0.0
50.7,TAKEOFF,93.45,65.74,1267.5,27.46,96.789,1.1216,6876.14,80.23,715.26,5.558,65.99,24.655,27.369,2.194,24.6,19.018,6873.58,80.71,713.05,5.578,65.83,24.595,27.354,2.296,24.579,19.017,INJECTOR_DEGRADATION,1.0,1.0,0.4,1.0,1.0,0.0,0.0,0.0,0.0
50.8,TAKEOFF,93.47,65.75,1270.0,27.46,96.78,1.1216,6876.87,80.23,715.37,5.559,65.98,24.659,27.369,2.194,24.6,19.02,6870.04,80.82,712.95,5.526,65.76,24.683,27.387,2.185,24.537,19.195,INJECTOR_DEGRADATION,1.0,1.0,0.4,1.0,1.0,0.0,0.0,0.0,0.0
50.9,TAKEOFF,93.48,65.76,1272.5,27.45,96.771,1.1215,6877.59,80.23,715.48,5.559,65.98,24.663,27.37,2.194,24.6,19.023,6879.8,80.58,716.54,5.541,65.74,24.724,27.414,2.163,24.563,18.977,INJECTOR_DEGRADATION,1.0,1.0,0.4,1.0,1.0,0.0,0.0,0.0,0.0
51.0,TAKEOFF,93.5,65.78,1275.0,27.45,96.762,1.1214,6878.31,80.24,715.59,5.56,65.97,24.667,27.37,2.194,24.6,19.025,6878.05,80.2,715.94,5.575,66.25,24.878,27.441,2.105,24.645,18.949,INJECTOR_DEGRADATION,1.0,1.0,0.4,1.0,1.0,0.0,0.0,0.0,0.0
51.1,TAKEOFF,93.52,65.79,1277.5,27.44,96.754,1.1213,6879.04,80.24,715.7,5.56,65.96,24.671,27.37,2.194,24.6,19.028,6871.79,79.65,714.84,5.601,66.08,24.685,27.462,2.083,24.594,19.135,INJECTOR_DEGRADATION,1.0,1.0,0.4,1.0,1.0,0.0,0.0,0.0,0.0
51.2,TAKEOFF,93.53,65.8,1280.0,27.44,96.745,1.1212,6879.76,80.24,715.81,5.561,65.96,24.675,27.371,2.194,24.6,19.03,6880.78,80.46,715.04,5.589,65.58,24.604,27.367,2.187,24.516,19.096,INJECTOR_DEGRADATION,1.0,1.0,0.4,1.0,1.0,0.0,0.0,0.0,0.0
51.3,TAKEOFF,93.55,65.81,1282.5,27.43,96.736,1.1212,6880.49,80.24,715.92,5.561,65.95,24.679,27.371,2.195,24.6,19.033,6878.73,79.68,715.45,5.543,66.01,24.589,27.355,2.19,24.561,19.065,INJECTOR_DEGRADATION,1.0,1.0,0.4,1.0,1.0,0.0,0.0,0.0,0.0
51.4,TAKEOFF,93.57,65.82,1285.0,27.43,96.727,1.1211,6881.21,80.24,716.03,5.562,65.94,24.682,27.371,2.195,24.6,19.035,6887.23,78.94,714.09,5.571,66.0,24.512,27.427,2.068,24.597,19.196,INJECTOR_DEGRADATION,1.0,1.0,0.4,1.0,1.0,0.0,0.0,0.0,0.0
51.5,TAKEOFF,93.58,65.83,1287.5,27.42,96.719,1.121,6881.94,80.24,716.13,5.562,65.94,24.686,27.372,2.195,24.6,19.038,6877.09,79.66,717.07,5.526,66.37,24.476,27.336,2.126,24.49,18.867,INJECTOR_DEGRADATION,1.0,1.0,0.4,1.0,1.0,0.0,0.0,0.0,0.0
51.6,TAKEOFF,93.6,65.84,1290.0,27.42,96.71,1.1209,6882.66,80.24,716.24,5.562,65.93,24.69,27.372,2.195,24.6,19.04,6881.27,79.13,717.0,5.563,65.9,24.696,27.324,2.104,24.504,19.05,INJECTOR_DEGRADATION,1.0,1.0,0.4,1.0,1.0,0.0,0.0,0.0,0.0
51.7,TAKEOFF,93.62,65.85,1292.5,27.41,96.701,1.1208,6883.39,80.24,716.34,5.563,65.92,24.694,27.372,2.195,24.6,19.043,6886.41,79.87,714.08,5.531,65.83,24.609,27.474,2.215,24.554,19.175,INJECTOR_DEGRADATION,1.0,1.0,0.4,1.0,1.0,0.0,0.0,0.0,0.0
51.8,TAKEOFF,93.63,65.86,1295.0,27.41,96.692,1.1207,6884.11,80.24,716.45,5.563,65.92,24.698,27.373,2.195,24.6,19.045,6891.25,79.89,718.39,5.561,66.03,24.668,27.437,2.189,24.582,18.835,INJECTOR_DEGRADATION,1.0,1.0,0.4,1.0,1.0,0.0,0.0,0.0,0.0
51.9,TAKEOFF,93.65,65.87,1297.5,27.4,96.684,1.1207,6884.84,80.24,716.55,5.564,65.91,24.702,27.373,2.195,24.6,19.048,6887.21,80.2,715.95,5.535,65.94,24.89,27.42,2.157,24.557,18.938,INJECTOR_DEGRADATION,1.0,1.0,0.4,1.0,1.0,0.0,0.0,0.0,0.0
52.0,TAKEOFF,93.67,65.88,1300.0,27.4,96.675,1.1206,6885.56,80.24,716.65,5.564,65.9,24.706,27.373,2.196,24.6,19.05,6884.06,80.6,713.17,5.576,65.73,24.506,27.308,2.173,24.658,19.015,INJECTOR_DEGRADATION,1.0,1.0,0.4,1.0,1.0,0.0,0.0,0.0,0.0
52.1,TAKEOFF,93.68,65.89,1302.5,27.39,96.666,1.1205,6886.29,80.25,716.75,5.565,65.9,24.71,27.374,2.196,24.6,19.053,6887.19,79.47,715.92,5.579,66.4,24.617,27.402,2.171,24.609,19.12,INJECTOR_DEGRADATION,1.0,1.0,0.4,1.0,1.0,0.0,0.0,0.0,0.0
52.2,TAKEOFF,93.7,65.91,1305.0,27.39,96.658,1.1204,6887.01,80.25,716.86,5.565,65.89,24.714,27.374,2.196,24.6,19.055,6881.76,80.16,717.63,5.561,66.61,24.708,27.406,2.194,24.623,18.902,INJECTOR_DEGRADATION,1.0,1.0,0.4,1.0,1.0,0.0,0.0,0.0,0.0
52.3,TAKEOFF,93.72,65.92,1307.5,27.38,96.649,1.1203,6887.73,80.25,716.96,5.565,65.88,24.717,27.374,2.196,24.6,19.058,6893.6,81.57,718.28,5.629,65.46,24.687,27.399,2.174,24.622,19.08,INJECTOR_DEGRADATION,1.0,1.0,0.4,1.0,1.0,0.0,0.0,0.0,0.0
52.4,TAKEOFF,93.73,65.93,1310.0,27.38,96.64,1.1202,6888.46,80.25,717.06,5.566,65.88,24.721,27.375,2.196,24.6,19.06,6895.23,80.21,716.97,5.526,66.12,24.935,27.456,2.192,24.664,19.072,INJECTOR_DEGRADATION,1.0,1.0,0.4,1.0,1.0,0.0,0.0,0.0,0.0
52.5,TAKEOFF,93.75,65.94,1312.5,27.37,96.631,1.1202,6889.18,80.25,717.16,5.566,65.87,24.725,27.375,2.196,24.6,19.063,6887.6,80.01,715.95,5.558,65.79,24.752,27.309,2.235,24.563,19.163,INJECTOR_DEGRADATION,1.0,1.0,0.4,1.0,1.0,0.0,0.0,0.0,0.0
52.6,TAKEOFF,93.77,65.95,1315.0,27.37,96.623,1.1201,6889.91,80.25,717.26,5.567,65.86,24.729,27.375,2.197,24.6,19.065,6900.87,80.29,716.35,5.578,65.52,24.582,27.385,2.231,24.609,19.012,INJECTOR_DEGRADATION,1.0,1.0,0.4,1.0,1.0,0.0,0.0,0.0,0.0
52.7,TAKEOFF,93.78,65.96,1317.5,27.36,96.614,1.12,6890.63,80.25,717.35,5.567,65.86,24.733,27.376,2.197,24.6,19.068,6891.37,79.83,716.95,5.594,66.55,24.693,27.394,2.16,24.54,18.963,INJECTOR_DEGRADATION,1.0,1.0,0.4,1.0,1.0,0.0,0.0,0.0,0.0
52.8,TAKEOFF,93.8,65.97,1320.0,27.36,96.605,1.1199,6891.36,80.25,717.45,5.568,65.85,24.737,27.376,2.197,24.6,19.07,6893.03,79.47,717.96,5.589,65.32,24.654,27.427,2.225,24.59,19.107,INJECTOR_DEGRADATION,1.0,1.0,0.4,1.0,1.0,0.0,0.0,0.0,0.0
52.9,TAKEOFF,93.82,65.98,1322.5,27.35,96.596,1.1198,6892.08,80.25,717.55,5.568,65.84,24.741,27.376,2.197,24.6,19.073,6890.97,79.99,719.71,5.547,65.63,24.644,27.344,2.25,24.592,19.077,INJECTOR_DEGRADATION,1.0,1.0,0.4,1.0,1.0,0.0,0.0,0.0,0.0
53.0,TAKEOFF,93.83,65.99,1325.0,27.35,96.588,1.1197,6892.81,80.25,717.65,5.568,65.84,24.745,27.377,2.197,24.6,19.075,6894.87,80.24,716.37,5.585,66.03,24.67,27.319,2.169,24.597,19.245,INJECTOR_DEGRADATION,1.0,1.0,0.4,1.0,1.0,0.0,0.0,0.0,0.0
53.1,TAKEOFF,93.85,66.0,1327.5,27.34,96.579,1.1197,6893.53,80.25,717.74,5.569,65.83,24.749,27.377,2.197,24.6,19.078,6894.03,81.19,717.15,5.544,65.83,24.65,27.41,2.253,24.662,19.155,INJECTOR_DEGRADATION,1.0,1.0,0.4,1.0,1.0,0.0,0.0,0.0,0.0
53.2,TAKEOFF,93.87,66.01,1330.0,27.34,96.57,1.1196,6894.25,80.25,717.84,5.569,65.82,24.752,27.377,2.198,24.6,19.08,6891.88,80.31,717.26,5.601,65.82,24.712,27.431,2.194,24.542,18.881,INJECTOR_DEGRADATION,1.0,1.0,0.4,1.0,1.0,0.0,0.0,0.0,0.0
53.3,TAKEOFF,93.88,66.02,1332.5,27.33,96.562,1.1195,6894.98,80.26,717.93,5.57,65.82,24.756,27.378,2.198,24.6,19.083,6898.69,80.49,717.47,5.543,65.65,24.836,27.438,2.141,24.486,18.794,INJECTOR_DEGRADATION,1.0,1.0,0.4,1.0,1.0,0.0,0.0,0.0,0.0
53.4,TAKEOFF,93.9,66.04,1335.0,27.33,96.553,1.1194,6895.7,80.26,718.03,5.57,65.81,24.76,27.378,2.198,24.6,19.085,6894.45,80.17,716.47,5.557,66.33,24.776,27.392,2.158,24.562,19.034,INJECTOR_DEGRADATION,1.0,1.0,0.4,1.0,1.0,0.0,0.0,0.0,0.0
53.5,TAKEOFF,93.92,66.05,1337.5,27.32,96.544,1.1193,6896.43,80.26,718.12,5.571,65.8,24.764,27.378,2.198,24.6,19.088,6891.08,80.61,720.08,5.583,65.66,24.7,27.384,2.244,24.664,18.898,INJECTOR_DEGRADATION,1.0,1.0,0.4,1.0,1.0,0.0,0.0,0.0,0.0
53.6,TAKEOFF,93.93,66.06,1340.0,27.32,96.535,1.1193,6897.15,80.26,718.21,5.571,65.8,24.768,27.379,2.198,24.6,19.09,6907.63,79.58,717.48,5.56,65.35,24.691,27.456,2.194,24.673,19.004,INJECTOR_DEGRADATION,1.0,1.0,0.4,1.0,1.0,0.0,0.0,0.0,0.0
53.7,TAKEOFF,93.95,66.07,1342.5,27.31,96.527,1.1192,6897.88,80.26,718.31,5.571,65.79,24.772,27.379,2.198,24.6,19.093,6896.88,79.61,718.49,5.582,65.64,24.667,27.384,2.105,24.676,19.109,INJECTOR_DEGRADATION,1.0,1.0,0.4,1.0,1.0,0.0,0.0,0.0,0.0
53.8,TAKEOFF,93.97,66.08,1345.0,27.31,96.518,1.1191,6898.6,80.26,718.4,5.572,65.78,24.776,27.379,2.198,24.6,19.095,6893.87,80.66,719.98,5.549,65.7,24.894,27.419,2.184,24.629,19.074,INJECTOR_DEGRADATION,1.0,1.0,0.4,1.0,1.0,0.0,0.0,0.0,0.0
53.9,TAKEOFF,93.98,66.09,1347.5,27.3,96.509,1.119,6899.32,80.26,718.49,5.572,65.78,24.78,27.38,2.199,24.6,19.098,6902.84,80.1,716.64,5.563,65.92,24.84,27.407,2.257,24.598,19.115,INJECTOR_DEGRADATION,1.0,1.0,0.4,1.0,1.0,0.0,0.0,0.0,0.0
54.0,TAKEOFF,94.0,66.1,1350.0,27.3,96.5,1.1189,6900.05,80.26,718.58,5.573,65.77,24.784,27.38,2.199,24.6,19.1,6904.41,80.11,719.98,5.548,66.03,24.755,27.394,2.208,24.628,18.982,INJECTOR_DEGRADATION,1.0,1.0,0.4,1.0,1.0,0.0,0.0,0.0,0.0
54.1,TAKEOFF,94.02,66.11,1352.5,27.29,96.492,1.1188,6900.77,80.26,718.67,5.573,65.76,24.787,27.38,2.199,24.6,19.103,6899.35,81.2,715.76,5.61,65.81,24.75,27.376,2.259,24.535,19.071,INJECTOR_DEGRADATION,1.0,1.0,0.4,1.0,1.0,0.0,0.0,0.0,0.0
54.2,TAKEOFF,94.03,66.12,1355.0,27.29,96.483,1.1188,6901.5,80.26,718.76,5.574,65.76,24.791,27.381,2.199,24.6,19.105,6903.17,80.43,718.96,5.606,65.55,24.896,27.541,2.177,24.621,19.092,INJECTOR_DEGRADATION,1.0,1.0,0.4,1.0,1.0,0.0,0.0,0.0,0.0
54.3,TAKEOFF,94.05,66.13,1357.5,27.28,96.474,1.1187,6902.22,80.26,718.85,5.574,65.75,24.795,27.381,2.199,24.6,19.108,6903.36,80.32,720.6,5.529,65.31,24.674,27.352,2.242,24.697,19.01,INJECTOR_DEGRADATION,1.0,1.0,0.4,1.0,1.0,0.0,0.0,0.0,0.0
54.4,TAKEOFF,94.07,66.14,1360.0,27.28,96.466,1.1186,6902.95,80.27,718.94,5.574,65.74,24.799,27.381,2.199,24.6,19.11,6897.91,79.72,719.55,5.557,65.19,24.755,27.46,2.16,24.51,19.084,INJECTOR_DEGRADATION,1.0,1.0,0.4,1.0,1.0,0.0,0.0,0.0,0.0
54.5,TAKEOFF,94.08,66.15,1362.5,27.27,96.457,1.1185,6903.67,80.27,719.03,5.575,65.74,24.803,27.382,2.2,24.6,19.113,6901.23,80.55,718.33,5.591,65.96,24.777,27.361,2.12,24.594,18.84,INJECTOR_DEGRADATION,1.0,1.0,0.4,1.0,1.0,0.0,0.0,0.0,0.0
54.6,TAKEOFF,94.1,66.17,1365.0,27.27,96.448,1.1184,6904.39,80.27,719.12,5.575,65.73,24.807,27.382,2.2,24.6,19.115,6914.39,79.78,719.09,5.532,65.6,24.789,27.446,2.145,24.591,19.159,INJECTOR_DEGRADATION,1.0,1.0,0.4,1.0,1.0,0.0,0.0,0.0,0.0
54.7,TAKEOFF,94.12,66.18,1367.5,27.26,96.439,1.1183,6905.12,80.27,719.2,5.576,65.72,24.811,27.382,2.2,24.6,19.118,6901.05,80.32,718.47,5.585,65.97,24.813,27.354,2.169,24.535,19.154,INJECTOR_DEGRADATION,1.0,1.0,0.4,1.0,1.0,0.0,0.0,0.0,0.0
54.8,TAKEOFF,94.13,66.19,1370.0,27.26,96.431,1.1183,6905.84,80.27,719.29,5.576,65.72,24.815,27.383,2.2,24.6,19.12,6908.44,79.56,721.27,5.565,66.2,24.914,27.403,2.116,24.572,19.197,INJECTOR_DEGRADATION,1.0,1.0,0.4,1.0,1.0,0.0,0.0,0.0,0.0
54.9,TAKEOFF,94.15,66.2,1372.5,27.25,96.422,1.1182,6906.57,80.27,719.38,5.577,65.71,24.819,27.383,2.2,24.6,19.123,6896.05,81.63,720.58,5.524,65.72,24.945,27.364,2.182,24.561,19.084,INJECTOR_DEGRADATION,1.0,1.0,0.4,1.0,1.0,0.0,0.0,0.0,0.0
55.0,TAKEOFF,94.17,66.21,1375.0,27.25,96.413,1.1181,6907.29,80.27,719.46,5.577,65.7,24.822,27.383,2.2,24.6,19.125,6905.81,79.8,720.15,5.547,65.68,24.694,27.358,2.178,24.591,19.074,INJECTOR_DEGRADATION,1.0,1.0,0.4,1.0,1.0,0.0,0.0,0.0,0.0
55.1,TAKEOFF,94.18,66.22,1377.5,27.24,96.405,1.118,6908.01,80.27,719.55,5.578,65.7,24.826,27.384,2.201,24.6,19.128,6907.69,80.55,719.38,5.553,65.68,24.805,27.485,2.229,24.61,19.129,INJECTOR_DEGRADATION,1.0,1.0,0.4,1.0,1.0,0.0,0.0,0.0,0.0
55.2,TAKEOFF,94.2,66.23,1380.0,27.24,96.396,1.1179,6908.74,80.27,719.63,5.578,65.69,24.83,27.384,2.201,24.6,19.13,6912.04,80.6,718.57,5.609,65.6,24.803,27.348,2.196,24.635,19.151,INJECTOR_DEGRADATION,1.0,1.0,0.4,1.0,1.0,0.0,0.0,0.0,0.0
55.3,TAKEOFF,94.22,66.24,1382.5,27.23,96.387,1.1179,6909.46,80.27,719.72,5.578,65.68,24.834,27.384,2.201,24.6,19.133,6911.13,81.02,718.45,5.579,65.28,24.828,27.404,2.195,24.575,19.317,INJECTOR_DEGRADATION,1.0,1.0,0.4,1.0,1.0,0.0,0.0,0.0,0.0
55.4,TAKEOFF,94.23,66.25,1385.0,27.23,96.378,1.1178,6910.19,80.27,719.8,5.579,65.68,24.838,27.385,2.201,24.6,19.135,6906.39,80.39,721.72,5.567,65.57,24.969,27.393,2.261,24.636,19.105,INJECTOR_DEGRADATION,1.0,1.0,0.4,1.0,1.0,0.0,0.0,0.0,0.0
55.5,TAKEOFF,94.25,66.26,1387.5,27.22,96.37,1.1177,6910.91,80.27,719.89,5.579,65.67,24.842,27.385,2.201,24.6,19.138,6903.6,79.47,719.23,5.555,65.68,24.947,27.3,2.164,24.679,19.124,INJECTOR_DEGRADATION,1.0,1.0,0.4,1.0,1.0,0.0,0.0,0.0,0.0
55.6,TAKEOFF,94.27,66.27,1390.0,27.22,96.361,1.1176,6911.64,80.28,719.97,5.58,65.66,24.846,27.385,2.201,24.6,19.14,6917.73,80.47,719.25,5.658,65.56,25.055,27.403,2.164,24.529,19.2,INJECTOR_DEGRADATION,1.0,1.0,0.4,1.0,1.0,0.0,0.0,0.0,0.0
55.7,TAKEOFF,94.28,66.28,1392.5,27.21,96.352,1.1175,6912.36,80.28,720.05,5.58,65.66,24.85,27.386,2.202,24.6,19.143,6912.87,80.88,719.66,5.581,65.45,25.019,27.381,2.162,24.511,19.167,INJECTOR_DEGRADATION,1.0,1.0,0.4,1.0,1.0,0.0,0.0,0.0,0.0
55.8,TAKEOFF,94.3,66.3,1395.0,27.21,96.344,1.1174,6913.08,80.28,720.14,5.581,65.65,24.854,27.386,2.202,24.6,19.145,6908.74,79.72,718.94,5.571,65.81,25.125,27.359,2.234,24.634,19.118,INJECTOR_DEGRADATION,1.0,1.0,0.4,1.0,1.0,0.0,0.0,0.0,0.0
55.9,TAKEOFF,94.32,66.31,1397.5,27.2,96.335,1.1174,6913.81,80.28,720.22,5.581,65.64,24.857,27.386,2.202,24.6,19.148,6918.56,80.81,720.28,5.617,65.75,25.012,27.333,2.214,24.587,19.08,INJECTOR_DEGRADATION,1.0,1.0,0.4,1.0,1.0,0.0,0.0,0.0,0.0
56.0,TAKEOFF,94.33,66.32,1400.0,27.2,96.326,1.1173,6914.53,80.28,720.3,5.581,65.64,24.861,27.387,2.202,24.6,19.15,6914.34,80.05,720.68,5.559,66.14,24.907,27.271,2.251,24.588,19.138,INJECTOR_DEGRADATION,1.0,1.0,0.4,1.0,1.0,0.0,0.0,0.0,0.0
56.1,TAKEOFF,94.35,66.33,1402.5,27.19,96.318,1.1172,6915.26,80.28,720.38,5.582,65.63,24.865,27.387,2.202,24.6,19.153,6917.49,80.7,719.33,5.57,65.72,24.941,27.363,2.216,24.522,19.276,INJECTOR_DEGRADATION,1.0,1.0,0.4,1.0,1.0,0.0,0.0,0.0,0.0
56.2,TAKEOFF,94.37,66.34,1405.0,27.19,96.309,1.1171,6915.98,80.28,720.46,5.582,65.62,24.869,27.387,2.202,24.6,19.155,6913.01,80.04,720.72,5.574,65.23,24.958,27.4,2.171,24.583,18.945,INJECTOR_DEGRADATION,1.0,1.0,0.4,1.0,1.0,0.0,0.0,0.0,0.0
56.3,TAKEOFF,94.38,66.35,1407.5,27.18,96.3,1.117,6916.7,80.28,720.54,5.583,65.62,24.873,27.388,2.202,24.6,19.158,6915.31,80.85,718.5,5.564,65.68,24.957,27.42,2.173,24.657,19.202,INJECTOR_DEGRADATION,1.0,1.0,0.4,1.0,1.0,0.0,0.0,0.0,0.0
56.4,TAKEOFF,94.4,66.36,1410.0,27.18,96.291,1.1169,6917.43,80.28,720.62,5.583,65.61,24.877,27.388,2.203,24.6,19.16,6920.08,80.63,720.0,5.59,66.14,24.756,27.411,2.18,24.646,19.108,INJECTOR_DEGRADATION,1.0,1.0,0.4,1.0,1.0,0.0,0.0,0.0,0.0
56.5,TAKEOFF,94.42,66.37,1412.5,27.17,96.283,1.1169,6918.15,80.28,720.7,5.584,65.6,24.881,27.388,2.203,24.6,19.163,6918.39,79.83,721.62,5.632,66.13,24.82,27.346,2.183,24.58,19.266,INJECTOR_DEGRADATION,1.0,1.0,0.4,1.0,1.0,0.0,0.0,0.0,0.0
56.6,TAKEOFF,94.43,66.38,1415.0,27.17,96.274,1.1168,6918.87,80.28,720.78,5.584,65.6,24.885,27.389,2.203,24.6,19.165,6921.6,79.86,721.23,5.625,65.59,24.684,27.415,2.12,24.664,19.075,INJECTOR_DEGRADATION,1.0,1.0,0.4,1.0,1.0,0.0,0.0,0.0,0.0
56.7,TAKEOFF,94.45,66.39,1417.5,27.16,96.265,1.1167,6919.6,80.29,720.86,5.584,65.59,24.889,27.389,2.203,24.6,19.168,6918.97,79.59,720.78,5.586,65.54,24.844,27.374,2.238,24.676,19.189,INJECTOR_DEGRADATION,1.0,1.0,0.4,1.0,1.0,0.0,0.0,0.0,0.0
56.8,TAKEOFF,94.47,66.4,1420.0,27.16,96.257,1.1166,6920.32,80.29,720.94,5.585,65.58,24.892,27.389,2.203,24.6,19.17,6919.61,80.66,720.73,5.567,65.65,24.964,27.291,2.298,24.623,19.128,INJECTOR_DEGRADATION,1.0,1.0,0.4,1.0,1.0,0.0,0.0,0.0,0.0
56.9,TAKEOFF,94.48,66.41,1422.5,27.15,96.248,1.1165,6921.05,80.29,721.02,5.585,65.58,24.896,27.39,2.203,24.6,19.173,6920.3,80.52,718.83,5.585,65.49,24.923,27.427,2.19,24.55,19.258,INJECTOR_DEGRADATION,1.0,1.0,0.4,1.0,1.0,0.0,0.0,0.0,0.0
57.0,TAKEOFF,94.5,66.43,1425.0,27.15,96.239,1.1165,6921.77,80.29,721.1,5.586,65.57,24.9,27.39,2.204,24.6,19.175,6911.67,79.78,719.84,5.636,65.31,25.005,27.366,2.307,24.572,19.084,INJECTOR_DEGRADATION,1.0,1.0,0.4,1.0,1.0,0.0,0.0,0.0,0.0
57.1,TAKEOFF,94.52,66.44,1427.5,27.14,96.231,1.1164,6922.49,80.29,721.17,5.586,65.56,24.904,27.39,2.204,24.6,19.178,6923.74,79.67,721.41,5.651,65.1,24.753,27.369,2.163,24.643,19.092,INJECTOR_DEGRADATION,1.0,1.0,0.4,1.0,1.0,0.0,0.0,0.0,0.0
57.2,TAKEOFF,94.53,66.45,1430.0,27.14,96.222,1.1163,6923.22,80.29,721.25,5.587,65.56,24.908,27.391,2.204,24.6,19.18,6921.77,79.79,723.21,5.61,65.27,24.751,27.524,2.114,24.527,19.182,INJECTOR_DEGRADATION,1.0,1.0,0.4,1.0,1.0,0.0,0.0,0.0,0.0
57.3,TAKEOFF,94.55,66.46,1432.5,27.13,96.213,1.1162,6923.94,80.29,721.33,5.587,65.55,24.912,27.391,2.204,24.6,19.183,6930.62,80.63,720.78,5.5,65.05,24.753,27.472,2.141,24.533,19.193,INJECTOR_DEGRADATION,1.0,1.0,0.4,1.0,1.0,0.0,0.0,0.0,0.0
57.4,TAKEOFF,94.57,66.47,1435.0,27.13,96.205,1.1161,6924.67,80.29,721.4,5.587,65.54,24.916,27.391,2.204,24.6,19.185,6921.41,79.56,722.69,5.614,65.66,24.797,27.323,2.266,24.646,19.247,INJECTOR_DEGRADATION,1.0,1.0,0.4,1.0,1.0,0.0,0.0,0.0,0.0
57.5,TAKEOFF,94.58,66.48,1437.5,27.12,96.196,1.116,6925.39,80.29,721.48,5.588,65.54,24.92,27.392,2.204,24.6,19.188,6927.98,80.9,719.39,5.612,66.15,25.128,27.425,2.245,24.572,19.086,INJECTOR_DEGRADATION,1.0,1.0,0.4,1.0,1.0,0.0,0.0,0.0,0.0
57.6,TAKEOFF,94.6,66.49,1440.0,27.12,96.187,1.116,6926.11,80.29,721.56,5.588,65.53,24.924,27.392,2.205,24.6,19.19,6928.14,80.8,723.27,5.574,65.75,24.991,27.363,2.174,24.527,19.155,INJECTOR_DEGRADATION,1.0,1.0,0.4,1.0,1.0,0.0,0.0,0.0,0.0
57.7,TAKEOFF,94.62,66.5,1442.5,27.11,96.178,1.1159,6926.84,80.29,721.63,5.589,65.52,24.927,27.392,2.205,24.6,19.193,6926.53,79.64,723.08,5.603,65.85,24.796,27.389,2.245,24.639,19.122,INJECTOR_DEGRADATION,1.0,1.0,0.4,1.0,1.0,0.0,0.0,0.0,0.0
57.8,TAKEOFF,94.63,66.51,1445.0,27.11,96.17,1.1158,6927.56,80.3,721.71,5.589,65.52,24.931,27.393,2.205,24.6,19.195,6927.77,80.03,724.76,5.581,65.73,24.872,27.312,2.227,24.744,19.193,INJECTOR_DEGRADATION,1.0,1.0,0.4,1.0,1.0,0.0,0.0,0.0,0.0
57.9,TAKEOFF,94.65,66.52,1447.5,27.1,96.161,1.1157,6928.28,80.3,721.78,5.59,65.51,24.935,27.393,2.205,24.6,19.198,6937.76,80.37,723.52,5.625,65.69,24.707,27.372,2.296,24.598,19.166,INJECTOR_DEGRADATION,1.0,1.0,0.4,1.0,1.0,0.0,0.0,0.0,0.0
58.0,TAKEOFF,94.67,66.53,1450.0,27.1,96.152,1.1156,6929.01,80.3,721.86,5.59,65.5,24.939,27.393,2.205,24.6,19.2,6925.35,81.0,721.36,5.585,65.54,24.993,27.345,2.221,24.579,19.01,INJECTOR_DEGRADATION,1.0,1.0,0.4,1.0,1.0,0.0,0.0,0.0,0.0
58.1,TAKEOFF,94.68,66.54,1452.5,27.09,96.144,1.1155,6929.73,80.3,721.93,5.59,65.5,24.943,27.394,2.205,24.6,19.203,6931.23,80.46,721.51,5.582,65.43,25.062,27.394,2.266,24.605,19.173,INJECTOR_DEGRADATION,1.0,1.0,0.4,1.0,1.0,0.0,0.0,0.0,0.0
58.2,TAKEOFF,94.7,66.56,1455.0,27.09,96.135,1.1155,6930.46,80.3,722.0,5.591,65.49,24.947,27.394,2.205,24.6,19.205,6919.08,79.95,723.24,5.578,65.19,24.99,27.344,2.162,24.53,19.114,INJECTOR_DEGRADATION,1.0,1.0,0.4,1.0,1.0,0.0,0.0,0.0,0.0
58.3,TAKEOFF,94.72,66.57,1457.5,27.08,96.126,1.1154,6931.18,80.3,722.08,5.591,65.48,24.951,27.394,2.206,24.6,19.208,6933.89,80.52,724.0,5.617,65.35,24.933,27.38,2.224,24.66,19.377,INJECTOR_DEGRADATION,1.0,1.0,0.4,1.0,1.0,0.0,0.0,0.0,0.0
58.4,TAKEOFF,94.73,66.58,1460.0,27.08,96.118,1.1153,6931.9,80.3,722.15,5.592,65.48,24.955,27.395,2.206,24.6,19.21,6930.85,80.21,722.85,5.63,65.36,25.044,27.444,2.235,24.619,19.322,INJECTOR_DEGRADATION,1.0,1.0,0.4,1.0,1.0,0.0,0.0,0.0,0.0
58.5,TAKEOFF,94.75,66.59,1462.5,27.07,96.109,1.1152,6932.63,80.3,722.22,5.592,65.47,24.959,27.395,2.206,24.6,19.213,6933.09,80.42,720.99,5.584,65.44,25.066,27.355,2.249,24.591,19.177,INJECTOR_DEGRADATION,1.0,1.0,0.4,1.0,1.0,0.0,0.0,0.0,0.0
58.6,TAKEOFF,94.77,66.6,1465.0,27.07,96.1,1.1151,6933.35,80.3,722.3,5.593,65.47,24.962,27.395,2.206,24.6,19.215,6935.74,79.62,723.55,5.543,65.6,24.836,27.363,2.15,24.565,19.293,INJECTOR_DEGRADATION,1.0,1.0,0.4,1.0,1.0,0.0,0.0,0.0,0.0
58.7,TAKEOFF,94.78,66.61,1467.5,27.06,96.092,1.1151,6934.07,80.3,722.37,5.593,65.46,24.966,27.396,2.206,24.6,19.218,6936.22,79.81,723.96,5.609,65.48,24.938,27.394,2.19,24.534,19.51,INJECTOR_DEGRADATION,1.0,1.0,0.4,1.0,1.0,0.0,0.0,0.0,0.0
58.8,TAKEOFF,94.8,66.62,1470.0,27.06,96.083,1.115,6934.8,80.3,722.44,5.594,65.45,24.97,27.396,2.206,24.6,19.22,6935.47,81.17,721.2,5.575,65.36,24.948,27.468,2.258,24.585,19.315,INJECTOR_DEGRADATION,1.0,1.0,0.4,1.0,1.0,0.0,0.0,0.0,0.0
58.9,TAKEOFF,94.82,66.63,1472.5,27.05,96.074,1.1149,6935.52,80.31,722.51,5.594,65.45,24.974,27.396,2.207,24.6,19.223,6928.08,80.01,723.5,5.58,65.34,25.006,27.408,2.267,24.661,19.137,INJECTOR_DEGRADATION,1.0,1.0,0.4,1.0,1.0,0.0,0.0,0.0,0.0
59.0,TAKEOFF,94.83,66.64,1475.0,27.05,96.066,1.1148,6936.24,80.31,722.58,5.594,65.44,24.978,27.397,2.207,24.6,19.225,6941.12,80.25,723.29,5.586,65.49,24.978,27.351,2.235,24.615,19.198,INJECTOR_DEGRADATION,1.0,1.0,0.4,1.0,1.0,0.0,0.0,0.0,0.0
59.1,TAKEOFF,94.85,66.65,1477.5,27.04,96.057,1.1147,6936.97,80.31,722.66,5.595,65.43,24.982,27.397,2.207,24.6,19.228,6938.27,79.59,721.04,5.605,65.64,25.041,27.356,2.178,24.554,19.281,INJECTOR_DEGRADATION,1.0,1.0,0.4,1.0,1.0,0.0,0.0,0.0,0.0
59.2,TAKEOFF,94.87,66.66,1480.0,27.04,96.048,1.1146,6937.69,80.31,722.73,5.595,65.43,24.986,27.397,2.207,24.6,19.23,6946.25,80.2,721.47,5.543,65.26,25.057,27.504,2.137,24.549,19.018,INJECTOR_DEGRADATION,1.0,1.0,0.4,1.0,1.0,0.0,0.0,0.0,0.0
59.3,TAKEOFF,94.88,66.67,1482.5,27.03,96.04,1.1146,6938.41,80.31,722.8,5.596,65.42,24.99,27.398,2.207,24.6,19.233,6938.15,80.81,722.46,5.589,64.93,25.054,27.404,2.226,24.641,19.266,INJECTOR_DEGRADATION,1.0,1.0,0.4,1.0,1.0,0.0,0.0,0.0,0.0
59.4,TAKEOFF,94.9,66.69,1485.0,27.03,96.031,1.1145,6939.14,80.31,722.87,5.596,65.41,24.994,27.398,2.207,24.6,19.235,6942.49,81.25,719.37,5.635,65.41,25.107,27.329,2.34,24.578,19.237,INJECTOR_DEGRADATION,1.0,1.0,0.4,1.0,1.0,0.0,0.0,0.0,0.0
59.5,TAKEOFF,94.92,66.7,1487.5,27.02,96.022,1.1144,6939.86,80.31,722.94,5.597,65.41,24.997,27.398,2.208,24.6,19.238,6937.53,80.2,723.76,5.536,65.46,25.175,27.315,2.222,24.586,19.287,INJECTOR_DEGRADATION,1.0,1.0,0.4,1.0,1.0,0.0,0.0,0.0,0.0
59.6,TAKEOFF,94.93,66.71,1490.0,27.02,96.013,1.1143,6940.58,80.31,723.01,5.597,65.4,25.001,27.399,2.208,24.6,19.24,6934.89,80.91,725.23,5.606,65.11,24.91,27.375,2.187,24.545,19.154,INJECTOR_DEGRADATION,1.0,1.0,0.4,1.0,1.0,0.0,0.0,0.0,0.0
59.7,TAKEOFF,94.95,66.72,1492.5,27.01,96.005,1.1142,6941.31,80.31,723.08,5.597,65.39,25.005,27.399,2.208,24.6,19.243,6933.64,80.98,721.97,5.591,64.84,25.02,27.408,2.252,24.482,19.288,INJECTOR_DEGRADATION,1.0,1.0,0.4,1.0,1.0,0.0,0.0,0.0,0.0
59.8,TAKEOFF,94.97,66.73,1495.0,27.01,95.996,1.1141,6942.03,80.31,723.15,5.598,65.39,25.009,27.399,2.208,24.6,19.245,6937.41,80.88,723.49,5.579,65.13,24.896,27.393,2.247,24.632,19.277,INJECTOR_DEGRADATION,1.0,1.0,0.4,1.0,1.0,0.0,0.0,0.0,0.0
59.9,TAKEOFF,94.98,66.74,1497.5,27.0,95.987,1.1141,6942.76,80.31,723.22,5.598,65.38,25.013,27.4,2.208,24.6,19.248,6943.11,81.38,721.55,5.622,65.86,24.998,27.405,2.22,24.486,19.095,INJECTOR_DEGRADATION,1.0,1.0,0.4,1.0,1.0,0.0,0.0,0.0,0.0
60.0,CLIMB,85.0,60.25,1500.0,27.0,95.979,1.114,6920.58,80.31,722.93,5.587,65.37,22.771,27.2,2.154,24.6,17.75,6914.31,80.86,723.79,5.57,65.75,22.742,27.217,2.184,24.511,17.695,INJECTOR_DEGRADATION,1.0,1.0,0.4,1.0,1.0,0.0,0.0,0.0,0.0
60.1,CLIMB,84.99,60.24,1507.08,26.99,95.954,1.1138,6899.48,80.31,722.64,5.576,65.37,22.77,27.2,2.152,24.6,17.749,6910.17,81.14,722.83,5.599,65.08,22.742,27.211,2.199,24.562,17.794,INJECTOR_DEGRADATION,1.0,1.0,0.4,1.0,1.0,0.0,0.0,0.0,0.0
60.2,CLIMB,84.98,60.24,1514.17,26.97,95.93,1.1135,6879.42,80.31,722.36,5.566,65.36,22.769,27.2,2.15,24.6,17.747,6881.37,80.19,721.44,5.55,65.29,22.542,27.218,2.171,24.612,17.755,INJECTOR_DEGRADATION,1.0,1.0,0.4,1.0,1.0,0.0,0.0,0.0,0.0
60.3,CLIMB,84.97,60.23,1521.25,26.96,95.905,1.1133,6860.34,80.31,722.08,5.556,65.35,22.767,27.2,2.148,24.6,17.746,6863.62,80.37,721.22,5.546,65.34,22.531,27.151,2.128,24.614,17.785,INJECTOR_DEGRADATION,1.0,1.0,0.4,1.0,1.0,0.0,0.0,0.0,0.0
60.4,CLIMB,84.97,60.23,1528.33,26.94,95.881,1.1131,6842.18,80.31,721.8,5.546,65.35,22.766,27.199,2.146,24.6,17.745,6843.18,79.9,720.93,5.557,65.22,22.7,27.229,2.121,24.539,17.677,INJECTOR_DEGRADATION,1.0,1.0,0.4,1.0,1.0,0.0,0.0,0.0,0.0
60.5,CLIMB,84.96,60.22,1535.42,26.93,95.856,1.1128,6824.91,80.31,721.53,5.538,65.34,22.764,27.199,2.144,24.6,17.744,6832.03,80.11,720.33,5.55,65.42,22.812,27.2,2.1,24.616,17.729,INJECTOR_DEGRADATION,1.0,1.0,0.4,1.0,1.0,0.0,0.0,0.0,0.0
60.6,CLIMB,84.95,60.22,1542.5,26.91,95.831,1.1126,6808.48,80.31,721.26,5.529,65.34,22.763,27.199,2.143,24.6,17.742,6814.28,80.72,723.02,5.485,65.8,22.942,27.188,2.203,24.666,17.708,INJECTOR_DEGRADATION,1.0,1.0,0.4,1.0,1.0,0.0,0.0,0.0,0.0
60.7,CLIMB,84.94,60.21,1549.58,26.9,95.807,1.1124,6792.85,80.31,721.0,5.521,65.33,22.761,27.199,2.141,24.6,17.741,6787.76,79.61,717.86,5.541,65.11,22.793,27.202,2.098,24.651,17.687,INJECTOR_DEGRADATION,1.0,1.0,0.4,1.0,1.0,0.0,0.0,0.0,0.0
60.8,CLIMB,84.93,60.21,1556.67,26.89,95.782,1.1121,6777.97,80.31,720.73,5.513,65.32,22.76,27.199,2.139,24.6,17.74,6775.1,80.18,721.96,5.473,64.95,22.715,27.102,2.145,24.561,17.776,INJECTOR_DEGRADATION,1.0,1.0,0.4,1.0,1.0,0.0,0.0,0.0,0.0
60.9,CLIMB,84.92,60.2,1563.75,26.87,95.758,1.1119,6763.82,80.31,720.47,5.506,65.32,22.758,27.198,2.138,24.6,17.739,6753.2,80.39,721.03,5.491,65.03,22.845,27.19,2.077,24.637,17.795,INJECTOR_DEGRADATION,1.0,1.0,0.4,1.0,1.0,0.0,0.0,0.0,0.0
61.0,CLIMB,84.92,60.2,1570.83,26.86,95.733,1.1117,6750.35,80.32,720.21,5.499,65.31,22.757,27.198,2.137,24.6,17.737,6744.28,79.93,720.33,5.462,65.51,22.89,27.205,2.252,24.574,17.799,INJECTOR_DEGRADATION,1.0,1.0,0.4,1.0,1.0,0.0,0.0,0.0,0.0
61.1,CLIMB,84.91,60.19,1577.92,26.84,95.709,1.1114,6737.52,80.32,719.96,5.493,65.3,22.755,27.198,2.135,24.6,17.736,6739.03,81.06,717.8,5.465,65.54,22.821,27.206,2.214,24.606,17.554,INJECTOR_DEGRADATION,1.0,1.0,0.4,1.0,1.0,0.0,0.0,0.0,0.0
61.2,CLIMB,84.9,60.18,1585.0,26.83,95.684,1.1112,6725.32,80.32,719.71,5.486,65.3,22.754,27.198,2.134,24.6,17.735,6721.27,79.65,721.22,5.524,65.98,22.627,27.274,2.105,24.611,17.769,INJECTOR_DEGRADATION,1.0,1.0,0.4,1.0,1.0,0.0,0.0,0.0,0.0
61.3,CLIMB,84.89,60.18,1592.08,26.82,95.66,1.111,6713.7,80.32,719.46,5.48,65.29,22.753,27.198,2.133,24.6,17.734,6711.5,80.27,718.08,5.536,65.38,22.979,27.186,2.196,24.602,17.727,INJECTOR_DEGRADATION,1.0,1.0,0.4,1.0,1.0,0.0,0.0,0.0,0.0
61.4,CLIMB,84.88,60.17,1599.17,26.8,95.635,1.1107,6702.63,80.32,719.21,5.475,65.28,22.751,27.198,2.132,24.6,17.732,6706.87,80.23,720.81,5.451,65.31,22.936,27.21,2.077,24.646,17.791,INJECTOR_DEGRADATION,1.0,1.0,0.4,1.0,1.0,0.0,0.0,0.0,0.0
61.5,CLIMB,84.87,60.17,1606.25,26.79,95.611,1.1105,6692.1,80.32,718.97,5.469,65.28,22.75,27.197,2.131,24.6,17.731,6698.07,80.74,719.91,5.481,65.49,22.807,27.264,2.061,24.549,17.716,INJECTOR_DEGRADATION,1.0,1.0,0.4,1.0,1.0,0.0,0.0,0.0,0.0
61.6,CLIMB,84.87,60.16,1613.33,26.77,95.587,1.1103,6682.07,80.32,718.73,5.464,65.27,22.748,27.197,2.13,24.6,17.73,6681.03,80.57,720.2,5.512,64.74,22.902,27.368,2.159,24.557,17.634,INJECTOR_DEGRADATION,1.0,1.0,0.4,1.0,1.0,0.0,0.0,0.0,0.0
61.7,CLIMB,84.86,60.16,1620.42,26.76,95.562,1.11,6672.52,80.32,718.49,5.459,65.26,22.747,27.197,2.129,24.6,17.729,6673.41,80.32,720.58,5.473,65.18,22.799,27.149,2.183,24.574,17.659,INJECTOR_DEGRADATION,1.0,1.0,0.4,1.0,1.0,0.0,0.0,0.0,0.0
61.8,CLIMB,84.85,60.15,1627.5,26.74,95.538,1.1098,6663.42,80.32,718.26,5.455,65.26,22.745,27.197,2.128,24.6,17.727,6672.09,81.6,720.14,5.46,65.15,22.661,27.169,2.129,24.601,17.647,INJECTOR_DEGRADATION,1.0,1.0,0.4,1.0,1.0,0.0,0.0,0.0,0.0
61.9,CLIMB,84.84,60.15,1634.58,26.73,95.513,1.1096,6654.75,80.32,718.03,5.45,65.25,22.744,27.197,2.127,24.6,17.726,6651.79,80.32,716.36,5.454,65.27,22.771,27.263,2.164,24.502,17.727,INJECTOR_DEGRADATION,1.0,1.0,0.4,1.0,1.0,0.0,0.0,0.0,0.0
62.0,CLIMB,84.83,60.14,1641.67,26.72,95.489,1.1093,6646.49,80.32,717.8,5.446,65.24,22.742,27.197,2.126,24.6,17.725,6641.61,80.59,715.25,5.499,65.55,22.738,27.244,2.053,24.528,17.871,INJECTOR_DEGRADATION,1.0,1.0,0.4,1.0,1.0,0.0,0.0,0.0,0.0
62.1,CLIMB,84.82,60.14,1648.75,26.7,95.464,1.1091,6638.62,80.32,717.57,5.442,65.24,22.741,27.197,2.125,24.6,17.724,6638.58,80.43,715.59,5.468,65.14,22.747,27.178,2.184,24.628,17.694,INJECTOR_DEGRADATION,1.0,1.0,0.4,1.0,1.0,0.0,0.0,0.0,0.0
62.2,CLIMB,84.82,60.13,1655.83,26.69,95.44,1.1089,6631.11,80.32,717.35,5.438,65.23,22.739,27.196,2.124,24.6,17.722,6632.11,80.22,717.06,5.448,65.46,22.562,27.179,2.131,24.552,17.807,INJECTOR_DEGRADATION,1.0,1.0,0.4,1.0,1.0,0.0,0.0,0.0,0.0
62.3,CLIMB,84.81,60.13,1662.92,26.67,95.415,1.1086,6623.96,80.32,717.13,5.434,65.22,22.738,27.196,2.123,24.6,17.721,6622.67,80.97,716.0,5.432,64.95,22.894,27.164,2.136,24.557,17.818,INJECTOR_DEGRADATION,1.0,1.0,0.4,1.0,1.0,0.0,0.0,0.0,0.0
62.4,CLIMB,84.8,60.12,1670.0,26.66,95.391,1.1084,6617.15,80.32,716.91,5.431,65.21,22.736,27.196,2.123,24.6,17.72,6609.82,80.17,717.37,5.451,65.24,22.735,27.197,2.121,24.632,17.884,INJECTOR_DEGRADATION,1.0,1.0,0.4,1.0,1.0,0.0,0.0,0.0,0.0
62.5,CLIMB,84.79,60.11,1677.08,26.65,95.367,1.1082,6610.65,80.32,716.69,5.428,65.21,22.735,27.196,2.122,24.6,17.719,6612.19,80.23,716.33,5.377,65.46,22.718,27.178,2.211,24.631,17.806,INJECTOR_DEGRADATION,1.0,1.0,0.4,1.0,1.0,0.0,0.0,0.0,0.0
62.6,CLIMB,84.78,60.11,1684.17,26.63,95.342,1.108,6604.45,80.32,716.48,5.424,65.2,22.734,27.196,2.121,24.6,17.717,6607.48,80.15,717.96,5.382,65.27,22.705,27.145,2.095,24.559,17.833,INJECTOR_DEGRADATION,1.0,1.0,0.4,1.0,1.0,0.0,0.0,0.0,0.0
62.7,CLIMB,84.77,60.1,1691.25,26.62,95.318,1.1077,6598.53,80.32,716.27,5.421,65.19,22.732,27.195,2.121,24.6,17.716,6604.59,79.61,716.27,5.371,65.11,22.718,27.122,2.101,24.536,17.961,INJECTOR_DEGRADATION,1.0,1.0,0.4,1.0,1.0,0.0,0.0,0.0,0.0
62.8,CLIMB,84.77,60.1,1698.33,26.6,95.293,1.1075,6592.89,80.32,716.06,5.419,65.19,22.731,27.195,2.12,24.6,17.715,6594.7,80.83,716.37,5.411,65.44,22.769,27.158,2.058,24.615,17.911,INJECTOR_DEGRADATION,1.0,1.0,0.4,1.0,1.0,0.0,0.0,0.0,0.0
62.9,CLIMB,84.76,60.09,1705.42,26.59,95.269,1.1073,6587.51,80.32,715.85,5.416,65.18,22.729,27.195,2.119,24.6,17.714,6599.52,79.56,718.51,5.461,64.9,22.703,27.206,2.132,24.627,17.738,INJECTOR_DEGRADATION,1.0,1.0,0.4,1.0,1.0,0.0,0.0,0.0,0.0
63.0,CLIMB,84.75,60.09,1712.5,26.57,95.245,1.107,6582.37,80.32,715.65,5.413,65.17,22.728,27.195,2.119,24.6,17.712,6585.29,80.36,715.47,5.366,65.86,22.741,27.186,2.201,24.674,17.617,INJECTOR_DEGRADATION,1.0,1.0,0.4,1.0,1.0,0.0,0.0,0.0,0.0
63.1,CLIMB,84.74,60.08,1719.58,26.56,95.22,1.1068,6577.46,80.32,715.44,5.411,65.17,22.726,27.195,2.118,24.6,17.711,6570.98,79.52,717.32,5.457,64.86,22.687,27.185,2.131,24.537,17.74,INJECTOR_DEGRADATION,1.0,1.0,0.4,1.0,1.0,0.0,0.0,0.0,0.0
63.2,CLIMB,84.73,60.08,1726.67,26.55,95.196,1.1066,6572.78,80.32,715.24,5.408,65.16,22.725,27.195,2.118,24.6,17.71,6569.3,79.92,715.19,5.416,64.6,22.527,27.173,2.13,24.685,17.567,INJECTOR_DEGRADATION,1.0,1.0,0.4,1.0,1.0,0.0,0.0,0.0,0.0
63.3,CLIMB,84.72,60.07,1733.75,26.53,95.171,1.1063,6568.3,80.32,715.05,5.406,65.15,22.723,27.194,2.117,24.6,17.709,6574.48,80.02,716.85,5.447,64.74,22.787,27.103,2.145,24.558,17.786,INJECTOR_DEGRADATION,1.0,1.0,0.4,1.0,1.0,0.0,0.0,0.0,0.0
63.4,CLIMB,84.72,60.07,1740.83,26.52,95.147,1.1061,6564.03,80.32,714.85,5.404,65.15,22.722,27.194,2.117,24.6,17.707,6567.72,80.27,713.12,5.383,65.34,22.658,27.208,2.11,24.473,17.461,INJECTOR_DEGRADATION,1.0,1.0,0.4,1.0,1.0,0.0,0.0,0.0,0.0
63.5,CLIMB,84.71,60.06,1747.92,26.5,95.123,1.1059,6559.94,80.32,714.66,5.402,65.14,22.72,27.194,2.116,24.6,17.706,6562.63,80.57,713.56,5.405,64.75,22.792,27.193,2.068,24.589,17.861,INJECTOR_DEGRADATION,1.0,1.0,0.4,1.0,1.0,0.0,0.0,0.0,0.0
63.6,CLIMB,84.7,60.05,1755.0,26.49,95.098,1.1056,6556.04,80.32,714.47,5.4,65.13,22.719,27.194,2.116,24.6,17.705,6553.59,80.96,712.52,5.402,65.23,22.795,27.228,2.144,24.6,17.7,INJECTOR_DEGRADATION,1.0,1.0,0.4,1.0,1.0,0.0,0.0,0.0,0.0
63.7,CLIMB,84.69,60.05,1762.08,26.48,95.074,1.1054,6552.31,80.32,714.28,5.398,65.13,22.717,27.194,2.116,24.6,17.704,6553.22,79.7,712.56,5.399,65.01,22.707,27.208,2.105,24.619,17.846,INJECTOR_DEGRADATION,1.0,1.0,0.4,1.0,1.0,0.0,0.0,0.0,0.0
63.8,CLIMB,84.68,60.04,1769.17,26.46,95.05,1.1052,6548.73,80.32,714.09,5.396,65.12,22.716,27.194,2.115,24.6,17.702,6549.87,78.71,715.73,5.36,65.58,22.523,27.232,2.08,24.579,17.592,INJECTOR_DEGRADATION,1.0,1.0,0.4,1.0,1.0,0.0,0.0,0.0,0.0
63.9,CLIMB,84.67,60.04,1776.25,26.45,95.025,1.105,6545.32,80.32,713.91,5.394,65.11,22.715,27.194,2.115,24.6,17.701,6541.82,80.31,715.32,5.394,64.98,22.753,27.194,2.06,24.573,17.699,INJECTOR_DEGRADATION,1.0,1.0,0.4,1.0,1.0,0.0,0.0,0.0,0.0
64.0,CLIMB,84.67,60.03,1783.33,26.43,95.001,1.1047,6542.05,80.32,713.72,5.393,65.1,22.713,27.193,2.114,24.6,17.7,6543.15,80.21,715.23,5.355,64.99,22.859,27.249,2.088,24.563,17.865,INJECTOR_DEGRADATION,1.0,1.0,0.4,1.0,1.0,0.0,0.0,0.0,0.0
64.1,CLIMB,84.66,60.03,1790.42,26.42,94.977,1.1045,6538.92,80.32,713.54,5.391,65.1,22.712,27.193,2.114,24.6,17.699,6539.98,79.93,712.79,5.42,64.9,22.596,27.261,2.076,24.693,17.623,INJECTOR_DEGRADATION,1.0,1.0,0.4,1.0,1.0,0.0,0.0,0.0,0.0
64.2,CLIMB,84.65,60.02,1797.5,26.4,94.952,1.1043,6535.92,80.32,713.37,5.39,65.09,22.71,27.193,2.114,24.6,17.697,6535.46,79.42,715.98,5.403,65.31,22.875,27.22,2.076,24.55,17.684,INJECTOR_DEGRADATION,1.0,1.0,0.4,1.0,1.0,0.0,0.0,0.0,0.0
64.3,CLIMB,84.64,60.02,1804.58,26.39,94.928,1.104,6533.05,80.32,713.19,5.388,65.08,22.709,27.193,2.113,24.6,17.696,6534.55,80.51,716.95,5.385,64.78,22.754,27.244,2.175,24.611,17.748,INJECTOR_DEGRADATION,1.0,1.0,0.4,1.0,1.0,0.0,0.0,0.0,0.0
64.4,CLIMB,84.63,60.01,1811.67,26.38,94.904,1.1038,6530.29,80.32,713.02,5.387,65.08,22.707,27.193,2.113,24.6,17.695,6532.39,80.27,712.66,5.415,64.75,22.884,27.143,2.022,24.551,17.771,INJECTOR_DEGRADATION,1.0,1.0,0.4,1.0,1.0,0.0,0.0,0.0,0.0
64.5,CLIMB,84.62,60.01,1818.75,26.36,94.88,1.1036,6527.66,80.32,712.84,5.386,65.07,22.706,27.192,2.113,24.6,17.694,6533.76,79.65,714.66,5.437,64.98,22.638,27.253,2.118,24.56,17.688,INJECTOR_DEGRADATION,1.0,1.0,0.4,1.0,1.0,0.0,0.0,0.0,0.0
64.6,CLIMB,84.62,60.0,1825.83,26.35,94.855,1.1033,6525.12,80.32,712.67,5.384,65.06,22.704,27.192,2.113,24.6,17.692,6531.62,80.73,714.14,5.335,65.06,22.711,27.166,2.009,24.615,17.61,INJECTOR_DEGRADATION,1.0,1.0,0.4,1.0,1.0,0.0,0.0,0.0,0.0
64.7,CLIMB,84.61,60.0,1832.92,26.33,94.831,1.1031,6522.7,80.32,712.5,5.383,65.06,22.703,27.192,2.112,24.6,17.691,6522.01,79.56,712.62,5.384,65.34,22.744,27.251,2.091,24.639,17.685,INJECTOR_DEGRADATION,1.0,1.0,0.4,1.0,1.0,0.0,0.0,0.0,0.0
64.8,CLIMB,84.6,59.99,1840.0,26.32,94.807,1.1029,6520.36,80.32,712.34,5.382,65.05,22.701,27.192,2.112,24.6,17.69,6519.88,80.53,712.54,5.401,65.11,22.818,27.205,2.148,24.593,17.625,INJECTOR_DEGRADATION,1.0,1.0,0.4,1.0,1.0,0.0,0.0,0.0,0.0
64.9,CLIMB,84.59,59.98,1847.08,26.31,94.782,1.1027,6518.13,80.32,712.17,5.381,65.04,22.7,27.192,2.112,24.6,17.689,6518.22,79.32,708.37,5.405,65.0,22.535,27.229,2.021,24.608,17.672,INJECTOR_DEGRADATION,1.0,1.0,0.4,1.0,1.0,0.0,0.0,0.0,0.0
65.0,CLIMB,84.58,59.98,1854.17,26.29,94.758,1.1024,6515.97,80.32,712.01,5.38,65.03,22.698,27.192,2.111,24.6,17.687,6517.28,81.72,713.05,5.344,65.04,22.794,27.214,2.154,24.605,17.667,INJECTOR_DEGRADATION,1.0,1.0,0.4,1.0,1.0,0.0,0.0,0.0,0.0
65.1,CLIMB,84.57,59.97,1861.25,26.28,94.734,1.1022,6513.91,80.32,711.85,5.379,65.03,22.697,27.191,2.111,24.6,17.686,6512.78,80.0,715.22,5.384,65.81,22.591,27.147,2.094,24.568,17.717,INJECTOR_DEGRADATION,1.0,1.0,0.4,1.0,1.0,0.0,0.0,0.0,0.0
65.2,CLIMB,84.57,59.97,1868.33,26.26,94.71,1.102,6511.92,80.32,711.69,5.378,65.02,22.696,27.191,2.111,24.6,17.685,6512.03,80.8,709.14,5.368,65.16,22.495,27.232,2.054,24.627,17.746,INJECTOR_DEGRADATION,1.0,1.0,0.4,1.0,1.0,0.0,0.0,0.0,0.0
65.3,CLIMB,84.56,59.96,1875.42,26.25,94.685,1.1017,6510.01,80.32,711.53,5.377,65.01,22.694,27.191,2.111,24.6,17.684,6515.25,79.91,711.8,5.404,65.23,22.638,27.194,2.129,24.551,17.614,INJECTOR_DEGRADATION,1.0,1.0,0.4,1.0,1.0,0.0,0.0,0.0,0.0
65.4,CLIMB,84.55,59.96,1882.5,26.23,94.661,1.1015,6508.17,80.32,711.37,5.376,65.01,22.693,27.191,2.11,24.6,17.682,6511.92,80.1,708.86,5.35,65.56,22.731,27.071,2.074,24.658,17.634,INJECTOR_DEGRADATION,1.0,1.0,0.4,1.0,1.0,0.0,0.0,0.0,0.0
65.5,CLIMB,84.54,59.95,1889.58,26.22,94.637,1.1013,6506.39,80.32,711.22,5.375,65.0,22.691,27.191,2.11,24.6,17.681,6511.76,79.47,708.58,5.335,65.34,22.678,27.041,2.102,24.645,17.588,INJECTOR_DEGRADATION,1.0,1.0,0.4,1.0,1.0,0.0,0.0,0.0,0.0
65.6,CLIMB,84.53,59.95,1896.67,26.21,94.613,1.101,6504.68,80.33,711.07,5.374,64.99,22.69,27.191,2.11,24.6,17.68,6503.01,80.13,710.1,5.426,64.57,22.582,27.21,2.141,24.627,17.762,INJECTOR_DEGRADATION,1.0,1.0,0.4,1.0,1.0,0.0,0.0,0.0,0.0
65.7,CLIMB,84.52,59.94,1903.75,26.19,94.589,1.1008,6503.04,80.33,710.92,5.374,64.98,22.688,27.191,2.11,24.6,17.679,6496.22,79.91,711.74,5.381,64.97,22.634,27.134,2.071,24.69,17.63,INJECTOR_DEGRADATION,1.0,1.0,0.4,1.0,1.0,0.0,0.0,0.0,0.0
65.8,CLIMB,84.52,59.94,1910.83,26.18,94.564,1.1006,6501.45,80.33,710.77,5.373,64.98,22.687,27.19,2.11,24.6,17.677,6500.63,79.83,710.93,5.378,64.83,22.898,27.138,2.239,24.557,17.638,INJECTOR_DEGRADATION,1.0,1.0,0.4,1.0,1.0,0.0,0.0,0.0,0.0
65.9,CLIMB,84.51,59.93,1917.92,26.16,94.54,1.1004,6499.92,80.33,710.62,5.372,64.97,22.685,27.19,2.109,24.6,17.676,6494.93,80.32,710.79,5.334,64.62,22.732,27.194,2.057,24.586,17.623,INJECTOR_DEGRADATION,1.0,1.0,0.4,1.0,1.0,0.0,0.0,0.0,0.0
66.0,CLIMB,84.5,59.92,1925.0,26.15,94.516,1.1001,6498.43,80.33,710.47,5.371,64.96,22.684,27.19,2.109,24.6,17.675,6496.75,80.05,710.49,5.382,64.85,22.713,27.235,2.126,24.541,17.648,INJECTOR_DEGRADATION,1.0,1.0,0.4,1.0,1.0,0.0,0.0,0.0,0.0
66.1,CLIMB,84.49,59.92,1932.08,26.14,94.492,1.0999,6497.0,80.33,710.33,5.371,64.96,22.682,27.19,2.109,24.6,17.674,6493.49,80.23,710.69,5.371,65.09,22.755,27.31,2.097,24.613,17.522,INJECTOR_DEGRADATION,1.0,1.0,0.4,1.0,1.0,0.0,0.0,0.0,0.0
66.2,CLIMB,84.48,59.91,1939.17,26.12,94.468,1.0997,6495.62,80.33,710.18,5.37,64.95,22.681,27.19,2.109,24.6,17.672,6498.06,80.52,710.3,5.37,65.07,22.622,27.21,2.057,24.571,17.711,INJECTOR_DEGRADATION,1.0,1.0,0.4,1.0,1.0,0.0,0.0,0.0,0.0
66.3,CLIMB,84.47,59.91,1946.25,26.11,94.443,1.0994,6494.28,80.33,710.04,5.369,64.94,22.679,27.189,2.109,24.6,17.671,6490.99,80.05,710.75,5.301,64.91,22.648,27.214,2.085,24.573,17.577,INJECTOR_DEGRADATION,1.0,1.0,0.4,1.0,1.0,0.0,0.0,0.0,0.0
66.4,CLIMB,84.47,59.9,1953.33,26.09,94.419,1.0992,6492.99,80.33,709.9,5.369,64.93,22.678,27.189,2.109,24.6,17.67,6498.9,80.93,710.47,5.371,65.19,22.558,27.157,2.15,24.597,17.731,INJECTOR_DEGRADATION,1.0,1.0,0.4,1.0,1.0,0.0,0.0,0.0,0.0
66.5,CLIMB,84.46,59.9,1960.42,26.08,94.395,1.099,6491.73,80.33,709.76,5.368,64.93,22.677,27.189,2.108,24.6,17.669,6495.01,80.9,707.19,5.325,65.14,22.487,27.174,2.137,24.632,17.688,INJECTOR_DEGRADATION,1.0,1.0,0.4,1.0,1.0,0.0,0.0,0.0,0.0
66.6,CLIMB,84.45,59.89,1967.5,26.06,94.371,1.0987,6490.52,80.33,709.63,5.368,64.92,22.675,27.189,2.108,24.6,17.667,6493.93,79.84,709.61,5.348,64.79,22.643,27.163,2.077,24.576,17.639,INJECTOR_DEGRADATION,1.0,1.0,0.4,1.0,1.0,0.0,0.0,0.0,0.0
66.7,CLIMB,84.44,59.89,1974.58,26.05,94.347,1.0985,6489.34,80.33,709.49,5.367,64.91,22.674,27.189,2.108,24.6,17.666,6486.8,79.96,711.94,5.378,65.47,22.579,27.191,2.158,24.576,17.876,INJECTOR_DEGRADATION,1.0,1.0,0.4,1.0,1.0,0.0,0.0,0.0,0.0
66.8,CLIMB,84.43,59.88,1981.67,26.04,94.323,1.0983,6488.19,80.33,709.36,5.367,64.9,22.672,27.189,2.108,24.6,17.665,6493.98,80.01,709.37,5.393,64.75,22.722,27.17,2.13,24.635,17.722,INJECTOR_DEGRADATION,1.0,1.0,0.4,1.0,1.0,0.0,0.0,0.0,0.0
66.9,CLIMB,84.42,59.88,1988.75,26.02,94.298,1.0981,6487.08,80.33,709.23,5.366,64.9,22.671,27.188,2.108,24.6,17.664,6491.95,80.67,707.92,5.369,65.1,22.596,27.171,2.21,24.651,17.456,INJECTOR_DEGRADATION,1.0,1.0,0.4,1.0,1.0,0.0,0.0,0.0,0.0
67.0,CLIMB,84.42,59.87,1995.83,26.01,94.274,1.0978,6486.0,80.33,709.09,5.366,64.89,22.669,27.188,2.108,24.6,17.662,6488.2,79.21,712.54,5.348,65.0,22.662,27.105,2.057,24.601,17.716,INJECTOR_DEGRADATION,1.0,1.0,0.4,1.0,1.0,0.0,0.0,0.0,0.0
67.1,CLIMB,84.41,59.87,2002.92,25.99,94.25,1.0976,6484.95,80.33,708.96,5.365,64.88,22.668,27.188,2.107,24.6,17.661,6484.77,80.37,710.2,5.382,65.06,22.662,27.092,2.109,24.492,17.712,INJECTOR_DEGRADATION,1.0,1.0,0.4,1.0,1.0,0.0,0.0,0.0,0.0
67.2,CLIMB,84.4,59.86,2010.0,25.98,94.226,1.0974,6483.93,80.33,708.84,5.365,64.87,22.666,27.188,2.107,24.6,17.66,6486.09,79.55,707.88,5.352,64.98,22.824,27.213,2.046,24.5,17.559,INJECTOR_DEGRADATION,1.0,1.0,0.4,1.0,1.0,0.0,0.0,0.0,0.0
67.3,CLIMB,84.39,59.85,2017.08,25.97,94.202,1.0971,6482.94,80.33,708.71,5.364,64.87,22.665,27.188,2.107,24.6,17.659,6483.47,80.28,709.29,5.429,64.42,22.529,27.265,2.114,24.67,17.702,INJECTOR_DEGRADATION,1.0,1.0,0.4,1.0,1.0,0.0,0.0,0.0,0.0
67.4,CLIMB,84.38,59.85,2024.17,25.95,94.178,1.0969,6481.97,80.33,708.58,5.364,64.86,22.663,27.188,2.107,24.6,17.657,6480.08,80.52,708.59,5.398,64.61,22.625,27.268,2.043,24.641,17.577,INJECTOR_DEGRADATION,1.0,1.0,0.4,1.0,1.0,0.0,0.0,0.0,0.0
67.5,CLIMB,84.37,59.84,2031.25,25.94,94.154,1.0967,6481.03,80.33,708.46,5.363,64.85,22.662,27.188,2.107,24.6,17.656,6479.98,78.35,707.14,5.39,65.16,22.785,27.154,2.132,24.559,17.699,INJECTOR_DEGRADATION,1.0,1.0,0.4,1.0,1.0,0.0,0.0,0.0,0.0
67.6,CLIMB,84.37,59.84,2038.33,25.92,94.13,1.0965,6480.11,80.33,708.34,5.363,64.85,22.66,27.187,2.107,24.6,17.655,6478.06,81.08,708.81,5.389,65.26,22.588,27.208,2.069,24.699,17.51,INJECTOR_DEGRADATION,1.0,1.0,0.4,1.0,1.0,0.0,0.0,0.0,0.0
67.7,CLIMB,84.36,59.83,2045.42,25.91,94.106,1.0962,6479.21,80.33,708.21,5.362,64.84,22.659,27.187,2.107,24.6,17.654,6480.93,81.48,710.73,5.403,65.26,22.69,27.273,2.058,24.632,17.493,INJECTOR_DEGRADATION,1.0,1.0,0.4,1.0,1.0,0.0,0.0,0.0,0.0
67.8,CLIMB,84.35,59.83,2052.5,25.89,94.081,1.096,6478.33,80.33,708.09,5.362,64.83,22.658,27.187,2.106,24.6,17.652,6488.3,80.41,708.23,5.373,64.71,22.726,27.141,2.113,24.516,17.722,INJECTOR_DEGRADATION,1.0,1.0,0.4,1.0,1.0,0.0,0.0,0.0,0.0
67.9,CLIMB,84.34,59.82,2059.58,25.88,94.057,1.0958,6477.47,80.33,707.97,5.362,64.82,22.656,27.187,2.106,24.6,17.651,6474.2,80.57,708.2,5.361,64.28,22.712,27.227,2.201,24.62,17.61,INJECTOR_DEGRADATION,1.0,1.0,0.4,1.0,1.0,0.0,0.0,0.0,0.0
68.0,CLIMB,84.33,59.82,2066.67,25.87,94.033,1.0955,6476.63,80.33,707.86,5.361,64.82,22.655,27.187,2.106,24.6,17.65,6481.57,80.06,708.16,5.393,64.83,22.643,27.096,2.082,24.6,17.749,INJECTOR_DEGRADATION,1.0,1.0,0.4,1.0,1.0,0.0,0.0,0.0,0.0
68.1,CLIMB,84.32,59.81,2073.75,25.85,94.009,1.0953,6475.81,80.33,707.74,5.361,64.81,22.653,27.186,2.106,24.6,17.649,6476.41,80.55,709.39,5.353,64.11,22.76,27.197,2.134,24.657,17.664,INJECTOR_DEGRADATION,1.0,1.0,0.4,1.0,1.0,0.0,0.0,0.0,0.0
68.2,CLIMB,84.32,59.81,2080.83,25.84,93.985,1.0951,6475.01,80.33,707.62,5.361,64.8,22.652,27.186,2.106,24.6,17.647,6471.86,79.14,708.0,5.372,65.11,22.74,27.11,2.068,24.542,17.666,INJECTOR_DEGRADATION,1.0,1.0,0.4,1.0,1.0,0.0,0.0,0.0,0.0
68.3,CLIMB,84.31,59.8,2087.92,25.82,93.961,1.0949,6474.22,80.33,707.51,5.36,64.79,22.65,27.186,2.106,24.6,17.646,6465.32,79.88,707.36,5.393,64.57,22.643,27.159,2.118,24.643,17.738,INJECTOR_DEGRADATION,1.0,1.0,0.4,1.0,1.0,0.0,0.0,0.0,0.0
68.4,CLIMB,84.3,59.79,2095.0,25.81,93.937,1.0946,6473.45,80.33,707.4,5.36,64.79,22.649,27.186,2.106,24.6,17.645,6464.11,80.9,709.28,5.332,64.97,22.692,27.139,2.118,24.556,17.855,INJECTOR_DEGRADATION,1.0,1.0,0.4,1.0,1.0,0.0,0.0,0.0,0.0
68.5,CLIMB,84.29,59.79,2102.08,25.8,93.913,1.0944,6472.69,80.33,707.29,5.36,64.78,22.647,27.186,2.106,24.6,17.644,6481.65,81.13,708.73,5.358,64.58,22.537,27.152,2.172,24.612,17.387,INJECTOR_DEGRADATION,1.0,1.0,0.4,1.0,1.0,0.0,0.0,0.0,0.0
68.6,CLIMB,84.28,59.78,2109.17,25.78,93.889,1.0942,6471.95,80.33,707.17,5.359,64.77,22.646,27.186,2.105,24.6,17.642,6475.87,80.2,705.37,5.381,64.39,22.585,27.152,2.043,24.606,17.503,INJECTOR_DEGRADATION,1.0,1.0,0.4,1.0,1.0,0.0,0.0,0.0,0.0
68.7,CLIMB,84.27,59.78,2116.25,25.77,93.865,1.0939,6471.22,80.33,707.07,5.359,64.76,22.644,27.185,2.105,24.6,17.641,6474.08,81.5,709.61,5.353,64.89,22.573,27.252,2.107,24.631,17.734,INJECTOR_DEGRADATION,1.0,1.0,0.4,1.0,1.0,0.0,0.0,0.0,0.0
68.8,CLIMB,84.27,59.77,2123.33,25.75,93.841,1.0937,6470.5,80.33,706.96,5.359,64.76,22.643,27.185,2.105,24.6,17.64,6474.05,79.67,707.84,5.364,64.82,22.732,27.27,2.09,24.656,17.602,INJECTOR_DEGRADATION,1.0,1.0,0.4,1.0,1.0,0.0,0.0,0.0,0.0
68.9,CLIMB,84.26,59.77,2130.42,25.74,93.817,1.0935,6469.79,80.33,706.85,5.358,64.75,22.641,27.185,2.105,24.6,17.639,6476.69,79.89,707.23,5.346,64.52,22.846,27.199,2.166,24.562,17.525,INJECTOR_DEGRADATION,1.0,1.0,0.4,1.0,1.0,0.0,0.0,0.0,0.0
69.0,CLIMB,84.25,59.76,2137.5,25.72,93.793,1.0933,6469.1,80.33,706.74,5.358,64.74,22.64,27.185,2.105,24.6,17.637,6468.95,80.58,708.34,5.339,64.73,22.669,27.201,2.073,24.561,17.657,INJECTOR_DEGRADATION,1.0,1.0,0.4,1.0,1.0,0.0,0.0,0.0,0.0
69.1,CLIMB,84.24,59.76,2144.58,25.71,93.769,1.093,6468.41,80.33,706.64,5.358,64.73,22.638,27.185,2.105,24.6,17.636,6460.23,81.19,704.33,5.356,64.73,22.59,27.241,2.175,24.668,17.61,INJECTOR_DEGRADATION,1.0,1.0,0.4,1.0,1.0,0.0,0.0,0.0,0.0
69.2,CLIMB,84.23,59.75,2151.67,25.7,93.745,1.0928,6467.74,80.33,706.53,5.357,64.73,22.637,27.185,2.105,24.6,17.635,6460.07,80.38,706.53,5.412,64.86,22.68,27.257,2.067,24.593,17.744,INJECTOR_DEGRADATION,1.0,1.0,0.4,1.0,1.0,0.0,0.0,0.0,0.0
69.3,CLIMB,84.22,59.75,2158.75,25.68,93.721,1.0926,6467.08,80.33,706.43,5.357,64.72,22.636,27.184,2.105,24.6,17.634,6463.79,80.24,709.58,5.304,64.76,22.606,27.288,2.141,24.571,17.406,INJECTOR_DEGRADATION,1.0,1.0,0.4,1.0,1.0,0.0,0.0,0.0,0.0
69.4,CLIMB,84.22,59.74,2165.83,25.67,93.697,1.0923,6466.42,80.33,706.33,5.357,64.71,22.634,27.184,2.105,24.6,17.632,6465.43,79.92,706.03,5.413,64.83,22.661,27.091,2.105,24.566,17.482,INJECTOR_DEGRADATION,1.0,1.0,0.4,1.0,1.0,0.0,0.0,0.0,0.0
69.5,CLIMB,84.21,59.74,2172.92,25.65,93.673,1.0921,6465.78,80.33,706.23,5.357,64.7,22.633,27.184,2.104,24.6,17.631,6466.6,80.06,706.55,5.312,64.66,22.625,27.212,2.174,24.651,17.569,INJECTOR_DEGRADATION,1.0,1.0,0.4,1.0,1.0,0.0,0.0,0.0,0.0
69.6,CLIMB,84.2,59.73,2180.0,25.64,93.649,1.0919,6465.14,80.33,706.13,5.356,64.7,22.631,27.184,2.104,24.6,17.63,6474.97,80.93,707.42,5.265,64.63,22.719,27.215,2.086,24.647,17.532,INJECTOR_DEGRADATION,1.0,1.0,0.4,1.0,1.0,0.0,0.0,0.0,0.0
69.7,CLIMB,84.19,59.72,2187.08,25.63,93.625,1.0917,6464.51,80.34,706.03,5.356,64.69,22.63,27.184,2.104,24.6,17.629,6455.87,80.73,706.52,5.379,64.6,22.557,27.183,2.086,24.655,17.769,INJECTOR_DEGRADATION,1.0,1.0,0.4,1.0,1.0,0.0,0.0,0.0,0.0
69.8,CLIMB,84.18,59.72,2194.17,25.61,93.601,1.0914,6463.89,80.34,705.93,5.356,64.68,22.628,27.184,2.104,24.6,17.627,6467.72,80.38,706.63,5.398,64.88,22.645,27.211,2.068,24.604,17.838,INJECTOR_DEGRADATION,1.0,1.0,0.4,1.0,1.0,0.0,0.0,0.0,0.0
69.9,CLIMB,84.17,59.71,2201.25,25.6,93.577,1.0912,6463.27,80.34,705.83,5.355,64.67,22.627,27.183,2.104,24.6,17.626,6461.4,80.3,707.85,5.347,64.84,22.5,27.222,2.084,24.599,17.786,INJECTOR_DEGRADATION,1.0,1.0,0.4,1.0,1.0,0.0,0.0,0.0,0.0
70.0,CLIMB,84.17,59.71,2208.33,25.58,93.553,1.091,6462.66,80.34,705.74,5.355,64.66,22.625,27.183,2.104,24.6,17.625,6460.38,80.56,703.56,5.374,64.33,22.664,27.212,2.064,24.526,17.642,INJECTOR_DEGRADATION,1.0,1.0,0.4,1.0,1.0,0.0,0.0,0.0,0.0
70.1,CLIMB,84.16,59.7,2215.42,25.57,93.529,1.0908,6462.06,80.34,705.64,5.355,64.66,22.624,27.183,2.104,24.6,17.624,6458.62,79.95,708.67,5.304,64.32,22.633,27.174,2.157,24.67,17.728,INJECTOR_DEGRADATION,1.0,1.0,0.4,1.0,1.0,0.0,0.0,0.0,0.0
70.2,CLIMB,84.15,59.7,2222.5,25.55,93.505,1.0905,6461.46,80.34,705.55,5.355,64.65,22.622,27.183,2.104,24.6,17.622,6460.8,79.98,707.1,5.354,64.28,22.514,27.191,2.084,24.612,17.718,INJECTOR_DEGRADATION,1.0,1.0,0.4,1.0,1.0,0.0,0.0,0.0,0.0
70.3,CLIMB,84.14,59.69,2229.58,25.54,93.481,1.0903,6460.87,80.34,705.46,5.354,64.64,22.621,27.183,2.104,24.6,17.621,6456.26,80.14,704.98,5.39,64.61,22.422,27.239,2.168,24.576,17.485,INJECTOR_DEGRADATION,1.0,1.0,0.4,1.0,1.0,0.0,0.0,0.0,0.0
70.4,CLIMB,84.13,59.69,2236.67,25.53,93.457,1.0901,6460.29,80.34,705.36,5.354,64.63,22.619,27.183,2.104,24.6,17.62,6457.82,80.46,705.16,5.346,64.99,22.723,27.201,2.084,24.543,17.795,INJECTOR_DEGRADATION,1.0,1.0,0.4,1.0,1.0,0.0,0.0,0.0,0.0
70.5,CLIMB,84.12,59.68,2243.75,25.51,93.434,1.0898,6459.71,80.34,705.27,5.354,64.63,22.618,27.183,2.103,24.6,17.619,6450.39,80.59,705.83,5.389,64.66,22.539,27.217,2.044,24.506,17.506,INJECTOR_DEGRADATION,1.0,1.0,0.4,1.0,1.0,0.0,0.0,0.0,0.0
70.6,CLIMB,84.12,59.68,2250.83,25.5,93.41,1.0896,6459.14,80.34,705.18,5.354,64.62,22.616,27.182,2.103,24.6,17.617,6464.21,80.5,703.47,5.319,64.5,22.677,27.175,2.098,24.628,17.469,INJECTOR_DEGRADATION,1.0,1.0,0.4,1.0,1.0,0.0,0.0,0.0,0.0
70.7,CLIMB,84.11,59.67,2257.92,25.48,93.386,1.0894,6458.57,80.34,705.09,5.354,64.61,22.615,27.182,2.103,24.6,17.616,6454.13,80.2,703.87,5.407,64.48,22.498,27.175,2.129,24.554,17.655,INJECTOR_DEGRADATION,1.0,1.0,0.4,1.0,1.0,0.0,0.0,0.0,0.0
70.8,CLIMB,84.1,59.66,2265.0,25.47,93.362,1.0892,6458.0,80.34,705.0,5.353,64.6,22.614,27.182,2.103,24.6,17.615,6451.58,80.03,706.66,5.341,64.7,22.691,27.25,2.116,24.635,17.577,INJECTOR_DEGRADATION,1.0,1.0,0.4,1.0,1.0,0.0,0.0,0.0,0.0
70.9,CLIMB,84.09,59.66,2272.08,25.46,93.338,1.0889,6457.44,80.34,704.92,5.353,64.6,22.612,27.182,2.103,24.6,17.614,6457.63,81.12,702.71,5.355,64.43,22.517,27.15,2.051,24.703,17.73,INJECTOR_DEGRADATION,1.0,1.0,0.4,1.0,1.0,0.0,0.0,0.0,0.0
71.0,CLIMB,84.08,59.65,2279.17,25.44,93.314,1.0887,6456.88,80.34,704.83,5.353,64.59,22.611,27.182,2.103,24.6,17.612,6456.05,79.94,704.93,5.362,64.13,22.54,27.274,2.128,24.499,17.763,INJECTOR_DEGRADATION,1.0,1.0,0.4,1.0,1.0,0.0,0.0,0.0,0.0
71.1,CLIMB,84.07,59.65,2286.25,25.43,93.29,1.0885,6456.33,80.34,704.74,5.353,64.58,22.609,27.181,2.103,24.6,17.611,6456.63,81.2,703.93,5.385,64.64,22.521,27.201,2.139,24.597,17.541,INJECTOR_DEGRADATION,1.0,1.0,0.4,1.0,1.0,0.0,0.0,0.0,0.0
71.2,CLIMB,84.07,59.64,2293.33,25.41,93.266,1.0883,6455.78,80.34,704.66,5.352,64.57,22.608,27.181,2.103,24.6,17.61,6454.91,80.66,706.19,5.332,64.98,22.694,27.19,2.15,24.58,17.617,INJECTOR_DEGRADATION,1.0,1.0,0.4,1.0,1.0,0.0,0.0,0.0,0.0
71.3,CLIMB,84.06,59.64,2300.42,25.4,93.242,1.088,6455.24,80.34,704.57,5.352,64.56,22.606,27.181,2.103,24.6,17.609,6463.29,79.7,707.34,5.365,64.55,22.651,27.251,2.029,24.65,17.509,INJECTOR_DEGRADATION,1.0,1.0,0.4,1.0,1.0,0.0,0.0,0.0,0.0
71.4,CLIMB,84.05,59.63,2307.5,25.38,93.219,1.0878,6454.69,80.34,704.49,5.352,64.56,22.605,27.181,2.103,24.6,17.607,6448.78,79.24,705.11,5.311,64.2,22.565,27.15,1.99,24.534,17.529,INJECTOR_DEGRADATION,1.0,1.0,0.4,1.0,1.0,0.0,0.0,0.0,0.0
71.5,CLIMB,84.04,59.63,2314.58,25.37,93.195,1.0876,6454.16,80.34,704.41,5.352,64.55,22.603,27.181,2.102,24.6,17.606,6448.21,80.49,703.37,5.327,64.73,22.579,27.144,2.061,24.599,17.783,INJECTOR_DEGRADATION,1.0,1.0,0.4,1.0,1.0,0.0,0.0,0.0,0.0
71.6,CLIMB,84.03,59.62,2321.67,25.36,93.171,1.0873,6453.62,80.34,704.33,5.352,64.54,22.602,27.181,2.102,24.6,17.605,6447.69,79.7,704.79,5.351,64.08,22.475,27.087,2.164,24.638,17.541,INJECTOR_DEGRADATION,1.0,1.0,0.4,1.0,1.0,0.0,0.0,0.0,0.0
71.7,CLIMB,84.02,59.62,2328.75,25.34,93.147,1.0871,6453.09,80.34,704.24,5.351,64.53,22.6,27.18,2.102,24.6,17.604,6452.4,81.11,705.27,5.362,64.3,22.357,27.231,2.115,24.608,17.721,INJECTOR_DEGRADATION,1.0,1.0,0.4,1.0,1.0,0.0,0.0,0.0,0.0
71.8,CLIMB,84.02,59.61,2335.83,25.33,93.123,1.0869,6452.56,80.34,704.16,5.351,64.52,22.599,27.18,2.102,24.6,17.602,6451.1,79.83,704.18,5.361,64.36,22.765,27.167,2.112,24.683,17.524,INJECTOR_DEGRADATION,1.0,1.0,0.4,1.0,1.0,0.0,0.0,0.0,0.0
71.9,CLIMB,84.01,59.61,2342.92,25.31,93.099,1.0867,6452.03,80.34,704.08,5.351,64.52,22.597,27.18,2.102,24.6,17.601,6448.82,80.63,704.6,5.339,64.89,22.594,27.151,2.15,24.627,17.712,INJECTOR_DEGRADATION,1.0,1.0,0.4,1.0,1.0,0.0,0.0,0.0,0.0
72.0,CLIMB,84.0,59.6,2350.0,25.3,93.075,1.0864,6451.5,80.34,704.01,5.351,64.51,22.596,27.18,2.102,24.6,17.6,6455.22,79.77,701.86,5.337,63.95,22.53,27.225,2.003,24.647,17.58,INJECTOR_DEGRADATION,1.0,1.0,0.4,1.0,1.0,0.0,0.0,0.0,0.0
72.1,CLIMB,83.99,59.59,2357.08,25.29,93.052,1.0862,6450.98,80.34,703.93,5.35,64.5,22.594,27.18,2.102,24.6,17.599,6452.61,80.15,700.65,5.419,64.63,22.606,27.122,2.093,24.553,17.591,INJECTOR_DEGRADATION,1.0,1.0,0.4,1.0,1.0,0.0,0.0,0.0,0.0
72.2,CLIMB,83.98,59.59,2364.17,25.27,93.028,1.086,6450.46,80.34,703.85,5.35,64.49,22.593,27.18,2.102,24.6,17.597,6454.4,79.78,705.25,5.382,64.73,22.644,27.099,2.177,24.533,17.704,INJECTOR_DEGRADATION,1.0,1.0,0.4,1.0,1.0,0.0,0.0,0.0,0.0
72.3,CLIMB,83.97,59.58,2371.25,25.26,93.004,1.0858,6449.94,80.34,703.77,5.35,64.49,22.592,27.18,2.102,24.6,17.596,6448.29,80.36,701.7,5.381,64.8,22.562,27.239,2.041,24.609,17.505,INJECTOR_DEGRADATION,1.0,1.0,0.4,1.0,1.0,0.0,0.0,0.0,0.0
72.4,CLIMB,83.97,59.58,2378.33,25.24,92.98,1.0855,6449.42,80.34,703.7,5.35,64.48,22.59,27.179,2.102,24.6,17.595,6455.88,80.44,702.28,5.395,63.94,22.535,27.295,2.011,24.646,17.75,INJECTOR_DEGRADATION,1.0,1.0,0.4,1.0,1.0,0.0,0.0,0.0,0.0
72.5,CLIMB,83.96,59.57,2385.42,25.23,92.956,1.0853,6448.91,80.34,703.62,5.35,64.47,22.589,27.179,2.101,24.6,17.594,6445.53,80.38,701.59,5.294,64.66,22.372,27.21,2.165,24.552,17.562,INJECTOR_DEGRADATION,1.0,1.0,0.4,1.0,1.0,0.0,0.0,0.0,0.0
72.6,CLIMB,83.95,59.57,2392.5,25.21,92.933,1.0851,6448.4,80.34,703.55,5.349,64.46,22.587,27.179,2.101,24.6,17.593,6441.1,79.6,704.37,5.359,64.32,22.371,27.191,2.1,24.575,17.781,INJECTOR_DEGRADATION,1.0,1.0,0.4,1.0,1.0,0.0,0.0,0.0,0.0
72.7,CLIMB,83.94,59.56,2399.58,25.2,92.909,1.0849,6447.88,80.34,703.47,5.349,64.45,22.586,27.179,2.101,24.6,17.591,6452.73,80.39,703.69,5.379,64.18,22.597,27.177,2.035,24.529,17.83,INJECTOR_DEGRADATION,1.0,1.0,0.4,1.0,1.0,0.0,0.0,0.0,0.0
72.8,CLIMB,83.93,59.56,2406.67,25.19,92.885,1.0846,6447.37,80.34,703.4,5.349,64.45,22.584,27.179,2.101,24.6,17.59,6449.1,79.96,701.31,5.352,64.64,22.605,27.203,2.096,24.577,17.479,INJECTOR_DEGRADATION,1.0,1.0,0.4,1.0,1.0,0.0,0.0,0.0,0.0
72.9,CLIMB,83.92,59.55,2413.75,25.17,92.861,1.0844,6446.87,80.34,703.33,5.349,64.44,22.583,27.178,2.101,24.6,17.589,6447.93,79.87,704.53,5.366,64.18,22.696,27.244,2.19,24.543,17.539,INJECTOR_DEGRADATION,1.0,1.0,0.4,1.0,1.0,0.0,0.0,0.0,0.0
73.0,CLIMB,83.92,59.55,2420.83,25.16,92.838,1.0842,6446.36,80.34,703.26,5.349,64.43,22.581,27.178,2.101,24.6,17.587,6448.47,80.46,704.31,5.308,64.71,22.601,27.159,2.07,24.503,17.522,INJECTOR_DEGRADATION,1.0,1.0,0.4,1.0,1.0,0.0,0.0,0.0,0.0
73.1,CLIMB,83.91,59.54,2427.92,25.14,92.814,1.084,6445.85,80.34,703.18,5.348,64.42,22.58,27.178,2.101,24.6,17.586,6442.82,80.96,704.51,5.414,64.44,22.603,27.089,2.166,24.616,17.538,INJECTOR_DEGRADATION,1.0,1.0,0.4,1.0,1.0,0.0,0.0,0.0,0.0
73.2,CLIMB,83.9,59.53,2435.0,25.13,92.79,1.0837,6445.35,80.34,703.11,5.348,64.41,22.578,27.178,2.101,24.6,17.585,6445.65,80.81,703.81,5.34,63.85,22.711,27.178,2.143,24.504,17.653,INJECTOR_DEGRADATION,1.0,1.0,0.4,1.0,1.0,0.0,0.0,0.0,0.0
73.3,CLIMB,83.89,59.53,2442.08,25.12,92.766,1.0835,6444.85,80.34,703.04,5.348,64.41,22.577,27.178,2.101,24.6,17.584,6446.89,81.2,701.9,5.389,64.09,22.533,27.135,2.066,24.655,17.512,INJECTOR_DEGRADATION,1.0,1.0,0.4,1.0,1.0,0.0,0.0,0.0,0.0
73.4,CLIMB,83.88,59.52,2449.17,25.1,92.743,1.0833,6444.35,80.34,702.97,5.348,64.4,22.575,27.178,2.101,24.6,17.582,6442.74,80.14,704.49,5.332,64.35,22.659,27.152,2.049,24.606,17.549,INJECTOR_DEGRADATION,1.0,1.0,0.4,1.0,1.0,0.0,0.0,0.0,0.0
73.5,CLIMB,83.87,59.52,2456.25,25.09,92.719,1.083,6443.85,80.34,702.91,5.348,64.39,22.574,27.177,2.101,24.6,17.581,6445.28,80.32,700.3,5.334,63.89,22.382,27.149,2.123,24.524,17.619,INJECTOR_DEGRADATION,1.0,1.0,0.4,1.0,1.0,0.0,0.0,0.0,0.0
73.6,CLIMB,83.87,59.51,2463.33,25.07,92.695,1.0828,6443.35,80.34,702.84,5.347,64.38,22.572,27.177,2.1,24.6,17.58,6443.51,80.21,701.38,5.38,64.18,22.519,27.162,1.988,24.613,17.668,INJECTOR_DEGRADATION,1.0,1.0,0.4,1.0,1.0,0.0,0.0,0.0,0.0
73.7,CLIMB,83.86,59.51,2470.42,25.06,92.671,1.0826,6442.85,80.34,702.77,5.347,64.37,22.571,27.177,2.1,24.6,17.579,6450.25,79.88,701.96,5.349,64.65,22.672,27.229,2.093,24.631,17.518,INJECTOR_DEGRADATION,1.0,1.0,0.4,1.0,1.0,0.0,0.0,0.0,0.0
73.8,CLIMB,83.85,59.5,2477.5,25.04,92.648,1.0824,6442.35,80.34,702.7,5.347,64.37,22.569,27.177,2.1,24.6,17.578,6442.29,80.47,703.53,5.35,63.97,22.612,27.124,2.02,24.599,17.528,INJECTOR_DEGRADATION,1.0,1.0,0.4,1.0,1.0,0.0,0.0,0.0,0.0
73.9,CLIMB,83.84,59.5,2484.58,25.03,92.624,1.0821,6441.86,80.34,702.64,5.347,64.36,22.568,27.177,2.1,24.6,17.576,6441.1,80.38,702.05,5.332,64.44,22.482,27.144,2.065,24.629,17.63,INJECTOR_DEGRADATION,1.0,1.0,0.4,1.0,1.0,0.0,0.0,0.0,0.0
74.0,CLIMB,83.83,59.49,2491.67,25.02,92.6,1.0819,6441.36,80.34,702.57,5.347,64.35,22.567,27.177,2.1,24.6,17.575,6438.8,79.66,700.33,5.42,64.27,22.465,27.193,2.12,24.612,17.635,INJECTOR_DEGRADATION,1.0,1.0,0.4,1.0,1.0,0.0,0.0,0.0,0.0
74.1,CLIMB,83.82,59.49,2498.75,25.0,92.576,1.0817,6440.87,80.34,702.51,5.347,64.34,22.565,27.177,2.1,24.6,17.574,6434.18,80.34,702.55,5.359,63.97,22.624,27.191,2.114,24.64,17.505,INJECTOR_DEGRADATION,1.0,1.0,0.4,1.0,1.0,0.0,0.0,0.0,0.0
74.2,CLIMB,83.82,59.48,2505.83,24.99,92.553,1.0815,6440.37,80.34,702.44,5.346,64.33,22.564,27.176,2.1,24.6,17.572,6446.1,80.14,702.12,5.387,64.77,22.574,27.22,2.076,24.654,17.475,INJECTOR_DEGRADATION,1.0,1.0,0.4,1.0,1.0,0.0,0.0,0.0,0.0
74.3,CLIMB,83.81,59.48,2512.92,24.97,92.529,1.0812,6439.88,80.35,702.38,5.346,64.33,22.562,27.176,2.1,24.6,17.571,6437.98,80.65,704.49,5.324,64.19,22.622,27.187,2.128,24.665,17.528,INJECTOR_DEGRADATION,1.0,1.0,0.4,1.0,1.0,0.0,0.0,0.0,0.0
74.4,CLIMB,83.8,59.47,2520.0,24.96,92.505,1.081,6439.39,80.35,702.32,5.346,64.32,22.561,27.176,2.1,24.6,17.57,6436.85,80.16,701.76,5.342,64.29,22.689,27.109,2.095,24.581,17.488,INJECTOR_DEGRADATION,1.0,1.0,0.4,1.0,1.0,0.0,0.0,0.0,0.0
74.5,CLIMB,83.79,59.46,2527.08,24.95,92.482,1.0808,6438.9,80.35,702.25,5.346,64.31,22.559,27.176,2.1,24.6,17.569,6438.22,79.77,702.85,5.35,64.08,22.586,27.158,2.062,24.679,17.419,INJECTOR_DEGRADATION,1.0,1.0,0.4,1.0,1.0,0.0,0.0,0.0,0.0
74.6,CLIMB,83.78,59.46,2534.17,24.93,92.458,1.0806,6438.41,80.35,702.19,5.346,64.3,22.558,27.176,2.1,24.6,17.567,6443.03,80.24,701.55,5.311,63.86,22.631,27.211,2.077,24.59,17.588,INJECTOR_DEGRADATION,1.0,1.0,0.4,1.0,1.0,0.0,0.0,0.0,0.0
74.7,CLIMB,83.77,59.45,2541.25,24.92,92.434,1.0803,6437.92,80.35,702.13,5.345,64.29,22.556,27.175,2.099,24.6,17.566,6435.91,80.34,702.37,5.354,64.26,22.709,27.145,2.152,24.654,17.739,INJECTOR_DEGRADATION,1.0,1.0,0.4,1.0,1.0,0.0,0.0,0.0,0.0
74.8,CLIMB,83.77,59.45,2548.33,24.9,92.411,1.0801,6437.43,80.35,702.07,5.345,64.28,22.555,27.175,2.099,24.6,17.565,6439.46,80.35,702.21,5.31,64.33,22.553,27.209,2.096,24.616,17.639,INJECTOR_DEGRADATION,1.0,1.0,0.4,1.0,1.0,0.0,0.0,0.0,0.0
74.9,CLIMB,83.76,59.44,2555.42,24.89,92.387,1.0799,6436.94,80.35,702.01,5.345,64.28,22.553,27.175,2.099,24.6,17.564,6436.81,80.42,701.88,5.39,63.98,22.454,27.122,2.02,24.619,17.71,INJECTOR_DEGRADATION,1.0,1.0,0.4,1.0,1.0,0.0,0.0,0.0,0.0
75.0,CLIMB,83.75,59.44,2562.5,24.88,92.363,1.0797,6436.45,80.35,701.95,5.345,64.27,22.552,27.175,2.099,24.6,17.562,6435.41,79.83,701.19,5.316,64.51,22.678,27.209,2.102,24.684,17.493,INJECTOR_DEGRADATION,1.0,1.0,0.4,1.0,1.0,0.0,0.0,0.0,0.0
75.1,CLIMB,83.74,59.43,2569.58,24.86,92.34,1.0794,6435.96,80.35,701.89,5.345,64.26,22.55,27.175,2.099,24.6,17.561,6436.22,80.45,701.78,5.357,64.35,22.393,27.238,2.084,24.655,17.532,INJECTOR_DEGRADATION,1.0,1.0,0.4,1.0,1.0,0.0,0.0,0.0,0.0
75.2,CLIMB,83.73,59.43,2576.67,24.85,92.316,1.0792,6435.47,80.35,701.83,5.344,64.25,22.549,27.175,2.099,24.6,17.56,6437.13,80.15,702.7,5.324,64.4,22.507,27.213,2.074,24.681,17.564,INJECTOR_DEGRADATION,1.0,1.0,0.4,1.0,1.0,0.0,0.0,0.0,0.0
75.3,CLIMB,83.72,59.42,2583.75,24.83,92.293,1.079,6434.99,80.35,701.77,5.344,64.24,22.547,27.174,2.099,24.6,17.559,6435.33,81.1,704.24,5.32,63.72,22.536,27.135,2.082,24.58,17.566,INJECTOR_DEGRADATION,1.0,1.0,0.4,1.0,1.0,0.0,0.0,0.0,0.0
75.4,CLIMB,83.72,59.42,2590.83,24.82,92.269,1.0788,6434.5,80.35,701.71,5.344,64.24,22.546,27.174,2.099,24.6,17.558,6429.52,79.99,705.39,5.368,64.79,22.484,27.207,2.13,24.667,17.627,INJECTOR_DEGRADATION,1.0,1.0,0.4,1.0,1.0,0.0,0.0,0.0,0.0
75.5,CLIMB,83.71,59.41,2597.92,24.8,92.245,1.0785,6434.01,80.35,701.65,5.344,64.23,22.545,27.174,2.099,24.6,17.556,6436.63,80.2,704.18,5.393,64.08,22.485,27.172,2.168,24.608,17.64,INJECTOR_DEGRADATION,1.0,1.0,0.4,1.0,1.0,0.0,0.0,0.0,0.0
75.6,CLIMB,83.7,59.41,2605.0,24.79,92.222,1.0783,6433.53,80.35,701.6,5.344,64.22,22.543,27.174,2.099,24.6,17.555,6433.62,80.35,700.08,5.329,63.73,22.624,27.136,2.095,24.573,17.646,INJECTOR_DEGRADATION,1.0,1.0,0.4,1.0,1.0,0.0,0.0,0.0,0.0
75.7,CLIMB,83.69,59.4,2612.08,24.78,92.198,1.0781,6433.04,80.35,701.54,5.343,64.21,22.542,27.174,2.099,24.6,17.554,6431.99,79.92,703.07,5.354,64.69,22.441,27.164,2.01,24.565,17.643,INJECTOR_DEGRADATION,1.0,1.0,0.4,1.0,1.0,0.0,0.0,0.0,0.0
75.8,CLIMB,83.68,59.39,2619.17,24.76,92.175,1.0779,6432.56,80.35,701.48,5.343,64.2,22.54,27.174,2.098,24.6,17.553,6420.29,80.29,700.34,5.325,64.12,22.505,27.215,2.218,24.675,17.492,INJECTOR_DEGRADATION,1.0,1.0,0.4,1.0,1.0,0.0,0.0,0.0,0.0
75.9,CLIMB,83.67,59.39,2626.25,24.75,92.151,1.0776,6432.07,80.35,701.43,5.343,64.19,22.539,27.174,2.098,24.6,17.551,6431.81,80.77,702.17,5.332,64.17,22.407,27.181,2.103,24.528,17.669,INJECTOR_DEGRADATION,1.0,1.0,0.4,1.0,1.0,0.0,0.0,0.0,0.0
76.0,CLIMB,83.67,59.38,2633.33,24.73,92.127,1.0774,6431.59,80.35,701.37,5.343,64.19,22.537,27.173,2.098,24.6,17.55,6426.81,80.6,705.85,5.313,63.71,22.562,27.198,2.155,24.574,17.356,INJECTOR_DEGRADATION,1.0,1.0,0.4,1.0,1.0,0.0,0.0,0.0,0.0
76.1,CLIMB,83.66,59.38,2640.42,24.72,92.104,1.0772,6431.11,80.35,701.32,5.343,64.18,22.536,27.173,2.098,24.6,17.549,6426.17,79.33,701.71,5.258,63.38,22.611,27.145,2.131,24.611,17.518,INJECTOR_DEGRADATION,1.0,1.0,0.4,1.0,1.0,0.0,0.0,0.0,0.0
76.2,CLIMB,83.65,59.37,2647.5,24.71,92.08,1.077,6430.62,80.35,701.26,5.343,64.17,22.534,27.173,2.098,24.6,17.547,6427.36,79.81,700.61,5.343,64.21,22.525,27.116,2.127,24.563,17.477,INJECTOR_DEGRADATION,1.0,1.0,0.4,1.0,1.0,0.0,0.0,0.0,0.0
76.3,CLIMB,83.64,59.37,2654.58,24.69,92.057,1.0767,6430.14,80.35,701.21,5.342,64.16,22.533,27.173,2.098,24.6,17.546,6428.77,81.59,699.95,5.346,63.85,22.387,27.095,2.167,24.602,17.391,INJECTOR_DEGRADATION,1.0,1.0,0.4,1.0,1.0,0.0,0.0,0.0,0.0
76.4,CLIMB,83.63,59.36,2661.67,24.68,92.033,1.0765,6429.66,80.35,701.15,5.342,64.15,22.531,27.173,2.098,24.6,17.545,6421.46,81.21,702.95,5.306,63.76,22.547,27.142,2.046,24.641,17.315,INJECTOR_DEGRADATION,1.0,1.0,0.4,1.0,1.0,0.0,0.0,0.0,0.0
76.5,CLIMB,83.62,59.36,2668.75,24.66,92.009,1.0763,6429.17,80.35,701.1,5.342,64.14,22.53,27.172,2.098,24.6,17.544,6434.69,80.85,703.22,5.326,64.17,22.7,27.128,2.0,24.657,17.49,INJECTOR_DEGRADATION,1.0,1.0,0.4,1.0,1.0,0.0,0.0,0.0,0.0
76.6,CLIMB,83.62,59.35,2675.83,24.65,91.986,1.0761,6428.69,80.35,701.05,5.342,64.14,22.528,27.172,2.098,24.6,17.543,6426.24,79.76,702.06,5.298,64.28,22.607,27.213,2.13,24.646,17.727,INJECTOR_DEGRADATION,1.0,1.0,0.4,1.0,1.0,0.0,0.0,0.0,0.0
76.7,CLIMB,83.61,59.35,2682.92,24.63,91.962,1.0758,6428.21,80.35,701.0,5.342,64.13,22.527,27.172,2.098,24.6,17.541,6430.88,80.27,702.98,5.275,64.21,22.482,27.145,2.144,24.528,17.746,INJECTOR_DEGRADATION,1.0,1.0,0.4,1.0,1.0,0.0,0.0,0.0,0.0
76.8,CLIMB,83.6,59.34,2690.0,24.62,91.939,1.0756,6427.73,80.35,700.94,5.341,64.12,22.525,27.172,2.097,24.6,17.54,6423.88,79.89,698.02,5.31,64.41,22.464,27.124,2.08,24.566,17.643,INJECTOR_DEGRADATION,1.0,1.0,0.4,1.0,1.0,0.0,0.0,0.0,0.0
76.9,CLIMB,83.59,59.33,2697.08,24.61,91.915,1.0754,6427.25,80.35,700.89,5.341,64.11,22.524,27.172,2.097,24.6,17.539,6422.6,80.54,700.63,5.277,64.0,22.638,27.16,2.23,24.541,17.554,INJECTOR_DEGRADATION,1.0,1.0,0.4,1.0,1.0,0.0,0.0,0.0,0.0
77.0,CLIMB,83.58,59.33,2704.17,24.59,91.892,1.0752,6426.77,80.35,700.84,5.341,64.1,22.522,27.172,2.097,24.6,17.538,6430.51,80.4,698.87,5.338,64.17,22.597,27.315,2.084,24.596,17.604,INJECTOR_DEGRADATION,1.0,1.0,0.4,1.0,1.0,0.0,0.0,0.0,0.0
77.1,CLIMB,83.58,59.32,2711.25,24.58,91.868,1.075,6426.28,80.35,700.79,5.341,64.09,22.521,27.172,2.097,24.6,17.536,6415.96,80.5,698.85,5.301,64.37,22.524,27.126,2.077,24.59,17.566,INJECTOR_DEGRADATION,1.0,1.0,0.4,1.0,1.0,0.0,0.0,0.0,0.0
77.2,CLIMB,83.57,59.32,2718.33,24.56,91.845,1.0747,6425.8,80.35,700.74,5.341,64.09,22.519,27.171,2.097,24.6,17.535,6423.25,81.28,702.64,5.297,64.16,22.493,27.113,2.098,24.694,17.513,INJECTOR_DEGRADATION,1.0,1.0,0.4,1.0,1.0,0.0,0.0,0.0,0.0
77.3,CLIMB,83.56,59.31,2725.42,24.55,91.821,1.0745,6425.32,80.35,700.69,5.341,64.08,22.518,27.171,2.097,24.6,17.534,6427.63,80.82,701.04,5.324,64.2,22.532,27.161,2.155,24.616,17.546,INJECTOR_DEGRADATION,1.0,1.0,0.4,1.0,1.0,0.0,0.0,0.0,0.0
77.4,CLIMB,83.55,59.31,2732.5,24.54,91.798,1.0743,6424.84,80.35,700.64,5.34,64.07,22.517,27.171,2.097,24.6,17.533,6430.53,81.16,702.93,5.399,63.89,22.581,27.237,2.055,24.627,17.586,INJECTOR_DEGRADATION,1.0,1.0,0.4,1.0,1.0,0.0,0.0,0.0,0.0
77.5,CLIMB,83.54,59.3,2739.58,24.52,91.774,1.0741,6424.36,80.35,700.59,5.34,64.06,22.515,27.171,2.097,24.6,17.531,6422.88,80.53,698.05,5.321,63.93,22.416,27.164,2.08,24.603,17.574,INJECTOR_DEGRADATION,1.0,1.0,0.4,1.0,1.0,0.0,0.0,0.0,0.0
77.6,CLIMB,83.53,59.3,2746.67,24.51,91.751,1.0738,6423.88,80.35,700.54,5.34,64.05,22.514,27.171,2.097,24.6,17.53,6424.95,79.76,703.17,5.311,64.68,22.665,27.145,2.086,24.569,17.417,INJECTOR_DEGRADATION,1.0,1.0,0.4,1.0,1.0,0.0,0.0,0.0,0.0
77.7,CLIMB,83.53,59.29,2753.75,24.49,91.727,1.0736,6423.4,80.35,700.5,5.34,64.04,22.512,27.171,2.097,24.6,17.529,6426.06,80.01,699.81,5.311,64.15,22.812,27.222,2.183,24.557,17.482,INJECTOR_DEGRADATION,1.0,1.0,0.4,1.0,1.0,0.0,0.0,0.0,0.0
77.8,CLIMB,83.52,59.29,2760.83,24.48,91.704,1.0734,6422.92,80.35,700.45,5.34,64.04,22.511,27.17,2.097,24.6,17.528,6432.13,80.58,702.97,5.35,64.02,22.443,27.17,2.203,24.531,17.661,INJECTOR_DEGRADATION,1.0,1.0,0.4,1.0,1.0,0.0,0.0,0.0,0.0
77.9,CLIMB,83.51,59.28,2767.92,24.46,91.68,1.0732,6422.44,80.35,700.4,5.339,64.03,22.509,27.17,2.096,24.6,17.526,6425.03,80.4,698.57,5.325,64.01,22.451,27.112,2.13,24.637,17.75,INJECTOR_DEGRADATION,1.0,1.0,0.4,1.0,1.0,0.0,0.0,0.0,0.0
78.0,CLIMB,83.5,59.28,2775.0,24.45,91.657,1.0729,6421.96,80.35,700.35,5.339,64.02,22.508,27.17,2.096,24.6,17.525,6422.79,80.26,697.71,5.321,64.03,22.445,27.221,2.089,24.596,17.462,INJECTOR_DEGRADATION,1.0,1.0,0.4,1.0,1.0,0.0,0.0,0.0,0.0
78.1,CLIMB,83.49,59.27,2782.08,24.44,91.633,1.0727,6421.48,80.35,700.31,5.339,64.01,22.506,27.17,2.096,24.6,17.524,6422.26,80.94,700.82,5.34,64.18,22.436,27.128,2.085,24.521,17.554,INJECTOR_DEGRADATION,1.0,1.0,0.4,1.0,1.0,0.0,0.0,0.0,0.0
78.2,CLIMB,83.48,59.26,2789.17,24.42,91.61,1.0725,6421.0,80.35,700.26,5.339,64.0,22.505,27.17,2.096,24.6,17.523,6422.2,79.79,699.04,5.259,63.75,22.591,27.199,2.074,24.634,17.482,INJECTOR_DEGRADATION,1.0,1.0,0.4,1.0,1.0,0.0,0.0,0.0,0.0
78.3,CLIMB,83.48,59.26,2796.25,24.41,91.587,1.0723,6420.52,80.35,700.21,5.339,63.99,22.503,27.169,2.096,24.6,17.521,6420.26,79.42,704.06,5.373,63.85,22.579,27.174,2.138,24.609,17.514,INJECTOR_DEGRADATION,1.0,1.0,0.4,1.0,1.0,0.0,0.0,0.0,0.0
78.4,CLIMB,83.47,59.25,2803.33,24.39,91.563,1.072,6420.04,80.35,700.17,5.339,63.98,22.502,27.169,2.096,24.6,17.52,6416.09,80.96,700.87,5.334,64.43,22.464,27.198,2.205,24.694,17.534,INJECTOR_DEGRADATION,1.0,1.0,0.4,1.0,1.0,0.0,0.0,0.0,0.0
78.5,CLIMB,83.46,59.25,2810.42,24.38,91.54,1.0718,6419.57,80.35,700.12,5.338,63.98,22.5,27.169,2.096,24.6,17.519,6426.15,80.65,703.74,5.369,63.93,22.501,27.166,2.068,24.609,17.591,INJECTOR_DEGRADATION,1.0,1.0,0.4,1.0,1.0,0.0,0.0,0.0,0.0
78.6,CLIMB,83.45,59.24,2817.5,24.37,91.516,1.0716,6419.09,80.35,700.08,5.338,63.97,22.499,27.169,2.096,24.6,17.518,6417.12,79.2,699.93,5.381,64.3,22.417,27.231,2.007,24.65,17.41,INJECTOR_DEGRADATION,1.0,1.0,0.4,1.0,1.0,0.0,0.0,0.0,0.0
78.7,CLIMB,83.44,59.24,2824.58,24.35,91.493,1.0714,6418.61,80.35,700.03,5.338,63.96,22.497,27.169,2.096,24.6,17.516,6408.94,79.83,699.21,5.36,63.81,22.575,27.21,2.109,24.616,17.59,INJECTOR_DEGRADATION,1.0,1.0,0.4,1.0,1.0,0.0,0.0,0.0,0.0
78.8,CLIMB,83.43,59.23,2831.67,24.34,91.469,1.0712,6418.13,80.35,699.99,5.338,63.95,22.496,27.169,2.096,24.6,17.515,6414.78,81.36,698.46,5.338,63.91,22.455,27.04,2.108,24.606,17.338,INJECTOR_DEGRADATION,1.0,1.0,0.4,1.0,1.0,0.0,0.0,0.0,0.0
78.9,CLIMB,83.43,59.23,2838.75,24.32,91.446,1.0709,6417.65,80.35,699.94,5.338,63.94,22.494,27.169,2.096,24.6,17.514,6422.25,79.25,698.99,5.36,63.91,22.454,27.157,2.108,24.561,17.435,INJECTOR_DEGRADATION,1.0,1.0,0.4,1.0,1.0,0.0,0.0,0.0,0.0
79.0,CLIMB,83.42,59.22,2845.83,24.31,91.423,1.0707,6417.17,80.35,699.9,5.337,63.93,22.493,27.168,2.095,24.6,17.513,6413.66,79.96,701.75,5.321,63.87,22.573,27.164,2.127,24.509,17.563,INJECTOR_DEGRADATION,1.0,1.0,0.4,1.0,1.0,0.0,0.0,0.0,0.0
79.1,CLIMB,83.41,59.22,2852.92,24.29,91.399,1.0705,6416.69,80.35,699.85,5.337,63.92,22.491,27.168,2.095,24.6,17.511,6415.18,80.81,699.33,5.292,64.3,22.485,27.132,2.086,24.596,17.387,INJECTOR_DEGRADATION,1.0,1.0,0.4,1.0,1.0,0.0,0.0,0.0,0.0
79.2,CLIMB,83.4,59.21,2860.0,24.28,91.376,1.0703,6416.21,80.35,699.81,5.337,63.92,22.49,27.168,2.095,24.6,17.51,6411.79,81.12,699.05,5.342,64.22,22.514,27.125,1.974,24.634,17.503,INJECTOR_DEGRADATION,1.0,1.0,0.4,1.0,1.0,0.0,0.0,0.0,0.0
79.3,CLIMB,83.39,59.2,2867.08,24.27,91.352,1.07,6415.74,80.35,699.77,5.337,63.91,22.489,27.168,2.095,24.6,17.509,6409.57,80.5,700.97,5.317,63.64,22.445,27.152,2.089,24.689,17.525,INJECTOR_DEGRADATION,1.0,1.0,0.4,1.0,1.0,0.0,0.0,0.0,0.0
79.4,CLIMB,83.38,59.2,2874.17,24.25,91.329,1.0698,6415.26,80.35,699.72,5.337,63.9,22.487,27.168,2.095,24.6,17.508,6424.26,80.11,699.66,5.278,63.62,22.465,27.114,2.1,24.557,17.519,INJECTOR_DEGRADATION,1.0,1.0,0.4,1.0,1.0,0.0,0.0,0.0,0.0
79.5,CLIMB,83.38,59.19,2881.25,24.24,91.306,1.0696,6414.78,80.35,699.68,5.337,63.89,22.486,27.168,2.095,24.6,17.506,6410.71,81.11,700.88,5.309,64.46,22.423,27.2,2.145,24.593,17.528,INJECTOR_DEGRADATION,1.0,1.0,0.4,1.0,1.0,0.0,0.0,0.0,0.0
79.6,CLIMB,83.37,59.19,2888.33,24.22,91.282,1.0694,6414.3,80.35,699.64,5.336,63.88,22.484,27.167,2.095,24.6,17.505,6411.87,80.59,701.02,5.346,63.66,22.309,27.095,2.165,24.627,17.488,INJECTOR_DEGRADATION,1.0,1.0,0.4,1.0,1.0,0.0,0.0,0.0,0.0
79.7,CLIMB,83.36,59.18,2895.42,24.21,91.259,1.0691,6413.82,80.35,699.6,5.336,63.87,22.483,27.167,2.095,24.6,17.504,6413.82,80.61,699.77,5.354,63.74,22.647,27.185,2.057,24.495,17.61,INJECTOR_DEGRADATION,1.0,1.0,0.4,1.0,1.0,0.0,0.0,0.0,0.0
79.8,CLIMB,83.35,59.18,2902.5,24.2,91.236,1.0689,6413.35,80.35,699.56,5.336,63.86,22.481,27.167,2.095,24.6,17.503,6416.92,79.67,699.1,5.43,64.38,22.33,27.2,2.132,24.538,17.566,INJECTOR_DEGRADATION,1.0,1.0,0.4,1.0,1.0,0.0,0.0,0.0,0.0
79.9,CLIMB,83.34,59.17,2909.58,24.18,91.212,1.0687,6412.87,80.35,699.52,5.336,63.86,22.48,27.167,2.095,24.6,17.501,6406.03,80.45,700.88,5.304,63.65,22.274,27.226,2.047,24.665,17.465,INJECTOR_DEGRADATION,1.0,1.0,0.4,1.0,1.0,0.0,0.0,0.0,0.0
80.0,CLIMB,83.33,59.17,2916.67,24.17,91.189,1.0685,6412.39,80.36,699.47,5.336,63.85,22.478,27.167,2.095,24.6,17.5,6407.58,79.96,697.91,5.358,63.96,22.593,27.114,2.162,24.593,17.551,INJECTOR_DEGRADATION,1.0,1.0,0.4,1.0,1.0,0.0,0.0,0.0,0.0
80.1,CLIMB,83.33,59.16,2923.75,24.15,91.166,1.0683,6411.91,80.36,699.43,5.335,63.84,22.477,27.166,2.094,24.6,17.499,6414.03,79.76,701.3,5.326,63.85,22.514,27.138,2.15,24.592,17.515,INJECTOR_DEGRADATION,1.0,1.0,0.4,1.0,1.0,0.0,0.0,0.0,0.0
80.2,CLIMB,83.32,59.16,2930.83,24.14,91.142,1.068,6411.44,80.36,699.39,5.335,63.83,22.475,27.166,2.094,24.6,17.498,6404.46,80.19,698.28,5.311,63.76,22.486,27.084,2.112,24.652,17.517,INJECTOR_DEGRADATION,1.0,1.0,0.4,1.0,1.0,0.0,0.0,0.0,0.0
80.3,CLIMB,83.31,59.15,2937.92,24.12,91.119,1.0678,6410.96,80.36,699.35,5.335,63.82,22.474,27.166,2.094,24.6,17.496,6399.11,79.58,700.24,5.395,63.87,22.465,27.14,2.151,24.617,17.382,INJECTOR_DEGRADATION,1.0,1.0,0.4,1.0,1.0,0.0,0.0,0.0,0.0
80.4,CLIMB,83.3,59.15,2945.0,24.11,91.096,1.0676,6410.48,80.36,699.31,5.335,63.81,22.472,27.166,2.094,24.6,17.495,6412.0,80.68,701.34,5.338,63.68,22.476,27.164,2.138,24.653,17.543,INJECTOR_DEGRADATION,1.0,1.0,0.4,1.0,1.0,0.0,0.0,0.0,0.0
80.5,CLIMB,83.29,59.14,2952.08,24.1,91.072,1.0674,6410.0,80.36,699.27,5.335,63.8,22.471,27.166,2.094,24.6,17.494,6412.73,80.51,695.9,5.312,63.43,22.638,27.209,2.143,24.539,17.498,INJECTOR_DEGRADATION,1.0,1.0,0.4,1.0,1.0,0.0,0.0,0.0,0.0
80.6,CLIMB,83.28,59.13,2959.17,24.08,91.049,1.0671,6409.53,80.36,699.23,5.335,63.8,22.469,27.166,2.094,24.6,17.493,6403.48,80.69,699.35,5.289,63.41,22.503,27.124,2.117,24.549,17.557,INJECTOR_DEGRADATION,1.0,1.0,0.4,1.0,1.0,0.0,0.0,0.0,0.0
80.7,CLIMB,83.28,59.13,2966.25,24.07,91.026,1.0669,6409.05,80.36,699.19,5.334,63.79,22.468,27.166,2.094,24.6,17.491,6415.34,80.62,698.31,5.353,63.8,22.628,27.184,2.067,24.591,17.646,INJECTOR_DEGRADATION,1.0,1.0,0.4,1.0,1.0,0.0,0.0,0.0,0.0
80.8,CLIMB,83.27,59.12,2973.33,24.05,91.002,1.0667,6408.57,80.36,699.15,5.334,63.78,22.466,27.165,2.094,24.6,17.49,6400.05,80.93,699.1,5.33,63.45,22.35,27.269,2.023,24.507,17.667,INJECTOR_DEGRADATION,1.0,1.0,0.4,1.0,1.0,0.0,0.0,0.0,0.0
80.9,CLIMB,83.26,59.12,2980.42,24.04,90.979,1.0665,6408.09,80.36,699.12,5.334,63.77,22.465,27.165,2.094,24.6,17.489,6405.82,81.4,698.45,5.312,63.56,22.523,27.171,2.156,24.577,17.371,INJECTOR_DEGRADATION,1.0,1.0,0.4,1.0,1.0,0.0,0.0,0.0,0.0
81.0,CLIMB,83.25,59.11,2987.5,24.03,90.956,1.0663,6407.62,80.36,699.08,5.334,63.76,22.463,27.165,2.094,24.6,17.488,6407.15,80.28,699.93,5.324,63.33,22.406,27.303,2.096,24.58,17.32,INJECTOR_DEGRADATION,1.0,1.0,0.4,1.0,1.0,0.0,0.0,0.0,0.0
81.1,CLIMB,83.24,59.11,2994.58,24.01,90.932,1.066,6407.14,80.36,699.04,5.334,63.75,22.462,27.165,2.094,24.6,17.486,6416.69,79.61,697.32,5.352,63.47,22.424,27.011,2.034,24.525,17.472,INJECTOR_DEGRADATION,1.0,1.0,0.4,1.0,1.0,0.0,0.0,0.0,0.0
81.2,CLIMB,83.23,59.1,3001.67,24.0,90.909,1.0658,6406.66,80.36,699.0,5.334,63.74,22.461,27.165,2.093,24.6,17.485,6408.62,81.16,696.29,5.302,64.12,22.507,27.101,2.11,24.611,17.488,INJECTOR_DEGRADATION,1.0,1.0,0.4,1.0,1.0,0.0,0.0,0.0,0.0
81.3,CLIMB,83.23,59.1,3008.75,23.98,90.886,1.0656,6406.19,80.36,698.96,5.333,63.73,22.459,27.165,2.093,24.6,17.484,6408.63,80.88,698.26,5.298,64.1,22.567,27.182,2.144,24.681,17.456,INJECTOR_DEGRADATION,1.0,1.0,0.4,1.0,1.0,0.0,0.0,0.0,0.0
81.4,CLIMB,83.22,59.09,3015.83,23.97,90.863,1.0654,6405.71,80.36,698.93,5.333,63.73,22.458,27.164,2.093,24.6,17.483,6400.06,80.03,698.58,5.292,64.22,22.477,27.229,2.089,24.568,17.216,INJECTOR_DEGRADATION,1.0,1.0,0.4,1.0,1.0,0.0,0.0,0.0,0.0
81.5,CLIMB,83.21,59.09,3022.92,23.95,90.839,1.0651,6405.23,80.36,698.89,5.333,63.72,22.456,27.164,2.093,24.6,17.481,6406.34,80.99,698.65,5.38,63.66,22.531,27.2,2.128,24.629,17.556,INJECTOR_DEGRADATION,1.0,1.0,0.4,1.0,1.0,0.0,0.0,0.0,0.0
81.6,CLIMB,83.2,59.08,3030.0,23.94,90.816,1.0649,6404.76,80.36,698.85,5.333,63.71,22.455,27.164,2.093,24.6,17.48,6393.0,80.62,699.44,5.32,64.13,22.509,27.182,2.056,24.671,17.443,INJECTOR_DEGRADATION,1.0,1.0,0.4,1.0,1.0,0.0,0.0,0.0,0.0
81.7,CLIMB,83.19,59.07,3037.08,23.93,90.793,1.0647,6404.28,80.36,698.81,5.333,63.7,22.453,27.164,2.093,24.6,17.479,6412.5,80.0,698.19,5.333,63.51,22.571,27.149,2.106,24.621,17.387,INJECTOR_DEGRADATION,1.0,1.0,0.4,1.0,1.0,0.0,0.0,0.0,0.0
81.8,CLIMB,83.18,59.07,3044.17,23.91,90.77,1.0645,6403.8,80.36,698.78,5.332,63.69,22.452,27.164,2.093,24.6,17.478,6398.69,80.83,697.97,5.292,64.25,22.456,27.092,2.049,24.637,17.515,INJECTOR_DEGRADATION,1.0,1.0,0.4,1.0,1.0,0.0,0.0,0.0,0.0
81.9,CLIMB,83.18,59.06,3051.25,23.9,90.746,1.0643,6403.33,80.36,698.74,5.332,63.68,22.45,27.163,2.093,24.6,17.476,6398.87,81.34,697.94,5.298,64.03,22.324,27.234,2.145,24.603,17.482,INJECTOR_DEGRADATION,1.0,1.0,0.4,1.0,1.0,0.0,0.0,0.0,0.0
82.0,CLIMB,83.17,59.06,3058.33,23.88,90.723,1.064,6402.85,80.36,698.71,5.332,63.67,22.449,27.163,2.093,24.6,17.475,6396.66,80.96,700.14,5.371,63.76,22.298,27.133,2.08,24.549,17.544,INJECTOR_DEGRADATION,1.0,1.0,0.4,1.0,1.0,0.0,0.0,0.0,0.0
82.1,CLIMB,83.16,59.05,3065.42,23.87,90.7,1.0638,6402.37,80.36,698.67,5.332,63.66,22.447,27.163,2.093,24.6,17.474,6402.31,80.47,698.86,5.292,63.58,22.383,27.119,2.08,24.626,17.54,INJECTOR_DEGRADATION,1.0,1.0,0.4,1.0,1.0,0.0,0.0,0.0,0.0
82.2,CLIMB,83.15,59.05,3072.5,23.86,90.677,1.0636,6401.9,80.36,698.63,5.332,63.65,22.446,27.163,2.093,24.6,17.473,6399.89,80.25,696.46,5.338,63.44,22.487,27.181,2.082,24.573,17.582,INJECTOR_DEGRADATION,1.0,1.0,0.4,1.0,1.0,0.0,0.0,0.0,0.0
82.3,CLIMB,83.14,59.04,3079.58,23.84,90.654,1.0634,6401.42,80.36,698.6,5.332,63.65,22.444,27.163,2.092,24.6,17.471,6406.17,80.33,699.01,5.377,63.08,22.383,27.145,2.115,24.67,17.421,INJECTOR_DEGRADATION,1.0,1.0,0.4,1.0,1.0,0.0,0.0,0.0,0.0
82.4,CLIMB,83.13,59.04,3086.67,23.83,90.63,1.0631,6400.94,80.36,698.56,5.331,63.64,22.443,27.163,2.092,24.6,17.47,6395.87,80.82,701.25,5.336,63.87,22.47,27.106,2.064,24.566,17.531,INJECTOR_DEGRADATION,1.0,1.0,0.4,1.0,1.0,0.0,0.0,0.0,0.0
82.5,CLIMB,83.13,59.03,3093.75,23.81,90.607,1.0629,6400.47,80.36,698.53,5.331,63.63,22.441,27.163,2.092,24.6,17.469,6401.58,80.99,698.02,5.314,63.08,22.462,27.092,2.123,24.666,17.419,INJECTOR_DEGRADATION,1.0,1.0,0.4,1.0,1.0,0.0,0.0,0.0,0.0
82.6,CLIMB,83.12,59.03,3100.83,23.8,90.584,1.0627,6399.99,80.36,698.49,5.331,63.62,22.44,27.162,2.092,24.6,17.468,6400.32,80.77,697.21,5.273,63.95,22.4,27.2,2.05,24.569,17.334,INJECTOR_DEGRADATION,1.0,1.0,0.4,1.0,1.0,0.0,0.0,0.0,0.0
82.7,CLIMB,83.11,59.02,3107.92,23.78,90.561,1.0625,6399.51,80.36,698.46,5.331,63.61,22.438,27.162,2.092,24.6,17.466,6405.38,80.98,700.6,5.28,63.63,22.372,27.188,2.052,24.496,17.203,INJECTOR_DEGRADATION,1.0,1.0,0.4,1.0,1.0,0.0,0.0,0.0,0.0
82.8,CLIMB,83.1,59.02,3115.0,23.77,90.538,1.0623,6399.04,80.36,698.42,5.331,63.6,22.437,27.162,2.092,24.6,17.465,6404.22,81.25,700.55,5.307,63.26,22.363,27.12,2.13,24.618,17.467,INJECTOR_DEGRADATION,1.0,1.0,0.4,1.0,1.0,0.0,0.0,0.0,0.0
82.9,CLIMB,83.09,59.01,3122.08,23.76,90.514,1.062,6398.56,80.36,698.39,5.331,63.59,22.435,27.162,2.092,24.6,17.464,6404.11,80.75,698.38,5.294,63.81,22.378,27.179,2.183,24.625,17.584,INJECTOR_DEGRADATION,1.0,1.0,0.4,1.0,1.0,0.0,0.0,0.0,0.0
83.0,CLIMB,83.08,59.0,3129.17,23.74,90.491,1.0618,6398.08,80.36,698.35,5.33,63.58,22.434,27.162,2.092,24.6,17.463,6395.84,80.23,697.05,5.281,64.4,22.38,27.183,2.09,24.639,17.531,INJECTOR_DEGRADATION,1.0,1.0,0.4,1.0,1.0,0.0,0.0,0.0,0.0
83.1,CLIMB,83.08,59.0,3136.25,23.73,90.468,1.0616,6397.61,80.36,698.32,5.33,63.57,22.432,27.162,2.092,24.6,17.461,6400.5,80.9,699.36,5.382,63.26,22.22,27.16,2.123,24.606,17.474,INJECTOR_DEGRADATION,1.0,1.0,0.4,1.0,1.0,0.0,0.0,0.0,0.0
83.2,CLIMB,83.07,58.99,3143.33,23.71,90.445,1.0614,6397.13,80.36,698.29,5.33,63.57,22.431,27.161,2.092,24.6,17.46,6400.87,80.6,699.55,5.338,63.38,22.445,27.129,2.104,24.665,17.429,INJECTOR_DEGRADATION,1.0,1.0,0.4,1.0,1.0,0.0,0.0,0.0,0.0
83.3,CLIMB,83.06,58.99,3150.42,23.7,90.422,1.0612,6396.66,80.36,698.25,5.33,63.56,22.429,27.161,2.092,24.6,17.459,6393.13,80.07,698.89,5.334,63.67,22.604,27.159,2.068,24.609,17.586,INJECTOR_DEGRADATION,1.0,1.0,0.4,1.0,1.0,0.0,0.0,0.0,0.0
83.4,CLIMB,83.05,58.98,3157.5,23.69,90.399,1.0609,6396.18,80.36,698.22,5.33,63.55,22.428,27.161,2.091,24.6,17.458,6392.92,80.89,696.17,5.345,63.65,22.421,27.162,2.134,24.688,17.409,INJECTOR_DEGRADATION,1.0,1.0,0.4,1.0,1.0,0.0,0.0,0.0,0.0
83.5,CLIMB,83.04,58.98,3164.58,23.67,90.376,1.0607,6395.7,80.36,698.19,5.329,63.54,22.427,27.161,2.091,24.6,17.456,6395.18,80.71,698.48,5.321,63.14,22.444,27.255,2.059,24.57,17.462,INJECTOR_DEGRADATION,1.0,1.0,0.4,1.0,1.0,0.0,0.0,0.0,0.0
83.6,CLIMB,83.03,58.97,3171.67,23.66,90.352,1.0605,6395.23,80.36,698.15,5.329,63.53,22.425,27.161,2.091,24.6,17.455,6405.64,80.44,699.72,5.377,62.99,22.409,27.23,2.049,24.625,17.399,INJECTOR_DEGRADATION,1.0,1.0,0.4,1.0,1.0,0.0,0.0,0.0,0.0
83.7,CLIMB,83.03,58.97,3178.75,23.64,90.329,1.0603,6394.75,80.36,698.12,5.329,63.52,22.424,27.16,2.091,24.6,17.454,6396.5,81.26,695.42,5.312,63.63,22.552,27.105,2.124,24.665,17.495,INJECTOR_DEGRADATION,1.0,1.0,0.4,1.0,1.0,0.0,0.0,0.0,0.0
83.8,CLIMB,83.02,58.96,3185.83,23.63,90.306,1.0601,6394.28,80.36,698.09,5.329,63.51,22.422,27.16,2.091,24.6,17.453,6400.15,80.59,696.39,5.26,63.64,22.446,27.191,2.181,24.584,17.341,INJECTOR_DEGRADATION,1.0,1.0,0.4,1.0,1.0,0.0,0.0,0.0,0.0
83.9,CLIMB,83.01,58.96,3192.92,23.61,90.283,1.0598,6393.8,80.36,698.05,5.329,63.5,22.421,27.16,2.091,24.6,17.451,6396.14,80.27,698.54,5.385,62.95,22.434,27.133,2.029,24.688,17.431,INJECTOR_DEGRADATION,1.0,1.0,0.4,1.0,1.0,0.0,0.0,0.0,0.0
84.0,CLIMB,83.0,58.95,3200.0,23.6,90.26,1.0596,6393.32,80.36,698.02,5.329,63.49,22.419,27.16,2.091,24.6,17.45,6400.79,80.16,699.07,5.3,63.76,22.464,27.137,2.122,24.691,17.326,INJECTOR_DEGRADATION,1.0,1.0,0.4,1.0,1.0,0.0,0.0,0.0,0.0
84.1,CLIMB,82.99,58.94,3207.08,23.59,90.237,1.0594,6392.85,80.36,697.99,5.328,63.49,22.418,27.16,2.091,24.6,17.449,6392.18,79.52,698.79,5.351,63.36,22.421,27.108,2.094,24.585,17.462,INJECTOR_DEGRADATION,1.0,1.0,0.4,1.0,1.0,0.0,0.0,0.0,0.0
84.2,CLIMB,82.98,58.94,3214.17,23.57,90.214,1.0592,6392.37,80.36,697.96,5.328,63.48,22.416,27.16,2.091,24.6,17.448,6391.85,80.06,697.34,5.328,63.6,22.576,27.207,2.193,24.58,17.442,INJECTOR_DEGRADATION,1.0,1.0,0.4,1.0,1.0,0.0,0.0,0.0,0.0
84.3,CLIMB,82.98,58.93,3221.25,23.56,90.191,1.059,6391.9,80.36,697.92,5.328,63.47,22.415,27.16,2.091,24.6,17.446,6397.28,80.92,697.07,5.354,63.51,22.563,27.197,2.104,24.637,17.456,INJECTOR_DEGRADATION,1.0,1.0,0.4,1.0,1.0,0.0,0.0,0.0,0.0
84.4,CLIMB,82.97,58.93,3228.33,23.54,90.168,1.0587,6391.42,80.36,697.89,5.328,63.46,22.413,27.159,2.091,24.6,17.445,6390.52,80.68,696.75,5.341,63.64,22.344,27.187,2.058,24.682,17.373,INJECTOR_DEGRADATION,1.0,1.0,0.4,1.0,1.0,0.0,0.0,0.0,0.0
84.5,CLIMB,82.96,58.92,3235.42,23.53,90.145,1.0585,6390.95,80.36,697.86,5.328,63.45,22.412,27.159,2.09,24.6,17.444,6388.82,79.16,697.17,5.331,63.48,22.469,27.184,2.063,24.604,17.493,INJECTOR_DEGRADATION,1.0,1.0,0.4,1.0,1.0,0.0,0.0,0.0,0.0
84.6,CLIMB,82.95,58.92,3242.5,23.52,90.121,1.0583,6390.47,80.36,697.83,5.328,63.44,22.41,27.159,2.09,24.6,17.443,6392.17,79.85,699.35,5.31,63.62,22.563,27.038,2.076,24.62,17.412,INJECTOR_DEGRADATION,1.0,1.0,0.4,1.0,1.0,0.0,0.0,0.0,0.0
84.7,CLIMB,82.94,58.91,3249.58,23.5,90.098,1.0581,6389.99,80.36,697.8,5.327,63.43,22.409,27.159,2.09,24.6,17.441,6393.62,80.13,695.28,5.32,63.23,22.366,27.155,2.091,24.628,17.589,INJECTOR_DEGRADATION,1.0,1.0,0.4,1.0,1.0,0.0,0.0,0.0,0.0
84.8,CLIMB,82.93,58.91,3256.67,23.49,90.075,1.0578,6389.52,80.36,697.77,5.327,63.42,22.407,27.159,2.09,24.6,17.44,6381.45,80.83,697.65,5.331,63.74,22.585,27.139,2.076,24.527,17.419,INJECTOR_DEGRADATION,1.0,1.0,0.4,1.0,1.0,0.0,0.0,0.0,0.0
84.9,CLIMB,82.93,58.9,3263.75,23.47,90.052,1.0576,6389.04,80.36,697.74,5.327,63.41,22.406,27.159,2.09,24.6,17.439,6386.77,80.85,698.69,5.344,63.77,22.268,27.171,2.11,24.561,17.413,INJECTOR_DEGRADATION,1.0,1.0,0.4,1.0,1.0,0.0,0.0,0.0,0.0
85.0,CLIMB,82.92,58.9,3270.83,23.46,90.029,1.0574,6388.57,80.36,697.7,5.327,63.4,22.404,27.158,2.09,24.6,17.438,6392.37,80.89,697.67,5.293,63.12,22.358,27.178,2.085,24.456,17.441,INJECTOR_DEGRADATION,1.0,1.0,0.4,1.0,1.0,0.0,0.0,0.0,0.0
85.1,CLIMB,82.91,58.89,3277.92,23.44,90.006,1.0572,6388.09,80.36,697.67,5.327,63.39,22.403,27.158,2.09,24.6,17.436,6390.33,81.06,697.91,5.316,63.24,22.263,27.154,2.124,24.597,17.291,INJECTOR_DEGRADATION,1.0,1.0,0.4,1.0,1.0,0.0,0.0,0.0,0.0
85.2,CLIMB,82.9,58.89,3285.0,23.43,89.983,1.057,6387.62,80.36,697.64,5.326,63.39,22.401,27.158,2.09,24.6,17.435,6386.96,80.12,698.17,5.294,63.22,22.548,27.139,2.049,24.573,17.417,INJECTOR_DEGRADATION,1.0,1.0,0.4,1.0,1.0,0.0,0.0,0.0,0.0
85.3,CLIMB,82.89,58.88,3292.08,23.42,89.96,1.0567,6387.14,80.36,697.61,5.326,63.38,22.4,27.158,2.09,24.6,17.434,6389.37,81.04,696.59,5.303,63.38,22.51,27.139,2.103,24.601,17.463,INJECTOR_DEGRADATION,1.0,1.0,0.4,1.0,1.0,0.0,0.0,0.0,0.0
85.4,CLIMB,82.88,58.87,3299.17,23.4,89.937,1.0565,6386.67,80.36,697.58,5.326,63.37,22.398,27.158,2.09,24.6,17.433,6388.97,81.0,695.97,5.334,63.43,22.444,27.133,2.031,24.669,17.421,INJECTOR_DEGRADATION,1.0,1.0,0.4,1.0,1.0,0.0,0.0,0.0,0.0
85.5,CLIMB,82.88,58.87,3306.25,23.39,89.914,1.0563,6386.19,80.36,697.55,5.326,63.36,22.397,27.158,2.09,24.6,17.431,6390.71,80.07,698.64,5.303,63.35,22.537,27.135,2.075,24.507,17.285,INJECTOR_DEGRADATION,1.0,1.0,0.4,1.0,1.0,0.0,0.0,0.0,0.0
85.6,CLIMB,82.87,58.86,3313.33,23.37,89.891,1.0561,6385.71,80.36,697.52,5.326,63.35,22.395,27.157,2.089,24.6,17.43,6392.44,80.77,694.7,5.367,63.44,22.437,27.156,2.123,24.515,17.45,INJECTOR_DEGRADATION,1.0,1.0,0.4,1.0,1.0,0.0,0.0,0.0,0.0
85.7,CLIMB,82.86,58.86,3320.42,23.36,89.868,1.0559,6385.24,80.36,697.49,5.326,63.34,22.394,27.157,2.089,24.6,17.429,6382.16,79.52,697.03,5.321,63.18,22.542,27.125,2.039,24.548,17.414,INJECTOR_DEGRADATION,1.0,1.0,0.4,1.0,1.0,0.0,0.0,0.0,0.0
85.8,CLIMB,82.85,58.85,3327.5,23.35,89.845,1.0556,6384.76,80.36,697.46,5.325,63.33,22.393,27.157,2.089,24.6,17.428,6382.41,79.26,698.87,5.322,63.4,22.307,27.108,1.965,24.517,17.583,INJECTOR_DEGRADATION,1.0,1.0,0.4,1.0,1.0,0.0,0.0,0.0,0.0
85.9,CLIMB,82.84,58.85,3334.58,23.33,89.822,1.0554,6384.29,80.36,697.43,5.325,63.32,22.391,27.157,2.089,24.6,17.426,6389.18,80.3,697.46,5.382,63.3,22.494,27.181,1.988,24.524,17.355,INJECTOR_DEGRADATION,1.0,1.0,0.4,1.0,1.0,0.0,0.0,0.0,0.0
86.0,CLIMB,82.83,58.84,3341.67,23.32,89.799,1.0552,6383.81,80.36,697.4,5.325,63.31,22.39,27.157,2.089,24.6,17.425,6387.05,80.21,700.34,5.35,63.29,22.351,27.15,2.074,24.544,17.655,INJECTOR_DEGRADATION,1.0,1.0,0.4,1.0,1.0,0.0,0.0,0.0,0.0
86.1,CLIMB,82.83,58.84,3348.75,23.3,89.776,1.055,6383.34,80.36,697.37,5.325,63.3,22.388,27.157,2.089,24.6,17.424,6381.72,80.68,696.16,5.302,63.16,22.46,27.214,2.122,24.593,17.265,INJECTOR_DEGRADATION,1.0,1.0,0.4,1.0,1.0,0.0,0.0,0.0,0.0
86.2,CLIMB,82.82,58.83,3355.83,23.29,89.753,1.0548,6382.86,80.36,697.34,5.325,63.29,22.387,27.156,2.089,24.6,17.423,6386.83,80.01,694.94,5.315,63.74,22.37,27.181,2.127,24.543,17.401,INJECTOR_DEGRADATION,1.0,1.0,0.4,1.0,1.0,0.0,0.0,0.0,0.0
86.3,CLIMB,82.81,58.83,3362.92,23.27,89.73,1.0545,6382.39,80.36,697.31,5.325,63.28,22.385,27.156,2.089,24.6,17.421,6380.22,79.86,695.6,5.375,63.41,22.331,27.172,2.055,24.619,17.432,INJECTOR_DEGRADATION,1.0,1.0,0.4,1.0,1.0,0.0,0.0,0.0,0.0
86.4,CLIMB,82.8,58.82,3370.0,23.26,89.707,1.0543,6381.91,80.36,697.29,5.324,63.28,22.384,27.156,2.089,24.6,17.42,6383.2,80.23,698.73,5.368,63.77,22.421,27.095,2.014,24.617,17.48,INJECTOR_DEGRADATION,1.0,1.0,0.4,1.0,1.0,0.0,0.0,0.0,0.0
86.5,CLIMB,82.79,58.81,3377.08,23.25,89.684,1.0541,6381.44,80.36,697.26,5.324,63.27,22.382,27.156,2.089,24.6,17.419,6380.36,79.41,697.24,5.307,63.48,22.311,27.112,2.089,24.606,17.385,INJECTOR_DEGRADATION,1.0,1.0,0.4,1.0,1.0,0.0,0.0,0.0,0.0
86.6,CLIMB,82.78,58.81,3384.17,23.23,89.661,1.0539,6380.96,80.36,697.23,5.324,63.26,22.381,27.156,2.089,24.6,17.418,6375.07,81.23,696.31,5.365,63.28,22.297,27.234,2.073,24.635,17.526,INJECTOR_DEGRADATION,1.0,1.0,0.4,1.0,1.0,0.0,0.0,0.0,0.0
86.7,CLIMB,82.78,58.8,3391.25,23.22,89.638,1.0537,6380.49,80.36,697.2,5.324,63.25,22.379,27.155,2.088,24.6,17.416,6378.71,80.68,700.16,5.384,63.32,22.473,27.152,2.069,24.525,17.477,INJECTOR_DEGRADATION,1.0,1.0,0.4,1.0,1.0,0.0,0.0,0.0,0.0
86.8,CLIMB,82.77,58.8,3398.33,23.2,89.615,1.0535,6380.01,80.36,697.17,5.324,63.24,22.378,27.155,2.088,24.6,17.415,6384.76,80.39,696.83,5.296,63.3,22.618,27.082,2.092,24.645,17.379,INJECTOR_DEGRADATION,1.0,1.0,0.4,1.0,1.0,0.0,0.0,0.0,0.0
86.9,CLIMB,82.76,58.79,3405.42,23.19,89.592,1.0532,6379.54,80.36,697.14,5.324,63.23,22.376,27.155,2.088,24.6,17.414,6383.43,79.46,698.76,5.332,62.98,22.503,27.18,2.08,24.572,17.285,INJECTOR_DEGRADATION,1.0,1.0,0.4,1.0,1.0,0.0,0.0,0.0,0.0
87.0,CLIMB,82.75,58.79,3412.5,23.18,89.569,1.053,6379.06,80.36,697.11,5.323,63.22,22.375,27.155,2.088,24.6,17.413,6376.82,81.07,695.38,5.315,62.86,22.248,27.24,2.144,24.524,17.333,INJECTOR_DEGRADATION,1.0,1.0,0.4,1.0,1.0,0.0,0.0,0.0,0.0
87.1,CLIMB,82.74,58.78,3419.58,23.16,89.547,1.0528,6378.59,80.36,697.09,5.323,63.21,22.373,27.155,2.088,24.6,17.411,6382.48,80.41,695.83,5.347,63.38,22.42,27.162,2.048,24.598,17.393,INJECTOR_DEGRADATION,1.0,1.0,0.4,1.0,1.0,0.0,0.0,0.0,0.0
87.2,CLIMB,82.73,58.78,3426.67,23.15,89.524,1.0526,6378.11,80.36,697.06,5.323,63.2,22.372,27.155,2.088,24.6,17.41,6375.37,80.51,697.79,5.315,63.18,22.492,27.11,2.069,24.583,17.581,INJECTOR_DEGRADATION,1.0,1.0,0.4,1.0,1.0,0.0,0.0,0.0,0.0
87.3,CLIMB,82.73,58.77,3433.75,23.13,89.501,1.0524,6377.64,80.36,697.03,5.323,63.19,22.37,27.155,2.088,24.6,17.409,6374.42,81.46,697.51,5.333,63.62,22.27,27.067,2.155,24.559,17.523,INJECTOR_DEGRADATION,1.0,1.0,0.4,1.0,1.0,0.0,0.0,0.0,0.0
87.4,CLIMB,82.72,58.77,3440.83,23.12,89.478,1.0521,6377.16,80.36,697.0,5.323,63.18,22.369,27.154,2.088,24.6,17.408,6380.63,80.09,695.51,5.367,63.62,22.22,27.152,2.12,24.631,17.522,INJECTOR_DEGRADATION,1.0,1.0,0.4,1.0,1.0,0.0,0.0,0.0,0.0
87.5,CLIMB,82.71,58.76,3447.92,23.1,89.455,1.0519,6376.69,80.36,696.97,5.322,63.17,22.367,27.154,2.088,24.6,17.406,6377.31,79.83,699.43,5.308,63.27,22.42,27.214,2.144,24.609,17.42,INJECTOR_DEGRADATION,1.0,1.0,0.4,1.0,1.0,0.0,0.0,0.0,0.0
87.6,CLIMB,82.7,58.76,3455.0,23.09,89.432,1.0517,6376.21,80.36,696.95,5.322,63.16,22.366,27.154,2.088,24.6,17.405,6377.18,80.29,695.43,5.322,63.99,22.079,27.117,2.09,24.623,17.424,INJECTOR_DEGRADATION,1.0,1.0,0.4,1.0,1.0,0.0,0.0,0.0,0.0
87.7,CLIMB,82.69,58.75,3462.08,23.08,89.409,1.0515,6375.74,80.36,696.92,5.322,63.16,22.364,27.154,2.088,24.6,17.404,6376.59,80.14,696.42,5.341,63.36,22.138,27.165,2.116,24.612,17.45,INJECTOR_DEGRADATION,1.0,1.0,0.4,1.0,1.0,0.0,0.0,0.0,0.0
87.8,CLIMB,82.68,58.74,3469.17,23.06,89.386,1.0513,6375.26,80.36,696.89,5.322,63.15,22.363,27.154,2.087,24.6,17.403,6370.18,80.11,696.82,5.34,63.17,22.421,27.055,2.042,24.621,17.554,INJECTOR_DEGRADATION,1.0,1.0,0.4,1.0,1.0,0.0,0.0,0.0,0.0
87.9,CLIMB,82.68,58.74,3476.25,23.05,89.363,1.051,6374.79,80.36,696.86,5.322,63.14,22.361,27.154,2.087,24.6,17.401,6379.08,80.94,697.23,5.331,63.17,22.474,27.084,2.224,24.542,17.44,INJECTOR_DEGRADATION,1.0,1.0,0.4,1.0,1.0,0.0,0.0,0.0,0.0
88.0,CLIMB,82.67,58.73,3483.33,23.03,89.341,1.0508,6374.32,80.36,696.84,5.322,63.13,22.36,27.153,2.087,24.6,17.4,6370.11,80.47,697.96,5.356,63.08,22.53,27.138,2.173,24.628,17.458,INJECTOR_DEGRADATION,1.0,1.0,0.4,1.0,1.0,0.0,0.0,0.0,0.0
88.1,CLIMB,82.66,58.73,3490.42,23.02,89.318,1.0506,6373.84,80.36,696.81,5.321,63.12,22.358,27.153,2.087,24.6,17.399,6371.19,80.51,695.87,5.363,63.21,22.357,27.093,2.041,24.618,17.445,INJECTOR_DEGRADATION,1.0,1.0,0.4,1.0,1.0,0.0,0.0,0.0,0.0
88.2,CLIMB,82.65,58.72,3497.5,23.01,89.295,1.0504,6373.37,80.36,696.78,5.321,63.11,22.357,27.153,2.087,24.6,17.398,6383.06,81.46,696.46,5.351,62.81,22.371,27.142,2.102,24.552,17.687,INJECTOR_DEGRADATION,1.0,1.0,0.4,1.0,1.0,0.0,0.0,0.0,0.0
88.3,CLIMB,82.64,58.72,3504.58,22.99,89.272,1.0502,6372.89,80.37,696.75,5.321,63.1,22.355,27.153,2.087,24.6,17.396,6377.76,80.54,696.71,5.345,63.29,22.324,27.211,2.033,24.563,17.424,INJECTOR_DEGRADATION,1.0,1.0,0.4,1.0,1.0,0.0,0.0,0.0,0.0
88.4,CLIMB,82.63,58.71,3511.67,22.98,89.249,1.05,6372.42,80.37,696.73,5.321,63.09,22.354,27.153,2.087,24.6,17.395,6379.51,80.43,695.53,5.362,63.69,22.296,27.111,2.119,24.551,17.357,INJECTOR_DEGRADATION,1.0,1.0,0.4,1.0,1.0,0.0,0.0,0.0,0.0
88.5,CLIMB,82.63,58.71,3518.75,22.96,89.226,1.0497,6371.94,80.37,696.7,5.321,63.08,22.353,27.152,2.087,24.6,17.394,6365.43,80.46,698.52,5.327,62.94,22.542,27.101,2.057,24.591,17.348,INJECTOR_DEGRADATION,1.0,1.0,0.4,1.0,1.0,0.0,0.0,0.0,0.0
88.6,CLIMB,82.62,58.7,3525.83,22.95,89.203,1.0495,6371.47,80.37,696.67,5.321,63.07,22.351,27.152,2.087,24.6,17.393,6372.59,80.25,695.24,5.302,63.26,22.26,27.148,2.136,24.642,17.452,INJECTOR_DEGRADATION,1.0,1.0,0.4,1.0,1.0,0.0,0.0,0.0,0.0
88.7,CLIMB,82.61,58.7,3532.92,22.93,89.181,1.0493,6370.99,80.37,696.65,5.32,63.06,22.35,27.152,2.087,24.6,17.391,6366.24,80.78,695.45,5.344,63.33,22.4,27.077,2.153,24.564,17.414,INJECTOR_DEGRADATION,1.0,1.0,0.4,1.0,1.0,0.0,0.0,0.0,0.0
88.8,CLIMB,82.6,58.69,3540.0,22.92,89.158,1.0491,6370.52,80.37,696.62,5.32,63.05,22.348,27.152,2.087,24.6,17.39,6375.94,80.37,695.54,5.37,62.6,22.484,27.217,2.145,24.554,17.527,INJECTOR_DEGRADATION,1.0,1.0,0.4,1.0,1.0,0.0,0.0,0.0,0.0
88.9,CLIMB,82.59,58.68,3547.08,22.91,89.135,1.0489,6370.05,80.37,696.59,5.32,63.04,22.347,27.152,2.086,24.6,17.389,6375.38,81.06,697.79,5.311,62.96,22.563,27.202,2.069,24.647,17.334,INJECTOR_DEGRADATION,1.0,1.0,0.4,1.0,1.0,0.0,0.0,0.0,0.0
89.0,CLIMB,82.58,58.68,3554.17,22.89,89.112,1.0486,6369.57,80.37,696.57,5.32,63.03,22.345,27.152,2.086,24.6,17.388,6378.25,79.76,696.35,5.312,62.92,22.112,27.217,2.069,24.53,17.312,INJECTOR_DEGRADATION,1.0,1.0,0.4,1.0,1.0,0.0,0.0,0.0,0.0
89.1,CLIMB,82.58,58.67,3561.25,22.88,89.089,1.0484,6369.1,80.37,696.54,5.32,63.02,22.344,27.152,2.086,24.6,17.386,6372.27,80.55,698.37,5.28,62.54,22.38,27.094,2.05,24.655,17.348,INJECTOR_DEGRADATION,1.0,1.0,0.4,1.0,1.0,0.0,0.0,0.0,0.0
89.2,CLIMB,82.57,58.67,3568.33,22.86,89.066,1.0482,6368.62,80.37,696.52,5.32,63.01,22.342,27.151,2.086,24.6,17.385,6361.09,80.75,698.15,5.326,63.52,22.318,27.103,2.022,24.557,17.441,INJECTOR_DEGRADATION,1.0,1.0,0.4,1.0,1.0,0.0,0.0,0.0,0.0
89.3,CLIMB,82.56,58.66,3575.42,22.85,89.044,1.048,6368.15,80.37,696.49,5.319,63.0,22.341,27.151,2.086,24.6,17.384,6371.48,80.13,697.91,5.336,62.59,22.336,27.176,2.007,24.603,17.471,INJECTOR_DEGRADATION,1.0,1.0,0.4,1.0,1.0,0.0,0.0,0.0,0.0
89.4,CLIMB,82.55,58.66,3582.5,22.84,89.021,1.0478,6367.67,80.37,696.46,5.319,63.0,22.339,27.151,2.086,24.6,17.383,6370.11,80.05,697.36,5.24,63.51,22.343,27.146,2.146,24.598,17.464,INJECTOR_DEGRADATION,1.0,1.0,0.4,1.0,1.0,0.0,0.0,0.0,0.0
89.5,CLIMB,82.54,58.65,3589.58,22.82,88.998,1.0475,6367.2,80.37,696.44,5.319,62.99,22.338,27.151,2.086,24.6,17.381,6373.48,79.39,696.82,5.359,63.16,22.331,27.211,2.054,24.56,17.32,INJECTOR_DEGRADATION,1.0,1.0,0.4,1.0,1.0,0.0,0.0,0.0,0.0
89.6,CLIMB,82.53,58.65,3596.67,22.81,88.975,1.0473,6366.73,80.37,696.41,5.319,62.98,22.336,27.151,2.086,24.6,17.38,6366.73,81.47,696.28,5.305,62.54,22.286,27.179,2.031,24.493,17.554,INJECTOR_DEGRADATION,1.0,1.0,0.4,1.0,1.0,0.0,0.0,0.0,0.0
89.7,CLIMB,82.53,58.64,3603.75,22.79,88.953,1.0471,6366.25,80.37,696.39,5.319,62.97,22.335,27.151,2.086,24.6,17.379,6363.11,80.42,694.28,5.292,62.63,22.314,27.218,2.149,24.562,17.284,INJECTOR_DEGRADATION,1.0,1.0,0.4,1.0,1.0,0.0,0.0,0.0,0.0
89.8,CLIMB,82.52,58.64,3610.83,22.78,88.93,1.0469,6365.78,80.37,696.36,5.318,62.96,22.333,27.15,2.086,24.6,17.378,6377.54,81.06,696.68,5.342,62.53,22.379,27.18,2.023,24.673,17.442,INJECTOR_DEGRADATION,1.0,1.0,0.4,1.0,1.0,0.0,0.0,0.0,0.0
89.9,CLIMB,82.51,58.63,3617.92,22.76,88.907,1.0467,6365.3,80.37,696.33,5.318,62.95,22.332,27.15,2.086,24.6,17.376,6358.91,79.68,695.66,5.32,63.17,22.337,27.132,2.009,24.62,17.338,INJECTOR_DEGRADATION,1.0,1.0,0.4,1.0,1.0,0.0,0.0,0.0,0.0
90.0,CLIMB,82.5,58.63,3625.0,22.75,88.884,1.0465,6364.83,80.37,696.31,5.318,62.94,22.33,27.15,2.085,24.6,17.375,6369.53,80.17,696.19,5.314,62.59,22.465,27.175,2.026,24.639,17.299,INJECTOR_DEGRADATION,1.0,1.0,0.4,1.0,1.0,0.0,0.0,0.0,0.0
90.1,CLIMB,82.49,58.62,3632.08,22.74,88.862,1.0462,6364.36,80.37,696.28,5.318,62.93,22.329,27.15,2.085,24.6,17.374,6366.0,79.34,696.09,5.297,62.94,22.143,27.168,2.198,24.538,17.376,INJECTOR_DEGRADATION,1.0,1.0,0.4,1.0,1.0,0.0,0.0,0.0,0.0
90.2,CLIMB,82.48,58.61,3639.17,22.72,88.839,1.046,6363.88,80.37,696.26,5.318,62.92,22.327,27.15,2.085,24.6,17.373,6362.47,80.27,695.42,5.278,62.97,22.366,27.124,2.1,24.555,17.462,INJECTOR_DEGRADATION,1.0,1.0,0.4,1.0,1.0,0.0,0.0,0.0,0.0
90.3,CLIMB,82.48,58.61,3646.25,22.71,88.816,1.0458,6363.41,80.37,696.23,5.318,62.91,22.326,27.149,2.085,24.6,17.371,6363.97,80.13,694.06,5.34,62.52,22.371,27.139,2.055,24.644,17.33,INJECTOR_DEGRADATION,1.0,1.0,0.4,1.0,1.0,0.0,0.0,0.0,0.0
90.4,CLIMB,82.47,58.6,3653.33,22.69,88.793,1.0456,6362.93,80.37,696.21,5.317,62.9,22.324,27.149,2.085,24.6,17.37,6371.77,80.58,692.42,5.247,62.47,22.342,27.11,2.079,24.661,17.417,INJECTOR_DEGRADATION,1.0,1.0,0.4,1.0,1.0,0.0,0.0,0.0,0.0
90.5,CLIMB,82.46,58.6,3660.42,22.68,88.771,1.0454,6362.46,80.37,696.18,5.317,62.89,22.323,27.149,2.085,24.6,17.369,6374.81,80.0,696.4,5.313,63.18,22.275,27.112,2.168,24.613,17.334,INJECTOR_DEGRADATION,1.0,1.0,0.4,1.0,1.0,0.0,0.0,0.0,0.0
90.6,CLIMB,82.45,58.59,3667.5,22.67,88.748,1.0452,6361.99,80.37,696.16,5.317,62.88,22.321,27.149,2.085,24.6,17.368,6365.8,80.3,692.99,5.336,63.51,22.4,27.115,2.064,24.602,17.219,INJECTOR_DEGRADATION,1.0,1.0,0.4,1.0,1.0,0.0,0.0,0.0,0.0
90.7,CLIMB,82.44,58.59,3674.58,22.65,88.725,1.0449,6361.51,80.37,696.13,5.317,62.87,22.32,27.149,2.085,24.6,17.366,6353.48,80.13,697.37,5.296,62.28,22.312,27.056,2.125,24.577,17.246,INJECTOR_DEGRADATION,1.0,1.0,0.4,1.0,1.0,0.0,0.0,0.0,0.0
90.8,CLIMB,82.43,58.58,3681.67,22.64,88.702,1.0447,6361.04,80.37,696.11,5.317,62.86,22.318,27.149,2.085,24.6,17.365,6363.12,80.25,694.5,5.299,62.29,22.367,27.127,2.139,24.559,17.248,INJECTOR_DEGRADATION,1.0,1.0,0.4,1.0,1.0,0.0,0.0,0.0,0.0
90.9,CLIMB,82.43,58.58,3688.75,22.62,88.68,1.0445,6360.56,80.37,696.08,5.317,62.85,22.317,27.149,2.085,24.6,17.364,6363.13,80.58,697.44,5.332,62.89,22.388,27.144,2.048,24.642,17.47,INJECTOR_DEGRADATION,1.0,1.0,0.4,1.0,1.0,0.0,0.0,0.0,0.0
91.0,CLIMB,82.42,58.57,3695.83,22.61,88.657,1.0443,6360.09,80.37,696.06,5.316,62.84,22.315,27.148,2.085,24.6,17.363,6357.99,80.25,695.7,5.325,63.12,22.159,27.167,2.132,24.599,17.471,INJECTOR_DEGRADATION,1.0,1.0,0.4,1.0,1.0,0.0,0.0,0.0,0.0
91.1,CLIMB,82.41,58.57,3702.92,22.59,88.634,1.0441,6359.62,80.37,696.03,5.316,62.83,22.314,27.148,2.084,24.6,17.361,6350.9,80.15,694.66,5.318,62.68,22.216,27.197,2.048,24.665,17.396,INJECTOR_DEGRADATION,1.0,1.0,0.4,1.0,1.0,0.0,0.0,0.0,0.0
91.2,CLIMB,82.4,58.56,3710.0,22.58,88.612,1.0439,6359.14,80.37,696.01,5.316,62.82,22.312,27.148,2.084,24.6,17.36,6364.48,80.37,695.61,5.361,62.63,22.309,27.175,2.046,24.699,17.427,INJECTOR_DEGRADATION,1.0,1.0,0.4,1.0,1.0,0.0,0.0,0.0,0.0
91.3,CLIMB,82.39,58.55,3717.08,22.57,88.589,1.0436,6358.67,80.37,695.98,5.316,62.81,22.311,27.148,2.084,24.6,17.359,6355.69,80.67,697.04,5.314,62.95,22.289,27.156,2.015,24.594,17.394,INJECTOR_DEGRADATION,1.0,1.0,0.4,1.0,1.0,0.0,0.0,0.0,0.0
91.4,CLIMB,82.38,58.55,3724.17,22.55,88.566,1.0434,6358.2,80.37,695.96,5.316,62.81,22.309,27.148,2.084,24.6,17.358,6355.16,80.63,696.91,5.343,62.5,22.259,27.153,2.04,24.648,17.237,INJECTOR_DEGRADATION,1.0,1.0,0.4,1.0,1.0,0.0,0.0,0.0,0.0
91.5,CLIMB,82.38,58.54,3731.25,22.54,88.544,1.0432,6357.72,80.37,695.93,5.316,62.8,22.308,27.148,2.084,24.6,17.356,6365.71,80.42,698.79,5.311,62.85,22.144,27.164,2.085,24.608,17.463,INJECTOR_DEGRADATION,1.0,1.0,0.4,1.0,1.0,0.0,0.0,0.0,0.0
91.6,CLIMB,82.37,58.54,3738.33,22.52,88.521,1.043,6357.25,80.37,695.91,5.315,62.79,22.307,27.147,2.084,24.6,17.355,6362.74,79.65,696.73,5.344,62.36,22.357,27.221,2.117,24.588,17.327,INJECTOR_DEGRADATION,1.0,1.0,0.4,1.0,1.0,0.0,0.0,0.0,0.0
91.7,CLIMB,82.36,58.53,3745.42,22.51,88.498,1.0428,6356.78,80.37,695.88,5.315,62.78,22.305,27.147,2.084,24.6,17.354,6362.08,79.2,692.73,5.347,62.83,22.159,27.198,2.21,24.61,17.355,INJECTOR_DEGRADATION,1.0,1.0,0.4,1.0,1.0,0.0,0.0,0.0,0.0
91.8,CLIMB,82.35,58.53,3752.5,22.5,88.476,1.0425,6356.3,80.37,695.86,5.315,62.77,22.304,27.147,2.084,24.6,17.353,6358.04,80.32,692.96,5.3,62.62,22.393,27.01,2.023,24.643,17.322,INJECTOR_DEGRADATION,1.0,1.0,0.4,1.0,1.0,0.0,0.0,0.0,0.0
91.9,CLIMB,82.34,58.52,3759.58,22.48,88.453,1.0423,6355.83,80.37,695.84,5.315,62.76,22.302,27.147,2.084,24.6,17.351,6358.11,80.46,695.78,5.334,62.74,22.261,27.101,2.11,24.495,17.416,INJECTOR_DEGRADATION,1.0,1.0,0.4,1.0,1.0,0.0,0.0,0.0,0.0
92.0,CLIMB,82.33,58.52,3766.67,22.47,88.43,1.0421,6355.36,80.37,695.81,5.315,62.75,22.301,27.147,2.084,24.6,17.35,6356.03,80.28,696.98,5.31,62.6,22.256,27.218,2.033,24.683,17.471,INJECTOR_DEGRADATION,1.0,1.0,0.4,1.0,1.0,0.0,0.0,0.0,0.0
92.1,CLIMB,82.33,58.51,3773.75,22.45,88.408,1.0419,6354.88,80.37,695.79,5.315,62.74,22.299,27.147,2.084,24.6,17.349,6354.07,80.74,696.0,5.361,63.03,22.284,27.18,2.092,24.607,17.276,INJECTOR_DEGRADATION,1.0,1.0,0.4,1.0,1.0,0.0,0.0,0.0,0.0
92.2,CLIMB,82.32,58.51,3780.83,22.44,88.385,1.0417,6354.41,80.37,695.76,5.314,62.73,22.298,27.146,2.083,24.6,17.348,6355.51,80.72,694.69,5.284,62.88,22.357,27.123,1.963,24.606,17.44,INJECTOR_DEGRADATION,1.0,1.0,0.4,1.0,1.0,0.0,0.0,0.0,0.0
92.3,CLIMB,82.31,58.5,3787.92,22.42,88.363,1.0415,6353.93,80.37,695.74,5.314,62.72,22.296,27.146,2.083,24.6,17.346,6357.05,79.55,695.11,5.363,62.2,22.232,27.079,2.054,24.659,17.266,INJECTOR_DEGRADATION,1.0,1.0,0.4,1.0,1.0,0.0,0.0,0.0,0.0
92.4,CLIMB,82.3,58.5,3795.0,22.41,88.34,1.0412,6353.46,80.37,695.72,5.314,62.71,22.295,27.146,2.083,24.6,17.345,6351.7,80.67,696.36,5.298,62.09,22.254,27.196,2.12,24.537,17.312,INJECTOR_DEGRADATION,1.0,1.0,0.4,1.0,1.0,0.0,0.0,0.0,0.0
92.5,CLIMB,82.29,58.49,3802.08,22.4,88.317,1.041,6352.99,80.37,695.69,5.314,62.7,22.293,27.146,2.083,24.6,17.344,6350.27,80.41,695.17,5.313,62.78,22.213,27.165,2.088,24.561,17.285,INJECTOR_DEGRADATION,1.0,1.0,0.4,1.0,1.0,0.0,0.0,0.0,0.0
92.6,CLIMB,82.28,58.48,3809.17,22.38,88.295,1.0408,6352.51,80.37,695.67,5.314,62.69,22.292,27.146,2.083,24.6,17.343,6353.64,80.28,696.23,5.322,62.39,22.291,27.096,2.079,24.694,17.255,INJECTOR_DEGRADATION,1.0,1.0,0.4,1.0,1.0,0.0,0.0,0.0,0.0
92.7,CLIMB,82.28,58.48,3816.25,22.37,88.272,1.0406,6352.04,80.37,695.64,5.314,62.68,22.29,27.146,2.083,24.6,17.341,6358.98,80.77,695.67,5.314,62.64,22.367,27.173,2.111,24.609,17.529,INJECTOR_DEGRADATION,1.0,1.0,0.4,1.0,1.0,0.0,0.0,0.0,0.0
92.8,CLIMB,82.27,58.47,3823.33,22.35,88.25,1.0404,6351.57,80.37,695.62,5.313,62.67,22.289,27.145,2.083,24.6,17.34,6342.83,80.39,694.24,5.329,63.17,22.545,27.051,2.096,24.596,17.55,INJECTOR_DEGRADATION,1.0,1.0,0.4,1.0,1.0,0.0,0.0,0.0,0.0
92.9,CLIMB,82.26,58.47,3830.42,22.34,88.227,1.0402,6351.1,80.37,695.6,5.313,62.66,22.287,27.145,2.083,24.6,17.339,6346.13,80.46,697.01,5.293,62.81,22.261,27.187,2.097,24.677,17.308,INJECTOR_DEGRADATION,1.0,1.0,0.4,1.0,1.0,0.0,0.0,0.0,0.0
93.0,CLIMB,82.25,58.46,3837.5,22.33,88.204,1.0399,6350.62,80.37,695.57,5.313,62.65,22.286,27.145,2.083,24.6,17.338,6356.16,80.62,695.98,5.318,62.51,22.36,27.126,2.064,24.605,17.291,INJECTOR_DEGRADATION,1.0,1.0,0.4,1.0,1.0,0.0,0.0,0.0,0.0
93.1,CLIMB,82.24,58.46,3844.58,22.31,88.182,1.0397,6350.15,80.37,695.55,5.313,62.64,22.284,27.145,2.083,24.6,17.336,6352.88,80.18,694.73,5.278,62.63,22.202,27.138,2.044,24.613,17.488,INJECTOR_DEGRADATION,1.0,1.0,0.4,1.0,1.0,0.0,0.0,0.0,0.0
93.2,CLIMB,82.23,58.45,3851.67,22.3,88.159,1.0395,6349.68,80.37,695.53,5.313,62.63,22.283,27.145,2.083,24.6,17.335,6349.82,80.3,695.93,5.318,62.84,22.278,27.206,2.087,24.637,17.225,INJECTOR_DEGRADATION,1.0,1.0,0.4,1.0,1.0,0.0,0.0,0.0,0.0
93.3,CLIMB,82.23,58.45,3858.75,22.28,88.137,1.0393,6349.2,80.37,695.5,5.313,62.62,22.281,27.145,2.082,24.6,17.334,6353.77,80.69,694.26,5.358,62.57,22.316,27.199,2.044,24.569,17.459,INJECTOR_DEGRADATION,1.0,1.0,0.4,1.0,1.0,0.0,0.0,0.0,0.0
93.4,CLIMB,82.22,58.44,3865.83,22.27,88.114,1.0391,6348.73,80.37,695.48,5.312,62.61,22.28,27.144,2.082,24.6,17.333,6351.17,80.45,696.49,5.269,62.61,22.264,27.225,2.039,24.505,17.477,INJECTOR_DEGRADATION,1.0,1.0,0.4,1.0,1.0,0.0,0.0,0.0,0.0
93.5,CLIMB,82.21,58.44,3872.92,22.25,88.092,1.0389,6348.26,80.37,695.46,5.312,62.6,22.278,27.144,2.082,24.6,17.331,6345.2,80.5,695.99,5.35,62.25,22.187,27.185,2.11,24.619,17.491,INJECTOR_DEGRADATION,1.0,1.0,0.4,1.0,1.0,0.0,0.0,0.0,0.0
93.6,CLIMB,82.2,58.43,3880.0,22.24,88.069,1.0387,6347.78,80.37,695.43,5.312,62.59,22.277,27.144,2.082,24.6,17.33,6348.05,79.81,694.24,5.316,63.07,21.959,27.142,2.086,24.659,17.441,INJECTOR_DEGRADATION,1.0,1.0,0.4,1.0,1.0,0.0,0.0,0.0,0.0
93.7,CLIMB,82.19,58.42,3887.08,22.23,88.046,1.0384,6347.31,80.37,695.41,5.312,62.58,22.275,27.144,2.082,24.6,17.329,6352.68,79.86,694.85,5.312,62.51,22.202,27.09,2.074,24.613,17.369,INJECTOR_DEGRADATION,1.0,1.0,0.4,1.0,1.0,0.0,0.0,0.0,0.0
93.8,CLIMB,82.18,58.42,3894.17,22.21,88.024,1.0382,6346.84,80.37,695.39,5.312,62.57,22.274,27.144,2.082,24.6,17.328,6344.52,80.6,695.93,5.305,62.94,22.313,27.177,2.105,24.635,17.375,INJECTOR_DEGRADATION,1.0,1.0,0.4,1.0,1.0,0.0,0.0,0.0,0.0
93.9,CLIMB,82.18,58.41,3901.25,22.2,88.001,1.038,6346.37,80.37,695.36,5.312,62.56,22.272,27.144,2.082,24.6,17.326,6351.0,79.28,694.89,5.285,62.4,22.058,27.207,2.036,24.658,17.37,INJECTOR_DEGRADATION,1.0,1.0,0.4,1.0,1.0,0.0,0.0,0.0,0.0
94.0,CLIMB,82.17,58.41,3908.33,22.18,87.979,1.0378,6345.89,80.37,695.34,5.311,62.55,22.271,27.143,2.082,24.6,17.325,6343.08,79.86,696.77,5.343,62.3,22.29,27.161,2.09,24.633,17.362,INJECTOR_DEGRADATION,1.0,1.0,0.4,1.0,1.0,0.0,0.0,0.0,0.0
94.1,CLIMB,82.16,58.4,3915.42,22.17,87.956,1.0376,6345.42,80.37,695.32,5.311,62.54,22.269,27.143,2.082,24.6,17.324,6347.33,79.39,693.68,5.385,61.97,22.175,27.195,2.006,24.685,17.318,INJECTOR_DEGRADATION,1.0,1.0,0.4,1.0,1.0,0.0,0.0,0.0,0.0
94.2,CLIMB,82.15,58.4,3922.5,22.16,87.934,1.0374,6344.95,80.37,695.29,5.311,62.53,22.268,27.143,2.082,24.6,17.323,6347.44,81.32,695.64,5.294,62.67,22.355,27.197,2.053,24.633,17.335,INJECTOR_DEGRADATION,1.0,1.0,0.4,1.0,1.0,0.0,0.0,0.0,0.0
94.3,CLIMB,82.14,58.39,3929.58,22.14,87.911,1.0371,6344.47,80.37,695.27,5.311,62.52,22.266,27.143,2.082,24.6,17.321,6343.29,80.11,697.79,5.29,62.58,22.266,27.115,2.096,24.629,17.284,INJECTOR_DEGRADATION,1.0,1.0,0.4,1.0,1.0,0.0,0.0,0.0,0.0
94.4,CLIMB,82.13,58.39,3936.67,22.13,87.889,1.0369,6344.0,80.37,695.25,5.311,62.51,22.265,27.143,2.081,24.6,17.32,6344.53,80.32,695.41,5.324,62.78,22.275,27.184,2.121,24.652,17.312,INJECTOR_DEGRADATION,1.0,1.0,0.4,1.0,1.0,0.0,0.0,0.0,0.0
94.5,CLIMB,82.13,58.38,3943.75,22.11,87.866,1.0367,6343.53,80.37,695.22,5.31,62.5,22.263,27.143,2.081,24.6,17.319,6348.6,79.7,695.51,5.309,62.33,22.259,27.101,2.148,24.597,17.34,INJECTOR_DEGRADATION,1.0,1.0,0.4,1.0,1.0,0.0,0.0,0.0,0.0
94.6,CLIMB,82.12,58.38,3950.83,22.1,87.844,1.0365,6343.06,80.37,695.2,5.31,62.49,22.262,27.142,2.081,24.6,17.318,6340.53,80.76,693.5,5.344,62.68,22.231,27.086,2.058,24.604,17.191,INJECTOR_DEGRADATION,1.0,1.0,0.4,1.0,1.0,0.0,0.0,0.0,0.0
94.7,CLIMB,82.11,58.37,3957.92,22.08,87.821,1.0363,6342.58,80.37,695.18,5.31,62.48,22.26,27.142,2.081,24.6,17.316,6342.93,81.06,694.95,5.316,62.26,22.168,27.151,2.12,24.538,17.263,INJECTOR_DEGRADATION,1.0,1.0,0.4,1.0,1.0,0.0,0.0,0.0,0.0
94.8,CLIMB,82.1,58.37,3965.0,22.07,87.799,1.0361,6342.11,80.37,695.16,5.31,62.47,22.259,27.142,2.081,24.6,17.315,6339.38,80.31,696.78,5.335,62.72,22.268,27.149,2.047,24.6,17.384,INJECTOR_DEGRADATION,1.0,1.0,0.4,1.0,1.0,0.0,0.0,0.0,0.0
94.9,CLIMB,82.09,58.36,3972.08,22.06,87.776,1.0358,6341.64,80.37,695.13,5.31,62.46,22.257,27.142,2.081,24.6,17.314,6333.83,80.93,692.32,5.298,62.23,22.378,27.267,2.092,24.691,17.194,INJECTOR_DEGRADATION,1.0,1.0,0.4,1.0,1.0,0.0,0.0,0.0,0.0
95.0,CLIMB,82.08,58.35,3979.17,22.04,87.754,1.0356,6341.17,80.37,695.11,5.31,62.45,22.256,27.142,2.081,24.6,17.313,6346.25,79.83,695.97,5.277,62.42,22.087,27.06,2.076,24.707,17.092,INJECTOR_DEGRADATION,1.0,1.0,0.4,1.0,1.0,0.0,0.0,0.0,0.0
95.1,CLIMB,82.08,58.35,3986.25,22.03,87.731,1.0354,6340.69,80.37,695.09,5.309,62.44,22.255,27.142,2.081,24.6,17.311,6339.39,80.7,694.79,5.277,62.51,22.078,27.105,2.183,24.612,17.197,INJECTOR_DEGRADATION,1.0,1.0,0.4,1.0,1.0,0.0,0.0,0.0,0.0
95.2,CLIMB,82.07,58.34,3993.33,22.01,87.709,1.0352,6340.22,80.37,695.06,5.309,62.43,22.253,27.141,2.081,24.6,17.31,6339.64,79.38,695.3,5.288,62.13,22.153,27.15,2.062,24.553,17.416,INJECTOR_DEGRADATION,1.0,1.0,0.4,1.0,1.0,0.0,0.0,0.0,0.0
95.3,CLIMB,82.06,58.34,4000.42,22.0,87.687,1.035,6339.75,80.37,695.04,5.309,62.42,22.252,27.141,2.081,24.6,17.309,6349.35,80.49,694.48,5.373,62.5,22.415,27.241,1.983,24.585,17.152,INJECTOR_DEGRADATION,1.0,1.0,0.4,1.0,1.0,0.0,0.0,0.0,0.0
95.4,CLIMB,82.05,58.33,4007.5,21.99,87.664,1.0348,6339.27,80.37,695.02,5.309,62.41,22.25,27.141,2.081,24.6,17.308,6339.22,81.36,694.5,5.271,62.4,22.178,27.141,2.001,24.596,17.304,INJECTOR_DEGRADATION,1.0,1.0,0.4,1.0,1.0,0.0,0.0,0.0,0.0
95.5,CLIMB,82.04,58.33,4014.58,21.97,87.642,1.0346,6338.8,80.37,695.0,5.309,62.41,22.249,27.141,2.08,24.6,17.306,6323.93,80.29,696.48,5.269,62.6,22.403,27.042,2.11,24.657,17.287,INJECTOR_DEGRADATION,1.0,1.0,0.4,1.0,1.0,0.0,0.0,0.0,0.0
95.6,CLIMB,82.03,58.32,4021.67,21.96,87.619,1.0343,6338.33,80.37,694.97,5.309,62.4,22.247,27.141,2.08,24.6,17.305,6347.68,80.0,694.25,5.279,62.44,22.349,27.151,2.041,24.68,17.285,INJECTOR_DEGRADATION,1.0,1.0,0.4,1.0,1.0,0.0,0.0,0.0,0.0
95.7,CLIMB,82.03,58.32,4028.75,21.94,87.597,1.0341,6337.86,80.37,694.95,5.308,62.39,22.246,27.141,2.08,24.6,17.304,6342.73,79.84,695.52,5.349,63.11,22.183,27.04,2.035,24.665,17.3,INJECTOR_DEGRADATION,1.0,1.0,0.4,1.0,1.0,0.0,0.0,0.0,0.0
95.8,CLIMB,82.02,58.31,4035.83,21.93,87.574,1.0339,6337.39,80.37,694.93,5.308,62.38,22.244,27.14,2.08,24.6,17.303,6336.06,79.59,694.15,5.289,62.32,22.157,27.096,2.044,24.582,17.405,INJECTOR_DEGRADATION,1.0,1.0,0.4,1.0,1.0,0.0,0.0,0.0,0.0
95.9,CLIMB,82.01,58.31,4042.92,21.91,87.552,1.0337,6336.91,80.37,694.91,5.308,62.37,22.243,27.14,2.08,24.6,17.301,6329.99,80.36,696.79,5.298,62.42,22.11,27.144,2.05,24.573,17.383,INJECTOR_DEGRADATION,1.0,1.0,0.4,1.0,1.0,0.0,0.0,0.0,0.0
96.0,CLIMB,82.0,58.3,4050.0,21.9,87.53,1.0335,6336.44,80.37,694.89,5.308,62.36,22.241,27.14,2.08,24.6,17.3,6328.69,80.22,696.28,5.302,62.56,22.257,27.123,2.027,24.603,17.307,INJECTOR_DEGRADATION,1.0,1.0,0.4,1.0,1.0,0.0,0.0,0.0,0.0
96.1,CLIMB,81.99,58.29,4057.08,21.89,87.507,1.0333,6335.97,80.37,694.86,5.308,62.35,22.24,27.14,2.08,24.6,17.299,6340.07,79.65,696.08,5.272,62.51,21.926,27.192,2.169,24.577,17.281,INJECTOR_DEGRADATION,1.0,1.0,0.4,1.0,1.0,0.0,0.0,0.0,0.0
96.2,CLIMB,81.98,58.29,4064.17,21.87,87.485,1.033,6335.5,80.37,694.84,5.308,62.34,22.238,27.14,2.08,24.6,17.298,6342.78,80.67,694.77,5.355,61.88,22.249,27.142,2.087,24.581,17.108,INJECTOR_DEGRADATION,1.0,1.0,0.4,1.0,1.0,0.0,0.0,0.0,0.0
96.3,CLIMB,81.98,58.28,4071.25,21.86,87.462,1.0328,6335.02,80.37,694.82,5.307,62.33,22.237,27.14,2.08,24.6,17.296,6339.97,80.63,694.45,5.307,62.47,22.218,27.178,2.076,24.552,17.231,INJECTOR_DEGRADATION,1.0,1.0,0.4,1.0,1.0,0.0,0.0,0.0,0.0
96.4,CLIMB,81.97,58.28,4078.33,21.84,87.44,1.0326,6334.55,80.37,694.8,5.307,62.32,22.235,27.139,2.08,24.6,17.295,6327.4,80.54,694.85,5.345,62.08,22.136,27.15,2.053,24.632,17.158,INJECTOR_DEGRADATION,1.0,1.0,0.4,1.0,1.0,0.0,0.0,0.0,0.0
96.5,CLIMB,81.96,58.27,4085.42,21.83,87.418,1.0324,6334.08,80.37,694.77,5.307,62.31,22.234,27.139,2.08,24.6,17.294,6336.47,80.28,696.62,5.333,62.07,22.094,27.231,2.119,24.603,17.363,INJECTOR_DEGRADATION,1.0,1.0,0.4,1.0,1.0,0.0,0.0,0.0,0.0
96.6,CLIMB,81.95,58.27,4092.5,21.82,87.395,1.0322,6333.61,80.37,694.75,5.307,62.3,22.232,27.139,2.08,24.6,17.293,6339.07,80.1,694.91,5.307,62.6,22.34,27.076,2.145,24.57,17.21,INJECTOR_DEGRADATION,1.0,1.0,0.4,1.0,1.0,0.0,0.0,0.0,0.0
96.7,CLIMB,81.94,58.26,4099.58,21.8,87.373,1.032,6333.14,80.37,694.73,5.307,62.29,22.231,27.139,2.079,24.6,17.291,6329.67,80.2,691.91,5.286,62.07,22.176,27.112,2.068,24.598,17.283,INJECTOR_DEGRADATION,1.0,1.0,0.4,1.0,1.0,0.0,0.0,0.0,0.0
96.8,CLIMB,81.93,58.26,4106.67,21.79,87.351,1.0318,6332.66,80.37,694.71,5.307,62.28,22.229,27.139,2.079,24.6,17.29,6329.14,80.28,696.29,5.245,62.31,22.201,27.062,2.154,24.479,17.464,INJECTOR_DEGRADATION,1.0,1.0,0.4,1.0,1.0,0.0,0.0,0.0,0.0
96.9,CLIMB,81.93,58.25,4113.75,21.77,87.328,1.0315,6332.19,80.37,694.69,5.306,62.27,22.228,27.139,2.079,24.6,17.289,6339.98,80.85,695.61,5.334,62.42,22.13,27.086,2.171,24.646,17.292,INJECTOR_DEGRADATION,1.0,1.0,0.4,1.0,1.0,0.0,0.0,0.0,0.0
97.0,CLIMB,81.92,58.25,4120.83,21.76,87.306,1.0313,6331.72,80.37,694.66,5.306,62.26,22.226,27.138,2.079,24.6,17.288,6329.1,80.79,691.58,5.309,62.16,22.334,27.168,2.089,24.701,17.224,INJECTOR_DEGRADATION,1.0,1.0,0.4,1.0,1.0,0.0,0.0,0.0,0.0
97.1,CLIMB,81.91,58.24,4127.92,21.74,87.283,1.0311,6331.25,80.37,694.64,5.306,62.25,22.225,27.138,2.079,24.6,17.286,6332.43,79.81,692.14,5.315,62.13,22.265,27.194,2.124,24.692,17.423,INJECTOR_DEGRADATION,1.0,1.0,0.4,1.0,1.0,0.0,0.0,0.0,0.0
97.2,CLIMB,81.9,58.24,4135.0,21.73,87.261,1.0309,6330.78,80.37,694.62,5.306,62.24,22.223,27.138,2.079,24.6,17.285,6339.18,80.25,697.3,5.339,62.23,22.171,27.217,1.993,24.577,17.356,INJECTOR_DEGRADATION,1.0,1.0,0.4,1.0,1.0,0.0,0.0,0.0,0.0
97.3,CLIMB,81.89,58.23,4142.08,21.72,87.239,1.0307,6330.3,80.37,694.6,5.306,62.23,22.222,27.138,2.079,24.6,17.284,6328.68,80.57,694.35,5.328,62.06,22.302,27.143,2.046,24.636,17.116,INJECTOR_DEGRADATION,1.0,1.0,0.4,1.0,1.0,0.0,0.0,0.0,0.0
97.4,CLIMB,81.88,58.22,4149.17,21.7,87.216,1.0305,6329.83,80.37,694.58,5.306,62.22,22.22,27.138,2.079,24.6,17.283,6324.71,79.75,693.38,5.26,62.41,22.268,27.032,2.171,24.58,17.044,INJECTOR_DEGRADATION,1.0,1.0,0.4,1.0,1.0,0.0,0.0,0.0,0.0
97.5,CLIMB,81.88,58.22,4156.25,21.69,87.194,1.0303,6329.36,80.37,694.55,5.305,62.21,22.219,27.138,2.079,24.6,17.281,6333.26,79.63,692.9,5.314,62.17,22.182,27.126,2.101,24.571,17.229,INJECTOR_DEGRADATION,1.0,1.0,0.4,1.0,1.0,0.0,0.0,0.0,0.0
97.6,CLIMB,81.87,58.21,4163.33,21.67,87.172,1.03,6328.89,80.37,694.53,5.305,62.2,22.217,27.137,2.079,24.6,17.28,6335.96,80.24,696.26,5.386,62.47,22.391,27.091,2.14,24.643,17.319,INJECTOR_DEGRADATION,1.0,1.0,0.4,1.0,1.0,0.0,0.0,0.0,0.0
97.7,CLIMB,81.86,58.21,4170.42,21.66,87.15,1.0298,6328.42,80.37,694.51,5.305,62.19,22.216,27.137,2.079,24.6,17.279,6328.54,80.92,695.36,5.301,62.09,22.245,27.114,2.063,24.587,17.266,INJECTOR_DEGRADATION,1.0,1.0,0.4,1.0,1.0,0.0,0.0,0.0,0.0
97.8,CLIMB,81.85,58.2,4177.5,21.65,87.127,1.0296,6327.94,80.37,694.49,5.305,62.18,22.214,27.137,2.078,24.6,17.278,6320.37,80.47,693.54,5.299,62.3,22.28,27.114,2.168,24.664,17.365,INJECTOR_DEGRADATION,1.0,1.0,0.4,1.0,1.0,0.0,0.0,0.0,0.0
97.9,CLIMB,81.84,58.2,4184.58,21.63,87.105,1.0294,6327.47,80.37,694.47,5.305,62.17,22.213,27.137,2.078,24.6,17.276,6337.15,79.33,694.91,5.286,62.32,22.428,27.074,1.975,24.612,17.202,INJECTOR_DEGRADATION,1.0,1.0,0.4,1.0,1.0,0.0,0.0,0.0,0.0
98.0,CLIMB,81.83,58.19,4191.67,21.62,87.083,1.0292,6327.0,80.37,694.45,5.305,62.16,22.211,27.137,2.078,24.6,17.275,6328.91,79.75,693.24,5.322,62.39,22.195,27.099,2.083,24.556,17.351,INJECTOR_DEGRADATION,1.0,1.0,0.4,1.0,1.0,0.0,0.0,0.0,0.0
98.1,CLIMB,81.83,58.19,4198.75,21.6,87.06,1.029,6326.53,80.37,694.42,5.304,62.15,22.21,27.137,2.078,24.6,17.274,6324.41,80.77,694.51,5.296,61.64,22.228,27.148,2.115,24.579,17.291,INJECTOR_DEGRADATION,1.0,1.0,0.4,1.0,1.0,0.0,0.0,0.0,0.0
98.2,CLIMB,81.82,58.18,4205.83,21.59,87.038,1.0288,6326.06,80.37,694.4,5.304,62.14,22.208,27.136,2.078,24.6,17.273,6321.31,80.38,694.61,5.329,61.93,22.296,27.155,2.156,24.581,17.371,INJECTOR_DEGRADATION,1.0,1.0,0.4,1.0,1.0,0.0,0.0,0.0,0.0
98.3,CLIMB,81.81,58.18,4212.92,21.57,87.016,1.0285,6325.59,80.37,694.38,5.304,62.12,22.207,27.136,2.078,24.6,17.271,6330.66,80.51,693.79,5.281,62.29,22.039,27.11,2.099,24.593,17.307,INJECTOR_DEGRADATION,1.0,1.0,0.4,1.0,1.0,0.0,0.0,0.0,0.0
98.4,CLIMB,81.8,58.17,4220.0,21.56,86.994,1.0283,6325.11,80.37,694.36,5.304,62.11,22.205,27.136,2.078,24.6,17.27,6324.46,80.48,695.98,5.321,62.26,22.031,27.013,2.062,24.692,17.102,INJECTOR_DEGRADATION,1.0,1.0,0.4,1.0,1.0,0.0,0.0,0.0,0.0
98.5,CLIMB,81.79,58.16,4227.08,21.55,86.971,1.0281,6324.64,80.37,694.34,5.304,62.1,22.204,27.136,2.078,24.6,17.269,6317.63,80.59,696.04,5.299,62.3,22.099,27.04,2.104,24.604,17.373,INJECTOR_DEGRADATION,1.0,1.0,0.4,1.0,1.0,0.0,0.0,0.0,0.0
98.6,CLIMB,81.78,58.16,4234.17,21.53,86.949,1.0279,6324.17,80.37,694.32,5.304,62.09,22.202,27.136,2.078,24.6,17.268,6324.39,79.53,692.63,5.295,61.93,22.224,27.138,2.098,24.729,17.316,INJECTOR_DEGRADATION,1.0,1.0,0.4,1.0,1.0,0.0,0.0,0.0,0.0
98.7,CLIMB,81.78,58.15,4241.25,21.52,86.927,1.0277,6323.7,80.37,694.29,5.303,62.08,22.201,27.136,2.078,24.6,17.266,6330.13,80.07,693.17,5.288,62.73,22.176,27.157,2.058,24.529,17.249,INJECTOR_DEGRADATION,1.0,1.0,0.4,1.0,1.0,0.0,0.0,0.0,0.0
98.8,CLIMB,81.77,58.15,4248.33,21.5,86.905,1.0275,6323.23,80.37,694.27,5.303,62.07,22.199,27.135,2.078,24.6,17.265,6324.82,80.53,694.21,5.268,62.62,21.905,27.174,2.15,24.647,17.506,INJECTOR_DEGRADATION,1.0,1.0,0.4,1.0,1.0,0.0,0.0,0.0,0.0
98.9,CLIMB,81.76,58.14,4255.42,21.49,86.882,1.0273,6322.76,80.37,694.25,5.303,62.06,22.198,27.135,2.077,24.6,17.264,6329.11,80.73,693.21,5.278,62.04,22.275,27.081,2.063,24.489,17.368,INJECTOR_DEGRADATION,1.0,1.0,0.4,1.0,1.0,0.0,0.0,0.0,0.0
99.0,CLIMB,81.75,58.14,4262.5,21.48,86.86,1.0271,6322.28,80.37,694.23,5.303,62.05,22.196,27.135,2.077,24.6,17.263,6329.2,80.78,693.31,5.289,62.4,22.131,27.131,2.082,24.575,17.355,INJECTOR_DEGRADATION,1.0,1.0,0.4,1.0,1.0,0.0,0.0,0.0,0.0
99.1,CLIMB,81.74,58.13,4269.58,21.46,86.838,1.0268,6321.81,80.37,694.21,5.303,62.04,22.195,27.135,2.077,24.6,17.261,6315.53,80.44,695.37,5.299,62.57,22.256,27.247,2.049,24.519,17.279,INJECTOR_DEGRADATION,1.0,1.0,0.4,1.0,1.0,0.0,0.0,0.0,0.0
99.2,CLIMB,81.73,58.13,4276.67,21.45,86.816,1.0266,6321.34,80.37,694.19,5.303,62.03,22.193,27.135,2.077,24.6,17.26,6321.92,79.89,694.88,5.288,61.99,22.071,27.135,2.13,24.559,17.467,INJECTOR_DEGRADATION,1.0,1.0,0.4,1.0,1.0,0.0,0.0,0.0,0.0
99.3,CLIMB,81.73,58.12,4283.75,21.43,86.793,1.0264,6320.87,80.37,694.17,5.302,62.02,22.192,27.135,2.077,24.6,17.259,6328.37,80.4,692.53,5.328,61.69,22.14,27.138,2.015,24.543,17.241,INJECTOR_DEGRADATION,1.0,1.0,0.4,1.0,1.0,0.0,0.0,0.0,0.0
99.4,CLIMB,81.72,58.12,4290.83,21.42,86.771,1.0262,6320.4,80.37,694.14,5.302,62.01,22.19,27.134,2.077,24.6,17.258,6318.18,80.17,692.82,5.328,62.5,22.157,27.046,2.048,24.649,17.335,INJECTOR_DEGRADATION,1.0,1.0,0.4,1.0,1.0,0.0,0.0,0.0,0.0
99.5,CLIMB,81.71,58.11,4297.92,21.4,86.749,1.026,6319.93,80.37,694.12,5.302,62.0,22.189,27.134,2.077,24.6,17.256,6321.17,80.31,691.26,5.264,61.9,22.188,27.107,2.014,24.656,17.248,INJECTOR_DEGRADATION,1.0,1.0,0.4,1.0,1.0,0.0,0.0,0.0,0.0
99.6,CLIMB,81.7,58.11,4305.0,21.39,86.727,1.0258,6319.46,80.37,694.1,5.302,61.99,22.187,27.134,2.077,24.6,17.255,6321.5,80.43,695.66,5.303,61.83,22.039,27.13,2.098,24.559,17.253,INJECTOR_DEGRADATION,1.0,1.0,0.4,1.0,1.0,0.0,0.0,0.0,0.0
99.7,CLIMB,81.69,58.1,4312.08,21.38,86.705,1.0256,6318.99,80.37,694.08,5.302,61.98,22.186,27.134,2.077,24.6,17.254,6320.06,80.75,693.09,5.291,61.71,22.219,27.202,2.149,24.621,17.237,INJECTOR_DEGRADATION,1.0,1.0,0.4,1.0,1.0,0.0,0.0,0.0,0.0
99.8,CLIMB,81.68,58.09,4319.17,21.36,86.682,1.0253,6318.51,80.37,694.06,5.302,61.97,22.184,27.134,2.077,24.6,17.253,6317.42,80.62,692.93,5.314,62.42,22.121,27.103,2.085,24.615,17.271,INJECTOR_DEGRADATION,1.0,1.0,0.4,1.0,1.0,0.0,0.0,0.0,0.0
99.9,CLIMB,81.68,58.09,4326.25,21.35,86.66,1.0251,6318.04,80.37,694.04,5.301,61.96,22.183,27.134,2.077,24.6,17.251,6314.19,80.15,692.1,5.274,62.02,22.24,27.12,2.205,24.579,17.358,INJECTOR_DEGRADATION,1.0,1.0,0.4,1.0,1.0,0.0,0.0,0.0,0.0
100.0,CLIMB,81.67,58.08,4333.33,21.33,86.638,1.0249,6317.57,80.37,694.02,5.301,61.95,22.181,27.133,2.076,24.6,17.25,6318.66,80.42,690.57,5.266,62.27,22.093,27.079,2.102,24.592,17.188,INJECTOR_DEGRADATION,1.0,1.0,0.4,1.0,1.0,0.0,0.0,0.0,0.0
100.1,CLIMB,81.66,58.08,4340.42,21.32,86.616,1.0247,6317.1,80.37,694.0,5.301,61.94,22.18,27.133,2.076,24.6,17.249,6320.75,81.12,692.93,5.268,61.61,22.21,27.124,2.036,24.636,17.206,INJECTOR_DEGRADATION,1.0,1.0,0.4,1.0,1.0,0.0,0.0,0.0,0.0
100.2,CLIMB,81.65,58.07,4347.5,21.31,86.594,1.0245,6316.63,80.37,693.97,5.301,61.93,22.179,27.133,2.076,24.6,17.248,6314.3,79.48,692.51,5.257,62.04,22.074,27.168,2.042,24.71,17.368,INJECTOR_DEGRADATION,1.0,1.0,0.4,1.0,1.0,0.0,0.0,0.0,0.0
100.3,CLIMB,81.64,58.07,4354.58,21.29,86.571,1.0243,6316.16,80.37,693.95,5.301,61.92,22.177,27.133,2.076,24.6,17.246,6315.1,80.36,693.79,5.344,62.13,22.148,27.103,2.065,24.677,17.291,INJECTOR_DEGRADATION,1.0,1.0,0.4,1.0,1.0,0.0,0.0,0.0,0.0
100.4,CLIMB,81.63,58.06,4361.67,21.28,86.549,1.0241,6315.69,80.37,693.93,5.301,61.91,22.176,27.133,2.076,24.6,17.245,6322.37,80.52,692.38,5.244,61.92,22.411,27.119,2.147,24.555,17.153,INJECTOR_DEGRADATION,1.0,1.0,0.4,1.0,1.0,0.0,0.0,0.0,0.0
100.5,CLIMB,81.63,58.06,4368.75,21.26,86.527,1.0239,6315.22,80.37,693.91,5.3,61.9,22.174,27.133,2.076,24.6,17.244,6318.13,80.34,695.33,5.282,61.43,22.269,27.153,2.085,24.593,17.164,INJECTOR_DEGRADATION,1.0,1.0,0.4,1.0,1.0,0.0,0.0,0.0,0.0
100.6,CLIMB,81.62,58.05,4375.83,21.25,86.505,1.0236,6314.75,80.37,693.89,5.3,61.89,22.173,27.132,2.076,24.6,17.243,6320.62,79.93,695.4,5.301,62.03,22.153,27.245,2.032,24.644,17.229,INJECTOR_DEGRADATION,1.0,1.0,0.4,1.0,1.0,0.0,0.0,0.0,0.0
100.7,CLIMB,81.61,58.05,4382.92,21.23,86.483,1.0234,6314.27,80.37,693.87,5.3,61.88,22.171,27.132,2.076,24.6,17.241,6314.79,79.95,695.92,5.329,61.75,22.181,27.072,2.106,24.645,17.182,INJECTOR_DEGRADATION,1.0,1.0,0.4,1.0,1.0,0.0,0.0,0.0,0.0
100.8,CLIMB,81.6,58.04,4390.0,21.22,86.461,1.0232,6313.8,80.37,693.85,5.3,61.87,22.17,27.132,2.076,24.6,17.24,6316.71,80.88,692.66,5.266,61.9,22.306,27.073,2.132,24.524,17.194,INJECTOR_DEGRADATION,1.0,1.0,0.4,1.0,1.0,0.0,0.0,0.0,0.0
100.9,CLIMB,81.59,58.03,4397.08,21.21,86.439,1.023,6313.33,80.37,693.83,5.3,61.86,22.168,27.132,2.076,24.6,17.239,6317.77,79.72,692.5,5.263,61.48,22.107,27.104,2.056,24.636,17.104,INJECTOR_DEGRADATION,1.0,1.0,0.4,1.0,1.0,0.0,0.0,0.0,0.0
101.0,CLIMB,81.58,58.03,4404.17,21.19,86.416,1.0228,6312.86,80.37,693.81,5.3,61.85,22.167,27.132,2.076,24.6,17.238,6301.93,80.63,693.44,5.317,61.92,22.025,27.152,2.04,24.539,17.27,INJECTOR_DEGRADATION,1.0,1.0,0.4,1.0,1.0,0.0,0.0,0.0,0.0
101.1,CLIMB,81.58,58.02,4411.25,21.18,86.394,1.0226,6312.39,80.37,693.78,5.299,61.84,22.165,27.132,2.075,24.6,17.236,6310.72,80.67,689.82,5.351,61.92,22.198,27.028,2.116,24.668,17.316,INJECTOR_DEGRADATION,1.0,1.0,0.4,1.0,1.0,0.0,0.0,0.0,0.0
101.2,CLIMB,81.57,58.02,4418.33,21.16,86.372,1.0224,6311.92,80.37,693.76,5.299,61.83,22.164,27.131,2.075,24.6,17.235,6321.18,80.42,694.61,5.321,62.1,21.957,27.051,1.945,24.668,17.298,INJECTOR_DEGRADATION,1.0,1.0,0.4,1.0,1.0,0.0,0.0,0.0,0.0
101.3,CLIMB,81.56,58.01,4425.42,21.15,86.35,1.0222,6311.45,80.37,693.74,5.299,61.82,22.162,27.131,2.075,24.6,17.234,6314.49,80.07,693.5,5.31,61.36,22.126,27.187,2.091,24.633,17.148,INJECTOR_DEGRADATION,1.0,1.0,0.4,1.0,1.0,0.0,0.0,0.0,0.0
101.4,CLIMB,81.55,58.01,4432.5,21.14,86.328,1.0219,6310.98,80.37,693.72,5.299,61.81,22.161,27.131,2.075,24.6,17.233,6314.95,80.36,691.41,5.32,61.84,22.159,27.135,2.053,24.609,17.302,INJECTOR_DEGRADATION,1.0,1.0,0.4,1.0,1.0,0.0,0.0,0.0,0.0
101.5,CLIMB,81.54,58.0,4439.58,21.12,86.306,1.0217,6310.51,80.37,693.7,5.299,61.8,22.159,27.131,2.075,24.6,17.231,6317.26,80.43,695.5,5.295,62.0,21.968,27.057,2.031,24.596,17.357,INJECTOR_DEGRADATION,1.0,1.0,0.4,1.0,1.0,0.0,0.0,0.0,0.0
101.6,CLIMB,81.53,58.0,4446.67,21.11,86.284,1.0215,6310.04,80.37,693.68,5.299,61.79,22.158,27.131,2.075,24.6,17.23,6311.16,80.21,692.67,5.306,62.26,22.14,27.102,2.14,24.569,17.21,INJECTOR_DEGRADATION,1.0,1.0,0.4,1.0,1.0,0.0,0.0,0.0,0.0
101.7,CLIMB,81.53,57.99,4453.75,21.09,86.262,1.0213,6309.57,80.37,693.66,5.299,61.78,22.156,27.131,2.075,24.6,17.229,6310.98,80.45,692.07,5.317,62.17,22.149,27.118,2.119,24.641,17.27,INJECTOR_DEGRADATION,1.0,1.0,0.4,1.0,1.0,0.0,0.0,0.0,0.0
101.8,CLIMB,81.52,57.99,4460.83,21.08,86.24,1.0211,6309.1,80.37,693.64,5.298,61.77,22.155,27.13,2.075,24.6,17.228,6321.07,80.02,695.04,5.281,61.65,22.11,27.15,2.02,24.532,17.29,INJECTOR_DEGRADATION,1.0,1.0,0.4,1.0,1.0,0.0,0.0,0.0,0.0
101.9,CLIMB,81.51,57.98,4467.92,21.06,86.218,1.0209,6308.63,80.37,693.62,5.298,61.76,22.153,27.13,2.075,24.6,17.226,6301.88,81.14,692.98,5.333,61.74,22.306,27.07,2.104,24.693,17.338,INJECTOR_DEGRADATION,1.0,1.0,0.4,1.0,1.0,0.0,0.0,0.0,0.0
102.0,CLIMB,81.5,57.98,4475.0,21.05,86.196,1.0207,6308.15,80.37,693.6,5.298,61.75,22.152,27.13,2.075,24.6,17.225,6308.86,80.56,690.93,5.316,62.13,22.21,27.211,2.047,24.58,17.249,INJECTOR_DEGRADATION,1.0,1.0,0.4,1.0,1.0,0.0,0.0,0.0,0.0
102.1,CLIMB,81.49,57.97,4482.08,21.04,86.174,1.0205,6307.68,80.37,693.58,5.298,61.74,22.15,27.13,2.075,24.6,17.224,6307.61,80.67,693.43,5.282,61.55,22.121,27.165,2.155,24.62,17.192,INJECTOR_DEGRADATION,1.0,1.0,0.4,1.0,1.0,0.0,0.0,0.0,0.0
102.2,CLIMB,81.48,57.96,4489.17,21.02,86.151,1.0202,6307.21,80.37,693.55,5.298,61.73,22.149,27.13,2.074,24.6,17.223,6315.7,80.73,694.77,5.276,61.57,22.085,27.115,1.984,24.583,17.158,INJECTOR_DEGRADATION,1.0,1.0,0.4,1.0,1.0,0.0,0.0,0.0,0.0
102.3,CLIMB,81.48,57.96,4496.25,21.01,86.129,1.02,6306.74,80.37,693.53,5.298,61.72,22.147,27.13,2.074,24.6,17.221,6304.92,80.07,692.23,5.275,61.9,22.181,27.183,1.972,24.595,17.04,INJECTOR_DEGRADATION,1.0,1.0,0.4,1.0,1.0,0.0,0.0,0.0,0.0
102.4,CLIMB,81.47,57.95,4503.33,20.99,86.107,1.0198,6306.27,80.37,693.51,5.297,61.71,22.146,27.129,2.074,24.6,17.22,6304.89,79.93,695.06,5.289,61.6,22.188,27.164,1.984,24.562,17.115,INJECTOR_DEGRADATION,1.0,1.0,0.4,1.0,1.0,0.0,0.0,0.0,0.0
102.5,CLIMB,81.46,57.95,4510.42,20.98,86.085,1.0196,6305.8,80.37,693.49,5.297,61.69,22.144,27.129,2.074,24.6,17.219,6308.47,80.99,693.55,5.288,61.62,22.141,27.111,2.032,24.582,17.18,INJECTOR_DEGRADATION,1.0,1.0,0.4,1.0,1.0,0.0,0.0,0.0,0.0
102.6,CLIMB,81.45,57.94,4517.5,20.97,86.063,1.0194,6305.33,80.37,693.47,5.297,61.68,22.143,27.129,2.074,24.6,17.218,6305.05,79.99,695.7,5.242,61.43,22.267,27.12,2.104,24.646,17.293,INJECTOR_DEGRADATION,1.0,1.0,0.4,1.0,1.0,0.0,0.0,0.0,0.0
102.7,CLIMB,81.44,57.94,4524.58,20.95,86.041,1.0192,6304.86,80.37,693.45,5.297,61.67,22.141,27.129,2.074,24.6,17.216,6303.22,80.34,691.74,5.303,61.7,22.089,27.141,1.996,24.6,17.33,INJECTOR_DEGRADATION,1.0,1.0,0.4,1.0,1.0,0.0,0.0,0.0,0.0
102.8,CLIMB,81.43,57.93,4531.67,20.94,86.019,1.019,6304.39,80.37,693.43,5.297,61.66,22.14,27.129,2.074,24.6,17.215,6308.66,80.2,692.06,5.341,61.71,22.153,27.154,2.061,24.588,17.276,INJECTOR_DEGRADATION,1.0,1.0,0.4,1.0,1.0,0.0,0.0,0.0,0.0
102.9,CLIMB,81.43,57.93,4538.75,20.92,85.997,1.0188,6303.92,80.37,693.41,5.297,61.65,22.138,27.129,2.074,24.6,17.214,6312.86,79.89,693.33,5.297,62.52,22.131,27.092,2.025,24.572,17.419,INJECTOR_DEGRADATION,1.0,1.0,0.4,1.0,1.0,0.0,0.0,0.0,0.0
103.0,CLIMB,81.42,57.92,4545.83,20.91,85.975,1.0185,6303.45,80.37,693.39,5.296,61.64,22.137,27.128,2.074,24.6,17.213,6305.72,80.65,692.48,5.333,61.79,22.084,27.12,2.104,24.517,17.079,INJECTOR_DEGRADATION,1.0,1.0,0.4,1.0,1.0,0.0,0.0,0.0,0.0
103.1,CLIMB,81.41,57.92,4552.92,20.89,85.953,1.0183,6302.98,80.37,693.37,5.296,61.63,22.135,27.128,2.074,24.6,17.211,6305.83,79.78,691.45,5.277,61.7,22.065,27.027,1.99,24.596,17.119,INJECTOR_DEGRADATION,1.0,1.0,0.4,1.0,1.0,0.0,0.0,0.0,0.0
103.2,CLIMB,81.4,57.91,4560.0,20.88,85.931,1.0181,6302.51,80.37,693.35,5.296,61.62,22.134,27.128,2.074,24.6,17.21,6312.75,80.84,693.05,5.291,61.26,22.201,27.094,2.167,24.573,17.042,INJECTOR_DEGRADATION,1.0,1.0,0.4,1.0,1.0,0.0,0.0,0.0,0.0
103.3,CLIMB,81.39,57.9,4567.08,20.87,85.909,1.0179,6302.04,80.37,693.33,5.296,61.61,22.132,27.128,2.073,24.6,17.209,6301.19,80.37,694.01,5.342,61.8,22.064,27.092,2.207,24.539,17.099,INJECTOR_DEGRADATION,1.0,1.0,0.4,1.0,1.0,0.0,0.0,0.0,0.0
103.4,CLIMB,81.38,57.9,4574.17,20.85,85.887,1.0177,6301.57,80.37,693.31,5.296,61.6,22.131,27.128,2.073,24.6,17.208,6293.57,80.02,692.13,5.262,61.54,21.983,27.095,2.102,24.664,17.362,INJECTOR_DEGRADATION,1.0,1.0,0.4,1.0,1.0,0.0,0.0,0.0,0.0
103.5,CLIMB,81.38,57.89,4581.25,20.84,85.865,1.0175,6301.1,80.37,693.29,5.296,61.59,22.129,27.128,2.073,24.6,17.206,6302.01,79.84,694.67,5.278,61.32,22.085,27.178,2.026,24.601,17.073,INJECTOR_DEGRADATION,1.0,1.0,0.4,1.0,1.0,0.0,0.0,0.0,0.0
103.6,CLIMB,81.37,57.89,4588.33,20.82,85.843,1.0173,6300.63,80.37,693.26,5.295,61.58,22.128,27.127,2.073,24.6,17.205,6300.23,80.23,695.56,5.264,61.24,22.096,27.143,2.088,24.569,17.322,INJECTOR_DEGRADATION,1.0,1.0,0.4,1.0,1.0,0.0,0.0,0.0,0.0
103.7,CLIMB,81.36,57.88,4595.42,20.81,85.821,1.0171,6300.16,80.37,693.24,5.295,61.57,22.126,27.127,2.073,24.6,17.204,6300.23,80.11,695.01,5.288,62.12,22.087,27.092,2.141,24.559,17.266,INJECTOR_DEGRADATION,1.0,1.0,0.4,1.0,1.0,0.0,0.0,0.0,0.0
103.8,CLIMB,81.35,57.88,4602.5,20.8,85.799,1.0169,6299.69,80.37,693.22,5.295,61.56,22.125,27.127,2.073,24.6,17.203,6297.49,79.89,691.04,5.278,61.54,21.916,27.112,2.06,24.536,17.334,INJECTOR_DEGRADATION,1.0,1.0,0.4,1.0,1.0,0.0,0.0,0.0,0.0
103.9,CLIMB,81.34,57.87,4609.58,20.78,85.777,1.0166,6299.22,80.37,693.2,5.295,61.55,22.123,27.127,2.073,24.6,17.201,6291.37,80.3,694.49,5.322,61.41,21.895,27.168,2.042,24.649,17.178,INJECTOR_DEGRADATION,1.0,1.0,0.4,1.0,1.0,0.0,0.0,0.0,0.0
104.0,CLIMB,81.33,57.87,4616.67,20.77,85.755,1.0164,6298.75,80.37,693.18,5.295,61.54,22.122,27.127,2.073,24.6,17.2,6292.42,79.99,694.17,5.315,62.13,22.266,27.215,2.075,24.644,17.409,INJECTOR_DEGRADATION,1.0,1.0,0.4,1.0,1.0,0.0,0.0,0.0,0.0
104.1,CLIMB,81.33,57.86,4623.75,20.75,85.733,1.0162,6298.28,80.37,693.16,5.295,61.53,22.12,27.127,2.073,24.6,17.199,6296.61,78.9,690.0,5.36,61.7,22.089,27.117,2.001,24.608,17.282,INJECTOR_DEGRADATION,1.0,1.0,0.4,1.0,1.0,0.0,0.0,0.0,0.0
104.2,CLIMB,81.32,57.86,4630.83,20.74,85.712,1.016,6297.81,80.37,693.14,5.294,61.52,22.119,27.126,2.073,24.6,17.198,6303.9,80.16,692.69,5.275,61.02,21.974,27.172,2.088,24.631,17.214,INJECTOR_DEGRADATION,1.0,1.0,0.4,1.0,1.0,0.0,0.0,0.0,0.0
104.3,CLIMB,81.31,57.85,4637.92,20.72,85.69,1.0158,6297.34,80.37,693.12,5.294,61.51,22.117,27.126,2.073,24.6,17.196,6289.8,81.13,690.75,5.292,61.82,22.231,27.149,2.075,24.597,17.244,INJECTOR_DEGRADATION,1.0,1.0,0.4,1.0,1.0,0.0,0.0,0.0,0.0
104.4,CLIMB,81.3,57.85,4645.0,20.71,85.668,1.0156,6296.87,80.37,693.1,5.294,61.5,22.116,27.126,2.072,24.6,17.195,6284.27,81.06,688.08,5.369,61.02,22.051,27.056,2.031,24.604,17.24,INJECTOR_DEGRADATION,1.0,1.0,0.4,1.0,1.0,0.0,0.0,0.0,0.0
104.5,CLIMB,81.29,57.84,4652.08,20.7,85.646,1.0154,6296.4,80.37,693.08,5.294,61.49,22.114,27.126,2.072,24.6,17.194,6287.67,79.49,693.18,5.286,61.36,21.914,27.131,2.126,24.613,17.24,INJECTOR_DEGRADATION,1.0,1.0,0.4,1.0,1.0,0.0,0.0,0.0,0.0
104.6,CLIMB,81.28,57.83,4659.17,20.68,85.624,1.0152,6295.93,80.37,693.06,5.294,61.48,22.113,27.126,2.072,24.6,17.193,6298.14,81.1,692.41,5.298,61.35,22.35,27.096,2.106,24.599,17.244,INJECTOR_DEGRADATION,1.0,1.0,0.4,1.0,1.0,0.0,0.0,0.0,0.0
104.7,CLIMB,81.28,57.83,4666.25,20.67,85.602,1.015,6295.46,80.37,693.04,5.294,61.47,22.111,27.126,2.072,24.6,17.191,6296.63,80.31,692.67,5.307,61.35,22.093,27.026,2.146,24.605,17.04,INJECTOR_DEGRADATION,1.0,1.0,0.4,1.0,1.0,0.0,0.0,0.0,0.0
104.8,CLIMB,81.27,57.82,4673.33,20.65,85.58,1.0147,6294.99,80.37,693.02,5.293,61.45,22.11,27.125,2.072,24.6,17.19,6302.11,80.84,694.63,5.254,61.33,22.034,27.134,2.104,24.644,17.159,INJECTOR_DEGRADATION,1.0,1.0,0.4,1.0,1.0,0.0,0.0,0.0,0.0
104.9,CLIMB,81.26,57.82,4680.42,20.64,85.558,1.0145,6294.52,80.37,693.0,5.293,61.44,22.108,27.125,2.072,24.6,17.189,6286.03,80.43,692.52,5.316,61.71,22.077,27.147,2.079,24.567,17.271,INJECTOR_DEGRADATION,1.0,1.0,0.4,1.0,1.0,0.0,0.0,0.0,0.0
105.0,CLIMB,81.25,57.81,4687.5,20.63,85.536,1.0143,6294.05,80.37,692.98,5.293,61.43,22.107,27.125,2.072,24.6,17.188,6291.04,79.75,691.88,5.242,61.67,22.225,27.129,1.986,24.623,17.086,INJECTOR_DEGRADATION,1.0,1.0,0.4,1.0,1.0,0.0,0.0,0.0,0.0
105.1,CLIMB,81.24,57.81,4694.58,20.61,85.514,1.0141,6293.58,80.37,692.96,5.293,61.42,22.105,27.125,2.072,24.6,17.186,6290.44,80.64,692.23,5.313,61.44,22.13,27.103,2.14,24.647,17.156,INJECTOR_DEGRADATION,1.0,1.0,0.4,1.0,1.0,0.0,0.0,0.0,0.0
105.2,CLIMB,81.23,57.8,4701.67,20.6,85.492,1.0139,6293.11,80.37,692.94,5.293,61.41,22.104,27.125,2.072,24.6,17.185,6292.85,80.97,692.21,5.293,61.68,22.219,27.169,2.047,24.547,17.271,INJECTOR_DEGRADATION,1.0,1.0,0.4,1.0,1.0,0.0,0.0,0.0,0.0
105.3,CLIMB,81.23,57.8,4708.75,20.58,85.471,1.0137,6292.64,80.37,692.92,5.293,61.4,22.102,27.125,2.072,24.6,17.184,6294.17,80.27,692.86,5.261,61.12,22.119,27.154,2.078,24.711,17.35,INJECTOR_DEGRADATION,1.0,1.0,0.4,1.0,1.0,0.0,0.0,0.0,0.0
105.4,CLIMB,81.22,57.79,4715.83,20.57,85.449,1.0135,6292.17,80.37,692.9,5.292,61.39,22.101,27.124,2.072,24.6,17.183,6292.67,80.91,693.73,5.289,61.0,22.181,27.156,2.096,24.583,17.347,INJECTOR_DEGRADATION,1.0,1.0,0.4,1.0,1.0,0.0,0.0,0.0,0.0
105.5,CLIMB,81.21,57.79,4722.92,20.55,85.427,1.0133,6291.7,80.37,692.88,5.292,61.38,22.099,27.124,2.071,24.6,17.181,6292.8,80.86,692.05,5.255,61.19,22.251,27.085,2.101,24.609,17.443,INJECTOR_DEGRADATION,1.0,1.0,0.4,1.0,1.0,0.0,0.0,0.0,0.0
105.6,CLIMB,81.2,57.78,4730.0,20.54,85.405,1.0131,6291.23,80.37,692.85,5.292,61.37,22.098,27.124,2.071,24.6,17.18,6293.89,80.19,694.63,5.333,61.09,21.896,27.06,2.037,24.581,17.134,INJECTOR_DEGRADATION,1.0,1.0,0.4,1.0,1.0,0.0,0.0,0.0,0.0
105.7,CLIMB,81.19,57.77,4737.08,20.53,85.383,1.0129,6290.76,80.37,692.83,5.292,61.36,22.096,27.124,2.071,24.6,17.179,6290.16,80.3,694.71,5.258,61.75,22.08,27.155,2.152,24.628,17.239,INJECTOR_DEGRADATION,1.0,1.0,0.4,1.0,1.0,0.0,0.0,0.0,0.0
105.8,CLIMB,81.18,57.77,4744.17,20.51,85.361,1.0126,6290.29,80.37,692.81,5.292,61.35,22.095,27.124,2.071,24.6,17.178,6283.57,79.91,693.62,5.277,61.38,22.092,27.171,2.094,24.558,17.052,INJECTOR_DEGRADATION,1.0,1.0,0.4,1.0,1.0,0.0,0.0,0.0,0.0
105.9,CLIMB,81.18,57.76,4751.25,20.5,85.339,1.0124,6289.82,80.37,692.79,5.292,61.34,22.093,27.124,2.071,24.6,17.176,6294.17,81.52,691.17,5.318,61.15,22.169,27.17,2.091,24.612,17.302,INJECTOR_DEGRADATION,1.0,1.0,0.4,1.0,1.0,0.0,0.0,0.0,0.0
106.0,CLIMB,81.17,57.76,4758.33,20.48,85.318,1.0122,6289.35,80.37,692.77,5.291,61.33,22.092,27.123,2.071,24.6,17.175,6292.37,80.52,691.95,5.3,61.16,22.152,27.055,2.149,24.639,17.428,INJECTOR_DEGRADATION,1.0,1.0,0.4,1.0,1.0,0.0,0.0,0.0,0.0
106.1,CLIMB,81.16,57.75,4765.42,20.47,85.296,1.012,6288.88,80.37,692.75,5.291,61.32,22.09,27.123,2.071,24.6,17.174,6290.05,81.13,693.54,5.265,61.37,22.041,27.037,2.129,24.678,17.325,INJECTOR_DEGRADATION,1.0,1.0,0.4,1.0,1.0,0.0,0.0,0.0,0.0
106.2,CLIMB,81.15,57.75,4772.5,20.46,85.274,1.0118,6288.41,80.37,692.73,5.291,61.31,22.089,27.123,2.071,24.6,17.173,6293.62,80.3,689.9,5.276,60.69,22.101,27.051,2.054,24.576,17.139,INJECTOR_DEGRADATION,1.0,1.0,0.4,1.0,1.0,0.0,0.0,0.0,0.0
106.3,CLIMB,81.14,57.74,4779.58,20.44,85.252,1.0116,6287.94,80.37,692.71,5.291,61.3,22.087,27.123,2.071,24.6,17.171,6292.26,80.81,690.28,5.28,61.0,22.219,27.091,1.981,24.598,17.32,INJECTOR_DEGRADATION,1.0,1.0,0.4,1.0,1.0,0.0,0.0,0.0,0.0
106.4,CLIMB,81.13,57.74,4786.67,20.43,85.23,1.0114,6287.48,80.37,692.69,5.291,61.29,22.086,27.123,2.071,24.6,17.17,6280.68,80.37,691.7,5.243,61.24,22.061,27.024,2.041,24.553,17.164,INJECTOR_DEGRADATION,1.0,1.0,0.4,1.0,1.0,0.0,0.0,0.0,0.0
106.5,CLIMB,81.13,57.73,4793.75,20.41,85.208,1.0112,6287.01,80.37,692.67,5.291,61.28,22.084,27.123,2.071,24.6,17.169,6290.81,80.41,696.04,5.247,61.2,22.087,27.139,2.152,24.649,17.066,INJECTOR_DEGRADATION,1.0,1.0,0.4,1.0,1.0,0.0,0.0,0.0,0.0
106.6,CLIMB,81.12,57.73,4800.83,20.4,85.187,1.011,6286.54,80.37,692.65,5.29,61.26,22.083,27.122,2.07,24.6,17.168,6281.53,80.92,689.91,5.326,61.06,22.072,27.168,2.12,24.665,17.146,INJECTOR_DEGRADATION,1.0,1.0,0.4,1.0,1.0,0.0,0.0,0.0,0.0
106.7,CLIMB,81.11,57.72,4807.92,20.38,85.165,1.0108,6286.07,80.37,692.63,5.29,61.25,22.081,27.122,2.07,24.6,17.166,6278.87,80.38,695.63,5.208,62.05,22.117,27.089,2.106,24.649,17.19,INJECTOR_DEGRADATION,1.0,1.0,0.4,1.0,1.0,0.0,0.0,0.0,0.0
106.8,CLIMB,81.1,57.72,4815.0,20.37,85.143,1.0105,6285.6,80.37,692.61,5.29,61.24,22.08,27.122,2.07,24.6,17.165,6294.88,80.42,691.48,5.258,61.01,22.212,27.008,2.078,24.676,16.992,INJECTOR_DEGRADATION,1.0,1.0,0.4,1.0,1.0,0.0,0.0,0.0,0.0
106.9,CLIMB,81.09,57.71,4822.08,20.36,85.121,1.0103,6285.13,80.37,692.59,5.29,61.23,22.078,27.122,2.07,24.6,17.164,6279.98,80.6,695.36,5.259,60.94,22.047,27.055,2.127,24.607,17.174,INJECTOR_DEGRADATION,1.0,1.0,0.4,1.0,1.0,0.0,0.0,0.0,0.0
107.0,CLIMB,81.08,57.7,4829.17,20.34,85.099,1.0101,6284.66,80.37,692.57,5.29,61.22,22.077,27.122,2.07,24.6,17.163,6284.12,81.33,695.0,5.251,61.32,22.07,27.15,2.087,24.619,17.134,INJECTOR_DEGRADATION,1.0,1.0,0.4,1.0,1.0,0.0,0.0,0.0,0.0
107.1,CLIMB,81.08,57.7,4836.25,20.33,85.078,1.0099,6284.19,80.37,692.55,5.29,61.21,22.075,27.122,2.07,24.6,17.161,6282.15,80.46,692.78,5.274,60.86,22.103,27.056,2.091,24.596,17.163,INJECTOR_DEGRADATION,1.0,1.0,0.4,1.0,1.0,0.0,0.0,0.0,0.0
107.2,CLIMB,81.07,57.69,4843.33,20.31,85.056,1.0097,6283.72,80.37,692.53,5.29,61.2,22.074,27.121,2.07,24.6,17.16,6289.94,80.57,692.58,5.288,60.99,21.992,27.197,2.047,24.582,17.007,INJECTOR_DEGRADATION,1.0,1.0,0.4,1.0,1.0,0.0,0.0,0.0,0.0
107.3,CLIMB,81.06,57.69,4850.42,20.3,85.034,1.0095,6283.25,80.37,692.51,5.289,61.19,22.072,27.121,2.07,24.6,17.159,6283.32,80.01,693.21,5.321,61.14,21.935,27.187,2.064,24.562,17.181,INJECTOR_DEGRADATION,1.0,1.0,0.4,1.0,1.0,0.0,0.0,0.0,0.0
107.4,CLIMB,81.05,57.68,4857.5,20.29,85.012,1.0093,6282.78,80.37,692.49,5.289,61.18,22.071,27.121,2.07,24.6,17.158,6287.75,80.6,692.79,5.254,60.89,22.109,27.108,2.089,24.635,17.146,INJECTOR_DEGRADATION,1.0,1.0,0.4,1.0,1.0,0.0,0.0,0.0,0.0
107.5,CLIMB,81.04,57.68,4864.58,20.27,84.991,1.0091,6282.31,80.37,692.47,5.289,61.17,22.069,27.121,2.07,24.6,17.156,6285.96,80.2,691.85,5.337,60.97,22.129,27.133,2.046,24.619,17.13,INJECTOR_DEGRADATION,1.0,1.0,0.4,1.0,1.0,0.0,0.0,0.0,0.0
107.6,CLIMB,81.03,57.67,4871.67,20.26,84.969,1.0089,6281.85,80.37,692.45,5.289,61.16,22.068,27.121,2.07,24.6,17.155,6288.86,80.24,691.72,5.297,60.58,22.007,27.133,2.035,24.641,17.281,INJECTOR_DEGRADATION,1.0,1.0,0.4,1.0,1.0,0.0,0.0,0.0,0.0
107.7,CLIMB,81.03,57.67,4878.75,20.24,84.947,1.0087,6281.38,80.37,692.43,5.289,61.15,22.066,27.121,2.069,24.6,17.154,6278.27,80.34,691.45,5.313,61.24,22.205,27.127,2.026,24.598,17.267,INJECTOR_DEGRADATION,1.0,1.0,0.4,1.0,1.0,0.0,0.0,0.0,0.0
107.8,CLIMB,81.02,57.66,4885.83,20.23,84.925,1.0084,6280.91,80.37,692.41,5.289,61.14,22.065,27.12,2.069,24.6,17.153,6280.77,80.53,691.14,5.319,61.75,21.998,27.105,2.115,24.684,17.194,INJECTOR_DEGRADATION,1.0,1.0,0.4,1.0,1.0,0.0,0.0,0.0,0.0
107.9,CLIMB,81.01,57.66,4892.92,20.21,84.904,1.0082,6280.44,80.37,692.39,5.288,61.13,22.063,27.12,2.069,24.6,17.151,6275.42,80.21,695.01,5.329,61.24,21.991,27.095,2.014,24.642,17.291,INJECTOR_DEGRADATION,1.0,1.0,0.4,1.0,1.0,0.0,0.0,0.0,0.0
108.0,CLIMB,81.0,57.65,4900.0,20.2,84.882,1.008,6279.97,80.37,692.37,5.288,61.12,22.062,27.12,2.069,24.6,17.15,6277.03,80.55,692.54,5.357,61.16,22.109,27.096,2.048,24.579,17.179,INJECTOR_DEGRADATION,1.0,1.0,0.4,1.0,1.0,0.0,0.0,0.0,0.0
108.1,CLIMB,80.99,57.64,4907.08,20.19,84.86,1.0078,6279.5,80.37,692.35,5.288,61.1,22.06,27.12,2.069,24.6,17.149,6279.24,80.55,692.26,5.264,60.72,22.004,27.135,2.06,24.638,17.079,INJECTOR_DEGRADATION,1.0,1.0,0.4,1.0,1.0,0.0,0.0,0.0,0.0
108.2,CLIMB,80.98,57.64,4914.17,20.17,84.838,1.0076,6279.03,80.37,692.33,5.288,61.09,22.059,27.12,2.069,24.6,17.148,6275.86,79.98,692.14,5.248,61.34,22.028,27.168,2.093,24.594,17.094,INJECTOR_DEGRADATION,1.0,1.0,0.4,1.0,1.0,0.0,0.0,0.0,0.0
108.3,CLIMB,80.98,57.63,4921.25,20.16,84.817,1.0074,6278.56,80.37,692.31,5.288,61.08,22.057,27.12,2.069,24.6,17.146,6279.36,81.45,692.19,5.282,60.52,22.094,27.108,2.078,24.566,17.018,INJECTOR_DEGRADATION,1.0,1.0,0.4,1.0,1.0,0.0,0.0,0.0,0.0
108.4,CLIMB,80.97,57.63,4928.33,20.14,84.795,1.0072,6278.09,80.37,692.29,5.288,61.07,22.056,27.119,2.069,24.6,17.145,6275.53,80.11,692.08,5.316,60.95,22.024,27.124,2.075,24.563,17.154,INJECTOR_DEGRADATION,1.0,1.0,0.4,1.0,1.0,0.0,0.0,0.0,0.0
108.5,CLIMB,80.96,57.62,4935.42,20.13,84.773,1.007,6277.62,80.37,692.27,5.287,61.06,22.054,27.119,2.069,24.6,17.144,6274.92,80.59,691.93,5.28,61.43,22.129,27.126,2.1,24.628,17.045,INJECTOR_DEGRADATION,1.0,1.0,0.4,1.0,1.0,0.0,0.0,0.0,0.0
108.6,CLIMB,80.95,57.62,4942.5,20.12,84.752,1.0068,6277.16,80.37,692.25,5.287,61.05,22.053,27.119,2.069,24.6,17.143,6275.57,80.34,692.05,5.308,60.6,22.022,27.034,2.072,24.554,17.092,INJECTOR_DEGRADATION,1.0,1.0,0.4,1.0,1.0,0.0,0.0,0.0,0.0
108.7,CLIMB,80.94,57.61,4949.58,20.1,84.73,1.0066,6276.69,80.37,692.23,5.287,61.04,22.051,27.119,2.069,24.6,17.141,6280.25,80.57,691.55,5.283,61.01,22.208,27.125,2.119,24.538,16.926,INJECTOR_DEGRADATION,1.0,1.0,0.4,1.0,1.0,0.0,0.0,0.0,0.0
108.8,CLIMB,80.93,57.61,4956.67,20.09,84.708,1.0064,6276.22,80.37,692.21,5.287,61.03,22.05,27.119,2.068,24.6,17.14,6276.51,79.69,691.8,5.289,60.91,21.888,27.126,2.073,24.642,17.064,INJECTOR_DEGRADATION,1.0,1.0,0.4,1.0,1.0,0.0,0.0,0.0,0.0
108.9,CLIMB,80.93,57.6,4963.75,20.07,84.687,1.0061,6275.75,80.37,692.19,5.287,61.02,22.048,27.119,2.068,24.6,17.139,6276.59,80.59,692.93,5.305,60.46,22.008,27.113,2.09,24.557,17.192,INJECTOR_DEGRADATION,1.0,1.0,0.4,1.0,1.0,0.0,0.0,0.0,0.0
109.0,CLIMB,80.92,57.6,4970.83,20.06,84.665,1.0059,6275.28,80.37,692.17,5.287,61.01,22.047,27.118,2.068,24.6,17.138,6273.58,80.81,690.73,5.288,61.19,22.07,27.14,2.106,24.667,17.099,INJECTOR_DEGRADATION,1.0,1.0,0.4,1.0,1.0,0.0,0.0,0.0,0.0
109.1,CLIMB,80.91,57.59,4977.92,20.04,84.643,1.0057,6274.81,80.37,692.15,5.286,61.0,22.045,27.118,2.068,24.6,17.136,6266.11,79.8,693.14,5.358,61.01,22.069,27.108,2.007,24.554,17.133,INJECTOR_DEGRADATION,1.0,1.0,0.4,1.0,1.0,0.0,0.0,0.0,0.0
109.2,CLIMB,80.9,57.59,4985.0,20.03,84.622,1.0055,6274.34,80.37,692.13,5.286,60.99,22.044,27.118,2.068,24.6,17.135,6278.54,80.33,692.3,5.3,60.6,22.002,27.178,2.079,24.562,17.126,INJECTOR_DEGRADATION,1.0,1.0,0.4,1.0,1.0,0.0,0.0,0.0,0.0
109.3,CLIMB,80.89,57.58,4992.08,20.02,84.6,1.0053,6273.88,80.37,692.11,5.286,60.98,22.042,27.118,2.068,24.6,17.134,6280.12,79.38,692.1,5.324,61.02,21.952,27.059,2.101,24.573,17.064,INJECTOR_DEGRADATION,1.0,1.0,0.4,1.0,1.0,0.0,0.0,0.0,0.0
109.4,CLIMB,80.88,57.57,4999.17,20.0,84.578,1.0051,6273.41,80.37,692.09,5.286,60.96,22.041,27.118,2.068,24.6,17.133,6275.28,80.22,691.21,5.266,61.25,22.072,27.054,2.102,24.605,17.248,INJECTOR_DEGRADATION,1.0,1.0,0.4,1.0,1.0,0.0,0.0,0.0,0.0
109.5,CLIMB,80.88,57.57,5006.25,19.99,84.557,1.0049,6272.94,80.37,692.07,5.286,60.95,22.039,27.118,2.068,24.6,17.131,6272.09,80.86,692.06,5.354,60.61,22.067,27.132,2.105,24.587,17.048,INJECTOR_DEGRADATION,1.0,1.0,0.4,1.0,1.0,0.0,0.0,0.0,0.0
109.6,CLIMB,80.87,57.56,5013.33,19.97,84.535,1.0047,6272.47,80.37,692.05,5.286,60.94,22.038,27.117,2.068,24.6,17.13,6271.15,80.71,692.29,5.225,61.14,22.082,27.082,2.198,24.58,16.882,INJECTOR_DEGRADATION,1.0,1.0,0.4,1.0,1.0,0.0,0.0,0.0,0.0
109.7,CLIMB,80.86,57.56,5020.42,19.96,84.513,1.0045,6272.0,80.37,692.03,5.285,60.93,22.036,27.117,2.068,24.6,17.129,6271.26,80.4,693.82,5.273,60.97,22.068,27.178,1.977,24.578,17.111,INJECTOR_DEGRADATION,1.0,1.0,0.4,1.0,1.0,0.0,0.0,0.0,0.0
109.8,CLIMB,80.85,57.55,5027.5,19.95,84.492,1.0043,6271.53,80.37,692.01,5.285,60.92,22.035,27.117,2.068,24.6,17.128,6270.42,79.75,693.36,5.244,60.72,22.032,27.115,1.987,24.618,17.074,INJECTOR_DEGRADATION,1.0,1.0,0.4,1.0,1.0,0.0,0.0,0.0,0.0
109.9,CLIMB,80.84,57.55,5034.58,19.93,84.47,1.0041,6271.06,80.37,691.99,5.285,60.91,22.033,27.117,2.067,24.6,17.126,6268.43,79.48,692.98,5.294,60.69,22.291,27.088,2.054,24.548,17.187,INJECTOR_DEGRADATION,1.0,1.0,0.4,1.0,1.0,0.0,0.0,0.0,0.0
110.0,CLIMB,80.83,57.54,5041.67,19.92,84.448,1.0038,6270.6,80.37,691.97,5.285,60.9,22.032,27.117,2.067,24.6,17.125,6273.46,80.54,689.7,5.275,60.91,22.151,27.141,2.06,24.596,17.151,INJECTOR_DEGRADATION,1.0,1.0,0.4,1.0,1.0,0.0,0.0,0.0,0.0
110.1,CLIMB,80.83,57.54,5048.75,19.9,84.427,1.0036,6270.13,80.37,691.95,5.285,60.89,22.03,27.117,2.067,24.6,17.124,6272.29,80.49,693.52,5.317,60.77,22.012,27.117,2.097,24.563,17.003,INJECTOR_DEGRADATION,1.0,1.0,0.4,1.0,1.0,0.0,0.0,0.0,0.0
110.2,CLIMB,80.82,57.53,5055.83,19.89,84.405,1.0034,6269.66,80.37,691.93,5.285,60.88,22.029,27.116,2.067,24.6,17.123,6267.86,80.49,691.24,5.305,60.98,22.099,27.065,2.037,24.652,17.231,INJECTOR_DEGRADATION,1.0,1.0,0.4,1.0,1.0,0.0,0.0,0.0,0.0
110.3,CLIMB,80.81,57.53,5062.92,19.87,84.384,1.0032,6269.19,80.37,691.91,5.285,60.87,22.027,27.116,2.067,24.6,17.121,6265.38,80.24,693.03,5.297,60.9,22.136,27.139,2.101,24.544,17.055,INJECTOR_DEGRADATION,1.0,1.0,0.4,1.0,1.0,0.0,0.0,0.0,0.0
110.4,CLIMB,80.8,57.52,5070.0,19.86,84.362,1.003,6268.72,80.37,691.89,5.284,60.86,22.026,27.116,2.067,24.6,17.12,6275.52,80.35,692.0,5.294,61.41,21.965,27.161,2.068,24.631,16.968,INJECTOR_DEGRADATION,1.0,1.0,0.4,1.0,1.0,0.0,0.0,0.0,0.0
110.5,CLIMB,80.79,57.51,5077.08,19.85,84.34,1.0028,6268.25,80.37,691.87,5.284,60.85,22.024,27.116,2.067,24.6,17.119,6270.41,80.43,692.14,5.277,60.83,22.047,27.097,2.051,24.536,17.088,INJECTOR_DEGRADATION,1.0,1.0,0.4,1.0,1.0,0.0,0.0,0.0,0.0
110.6,CLIMB,80.78,57.51,5084.17,19.83,84.319,1.0026,6267.79,80.37,691.85,5.284,60.83,22.023,27.116,2.067,24.6,17.118,6268.85,81.02,691.18,5.276,61.46,21.902,27.197,2.083,24.439,17.01,INJECTOR_DEGRADATION,1.0,1.0,0.4,1.0,1.0,0.0,0.0,0.0,0.0
110.7,CLIMB,80.78,57.5,5091.25,19.82,84.297,1.0024,6267.32,80.37,691.83,5.284,60.82,22.021,27.116,2.067,24.6,17.116,6268.54,79.43,691.26,5.319,60.65,22.244,27.101,2.116,24.548,17.226,INJECTOR_DEGRADATION,1.0,1.0,0.4,1.0,1.0,0.0,0.0,0.0,0.0
110.8,CLIMB,80.77,57.5,5098.33,19.8,84.276,1.0022,6266.85,80.37,691.81,5.284,60.81,22.02,27.115,2.067,24.6,17.115,6256.42,79.63,690.98,5.288,60.63,21.951,27.126,2.162,24.54,17.051,INJECTOR_DEGRADATION,1.0,1.0,0.4,1.0,1.0,0.0,0.0,0.0,0.0
110.9,CLIMB,80.76,57.49,5105.42,19.79,84.254,1.002,6266.38,80.37,691.79,5.284,60.8,22.018,27.115,2.067,24.6,17.114,6265.78,80.88,692.16,5.261,60.9,21.94,27.155,2.027,24.501,17.023,INJECTOR_DEGRADATION,1.0,1.0,0.4,1.0,1.0,0.0,0.0,0.0,0.0
111.0,CLIMB,80.75,57.49,5112.5,19.78,84.233,1.0018,6265.91,80.37,691.77,5.283,60.79,22.017,27.115,2.066,24.6,17.113,6266.27,79.84,691.21,5.269,60.82,22.067,27.135,2.011,24.562,16.914,INJECTOR_DEGRADATION,1.0,1.0,0.4,1.0,1.0,0.0,0.0,0.0,0.0
111.1,CLIMB,80.74,57.48,5119.58,19.76,84.211,1.0016,6265.45,80.37,691.75,5.283,60.78,22.015,27.115,2.066,24.6,17.111,6270.35,80.59,692.49,5.28,60.92,21.968,27.068,2.08,24.624,17.083,INJECTOR_DEGRADATION,1.0,1.0,0.4,1.0,1.0,0.0,0.0,0.0,0.0
111.2,CLIMB,80.73,57.48,5126.67,19.75,84.189,1.0013,6264.98,80.37,691.73,5.283,60.77,22.014,27.115,2.066,24.6,17.11,6249.27,80.52,691.66,5.227,60.98,22.102,27.09,2.178,24.624,16.895,INJECTOR_DEGRADATION,1.0,1.0,0.4,1.0,1.0,0.0,0.0,0.0,0.0
111.3,CLIMB,80.73,57.47,5133.75,19.73,84.168,1.0011,6264.51,80.37,691.71,5.283,60.76,22.012,27.115,2.066,24.6,17.109,6260.9,81.47,693.4,5.248,60.56,22.148,27.02,2.08,24.508,17.072,INJECTOR_DEGRADATION,1.0,1.0,0.4,1.0,1.0,0.0,0.0,0.0,0.0
111.4,CLIMB,80.72,57.47,5140.83,19.72,84.146,1.0009,6264.04,80.37,691.69,5.283,60.75,22.011,27.114,2.066,24.6,17.108,6269.37,81.05,695.8,5.242,60.76,22.055,27.217,2.067,24.563,17.202,INJECTOR_DEGRADATION,1.0,1.0,0.4,1.0,1.0,0.0,0.0,0.0,0.0
111.5,CLIMB,80.71,57.46,5147.92,19.7,84.125,1.0007,6263.57,80.37,691.67,5.283,60.74,22.009,27.114,2.066,24.6,17.106,6265.08,79.87,696.43,5.363,60.53,21.991,27.138,2.015,24.653,17.118,INJECTOR_DEGRADATION,1.0,1.0,0.4,1.0,1.0,0.0,0.0,0.0,0.0
111.6,CLIMB,80.7,57.46,5155.0,19.69,84.103,1.0005,6263.11,80.37,691.65,5.282,60.73,22.008,27.114,2.066,24.6,17.105,6261.4,80.26,693.17,5.299,60.64,22.087,27.012,2.05,24.571,17.153,INJECTOR_DEGRADATION,1.0,1.0,0.4,1.0,1.0,0.0,0.0,0.0,0.0
111.7,CLIMB,80.69,57.45,5162.08,19.68,84.082,1.0003,6262.64,80.37,691.63,5.282,60.72,22.006,27.114,2.066,24.6,17.104,6272.05,80.81,690.67,5.311,60.66,22.14,27.103,2.105,24.575,17.154,INJECTOR_DEGRADATION,1.0,1.0,0.4,1.0,1.0,0.0,0.0,0.0,0.0
111.8,CLIMB,80.68,57.44,5169.17,19.66,84.06,1.0001,6262.17,80.37,691.61,5.282,60.7,22.005,27.114,2.066,24.6,17.103,6254.43,80.17,690.99,5.281,61.04,22.154,27.144,2.028,24.606,17.129,INJECTOR_DEGRADATION,1.0,1.0,0.4,1.0,1.0,0.0,0.0,0.0,0.0
111.9,CLIMB,80.68,57.44,5176.25,19.65,84.039,0.9999,6261.7,80.37,691.59,5.282,60.69,22.003,27.114,2.066,24.6,17.101,6264.74,79.99,692.34,5.278,61.03,21.895,27.151,2.054,24.57,16.974,INJECTOR_DEGRADATION,1.0,1.0,0.4,1.0,1.0,0.0,0.0,0.0,0.0
112.0,CLIMB,80.67,57.43,5183.33,19.63,84.017,0.9997,6261.23,80.37,691.57,5.282,60.68,22.002,27.113,2.066,24.6,17.1,6262.94,79.65,692.07,5.293,60.65,21.971,27.151,2.09,24.632,17.198,INJECTOR_DEGRADATION,1.0,1.0,0.4,1.0,1.0,0.0,0.0,0.0,0.0
112.1,CLIMB,80.66,57.43,5190.42,19.62,83.996,0.9995,6260.77,80.37,691.55,5.282,60.67,22.0,27.113,2.065,24.6,17.099,6265.79,79.72,691.79,5.313,60.83,21.948,27.063,1.987,24.62,17.026,INJECTOR_DEGRADATION,1.0,1.0,0.4,1.0,1.0,0.0,0.0,0.0,0.0
112.2,CLIMB,80.65,57.42,5197.5,19.61,83.974,0.9993,6260.3,80.37,691.53,5.281,60.66,21.999,27.113,2.065,24.6,17.098,6261.24,79.91,692.33,5.272,60.96,21.877,27.03,2.13,24.594,17.029,INJECTOR_DEGRADATION,1.0,1.0,0.4,1.0,1.0,0.0,0.0,0.0,0.0
112.3,CLIMB,80.64,57.42,5204.58,19.59,83.953,0.9991,6259.83,80.37,691.51,5.281,60.65,21.997,27.113,2.065,24.6,17.096,6266.76,80.27,691.99,5.309,60.73,22.06,27.173,2.048,24.554,17.271,INJECTOR_DEGRADATION,1.0,1.0,0.4,1.0,1.0,0.0,0.0,0.0,0.0
112.4,CLIMB,80.63,57.41,5211.67,19.58,83.931,0.9989,6259.36,80.37,691.49,5.281,60.64,21.996,27.113,2.065,24.6,17.095,6253.39,80.32,692.22,5.31,60.78,22.017,27.091,2.132,24.637,17.217,INJECTOR_DEGRADATION,1.0,1.0,0.4,1.0,1.0,0.0,0.0,0.0,0.0
112.5,CLIMB,80.63,57.41,5218.75,19.56,83.91,0.9987,6258.9,80.37,691.47,5.281,60.63,21.994,27.113,2.065,24.6,17.094,6268.82,80.15,691.02,5.304,60.4,21.878,27.084,2.13,24.532,17.165,INJECTOR_DEGRADATION,1.0,1.0,0.4,1.0,1.0,0.0,0.0,0.0,0.0
112.6,CLIMB,80.62,57.4,5225.83,19.55,83.888,0.9984,6258.43,80.37,691.45,5.281,60.62,21.993,27.112,2.065,24.6,17.093,6251.54,79.83,690.83,5.315,60.33,21.925,27.019,2.029,24.566,17.017,INJECTOR_DEGRADATION,1.0,1.0,0.4,1.0,1.0,0.0,0.0,0.0,0.0
112.7,CLIMB,80.61,57.4,5232.92,19.53,83.867,0.9982,6257.96,80.37,691.43,5.281,60.61,21.991,27.112,2.065,24.6,17.091,6248.38,80.04,688.13,5.28,60.7,21.806,27.052,2.088,24.469,17.152,INJECTOR_DEGRADATION,1.0,1.0,0.4,1.0,1.0,0.0,0.0,0.0,0.0
112.8,CLIMB,80.6,57.39,5240.0,19.52,83.845,0.998,6257.49,80.37,691.41,5.281,60.59,21.99,27.112,2.065,24.6,17.09,6257.44,80.39,691.99,5.279,60.01,21.989,27.082,2.119,24.562,17.134,INJECTOR_DEGRADATION,1.0,1.0,0.4,1.0,1.0,0.0,0.0,0.0,0.0
112.9,CLIMB,80.59,57.38,5247.08,19.51,83.824,0.9978,6257.02,80.37,691.39,5.28,60.58,21.988,27.112,2.065,24.6,17.089,6254.1,80.25,691.59,5.234,60.29,21.982,27.087,2.039,24.464,16.851,INJECTOR_DEGRADATION,1.0,1.0,0.4,1.0,1.0,0.0,0.0,0.0,0.0
113.0,CLIMB,80.58,57.38,5254.17,19.49,83.802,0.9976,6256.56,80.37,691.37,5.28,60.57,21.987,27.112,2.065,24.6,17.088,6253.59,81.1,690.56,5.282,60.65,21.91,27.102,2.106,24.552,17.115,INJECTOR_DEGRADATION,1.0,1.0,0.4,1.0,1.0,0.0,0.0,0.0,0.0
113.1,CLIMB,80.58,57.37,5261.25,19.48,83.781,0.9974,6256.09,80.37,691.35,5.28,60.56,21.985,27.112,2.065,24.6,17.086,6258.88,80.51,689.78,5.255,60.17,21.973,27.128,2.136,24.641,16.954,INJECTOR_DEGRADATION,1.0,1.0,0.4,1.0,1.0,0.0,0.0,0.0,0.0
113.2,CLIMB,80.57,57.37,5268.33,19.46,83.76,0.9972,6255.62,80.37,691.33,5.28,60.55,21.984,27.111,2.065,24.6,17.085,6255.01,79.86,689.17,5.289,60.65,21.914,27.139,2.082,24.675,17.193,INJECTOR_DEGRADATION,1.0,1.0,0.4,1.0,1.0,0.0,0.0,0.0,0.0
113.3,CLIMB,80.56,57.36,5275.42,19.45,83.738,0.997,6255.15,80.37,691.31,5.28,60.54,21.982,27.111,2.064,24.6,17.084,6255.92,80.1,692.16,5.236,60.5,22.013,27.089,2.091,24.618,17.124,INJECTOR_DEGRADATION,1.0,1.0,0.4,1.0,1.0,0.0,0.0,0.0,0.0
113.4,CLIMB,80.55,57.36,5282.5,19.44,83.717,0.9968,6254.69,80.37,691.29,5.28,60.53,21.981,27.111,2.064,24.6,17.083,6263.06,79.49,689.78,5.35,60.74,21.982,27.114,2.089,24.577,17.277,INJECTOR_DEGRADATION,1.0,1.0,0.4,1.0,1.0,0.0,0.0,0.0,0.0
113.5,CLIMB,80.54,57.35,5289.58,19.42,83.695,0.9966,6254.22,80.37,691.27,5.279,60.52,21.979,27.111,2.064,24.6,17.081,6251.35,81.1,692.05,5.329,59.99,22.007,27.205,2.032,24.643,17.201,INJECTOR_DEGRADATION,1.0,1.0,0.4,1.0,1.0,0.0,0.0,0.0,0.0
113.6,CLIMB,80.53,57.35,5296.67,19.41,83.674,0.9964,6253.75,80.37,691.25,5.279,60.51,21.978,27.111,2.064,24.6,17.08,6260.36,80.64,690.56,5.283,60.47,22.039,27.095,2.092,24.677,17.232,INJECTOR_DEGRADATION,1.0,1.0,0.4,1.0,1.0,0.0,0.0,0.0,0.0
113.7,CLIMB,80.53,57.34,5303.75,19.39,83.652,0.9962,6253.28,80.37,691.23,5.279,60.5,21.976,27.111,2.064,24.6,17.079,6251.68,80.52,690.92,5.28,60.38,22.034,27.13,2.037,24.559,17.188,INJECTOR_DEGRADATION,1.0,1.0,0.4,1.0,1.0,0.0,0.0,0.0,0.0
113.8,CLIMB,80.52,57.34,5310.83,19.38,83.631,0.996,6252.82,80.37,691.21,5.279,60.48,21.975,27.11,2.064,24.6,17.078,6258.19,80.78,691.66,5.306,60.64,21.891,27.154,2.094,24.686,16.982,INJECTOR_DEGRADATION,1.0,1.0,0.4,1.0,1.0,0.0,0.0,0.0,0.0
113.9,CLIMB,80.51,57.33,5317.92,19.36,83.61,0.9958,6252.35,80.37,691.19,5.279,60.47,21.973,27.11,2.064,24.6,17.076,6248.02,80.89,691.0,5.301,60.19,21.892,27.174,2.031,24.56,17.13,INJECTOR_DEGRADATION,1.0,1.0,0.4,1.0,1.0,0.0,0.0,0.0,0.0
114.0,CLIMB,80.5,57.33,5325.0,19.35,83.588,0.9955,6251.88,80.37,691.17,5.279,60.46,21.972,27.11,2.064,24.6,17.075,6253.88,80.1,690.69,5.296,60.8,21.976,27.052,1.914,24.65,16.978,INJECTOR_DEGRADATION,1.0,1.0,0.4,1.0,1.0,0.0,0.0,0.0,0.0
114.1,CLIMB,80.49,57.32,5332.08,19.34,83.567,0.9953,6251.42,80.37,691.15,5.278,60.45,21.97,27.11,2.064,24.6,17.074,6248.97,80.41,688.01,5.273,61.06,22.177,27.169,2.082,24.632,16.95,INJECTOR_DEGRADATION,1.0,1.0,0.4,1.0,1.0,0.0,0.0,0.0,0.0
114.2,CLIMB,80.48,57.31,5339.17,19.32,83.545,0.9951,6250.95,80.37,691.13,5.278,60.44,21.969,27.11,2.064,24.6,17.073,6247.79,79.88,692.27,5.273,60.6,21.964,27.207,2.165,24.632,16.794,INJECTOR_DEGRADATION,1.0,1.0,0.4,1.0,1.0,0.0,0.0,0.0,0.0
114.3,CLIMB,80.48,57.31,5346.25,19.31,83.524,0.9949,6250.48,80.37,691.11,5.278,60.43,21.967,27.11,2.064,24.6,17.071,6249.86,80.45,693.07,5.342,59.89,21.933,27.118,1.957,24.629,17.002,INJECTOR_DEGRADATION,1.0,1.0,0.4,1.0,1.0,0.0,0.0,0.0,0.0
114.4,CLIMB,80.47,57.3,5353.33,19.29,83.503,0.9947,6250.01,80.37,691.09,5.278,60.42,21.966,27.109,2.063,24.6,17.07,6254.85,79.67,690.98,5.273,59.85,21.852,27.096,2.111,24.556,17.116,INJECTOR_DEGRADATION,1.0,1.0,0.4,1.0,1.0,0.0,0.0,0.0,0.0
114.5,CLIMB,80.46,57.3,5360.42,19.28,83.481,0.9945,6249.55,80.37,691.07,5.278,60.41,21.964,27.109,2.063,24.6,17.069,6246.08,79.74,693.78,5.245,60.18,22.033,27.135,2.061,24.597,16.984,INJECTOR_DEGRADATION,1.0,1.0,0.4,1.0,1.0,0.0,0.0,0.0,0.0
114.6,CLIMB,80.45,57.29,5367.5,19.27,83.46,0.9943,6249.08,80.37,691.05,5.278,60.4,21.963,27.109,2.063,24.6,17.068,6255.33,80.41,687.99,5.264,60.38,21.994,27.141,2.081,24.661,17.008,INJECTOR_DEGRADATION,1.0,1.0,0.4,1.0,1.0,0.0,0.0,0.0,0.0
114.7,CLIMB,80.44,57.29,5374.58,19.25,83.439,0.9941,6248.61,80.37,691.03,5.278,60.39,21.961,27.109,2.063,24.6,17.066,6249.42,80.11,692.18,5.244,60.54,21.875,27.08,2.113,24.607,17.096,INJECTOR_DEGRADATION,1.0,1.0,0.4,1.0,1.0,0.0,0.0,0.0,0.0
114.8,CLIMB,80.43,57.28,5381.67,19.24,83.417,0.9939,6248.15,80.36,691.01,5.277,60.37,21.96,27.109,2.063,24.6,17.065,6249.66,80.53,692.97,5.285,60.05,22.044,27.143,2.206,24.614,17.115,INJECTOR_DEGRADATION,1.0,1.0,0.4,1.0,1.0,0.0,0.0,0.0,0.0
114.9,CLIMB,80.43,57.28,5388.75,19.22,83.396,0.9937,6247.68,80.36,690.99,5.277,60.36,21.958,27.109,2.063,24.6,17.064,6244.09,80.24,690.18,5.269,60.13,21.987,27.076,2.065,24.616,16.915,INJECTOR_DEGRADATION,1.0,1.0,0.4,1.0,1.0,0.0,0.0,0.0,0.0
115.0,CLIMB,80.42,57.27,5395.83,19.21,83.374,0.9935,6247.21,80.36,690.97,5.277,60.35,21.957,27.108,2.063,24.6,17.063,6244.6,80.45,691.38,5.299,59.66,21.896,27.191,2.046,24.63,17.164,INJECTOR_DEGRADATION,1.0,1.0,0.4,1.0,1.0,0.0,0.0,0.0,0.0
115.1,CLIMB,80.41,57.27,5402.92,19.19,83.353,0.9933,6246.74,80.36,690.95,5.277,60.34,21.955,27.108,2.063,24.6,17.061,6237.79,80.16,691.49,5.323,60.91,21.795,27.081,2.077,24.628,17.147,INJECTOR_DEGRADATION,1.0,1.0,0.4,1.0,1.0,0.0,0.0,0.0,0.0
115.2,CLIMB,80.4,57.26,5410.0,19.18,83.332,0.9931,6246.28,80.36,690.93,5.277,60.33,21.954,27.108,2.063,24.6,17.06,6241.53,80.51,691.09,5.294,60.35,22.005,27.205,2.15,24.617,16.934,INJECTOR_DEGRADATION,1.0,1.0,0.4,1.0,1.0,0.0,0.0,0.0,0.0
115.3,CLIMB,80.39,57.25,5417.08,19.17,83.31,0.9929,6245.81,80.36,690.91,5.277,60.32,21.952,27.108,2.063,24.6,17.059,6232.6,80.05,691.86,5.299,60.46,22.07,27.097,1.996,24.514,17.227,INJECTOR_DEGRADATION,1.0,1.0,0.4,1.0,1.0,0.0,0.0,0.0,0.0
115.4,CLIMB,80.38,57.25,5424.17,19.15,83.289,0.9927,6245.34,80.36,690.89,5.276,60.31,21.951,27.108,2.063,24.6,17.058,6243.67,80.67,689.75,5.213,60.24,21.865,27.085,2.032,24.547,16.999,INJECTOR_DEGRADATION,1.0,1.0,0.4,1.0,1.0,0.0,0.0,0.0,0.0
115.5,CLIMB,80.38,57.24,5431.25,19.14,83.268,0.9925,6244.88,80.36,690.87,5.276,60.3,21.949,27.108,2.062,24.6,17.056,6249.28,80.3,691.12,5.243,59.83,21.907,27.106,2.043,24.552,17.059,INJECTOR_DEGRADATION,1.0,1.0,0.4,1.0,1.0,0.0,0.0,0.0,0.0
115.6,CLIMB,80.37,57.24,5438.33,19.12,83.247,0.9922,6244.41,80.36,690.85,5.276,60.29,21.948,27.107,2.062,24.6,17.055,6242.63,80.83,689.95,5.286,60.05,22.014,27.105,2.118,24.612,16.924,INJECTOR_DEGRADATION,1.0,1.0,0.4,1.0,1.0,0.0,0.0,0.0,0.0
115.7,CLIMB,80.36,57.23,5445.42,19.11,83.225,0.992,6243.94,80.36,690.83,5.276,60.27,21.946,27.107,2.062,24.6,17.054,6242.64,80.43,689.83,5.281,60.35,22.036,27.155,2.067,24.526,16.986,INJECTOR_DEGRADATION,1.0,1.0,0.4,1.0,1.0,0.0,0.0,0.0,0.0
115.8,CLIMB,80.35,57.23,5452.5,19.1,83.204,0.9918,6243.48,80.36,690.81,5.276,60.26,21.945,27.107,2.062,24.6,17.053,6251.39,80.74,691.67,5.27,59.97,21.782,27.024,2.058,24.713,17.137,INJECTOR_DEGRADATION,1.0,1.0,0.4,1.0,1.0,0.0,0.0,0.0,0.0
115.9,CLIMB,80.34,57.22,5459.58,19.08,83.183,0.9916,6243.01,80.36,690.79,5.276,60.25,21.943,27.107,2.062,24.6,17.051,6241.64,80.8,689.7,5.282,60.29,21.858,27.177,2.085,24.562,16.92,INJECTOR_DEGRADATION,1.0,1.0,0.4,1.0,1.0,0.0,0.0,0.0,0.0
116.0,CLIMB,80.33,57.22,5466.67,19.07,83.161,0.9914,6242.54,80.36,690.77,5.275,60.24,21.942,27.107,2.062,24.6,17.05,6239.58,80.3,692.15,5.262,60.56,22.015,27.065,2.075,24.608,17.058,INJECTOR_DEGRADATION,1.0,1.0,0.4,1.0,1.0,0.0,0.0,0.0,0.0
116.1,CLIMB,80.33,57.21,5473.75,19.05,83.14,0.9912,6242.08,80.36,690.75,5.275,60.23,21.94,27.107,2.062,24.6,17.049,6243.45,79.82,691.19,5.269,60.55,21.823,27.07,2.132,24.586,17.067,INJECTOR_DEGRADATION,1.0,1.0,0.4,1.0,1.0,0.0,0.0,0.0,0.0
116.2,CLIMB,80.32,57.21,5480.83,19.04,83.119,0.991,6241.61,80.36,690.73,5.275,60.22,21.939,27.106,2.062,24.6,17.048,6240.25,79.63,688.32,5.239,60.66,21.793,27.131,2.05,24.629,17.068,INJECTOR_DEGRADATION,1.0,1.0,0.4,1.0,1.0,0.0,0.0,0.0,0.0
116.3,CLIMB,80.31,57.2,5487.92,19.02,83.098,0.9908,6241.14,80.36,690.71,5.275,60.21,21.937,27.106,2.062,24.6,17.046,6248.46,80.0,691.24,5.225,60.4,21.935,27.136,1.995,24.631,16.951,INJECTOR_DEGRADATION,1.0,1.0,0.4,1.0,1.0,0.0,0.0,0.0,0.0
116.4,CLIMB,80.3,57.2,5495.0,19.01,83.076,0.9906,6240.68,80.36,690.69,5.275,60.2,21.936,27.106,2.062,24.6,17.045,6248.05,79.92,691.69,5.272,60.43,21.883,27.17,2.117,24.63,16.992,INJECTOR_DEGRADATION,1.0,1.0,0.4,1.0,1.0,0.0,0.0,0.0,0.0
116.5,CLIMB,80.29,57.19,5502.08,19.0,83.055,0.9904,6240.21,80.36,690.67,5.275,60.19,21.934,27.106,2.062,24.6,17.044,6238.17,80.11,689.96,5.225,60.23,21.993,27.065,2.046,24.55,16.985,INJECTOR_DEGRADATION,1.0,1.0,0.4,1.0,1.0,0.0,0.0,0.0,0.0
116.6,CLIMB,80.28,57.18,5509.17,18.98,83.034,0.9902,6239.74,80.36,690.65,5.275,60.17,21.933,27.106,2.061,24.6,17.043,6234.62,80.19,689.35,5.275,60.16,21.98,27.045,2.038,24.559,17.037,INJECTOR_DEGRADATION,1.0,1.0,0.4,1.0,1.0,0.0,0.0,0.0,0.0
116.7,CLIMB,80.28,57.18,5516.25,18.97,83.012,0.99,6239.28,80.36,690.63,5.274,60.16,21.931,27.106,2.061,24.6,17.041,6232.77,80.32,691.81,5.294,60.54,21.832,27.066,2.109,24.545,16.944,INJECTOR_DEGRADATION,1.0,1.0,0.4,1.0,1.0,0.0,0.0,0.0,0.0
116.8,CLIMB,80.27,57.17,5523.33,18.95,82.991,0.9898,6238.81,80.36,690.61,5.274,60.15,21.93,27.105,2.061,24.6,17.04,6241.32,79.89,687.18,5.284,60.21,21.818,27.096,2.061,24.639,16.923,INJECTOR_DEGRADATION,1.0,1.0,0.4,1.0,1.0,0.0,0.0,0.0,0.0
116.9,CLIMB,80.26,57.17,5530.42,18.94,82.97,0.9896,6238.34,80.36,690.59,5.274,60.14,21.928,27.105,2.061,24.6,17.039,6234.19,80.38,691.3,5.311,60.66,22.038,27.061,2.067,24.665,16.895,INJECTOR_DEGRADATION,1.0,1.0,0.4,1.0,1.0,0.0,0.0,0.0,0.0
117.0,CLIMB,80.25,57.16,5537.5,18.93,82.949,0.9894,6237.88,80.36,690.57,5.274,60.13,21.927,27.105,2.061,24.6,17.038,6234.26,80.18,692.78,5.313,59.96,21.953,27.086,2.044,24.623,17.044,INJECTOR_DEGRADATION,1.0,1.0,0.4,1.0,1.0,0.0,0.0,0.0,0.0
117.1,CLIMB,80.24,57.16,5544.58,18.91,82.928,0.9892,6237.41,80.36,690.55,5.274,60.12,21.925,27.105,2.061,24.6,17.036,6237.48,80.09,690.69,5.257,59.49,21.928,27.043,2.064,24.59,17.149,INJECTOR_DEGRADATION,1.0,1.0,0.4,1.0,1.0,0.0,0.0,0.0,0.0
117.2,CLIMB,80.23,57.15,5551.67,18.9,82.906,0.989,6236.94,80.36,690.53,5.274,60.11,21.924,27.105,2.061,24.6,17.035,6240.13,81.09,690.87,5.295,59.86,21.821,27.15,2.092,24.546,16.945,INJECTOR_DEGRADATION,1.0,1.0,0.4,1.0,1.0,0.0,0.0,0.0,0.0
117.3,CLIMB,80.23,57.15,5558.75,18.88,82.885,0.9888,6236.48,80.36,690.51,5.273,60.1,21.922,27.105,2.061,24.6,17.034,6241.28,80.03,687.21,5.259,59.81,22.039,27.002,2.114,24.611,16.988,INJECTOR_DEGRADATION,1.0,1.0,0.4,1.0,1.0,0.0,0.0,0.0,0.0
117.4,CLIMB,80.22,57.14,5565.83,18.87,82.864,0.9885,6236.01,80.36,690.49,5.273,60.08,21.921,27.104,2.061,24.6,17.033,6232.47,79.91,689.9,5.219,59.85,21.986,27.183,2.027,24.573,17.083,INJECTOR_DEGRADATION,1.0,1.0,0.4,1.0,1.0,0.0,0.0,0.0,0.0
117.5,CLIMB,80.21,57.14,5572.92,18.85,82.843,0.9883,6235.54,80.36,690.47,5.273,60.07,21.919,27.104,2.061,24.6,17.031,6237.63,80.18,690.83,5.245,60.8,21.829,27.2,1.969,24.648,17.004,INJECTOR_DEGRADATION,1.0,1.0,0.4,1.0,1.0,0.0,0.0,0.0,0.0
117.6,CLIMB,80.2,57.13,5580.0,18.84,82.821,0.9881,6235.08,80.36,690.45,5.273,60.06,21.918,27.104,2.061,24.6,17.03,6234.84,81.12,689.64,5.304,59.98,21.989,27.168,2.021,24.598,16.806,INJECTOR_DEGRADATION,1.0,1.0,0.4,1.0,1.0,0.0,0.0,0.0,0.0
117.7,CLIMB,80.19,57.12,5587.08,18.83,82.8,0.9879,6234.61,80.36,690.43,5.273,60.05,21.916,27.104,2.06,24.6,17.029,6232.12,79.93,689.9,5.284,59.83,21.959,27.056,2.195,24.654,17.324,INJECTOR_DEGRADATION,1.0,1.0,0.4,1.0,1.0,0.0,0.0,0.0,0.0
117.8,CLIMB,80.18,57.12,5594.17,18.81,82.779,0.9877,6234.15,80.36,690.41,5.273,60.04,21.915,27.104,2.06,24.6,17.028,6241.06,79.14,690.97,5.278,59.81,22.046,27.037,2.082,24.57,16.939,INJECTOR_DEGRADATION,1.0,1.0,0.4,1.0,1.0,0.0,0.0,0.0,0.0
117.9,CLIMB,80.18,57.11,5601.25,18.8,82.758,0.9875,6233.68,80.36,690.39,5.272,60.03,21.913,27.104,2.06,24.6,17.026,6235.06,80.09,690.49,5.272,60.38,21.79,27.049,2.096,24.714,17.102,INJECTOR_DEGRADATION,1.0,1.0,0.4,1.0,1.0,0.0,0.0,0.0,0.0
118.0,CLIMB,80.17,57.11,5608.33,18.78,82.737,0.9873,6233.21,80.36,690.37,5.272,60.02,21.912,27.103,2.06,24.6,17.025,6238.05,80.49,690.92,5.258,60.29,21.847,27.114,2.03,24.555,17.053,INJECTOR_DEGRADATION,1.0,1.0,0.4,1.0,1.0,0.0,0.0,0.0,0.0
118.1,CLIMB,80.16,57.1,5615.42,18.77,82.716,0.9871,6232.75,80.36,690.35,5.272,60.01,21.91,27.103,2.06,24.6,17.024,6231.68,80.04,691.23,5.276,59.56,21.963,27.166,2.108,24.588,17.014,INJECTOR_DEGRADATION,1.0,1.0,0.4,1.0,1.0,0.0,0.0,0.0,0.0
118.2,CLIMB,80.15,57.1,5622.5,18.76,82.694,0.9869,6232.28,80.36,690.33,5.272,59.99,21.909,27.103,2.06,24.6,17.023,6231.03,80.53,691.76,5.26,59.89,21.976,27.068,1.997,24.687,16.932,INJECTOR_DEGRADATION,1.0,1.0,0.4,1.0,1.0,0.0,0.0,0.0,0.0
118.3,CLIMB,80.14,57.09,5629.58,18.74,82.673,0.9867,6231.81,80.36,690.31,5.272,59.98,21.907,27.103,2.06,24.6,17.021,6235.06,80.73,690.47,5.29,59.56,21.902,27.179,2.119,24.566,17.166,INJECTOR_DEGRADATION,1.0,1.0,0.4,1.0,1.0,0.0,0.0,0.0,0.0
118.4,CLIMB,80.13,57.09,5636.67,18.73,82.652,0.9865,6231.35,80.36,690.29,5.272,59.97,21.906,27.103,2.06,24.6,17.02,6235.89,80.34,686.52,5.237,59.83,21.975,27.092,2.096,24.57,16.993,INJECTOR_DEGRADATION,1.0,1.0,0.4,1.0,1.0,0.0,0.0,0.0,0.0
118.5,CLIMB,80.13,57.08,5643.75,18.71,82.631,0.9863,6230.88,80.36,690.27,5.272,59.96,21.904,27.103,2.06,24.6,17.019,6226.86,80.54,689.88,5.223,59.79,21.765,27.061,2.128,24.604,16.999,INJECTOR_DEGRADATION,1.0,1.0,0.4,1.0,1.0,0.0,0.0,0.0,0.0
118.6,CLIMB,80.12,57.08,5650.83,18.7,82.61,0.9861,6230.42,80.36,690.25,5.271,59.95,21.903,27.102,2.06,24.6,17.018,6220.86,79.74,689.88,5.281,60.2,21.771,27.158,2.151,24.6,17.067,INJECTOR_DEGRADATION,1.0,1.0,0.4,1.0,1.0,0.0,0.0,0.0,0.0
118.7,CLIMB,80.11,57.07,5657.92,18.68,82.589,0.9859,6229.95,80.36,690.23,5.271,59.94,21.901,27.102,2.06,24.6,17.016,6233.8,80.71,689.23,5.302,60.15,21.727,27.046,2.136,24.596,17.072,INJECTOR_DEGRADATION,1.0,1.0,0.4,1.0,1.0,0.0,0.0,0.0,0.0
118.8,CLIMB,80.1,57.07,5665.0,18.67,82.567,0.9857,6229.48,80.36,690.22,5.271,59.93,21.9,27.102,2.059,24.6,17.015,6230.96,80.73,688.48,5.258,59.86,21.917,27.047,2.049,24.523,17.201,INJECTOR_DEGRADATION,1.0,1.0,0.4,1.0,1.0,0.0,0.0,0.0,0.0
118.9,CLIMB,80.09,57.06,5672.08,18.66,82.546,0.9855,6229.02,80.36,690.2,5.271,59.92,21.898,27.102,2.059,24.6,17.014,6232.35,80.25,690.82,5.28,60.03,21.924,27.116,2.152,24.64,16.99,INJECTOR_DEGRADATION,1.0,1.0,0.4,1.0,1.0,0.0,0.0,0.0,0.0
119.0,CLIMB,80.08,57.05,5679.17,18.64,82.525,0.9853,6228.55,80.36,690.18,5.271,59.9,21.897,27.102,2.059,24.6,17.013,6227.31,80.12,690.92,5.311,60.08,21.933,27.208,2.134,24.641,17.118,INJECTOR_DEGRADATION,1.0,1.0,0.4,1.0,1.0,0.0,0.0,0.0,0.0
119.1,CLIMB,80.08,57.05,5686.25,18.63,82.504,0.9851,6228.09,80.36,690.16,5.271,59.89,21.895,27.102,2.059,24.6,17.011,6225.41,79.16,689.43,5.29,59.96,21.902,27.084,2.024,24.569,16.977,INJECTOR_DEGRADATION,1.0,1.0,0.4,1.0,1.0,0.0,0.0,0.0,0.0
119.2,CLIMB,80.07,57.04,5693.33,18.61,82.483,0.9849,6227.62,80.36,690.14,5.27,59.88,21.894,27.101,2.059,24.6,17.01,6221.66,80.86,690.48,5.282,60.08,21.902,27.116,2.037,24.72,16.77,INJECTOR_DEGRADATION,1.0,1.0,0.4,1.0,1.0,0.0,0.0,0.0,0.0
119.3,CLIMB,80.06,57.04,5700.42,18.6,82.462,0.9847,6227.15,80.36,690.12,5.27,59.87,21.892,27.101,2.059,24.6,17.009,6222.01,81.19,691.99,5.27,59.97,22.045,27.114,2.051,24.507,17.012,INJECTOR_DEGRADATION,1.0,1.0,0.4,1.0,1.0,0.0,0.0,0.0,0.0
119.4,CLIMB,80.05,57.03,5707.5,18.59,82.441,0.9845,6226.69,80.36,690.1,5.27,59.86,21.89,27.101,2.059,24.6,17.008,6225.36,80.33,689.61,5.275,59.27,21.898,27.142,2.054,24.592,16.99,INJECTOR_DEGRADATION,1.0,1.0,0.4,1.0,1.0,0.0,0.0,0.0,0.0
119.5,CLIMB,80.04,57.03,5714.58,18.57,82.42,0.9843,6226.22,80.36,690.08,5.27,59.85,21.889,27.101,2.059,24.6,17.006,6228.33,80.59,688.93,5.311,59.57,21.986,27.097,2.059,24.695,17.077,INJECTOR_DEGRADATION,1.0,1.0,0.4,1.0,1.0,0.0,0.0,0.0,0.0
119.6,CLIMB,80.03,57.02,5721.67,18.56,82.399,0.984,6225.76,80.36,690.06,5.27,59.84,21.887,27.101,2.059,24.6,17.005,6225.66,80.66,692.37,5.265,59.72,21.9,27.16,2.007,24.622,16.941,INJECTOR_DEGRADATION,1.0,1.0,0.4,1.0,1.0,0.0,0.0,0.0,0.0
119.7,CLIMB,80.03,57.02,5728.75,18.54,82.377,0.9838,6225.29,80.36,690.04,5.27,59.83,21.886,27.101,2.059,24.6,17.004,6223.89,80.87,688.89,5.26,60.41,21.802,27.14,2.089,24.632,16.983,INJECTOR_DEGRADATION,1.0,1.0,0.4,1.0,1.0,0.0,0.0,0.0,0.0
119.8,CLIMB,80.02,57.01,5735.83,18.53,82.356,0.9836,6224.83,80.36,690.02,5.269,59.81,21.884,27.1,2.059,24.6,17.003,6226.79,81.05,690.38,5.274,59.71,21.91,27.149,2.043,24.472,16.956,INJECTOR_DEGRADATION,1.0,1.0,0.4,1.0,1.0,0.0,0.0,0.0,0.0
119.9,CLIMB,80.01,57.01,5742.92,18.51,82.335,0.9834,6224.36,80.36,690.0,5.269,59.8,21.883,27.1,2.058,24.6,17.001,6224.58,79.94,689.47,5.302,59.8,21.96,27.072,2.012,24.636,16.876,INJECTOR_DEGRADATION,1.0,1.0,0.4,1.0,1.0,0.0,0.0,0.0,0.0
120.0,CLIMB,80.0,57.0,5750.0,18.5,82.314,0.9832,6223.89,80.36,689.98,5.269,59.79,21.881,27.1,2.058,24.6,17.0,6223.03,81.36,688.82,5.258,60.37,21.822,27.024,2.051,24.643,16.859,INJECTOR_DEGRADATION,1.0,1.0,0.4,1.0,1.0,0.0,0.0,0.0,0.0
120.1,CLIMB,79.99,56.99,5757.08,18.49,82.293,0.983,6223.43,80.36,689.96,5.269,59.78,21.88,27.1,2.058,24.6,16.999,6228.68,80.66,687.93,5.261,59.38,21.864,27.075,2.04,24.544,17.075,INJECTOR_DEGRADATION,1.0,1.0,0.4,1.0,1.0,0.0,0.0,0.0,0.0
120.2,CLIMB,79.98,56.99,5764.17,18.47,82.272,0.9828,6222.96,80.36,689.94,5.269,59.77,21.878,27.1,2.058,24.6,16.998,6217.47,81.2,688.8,5.328,59.91,21.696,27.148,2.005,24.584,16.949,INJECTOR_DEGRADATION,1.0,1.0,0.4,1.0,1.0,0.0,0.0,0.0,0.0
120.3,CLIMB,79.98,56.98,5771.25,18.46,82.251,0.9826,6222.5,80.36,689.92,5.269,59.76,21.877,27.1,2.058,24.6,16.996,6218.0,80.54,692.33,5.277,59.97,21.792,27.096,2.068,24.665,17.06,INJECTOR_DEGRADATION,1.0,1.0,0.4,1.0,1.0,0.0,0.0,0.0,0.0
120.4,CLIMB,79.97,56.98,5778.33,18.44,82.23,0.9824,6222.03,80.36,689.9,5.269,59.75,21.875,27.099,2.058,24.6,16.995,6224.5,80.3,690.99,5.307,59.59,21.831,27.113,2.128,24.605,16.759,INJECTOR_DEGRADATION,1.0,1.0,0.4,1.0,1.0,0.0,0.0,0.0,0.0
120.5,CLIMB,79.96,56.97,5785.42,18.43,82.209,0.9822,6221.57,80.36,689.88,5.268,59.73,21.874,27.099,2.058,24.6,16.994,6224.87,80.63,689.86,5.308,59.81,21.898,27.13,2.065,24.596,16.842,INJECTOR_DEGRADATION,1.0,1.0,0.4,1.0,1.0,0.0,0.0,0.0,0.0
120.6,CLIMB,79.95,56.97,5792.5,18.42,82.188,0.982,6221.1,80.36,689.86,5.268,59.72,21.872,27.099,2.058,24.6,16.993,6224.18,80.67,688.1,5.226,59.58,21.932,27.081,2.063,24.667,17.035,INJECTOR_DEGRADATION,1.0,1.0,0.4,1.0,1.0,0.0,0.0,0.0,0.0
120.7,CLIMB,79.94,56.96,5799.58,18.4,82.167,0.9818,6220.64,80.36,689.84,5.268,59.71,21.871,27.099,2.058,24.6,16.991,6219.46,80.86,688.36,5.341,59.6,21.789,27.135,2.064,24.643,16.926,INJECTOR_DEGRADATION,1.0,1.0,0.4,1.0,1.0,0.0,0.0,0.0,0.0
120.8,CLIMB,79.93,56.96,5806.67,18.39,82.146,0.9816,6220.17,80.36,689.82,5.268,59.7,21.869,27.099,2.058,24.6,16.99,6222.08,80.6,690.86,5.207,60.22,21.914,27.131,2.064,24.639,16.948,INJECTOR_DEGRADATION,1.0,1.0,0.4,1.0,1.0,0.0,0.0,0.0,0.0
120.9,CLIMB,79.93,56.95,5813.75,18.37,82.125,0.9814,6219.7,80.36,689.8,5.268,59.69,21.868,27.099,2.058,24.6,16.989,6219.87,79.84,691.35,5.244,60.06,21.931,27.042,2.093,24.675,16.953,INJECTOR_DEGRADATION,1.0,1.0,0.4,1.0,1.0,0.0,0.0,0.0,0.0
121.0,CLIMB,79.92,56.95,5820.83,18.36,82.104,0.9812,6219.24,80.36,689.78,5.268,59.68,21.866,27.098,2.057,24.6,16.988,6213.3,81.45,690.89,5.327,59.63,21.713,27.04,2.091,24.567,17.073,INJECTOR_DEGRADATION,1.0,1.0,0.4,1.0,1.0,0.0,0.0,0.0,0.0
121.1,CLIMB,79.91,56.94,5827.92,18.34,82.083,0.981,6218.77,80.36,689.76,5.267,59.67,21.865,27.098,2.057,24.6,16.986,6213.22,80.75,687.67,5.25,59.93,22.035,27.134,2.045,24.682,16.981,INJECTOR_DEGRADATION,1.0,1.0,0.4,1.0,1.0,0.0,0.0,0.0,0.0
121.2,CLIMB,79.9,56.94,5835.0,18.33,82.062,0.9808,6218.31,80.36,689.74,5.267,59.65,21.863,27.098,2.057,24.6,16.985,6211.62,80.36,686.46,5.236,59.51,21.914,27.092,2.053,24.63,17.086,INJECTOR_DEGRADATION,1.0,1.0,0.4,1.0,1.0,0.0,0.0,0.0,0.0
121.3,CLIMB,79.89,56.93,5842.08,18.32,82.041,0.9806,6217.84,80.36,689.72,5.267,59.64,21.862,27.098,2.057,24.6,16.984,6215.34,80.12,688.24,5.256,59.56,21.918,27.096,2.096,24.598,17.018,INJECTOR_DEGRADATION,1.0,1.0,0.4,1.0,1.0,0.0,0.0,0.0,0.0
121.4,CLIMB,79.88,56.92,5849.17,18.3,82.02,0.9804,6217.38,80.36,689.7,5.267,59.63,21.86,27.098,2.057,24.6,16.983,6220.55,80.38,689.18,5.192,59.64,21.809,27.109,2.098,24.599,16.784,INJECTOR_DEGRADATION,1.0,1.0,0.4,1.0,1.0,0.0,0.0,0.0,0.0
121.5,CLIMB,79.88,56.92,5856.25,18.29,81.999,0.9802,6216.91,80.36,689.68,5.267,59.62,21.859,27.098,2.057,24.6,16.981,6213.78,79.9,688.11,5.294,59.87,21.912,27.054,2.02,24.597,16.995,INJECTOR_DEGRADATION,1.0,1.0,0.4,1.0,1.0,0.0,0.0,0.0,0.0
121.6,CLIMB,79.87,56.91,5863.33,18.27,81.978,0.98,6216.45,80.36,689.66,5.267,59.61,21.857,27.097,2.057,24.6,16.98,6218.52,80.75,690.67,5.25,60.27,21.761,27.016,2.099,24.58,16.949,INJECTOR_DEGRADATION,1.0,1.0,0.4,1.0,1.0,0.0,0.0,0.0,0.0
121.7,CLIMB,79.86,56.91,5870.42,18.26,81.957,0.9798,6215.98,80.36,689.64,5.267,59.6,21.856,27.097,2.057,24.6,16.979,6209.0,80.61,685.3,5.27,59.39,21.936,27.123,2.128,24.596,16.944,INJECTOR_DEGRADATION,1.0,1.0,0.4,1.0,1.0,0.0,0.0,0.0,0.0
121.8,CLIMB,79.85,56.9,5877.5,18.25,81.936,0.9796,6215.52,80.36,689.62,5.266,59.59,21.854,27.097,2.057,24.6,16.978,6225.34,80.88,690.52,5.296,59.41,21.819,27.104,2.053,24.673,17.144,INJECTOR_DEGRADATION,1.0,1.0,0.4,1.0,1.0,0.0,0.0,0.0,0.0
121.9,CLIMB,79.84,56.9,5884.58,18.23,81.915,0.9794,6215.05,80.36,689.6,5.266,59.57,21.853,27.097,2.057,24.6,16.976,6221.13,80.79,688.43,5.318,59.98,21.607,27.125,2.036,24.546,17.054,INJECTOR_DEGRADATION,1.0,1.0,0.4,1.0,1.0,0.0,0.0,0.0,0.0
122.0,CLIMB,79.83,56.89,5891.67,18.22,81.894,0.9792,6214.59,80.36,689.58,5.266,59.56,21.851,27.097,2.057,24.6,16.975,6209.32,80.47,689.14,5.214,59.78,21.845,27.07,2.057,24.622,17.171,INJECTOR_DEGRADATION,1.0,1.0,0.4,1.0,1.0,0.0,0.0,0.0,0.0
122.1,CLIMB,79.83,56.89,5898.75,18.2,81.873,0.979,6214.12,80.36,689.56,5.266,59.55,21.85,27.097,2.057,24.6,16.974,6220.46,80.33,691.48,5.235,59.8,21.655,27.159,2.044,24.669,16.854,INJECTOR_DEGRADATION,1.0,1.0,0.4,1.0,1.0,0.0,0.0,0.0,0.0
122.2,CLIMB,79.82,56.88,5905.83,18.19,81.852,0.9788,6213.66,80.36,689.54,5.266,59.54,21.848,27.096,2.056,24.6,16.973,6212.18,79.84,687.59,5.267,59.48,21.781,27.149,2.037,24.67,16.952,INJECTOR_DEGRADATION,1.0,1.0,0.4,1.0,1.0,0.0,0.0,0.0,0.0
122.3,CLIMB,79.81,56.88,5912.92,18.17,81.831,0.9786,6213.19,80.36,689.52,5.266,59.53,21.847,27.096,2.056,24.6,16.971,6207.12,81.22,688.29,5.259,59.25,21.697,27.116,2.114,24.557,17.112,INJECTOR_DEGRADATION,1.0,1.0,0.4,1.0,1.0,0.0,0.0,0.0,0.0
122.4,CLIMB,79.8,56.87,5920.0,18.16,81.81,0.9783,6212.73,80.36,689.5,5.265,59.52,21.845,27.096,2.056,24.6,16.97,6218.5,80.55,688.42,5.23,58.79,21.634,27.047,2.02,24.543,16.969,INJECTOR_DEGRADATION,1.0,1.0,0.4,1.0,1.0,0.0,0.0,0.0,0.0
122.5,CLIMB,79.79,56.86,5927.08,18.15,81.789,0.9781,6212.26,80.36,689.48,5.265,59.51,21.844,27.096,2.056,24.6,16.969,6214.73,81.14,691.39,5.225,59.23,21.891,27.192,1.985,24.593,16.802,INJECTOR_DEGRADATION,1.0,1.0,0.4,1.0,1.0,0.0,0.0,0.0,0.0
122.6,CLIMB,79.78,56.86,5934.17,18.13,81.768,0.9779,6211.8,80.36,689.46,5.265,59.49,21.842,27.096,2.056,24.6,16.968,6211.99,80.77,689.37,5.256,59.64,21.883,27.013,2.095,24.565,17.032,INJECTOR_DEGRADATION,1.0,1.0,0.4,1.0,1.0,0.0,0.0,0.0,0.0
122.7,CLIMB,79.78,56.85,5941.25,18.12,81.747,0.9777,6211.33,80.36,689.44,5.265,59.48,21.841,27.096,2.056,24.6,16.966,6212.2,80.52,688.63,5.275,59.3,21.916,27.131,1.974,24.664,17.016,INJECTOR_DEGRADATION,1.0,1.0,0.4,1.0,1.0,0.0,0.0,0.0,0.0
122.8,CLIMB,79.77,56.85,5948.33,18.1,81.726,0.9775,6210.87,80.36,689.42,5.265,59.47,21.839,27.095,2.056,24.6,16.965,6222.61,80.08,691.14,5.267,59.19,21.894,27.145,2.004,24.572,16.914,INJECTOR_DEGRADATION,1.0,1.0,0.4,1.0,1.0,0.0,0.0,0.0,0.0
122.9,CLIMB,79.76,56.84,5955.42,18.09,81.705,0.9773,6210.4,80.36,689.4,5.265,59.46,21.838,27.095,2.056,24.6,16.964,6222.68,80.38,687.78,5.305,59.39,21.827,27.094,2.084,24.614,17.046,INJECTOR_DEGRADATION,1.0,1.0,0.4,1.0,1.0,0.0,0.0,0.0,0.0
123.0,CLIMB,79.75,56.84,5962.5,18.08,81.685,0.9771,6209.94,80.36,689.38,5.264,59.45,21.836,27.095,2.056,24.6,16.963,6201.37,80.12,690.12,5.261,59.46,21.924,27.054,2.07,24.588,16.978,INJECTOR_DEGRADATION,1.0,1.0,0.4,1.0,1.0,0.0,0.0,0.0,0.0
123.1,CLIMB,79.74,56.83,5969.58,18.06,81.664,0.9769,6209.47,80.36,689.36,5.264,59.44,21.835,27.095,2.056,24.6,16.961,6210.82,81.27,689.51,5.218,59.21,21.79,27.035,2.031,24.644,16.901,INJECTOR_DEGRADATION,1.0,1.0,0.4,1.0,1.0,0.0,0.0,0.0,0.0
123.2,CLIMB,79.73,56.83,5976.67,18.05,81.643,0.9767,6209.01,80.36,689.34,5.264,59.43,21.833,27.095,2.056,24.6,16.96,6202.79,81.24,686.19,5.26,58.88,21.857,27.161,2.036,24.577,17.012,INJECTOR_DEGRADATION,1.0,1.0,0.4,1.0,1.0,0.0,0.0,0.0,0.0
123.3,CLIMB,79.73,56.82,5983.75,18.03,81.622,0.9765,6208.54,80.36,689.32,5.264,59.41,21.832,27.095,2.055,24.6,16.959,6207.17,80.82,689.62,5.285,59.53,21.963,27.045,2.171,24.588,16.849,INJECTOR_DEGRADATION,1.0,1.0,0.4,1.0,1.0,0.0,0.0,0.0,0.0
123.4,CLIMB,79.72,56.82,5990.83,18.02,81.601,0.9763,6208.08,80.36,689.31,5.264,59.4,21.83,27.094,2.055,24.6,16.958,6203.73,80.84,686.84,5.248,59.45,21.796,27.205,2.038,24.618,16.947,INJECTOR_DEGRADATION,1.0,1.0,0.4,1.0,1.0,0.0,0.0,0.0,0.0
123.5,CLIMB,79.71,56.81,5997.92,18.0,81.58,0.9761,6207.61,80.36,689.29,5.264,59.39,21.829,27.094,2.055,24.6,16.956,6211.21,80.49,690.42,5.232,59.08,21.795,27.122,2.089,24.762,17.005,INJECTOR_DEGRADATION,1.0,1.0,0.4,1.0,1.0,0.0,0.0,0.0,0.0
123.6,CLIMB,79.7,56.81,6005.0,17.99,81.559,0.9759,6207.15,80.36,689.27,5.264,59.38,21.827,27.094,2.055,24.6,16.955,6199.12,79.46,690.58,5.244,59.0,21.723,27.014,2.08,24.571,16.905,INJECTOR_DEGRADATION,1.0,1.0,0.4,1.0,1.0,0.0,0.0,0.0,0.0
123.7,CLIMB,79.69,56.8,6012.08,17.98,81.538,0.9757,6206.68,80.36,689.25,5.263,59.37,21.826,27.094,2.055,24.6,16.954,6206.58,80.02,689.9,5.269,59.69,21.669,27.002,2.009,24.584,16.9,INJECTOR_DEGRADATION,1.0,1.0,0.4,1.0,1.0,0.0,0.0,0.0,0.0
123.8,CLIMB,79.68,56.79,6019.17,17.96,81.517,0.9755,6206.22,80.36,689.23,5.263,59.36,21.824,27.094,2.055,24.6,16.953,6204.89,80.41,689.21,5.246,59.13,21.817,27.075,1.974,24.591,16.919,INJECTOR_DEGRADATION,1.0,1.0,0.4,1.0,1.0,0.0,0.0,0.0,0.0
123.9,CLIMB,79.68,56.79,6026.25,17.95,81.497,0.9753,6205.75,80.35,689.21,5.263,59.35,21.823,27.094,2.055,24.6,16.951,6203.38,80.38,691.2,5.273,59.38,21.906,27.038,2.076,24.627,16.938,INJECTOR_DEGRADATION,1.0,1.0,0.4,1.0,1.0,0.0,0.0,0.0,0.0
124.0,CLIMB,79.67,56.78,6033.33,17.93,81.476,0.9751,6205.29,80.35,689.19,5.263,59.33,21.821,27.093,2.055,24.6,16.95,6200.27,80.85,688.79,5.27,59.4,21.744,27.06,2.004,24.577,16.972,INJECTOR_DEGRADATION,1.0,1.0,0.4,1.0,1.0,0.0,0.0,0.0,0.0
124.1,CLIMB,79.66,56.78,6040.42,17.92,81.455,0.9749,6204.82,80.35,689.17,5.263,59.32,21.82,27.093,2.055,24.6,16.949,6208.69,80.18,688.12,5.253,59.53,21.951,27.135,2.057,24.583,16.91,INJECTOR_DEGRADATION,1.0,1.0,0.4,1.0,1.0,0.0,0.0,0.0,0.0
124.2,CLIMB,79.65,56.77,6047.5,17.91,81.434,0.9747,6204.36,80.35,689.15,5.263,59.31,21.818,27.093,2.055,24.6,16.948,6202.82,79.55,688.4,5.255,59.44,21.821,26.927,2.021,24.57,16.975,INJECTOR_DEGRADATION,1.0,1.0,0.4,1.0,1.0,0.0,0.0,0.0,0.0
124.3,CLIMB,79.64,56.77,6054.58,17.89,81.413,0.9745,6203.89,80.35,689.13,5.262,59.3,21.817,27.093,2.055,24.6,16.946,6204.77,80.56,690.94,5.266,59.86,21.877,27.101,1.974,24.464,17.009,INJECTOR_DEGRADATION,1.0,1.0,0.4,1.0,1.0,0.0,0.0,0.0,0.0
124.4,CLIMB,79.63,56.76,6061.67,17.88,81.392,0.9743,6203.43,80.35,689.11,5.262,59.29,21.815,27.093,2.054,24.6,16.945,6202.18,80.44,688.16,5.223,59.27,21.794,27.154,2.132,24.604,16.833,INJECTOR_DEGRADATION,1.0,1.0,0.4,1.0,1.0,0.0,0.0,0.0,0.0
124.5,CLIMB,79.63,56.76,6068.75,17.86,81.371,0.9741,6202.97,80.35,689.09,5.262,59.28,21.813,27.093,2.054,24.6,16.944,6205.74,81.17,685.93,5.27,59.11,21.896,27.105,2.019,24.647,17.053,INJECTOR_DEGRADATION,1.0,1.0,0.4,1.0,1.0,0.0,0.0,0.0,0.0
124.6,CLIMB,79.62,56.75,6075.83,17.85,81.351,0.9739,6202.5,80.35,689.07,5.262,59.26,21.812,27.092,2.054,24.6,16.943,6202.39,80.56,688.13,5.238,59.44,21.703,27.119,2.025,24.626,16.884,INJECTOR_DEGRADATION,1.0,1.0,0.4,1.0,1.0,0.0,0.0,0.0,0.0
124.7,CLIMB,79.61,56.75,6082.92,17.83,81.33,0.9737,6202.04,80.35,689.05,5.262,59.25,21.81,27.092,2.054,24.6,16.941,6199.07,80.65,689.99,5.22,59.02,21.63,27.059,2.033,24.586,16.792,INJECTOR_DEGRADATION,1.0,1.0,0.4,1.0,1.0,0.0,0.0,0.0,0.0
124.8,CLIMB,79.6,56.74,6090.0,17.82,81.309,0.9735,6201.57,80.35,689.03,5.262,59.24,21.809,27.092,2.054,24.6,16.94,6200.79,80.94,687.47,5.276,58.88,21.683,27.019,2.082,24.532,16.891,INJECTOR_DEGRADATION,1.0,1.0,0.4,1.0,1.0,0.0,0.0,0.0,0.0
124.9,CLIMB,79.59,56.73,6097.08,17.81,81.288,0.9733,6201.11,80.35,689.01,5.262,59.23,21.807,27.092,2.054,24.6,16.939,6201.25,80.48,689.66,5.306,58.92,21.691,27.086,2.085,24.558,16.953,INJECTOR_DEGRADATION,1.0,1.0,0.4,1.0,1.0,0.0,0.0,0.0,0.0
125.0,CLIMB,79.58,56.73,6104.17,17.79,81.267,0.9731,6200.64,80.35,688.99,5.261,59.22,21.806,27.092,2.054,24.6,16.938,6198.61,81.12,691.39,5.226,59.58,21.817,27.183,2.068,24.664,17.081,INJECTOR_DEGRADATION,1.0,1.0,0.4,1.0,1.0,0.0,0.0,0.0,0.0
125.1,CLIMB,79.58,56.72,6111.25,17.78,81.247,0.9729,6200.18,80.35,688.97,5.261,59.21,21.804,27.092,2.054,24.6,16.936,6204.54,80.29,690.46,5.277,58.93,21.737,27.058,2.051,24.533,16.96,INJECTOR_DEGRADATION,1.0,1.0,0.4,1.0,1.0,0.0,0.0,0.0,0.0
125.2,CLIMB,79.57,56.72,6118.33,17.76,81.226,0.9727,6199.71,80.35,688.95,5.261,59.2,21.803,27.091,2.054,24.6,16.935,6195.64,79.77,686.98,5.312,59.35,21.761,27.031,2.046,24.662,17.025,INJECTOR_DEGRADATION,1.0,1.0,0.4,1.0,1.0,0.0,0.0,0.0,0.0
125.3,CLIMB,79.56,56.71,6125.42,17.75,81.205,0.9725,6199.25,80.35,688.93,5.261,59.18,21.801,27.091,2.054,24.6,16.934,6197.58,80.41,687.78,5.227,59.32,21.74,27.057,2.049,24.555,17.009,INJECTOR_DEGRADATION,1.0,1.0,0.4,1.0,1.0,0.0,0.0,0.0,0.0
125.4,CLIMB,79.55,56.71,6132.5,17.74,81.184,0.9723,6198.79,80.35,688.91,5.261,59.17,21.8,27.091,2.054,24.6,16.933,6200.17,79.75,687.8,5.283,59.63,21.814,26.996,1.985,24.645,17.076,INJECTOR_DEGRADATION,1.0,1.0,0.4,1.0,1.0,0.0,0.0,0.0,0.0
125.5,CLIMB,79.54,56.7,6139.58,17.72,81.163,0.9721,6198.32,80.35,688.89,5.261,59.16,21.798,27.091,2.053,24.6,16.931,6201.83,81.0,692.83,5.261,58.92,21.713,27.162,2.079,24.608,16.999,INJECTOR_DEGRADATION,1.0,1.0,0.4,1.0,1.0,0.0,0.0,0.0,0.0
125.6,CLIMB,79.53,56.7,6146.67,17.71,81.143,0.9719,6197.86,80.35,688.87,5.26,59.15,21.797,27.091,2.053,24.6,16.93,6201.4,80.25,690.41,5.282,60.06,21.814,27.133,2.022,24.632,17.046,INJECTOR_DEGRADATION,1.0,1.0,0.4,1.0,1.0,0.0,0.0,0.0,0.0
125.7,CLIMB,79.53,56.69,6153.75,17.69,81.122,0.9717,6197.39,80.35,688.85,5.26,59.14,21.795,27.091,2.053,24.6,16.929,6190.4,80.79,689.0,5.279,59.15,21.982,27.052,2.01,24.621,16.979,INJECTOR_DEGRADATION,1.0,1.0,0.4,1.0,1.0,0.0,0.0,0.0,0.0
125.8,CLIMB,79.52,56.69,6160.83,17.68,81.101,0.9715,6196.93,80.35,688.83,5.26,59.13,21.794,27.09,2.053,24.6,16.928,6199.65,79.71,690.03,5.291,59.34,21.867,27.037,2.078,24.568,17.087,INJECTOR_DEGRADATION,1.0,1.0,0.4,1.0,1.0,0.0,0.0,0.0,0.0
125.9,CLIMB,79.51,56.68,6167.92,17.66,81.08,0.9713,6196.47,80.35,688.81,5.26,59.11,21.792,27.09,2.053,24.6,16.926,6202.94,80.59,687.51,5.287,59.08,21.718,27.134,2.039,24.639,16.934,INJECTOR_DEGRADATION,1.0,1.0,0.4,1.0,1.0,0.0,0.0,0.0,0.0
126.0,CLIMB,79.5,56.68,6175.0,17.65,81.06,0.9711,6196.0,80.35,688.79,5.26,59.1,21.791,27.09,2.053,24.6,16.925,6191.62,80.34,689.87,5.249,59.01,21.812,27.084,2.006,24.499,17.008,INJECTOR_DEGRADATION,1.0,1.0,0.4,1.0,1.0,0.0,0.0,0.0,0.0
126.1,CLIMB,79.49,56.67,6182.08,17.64,81.039,0.9709,6195.54,80.35,688.77,5.26,59.09,21.789,27.09,2.053,24.6,16.924,6196.79,80.62,689.21,5.253,58.58,21.837,27.023,2.058,24.578,16.754,INJECTOR_DEGRADATION,1.0,1.0,0.4,1.0,1.0,0.0,0.0,0.0,0.0
126.2,CLIMB,79.48,56.66,6189.17,17.62,81.018,0.9707,6195.07,80.35,688.75,5.26,59.08,21.788,27.09,2.053,24.6,16.923,6188.08,80.17,689.48,5.214,59.48,21.831,27.121,1.992,24.488,17.017,INJECTOR_DEGRADATION,1.0,1.0,0.4,1.0,1.0,0.0,0.0,0.0,0.0
126.3,CLIMB,79.48,56.66,6196.25,17.61,80.997,0.9705,6194.61,80.35,688.73,5.259,59.07,21.786,27.09,2.053,24.6,16.921,6189.5,80.4,686.7,5.194,59.6,21.751,27.111,2.004,24.639,16.814,INJECTOR_DEGRADATION,1.0,1.0,0.4,1.0,1.0,0.0,0.0,0.0,0.0
126.4,CLIMB,79.47,56.65,6203.33,17.59,80.977,0.9703,6194.15,80.35,688.71,5.259,59.06,21.785,27.089,2.053,24.6,16.92,6193.66,80.0,688.15,5.245,59.53,21.835,27.113,2.052,24.583,16.792,INJECTOR_DEGRADATION,1.0,1.0,0.4,1.0,1.0,0.0,0.0,0.0,0.0
126.5,CLIMB,79.46,56.65,6210.42,17.58,80.956,0.9701,6193.68,80.35,688.69,5.259,59.04,21.783,27.089,2.053,24.6,16.919,6189.64,80.1,689.74,5.228,59.11,21.793,27.123,1.981,24.583,16.746,INJECTOR_DEGRADATION,1.0,1.0,0.4,1.0,1.0,0.0,0.0,0.0,0.0
126.6,CLIMB,79.45,56.64,6217.5,17.57,80.935,0.9699,6193.22,80.35,688.67,5.259,59.03,21.782,27.089,2.052,24.6,16.918,6198.77,80.05,690.95,5.285,59.22,21.892,27.109,2.099,24.648,16.964,INJECTOR_DEGRADATION,1.0,1.0,0.4,1.0,1.0,0.0,0.0,0.0,0.0
126.7,CLIMB,79.44,56.64,6224.58,17.55,80.915,0.9697,6192.75,80.35,688.65,5.259,59.02,21.78,27.089,2.052,24.6,16.916,6185.5,80.43,688.93,5.239,59.3,21.782,27.098,2.207,24.541,16.882,INJECTOR_DEGRADATION,1.0,1.0,0.4,1.0,1.0,0.0,0.0,0.0,0.0
126.8,CLIMB,79.43,56.63,6231.67,17.54,80.894,0.9695,6192.29,80.35,688.63,5.259,59.01,21.779,27.089,2.052,24.6,16.915,6189.65,79.41,687.21,5.248,59.01,21.695,27.1,1.996,24.584,16.912,INJECTOR_DEGRADATION,1.0,1.0,0.4,1.0,1.0,0.0,0.0,0.0,0.0
126.9,CLIMB,79.43,56.63,6238.75,17.52,80.873,0.9693,6191.83,80.35,688.61,5.258,59.0,21.777,27.089,2.052,24.6,16.914,6191.26,80.85,686.2,5.278,58.74,21.892,27.103,2.047,24.546,16.984,INJECTOR_DEGRADATION,1.0,1.0,0.4,1.0,1.0,0.0,0.0,0.0,0.0
127.0,CLIMB,79.42,56.62,6245.83,17.51,80.852,0.9691,6191.36,80.35,688.59,5.258,58.99,21.776,27.088,2.052,24.6,16.913,6202.8,79.92,690.95,5.23,59.59,21.874,27.063,2.162,24.646,17.017,INJECTOR_DEGRADATION,1.0,1.0,0.4,1.0,1.0,0.0,0.0,0.0,0.0
127.1,CLIMB,79.41,56.62,6252.92,17.49,80.832,0.9689,6190.9,80.35,688.57,5.258,58.97,21.774,27.088,2.052,24.6,16.911,6194.32,80.2,689.16,5.265,58.6,21.647,26.986,2.064,24.667,17.056,INJECTOR_DEGRADATION,1.0,1.0,0.4,1.0,1.0,0.0,0.0,0.0,0.0
127.2,CLIMB,79.4,56.61,6260.0,17.48,80.811,0.9687,6190.43,80.35,688.55,5.258,58.96,21.773,27.088,2.052,24.6,16.91,6185.99,80.13,687.67,5.233,58.83,21.818,27.106,2.106,24.599,17.044,INJECTOR_DEGRADATION,1.0,1.0,0.4,1.0,1.0,0.0,0.0,0.0,0.0
127.3,CLIMB,79.39,56.6,6267.08,17.47,80.79,0.9685,6189.97,80.35,688.53,5.258,58.95,21.771,27.088,2.052,24.6,16.909,6191.92,79.61,693.54,5.246,59.12,21.906,27.122,2.092,24.502,16.865,INJECTOR_DEGRADATION,1.0,1.0,0.4,1.0,1.0,0.0,0.0,0.0,0.0
127.4,CLIMB,79.38,56.6,6274.17,17.45,80.77,0.9683,6189.51,80.35,688.51,5.258,58.94,21.77,27.088,2.052,24.6,16.908,6178.32,80.7,689.36,5.296,59.27,21.838,27.08,2.013,24.613,16.897,INJECTOR_DEGRADATION,1.0,1.0,0.4,1.0,1.0,0.0,0.0,0.0,0.0
127.5,CLIMB,79.38,56.59,6281.25,17.44,80.749,0.9681,6189.04,80.35,688.49,5.258,58.93,21.768,27.088,2.052,24.6,16.906,6185.12,80.31,688.71,5.188,59.3,21.842,27.16,2.118,24.648,16.795,INJECTOR_DEGRADATION,1.0,1.0,0.4,1.0,1.0,0.0,0.0,0.0,0.0
127.6,CLIMB,79.37,56.59,6288.33,17.42,80.728,0.9679,6188.58,80.35,688.47,5.257,58.92,21.767,27.087,2.052,24.6,16.905,6186.88,80.95,687.86,5.214,58.86,21.679,27.022,2.0,24.59,16.896,INJECTOR_DEGRADATION,1.0,1.0,0.4,1.0,1.0,0.0,0.0,0.0,0.0
127.7,CLIMB,79.36,56.58,6295.42,17.41,80.708,0.9677,6188.12,80.35,688.45,5.257,58.9,21.765,27.087,2.051,24.6,16.904,6198.44,80.03,691.96,5.279,58.64,21.81,27.064,1.995,24.557,16.923,INJECTOR_DEGRADATION,1.0,1.0,0.4,1.0,1.0,0.0,0.0,0.0,0.0
127.8,CLIMB,79.35,56.58,6302.5,17.4,80.687,0.9675,6187.65,80.35,688.44,5.257,58.89,21.764,27.087,2.051,24.6,16.903,6186.88,80.54,688.47,5.301,58.72,21.874,27.062,2.072,24.616,17.07,INJECTOR_DEGRADATION,1.0,1.0,0.4,1.0,1.0,0.0,0.0,0.0,0.0
127.9,CLIMB,79.34,56.57,6309.58,17.38,80.666,0.9673,6187.19,80.35,688.42,5.257,58.88,21.762,27.087,2.051,24.6,16.901,6189.03,80.52,690.86,5.258,58.98,21.734,27.078,2.08,24.578,16.731,INJECTOR_DEGRADATION,1.0,1.0,0.4,1.0,1.0,0.0,0.0,0.0,0.0
128.0,CLIMB,79.33,56.57,6316.67,17.37,80.646,0.9671,6186.72,80.35,688.4,5.257,58.87,21.761,27.087,2.051,24.6,16.9,6183.08,80.65,686.47,5.265,58.99,21.681,27.078,2.039,24.633,16.944,INJECTOR_DEGRADATION,1.0,1.0,0.4,1.0,1.0,0.0,0.0,0.0,0.0
128.1,CLIMB,79.33,56.56,6323.75,17.35,80.625,0.9669,6186.26,80.35,688.38,5.257,58.86,21.759,27.087,2.051,24.6,16.899,6180.41,79.25,689.82,5.294,58.34,21.83,27.118,2.06,24.52,16.826,INJECTOR_DEGRADATION,1.0,1.0,0.4,1.0,1.0,0.0,0.0,0.0,0.0
128.2,CLIMB,79.32,56.56,6330.83,17.34,80.604,0.9667,6185.8,80.35,688.36,5.256,58.85,21.758,27.086,2.051,24.6,16.898,6182.01,79.98,691.21,5.271,59.55,21.711,27.037,2.051,24.634,16.979,INJECTOR_DEGRADATION,1.0,1.0,0.4,1.0,1.0,0.0,0.0,0.0,0.0
128.3,CLIMB,79.31,56.55,6337.92,17.32,80.584,0.9665,6185.33,80.35,688.34,5.256,58.83,21.756,27.086,2.051,24.6,16.896,6185.4,81.09,687.81,5.198,58.8,21.758,27.074,2.052,24.62,16.93,INJECTOR_DEGRADATION,1.0,1.0,0.4,1.0,1.0,0.0,0.0,0.0,0.0
128.4,CLIMB,79.3,56.55,6345.0,17.31,80.563,0.9663,6184.87,80.35,688.32,5.256,58.82,21.754,27.086,2.051,24.6,16.895,6188.16,79.89,685.35,5.281,58.83,21.684,27.192,2.026,24.557,16.89,INJECTOR_DEGRADATION,1.0,1.0,0.4,1.0,1.0,0.0,0.0,0.0,0.0
128.5,CLIMB,79.29,56.54,6352.08,17.3,80.543,0.9661,6184.41,80.35,688.3,5.256,58.81,21.753,27.086,2.051,24.6,16.894,6186.52,79.77,689.53,5.243,59.02,21.766,27.093,2.052,24.609,17.06,INJECTOR_DEGRADATION,1.0,1.0,0.4,1.0,1.0,0.0,0.0,0.0,0.0
128.6,CLIMB,79.28,56.53,6359.17,17.28,80.522,0.9659,6183.94,80.35,688.28,5.256,58.8,21.751,27.086,2.051,24.6,16.893,6182.73,79.7,687.43,5.251,59.09,21.748,27.094,2.095,24.54,16.815,INJECTOR_DEGRADATION,1.0,1.0,0.4,1.0,1.0,0.0,0.0,0.0,0.0
128.7,CLIMB,79.28,56.53,6366.25,17.27,80.501,0.9657,6183.48,80.35,688.26,5.256,58.79,21.75,27.086,2.051,24.6,16.891,6180.55,80.09,691.58,5.27,59.32,21.689,27.1,2.034,24.642,16.921,INJECTOR_DEGRADATION,1.0,1.0,0.4,1.0,1.0,0.0,0.0,0.0,0.0
128.8,CLIMB,79.27,56.52,6373.33,17.25,80.481,0.9655,6183.02,80.35,688.24,5.256,58.78,21.748,27.085,2.05,24.6,16.89,6185.28,80.53,685.85,5.286,59.02,21.851,27.033,2.081,24.605,16.895,INJECTOR_DEGRADATION,1.0,1.0,0.4,1.0,1.0,0.0,0.0,0.0,0.0
128.9,CLIMB,79.26,56.52,6380.42,17.24,80.46,0.9653,6182.55,80.35,688.22,5.255,58.76,21.747,27.085,2.05,24.6,16.889,6181.65,80.31,687.37,5.244,58.61,21.783,27.2,2.03,24.593,16.806,INJECTOR_DEGRADATION,1.0,1.0,0.4,1.0,1.0,0.0,0.0,0.0,0.0
129.0,CLIMB,79.25,56.51,6387.5,17.23,80.44,0.9651,6182.09,80.35,688.2,5.255,58.75,21.745,27.085,2.05,24.6,16.888,6178.61,80.43,688.61,5.282,58.51,21.895,27.136,2.109,24.647,17.003,INJECTOR_DEGRADATION,1.0,1.0,0.4,1.0,1.0,0.0,0.0,0.0,0.0
129.1,CLIMB,79.24,56.51,6394.58,17.21,80.419,0.9649,6181.63,80.35,688.18,5.255,58.74,21.744,27.085,2.05,24.6,16.886,6178.48,80.41,688.57,5.201,58.79,21.819,27.128,2.028,24.577,16.979,INJECTOR_DEGRADATION,1.0,1.0,0.4,1.0,1.0,0.0,0.0,0.0,0.0
129.2,CLIMB,79.23,56.5,6401.67,17.2,80.398,0.9647,6181.16,80.35,688.16,5.255,58.73,21.742,27.085,2.05,24.6,16.885,6183.75,80.25,687.6,5.285,58.88,21.808,27.107,2.04,24.654,16.791,INJECTOR_DEGRADATION,1.0,1.0,0.4,1.0,1.0,0.0,0.0,0.0,0.0
129.3,CLIMB,79.23,56.5,6408.75,17.18,80.378,0.9645,6180.7,80.35,688.14,5.255,58.72,21.741,27.085,2.05,24.6,16.884,6182.0,80.52,687.37,5.265,58.96,21.676,27.006,2.086,24.61,16.853,INJECTOR_DEGRADATION,1.0,1.0,0.4,1.0,1.0,0.0,0.0,0.0,0.0
129.4,CLIMB,79.22,56.49,6415.83,17.17,80.357,0.9643,6180.24,80.35,688.12,5.255,58.71,21.739,27.084,2.05,24.6,16.883,6191.02,79.83,687.52,5.283,58.6,21.839,27.122,2.071,24.662,16.866,INJECTOR_DEGRADATION,1.0,1.0,0.4,1.0,1.0,0.0,0.0,0.0,0.0
129.5,CLIMB,79.21,56.49,6422.92,17.15,80.337,0.9641,6179.77,80.35,688.1,5.254,58.69,21.738,27.084,2.05,24.6,16.881,6184.44,79.77,688.52,5.272,58.21,21.89,27.095,2.015,24.634,16.946,INJECTOR_DEGRADATION,1.0,1.0,0.4,1.0,1.0,0.0,0.0,0.0,0.0
129.6,CLIMB,79.2,56.48,6430.0,17.14,80.316,0.9639,6179.31,80.35,688.08,5.254,58.68,21.736,27.084,2.05,24.6,16.88,6175.78,80.5,688.07,5.295,58.62,21.897,27.062,2.01,24.668,16.762,INJECTOR_DEGRADATION,1.0,1.0,0.4,1.0,1.0,0.0,0.0,0.0,0.0
129.7,CLIMB,79.19,56.47,6437.08,17.13,80.296,0.9637,6178.85,80.35,688.06,5.254,58.67,21.735,27.084,2.05,24.6,16.879,6178.79,80.3,686.77,5.198,57.68,21.833,27.085,2.107,24.553,16.844,INJECTOR_DEGRADATION,1.0,1.0,0.4,1.0,1.0,0.0,0.0,0.0,0.0
129.8,CLIMB,79.18,56.47,6444.17,17.11,80.275,0.9635,6178.38,80.35,688.04,5.254,58.66,21.733,27.084,2.05,24.6,16.878,6176.12,81.53,687.32,5.227,58.68,21.804,27.086,1.955,24.604,16.79,INJECTOR_DEGRADATION,1.0,1.0,0.4,1.0,1.0,0.0,0.0,0.0,0.0
129.9,CLIMB,79.18,56.46,6451.25,17.1,80.254,0.9633,6177.92,80.35,688.02,5.254,58.65,21.732,27.084,2.05,24.6,16.876,6169.17,80.14,688.46,5.191,58.47,21.693,27.049,2.081,24.548,16.909,INJECTOR_DEGRADATION,1.0,1.0,0.4,1.0,1.0,0.0,0.0,0.0,0.0
130.0,CLIMB,79.17,56.46,6458.33,17.08,80.234,0.9631,6177.46,80.35,688.0,5.254,58.63,21.73,27.083,2.049,24.6,16.875,6173.65,79.82,688.46,5.256,58.49,21.89,27.137,2.007,24.526,16.85,INJECTOR_DEGRADATION,1.0,1.0,0.4,1.0,1.0,0.0,0.0,0.0,0.0
130.1,CLIMB,79.16,56.45,6465.42,17.07,80.213,0.9629,6177.0,80.35,687.98,5.254,58.62,21.729,27.083,2.049,24.6,16.874,6177.07,79.5,687.02,5.231,59.08,21.849,27.122,2.127,24.59,16.841,INJECTOR_DEGRADATION,1.0,1.0,0.4,1.0,1.0,0.0,0.0,0.0,0.0
130.2,CLIMB,79.15,56.45,6472.5,17.06,80.193,0.9627,6176.53,80.35,687.96,5.253,58.61,21.727,27.083,2.049,24.6,16.873,6172.77,79.91,689.31,5.227,58.46,21.624,27.137,2.01,24.592,16.938,INJECTOR_DEGRADATION,1.0,1.0,0.4,1.0,1.0,0.0,0.0,0.0,0.0
130.3,CLIMB,79.14,56.44,6479.58,17.04,80.172,0.9625,6176.07,80.35,687.94,5.253,58.6,21.726,27.083,2.049,24.6,16.871,6175.91,81.01,686.78,5.241,58.48,21.81,27.088,2.103,24.574,16.846,INJECTOR_DEGRADATION,1.0,1.0,0.4,1.0,1.0,0.0,0.0,0.0,0.0
130.4,CLIMB,79.13,56.44,6486.67,17.03,80.152,0.9623,6175.61,80.34,687.92,5.253,58.59,21.724,27.083,2.049,24.6,16.87,6172.77,79.94,687.44,5.266,58.74,21.591,27.023,2.051,24.628,16.815,INJECTOR_DEGRADATION,1.0,1.0,0.4,1.0,1.0,0.0,0.0,0.0,0.0
130.5,CLIMB,79.13,56.43,6493.75,17.01,80.131,0.9621,6175.14,80.34,687.9,5.253,58.58,21.723,27.083,2.049,24.6,16.869,6167.49,80.9,690.85,5.231,58.44,21.66,27.103,2.065,24.597,16.833,INJECTOR_DEGRADATION,1.0,1.0,0.4,1.0,1.0,0.0,0.0,0.0,0.0
130.6,CLIMB,79.12,56.43,6500.83,17.0,80.111,0.9619,6174.68,80.34,687.88,5.253,58.56,21.721,27.082,2.049,24.6,16.868,6165.32,79.87,685.01,5.246,58.8,21.858,27.115,1.984,24.554,16.78,INJECTOR_DEGRADATION,1.0,1.0,0.4,1.0,1.0,0.0,0.0,0.0,0.0
130.7,CLIMB,79.11,56.42,6507.92,16.98,80.09,0.9617,6174.22,80.34,687.86,5.253,58.55,21.72,27.082,2.049,24.6,16.866,6168.46,80.66,688.51,5.232,58.55,21.605,27.007,2.102,24.497,16.867,INJECTOR_DEGRADATION,1.0,1.0,0.4,1.0,1.0,0.0,0.0,0.0,0.0
130.8,CLIMB,79.1,56.42,6515.0,16.97,80.07,0.9615,6173.76,80.34,687.84,5.252,58.54,21.718,27.082,2.049,24.6,16.865,6172.57,80.1,687.57,5.205,58.58,21.612,27.05,2.055,24.66,16.706,INJECTOR_DEGRADATION,1.0,1.0,0.4,1.0,1.0,0.0,0.0,0.0,0.0
130.9,CLIMB,79.09,56.41,6522.08,16.96,80.049,0.9613,6173.29,80.34,687.82,5.252,58.53,21.717,27.082,2.049,24.6,16.864,6170.46,80.06,688.33,5.205,58.46,21.684,27.003,2.107,24.595,17.053,INJECTOR_DEGRADATION,1.0,1.0,0.4,1.0,1.0,0.0,0.0,0.0,0.0
131.0,CLIMB,79.08,56.4,6529.17,16.94,80.029,0.9611,6172.83,80.34,687.8,5.252,58.52,21.715,27.082,2.049,24.6,16.863,6179.5,79.84,686.9,5.219,58.83,21.638,27.043,2.053,24.547,17.048,INJECTOR_DEGRADATION,1.0,1.0,0.4,1.0,1.0,0.0,0.0,0.0,0.0
131.1,CLIMB,79.08,56.4,6536.25,16.93,80.008,0.9609,6172.37,80.34,687.78,5.252,58.5,21.714,27.082,2.048,24.6,16.861,6183.44,79.79,689.57,5.215,58.15,21.654,27.088,2.122,24.727,16.708,INJECTOR_DEGRADATION,1.0,1.0,0.4,1.0,1.0,0.0,0.0,0.0,0.0
131.2,CLIMB,79.07,56.39,6543.33,16.91,79.988,0.9607,6171.9,80.34,687.76,5.252,58.49,21.712,27.081,2.048,24.6,16.86,6177.72,80.0,687.97,5.195,58.63,21.631,27.052,2.126,24.642,16.756,INJECTOR_DEGRADATION,1.0,1.0,0.4,1.0,1.0,0.0,0.0,0.0,0.0
131.3,CLIMB,79.06,56.39,6550.42,16.9,79.967,0.9605,6171.44,80.34,687.74,5.252,58.48,21.711,27.081,2.048,24.6,16.859,6168.11,80.83,689.14,5.211,58.77,21.7,27.113,1.979,24.637,16.863,INJECTOR_DEGRADATION,1.0,1.0,0.4,1.0,1.0,0.0,0.0,0.0,0.0
131.4,CLIMB,79.05,56.38,6557.5,16.89,79.947,0.9603,6170.98,80.34,687.72,5.252,58.47,21.709,27.081,2.048,24.6,16.858,6173.68,79.55,685.69,5.245,58.71,21.864,27.109,2.024,24.537,16.888,INJECTOR_DEGRADATION,1.0,1.0,0.4,1.0,1.0,0.0,0.0,0.0,0.0
131.5,CLIMB,79.04,56.38,6564.58,16.87,79.926,0.9601,6170.52,80.34,687.7,5.251,58.46,21.707,27.081,2.048,24.6,16.856,6171.33,81.06,688.25,5.288,58.67,21.558,27.104,2.031,24.663,16.827,INJECTOR_DEGRADATION,1.0,1.0,0.4,1.0,1.0,0.0,0.0,0.0,0.0
131.6,CLIMB,79.03,56.37,6571.67,16.86,79.906,0.9599,6170.05,80.34,687.68,5.251,58.45,21.706,27.081,2.048,24.6,16.855,6166.21,80.92,687.55,5.266,57.91,21.754,27.091,2.09,24.621,16.805,INJECTOR_DEGRADATION,1.0,1.0,0.4,1.0,1.0,0.0,0.0,0.0,0.0
131.7,CLIMB,79.03,56.37,6578.75,16.84,79.886,0.9597,6169.59,80.34,687.66,5.251,58.43,21.704,27.081,2.048,24.6,16.854,6165.15,79.63,688.08,5.254,58.39,21.741,27.109,1.97,24.629,16.936,INJECTOR_DEGRADATION,1.0,1.0,0.4,1.0,1.0,0.0,0.0,0.0,0.0
131.8,CLIMB,79.02,56.36,6585.83,16.83,79.865,0.9595,6169.13,80.34,687.64,5.251,58.42,21.703,27.08,2.048,24.6,16.853,6170.59,80.94,688.05,5.261,57.89,21.582,27.07,2.076,24.605,17.019,INJECTOR_DEGRADATION,1.0,1.0,0.4,1.0,1.0,0.0,0.0,0.0,0.0
131.9,CLIMB,79.01,56.36,6592.92,16.81,79.845,0.9593,6168.67,80.34,687.62,5.251,58.41,21.701,27.08,2.048,24.6,16.851,6173.4,80.13,686.46,5.225,58.21,21.729,27.086,2.05,24.595,16.763,INJECTOR_DEGRADATION,1.0,1.0,0.4,1.0,1.0,0.0,0.0,0.0,0.0
132.0,CLIMB,79.0,56.35,6600.0,16.8,79.824,0.9591,6168.2,80.34,687.6,5.251,58.4,21.7,27.08,2.048,24.6,16.85,6164.92,81.31,688.4,5.262,58.33,21.745,27.031,2.049,24.574,16.834,INJECTOR_DEGRADATION,1.0,1.0,0.4,1.0,1.0,0.0,0.0,0.0,0.0
132.1,CLIMB,78.99,56.34,6607.08,16.79,79.804,0.9589,6167.74,80.34,687.58,5.251,58.39,21.698,27.08,2.048,24.6,16.849,6170.16,81.73,688.64,5.229,58.55,21.721,26.993,2.03,24.634,16.784,INJECTOR_DEGRADATION,1.0,1.0,0.4,1.0,1.0,0.0,0.0,0.0,0.0
132.2,CLIMB,78.98,56.34,6614.17,16.77,79.783,0.9587,6167.28,80.34,687.56,5.25,58.37,21.697,27.08,2.047,24.6,16.848,6163.31,81.11,686.45,5.243,58.35,21.534,27.145,2.084,24.626,16.695,INJECTOR_DEGRADATION,1.0,1.0,0.4,1.0,1.0,0.0,0.0,0.0,0.0
132.3,CLIMB,78.98,56.33,6621.25,16.76,79.763,0.9585,6166.82,80.34,687.54,5.25,58.36,21.695,27.08,2.047,24.6,16.846,6162.73,80.58,688.99,5.243,58.44,21.552,27.007,2.065,24.629,16.849,INJECTOR_DEGRADATION,1.0,1.0,0.4,1.0,1.0,0.0,0.0,0.0,0.0
132.4,CLIMB,78.97,56.33,6628.33,16.74,79.743,0.9583,6166.35,80.34,687.53,5.25,58.35,21.694,27.079,2.047,24.6,16.845,6164.34,80.32,689.54,5.321,58.29,21.565,27.105,2.02,24.649,16.916,INJECTOR_DEGRADATION,1.0,1.0,0.4,1.0,1.0,0.0,0.0,0.0,0.0
132.5,CLIMB,78.96,56.32,6635.42,16.73,79.722,0.9581,6165.89,80.34,687.51,5.25,58.34,21.692,27.079,2.047,24.6,16.844,6160.84,80.96,687.22,5.291,58.02,21.693,27.054,2.048,24.604,16.923,INJECTOR_DEGRADATION,1.0,1.0,0.4,1.0,1.0,0.0,0.0,0.0,0.0
132.6,CLIMB,78.95,56.32,6642.5,16.72,79.702,0.9579,6165.43,80.34,687.49,5.25,58.33,21.691,27.079,2.047,24.6,16.843,6162.88,80.11,687.92,5.257,57.86,21.735,27.103,2.029,24.588,16.917,INJECTOR_DEGRADATION,1.0,1.0,0.4,1.0,1.0,0.0,0.0,0.0,0.0
132.7,CLIMB,78.94,56.31,6649.58,16.7,79.681,0.9577,6164.97,80.34,687.47,5.25,58.32,21.689,27.079,2.047,24.6,16.841,6159.59,80.26,687.67,5.207,57.79,21.621,27.061,2.078,24.698,16.799,INJECTOR_DEGRADATION,1.0,1.0,0.4,1.0,1.0,0.0,0.0,0.0,0.0
132.8,CLIMB,78.93,56.31,6656.67,16.69,79.661,0.9575,6164.5,80.34,687.45,5.249,58.3,21.688,27.079,2.047,24.6,16.84,6162.02,80.36,686.96,5.272,58.58,21.614,27.113,2.04,24.596,16.895,INJECTOR_DEGRADATION,1.0,1.0,0.4,1.0,1.0,0.0,0.0,0.0,0.0
132.9,CLIMB,78.93,56.3,6663.75,16.67,79.641,0.9573,6164.04,80.34,687.43,5.249,58.29,21.686,27.079,2.047,24.6,16.839,6161.46,79.98,688.59,5.205,58.15,21.548,27.026,2.079,24.636,16.706,INJECTOR_DEGRADATION,1.0,1.0,0.4,1.0,1.0,0.0,0.0,0.0,0.0
133.0,CLIMB,78.92,56.3,6670.83,16.66,79.62,0.9571,6163.58,80.34,687.41,5.249,58.28,21.685,27.078,2.047,24.6,16.838,6160.42,80.69,688.77,5.238,58.32,21.844,27.018,2.105,24.466,17.004,INJECTOR_DEGRADATION,1.0,1.0,0.4,1.0,1.0,0.0,0.0,0.0,0.0
133.1,CLIMB,78.91,56.29,6677.92,16.64,79.6,0.9569,6163.12,80.34,687.39,5.249,58.27,21.683,27.078,2.047,24.6,16.836,6160.77,80.46,687.93,5.263,58.81,21.761,27.094,2.063,24.42,16.918,INJECTOR_DEGRADATION,1.0,1.0,0.4,1.0,1.0,0.0,0.0,0.0,0.0
133.2,CLIMB,78.9,56.29,6685.0,16.63,79.579,0.9567,6162.65,80.34,687.37,5.249,58.26,21.682,27.078,2.047,24.6,16.835,6149.97,80.71,687.68,5.287,58.33,21.808,27.078,2.041,24.579,17.001,INJECTOR_DEGRADATION,1.0,1.0,0.4,1.0,1.0,0.0,0.0,0.0,0.0
133.3,CLIMB,78.89,56.28,6692.08,16.62,79.559,0.9565,6162.19,80.34,687.35,5.249,58.24,21.68,27.078,2.046,24.6,16.834,6158.34,79.94,687.47,5.252,58.34,21.74,27.058,2.03,24.552,16.863,INJECTOR_DEGRADATION,1.0,1.0,0.4,1.0,1.0,0.0,0.0,0.0,0.0
133.4,CLIMB,78.88,56.27,6699.17,16.6,79.539,0.9563,6161.73,80.34,687.33,5.249,58.23,21.679,27.078,2.046,24.6,16.833,6165.74,80.86,688.06,5.269,58.14,21.753,27.081,1.963,24.565,16.864,INJECTOR_DEGRADATION,1.0,1.0,0.4,1.0,1.0,0.0,0.0,0.0,0.0
133.5,CLIMB,78.88,56.27,6706.25,16.59,79.518,0.9561,6161.27,80.34,687.31,5.248,58.22,21.677,27.078,2.046,24.6,16.831,6153.51,80.45,686.14,5.172,58.45,21.873,27.071,1.983,24.593,16.958,INJECTOR_DEGRADATION,1.0,1.0,0.4,1.0,1.0,0.0,0.0,0.0,0.0
133.6,CLIMB,78.87,56.26,6713.33,16.57,79.498,0.9559,6160.81,80.34,687.29,5.248,58.21,21.676,27.077,2.046,24.6,16.83,6171.39,80.85,686.98,5.232,58.33,21.684,27.121,2.084,24.552,16.827,INJECTOR_DEGRADATION,1.0,1.0,0.4,1.0,1.0,0.0,0.0,0.0,0.0
133.7,CLIMB,78.86,56.26,6720.42,16.56,79.478,0.9557,6160.34,80.34,687.27,5.248,58.2,21.674,27.077,2.046,24.6,16.829,6158.22,81.1,688.27,5.27,58.51,21.697,27.029,2.071,24.541,16.733,INJECTOR_DEGRADATION,1.0,1.0,0.4,1.0,1.0,0.0,0.0,0.0,0.0
133.8,CLIMB,78.85,56.25,6727.5,16.55,79.457,0.9555,6159.88,80.34,687.25,5.248,58.18,21.673,27.077,2.046,24.6,16.828,6163.08,80.97,686.98,5.301,58.1,21.664,27.105,2.033,24.566,17.087,INJECTOR_DEGRADATION,1.0,1.0,0.4,1.0,1.0,0.0,0.0,0.0,0.0
133.9,CLIMB,78.84,56.25,6734.58,16.53,79.437,0.9553,6159.42,80.34,687.23,5.248,58.17,21.671,27.077,2.046,24.6,16.826,6155.23,81.63,687.34,5.223,58.11,21.562,27.139,2.036,24.683,16.82,INJECTOR_DEGRADATION,1.0,1.0,0.4,1.0,1.0,0.0,0.0,0.0,0.0
134.0,CLIMB,78.83,56.24,6741.67,16.52,79.417,0.9551,6158.96,80.34,687.21,5.248,58.16,21.67,27.077,2.046,24.6,16.825,6146.35,80.62,688.3,5.205,58.45,21.636,27.08,1.991,24.645,16.819,INJECTOR_DEGRADATION,1.0,1.0,0.4,1.0,1.0,0.0,0.0,0.0,0.0
134.1,CLIMB,78.83,56.24,6748.75,16.5,79.396,0.9549,6158.5,80.34,687.19,5.247,58.15,21.668,27.077,2.046,24.6,16.824,6160.98,78.94,685.82,5.245,57.91,21.636,27.087,2.038,24.645,16.781,INJECTOR_DEGRADATION,1.0,1.0,0.4,1.0,1.0,0.0,0.0,0.0,0.0
134.2,CLIMB,78.82,56.23,6755.83,16.49,79.376,0.9547,6158.03,80.34,687.17,5.247,58.14,21.666,27.076,2.046,24.6,16.823,6159.47,80.15,687.81,5.217,57.9,21.79,27.139,2.078,24.586,16.793,INJECTOR_DEGRADATION,1.0,1.0,0.4,1.0,1.0,0.0,0.0,0.0,0.0
134.3,CLIMB,78.81,56.23,6762.92,16.47,79.356,0.9545,6157.57,80.34,687.15,5.247,58.12,21.665,27.076,2.046,24.6,16.821,6153.2,79.81,686.66,5.213,58.06,21.655,27.103,2.02,24.534,16.943,INJECTOR_DEGRADATION,1.0,1.0,0.4,1.0,1.0,0.0,0.0,0.0,0.0
134.4,CLIMB,78.8,56.22,6770.0,16.46,79.335,0.9543,6157.11,80.34,687.13,5.247,58.11,21.663,27.076,2.045,24.6,16.82,6154.84,80.34,683.34,5.208,57.44,21.783,27.141,2.094,24.565,16.911,INJECTOR_DEGRADATION,1.0,1.0,0.4,1.0,1.0,0.0,0.0,0.0,0.0
134.5,CLIMB,78.79,56.21,6777.08,16.45,79.315,0.9541,6156.65,80.34,687.11,5.247,58.1,21.662,27.076,2.045,24.6,16.819,6151.84,79.76,687.24,5.275,58.17,21.774,27.096,1.979,24.649,16.768,INJECTOR_DEGRADATION,1.0,1.0,0.4,1.0,1.0,0.0,0.0,0.0,0.0
134.6,CLIMB,78.78,56.21,6784.17,16.43,79.295,0.9539,6156.19,80.34,687.09,5.247,58.09,21.66,27.076,2.045,24.6,16.818,6155.85,80.68,685.95,5.216,57.68,21.659,27.092,2.017,24.639,16.734,INJECTOR_DEGRADATION,1.0,1.0,0.4,1.0,1.0,0.0,0.0,0.0,0.0
134.7,CLIMB,78.78,56.2,6791.25,16.42,79.274,0.9537,6155.72,80.34,687.07,5.247,58.08,21.659,27.076,2.045,24.6,16.816,6152.03,80.68,687.66,5.284,58.28,21.597,27.183,2.079,24.563,16.771,INJECTOR_DEGRADATION,1.0,1.0,0.4,1.0,1.0,0.0,0.0,0.0,0.0
134.8,CLIMB,78.77,56.2,6798.33,16.4,79.254,0.9535,6155.26,80.34,687.05,5.246,58.06,21.657,27.075,2.045,24.6,16.815,6154.17,79.86,688.7,5.262,57.69,21.672,27.183,2.065,24.662,16.624,INJECTOR_DEGRADATION,1.0,1.0,0.4,1.0,1.0,0.0,0.0,0.0,0.0
134.9,CLIMB,78.76,56.19,6805.42,16.39,79.234,0.9533,6154.8,80.34,687.03,5.246,58.05,21.656,27.075,2.045,24.6,16.814,6158.1,80.36,687.39,5.254,57.75,21.573,27.06,2.059,24.581,16.739,INJECTOR_DEGRADATION,1.0,1.0,0.4,1.0,1.0,0.0,0.0,0.0,0.0
135.0,CLIMB,78.75,56.19,6812.5,16.38,79.214,0.9531,6154.34,80.34,687.01,5.246,58.04,21.654,27.075,2.045,24.6,16.813,6158.98,79.92,687.06,5.187,58.0,21.701,27.113,2.027,24.596,16.704,INJECTOR_DEGRADATION,1.0,1.0,0.4,1.0,1.0,0.0,0.0,0.0,0.0
135.1,CLIMB,78.74,56.18,6819.58,16.36,79.193,0.9529,6153.88,80.34,686.99,5.246,58.03,21.653,27.075,2.045,24.6,16.811,6148.88,80.14,686.55,5.254,58.2,21.615,27.113,2.143,24.619,16.936,INJECTOR_DEGRADATION,1.0,1.0,0.4,1.0,1.0,0.0,0.0,0.0,0.0
135.2,CLIMB,78.73,56.18,6826.67,16.35,79.173,0.9527,6153.41,80.34,686.97,5.246,58.02,21.651,27.075,2.045,24.6,16.81,6152.47,79.76,685.83,5.298,57.91,21.584,27.034,1.976,24.618,16.801,INJECTOR_DEGRADATION,1.0,1.0,0.4,1.0,1.0,0.0,0.0,0.0,0.0
135.3,CLIMB,78.73,56.17,6833.75,16.33,79.153,0.9525,6152.95,80.34,686.95,5.246,58.0,21.65,27.075,2.045,24.6,16.809,6139.2,80.17,687.85,5.188,57.74,21.504,27.061,2.071,24.559,16.723,INJECTOR_DEGRADATION,1.0,1.0,0.4,1.0,1.0,0.0,0.0,0.0,0.0
135.4,CLIMB,78.72,56.17,6840.83,16.32,79.133,0.9523,6152.49,80.34,686.93,5.245,57.99,21.648,27.074,2.045,24.6,16.808,6149.82,80.93,685.32,5.26,57.92,21.768,27.056,1.988,24.599,16.837,INJECTOR_DEGRADATION,1.0,1.0,0.4,1.0,1.0,0.0,0.0,0.0,0.0
135.5,CLIMB,78.71,56.16,6847.92,16.3,79.112,0.9522,6152.03,80.34,686.91,5.245,57.98,21.647,27.074,2.044,24.6,16.806,6149.32,81.12,686.39,5.204,57.73,21.521,27.003,2.0,24.521,16.819,INJECTOR_DEGRADATION,1.0,1.0,0.4,1.0,1.0,0.0,0.0,0.0,0.0
135.6,CLIMB,78.7,56.16,6855.0,16.29,79.092,0.952,6151.57,80.34,686.89,5.245,57.97,21.645,27.074,2.044,24.6,16.805,6152.68,80.15,686.2,5.219,57.91,21.579,27.119,2.083,24.611,16.73,INJECTOR_DEGRADATION,1.0,1.0,0.4,1.0,1.0,0.0,0.0,0.0,0.0
135.7,CLIMB,78.69,56.15,6862.08,16.28,79.072,0.9518,6151.11,80.34,686.87,5.245,57.96,21.644,27.074,2.044,24.6,16.804,6151.17,80.56,687.14,5.271,57.67,21.725,27.09,2.036,24.637,16.854,INJECTOR_DEGRADATION,1.0,1.0,0.4,1.0,1.0,0.0,0.0,0.0,0.0
135.8,CLIMB,78.68,56.14,6869.17,16.26,79.052,0.9516,6150.65,80.33,686.85,5.245,57.94,21.642,27.074,2.044,24.6,16.803,6152.01,80.66,686.94,5.227,58.39,21.498,27.016,2.072,24.585,16.892,INJECTOR_DEGRADATION,1.0,1.0,0.4,1.0,1.0,0.0,0.0,0.0,0.0
135.9,CLIMB,78.68,56.14,6876.25,16.25,79.031,0.9514,6150.18,80.33,686.83,5.245,57.93,21.641,27.074,2.044,24.6,16.801,6150.84,80.17,688.4,5.267,58.23,21.577,27.07,2.104,24.548,16.876,INJECTOR_DEGRADATION,1.0,1.0,0.4,1.0,1.0,0.0,0.0,0.0,0.0
136.0,CLIMB,78.67,56.13,6883.33,16.23,79.011,0.9512,6149.72,80.33,686.81,5.245,57.92,21.639,27.073,2.044,24.6,16.8,6150.69,80.78,686.49,5.214,57.95,21.689,27.178,1.989,24.691,16.809,INJECTOR_DEGRADATION,1.0,1.0,0.4,1.0,1.0,0.0,0.0,0.0,0.0
136.1,CLIMB,78.66,56.13,6890.42,16.22,78.991,0.951,6149.26,80.33,686.79,5.244,57.91,21.638,27.073,2.044,24.6,16.799,6144.58,80.45,686.1,5.252,57.56,21.491,27.121,1.946,24.623,17.028,INJECTOR_DEGRADATION,1.0,1.0,0.4,1.0,1.0,0.0,0.0,0.0,0.0
136.2,CLIMB,78.65,56.12,6897.5,16.21,78.971,0.9508,6148.8,80.33,686.77,5.244,57.9,21.636,27.073,2.044,24.6,16.798,6141.89,80.74,685.88,5.301,58.04,21.537,27.086,1.991,24.648,16.735,INJECTOR_DEGRADATION,1.0,1.0,0.4,1.0,1.0,0.0,0.0,0.0,0.0
136.3,CLIMB,78.64,56.12,6904.58,16.19,78.95,0.9506,6148.34,80.33,686.75,5.244,57.88,21.635,27.073,2.044,24.6,16.796,6146.38,80.53,690.09,5.235,57.68,21.727,26.993,2.025,24.569,16.734,INJECTOR_DEGRADATION,1.0,1.0,0.4,1.0,1.0,0.0,0.0,0.0,0.0
136.4,CLIMB,78.63,56.11,6911.67,16.18,78.93,0.9504,6147.88,80.33,686.73,5.244,57.87,21.633,27.073,2.044,24.6,16.795,6138.52,79.77,686.98,5.28,58.0,21.461,27.081,1.987,24.576,16.599,INJECTOR_DEGRADATION,1.0,1.0,0.4,1.0,1.0,0.0,0.0,0.0,0.0
136.5,CLIMB,78.63,56.11,6918.75,16.16,78.91,0.9502,6147.41,80.33,686.71,5.244,57.86,21.632,27.073,2.044,24.6,16.794,6145.55,79.97,685.09,5.308,58.18,21.694,26.989,2.078,24.632,16.955,INJECTOR_DEGRADATION,1.0,1.0,0.4,1.0,1.0,0.0,0.0,0.0,0.0
136.6,CLIMB,78.62,56.1,6925.83,16.15,78.89,0.95,6146.95,80.33,686.69,5.244,57.85,21.63,27.072,2.044,24.6,16.793,6148.0,80.26,685.98,5.241,58.27,21.559,27.106,2.027,24.521,16.856,INJECTOR_DEGRADATION,1.0,1.0,0.4,1.0,1.0,0.0,0.0,0.0,0.0
136.7,CLIMB,78.61,56.1,6932.92,16.13,78.87,0.9498,6146.49,80.33,686.67,5.244,57.84,21.628,27.072,2.043,24.6,16.791,6154.75,80.11,686.14,5.229,57.67,21.525,27.048,2.058,24.697,16.787,INJECTOR_DEGRADATION,1.0,1.0,0.4,1.0,1.0,0.0,0.0,0.0,0.0
136.8,CLIMB,78.6,56.09,6940.0,16.12,78.849,0.9496,6146.03,80.33,686.65,5.243,57.82,21.627,27.072,2.043,24.6,16.79,6143.52,79.71,683.81,5.228,57.85,21.639,27.102,2.075,24.54,16.862,INJECTOR_DEGRADATION,1.0,1.0,0.4,1.0,1.0,0.0,0.0,0.0,0.0
136.9,CLIMB,78.59,56.08,6947.08,16.11,78.829,0.9494,6145.57,80.33,686.63,5.243,57.81,21.625,27.072,2.043,24.6,16.789,6152.97,80.38,684.69,5.25,57.83,21.514,27.107,2.079,24.583,16.795,INJECTOR_DEGRADATION,1.0,1.0,0.4,1.0,1.0,0.0,0.0,0.0,0.0
137.0,CLIMB,78.58,56.08,6954.17,16.09,78.809,0.9492,6145.11,80.33,686.61,5.243,57.8,21.624,27.072,2.043,24.6,16.788,6148.42,80.28,685.4,5.297,57.37,21.802,27.069,2.093,24.662,16.636,INJECTOR_DEGRADATION,1.0,1.0,0.4,1.0,1.0,0.0,0.0,0.0,0.0
137.1,CLIMB,78.58,56.07,6961.25,16.08,78.789,0.949,6144.65,80.33,686.59,5.243,57.79,21.622,27.072,2.043,24.6,16.786,6149.96,81.19,685.83,5.223,57.62,21.539,27.059,2.131,24.558,16.728,INJECTOR_DEGRADATION,1.0,1.0,0.4,1.0,1.0,0.0,0.0,0.0,0.0
137.2,CLIMB,78.57,56.07,6968.33,16.06,78.769,0.9488,6144.19,80.33,686.57,5.243,57.78,21.621,27.071,2.043,24.6,16.785,6139.35,80.76,685.39,5.209,57.55,21.611,27.029,1.964,24.55,16.699,INJECTOR_DEGRADATION,1.0,1.0,0.4,1.0,1.0,0.0,0.0,0.0,0.0
137.3,CLIMB,78.56,56.06,6975.42,16.05,78.749,0.9486,6143.72,80.33,686.55,5.243,57.76,21.619,27.071,2.043,24.6,16.784,6145.06,80.8,686.46,5.214,57.95,21.594,27.117,2.085,24.551,16.76,INJECTOR_DEGRADATION,1.0,1.0,0.4,1.0,1.0,0.0,0.0,0.0,0.0
137.4,CLIMB,78.55,56.06,6982.5,16.04,78.728,0.9484,6143.26,80.33,686.53,5.242,57.75,21.618,27.071,2.043,24.6,16.783,6152.75,81.06,688.57,5.274,57.74,21.606,27.069,2.155,24.603,16.904,INJECTOR_DEGRADATION,1.0,1.0,0.4,1.0,1.0,0.0,0.0,0.0,0.0
137.5,CLIMB,78.54,56.05,6989.58,16.02,78.708,0.9482,6142.8,80.33,686.52,5.242,57.74,21.616,27.071,2.043,24.6,16.781,6145.15,80.23,684.25,5.293,57.53,21.427,27.027,1.969,24.55,16.827,INJECTOR_DEGRADATION,1.0,1.0,0.4,1.0,1.0,0.0,0.0,0.0,0.0
137.6,CLIMB,78.53,56.05,6996.67,16.01,78.688,0.948,6142.34,80.33,686.5,5.242,57.73,21.615,27.071,2.043,24.6,16.78,6134.54,80.16,683.4,5.288,57.67,21.643,26.991,2.063,24.605,16.733,INJECTOR_DEGRADATION,1.0,1.0,0.4,1.0,1.0,0.0,0.0,0.0,0.0
137.7,CLIMB,78.53,56.04,7003.75,15.99,78.668,0.9478,6141.88,80.33,686.48,5.242,57.72,21.613,27.071,2.043,24.6,16.779,6140.09,80.07,688.16,5.198,58.0,21.663,27.118,2.043,24.653,16.614,INJECTOR_DEGRADATION,1.0,1.0,0.4,1.0,1.0,0.0,0.0,0.0,0.0
137.8,CLIMB,78.52,56.04,7010.83,15.98,78.648,0.9476,6141.42,80.33,686.46,5.242,57.7,21.612,27.07,2.042,24.6,16.778,6148.8,79.45,687.56,5.245,57.4,21.648,27.117,1.973,24.629,16.779,INJECTOR_DEGRADATION,1.0,1.0,0.4,1.0,1.0,0.0,0.0,0.0,0.0
137.9,CLIMB,78.51,56.03,7017.92,15.96,78.628,0.9474,6140.96,80.33,686.44,5.242,57.69,21.61,27.07,2.042,24.6,16.776,6144.28,79.92,687.94,5.264,58.35,21.745,26.984,2.008,24.632,16.842,INJECTOR_DEGRADATION,1.0,1.0,0.4,1.0,1.0,0.0,0.0,0.0,0.0
138.0,CLIMB,78.5,56.03,7025.0,15.95,78.608,0.9472,6140.5,80.33,686.42,5.242,57.68,21.609,27.07,2.042,24.6,16.775,6149.1,80.11,687.57,5.267,58.02,21.666,27.09,2.004,24.574,16.728,INJECTOR_DEGRADATION,1.0,1.0,0.4,1.0,1.0,0.0,0.0,0.0,0.0
138.1,CLIMB,78.49,56.02,7032.08,15.94,78.588,0.947,6140.04,80.33,686.4,5.241,57.67,21.607,27.07,2.042,24.6,16.774,6136.2,80.25,685.06,5.263,57.58,21.619,27.057,2.019,24.586,16.846,INJECTOR_DEGRADATION,1.0,1.0,0.4,1.0,1.0,0.0,0.0,0.0,0.0
138.2,CLIMB,78.48,56.01,7039.17,15.92,78.567,0.9468,6139.58,80.33,686.38,5.241,57.66,21.606,27.07,2.042,24.6,16.773,6138.48,80.32,686.29,5.241,57.71,21.686,27.11,2.058,24.604,16.724,INJECTOR_DEGRADATION,1.0,1.0,0.4,1.0,1.0,0.0,0.0,0.0,0.0
138.3,CLIMB,78.48,56.01,7046.25,15.91,78.547,0.9466,6139.11,80.33,686.36,5.241,57.64,21.604,27.07,2.042,24.6,16.771,6144.99,80.15,687.33,5.245,58.13,21.498,27.047,2.085,24.705,16.723,INJECTOR_DEGRADATION,1.0,1.0,0.4,1.0,1.0,0.0,0.0,0.0,0.0
138.4,CLIMB,78.47,56.0,7053.33,15.89,78.527,0.9465,6138.65,80.33,686.34,5.241,57.63,21.603,27.069,2.042,24.6,16.77,6140.83,79.18,689.07,5.245,57.5,21.57,27.065,1.977,24.569,16.726,INJECTOR_DEGRADATION,1.0,1.0,0.4,1.0,1.0,0.0,0.0,0.0,0.0
138.5,CLIMB,78.46,56.0,7060.42,15.88,78.507,0.9463,6138.19,80.33,686.32,5.241,57.62,21.601,27.069,2.042,24.6,16.769,6135.88,79.94,687.02,5.229,58.17,21.589,27.028,2.055,24.64,16.851,INJECTOR_DEGRADATION,1.0,1.0,0.4,1.0,1.0,0.0,0.0,0.0,0.0
138.6,CLIMB,78.45,55.99,7067.5,15.87,78.487,0.9461,6137.73,80.33,686.3,5.241,57.61,21.6,27.069,2.042,24.6,16.768,6139.91,80.51,687.43,5.293,57.11,21.685,27.105,2.03,24.59,16.856,INJECTOR_DEGRADATION,1.0,1.0,0.4,1.0,1.0,0.0,0.0,0.0,0.0
138.7,CLIMB,78.44,55.99,7074.58,15.85,78.467,0.9459,6137.27,80.33,686.28,5.241,57.6,21.598,27.069,2.042,24.6,16.766,6133.87,81.11,685.79,5.263,57.43,21.58,27.113,2.058,24.635,16.769,INJECTOR_DEGRADATION,1.0,1.0,0.4,1.0,1.0,0.0,0.0,0.0,0.0
138.8,CLIMB,78.43,55.98,7081.67,15.84,78.447,0.9457,6136.81,80.33,686.26,5.24,57.58,21.597,27.069,2.042,24.6,16.765,6143.8,81.31,687.62,5.268,57.42,21.777,27.074,2.051,24.469,16.803,INJECTOR_DEGRADATION,1.0,1.0,0.4,1.0,1.0,0.0,0.0,0.0,0.0
138.9,CLIMB,78.43,55.98,7088.75,15.82,78.427,0.9455,6136.35,80.33,686.24,5.24,57.57,21.595,27.069,2.041,24.6,16.764,6128.43,80.05,687.17,5.243,57.63,21.508,27.036,1.98,24.652,16.808,INJECTOR_DEGRADATION,1.0,1.0,0.4,1.0,1.0,0.0,0.0,0.0,0.0
139.0,CLIMB,78.42,55.97,7095.83,15.81,78.407,0.9453,6135.89,80.33,686.22,5.24,57.56,21.593,27.068,2.041,24.6,16.763,6134.32,80.4,686.35,5.2,57.77,21.562,27.187,2.125,24.57,16.836,INJECTOR_DEGRADATION,1.0,1.0,0.4,1.0,1.0,0.0,0.0,0.0,0.0
139.1,CLIMB,78.41,55.97,7102.92,15.79,78.387,0.9451,6135.43,80.33,686.2,5.24,57.55,21.592,27.068,2.041,24.6,16.761,6134.73,80.69,684.91,5.252,57.82,21.681,27.027,2.085,24.587,16.752,INJECTOR_DEGRADATION,1.0,1.0,0.4,1.0,1.0,0.0,0.0,0.0,0.0
139.2,CLIMB,78.4,55.96,7110.0,15.78,78.367,0.9449,6134.97,80.33,686.18,5.24,57.53,21.59,27.068,2.041,24.6,16.76,6146.21,81.08,685.42,5.194,57.36,21.584,27.096,2.076,24.531,16.594,INJECTOR_DEGRADATION,1.0,1.0,0.4,1.0,1.0,0.0,0.0,0.0,0.0
139.3,CLIMB,78.39,55.95,7117.08,15.77,78.346,0.9447,6134.51,80.33,686.16,5.24,57.52,21.589,27.068,2.041,24.6,16.759,6138.5,80.85,686.64,5.28,57.31,21.581,26.971,2.052,24.668,16.693,INJECTOR_DEGRADATION,1.0,1.0,0.4,1.0,1.0,0.0,0.0,0.0,0.0
139.4,CLIMB,78.38,55.95,7124.17,15.75,78.326,0.9445,6134.05,80.33,686.14,5.239,57.51,21.587,27.068,2.041,24.6,16.758,6138.37,80.19,688.24,5.231,57.79,21.675,27.054,2.006,24.613,16.662,INJECTOR_DEGRADATION,1.0,1.0,0.4,1.0,1.0,0.0,0.0,0.0,0.0
139.5,CLIMB,78.38,55.94,7131.25,15.74,78.306,0.9443,6133.58,80.33,686.12,5.239,57.5,21.586,27.068,2.041,24.6,16.756,6129.71,81.07,688.1,5.24,57.27,21.545,27.01,2.018,24.56,16.585,INJECTOR_DEGRADATION,1.0,1.0,0.4,1.0,1.0,0.0,0.0,0.0,0.0
139.6,CLIMB,78.37,55.94,7138.33,15.72,78.286,0.9441,6133.12,80.33,686.1,5.239,57.49,21.584,27.067,2.041,24.6,16.755,6131.74,80.69,684.68,5.227,57.36,21.565,27.047,1.982,24.703,16.745,INJECTOR_DEGRADATION,1.0,1.0,0.4,1.0,1.0,0.0,0.0,0.0,0.0
139.7,CLIMB,78.36,55.93,7145.42,15.71,78.266,0.9439,6132.66,80.33,686.08,5.239,57.47,21.583,27.067,2.041,24.6,16.754,6140.2,79.47,685.16,5.243,57.61,21.544,27.148,1.96,24.577,16.687,INJECTOR_DEGRADATION,1.0,1.0,0.4,1.0,1.0,0.0,0.0,0.0,0.0
139.8,CLIMB,78.35,55.93,7152.5,15.7,78.246,0.9437,6132.2,80.33,686.06,5.239,57.46,21.581,27.067,2.041,24.6,16.753,6134.23,79.98,686.83,5.217,57.66,21.486,27.093,2.074,24.558,16.78,INJECTOR_DEGRADATION,1.0,1.0,0.4,1.0,1.0,0.0,0.0,0.0,0.0
139.9,CLIMB,78.34,55.92,7159.58,15.68,78.226,0.9435,6131.74,80.33,686.04,5.239,57.45,21.58,27.067,2.041,24.6,16.751,6132.12,80.19,684.42,5.223,57.08,21.676,27.007,2.091,24.502,16.763,INJECTOR_DEGRADATION,1.0,1.0,0.4,1.0,1.0,0.0,0.0,0.0,0.0
140.0,CLIMB,78.33,55.92,7166.67,15.67,78.206,0.9433,6131.28,80.33,686.02,5.239,57.44,21.578,27.067,2.04,24.6,16.75,6127.86,80.68,686.31,5.283,56.94,21.542,27.127,2.117,24.499,16.791,INJECTOR_DEGRADATION,1.0,1.0,0.4,1.0,1.0,0.0,0.0,0.0,0.0
140.1,CLIMB,78.33,55.91,7173.75,15.65,78.186,0.9431,6130.82,80.33,686.0,5.238,57.43,21.577,27.067,2.04,24.6,16.749,6133.73,79.78,684.89,5.26,57.53,21.57,27.083,2.012,24.622,16.734,INJECTOR_DEGRADATION,1.0,1.0,0.4,1.0,1.0,0.0,0.0,0.0,0.0
140.2,CLIMB,78.32,55.91,7180.83,15.64,78.166,0.9429,6130.36,80.33,685.98,5.238,57.41,21.575,27.066,2.04,24.6,16.748,6137.03,80.64,687.24,5.251,57.01,21.524,27.075,2.057,24.524,16.771,INJECTOR_DEGRADATION,1.0,1.0,0.4,1.0,1.0,0.0,0.0,0.0,0.0
140.3,CLIMB,78.31,55.9,7187.92,15.62,78.146,0.9427,6129.9,80.33,685.96,5.238,57.4,21.574,27.066,2.04,24.6,16.746,6118.26,80.89,687.07,5.188,57.53,21.528,27.063,2.016,24.603,16.675,INJECTOR_DEGRADATION,1.0,1.0,0.4,1.0,1.0,0.0,0.0,0.0,0.0
140.4,CLIMB,78.3,55.9,7195.0,15.61,78.126,0.9425,6129.44,80.33,685.94,5.238,57.39,21.572,27.066,2.04,24.6,16.745,6125.23,80.46,684.68,5.217,57.31,21.716,27.046,2.103,24.571,17.057,INJECTOR_DEGRADATION,1.0,1.0,0.4,1.0,1.0,0.0,0.0,0.0,0.0
140.5,CLIMB,78.29,55.89,7202.08,15.6,78.106,0.9423,6128.98,80.33,685.92,5.238,57.38,21.571,27.066,2.04,24.6,16.744,6126.12,79.87,684.71,5.243,57.14,21.511,27.154,1.959,24.617,16.661,INJECTOR_DEGRADATION,1.0,1.0,0.4,1.0,1.0,0.0,0.0,0.0,0.0
140.6,CLIMB,78.28,55.88,7209.17,15.58,78.086,0.9422,6128.52,80.32,685.9,5.238,57.36,21.569,27.066,2.04,24.6,16.743,6123.54,81.11,685.98,5.221,57.24,21.377,27.076,1.997,24.706,16.7,INJECTOR_DEGRADATION,1.0,1.0,0.4,1.0,1.0,0.0,0.0,0.0,0.0
140.7,CLIMB,78.28,55.88,7216.25,15.57,78.066,0.942,6128.06,80.32,685.88,5.238,57.35,21.568,27.066,2.04,24.6,16.741,6121.88,80.17,684.34,5.288,57.53,21.736,27.103,2.028,24.597,16.779,INJECTOR_DEGRADATION,1.0,1.0,0.4,1.0,1.0,0.0,0.0,0.0,0.0
140.8,CLIMB,78.27,55.87,7223.33,15.55,78.046,0.9418,6127.6,80.32,685.86,5.237,57.34,21.566,27.065,2.04,24.6,16.74,6120.23,80.03,684.17,5.268,56.9,21.632,27.065,2.039,24.563,16.749,INJECTOR_DEGRADATION,1.0,1.0,0.4,1.0,1.0,0.0,0.0,0.0,0.0
140.9,CLIMB,78.26,55.87,7230.42,15.54,78.026,0.9416,6127.14,80.32,685.84,5.237,57.33,21.565,27.065,2.04,24.6,16.739,6124.76,80.45,686.69,5.236,56.97,21.69,27.07,2.042,24.562,16.667,INJECTOR_DEGRADATION,1.0,1.0,0.4,1.0,1.0,0.0,0.0,0.0,0.0
141.0,CLIMB,78.25,55.86,7237.5,15.53,78.006,0.9414,6126.68,80.32,685.82,5.237,57.32,21.563,27.065,2.04,24.6,16.738,6126.44,80.44,684.95,5.203,57.23,21.596,27.073,2.012,24.674,16.696,INJECTOR_DEGRADATION,1.0,1.0,0.4,1.0,1.0,0.0,0.0,0.0,0.0
141.1,CLIMB,78.24,55.86,7244.58,15.51,77.986,0.9412,6126.22,80.32,685.8,5.237,57.3,21.561,27.065,2.039,24.6,16.736,6132.99,80.84,686.74,5.229,57.13,21.546,27.037,2.057,24.596,16.716,INJECTOR_DEGRADATION,1.0,1.0,0.4,1.0,1.0,0.0,0.0,0.0,0.0
141.2,CLIMB,78.23,55.85,7251.67,15.5,77.966,0.941,6125.76,80.32,685.78,5.237,57.29,21.56,27.065,2.039,24.6,16.735,6129.51,81.04,688.51,5.248,56.78,21.56,26.998,2.09,24.655,16.731,INJECTOR_DEGRADATION,1.0,1.0,0.4,1.0,1.0,0.0,0.0,0.0,0.0
141.3,CLIMB,78.23,55.85,7258.75,15.48,77.946,0.9408,6125.3,80.32,685.76,5.237,57.28,21.558,27.065,2.039,24.6,16.734,6123.39,80.89,684.17,5.239,57.16,21.749,27.081,2.041,24.599,16.796,INJECTOR_DEGRADATION,1.0,1.0,0.4,1.0,1.0,0.0,0.0,0.0,0.0
141.4,CLIMB,78.22,55.84,7265.83,15.47,77.926,0.9406,6124.84,80.32,685.74,5.236,57.27,21.557,27.064,2.039,24.6,16.733,6121.31,80.51,687.96,5.224,57.3,21.648,27.078,2.183,24.614,16.649,INJECTOR_DEGRADATION,1.0,1.0,0.4,1.0,1.0,0.0,0.0,0.0,0.0
141.5,CLIMB,78.21,55.84,7272.92,15.45,77.907,0.9404,6124.38,80.32,685.72,5.236,57.25,21.555,27.064,2.039,24.6,16.731,6125.68,80.3,684.81,5.256,57.45,21.575,27.045,2.013,24.632,16.678,INJECTOR_DEGRADATION,1.0,1.0,0.4,1.0,1.0,0.0,0.0,0.0,0.0
141.6,CLIMB,78.2,55.83,7280.0,15.44,77.887,0.9402,6123.92,80.32,685.7,5.236,57.24,21.554,27.064,2.039,24.6,16.73,6122.53,80.24,685.77,5.247,57.55,21.573,27.031,2.061,24.507,16.827,INJECTOR_DEGRADATION,1.0,1.0,0.4,1.0,1.0,0.0,0.0,0.0,0.0
141.7,CLIMB,78.19,55.82,7287.08,15.43,77.867,0.94,6123.46,80.32,685.68,5.236,57.23,21.552,27.064,2.039,24.6,16.729,6121.93,80.16,690.05,5.248,56.75,21.496,26.957,2.03,24.624,16.707,INJECTOR_DEGRADATION,1.0,1.0,0.4,1.0,1.0,0.0,0.0,0.0,0.0
141.8,CLIMB,78.18,55.82,7294.17,15.41,77.847,0.9398,6123.0,80.32,685.66,5.236,57.22,21.551,27.064,2.039,24.6,16.728,6121.38,80.39,686.79,5.335,57.68,21.441,27.066,2.029,24.583,16.635,INJECTOR_DEGRADATION,1.0,1.0,0.4,1.0,1.0,0.0,0.0,0.0,0.0
141.9,CLIMB,78.18,55.81,7301.25,15.4,77.827,0.9396,6122.54,80.32,685.64,5.236,57.21,21.549,27.064,2.039,24.6,16.726,6128.35,80.31,689.05,5.257,56.9,21.81,27.106,2.064,24.595,16.779,INJECTOR_DEGRADATION,1.0,1.0,0.4,1.0,1.0,0.0,0.0,0.0,0.0
142.0,CLIMB,78.17,55.81,7308.33,15.38,77.807,0.9394,6122.08,80.32,685.62,5.236,57.19,21.548,27.063,2.039,24.6,16.725,6120.62,80.55,686.12,5.182,57.04,21.556,27.059,2.048,24.525,16.581,INJECTOR_DEGRADATION,1.0,1.0,0.4,1.0,1.0,0.0,0.0,0.0,0.0
142.1,CLIMB,78.16,55.8,7315.42,15.37,77.787,0.9392,6121.62,80.32,685.6,5.235,57.18,21.546,27.063,2.039,24.6,16.724,6118.11,80.22,685.1,5.25,57.49,21.539,27.074,2.032,24.609,16.758,INJECTOR_DEGRADATION,1.0,1.0,0.4,1.0,1.0,0.0,0.0,0.0,0.0
142.2,CLIMB,78.15,55.8,7322.5,15.36,77.767,0.939,6121.16,80.32,685.58,5.235,57.17,21.545,27.063,2.038,24.6,16.723,6121.81,80.64,685.1,5.219,57.02,21.585,27.101,1.964,24.646,16.717,INJECTOR_DEGRADATION,1.0,1.0,0.4,1.0,1.0,0.0,0.0,0.0,0.0
142.3,CLIMB,78.14,55.79,7329.58,15.34,77.747,0.9388,6120.7,80.32,685.56,5.235,57.16,21.543,27.063,2.038,24.6,16.721,6117.73,79.98,686.56,5.245,57.32,21.423,27.059,2.078,24.603,16.622,INJECTOR_DEGRADATION,1.0,1.0,0.4,1.0,1.0,0.0,0.0,0.0,0.0
142.4,CLIMB,78.13,55.79,7336.67,15.33,77.727,0.9387,6120.24,80.32,685.54,5.235,57.14,21.542,27.063,2.038,24.6,16.72,6128.48,80.46,685.57,5.214,56.99,21.486,27.02,2.042,24.7,16.807,INJECTOR_DEGRADATION,1.0,1.0,0.4,1.0,1.0,0.0,0.0,0.0,0.0
142.5,CLIMB,78.13,55.78,7343.75,15.31,77.707,0.9385,6119.78,80.32,685.52,5.235,57.13,21.54,27.063,2.038,24.6,16.719,6121.14,80.23,686.77,5.194,57.02,21.604,26.994,2.019,24.62,16.789,INJECTOR_DEGRADATION,1.0,1.0,0.4,1.0,1.0,0.0,0.0,0.0,0.0
142.6,CLIMB,78.12,55.78,7350.83,15.3,77.687,0.9383,6119.32,80.32,685.5,5.235,57.12,21.539,27.062,2.038,24.6,16.718,6118.17,80.78,686.36,5.221,57.42,21.496,26.977,1.97,24.555,16.771,INJECTOR_DEGRADATION,1.0,1.0,0.4,1.0,1.0,0.0,0.0,0.0,0.0
142.7,CLIMB,78.11,55.77,7357.92,15.28,77.668,0.9381,6118.86,80.32,685.48,5.235,57.11,21.537,27.062,2.038,24.6,16.716,6120.58,80.83,687.39,5.229,56.97,21.406,27.05,2.068,24.554,16.732,INJECTOR_DEGRADATION,1.0,1.0,0.4,1.0,1.0,0.0,0.0,0.0,0.0
142.8,CLIMB,78.1,55.77,7365.0,15.27,77.648,0.9379,6118.4,80.32,685.46,5.234,57.1,21.536,27.062,2.038,24.6,16.715,6120.41,80.13,687.54,5.166,57.19,21.615,27.055,2.079,24.684,16.716,INJECTOR_DEGRADATION,1.0,1.0,0.4,1.0,1.0,0.0,0.0,0.0,0.0
142.9,CLIMB,78.09,55.76,7372.08,15.26,77.628,0.9377,6117.94,80.32,685.44,5.234,57.08,21.534,27.062,2.038,24.6,16.714,6117.94,79.87,684.21,5.211,56.61,21.719,27.061,1.994,24.605,16.838,INJECTOR_DEGRADATION,1.0,1.0,0.4,1.0,1.0,0.0,0.0,0.0,0.0
143.0,CLIMB,78.08,55.75,7379.17,15.24,77.608,0.9375,6117.48,80.32,685.42,5.234,57.07,21.532,27.062,2.038,24.6,16.713,6123.26,79.91,685.35,5.236,56.91,21.59,26.986,2.131,24.567,16.905,INJECTOR_DEGRADATION,1.0,1.0,0.4,1.0,1.0,0.0,0.0,0.0,0.0
143.1,CLIMB,78.08,55.75,7386.25,15.23,77.588,0.9373,6117.02,80.32,685.4,5.234,57.06,21.531,27.062,2.038,24.6,16.711,6122.42,79.83,686.0,5.213,56.91,21.607,27.068,2.043,24.594,16.732,INJECTOR_DEGRADATION,1.0,1.0,0.4,1.0,1.0,0.0,0.0,0.0,0.0
143.2,CLIMB,78.07,55.74,7393.33,15.21,77.568,0.9371,6116.56,80.32,685.38,5.234,57.05,21.529,27.061,2.038,24.6,16.71,6120.24,79.76,685.01,5.219,57.01,21.519,27.031,2.017,24.518,16.642,INJECTOR_DEGRADATION,1.0,1.0,0.4,1.0,1.0,0.0,0.0,0.0,0.0
143.3,CLIMB,78.06,55.74,7400.42,15.2,77.548,0.9369,6116.1,80.32,685.36,5.234,57.03,21.528,27.061,2.038,24.6,16.709,6114.4,80.44,686.88,5.234,57.1,21.368,27.005,1.956,24.562,16.781,INJECTOR_DEGRADATION,1.0,1.0,0.4,1.0,1.0,0.0,0.0,0.0,0.0
143.4,CLIMB,78.05,55.73,7407.5,15.19,77.529,0.9367,6115.64,80.32,685.34,5.233,57.02,21.526,27.061,2.037,24.6,16.708,6117.32,80.77,686.92,5.22,56.86,21.631,27.014,2.006,24.572,16.785,INJECTOR_DEGRADATION,1.0,1.0,0.4,1.0,1.0,0.0,0.0,0.0,0.0
143.5,CLIMB,78.04,55.73,7414.58,15.17,77.509,0.9365,6115.18,80.32,685.32,5.233,57.01,21.525,27.061,2.037,24.6,16.706,6115.57,81.18,686.62,5.209,56.91,21.614,27.035,2.025,24.601,16.838,INJECTOR_DEGRADATION,1.0,1.0,0.4,1.0,1.0,0.0,0.0,0.0,0.0
143.6,CLIMB,78.03,55.72,7421.67,15.16,77.489,0.9363,6114.72,80.32,685.3,5.233,57.0,21.523,27.061,2.037,24.6,16.705,6116.47,80.34,684.79,5.22,57.38,21.428,27.007,2.076,24.64,16.613,INJECTOR_DEGRADATION,1.0,1.0,0.4,1.0,1.0,0.0,0.0,0.0,0.0
143.7,CLIMB,78.03,55.72,7428.75,15.14,77.469,0.9361,6114.26,80.32,685.28,5.233,56.99,21.522,27.061,2.037,24.6,16.704,6116.79,80.79,685.93,5.265,56.54,21.524,27.078,2.056,24.552,16.671,INJECTOR_DEGRADATION,1.0,1.0,0.4,1.0,1.0,0.0,0.0,0.0,0.0
143.8,CLIMB,78.02,55.71,7435.83,15.13,77.449,0.9359,6113.8,80.32,685.26,5.233,56.97,21.52,27.06,2.037,24.6,16.703,6108.32,80.13,685.08,5.24,56.97,21.523,27.105,2.057,24.559,16.754,INJECTOR_DEGRADATION,1.0,1.0,0.4,1.0,1.0,0.0,0.0,0.0,0.0
143.9,CLIMB,78.01,55.71,7442.92,15.11,77.429,0.9357,6113.34,80.32,685.24,5.233,56.96,21.519,27.06,2.037,24.6,16.701,6124.82,80.44,684.8,5.22,57.0,21.547,27.091,2.083,24.584,16.724,INJECTOR_DEGRADATION,1.0,1.0,0.4,1.0,1.0,0.0,0.0,0.0,0.0
144.0,CLIMB,78.0,55.7,7450.0,15.1,77.41,0.9356,6112.88,80.32,685.22,5.233,56.95,21.517,27.06,2.037,24.6,16.7,6107.87,80.74,684.75,5.222,57.29,21.708,27.126,2.112,24.616,16.7,INJECTOR_DEGRADATION,1.0,1.0,0.4,1.0,1.0,0.0,0.0,0.0,0.0
144.1,CLIMB,77.99,55.69,7457.08,15.09,77.39,0.9354,6112.42,80.32,685.21,5.232,56.94,21.516,27.06,2.037,24.6,16.699,6114.17,80.13,683.66,5.268,56.78,21.466,27.032,2.006,24.606,16.74,INJECTOR_DEGRADATION,1.0,1.0,0.4,1.0,1.0,0.0,0.0,0.0,0.0
144.2,CLIMB,77.98,55.69,7464.17,15.07,77.37,0.9352,6111.96,80.32,685.19,5.232,56.92,21.514,27.06,2.037,24.6,16.698,6105.79,80.63,685.53,5.236,57.27,21.609,27.134,2.112,24.602,16.754,INJECTOR_DEGRADATION,1.0,1.0,0.4,1.0,1.0,0.0,0.0,0.0,0.0
144.3,CLIMB,77.98,55.68,7471.25,15.06,77.35,0.935,6111.5,80.32,685.17,5.232,56.91,21.513,27.06,2.037,24.6,16.696,6108.2,80.05,686.49,5.28,57.22,21.488,27.054,2.003,24.612,16.538,INJECTOR_DEGRADATION,1.0,1.0,0.4,1.0,1.0,0.0,0.0,0.0,0.0
144.4,CLIMB,77.97,55.68,7478.33,15.04,77.33,0.9348,6111.04,80.32,685.15,5.232,56.9,21.511,27.059,2.037,24.6,16.695,6100.8,81.17,686.25,5.251,57.1,21.491,27.021,2.013,24.617,16.773,INJECTOR_DEGRADATION,1.0,1.0,0.4,1.0,1.0,0.0,0.0,0.0,0.0
144.5,CLIMB,77.96,55.67,7485.42,15.03,77.311,0.9346,6110.59,80.32,685.13,5.232,56.89,21.51,27.059,2.036,24.6,16.694,6111.97,80.31,686.72,5.292,56.7,21.271,27.019,2.109,24.574,16.71,INJECTOR_DEGRADATION,1.0,1.0,0.4,1.0,1.0,0.0,0.0,0.0,0.0
144.6,CLIMB,77.95,55.67,7492.5,15.02,77.291,0.9344,6110.13,80.32,685.11,5.232,56.87,21.508,27.059,2.036,24.6,16.693,6107.51,81.11,683.82,5.277,56.48,21.554,27.0,2.061,24.507,16.579,INJECTOR_DEGRADATION,1.0,1.0,0.4,1.0,1.0,0.0,0.0,0.0,0.0
144.7,CLIMB,77.94,55.66,7499.58,15.0,77.271,0.9342,6109.67,80.32,685.09,5.232,56.86,21.507,27.059,2.036,24.6,16.691,6103.89,79.66,685.18,5.239,57.1,21.529,26.925,1.967,24.646,16.874,INJECTOR_DEGRADATION,1.0,1.0,0.4,1.0,1.0,0.0,0.0,0.0,0.0
144.8,CLIMB,77.93,55.66,7506.67,14.99,77.251,0.934,6109.21,80.32,685.07,5.231,56.85,21.505,27.059,2.036,24.6,16.69,6112.47,80.54,686.52,5.191,56.01,21.459,27.102,2.058,24.63,16.676,INJECTOR_DEGRADATION,1.0,1.0,0.4,1.0,1.0,0.0,0.0,0.0,0.0
144.9,CLIMB,77.93,55.65,7513.75,14.97,77.231,0.9338,6108.75,80.31,685.05,5.231,56.84,21.503,27.059,2.036,24.6,16.689,6111.33,80.53,686.39,5.245,56.86,21.62,27.106,1.973,24.566,16.647,INJECTOR_DEGRADATION,1.0,1.0,0.4,1.0,1.0,0.0,0.0,0.0,0.0
145.0,CLIMB,77.92,55.65,7520.83,14.96,77.212,0.9336,6108.29,80.31,685.03,5.231,56.83,21.502,27.058,2.036,24.6,16.688,6111.79,80.34,685.59,5.235,57.35,21.611,26.976,2.023,24.604,16.72,INJECTOR_DEGRADATION,1.0,1.0,0.4,1.0,1.0,0.0,0.0,0.0,0.0
145.1,CLIMB,77.91,55.64,7527.92,14.94,77.192,0.9334,6107.83,80.31,685.01,5.231,56.81,21.5,27.058,2.036,24.6,16.686,6106.41,80.05,687.71,5.215,57.04,21.648,27.034,2.008,24.626,16.976,INJECTOR_DEGRADATION,1.0,1.0,0.4,1.0,1.0,0.0,0.0,0.0,0.0
145.2,CLIMB,77.9,55.64,7535.0,14.93,77.172,0.9332,6107.37,80.31,684.99,5.231,56.8,21.499,27.058,2.036,24.6,16.685,6101.83,80.55,685.76,5.293,57.1,21.486,27.051,2.021,24.558,16.743,INJECTOR_DEGRADATION,1.0,1.0,0.4,1.0,1.0,0.0,0.0,0.0,0.0
145.3,CLIMB,77.89,55.63,7542.08,14.92,77.152,0.933,6106.91,80.31,684.97,5.231,56.79,21.497,27.058,2.036,24.6,16.684,6108.9,80.33,683.4,5.206,57.44,21.413,27.161,1.95,24.592,16.599,INJECTOR_DEGRADATION,1.0,1.0,0.4,1.0,1.0,0.0,0.0,0.0,0.0
145.4,CLIMB,77.88,55.62,7549.17,14.9,77.133,0.9328,6106.45,80.31,684.95,5.23,56.78,21.496,27.058,2.036,24.6,16.683,6108.02,79.97,687.84,5.191,56.52,21.448,26.949,2.029,24.598,16.659,INJECTOR_DEGRADATION,1.0,1.0,0.4,1.0,1.0,0.0,0.0,0.0,0.0
145.5,CLIMB,77.88,55.62,7556.25,14.89,77.113,0.9327,6105.99,80.31,684.93,5.23,56.76,21.494,27.058,2.036,24.6,16.681,6104.89,80.69,685.42,5.223,56.94,21.502,27.045,2.0,24.611,16.703,INJECTOR_DEGRADATION,1.0,1.0,0.4,1.0,1.0,0.0,0.0,0.0,0.0
145.6,CLIMB,77.87,55.61,7563.33,14.87,77.093,0.9325,6105.53,80.31,684.91,5.23,56.75,21.493,27.057,2.035,24.6,16.68,6118.53,79.28,685.99,5.243,56.67,21.606,27.048,2.037,24.596,16.651,INJECTOR_DEGRADATION,1.0,1.0,0.4,1.0,1.0,0.0,0.0,0.0,0.0
145.7,CLIMB,77.86,55.61,7570.42,14.86,77.073,0.9323,6105.07,80.31,684.89,5.23,56.74,21.491,27.057,2.035,24.6,16.679,6100.66,81.55,683.77,5.218,57.11,21.463,27.098,2.048,24.653,16.72,INJECTOR_DEGRADATION,1.0,1.0,0.4,1.0,1.0,0.0,0.0,0.0,0.0
145.8,CLIMB,77.85,55.6,7577.5,14.85,77.054,0.9321,6104.62,80.31,684.87,5.23,56.73,21.49,27.057,2.035,24.6,16.678,6107.95,80.45,685.03,5.246,56.39,21.499,27.038,2.034,24.555,16.656,INJECTOR_DEGRADATION,1.0,1.0,0.4,1.0,1.0,0.0,0.0,0.0,0.0
145.9,CLIMB,77.84,55.6,7584.58,14.83,77.034,0.9319,6104.16,80.31,684.85,5.23,56.71,21.488,27.057,2.035,24.6,16.676,6117.14,79.83,683.42,5.246,57.07,21.631,27.104,2.065,24.652,16.688,INJECTOR_DEGRADATION,1.0,1.0,0.4,1.0,1.0,0.0,0.0,0.0,0.0
146.0,CLIMB,77.83,55.59,7591.67,14.82,77.014,0.9317,6103.7,80.31,684.83,5.23,56.7,21.487,27.057,2.035,24.6,16.675,6103.18,80.52,685.05,5.23,56.89,21.524,27.025,2.023,24.634,16.815,INJECTOR_DEGRADATION,1.0,1.0,0.4,1.0,1.0,0.0,0.0,0.0,0.0
146.1,CLIMB,77.83,55.59,7598.75,14.8,76.995,0.9315,6103.24,80.31,684.81,5.229,56.69,21.485,27.057,2.035,24.6,16.674,6108.14,80.4,681.36,5.24,57.19,21.442,27.007,2.055,24.571,16.812,INJECTOR_DEGRADATION,1.0,1.0,0.4,1.0,1.0,0.0,0.0,0.0,0.0
146.2,CLIMB,77.82,55.58,7605.83,14.79,76.975,0.9313,6102.78,80.31,684.79,5.229,56.68,21.484,27.056,2.035,24.6,16.673,6110.12,80.24,687.11,5.25,57.46,21.433,27.004,2.005,24.498,16.647,INJECTOR_DEGRADATION,1.0,1.0,0.4,1.0,1.0,0.0,0.0,0.0,0.0
146.3,CLIMB,77.81,55.58,7612.92,14.77,76.955,0.9311,6102.32,80.31,684.77,5.229,56.67,21.482,27.056,2.035,24.6,16.671,6106.44,80.97,684.33,5.201,57.21,21.627,26.99,2.059,24.654,16.705,INJECTOR_DEGRADATION,1.0,1.0,0.4,1.0,1.0,0.0,0.0,0.0,0.0
146.4,CLIMB,77.8,55.57,7620.0,14.76,76.935,0.9309,6101.86,80.31,684.75,5.229,56.65,21.481,27.056,2.035,24.6,16.67,6102.84,79.77,681.97,5.253,56.2,21.597,27.021,2.017,24.579,16.674,INJECTOR_DEGRADATION,1.0,1.0,0.4,1.0,1.0,0.0,0.0,0.0,0.0
146.5,CLIMB,77.79,55.56,7627.08,14.75,76.916,0.9307,6101.4,80.31,684.73,5.229,56.64,21.479,27.056,2.035,24.6,16.669,6098.4,80.11,686.03,5.178,56.68,21.547,27.068,1.932,24.51,16.583,INJECTOR_DEGRADATION,1.0,1.0,0.4,1.0,1.0,0.0,0.0,0.0,0.0
146.6,CLIMB,77.78,55.56,7634.17,14.73,76.896,0.9305,6100.94,80.31,684.71,5.229,56.63,21.477,27.056,2.035,24.6,16.668,6095.95,79.88,681.68,5.289,56.46,21.411,27.096,2.078,24.494,16.67,INJECTOR_DEGRADATION,1.0,1.0,0.4,1.0,1.0,0.0,0.0,0.0,0.0
146.7,CLIMB,77.78,55.55,7641.25,14.72,76.876,0.9303,6100.48,80.31,684.69,5.229,56.62,21.476,27.056,2.034,24.6,16.666,6092.95,80.43,685.37,5.227,56.89,21.403,27.204,1.962,24.581,16.692,INJECTOR_DEGRADATION,1.0,1.0,0.4,1.0,1.0,0.0,0.0,0.0,0.0
146.8,CLIMB,77.77,55.55,7648.33,14.7,76.857,0.9302,6100.03,80.31,684.67,5.228,56.6,21.474,27.055,2.034,24.6,16.665,6102.04,80.61,687.8,5.212,56.62,21.571,26.986,2.046,24.652,16.828,INJECTOR_DEGRADATION,1.0,1.0,0.4,1.0,1.0,0.0,0.0,0.0,0.0
146.9,CLIMB,77.76,55.54,7655.42,14.69,76.837,0.93,6099.57,80.31,684.65,5.228,56.59,21.473,27.055,2.034,24.6,16.664,6098.46,80.21,686.97,5.257,56.96,21.481,27.015,1.958,24.536,16.68,INJECTOR_DEGRADATION,1.0,1.0,0.4,1.0,1.0,0.0,0.0,0.0,0.0
147.0,CLIMB,77.75,55.54,7662.5,14.68,76.817,0.9298,6099.11,80.31,684.63,5.228,56.58,21.471,27.055,2.034,24.6,16.663,6096.51,80.42,683.78,5.181,56.82,21.576,27.079,2.006,24.584,16.567,INJECTOR_DEGRADATION,1.0,1.0,0.4,1.0,1.0,0.0,0.0,0.0,0.0
147.1,CLIMB,77.74,55.53,7669.58,14.66,76.798,0.9296,6098.65,80.31,684.61,5.228,56.57,21.47,27.055,2.034,24.6,16.661,6098.65,80.83,685.3,5.156,56.53,21.442,27.092,2.034,24.658,16.648,INJECTOR_DEGRADATION,1.0,1.0,0.4,1.0,1.0,0.0,0.0,0.0,0.0
147.2,CLIMB,77.73,55.53,7676.67,14.65,76.778,0.9294,6098.19,80.31,684.59,5.228,56.55,21.468,27.055,2.034,24.6,16.66,6101.19,78.98,682.72,5.187,56.49,21.496,27.035,2.068,24.583,16.865,INJECTOR_DEGRADATION,1.0,1.0,0.4,1.0,1.0,0.0,0.0,0.0,0.0
147.3,CLIMB,77.73,55.52,7683.75,14.63,76.758,0.9292,6097.73,80.31,684.57,5.228,56.54,21.467,27.055,2.034,24.6,16.659,6093.86,80.26,684.51,5.257,56.66,21.375,27.053,2.039,24.5,16.748,INJECTOR_DEGRADATION,1.0,1.0,0.4,1.0,1.0,0.0,0.0,0.0,0.0
147.4,CLIMB,77.72,55.52,7690.83,14.62,76.739,0.929,6097.27,80.31,684.55,5.228,56.53,21.465,27.054,2.034,24.6,16.658,6100.54,79.9,683.79,5.235,56.68,21.458,27.127,2.06,24.515,16.611,INJECTOR_DEGRADATION,1.0,1.0,0.4,1.0,1.0,0.0,0.0,0.0,0.0
147.5,CLIMB,77.71,55.51,7697.92,14.6,76.719,0.9288,6096.82,80.31,684.53,5.227,56.52,21.464,27.054,2.034,24.6,16.656,6093.91,80.41,683.51,5.251,56.74,21.313,27.037,1.987,24.548,16.638,INJECTOR_DEGRADATION,1.0,1.0,0.4,1.0,1.0,0.0,0.0,0.0,0.0
147.6,CLIMB,77.7,55.51,7705.0,14.59,76.7,0.9286,6096.36,80.31,684.51,5.227,56.5,21.462,27.054,2.034,24.6,16.655,6105.57,79.71,683.96,5.19,56.69,21.57,27.113,2.033,24.526,16.651,INJECTOR_DEGRADATION,1.0,1.0,0.4,1.0,1.0,0.0,0.0,0.0,0.0
147.7,CLIMB,77.69,55.5,7712.08,14.58,76.68,0.9284,6095.9,80.31,684.49,5.227,56.49,21.461,27.054,2.034,24.6,16.654,6098.7,79.99,684.33,5.26,56.91,21.297,27.07,2.096,24.58,16.64,INJECTOR_DEGRADATION,1.0,1.0,0.4,1.0,1.0,0.0,0.0,0.0,0.0
147.8,CLIMB,77.68,55.49,7719.17,14.56,76.66,0.9282,6095.44,80.31,684.47,5.227,56.48,21.459,27.054,2.033,24.6,16.653,6099.54,79.51,687.09,5.222,56.54,21.519,27.051,2.077,24.611,16.566,INJECTOR_DEGRADATION,1.0,1.0,0.4,1.0,1.0,0.0,0.0,0.0,0.0
147.9,CLIMB,77.68,55.49,7726.25,14.55,76.641,0.928,6094.98,80.31,684.45,5.227,56.47,21.458,27.054,2.033,24.6,16.651,6090.06,80.52,684.64,5.208,56.4,21.353,27.086,2.091,24.691,16.669,INJECTOR_DEGRADATION,1.0,1.0,0.4,1.0,1.0,0.0,0.0,0.0,0.0
148.0,CLIMB,77.67,55.48,7733.33,14.53,76.621,0.9278,6094.52,80.31,684.43,5.227,56.45,21.456,27.053,2.033,24.6,16.65,6093.99,80.32,685.79,5.226,56.98,21.372,27.036,2.073,24.61,16.643,INJECTOR_DEGRADATION,1.0,1.0,0.4,1.0,1.0,0.0,0.0,0.0,0.0
148.1,CLIMB,77.66,55.48,7740.42,14.52,76.601,0.9277,6094.06,80.31,684.41,5.226,56.44,21.455,27.053,2.033,24.6,16.649,6089.56,80.03,683.22,5.19,55.52,21.463,27.035,2.003,24.588,16.624,INJECTOR_DEGRADATION,1.0,1.0,0.4,1.0,1.0,0.0,0.0,0.0,0.0
148.2,CLIMB,77.65,55.47,7747.5,14.51,76.582,0.9275,6093.61,80.31,684.39,5.226,56.43,21.453,27.053,2.033,24.6,16.648,6104.74,80.84,684.01,5.157,56.62,21.559,27.036,2.071,24.54,16.568,INJECTOR_DEGRADATION,1.0,1.0,0.4,1.0,1.0,0.0,0.0,0.0,0.0
148.3,CLIMB,77.64,55.47,7754.58,14.49,76.562,0.9273,6093.15,80.31,684.37,5.226,56.42,21.451,27.053,2.033,24.6,16.646,6086.12,81.08,683.24,5.251,56.54,21.509,27.033,1.975,24.621,16.406,INJECTOR_DEGRADATION,1.0,1.0,0.4,1.0,1.0,0.0,0.0,0.0,0.0
148.4,CLIMB,77.63,55.46,7761.67,14.48,76.543,0.9271,6092.69,80.31,684.35,5.226,56.4,21.45,27.053,2.033,24.6,16.645,6090.19,80.52,686.02,5.223,56.42,21.487,27.065,2.05,24.592,16.834,INJECTOR_DEGRADATION,1.0,1.0,0.4,1.0,1.0,0.0,0.0,0.0,0.0
148.5,CLIMB,77.63,55.46,7768.75,14.46,76.523,0.9269,6092.23,80.31,684.33,5.226,56.39,21.448,27.053,2.033,24.6,16.644,6096.63,80.3,686.61,5.197,56.38,21.344,27.077,2.012,24.667,16.783,INJECTOR_DEGRADATION,1.0,1.0,0.4,1.0,1.0,0.0,0.0,0.0,0.0
148.6,CLIMB,77.62,55.45,7775.83,14.45,76.503,0.9267,6091.77,80.31,684.31,5.226,56.38,21.447,27.052,2.033,24.6,16.643,6096.84,80.52,682.25,5.199,56.83,21.268,27.043,2.058,24.557,16.627,INJECTOR_DEGRADATION,1.0,1.0,0.4,1.0,1.0,0.0,0.0,0.0,0.0
148.7,CLIMB,77.61,55.45,7782.92,14.43,76.484,0.9265,6091.31,80.31,684.29,5.226,56.37,21.445,27.052,2.033,24.6,16.641,6085.01,80.27,685.39,5.154,56.18,21.36,27.069,2.061,24.613,16.608,INJECTOR_DEGRADATION,1.0,1.0,0.4,1.0,1.0,0.0,0.0,0.0,0.0
148.8,CLIMB,77.6,55.44,7790.0,14.42,76.464,0.9263,6090.86,80.31,684.27,5.225,56.36,21.444,27.052,2.033,24.6,16.64,6084.71,81.12,685.76,5.269,55.74,21.326,27.041,2.041,24.697,16.712,INJECTOR_DEGRADATION,1.0,1.0,0.4,1.0,1.0,0.0,0.0,0.0,0.0
148.9,CLIMB,77.59,55.43,7797.08,14.41,76.445,0.9261,6090.4,80.3,684.25,5.225,56.34,21.442,27.052,2.033,24.6,16.639,6082.77,79.42,683.0,5.254,56.2,21.563,27.089,1.979,24.627,16.706,INJECTOR_DEGRADATION,1.0,1.0,0.4,1.0,1.0,0.0,0.0,0.0,0.0
149.0,CLIMB,77.58,55.43,7804.17,14.39,76.425,0.9259,6089.94,80.3,684.23,5.225,56.33,21.441,27.052,2.032,24.6,16.638,6085.14,79.23,682.92,5.257,56.73,21.398,27.086,2.032,24.644,16.677,INJECTOR_DEGRADATION,1.0,1.0,0.4,1.0,1.0,0.0,0.0,0.0,0.0
149.1,CLIMB,77.58,55.42,7811.25,14.38,76.406,0.9257,6089.48,80.3,684.21,5.225,56.32,21.439,27.052,2.032,24.6,16.636,6092.92,80.37,686.41,5.298,56.18,21.49,27.027,2.085,24.664,16.662,INJECTOR_DEGRADATION,1.0,1.0,0.4,1.0,1.0,0.0,0.0,0.0,0.0
149.2,CLIMB,77.57,55.42,7818.33,14.36,76.386,0.9255,6089.02,80.3,684.19,5.225,56.31,21.438,27.051,2.032,24.6,16.635,6089.9,80.54,685.0,5.255,56.5,21.491,27.147,2.059,24.476,16.541,INJECTOR_DEGRADATION,1.0,1.0,0.4,1.0,1.0,0.0,0.0,0.0,0.0
149.3,CLIMB,77.56,55.41,7825.42,14.35,76.366,0.9254,6088.56,80.3,684.17,5.225,56.29,21.436,27.051,2.032,24.6,16.634,6093.05,79.92,684.92,5.221,56.2,21.265,26.978,2.025,24.559,16.677,INJECTOR_DEGRADATION,1.0,1.0,0.4,1.0,1.0,0.0,0.0,0.0,0.0
149.4,CLIMB,77.55,55.41,7832.5,14.34,76.347,0.9252,6088.11,80.3,684.15,5.225,56.28,21.435,27.051,2.032,24.6,16.633,6085.59,80.81,683.48,5.293,56.06,21.417,27.096,2.073,24.608,16.621,INJECTOR_DEGRADATION,1.0,1.0,0.4,1.0,1.0,0.0,0.0,0.0,0.0
149.5,CLIMB,77.54,55.4,7839.58,14.32,76.327,0.925,6087.65,80.3,684.13,5.224,56.27,21.433,27.051,2.032,24.6,16.631,6088.0,80.86,685.97,5.231,56.4,21.285,27.032,1.989,24.614,16.557,INJECTOR_DEGRADATION,1.0,1.0,0.4,1.0,1.0,0.0,0.0,0.0,0.0
149.6,CLIMB,77.53,55.4,7846.67,14.31,76.308,0.9248,6087.19,80.3,684.11,5.224,56.26,21.432,27.051,2.032,24.6,16.63,6081.72,79.88,683.99,5.2,56.02,21.399,27.098,2.072,24.651,16.64,INJECTOR_DEGRADATION,1.0,1.0,0.4,1.0,1.0,0.0,0.0,0.0,0.0
149.7,CLIMB,77.53,55.39,7853.75,14.29,76.288,0.9246,6086.73,80.3,684.09,5.224,56.24,21.43,27.051,2.032,24.6,16.629,6084.44,80.48,683.5,5.166,56.02,21.568,27.016,2.031,24.607,16.567,INJECTOR_DEGRADATION,1.0,1.0,0.4,1.0,1.0,0.0,0.0,0.0,0.0
149.8,CLIMB,77.52,55.39,7860.83,14.28,76.269,0.9244,6086.27,80.3,684.07,5.224,56.23,21.429,27.05,2.032,24.6,16.628,6081.49,81.15,686.73,5.223,55.87,21.54,27.103,2.065,24.586,16.608,INJECTOR_DEGRADATION,1.0,1.0,0.4,1.0,1.0,0.0,0.0,0.0,0.0
149.9,CLIMB,77.51,55.38,7867.92,14.26,76.249,0.9242,6085.82,80.3,684.05,5.224,56.22,21.427,27.05,2.032,24.6,16.626,6086.16,80.77,683.72,5.227,56.66,21.401,26.982,2.053,24.568,16.545,INJECTOR_DEGRADATION,1.0,1.0,0.4,1.0,1.0,0.0,0.0,0.0,0.0
150.0,CLIMB,77.5,55.38,7875.0,14.25,76.23,0.924,6085.36,80.3,684.03,5.224,56.21,21.425,27.05,2.032,24.6,16.625,6087.06,81.03,682.86,5.252,56.45,21.654,27.067,2.019,24.622,16.573,INJECTOR_DEGRADATION,1.0,1.0,0.4,1.0,1.0,0.0,0.0,0.0,0.0
150.1,CLIMB,77.49,55.37,7882.08,14.24,76.21,0.9238,6084.9,80.3,684.01,5.224,56.19,21.424,27.05,2.031,24.6,16.624,6080.06,81.02,682.32,5.284,56.05,21.275,26.998,2.003,24.689,16.654,INJECTOR_DEGRADATION,1.0,1.0,0.4,1.0,1.0,0.0,0.0,0.0,0.0
150.2,CLIMB,77.48,55.36,7889.17,14.22,76.191,0.9236,6084.44,80.3,683.99,5.223,56.18,21.422,27.05,2.031,24.6,16.623,6092.14,79.71,682.9,5.21,56.22,21.398,27.03,1.998,24.586,16.718,INJECTOR_DEGRADATION,1.0,1.0,0.4,1.0,1.0,0.0,0.0,0.0,0.0
150.3,CLIMB,77.48,55.36,7896.25,14.21,76.171,0.9234,6083.98,80.3,683.97,5.223,56.17,21.421,27.05,2.031,24.6,16.621,6083.36,81.03,685.34,5.279,55.92,21.453,27.121,2.041,24.564,16.745,INJECTOR_DEGRADATION,1.0,1.0,0.4,1.0,1.0,0.0,0.0,0.0,0.0
150.4,CLIMB,77.47,55.35,7903.33,14.19,76.152,0.9233,6083.53,80.3,683.95,5.223,56.16,21.419,27.049,2.031,24.6,16.62,6092.77,79.98,683.56,5.184,55.89,21.516,27.089,2.083,24.579,16.544,INJECTOR_DEGRADATION,1.0,1.0,0.4,1.0,1.0,0.0,0.0,0.0,0.0
150.5,CLIMB,77.46,55.35,7910.42,14.18,76.132,0.9231,6083.07,80.3,683.93,5.223,56.14,21.418,27.049,2.031,24.6,16.619,6086.0,80.05,686.2,5.24,56.44,21.295,27.077,2.071,24.62,16.337,INJECTOR_DEGRADATION,1.0,1.0,0.4,1.0,1.0,0.0,0.0,0.0,0.0
150.6,CLIMB,77.45,55.34,7917.5,14.17,76.113,0.9229,6082.61,80.3,683.91,5.223,56.13,21.416,27.049,2.031,24.6,16.618,6079.24,80.83,684.99,5.236,55.59,21.609,27.023,2.063,24.556,16.608,INJECTOR_DEGRADATION,1.0,1.0,0.4,1.0,1.0,0.0,0.0,0.0,0.0
150.7,CLIMB,77.44,55.34,7924.58,14.15,76.093,0.9227,6082.15,80.3,683.89,5.223,56.12,21.415,27.049,2.031,24.6,16.616,6087.27,80.65,684.3,5.182,56.07,21.416,27.038,1.975,24.573,16.76,INJECTOR_DEGRADATION,1.0,1.0,0.4,1.0,1.0,0.0,0.0,0.0,0.0
150.8,CLIMB,77.43,55.33,7931.67,14.14,76.074,0.9225,6081.69,80.3,683.87,5.222,56.11,21.413,27.049,2.031,24.6,16.615,6087.23,79.15,683.88,5.256,56.45,21.297,27.02,2.027,24.595,16.565,INJECTOR_DEGRADATION,1.0,1.0,0.4,1.0,1.0,0.0,0.0,0.0,0.0
150.9,CLIMB,77.43,55.33,7938.75,14.12,76.054,0.9223,6081.24,80.3,683.85,5.222,56.09,21.412,27.049,2.031,24.6,16.614,6083.44,79.85,686.32,5.176,56.53,21.3,27.088,2.035,24.564,16.52,INJECTOR_DEGRADATION,1.0,1.0,0.4,1.0,1.0,0.0,0.0,0.0,0.0
151.0,CLIMB,77.42,55.32,7945.83,14.11,76.035,0.9221,6080.78,80.3,683.83,5.222,56.08,21.41,27.048,2.031,24.6,16.613,6079.3,81.0,683.39,5.219,56.27,21.394,26.988,2.036,24.676,16.596,INJECTOR_DEGRADATION,1.0,1.0,0.4,1.0,1.0,0.0,0.0,0.0,0.0
151.1,CLIMB,77.41,55.32,7952.92,14.09,76.015,0.9219,6080.32,80.3,683.81,5.222,56.07,21.409,27.048,2.031,24.6,16.611,6081.65,79.58,685.17,5.238,55.72,21.401,26.945,1.932,24.548,16.72,INJECTOR_DEGRADATION,1.0,1.0,0.4,1.0,1.0,0.0,0.0,0.0,0.0
151.2,CLIMB,77.4,55.31,7960.0,14.08,75.996,0.9217,6079.86,80.3,683.79,5.222,56.06,21.407,27.048,2.03,24.6,16.61,6072.99,79.92,684.52,5.241,56.34,21.187,26.99,2.065,24.576,16.505,INJECTOR_DEGRADATION,1.0,1.0,0.4,1.0,1.0,0.0,0.0,0.0,0.0
151.3,CLIMB,77.39,55.3,7967.08,14.07,75.977,0.9215,6079.41,80.3,683.77,5.222,56.04,21.406,27.048,2.03,24.6,16.609,6078.77,80.33,683.63,5.21,55.78,21.437,26.992,2.052,24.601,16.674,INJECTOR_DEGRADATION,1.0,1.0,0.4,1.0,1.0,0.0,0.0,0.0,0.0
151.4,CLIMB,77.38,55.3,7974.17,14.05,75.957,0.9213,6078.95,80.3,683.75,5.222,56.03,21.404,27.048,2.03,24.6,16.608,6078.71,80.78,683.0,5.205,55.98,21.407,26.989,2.068,24.549,16.52,INJECTOR_DEGRADATION,1.0,1.0,0.4,1.0,1.0,0.0,0.0,0.0,0.0
151.5,CLIMB,77.38,55.29,7981.25,14.04,75.938,0.9212,6078.49,80.3,683.73,5.221,56.02,21.402,27.048,2.03,24.6,16.606,6076.16,79.89,684.03,5.212,55.7,21.407,27.001,1.979,24.625,16.658,INJECTOR_DEGRADATION,1.0,1.0,0.4,1.0,1.0,0.0,0.0,0.0,0.0
151.6,CLIMB,77.37,55.29,7988.33,14.02,75.918,0.921,6078.03,80.3,683.71,5.221,56.01,21.401,27.047,2.03,24.6,16.605,6085.05,80.46,682.62,5.284,56.11,21.424,27.002,2.024,24.672,16.477,INJECTOR_DEGRADATION,1.0,1.0,0.4,1.0,1.0,0.0,0.0,0.0,0.0
151.7,CLIMB,77.36,55.28,7995.42,14.01,75.899,0.9208,6077.57,80.3,683.69,5.221,55.99,21.399,27.047,2.03,24.6,16.604,6079.36,79.92,682.39,5.198,55.5,21.528,27.006,1.969,24.679,16.509,INJECTOR_DEGRADATION,1.0,1.0,0.4,1.0,1.0,0.0,0.0,0.0,0.0
151.8,CLIMB,77.35,55.28,8002.5,14.0,75.879,0.9206,6077.12,80.3,683.67,5.221,55.98,21.398,27.047,2.03,24.6,16.603,6077.35,80.2,685.51,5.258,55.82,21.394,27.024,1.995,24.627,16.477,INJECTOR_DEGRADATION,1.0,1.0,0.4,1.0,1.0,0.0,0.0,0.0,0.0
151.9,CLIMB,77.34,55.27,8009.58,13.98,75.86,0.9204,6076.66,80.3,683.65,5.221,55.97,21.396,27.047,2.03,24.6,16.601,6070.49,80.68,683.32,5.195,55.67,21.517,26.983,2.053,24.601,16.498,INJECTOR_DEGRADATION,1.0,1.0,0.4,1.0,1.0,0.0,0.0,0.0,0.0
152.0,CLIMB,77.33,55.27,8016.67,13.97,75.841,0.9202,6076.2,80.3,683.63,5.221,55.96,21.395,27.047,2.03,24.6,16.6,6076.74,81.11,682.45,5.165,55.8,21.393,27.114,2.006,24.533,16.663,INJECTOR_DEGRADATION,1.0,1.0,0.4,1.0,1.0,0.0,0.0,0.0,0.0
152.1,CLIMB,77.33,55.26,8023.75,13.95,75.821,0.92,6075.74,80.3,683.61,5.221,55.94,21.393,27.047,2.03,24.6,16.599,6079.98,80.55,683.21,5.204,56.16,21.558,27.08,1.978,24.594,16.671,INJECTOR_DEGRADATION,1.0,1.0,0.4,1.0,1.0,0.0,0.0,0.0,0.0
152.2,CLIMB,77.32,55.26,8030.83,13.94,75.802,0.9198,6075.29,80.3,683.59,5.22,55.93,21.392,27.046,2.03,24.6,16.598,6087.32,80.03,683.25,5.208,56.04,21.469,27.059,2.031,24.647,16.726,INJECTOR_DEGRADATION,1.0,1.0,0.4,1.0,1.0,0.0,0.0,0.0,0.0
152.3,CLIMB,77.31,55.25,8037.92,13.92,75.782,0.9196,6074.83,80.3,683.57,5.22,55.92,21.39,27.046,2.029,24.6,16.596,6073.47,80.5,684.55,5.227,56.18,21.478,27.031,2.081,24.422,16.648,INJECTOR_DEGRADATION,1.0,1.0,0.4,1.0,1.0,0.0,0.0,0.0,0.0
152.4,CLIMB,77.3,55.25,8045.0,13.91,75.763,0.9194,6074.37,80.3,683.55,5.22,55.91,21.389,27.046,2.029,24.6,16.595,6070.63,79.63,682.21,5.225,55.39,21.318,27.008,1.986,24.596,16.596,INJECTOR_DEGRADATION,1.0,1.0,0.4,1.0,1.0,0.0,0.0,0.0,0.0
152.5,CLIMB,77.29,55.24,8052.08,13.9,75.744,0.9193,6073.91,80.3,683.53,5.22,55.89,21.387,27.046,2.029,24.6,16.594,6077.47,79.8,681.33,5.211,56.34,21.395,27.067,2.037,24.726,16.48,INJECTOR_DEGRADATION,1.0,1.0,0.4,1.0,1.0,0.0,0.0,0.0,0.0
152.6,CLIMB,77.28,55.23,8059.17,13.88,75.724,0.9191,6073.46,80.3,683.51,5.22,55.88,21.386,27.046,2.029,24.6,16.593,6076.34,80.02,683.11,5.229,55.84,21.259,27.006,2.069,24.696,16.525,INJECTOR_DEGRADATION,1.0,1.0,0.4,1.0,1.0,0.0,0.0,0.0,0.0
152.7,CLIMB,77.28,55.23,8066.25,13.87,75.705,0.9189,6073.0,80.29,683.49,5.22,55.87,21.384,27.046,2.029,24.6,16.591,6077.88,80.65,682.92,5.209,55.86,21.459,27.008,2.059,24.508,16.599,INJECTOR_DEGRADATION,1.0,1.0,0.4,1.0,1.0,0.0,0.0,0.0,0.0
152.8,CLIMB,77.27,55.22,8073.33,13.85,75.685,0.9187,6072.54,80.29,683.47,5.22,55.86,21.383,27.045,2.029,24.6,16.59,6070.75,79.93,687.36,5.14,55.89,21.44,27.138,1.992,24.554,16.654,INJECTOR_DEGRADATION,1.0,1.0,0.4,1.0,1.0,0.0,0.0,0.0,0.0
152.9,CLIMB,77.26,55.22,8080.42,13.84,75.666,0.9185,6072.09,80.29,683.45,5.219,55.84,21.381,27.045,2.029,24.6,16.589,6078.1,80.55,682.14,5.191,55.66,21.456,27.028,1.961,24.602,16.594,INJECTOR_DEGRADATION,1.0,1.0,0.4,1.0,1.0,0.0,0.0,0.0,0.0
153.0,CLIMB,77.25,55.21,8087.5,13.83,75.647,0.9183,6071.63,80.29,683.43,5.219,55.83,21.38,27.045,2.029,24.6,16.588,6067.54,80.85,680.56,5.262,56.04,21.302,26.962,1.959,24.646,16.453,INJECTOR_DEGRADATION,1.0,1.0,0.4,1.0,1.0,0.0,0.0,0.0,0.0
153.1,CLIMB,77.24,55.21,8094.58,13.81,75.627,0.9181,6071.17,80.29,683.41,5.219,55.82,21.378,27.045,2.029,24.6,16.586,6063.8,80.69,681.16,5.23,55.73,21.287,27.005,2.058,24.665,16.6,INJECTOR_DEGRADATION,1.0,1.0,0.4,1.0,1.0,0.0,0.0,0.0,0.0
153.2,CLIMB,77.23,55.2,8101.67,13.8,75.608,0.9179,6070.71,80.29,683.39,5.219,55.8,21.376,27.045,2.029,24.6,16.585,6066.42,80.6,681.97,5.183,56.4,21.352,26.966,2.034,24.651,16.809,INJECTOR_DEGRADATION,1.0,1.0,0.4,1.0,1.0,0.0,0.0,0.0,0.0
153.3,CLIMB,77.23,55.2,8108.75,13.78,75.589,0.9177,6070.26,80.29,683.37,5.219,55.79,21.375,27.045,2.029,24.6,16.584,6070.1,80.11,683.42,5.215,55.95,21.396,27.104,2.103,24.608,16.519,INJECTOR_DEGRADATION,1.0,1.0,0.4,1.0,1.0,0.0,0.0,0.0,0.0
153.4,CLIMB,77.22,55.19,8115.83,13.77,75.569,0.9175,6069.8,80.29,683.35,5.219,55.78,21.373,27.044,2.029,24.6,16.583,6077.77,80.33,683.01,5.224,55.34,21.316,26.986,2.029,24.668,16.572,INJECTOR_DEGRADATION,1.0,1.0,0.4,1.0,1.0,0.0,0.0,0.0,0.0
153.5,CLIMB,77.21,55.19,8122.92,13.75,75.55,0.9174,6069.34,80.29,683.33,5.219,55.77,21.372,27.044,2.028,24.6,16.581,6072.18,79.29,685.26,5.247,55.94,21.355,27.071,2.031,24.525,16.413,INJECTOR_DEGRADATION,1.0,1.0,0.4,1.0,1.0,0.0,0.0,0.0,0.0
153.6,CLIMB,77.2,55.18,8130.0,13.74,75.531,0.9172,6068.88,80.29,683.31,5.218,55.75,21.37,27.044,2.028,24.6,16.58,6068.57,80.33,683.16,5.212,55.61,21.256,27.058,1.997,24.614,16.73,INJECTOR_DEGRADATION,1.0,1.0,0.4,1.0,1.0,0.0,0.0,0.0,0.0
153.7,CLIMB,77.19,55.17,8137.08,13.73,75.511,0.917,6068.43,80.29,683.29,5.218,55.74,21.369,27.044,2.028,24.6,16.579,6068.6,80.71,681.06,5.214,55.48,21.379,27.009,2.01,24.613,16.54,INJECTOR_DEGRADATION,1.0,1.0,0.4,1.0,1.0,0.0,0.0,0.0,0.0
153.8,CLIMB,77.18,55.17,8144.17,13.71,75.492,0.9168,6067.97,80.29,683.27,5.218,55.73,21.367,27.044,2.028,24.6,16.578,6066.97,80.27,683.94,5.288,55.73,21.316,27.029,2.053,24.531,16.542,INJECTOR_DEGRADATION,1.0,1.0,0.4,1.0,1.0,0.0,0.0,0.0,0.0
153.9,CLIMB,77.18,55.16,8151.25,13.7,75.473,0.9166,6067.51,80.29,683.25,5.218,55.72,21.366,27.044,2.028,24.6,16.576,6074.32,80.4,683.13,5.215,56.05,21.465,27.034,2.068,24.641,16.581,INJECTOR_DEGRADATION,1.0,1.0,0.4,1.0,1.0,0.0,0.0,0.0,0.0
154.0,CLIMB,77.17,55.16,8158.33,13.68,75.453,0.9164,6067.06,80.29,683.23,5.218,55.7,21.364,27.043,2.028,24.6,16.575,6069.69,80.14,681.8,5.217,55.92,21.449,27.085,2.03,24.811,16.795,INJECTOR_DEGRADATION,1.0,1.0,0.4,1.0,1.0,0.0,0.0,0.0,0.0
154.1,CLIMB,77.16,55.15,8165.42,13.67,75.434,0.9162,6066.6,80.29,683.21,5.218,55.69,21.363,27.043,2.028,24.6,16.574,6070.03,80.48,683.37,5.22,55.57,21.246,27.034,2.103,24.713,16.511,INJECTOR_DEGRADATION,1.0,1.0,0.4,1.0,1.0,0.0,0.0,0.0,0.0
154.2,CLIMB,77.15,55.15,8172.5,13.66,75.415,0.916,6066.14,80.29,683.19,5.217,55.68,21.361,27.043,2.028,24.6,16.573,6065.13,79.62,682.11,5.234,56.05,21.448,27.015,1.916,24.617,16.576,INJECTOR_DEGRADATION,1.0,1.0,0.4,1.0,1.0,0.0,0.0,0.0,0.0
154.3,CLIMB,77.14,55.14,8179.58,13.64,75.395,0.9158,6065.69,80.29,683.17,5.217,55.67,21.36,27.043,2.028,24.6,16.571,6070.42,80.61,683.35,5.184,55.93,21.452,27.135,1.949,24.537,16.574,INJECTOR_DEGRADATION,1.0,1.0,0.4,1.0,1.0,0.0,0.0,0.0,0.0
154.4,CLIMB,77.13,55.14,8186.67,13.63,75.376,0.9157,6065.23,80.29,683.15,5.217,55.65,21.358,27.043,2.028,24.6,16.57,6069.17,81.15,683.77,5.202,55.44,21.387,27.042,2.11,24.56,16.503,INJECTOR_DEGRADATION,1.0,1.0,0.4,1.0,1.0,0.0,0.0,0.0,0.0
154.5,CLIMB,77.13,55.13,8193.75,13.61,75.357,0.9155,6064.77,80.29,683.13,5.217,55.64,21.356,27.043,2.028,24.6,16.569,6064.29,80.1,682.27,5.268,56.19,21.344,27.021,2.034,24.631,16.741,INJECTOR_DEGRADATION,1.0,1.0,0.4,1.0,1.0,0.0,0.0,0.0,0.0
154.6,CLIMB,77.12,55.13,8200.83,13.6,75.337,0.9153,6064.31,80.29,683.11,5.217,55.63,21.355,27.042,2.027,24.6,16.568,6062.21,79.97,683.01,5.243,55.72,21.374,27.095,1.942,24.6,16.608,INJECTOR_DEGRADATION,1.0,1.0,0.4,1.0,1.0,0.0,0.0,0.0,0.0
154.7,CLIMB,77.11,55.12,8207.92,13.58,75.318,0.9151,6063.86,80.29,683.09,5.217,55.62,21.353,27.042,2.027,24.6,16.566,6063.41,81.09,683.72,5.185,55.83,21.374,26.988,2.05,24.581,16.597,INJECTOR_DEGRADATION,1.0,1.0,0.4,1.0,1.0,0.0,0.0,0.0,0.0
154.8,CLIMB,77.1,55.12,8215.0,13.57,75.299,0.9149,6063.4,80.29,683.07,5.217,55.6,21.352,27.042,2.027,24.6,16.565,6065.82,80.67,684.14,5.24,55.51,21.346,27.025,2.064,24.634,16.625,INJECTOR_DEGRADATION,1.0,1.0,0.4,1.0,1.0,0.0,0.0,0.0,0.0
154.9,CLIMB,77.09,55.11,8222.08,13.56,75.28,0.9147,6062.94,80.29,683.05,5.216,55.59,21.35,27.042,2.027,24.6,16.564,6062.55,80.24,683.57,5.192,55.53,21.26,26.891,1.919,24.61,16.626,INJECTOR_DEGRADATION,1.0,1.0,0.4,1.0,1.0,0.0,0.0,0.0,0.0
155.0,CLIMB,77.08,55.1,8229.17,13.54,75.26,0.9145,6062.49,80.29,683.03,5.216,55.58,21.349,27.042,2.027,24.6,16.563,6057.92,80.49,682.23,5.218,55.07,21.348,26.994,1.974,24.678,16.55,INJECTOR_DEGRADATION,1.0,1.0,0.4,1.0,1.0,0.0,0.0,0.0,0.0
155.1,CLIMB,77.08,55.1,8236.25,13.53,75.241,0.9143,6062.03,80.29,683.01,5.216,55.57,21.347,27.042,2.027,24.6,16.561,6066.46,80.37,684.2,5.167,55.52,21.308,27.076,2.072,24.663,16.365,INJECTOR_DEGRADATION,1.0,1.0,0.4,1.0,1.0,0.0,0.0,0.0,0.0
155.2,CLIMB,77.07,55.09,8243.33,13.51,75.222,0.9141,6061.57,80.29,682.99,5.216,55.55,21.346,27.041,2.027,24.6,16.56,6053.95,80.12,681.86,5.16,55.61,21.351,27.075,1.903,24.543,16.577,INJECTOR_DEGRADATION,1.0,1.0,0.4,1.0,1.0,0.0,0.0,0.0,0.0
155.3,CLIMB,77.06,55.09,8250.42,13.5,75.203,0.914,6061.12,80.29,682.97,5.216,55.54,21.344,27.041,2.027,24.6,16.559,6056.06,80.82,683.12,5.218,55.58,21.382,27.008,1.976,24.649,16.486,INJECTOR_DEGRADATION,1.0,1.0,0.4,1.0,1.0,0.0,0.0,0.0,0.0
155.4,CLIMB,77.05,55.08,8257.5,13.49,75.183,0.9138,6060.66,80.29,682.95,5.216,55.53,21.343,27.041,2.027,24.6,16.558,6057.98,79.25,683.01,5.202,55.48,21.22,27.122,2.051,24.57,16.441,INJECTOR_DEGRADATION,1.0,1.0,0.4,1.0,1.0,0.0,0.0,0.0,0.0
155.5,CLIMB,77.04,55.08,8264.58,13.47,75.164,0.9136,6060.2,80.29,682.93,5.216,55.52,21.341,27.041,2.027,24.6,16.556,6049.22,80.84,684.0,5.223,56.02,21.248,27.005,2.094,24.659,16.64,INJECTOR_DEGRADATION,1.0,1.0,0.4,1.0,1.0,0.0,0.0,0.0,0.0
155.6,CLIMB,77.03,55.07,8271.67,13.46,75.145,0.9134,6059.75,80.29,682.91,5.215,55.5,21.34,27.041,2.027,24.6,16.555,6065.65,79.86,681.24,5.252,55.61,21.463,27.125,2.063,24.545,16.585,INJECTOR_DEGRADATION,1.0,1.0,0.4,1.0,1.0,0.0,0.0,0.0,0.0
155.7,CLIMB,77.03,55.07,8278.75,13.44,75.126,0.9132,6059.29,80.29,682.89,5.215,55.49,21.338,27.041,2.026,24.6,16.554,6067.23,80.71,683.53,5.239,55.04,21.324,27.064,2.084,24.604,16.525,INJECTOR_DEGRADATION,1.0,1.0,0.4,1.0,1.0,0.0,0.0,0.0,0.0
155.8,CLIMB,77.02,55.06,8285.83,13.43,75.106,0.913,6058.83,80.29,682.87,5.215,55.48,21.337,27.04,2.026,24.6,16.553,6050.86,80.28,681.44,5.228,55.13,21.12,27.084,2.016,24.547,16.649,INJECTOR_DEGRADATION,1.0,1.0,0.4,1.0,1.0,0.0,0.0,0.0,0.0
155.9,CLIMB,77.01,55.06,8292.92,13.41,75.087,0.9128,6058.38,80.29,682.85,5.215,55.46,21.335,27.04,2.026,24.6,16.551,6061.89,80.08,681.75,5.247,55.4,21.31,27.003,1.993,24.563,16.581,INJECTOR_DEGRADATION,1.0,1.0,0.4,1.0,1.0,0.0,0.0,0.0,0.0
156.0,CLIMB,77.0,55.05,8300.0,13.4,75.068,0.9126,6057.92,80.29,682.83,5.215,55.45,21.333,27.04,2.026,24.6,16.55,6053.33,80.54,682.42,5.26,55.19,21.213,27.045,2.012,24.586,16.552,INJECTOR_DEGRADATION,1.0,1.0,0.4,1.0,1.0,0.0,0.0,0.0,0.0
156.1,CLIMB,76.99,55.04,8307.08,13.39,75.049,0.9124,6057.46,80.29,682.81,5.215,55.44,21.332,27.04,2.026,24.6,16.549,6049.94,79.92,684.46,5.241,55.7,21.282,26.995,2.029,24.661,16.467,INJECTOR_DEGRADATION,1.0,1.0,0.4,1.0,1.0,0.0,0.0,0.0,0.0
156.2,CLIMB,76.98,55.04,8314.17,13.37,75.03,0.9123,6057.01,80.28,682.79,5.215,55.43,21.33,27.04,2.026,24.6,16.548,6059.92,80.18,681.48,5.221,55.33,21.352,26.978,2.025,24.588,16.579,INJECTOR_DEGRADATION,1.0,1.0,0.4,1.0,1.0,0.0,0.0,0.0,0.0
156.3,CLIMB,76.98,55.03,8321.25,13.36,75.01,0.9121,6056.55,80.28,682.77,5.214,55.41,21.329,27.04,2.026,24.6,16.546,6057.24,80.27,681.6,5.166,54.97,21.504,27.067,2.048,24.502,16.583,INJECTOR_DEGRADATION,1.0,1.0,0.4,1.0,1.0,0.0,0.0,0.0,0.0
156.4,CLIMB,76.97,55.03,8328.33,13.34,74.991,0.9119,6056.09,80.28,682.75,5.214,55.4,21.327,27.039,2.026,24.6,16.545,6057.97,80.28,683.94,5.228,55.45,21.339,27.017,2.058,24.594,16.728,INJECTOR_DEGRADATION,1.0,1.0,0.4,1.0,1.0,0.0,0.0,0.0,0.0
156.5,CLIMB,76.96,55.02,8335.42,13.33,74.972,0.9117,6055.64,80.28,682.73,5.214,55.39,21.326,27.039,2.026,24.6,16.544,6054.08,79.45,680.69,5.218,55.59,21.263,26.954,1.959,24.667,16.572,INJECTOR_DEGRADATION,1.0,1.0,0.4,1.0,1.0,0.0,0.0,0.0,0.0
156.6,CLIMB,76.95,55.02,8342.5,13.32,74.953,0.9115,6055.18,80.28,682.71,5.214,55.38,21.324,27.039,2.026,24.6,16.543,6059.47,80.69,681.74,5.186,55.25,21.205,27.075,2.128,24.582,16.475,INJECTOR_DEGRADATION,1.0,1.0,0.4,1.0,1.0,0.0,0.0,0.0,0.0
156.7,CLIMB,76.94,55.01,8349.58,13.3,74.934,0.9113,6054.72,80.28,682.69,5.214,55.36,21.323,27.039,2.026,24.6,16.541,6061.15,79.43,683.08,5.247,55.36,21.389,27.083,1.954,24.633,16.466,INJECTOR_DEGRADATION,1.0,1.0,0.4,1.0,1.0,0.0,0.0,0.0,0.0
156.8,CLIMB,76.93,55.01,8356.67,13.29,74.914,0.9111,6054.27,80.28,682.67,5.214,55.35,21.321,27.039,2.025,24.6,16.54,6051.92,81.22,682.25,5.19,55.59,21.181,27.128,1.989,24.484,16.484,INJECTOR_DEGRADATION,1.0,1.0,0.4,1.0,1.0,0.0,0.0,0.0,0.0
156.9,CLIMB,76.93,55.0,8363.75,13.27,74.895,0.9109,6053.81,80.28,682.65,5.214,55.34,21.32,27.039,2.025,24.6,16.539,6049.52,79.78,685.04,5.246,55.41,21.349,27.004,2.035,24.565,16.384,INJECTOR_DEGRADATION,1.0,1.0,0.4,1.0,1.0,0.0,0.0,0.0,0.0
157.0,CLIMB,76.92,55.0,8370.83,13.26,74.876,0.9108,6053.36,80.28,682.63,5.213,55.33,21.318,27.038,2.025,24.6,16.538,6052.0,80.74,684.5,5.166,55.41,21.269,27.024,2.064,24.637,16.566,INJECTOR_DEGRADATION,1.0,1.0,0.4,1.0,1.0,0.0,0.0,0.0,0.0
157.1,CLIMB,76.91,54.99,8377.92,13.24,74.857,0.9106,6052.9,80.28,682.61,5.213,55.31,21.317,27.038,2.025,24.6,16.536,6050.06,80.09,680.85,5.162,55.61,21.291,27.01,1.987,24.604,16.622,INJECTOR_DEGRADATION,1.0,1.0,0.4,1.0,1.0,0.0,0.0,0.0,0.0
157.2,CLIMB,76.9,54.99,8385.0,13.23,74.838,0.9104,6052.44,80.28,682.59,5.213,55.3,21.315,27.038,2.025,24.6,16.535,6050.4,80.21,681.66,5.158,55.26,21.329,27.054,2.049,24.537,16.556,INJECTOR_DEGRADATION,1.0,1.0,0.4,1.0,1.0,0.0,0.0,0.0,0.0
157.3,CLIMB,76.89,54.98,8392.08,13.22,74.819,0.9102,6051.99,80.28,682.57,5.213,55.29,21.313,27.038,2.025,24.6,16.534,6060.31,79.9,683.39,5.172,55.22,21.496,26.992,2.012,24.619,16.498,INJECTOR_DEGRADATION,1.0,1.0,0.4,1.0,1.0,0.0,0.0,0.0,0.0
157.4,CLIMB,76.88,54.97,8399.17,13.2,74.799,0.91,6051.53,80.28,682.55,5.213,55.27,21.312,27.038,2.025,24.6,16.533,6043.81,80.4,682.27,5.201,55.15,21.313,27.126,2.028,24.609,16.447,INJECTOR_DEGRADATION,1.0,1.0,0.4,1.0,1.0,0.0,0.0,0.0,0.0
157.5,CLIMB,76.88,54.97,8406.25,13.19,74.78,0.9098,6051.07,80.28,682.53,5.213,55.26,21.31,27.038,2.025,24.6,16.531,6053.87,80.98,681.17,5.28,55.12,21.086,26.976,1.924,24.617,16.505,INJECTOR_DEGRADATION,1.0,1.0,0.4,1.0,1.0,0.0,0.0,0.0,0.0
157.6,CLIMB,76.87,54.96,8413.33,13.17,74.761,0.9096,6050.62,80.28,682.51,5.213,55.25,21.309,27.037,2.025,24.6,16.53,6059.65,81.76,683.42,5.207,55.07,21.291,27.022,2.022,24.604,16.517,INJECTOR_DEGRADATION,1.0,1.0,0.4,1.0,1.0,0.0,0.0,0.0,0.0
157.7,CLIMB,76.86,54.96,8420.42,13.16,74.742,0.9094,6050.16,80.28,682.49,5.212,55.24,21.307,27.037,2.025,24.6,16.529,6051.6,80.4,682.34,5.215,55.2,21.239,27.051,2.068,24.541,16.371,INJECTOR_DEGRADATION,1.0,1.0,0.4,1.0,1.0,0.0,0.0,0.0,0.0
157.8,CLIMB,76.85,54.95,8427.5,13.15,74.723,0.9092,6049.71,80.28,682.47,5.212,55.22,21.306,27.037,2.025,24.6,16.528,6049.53,81.21,681.72,5.217,55.36,21.173,27.026,2.104,24.532,16.564,INJECTOR_DEGRADATION,1.0,1.0,0.4,1.0,1.0,0.0,0.0,0.0,0.0
157.9,CLIMB,76.84,54.95,8434.58,13.13,74.704,0.9091,6049.25,80.28,682.45,5.212,55.21,21.304,27.037,2.025,24.6,16.526,6053.11,80.51,680.75,5.226,55.14,21.206,27.022,2.017,24.489,16.518,INJECTOR_DEGRADATION,1.0,1.0,0.4,1.0,1.0,0.0,0.0,0.0,0.0
158.0,CLIMB,76.83,54.94,8441.67,13.12,74.685,0.9089,6048.79,80.28,682.43,5.212,55.2,21.303,27.037,2.024,24.6,16.525,6054.29,80.75,682.64,5.188,55.43,21.377,27.019,2.031,24.566,16.681,INJECTOR_DEGRADATION,1.0,1.0,0.4,1.0,1.0,0.0,0.0,0.0,0.0
158.1,CLIMB,76.83,54.94,8448.75,13.1,74.666,0.9087,6048.34,80.28,682.41,5.212,55.19,21.301,27.037,2.024,24.6,16.524,6046.97,79.78,684.56,5.233,55.21,21.311,27.073,1.989,24.641,16.549,INJECTOR_DEGRADATION,1.0,1.0,0.4,1.0,1.0,0.0,0.0,0.0,0.0
158.2,CLIMB,76.82,54.93,8455.83,13.09,74.646,0.9085,6047.88,80.28,682.39,5.212,55.17,21.3,27.036,2.024,24.6,16.523,6056.93,79.43,683.38,5.225,55.14,21.363,27.086,2.022,24.628,16.437,INJECTOR_DEGRADATION,1.0,1.0,0.4,1.0,1.0,0.0,0.0,0.0,0.0
158.3,CLIMB,76.81,54.93,8462.92,13.07,74.627,0.9083,6047.43,80.28,682.37,5.211,55.16,21.298,27.036,2.024,24.6,16.521,6038.82,80.12,682.53,5.245,54.79,21.245,27.087,2.056,24.642,16.578,INJECTOR_DEGRADATION,1.0,1.0,0.4,1.0,1.0,0.0,0.0,0.0,0.0
158.4,CLIMB,76.8,54.92,8470.0,13.06,74.608,0.9081,6046.97,80.28,682.35,5.211,55.15,21.297,27.036,2.024,24.6,16.52,6043.24,80.81,684.06,5.2,55.15,21.134,27.057,1.947,24.617,16.713,INJECTOR_DEGRADATION,1.0,1.0,0.4,1.0,1.0,0.0,0.0,0.0,0.0
158.5,CLIMB,76.79,54.91,8477.08,13.05,74.589,0.9079,6046.51,80.28,682.33,5.211,55.14,21.295,27.036,2.024,24.6,16.519,6048.75,80.49,682.36,5.189,55.35,21.295,27.005,2.025,24.581,16.466,INJECTOR_DEGRADATION,1.0,1.0,0.4,1.0,1.0,0.0,0.0,0.0,0.0
158.6,CLIMB,76.78,54.91,8484.17,13.03,74.57,0.9077,6046.06,80.28,682.31,5.211,55.12,21.294,27.036,2.024,24.6,16.518,6042.56,80.45,683.7,5.229,54.92,21.274,26.988,2.03,24.584,16.537,INJECTOR_DEGRADATION,1.0,1.0,0.4,1.0,1.0,0.0,0.0,0.0,0.0
158.7,CLIMB,76.78,54.9,8491.25,13.02,74.551,0.9076,6045.6,80.28,682.29,5.211,55.11,21.292,27.036,2.024,24.6,16.516,6032.25,81.04,682.61,5.202,55.22,21.567,27.059,1.976,24.614,16.441,INJECTOR_DEGRADATION,1.0,1.0,0.4,1.0,1.0,0.0,0.0,0.0,0.0
158.8,CLIMB,76.77,54.9,8498.33,13.0,74.532,0.9074,6045.15,80.28,682.27,5.211,55.1,21.29,27.035,2.024,24.6,16.515,6047.44,80.14,679.09,5.219,55.06,21.329,27.002,1.996,24.561,16.628,INJECTOR_DEGRADATION,1.0,1.0,0.4,1.0,1.0,0.0,0.0,0.0,0.0
158.9,CLIMB,76.76,54.89,8505.42,12.99,74.513,0.9072,6044.69,80.28,682.25,5.211,55.08,21.289,27.035,2.024,24.6,16.514,6044.08,79.77,682.46,5.251,55.53,21.325,26.938,1.949,24.642,16.517,INJECTOR_DEGRADATION,1.0,1.0,0.4,1.0,1.0,0.0,0.0,0.0,0.0
159.0,CLIMB,76.75,54.89,8512.5,12.98,74.494,0.907,6044.23,80.28,682.23,5.21,55.07,21.287,27.035,2.024,24.6,16.513,6052.47,80.0,680.97,5.214,55.58,21.301,27.053,2.02,24.707,16.48,INJECTOR_DEGRADATION,1.0,1.0,0.4,1.0,1.0,0.0,0.0,0.0,0.0
159.1,CLIMB,76.74,54.88,8519.58,12.96,74.475,0.9068,6043.78,80.28,682.21,5.21,55.06,21.286,27.035,2.023,24.6,16.511,6038.34,80.23,683.58,5.26,55.45,21.319,26.972,2.045,24.649,16.321,INJECTOR_DEGRADATION,1.0,1.0,0.4,1.0,1.0,0.0,0.0,0.0,0.0
159.2,CLIMB,76.73,54.88,8526.67,12.95,74.456,0.9066,6043.32,80.28,682.19,5.21,55.05,21.284,27.035,2.023,24.6,16.51,6048.04,80.02,684.49,5.16,55.09,21.372,27.045,2.034,24.63,16.489,INJECTOR_DEGRADATION,1.0,1.0,0.4,1.0,1.0,0.0,0.0,0.0,0.0
159.3,CLIMB,76.73,54.87,8533.75,12.93,74.437,0.9064,6042.87,80.28,682.17,5.21,55.03,21.283,27.035,2.023,24.6,16.509,6052.18,80.57,680.18,5.206,55.03,21.215,27.025,1.931,24.596,16.53,INJECTOR_DEGRADATION,1.0,1.0,0.4,1.0,1.0,0.0,0.0,0.0,0.0
159.4,CLIMB,76.72,54.87,8540.83,12.92,74.417,0.9062,6042.41,80.28,682.15,5.21,55.02,21.281,27.034,2.023,24.6,16.508,6050.9,80.81,680.99,5.207,54.9,21.369,27.079,2.047,24.611,16.474,INJECTOR_DEGRADATION,1.0,1.0,0.4,1.0,1.0,0.0,0.0,0.0,0.0
159.5,CLIMB,76.71,54.86,8547.92,12.9,74.398,0.9061,6041.96,80.27,682.13,5.21,55.01,21.28,27.034,2.023,24.6,16.506,6052.02,80.7,682.33,5.155,55.01,21.415,27.048,2.016,24.595,16.618,INJECTOR_DEGRADATION,1.0,1.0,0.4,1.0,1.0,0.0,0.0,0.0,0.0
159.6,CLIMB,76.7,54.86,8555.0,12.89,74.379,0.9059,6041.5,80.27,682.11,5.21,55.0,21.278,27.034,2.023,24.6,16.505,6041.67,80.08,684.18,5.172,55.74,21.168,27.095,2.03,24.617,16.475,INJECTOR_DEGRADATION,1.0,1.0,0.4,1.0,1.0,0.0,0.0,0.0,0.0
159.7,CLIMB,76.69,54.85,8562.08,12.88,74.36,0.9057,6041.04,80.27,682.09,5.209,54.98,21.277,27.034,2.023,24.6,16.504,6042.6,79.63,683.45,5.259,54.6,21.391,26.963,2.016,24.541,16.533,INJECTOR_DEGRADATION,1.0,1.0,0.4,1.0,1.0,0.0,0.0,0.0,0.0
159.8,CLIMB,76.68,54.84,8569.17,12.86,74.341,0.9055,6040.59,80.27,682.07,5.209,54.97,21.275,27.034,2.023,24.6,16.503,6035.05,80.1,682.05,5.165,55.3,21.277,27.004,2.014,24.615,16.34,INJECTOR_DEGRADATION,1.0,1.0,0.4,1.0,1.0,0.0,0.0,0.0,0.0
159.9,CLIMB,76.68,54.84,8576.25,12.85,74.322,0.9053,6040.13,80.27,682.05,5.209,54.96,21.274,27.034,2.023,24.6,16.501,6035.77,80.72,681.88,5.185,54.66,21.219,27.052,2.026,24.658,16.562,INJECTOR_DEGRADATION,1.0,1.0,0.4,1.0,1.0,0.0,0.0,0.0,0.0
160.0,CLIMB,76.67,54.83,8583.33,12.83,74.303,0.9051,6039.68,80.27,682.03,5.209,54.94,21.272,27.033,2.023,24.6,16.5,6041.43,79.53,681.13,5.194,55.05,21.29,26.974,2.02,24.613,16.266,INJECTOR_DEGRADATION,1.0,1.0,0.4,1.0,1.0,0.0,0.0,0.0,0.0
160.1,CLIMB,76.66,54.83,8590.42,12.82,74.284,0.9049,6039.22,80.27,682.01,5.209,54.93,21.27,27.033,2.023,24.6,16.499,6040.18,79.68,681.99,5.176,54.79,21.476,26.953,2.062,24.567,16.406,INJECTOR_DEGRADATION,1.0,1.0,0.4,1.0,1.0,0.0,0.0,0.0,0.0
160.2,CLIMB,76.65,54.82,8597.5,12.81,74.265,0.9048,6038.77,80.27,681.99,5.209,54.92,21.269,27.033,2.022,24.6,16.498,6039.8,80.56,680.96,5.232,55.16,21.359,27.119,2.088,24.61,16.531,INJECTOR_DEGRADATION,1.0,1.0,0.4,1.0,1.0,0.0,0.0,0.0,0.0
160.3,CLIMB,76.64,54.82,8604.58,12.79,74.246,0.9046,6038.31,80.27,681.97,5.209,54.91,21.267,27.033,2.022,24.6,16.496,6033.05,79.96,686.06,5.264,55.08,21.111,27.052,1.976,24.595,16.667,INJECTOR_DEGRADATION,1.0,1.0,0.4,1.0,1.0,0.0,0.0,0.0,0.0
160.4,CLIMB,76.63,54.81,8611.67,12.78,74.227,0.9044,6037.85,80.27,681.95,5.208,54.89,21.266,27.033,2.022,24.6,16.495,6041.44,80.89,680.3,5.222,54.85,21.261,27.08,2.035,24.635,16.481,INJECTOR_DEGRADATION,1.0,1.0,0.4,1.0,1.0,0.0,0.0,0.0,0.0
160.5,CLIMB,76.63,54.81,8618.75,12.76,74.208,0.9042,6037.4,80.27,681.93,5.208,54.88,21.264,27.033,2.022,24.6,16.494,6038.03,80.29,679.76,5.222,54.57,21.374,27.074,1.96,24.645,16.462,INJECTOR_DEGRADATION,1.0,1.0,0.4,1.0,1.0,0.0,0.0,0.0,0.0
160.6,CLIMB,76.62,54.8,8625.83,12.75,74.189,0.904,6036.94,80.27,681.91,5.208,54.87,21.263,27.032,2.022,24.6,16.493,6044.3,80.27,679.21,5.221,54.77,21.361,27.051,2.112,24.592,16.406,INJECTOR_DEGRADATION,1.0,1.0,0.4,1.0,1.0,0.0,0.0,0.0,0.0
160.7,CLIMB,76.61,54.8,8632.92,12.73,74.17,0.9038,6036.49,80.27,681.89,5.208,54.85,21.261,27.032,2.022,24.6,16.491,6026.19,79.89,680.77,5.186,54.89,21.263,27.033,2.076,24.641,16.519,INJECTOR_DEGRADATION,1.0,1.0,0.4,1.0,1.0,0.0,0.0,0.0,0.0
160.8,CLIMB,76.6,54.79,8640.0,12.72,74.151,0.9036,6036.03,80.27,681.87,5.208,54.84,21.26,27.032,2.022,24.6,16.49,6033.97,80.09,683.73,5.19,55.22,21.139,27.019,2.011,24.616,16.713,INJECTOR_DEGRADATION,1.0,1.0,0.4,1.0,1.0,0.0,0.0,0.0,0.0
160.9,CLIMB,76.59,54.78,8647.08,12.71,74.132,0.9034,6035.58,80.27,681.85,5.208,54.83,21.258,27.032,2.022,24.6,16.489,6046.7,80.16,680.95,5.243,55.33,21.235,27.093,2.021,24.549,16.398,INJECTOR_DEGRADATION,1.0,1.0,0.4,1.0,1.0,0.0,0.0,0.0,0.0
161.0,CLIMB,76.58,54.78,8654.17,12.69,74.113,0.9033,6035.12,80.27,681.83,5.208,54.82,21.257,27.032,2.022,24.6,16.488,6033.28,80.22,681.92,5.232,54.96,21.472,27.016,2.038,24.628,16.38,INJECTOR_DEGRADATION,1.0,1.0,0.4,1.0,1.0,0.0,0.0,0.0,0.0
161.1,CLIMB,76.58,54.77,8661.25,12.68,74.094,0.9031,6034.67,80.27,681.81,5.207,54.8,21.255,27.032,2.022,24.6,16.486,6035.92,79.97,681.43,5.218,54.26,21.063,27.036,2.009,24.722,16.594,INJECTOR_DEGRADATION,1.0,1.0,0.4,1.0,1.0,0.0,0.0,0.0,0.0
161.2,CLIMB,76.57,54.77,8668.33,12.66,74.075,0.9029,6034.21,80.27,681.79,5.207,54.79,21.254,27.031,2.022,24.6,16.485,6028.75,80.28,684.88,5.205,55.01,21.349,27.111,1.999,24.63,16.381,INJECTOR_DEGRADATION,1.0,1.0,0.4,1.0,1.0,0.0,0.0,0.0,0.0
161.3,CLIMB,76.56,54.76,8675.42,12.65,74.056,0.9027,6033.76,80.27,681.77,5.207,54.78,21.252,27.031,2.021,24.6,16.484,6031.96,80.38,680.98,5.187,54.61,21.19,27.032,2.042,24.57,16.461,INJECTOR_DEGRADATION,1.0,1.0,0.4,1.0,1.0,0.0,0.0,0.0,0.0
161.4,CLIMB,76.55,54.76,8682.5,12.64,74.037,0.9025,6033.3,80.27,681.75,5.207,54.77,21.25,27.031,2.021,24.6,16.483,6036.01,80.19,680.85,5.21,54.92,20.998,27.105,1.892,24.57,16.681,INJECTOR_DEGRADATION,1.0,1.0,0.4,1.0,1.0,0.0,0.0,0.0,0.0
161.5,CLIMB,76.54,54.75,8689.58,12.62,74.019,0.9023,6032.85,80.27,681.73,5.207,54.75,21.249,27.031,2.021,24.6,16.481,6032.68,79.84,680.76,5.234,55.02,21.374,27.076,1.992,24.58,16.449,INJECTOR_DEGRADATION,1.0,1.0,0.4,1.0,1.0,0.0,0.0,0.0,0.0
161.6,CLIMB,76.53,54.75,8696.67,12.61,74.0,0.9021,6032.39,80.27,681.71,5.207,54.74,21.247,27.031,2.021,24.6,16.48,6030.71,79.67,680.64,5.184,55.31,21.266,27.057,1.941,24.58,16.456,INJECTOR_DEGRADATION,1.0,1.0,0.4,1.0,1.0,0.0,0.0,0.0,0.0
161.7,CLIMB,76.53,54.74,8703.75,12.59,73.981,0.902,6031.94,80.27,681.69,5.207,54.73,21.246,27.031,2.021,24.6,16.479,6030.57,80.93,680.57,5.267,55.03,21.186,27.03,2.097,24.593,16.417,INJECTOR_DEGRADATION,1.0,1.0,0.4,1.0,1.0,0.0,0.0,0.0,0.0
161.8,CLIMB,76.52,54.74,8710.83,12.58,73.962,0.9018,6031.48,80.27,681.67,5.206,54.71,21.244,27.03,2.021,24.6,16.478,6017.87,79.49,682.63,5.238,54.22,21.253,27.035,2.006,24.57,16.62,INJECTOR_DEGRADATION,1.0,1.0,0.4,1.0,1.0,0.0,0.0,0.0,0.0
161.9,CLIMB,76.51,54.73,8717.92,12.56,73.943,0.9016,6031.03,80.27,681.65,5.206,54.7,21.243,27.03,2.021,24.6,16.476,6034.02,79.72,681.7,5.178,54.36,21.159,27.028,2.059,24.553,16.554,INJECTOR_DEGRADATION,1.0,1.0,0.4,1.0,1.0,0.0,0.0,0.0,0.0
162.0,CLIMB,76.5,54.73,8725.0,12.55,73.924,0.9014,6030.57,80.27,681.63,5.206,54.69,21.241,27.03,2.021,24.6,16.475,6036.66,79.69,681.0,5.211,55.23,21.399,27.0,1.988,24.605,16.318,INJECTOR_DEGRADATION,1.0,1.0,0.4,1.0,1.0,0.0,0.0,0.0,0.0
162.1,CLIMB,76.49,54.72,8732.08,12.54,73.905,0.9012,6030.11,80.27,681.61,5.206,54.68,21.24,27.03,2.021,24.6,16.474,6035.85,79.15,679.86,5.245,55.37,21.339,26.995,2.004,24.599,16.306,INJECTOR_DEGRADATION,1.0,1.0,0.4,1.0,1.0,0.0,0.0,0.0,0.0
162.2,CLIMB,76.48,54.71,8739.17,12.52,73.886,0.901,6029.66,80.27,681.59,5.206,54.66,21.238,27.03,2.021,24.6,16.473,6035.32,80.94,683.01,5.15,54.48,21.286,26.98,2.047,24.544,16.469,INJECTOR_DEGRADATION,1.0,1.0,0.4,1.0,1.0,0.0,0.0,0.0,0.0
162.3,CLIMB,76.48,54.71,8746.25,12.51,73.867,0.9008,6029.2,80.27,681.57,5.206,54.65,21.237,27.03,2.021,24.6,16.471,6026.45,80.53,679.78,5.246,54.71,21.373,26.941,2.044,24.56,16.519,INJECTOR_DEGRADATION,1.0,1.0,0.4,1.0,1.0,0.0,0.0,0.0,0.0
162.4,CLIMB,76.47,54.7,8753.33,12.49,73.848,0.9007,6028.75,80.27,681.55,5.206,54.64,21.235,27.029,2.021,24.6,16.47,6022.99,80.34,681.39,5.212,54.51,21.334,27.044,2.034,24.594,16.474,INJECTOR_DEGRADATION,1.0,1.0,0.4,1.0,1.0,0.0,0.0,0.0,0.0
162.5,CLIMB,76.46,54.7,8760.42,12.48,73.829,0.9005,6028.29,80.27,681.53,5.205,54.62,21.233,27.029,2.02,24.6,16.469,6030.67,80.23,683.61,5.273,53.95,21.139,27.111,2.027,24.62,16.703,INJECTOR_DEGRADATION,1.0,1.0,0.4,1.0,1.0,0.0,0.0,0.0,0.0
162.6,CLIMB,76.45,54.69,8767.5,12.47,73.81,0.9003,6027.84,80.27,681.51,5.205,54.61,21.232,27.029,2.02,24.6,16.468,6019.0,80.9,682.9,5.2,54.59,21.216,27.077,1.998,24.665,16.522,INJECTOR_DEGRADATION,1.0,1.0,0.4,1.0,1.0,0.0,0.0,0.0,0.0
162.7,CLIMB,76.44,54.69,8774.58,12.45,73.791,0.9001,6027.38,80.27,681.49,5.205,54.6,21.23,27.029,2.02,24.6,16.466,6031.29,80.73,682.92,5.158,54.96,21.18,27.111,1.942,24.613,16.448,INJECTOR_DEGRADATION,1.0,1.0,0.4,1.0,1.0,0.0,0.0,0.0,0.0
162.8,CLIMB,76.43,54.68,8781.67,12.44,73.773,0.8999,6026.93,80.26,681.47,5.205,54.59,21.229,27.029,2.02,24.6,16.465,6028.49,80.77,680.72,5.211,54.99,21.132,27.062,2.025,24.615,16.544,INJECTOR_DEGRADATION,1.0,1.0,0.4,1.0,1.0,0.0,0.0,0.0,0.0
162.9,CLIMB,76.43,54.68,8788.75,12.42,73.754,0.8997,6026.47,80.26,681.45,5.205,54.57,21.227,27.029,2.02,24.6,16.464,6022.53,80.22,681.3,5.204,54.39,21.257,27.077,2.029,24.521,16.679,INJECTOR_DEGRADATION,1.0,1.0,0.4,1.0,1.0,0.0,0.0,0.0,0.0
163.0,CLIMB,76.42,54.67,8795.83,12.41,73.735,0.8995,6026.02,80.26,681.43,5.205,54.56,21.226,27.028,2.02,24.6,16.463,6030.2,80.79,679.41,5.162,54.54,21.12,27.024,1.899,24.592,16.588,INJECTOR_DEGRADATION,1.0,1.0,0.4,1.0,1.0,0.0,0.0,0.0,0.0
163.1,CLIMB,76.41,54.67,8802.92,12.39,73.716,0.8994,6025.56,80.26,681.41,5.204,54.55,21.224,27.028,2.02,24.6,16.461,6023.67,80.24,684.31,5.199,54.26,21.396,27.002,2.007,24.592,16.521,INJECTOR_DEGRADATION,1.0,1.0,0.4,1.0,1.0,0.0,0.0,0.0,0.0
163.2,CLIMB,76.4,54.66,8810.0,12.38,73.697,0.8992,6025.11,80.26,681.39,5.204,54.54,21.223,27.028,2.02,24.6,16.46,6023.29,80.98,677.8,5.176,54.91,21.309,27.034,2.073,24.576,16.601,INJECTOR_DEGRADATION,1.0,1.0,0.4,1.0,1.0,0.0,0.0,0.0,0.0
163.3,CLIMB,76.39,54.65,8817.08,12.37,73.678,0.899,6024.66,80.26,681.37,5.204,54.52,21.221,27.028,2.02,24.6,16.459,6022.83,81.17,681.18,5.203,54.43,21.326,27.095,2.02,24.516,16.635,INJECTOR_DEGRADATION,1.0,1.0,0.4,1.0,1.0,0.0,0.0,0.0,0.0
163.4,CLIMB,76.38,54.65,8824.17,12.35,73.659,0.8988,6024.2,80.26,681.35,5.204,54.51,21.22,27.028,2.02,24.6,16.458,6020.35,81.07,681.13,5.15,54.26,21.244,27.106,2.006,24.621,16.451,INJECTOR_DEGRADATION,1.0,1.0,0.4,1.0,1.0,0.0,0.0,0.0,0.0
163.5,CLIMB,76.38,54.64,8831.25,12.34,73.641,0.8986,6023.75,80.26,681.33,5.204,54.5,21.218,27.028,2.02,24.6,16.456,6020.58,80.57,682.73,5.183,54.58,21.208,26.989,1.951,24.631,16.336,INJECTOR_DEGRADATION,1.0,1.0,0.4,1.0,1.0,0.0,0.0,0.0,0.0
163.6,CLIMB,76.37,54.64,8838.33,12.32,73.622,0.8984,6023.29,80.26,681.31,5.204,54.48,21.217,27.027,2.019,24.6,16.455,6027.2,79.32,680.16,5.149,54.13,21.147,27.074,2.028,24.605,16.31,INJECTOR_DEGRADATION,1.0,1.0,0.4,1.0,1.0,0.0,0.0,0.0,0.0
163.7,CLIMB,76.36,54.63,8845.42,12.31,73.603,0.8982,6022.84,80.26,681.29,5.204,54.47,21.215,27.027,2.019,24.6,16.454,6017.09,80.11,680.62,5.199,54.69,21.328,27.089,1.966,24.544,16.371,INJECTOR_DEGRADATION,1.0,1.0,0.4,1.0,1.0,0.0,0.0,0.0,0.0
163.8,CLIMB,76.35,54.63,8852.5,12.3,73.584,0.8981,6022.38,80.26,681.27,5.203,54.46,21.213,27.027,2.019,24.6,16.453,6031.13,80.74,679.95,5.206,54.32,21.276,27.01,2.083,24.491,16.568,INJECTOR_DEGRADATION,1.0,1.0,0.4,1.0,1.0,0.0,0.0,0.0,0.0
163.9,CLIMB,76.34,54.62,8859.58,12.28,73.565,0.8979,6021.93,80.26,681.25,5.203,54.45,21.212,27.027,2.019,24.6,16.451,6018.01,80.39,680.73,5.201,54.11,21.153,27.109,2.036,24.679,16.416,INJECTOR_DEGRADATION,1.0,1.0,0.4,1.0,1.0,0.0,0.0,0.0,0.0
164.0,CLIMB,76.33,54.62,8866.67,12.27,73.546,0.8977,6021.47,80.26,681.23,5.203,54.43,21.21,27.027,2.019,24.6,16.45,6024.77,80.52,681.68,5.189,54.2,21.063,27.009,2.012,24.623,16.288,INJECTOR_DEGRADATION,1.0,1.0,0.4,1.0,1.0,0.0,0.0,0.0,0.0
164.1,CLIMB,76.33,54.61,8873.75,12.25,73.528,0.8975,6021.02,80.26,681.21,5.203,54.42,21.209,27.027,2.019,24.6,16.449,6011.76,79.32,678.61,5.205,54.4,21.092,27.006,2.06,24.581,16.489,INJECTOR_DEGRADATION,1.0,1.0,0.4,1.0,1.0,0.0,0.0,0.0,0.0
164.2,CLIMB,76.32,54.61,8880.83,12.24,73.509,0.8973,6020.56,80.26,681.19,5.203,54.41,21.207,27.026,2.019,24.6,16.448,6021.37,80.58,682.33,5.163,54.84,21.345,27.048,2.048,24.58,16.4,INJECTOR_DEGRADATION,1.0,1.0,0.4,1.0,1.0,0.0,0.0,0.0,0.0
164.3,CLIMB,76.31,54.6,8887.92,12.22,73.49,0.8971,6020.11,80.26,681.17,5.203,54.39,21.206,27.026,2.019,24.6,16.446,6018.63,80.43,683.48,5.199,54.14,21.105,27.014,1.958,24.577,16.524,INJECTOR_DEGRADATION,1.0,1.0,0.4,1.0,1.0,0.0,0.0,0.0,0.0
164.4,CLIMB,76.3,54.6,8895.0,12.21,73.471,0.8969,6019.65,80.26,681.15,5.203,54.38,21.204,27.026,2.019,24.6,16.445,6018.45,80.47,680.64,5.166,53.92,21.267,27.079,2.064,24.49,16.235,INJECTOR_DEGRADATION,1.0,1.0,0.4,1.0,1.0,0.0,0.0,0.0,0.0
164.5,CLIMB,76.29,54.59,8902.08,12.2,73.452,0.8968,6019.2,80.26,681.13,5.202,54.37,21.203,27.026,2.019,24.6,16.444,6021.89,79.73,680.92,5.206,54.13,21.273,27.009,1.965,24.592,16.575,INJECTOR_DEGRADATION,1.0,1.0,0.4,1.0,1.0,0.0,0.0,0.0,0.0
164.6,CLIMB,76.28,54.58,8909.17,12.18,73.433,0.8966,6018.74,80.26,681.11,5.202,54.36,21.201,27.026,2.019,24.6,16.443,6013.98,80.54,677.33,5.185,54.69,21.068,27.06,1.966,24.494,16.5,INJECTOR_DEGRADATION,1.0,1.0,0.4,1.0,1.0,0.0,0.0,0.0,0.0
164.7,CLIMB,76.28,54.58,8916.25,12.17,73.415,0.8964,6018.29,80.26,681.09,5.202,54.34,21.2,27.026,2.018,24.6,16.441,6017.87,80.16,682.54,5.158,54.11,21.304,27.023,1.912,24.649,16.542,INJECTOR_DEGRADATION,1.0,1.0,0.4,1.0,1.0,0.0,0.0,0.0,0.0
164.8,CLIMB,76.27,54.57,8923.33,12.15,73.396,0.8962,6017.84,80.26,681.07,5.202,54.33,21.198,27.025,2.018,24.6,16.44,6029.74,80.28,683.2,5.223,54.21,21.259,27.169,1.947,24.636,16.335,INJECTOR_DEGRADATION,1.0,1.0,0.4,1.0,1.0,0.0,0.0,0.0,0.0
164.9,CLIMB,76.26,54.57,8930.42,12.14,73.377,0.896,6017.38,80.26,681.05,5.202,54.32,21.196,27.025,2.018,24.6,16.439,6017.11,81.16,680.07,5.214,53.81,21.229,27.038,1.975,24.62,16.411,INJECTOR_DEGRADATION,1.0,1.0,0.4,1.0,1.0,0.0,0.0,0.0,0.0
165.0,CLIMB,76.25,54.56,8937.5,12.13,73.358,0.8958,6016.93,80.26,681.03,5.202,54.3,21.195,27.025,2.018,24.6,16.438,6014.8,80.37,682.18,5.223,54.24,21.204,27.006,2.041,24.567,16.376,INJECTOR_DEGRADATION,1.0,1.0,0.4,1.0,1.0,0.0,0.0,0.0,0.0
165.1,CLIMB,76.24,54.56,8944.58,12.11,73.34,0.8957,6016.47,80.26,681.01,5.202,54.29,21.193,27.025,2.018,24.6,16.436,6013.4,79.86,680.5,5.147,54.17,21.265,26.926,2.049,24.645,16.324,INJECTOR_DEGRADATION,1.0,1.0,0.4,1.0,1.0,0.0,0.0,0.0,0.0
165.2,CLIMB,76.23,54.55,8951.67,12.1,73.321,0.8955,6016.02,80.26,680.99,5.201,54.28,21.192,27.025,2.018,24.6,16.435,6016.95,79.36,682.32,5.211,54.51,20.991,27.157,2.001,24.523,16.513,INJECTOR_DEGRADATION,1.0,1.0,0.4,1.0,1.0,0.0,0.0,0.0,0.0
165.3,CLIMB,76.23,54.55,8958.75,12.08,73.302,0.8953,6015.56,80.26,680.97,5.201,54.27,21.19,27.025,2.018,24.6,16.434,6012.86,80.56,680.62,5.232,54.4,21.083,26.965,1.996,24.622,16.444,INJECTOR_DEGRADATION,1.0,1.0,0.4,1.0,1.0,0.0,0.0,0.0,0.0
165.4,CLIMB,76.22,54.54,8965.83,12.07,73.283,0.8951,6015.11,80.26,680.95,5.201,54.25,21.189,27.024,2.018,24.6,16.433,6018.76,80.0,681.63,5.238,53.98,21.149,26.975,2.097,24.583,16.594,INJECTOR_DEGRADATION,1.0,1.0,0.4,1.0,1.0,0.0,0.0,0.0,0.0
165.5,CLIMB,76.21,54.54,8972.92,12.05,73.265,0.8949,6014.65,80.26,680.93,5.201,54.24,21.187,27.024,2.018,24.6,16.431,6025.83,80.56,681.7,5.183,54.5,21.177,27.095,2.071,24.585,16.439,INJECTOR_DEGRADATION,1.0,1.0,0.4,1.0,1.0,0.0,0.0,0.0,0.0
165.6,CLIMB,76.2,54.53,8980.0,12.04,73.246,0.8947,6014.2,80.26,680.91,5.201,54.23,21.186,27.024,2.018,24.6,16.43,6015.07,79.9,682.05,5.136,54.19,21.118,27.041,2.003,24.567,16.422,INJECTOR_DEGRADATION,1.0,1.0,0.4,1.0,1.0,0.0,0.0,0.0,0.0
165.7,CLIMB,76.19,54.52,8987.08,12.03,73.227,0.8945,6013.75,80.26,680.89,5.201,54.21,21.184,27.024,2.018,24.6,16.429,6013.01,79.21,681.37,5.2,54.06,21.185,27.012,2.078,24.559,16.594,INJECTOR_DEGRADATION,1.0,1.0,0.4,1.0,1.0,0.0,0.0,0.0,0.0
165.8,CLIMB,76.18,54.52,8994.17,12.01,73.208,0.8944,6013.29,80.25,680.87,5.201,54.2,21.183,27.024,2.017,24.6,16.428,6012.15,79.86,680.81,5.173,54.02,21.286,27.042,1.964,24.617,16.583,INJECTOR_DEGRADATION,1.0,1.0,0.4,1.0,1.0,0.0,0.0,0.0,0.0
165.9,CLIMB,76.18,54.51,9001.25,12.0,73.19,0.8942,6012.84,80.25,680.85,5.2,54.19,21.181,27.024,2.017,24.6,16.426,6015.81,80.11,679.88,5.207,54.35,21.316,26.982,1.951,24.667,16.34,INJECTOR_DEGRADATION,1.0,1.0,0.4,1.0,1.0,0.0,0.0,0.0,0.0
166.0,CLIMB,76.17,54.51,9008.33,11.98,73.171,0.894,6012.38,80.25,680.83,5.2,54.18,21.18,27.023,2.017,24.6,16.425,6012.05,80.58,681.29,5.21,54.34,21.083,27.03,2.026,24.564,16.535,INJECTOR_DEGRADATION,1.0,1.0,0.4,1.0,1.0,0.0,0.0,0.0,0.0
166.1,CLIMB,76.16,54.5,9015.42,11.97,73.152,0.8938,6011.93,80.25,680.81,5.2,54.16,21.178,27.023,2.017,24.6,16.424,6009.47,79.4,680.16,5.23,54.06,21.211,26.984,1.99,24.565,16.454,INJECTOR_DEGRADATION,1.0,1.0,0.4,1.0,1.0,0.0,0.0,0.0,0.0
166.2,CLIMB,76.15,54.5,9022.5,11.96,73.133,0.8936,6011.48,80.25,680.79,5.2,54.15,21.176,27.023,2.017,24.6,16.423,6002.45,80.43,678.25,5.268,54.59,21.289,26.998,2.049,24.627,16.44,INJECTOR_DEGRADATION,1.0,1.0,0.4,1.0,1.0,0.0,0.0,0.0,0.0
166.3,CLIMB,76.14,54.49,9029.58,11.94,73.115,0.8934,6011.02,80.25,680.77,5.2,54.14,21.175,27.023,2.017,24.6,16.421,6011.73,80.67,680.32,5.232,53.91,21.118,26.992,2.087,24.624,16.329,INJECTOR_DEGRADATION,1.0,1.0,0.4,1.0,1.0,0.0,0.0,0.0,0.0
166.4,CLIMB,76.13,54.49,9036.67,11.93,73.096,0.8933,6010.57,80.25,680.75,5.2,54.12,21.173,27.023,2.017,24.6,16.42,6005.79,79.61,680.73,5.204,54.54,21.125,27.13,2.051,24.664,16.433,INJECTOR_DEGRADATION,1.0,1.0,0.4,1.0,1.0,0.0,0.0,0.0,0.0
166.5,CLIMB,76.13,54.48,9043.75,11.91,73.077,0.8931,6010.11,80.25,680.73,5.2,54.11,21.172,27.023,2.017,24.6,16.419,6015.1,80.52,684.65,5.188,54.34,21.295,27.068,1.979,24.766,16.54,INJECTOR_DEGRADATION,1.0,1.0,0.4,1.0,1.0,0.0,0.0,0.0,0.0
166.6,CLIMB,76.12,54.48,9050.83,11.9,73.059,0.8929,6009.66,80.25,680.71,5.199,54.1,21.17,27.022,2.017,24.6,16.418,6012.09,80.05,682.97,5.193,54.17,21.088,27.01,2.095,24.537,16.596,INJECTOR_DEGRADATION,1.0,1.0,0.4,1.0,1.0,0.0,0.0,0.0,0.0
166.7,CLIMB,76.11,54.47,9057.92,11.88,73.04,0.8927,6009.21,80.25,680.69,5.199,54.08,21.169,27.022,2.017,24.6,16.416,6011.15,79.52,679.96,5.153,54.09,21.156,26.99,1.994,24.588,16.673,INJECTOR_DEGRADATION,1.0,1.0,0.4,1.0,1.0,0.0,0.0,0.0,0.0
166.8,CLIMB,76.1,54.47,9065.0,11.87,73.021,0.8925,6008.75,80.25,680.67,5.199,54.07,21.167,27.022,2.017,24.6,16.415,6014.79,80.1,681.43,5.204,53.79,21.271,26.987,2.052,24.562,16.382,INJECTOR_DEGRADATION,1.0,1.0,0.4,1.0,1.0,0.0,0.0,0.0,0.0
166.9,CLIMB,76.09,54.46,9072.08,11.86,73.002,0.8923,6008.3,80.25,680.65,5.199,54.06,21.166,27.022,2.017,24.6,16.414,5999.59,79.9,678.65,5.207,54.03,21.127,27.046,2.035,24.605,16.34,INJECTOR_DEGRADATION,1.0,1.0,0.4,1.0,1.0,0.0,0.0,0.0,0.0
167.0,CLIMB,76.08,54.45,9079.17,11.84,72.984,0.8921,6007.84,80.25,680.63,5.199,54.05,21.164,27.022,2.016,24.6,16.413,6001.19,80.7,677.06,5.159,54.05,21.291,27.067,2.038,24.607,16.4,INJECTOR_DEGRADATION,1.0,1.0,0.4,1.0,1.0,0.0,0.0,0.0,0.0
167.1,CLIMB,76.08,54.45,9086.25,11.83,72.965,0.892,6007.39,80.25,680.61,5.199,54.03,21.163,27.022,2.016,24.6,16.411,6003.76,79.7,682.37,5.239,54.06,21.132,27.059,1.985,24.629,16.436,INJECTOR_DEGRADATION,1.0,1.0,0.4,1.0,1.0,0.0,0.0,0.0,0.0
167.2,CLIMB,76.07,54.44,9093.33,11.81,72.946,0.8918,6006.94,80.25,680.59,5.199,54.02,21.161,27.021,2.016,24.6,16.41,6005.2,79.95,678.15,5.161,53.84,21.213,27.006,1.978,24.547,16.498,INJECTOR_DEGRADATION,1.0,1.0,0.4,1.0,1.0,0.0,0.0,0.0,0.0
167.3,CLIMB,76.06,54.44,9100.42,11.8,72.928,0.8916,6006.48,80.25,680.57,5.198,54.01,21.159,27.021,2.016,24.6,16.409,6008.02,79.59,681.02,5.146,53.97,21.338,27.02,2.081,24.583,16.521,INJECTOR_DEGRADATION,1.0,1.0,0.4,1.0,1.0,0.0,0.0,0.0,0.0
167.4,CLIMB,76.05,54.43,9107.5,11.79,72.909,0.8914,6006.03,80.25,680.55,5.198,53.99,21.158,27.021,2.016,24.6,16.408,6004.1,79.44,682.55,5.181,54.04,21.184,26.951,2.014,24.559,16.461,INJECTOR_DEGRADATION,1.0,1.0,0.4,1.0,1.0,0.0,0.0,0.0,0.0
167.5,CLIMB,76.04,54.43,9114.58,11.77,72.89,0.8912,6005.57,80.25,680.53,5.198,53.98,21.156,27.021,2.016,24.6,16.406,6006.71,79.53,681.23,5.227,53.95,21.128,27.053,1.992,24.551,16.554,INJECTOR_DEGRADATION,1.0,1.0,0.4,1.0,1.0,0.0,0.0,0.0,0.0
167.6,CLIMB,76.03,54.42,9121.67,11.76,72.872,0.891,6005.12,80.25,680.51,5.198,53.97,21.155,27.021,2.016,24.6,16.405,6002.72,80.21,681.42,5.205,53.55,21.188,27.006,2.035,24.53,16.466,INJECTOR_DEGRADATION,1.0,1.0,0.4,1.0,1.0,0.0,0.0,0.0,0.0
167.7,CLIMB,76.03,54.42,9128.75,11.74,72.853,0.8909,6004.67,80.25,680.49,5.198,53.96,21.153,27.021,2.016,24.6,16.404,5998.67,79.98,680.91,5.25,53.57,21.003,27.041,1.976,24.643,16.332,INJECTOR_DEGRADATION,1.0,1.0,0.4,1.0,1.0,0.0,0.0,0.0,0.0
167.8,CLIMB,76.02,54.41,9135.83,11.73,72.834,0.8907,6004.21,80.25,680.47,5.198,53.94,21.152,27.02,2.016,24.6,16.403,6008.3,80.23,680.07,5.219,53.57,21.273,27.015,1.997,24.602,16.422,INJECTOR_DEGRADATION,1.0,1.0,0.4,1.0,1.0,0.0,0.0,0.0,0.0
167.9,CLIMB,76.01,54.41,9142.92,11.71,72.816,0.8905,6003.76,80.25,680.45,5.198,53.93,21.15,27.02,2.016,24.6,16.401,5994.63,80.68,680.94,5.179,53.78,20.916,27.065,2.061,24.632,16.697,INJECTOR_DEGRADATION,1.0,1.0,0.4,1.0,1.0,0.0,0.0,0.0,0.0
168.0,CLIMB,76.0,54.4,9150.0,11.7,72.797,0.8903,6003.3,80.25,680.43,5.197,53.92,21.149,27.02,2.016,24.6,16.4,6000.4,80.27,680.95,5.226,54.18,21.275,26.996,2.057,24.586,16.385,INJECTOR_DEGRADATION,1.0,1.0,0.4,1.0,1.0,0.0,0.0,0.0,0.0
168.1,CLIMB,75.99,54.39,9157.08,11.69,72.779,0.8901,6002.85,80.25,680.41,5.197,53.9,21.147,27.02,2.015,24.6,16.399,6001.83,80.66,681.36,5.184,53.84,21.119,27.052,2.126,24.575,16.517,INJECTOR_DEGRADATION,1.0,1.0,0.4,1.0,1.0,0.0,0.0,0.0,0.0
168.2,CLIMB,75.98,54.39,9164.17,11.67,72.76,0.8899,6002.4,80.25,680.39,5.197,53.89,21.146,27.02,2.015,24.6,16.398,5999.86,80.37,679.93,5.245,53.74,21.199,27.084,1.984,24.647,16.42,INJECTOR_DEGRADATION,1.0,1.0,0.4,1.0,1.0,0.0,0.0,0.0,0.0
168.3,CLIMB,75.98,54.38,9171.25,11.66,72.741,0.8898,6001.94,80.25,680.37,5.197,53.88,21.144,27.02,2.015,24.6,16.396,6012.06,80.15,681.12,5.184,53.59,21.171,26.981,2.128,24.579,16.273,INJECTOR_DEGRADATION,1.0,1.0,0.4,1.0,1.0,0.0,0.0,0.0,0.0
168.4,CLIMB,75.97,54.38,9178.33,11.64,72.723,0.8896,6001.49,80.25,680.35,5.197,53.87,21.142,27.019,2.015,24.6,16.395,6001.07,79.81,679.78,5.226,53.82,21.234,26.999,1.951,24.676,16.339,INJECTOR_DEGRADATION,1.0,1.0,0.4,1.0,1.0,0.0,0.0,0.0,0.0
168.5,CLIMB,75.96,54.37,9185.42,11.63,72.704,0.8894,6001.04,80.25,680.33,5.197,53.85,21.141,27.019,2.015,24.6,16.394,5994.5,80.37,682.49,5.156,53.5,21.377,26.939,2.007,24.626,16.236,INJECTOR_DEGRADATION,1.0,1.0,0.4,1.0,1.0,0.0,0.0,0.0,0.0
168.6,CLIMB,75.95,54.37,9192.5,11.62,72.685,0.8892,6000.58,80.25,680.31,5.197,53.84,21.139,27.019,2.015,24.6,16.393,6006.73,79.28,680.03,5.21,53.47,21.264,27.067,2.071,24.6,16.396,INJECTOR_DEGRADATION,1.0,1.0,0.4,1.0,1.0,0.0,0.0,0.0,0.0
168.7,CLIMB,75.94,54.36,9199.58,11.6,72.667,0.889,6000.13,80.25,680.29,5.196,53.83,21.138,27.019,2.015,24.6,16.391,6006.06,80.68,680.01,5.193,53.77,21.188,26.982,2.075,24.513,16.269,INJECTOR_DEGRADATION,1.0,1.0,0.4,1.0,1.0,0.0,0.0,0.0,0.0
168.8,CLIMB,75.93,54.36,9206.67,11.59,72.648,0.8888,5999.68,80.24,680.27,5.196,53.81,21.136,27.019,2.015,24.6,16.39,5992.18,80.88,681.46,5.225,53.67,21.125,27.029,2.071,24.559,16.306,INJECTOR_DEGRADATION,1.0,1.0,0.4,1.0,1.0,0.0,0.0,0.0,0.0
168.9,CLIMB,75.93,54.35,9213.75,11.57,72.63,0.8887,5999.22,80.24,680.25,5.196,53.8,21.135,27.019,2.015,24.6,16.389,5998.87,80.32,678.4,5.176,53.65,21.261,27.037,1.978,24.62,16.387,INJECTOR_DEGRADATION,1.0,1.0,0.4,1.0,1.0,0.0,0.0,0.0,0.0
169.0,CLIMB,75.92,54.35,9220.83,11.56,72.611,0.8885,5998.77,80.24,680.23,5.196,53.79,21.133,27.018,2.015,24.6,16.388,5996.12,80.47,679.37,5.222,54.32,21.234,27.044,1.995,24.596,16.474,INJECTOR_DEGRADATION,1.0,1.0,0.4,1.0,1.0,0.0,0.0,0.0,0.0
169.1,CLIMB,75.91,54.34,9227.92,11.54,72.592,0.8883,5998.32,80.24,680.21,5.196,53.77,21.132,27.018,2.015,24.6,16.386,5987.57,80.67,677.82,5.234,54.11,21.129,26.949,2.06,24.595,16.464,INJECTOR_DEGRADATION,1.0,1.0,0.4,1.0,1.0,0.0,0.0,0.0,0.0
169.2,CLIMB,75.9,54.34,9235.0,11.53,72.574,0.8881,5997.86,80.24,680.19,5.196,53.76,21.13,27.018,2.014,24.6,16.385,5994.74,79.82,681.04,5.201,54.01,21.341,27.029,2.095,24.674,16.234,INJECTOR_DEGRADATION,1.0,1.0,0.4,1.0,1.0,0.0,0.0,0.0,0.0
169.3,CLIMB,75.89,54.33,9242.08,11.52,72.555,0.8879,5997.41,80.24,680.17,5.196,53.75,21.129,27.018,2.014,24.6,16.384,5996.78,79.72,680.14,5.133,53.89,21.155,27.119,1.969,24.64,16.249,INJECTOR_DEGRADATION,1.0,1.0,0.4,1.0,1.0,0.0,0.0,0.0,0.0
169.4,CLIMB,75.88,54.32,9249.17,11.5,72.537,0.8877,5996.96,80.24,680.15,5.195,53.74,21.127,27.018,2.014,24.6,16.383,5993.18,79.88,679.55,5.225,53.87,21.159,27.047,2.073,24.612,16.35,INJECTOR_DEGRADATION,1.0,1.0,0.4,1.0,1.0,0.0,0.0,0.0,0.0
169.5,CLIMB,75.88,54.32,9256.25,11.49,72.518,0.8876,5996.5,80.24,680.13,5.195,53.72,21.125,27.018,2.014,24.6,16.381,5997.97,79.64,679.41,5.205,54.01,20.974,27.037,1.996,24.525,16.347,INJECTOR_DEGRADATION,1.0,1.0,0.4,1.0,1.0,0.0,0.0,0.0,0.0
169.6,CLIMB,75.87,54.31,9263.33,11.47,72.5,0.8874,5996.05,80.24,680.11,5.195,53.71,21.124,27.017,2.014,24.6,16.38,5989.21,80.03,678.83,5.222,54.16,21.091,27.043,1.916,24.637,16.407,INJECTOR_DEGRADATION,1.0,1.0,0.4,1.0,1.0,0.0,0.0,0.0,0.0
169.7,CLIMB,75.86,54.31,9270.42,11.46,72.481,0.8872,5995.59,80.24,680.09,5.195,53.7,21.122,27.017,2.014,24.6,16.379,5994.21,80.09,681.11,5.106,53.49,21.153,27.034,2.106,24.592,16.681,INJECTOR_DEGRADATION,1.0,1.0,0.4,1.0,1.0,0.0,0.0,0.0,0.0
169.8,CLIMB,75.85,54.3,9277.5,11.45,72.463,0.887,5995.14,80.24,680.07,5.195,53.68,21.121,27.017,2.014,24.6,16.378,5993.86,80.38,680.69,5.212,53.77,21.156,27.012,2.014,24.614,16.465,INJECTOR_DEGRADATION,1.0,1.0,0.4,1.0,1.0,0.0,0.0,0.0,0.0
169.9,CLIMB,75.84,54.3,9284.58,11.43,72.444,0.8868,5994.69,80.24,680.05,5.195,53.67,21.119,27.017,2.014,24.6,16.376,6005.53,80.59,682.63,5.227,54.02,21.086,27.024,2.041,24.575,16.351,INJECTOR_DEGRADATION,1.0,1.0,0.4,1.0,1.0,0.0,0.0,0.0,0.0
170.0,CLIMB,75.83,54.29,9291.67,11.42,72.425,0.8866,5994.24,80.24,680.03,5.194,53.66,21.118,27.017,2.014,24.6,16.375,5994.7,79.78,680.8,5.131,53.88,21.056,26.989,2.013,24.587,16.353,INJECTOR_DEGRADATION,1.0,1.0,0.4,1.0,1.0,0.0,0.0,0.0,0.0
170.1,CLIMB,75.83,54.29,9298.75,11.4,72.407,0.8865,5993.78,80.24,680.01,5.194,53.64,21.116,27.017,2.014,24.6,16.374,5987.74,80.32,679.72,5.159,53.37,21.07,27.084,2.011,24.603,16.34,INJECTOR_DEGRADATION,1.0,1.0,0.4,1.0,1.0,0.0,0.0,0.0,0.0
170.2,CLIMB,75.82,54.28,9305.83,11.39,72.388,0.8863,5993.33,80.24,679.99,5.194,53.63,21.115,27.016,2.014,24.6,16.373,5998.6,79.92,679.65,5.22,53.55,21.177,26.915,1.926,24.679,16.215,INJECTOR_DEGRADATION,1.0,1.0,0.4,1.0,1.0,0.0,0.0,0.0,0.0
170.3,CLIMB,75.81,54.28,9312.92,11.37,72.37,0.8861,5992.88,80.24,679.97,5.194,53.62,21.113,27.016,2.013,24.6,16.371,5983.69,79.9,679.32,5.173,53.9,21.066,27.029,2.095,24.637,16.429,INJECTOR_DEGRADATION,1.0,1.0,0.4,1.0,1.0,0.0,0.0,0.0,0.0
170.4,CLIMB,75.8,54.27,9320.0,11.36,72.351,0.8859,5992.42,80.24,679.95,5.194,53.61,21.112,27.016,2.013,24.6,16.37,5989.42,80.51,681.99,5.218,53.62,21.018,26.986,1.992,24.642,16.356,INJECTOR_DEGRADATION,1.0,1.0,0.4,1.0,1.0,0.0,0.0,0.0,0.0
170.5,CLIMB,75.79,54.26,9327.08,11.35,72.333,0.8857,5991.97,80.24,679.93,5.194,53.59,21.11,27.016,2.013,24.6,16.369,5993.83,81.09,677.15,5.229,53.68,21.104,27.051,1.974,24.521,16.291,INJECTOR_DEGRADATION,1.0,1.0,0.4,1.0,1.0,0.0,0.0,0.0,0.0
170.6,CLIMB,75.78,54.26,9334.17,11.33,72.314,0.8855,5991.52,80.24,679.91,5.194,53.58,21.108,27.016,2.013,24.6,16.368,6003.59,81.13,679.16,5.217,53.35,21.008,26.87,1.997,24.57,16.371,INJECTOR_DEGRADATION,1.0,1.0,0.4,1.0,1.0,0.0,0.0,0.0,0.0
170.7,CLIMB,75.78,54.25,9341.25,11.32,72.296,0.8854,5991.06,80.24,679.89,5.193,53.57,21.107,27.016,2.013,24.6,16.366,5989.75,80.11,680.64,5.197,53.41,20.968,27.07,2.042,24.544,16.58,INJECTOR_DEGRADATION,1.0,1.0,0.4,1.0,1.0,0.0,0.0,0.0,0.0
170.8,CLIMB,75.77,54.25,9348.33,11.3,72.277,0.8852,5990.61,80.24,679.87,5.193,53.55,21.105,27.015,2.013,24.6,16.365,6002.11,80.37,678.49,5.205,52.91,21.296,27.062,2.038,24.585,16.328,INJECTOR_DEGRADATION,1.0,1.0,0.4,1.0,1.0,0.0,0.0,0.0,0.0
170.9,CLIMB,75.76,54.24,9355.42,11.29,72.259,0.885,5990.16,80.24,679.85,5.193,53.54,21.104,27.015,2.013,24.6,16.364,5996.25,80.65,680.95,5.174,53.44,21.03,26.908,2.0,24.578,16.369,INJECTOR_DEGRADATION,1.0,1.0,0.4,1.0,1.0,0.0,0.0,0.0,0.0
171.0,CLIMB,75.75,54.24,9362.5,11.28,72.24,0.8848,5989.7,80.24,679.83,5.193,53.53,21.102,27.015,2.013,24.6,16.363,5987.06,80.37,678.55,5.183,52.89,21.018,27.068,1.949,24.619,16.344,INJECTOR_DEGRADATION,1.0,1.0,0.4,1.0,1.0,0.0,0.0,0.0,0.0
171.1,CLIMB,75.74,54.23,9369.58,11.26,72.222,0.8846,5989.25,80.24,679.81,5.193,53.51,21.101,27.015,2.013,24.6,16.361,5990.07,80.39,679.11,5.169,54.26,21.107,26.944,2.005,24.532,16.459,INJECTOR_DEGRADATION,1.0,1.0,0.4,1.0,1.0,0.0,0.0,0.0,0.0
171.2,CLIMB,75.73,54.23,9376.67,11.25,72.203,0.8845,5988.8,80.24,679.79,5.193,53.5,21.099,27.015,2.013,24.6,16.36,5993.72,80.87,682.48,5.227,53.54,21.041,26.973,1.962,24.673,16.234,INJECTOR_DEGRADATION,1.0,1.0,0.4,1.0,1.0,0.0,0.0,0.0,0.0
171.3,CLIMB,75.73,54.22,9383.75,11.23,72.185,0.8843,5988.34,80.24,679.77,5.193,53.49,21.098,27.015,2.013,24.6,16.359,5997.14,81.02,681.05,5.177,53.24,21.019,27.048,2.075,24.513,16.424,INJECTOR_DEGRADATION,1.0,1.0,0.4,1.0,1.0,0.0,0.0,0.0,0.0
171.4,CLIMB,75.72,54.22,9390.83,11.22,72.166,0.8841,5987.89,80.24,679.75,5.192,53.48,21.096,27.014,2.013,24.6,16.358,5986.5,80.19,678.28,5.192,53.23,21.178,26.961,2.14,24.622,16.256,INJECTOR_DEGRADATION,1.0,1.0,0.4,1.0,1.0,0.0,0.0,0.0,0.0
171.5,CLIMB,75.71,54.21,9397.92,11.2,72.148,0.8839,5987.44,80.24,679.73,5.192,53.46,21.095,27.014,2.012,24.6,16.356,5988.31,80.11,679.99,5.158,53.67,21.023,27.016,1.981,24.64,16.715,INJECTOR_DEGRADATION,1.0,1.0,0.4,1.0,1.0,0.0,0.0,0.0,0.0
171.6,CLIMB,75.7,54.21,9405.0,11.19,72.129,0.8837,5986.99,80.24,679.71,5.192,53.45,21.093,27.014,2.012,24.6,16.355,5986.05,79.7,680.24,5.162,53.0,21.172,26.988,1.966,24.589,16.254,INJECTOR_DEGRADATION,1.0,1.0,0.4,1.0,1.0,0.0,0.0,0.0,0.0
171.7,CLIMB,75.69,54.2,9412.08,11.18,72.111,0.8835,5986.53,80.23,679.69,5.192,53.44,21.091,27.014,2.012,24.6,16.354,5986.75,79.92,677.6,5.19,53.27,20.717,27.068,1.984,24.494,16.387,INJECTOR_DEGRADATION,1.0,1.0,0.4,1.0,1.0,0.0,0.0,0.0,0.0
171.8,CLIMB,75.68,54.19,9419.17,11.16,72.092,0.8834,5986.08,80.23,679.67,5.192,53.42,21.09,27.014,2.012,24.6,16.353,5980.76,80.37,679.79,5.205,52.6,21.139,27.106,1.966,24.594,16.606,INJECTOR_DEGRADATION,1.0,1.0,0.4,1.0,1.0,0.0,0.0,0.0,0.0
171.9,CLIMB,75.68,54.19,9426.25,11.15,72.074,0.8832,5985.63,80.23,679.65,5.192,53.41,21.088,27.014,2.012,24.6,16.351,5980.98,79.73,680.65,5.152,53.8,21.058,26.951,1.995,24.554,16.334,INJECTOR_DEGRADATION,1.0,1.0,0.4,1.0,1.0,0.0,0.0,0.0,0.0
172.0,CLIMB,75.67,54.18,9433.33,11.13,72.056,0.883,5985.17,80.23,679.63,5.192,53.4,21.087,27.013,2.012,24.6,16.35,5981.54,79.82,681.38,5.182,53.25,21.124,27.014,1.994,24.562,16.309,INJECTOR_DEGRADATION,1.0,1.0,0.4,1.0,1.0,0.0,0.0,0.0,0.0
172.1,CLIMB,75.66,54.18,9440.42,11.12,72.037,0.8828,5984.72,80.23,679.61,5.191,53.38,21.085,27.013,2.012,24.6,16.349,5986.6,79.63,678.53,5.163,53.47,21.322,26.995,1.975,24.561,16.334,INJECTOR_DEGRADATION,1.0,1.0,0.4,1.0,1.0,0.0,0.0,0.0,0.0
172.2,CLIMB,75.65,54.17,9447.5,11.11,72.019,0.8826,5984.27,80.23,679.59,5.191,53.37,21.084,27.013,2.012,24.6,16.348,5988.03,80.06,681.0,5.234,53.28,21.074,26.989,2.038,24.57,16.357,INJECTOR_DEGRADATION,1.0,1.0,0.4,1.0,1.0,0.0,0.0,0.0,0.0
172.3,CLIMB,75.64,54.17,9454.58,11.09,72.0,0.8825,5983.82,80.23,679.57,5.191,53.36,21.082,27.013,2.012,24.6,16.346,5982.54,81.2,676.52,5.149,53.76,20.945,26.903,1.932,24.568,16.301,INJECTOR_DEGRADATION,1.0,1.0,0.4,1.0,1.0,0.0,0.0,0.0,0.0
172.4,CLIMB,75.63,54.16,9461.67,11.08,71.982,0.8823,5983.36,80.23,679.55,5.191,53.35,21.081,27.013,2.012,24.6,16.345,5983.7,80.05,677.83,5.228,53.33,21.224,27.04,2.03,24.58,16.371,INJECTOR_DEGRADATION,1.0,1.0,0.4,1.0,1.0,0.0,0.0,0.0,0.0
172.5,CLIMB,75.63,54.16,9468.75,11.06,71.963,0.8821,5982.91,80.23,679.53,5.191,53.33,21.079,27.013,2.012,24.6,16.344,5991.83,80.38,680.45,5.228,52.97,20.981,27.012,2.05,24.626,16.168,INJECTOR_DEGRADATION,1.0,1.0,0.4,1.0,1.0,0.0,0.0,0.0,0.0
172.6,CLIMB,75.62,54.15,9475.83,11.05,71.945,0.8819,5982.46,80.23,679.51,5.191,53.32,21.078,27.012,2.011,24.6,16.343,5978.39,81.24,679.77,5.14,53.36,21.183,27.041,2.017,24.637,16.309,INJECTOR_DEGRADATION,1.0,1.0,0.4,1.0,1.0,0.0,0.0,0.0,0.0
172.7,CLIMB,75.61,54.15,9482.92,11.03,71.927,0.8817,5982.01,80.23,679.49,5.191,53.31,21.076,27.012,2.011,24.6,16.341,5972.78,79.52,682.32,5.217,53.24,20.982,26.967,1.995,24.612,16.289,INJECTOR_DEGRADATION,1.0,1.0,0.4,1.0,1.0,0.0,0.0,0.0,0.0
172.8,CLIMB,75.6,54.14,9490.0,11.02,71.908,0.8815,5981.55,80.23,679.47,5.19,53.29,21.074,27.012,2.011,24.6,16.34,5976.42,79.85,677.03,5.174,52.91,21.137,26.989,2.032,24.66,16.272,INJECTOR_DEGRADATION,1.0,1.0,0.4,1.0,1.0,0.0,0.0,0.0,0.0
172.9,CLIMB,75.59,54.13,9497.08,11.01,71.89,0.8814,5981.1,80.23,679.45,5.19,53.28,21.073,27.012,2.011,24.6,16.339,5982.01,79.89,679.9,5.219,53.39,21.133,26.979,2.018,24.632,16.03,INJECTOR_DEGRADATION,1.0,1.0,0.4,1.0,1.0,0.0,0.0,0.0,0.0
173.0,CLIMB,75.58,54.13,9504.17,10.99,71.871,0.8812,5980.65,80.23,679.43,5.19,53.27,21.071,27.012,2.011,24.6,16.338,5983.89,80.33,678.7,5.19,53.06,21.15,26.949,2.013,24.636,16.356,INJECTOR_DEGRADATION,1.0,1.0,0.4,1.0,1.0,0.0,0.0,0.0,0.0
173.1,CLIMB,75.58,54.12,9511.25,10.98,71.853,0.881,5980.2,80.23,679.41,5.19,53.25,21.07,27.012,2.011,24.6,16.336,5979.97,80.59,678.54,5.18,53.92,21.214,27.067,2.03,24.56,16.27,INJECTOR_DEGRADATION,1.0,1.0,0.4,1.0,1.0,0.0,0.0,0.0,0.0
173.2,CLIMB,75.57,54.12,9518.33,10.96,71.835,0.8808,5979.74,80.23,679.39,5.19,53.24,21.068,27.011,2.011,24.6,16.335,5983.65,80.42,680.81,5.119,52.86,21.162,26.975,2.001,24.593,16.272,INJECTOR_DEGRADATION,1.0,1.0,0.4,1.0,1.0,0.0,0.0,0.0,0.0
173.3,CLIMB,75.56,54.11,9525.42,10.95,71.816,0.8806,5979.29,80.23,679.37,5.19,53.23,21.067,27.011,2.011,24.6,16.334,5976.76,80.85,677.18,5.182,53.06,21.055,26.975,2.003,24.706,16.423,INJECTOR_DEGRADATION,1.0,1.0,0.4,1.0,1.0,0.0,0.0,0.0,0.0
173.4,CLIMB,75.55,54.11,9532.5,10.94,71.798,0.8805,5978.84,80.23,679.35,5.19,53.22,21.065,27.011,2.011,24.6,16.333,5974.14,80.58,680.29,5.168,53.58,21.179,27.054,1.97,24.605,16.364,INJECTOR_DEGRADATION,1.0,1.0,0.4,1.0,1.0,0.0,0.0,0.0,0.0
173.5,CLIMB,75.54,54.1,9539.58,10.92,71.779,0.8803,5978.39,80.23,679.33,5.189,53.2,21.064,27.011,2.011,24.6,16.331,5971.99,80.64,679.53,5.139,52.88,21.138,27.011,2.038,24.679,16.25,INJECTOR_DEGRADATION,1.0,1.0,0.4,1.0,1.0,0.0,0.0,0.0,0.0
173.6,CLIMB,75.53,54.1,9546.67,10.91,71.761,0.8801,5977.93,80.23,679.31,5.189,53.19,21.062,27.011,2.011,24.6,16.33,5978.7,80.49,679.52,5.241,52.92,20.948,26.928,2.039,24.576,16.505,INJECTOR_DEGRADATION,1.0,1.0,0.4,1.0,1.0,0.0,0.0,0.0,0.0
173.7,CLIMB,75.53,54.09,9553.75,10.89,71.743,0.8799,5977.48,80.23,679.29,5.189,53.18,21.061,27.011,2.01,24.6,16.329,5979.36,80.13,681.47,5.21,53.36,21.182,26.983,2.026,24.597,16.376,INJECTOR_DEGRADATION,1.0,1.0,0.4,1.0,1.0,0.0,0.0,0.0,0.0
173.8,CLIMB,75.52,54.09,9560.83,10.88,71.724,0.8797,5977.03,80.23,679.27,5.189,53.16,21.059,27.01,2.01,24.6,16.328,5979.12,80.36,679.13,5.184,53.1,21.04,27.012,1.964,24.531,16.156,INJECTOR_DEGRADATION,1.0,1.0,0.4,1.0,1.0,0.0,0.0,0.0,0.0
173.9,CLIMB,75.51,54.08,9567.92,10.86,71.706,0.8795,5976.58,80.23,679.25,5.189,53.15,21.057,27.01,2.01,24.6,16.326,5976.29,79.18,677.15,5.203,52.91,21.093,26.982,1.994,24.652,16.224,INJECTOR_DEGRADATION,1.0,1.0,0.4,1.0,1.0,0.0,0.0,0.0,0.0
174.0,CLIMB,75.5,54.08,9575.0,10.85,71.688,0.8794,5976.12,80.23,679.23,5.189,53.14,21.056,27.01,2.01,24.6,16.325,5978.37,80.07,680.51,5.148,52.99,20.943,26.97,1.913,24.548,16.397,INJECTOR_DEGRADATION,1.0,1.0,0.4,1.0,1.0,0.0,0.0,0.0,0.0
174.1,CLIMB,75.49,54.07,9582.08,10.84,71.669,0.8792,5975.67,80.23,679.21,5.189,53.12,21.054,27.01,2.01,24.6,16.324,5976.91,80.8,680.04,5.178,53.16,21.166,26.98,2.025,24.652,16.306,INJECTOR_DEGRADATION,1.0,1.0,0.4,1.0,1.0,0.0,0.0,0.0,0.0
174.2,CLIMB,75.48,54.06,9589.17,10.82,71.651,0.879,5975.22,80.23,679.19,5.188,53.11,21.053,27.01,2.01,24.6,16.323,5984.89,80.78,679.67,5.15,53.06,21.134,27.052,2.157,24.539,16.321,INJECTOR_DEGRADATION,1.0,1.0,0.4,1.0,1.0,0.0,0.0,0.0,0.0
174.3,CLIMB,75.48,54.06,9596.25,10.81,71.633,0.8788,5974.77,80.23,679.17,5.188,53.1,21.051,27.01,2.01,24.6,16.321,5964.03,80.73,680.1,5.144,52.7,21.037,27.095,1.999,24.599,16.395,INJECTOR_DEGRADATION,1.0,1.0,0.4,1.0,1.0,0.0,0.0,0.0,0.0
174.4,CLIMB,75.47,54.05,9603.33,10.79,71.614,0.8786,5974.31,80.23,679.15,5.188,53.08,21.05,27.009,2.01,24.6,16.32,5978.79,80.72,680.89,5.202,53.05,21.091,26.957,1.972,24.628,16.336,INJECTOR_DEGRADATION,1.0,1.0,0.4,1.0,1.0,0.0,0.0,0.0,0.0
174.5,CLIMB,75.46,54.05,9610.42,10.78,71.596,0.8785,5973.86,80.22,679.13,5.188,53.07,21.048,27.009,2.01,24.6,16.319,5972.15,79.67,675.53,5.212,53.13,21.0,26.947,2.03,24.617,16.371,INJECTOR_DEGRADATION,1.0,1.0,0.4,1.0,1.0,0.0,0.0,0.0,0.0
174.6,CLIMB,75.45,54.04,9617.5,10.77,71.578,0.8783,5973.41,80.22,679.11,5.188,53.06,21.047,27.009,2.01,24.6,16.318,5975.19,79.21,679.45,5.217,53.25,21.141,26.955,2.054,24.585,16.116,INJECTOR_DEGRADATION,1.0,1.0,0.4,1.0,1.0,0.0,0.0,0.0,0.0
174.7,CLIMB,75.44,54.04,9624.58,10.75,71.559,0.8781,5972.96,80.22,679.09,5.188,53.05,21.045,27.009,2.01,24.6,16.316,5981.23,80.41,677.3,5.143,52.62,21.006,26.971,2.085,24.539,16.333,INJECTOR_DEGRADATION,1.0,1.0,0.4,1.0,1.0,0.0,0.0,0.0,0.0
174.8,CLIMB,75.43,54.03,9631.67,10.74,71.541,0.8779,5972.51,80.22,679.07,5.188,53.03,21.043,27.009,2.01,24.6,16.315,5981.59,80.1,681.23,5.163,52.68,21.18,27.04,1.981,24.564,16.22,INJECTOR_DEGRADATION,1.0,1.0,0.4,1.0,1.0,0.0,0.0,0.0,0.0
174.9,CLIMB,75.43,54.03,9638.75,10.72,71.523,0.8777,5972.05,80.22,679.05,5.187,53.02,21.042,27.009,2.009,24.6,16.314,5977.51,79.81,680.2,5.188,52.91,21.092,26.904,1.907,24.688,16.161,INJECTOR_DEGRADATION,1.0,1.0,0.4,1.0,1.0,0.0,0.0,0.0,0.0
175.0,CLIMB,75.42,54.02,9645.83,10.71,71.504,0.8776,5971.6,80.22,679.03,5.187,53.01,21.04,27.008,2.009,24.6,16.313,5975.25,79.54,680.43,5.177,52.95,21.014,26.973,2.012,24.633,16.426,INJECTOR_DEGRADATION,1.0,1.0,0.4,1.0,1.0,0.0,0.0,0.0,0.0
175.1,CLIMB,75.41,54.02,9652.92,10.69,71.486,0.8774,5971.15,80.22,679.0,5.187,52.99,21.039,27.008,2.009,24.6,16.311,5977.6,80.71,677.11,5.258,53.67,20.959,27.041,1.982,24.692,16.352,INJECTOR_DEGRADATION,1.0,1.0,0.4,1.0,1.0,0.0,0.0,0.0,0.0
175.2,CLIMB,75.4,54.01,9660.0,10.68,71.468,0.8772,5970.7,80.22,678.98,5.187,52.98,21.037,27.008,2.009,24.6,16.31,5972.59,79.63,677.8,5.16,53.44,21.085,27.068,1.983,24.546,16.261,INJECTOR_DEGRADATION,1.0,1.0,0.4,1.0,1.0,0.0,0.0,0.0,0.0
175.3,CLIMB,75.39,54.0,9667.08,10.67,71.45,0.877,5970.25,80.22,678.96,5.187,52.97,21.036,27.008,2.009,24.6,16.309,5980.72,80.06,678.32,5.201,53.16,21.092,27.042,1.992,24.651,16.315,INJECTOR_DEGRADATION,1.0,1.0,0.4,1.0,1.0,0.0,0.0,0.0,0.0
175.4,CLIMB,75.38,54.0,9674.17,10.65,71.431,0.8768,5969.79,80.22,678.94,5.187,52.95,21.034,27.008,2.009,24.6,16.308,5971.8,79.79,678.44,5.219,53.05,21.147,27.019,2.043,24.651,16.322,INJECTOR_DEGRADATION,1.0,1.0,0.4,1.0,1.0,0.0,0.0,0.0,0.0
175.5,CLIMB,75.38,53.99,9681.25,10.64,71.413,0.8766,5969.34,80.22,678.92,5.187,52.94,21.033,27.008,2.009,24.6,16.306,5973.63,80.09,677.56,5.183,52.69,20.958,27.021,2.07,24.529,16.372,INJECTOR_DEGRADATION,1.0,1.0,0.4,1.0,1.0,0.0,0.0,0.0,0.0
175.6,CLIMB,75.37,53.99,9688.33,10.62,71.395,0.8765,5968.89,80.22,678.9,5.186,52.93,21.031,27.007,2.009,24.6,16.305,5980.26,80.59,678.79,5.214,53.44,20.817,26.974,2.003,24.59,16.279,INJECTOR_DEGRADATION,1.0,1.0,0.4,1.0,1.0,0.0,0.0,0.0,0.0
175.7,CLIMB,75.36,53.98,9695.42,10.61,71.376,0.8763,5968.44,80.22,678.88,5.186,52.91,21.03,27.007,2.009,24.6,16.304,5972.87,79.09,678.64,5.183,53.1,20.949,27.107,1.867,24.62,16.372,INJECTOR_DEGRADATION,1.0,1.0,0.4,1.0,1.0,0.0,0.0,0.0,0.0
175.8,CLIMB,75.35,53.98,9702.5,10.6,71.358,0.8761,5967.99,80.22,678.86,5.186,52.9,21.028,27.007,2.009,24.6,16.303,5966.56,80.25,679.58,5.186,53.04,20.845,26.992,2.063,24.626,16.41,INJECTOR_DEGRADATION,1.0,1.0,0.4,1.0,1.0,0.0,0.0,0.0,0.0
175.9,CLIMB,75.34,53.97,9709.58,10.58,71.34,0.8759,5967.53,80.22,678.84,5.186,52.89,21.026,27.007,2.009,24.6,16.301,5974.78,80.1,676.22,5.136,53.06,20.849,26.966,1.967,24.44,16.188,INJECTOR_DEGRADATION,1.0,1.0,0.4,1.0,1.0,0.0,0.0,0.0,0.0
176.0,CLIMB,75.33,53.97,9716.67,10.57,71.322,0.8757,5967.08,80.22,678.82,5.186,52.88,21.025,27.007,2.008,24.6,16.3,5963.5,80.3,679.99,5.183,52.87,20.902,27.006,1.977,24.601,16.44,INJECTOR_DEGRADATION,1.0,1.0,0.4,1.0,1.0,0.0,0.0,0.0,0.0
176.1,CLIMB,75.33,53.96,9723.75,10.55,71.303,0.8756,5966.63,80.22,678.8,5.186,52.86,21.023,27.007,2.008,24.6,16.299,5971.61,79.86,680.03,5.164,53.34,21.149,26.985,1.963,24.613,16.213,INJECTOR_DEGRADATION,1.0,1.0,0.4,1.0,1.0,0.0,0.0,0.0,0.0
176.2,CLIMB,75.32,53.96,9730.83,10.54,71.285,0.8754,5966.18,80.22,678.78,5.186,52.85,21.022,27.006,2.008,24.6,16.298,5967.56,80.94,677.44,5.136,53.38,21.044,27.038,1.969,24.604,16.347,INJECTOR_DEGRADATION,1.0,1.0,0.4,1.0,1.0,0.0,0.0,0.0,0.0
176.3,CLIMB,75.31,53.95,9737.92,10.52,71.267,0.8752,5965.73,80.22,678.76,5.185,52.84,21.02,27.006,2.008,24.6,16.296,5968.68,79.58,678.82,5.196,52.96,21.017,27.066,1.902,24.651,16.395,INJECTOR_DEGRADATION,1.0,1.0,0.4,1.0,1.0,0.0,0.0,0.0,0.0
176.4,CLIMB,75.3,53.95,9745.0,10.51,71.249,0.875,5965.27,80.22,678.74,5.185,52.82,21.019,27.006,2.008,24.6,16.295,5970.82,79.32,678.37,5.188,52.7,21.077,26.977,1.945,24.542,16.247,INJECTOR_DEGRADATION,1.0,1.0,0.4,1.0,1.0,0.0,0.0,0.0,0.0
176.5,CLIMB,75.29,53.94,9752.08,10.5,71.23,0.8748,5964.82,80.22,678.72,5.185,52.81,21.017,27.006,2.008,24.6,16.294,5967.75,80.25,679.96,5.167,52.66,21.163,27.038,1.999,24.618,16.302,INJECTOR_DEGRADATION,1.0,1.0,0.4,1.0,1.0,0.0,0.0,0.0,0.0
176.6,CLIMB,75.28,53.93,9759.17,10.48,71.212,0.8747,5964.37,80.22,678.7,5.185,52.8,21.016,27.006,2.008,24.6,16.293,5973.6,80.35,680.38,5.213,53.27,20.908,26.971,2.054,24.621,16.334,INJECTOR_DEGRADATION,1.0,1.0,0.4,1.0,1.0,0.0,0.0,0.0,0.0
176.7,CLIMB,75.28,53.93,9766.25,10.47,71.194,0.8745,5963.92,80.22,678.68,5.185,52.78,21.014,27.006,2.008,24.6,16.291,5958.81,80.13,678.21,5.174,53.1,21.028,26.996,1.985,24.523,16.289,INJECTOR_DEGRADATION,1.0,1.0,0.4,1.0,1.0,0.0,0.0,0.0,0.0
176.8,CLIMB,75.27,53.92,9773.33,10.45,71.176,0.8743,5963.47,80.22,678.66,5.185,52.77,21.012,27.005,2.008,24.6,16.29,5956.99,80.13,677.53,5.208,52.91,20.991,26.917,2.039,24.607,16.132,INJECTOR_DEGRADATION,1.0,1.0,0.4,1.0,1.0,0.0,0.0,0.0,0.0
176.9,CLIMB,75.26,53.92,9780.42,10.44,71.157,0.8741,5963.02,80.22,678.64,5.185,52.76,21.011,27.005,2.008,24.6,16.289,5964.75,79.9,678.29,5.217,52.93,21.044,27.02,1.966,24.617,16.338,INJECTOR_DEGRADATION,1.0,1.0,0.4,1.0,1.0,0.0,0.0,0.0,0.0
177.0,CLIMB,75.25,53.91,9787.5,10.43,71.139,0.8739,5962.56,80.22,678.62,5.184,52.74,21.009,27.005,2.008,24.6,16.288,5963.41,80.53,678.29,5.176,52.67,20.897,27.028,2.045,24.579,16.218,INJECTOR_DEGRADATION,1.0,1.0,0.4,1.0,1.0,0.0,0.0,0.0,0.0
177.1,CLIMB,75.24,53.91,9794.58,10.41,71.121,0.8738,5962.11,80.22,678.6,5.184,52.73,21.008,27.005,2.007,24.6,16.286,5962.04,80.0,678.47,5.203,53.28,21.022,27.07,2.073,24.677,16.465,INJECTOR_DEGRADATION,1.0,1.0,0.4,1.0,1.0,0.0,0.0,0.0,0.0
177.2,CLIMB,75.23,53.9,9801.67,10.4,71.103,0.8736,5961.66,80.21,678.58,5.184,52.72,21.006,27.005,2.007,24.6,16.285,5959.35,80.0,676.49,5.227,53.26,21.193,27.044,2.0,24.612,16.446,INJECTOR_DEGRADATION,1.0,1.0,0.4,1.0,1.0,0.0,0.0,0.0,0.0
177.3,CLIMB,75.23,53.9,9808.75,10.38,71.085,0.8734,5961.21,80.21,678.56,5.184,52.7,21.005,27.005,2.007,24.6,16.284,5963.9,80.21,678.48,5.128,52.78,20.986,26.996,2.02,24.627,16.441,INJECTOR_DEGRADATION,1.0,1.0,0.4,1.0,1.0,0.0,0.0,0.0,0.0
177.4,CLIMB,75.22,53.89,9815.83,10.37,71.066,0.8732,5960.76,80.21,678.54,5.184,52.69,21.003,27.004,2.007,24.6,16.283,5954.63,80.45,677.29,5.106,52.85,21.021,27.06,1.965,24.566,16.333,INJECTOR_DEGRADATION,1.0,1.0,0.4,1.0,1.0,0.0,0.0,0.0,0.0
177.5,CLIMB,75.21,53.89,9822.92,10.35,71.048,0.873,5960.31,80.21,678.52,5.184,52.68,21.002,27.004,2.007,24.6,16.281,5958.53,79.15,677.9,5.228,53.15,21.084,26.918,2.005,24.574,16.247,INJECTOR_DEGRADATION,1.0,1.0,0.4,1.0,1.0,0.0,0.0,0.0,0.0
177.6,CLIMB,75.2,53.88,9830.0,10.34,71.03,0.8729,5959.85,80.21,678.5,5.184,52.67,21.0,27.004,2.007,24.6,16.28,5960.52,80.2,681.67,5.183,52.25,20.993,27.078,2.014,24.67,16.312,INJECTOR_DEGRADATION,1.0,1.0,0.4,1.0,1.0,0.0,0.0,0.0,0.0
177.7,CLIMB,75.19,53.87,9837.08,10.33,71.012,0.8727,5959.4,80.21,678.48,5.183,52.65,20.999,27.004,2.007,24.6,16.279,5954.78,80.45,677.66,5.191,52.61,20.851,26.976,2.014,24.619,16.054,INJECTOR_DEGRADATION,1.0,1.0,0.4,1.0,1.0,0.0,0.0,0.0,0.0
177.8,CLIMB,75.18,53.87,9844.17,10.31,70.994,0.8725,5958.95,80.21,678.46,5.183,52.64,20.997,27.004,2.007,24.6,16.278,5963.29,80.57,678.79,5.159,52.87,20.912,26.969,1.958,24.648,16.094,INJECTOR_DEGRADATION,1.0,1.0,0.4,1.0,1.0,0.0,0.0,0.0,0.0
177.9,CLIMB,75.18,53.86,9851.25,10.3,70.976,0.8723,5958.5,80.21,678.44,5.183,52.63,20.995,27.004,2.007,24.6,16.276,5956.3,80.6,678.85,5.204,52.32,20.976,27.019,1.972,24.563,16.204,INJECTOR_DEGRADATION,1.0,1.0,0.4,1.0,1.0,0.0,0.0,0.0,0.0
178.0,CLIMB,75.17,53.86,9858.33,10.28,70.957,0.8721,5958.05,80.21,678.42,5.183,52.61,20.994,27.003,2.007,24.6,16.275,5962.13,80.35,679.9,5.204,53.15,20.883,27.021,2.025,24.61,16.386,INJECTOR_DEGRADATION,1.0,1.0,0.4,1.0,1.0,0.0,0.0,0.0,0.0
178.1,CLIMB,75.16,53.85,9865.42,10.27,70.939,0.872,5957.6,80.21,678.4,5.183,52.6,20.992,27.003,2.007,24.6,16.274,5954.11,79.82,679.87,5.209,52.8,21.141,26.972,2.032,24.535,16.261,INJECTOR_DEGRADATION,1.0,1.0,0.4,1.0,1.0,0.0,0.0,0.0,0.0
178.2,CLIMB,75.15,53.85,9872.5,10.26,70.921,0.8718,5957.15,80.21,678.38,5.183,52.59,20.991,27.003,2.006,24.6,16.273,5960.7,80.03,678.54,5.168,52.68,21.067,27.091,1.971,24.582,16.371,INJECTOR_DEGRADATION,1.0,1.0,0.4,1.0,1.0,0.0,0.0,0.0,0.0
178.3,CLIMB,75.14,53.84,9879.58,10.24,70.903,0.8716,5956.69,80.21,678.36,5.183,52.57,20.989,27.003,2.006,24.6,16.271,5966.0,80.08,677.34,5.178,52.55,20.917,26.996,2.013,24.636,16.111,INJECTOR_DEGRADATION,1.0,1.0,0.4,1.0,1.0,0.0,0.0,0.0,0.0
178.4,CLIMB,75.13,53.84,9886.67,10.23,70.885,0.8714,5956.24,80.21,678.34,5.182,52.56,20.988,27.003,2.006,24.6,16.27,5961.26,80.38,679.79,5.154,52.29,20.954,26.988,2.005,24.669,16.19,INJECTOR_DEGRADATION,1.0,1.0,0.4,1.0,1.0,0.0,0.0,0.0,0.0
178.5,CLIMB,75.13,53.83,9893.75,10.21,70.867,0.8712,5955.79,80.21,678.32,5.182,52.55,20.986,27.003,2.006,24.6,16.269,5952.86,79.55,678.69,5.16,52.52,21.124,27.025,2.062,24.619,16.355,INJECTOR_DEGRADATION,1.0,1.0,0.4,1.0,1.0,0.0,0.0,0.0,0.0
178.6,CLIMB,75.12,53.83,9900.83,10.2,70.849,0.8711,5955.34,80.21,678.3,5.182,52.53,20.985,27.002,2.006,24.6,16.268,5963.61,80.69,676.99,5.224,52.44,20.873,26.918,2.083,24.605,16.223,INJECTOR_DEGRADATION,1.0,1.0,0.4,1.0,1.0,0.0,0.0,0.0,0.0
178.7,CLIMB,75.11,53.82,9907.92,10.18,70.83,0.8709,5954.89,80.21,678.28,5.182,52.52,20.983,27.002,2.006,24.6,16.266,5949.36,80.29,677.11,5.214,52.83,21.142,26.947,2.028,24.558,16.41,INJECTOR_DEGRADATION,1.0,1.0,0.4,1.0,1.0,0.0,0.0,0.0,0.0
178.8,CLIMB,75.1,53.82,9915.0,10.17,70.812,0.8707,5954.44,80.21,678.26,5.182,52.51,20.981,27.002,2.006,24.6,16.265,5952.89,79.89,679.9,5.212,52.88,20.929,26.932,2.031,24.573,16.144,INJECTOR_DEGRADATION,1.0,1.0,0.4,1.0,1.0,0.0,0.0,0.0,0.0
178.9,CLIMB,75.09,53.81,9922.08,10.16,70.794,0.8705,5953.99,80.21,678.24,5.182,52.49,20.98,27.002,2.006,24.6,16.264,5954.68,79.56,678.16,5.198,52.65,21.018,27.017,1.996,24.622,16.219,INJECTOR_DEGRADATION,1.0,1.0,0.4,1.0,1.0,0.0,0.0,0.0,0.0
179.0,CLIMB,75.08,53.8,9929.17,10.14,70.776,0.8704,5953.54,80.21,678.22,5.182,52.48,20.978,27.002,2.006,24.6,16.263,5956.36,79.93,676.73,5.16,52.43,20.94,27.01,2.022,24.593,16.144,INJECTOR_DEGRADATION,1.0,1.0,0.4,1.0,1.0,0.0,0.0,0.0,0.0
179.1,CLIMB,75.08,53.8,9936.25,10.13,70.758,0.8702,5953.08,80.21,678.2,5.181,52.47,20.977,27.002,2.006,24.6,16.261,5957.14,79.74,678.46,5.211,52.25,20.942,27.021,1.996,24.652,16.081,INJECTOR_DEGRADATION,1.0,1.0,0.4,1.0,1.0,0.0,0.0,0.0,0.0
179.2,CLIMB,75.07,53.79,9943.33,10.11,70.74,0.87,5952.63,80.21,678.18,5.181,52.45,20.975,27.001,2.006,24.6,16.26,5953.56,80.53,679.04,5.213,52.42,21.041,27.035,2.013,24.636,16.24,INJECTOR_DEGRADATION,1.0,1.0,0.4,1.0,1.0,0.0,0.0,0.0,0.0
179.3,CLIMB,75.06,53.79,9950.42,10.1,70.722,0.8698,5952.18,80.21,678.16,5.181,52.44,20.974,27.001,2.006,24.6,16.259,5959.34,80.71,677.94,5.205,52.38,20.987,26.955,2.025,24.656,16.233,INJECTOR_DEGRADATION,1.0,1.0,0.4,1.0,1.0,0.0,0.0,0.0,0.0
179.4,CLIMB,75.05,53.78,9957.5,10.09,70.704,0.8696,5951.73,80.21,678.14,5.181,52.43,20.972,27.001,2.005,24.6,16.258,5951.53,80.1,680.53,5.156,51.3,21.107,27.078,2.057,24.727,16.16,INJECTOR_DEGRADATION,1.0,1.0,0.4,1.0,1.0,0.0,0.0,0.0,0.0
179.5,CLIMB,75.04,53.78,9964.58,10.07,70.685,0.8695,5951.28,80.21,678.12,5.181,52.42,20.971,27.001,2.005,24.6,16.256,5952.71,79.92,678.37,5.2,51.69,21.05,26.955,2.005,24.575,16.196,INJECTOR_DEGRADATION,1.0,1.0,0.4,1.0,1.0,0.0,0.0,0.0,0.0
179.6,CLIMB,75.03,53.77,9971.67,10.06,70.667,0.8693,5950.83,80.21,678.1,5.181,52.4,20.969,27.001,2.005,24.6,16.255,5953.33,79.9,677.08,5.176,52.4,21.154,27.011,2.011,24.618,16.121,INJECTOR_DEGRADATION,1.0,1.0,0.4,1.0,1.0,0.0,0.0,0.0,0.0
179.7,CLIMB,75.03,53.77,9978.75,10.04,70.649,0.8691,5950.38,80.21,678.08,5.181,52.39,20.967,27.001,2.005,24.6,16.254,5944.36,80.34,675.83,5.196,52.19,21.014,26.943,2.047,24.595,16.259,INJECTOR_DEGRADATION,1.0,1.0,0.4,1.0,1.0,0.0,0.0,0.0,0.0
179.8,CLIMB,75.02,53.76,9985.83,10.03,70.631,0.8689,5949.93,80.21,678.06,5.18,52.38,20.966,27.0,2.005,24.6,16.253,5952.94,80.65,678.87,5.192,52.56,20.768,26.979,1.887,24.581,16.251,INJECTOR_DEGRADATION,1.0,1.0,0.4,1.0,1.0,0.0,0.0,0.0,0.0
179.9,CLIMB,75.01,53.76,9992.92,10.01,70.613,0.8687,5949.48,80.2,678.04,5.18,52.36,20.964,27.0,2.005,24.6,16.251,5950.77,80.63,675.05,5.204,51.73,21.213,26.908,2.01,24.623,16.41,INJECTOR_DEGRADATION,1.0,1.0,0.4,1.0,1.0,0.0,0.0,0.0,0.0
180.0,CLIMB,75.0,53.75,10000.0,10.0,70.595,0.8686,5949.02,80.2,678.02,5.18,52.35,20.963,27.0,2.005,24.6,16.25,5943.07,80.66,680.47,5.196,52.22,21.353,26.959,1.991,24.586,16.401,INJECTOR_DEGRADATION,1.0,1.0,0.4,1.0,1.0,0.0,0.0,0.0,0.0
