timestamp_s,mission_phase,throttle_pct,engine_load_pct,altitude_ft,ambient_temperature_c,ambient_pressure_kpa,air_density_kg_m3,true_rpm,true_cht_c,true_egt_c,true_oil_pressure_bar,true_oil_temperature_c,true_fuel_flow_lph,true_injection_timing_deg,true_vibration_mm_s,true_battery_voltage_v,true_alternator_current_a,rpm,cht_c,egt_c,oil_pressure_bar,oil_temperature_c,fuel_flow_lph,injection_timing_deg,vibration_mm_s,battery_voltage_v,alternator_current_a,fault_type,fault_severity,cooling_health,injector_health,lubrication_health,mechanical_health,misfire_severity,sensor_drift_cht_c,sensor_drift_egt_c,sensor_drift_oil_pressure_bar
0.0,TAKEOFF,85.0,60.25,0.0,30.0,101.325,1.1644,2701.04,80.0,402.66,3.384,69.99,20.809,25.7,1.252,24.324,16.578,2704.47,79.68,401.63,3.377,69.86,20.862,25.785,1.176,24.275,16.644,LUBRICATION_DEGRADATION,0.0,1.0,1.0,1.0,1.0,0.0,0.0,0.0,0.0
0.1,TAKEOFF,85.02,60.26,2.5,30.0,101.316,1.1643,2892.06,80.01,405.28,3.482,69.98,20.813,25.7,1.271,24.347,16.677,2883.82,79.84,405.82,3.508,70.53,20.846,25.726,1.177,24.406,16.7,LUBRICATION_DEGRADATION,0.0,1.0,1.0,1.0,1.0,0.0,0.0,0.0,0.0
0.2,TAKEOFF,85.03,60.27,5.0,29.99,101.307,1.1642,3073.57,80.01,407.87,3.575,69.97,20.816,25.701,1.29,24.369,16.772,3081.58,80.05,409.4,3.562,69.69,20.698,25.746,1.331,24.399,16.849,LUBRICATION_DEGRADATION,0.0,1.0,1.0,1.0,1.0,0.0,0.0,0.0,0.0
0.3,TAKEOFF,85.05,60.28,7.5,29.98,101.298,1.1641,3246.04,80.01,410.43,3.664,69.96,20.82,25.701,1.307,24.39,16.862,3242.31,81.33,410.79,3.676,69.64,20.782,25.684,1.27,24.371,17.05,LUBRICATION_DEGRADATION,0.0,1.0,1.0,1.0,1.0,0.0,0.0,0.0,0.0
0.4,TAKEOFF,85.07,60.29,10.0,29.98,101.288,1.1641,3409.92,80.01,412.95,3.748,69.95,20.823,25.701,1.323,24.409,16.948,3398.16,81.69,412.32,3.716,69.96,20.812,25.667,1.259,24.328,16.782,LUBRICATION_DEGRADATION,0.0,1.0,1.0,1.0,1.0,0.0,0.0,0.0,0.0
0.5,TAKEOFF,85.08,60.3,12.5,29.98,101.279,1.164,3565.64,80.01,415.45,3.828,69.94,20.827,25.702,1.339,24.428,17.03,3560.27,79.38,414.89,3.829,69.65,20.825,25.585,1.353,24.415,17.025,LUBRICATION_DEGRADATION,0.0,1.0,1.0,1.0,1.0,0.0,0.0,0.0,0.0
0.6,TAKEOFF,85.1,60.31,15.0,29.97,101.27,1.1639,3713.62,80.02,417.92,3.904,69.93,20.83,25.702,1.354,24.446,17.108,3707.63,79.11,419.18,3.929,70.15,20.787,25.72,1.369,24.504,16.979,LUBRICATION_DEGRADATION,0.0,1.0,1.0,1.0,1.0,0.0,0.0,0.0,0.0
0.7,TAKEOFF,85.12,60.33,17.5,29.96,101.261,1.1638,3854.23,80.02,420.35,3.976,69.93,20.834,25.702,1.368,24.463,17.182,3854.2,80.08,419.8,4.033,70.02,20.803,25.686,1.391,24.52,17.13,LUBRICATION_DEGRADATION,0.0,1.0,1.0,1.0,1.0,0.0,0.0,0.0,0.0
0.8,TAKEOFF,85.13,60.34,20.0,29.96,101.252,1.1637,3987.85,80.02,422.76,4.044,69.92,20.838,25.703,1.381,24.479,17.253,3982.89,79.68,423.67,4.069,70.51,20.801,25.746,1.417,24.526,17.311,LUBRICATION_DEGRADATION,0.0,1.0,1.0,1.0,1.0,0.0,0.0,0.0,0.0
0.9,TAKEOFF,85.15,60.35,22.5,29.95,101.243,1.1636,4114.82,80.02,425.13,4.109,69.91,20.841,25.703,1.394,24.494,17.32,4118.8,80.68,424.28,4.124,69.56,20.713,25.65,1.392,24.523,17.319,LUBRICATION_DEGRADATION,0.0,1.0,1.0,1.0,1.0,0.0,0.0,0.0,0.0
1.0,TAKEOFF,85.17,60.36,25.0,29.95,101.234,1.1635,4235.48,80.02,427.48,4.171,69.9,20.845,25.703,1.406,24.508,17.384,4238.67,80.18,427.77,4.183,70.19,20.879,25.613,1.519,24.457,17.36,LUBRICATION_DEGRADATION,0.0,1.0,1.0,1.0,1.0,0.0,0.0,0.0,0.0
1.1,TAKEOFF,85.18,60.37,27.5,29.95,101.224,1.1635,4350.15,80.02,429.8,4.23,69.89,20.848,25.704,1.418,24.522,17.445,4357.67,79.79,427.34,4.25,69.6,20.683,25.678,1.433,24.422,17.375,LUBRICATION_DEGRADATION,0.0,1.0,1.0,1.0,1.0,0.0,0.0,0.0,0.0
1.2,TAKEOFF,85.2,60.38,30.0,29.94,101.215,1.1634,4459.12,80.02,432.08,4.286,69.88,20.852,25.704,1.429,24.535,17.504,4456.6,80.62,434.01,4.267,70.01,20.929,25.652,1.42,24.546,17.491,LUBRICATION_DEGRADATION,0.0,1.0,1.0,1.0,1.0,0.0,0.0,0.0,0.0
1.3,TAKEOFF,85.22,60.39,32.5,29.93,101.206,1.1633,4562.68,80.03,434.35,4.339,69.87,20.855,25.704,1.439,24.548,17.559,4565.78,80.27,434.68,4.329,70.01,20.764,25.684,1.415,24.603,17.688,LUBRICATION_DEGRADATION,0.0,1.0,1.0,1.0,1.0,0.0,0.0,0.0,0.0
1.4,TAKEOFF,85.23,60.4,35.0,29.93,101.197,1.1632,4661.09,80.03,436.58,4.39,69.86,20.859,25.705,1.449,24.559,17.612,4657.14,81.07,436.33,4.379,69.9,20.846,25.718,1.33,24.546,17.662,LUBRICATION_DEGRADATION,0.0,1.0,1.0,1.0,1.0,0.0,0.0,0.0,0.0
1.5,TAKEOFF,85.25,60.41,37.5,29.93,101.188,1.1631,4754.62,80.03,438.78,4.438,69.85,20.863,25.705,1.459,24.571,17.662,4757.09,80.25,443.21,4.454,69.96,20.729,25.651,1.427,24.568,17.572,LUBRICATION_DEGRADATION,0.0,1.0,1.0,1.0,1.0,0.0,0.0,0.0,0.0
1.6,TAKEOFF,85.27,60.42,40.0,29.92,101.179,1.163,4843.51,80.03,440.96,4.483,69.84,20.866,25.705,1.468,24.581,17.71,4838.9,80.1,442.56,4.445,69.67,21.037,25.598,1.481,24.59,17.766,LUBRICATION_DEGRADATION,0.0,1.0,1.0,1.0,1.0,0.0,0.0,0.0,0.0
1.7,TAKEOFF,85.28,60.43,42.5,29.91,101.17,1.1629,4928.0,80.03,443.12,4.527,69.83,20.87,25.706,1.476,24.591,17.756,4932.55,80.33,442.88,4.567,69.71,20.741,25.73,1.482,24.583,17.877,LUBRICATION_DEGRADATION,0.0,1.0,1.0,1.0,1.0,0.0,0.0,0.0,0.0
1.8,TAKEOFF,85.3,60.45,45.0,29.91,101.16,1.1629,5008.29,80.03,445.24,4.568,69.82,20.873,25.706,1.484,24.6,17.795,5008.69,80.19,442.28,4.54,69.4,20.792,25.684,1.43,24.488,17.911,LUBRICATION_DEGRADATION,0.0,1.0,1.0,1.0,1.0,0.0,0.0,0.0,0.0
1.9,TAKEOFF,85.32,60.46,47.5,29.91,101.151,1.1628,5084.61,80.03,447.34,4.607,69.81,20.877,25.706,1.492,24.6,17.797,5087.17,80.48,447.22,4.569,70.08,20.621,25.758,1.48,24.599,17.929,LUBRICATION_DEGRADATION,0.0,1.0,1.0,1.0,1.0,0.0,0.0,0.0,0.0
2.0,TAKEOFF,85.33,60.47,50.0,29.9,101.142,1.1627,5157.15,80.03,449.41,4.644,69.81,20.88,25.707,1.499,24.6,17.8,5154.43,80.08,450.8,4.675,70.0,20.854,25.77,1.563,24.614,17.828,LUBRICATION_DEGRADATION,0.0,1.0,1.0,1.0,1.0,0.0,0.0,0.0,0.0
2.1,TAKEOFF,85.35,60.48,52.5,29.89,101.133,1.1626,5226.1,80.03,451.46,4.68,69.8,20.884,25.707,1.506,24.6,17.802,5222.05,80.04,453.37,4.739,70.13,20.871,25.794,1.579,24.648,17.971,LUBRICATION_DEGRADATION,0.0,1.0,1.0,1.0,1.0,0.0,0.0,0.0,0.0
2.2,TAKEOFF,85.37,60.49,55.0,29.89,101.124,1.1625,5291.64,80.03,453.49,4.713,69.79,20.888,25.707,1.513,24.6,17.805,5289.34,80.25,455.18,4.672,69.78,20.849,25.692,1.512,24.533,17.612,LUBRICATION_DEGRADATION,0.0,1.0,1.0,1.0,1.0,0.0,0.0,0.0,0.0
2.3,TAKEOFF,85.38,60.5,57.5,29.89,101.115,1.1624,5353.93,80.04,455.48,4.745,69.78,20.891,25.708,1.519,24.6,17.808,5351.75,80.24,454.11,4.793,69.95,20.881,25.717,1.586,24.606,17.89,LUBRICATION_DEGRADATION,0.0,1.0,1.0,1.0,1.0,0.0,0.0,0.0,0.0
2.4,TAKEOFF,85.4,60.51,60.0,29.88,101.106,1.1623,5413.15,80.04,457.46,4.776,69.77,20.895,25.708,1.525,24.6,17.81,5409.8,79.18,458.07,4.85,70.31,20.874,25.673,1.474,24.54,17.812,LUBRICATION_DEGRADATION,0.0,1.0,1.0,1.0,1.0,0.0,0.0,0.0,0.0
2.5,TAKEOFF,85.42,60.52,62.5,29.88,101.096,1.1623,5469.45,80.04,459.41,4.805,69.76,20.898,25.708,1.531,24.6,17.812,5465.31,79.52,460.25,4.82,69.34,20.916,25.677,1.557,24.562,17.79,LUBRICATION_DEGRADATION,0.0,1.0,1.0,1.0,1.0,0.0,0.0,0.0,0.0
2.6,TAKEOFF,85.43,60.53,65.0,29.87,101.087,1.1622,5522.96,80.04,461.33,4.832,69.75,20.902,25.709,1.537,24.6,17.815,5519.61,79.58,459.97,4.795,69.52,20.796,25.739,1.427,24.552,17.824,LUBRICATION_DEGRADATION,0.0,1.0,1.0,1.0,1.0,0.0,0.0,0.0,0.0
2.7,TAKEOFF,85.45,60.54,67.5,29.86,101.078,1.1621,5573.84,80.04,463.24,4.858,69.74,20.905,25.709,1.542,24.6,17.818,5578.58,79.69,462.41,4.847,69.18,20.91,25.687,1.57,24.609,17.865,LUBRICATION_DEGRADATION,0.0,1.0,1.0,1.0,1.0,0.0,0.0,0.0,0.0
2.8,TAKEOFF,85.47,60.55,70.0,29.86,101.069,1.162,5622.21,80.04,465.12,4.883,69.73,20.909,25.709,1.547,24.6,17.82,5624.57,80.12,465.4,4.903,69.13,20.965,25.712,1.626,24.537,17.722,LUBRICATION_DEGRADATION,0.0,1.0,1.0,1.0,1.0,0.0,0.0,0.0,0.0
2.9,TAKEOFF,85.48,60.56,72.5,29.86,101.06,1.1619,5668.2,80.04,466.97,4.907,69.72,20.913,25.71,1.551,24.6,17.822,5666.0,81.19,465.59,4.89,69.88,20.79,25.675,1.547,24.588,17.833,LUBRICATION_DEGRADATION,0.0,1.0,1.0,1.0,1.0,0.0,0.0,0.0,0.0
3.0,TAKEOFF,85.5,60.58,75.0,29.85,101.051,1.1618,5711.92,80.04,468.81,4.929,69.71,20.916,25.71,1.556,24.6,17.825,5711.42,80.71,469.93,4.949,69.27,20.955,25.803,1.541,24.585,17.896,LUBRICATION_DEGRADATION,0.0,1.0,1.0,1.0,1.0,0.0,0.0,0.0,0.0
3.1,TAKEOFF,85.52,60.59,77.5,29.84,101.042,1.1617,5753.5,80.04,470.62,4.951,69.71,20.92,25.71,1.56,24.6,17.828,5752.92,80.27,470.98,4.881,69.99,20.973,25.593,1.579,24.658,17.572,LUBRICATION_DEGRADATION,0.0,1.0,1.0,1.0,1.0,0.0,0.0,0.0,0.0
3.2,TAKEOFF,85.53,60.6,80.0,29.84,101.032,1.1616,5793.03,80.04,472.41,4.971,69.7,20.923,25.711,1.564,24.6,17.83,5788.47,79.73,472.97,5.011,69.76,20.92,25.735,1.472,24.634,17.843,LUBRICATION_DEGRADATION,0.0,1.0,1.0,1.0,1.0,0.0,0.0,0.0,0.0
3.3,TAKEOFF,85.55,60.61,82.5,29.84,101.023,1.1616,5830.62,80.04,474.17,4.99,69.69,20.927,25.711,1.568,24.6,17.832,5828.48,80.39,473.58,4.95,69.86,21.182,25.74,1.605,24.556,17.795,LUBRICATION_DEGRADATION,0.0,1.0,1.0,1.0,1.0,0.0,0.0,0.0,0.0
3.4,TAKEOFF,85.57,60.62,85.0,29.83,101.014,1.1615,5866.37,80.04,475.92,5.009,69.68,20.93,25.711,1.572,24.6,17.835,5857.37,80.05,477.25,4.994,70.25,21.039,25.714,1.561,24.614,17.866,LUBRICATION_DEGRADATION,0.0,1.0,1.0,1.0,1.0,0.0,0.0,0.0,0.0
3.5,TAKEOFF,85.58,60.63,87.5,29.82,101.005,1.1614,5900.37,80.04,477.64,5.026,69.67,20.934,25.712,1.575,24.6,17.837,5906.02,80.82,476.09,5.009,69.8,20.978,25.615,1.656,24.606,17.881,LUBRICATION_DEGRADATION,0.0,1.0,1.0,1.0,1.0,0.0,0.0,0.0,0.0
3.6,TAKEOFF,85.6,60.64,90.0,29.82,100.996,1.1613,5932.71,80.04,479.35,5.043,69.66,20.938,25.712,1.578,24.6,17.84,5932.07,79.73,479.7,5.02,69.51,20.918,25.806,1.582,24.533,17.987,LUBRICATION_DEGRADATION,0.0,1.0,1.0,1.0,1.0,0.0,0.0,0.0,0.0
3.7,TAKEOFF,85.62,60.65,92.5,29.82,100.987,1.1612,5963.46,80.04,481.03,5.059,69.65,20.941,25.712,1.582,24.6,17.843,5959.81,79.92,481.28,5.075,70.53,20.967,25.729,1.605,24.59,17.653,LUBRICATION_DEGRADATION,0.0,1.0,1.0,1.0,1.0,0.0,0.0,0.0,0.0
3.8,TAKEOFF,85.63,60.66,95.0,29.81,100.978,1.1611,5992.72,80.04,482.69,5.074,69.64,20.945,25.713,1.585,24.6,17.845,6002.67,80.08,483.46,5.098,69.16,20.971,25.653,1.61,24.592,17.862,LUBRICATION_DEGRADATION,0.0,1.0,1.0,1.0,1.0,0.0,0.0,0.0,0.0
3.9,TAKEOFF,85.65,60.67,97.5,29.8,100.969,1.161,6020.54,80.04,484.33,5.088,69.63,20.948,25.713,1.587,24.6,17.848,6021.5,80.15,484.27,5.041,70.26,21.057,25.693,1.552,24.56,17.885,LUBRICATION_DEGRADATION,0.0,1.0,1.0,1.0,1.0,0.0,0.0,0.0,0.0
4.0,TAKEOFF,85.67,60.68,100.0,29.8,100.959,1.161,6047.02,80.04,485.95,5.102,69.62,20.952,25.713,1.59,24.6,17.85,6039.56,79.21,488.79,5.088,69.98,20.979,25.742,1.683,24.59,18.059,LUBRICATION_DEGRADATION,0.0,1.0,1.0,1.0,1.0,0.0,0.0,0.0,0.0
4.1,TAKEOFF,85.68,60.69,102.5,29.8,100.95,1.1609,6072.2,80.04,487.55,5.115,69.61,20.955,25.714,1.593,24.6,17.852,6071.35,80.78,486.7,5.075,69.31,20.936,25.781,1.655,24.67,17.928,LUBRICATION_DEGRADATION,0.0,1.0,1.0,1.0,1.0,0.0,0.0,0.0,0.0
4.2,TAKEOFF,85.7,60.71,105.0,29.79,100.941,1.1608,6096.17,80.04,489.14,5.127,69.61,20.959,25.714,1.595,24.6,17.855,6099.66,79.32,489.4,5.072,69.98,21.036,25.836,1.579,24.597,17.747,LUBRICATION_DEGRADATION,0.0,1.0,1.0,1.0,1.0,0.0,0.0,0.0,0.0
4.3,TAKEOFF,85.72,60.72,107.5,29.79,100.932,1.1607,6118.97,80.04,490.7,5.139,69.6,20.963,25.714,1.598,24.6,17.858,6114.16,79.71,491.31,5.133,69.49,21.162,25.715,1.649,24.57,17.815,LUBRICATION_DEGRADATION,0.0,1.0,1.0,1.0,1.0,0.0,0.0,0.0,0.0
4.4,TAKEOFF,85.73,60.73,110.0,29.78,100.923,1.1606,6140.67,80.04,492.24,5.15,69.59,20.966,25.715,1.6,24.6,17.86,6147.36,80.23,494.9,5.134,69.51,21.063,25.756,1.554,24.607,17.824,LUBRICATION_DEGRADATION,0.0,1.0,1.0,1.0,1.0,0.0,0.0,0.0,0.0
4.5,TAKEOFF,85.75,60.74,112.5,29.77,100.914,1.1605,6161.32,80.04,493.77,5.161,69.58,20.97,25.715,1.602,24.6,17.863,6160.19,80.41,493.86,5.111,69.62,21.161,25.662,1.623,24.567,17.826,LUBRICATION_DEGRADATION,0.0,1.0,1.0,1.0,1.0,0.0,0.0,0.0,0.0
4.6,TAKEOFF,85.77,60.75,115.0,29.77,100.905,1.1604,6180.97,80.04,495.28,5.171,69.57,20.973,25.715,1.604,24.6,17.865,6179.27,79.96,493.48,5.179,69.43,21.001,25.707,1.581,24.717,17.763,LUBRICATION_DEGRADATION,0.0,1.0,1.0,1.0,1.0,0.0,0.0,0.0,0.0
4.7,TAKEOFF,85.78,60.76,117.5,29.77,100.896,1.1604,6199.68,80.04,496.76,5.181,69.56,20.977,25.716,1.606,24.6,17.867,6200.49,80.91,496.7,5.181,69.42,20.959,25.785,1.621,24.685,17.904,LUBRICATION_DEGRADATION,0.0,1.0,1.0,1.0,1.0,0.0,0.0,0.0,0.0
4.8,TAKEOFF,85.8,60.77,120.0,29.76,100.887,1.1603,6217.49,80.04,498.23,5.19,69.55,20.98,25.716,1.608,24.6,17.87,6224.74,79.33,500.03,5.116,69.41,20.938,25.68,1.616,24.556,17.73,LUBRICATION_DEGRADATION,0.0,1.0,1.0,1.0,1.0,0.0,0.0,0.0,0.0
4.9,TAKEOFF,85.82,60.78,122.5,29.75,100.877,1.1602,6234.44,80.04,499.69,5.199,69.54,20.984,25.716,1.61,24.6,17.872,6236.99,79.26,499.74,5.203,69.55,21.015,25.731,1.648,24.594,18.075,LUBRICATION_DEGRADATION,0.0,1.0,1.0,1.0,1.0,0.0,0.0,0.0,0.0
5.0,TAKEOFF,85.83,60.79,125.0,29.75,100.868,1.1601,6250.59,80.04,501.12,5.207,69.53,20.988,25.717,1.611,24.6,17.875,6245.83,79.71,498.61,5.232,70.02,21.011,25.764,1.584,24.589,17.831,LUBRICATION_DEGRADATION,0.0,1.0,1.0,1.0,1.0,0.0,0.0,0.0,0.0
5.1,TAKEOFF,85.85,60.8,127.5,29.75,100.859,1.16,6265.96,80.04,502.54,5.215,69.52,20.991,25.717,1.613,24.6,17.877,6267.4,78.84,502.24,5.186,69.81,21.006,25.626,1.589,24.551,17.9,LUBRICATION_DEGRADATION,0.0,1.0,1.0,1.0,1.0,0.0,0.0,0.0,0.0
5.2,TAKEOFF,85.87,60.81,130.0,29.74,100.85,1.1599,6280.6,80.04,503.94,5.223,69.52,20.995,25.717,1.615,24.6,17.88,6276.01,79.89,503.98,5.186,69.33,20.854,25.716,1.649,24.596,17.911,LUBRICATION_DEGRADATION,0.0,1.0,1.0,1.0,1.0,0.0,0.0,0.0,0.0
5.3,TAKEOFF,85.88,60.82,132.5,29.73,100.841,1.1598,6294.55,80.04,505.32,5.23,69.51,20.998,25.718,1.616,24.6,17.883,6299.14,80.95,507.33,5.266,69.36,20.866,25.721,1.647,24.604,17.749,LUBRICATION_DEGRADATION,0.0,1.0,1.0,1.0,1.0,0.0,0.0,0.0,0.0
5.4,TAKEOFF,85.9,60.84,135.0,29.73,100.832,1.1598,6307.83,80.04,506.69,5.237,69.5,21.002,25.718,1.617,24.6,17.885,6304.42,79.43,505.78,5.217,69.4,20.957,25.7,1.632,24.623,17.927,LUBRICATION_DEGRADATION,0.0,1.0,1.0,1.0,1.0,0.0,0.0,0.0,0.0
5.5,TAKEOFF,85.92,60.85,137.5,29.73,100.823,1.1597,6320.49,80.04,508.04,5.243,69.49,21.005,25.718,1.619,24.6,17.888,6313.06,79.84,506.45,5.201,69.82,21.159,25.677,1.645,24.608,17.829,LUBRICATION_DEGRADATION,0.0,1.0,1.0,1.0,1.0,0.0,0.0,0.0,0.0
5.6,TAKEOFF,85.93,60.86,140.0,29.72,100.814,1.1596,6332.55,80.04,509.37,5.25,69.48,21.009,25.719,1.62,24.6,17.89,6336.21,79.4,508.1,5.277,70.55,21.059,25.775,1.535,24.584,17.824,LUBRICATION_DEGRADATION,0.0,1.0,1.0,1.0,1.0,0.0,0.0,0.0,0.0
5.7,TAKEOFF,85.95,60.87,142.5,29.71,100.805,1.1595,6344.04,80.04,510.69,5.256,69.47,21.013,25.719,1.621,24.6,17.892,6336.37,80.4,509.94,5.289,68.88,21.051,25.7,1.677,24.556,17.881,LUBRICATION_DEGRADATION,0.0,1.0,1.0,1.0,1.0,0.0,0.0,0.0,0.0
5.8,TAKEOFF,85.97,60.88,145.0,29.71,100.795,1.1594,6355.0,80.04,511.99,5.261,69.46,21.016,25.719,1.623,24.6,17.895,6365.02,81.3,511.64,5.301,69.61,20.93,25.702,1.693,24.549,18.165,LUBRICATION_DEGRADATION,0.0,1.0,1.0,1.0,1.0,0.0,0.0,0.0,0.0
5.9,TAKEOFF,85.98,60.89,147.5,29.71,100.786,1.1593,6365.45,80.04,513.27,5.267,69.45,21.02,25.72,1.624,24.6,17.898,6361.38,80.34,513.09,5.228,69.73,20.977,25.775,1.642,24.602,17.793,LUBRICATION_DEGRADATION,0.0,1.0,1.0,1.0,1.0,0.0,0.0,0.0,0.0
6.0,TAKEOFF,86.0,60.9,150.0,29.7,100.777,1.1593,6375.4,80.04,514.54,5.272,69.44,21.023,25.72,1.625,24.6,17.9,6378.4,79.7,512.57,5.307,69.51,20.969,25.686,1.559,24.56,17.884,LUBRICATION_DEGRADATION,0.0,1.0,1.0,1.0,1.0,0.0,0.0,0.0,0.0
6.1,TAKEOFF,86.02,60.91,152.5,29.7,100.768,1.1592,6384.9,80.04,515.8,5.277,69.44,21.027,25.72,1.626,24.6,17.902,6386.22,80.59,514.39,5.252,69.53,20.921,25.744,1.598,24.638,17.908,LUBRICATION_DEGRADATION,0.0,1.0,1.0,1.0,1.0,0.0,0.0,0.0,0.0
6.2,TAKEOFF,86.03,60.92,155.0,29.69,100.759,1.1591,6393.96,80.04,517.04,5.281,69.43,21.03,25.721,1.627,24.6,17.905,6390.9,80.4,517.07,5.298,69.4,20.925,25.737,1.661,24.52,17.926,LUBRICATION_DEGRADATION,0.0,1.0,1.0,1.0,1.0,0.0,0.0,0.0,0.0
6.3,TAKEOFF,86.05,60.93,157.5,29.68,100.75,1.159,6402.61,80.04,518.26,5.286,69.42,21.034,25.721,1.628,24.6,17.907,6389.74,80.0,519.5,5.287,69.31,21.029,25.695,1.602,24.643,18.099,LUBRICATION_DEGRADATION,0.0,1.0,1.0,1.0,1.0,0.0,0.0,0.0,0.0
6.4,TAKEOFF,86.07,60.94,160.0,29.68,100.741,1.1589,6410.85,80.04,519.47,5.29,69.41,21.038,25.721,1.629,24.6,17.91,6408.39,80.02,517.5,5.294,69.44,21.035,25.683,1.619,24.56,17.902,LUBRICATION_DEGRADATION,0.0,1.0,1.0,1.0,1.0,0.0,0.0,0.0,0.0
6.5,TAKEOFF,86.08,60.95,162.5,29.68,100.732,1.1588,6418.72,80.04,520.67,5.294,69.4,21.041,25.722,1.63,24.6,17.913,6419.01,79.23,521.93,5.259,68.76,21.12,25.73,1.523,24.664,17.849,LUBRICATION_DEGRADATION,0.0,1.0,1.0,1.0,1.0,0.0,0.0,0.0,0.0
6.6,TAKEOFF,86.1,60.96,165.0,29.67,100.723,1.1587,6426.24,80.04,521.85,5.298,69.39,21.045,25.722,1.63,24.6,17.915,6429.02,80.46,522.56,5.318,69.57,21.105,25.663,1.65,24.575,17.929,LUBRICATION_DEGRADATION,0.0,1.0,1.0,1.0,1.0,0.0,0.0,0.0,0.0
6.7,TAKEOFF,86.12,60.98,167.5,29.66,100.714,1.1587,6433.41,80.04,523.01,5.302,69.38,21.048,25.722,1.631,24.6,17.918,6425.27,79.99,523.42,5.299,69.16,21.059,25.714,1.634,24.66,17.881,LUBRICATION_DEGRADATION,0.0,1.0,1.0,1.0,1.0,0.0,0.0,0.0,0.0
6.8,TAKEOFF,86.13,60.99,170.0,29.66,100.704,1.1586,6440.27,80.04,524.17,5.306,69.37,21.052,25.723,1.632,24.6,17.92,6431.49,79.36,523.09,5.267,68.93,21.053,25.725,1.6,24.604,17.862,LUBRICATION_DEGRADATION,0.0,1.0,1.0,1.0,1.0,0.0,0.0,0.0,0.0
6.9,TAKEOFF,86.15,61.0,172.5,29.66,100.695,1.1585,6446.81,80.04,525.3,5.309,69.36,21.056,25.723,1.633,24.6,17.922,6443.15,80.08,524.9,5.266,69.58,21.096,25.704,1.596,24.56,18.027,LUBRICATION_DEGRADATION,0.0,1.0,1.0,1.0,1.0,0.0,0.0,0.0,0.0
7.0,TAKEOFF,86.17,61.01,175.0,29.65,100.686,1.1584,6453.07,80.04,526.43,5.312,69.36,21.059,25.723,1.633,24.6,17.925,6442.82,79.17,524.87,5.351,69.41,20.994,25.75,1.678,24.581,17.665,LUBRICATION_DEGRADATION,0.0,1.0,1.0,1.0,1.0,0.0,0.0,0.0,0.0
7.1,TAKEOFF,86.18,61.02,177.5,29.64,100.677,1.1583,6459.05,80.04,527.54,5.316,69.35,21.063,25.724,1.634,24.6,17.928,6456.3,79.9,529.16,5.304,69.3,21.053,25.783,1.73,24.626,17.809,LUBRICATION_DEGRADATION,0.0,1.0,1.0,1.0,1.0,0.0,0.0,0.0,0.0
7.2,TAKEOFF,86.2,61.03,180.0,29.64,100.668,1.1582,6464.77,80.04,528.64,5.319,69.34,21.066,25.724,1.635,24.6,17.93,6465.38,79.9,530.54,5.285,69.43,20.859,25.678,1.68,24.633,17.763,LUBRICATION_DEGRADATION,0.0,1.0,1.0,1.0,1.0,0.0,0.0,0.0,0.0
7.3,TAKEOFF,86.22,61.04,182.5,29.64,100.659,1.1581,6470.24,80.04,529.72,5.321,69.33,21.07,25.724,1.635,24.6,17.932,6476.9,79.64,531.3,5.29,69.56,21.118,25.644,1.648,24.609,17.947,LUBRICATION_DEGRADATION,0.0,1.0,1.0,1.0,1.0,0.0,0.0,0.0,0.0
7.4,TAKEOFF,86.23,61.05,185.0,29.63,100.65,1.1581,6475.47,80.04,530.79,5.324,69.32,21.073,25.725,1.636,24.6,17.935,6477.86,80.72,528.9,5.352,69.4,21.123,25.742,1.581,24.587,17.749,LUBRICATION_DEGRADATION,0.0,1.0,1.0,1.0,1.0,0.0,0.0,0.0,0.0
7.5,TAKEOFF,86.25,61.06,187.5,29.62,100.641,1.158,6480.47,80.04,531.85,5.327,69.31,21.077,25.725,1.637,24.6,17.938,6478.31,79.49,532.07,5.328,69.41,21.083,25.78,1.611,24.673,18.03,LUBRICATION_DEGRADATION,0.0,1.0,1.0,1.0,1.0,0.0,0.0,0.0,0.0
7.6,TAKEOFF,86.27,61.07,190.0,29.62,100.632,1.1579,6485.27,80.04,532.9,5.329,69.3,21.081,25.725,1.637,24.6,17.94,6485.78,79.68,534.03,5.328,69.06,21.035,25.816,1.682,24.577,17.904,LUBRICATION_DEGRADATION,0.0,1.0,1.0,1.0,1.0,0.0,0.0,0.0,0.0
7.7,TAKEOFF,86.28,61.08,192.5,29.62,100.623,1.1578,6489.86,80.04,533.93,5.332,69.29,21.084,25.726,1.638,24.6,17.943,6496.94,80.62,532.74,5.282,69.24,20.882,25.7,1.612,24.643,18.074,LUBRICATION_DEGRADATION,0.0,1.0,1.0,1.0,1.0,0.0,0.0,0.0,0.0
7.8,TAKEOFF,86.3,61.09,195.0,29.61,100.613,1.1577,6494.25,80.04,534.95,5.334,69.29,21.088,25.726,1.638,24.6,17.945,6496.41,81.05,534.54,5.316,68.37,21.17,25.904,1.597,24.601,17.974,LUBRICATION_DEGRADATION,0.0,1.0,1.0,1.0,1.0,0.0,0.0,0.0,0.0
7.9,TAKEOFF,86.32,61.11,197.5,29.61,100.604,1.1576,6498.47,80.04,535.96,5.336,69.28,21.091,25.726,1.639,24.6,17.947,6495.39,80.26,535.89,5.302,69.52,21.009,25.746,1.513,24.638,17.946,LUBRICATION_DEGRADATION,0.0,1.0,1.0,1.0,1.0,0.0,0.0,0.0,0.0
8.0,TAKEOFF,86.33,61.12,200.0,29.6,100.595,1.1575,6502.5,80.04,536.96,5.338,69.27,21.095,25.727,1.639,24.6,17.95,6509.97,80.81,537.94,5.352,69.4,20.916,25.792,1.692,24.661,17.823,LUBRICATION_DEGRADATION,0.0,1.0,1.0,1.0,1.0,0.0,0.0,0.0,0.0
8.1,TAKEOFF,86.35,61.13,202.5,29.59,100.586,1.1575,6506.38,80.04,537.94,5.337,69.26,21.098,25.727,1.64,24.6,17.953,6499.77,79.61,539.12,5.304,69.04,21.222,25.676,1.609,24.587,17.858,LUBRICATION_DEGRADATION,0.003,1.0,1.0,0.998,1.0,0.0,0.0,0.0,0.0
8.2,TAKEOFF,86.37,61.14,205.0,29.59,100.577,1.1574,6510.1,80.04,538.91,5.336,69.25,21.102,25.727,1.64,24.6,17.955,6511.88,80.01,540.01,5.316,69.13,21.102,25.746,1.618,24.526,17.933,LUBRICATION_DEGRADATION,0.007,1.0,1.0,0.995,1.0,0.0,0.0,0.0,0.0
8.3,TAKEOFF,86.38,61.15,207.5,29.59,100.568,1.1573,6513.66,80.04,539.87,5.334,69.24,21.106,25.728,1.641,24.6,17.957,6508.18,80.46,540.52,5.288,68.87,21.082,25.735,1.657,24.599,17.928,LUBRICATION_DEGRADATION,0.01,1.0,1.0,0.993,1.0,0.0,0.0,0.0,0.0
8.4,TAKEOFF,86.4,61.16,210.0,29.58,100.559,1.1572,6517.09,80.04,540.82,5.332,69.23,21.109,25.728,1.641,24.6,17.96,6507.62,80.75,542.38,5.335,69.26,21.032,25.694,1.555,24.596,17.945,LUBRICATION_DEGRADATION,0.013,1.0,1.0,0.991,1.0,0.0,0.0,0.0,0.0
8.5,TAKEOFF,86.42,61.17,212.5,29.57,100.55,1.1571,6520.38,80.04,541.76,5.33,69.22,21.113,25.728,1.641,24.6,17.962,6522.27,80.27,542.9,5.382,69.55,21.108,25.723,1.604,24.553,17.942,LUBRICATION_DEGRADATION,0.017,1.0,1.0,0.988,1.0,0.0,0.0,0.0,0.0
8.6,TAKEOFF,86.43,61.18,215.0,29.57,100.541,1.157,6523.54,80.04,542.69,5.329,69.22,21.116,25.729,1.642,24.6,17.965,6514.63,80.54,542.91,5.348,69.09,21.197,25.728,1.675,24.57,17.891,LUBRICATION_DEGRADATION,0.02,1.0,1.0,0.986,1.0,0.0,0.0,0.0,0.0
8.7,TAKEOFF,86.45,61.19,217.5,29.57,100.532,1.1569,6526.58,80.04,543.6,5.327,69.21,21.12,25.729,1.642,24.6,17.968,6518.15,79.93,545.72,5.298,69.1,21.111,25.76,1.606,24.631,18.159,LUBRICATION_DEGRADATION,0.023,1.0,1.0,0.984,1.0,0.0,0.0,0.0,0.0
8.8,TAKEOFF,86.47,61.2,220.0,29.56,100.523,1.1569,6529.51,80.04,544.51,5.325,69.2,21.123,25.729,1.643,24.6,17.97,6529.83,80.62,544.84,5.369,68.76,21.212,25.727,1.58,24.565,18.185,LUBRICATION_DEGRADATION,0.027,1.0,1.0,0.981,1.0,0.0,0.0,0.0,0.0
8.9,TAKEOFF,86.48,61.21,222.5,29.55,100.514,1.1568,6532.32,80.04,545.4,5.323,69.19,21.127,25.73,1.643,24.6,17.973,6534.02,80.02,544.46,5.301,69.36,20.961,25.703,1.664,24.633,18.063,LUBRICATION_DEGRADATION,0.03,1.0,1.0,0.979,1.0,0.0,0.0,0.0,0.0
9.0,TAKEOFF,86.5,61.23,225.0,29.55,100.504,1.1567,6535.03,80.04,546.29,5.321,69.18,21.131,25.73,1.643,24.6,17.975,6532.87,79.39,545.64,5.338,69.01,21.291,25.751,1.66,24.535,17.972,LUBRICATION_DEGRADATION,0.033,1.0,1.0,0.977,1.0,0.0,0.0,0.0,0.0
9.1,TAKEOFF,86.52,61.24,227.5,29.55,100.495,1.1566,6537.65,80.04,547.16,5.319,69.17,21.134,25.73,1.644,24.6,17.977,6540.57,79.84,548.22,5.313,69.35,21.106,25.686,1.624,24.582,17.936,LUBRICATION_DEGRADATION,0.037,1.0,1.0,0.974,1.0,0.0,0.0,0.0,0.0
9.2,TAKEOFF,86.53,61.25,230.0,29.54,100.486,1.1565,6540.17,80.04,548.02,5.316,69.17,21.138,25.731,1.644,24.6,17.98,6540.32,79.2,548.58,5.331,69.42,20.914,25.735,1.645,24.62,18.098,LUBRICATION_DEGRADATION,0.04,1.0,1.0,0.972,1.0,0.0,0.0,0.0,0.0
9.3,TAKEOFF,86.55,61.26,232.5,29.54,100.477,1.1564,6542.59,80.04,548.87,5.314,69.16,21.141,25.731,1.644,24.6,17.982,6553.21,80.44,550.58,5.338,69.09,20.999,25.749,1.632,24.53,17.962,LUBRICATION_DEGRADATION,0.043,1.0,1.0,0.97,1.0,0.0,0.0,0.0,0.0
9.4,TAKEOFF,86.57,61.27,235.0,29.53,100.468,1.1563,6544.94,80.04,549.72,5.312,69.15,21.145,25.731,1.645,24.6,17.985,6555.3,80.47,550.2,5.257,68.82,21.056,25.779,1.622,24.646,17.968,LUBRICATION_DEGRADATION,0.047,1.0,1.0,0.967,1.0,0.0,0.0,0.0,0.0
9.5,TAKEOFF,86.58,61.28,237.5,29.53,100.459,1.1563,6547.2,80.04,550.55,5.31,69.14,21.148,25.732,1.645,24.6,17.987,6558.02,79.38,552.6,5.318,69.57,21.179,25.782,1.709,24.593,17.98,LUBRICATION_DEGRADATION,0.05,1.0,1.0,0.965,1.0,0.0,0.0,0.0,0.0
9.6,TAKEOFF,86.6,61.29,240.0,29.52,100.45,1.1562,6549.39,80.04,551.37,5.307,69.13,21.152,25.732,1.645,24.6,17.99,6560.61,79.77,551.07,5.29,69.41,21.013,25.823,1.622,24.544,17.98,LUBRICATION_DEGRADATION,0.053,1.0,1.0,0.963,1.0,0.0,0.0,0.0,0.0
9.7,TAKEOFF,86.62,61.3,242.5,29.52,100.441,1.1561,6551.5,80.04,552.18,5.305,69.12,21.156,25.732,1.646,24.6,17.992,6546.82,79.96,552.97,5.3,68.92,21.106,25.76,1.581,24.638,17.911,LUBRICATION_DEGRADATION,0.057,1.0,1.0,0.96,1.0,0.0,0.0,0.0,0.0
9.8,TAKEOFF,86.63,61.31,245.0,29.51,100.432,1.156,6553.55,80.04,552.98,5.302,69.12,21.159,25.733,1.646,24.6,17.995,6559.05,79.48,553.43,5.271,69.49,21.244,25.7,1.581,24.552,18.031,LUBRICATION_DEGRADATION,0.06,1.0,1.0,0.958,1.0,0.0,0.0,0.0,0.0
9.9,TAKEOFF,86.65,61.32,247.5,29.51,100.423,1.1559,6555.53,80.04,553.78,5.3,69.11,21.163,25.733,1.646,24.6,17.997,6556.29,80.32,552.73,5.351,68.83,21.189,25.778,1.605,24.594,17.992,LUBRICATION_DEGRADATION,0.063,1.0,1.0,0.956,1.0,0.0,0.0,0.0,0.0
10.0,TAKEOFF,86.67,61.33,250.0,29.5,100.414,1.1558,6557.44,80.04,554.56,5.297,69.1,21.166,25.733,1.646,24.6,18.0,6558.07,79.93,554.91,5.32,68.66,21.146,25.683,1.644,24.604,17.811,LUBRICATION_DEGRADATION,0.067,1.0,1.0,0.953,1.0,0.0,0.0,0.0,0.0
10.1,TAKEOFF,86.68,61.34,252.5,29.5,100.405,1.1557,6559.3,80.04,555.34,5.295,69.09,21.17,25.734,1.647,24.6,18.002,6565.3,79.84,556.33,5.263,68.84,21.164,25.714,1.626,24.575,17.989,LUBRICATION_DEGRADATION,0.07,1.0,1.0,0.951,1.0,0.0,0.0,0.0,0.0
10.2,TAKEOFF,86.7,61.36,255.0,29.49,100.396,1.1557,6561.1,80.04,556.1,5.292,69.08,21.173,25.734,1.647,24.6,18.005,6551.11,80.0,555.11,5.272,69.35,20.98,25.739,1.699,24.554,18.007,LUBRICATION_DEGRADATION,0.073,1.0,1.0,0.949,1.0,0.0,0.0,0.0,0.0
10.3,TAKEOFF,86.72,61.37,257.5,29.48,100.387,1.1556,6562.85,80.04,556.86,5.29,69.08,21.177,25.734,1.647,24.6,18.008,6566.79,80.57,556.95,5.295,69.04,21.141,25.703,1.66,24.642,17.82,LUBRICATION_DEGRADATION,0.077,1.0,1.0,0.946,1.0,0.0,0.0,0.0,0.0
10.4,TAKEOFF,86.73,61.38,260.0,29.48,100.377,1.1555,6564.54,80.04,557.6,5.287,69.07,21.181,25.735,1.647,24.6,18.01,6564.07,79.16,555.82,5.281,68.74,21.178,25.732,1.631,24.608,17.96,LUBRICATION_DEGRADATION,0.08,1.0,1.0,0.944,1.0,0.0,0.0,0.0,0.0
10.5,TAKEOFF,86.75,61.39,262.5,29.48,100.368,1.1554,6566.19,80.04,558.34,5.284,69.06,21.184,25.735,1.648,24.6,18.013,6560.05,79.86,559.6,5.306,69.16,21.096,25.742,1.626,24.594,17.954,LUBRICATION_DEGRADATION,0.083,1.0,1.0,0.942,1.0,0.0,0.0,0.0,0.0
10.6,TAKEOFF,86.77,61.4,265.0,29.47,100.359,1.1553,6567.8,80.04,559.07,5.282,69.05,21.188,25.735,1.648,24.6,18.015,6559.86,80.0,558.79,5.306,69.4,21.354,25.803,1.689,24.664,17.94,LUBRICATION_DEGRADATION,0.087,1.0,1.0,0.939,1.0,0.0,0.0,0.0,0.0
10.7,TAKEOFF,86.78,61.41,267.5,29.46,100.35,1.1552,6569.35,80.04,559.79,5.279,69.04,21.191,25.736,1.648,24.6,18.017,6567.87,79.46,559.56,5.247,68.97,21.169,25.792,1.682,24.646,17.895,LUBRICATION_DEGRADATION,0.09,1.0,1.0,0.937,1.0,0.0,0.0,0.0,0.0
10.8,TAKEOFF,86.8,61.42,270.0,29.46,100.341,1.1551,6570.87,80.04,560.51,5.276,69.04,21.195,25.736,1.648,24.6,18.02,6577.22,79.14,559.23,5.249,68.75,21.097,25.784,1.625,24.586,18.138,LUBRICATION_DEGRADATION,0.093,1.0,1.0,0.935,1.0,0.0,0.0,0.0,0.0
10.9,TAKEOFF,86.82,61.43,272.5,29.46,100.332,1.1551,6572.35,80.04,561.21,5.273,69.03,21.198,25.736,1.649,24.6,18.023,6574.48,80.12,561.8,5.328,69.14,21.13,25.704,1.553,24.614,17.966,LUBRICATION_DEGRADATION,0.097,1.0,1.0,0.932,1.0,0.0,0.0,0.0,0.0
11.0,TAKEOFF,86.83,61.44,275.0,29.45,100.323,1.155,6573.79,80.04,561.91,5.271,69.02,21.202,25.737,1.649,24.6,18.025,6564.71,79.59,561.59,5.259,68.87,21.209,25.705,1.62,24.64,17.923,LUBRICATION_DEGRADATION,0.1,1.0,1.0,0.93,1.0,0.0,0.0,0.0,0.0
11.1,TAKEOFF,86.85,61.45,277.5,29.45,100.314,1.1549,6575.2,80.04,562.59,5.268,69.01,21.206,25.737,1.649,24.6,18.027,6580.86,80.16,563.81,5.261,68.67,21.344,25.669,1.624,24.606,17.906,LUBRICATION_DEGRADATION,0.103,1.0,1.0,0.928,1.0,0.0,0.0,0.0,0.0
11.2,TAKEOFF,86.87,61.46,280.0,29.44,100.305,1.1548,6576.57,80.04,563.27,5.265,69.01,21.209,25.737,1.649,24.6,18.03,6568.78,80.48,564.36,5.255,69.0,21.097,25.809,1.696,24.501,18.171,LUBRICATION_DEGRADATION,0.107,1.0,1.0,0.925,1.0,0.0,0.0,0.0,0.0
11.3,TAKEOFF,86.88,61.47,282.5,29.44,100.296,1.1547,6577.91,80.04,563.95,5.262,69.0,21.213,25.738,1.65,24.6,18.032,6580.74,80.21,563.39,5.224,68.68,21.211,25.823,1.644,24.543,18.032,LUBRICATION_DEGRADATION,0.11,1.0,1.0,0.923,1.0,0.0,0.0,0.0,0.0
11.4,TAKEOFF,86.9,61.48,285.0,29.43,100.287,1.1546,6579.21,80.04,564.61,5.259,68.99,21.216,25.738,1.65,24.6,18.035,6576.32,79.49,565.09,5.249,68.66,21.242,25.744,1.633,24.543,18.08,LUBRICATION_DEGRADATION,0.113,1.0,1.0,0.921,1.0,0.0,0.0,0.0,0.0
11.5,TAKEOFF,86.92,61.5,287.5,29.43,100.278,1.1546,6580.49,80.04,565.27,5.257,68.98,21.22,25.738,1.65,24.6,18.037,6579.15,80.57,565.09,5.26,69.51,21.121,25.782,1.675,24.576,18.298,LUBRICATION_DEGRADATION,0.117,1.0,1.0,0.918,1.0,0.0,0.0,0.0,0.0
11.6,TAKEOFF,86.93,61.51,290.0,29.42,100.269,1.1545,6581.75,80.04,565.91,5.254,68.98,21.223,25.739,1.65,24.6,18.04,6579.97,80.21,564.77,5.259,68.75,21.227,25.747,1.655,24.653,18.061,LUBRICATION_DEGRADATION,0.12,1.0,1.0,0.916,1.0,0.0,0.0,0.0,0.0
11.7,TAKEOFF,86.95,61.52,292.5,29.42,100.26,1.1544,6582.97,80.04,566.55,5.251,68.97,21.227,25.739,1.65,24.6,18.042,6578.84,79.99,565.85,5.233,68.37,21.295,25.687,1.633,24.639,18.123,LUBRICATION_DEGRADATION,0.123,1.0,1.0,0.914,1.0,0.0,0.0,0.0,0.0
11.8,TAKEOFF,86.97,61.53,295.0,29.41,100.251,1.1543,6584.17,80.04,567.19,5.248,68.96,21.231,25.739,1.651,24.6,18.045,6582.01,80.68,565.06,5.246,68.78,21.138,25.749,1.669,24.564,17.864,LUBRICATION_DEGRADATION,0.127,1.0,1.0,0.911,1.0,0.0,0.0,0.0,0.0
11.9,TAKEOFF,86.98,61.54,297.5,29.41,100.242,1.1542,6585.35,80.04,567.81,5.245,68.95,21.234,25.74,1.651,24.6,18.047,6581.91,80.24,568.36,5.236,68.6,21.119,25.703,1.7,24.485,18.088,LUBRICATION_DEGRADATION,0.13,1.0,1.0,0.909,1.0,0.0,0.0,0.0,0.0
12.0,TAKEOFF,87.0,61.55,300.0,29.4,100.232,1.1541,6586.51,80.04,568.43,5.242,68.95,21.238,25.74,1.651,24.6,18.05,6590.69,80.34,567.66,5.221,69.03,21.324,25.695,1.668,24.625,17.819,LUBRICATION_DEGRADATION,0.133,1.0,1.0,0.907,1.0,0.0,0.0,0.0,0.0
12.1,TAKEOFF,87.02,61.56,302.5,29.4,100.223,1.154,6587.64,80.04,569.04,5.239,68.94,21.241,25.74,1.651,24.6,18.053,6585.07,80.17,569.98,5.229,68.95,21.42,25.795,1.722,24.625,18.146,LUBRICATION_DEGRADATION,0.137,1.0,1.0,0.904,1.0,0.0,0.0,0.0,0.0
12.2,TAKEOFF,87.03,61.57,305.0,29.39,100.214,1.154,6588.76,80.04,569.65,5.236,68.93,21.245,25.741,1.651,24.6,18.055,6592.96,79.71,566.65,5.264,69.19,21.242,25.761,1.64,24.656,18.012,LUBRICATION_DEGRADATION,0.14,1.0,1.0,0.902,1.0,0.0,0.0,0.0,0.0
12.3,TAKEOFF,87.05,61.58,307.5,29.39,100.205,1.1539,6589.85,80.04,570.24,5.233,68.92,21.248,25.741,1.652,24.6,18.057,6578.83,80.71,568.26,5.249,68.98,21.243,25.726,1.762,24.704,18.131,LUBRICATION_DEGRADATION,0.143,1.0,1.0,0.9,1.0,0.0,0.0,0.0,0.0
12.4,TAKEOFF,87.07,61.59,310.0,29.38,100.196,1.1538,6590.93,80.03,570.83,5.23,68.92,21.252,25.741,1.652,24.6,18.06,6583.27,80.38,571.09,5.274,68.47,21.286,25.756,1.683,24.548,18.092,LUBRICATION_DEGRADATION,0.147,1.0,1.0,0.897,1.0,0.0,0.0,0.0,0.0
12.5,TAKEOFF,87.08,61.6,312.5,29.38,100.187,1.1537,6591.99,80.03,571.42,5.227,68.91,21.256,25.742,1.652,24.6,18.062,6591.6,79.73,569.95,5.256,69.2,21.282,25.682,1.733,24.62,18.088,LUBRICATION_DEGRADATION,0.15,1.0,1.0,0.895,1.0,0.0,0.0,0.0,0.0
12.6,TAKEOFF,87.1,61.61,315.0,29.37,100.178,1.1536,6593.03,80.03,571.99,5.224,68.9,21.259,25.742,1.652,24.6,18.065,6588.47,80.45,574.12,5.206,69.35,21.349,25.652,1.709,24.599,18.328,LUBRICATION_DEGRADATION,0.153,1.0,1.0,0.893,1.0,0.0,0.0,0.0,0.0
12.7,TAKEOFF,87.12,61.63,317.5,29.37,100.169,1.1535,6594.06,80.03,572.56,5.221,68.9,21.263,25.742,1.652,24.6,18.067,6589.62,79.55,570.63,5.239,68.84,21.214,25.731,1.696,24.558,18.192,LUBRICATION_DEGRADATION,0.157,1.0,1.0,0.89,1.0,0.0,0.0,0.0,0.0
12.8,TAKEOFF,87.13,61.64,320.0,29.36,100.16,1.1534,6595.07,80.03,573.13,5.218,68.89,21.266,25.743,1.653,24.6,18.07,6593.07,80.58,574.59,5.225,68.52,21.263,25.683,1.709,24.615,18.106,LUBRICATION_DEGRADATION,0.16,1.0,1.0,0.888,1.0,0.0,0.0,0.0,0.0
12.9,TAKEOFF,87.15,61.65,322.5,29.36,100.151,1.1534,6596.07,80.03,573.68,5.215,68.88,21.27,25.743,1.653,24.6,18.072,6602.43,79.8,575.51,5.235,68.93,21.398,25.691,1.681,24.726,18.168,LUBRICATION_DEGRADATION,0.163,1.0,1.0,0.886,1.0,0.0,0.0,0.0,0.0
13.0,TAKEOFF,87.17,61.66,325.0,29.35,100.142,1.1533,6597.05,80.03,574.23,5.212,68.88,21.273,25.743,1.653,24.6,18.075,6602.89,80.39,574.17,5.295,68.94,21.211,25.827,1.658,24.607,18.161,LUBRICATION_DEGRADATION,0.167,1.0,1.0,0.883,1.0,0.0,0.0,0.0,0.0
13.1,TAKEOFF,87.18,61.67,327.5,29.35,100.133,1.1532,6598.02,80.03,574.78,5.209,68.87,21.277,25.744,1.653,24.6,18.078,6603.92,80.54,574.51,5.205,69.67,21.36,25.711,1.675,24.607,18.258,LUBRICATION_DEGRADATION,0.17,1.0,1.0,0.881,1.0,0.0,0.0,0.0,0.0
13.2,TAKEOFF,87.2,61.68,330.0,29.34,100.124,1.1531,6598.98,80.03,575.31,5.206,68.86,21.281,25.744,1.653,24.6,18.08,6601.9,79.99,574.26,5.17,68.43,21.222,25.716,1.595,24.61,18.151,LUBRICATION_DEGRADATION,0.173,1.0,1.0,0.879,1.0,0.0,0.0,0.0,0.0
13.3,TAKEOFF,87.22,61.69,332.5,29.34,100.115,1.153,6599.93,80.03,575.85,5.203,68.85,21.284,25.744,1.654,24.6,18.082,6596.57,80.44,578.52,5.199,68.96,21.427,25.782,1.621,24.631,18.003,LUBRICATION_DEGRADATION,0.177,1.0,1.0,0.876,1.0,0.0,0.0,0.0,0.0
13.4,TAKEOFF,87.23,61.7,335.0,29.33,100.106,1.1529,6600.87,80.03,576.37,5.2,68.85,21.288,25.745,1.654,24.6,18.085,6598.83,80.39,575.55,5.162,68.89,21.312,25.762,1.653,24.485,18.148,LUBRICATION_DEGRADATION,0.18,1.0,1.0,0.874,1.0,0.0,0.0,0.0,0.0
13.5,TAKEOFF,87.25,61.71,337.5,29.33,100.097,1.1528,6601.8,80.03,576.89,5.197,68.84,21.291,25.745,1.654,24.6,18.087,6605.49,79.08,575.62,5.188,68.86,21.292,25.805,1.668,24.669,18.02,LUBRICATION_DEGRADATION,0.183,1.0,1.0,0.872,1.0,0.0,0.0,0.0,0.0
13.6,TAKEOFF,87.27,61.72,340.0,29.32,100.088,1.1528,6602.71,80.03,577.4,5.194,68.83,21.295,25.745,1.654,24.6,18.09,6605.76,79.88,575.87,5.175,68.83,21.27,25.804,1.65,24.667,18.221,LUBRICATION_DEGRADATION,0.187,1.0,1.0,0.869,1.0,0.0,0.0,0.0,0.0
13.7,TAKEOFF,87.28,61.73,342.5,29.32,100.079,1.1527,6603.62,80.03,577.91,5.191,68.83,21.298,25.746,1.654,24.6,18.093,6593.54,79.68,577.34,5.221,69.17,21.291,25.747,1.674,24.641,18.095,LUBRICATION_DEGRADATION,0.19,1.0,1.0,0.867,1.0,0.0,0.0,0.0,0.0
13.8,TAKEOFF,87.3,61.74,345.0,29.31,100.07,1.1526,6604.52,80.03,578.41,5.188,68.82,21.302,25.746,1.654,24.6,18.095,6603.66,80.43,576.92,5.21,68.54,21.113,25.749,1.618,24.662,17.996,LUBRICATION_DEGRADATION,0.193,1.0,1.0,0.865,1.0,0.0,0.0,0.0,0.0
13.9,TAKEOFF,87.32,61.76,347.5,29.31,100.061,1.1525,6605.41,80.03,578.91,5.185,68.81,21.306,25.746,1.655,24.6,18.098,6605.56,79.88,579.61,5.207,68.62,21.39,25.783,1.635,24.587,17.943,LUBRICATION_DEGRADATION,0.197,1.0,1.0,0.862,1.0,0.0,0.0,0.0,0.0
14.0,TAKEOFF,87.33,61.77,350.0,29.3,100.052,1.1524,6606.29,80.03,579.4,5.182,68.81,21.309,25.747,1.655,24.6,18.1,6614.35,80.22,579.5,5.161,69.14,21.257,25.786,1.653,24.606,18.18,LUBRICATION_DEGRADATION,0.2,1.0,1.0,0.86,1.0,0.0,0.0,0.0,0.0
14.1,TAKEOFF,87.35,61.78,352.5,29.3,100.042,1.1523,6607.17,80.03,579.88,5.179,68.8,21.313,25.747,1.655,24.6,18.102,6615.21,79.64,579.25,5.182,68.98,21.302,25.704,1.665,24.587,18.262,LUBRICATION_DEGRADATION,0.203,1.0,1.0,0.858,1.0,0.0,0.0,0.0,0.0
14.2,TAKEOFF,87.37,61.79,355.0,29.29,100.033,1.1523,6608.04,80.03,580.36,5.175,68.79,21.316,25.747,1.655,24.6,18.105,6607.02,80.18,578.55,5.178,68.99,21.256,25.662,1.644,24.539,17.968,LUBRICATION_DEGRADATION,0.207,1.0,1.0,0.855,1.0,0.0,0.0,0.0,0.0
14.3,TAKEOFF,87.38,61.8,357.5,29.29,100.024,1.1522,6608.9,80.03,580.83,5.172,68.79,21.32,25.748,1.655,24.6,18.107,6604.83,81.08,580.43,5.173,68.6,21.329,25.817,1.687,24.61,18.003,LUBRICATION_DEGRADATION,0.21,1.0,1.0,0.853,1.0,0.0,0.0,0.0,0.0
14.4,TAKEOFF,87.4,61.81,360.0,29.28,100.015,1.1521,6609.75,80.03,581.3,5.169,68.78,21.323,25.748,1.655,24.6,18.11,6606.71,80.37,581.53,5.185,68.54,21.298,25.786,1.597,24.629,18.085,LUBRICATION_DEGRADATION,0.213,1.0,1.0,0.851,1.0,0.0,0.0,0.0,0.0
14.5,TAKEOFF,87.42,61.82,362.5,29.28,100.006,1.152,6610.6,80.03,581.76,5.166,68.77,21.327,25.748,1.656,24.6,18.112,6612.37,79.83,581.4,5.135,69.08,21.379,25.702,1.688,24.556,18.2,LUBRICATION_DEGRADATION,0.217,1.0,1.0,0.848,1.0,0.0,0.0,0.0,0.0
14.6,TAKEOFF,87.43,61.83,365.0,29.27,99.997,1.1519,6611.44,80.03,582.22,5.163,68.77,21.331,25.749,1.656,24.6,18.115,6612.4,80.11,582.84,5.182,68.6,21.368,25.785,1.711,24.543,18.157,LUBRICATION_DEGRADATION,0.22,1.0,1.0,0.846,1.0,0.0,0.0,0.0,0.0
14.7,TAKEOFF,87.45,61.84,367.5,29.27,99.988,1.1518,6612.28,80.03,582.67,5.16,68.76,21.334,25.749,1.656,24.6,18.117,6605.18,80.97,582.75,5.189,68.8,21.358,25.69,1.647,24.521,18.095,LUBRICATION_DEGRADATION,0.223,1.0,1.0,0.844,1.0,0.0,0.0,0.0,0.0
14.8,TAKEOFF,87.47,61.85,370.0,29.26,99.979,1.1517,6613.11,80.03,583.12,5.157,68.76,21.338,25.749,1.656,24.6,18.12,6615.36,80.3,584.37,5.122,68.75,21.365,25.697,1.746,24.487,18.121,LUBRICATION_DEGRADATION,0.227,1.0,1.0,0.841,1.0,0.0,0.0,0.0,0.0
14.9,TAKEOFF,87.48,61.86,372.5,29.26,99.97,1.1517,6613.93,80.03,583.56,5.154,68.75,21.341,25.75,1.656,24.6,18.122,6615.57,80.32,581.47,5.122,68.23,21.486,25.641,1.664,24.645,18.201,LUBRICATION_DEGRADATION,0.23,1.0,1.0,0.839,1.0,0.0,0.0,0.0,0.0
15.0,TAKEOFF,87.5,61.88,375.0,29.25,99.961,1.1516,6614.76,80.03,584.0,5.151,68.74,21.345,25.75,1.656,24.6,18.125,6613.35,80.36,585.28,5.193,68.68,21.398,25.801,1.694,24.595,18.113,LUBRICATION_DEGRADATION,0.233,1.0,1.0,0.837,1.0,0.0,0.0,0.0,0.0
15.1,TAKEOFF,87.52,61.89,377.5,29.25,99.952,1.1515,6615.57,80.03,584.43,5.147,68.74,21.348,25.75,1.657,24.6,18.127,6616.07,79.74,583.87,5.153,68.67,21.242,25.724,1.639,24.587,18.127,LUBRICATION_DEGRADATION,0.237,1.0,1.0,0.834,1.0,0.0,0.0,0.0,0.0
15.2,TAKEOFF,87.53,61.9,380.0,29.24,99.943,1.1514,6616.38,80.03,584.86,5.144,68.73,21.352,25.751,1.657,24.6,18.13,6621.62,79.5,583.74,5.151,68.42,21.287,25.711,1.684,24.637,18.149,LUBRICATION_DEGRADATION,0.24,1.0,1.0,0.832,1.0,0.0,0.0,0.0,0.0
15.3,TAKEOFF,87.55,61.91,382.5,29.24,99.934,1.1513,6617.19,80.03,585.28,5.141,68.72,21.356,25.751,1.657,24.6,18.133,6614.65,79.95,585.27,5.133,68.47,21.439,25.78,1.753,24.508,18.158,LUBRICATION_DEGRADATION,0.243,1.0,1.0,0.83,1.0,0.0,0.0,0.0,0.0
15.4,TAKEOFF,87.57,61.92,385.0,29.23,99.925,1.1512,6618.0,80.03,585.69,5.138,68.72,21.359,25.751,1.657,24.6,18.135,6608.29,79.64,585.92,5.133,68.61,21.245,25.713,1.631,24.622,18.19,LUBRICATION_DEGRADATION,0.247,1.0,1.0,0.827,1.0,0.0,0.0,0.0,0.0
15.5,TAKEOFF,87.58,61.93,387.5,29.23,99.916,1.1511,6618.8,80.03,586.11,5.135,68.71,21.363,25.752,1.657,24.6,18.137,6620.67,79.29,584.64,5.105,68.65,21.281,25.791,1.596,24.672,18.06,LUBRICATION_DEGRADATION,0.25,1.0,1.0,0.825,1.0,0.0,0.0,0.0,0.0
15.6,TAKEOFF,87.6,61.94,390.0,29.22,99.907,1.1511,6619.59,80.03,586.52,5.132,68.71,21.366,25.752,1.657,24.6,18.14,6617.92,79.24,585.57,5.124,69.11,21.253,25.777,1.626,24.618,18.24,LUBRICATION_DEGRADATION,0.253,1.0,1.0,0.823,1.0,0.0,0.0,0.0,0.0
15.7,TAKEOFF,87.62,61.95,392.5,29.22,99.898,1.151,6620.39,80.03,586.92,5.129,68.7,21.37,25.752,1.658,24.6,18.142,6619.23,80.09,587.62,5.134,68.52,21.447,25.783,1.756,24.617,18.09,LUBRICATION_DEGRADATION,0.257,1.0,1.0,0.82,1.0,0.0,0.0,0.0,0.0
15.8,TAKEOFF,87.63,61.96,395.0,29.21,99.889,1.1509,6621.18,80.03,587.32,5.125,68.69,21.373,25.753,1.658,24.6,18.145,6626.65,79.04,588.31,5.099,67.69,21.229,25.663,1.683,24.619,18.193,LUBRICATION_DEGRADATION,0.26,1.0,1.0,0.818,1.0,0.0,0.0,0.0,0.0
15.9,TAKEOFF,87.65,61.97,397.5,29.21,99.88,1.1508,6621.97,80.03,587.71,5.122,68.69,21.377,25.753,1.658,24.6,18.148,6620.52,79.17,590.09,5.078,68.55,21.53,25.798,1.687,24.614,18.164,LUBRICATION_DEGRADATION,0.263,1.0,1.0,0.816,1.0,0.0,0.0,0.0,0.0
16.0,TAKEOFF,87.67,61.98,400.0,29.2,99.871,1.1507,6622.75,80.03,588.1,5.119,68.68,21.381,25.753,1.658,24.6,18.15,6624.3,79.48,586.3,5.105,68.78,21.385,25.724,1.666,24.65,18.356,LUBRICATION_DEGRADATION,0.267,1.0,1.0,0.813,1.0,0.0,0.0,0.0,0.0
16.1,TAKEOFF,87.68,61.99,402.5,29.2,99.862,1.1506,6623.53,80.03,588.49,5.116,68.68,21.384,25.754,1.658,24.6,18.152,6621.97,80.58,592.52,5.129,68.85,21.324,25.736,1.68,24.561,18.057,LUBRICATION_DEGRADATION,0.27,1.0,1.0,0.811,1.0,0.0,0.0,0.0,0.0
16.2,TAKEOFF,87.7,62.0,405.0,29.19,99.853,1.1506,6624.31,80.03,588.87,5.113,68.67,21.388,25.754,1.658,24.6,18.155,6624.3,78.99,587.96,5.14,68.89,21.324,25.703,1.617,24.592,18.096,LUBRICATION_DEGRADATION,0.273,1.0,1.0,0.809,1.0,0.0,0.0,0.0,0.0
16.3,TAKEOFF,87.72,62.02,407.5,29.19,99.844,1.1505,6625.09,80.03,589.25,5.11,68.66,21.391,25.754,1.659,24.6,18.157,6624.76,80.21,589.65,5.138,68.84,21.183,25.769,1.617,24.662,17.999,LUBRICATION_DEGRADATION,0.277,1.0,1.0,0.806,1.0,0.0,0.0,0.0,0.0
16.4,TAKEOFF,87.73,62.03,410.0,29.18,99.835,1.1504,6625.86,80.03,589.62,5.106,68.66,21.395,25.755,1.659,24.6,18.16,6631.75,79.95,587.86,5.071,68.25,21.217,25.738,1.571,24.549,18.072,LUBRICATION_DEGRADATION,0.28,1.0,1.0,0.804,1.0,0.0,0.0,0.0,0.0
16.5,TAKEOFF,87.75,62.04,412.5,29.18,99.826,1.1503,6626.63,80.03,589.99,5.103,68.65,21.398,25.755,1.659,24.6,18.163,6629.16,79.65,591.11,5.072,68.7,21.434,25.78,1.639,24.624,18.307,LUBRICATION_DEGRADATION,0.283,1.0,1.0,0.802,1.0,0.0,0.0,0.0,0.0
16.6,TAKEOFF,87.77,62.05,415.0,29.17,99.817,1.1502,6627.4,80.03,590.35,5.1,68.65,21.402,25.755,1.659,24.6,18.165,6634.65,80.07,593.14,5.146,68.95,21.411,25.768,1.685,24.63,18.194,LUBRICATION_DEGRADATION,0.287,1.0,1.0,0.799,1.0,0.0,0.0,0.0,0.0
16.7,TAKEOFF,87.78,62.06,417.5,29.17,99.808,1.1501,6628.17,80.03,590.71,5.097,68.64,21.406,25.756,1.659,24.6,18.168,6629.28,79.66,588.25,5.068,68.62,21.339,25.688,1.577,24.549,18.191,LUBRICATION_DEGRADATION,0.29,1.0,1.0,0.797,1.0,0.0,0.0,0.0,0.0
16.8,TAKEOFF,87.8,62.07,420.0,29.16,99.799,1.15,6628.94,80.03,591.07,5.094,68.63,21.409,25.756,1.659,24.6,18.17,6624.83,80.44,592.55,5.093,68.6,21.454,25.767,1.678,24.622,18.155,LUBRICATION_DEGRADATION,0.293,1.0,1.0,0.795,1.0,0.0,0.0,0.0,0.0
16.9,TAKEOFF,87.82,62.08,422.5,29.16,99.79,1.15,6629.7,80.03,591.42,5.091,68.63,21.413,25.756,1.66,24.6,18.172,6623.87,79.97,588.86,5.057,69.29,21.396,25.748,1.608,24.592,18.089,LUBRICATION_DEGRADATION,0.297,1.0,1.0,0.792,1.0,0.0,0.0,0.0,0.0
17.0,TAKEOFF,87.83,62.09,425.0,29.15,99.781,1.1499,6630.46,80.03,591.77,5.087,68.62,21.416,25.757,1.66,24.6,18.175,6621.09,78.97,591.71,5.105,68.31,21.481,25.709,1.718,24.679,18.065,LUBRICATION_DEGRADATION,0.3,1.0,1.0,0.79,1.0,0.0,0.0,0.0,0.0
17.1,TAKEOFF,87.85,62.1,427.5,29.15,99.772,1.1498,6631.22,80.03,592.11,5.084,68.62,21.42,25.757,1.66,24.6,18.177,6636.25,81.13,591.09,5.114,68.19,21.155,25.77,1.705,24.553,18.292,LUBRICATION_DEGRADATION,0.303,1.0,1.0,0.788,1.0,0.0,0.0,0.0,0.0
17.2,TAKEOFF,87.87,62.11,430.0,29.14,99.763,1.1497,6631.98,80.03,592.45,5.081,68.61,21.423,25.757,1.66,24.6,18.18,6632.92,80.94,593.5,5.106,67.83,21.433,25.801,1.631,24.6,18.097,LUBRICATION_DEGRADATION,0.307,1.0,1.0,0.785,1.0,0.0,0.0,0.0,0.0
17.3,TAKEOFF,87.88,62.12,432.5,29.14,99.754,1.1496,6632.74,80.03,592.79,5.078,68.61,21.427,25.758,1.66,24.6,18.182,6633.42,80.3,593.37,5.072,68.15,21.625,25.668,1.6,24.558,18.055,LUBRICATION_DEGRADATION,0.31,1.0,1.0,0.783,1.0,0.0,0.0,0.0,0.0
17.4,TAKEOFF,87.9,62.13,435.0,29.13,99.745,1.1495,6633.5,80.03,593.13,5.075,68.6,21.431,25.758,1.66,24.6,18.185,6634.53,80.19,591.44,5.121,68.33,21.245,25.72,1.677,24.523,18.147,LUBRICATION_DEGRADATION,0.313,1.0,1.0,0.781,1.0,0.0,0.0,0.0,0.0
17.5,TAKEOFF,87.92,62.15,437.5,29.12,99.736,1.1495,6634.25,80.03,593.46,5.071,68.6,21.434,25.758,1.661,24.6,18.188,6637.19,80.97,593.9,5.099,68.09,21.247,25.753,1.579,24.541,18.196,LUBRICATION_DEGRADATION,0.317,1.0,1.0,0.778,1.0,0.0,0.0,0.0,0.0
17.6,TAKEOFF,87.93,62.16,440.0,29.12,99.727,1.1494,6635.01,80.03,593.78,5.068,68.59,21.438,25.759,1.661,24.6,18.19,6634.7,79.51,594.5,5.109,68.92,21.262,25.778,1.658,24.637,18.212,LUBRICATION_DEGRADATION,0.32,1.0,1.0,0.776,1.0,0.0,0.0,0.0,0.0
17.7,TAKEOFF,87.95,62.17,442.5,29.12,99.718,1.1493,6635.76,80.03,594.1,5.065,68.58,21.441,25.759,1.661,24.6,18.193,6635.09,79.38,592.91,5.035,68.06,21.505,25.856,1.642,24.598,18.116,LUBRICATION_DEGRADATION,0.323,1.0,1.0,0.774,1.0,0.0,0.0,0.0,0.0
17.8,TAKEOFF,87.97,62.18,445.0,29.11,99.709,1.1492,6636.51,80.03,594.42,5.062,68.58,21.445,25.759,1.661,24.6,18.195,6637.37,79.79,595.33,5.075,69.08,21.354,25.736,1.706,24.561,18.043,LUBRICATION_DEGRADATION,0.327,1.0,1.0,0.771,1.0,0.0,0.0,0.0,0.0
17.9,TAKEOFF,87.98,62.19,447.5,29.11,99.7,1.1491,6637.26,80.03,594.74,5.059,68.57,21.448,25.76,1.661,24.6,18.197,6630.97,80.03,594.85,5.032,67.84,21.495,25.798,1.618,24.674,18.15,LUBRICATION_DEGRADATION,0.33,1.0,1.0,0.769,1.0,0.0,0.0,0.0,0.0
18.0,TAKEOFF,88.0,62.2,450.0,29.1,99.691,1.149,6638.01,80.03,595.05,5.055,68.57,21.452,25.76,1.661,24.6,18.2,6642.87,80.28,594.48,5.095,68.71,21.554,25.76,1.536,24.686,18.227,LUBRICATION_DEGRADATION,0.333,1.0,1.0,0.767,1.0,0.0,0.0,0.0,0.0
18.1,TAKEOFF,88.02,62.21,452.5,29.09,99.682,1.1489,6638.76,80.03,595.36,5.052,68.56,21.456,25.76,1.662,24.6,18.203,6640.72,78.45,594.01,5.067,69.25,21.421,25.738,1.622,24.534,18.104,LUBRICATION_DEGRADATION,0.337,1.0,1.0,0.764,1.0,0.0,0.0,0.0,0.0
18.2,TAKEOFF,88.03,62.22,455.0,29.09,99.673,1.1489,6639.5,80.03,595.66,5.049,68.56,21.459,25.761,1.662,24.6,18.205,6646.37,80.23,592.98,5.065,68.75,21.3,25.707,1.612,24.643,17.98,LUBRICATION_DEGRADATION,0.34,1.0,1.0,0.762,1.0,0.0,0.0,0.0,0.0
18.3,TAKEOFF,88.05,62.23,457.5,29.09,99.664,1.1488,6640.25,80.03,595.97,5.046,68.55,21.463,25.761,1.662,24.6,18.207,6644.97,79.89,595.82,5.008,68.55,21.451,25.7,1.594,24.596,18.192,LUBRICATION_DEGRADATION,0.343,1.0,1.0,0.76,1.0,0.0,0.0,0.0,0.0
18.4,TAKEOFF,88.07,62.24,460.0,29.08,99.655,1.1487,6640.99,80.03,596.27,5.043,68.55,21.466,25.761,1.662,24.6,18.21,6639.9,80.63,596.71,5.022,68.28,21.416,25.703,1.757,24.514,18.273,LUBRICATION_DEGRADATION,0.347,1.0,1.0,0.757,1.0,0.0,0.0,0.0,0.0
18.5,TAKEOFF,88.08,62.25,462.5,29.07,99.646,1.1486,6641.74,80.03,596.56,5.039,68.54,21.47,25.762,1.662,24.6,18.212,6641.61,79.78,597.82,5.014,68.95,21.48,25.698,1.725,24.61,18.179,LUBRICATION_DEGRADATION,0.35,1.0,1.0,0.755,1.0,0.0,0.0,0.0,0.0
18.6,TAKEOFF,88.1,62.27,465.0,29.07,99.637,1.1485,6642.48,80.03,596.85,5.036,68.54,21.473,25.762,1.662,24.6,18.215,6647.31,80.14,597.31,5.0,68.67,21.307,25.827,1.646,24.542,18.055,LUBRICATION_DEGRADATION,0.353,1.0,1.0,0.753,1.0,0.0,0.0,0.0,0.0
18.7,TAKEOFF,88.12,62.28,467.5,29.07,99.628,1.1484,6643.23,80.03,597.14,5.033,68.53,21.477,25.762,1.663,24.6,18.218,6644.47,80.42,595.61,5.059,68.5,21.601,25.742,1.732,24.58,18.28,LUBRICATION_DEGRADATION,0.357,1.0,1.0,0.75,1.0,0.0,0.0,0.0,0.0
18.8,TAKEOFF,88.13,62.29,470.0,29.06,99.619,1.1483,6643.97,80.03,597.43,5.03,68.53,21.481,25.763,1.663,24.6,18.22,6643.18,79.51,596.44,5.023,68.51,21.472,25.731,1.688,24.592,18.325,LUBRICATION_DEGRADATION,0.36,1.0,1.0,0.748,1.0,0.0,0.0,0.0,0.0
18.9,TAKEOFF,88.15,62.3,472.5,29.05,99.61,1.1483,6644.71,80.03,597.71,5.027,68.52,21.484,25.763,1.663,24.6,18.223,6638.59,80.75,597.24,5.051,68.2,21.436,25.781,1.679,24.597,18.37,LUBRICATION_DEGRADATION,0.363,1.0,1.0,0.746,1.0,0.0,0.0,0.0,0.0
19.0,TAKEOFF,88.17,62.31,475.0,29.05,99.601,1.1482,6645.45,80.03,597.99,5.023,68.52,21.488,25.763,1.663,24.6,18.225,6639.17,80.43,599.03,5.013,68.78,21.543,25.757,1.706,24.501,18.101,LUBRICATION_DEGRADATION,0.367,1.0,1.0,0.743,1.0,0.0,0.0,0.0,0.0
19.1,TAKEOFF,88.18,62.32,477.5,29.05,99.592,1.1481,6646.19,80.03,598.27,5.02,68.51,21.491,25.764,1.663,24.6,18.227,6640.35,79.52,599.61,4.973,68.76,21.533,25.756,1.673,24.724,18.326,LUBRICATION_DEGRADATION,0.37,1.0,1.0,0.741,1.0,0.0,0.0,0.0,0.0
19.2,TAKEOFF,88.2,62.33,480.0,29.04,99.583,1.148,6646.93,80.03,598.54,5.017,68.51,21.495,25.764,1.663,24.6,18.23,6652.22,79.27,596.67,4.969,67.78,21.387,25.699,1.565,24.694,18.198,LUBRICATION_DEGRADATION,0.373,1.0,1.0,0.739,1.0,0.0,0.0,0.0,0.0
19.3,TAKEOFF,88.22,62.34,482.5,29.04,99.574,1.1479,6647.67,80.03,598.81,5.014,68.5,21.498,25.764,1.663,24.6,18.233,6650.08,80.8,599.0,4.992,68.91,21.533,25.78,1.724,24.627,18.148,LUBRICATION_DEGRADATION,0.377,1.0,1.0,0.736,1.0,0.0,0.0,0.0,0.0
19.4,TAKEOFF,88.23,62.35,485.0,29.03,99.565,1.1478,6648.41,80.03,599.08,5.01,68.5,21.502,25.765,1.664,24.6,18.235,6647.23,80.73,601.78,5.014,68.17,21.604,25.788,1.644,24.628,18.283,LUBRICATION_DEGRADATION,0.38,1.0,1.0,0.734,1.0,0.0,0.0,0.0,0.0
19.5,TAKEOFF,88.25,62.36,487.5,29.02,99.556,1.1478,6649.15,80.03,599.35,5.007,68.49,21.506,25.765,1.664,24.6,18.237,6651.86,79.82,599.48,5.049,68.65,21.559,25.842,1.697,24.617,18.233,LUBRICATION_DEGRADATION,0.383,1.0,1.0,0.732,1.0,0.0,0.0,0.0,0.0
19.6,TAKEOFF,88.27,62.37,490.0,29.02,99.547,1.1477,6649.89,80.03,599.61,5.004,68.49,21.509,25.765,1.664,24.6,18.24,6654.47,79.93,600.64,5.015,68.31,21.456,25.796,1.601,24.595,18.104,LUBRICATION_DEGRADATION,0.387,1.0,1.0,0.729,1.0,0.0,0.0,0.0,0.0
19.7,TAKEOFF,88.28,62.38,492.5,29.02,99.538,1.1476,6650.62,80.03,599.87,5.001,68.48,21.513,25.766,1.664,24.6,18.242,6651.7,80.28,600.05,5.025,68.2,21.579,25.764,1.623,24.684,18.142,LUBRICATION_DEGRADATION,0.39,1.0,1.0,0.727,1.0,0.0,0.0,0.0,0.0
19.8,TAKEOFF,88.3,62.4,495.0,29.01,99.529,1.1475,6651.36,80.03,600.13,4.998,68.48,21.516,25.766,1.664,24.6,18.245,6656.53,80.65,601.52,5.022,68.42,21.495,25.781,1.679,24.596,18.358,LUBRICATION_DEGRADATION,0.393,1.0,1.0,0.725,1.0,0.0,0.0,0.0,0.0
19.9,TAKEOFF,88.32,62.41,497.5,29.0,99.52,1.1474,6652.1,80.03,600.38,4.994,68.47,21.52,25.766,1.664,24.6,18.248,6656.49,80.3,601.86,5.06,68.42,21.429,25.804,1.554,24.559,18.356,LUBRICATION_DEGRADATION,0.397,1.0,1.0,0.722,1.0,0.0,0.0,0.0,0.0
20.0,TAKEOFF,88.33,62.42,500.0,29.0,99.511,1.1473,6652.83,80.03,600.63,4.991,68.47,21.523,25.767,1.665,24.6,18.25,6641.05,79.31,601.21,4.988,68.26,21.641,25.747,1.678,24.559,18.425,LUBRICATION_DEGRADATION,0.4,1.0,1.0,0.72,1.0,0.0,0.0,0.0,0.0
20.1,TAKEOFF,88.35,62.43,502.5,28.99,99.502,1.1472,6653.57,80.03,600.88,4.988,68.46,21.527,25.767,1.665,24.6,18.253,6651.81,80.61,601.04,4.934,68.32,21.554,25.694,1.628,24.637,18.073,LUBRICATION_DEGRADATION,0.403,1.0,1.0,0.718,1.0,0.0,0.0,0.0,0.0
20.2,TAKEOFF,88.37,62.44,505.0,28.99,99.493,1.1472,6654.3,80.03,601.13,4.985,68.46,21.531,25.767,1.665,24.6,18.255,6656.66,79.94,600.33,4.965,68.61,21.604,25.837,1.735,24.615,18.152,LUBRICATION_DEGRADATION,0.407,1.0,1.0,0.715,1.0,0.0,0.0,0.0,0.0
20.3,TAKEOFF,88.38,62.45,507.5,28.98,99.484,1.1471,6655.04,80.03,601.37,4.981,68.45,21.534,25.768,1.665,24.6,18.258,6652.98,80.67,600.64,5.006,68.48,21.412,25.732,1.747,24.571,18.143,LUBRICATION_DEGRADATION,0.41,1.0,1.0,0.713,1.0,0.0,0.0,0.0,0.0
20.4,TAKEOFF,88.4,62.46,510.0,28.98,99.475,1.147,6655.77,80.03,601.61,4.978,68.45,21.538,25.768,1.665,24.6,18.26,6662.11,79.41,601.08,5.034,68.74,21.457,25.846,1.663,24.64,18.272,LUBRICATION_DEGRADATION,0.413,1.0,1.0,0.711,1.0,0.0,0.0,0.0,0.0
20.5,TAKEOFF,88.42,62.47,512.5,28.97,99.466,1.1469,6656.51,80.03,601.85,4.975,68.45,21.541,25.768,1.665,24.6,18.263,6657.12,79.52,604.43,4.962,68.17,21.522,25.686,1.651,24.705,18.176,LUBRICATION_DEGRADATION,0.417,1.0,1.0,0.708,1.0,0.0,0.0,0.0,0.0
20.6,TAKEOFF,88.43,62.48,515.0,28.97,99.457,1.1468,6657.24,80.03,602.09,4.972,68.44,21.545,25.769,1.666,24.6,18.265,6655.89,79.67,601.57,4.97,68.57,21.492,25.747,1.713,24.573,18.378,LUBRICATION_DEGRADATION,0.42,1.0,1.0,0.706,1.0,0.0,0.0,0.0,0.0
20.7,TAKEOFF,88.45,62.49,517.5,28.96,99.448,1.1467,6657.98,80.03,602.32,4.968,68.44,21.548,25.769,1.666,24.6,18.268,6658.99,80.64,604.55,4.989,68.2,21.617,25.859,1.651,24.637,18.184,LUBRICATION_DEGRADATION,0.423,1.0,1.0,0.704,1.0,0.0,0.0,0.0,0.0
20.8,TAKEOFF,88.47,62.5,520.0,28.96,99.439,1.1467,6658.71,80.03,602.56,4.965,68.43,21.552,25.769,1.666,24.6,18.27,6655.65,80.15,604.33,4.957,68.16,21.527,25.77,1.65,24.606,18.336,LUBRICATION_DEGRADATION,0.427,1.0,1.0,0.701,1.0,0.0,0.0,0.0,0.0
20.9,TAKEOFF,88.48,62.51,522.5,28.95,99.43,1.1466,6659.44,80.03,602.78,4.962,68.43,21.556,25.77,1.666,24.6,18.273,6655.58,79.86,603.61,4.956,68.4,21.634,25.811,1.572,24.65,18.337,LUBRICATION_DEGRADATION,0.43,1.0,1.0,0.699,1.0,0.0,0.0,0.0,0.0
21.0,TAKEOFF,88.5,62.52,525.0,28.95,99.421,1.1465,6660.18,80.03,603.01,4.959,68.42,21.559,25.77,1.666,24.6,18.275,6666.33,80.85,602.87,4.971,68.83,21.323,25.721,1.674,24.629,18.216,LUBRICATION_DEGRADATION,0.433,1.0,1.0,0.697,1.0,0.0,0.0,0.0,0.0
21.1,TAKEOFF,88.52,62.54,527.5,28.95,99.412,1.1464,6660.91,80.03,603.24,4.956,68.42,21.563,25.77,1.666,24.6,18.277,6662.37,79.04,604.5,4.95,68.02,21.674,25.747,1.622,24.609,18.305,LUBRICATION_DEGRADATION,0.437,1.0,1.0,0.694,1.0,0.0,0.0,0.0,0.0
21.2,TAKEOFF,88.53,62.55,530.0,28.94,99.403,1.1463,6661.64,80.03,603.46,4.952,68.41,21.566,25.771,1.667,24.6,18.28,6668.06,79.86,601.59,5.019,68.47,21.69,25.689,1.548,24.521,18.447,LUBRICATION_DEGRADATION,0.44,1.0,1.0,0.692,1.0,0.0,0.0,0.0,0.0
21.3,TAKEOFF,88.55,62.56,532.5,28.93,99.394,1.1462,6662.38,80.03,603.68,4.949,68.41,21.57,25.771,1.667,24.6,18.282,6661.25,80.44,603.98,4.913,68.22,21.618,25.657,1.684,24.576,18.269,LUBRICATION_DEGRADATION,0.443,1.0,1.0,0.69,1.0,0.0,0.0,0.0,0.0
21.4,TAKEOFF,88.57,62.57,535.0,28.93,99.385,1.1461,6663.11,80.03,603.89,4.946,68.41,21.573,25.771,1.667,24.6,18.285,6660.82,80.92,601.3,4.916,68.63,21.366,25.802,1.664,24.562,18.274,LUBRICATION_DEGRADATION,0.447,1.0,1.0,0.687,1.0,0.0,0.0,0.0,0.0
21.5,TAKEOFF,88.58,62.58,537.5,28.92,99.376,1.1461,6663.84,80.03,604.11,4.943,68.4,21.577,25.772,1.667,24.6,18.288,6669.77,80.48,602.56,4.969,68.2,21.553,25.892,1.733,24.531,18.298,LUBRICATION_DEGRADATION,0.45,1.0,1.0,0.685,1.0,0.0,0.0,0.0,0.0
21.6,TAKEOFF,88.6,62.59,540.0,28.92,99.367,1.146,6664.57,80.03,604.32,4.939,68.4,21.581,25.772,1.667,24.6,18.29,6673.09,79.33,604.64,4.94,68.48,21.676,25.758,1.626,24.678,18.363,LUBRICATION_DEGRADATION,0.453,1.0,1.0,0.683,1.0,0.0,0.0,0.0,0.0
21.7,TAKEOFF,88.62,62.6,542.5,28.91,99.358,1.1459,6665.31,80.03,604.53,4.936,68.39,21.584,25.772,1.667,24.6,18.293,6655.07,80.41,605.69,4.985,68.65,21.652,25.742,1.633,24.613,18.244,LUBRICATION_DEGRADATION,0.457,1.0,1.0,0.68,1.0,0.0,0.0,0.0,0.0
21.8,TAKEOFF,88.63,62.61,545.0,28.91,99.349,1.1458,6666.04,80.03,604.74,4.933,68.39,21.588,25.773,1.667,24.6,18.295,6669.87,79.53,605.51,4.945,68.82,21.668,25.811,1.668,24.682,18.258,LUBRICATION_DEGRADATION,0.46,1.0,1.0,0.678,1.0,0.0,0.0,0.0,0.0
21.9,TAKEOFF,88.65,62.62,547.5,28.9,99.34,1.1457,6666.77,80.03,604.95,4.93,68.38,21.591,25.773,1.668,24.6,18.297,6668.24,80.1,606.24,4.936,68.93,21.648,25.797,1.757,24.536,18.324,LUBRICATION_DEGRADATION,0.463,1.0,1.0,0.676,1.0,0.0,0.0,0.0,0.0
22.0,TAKEOFF,88.67,62.63,550.0,28.9,99.331,1.1456,6667.5,80.03,605.15,4.926,68.38,21.595,25.773,1.668,24.6,18.3,6675.11,80.07,605.34,4.936,68.32,21.55,25.733,1.718,24.629,18.294,LUBRICATION_DEGRADATION,0.467,1.0,1.0,0.673,1.0,0.0,0.0,0.0,0.0
22.1,TAKEOFF,88.68,62.64,552.5,28.89,99.322,1.1456,6668.23,80.03,605.36,4.923,68.38,21.598,25.774,1.668,24.6,18.303,6664.07,80.3,605.26,4.903,68.71,21.542,25.774,1.722,24.674,18.305,LUBRICATION_DEGRADATION,0.47,1.0,1.0,0.671,1.0,0.0,0.0,0.0,0.0
22.2,TAKEOFF,88.7,62.66,555.0,28.89,99.313,1.1455,6668.96,80.03,605.56,4.92,68.37,21.602,25.774,1.668,24.6,18.305,6665.75,79.24,602.53,5.003,67.93,21.546,25.8,1.701,24.633,18.307,LUBRICATION_DEGRADATION,0.473,1.0,1.0,0.669,1.0,0.0,0.0,0.0,0.0
22.3,TAKEOFF,88.72,62.67,557.5,28.88,99.304,1.1454,6669.69,80.03,605.76,4.917,68.37,21.606,25.774,1.668,24.6,18.307,6676.82,80.47,603.71,4.913,68.46,21.588,25.852,1.62,24.567,18.222,LUBRICATION_DEGRADATION,0.477,1.0,1.0,0.666,1.0,0.0,0.0,0.0,0.0
22.4,TAKEOFF,88.73,62.68,560.0,28.88,99.295,1.1453,6670.42,80.03,605.95,4.913,68.36,21.609,25.775,1.668,24.6,18.31,6670.19,79.45,608.4,4.932,67.85,21.663,25.732,1.642,24.59,18.211,LUBRICATION_DEGRADATION,0.48,1.0,1.0,0.664,1.0,0.0,0.0,0.0,0.0
22.5,TAKEOFF,88.75,62.69,562.5,28.87,99.286,1.1452,6671.15,80.03,606.15,4.91,68.36,21.613,25.775,1.669,24.6,18.313,6664.58,80.35,605.21,4.913,68.73,21.76,25.753,1.734,24.624,18.336,LUBRICATION_DEGRADATION,0.483,1.0,1.0,0.662,1.0,0.0,0.0,0.0,0.0
22.6,TAKEOFF,88.77,62.7,565.0,28.87,99.277,1.1451,6671.89,80.03,606.34,4.907,68.36,21.616,25.775,1.669,24.6,18.315,6670.91,79.46,607.91,4.933,67.8,21.607,25.845,1.626,24.524,18.264,LUBRICATION_DEGRADATION,0.487,1.0,1.0,0.659,1.0,0.0,0.0,0.0,0.0
22.7,TAKEOFF,88.78,62.71,567.5,28.86,99.268,1.145,6672.62,80.03,606.53,4.903,68.35,21.62,25.776,1.669,24.6,18.318,6669.92,79.9,607.67,4.869,69.05,21.723,25.76,1.702,24.564,18.253,LUBRICATION_DEGRADATION,0.49,1.0,1.0,0.657,1.0,0.0,0.0,0.0,0.0
22.8,TAKEOFF,88.8,62.72,570.0,28.86,99.259,1.145,6673.35,80.03,606.72,4.9,68.35,21.623,25.776,1.669,24.6,18.32,6676.35,80.23,605.57,4.917,68.45,21.705,25.758,1.796,24.651,18.251,LUBRICATION_DEGRADATION,0.493,1.0,1.0,0.655,1.0,0.0,0.0,0.0,0.0
22.9,TAKEOFF,88.82,62.73,572.5,28.85,99.25,1.1449,6674.08,80.03,606.91,4.897,68.35,21.627,25.776,1.669,24.6,18.323,6671.43,80.32,606.3,4.896,68.56,21.713,25.831,1.629,24.67,18.224,LUBRICATION_DEGRADATION,0.497,1.0,1.0,0.652,1.0,0.0,0.0,0.0,0.0
23.0,TAKEOFF,88.83,62.74,575.0,28.85,99.241,1.1448,6674.81,80.03,607.09,4.894,68.34,21.631,25.777,1.669,24.6,18.325,6673.96,80.36,603.59,4.884,68.64,21.521,25.772,1.568,24.543,18.389,LUBRICATION_DEGRADATION,0.5,1.0,1.0,0.65,1.0,0.0,0.0,0.0,0.0
23.1,TAKEOFF,88.85,62.75,577.5,28.84,99.232,1.1447,6675.54,80.03,607.28,4.89,68.34,21.634,25.777,1.67,24.6,18.328,6682.75,79.78,605.31,4.887,68.32,21.594,25.825,1.723,24.587,18.332,LUBRICATION_DEGRADATION,0.503,1.0,1.0,0.648,1.0,0.0,0.0,0.0,0.0
23.2,TAKEOFF,88.87,62.76,580.0,28.84,99.223,1.1446,6676.27,80.02,607.46,4.887,68.33,21.638,25.777,1.67,24.6,18.33,6666.27,79.06,608.49,4.897,68.07,21.938,25.707,1.704,24.669,18.241,LUBRICATION_DEGRADATION,0.507,1.0,1.0,0.645,1.0,0.0,0.0,0.0,0.0
23.3,TAKEOFF,88.88,62.77,582.5,28.83,99.214,1.1445,6677.0,80.02,607.64,4.884,68.33,21.641,25.778,1.67,24.6,18.332,6671.43,79.38,608.27,4.873,68.67,21.685,25.742,1.683,24.6,18.338,LUBRICATION_DEGRADATION,0.51,1.0,1.0,0.643,1.0,0.0,0.0,0.0,0.0
23.4,TAKEOFF,88.9,62.79,585.0,28.83,99.205,1.1445,6677.73,80.02,607.82,4.881,68.33,21.645,25.778,1.67,24.6,18.335,6673.52,79.94,609.28,4.834,67.73,21.631,25.744,1.667,24.605,18.417,LUBRICATION_DEGRADATION,0.513,1.0,1.0,0.641,1.0,0.0,0.0,0.0,0.0
23.5,TAKEOFF,88.92,62.8,587.5,28.82,99.196,1.1444,6678.46,80.02,607.99,4.877,68.32,21.648,25.778,1.67,24.6,18.337,6676.38,79.61,605.94,4.908,68.71,21.557,25.768,1.677,24.688,18.341,LUBRICATION_DEGRADATION,0.517,1.0,1.0,0.638,1.0,0.0,0.0,0.0,0.0
23.6,TAKEOFF,88.93,62.81,590.0,28.82,99.188,1.1443,6679.19,80.02,608.17,4.874,68.32,21.652,25.779,1.67,24.6,18.34,6682.71,80.12,610.09,4.894,68.8,21.739,25.761,1.745,24.563,18.209,LUBRICATION_DEGRADATION,0.52,1.0,1.0,0.636,1.0,0.0,0.0,0.0,0.0
23.7,TAKEOFF,88.95,62.82,592.5,28.81,99.179,1.1442,6679.92,80.02,608.34,4.871,68.32,21.656,25.779,1.671,24.6,18.343,6677.62,80.67,604.0,4.847,68.84,21.859,25.693,1.635,24.561,18.311,LUBRICATION_DEGRADATION,0.523,1.0,1.0,0.634,1.0,0.0,0.0,0.0,0.0
23.8,TAKEOFF,88.97,62.83,595.0,28.81,99.17,1.1441,6680.65,80.02,608.51,4.868,68.31,21.659,25.779,1.671,24.6,18.345,6678.57,79.87,607.25,4.858,68.53,21.526,25.796,1.775,24.498,18.342,LUBRICATION_DEGRADATION,0.527,1.0,1.0,0.631,1.0,0.0,0.0,0.0,0.0
23.9,TAKEOFF,88.98,62.84,597.5,28.8,99.161,1.144,6681.38,80.02,608.68,4.864,68.31,21.663,25.78,1.671,24.6,18.348,6681.47,79.41,609.8,4.863,68.23,21.564,25.784,1.621,24.579,18.335,LUBRICATION_DEGRADATION,0.53,1.0,1.0,0.629,1.0,0.0,0.0,0.0,0.0
24.0,TAKEOFF,89.0,62.85,600.0,28.8,99.152,1.144,6682.11,80.02,608.85,4.861,68.3,21.666,25.78,1.671,24.6,18.35,6683.37,79.42,610.13,4.92,67.71,21.675,25.857,1.668,24.653,18.333,LUBRICATION_DEGRADATION,0.533,1.0,1.0,0.627,1.0,0.0,0.0,0.0,0.0
24.1,TAKEOFF,89.02,62.86,602.5,28.79,99.143,1.1439,6682.83,80.02,609.02,4.858,68.3,21.67,25.78,1.671,24.6,18.352,6687.07,80.43,610.3,4.856,67.84,21.913,25.734,1.639,24.567,18.262,LUBRICATION_DEGRADATION,0.537,1.0,1.0,0.624,1.0,0.0,0.0,0.0,0.0
24.2,TAKEOFF,89.03,62.87,605.0,28.79,99.134,1.1438,6683.56,80.02,609.18,4.854,68.3,21.673,25.781,1.671,24.6,18.355,6689.51,80.81,607.43,4.842,68.67,21.71,25.776,1.686,24.666,18.388,LUBRICATION_DEGRADATION,0.54,1.0,1.0,0.622,1.0,0.0,0.0,0.0,0.0
24.3,TAKEOFF,89.05,62.88,607.5,28.78,99.125,1.1437,6684.29,80.02,609.34,4.851,68.29,21.677,25.781,1.671,24.6,18.358,6686.18,80.47,608.9,4.834,68.39,21.791,25.812,1.636,24.58,18.294,LUBRICATION_DEGRADATION,0.543,1.0,1.0,0.62,1.0,0.0,0.0,0.0,0.0
24.4,TAKEOFF,89.07,62.89,610.0,28.78,99.116,1.1436,6685.02,80.02,609.51,4.848,68.29,21.681,25.781,1.672,24.6,18.36,6694.71,79.6,611.17,4.805,68.16,21.612,25.77,1.642,24.543,18.312,LUBRICATION_DEGRADATION,0.547,1.0,1.0,0.617,1.0,0.0,0.0,0.0,0.0
24.5,TAKEOFF,89.08,62.9,612.5,28.77,99.107,1.1435,6685.75,80.02,609.67,4.845,68.29,21.684,25.782,1.672,24.6,18.363,6682.19,80.03,607.7,4.843,68.56,21.642,25.777,1.643,24.641,18.287,LUBRICATION_DEGRADATION,0.55,1.0,1.0,0.615,1.0,0.0,0.0,0.0,0.0
24.6,TAKEOFF,89.1,62.92,615.0,28.77,99.098,1.1434,6686.48,80.02,609.83,4.841,68.28,21.688,25.782,1.672,24.6,18.365,6689.11,80.01,609.11,4.87,68.15,21.684,25.746,1.697,24.532,18.214,LUBRICATION_DEGRADATION,0.553,1.0,1.0,0.613,1.0,0.0,0.0,0.0,0.0
24.7,TAKEOFF,89.12,62.93,617.5,28.76,99.089,1.1434,6687.21,80.02,609.98,4.838,68.28,21.691,25.782,1.672,24.6,18.367,6690.25,80.47,609.84,4.881,68.08,21.528,25.758,1.687,24.56,18.377,LUBRICATION_DEGRADATION,0.557,1.0,1.0,0.61,1.0,0.0,0.0,0.0,0.0
24.8,TAKEOFF,89.13,62.94,620.0,28.76,99.08,1.1433,6687.94,80.02,610.14,4.835,68.28,21.695,25.783,1.672,24.6,18.37,6693.4,80.18,607.3,4.878,68.64,21.593,25.749,1.723,24.574,18.3,LUBRICATION_DEGRADATION,0.56,1.0,1.0,0.608,1.0,0.0,0.0,0.0,0.0
24.9,TAKEOFF,89.15,62.95,622.5,28.75,99.071,1.1432,6688.67,80.02,610.29,4.832,68.27,21.698,25.783,1.672,24.6,18.373,6699.11,80.18,611.53,4.862,69.22,21.71,25.627,1.619,24.56,18.16,LUBRICATION_DEGRADATION,0.563,1.0,1.0,0.606,1.0,0.0,0.0,0.0,0.0
25.0,TAKEOFF,89.17,62.96,625.0,28.75,99.062,1.1431,6689.4,80.02,610.45,4.828,68.27,21.702,25.783,1.673,24.6,18.375,6686.68,80.84,609.66,4.865,68.4,21.641,25.848,1.663,24.539,18.291,LUBRICATION_DEGRADATION,0.567,1.0,1.0,0.603,1.0,0.0,0.0,0.0,0.0
25.1,TAKEOFF,89.18,62.97,627.5,28.74,99.053,1.143,6690.13,80.02,610.6,4.825,68.27,21.706,25.784,1.673,24.6,18.378,6684.99,79.84,609.13,4.842,68.28,21.692,25.829,1.652,24.636,18.492,LUBRICATION_DEGRADATION,0.57,1.0,1.0,0.601,1.0,0.0,0.0,0.0,0.0
25.2,TAKEOFF,89.2,62.98,630.0,28.74,99.044,1.1429,6690.86,80.02,610.75,4.822,68.26,21.709,25.784,1.673,24.6,18.38,6687.74,79.86,613.21,4.77,68.46,21.63,25.766,1.727,24.653,18.44,LUBRICATION_DEGRADATION,0.573,1.0,1.0,0.599,1.0,0.0,0.0,0.0,0.0
25.3,TAKEOFF,89.22,62.99,632.5,28.73,99.035,1.1429,6691.58,80.02,610.9,4.818,68.26,21.713,25.784,1.673,24.6,18.383,6687.18,79.38,612.21,4.835,67.78,21.704,25.704,1.679,24.593,18.366,LUBRICATION_DEGRADATION,0.577,1.0,1.0,0.596,1.0,0.0,0.0,0.0,0.0
25.4,TAKEOFF,89.23,63.0,635.0,28.73,99.026,1.1428,6692.31,80.02,611.04,4.815,68.26,21.716,25.785,1.673,24.6,18.385,6692.43,79.9,611.7,4.853,68.53,21.595,25.774,1.692,24.585,18.185,LUBRICATION_DEGRADATION,0.58,1.0,1.0,0.594,1.0,0.0,0.0,0.0,0.0
25.5,TAKEOFF,89.25,63.01,637.5,28.72,99.017,1.1427,6693.04,80.02,611.19,4.812,68.26,21.72,25.785,1.673,24.6,18.388,6687.62,80.44,612.68,4.8,68.13,21.678,25.725,1.635,24.541,18.318,LUBRICATION_DEGRADATION,0.583,1.0,1.0,0.592,1.0,0.0,0.0,0.0,0.0
25.6,TAKEOFF,89.27,63.02,640.0,28.72,99.008,1.1426,6693.77,80.02,611.34,4.809,68.25,21.723,25.785,1.674,24.6,18.39,6702.78,80.1,611.37,4.829,67.98,21.675,25.733,1.654,24.62,18.409,LUBRICATION_DEGRADATION,0.587,1.0,1.0,0.589,1.0,0.0,0.0,0.0,0.0
25.7,TAKEOFF,89.28,63.03,642.5,28.71,99.0,1.1425,6694.5,80.02,611.48,4.805,68.25,21.727,25.786,1.674,24.6,18.393,6697.76,80.4,611.53,4.811,68.27,21.727,25.705,1.682,24.565,18.321,LUBRICATION_DEGRADATION,0.59,1.0,1.0,0.587,1.0,0.0,0.0,0.0,0.0
25.8,TAKEOFF,89.3,63.05,645.0,28.71,98.991,1.1424,6695.23,80.02,611.62,4.802,68.25,21.731,25.786,1.674,24.6,18.395,6696.16,79.46,611.29,4.825,68.75,21.916,25.822,1.654,24.588,18.445,LUBRICATION_DEGRADATION,0.593,1.0,1.0,0.585,1.0,0.0,0.0,0.0,0.0
25.9,TAKEOFF,89.32,63.06,647.5,28.7,98.982,1.1423,6695.96,80.02,611.76,4.799,68.24,21.734,25.786,1.674,24.6,18.398,6702.78,79.93,610.87,4.841,68.56,21.68,25.815,1.758,24.522,18.589,LUBRICATION_DEGRADATION,0.597,1.0,1.0,0.582,1.0,0.0,0.0,0.0,0.0
26.0,TAKEOFF,89.33,63.07,650.0,28.7,98.973,1.1423,6696.69,80.02,611.9,4.795,68.24,21.738,25.787,1.674,24.6,18.4,6693.19,80.28,612.15,4.756,68.18,21.6,25.796,1.662,24.634,18.287,LUBRICATION_DEGRADATION,0.6,1.0,1.0,0.58,1.0,0.0,0.0,0.0,0.0
26.1,TAKEOFF,89.35,63.08,652.5,28.69,98.964,1.1422,6697.41,80.02,612.04,4.792,68.24,21.741,25.787,1.674,24.6,18.403,6706.35,81.0,611.42,4.777,68.24,21.69,25.798,1.746,24.576,18.285,LUBRICATION_DEGRADATION,0.603,1.0,1.0,0.578,1.0,0.0,0.0,0.0,0.0
26.2,TAKEOFF,89.37,63.09,655.0,28.69,98.955,1.1421,6698.14,80.02,612.18,4.789,68.23,21.745,25.787,1.675,24.6,18.405,6684.64,80.2,613.04,4.801,68.51,21.646,25.784,1.632,24.632,18.39,LUBRICATION_DEGRADATION,0.607,1.0,1.0,0.575,1.0,0.0,0.0,0.0,0.0
26.3,TAKEOFF,89.38,63.1,657.5,28.68,98.946,1.142,6698.87,80.02,612.31,4.785,68.23,21.748,25.788,1.675,24.6,18.408,6692.74,79.93,614.82,4.819,68.23,21.613,25.773,1.746,24.624,18.342,LUBRICATION_DEGRADATION,0.61,1.0,1.0,0.573,1.0,0.0,0.0,0.0,0.0
26.4,TAKEOFF,89.4,63.11,660.0,28.68,98.937,1.1419,6699.6,80.02,612.45,4.782,68.23,21.752,25.788,1.675,24.6,18.41,6701.49,79.8,610.18,4.813,68.27,21.894,25.854,1.762,24.704,18.437,LUBRICATION_DEGRADATION,0.613,1.0,1.0,0.571,1.0,0.0,0.0,0.0,0.0
26.5,TAKEOFF,89.42,63.12,662.5,28.67,98.928,1.1418,6700.33,80.02,612.58,4.779,68.23,21.756,25.788,1.675,24.6,18.413,6692.74,80.28,612.46,4.782,67.98,21.719,25.724,1.708,24.56,18.233,LUBRICATION_DEGRADATION,0.617,1.0,1.0,0.568,1.0,0.0,0.0,0.0,0.0
26.6,TAKEOFF,89.43,63.13,665.0,28.67,98.919,1.1418,6701.06,80.02,612.72,4.776,68.22,21.759,25.789,1.675,24.6,18.415,6693.61,79.48,611.27,4.78,67.63,21.783,25.816,1.628,24.609,18.482,LUBRICATION_DEGRADATION,0.62,1.0,1.0,0.566,1.0,0.0,0.0,0.0,0.0
26.7,TAKEOFF,89.45,63.14,667.5,28.66,98.91,1.1417,6701.79,80.02,612.85,4.772,68.22,21.763,25.789,1.675,24.6,18.418,6694.53,80.26,610.65,4.759,68.2,21.742,25.755,1.719,24.606,18.472,LUBRICATION_DEGRADATION,0.623,1.0,1.0,0.564,1.0,0.0,0.0,0.0,0.0
26.8,TAKEOFF,89.47,63.15,670.0,28.66,98.901,1.1416,6702.51,80.02,612.98,4.769,68.22,21.766,25.789,1.675,24.6,18.42,6708.2,80.69,612.19,4.85,68.7,21.724,25.793,1.594,24.633,18.57,LUBRICATION_DEGRADATION,0.627,1.0,1.0,0.561,1.0,0.0,0.0,0.0,0.0
26.9,TAKEOFF,89.48,63.16,672.5,28.65,98.892,1.1415,6703.24,80.02,613.11,4.766,68.21,21.77,25.79,1.676,24.6,18.423,6701.04,80.06,612.94,4.758,68.06,21.863,25.765,1.617,24.548,18.329,LUBRICATION_DEGRADATION,0.63,1.0,1.0,0.559,1.0,0.0,0.0,0.0,0.0
27.0,TAKEOFF,89.5,63.18,675.0,28.65,98.883,1.1414,6703.97,80.02,613.23,4.762,68.21,21.773,25.79,1.676,24.6,18.425,6699.42,79.79,611.06,4.791,68.31,21.565,25.794,1.666,24.612,18.541,LUBRICATION_DEGRADATION,0.633,1.0,1.0,0.557,1.0,0.0,0.0,0.0,0.0
27.1,TAKEOFF,89.52,63.19,677.5,28.64,98.874,1.1413,6704.7,80.02,613.36,4.759,68.21,21.777,25.79,1.676,24.6,18.428,6713.21,80.02,614.94,4.804,68.3,21.865,25.806,1.689,24.624,18.532,LUBRICATION_DEGRADATION,0.637,1.0,1.0,0.554,1.0,0.0,0.0,0.0,0.0
27.2,TAKEOFF,89.53,63.2,680.0,28.64,98.865,1.1413,6705.43,80.02,613.49,4.756,68.21,21.781,25.791,1.676,24.6,18.43,6706.69,80.08,612.96,4.717,68.12,21.837,25.795,1.775,24.522,18.505,LUBRICATION_DEGRADATION,0.64,1.0,1.0,0.552,1.0,0.0,0.0,0.0,0.0
27.3,TAKEOFF,89.55,63.21,682.5,28.63,98.857,1.1412,6706.16,80.02,613.61,4.752,68.2,21.784,25.791,1.676,24.6,18.433,6692.43,79.74,612.09,4.775,68.38,21.684,25.838,1.706,24.566,18.2,LUBRICATION_DEGRADATION,0.643,1.0,1.0,0.55,1.0,0.0,0.0,0.0,0.0
27.4,TAKEOFF,89.57,63.22,685.0,28.63,98.848,1.1411,6706.88,80.02,613.74,4.749,68.2,21.788,25.791,1.676,24.6,18.435,6708.03,80.05,612.68,4.763,67.97,21.871,25.763,1.723,24.614,18.553,LUBRICATION_DEGRADATION,0.647,1.0,1.0,0.547,1.0,0.0,0.0,0.0,0.0
27.5,TAKEOFF,89.58,63.23,687.5,28.62,98.839,1.141,6707.61,80.02,613.86,4.746,68.2,21.791,25.792,1.677,24.6,18.438,6702.91,79.63,614.85,4.723,67.93,21.656,25.802,1.643,24.541,18.438,LUBRICATION_DEGRADATION,0.65,1.0,1.0,0.545,1.0,0.0,0.0,0.0,0.0
27.6,TAKEOFF,89.6,63.24,690.0,28.62,98.83,1.1409,6708.34,80.02,613.98,4.742,68.2,21.795,25.792,1.677,24.6,18.44,6709.66,80.26,615.2,4.703,68.28,21.928,25.776,1.693,24.73,18.445,LUBRICATION_DEGRADATION,0.653,1.0,1.0,0.543,1.0,0.0,0.0,0.0,0.0
27.7,TAKEOFF,89.62,63.25,692.5,28.61,98.821,1.1408,6709.07,80.02,614.1,4.739,68.19,21.798,25.792,1.677,24.6,18.443,6705.36,80.26,612.01,4.792,67.85,21.665,25.862,1.671,24.577,18.562,LUBRICATION_DEGRADATION,0.657,1.0,1.0,0.54,1.0,0.0,0.0,0.0,0.0
27.8,TAKEOFF,89.63,63.26,695.0,28.61,98.812,1.1407,6709.8,80.02,614.22,4.736,68.19,21.802,25.793,1.677,24.6,18.445,6707.33,79.6,617.52,4.716,68.25,21.884,25.743,1.628,24.546,18.493,LUBRICATION_DEGRADATION,0.66,1.0,1.0,0.538,1.0,0.0,0.0,0.0,0.0
27.9,TAKEOFF,89.65,63.27,697.5,28.6,98.803,1.1407,6710.52,80.02,614.34,4.733,68.19,21.806,25.793,1.677,24.6,18.448,6710.26,80.59,613.05,4.735,68.23,21.726,25.856,1.609,24.637,18.424,LUBRICATION_DEGRADATION,0.663,1.0,1.0,0.536,1.0,0.0,0.0,0.0,0.0
28.0,TAKEOFF,89.67,63.28,700.0,28.6,98.794,1.1406,6711.25,80.02,614.46,4.729,68.19,21.809,25.793,1.677,24.6,18.45,6716.1,80.98,614.47,4.692,68.13,21.894,25.775,1.636,24.581,18.509,LUBRICATION_DEGRADATION,0.667,1.0,1.0,0.533,1.0,0.0,0.0,0.0,0.0
28.1,TAKEOFF,89.68,63.29,702.5,28.59,98.785,1.1405,6711.98,80.02,614.57,4.726,68.18,21.813,25.794,1.678,24.6,18.453,6710.32,79.43,615.5,4.748,68.04,21.722,25.779,1.609,24.605,18.282,LUBRICATION_DEGRADATION,0.67,1.0,1.0,0.531,1.0,0.0,0.0,0.0,0.0
28.2,TAKEOFF,89.7,63.31,705.0,28.59,98.776,1.1404,6712.71,80.02,614.69,4.723,68.18,21.816,25.794,1.678,24.6,18.455,6707.35,80.22,615.07,4.728,68.33,21.73,25.815,1.678,24.641,18.525,LUBRICATION_DEGRADATION,0.673,1.0,1.0,0.529,1.0,0.0,0.0,0.0,0.0
28.3,TAKEOFF,89.72,63.32,707.5,28.58,98.767,1.1403,6713.44,80.02,614.8,4.719,68.18,21.82,25.794,1.678,24.6,18.458,6705.92,79.41,614.15,4.694,68.51,21.784,25.813,1.702,24.546,18.302,LUBRICATION_DEGRADATION,0.677,1.0,1.0,0.526,1.0,0.0,0.0,0.0,0.0
28.4,TAKEOFF,89.73,63.33,710.0,28.58,98.758,1.1402,6714.16,80.02,614.92,4.716,68.18,21.823,25.795,1.678,24.6,18.46,6718.73,79.82,615.02,4.704,67.69,22.035,25.859,1.651,24.555,18.535,LUBRICATION_DEGRADATION,0.68,1.0,1.0,0.524,1.0,0.0,0.0,0.0,0.0
28.5,TAKEOFF,89.75,63.34,712.5,28.57,98.749,1.1402,6714.89,80.02,615.03,4.713,68.18,21.827,25.795,1.678,24.6,18.463,6717.31,80.01,615.16,4.751,67.89,22.001,25.87,1.733,24.668,18.324,LUBRICATION_DEGRADATION,0.683,1.0,1.0,0.522,1.0,0.0,0.0,0.0,0.0
28.6,TAKEOFF,89.77,63.35,715.0,28.57,98.74,1.1401,6715.62,80.02,615.14,4.709,68.17,21.831,25.795,1.678,24.6,18.465,6710.68,80.27,614.58,4.724,68.08,21.972,25.79,1.784,24.621,18.234,LUBRICATION_DEGRADATION,0.687,1.0,1.0,0.519,1.0,0.0,0.0,0.0,0.0
28.7,TAKEOFF,89.78,63.36,717.5,28.56,98.732,1.14,6716.35,80.02,615.25,4.706,68.17,21.834,25.796,1.679,24.6,18.468,6712.82,79.95,615.71,4.628,68.38,21.844,25.798,1.651,24.567,18.691,LUBRICATION_DEGRADATION,0.69,1.0,1.0,0.517,1.0,0.0,0.0,0.0,0.0
28.8,TAKEOFF,89.8,63.37,720.0,28.56,98.723,1.1399,6717.08,80.02,615.36,4.703,68.17,21.838,25.796,1.679,24.6,18.47,6718.82,80.71,614.44,4.688,67.79,21.838,25.768,1.599,24.682,18.41,LUBRICATION_DEGRADATION,0.693,1.0,1.0,0.515,1.0,0.0,0.0,0.0,0.0
28.9,TAKEOFF,89.82,63.38,722.5,28.55,98.714,1.1398,6717.8,80.02,615.47,4.699,68.17,21.841,25.796,1.679,24.6,18.473,6712.89,79.56,616.09,4.703,67.53,21.81,25.868,1.694,24.631,18.477,LUBRICATION_DEGRADATION,0.697,1.0,1.0,0.512,1.0,0.0,0.0,0.0,0.0
29.0,TAKEOFF,89.83,63.39,725.0,28.55,98.705,1.1397,6718.53,80.02,615.58,4.696,68.16,21.845,25.797,1.679,24.6,18.475,6710.62,80.24,617.07,4.698,67.93,21.874,25.67,1.674,24.531,18.531,LUBRICATION_DEGRADATION,0.7,1.0,1.0,0.51,1.0,0.0,0.0,0.0,0.0
29.1,TAKEOFF,89.85,63.4,727.5,28.54,98.696,1.1397,6719.26,80.02,615.69,4.693,68.16,21.848,25.797,1.679,24.6,18.478,6717.96,79.75,616.27,4.672,68.15,21.622,25.806,1.653,24.612,18.668,LUBRICATION_DEGRADATION,0.703,1.0,1.0,0.508,1.0,0.0,0.0,0.0,0.0
29.2,TAKEOFF,89.87,63.41,730.0,28.54,98.687,1.1396,6719.99,80.02,615.8,4.689,68.16,21.852,25.797,1.679,24.6,18.48,6714.88,80.64,613.18,4.692,67.82,21.817,25.829,1.715,24.613,18.331,LUBRICATION_DEGRADATION,0.707,1.0,1.0,0.505,1.0,0.0,0.0,0.0,0.0
29.3,TAKEOFF,89.88,63.42,732.5,28.53,98.678,1.1395,6720.72,80.02,615.9,4.686,68.16,21.856,25.798,1.679,24.6,18.483,6729.46,79.93,616.45,4.663,67.75,21.996,25.777,1.72,24.717,18.305,LUBRICATION_DEGRADATION,0.71,1.0,1.0,0.503,1.0,0.0,0.0,0.0,0.0
29.4,TAKEOFF,89.9,63.44,735.0,28.53,98.669,1.1394,6721.44,80.02,616.01,4.683,68.16,21.859,25.798,1.68,24.6,18.485,6727.18,80.73,615.22,4.733,68.76,21.832,25.82,1.636,24.556,18.494,LUBRICATION_DEGRADATION,0.713,1.0,1.0,0.501,1.0,0.0,0.0,0.0,0.0
29.5,TAKEOFF,89.92,63.45,737.5,28.52,98.66,1.1393,6722.17,80.02,616.11,4.679,68.15,21.863,25.798,1.68,24.6,18.488,6714.74,79.54,618.19,4.638,68.46,21.831,25.802,1.741,24.589,18.504,LUBRICATION_DEGRADATION,0.717,1.0,1.0,0.498,1.0,0.0,0.0,0.0,0.0
29.6,TAKEOFF,89.93,63.46,740.0,28.52,98.651,1.1392,6722.9,80.02,616.21,4.676,68.15,21.866,25.799,1.68,24.6,18.49,6717.21,80.43,618.34,4.704,68.11,21.886,25.785,1.608,24.571,18.61,LUBRICATION_DEGRADATION,0.72,1.0,1.0,0.496,1.0,0.0,0.0,0.0,0.0
29.7,TAKEOFF,89.95,63.47,742.5,28.51,98.642,1.1392,6723.63,80.02,616.32,4.673,68.15,21.87,25.799,1.68,24.6,18.493,6719.52,79.91,616.15,4.633,68.53,21.842,25.781,1.652,24.602,18.459,LUBRICATION_DEGRADATION,0.723,1.0,1.0,0.494,1.0,0.0,0.0,0.0,0.0
29.8,TAKEOFF,89.97,63.48,745.0,28.51,98.633,1.1391,6724.36,80.02,616.42,4.669,68.15,21.873,25.799,1.68,24.6,18.495,6720.76,79.67,615.22,4.668,67.98,21.898,25.823,1.637,24.614,18.321,LUBRICATION_DEGRADATION,0.727,1.0,1.0,0.491,1.0,0.0,0.0,0.0,0.0
29.9,TAKEOFF,89.98,63.49,747.5,28.5,98.625,1.139,6725.08,80.02,616.52,4.666,68.15,21.877,25.8,1.68,24.6,18.498,6732.07,80.46,615.56,4.706,67.85,21.907,25.923,1.75,24.592,18.462,LUBRICATION_DEGRADATION,0.73,1.0,1.0,0.489,1.0,0.0,0.0,0.0,0.0
30.0,TAKEOFF,90.0,63.5,750.0,28.5,98.616,1.1389,6725.81,80.02,616.62,4.663,68.14,21.881,25.8,1.681,24.6,18.5,6728.1,79.23,618.11,4.667,67.76,21.895,25.8,1.726,24.584,18.653,LUBRICATION_DEGRADATION,0.733,1.0,1.0,0.487,1.0,0.0,0.0,0.0,0.0
30.1,TAKEOFF,90.02,63.51,752.5,28.49,98.607,1.1388,6726.54,80.02,616.72,4.659,68.14,21.884,25.8,1.681,24.6,18.503,6736.3,80.32,619.98,4.632,68.03,21.879,25.784,1.67,24.629,18.471,LUBRICATION_DEGRADATION,0.737,1.0,1.0,0.484,1.0,0.0,0.0,0.0,0.0
30.2,TAKEOFF,90.03,63.52,755.0,28.49,98.598,1.1387,6727.27,80.02,616.82,4.656,68.14,21.888,25.801,1.681,24.6,18.505,6732.52,80.47,617.68,4.685,68.33,21.897,25.83,1.757,24.674,18.5,LUBRICATION_DEGRADATION,0.74,1.0,1.0,0.482,1.0,0.0,0.0,0.0,0.0
30.3,TAKEOFF,90.05,63.53,757.5,28.48,98.589,1.1386,6727.99,80.02,616.92,4.653,68.14,21.891,25.801,1.681,24.6,18.508,6723.03,79.71,618.06,4.623,68.01,21.727,25.849,1.624,24.581,18.603,LUBRICATION_DEGRADATION,0.743,1.0,1.0,0.48,1.0,0.0,0.0,0.0,0.0
30.4,TAKEOFF,90.07,63.54,760.0,28.48,98.58,1.1386,6728.72,80.02,617.02,4.649,68.14,21.895,25.801,1.681,24.6,18.51,6733.9,79.42,616.76,4.635,68.48,21.794,25.828,1.739,24.572,18.566,LUBRICATION_DEGRADATION,0.747,1.0,1.0,0.477,1.0,0.0,0.0,0.0,0.0
30.5,TAKEOFF,90.08,63.55,762.5,28.47,98.571,1.1385,6729.45,80.02,617.11,4.646,68.14,21.898,25.802,1.681,24.6,18.513,6726.17,79.6,616.7,4.634,68.58,21.948,25.773,1.743,24.538,18.389,LUBRICATION_DEGRADATION,0.75,1.0,1.0,0.475,1.0,0.0,0.0,0.0,0.0
30.6,TAKEOFF,90.1,63.57,765.0,28.47,98.562,1.1384,6730.18,80.02,617.21,4.643,68.13,21.902,25.802,1.682,24.6,18.515,6731.42,80.18,616.86,4.682,68.22,21.922,25.86,1.741,24.544,18.625,LUBRICATION_DEGRADATION,0.753,1.0,1.0,0.473,1.0,0.0,0.0,0.0,0.0
30.7,TAKEOFF,90.12,63.58,767.5,28.46,98.553,1.1383,6730.91,80.02,617.3,4.639,68.13,21.906,25.802,1.682,24.6,18.518,6735.09,80.22,615.1,4.602,67.59,21.896,25.863,1.719,24.6,18.574,LUBRICATION_DEGRADATION,0.757,1.0,1.0,0.47,1.0,0.0,0.0,0.0,0.0
30.8,TAKEOFF,90.13,63.59,770.0,28.46,98.544,1.1382,6731.63,80.02,617.4,4.636,68.13,21.909,25.803,1.682,24.6,18.52,6726.71,80.08,619.83,4.641,67.69,21.803,25.859,1.628,24.622,18.729,LUBRICATION_DEGRADATION,0.76,1.0,1.0,0.468,1.0,0.0,0.0,0.0,0.0
30.9,TAKEOFF,90.15,63.6,772.5,28.45,98.536,1.1381,6732.36,80.02,617.49,4.633,68.13,21.913,25.803,1.682,24.6,18.523,6738.19,79.67,615.4,4.618,68.05,21.914,25.778,1.711,24.528,18.669,LUBRICATION_DEGRADATION,0.763,1.0,1.0,0.466,1.0,0.0,0.0,0.0,0.0
31.0,TAKEOFF,90.17,63.61,775.0,28.45,98.527,1.1381,6733.09,80.02,617.59,4.629,68.13,21.916,25.803,1.682,24.6,18.525,6726.21,79.89,617.99,4.585,68.17,21.969,25.889,1.723,24.565,18.572,LUBRICATION_DEGRADATION,0.767,1.0,1.0,0.463,1.0,0.0,0.0,0.0,0.0
31.1,TAKEOFF,90.18,63.62,777.5,28.44,98.518,1.138,6733.82,80.02,617.68,4.626,68.13,21.92,25.804,1.682,24.6,18.528,6734.1,80.38,617.47,4.666,67.79,21.849,25.791,1.671,24.607,18.579,LUBRICATION_DEGRADATION,0.77,1.0,1.0,0.461,1.0,0.0,0.0,0.0,0.0
31.2,TAKEOFF,90.2,63.63,780.0,28.44,98.509,1.1379,6734.54,80.02,617.77,4.623,68.12,21.923,25.804,1.682,24.6,18.53,6729.94,79.22,620.01,4.6,67.59,21.989,25.727,1.668,24.578,18.519,LUBRICATION_DEGRADATION,0.773,1.0,1.0,0.459,1.0,0.0,0.0,0.0,0.0
31.3,TAKEOFF,90.22,63.64,782.5,28.43,98.5,1.1378,6735.27,80.02,617.86,4.619,68.12,21.927,25.804,1.683,24.6,18.533,6736.88,80.11,619.45,4.617,68.74,21.705,25.826,1.667,24.712,18.677,LUBRICATION_DEGRADATION,0.777,1.0,1.0,0.456,1.0,0.0,0.0,0.0,0.0
31.4,TAKEOFF,90.23,63.65,785.0,28.43,98.491,1.1377,6736.0,80.02,617.95,4.616,68.12,21.931,25.805,1.683,24.6,18.535,6739.41,80.02,617.54,4.603,67.67,21.904,25.807,1.602,24.585,18.638,LUBRICATION_DEGRADATION,0.78,1.0,1.0,0.454,1.0,0.0,0.0,0.0,0.0
31.5,TAKEOFF,90.25,63.66,787.5,28.42,98.482,1.1376,6736.73,80.02,618.04,4.613,68.12,21.934,25.805,1.683,24.6,18.538,6731.44,79.88,617.63,4.575,68.51,22.026,25.861,1.69,24.508,18.371,LUBRICATION_DEGRADATION,0.783,1.0,1.0,0.452,1.0,0.0,0.0,0.0,0.0
31.6,TAKEOFF,90.27,63.67,790.0,28.42,98.473,1.1376,6737.45,80.02,618.13,4.609,68.12,21.938,25.805,1.683,24.6,18.54,6738.51,80.14,615.09,4.555,68.04,21.839,25.831,1.633,24.637,18.505,LUBRICATION_DEGRADATION,0.787,1.0,1.0,0.449,1.0,0.0,0.0,0.0,0.0
31.7,TAKEOFF,90.28,63.68,792.5,28.41,98.464,1.1375,6738.18,80.02,618.22,4.606,68.12,21.941,25.806,1.683,24.6,18.543,6735.07,79.77,616.94,4.633,67.99,21.803,25.79,1.731,24.587,18.488,LUBRICATION_DEGRADATION,0.79,1.0,1.0,0.447,1.0,0.0,0.0,0.0,0.0
31.8,TAKEOFF,90.3,63.7,795.0,28.41,98.455,1.1374,6738.91,80.02,618.31,4.603,68.11,21.945,25.806,1.683,24.6,18.545,6740.35,80.15,618.21,4.612,68.29,21.903,25.816,1.634,24.594,18.718,LUBRICATION_DEGRADATION,0.793,1.0,1.0,0.445,1.0,0.0,0.0,0.0,0.0
31.9,TAKEOFF,90.32,63.71,797.5,28.4,98.447,1.1373,6739.64,80.02,618.4,4.599,68.11,21.948,25.806,1.684,24.6,18.548,6737.29,80.43,618.69,4.607,68.33,21.881,25.796,1.704,24.646,18.531,LUBRICATION_DEGRADATION,0.797,1.0,1.0,0.442,1.0,0.0,0.0,0.0,0.0
32.0,TAKEOFF,90.33,63.72,800.0,28.4,98.438,1.1372,6740.36,80.02,618.48,4.596,68.11,21.952,25.807,1.684,24.6,18.55,6740.61,79.6,618.21,4.648,68.27,21.916,25.749,1.697,24.593,18.362,LUBRICATION_DEGRADATION,0.8,1.0,1.0,0.44,1.0,0.0,0.0,0.0,0.0
32.1,TAKEOFF,90.35,63.73,802.5,28.39,98.429,1.1371,6741.09,80.02,618.57,4.592,68.11,21.956,25.807,1.684,24.6,18.553,6737.48,79.36,620.73,4.569,67.81,22.1,25.739,1.676,24.57,18.494,LUBRICATION_DEGRADATION,0.803,1.0,1.0,0.438,1.0,0.0,0.0,0.0,0.0
32.2,TAKEOFF,90.37,63.74,805.0,28.39,98.42,1.1371,6741.82,80.02,618.66,4.589,68.11,21.959,25.807,1.684,24.6,18.555,6738.16,80.48,619.62,4.618,67.99,21.989,25.813,1.604,24.683,18.712,LUBRICATION_DEGRADATION,0.807,1.0,1.0,0.435,1.0,0.0,0.0,0.0,0.0
32.3,TAKEOFF,90.38,63.75,807.5,28.38,98.411,1.137,6742.55,80.02,618.74,4.586,68.11,21.963,25.808,1.684,24.6,18.558,6750.81,79.51,617.66,4.653,68.01,22.002,25.77,1.61,24.608,18.545,LUBRICATION_DEGRADATION,0.81,1.0,1.0,0.433,1.0,0.0,0.0,0.0,0.0
32.4,TAKEOFF,90.4,63.76,810.0,28.38,98.402,1.1369,6743.27,80.02,618.83,4.582,68.11,21.966,25.808,1.684,24.6,18.56,6741.39,80.0,618.68,4.564,68.07,21.837,25.798,1.712,24.611,18.577,LUBRICATION_DEGRADATION,0.813,1.0,1.0,0.431,1.0,0.0,0.0,0.0,0.0
32.5,TAKEOFF,90.42,63.77,812.5,28.37,98.393,1.1368,6744.0,80.02,618.91,4.579,68.11,21.97,25.808,1.685,24.6,18.563,6743.96,80.02,618.48,4.592,68.62,22.093,25.843,1.724,24.574,18.611,LUBRICATION_DEGRADATION,0.817,1.0,1.0,0.428,1.0,0.0,0.0,0.0,0.0
32.6,TAKEOFF,90.43,63.78,815.0,28.37,98.384,1.1367,6744.73,80.02,618.99,4.576,68.1,21.973,25.809,1.685,24.6,18.565,6743.43,80.27,619.18,4.618,67.85,21.967,25.86,1.671,24.586,18.68,LUBRICATION_DEGRADATION,0.82,1.0,1.0,0.426,1.0,0.0,0.0,0.0,0.0
32.7,TAKEOFF,90.45,63.79,817.5,28.36,98.375,1.1366,6745.46,80.02,619.08,4.572,68.1,21.977,25.809,1.685,24.6,18.568,6743.95,80.24,617.52,4.582,68.12,21.998,25.907,1.656,24.599,18.53,LUBRICATION_DEGRADATION,0.823,1.0,1.0,0.424,1.0,0.0,0.0,0.0,0.0
32.8,TAKEOFF,90.47,63.8,820.0,28.36,98.367,1.1365,6746.18,80.02,619.16,4.569,68.1,21.981,25.809,1.685,24.6,18.57,6757.2,80.19,620.58,4.587,68.12,21.908,25.864,1.708,24.6,18.525,LUBRICATION_DEGRADATION,0.827,1.0,1.0,0.421,1.0,0.0,0.0,0.0,0.0
32.9,TAKEOFF,90.48,63.81,822.5,28.35,98.358,1.1365,6746.91,80.02,619.24,4.566,68.1,21.984,25.81,1.685,24.6,18.573,6742.53,79.81,619.5,4.541,68.36,21.87,25.775,1.72,24.659,18.681,LUBRICATION_DEGRADATION,0.83,1.0,1.0,0.419,1.0,0.0,0.0,0.0,0.0
33.0,TAKEOFF,90.5,63.83,825.0,28.35,98.349,1.1364,6747.64,80.02,619.32,4.562,68.1,21.988,25.81,1.685,24.6,18.575,6749.51,81.36,619.65,4.538,67.95,21.873,25.829,1.736,24.592,18.727,LUBRICATION_DEGRADATION,0.833,1.0,1.0,0.417,1.0,0.0,0.0,0.0,0.0
33.1,TAKEOFF,90.52,63.84,827.5,28.34,98.34,1.1363,6748.36,80.02,619.41,4.559,68.1,21.991,25.81,1.686,24.6,18.578,6752.59,81.04,620.11,4.562,68.06,21.943,25.919,1.692,24.473,18.713,LUBRICATION_DEGRADATION,0.837,1.0,1.0,0.414,1.0,0.0,0.0,0.0,0.0
33.2,TAKEOFF,90.53,63.85,830.0,28.34,98.331,1.1362,6749.09,80.02,619.49,4.555,68.1,21.995,25.811,1.686,24.6,18.58,6753.73,79.16,617.3,4.577,68.26,22.057,25.785,1.7,24.679,18.607,LUBRICATION_DEGRADATION,0.84,1.0,1.0,0.412,1.0,0.0,0.0,0.0,0.0
33.3,TAKEOFF,90.55,63.86,832.5,28.33,98.322,1.1361,6749.82,80.02,619.57,4.552,68.1,21.998,25.811,1.686,24.6,18.583,6751.84,80.14,619.8,4.509,67.73,21.902,25.825,1.678,24.569,18.629,LUBRICATION_DEGRADATION,0.843,1.0,1.0,0.41,1.0,0.0,0.0,0.0,0.0
33.4,TAKEOFF,90.57,63.87,835.0,28.33,98.313,1.136,6750.55,80.02,619.65,4.549,68.1,22.002,25.811,1.686,24.6,18.585,6748.45,80.15,622.14,4.545,67.75,22.013,25.867,1.624,24.571,18.445,LUBRICATION_DEGRADATION,0.847,1.0,1.0,0.407,1.0,0.0,0.0,0.0,0.0
33.5,TAKEOFF,90.58,63.88,837.5,28.32,98.304,1.136,6751.27,80.02,619.72,4.545,68.09,22.006,25.812,1.686,24.6,18.588,6748.76,79.34,618.63,4.523,68.19,21.872,25.837,1.655,24.576,18.587,LUBRICATION_DEGRADATION,0.85,1.0,1.0,0.405,1.0,0.0,0.0,0.0,0.0
33.6,TAKEOFF,90.6,63.89,840.0,28.32,98.295,1.1359,6752.0,80.02,619.8,4.542,68.09,22.009,25.812,1.686,24.6,18.59,6747.32,80.42,621.53,4.507,68.18,22.032,25.813,1.638,24.514,18.648,LUBRICATION_DEGRADATION,0.853,1.0,1.0,0.403,1.0,0.0,0.0,0.0,0.0
33.7,TAKEOFF,90.62,63.9,842.5,28.31,98.287,1.1358,6752.73,80.02,619.88,4.539,68.09,22.013,25.812,1.686,24.6,18.593,6758.17,80.5,622.41,4.58,67.72,21.98,25.881,1.661,24.624,18.605,LUBRICATION_DEGRADATION,0.857,1.0,1.0,0.4,1.0,0.0,0.0,0.0,0.0
33.8,TAKEOFF,90.63,63.91,845.0,28.31,98.278,1.1357,6753.46,80.02,619.96,4.535,68.09,22.016,25.813,1.687,24.6,18.595,6758.33,78.95,618.93,4.528,68.73,21.909,25.869,1.592,24.611,18.541,LUBRICATION_DEGRADATION,0.86,1.0,1.0,0.398,1.0,0.0,0.0,0.0,0.0
33.9,TAKEOFF,90.65,63.92,847.5,28.3,98.269,1.1356,6754.18,80.02,620.04,4.532,68.09,22.02,25.813,1.687,24.6,18.598,6754.36,80.23,621.64,4.524,68.15,22.17,25.853,1.732,24.54,18.67,LUBRICATION_DEGRADATION,0.863,1.0,1.0,0.396,1.0,0.0,0.0,0.0,0.0
34.0,TAKEOFF,90.67,63.93,850.0,28.3,98.26,1.1355,6754.91,80.02,620.11,4.529,68.09,22.023,25.813,1.687,24.6,18.6,6752.98,79.81,620.82,4.524,68.42,21.902,25.803,1.687,24.622,18.658,LUBRICATION_DEGRADATION,0.867,1.0,1.0,0.393,1.0,0.0,0.0,0.0,0.0
34.1,TAKEOFF,90.68,63.94,852.5,28.29,98.251,1.1355,6755.64,80.02,620.19,4.525,68.09,22.027,25.814,1.687,24.6,18.603,6763.59,79.56,618.2,4.51,67.98,21.881,25.752,1.637,24.648,18.528,LUBRICATION_DEGRADATION,0.87,1.0,1.0,0.391,1.0,0.0,0.0,0.0,0.0
34.2,TAKEOFF,90.7,63.96,855.0,28.29,98.242,1.1354,6756.36,80.02,620.26,4.522,68.09,22.031,25.814,1.687,24.6,18.605,6745.61,79.78,619.53,4.542,68.53,22.022,25.775,1.677,24.638,18.574,LUBRICATION_DEGRADATION,0.873,1.0,1.0,0.389,1.0,0.0,0.0,0.0,0.0
34.3,TAKEOFF,90.72,63.97,857.5,28.28,98.233,1.1353,6757.09,80.02,620.34,4.518,68.09,22.034,25.814,1.687,24.6,18.608,6757.4,80.34,621.18,4.585,68.05,21.97,25.847,1.649,24.574,18.472,LUBRICATION_DEGRADATION,0.877,1.0,1.0,0.386,1.0,0.0,0.0,0.0,0.0
34.4,TAKEOFF,90.73,63.98,860.0,28.28,98.224,1.1352,6757.82,80.02,620.42,4.515,68.09,22.038,25.815,1.688,24.6,18.61,6750.4,80.08,623.64,4.539,67.74,22.017,25.82,1.711,24.634,18.457,LUBRICATION_DEGRADATION,0.88,1.0,1.0,0.384,1.0,0.0,0.0,0.0,0.0
34.5,TAKEOFF,90.75,63.99,862.5,28.27,98.216,1.1351,6758.54,80.02,620.49,4.512,68.09,22.041,25.815,1.688,24.6,18.613,6752.44,79.87,619.37,4.51,68.37,22.089,25.793,1.721,24.6,18.535,LUBRICATION_DEGRADATION,0.883,1.0,1.0,0.382,1.0,0.0,0.0,0.0,0.0
34.6,TAKEOFF,90.77,64.0,865.0,28.27,98.207,1.135,6759.27,80.02,620.56,4.508,68.08,22.045,25.815,1.688,24.6,18.615,6755.79,80.0,619.09,4.518,67.81,22.159,25.806,1.643,24.533,18.569,LUBRICATION_DEGRADATION,0.887,1.0,1.0,0.379,1.0,0.0,0.0,0.0,0.0
34.7,TAKEOFF,90.78,64.01,867.5,28.26,98.198,1.135,6760.0,80.02,620.64,4.505,68.08,22.048,25.816,1.688,24.6,18.618,6768.91,80.44,622.14,4.505,67.81,22.105,25.879,1.692,24.623,18.593,LUBRICATION_DEGRADATION,0.89,1.0,1.0,0.377,1.0,0.0,0.0,0.0,0.0
34.8,TAKEOFF,90.8,64.02,870.0,28.26,98.189,1.1349,6760.73,80.02,620.71,4.501,68.08,22.052,25.816,1.688,24.6,18.62,6766.01,79.83,622.08,4.492,68.13,22.087,25.766,1.705,24.583,18.651,LUBRICATION_DEGRADATION,0.893,1.0,1.0,0.375,1.0,0.0,0.0,0.0,0.0
34.9,TAKEOFF,90.82,64.03,872.5,28.25,98.18,1.1348,6761.45,80.02,620.78,4.498,68.08,22.056,25.816,1.688,24.6,18.623,6763.23,79.56,620.88,4.492,67.73,22.067,25.849,1.72,24.584,18.64,LUBRICATION_DEGRADATION,0.897,1.0,1.0,0.372,1.0,0.0,0.0,0.0,0.0
35.0,TAKEOFF,90.83,64.04,875.0,28.25,98.171,1.1347,6762.18,80.02,620.86,4.495,68.08,22.059,25.817,1.689,24.6,18.625,6768.03,80.39,618.82,4.476,67.99,22.054,25.854,1.694,24.624,18.606,LUBRICATION_DEGRADATION,0.9,1.0,1.0,0.37,1.0,0.0,0.0,0.0,0.0
35.1,TAKEOFF,90.85,64.05,877.5,28.24,98.162,1.1346,6762.91,80.02,620.93,4.491,68.08,22.063,25.817,1.689,24.6,18.628,6768.32,79.99,623.34,4.497,67.88,22.077,25.77,1.713,24.541,18.582,LUBRICATION_DEGRADATION,0.903,1.0,1.0,0.368,1.0,0.0,0.0,0.0,0.0
35.2,TAKEOFF,90.87,64.06,880.0,28.24,98.153,1.1345,6763.63,80.02,621.0,4.488,68.08,22.066,25.817,1.689,24.6,18.63,6764.22,80.06,620.55,4.456,68.31,22.211,25.749,1.74,24.594,18.624,LUBRICATION_DEGRADATION,0.907,1.0,1.0,0.365,1.0,0.0,0.0,0.0,0.0
35.3,TAKEOFF,90.88,64.07,882.5,28.23,98.145,1.1345,6764.36,80.02,621.07,4.485,68.08,22.07,25.818,1.689,24.6,18.633,6767.19,79.92,622.04,4.5,68.11,21.973,25.867,1.656,24.562,18.681,LUBRICATION_DEGRADATION,0.91,1.0,1.0,0.363,1.0,0.0,0.0,0.0,0.0
35.4,TAKEOFF,90.9,64.09,885.0,28.23,98.136,1.1344,6765.09,80.02,621.14,4.481,68.08,22.073,25.818,1.689,24.6,18.635,6759.37,80.48,622.08,4.527,68.27,22.172,25.857,1.642,24.527,18.558,LUBRICATION_DEGRADATION,0.913,1.0,1.0,0.361,1.0,0.0,0.0,0.0,0.0
35.5,TAKEOFF,90.92,64.1,887.5,28.22,98.127,1.1343,6765.81,80.02,621.21,4.478,68.08,22.077,25.818,1.689,24.6,18.638,6767.81,79.7,621.32,4.401,68.22,21.859,25.712,1.669,24.548,18.613,LUBRICATION_DEGRADATION,0.917,1.0,1.0,0.358,1.0,0.0,0.0,0.0,0.0
35.6,TAKEOFF,90.93,64.11,890.0,28.22,98.118,1.1342,6766.54,80.02,621.28,4.474,68.08,22.081,25.819,1.69,24.6,18.64,6764.8,80.4,623.58,4.505,67.81,22.07,25.865,1.679,24.676,18.688,LUBRICATION_DEGRADATION,0.92,1.0,1.0,0.356,1.0,0.0,0.0,0.0,0.0
35.7,TAKEOFF,90.95,64.12,892.5,28.21,98.109,1.1341,6767.27,80.02,621.35,4.471,68.08,22.084,25.819,1.69,24.6,18.643,6765.82,80.32,619.32,4.46,67.83,22.013,25.792,1.706,24.619,18.565,LUBRICATION_DEGRADATION,0.923,1.0,1.0,0.354,1.0,0.0,0.0,0.0,0.0
35.8,TAKEOFF,90.97,64.13,895.0,28.21,98.1,1.134,6768.0,80.02,621.42,4.468,68.08,22.088,25.819,1.69,24.6,18.645,6770.4,79.97,621.29,4.421,67.44,22.059,25.908,1.672,24.615,18.784,LUBRICATION_DEGRADATION,0.927,1.0,1.0,0.351,1.0,0.0,0.0,0.0,0.0
35.9,TAKEOFF,90.98,64.14,897.5,28.2,98.091,1.134,6768.72,80.02,621.49,4.464,68.08,22.091,25.82,1.69,24.6,18.648,6772.11,79.68,622.27,4.489,68.02,22.227,25.858,1.743,24.646,18.521,LUBRICATION_DEGRADATION,0.93,1.0,1.0,0.349,1.0,0.0,0.0,0.0,0.0
36.0,TAKEOFF,91.0,64.15,900.0,28.2,98.083,1.1339,6769.45,80.02,621.56,4.461,68.08,22.095,25.82,1.69,24.6,18.65,6771.44,80.11,620.45,4.434,67.93,21.91,25.863,1.714,24.604,18.801,LUBRICATION_DEGRADATION,0.933,1.0,1.0,0.347,1.0,0.0,0.0,0.0,0.0
36.1,TAKEOFF,91.02,64.16,902.5,28.19,98.074,1.1338,6770.18,80.02,621.63,4.457,68.08,22.098,25.82,1.69,24.6,18.653,6765.33,80.27,621.83,4.443,68.35,22.088,25.8,1.765,24.628,18.677,LUBRICATION_DEGRADATION,0.937,1.0,1.0,0.344,1.0,0.0,0.0,0.0,0.0
36.2,TAKEOFF,91.03,64.17,905.0,28.19,98.065,1.1337,6770.9,80.02,621.69,4.454,68.08,22.102,25.821,1.69,24.6,18.655,6771.39,80.06,621.86,4.444,68.57,21.921,25.769,1.61,24.648,18.703,LUBRICATION_DEGRADATION,0.94,1.0,1.0,0.342,1.0,0.0,0.0,0.0,0.0
36.3,TAKEOFF,91.05,64.18,907.5,28.18,98.056,1.1336,6771.63,80.02,621.76,4.451,68.08,22.105,25.821,1.691,24.6,18.658,6769.64,80.65,623.81,4.477,68.28,21.849,25.832,1.61,24.618,18.664,LUBRICATION_DEGRADATION,0.943,1.0,1.0,0.34,1.0,0.0,0.0,0.0,0.0
36.4,TAKEOFF,91.07,64.19,910.0,28.18,98.047,1.1335,6772.36,80.02,621.83,4.447,68.08,22.109,25.821,1.691,24.6,18.66,6775.68,79.76,619.81,4.429,68.11,22.134,25.857,1.703,24.624,18.555,LUBRICATION_DEGRADATION,0.947,1.0,1.0,0.337,1.0,0.0,0.0,0.0,0.0
36.5,TAKEOFF,91.08,64.2,912.5,28.17,98.038,1.1335,6773.08,80.02,621.9,4.444,68.08,22.113,25.822,1.691,24.6,18.663,6769.17,79.36,622.93,4.452,67.99,22.351,25.804,1.752,24.533,18.599,LUBRICATION_DEGRADATION,0.95,1.0,1.0,0.335,1.0,0.0,0.0,0.0,0.0
36.6,TAKEOFF,91.1,64.22,915.0,28.17,98.029,1.1334,6773.81,80.02,621.96,4.44,68.07,22.116,25.822,1.691,24.6,18.665,6772.87,79.58,622.45,4.394,68.31,22.24,25.789,1.72,24.601,18.772,LUBRICATION_DEGRADATION,0.953,1.0,1.0,0.333,1.0,0.0,0.0,0.0,0.0
36.7,TAKEOFF,91.12,64.23,917.5,28.16,98.021,1.1333,6774.54,80.02,622.03,4.437,68.07,22.12,25.822,1.691,24.6,18.668,6771.09,81.3,624.16,4.467,68.11,22.172,25.781,1.637,24.576,18.656,LUBRICATION_DEGRADATION,0.957,1.0,1.0,0.33,1.0,0.0,0.0,0.0,0.0
36.8,TAKEOFF,91.13,64.24,920.0,28.16,98.012,1.1332,6775.26,80.02,622.1,4.434,68.07,22.123,25.823,1.691,24.6,18.67,6775.21,79.54,624.42,4.43,68.16,22.241,25.766,1.692,24.609,18.786,LUBRICATION_DEGRADATION,0.96,1.0,1.0,0.328,1.0,0.0,0.0,0.0,0.0
36.9,TAKEOFF,91.15,64.25,922.5,28.15,98.003,1.1331,6775.99,80.02,622.16,4.43,68.07,22.127,25.823,1.692,24.6,18.673,6772.07,80.85,620.17,4.387,68.07,22.285,25.773,1.677,24.554,18.669,LUBRICATION_DEGRADATION,0.963,1.0,1.0,0.326,1.0,0.0,0.0,0.0,0.0
37.0,TAKEOFF,91.17,64.26,925.0,28.15,97.994,1.133,6776.72,80.02,622.23,4.427,68.07,22.13,25.823,1.692,24.6,18.675,6773.49,79.95,619.86,4.437,68.15,22.124,25.751,1.71,24.537,18.724,LUBRICATION_DEGRADATION,0.967,1.0,1.0,0.323,1.0,0.0,0.0,0.0,0.0
37.1,TAKEOFF,91.18,64.27,927.5,28.14,97.985,1.1329,6777.44,80.02,622.29,4.423,68.07,22.134,25.824,1.692,24.6,18.678,6771.24,79.69,623.92,4.433,68.55,22.207,25.852,1.636,24.618,18.547,LUBRICATION_DEGRADATION,0.97,1.0,1.0,0.321,1.0,0.0,0.0,0.0,0.0
37.2,TAKEOFF,91.2,64.28,930.0,28.14,97.976,1.1329,6778.17,80.02,622.36,4.42,68.07,22.138,25.824,1.692,24.6,18.68,6768.71,79.88,621.47,4.38,68.56,22.198,25.773,1.71,24.532,18.604,LUBRICATION_DEGRADATION,0.973,1.0,1.0,0.319,1.0,0.0,0.0,0.0,0.0
37.3,TAKEOFF,91.22,64.29,932.5,28.13,97.967,1.1328,6778.9,80.02,622.42,4.417,68.07,22.141,25.824,1.692,24.6,18.683,6781.45,79.51,623.12,4.456,68.33,22.21,25.826,1.678,24.539,18.442,LUBRICATION_DEGRADATION,0.977,1.0,1.0,0.316,1.0,0.0,0.0,0.0,0.0
37.4,TAKEOFF,91.23,64.3,935.0,28.13,97.959,1.1327,6779.62,80.02,622.48,4.413,68.07,22.145,25.825,1.692,24.6,18.685,6771.8,80.08,623.14,4.441,67.73,22.216,25.81,1.672,24.637,18.591,LUBRICATION_DEGRADATION,0.98,1.0,1.0,0.314,1.0,0.0,0.0,0.0,0.0
37.5,TAKEOFF,91.25,64.31,937.5,28.12,97.95,1.1326,6780.35,80.02,622.55,4.41,68.07,22.148,25.825,1.693,24.6,18.688,6783.35,79.56,622.43,4.458,68.19,22.056,25.86,1.66,24.588,18.668,LUBRICATION_DEGRADATION,0.983,1.0,1.0,0.312,1.0,0.0,0.0,0.0,0.0
37.6,TAKEOFF,91.27,64.32,940.0,28.12,97.941,1.1325,6781.08,80.02,622.61,4.406,68.07,22.152,25.825,1.693,24.6,18.69,6773.84,80.03,622.43,4.447,67.73,22.298,25.862,1.713,24.622,18.528,LUBRICATION_DEGRADATION,0.987,1.0,1.0,0.309,1.0,0.0,0.0,0.0,0.0
37.7,TAKEOFF,91.28,64.33,942.5,28.11,97.932,1.1324,6781.8,80.02,622.67,4.403,68.07,22.155,25.826,1.693,24.6,18.693,6790.34,80.08,626.38,4.388,68.41,22.22,25.853,1.675,24.576,18.583,LUBRICATION_DEGRADATION,0.99,1.0,1.0,0.307,1.0,0.0,0.0,0.0,0.0
37.8,TAKEOFF,91.3,64.35,945.0,28.11,97.923,1.1324,6782.53,80.02,622.74,4.4,68.07,22.159,25.826,1.693,24.6,18.695,6790.63,80.81,624.11,4.43,68.52,22.094,25.723,1.726,24.607,18.743,LUBRICATION_DEGRADATION,0.993,1.0,1.0,0.305,1.0,0.0,0.0,0.0,0.0
37.9,TAKEOFF,91.32,64.36,947.5,28.1,97.914,1.1323,6783.26,80.02,622.8,4.396,68.07,22.163,25.826,1.693,24.6,18.698,6785.78,80.48,622.53,4.33,68.14,22.314,25.841,1.805,24.634,18.606,LUBRICATION_DEGRADATION,0.997,1.0,1.0,0.302,1.0,0.0,0.0,0.0,0.0
38.0,TAKEOFF,91.33,64.37,950.0,28.1,97.906,1.1322,6783.98,80.02,622.86,4.393,68.07,22.166,25.827,1.693,24.6,18.7,6785.1,79.96,621.34,4.416,68.14,22.245,25.933,1.724,24.705,18.659,LUBRICATION_DEGRADATION,1.0,1.0,1.0,0.3,1.0,0.0,0.0,0.0,0.0
38.1,TAKEOFF,91.35,64.38,952.5,28.09,97.897,1.1321,6784.71,80.02,622.92,4.393,68.07,22.17,25.827,1.693,24.6,18.703,6779.22,80.83,619.81,4.327,67.81,22.136,25.856,1.662,24.546,18.733,LUBRICATION_DEGRADATION,1.0,1.0,1.0,0.3,1.0,0.0,0.0,0.0,0.0
38.2,TAKEOFF,91.37,64.39,955.0,28.09,97.888,1.132,6785.44,80.02,622.99,4.393,68.07,22.173,25.827,1.694,24.6,18.705,6780.18,79.97,622.01,4.438,68.0,22.263,25.78,1.678,24.721,18.59,LUBRICATION_DEGRADATION,1.0,1.0,1.0,0.3,1.0,0.0,0.0,0.0,0.0
38.3,TAKEOFF,91.38,64.4,957.5,28.08,97.879,1.1319,6786.16,80.02,623.05,4.394,68.07,22.177,25.828,1.694,24.6,18.708,6783.87,79.98,625.52,4.41,67.95,22.18,25.837,1.737,24.568,18.78,LUBRICATION_DEGRADATION,1.0,1.0,1.0,0.3,1.0,0.0,0.0,0.0,0.0
38.4,TAKEOFF,91.4,64.41,960.0,28.08,97.87,1.1319,6786.89,80.02,623.11,4.394,68.07,22.18,25.828,1.694,24.6,18.71,6779.05,80.05,626.58,4.445,67.9,22.329,25.875,1.606,24.612,18.518,LUBRICATION_DEGRADATION,1.0,1.0,1.0,0.3,1.0,0.0,0.0,0.0,0.0
38.5,TAKEOFF,91.42,64.42,962.5,28.07,97.861,1.1318,6787.62,80.02,623.17,4.394,68.07,22.184,25.828,1.694,24.6,18.713,6784.15,80.58,624.83,4.371,68.21,22.18,25.814,1.77,24.593,18.338,LUBRICATION_DEGRADATION,1.0,1.0,1.0,0.3,1.0,0.0,0.0,0.0,0.0
38.6,TAKEOFF,91.43,64.43,965.0,28.07,97.852,1.1317,6788.34,80.02,623.23,4.394,68.07,22.188,25.829,1.694,24.6,18.715,6783.94,80.12,622.78,4.382,68.31,22.238,25.848,1.743,24.563,18.658,LUBRICATION_DEGRADATION,1.0,1.0,1.0,0.3,1.0,0.0,0.0,0.0,0.0
38.7,TAKEOFF,91.45,64.44,967.5,28.06,97.844,1.1316,6789.07,80.02,623.29,4.395,68.07,22.191,25.829,1.694,24.6,18.718,6795.58,79.65,626.18,4.42,67.72,22.024,25.758,1.745,24.61,18.642,LUBRICATION_DEGRADATION,1.0,1.0,1.0,0.3,1.0,0.0,0.0,0.0,0.0
38.8,TAKEOFF,91.47,64.45,970.0,28.06,97.835,1.1315,6789.8,80.02,623.35,4.395,68.07,22.195,25.829,1.695,24.6,18.72,6794.39,80.3,624.67,4.42,67.81,22.307,25.702,1.77,24.622,18.756,LUBRICATION_DEGRADATION,1.0,1.0,1.0,0.3,1.0,0.0,0.0,0.0,0.0
38.9,TAKEOFF,91.48,64.46,972.5,28.05,97.826,1.1314,6790.52,80.02,623.41,4.395,68.07,22.198,25.83,1.695,24.6,18.723,6787.67,80.03,624.48,4.384,68.03,22.157,25.786,1.666,24.619,18.694,LUBRICATION_DEGRADATION,1.0,1.0,1.0,0.3,1.0,0.0,0.0,0.0,0.0
39.0,TAKEOFF,91.5,64.48,975.0,28.05,97.817,1.1314,6791.25,80.02,623.47,4.395,68.07,22.202,25.83,1.695,24.6,18.725,6795.2,79.95,622.58,4.422,67.8,22.401,25.841,1.649,24.689,18.813,LUBRICATION_DEGRADATION,1.0,1.0,1.0,0.3,1.0,0.0,0.0,0.0,0.0
39.1,TAKEOFF,91.52,64.49,977.5,28.04,97.808,1.1313,6791.97,80.02,623.53,4.396,68.07,22.205,25.83,1.695,24.6,18.728,6801.61,80.24,622.72,4.368,67.74,22.153,25.849,1.647,24.643,18.531,LUBRICATION_DEGRADATION,1.0,1.0,1.0,0.3,1.0,0.0,0.0,0.0,0.0
39.2,TAKEOFF,91.53,64.5,980.0,28.04,97.799,1.1312,6792.7,80.02,623.59,4.396,68.07,22.209,25.831,1.695,24.6,18.73,6792.48,80.67,624.14,4.394,67.92,22.022,25.833,1.648,24.629,18.654,LUBRICATION_DEGRADATION,1.0,1.0,1.0,0.3,1.0,0.0,0.0,0.0,0.0
39.3,TAKEOFF,91.55,64.51,982.5,28.03,97.791,1.1311,6793.43,80.02,623.65,4.396,68.07,22.213,25.831,1.695,24.6,18.733,6804.68,80.92,624.33,4.362,68.09,22.208,25.841,1.632,24.565,18.645,LUBRICATION_DEGRADATION,1.0,1.0,1.0,0.3,1.0,0.0,0.0,0.0,0.0
39.4,TAKEOFF,91.57,64.52,985.0,28.03,97.782,1.131,6794.15,80.02,623.71,4.396,68.07,22.216,25.831,1.696,24.6,18.735,6798.35,80.82,621.17,4.426,68.15,22.363,25.794,1.725,24.628,18.745,LUBRICATION_DEGRADATION,1.0,1.0,1.0,0.3,1.0,0.0,0.0,0.0,0.0
39.5,TAKEOFF,91.58,64.53,987.5,28.02,97.773,1.1309,6794.88,80.02,623.77,4.397,68.07,22.22,25.832,1.696,24.6,18.738,6795.48,79.89,621.74,4.387,68.2,22.087,25.859,1.695,24.562,18.794,LUBRICATION_DEGRADATION,1.0,1.0,1.0,0.3,1.0,0.0,0.0,0.0,0.0
39.6,TAKEOFF,91.6,64.54,990.0,28.02,97.764,1.1309,6795.61,80.02,623.82,4.397,68.07,22.223,25.832,1.696,24.6,18.74,6797.56,80.78,624.49,4.442,68.37,22.225,25.79,1.676,24.529,18.98,LUBRICATION_DEGRADATION,1.0,1.0,1.0,0.3,1.0,0.0,0.0,0.0,0.0
39.7,TAKEOFF,91.62,64.55,992.5,28.01,97.755,1.1308,6796.33,80.03,623.88,4.397,68.07,22.227,25.832,1.696,24.6,18.743,6794.67,79.55,624.55,4.422,67.8,22.167,25.752,1.704,24.573,18.849,LUBRICATION_DEGRADATION,1.0,1.0,1.0,0.3,1.0,0.0,0.0,0.0,0.0
39.8,TAKEOFF,91.63,64.56,995.0,28.01,97.746,1.1307,6797.06,80.03,623.94,4.397,68.07,22.23,25.833,1.696,24.6,18.745,6805.08,80.3,622.69,4.435,67.74,22.178,25.883,1.75,24.542,18.781,LUBRICATION_DEGRADATION,1.0,1.0,1.0,0.3,1.0,0.0,0.0,0.0,0.0
39.9,TAKEOFF,91.65,64.57,997.5,28.0,97.738,1.1306,6797.79,80.03,624.0,4.398,68.07,22.234,25.833,1.696,24.6,18.748,6801.59,79.57,622.68,4.412,68.11,22.246,25.872,1.713,24.646,18.905,LUBRICATION_DEGRADATION,1.0,1.0,1.0,0.3,1.0,0.0,0.0,0.0,0.0
40.0,TAKEOFF,91.67,64.58,1000.0,28.0,97.729,1.1305,6798.51,80.03,624.06,4.398,68.07,22.238,25.833,1.697,24.6,18.75,6802.52,80.1,624.53,4.42,68.05,22.453,25.777,1.704,24.635,18.843,LUBRICATION_DEGRADATION,1.0,1.0,1.0,0.3,1.0,0.0,0.0,0.0,0.0
40.1,TAKEOFF,91.68,64.59,1002.5,27.99,97.72,1.1304,6799.24,80.03,624.11,4.398,68.07,22.241,25.834,1.697,24.6,18.753,6798.71,79.52,626.02,4.441,68.46,22.242,25.799,1.713,24.582,18.885,LUBRICATION_DEGRADATION,1.0,1.0,1.0,0.3,1.0,0.0,0.0,0.0,0.0
40.2,TAKEOFF,91.7,64.61,1005.0,27.99,97.711,1.1304,6799.96,80.03,624.17,4.398,68.07,22.245,25.834,1.697,24.6,18.755,6792.83,80.22,623.25,4.398,68.03,22.244,25.743,1.71,24.625,18.821,LUBRICATION_DEGRADATION,1.0,1.0,1.0,0.3,1.0,0.0,0.0,0.0,0.0
40.3,TAKEOFF,91.72,64.62,1007.5,27.98,97.702,1.1303,6800.69,80.03,624.23,4.399,68.07,22.248,25.834,1.697,24.6,18.758,6800.82,80.63,623.53,4.385,68.51,22.45,25.814,1.645,24.627,18.647,LUBRICATION_DEGRADATION,1.0,1.0,1.0,0.3,1.0,0.0,0.0,0.0,0.0
40.4,TAKEOFF,91.73,64.63,1010.0,27.98,97.693,1.1302,6801.42,80.03,624.28,4.399,68.07,22.252,25.835,1.697,24.6,18.76,6800.19,79.56,625.51,4.392,67.86,22.179,25.839,1.688,24.456,18.906,LUBRICATION_DEGRADATION,1.0,1.0,1.0,0.3,1.0,0.0,0.0,0.0,0.0
40.5,TAKEOFF,91.75,64.64,1012.5,27.97,97.685,1.1301,6802.14,80.03,624.34,4.399,68.07,22.255,25.835,1.697,24.6,18.763,6805.72,80.19,623.31,4.404,68.23,22.488,25.866,1.746,24.613,18.689,LUBRICATION_DEGRADATION,1.0,1.0,1.0,0.3,1.0,0.0,0.0,0.0,0.0
40.6,TAKEOFF,91.77,64.65,1015.0,27.97,97.676,1.13,6802.87,80.03,624.4,4.399,68.07,22.259,25.835,1.697,24.6,18.765,6808.64,79.87,622.6,4.383,68.39,22.288,25.877,1.77,24.626,18.658,LUBRICATION_DEGRADATION,1.0,1.0,1.0,0.3,1.0,0.0,0.0,0.0,0.0
40.7,TAKEOFF,91.78,64.66,1017.5,27.96,97.667,1.1299,6803.6,80.03,624.45,4.4,68.07,22.263,25.836,1.698,24.6,18.768,6808.97,80.45,621.74,4.349,68.06,22.204,25.844,1.673,24.534,18.671,LUBRICATION_DEGRADATION,1.0,1.0,1.0,0.3,1.0,0.0,0.0,0.0,0.0
40.8,TAKEOFF,91.8,64.67,1020.0,27.96,97.658,1.1299,6804.32,80.03,624.51,4.4,68.07,22.266,25.836,1.698,24.6,18.77,6798.97,79.93,623.91,4.366,68.27,22.489,25.851,1.664,24.641,18.879,LUBRICATION_DEGRADATION,1.0,1.0,1.0,0.3,1.0,0.0,0.0,0.0,0.0
40.9,TAKEOFF,91.82,64.68,1022.5,27.95,97.649,1.1298,6805.05,80.03,624.56,4.4,68.07,22.27,25.836,1.698,24.6,18.773,6800.6,80.46,621.6,4.412,67.49,22.413,25.822,1.576,24.582,18.927,LUBRICATION_DEGRADATION,1.0,1.0,1.0,0.3,1.0,0.0,0.0,0.0,0.0
41.0,TAKEOFF,91.83,64.69,1025.0,27.95,97.641,1.1297,6805.77,80.03,624.62,4.4,68.07,22.273,25.837,1.698,24.6,18.775,6803.84,80.08,622.1,4.354,68.07,22.287,25.807,1.678,24.561,18.784,LUBRICATION_DEGRADATION,1.0,1.0,1.0,0.3,1.0,0.0,0.0,0.0,0.0
41.1,TAKEOFF,91.85,64.7,1027.5,27.94,97.632,1.1296,6806.5,80.03,624.67,4.401,68.07,22.277,25.837,1.698,24.6,18.778,6813.63,80.24,622.05,4.431,68.37,22.349,25.766,1.736,24.639,18.667,LUBRICATION_DEGRADATION,1.0,1.0,1.0,0.3,1.0,0.0,0.0,0.0,0.0
41.2,TAKEOFF,91.87,64.71,1030.0,27.94,97.623,1.1295,6807.23,80.03,624.73,4.401,68.07,22.28,25.837,1.698,24.6,18.78,6806.86,79.99,625.58,4.313,67.88,22.151,25.825,1.7,24.571,18.672,LUBRICATION_DEGRADATION,1.0,1.0,1.0,0.3,1.0,0.0,0.0,0.0,0.0
41.3,TAKEOFF,91.88,64.72,1032.5,27.93,97.614,1.1294,6807.95,80.03,624.78,4.401,68.07,22.284,25.838,1.699,24.6,18.783,6805.75,80.92,627.2,4.416,67.94,22.234,25.807,1.645,24.572,18.853,LUBRICATION_DEGRADATION,1.0,1.0,1.0,0.3,1.0,0.0,0.0,0.0,0.0
41.4,TAKEOFF,91.9,64.74,1035.0,27.93,97.605,1.1294,6808.68,80.03,624.84,4.402,68.07,22.288,25.838,1.699,24.6,18.785,6807.88,81.25,627.77,4.452,67.86,22.363,25.874,1.722,24.664,18.809,LUBRICATION_DEGRADATION,1.0,1.0,1.0,0.3,1.0,0.0,0.0,0.0,0.0
41.5,TAKEOFF,91.92,64.75,1037.5,27.92,97.596,1.1293,6809.4,80.03,624.89,4.402,68.07,22.291,25.838,1.699,24.6,18.788,6803.63,81.0,625.66,4.44,67.35,22.139,25.863,1.655,24.563,18.835,LUBRICATION_DEGRADATION,1.0,1.0,1.0,0.3,1.0,0.0,0.0,0.0,0.0
41.6,TAKEOFF,91.93,64.76,1040.0,27.92,97.588,1.1292,6810.13,80.03,624.95,4.402,68.07,22.295,25.839,1.699,24.6,18.79,6811.1,79.44,625.58,4.407,68.24,22.328,25.755,1.665,24.597,18.886,LUBRICATION_DEGRADATION,1.0,1.0,1.0,0.3,1.0,0.0,0.0,0.0,0.0
41.7,TAKEOFF,91.95,64.77,1042.5,27.91,97.579,1.1291,6810.86,80.03,625.0,4.402,68.07,22.298,25.839,1.699,24.6,18.793,6811.15,80.12,624.04,4.428,68.18,22.242,25.84,1.718,24.547,18.698,LUBRICATION_DEGRADATION,1.0,1.0,1.0,0.3,1.0,0.0,0.0,0.0,0.0
41.8,TAKEOFF,91.97,64.78,1045.0,27.91,97.57,1.129,6811.58,80.03,625.06,4.403,68.07,22.302,25.839,1.699,24.6,18.795,6822.56,80.25,624.78,4.371,67.86,22.19,25.846,1.718,24.607,18.944,LUBRICATION_DEGRADATION,1.0,1.0,1.0,0.3,1.0,0.0,0.0,0.0,0.0
41.9,TAKEOFF,91.98,64.79,1047.5,27.9,97.561,1.1289,6812.31,80.03,625.11,4.403,68.07,22.305,25.84,1.7,24.6,18.798,6810.58,79.41,624.15,4.359,67.9,22.352,25.866,1.699,24.606,18.727,LUBRICATION_DEGRADATION,1.0,1.0,1.0,0.3,1.0,0.0,0.0,0.0,0.0
42.0,TAKEOFF,92.0,64.8,1050.0,27.9,97.552,1.1289,6813.03,80.03,625.16,4.403,68.07,22.309,25.84,1.7,24.6,18.8,6821.28,79.59,625.9,4.413,67.96,22.181,25.82,1.728,24.558,18.875,LUBRICATION_DEGRADATION,1.0,1.0,1.0,0.3,1.0,0.0,0.0,0.0,0.0
42.1,TAKEOFF,92.02,64.81,1052.5,27.89,97.544,1.1288,6813.76,80.03,625.22,4.403,68.07,22.313,25.84,1.7,24.6,18.803,6814.69,80.86,623.91,4.398,68.1,22.154,25.812,1.713,24.577,18.896,LUBRICATION_DEGRADATION,1.0,1.0,1.0,0.3,1.0,0.0,0.0,0.0,0.0
42.2,TAKEOFF,92.03,64.82,1055.0,27.89,97.535,1.1287,6814.49,80.03,625.27,4.404,68.07,22.316,25.841,1.7,24.6,18.805,6809.47,79.91,624.05,4.452,67.92,22.261,25.828,1.615,24.533,18.976,LUBRICATION_DEGRADATION,1.0,1.0,1.0,0.3,1.0,0.0,0.0,0.0,0.0
42.3,TAKEOFF,92.05,64.83,1057.5,27.88,97.526,1.1286,6815.21,80.03,625.32,4.404,68.07,22.32,25.841,1.7,24.6,18.808,6822.28,80.4,627.04,4.386,68.18,22.336,25.833,1.638,24.663,18.83,LUBRICATION_DEGRADATION,1.0,1.0,1.0,0.3,1.0,0.0,0.0,0.0,0.0
42.4,TAKEOFF,92.07,64.84,1060.0,27.88,97.517,1.1285,6815.94,80.03,625.38,4.404,68.07,22.323,25.841,1.7,24.6,18.81,6817.09,80.82,623.78,4.456,68.3,22.421,25.763,1.728,24.609,18.835,LUBRICATION_DEGRADATION,1.0,1.0,1.0,0.3,1.0,0.0,0.0,0.0,0.0
42.5,TAKEOFF,92.08,64.85,1062.5,27.87,97.508,1.1284,6816.66,80.03,625.43,4.404,68.07,22.327,25.842,1.7,24.6,18.813,6810.55,80.65,625.4,4.482,68.62,22.397,25.856,1.678,24.587,18.712,LUBRICATION_DEGRADATION,1.0,1.0,1.0,0.3,1.0,0.0,0.0,0.0,0.0
42.6,TAKEOFF,92.1,64.87,1065.0,27.87,97.499,1.1284,6817.39,80.03,625.48,4.405,68.07,22.33,25.842,1.701,24.6,18.815,6816.14,79.61,624.17,4.393,67.58,22.326,25.817,1.713,24.57,18.875,LUBRICATION_DEGRADATION,1.0,1.0,1.0,0.3,1.0,0.0,0.0,0.0,0.0
42.7,TAKEOFF,92.12,64.88,1067.5,27.86,97.491,1.1283,6818.12,80.03,625.53,4.405,68.07,22.334,25.842,1.701,24.6,18.818,6819.4,80.1,625.36,4.379,68.03,22.411,25.956,1.669,24.635,18.733,LUBRICATION_DEGRADATION,1.0,1.0,1.0,0.3,1.0,0.0,0.0,0.0,0.0
42.8,TAKEOFF,92.13,64.89,1070.0,27.86,97.482,1.1282,6818.84,80.03,625.59,4.405,68.07,22.338,25.843,1.701,24.6,18.82,6817.57,79.79,628.37,4.402,68.23,22.4,25.873,1.624,24.544,18.724,LUBRICATION_DEGRADATION,1.0,1.0,1.0,0.3,1.0,0.0,0.0,0.0,0.0
42.9,TAKEOFF,92.15,64.9,1072.5,27.85,97.473,1.1281,6819.57,80.03,625.64,4.405,68.07,22.341,25.843,1.701,24.6,18.823,6820.43,79.85,624.53,4.417,68.41,22.345,25.91,1.807,24.588,18.771,LUBRICATION_DEGRADATION,1.0,1.0,1.0,0.3,1.0,0.0,0.0,0.0,0.0
43.0,TAKEOFF,92.17,64.91,1075.0,27.85,97.464,1.128,6820.29,80.03,625.69,4.406,68.07,22.345,25.843,1.701,24.6,18.825,6822.74,79.93,629.4,4.434,67.96,22.313,25.866,1.651,24.577,18.757,LUBRICATION_DEGRADATION,1.0,1.0,1.0,0.3,1.0,0.0,0.0,0.0,0.0
43.1,TAKEOFF,92.18,64.92,1077.5,27.84,97.455,1.1279,6821.02,80.03,625.74,4.406,68.07,22.348,25.844,1.701,24.6,18.828,6822.27,80.85,623.56,4.411,68.31,22.426,25.835,1.664,24.608,18.865,LUBRICATION_DEGRADATION,1.0,1.0,1.0,0.3,1.0,0.0,0.0,0.0,0.0
43.2,TAKEOFF,92.2,64.93,1080.0,27.84,97.447,1.1279,6821.75,80.03,625.79,4.406,68.07,22.352,25.844,1.702,24.6,18.83,6828.6,80.17,624.83,4.36,68.08,22.232,25.872,1.752,24.586,18.885,LUBRICATION_DEGRADATION,1.0,1.0,1.0,0.3,1.0,0.0,0.0,0.0,0.0
43.3,TAKEOFF,92.22,64.94,1082.5,27.83,97.438,1.1278,6822.47,80.03,625.85,4.406,68.06,22.355,25.844,1.702,24.6,18.833,6826.16,80.72,629.01,4.356,68.07,22.291,25.865,1.721,24.547,18.845,LUBRICATION_DEGRADATION,1.0,1.0,1.0,0.3,1.0,0.0,0.0,0.0,0.0
43.4,TAKEOFF,92.23,64.95,1085.0,27.83,97.429,1.1277,6823.2,80.03,625.9,4.407,68.06,22.359,25.845,1.702,24.6,18.835,6815.84,79.82,625.53,4.402,67.43,22.386,25.842,1.61,24.61,18.819,LUBRICATION_DEGRADATION,1.0,1.0,1.0,0.3,1.0,0.0,0.0,0.0,0.0
43.5,TAKEOFF,92.25,64.96,1087.5,27.82,97.42,1.1276,6823.92,80.03,625.95,4.407,68.06,22.362,25.845,1.702,24.6,18.838,6826.86,80.65,625.32,4.413,67.64,22.342,25.868,1.711,24.48,18.894,LUBRICATION_DEGRADATION,1.0,1.0,1.0,0.3,1.0,0.0,0.0,0.0,0.0
43.6,TAKEOFF,92.27,64.97,1090.0,27.82,97.411,1.1275,6824.65,80.03,626.0,4.407,68.06,22.366,25.845,1.702,24.6,18.84,6826.47,81.11,628.37,4.403,68.26,22.239,25.78,1.731,24.588,18.979,LUBRICATION_DEGRADATION,1.0,1.0,1.0,0.3,1.0,0.0,0.0,0.0,0.0
43.7,TAKEOFF,92.28,64.98,1092.5,27.81,97.403,1.1274,6825.37,80.03,626.05,4.407,68.06,22.37,25.846,1.702,24.6,18.843,6823.67,79.99,627.58,4.419,68.05,22.313,25.914,1.771,24.64,18.968,LUBRICATION_DEGRADATION,1.0,1.0,1.0,0.3,1.0,0.0,0.0,0.0,0.0
43.8,TAKEOFF,92.3,65.0,1095.0,27.81,97.394,1.1274,6826.1,80.03,626.1,4.408,68.06,22.373,25.846,1.703,24.6,18.845,6817.3,79.29,626.12,4.402,67.68,22.524,25.815,1.695,24.584,18.873,LUBRICATION_DEGRADATION,1.0,1.0,1.0,0.3,1.0,0.0,0.0,0.0,0.0
43.9,TAKEOFF,92.32,65.01,1097.5,27.8,97.385,1.1273,6826.83,80.03,626.15,4.408,68.06,22.377,25.846,1.703,24.6,18.848,6837.11,79.62,626.96,4.386,68.57,22.393,25.807,1.727,24.678,18.728,LUBRICATION_DEGRADATION,1.0,1.0,1.0,0.3,1.0,0.0,0.0,0.0,0.0
44.0,TAKEOFF,92.33,65.02,1100.0,27.8,97.376,1.1272,6827.55,80.03,626.2,4.408,68.06,22.38,25.847,1.703,24.6,18.85,6820.44,79.69,626.34,4.403,67.76,22.322,25.817,1.678,24.633,18.811,LUBRICATION_DEGRADATION,1.0,1.0,1.0,0.3,1.0,0.0,0.0,0.0,0.0
44.1,TAKEOFF,92.35,65.03,1102.5,27.79,97.367,1.1271,6828.28,80.03,626.25,4.408,68.06,22.384,25.847,1.703,24.6,18.853,6833.54,79.16,625.57,4.38,68.01,22.24,25.852,1.699,24.573,18.902,LUBRICATION_DEGRADATION,1.0,1.0,1.0,0.3,1.0,0.0,0.0,0.0,0.0
44.2,TAKEOFF,92.37,65.04,1105.0,27.79,97.359,1.127,6829.0,80.03,626.31,4.409,68.06,22.387,25.847,1.703,24.6,18.855,6827.27,79.13,626.46,4.442,68.17,22.539,25.891,1.755,24.616,18.926,LUBRICATION_DEGRADATION,1.0,1.0,1.0,0.3,1.0,0.0,0.0,0.0,0.0
44.3,TAKEOFF,92.38,65.05,1107.5,27.78,97.35,1.127,6829.73,80.03,626.36,4.409,68.06,22.391,25.848,1.703,24.6,18.858,6832.59,80.35,627.46,4.42,67.77,22.252,25.812,1.75,24.516,18.755,LUBRICATION_DEGRADATION,1.0,1.0,1.0,0.3,1.0,0.0,0.0,0.0,0.0
44.4,TAKEOFF,92.4,65.06,1110.0,27.78,97.341,1.1269,6830.45,80.03,626.41,4.409,68.06,22.395,25.848,1.704,24.6,18.86,6829.6,79.67,629.5,4.408,68.41,22.351,25.872,1.753,24.589,18.732,LUBRICATION_DEGRADATION,1.0,1.0,1.0,0.3,1.0,0.0,0.0,0.0,0.0
44.5,TAKEOFF,92.42,65.07,1112.5,27.77,97.332,1.1268,6831.18,80.03,626.46,4.41,68.06,22.398,25.848,1.704,24.6,18.863,6833.79,80.7,625.43,4.395,67.92,22.36,25.82,1.712,24.602,19.017,LUBRICATION_DEGRADATION,1.0,1.0,1.0,0.3,1.0,0.0,0.0,0.0,0.0
44.6,TAKEOFF,92.43,65.08,1115.0,27.77,97.323,1.1267,6831.91,80.03,626.51,4.41,68.06,22.402,25.849,1.704,24.6,18.865,6826.22,80.34,626.72,4.416,68.21,22.363,25.899,1.759,24.501,19.012,LUBRICATION_DEGRADATION,1.0,1.0,1.0,0.3,1.0,0.0,0.0,0.0,0.0
44.7,TAKEOFF,92.45,65.09,1117.5,27.76,97.315,1.1266,6832.63,80.03,626.56,4.41,68.06,22.405,25.849,1.704,24.6,18.868,6839.49,79.67,623.68,4.44,67.67,22.272,25.819,1.719,24.624,18.846,LUBRICATION_DEGRADATION,1.0,1.0,1.0,0.3,1.0,0.0,0.0,0.0,0.0
44.8,TAKEOFF,92.47,65.1,1120.0,27.76,97.306,1.1265,6833.36,80.03,626.61,4.41,68.06,22.409,25.849,1.704,24.6,18.87,6834.53,79.95,626.81,4.425,68.24,22.553,25.749,1.629,24.587,18.874,LUBRICATION_DEGRADATION,1.0,1.0,1.0,0.3,1.0,0.0,0.0,0.0,0.0
44.9,TAKEOFF,92.48,65.11,1122.5,27.75,97.297,1.1265,6834.08,80.03,626.65,4.411,68.06,22.412,25.85,1.704,24.6,18.873,6835.13,79.74,626.67,4.355,68.33,22.634,25.801,1.815,24.513,18.853,LUBRICATION_DEGRADATION,1.0,1.0,1.0,0.3,1.0,0.0,0.0,0.0,0.0
45.0,TAKEOFF,92.5,65.13,1125.0,27.75,97.288,1.1264,6834.81,80.03,626.7,4.411,68.06,22.416,25.85,1.704,24.6,18.875,6843.52,80.29,628.28,4.466,67.7,22.438,25.879,1.716,24.642,18.921,LUBRICATION_DEGRADATION,1.0,1.0,1.0,0.3,1.0,0.0,0.0,0.0,0.0
45.1,TAKEOFF,92.52,65.14,1127.5,27.74,97.28,1.1263,6835.53,80.03,626.75,4.411,68.06,22.42,25.85,1.705,24.6,18.878,6835.54,80.03,628.74,4.392,67.7,22.478,26.009,1.684,24.602,18.949,LUBRICATION_DEGRADATION,1.0,1.0,1.0,0.3,1.0,0.0,0.0,0.0,0.0
45.2,TAKEOFF,92.53,65.15,1130.0,27.74,97.271,1.1262,6836.26,80.03,626.8,4.411,68.06,22.423,25.851,1.705,24.6,18.88,6837.59,79.85,628.52,4.415,67.7,22.076,25.786,1.721,24.631,18.922,LUBRICATION_DEGRADATION,1.0,1.0,1.0,0.3,1.0,0.0,0.0,0.0,0.0
45.3,TAKEOFF,92.55,65.16,1132.5,27.73,97.262,1.1261,6836.98,80.03,626.85,4.412,68.06,22.427,25.851,1.705,24.6,18.883,6831.59,79.41,625.39,4.421,67.89,22.381,25.93,1.718,24.687,18.582,LUBRICATION_DEGRADATION,1.0,1.0,1.0,0.3,1.0,0.0,0.0,0.0,0.0
45.4,TAKEOFF,92.57,65.17,1135.0,27.73,97.253,1.126,6837.71,80.03,626.9,4.412,68.06,22.43,25.851,1.705,24.6,18.885,6842.49,79.89,626.64,4.402,67.71,22.232,25.864,1.695,24.628,18.803,LUBRICATION_DEGRADATION,1.0,1.0,1.0,0.3,1.0,0.0,0.0,0.0,0.0
45.5,TAKEOFF,92.58,65.18,1137.5,27.72,97.244,1.126,6838.44,80.03,626.95,4.412,68.05,22.434,25.852,1.705,24.6,18.888,6844.22,80.97,626.03,4.387,67.6,22.417,25.849,1.665,24.74,18.9,LUBRICATION_DEGRADATION,1.0,1.0,1.0,0.3,1.0,0.0,0.0,0.0,0.0
45.6,TAKEOFF,92.6,65.19,1140.0,27.72,97.236,1.1259,6839.16,80.03,627.0,4.412,68.05,22.437,25.852,1.705,24.6,18.89,6834.09,79.57,629.26,4.359,67.85,22.563,25.854,1.716,24.634,18.871,LUBRICATION_DEGRADATION,1.0,1.0,1.0,0.3,1.0,0.0,0.0,0.0,0.0
45.7,TAKEOFF,92.62,65.2,1142.5,27.71,97.227,1.1258,6839.89,80.03,627.05,4.413,68.05,22.441,25.852,1.706,24.6,18.893,6841.76,79.82,625.5,4.439,68.59,22.519,25.868,1.65,24.621,18.979,LUBRICATION_DEGRADATION,1.0,1.0,1.0,0.3,1.0,0.0,0.0,0.0,0.0
45.8,TAKEOFF,92.63,65.21,1145.0,27.71,97.218,1.1257,6840.61,80.03,627.1,4.413,68.05,22.445,25.853,1.706,24.6,18.895,6844.68,79.36,624.92,4.366,68.18,22.273,25.792,1.668,24.588,18.839,LUBRICATION_DEGRADATION,1.0,1.0,1.0,0.3,1.0,0.0,0.0,0.0,0.0
45.9,TAKEOFF,92.65,65.22,1147.5,27.7,97.209,1.1256,6841.34,80.03,627.14,4.413,68.05,22.448,25.853,1.706,24.6,18.898,6829.64,79.99,625.66,4.411,68.04,22.459,25.841,1.714,24.532,18.839,LUBRICATION_DEGRADATION,1.0,1.0,1.0,0.3,1.0,0.0,0.0,0.0,0.0
46.0,TAKEOFF,92.67,65.23,1150.0,27.7,97.2,1.1255,6842.06,80.03,627.19,4.413,68.05,22.452,25.853,1.706,24.6,18.9,6836.73,79.85,627.96,4.437,68.44,22.575,25.741,1.665,24.581,18.952,LUBRICATION_DEGRADATION,1.0,1.0,1.0,0.3,1.0,0.0,0.0,0.0,0.0
46.1,TAKEOFF,92.68,65.24,1152.5,27.69,97.192,1.1255,6842.79,80.03,627.24,4.414,68.05,22.455,25.854,1.706,24.6,18.903,6850.29,79.45,626.68,4.436,67.75,22.5,25.842,1.732,24.598,18.832,LUBRICATION_DEGRADATION,1.0,1.0,1.0,0.3,1.0,0.0,0.0,0.0,0.0
46.2,TAKEOFF,92.7,65.26,1155.0,27.69,97.183,1.1254,6843.51,80.03,627.29,4.414,68.05,22.459,25.854,1.706,24.6,18.905,6839.0,80.06,628.51,4.426,67.59,22.577,25.866,1.698,24.605,18.86,LUBRICATION_DEGRADATION,1.0,1.0,1.0,0.3,1.0,0.0,0.0,0.0,0.0
46.3,TAKEOFF,92.72,65.27,1157.5,27.68,97.174,1.1253,6844.24,80.03,627.34,4.414,68.05,22.462,25.854,1.707,24.6,18.908,6847.56,80.79,628.34,4.365,67.98,22.257,25.828,1.67,24.578,18.99,LUBRICATION_DEGRADATION,1.0,1.0,1.0,0.3,1.0,0.0,0.0,0.0,0.0
46.4,TAKEOFF,92.73,65.28,1160.0,27.68,97.165,1.1252,6844.96,80.03,627.39,4.414,68.05,22.466,25.855,1.707,24.6,18.91,6845.86,79.72,626.82,4.45,67.87,22.575,25.898,1.747,24.673,18.777,LUBRICATION_DEGRADATION,1.0,1.0,1.0,0.3,1.0,0.0,0.0,0.0,0.0
46.5,TAKEOFF,92.75,65.29,1162.5,27.67,97.157,1.1251,6845.69,80.03,627.43,4.415,68.05,22.47,25.855,1.707,24.6,18.913,6843.16,79.85,631.04,4.419,68.03,22.61,25.831,1.718,24.601,18.963,LUBRICATION_DEGRADATION,1.0,1.0,1.0,0.3,1.0,0.0,0.0,0.0,0.0
46.6,TAKEOFF,92.77,65.3,1165.0,27.67,97.148,1.125,6846.41,80.03,627.48,4.415,68.05,22.473,25.855,1.707,24.6,18.915,6844.92,80.64,627.18,4.36,67.49,22.467,25.862,1.659,24.509,18.91,LUBRICATION_DEGRADATION,1.0,1.0,1.0,0.3,1.0,0.0,0.0,0.0,0.0
46.7,TAKEOFF,92.78,65.31,1167.5,27.66,97.139,1.125,6847.14,80.03,627.53,4.415,68.05,22.477,25.856,1.707,24.6,18.918,6851.36,79.55,626.99,4.459,67.32,22.483,25.864,1.699,24.6,19.063,LUBRICATION_DEGRADATION,1.0,1.0,1.0,0.3,1.0,0.0,0.0,0.0,0.0
46.8,TAKEOFF,92.8,65.32,1170.0,27.66,97.13,1.1249,6847.87,80.03,627.58,4.415,68.05,22.48,25.856,1.707,24.6,18.92,6839.65,80.37,628.34,4.399,68.32,22.476,25.853,1.712,24.577,18.82,LUBRICATION_DEGRADATION,1.0,1.0,1.0,0.3,1.0,0.0,0.0,0.0,0.0
46.9,TAKEOFF,92.82,65.33,1172.5,27.65,97.121,1.1248,6848.59,80.03,627.62,4.416,68.05,22.484,25.856,1.708,24.6,18.923,6839.34,80.09,627.0,4.411,67.94,22.492,25.763,1.745,24.6,19.002,LUBRICATION_DEGRADATION,1.0,1.0,1.0,0.3,1.0,0.0,0.0,0.0,0.0
47.0,TAKEOFF,92.83,65.34,1175.0,27.65,97.113,1.1247,6849.32,80.03,627.67,4.416,68.05,22.487,25.857,1.708,24.6,18.925,6850.36,80.82,625.33,4.438,68.52,22.431,25.861,1.688,24.619,19.0,LUBRICATION_DEGRADATION,1.0,1.0,1.0,0.3,1.0,0.0,0.0,0.0,0.0
47.1,TAKEOFF,92.85,65.35,1177.5,27.64,97.104,1.1246,6850.04,80.03,627.72,4.416,68.05,22.491,25.857,1.708,24.6,18.928,6856.25,80.28,629.66,4.428,68.17,22.469,25.977,1.647,24.638,18.883,LUBRICATION_DEGRADATION,1.0,1.0,1.0,0.3,1.0,0.0,0.0,0.0,0.0
47.2,TAKEOFF,92.87,65.36,1180.0,27.64,97.095,1.1245,6850.77,80.03,627.77,4.417,68.04,22.495,25.857,1.708,24.6,18.93,6844.24,80.92,627.52,4.437,67.24,22.42,25.864,1.73,24.571,18.94,LUBRICATION_DEGRADATION,1.0,1.0,1.0,0.3,1.0,0.0,0.0,0.0,0.0
47.3,TAKEOFF,92.88,65.37,1182.5,27.63,97.086,1.1245,6851.49,80.03,627.81,4.417,68.04,22.498,25.858,1.708,24.6,18.933,6859.36,79.69,627.2,4.44,68.24,22.636,25.916,1.715,24.597,18.89,LUBRICATION_DEGRADATION,1.0,1.0,1.0,0.3,1.0,0.0,0.0,0.0,0.0
47.4,TAKEOFF,92.9,65.39,1185.0,27.63,97.078,1.1244,6852.22,80.03,627.86,4.417,68.04,22.502,25.858,1.708,24.6,18.935,6854.34,79.45,623.22,4.451,67.99,22.51,25.907,1.604,24.553,18.924,LUBRICATION_DEGRADATION,1.0,1.0,1.0,0.3,1.0,0.0,0.0,0.0,0.0
47.5,TAKEOFF,92.92,65.4,1187.5,27.62,97.069,1.1243,6852.94,80.03,627.91,4.417,68.04,22.505,25.858,1.708,24.6,18.938,6845.07,80.04,627.81,4.366,67.98,22.522,25.918,1.713,24.558,18.934,LUBRICATION_DEGRADATION,1.0,1.0,1.0,0.3,1.0,0.0,0.0,0.0,0.0
47.6,TAKEOFF,92.93,65.41,1190.0,27.62,97.06,1.1242,6853.67,80.03,627.95,4.418,68.04,22.509,25.859,1.709,24.6,18.94,6856.08,80.11,627.94,4.454,67.99,22.539,25.879,1.689,24.718,19.049,LUBRICATION_DEGRADATION,1.0,1.0,1.0,0.3,1.0,0.0,0.0,0.0,0.0
47.7,TAKEOFF,92.95,65.42,1192.5,27.61,97.051,1.1241,6854.39,80.03,628.0,4.418,68.04,22.512,25.859,1.709,24.6,18.943,6853.58,80.7,628.45,4.42,68.24,22.589,25.792,1.612,24.567,18.883,LUBRICATION_DEGRADATION,1.0,1.0,1.0,0.3,1.0,0.0,0.0,0.0,0.0
47.8,TAKEOFF,92.97,65.43,1195.0,27.61,97.043,1.124,6855.12,80.03,628.05,4.418,68.04,22.516,25.859,1.709,24.6,18.945,6855.74,79.75,627.18,4.473,68.2,22.587,25.836,1.762,24.549,18.884,LUBRICATION_DEGRADATION,1.0,1.0,1.0,0.3,1.0,0.0,0.0,0.0,0.0
47.9,TAKEOFF,92.98,65.44,1197.5,27.6,97.034,1.124,6855.84,80.03,628.09,4.418,68.04,22.52,25.86,1.709,24.6,18.948,6855.21,80.07,629.4,4.436,68.52,22.555,25.807,1.745,24.62,18.968,LUBRICATION_DEGRADATION,1.0,1.0,1.0,0.3,1.0,0.0,0.0,0.0,0.0
48.0,TAKEOFF,93.0,65.45,1200.0,27.6,97.025,1.1239,6856.57,80.03,628.14,4.419,68.04,22.523,25.86,1.709,24.6,18.95,6853.78,79.95,628.06,4.434,68.11,22.371,25.875,1.681,24.569,18.808,LUBRICATION_DEGRADATION,1.0,1.0,1.0,0.3,1.0,0.0,0.0,0.0,0.0
48.1,TAKEOFF,93.02,65.46,1202.5,27.59,97.016,1.1238,6857.29,80.03,628.19,4.419,68.04,22.527,25.86,1.709,24.6,18.953,6866.08,81.12,630.55,4.407,68.0,22.641,25.84,1.714,24.644,18.812,LUBRICATION_DEGRADATION,1.0,1.0,1.0,0.3,1.0,0.0,0.0,0.0,0.0
48.2,TAKEOFF,93.03,65.47,1205.0,27.59,97.007,1.1237,6858.02,80.03,628.23,4.419,68.04,22.53,25.861,1.71,24.6,18.955,6857.65,79.69,628.56,4.418,68.22,22.45,25.875,1.639,24.659,18.947,LUBRICATION_DEGRADATION,1.0,1.0,1.0,0.3,1.0,0.0,0.0,0.0,0.0
48.3,TAKEOFF,93.05,65.48,1207.5,27.58,96.999,1.1236,6858.74,80.03,628.28,4.419,68.04,22.534,25.861,1.71,24.6,18.958,6850.69,80.71,627.25,4.406,68.24,22.354,25.865,1.813,24.572,18.93,LUBRICATION_DEGRADATION,1.0,1.0,1.0,0.3,1.0,0.0,0.0,0.0,0.0
48.4,TAKEOFF,93.07,65.49,1210.0,27.58,96.99,1.1235,6859.47,80.03,628.33,4.42,68.04,22.537,25.861,1.71,24.6,18.96,6866.37,80.3,628.37,4.421,68.17,22.552,25.941,1.838,24.526,18.959,LUBRICATION_DEGRADATION,1.0,1.0,1.0,0.3,1.0,0.0,0.0,0.0,0.0
48.5,TAKEOFF,93.08,65.5,1212.5,27.57,96.981,1.1235,6860.19,80.03,628.37,4.42,68.04,22.541,25.862,1.71,24.6,18.963,6865.36,80.13,625.84,4.421,67.94,22.686,25.876,1.808,24.686,19.023,LUBRICATION_DEGRADATION,1.0,1.0,1.0,0.3,1.0,0.0,0.0,0.0,0.0
48.6,TAKEOFF,93.1,65.52,1215.0,27.57,96.972,1.1234,6860.92,80.03,628.42,4.42,68.03,22.545,25.862,1.71,24.6,18.965,6859.75,79.73,625.38,4.456,68.1,22.496,25.817,1.716,24.593,18.91,LUBRICATION_DEGRADATION,1.0,1.0,1.0,0.3,1.0,0.0,0.0,0.0,0.0
48.7,TAKEOFF,93.12,65.53,1217.5,27.56,96.964,1.1233,6861.64,80.03,628.47,4.42,68.03,22.548,25.862,1.71,24.6,18.968,6860.26,79.98,628.58,4.447,67.86,22.622,25.855,1.63,24.686,18.893,LUBRICATION_DEGRADATION,1.0,1.0,1.0,0.3,1.0,0.0,0.0,0.0,0.0
48.8,TAKEOFF,93.13,65.54,1220.0,27.56,96.955,1.1232,6862.37,80.03,628.51,4.421,68.03,22.552,25.863,1.711,24.6,18.97,6854.98,79.72,629.25,4.405,68.44,22.627,25.817,1.67,24.582,18.799,LUBRICATION_DEGRADATION,1.0,1.0,1.0,0.3,1.0,0.0,0.0,0.0,0.0
48.9,TAKEOFF,93.15,65.55,1222.5,27.55,96.946,1.1231,6863.09,80.03,628.56,4.421,68.03,22.555,25.863,1.711,24.6,18.973,6867.15,79.86,628.31,4.425,67.87,22.514,25.887,1.674,24.522,18.849,LUBRICATION_DEGRADATION,1.0,1.0,1.0,0.3,1.0,0.0,0.0,0.0,0.0
49.0,TAKEOFF,93.17,65.56,1225.0,27.55,96.937,1.1231,6863.82,80.03,628.6,4.421,68.03,22.559,25.863,1.711,24.6,18.975,6852.91,79.62,631.15,4.434,67.56,22.536,25.922,1.59,24.634,19.13,LUBRICATION_DEGRADATION,1.0,1.0,1.0,0.3,1.0,0.0,0.0,0.0,0.0
49.1,TAKEOFF,93.18,65.57,1227.5,27.54,96.929,1.123,6864.54,80.03,628.65,4.421,68.03,22.562,25.864,1.711,24.6,18.978,6859.83,80.39,629.43,4.434,68.34,22.561,25.854,1.704,24.659,18.942,LUBRICATION_DEGRADATION,1.0,1.0,1.0,0.3,1.0,0.0,0.0,0.0,0.0
49.2,TAKEOFF,93.2,65.58,1230.0,27.54,96.92,1.1229,6865.27,80.03,628.69,4.422,68.03,22.566,25.864,1.711,24.6,18.98,6856.54,80.13,628.15,4.438,68.42,22.542,25.823,1.671,24.591,18.947,LUBRICATION_DEGRADATION,1.0,1.0,1.0,0.3,1.0,0.0,0.0,0.0,0.0
49.3,TAKEOFF,93.22,65.59,1232.5,27.53,96.911,1.1228,6865.99,80.03,628.74,4.422,68.03,22.569,25.864,1.711,24.6,18.983,6863.91,79.29,630.21,4.444,68.27,22.525,25.82,1.724,24.608,19.037,LUBRICATION_DEGRADATION,1.0,1.0,1.0,0.3,1.0,0.0,0.0,0.0,0.0
49.4,TAKEOFF,93.23,65.6,1235.0,27.53,96.902,1.1227,6866.72,80.03,628.79,4.422,68.03,22.573,25.865,1.711,24.6,18.985,6862.8,79.78,630.98,4.382,68.01,22.66,25.865,1.753,24.58,19.072,LUBRICATION_DEGRADATION,1.0,1.0,1.0,0.3,1.0,0.0,0.0,0.0,0.0
49.5,TAKEOFF,93.25,65.61,1237.5,27.52,96.894,1.1226,6867.44,80.03,628.83,4.423,68.03,22.577,25.865,1.712,24.6,18.988,6874.18,80.85,629.37,4.386,67.9,22.515,25.919,1.781,24.591,19.036,LUBRICATION_DEGRADATION,1.0,1.0,1.0,0.3,1.0,0.0,0.0,0.0,0.0
49.6,TAKEOFF,93.27,65.62,1240.0,27.52,96.885,1.1226,6868.17,80.03,628.88,4.423,68.03,22.58,25.865,1.712,24.6,18.99,6868.96,79.99,627.98,4.371,67.9,22.612,25.818,1.68,24.55,18.999,LUBRICATION_DEGRADATION,1.0,1.0,1.0,0.3,1.0,0.0,0.0,0.0,0.0
49.7,TAKEOFF,93.28,65.63,1242.5,27.51,96.876,1.1225,6868.89,80.03,628.92,4.423,68.03,22.584,25.866,1.712,24.6,18.993,6865.65,79.49,627.58,4.473,68.01,22.748,25.855,1.692,24.62,19.003,LUBRICATION_DEGRADATION,1.0,1.0,1.0,0.3,1.0,0.0,0.0,0.0,0.0
49.8,TAKEOFF,93.3,65.65,1245.0,27.51,96.867,1.1224,6869.62,80.03,628.97,4.423,68.02,22.587,25.866,1.712,24.6,18.995,6869.57,80.52,628.32,4.418,67.65,22.601,25.814,1.74,24.616,19.07,LUBRICATION_DEGRADATION,1.0,1.0,1.0,0.3,1.0,0.0,0.0,0.0,0.0
49.9,TAKEOFF,93.32,65.66,1247.5,27.5,96.859,1.1223,6870.34,80.03,629.01,4.424,68.02,22.591,25.866,1.712,24.6,18.998,6869.74,80.27,632.61,4.396,68.34,22.539,25.869,1.722,24.564,18.861,LUBRICATION_DEGRADATION,1.0,1.0,1.0,0.3,1.0,0.0,0.0,0.0,0.0
50.0,TAKEOFF,93.33,65.67,1250.0,27.5,96.85,1.1222,6871.07,80.03,629.06,4.424,68.02,22.594,25.867,1.712,24.6,19.0,6879.45,79.58,628.41,4.434,68.19,22.497,25.939,1.698,24.621,18.908,LUBRICATION_DEGRADATION,1.0,1.0,1.0,0.3,1.0,0.0,0.0,0.0,0.0
50.1,TAKEOFF,93.35,65.68,1252.5,27.49,96.841,1.1221,6871.79,80.03,629.1,4.424,68.02,22.598,25.867,1.713,24.6,19.003,6872.76,80.31,630.33,4.411,67.92,22.602,25.858,1.711,24.49,18.898,LUBRICATION_DEGRADATION,1.0,1.0,1.0,0.3,1.0,0.0,0.0,0.0,0.0
50.2,TAKEOFF,93.37,65.69,1255.0,27.49,96.832,1.1221,6872.52,80.03,629.15,4.424,68.02,22.602,25.867,1.713,24.6,19.005,6861.36,79.51,627.51,4.44,68.0,22.427,25.962,1.788,24.638,19.004,LUBRICATION_DEGRADATION,1.0,1.0,1.0,0.3,1.0,0.0,0.0,0.0,0.0
50.3,TAKEOFF,93.38,65.7,1257.5,27.48,96.824,1.122,6873.24,80.03,629.19,4.425,68.02,22.605,25.868,1.713,24.6,19.008,6874.79,79.68,628.07,4.363,68.21,22.587,25.97,1.747,24.608,19.097,LUBRICATION_DEGRADATION,1.0,1.0,1.0,0.3,1.0,0.0,0.0,0.0,0.0
50.4,TAKEOFF,93.4,65.71,1260.0,27.48,96.815,1.1219,6873.97,80.03,629.24,4.425,68.02,22.609,25.868,1.713,24.6,19.01,6872.41,79.87,629.41,4.449,67.97,22.486,25.7,1.683,24.553,19.022,LUBRICATION_DEGRADATION,1.0,1.0,1.0,0.3,1.0,0.0,0.0,0.0,0.0
50.5,TAKEOFF,93.42,65.72,1262.5,27.47,96.806,1.1218,6874.69,80.04,629.28,4.425,68.02,22.612,25.868,1.713,24.6,19.013,6868.64,79.35,627.65,4.375,68.02,22.675,25.862,1.768,24.527,18.961,LUBRICATION_DEGRADATION,1.0,1.0,1.0,0.3,1.0,0.0,0.0,0.0,0.0
50.6,TAKEOFF,93.43,65.73,1265.0,27.47,96.797,1.1217,6875.42,80.04,629.33,4.425,68.02,22.616,25.869,1.713,24.6,19.015,6879.17,79.41,629.12,4.415,67.71,22.497,25.822,1.65,24.61,19.11,LUBRICATION_DEGRADATION,1.0,1.0,1.0,0.3,1.0,0.0,0.0,0.0,0.0
50.7,TAKEOFF,93.45,65.74,1267.5,27.46,96.789,1.1216,6876.14,80.04,629.37,4.426,68.02,22.619,25.869,1.714,24.6,19.018,6868.19,79.65,630.56,4.427,67.74,22.562,25.851,1.726,24.573,19.103,LUBRICATION_DEGRADATION,1.0,1.0,1.0,0.3,1.0,0.0,0.0,0.0,0.0
50.8,TAKEOFF,93.47,65.75,1270.0,27.46,96.78,1.1216,6876.87,80.04,629.42,4.426,68.02,22.623,25.869,1.714,24.6,19.02,6879.6,80.38,629.12,4.448,68.2,22.765,25.833,1.635,24.568,19.135,LUBRICATION_DEGRADATION,1.0,1.0,1.0,0.3,1.0,0.0,0.0,0.0,0.0
50.9,TAKEOFF,93.48,65.76,1272.5,27.45,96.771,1.1215,6877.59,80.04,629.46,4.426,68.02,22.627,25.87,1.714,24.6,19.023,6872.67,80.05,628.39,4.407,68.41,22.652,25.881,1.713,24.6,19.174,LUBRICATION_DEGRADATION,1.0,1.0,1.0,0.3,1.0,0.0,0.0,0.0,0.0
51.0,TAKEOFF,93.5,65.78,1275.0,27.45,96.762,1.1214,6878.31,80.04,629.51,4.426,68.01,22.63,25.87,1.714,24.6,19.025,6873.28,80.14,630.3,4.435,68.38,22.585,25.874,1.678,24.584,19.085,LUBRICATION_DEGRADATION,1.0,1.0,1.0,0.3,1.0,0.0,0.0,0.0,0.0
51.1,TAKEOFF,93.52,65.79,1277.5,27.44,96.754,1.1213,6879.04,80.04,629.55,4.427,68.01,22.634,25.87,1.714,24.6,19.028,6878.11,80.1,628.5,4.417,67.85,22.608,25.942,1.73,24.629,19.088,LUBRICATION_DEGRADATION,1.0,1.0,1.0,0.3,1.0,0.0,0.0,0.0,0.0
51.2,TAKEOFF,93.53,65.8,1280.0,27.44,96.745,1.1212,6879.76,80.04,629.6,4.427,68.01,22.637,25.871,1.714,24.6,19.03,6880.61,80.06,627.7,4.467,67.28,22.615,25.795,1.643,24.597,18.976,LUBRICATION_DEGRADATION,1.0,1.0,1.0,0.3,1.0,0.0,0.0,0.0,0.0
51.3,TAKEOFF,93.55,65.81,1282.5,27.43,96.736,1.1212,6880.49,80.04,629.64,4.427,68.01,22.641,25.871,1.715,24.6,19.033,6880.85,79.68,629.57,4.43,68.19,22.856,25.872,1.655,24.606,19.003,LUBRICATION_DEGRADATION,1.0,1.0,1.0,0.3,1.0,0.0,0.0,0.0,0.0
51.4,TAKEOFF,93.57,65.82,1285.0,27.43,96.727,1.1211,6881.21,80.04,629.69,4.427,68.01,22.644,25.871,1.715,24.6,19.035,6879.54,80.54,625.95,4.412,68.06,22.687,25.683,1.706,24.635,18.994,LUBRICATION_DEGRADATION,1.0,1.0,1.0,0.3,1.0,0.0,0.0,0.0,0.0
51.5,TAKEOFF,93.58,65.83,1287.5,27.42,96.719,1.121,6881.94,80.04,629.73,4.428,68.01,22.648,25.872,1.715,24.6,19.038,6886.79,80.72,629.66,4.491,67.31,22.656,25.804,1.645,24.649,19.174,LUBRICATION_DEGRADATION,1.0,1.0,1.0,0.3,1.0,0.0,0.0,0.0,0.0
51.6,TAKEOFF,93.6,65.84,1290.0,27.42,96.71,1.1209,6882.66,80.04,629.77,4.428,68.01,22.652,25.872,1.715,24.6,19.04,6883.08,80.65,630.46,4.457,68.03,22.79,25.87,1.679,24.644,19.086,LUBRICATION_DEGRADATION,1.0,1.0,1.0,0.3,1.0,0.0,0.0,0.0,0.0
51.7,TAKEOFF,93.62,65.85,1292.5,27.41,96.701,1.1208,6883.39,80.04,629.82,4.428,68.01,22.655,25.872,1.715,24.6,19.043,6882.0,79.55,629.48,4.447,68.62,22.652,25.867,1.723,24.681,19.045,LUBRICATION_DEGRADATION,1.0,1.0,1.0,0.3,1.0,0.0,0.0,0.0,0.0
51.8,TAKEOFF,93.63,65.86,1295.0,27.41,96.692,1.1207,6884.11,80.04,629.86,4.429,68.01,22.659,25.873,1.715,24.6,19.045,6888.32,79.41,631.28,4.444,68.02,22.616,25.872,1.678,24.579,19.234,LUBRICATION_DEGRADATION,1.0,1.0,1.0,0.3,1.0,0.0,0.0,0.0,0.0
51.9,TAKEOFF,93.65,65.87,1297.5,27.4,96.684,1.1207,6884.84,80.04,629.91,4.429,68.01,22.662,25.873,1.715,24.6,19.048,6883.56,79.9,632.56,4.412,67.96,22.758,25.916,1.735,24.559,18.836,LUBRICATION_DEGRADATION,1.0,1.0,1.0,0.3,1.0,0.0,0.0,0.0,0.0
52.0,TAKEOFF,93.67,65.88,1300.0,27.4,96.675,1.1206,6885.56,80.04,629.95,4.429,68.0,22.666,25.873,1.716,24.6,19.05,6881.3,80.72,629.64,4.424,67.89,22.615,25.972,1.708,24.581,19.094,LUBRICATION_DEGRADATION,1.0,1.0,1.0,0.3,1.0,0.0,0.0,0.0,0.0
52.1,TAKEOFF,93.68,65.89,1302.5,27.39,96.666,1.1205,6886.29,80.04,630.0,4.429,68.0,22.669,25.874,1.716,24.6,19.053,6884.9,79.48,630.31,4.445,68.05,22.613,25.899,1.685,24.556,19.197,LUBRICATION_DEGRADATION,1.0,1.0,1.0,0.3,1.0,0.0,0.0,0.0,0.0
52.2,TAKEOFF,93.7,65.91,1305.0,27.39,96.658,1.1204,6887.01,80.04,630.04,4.43,68.0,22.673,25.874,1.716,24.6,19.055,6884.47,80.99,628.08,4.401,68.27,22.527,25.893,1.761,24.578,19.097,LUBRICATION_DEGRADATION,1.0,1.0,1.0,0.3,1.0,0.0,0.0,0.0,0.0
52.3,TAKEOFF,93.72,65.92,1307.5,27.38,96.649,1.1203,6887.73,80.04,630.08,4.43,68.0,22.677,25.874,1.716,24.6,19.058,6893.18,80.06,628.89,4.407,68.32,22.642,25.876,1.729,24.673,19.176,LUBRICATION_DEGRADATION,1.0,1.0,1.0,0.3,1.0,0.0,0.0,0.0,0.0
52.4,TAKEOFF,93.73,65.93,1310.0,27.38,96.64,1.1202,6888.46,80.04,630.13,4.43,68.0,22.68,25.875,1.716,24.6,19.06,6890.91,80.64,628.34,4.41,67.63,22.693,25.953,1.737,24.527,18.999,LUBRICATION_DEGRADATION,1.0,1.0,1.0,0.3,1.0,0.0,0.0,0.0,0.0
52.5,TAKEOFF,93.75,65.94,1312.5,27.37,96.631,1.1202,6889.18,80.04,630.17,4.43,68.0,22.684,25.875,1.716,24.6,19.063,6893.86,79.64,630.93,4.425,67.79,22.688,25.958,1.72,24.572,19.033,LUBRICATION_DEGRADATION,1.0,1.0,1.0,0.3,1.0,0.0,0.0,0.0,0.0
52.6,TAKEOFF,93.77,65.95,1315.0,27.37,96.623,1.1201,6889.91,80.04,630.21,4.431,68.0,22.687,25.875,1.717,24.6,19.065,6901.06,80.11,633.38,4.449,68.29,22.784,25.947,1.687,24.574,19.131,LUBRICATION_DEGRADATION,1.0,1.0,1.0,0.3,1.0,0.0,0.0,0.0,0.0
52.7,TAKEOFF,93.78,65.96,1317.5,27.36,96.614,1.12,6890.63,80.04,630.26,4.431,68.0,22.691,25.876,1.717,24.6,19.068,6896.39,80.02,628.62,4.454,68.36,22.727,25.833,1.663,24.599,18.852,LUBRICATION_DEGRADATION,1.0,1.0,1.0,0.3,1.0,0.0,0.0,0.0,0.0
52.8,TAKEOFF,93.8,65.97,1320.0,27.36,96.605,1.1199,6891.36,80.04,630.3,4.431,68.0,22.694,25.876,1.717,24.6,19.07,6896.29,79.38,629.88,4.388,67.93,22.621,25.849,1.671,24.573,19.057,LUBRICATION_DEGRADATION,1.0,1.0,1.0,0.3,1.0,0.0,0.0,0.0,0.0
52.9,TAKEOFF,93.82,65.98,1322.5,27.35,96.596,1.1198,6892.08,80.04,630.35,4.431,68.0,22.698,25.876,1.717,24.6,19.073,6897.84,80.23,631.47,4.46,68.15,22.738,25.8,1.763,24.605,18.808,LUBRICATION_DEGRADATION,1.0,1.0,1.0,0.3,1.0,0.0,0.0,0.0,0.0
53.0,TAKEOFF,93.83,65.99,1325.0,27.35,96.588,1.1197,6892.81,80.04,630.39,4.432,67.99,22.702,25.877,1.717,24.6,19.075,6888.57,79.89,629.46,4.414,67.71,22.716,25.967,1.619,24.493,19.154,LUBRICATION_DEGRADATION,1.0,1.0,1.0,0.3,1.0,0.0,0.0,0.0,0.0
53.1,TAKEOFF,93.85,66.0,1327.5,27.34,96.579,1.1197,6893.53,80.04,630.43,4.432,67.99,22.705,25.877,1.717,24.6,19.078,6903.91,80.84,630.99,4.431,67.34,22.709,25.92,1.748,24.584,18.988,LUBRICATION_DEGRADATION,1.0,1.0,1.0,0.3,1.0,0.0,0.0,0.0,0.0
53.2,TAKEOFF,93.87,66.01,1330.0,27.34,96.57,1.1196,6894.25,80.04,630.48,4.432,67.99,22.709,25.877,1.718,24.6,19.08,6894.71,80.71,629.63,4.411,67.69,22.479,25.977,1.725,24.569,19.192,LUBRICATION_DEGRADATION,1.0,1.0,1.0,0.3,1.0,0.0,0.0,0.0,0.0
53.3,TAKEOFF,93.88,66.02,1332.5,27.33,96.562,1.1195,6894.98,80.04,630.52,4.432,67.99,22.712,25.878,1.718,24.6,19.083,6896.68,79.59,631.43,4.392,67.91,22.502,25.844,1.721,24.516,19.019,LUBRICATION_DEGRADATION,1.0,1.0,1.0,0.3,1.0,0.0,0.0,0.0,0.0
53.4,TAKEOFF,93.9,66.04,1335.0,27.33,96.553,1.1194,6895.7,80.04,630.56,4.433,67.99,22.716,25.878,1.718,24.6,19.085,6891.35,81.09,630.61,4.452,67.71,22.623,25.939,1.71,24.668,19.097,LUBRICATION_DEGRADATION,1.0,1.0,1.0,0.3,1.0,0.0,0.0,0.0,0.0
53.5,TAKEOFF,93.92,66.05,1337.5,27.32,96.544,1.1193,6896.43,80.04,630.61,4.433,67.99,22.719,25.878,1.718,24.6,19.088,6893.7,79.89,632.09,4.442,68.54,22.863,25.912,1.638,24.56,19.102,LUBRICATION_DEGRADATION,1.0,1.0,1.0,0.3,1.0,0.0,0.0,0.0,0.0
53.6,TAKEOFF,93.93,66.06,1340.0,27.32,96.535,1.1193,6897.15,80.04,630.65,4.433,67.99,22.723,25.879,1.718,24.6,19.09,6901.96,80.72,626.87,4.387,67.61,22.584,25.939,1.676,24.516,19.208,LUBRICATION_DEGRADATION,1.0,1.0,1.0,0.3,1.0,0.0,0.0,0.0,0.0
53.7,TAKEOFF,93.95,66.07,1342.5,27.31,96.527,1.1192,6897.88,80.04,630.69,4.433,67.99,22.726,25.879,1.718,24.6,19.093,6887.11,79.94,630.76,4.444,67.56,22.613,25.817,1.773,24.59,19.039,LUBRICATION_DEGRADATION,1.0,1.0,1.0,0.3,1.0,0.0,0.0,0.0,0.0
53.8,TAKEOFF,93.97,66.08,1345.0,27.31,96.518,1.1191,6898.6,80.04,630.74,4.434,67.99,22.73,25.879,1.718,24.6,19.095,6899.3,80.09,631.02,4.463,68.06,22.596,25.871,1.735,24.595,19.146,LUBRICATION_DEGRADATION,1.0,1.0,1.0,0.3,1.0,0.0,0.0,0.0,0.0
53.9,TAKEOFF,93.98,66.09,1347.5,27.3,96.509,1.119,6899.32,80.04,630.78,4.434,67.98,22.734,25.88,1.719,24.6,19.098,6903.93,80.07,633.67,4.416,68.12,22.764,25.846,1.736,24.52,19.02,LUBRICATION_DEGRADATION,1.0,1.0,1.0,0.3,1.0,0.0,0.0,0.0,0.0
54.0,TAKEOFF,94.0,66.1,1350.0,27.3,96.5,1.1189,6900.05,80.04,630.82,4.434,67.98,22.737,25.88,1.719,24.6,19.1,6901.56,80.28,632.05,4.386,67.91,22.736,25.884,1.685,24.625,18.845,LUBRICATION_DEGRADATION,1.0,1.0,1.0,0.3,1.0,0.0,0.0,0.0,0.0
54.1,TAKEOFF,94.02,66.11,1352.5,27.29,96.492,1.1188,6900.77,80.04,630.87,4.435,67.98,22.741,25.88,1.719,24.6,19.103,6887.37,80.35,629.86,4.464,68.08,22.575,25.8,1.646,24.563,19.013,LUBRICATION_DEGRADATION,1.0,1.0,1.0,0.3,1.0,0.0,0.0,0.0,0.0
54.2,TAKEOFF,94.03,66.12,1355.0,27.29,96.483,1.1188,6901.5,80.04,630.91,4.435,67.98,22.744,25.881,1.719,24.6,19.105,6902.25,79.6,633.16,4.399,67.82,22.805,25.893,1.65,24.529,18.988,LUBRICATION_DEGRADATION,1.0,1.0,1.0,0.3,1.0,0.0,0.0,0.0,0.0
54.3,TAKEOFF,94.05,66.13,1357.5,27.28,96.474,1.1187,6902.22,80.04,630.95,4.435,67.98,22.748,25.881,1.719,24.6,19.108,6892.61,79.61,628.23,4.372,67.87,22.691,25.985,1.747,24.581,19.034,LUBRICATION_DEGRADATION,1.0,1.0,1.0,0.3,1.0,0.0,0.0,0.0,0.0
54.4,TAKEOFF,94.07,66.14,1360.0,27.28,96.466,1.1186,6902.95,80.04,631.0,4.435,67.98,22.751,25.881,1.719,24.6,19.11,6900.05,79.55,631.79,4.502,67.8,22.921,25.828,1.652,24.621,19.129,LUBRICATION_DEGRADATION,1.0,1.0,1.0,0.3,1.0,0.0,0.0,0.0,0.0
54.5,TAKEOFF,94.08,66.15,1362.5,27.27,96.457,1.1185,6903.67,80.04,631.04,4.436,67.98,22.755,25.882,1.72,24.6,19.113,6906.29,80.05,633.07,4.417,68.15,22.79,25.802,1.621,24.672,19.008,LUBRICATION_DEGRADATION,1.0,1.0,1.0,0.3,1.0,0.0,0.0,0.0,0.0
54.6,TAKEOFF,94.1,66.17,1365.0,27.27,96.448,1.1184,6904.39,80.04,631.08,4.436,67.98,22.759,25.882,1.72,24.6,19.115,6896.09,79.89,631.29,4.424,67.91,22.755,25.941,1.723,24.606,19.107,LUBRICATION_DEGRADATION,1.0,1.0,1.0,0.3,1.0,0.0,0.0,0.0,0.0
54.7,TAKEOFF,94.12,66.18,1367.5,27.26,96.439,1.1183,6905.12,80.04,631.13,4.436,67.98,22.762,25.882,1.72,24.6,19.118,6917.21,80.17,631.8,4.472,67.7,22.688,25.857,1.631,24.592,18.925,LUBRICATION_DEGRADATION,1.0,1.0,1.0,0.3,1.0,0.0,0.0,0.0,0.0
54.8,TAKEOFF,94.13,66.19,1370.0,27.26,96.431,1.1183,6905.84,80.04,631.17,4.436,67.97,22.766,25.883,1.72,24.6,19.12,6897.03,80.67,632.7,4.456,67.72,22.803,25.921,1.754,24.587,19.194,LUBRICATION_DEGRADATION,1.0,1.0,1.0,0.3,1.0,0.0,0.0,0.0,0.0
54.9,TAKEOFF,94.15,66.2,1372.5,27.25,96.422,1.1182,6906.57,80.04,631.21,4.437,67.97,22.769,25.883,1.72,24.6,19.123,6903.49,80.07,633.99,4.471,67.56,22.897,25.886,1.829,24.66,19.248,LUBRICATION_DEGRADATION,1.0,1.0,1.0,0.3,1.0,0.0,0.0,0.0,0.0
55.0,TAKEOFF,94.17,66.21,1375.0,27.25,96.413,1.1181,6907.29,80.04,631.26,4.437,67.97,22.773,25.883,1.72,24.6,19.125,6904.44,80.27,632.28,4.414,67.73,22.704,25.917,1.786,24.591,19.098,LUBRICATION_DEGRADATION,1.0,1.0,1.0,0.3,1.0,0.0,0.0,0.0,0.0
55.1,TAKEOFF,94.18,66.22,1377.5,27.24,96.405,1.118,6908.01,80.04,631.3,4.437,67.97,22.776,25.884,1.721,24.6,19.128,6904.18,79.63,630.31,4.435,68.05,22.895,25.773,1.772,24.579,19.043,LUBRICATION_DEGRADATION,1.0,1.0,1.0,0.3,1.0,0.0,0.0,0.0,0.0
55.2,TAKEOFF,94.2,66.23,1380.0,27.24,96.396,1.1179,6908.74,80.04,631.34,4.437,67.97,22.78,25.884,1.721,24.6,19.13,6904.99,79.46,631.83,4.449,68.23,22.697,25.943,1.739,24.535,19.141,LUBRICATION_DEGRADATION,1.0,1.0,1.0,0.3,1.0,0.0,0.0,0.0,0.0
55.3,TAKEOFF,94.22,66.24,1382.5,27.23,96.387,1.1179,6909.46,80.04,631.38,4.438,67.97,22.784,25.884,1.721,24.6,19.133,6908.04,79.83,630.87,4.431,67.95,22.779,25.88,1.763,24.572,19.26,LUBRICATION_DEGRADATION,1.0,1.0,1.0,0.3,1.0,0.0,0.0,0.0,0.0
55.4,TAKEOFF,94.23,66.25,1385.0,27.23,96.378,1.1178,6910.19,80.04,631.43,4.438,67.97,22.787,25.885,1.721,24.6,19.135,6911.84,80.32,629.23,4.424,68.04,22.888,25.937,1.7,24.521,19.074,LUBRICATION_DEGRADATION,1.0,1.0,1.0,0.3,1.0,0.0,0.0,0.0,0.0
55.5,TAKEOFF,94.25,66.26,1387.5,27.22,96.37,1.1177,6910.91,80.04,631.47,4.438,67.97,22.791,25.885,1.721,24.6,19.138,6909.84,79.94,631.5,4.442,68.32,22.744,25.865,1.685,24.66,19.305,LUBRICATION_DEGRADATION,1.0,1.0,1.0,0.3,1.0,0.0,0.0,0.0,0.0
55.6,TAKEOFF,94.27,66.27,1390.0,27.22,96.361,1.1176,6911.64,80.04,631.51,4.438,67.96,22.794,25.885,1.721,24.6,19.14,6907.08,78.98,632.26,4.43,67.89,22.85,25.855,1.727,24.581,19.199,LUBRICATION_DEGRADATION,1.0,1.0,1.0,0.3,1.0,0.0,0.0,0.0,0.0
55.7,TAKEOFF,94.28,66.28,1392.5,27.21,96.352,1.1175,6912.36,80.04,631.56,4.439,67.96,22.798,25.886,1.722,24.6,19.143,6909.21,80.49,631.07,4.422,67.84,22.747,25.806,1.759,24.542,19.039,LUBRICATION_DEGRADATION,1.0,1.0,1.0,0.3,1.0,0.0,0.0,0.0,0.0
55.8,TAKEOFF,94.3,66.3,1395.0,27.21,96.344,1.1174,6913.08,80.04,631.6,4.439,67.96,22.801,25.886,1.722,24.6,19.145,6915.98,80.48,632.88,4.467,68.08,22.76,25.926,1.729,24.63,19.307,LUBRICATION_DEGRADATION,1.0,1.0,1.0,0.3,1.0,0.0,0.0,0.0,0.0
55.9,TAKEOFF,94.32,66.31,1397.5,27.2,96.335,1.1174,6913.81,80.04,631.64,4.439,67.96,22.805,25.886,1.722,24.6,19.148,6913.24,80.4,630.29,4.452,67.9,22.745,25.875,1.654,24.618,19.249,LUBRICATION_DEGRADATION,1.0,1.0,1.0,0.3,1.0,0.0,0.0,0.0,0.0
56.0,TAKEOFF,94.33,66.32,1400.0,27.2,96.326,1.1173,6914.53,80.04,631.68,4.44,67.96,22.809,25.887,1.722,24.6,19.15,6917.59,80.66,635.16,4.372,68.05,22.873,25.953,1.777,24.558,19.021,LUBRICATION_DEGRADATION,1.0,1.0,1.0,0.3,1.0,0.0,0.0,0.0,0.0
56.1,TAKEOFF,94.35,66.33,1402.5,27.19,96.318,1.1172,6915.26,80.04,631.73,4.44,67.96,22.812,25.887,1.722,24.6,19.153,6901.35,79.52,631.59,4.476,68.2,22.978,25.954,1.736,24.618,19.019,LUBRICATION_DEGRADATION,1.0,1.0,1.0,0.3,1.0,0.0,0.0,0.0,0.0
56.2,TAKEOFF,94.37,66.34,1405.0,27.19,96.309,1.1171,6915.98,80.04,631.77,4.44,67.96,22.816,25.887,1.722,24.6,19.155,6910.03,79.68,632.85,4.431,68.51,22.86,25.834,1.661,24.582,19.252,LUBRICATION_DEGRADATION,1.0,1.0,1.0,0.3,1.0,0.0,0.0,0.0,0.0
56.3,TAKEOFF,94.38,66.35,1407.5,27.18,96.3,1.117,6916.7,80.04,631.81,4.44,67.96,22.819,25.888,1.722,24.6,19.158,6923.42,80.47,631.96,4.449,67.57,22.792,25.859,1.768,24.662,19.019,LUBRICATION_DEGRADATION,1.0,1.0,1.0,0.3,1.0,0.0,0.0,0.0,0.0
56.4,TAKEOFF,94.4,66.36,1410.0,27.18,96.291,1.1169,6917.43,80.04,631.85,4.441,67.95,22.823,25.888,1.723,24.6,19.16,6916.64,80.3,633.01,4.466,68.17,22.907,25.871,1.654,24.55,19.096,LUBRICATION_DEGRADATION,1.0,1.0,1.0,0.3,1.0,0.0,0.0,0.0,0.0
56.5,TAKEOFF,94.42,66.37,1412.5,27.17,96.283,1.1169,6918.15,80.04,631.9,4.441,67.95,22.826,25.888,1.723,24.6,19.163,6928.47,80.37,631.22,4.498,67.69,22.735,25.841,1.712,24.632,19.101,LUBRICATION_DEGRADATION,1.0,1.0,1.0,0.3,1.0,0.0,0.0,0.0,0.0
56.6,TAKEOFF,94.43,66.38,1415.0,27.17,96.274,1.1168,6918.87,80.04,631.94,4.441,67.95,22.83,25.889,1.723,24.6,19.165,6912.94,80.71,632.85,4.454,67.87,22.755,25.884,1.866,24.757,19.097,LUBRICATION_DEGRADATION,1.0,1.0,1.0,0.3,1.0,0.0,0.0,0.0,0.0
56.7,TAKEOFF,94.45,66.39,1417.5,27.16,96.265,1.1167,6919.6,80.04,631.98,4.441,67.95,22.834,25.889,1.723,24.6,19.168,6924.7,79.53,631.81,4.441,68.24,22.891,25.911,1.65,24.606,19.061,LUBRICATION_DEGRADATION,1.0,1.0,1.0,0.3,1.0,0.0,0.0,0.0,0.0
56.8,TAKEOFF,94.47,66.4,1420.0,27.16,96.257,1.1166,6920.32,80.04,632.02,4.442,67.95,22.837,25.889,1.723,24.6,19.17,6927.36,80.22,630.34,4.409,67.53,22.888,25.906,1.651,24.567,19.208,LUBRICATION_DEGRADATION,1.0,1.0,1.0,0.3,1.0,0.0,0.0,0.0,0.0
56.9,TAKEOFF,94.48,66.41,1422.5,27.15,96.248,1.1165,6921.05,80.04,632.07,4.442,67.95,22.841,25.89,1.723,24.6,19.173,6914.06,80.37,631.92,4.445,68.27,22.857,25.883,1.697,24.632,19.256,LUBRICATION_DEGRADATION,1.0,1.0,1.0,0.3,1.0,0.0,0.0,0.0,0.0
57.0,TAKEOFF,94.5,66.43,1425.0,27.15,96.239,1.1165,6921.77,80.04,632.11,4.442,67.95,22.844,25.89,1.724,24.6,19.175,6919.42,80.49,633.13,4.383,67.96,22.965,25.904,1.78,24.626,19.015,LUBRICATION_DEGRADATION,1.0,1.0,1.0,0.3,1.0,0.0,0.0,0.0,0.0
57.1,TAKEOFF,94.52,66.44,1427.5,27.14,96.231,1.1164,6922.49,80.05,632.15,4.442,67.95,22.848,25.89,1.724,24.6,19.178,6927.74,80.21,632.38,4.473,68.05,22.861,25.889,1.741,24.652,19.169,LUBRICATION_DEGRADATION,1.0,1.0,1.0,0.3,1.0,0.0,0.0,0.0,0.0
57.2,TAKEOFF,94.53,66.45,1430.0,27.14,96.222,1.1163,6923.22,80.05,632.19,4.443,67.94,22.851,25.891,1.724,24.6,19.18,6917.43,79.74,633.06,4.432,68.17,22.826,25.821,1.662,24.597,19.103,LUBRICATION_DEGRADATION,1.0,1.0,1.0,0.3,1.0,0.0,0.0,0.0,0.0
57.3,TAKEOFF,94.55,66.46,1432.5,27.13,96.213,1.1162,6923.94,80.05,632.24,4.443,67.94,22.855,25.891,1.724,24.6,19.183,6929.83,79.98,631.55,4.404,67.78,22.792,25.81,1.651,24.604,19.121,LUBRICATION_DEGRADATION,1.0,1.0,1.0,0.3,1.0,0.0,0.0,0.0,0.0
57.4,TAKEOFF,94.57,66.47,1435.0,27.13,96.205,1.1161,6924.67,80.05,632.28,4.443,67.94,22.858,25.891,1.724,24.6,19.185,6925.84,80.59,631.94,4.457,67.93,22.86,25.882,1.695,24.618,19.155,LUBRICATION_DEGRADATION,1.0,1.0,1.0,0.3,1.0,0.0,0.0,0.0,0.0
57.5,TAKEOFF,94.58,66.48,1437.5,27.12,96.196,1.116,6925.39,80.05,632.32,4.443,67.94,22.862,25.892,1.724,24.6,19.188,6926.53,79.33,632.16,4.426,68.32,22.955,25.892,1.659,24.623,19.174,LUBRICATION_DEGRADATION,1.0,1.0,1.0,0.3,1.0,0.0,0.0,0.0,0.0
57.6,TAKEOFF,94.6,66.49,1440.0,27.12,96.187,1.116,6926.11,80.05,632.36,4.444,67.94,22.866,25.892,1.725,24.6,19.19,6927.05,79.35,632.84,4.44,68.01,23.026,25.851,1.627,24.492,19.347,LUBRICATION_DEGRADATION,1.0,1.0,1.0,0.3,1.0,0.0,0.0,0.0,0.0
57.7,TAKEOFF,94.62,66.5,1442.5,27.11,96.178,1.1159,6926.84,80.05,632.4,4.444,67.94,22.869,25.892,1.725,24.6,19.193,6930.79,80.11,634.13,4.474,67.8,22.743,25.886,1.687,24.623,19.134,LUBRICATION_DEGRADATION,1.0,1.0,1.0,0.3,1.0,0.0,0.0,0.0,0.0
57.8,TAKEOFF,94.63,66.51,1445.0,27.11,96.17,1.1158,6927.56,80.05,632.45,4.444,67.94,22.873,25.893,1.725,24.6,19.195,6921.32,80.33,633.04,4.476,67.76,22.823,25.924,1.768,24.559,19.006,LUBRICATION_DEGRADATION,1.0,1.0,1.0,0.3,1.0,0.0,0.0,0.0,0.0
57.9,TAKEOFF,94.65,66.52,1447.5,27.1,96.161,1.1157,6928.28,80.05,632.49,4.445,67.93,22.876,25.893,1.725,24.6,19.198,6918.25,80.47,633.2,4.461,67.8,22.806,25.96,1.834,24.708,18.992,LUBRICATION_DEGRADATION,1.0,1.0,1.0,0.3,1.0,0.0,0.0,0.0,0.0
58.0,TAKEOFF,94.67,66.53,1450.0,27.1,96.152,1.1156,6929.01,80.05,632.53,4.445,67.93,22.88,25.893,1.725,24.6,19.2,6928.77,80.47,631.39,4.456,68.28,22.767,25.913,1.686,24.579,19.365,LUBRICATION_DEGRADATION,1.0,1.0,1.0,0.3,1.0,0.0,0.0,0.0,0.0
58.1,TAKEOFF,94.68,66.54,1452.5,27.09,96.144,1.1155,6929.73,80.05,632.57,4.445,67.93,22.883,25.894,1.725,24.6,19.203,6936.74,80.87,633.44,4.461,67.75,23.041,25.914,1.692,24.657,19.132,LUBRICATION_DEGRADATION,1.0,1.0,1.0,0.3,1.0,0.0,0.0,0.0,0.0
58.2,TAKEOFF,94.7,66.56,1455.0,27.09,96.135,1.1155,6930.46,80.05,632.61,4.445,67.93,22.887,25.894,1.725,24.6,19.205,6932.14,79.33,631.97,4.392,67.67,22.933,25.873,1.77,24.633,19.336,LUBRICATION_DEGRADATION,1.0,1.0,1.0,0.3,1.0,0.0,0.0,0.0,0.0
58.3,TAKEOFF,94.72,66.57,1457.5,27.08,96.126,1.1154,6931.18,80.05,632.66,4.446,67.93,22.891,25.894,1.726,24.6,19.208,6927.45,79.51,632.16,4.465,68.01,22.952,25.867,1.664,24.546,19.204,LUBRICATION_DEGRADATION,1.0,1.0,1.0,0.3,1.0,0.0,0.0,0.0,0.0
58.4,TAKEOFF,94.73,66.58,1460.0,27.08,96.118,1.1153,6931.9,80.05,632.7,4.446,67.93,22.894,25.895,1.726,24.6,19.21,6931.4,80.39,637.47,4.465,68.04,23.14,25.903,1.676,24.643,19.011,LUBRICATION_DEGRADATION,1.0,1.0,1.0,0.3,1.0,0.0,0.0,0.0,0.0
58.5,TAKEOFF,94.75,66.59,1462.5,27.07,96.109,1.1152,6932.63,80.05,632.74,4.446,67.93,22.898,25.895,1.726,24.6,19.213,6933.46,80.18,632.99,4.5,68.07,22.893,25.957,1.711,24.593,19.099,LUBRICATION_DEGRADATION,1.0,1.0,1.0,0.3,1.0,0.0,0.0,0.0,0.0
58.6,TAKEOFF,94.77,66.6,1465.0,27.07,96.1,1.1151,6933.35,80.05,632.78,4.446,67.92,22.901,25.895,1.726,24.6,19.215,6932.41,79.72,633.41,4.423,67.78,22.881,25.902,1.784,24.575,19.159,LUBRICATION_DEGRADATION,1.0,1.0,1.0,0.3,1.0,0.0,0.0,0.0,0.0
58.7,TAKEOFF,94.78,66.61,1467.5,27.06,96.092,1.1151,6934.07,80.05,632.82,4.447,67.92,22.905,25.896,1.726,24.6,19.218,6935.76,79.61,635.07,4.385,68.19,22.924,25.905,1.766,24.57,19.31,LUBRICATION_DEGRADATION,1.0,1.0,1.0,0.3,1.0,0.0,0.0,0.0,0.0
58.8,TAKEOFF,94.8,66.62,1470.0,27.06,96.083,1.115,6934.8,80.05,632.87,4.447,67.92,22.908,25.896,1.726,24.6,19.22,6939.8,79.56,633.71,4.446,67.54,22.927,25.882,1.706,24.576,19.231,LUBRICATION_DEGRADATION,1.0,1.0,1.0,0.3,1.0,0.0,0.0,0.0,0.0
58.9,TAKEOFF,94.82,66.63,1472.5,27.05,96.074,1.1149,6935.52,80.05,632.91,4.447,67.92,22.912,25.896,1.727,24.6,19.223,6943.57,80.36,631.83,4.472,67.74,22.756,25.875,1.761,24.637,19.402,LUBRICATION_DEGRADATION,1.0,1.0,1.0,0.3,1.0,0.0,0.0,0.0,0.0
59.0,TAKEOFF,94.83,66.64,1475.0,27.05,96.066,1.1148,6936.24,80.05,632.95,4.447,67.92,22.916,25.897,1.727,24.6,19.225,6936.89,79.44,633.4,4.444,68.23,22.963,25.852,1.707,24.545,19.237,LUBRICATION_DEGRADATION,1.0,1.0,1.0,0.3,1.0,0.0,0.0,0.0,0.0
59.1,TAKEOFF,94.85,66.65,1477.5,27.04,96.057,1.1147,6936.97,80.05,632.99,4.448,67.92,22.919,25.897,1.727,24.6,19.228,6939.33,80.44,633.52,4.433,68.0,22.841,25.959,1.734,24.551,19.248,LUBRICATION_DEGRADATION,1.0,1.0,1.0,0.3,1.0,0.0,0.0,0.0,0.0
59.2,TAKEOFF,94.87,66.66,1480.0,27.04,96.048,1.1146,6937.69,80.05,633.03,4.448,67.92,22.923,25.897,1.727,24.6,19.23,6939.28,80.25,631.41,4.439,68.56,22.945,25.876,1.714,24.68,19.283,LUBRICATION_DEGRADATION,1.0,1.0,1.0,0.3,1.0,0.0,0.0,0.0,0.0
59.3,TAKEOFF,94.88,66.67,1482.5,27.03,96.04,1.1146,6938.41,80.05,633.08,4.448,67.91,22.926,25.898,1.727,24.6,19.233,6934.4,80.23,633.52,4.489,67.96,22.818,25.964,1.755,24.63,19.159,LUBRICATION_DEGRADATION,1.0,1.0,1.0,0.3,1.0,0.0,0.0,0.0,0.0
59.4,TAKEOFF,94.9,66.69,1485.0,27.03,96.031,1.1145,6939.14,80.05,633.12,4.448,67.91,22.93,25.898,1.727,24.6,19.235,6934.65,79.38,629.69,4.413,68.12,23.117,25.887,1.753,24.646,19.373,LUBRICATION_DEGRADATION,1.0,1.0,1.0,0.3,1.0,0.0,0.0,0.0,0.0
59.5,TAKEOFF,94.92,66.7,1487.5,27.02,96.022,1.1144,6939.86,80.05,633.16,4.449,67.91,22.933,25.898,1.728,24.6,19.238,6939.61,79.52,632.97,4.487,68.37,22.997,25.851,1.755,24.571,19.039,LUBRICATION_DEGRADATION,1.0,1.0,1.0,0.3,1.0,0.0,0.0,0.0,0.0
59.6,TAKEOFF,94.93,66.71,1490.0,27.02,96.013,1.1143,6940.58,80.05,633.2,4.449,67.91,22.937,25.899,1.728,24.6,19.24,6940.85,80.17,634.14,4.416,67.66,22.868,25.913,1.757,24.503,19.379,LUBRICATION_DEGRADATION,1.0,1.0,1.0,0.3,1.0,0.0,0.0,0.0,0.0
59.7,TAKEOFF,94.95,66.72,1492.5,27.01,96.005,1.1142,6941.31,80.05,633.24,4.449,67.91,22.941,25.899,1.728,24.6,19.243,6936.92,80.59,633.97,4.419,68.1,22.923,25.905,1.788,24.654,19.235,LUBRICATION_DEGRADATION,1.0,1.0,1.0,0.3,1.0,0.0,0.0,0.0,0.0
59.8,TAKEOFF,94.97,66.73,1495.0,27.01,95.996,1.1141,6942.03,80.05,633.29,4.45,67.91,22.944,25.899,1.728,24.6,19.245,6929.69,79.51,633.27,4.505,67.68,23.001,25.901,1.766,24.581,19.273,LUBRICATION_DEGRADATION,1.0,1.0,1.0,0.3,1.0,0.0,0.0,0.0,0.0
59.9,TAKEOFF,94.98,66.74,1497.5,27.0,95.987,1.1141,6942.76,80.05,633.33,4.45,67.91,22.948,25.9,1.728,24.6,19.248,6933.52,79.6,635.09,4.436,67.73,22.764,25.845,1.634,24.511,19.325,LUBRICATION_DEGRADATION,1.0,1.0,1.0,0.3,1.0,0.0,0.0,0.0,0.0
60.0,CLIMB,85.0,60.25,1500.0,27.0,95.979,1.114,6920.58,80.05,633.08,4.442,67.9,20.891,25.7,1.674,24.6,17.75,6918.19,79.61,634.7,4.497,67.72,20.724,25.707,1.743,24.604,17.78,LUBRICATION_DEGRADATION,1.0,1.0,1.0,0.3,1.0,0.0,0.0,0.0,0.0
60.1,CLIMB,84.99,60.24,1507.08,26.99,95.954,1.1138,6899.48,80.05,632.83,4.435,67.9,20.89,25.7,1.672,24.6,17.749,6900.97,80.14,632.87,4.446,67.96,20.929,25.656,1.612,24.666,17.807,LUBRICATION_DEGRADATION,1.0,1.0,1.0,0.3,1.0,0.0,0.0,0.0,0.0
60.2,CLIMB,84.98,60.24,1514.17,26.97,95.93,1.1135,6879.42,80.05,632.59,4.427,67.9,20.889,25.7,1.67,24.6,17.747,6876.75,80.21,632.63,4.388,67.64,20.949,25.721,1.787,24.655,17.626,LUBRICATION_DEGRADATION,1.0,1.0,1.0,0.3,1.0,0.0,0.0,0.0,0.0
60.3,CLIMB,84.97,60.23,1521.25,26.96,95.905,1.1133,6860.34,80.05,632.35,4.421,67.9,20.887,25.7,1.668,24.6,17.746,6859.75,80.63,634.89,4.435,67.44,21.073,25.773,1.625,24.586,17.779,LUBRICATION_DEGRADATION,1.0,1.0,1.0,0.3,1.0,0.0,0.0,0.0,0.0
60.4,CLIMB,84.97,60.23,1528.33,26.94,95.881,1.1131,6842.18,80.05,632.11,4.414,67.9,20.886,25.699,1.666,24.6,17.745,6842.59,79.62,633.23,4.378,68.12,20.813,25.644,1.643,24.595,17.797,LUBRICATION_DEGRADATION,1.0,1.0,1.0,0.3,1.0,0.0,0.0,0.0,0.0
60.5,CLIMB,84.96,60.22,1535.42,26.93,95.856,1.1128,6824.91,80.05,631.88,4.408,67.9,20.885,25.699,1.664,24.6,17.744,6816.46,80.33,633.15,4.407,68.36,20.995,25.643,1.719,24.474,17.656,LUBRICATION_DEGRADATION,1.0,1.0,1.0,0.3,1.0,0.0,0.0,0.0,0.0
60.6,CLIMB,84.95,60.22,1542.5,26.91,95.831,1.1126,6808.48,80.05,631.65,4.402,67.9,20.883,25.699,1.663,24.6,17.742,6805.63,80.29,629.61,4.435,67.95,20.847,25.598,1.727,24.544,17.668,LUBRICATION_DEGRADATION,1.0,1.0,1.0,0.3,1.0,0.0,0.0,0.0,0.0
60.7,CLIMB,84.94,60.21,1549.58,26.9,95.807,1.1124,6792.85,80.05,631.42,4.397,67.89,20.882,25.699,1.661,24.6,17.741,6789.21,79.48,629.4,4.403,67.72,21.038,25.691,1.707,24.703,17.9,LUBRICATION_DEGRADATION,1.0,1.0,1.0,0.3,1.0,0.0,0.0,0.0,0.0
60.8,CLIMB,84.93,60.21,1556.67,26.89,95.782,1.1121,6777.97,80.04,631.19,4.392,67.89,20.881,25.699,1.659,24.6,17.74,6779.57,79.88,631.76,4.387,68.09,20.84,25.655,1.587,24.631,17.765,LUBRICATION_DEGRADATION,1.0,1.0,1.0,0.3,1.0,0.0,0.0,0.0,0.0
60.9,CLIMB,84.92,60.2,1563.75,26.87,95.758,1.1119,6763.82,80.04,630.97,4.387,67.89,20.879,25.698,1.658,24.6,17.739,6761.65,79.77,630.26,4.371,68.2,20.745,25.675,1.669,24.542,17.671,LUBRICATION_DEGRADATION,1.0,1.0,1.0,0.3,1.0,0.0,0.0,0.0,0.0
61.0,CLIMB,84.92,60.2,1570.83,26.86,95.733,1.1117,6750.35,80.04,630.75,4.382,67.89,20.878,25.698,1.657,24.6,17.737,6757.87,79.87,630.38,4.414,68.16,20.591,25.666,1.639,24.603,17.905,LUBRICATION_DEGRADATION,1.0,1.0,1.0,0.3,1.0,0.0,0.0,0.0,0.0
61.1,CLIMB,84.91,60.19,1577.92,26.84,95.709,1.1114,6737.52,80.04,630.53,4.377,67.89,20.877,25.698,1.655,24.6,17.736,6746.52,80.67,632.52,4.396,67.5,20.775,25.788,1.682,24.57,17.809,LUBRICATION_DEGRADATION,1.0,1.0,1.0,0.3,1.0,0.0,0.0,0.0,0.0
61.2,CLIMB,84.9,60.18,1585.0,26.83,95.684,1.1112,6725.32,80.04,630.32,4.373,67.89,20.875,25.698,1.654,24.6,17.735,6729.5,80.21,629.74,4.343,67.45,20.903,25.649,1.666,24.635,17.667,LUBRICATION_DEGRADATION,1.0,1.0,1.0,0.3,1.0,0.0,0.0,0.0,0.0
61.3,CLIMB,84.89,60.18,1592.08,26.82,95.66,1.111,6713.7,80.04,630.1,4.369,67.88,20.874,25.698,1.653,24.6,17.734,6710.66,80.64,628.89,4.351,67.93,20.751,25.658,1.662,24.642,17.783,LUBRICATION_DEGRADATION,1.0,1.0,1.0,0.3,1.0,0.0,0.0,0.0,0.0
61.4,CLIMB,84.88,60.17,1599.17,26.8,95.635,1.1107,6702.63,80.04,629.89,4.365,67.88,20.873,25.698,1.652,24.6,17.732,6699.86,80.76,628.67,4.33,67.4,20.793,25.733,1.626,24.643,17.754,LUBRICATION_DEGRADATION,1.0,1.0,1.0,0.3,1.0,0.0,0.0,0.0,0.0
61.5,CLIMB,84.87,60.17,1606.25,26.79,95.611,1.1105,6692.1,80.04,629.69,4.361,67.88,20.871,25.697,1.651,24.6,17.731,6693.11,80.11,629.69,4.365,67.85,20.703,25.664,1.629,24.708,17.465,LUBRICATION_DEGRADATION,1.0,1.0,1.0,0.3,1.0,0.0,0.0,0.0,0.0
61.6,CLIMB,84.87,60.16,1613.33,26.77,95.587,1.1103,6682.07,80.04,629.48,4.358,67.88,20.87,25.697,1.65,24.6,17.73,6677.47,79.69,628.1,4.373,67.56,20.923,25.62,1.601,24.566,17.604,LUBRICATION_DEGRADATION,1.0,1.0,1.0,0.3,1.0,0.0,0.0,0.0,0.0
61.7,CLIMB,84.86,60.16,1620.42,26.76,95.562,1.11,6672.52,80.04,629.28,4.355,67.88,20.869,25.697,1.649,24.6,17.729,6684.14,79.6,630.45,4.347,67.93,20.923,25.656,1.69,24.635,17.817,LUBRICATION_DEGRADATION,1.0,1.0,1.0,0.3,1.0,0.0,0.0,0.0,0.0
61.8,CLIMB,84.85,60.15,1627.5,26.74,95.538,1.1098,6663.42,80.04,629.08,4.351,67.87,20.867,25.697,1.648,24.6,17.727,6657.29,79.64,628.89,4.367,68.25,20.854,25.726,1.64,24.581,17.777,LUBRICATION_DEGRADATION,1.0,1.0,1.0,0.3,1.0,0.0,0.0,0.0,0.0
61.9,CLIMB,84.84,60.15,1634.58,26.73,95.513,1.1096,6654.75,80.04,628.88,4.348,67.87,20.866,25.697,1.647,24.6,17.726,6653.64,80.21,627.19,4.323,67.54,20.745,25.715,1.793,24.615,17.67,LUBRICATION_DEGRADATION,1.0,1.0,1.0,0.3,1.0,0.0,0.0,0.0,0.0
62.0,CLIMB,84.83,60.14,1641.67,26.72,95.489,1.1093,6646.49,80.04,628.68,4.345,67.87,20.864,25.697,1.646,24.6,17.725,6641.97,80.1,628.48,4.318,67.39,20.872,25.779,1.755,24.673,17.621,LUBRICATION_DEGRADATION,1.0,1.0,1.0,0.3,1.0,0.0,0.0,0.0,0.0
62.1,CLIMB,84.82,60.14,1648.75,26.7,95.464,1.1091,6638.62,80.04,628.49,4.343,67.87,20.863,25.697,1.645,24.6,17.724,6634.31,79.26,625.31,4.333,68.53,20.755,25.716,1.64,24.646,17.812,LUBRICATION_DEGRADATION,1.0,1.0,1.0,0.3,1.0,0.0,0.0,0.0,0.0
62.2,CLIMB,84.82,60.13,1655.83,26.69,95.44,1.1089,6631.11,80.04,628.3,4.34,67.87,20.862,25.696,1.644,24.6,17.722,6631.37,80.36,626.9,4.323,67.63,20.852,25.676,1.637,24.548,17.694,LUBRICATION_DEGRADATION,1.0,1.0,1.0,0.3,1.0,0.0,0.0,0.0,0.0
62.3,CLIMB,84.81,60.13,1662.92,26.67,95.415,1.1086,6623.96,80.04,628.11,4.338,67.86,20.86,25.696,1.643,24.6,17.721,6627.82,80.49,628.14,4.369,67.71,20.727,25.733,1.607,24.551,17.825,LUBRICATION_DEGRADATION,1.0,1.0,1.0,0.3,1.0,0.0,0.0,0.0,0.0
62.4,CLIMB,84.8,60.12,1670.0,26.66,95.391,1.1084,6617.15,80.04,627.92,4.335,67.86,20.859,25.696,1.643,24.6,17.72,6616.68,80.57,627.57,4.342,67.8,20.712,25.647,1.613,24.592,17.64,LUBRICATION_DEGRADATION,1.0,1.0,1.0,0.3,1.0,0.0,0.0,0.0,0.0
62.5,CLIMB,84.79,60.11,1677.08,26.65,95.367,1.1082,6610.65,80.04,627.73,4.333,67.86,20.858,25.696,1.642,24.6,17.719,6612.67,79.95,626.33,4.299,67.68,20.896,25.624,1.694,24.5,17.612,LUBRICATION_DEGRADATION,1.0,1.0,1.0,0.3,1.0,0.0,0.0,0.0,0.0
62.6,CLIMB,84.78,60.11,1684.17,26.63,95.342,1.108,6604.45,80.04,627.55,4.331,67.86,20.856,25.696,1.641,24.6,17.717,6612.71,78.85,628.73,4.303,68.14,20.857,25.579,1.56,24.556,17.682,LUBRICATION_DEGRADATION,1.0,1.0,1.0,0.3,1.0,0.0,0.0,0.0,0.0
62.7,CLIMB,84.77,60.1,1691.25,26.62,95.318,1.1077,6598.53,80.04,627.37,4.329,67.86,20.855,25.695,1.641,24.6,17.716,6606.05,79.24,625.26,4.355,68.13,20.811,25.76,1.673,24.664,17.652,LUBRICATION_DEGRADATION,1.0,1.0,1.0,0.3,1.0,0.0,0.0,0.0,0.0
62.8,CLIMB,84.77,60.1,1698.33,26.6,95.293,1.1075,6592.89,80.04,627.19,4.327,67.85,20.854,25.695,1.64,24.6,17.715,6597.84,80.69,626.42,4.322,68.48,20.822,25.686,1.691,24.651,17.774,LUBRICATION_DEGRADATION,1.0,1.0,1.0,0.3,1.0,0.0,0.0,0.0,0.0
62.9,CLIMB,84.76,60.09,1705.42,26.59,95.269,1.1073,6587.51,80.04,627.01,4.325,67.85,20.852,25.695,1.639,24.6,17.714,6585.16,79.84,623.35,4.299,67.67,21.005,25.742,1.661,24.555,17.7,LUBRICATION_DEGRADATION,1.0,1.0,1.0,0.3,1.0,0.0,0.0,0.0,0.0
63.0,CLIMB,84.75,60.09,1712.5,26.57,95.245,1.107,6582.37,80.03,626.84,4.323,67.85,20.851,25.695,1.639,24.6,17.712,6578.35,79.8,624.3,4.327,67.84,20.782,25.738,1.622,24.58,17.695,LUBRICATION_DEGRADATION,1.0,1.0,1.0,0.3,1.0,0.0,0.0,0.0,0.0
63.1,CLIMB,84.74,60.08,1719.58,26.56,95.22,1.1068,6577.46,80.03,626.67,4.321,67.85,20.85,25.695,1.638,24.6,17.711,6576.08,79.95,627.19,4.267,67.89,21.064,25.78,1.542,24.527,17.872,LUBRICATION_DEGRADATION,1.0,1.0,1.0,0.3,1.0,0.0,0.0,0.0,0.0
63.2,CLIMB,84.73,60.08,1726.67,26.55,95.196,1.1066,6572.78,80.03,626.49,4.32,67.85,20.848,25.695,1.638,24.6,17.71,6566.8,79.77,627.7,4.333,67.96,20.716,25.669,1.58,24.619,17.787,LUBRICATION_DEGRADATION,1.0,1.0,1.0,0.3,1.0,0.0,0.0,0.0,0.0
63.3,CLIMB,84.72,60.07,1733.75,26.53,95.171,1.1063,6568.3,80.03,626.33,4.318,67.84,20.847,25.694,1.637,24.6,17.709,6558.13,80.78,627.22,4.306,67.46,20.816,25.695,1.61,24.66,17.705,LUBRICATION_DEGRADATION,1.0,1.0,1.0,0.3,1.0,0.0,0.0,0.0,0.0
63.4,CLIMB,84.72,60.07,1740.83,26.52,95.147,1.1061,6564.03,80.03,626.16,4.317,67.84,20.846,25.694,1.637,24.6,17.707,6571.93,79.92,624.67,4.29,67.94,20.968,25.724,1.697,24.578,17.692,LUBRICATION_DEGRADATION,1.0,1.0,1.0,0.3,1.0,0.0,0.0,0.0,0.0
63.5,CLIMB,84.71,60.06,1747.92,26.5,95.123,1.1059,6559.94,80.03,625.99,4.315,67.84,20.844,25.694,1.636,24.6,17.706,6562.48,79.95,628.21,4.374,67.63,20.913,25.666,1.665,24.703,17.926,LUBRICATION_DEGRADATION,1.0,1.0,1.0,0.3,1.0,0.0,0.0,0.0,0.0
63.6,CLIMB,84.7,60.05,1755.0,26.49,95.098,1.1056,6556.04,80.03,625.83,4.314,67.84,20.843,25.694,1.636,24.6,17.705,6558.77,80.49,626.61,4.289,67.55,20.753,25.744,1.646,24.505,17.581,LUBRICATION_DEGRADATION,1.0,1.0,1.0,0.3,1.0,0.0,0.0,0.0,0.0
63.7,CLIMB,84.69,60.05,1762.08,26.48,95.074,1.1054,6552.31,80.03,625.67,4.312,67.83,20.842,25.694,1.636,24.6,17.704,6562.35,80.41,625.99,4.31,67.75,20.909,25.674,1.665,24.598,17.56,LUBRICATION_DEGRADATION,1.0,1.0,1.0,0.3,1.0,0.0,0.0,0.0,0.0
63.8,CLIMB,84.68,60.04,1769.17,26.46,95.05,1.1052,6548.73,80.03,625.51,4.311,67.83,20.84,25.694,1.635,24.6,17.702,6547.58,79.12,626.94,4.292,67.76,20.797,25.694,1.623,24.586,17.74,LUBRICATION_DEGRADATION,1.0,1.0,1.0,0.3,1.0,0.0,0.0,0.0,0.0
63.9,CLIMB,84.67,60.04,1776.25,26.45,95.025,1.105,6545.32,80.03,625.35,4.31,67.83,20.839,25.694,1.635,24.6,17.701,6551.66,80.14,624.2,4.285,68.07,20.925,25.622,1.646,24.669,17.51,LUBRICATION_DEGRADATION,1.0,1.0,1.0,0.3,1.0,0.0,0.0,0.0,0.0
64.0,CLIMB,84.67,60.03,1783.33,26.43,95.001,1.1047,6542.05,80.03,625.2,4.309,67.83,20.838,25.693,1.634,24.6,17.7,6549.04,79.92,623.61,4.347,68.06,20.907,25.662,1.681,24.589,17.464,LUBRICATION_DEGRADATION,1.0,1.0,1.0,0.3,1.0,0.0,0.0,0.0,0.0
64.1,CLIMB,84.66,60.03,1790.42,26.42,94.977,1.1045,6538.92,80.03,625.04,4.308,67.83,20.836,25.693,1.634,24.6,17.699,6528.77,79.98,626.66,4.355,67.62,20.758,25.673,1.64,24.578,17.687,LUBRICATION_DEGRADATION,1.0,1.0,1.0,0.3,1.0,0.0,0.0,0.0,0.0
64.2,CLIMB,84.65,60.02,1797.5,26.4,94.952,1.1043,6535.92,80.03,624.89,4.307,67.82,20.835,25.693,1.634,24.6,17.697,6536.79,81.17,624.57,4.288,68.26,20.904,25.699,1.708,24.641,17.5,LUBRICATION_DEGRADATION,1.0,1.0,1.0,0.3,1.0,0.0,0.0,0.0,0.0
64.3,CLIMB,84.64,60.02,1804.58,26.39,94.928,1.104,6533.05,80.03,624.74,4.306,67.82,20.834,25.693,1.633,24.6,17.696,6534.85,79.6,624.83,4.339,67.22,20.864,25.651,1.67,24.693,17.51,LUBRICATION_DEGRADATION,1.0,1.0,1.0,0.3,1.0,0.0,0.0,0.0,0.0
64.4,CLIMB,84.63,60.01,1811.67,26.38,94.904,1.1038,6530.29,80.03,624.59,4.305,67.82,20.832,25.693,1.633,24.6,17.695,6530.58,79.64,625.72,4.259,67.74,20.758,25.64,1.666,24.68,17.644,LUBRICATION_DEGRADATION,1.0,1.0,1.0,0.3,1.0,0.0,0.0,0.0,0.0
64.5,CLIMB,84.62,60.01,1818.75,26.36,94.88,1.1036,6527.66,80.03,624.44,4.304,67.82,20.831,25.692,1.633,24.6,17.694,6537.68,79.87,622.56,4.292,68.1,20.716,25.704,1.681,24.576,17.716,LUBRICATION_DEGRADATION,1.0,1.0,1.0,0.3,1.0,0.0,0.0,0.0,0.0
64.6,CLIMB,84.62,60.0,1825.83,26.35,94.855,1.1033,6525.12,80.03,624.3,4.303,67.81,20.83,25.692,1.633,24.6,17.692,6522.78,78.9,625.24,4.304,67.65,20.929,25.657,1.668,24.6,17.755,LUBRICATION_DEGRADATION,1.0,1.0,1.0,0.3,1.0,0.0,0.0,0.0,0.0
64.7,CLIMB,84.61,60.0,1832.92,26.33,94.831,1.1031,6522.7,80.03,624.15,4.302,67.81,20.828,25.692,1.632,24.6,17.691,6520.94,79.72,622.45,4.37,68.2,20.754,25.697,1.776,24.563,17.816,LUBRICATION_DEGRADATION,1.0,1.0,1.0,0.3,1.0,0.0,0.0,0.0,0.0
64.8,CLIMB,84.6,59.99,1840.0,26.32,94.807,1.1029,6520.36,80.03,624.01,4.301,67.81,20.827,25.692,1.632,24.6,17.69,6519.91,80.37,624.7,4.267,67.78,20.984,25.717,1.585,24.645,17.528,LUBRICATION_DEGRADATION,1.0,1.0,1.0,0.3,1.0,0.0,0.0,0.0,0.0
64.9,CLIMB,84.59,59.98,1847.08,26.31,94.782,1.1027,6518.13,80.03,623.87,4.301,67.81,20.826,25.692,1.632,24.6,17.689,6524.12,79.82,624.91,4.281,67.96,20.851,25.641,1.671,24.52,17.829,LUBRICATION_DEGRADATION,1.0,1.0,1.0,0.3,1.0,0.0,0.0,0.0,0.0
65.0,CLIMB,84.58,59.98,1854.17,26.29,94.758,1.1024,6515.97,80.03,623.73,4.3,67.8,20.824,25.692,1.631,24.6,17.687,6512.06,80.62,624.22,4.306,67.57,20.994,25.643,1.642,24.614,17.64,LUBRICATION_DEGRADATION,1.0,1.0,1.0,0.3,1.0,0.0,0.0,0.0,0.0
65.1,CLIMB,84.57,59.97,1861.25,26.28,94.734,1.1022,6513.91,80.03,623.59,4.299,67.8,20.823,25.691,1.631,24.6,17.686,6514.9,79.16,624.23,4.306,67.79,21.008,25.693,1.68,24.589,17.739,LUBRICATION_DEGRADATION,1.0,1.0,1.0,0.3,1.0,0.0,0.0,0.0,0.0
65.2,CLIMB,84.57,59.97,1868.33,26.26,94.71,1.102,6511.92,80.03,623.46,4.298,67.8,20.822,25.691,1.631,24.6,17.685,6510.98,79.16,622.51,4.306,67.66,20.899,25.776,1.682,24.536,17.696,LUBRICATION_DEGRADATION,1.0,1.0,1.0,0.3,1.0,0.0,0.0,0.0,0.0
65.3,CLIMB,84.56,59.96,1875.42,26.25,94.685,1.1017,6510.01,80.03,623.32,4.298,67.8,20.82,25.691,1.631,24.6,17.684,6510.21,79.78,623.64,4.294,67.39,20.83,25.726,1.606,24.673,17.644,LUBRICATION_DEGRADATION,1.0,1.0,1.0,0.3,1.0,0.0,0.0,0.0,0.0
65.4,CLIMB,84.55,59.96,1882.5,26.23,94.661,1.1015,6508.17,80.03,623.19,4.297,67.79,20.819,25.691,1.63,24.6,17.682,6509.69,79.61,624.47,4.286,67.67,20.841,25.73,1.573,24.516,17.735,LUBRICATION_DEGRADATION,1.0,1.0,1.0,0.3,1.0,0.0,0.0,0.0,0.0
65.5,CLIMB,84.54,59.95,1889.58,26.22,94.637,1.1013,6506.39,80.02,623.06,4.296,67.79,20.818,25.691,1.63,24.6,17.681,6501.08,79.61,621.33,4.309,67.96,20.877,25.729,1.582,24.689,17.649,LUBRICATION_DEGRADATION,1.0,1.0,1.0,0.3,1.0,0.0,0.0,0.0,0.0
65.6,CLIMB,84.53,59.95,1896.67,26.21,94.613,1.101,6504.68,80.02,622.93,4.296,67.79,20.816,25.691,1.63,24.6,17.68,6498.85,80.1,623.32,4.266,67.86,20.873,25.768,1.734,24.596,17.68,LUBRICATION_DEGRADATION,1.0,1.0,1.0,0.3,1.0,0.0,0.0,0.0,0.0
65.7,CLIMB,84.52,59.94,1903.75,26.19,94.589,1.1008,6503.04,80.02,622.8,4.295,67.79,20.815,25.691,1.63,24.6,17.679,6500.59,79.74,624.21,4.314,68.1,20.792,25.742,1.645,24.579,17.716,LUBRICATION_DEGRADATION,1.0,1.0,1.0,0.3,1.0,0.0,0.0,0.0,0.0
65.8,CLIMB,84.52,59.94,1910.83,26.18,94.564,1.1006,6501.45,80.02,622.67,4.295,67.78,20.814,25.69,1.63,24.6,17.677,6497.44,79.31,624.3,4.325,67.94,20.911,25.696,1.747,24.576,17.66,LUBRICATION_DEGRADATION,1.0,1.0,1.0,0.3,1.0,0.0,0.0,0.0,0.0
65.9,CLIMB,84.51,59.93,1917.92,26.16,94.54,1.1004,6499.92,80.02,622.55,4.294,67.78,20.812,25.69,1.629,24.6,17.676,6496.47,79.9,622.88,4.265,67.54,20.796,25.676,1.647,24.564,17.818,LUBRICATION_DEGRADATION,1.0,1.0,1.0,0.3,1.0,0.0,0.0,0.0,0.0
66.0,CLIMB,84.5,59.92,1925.0,26.15,94.516,1.1001,6498.43,80.02,622.42,4.294,67.78,20.811,25.69,1.629,24.6,17.675,6498.49,79.55,620.82,4.267,67.31,20.758,25.683,1.579,24.608,17.702,LUBRICATION_DEGRADATION,1.0,1.0,1.0,0.3,1.0,0.0,0.0,0.0,0.0
66.1,CLIMB,84.49,59.92,1932.08,26.14,94.492,1.0999,6497.0,80.02,622.3,4.293,67.77,20.81,25.69,1.629,24.6,17.674,6500.09,80.63,619.29,4.323,68.21,20.682,25.629,1.584,24.547,17.512,LUBRICATION_DEGRADATION,1.0,1.0,1.0,0.3,1.0,0.0,0.0,0.0,0.0
66.2,CLIMB,84.48,59.91,1939.17,26.12,94.468,1.0997,6495.62,80.02,622.18,4.293,67.77,20.808,25.69,1.629,24.6,17.672,6494.25,80.0,622.71,4.258,67.72,20.958,25.688,1.655,24.582,17.618,LUBRICATION_DEGRADATION,1.0,1.0,1.0,0.3,1.0,0.0,0.0,0.0,0.0
66.3,CLIMB,84.47,59.91,1946.25,26.11,94.443,1.0994,6494.28,80.02,622.06,4.292,67.77,20.807,25.689,1.629,24.6,17.671,6487.69,79.0,620.42,4.315,67.7,20.746,25.748,1.634,24.655,17.872,LUBRICATION_DEGRADATION,1.0,1.0,1.0,0.3,1.0,0.0,0.0,0.0,0.0
66.4,CLIMB,84.47,59.9,1953.33,26.09,94.419,1.0992,6492.99,80.02,621.94,4.292,67.77,20.806,25.689,1.629,24.6,17.67,6490.88,80.38,621.85,4.291,67.57,20.788,25.633,1.58,24.585,17.799,LUBRICATION_DEGRADATION,1.0,1.0,1.0,0.3,1.0,0.0,0.0,0.0,0.0
66.5,CLIMB,84.46,59.9,1960.42,26.08,94.395,1.099,6491.73,80.02,621.82,4.291,67.76,20.804,25.689,1.628,24.6,17.669,6486.39,79.82,621.23,4.275,67.83,20.81,25.681,1.642,24.494,17.694,LUBRICATION_DEGRADATION,1.0,1.0,1.0,0.3,1.0,0.0,0.0,0.0,0.0
66.6,CLIMB,84.45,59.89,1967.5,26.06,94.371,1.0987,6490.52,80.02,621.7,4.291,67.76,20.803,25.689,1.628,24.6,17.667,6491.6,80.46,621.7,4.291,68.47,21.029,25.749,1.508,24.621,17.782,LUBRICATION_DEGRADATION,1.0,1.0,1.0,0.3,1.0,0.0,0.0,0.0,0.0
66.7,CLIMB,84.44,59.89,1974.58,26.05,94.347,1.0985,6489.34,80.02,621.59,4.291,67.76,20.801,25.689,1.628,24.6,17.666,6491.41,79.98,620.53,4.333,67.64,20.619,25.656,1.701,24.676,17.48,LUBRICATION_DEGRADATION,1.0,1.0,1.0,0.3,1.0,0.0,0.0,0.0,0.0
66.8,CLIMB,84.43,59.88,1981.67,26.04,94.323,1.0983,6488.19,80.02,621.47,4.29,67.76,20.8,25.689,1.628,24.6,17.665,6485.67,80.53,622.16,4.276,67.73,20.943,25.76,1.652,24.638,17.563,LUBRICATION_DEGRADATION,1.0,1.0,1.0,0.3,1.0,0.0,0.0,0.0,0.0
66.9,CLIMB,84.42,59.88,1988.75,26.02,94.298,1.0981,6487.08,80.02,621.36,4.29,67.75,20.799,25.688,1.628,24.6,17.664,6497.3,78.82,623.35,4.359,68.16,20.945,25.668,1.596,24.571,17.644,LUBRICATION_DEGRADATION,1.0,1.0,1.0,0.3,1.0,0.0,0.0,0.0,0.0
67.0,CLIMB,84.42,59.87,1995.83,26.01,94.274,1.0978,6486.0,80.02,621.25,4.289,67.75,20.797,25.688,1.628,24.6,17.662,6483.99,80.79,622.22,4.277,67.66,20.927,25.645,1.64,24.532,17.617,LUBRICATION_DEGRADATION,1.0,1.0,1.0,0.3,1.0,0.0,0.0,0.0,0.0
67.1,CLIMB,84.41,59.87,2002.92,25.99,94.25,1.0976,6484.95,80.02,621.14,4.289,67.75,20.796,25.688,1.627,24.6,17.661,6476.55,79.73,621.61,4.276,67.71,20.736,25.706,1.679,24.624,17.6,LUBRICATION_DEGRADATION,1.0,1.0,1.0,0.3,1.0,0.0,0.0,0.0,0.0
67.2,CLIMB,84.4,59.86,2010.0,25.98,94.226,1.0974,6483.93,80.02,621.03,4.289,67.74,20.795,25.688,1.627,24.6,17.66,6482.87,79.85,622.04,4.285,68.09,20.842,25.741,1.601,24.6,17.707,LUBRICATION_DEGRADATION,1.0,1.0,1.0,0.3,1.0,0.0,0.0,0.0,0.0
67.3,CLIMB,84.39,59.85,2017.08,25.97,94.202,1.0971,6482.94,80.02,620.92,4.288,67.74,20.793,25.688,1.627,24.6,17.659,6472.98,79.83,621.53,4.259,68.11,20.777,25.737,1.559,24.604,17.723,LUBRICATION_DEGRADATION,1.0,1.0,1.0,0.3,1.0,0.0,0.0,0.0,0.0
67.4,CLIMB,84.38,59.85,2024.17,25.95,94.178,1.0969,6481.97,80.02,620.82,4.288,67.74,20.792,25.688,1.627,24.6,17.657,6478.88,79.97,617.36,4.275,67.81,21.003,25.658,1.533,24.685,17.684,LUBRICATION_DEGRADATION,1.0,1.0,1.0,0.3,1.0,0.0,0.0,0.0,0.0
67.5,CLIMB,84.37,59.84,2031.25,25.94,94.154,1.0967,6481.03,80.02,620.71,4.288,67.73,20.791,25.688,1.627,24.6,17.656,6475.25,79.97,618.93,4.298,67.32,20.847,25.741,1.55,24.621,17.684,LUBRICATION_DEGRADATION,1.0,1.0,1.0,0.3,1.0,0.0,0.0,0.0,0.0
67.6,CLIMB,84.37,59.84,2038.33,25.92,94.13,1.0965,6480.11,80.02,620.61,4.288,67.73,20.789,25.687,1.627,24.6,17.655,6482.61,78.91,620.06,4.302,68.01,20.775,25.692,1.549,24.528,17.476,LUBRICATION_DEGRADATION,1.0,1.0,1.0,0.3,1.0,0.0,0.0,0.0,0.0
67.7,CLIMB,84.36,59.83,2045.42,25.91,94.106,1.0962,6479.21,80.02,620.5,4.287,67.73,20.788,25.687,1.627,24.6,17.654,6476.46,80.64,620.97,4.3,67.9,20.627,25.589,1.524,24.611,17.543,LUBRICATION_DEGRADATION,1.0,1.0,1.0,0.3,1.0,0.0,0.0,0.0,0.0
67.8,CLIMB,84.35,59.83,2052.5,25.89,94.081,1.096,6478.33,80.02,620.4,4.287,67.73,20.787,25.687,1.626,24.6,17.652,6485.06,80.58,618.2,4.265,67.8,20.821,25.798,1.737,24.547,17.81,LUBRICATION_DEGRADATION,1.0,1.0,1.0,0.3,1.0,0.0,0.0,0.0,0.0
67.9,CLIMB,84.34,59.82,2059.58,25.88,94.057,1.0958,6477.47,80.02,620.3,4.287,67.72,20.785,25.687,1.626,24.6,17.651,6484.77,79.75,619.72,4.279,67.74,20.946,25.663,1.672,24.562,17.611,LUBRICATION_DEGRADATION,1.0,1.0,1.0,0.3,1.0,0.0,0.0,0.0,0.0
68.0,CLIMB,84.33,59.82,2066.67,25.87,94.033,1.0955,6476.63,80.02,620.2,4.286,67.72,20.784,25.687,1.626,24.6,17.65,6476.04,80.18,618.54,4.251,67.74,20.878,25.703,1.623,24.61,17.625,LUBRICATION_DEGRADATION,1.0,1.0,1.0,0.3,1.0,0.0,0.0,0.0,0.0
68.1,CLIMB,84.32,59.81,2073.75,25.85,94.009,1.0953,6475.81,80.01,620.1,4.286,67.72,20.783,25.686,1.626,24.6,17.649,6478.51,79.57,621.79,4.306,67.43,20.846,25.806,1.573,24.584,17.547,LUBRICATION_DEGRADATION,1.0,1.0,1.0,0.3,1.0,0.0,0.0,0.0,0.0
68.2,CLIMB,84.32,59.81,2080.83,25.84,93.985,1.0951,6475.01,80.01,620.0,4.286,67.71,20.781,25.686,1.626,24.6,17.647,6479.49,80.41,618.71,4.266,67.44,20.752,25.701,1.596,24.536,17.566,LUBRICATION_DEGRADATION,1.0,1.0,1.0,0.3,1.0,0.0,0.0,0.0,0.0
68.3,CLIMB,84.31,59.8,2087.92,25.82,93.961,1.0949,6474.22,80.01,619.91,4.286,67.71,20.78,25.686,1.626,24.6,17.646,6475.59,81.19,620.17,4.253,67.85,20.833,25.708,1.69,24.628,17.765,LUBRICATION_DEGRADATION,1.0,1.0,1.0,0.3,1.0,0.0,0.0,0.0,0.0
68.4,CLIMB,84.3,59.79,2095.0,25.81,93.937,1.0946,6473.45,80.01,619.81,4.285,67.71,20.779,25.686,1.626,24.6,17.645,6467.69,79.83,621.46,4.332,67.74,20.829,25.627,1.628,24.615,17.803,LUBRICATION_DEGRADATION,1.0,1.0,1.0,0.3,1.0,0.0,0.0,0.0,0.0
68.5,CLIMB,84.29,59.79,2102.08,25.8,93.913,1.0944,6472.69,80.01,619.71,4.285,67.7,20.777,25.686,1.626,24.6,17.644,6476.76,79.9,620.38,4.314,68.22,20.808,25.681,1.585,24.644,17.629,LUBRICATION_DEGRADATION,1.0,1.0,1.0,0.3,1.0,0.0,0.0,0.0,0.0
68.6,CLIMB,84.28,59.78,2109.17,25.78,93.889,1.0942,6471.95,80.01,619.62,4.285,67.7,20.776,25.686,1.625,24.6,17.642,6468.31,80.09,621.97,4.295,67.95,20.818,25.634,1.66,24.676,17.564,LUBRICATION_DEGRADATION,1.0,1.0,1.0,0.3,1.0,0.0,0.0,0.0,0.0
68.7,CLIMB,84.27,59.78,2116.25,25.77,93.865,1.0939,6471.22,80.01,619.53,4.285,67.7,20.775,25.685,1.625,24.6,17.641,6468.59,80.72,620.86,4.311,68.21,20.755,25.728,1.673,24.633,17.64,LUBRICATION_DEGRADATION,1.0,1.0,1.0,0.3,1.0,0.0,0.0,0.0,0.0
68.8,CLIMB,84.27,59.77,2123.33,25.75,93.841,1.0937,6470.5,80.01,619.44,4.284,67.69,20.773,25.685,1.625,24.6,17.64,6476.44,80.23,618.11,4.265,67.87,20.651,25.75,1.607,24.677,17.682,LUBRICATION_DEGRADATION,1.0,1.0,1.0,0.3,1.0,0.0,0.0,0.0,0.0
68.9,CLIMB,84.26,59.77,2130.42,25.74,93.817,1.0935,6469.79,80.01,619.34,4.284,67.69,20.772,25.685,1.625,24.6,17.639,6471.39,79.47,620.83,4.262,67.46,20.837,25.625,1.661,24.615,17.585,LUBRICATION_DEGRADATION,1.0,1.0,1.0,0.3,1.0,0.0,0.0,0.0,0.0
69.0,CLIMB,84.25,59.76,2137.5,25.72,93.793,1.0933,6469.1,80.01,619.25,4.284,67.69,20.771,25.685,1.625,24.6,17.637,6462.13,79.31,617.61,4.31,67.83,20.724,25.638,1.647,24.701,17.652,LUBRICATION_DEGRADATION,1.0,1.0,1.0,0.3,1.0,0.0,0.0,0.0,0.0
69.1,CLIMB,84.24,59.76,2144.58,25.71,93.769,1.093,6468.41,80.01,619.17,4.284,67.68,20.769,25.685,1.625,24.6,17.636,6470.81,80.82,621.0,4.262,67.61,20.665,25.641,1.603,24.573,17.675,LUBRICATION_DEGRADATION,1.0,1.0,1.0,0.3,1.0,0.0,0.0,0.0,0.0
69.2,CLIMB,84.23,59.75,2151.67,25.7,93.745,1.0928,6467.74,80.01,619.08,4.283,67.68,20.768,25.685,1.625,24.6,17.635,6473.1,80.08,620.74,4.262,68.31,20.785,25.633,1.656,24.521,17.64,LUBRICATION_DEGRADATION,1.0,1.0,1.0,0.3,1.0,0.0,0.0,0.0,0.0
69.3,CLIMB,84.22,59.75,2158.75,25.68,93.721,1.0926,6467.08,80.01,618.99,4.283,67.68,20.767,25.684,1.625,24.6,17.634,6462.51,79.13,621.07,4.261,68.06,20.786,25.754,1.539,24.597,17.522,LUBRICATION_DEGRADATION,1.0,1.0,1.0,0.3,1.0,0.0,0.0,0.0,0.0
69.4,CLIMB,84.22,59.74,2165.83,25.67,93.697,1.0923,6466.42,80.01,618.9,4.283,67.67,20.765,25.684,1.625,24.6,17.632,6465.4,79.67,617.8,4.297,67.39,20.684,25.649,1.606,24.654,17.555,LUBRICATION_DEGRADATION,1.0,1.0,1.0,0.3,1.0,0.0,0.0,0.0,0.0
69.5,CLIMB,84.21,59.74,2172.92,25.65,93.673,1.0921,6465.78,80.01,618.82,4.283,67.67,20.764,25.684,1.624,24.6,17.631,6469.14,79.16,618.77,4.24,67.28,20.906,25.734,1.67,24.622,17.467,LUBRICATION_DEGRADATION,1.0,1.0,1.0,0.3,1.0,0.0,0.0,0.0,0.0
69.6,CLIMB,84.2,59.73,2180.0,25.64,93.649,1.0919,6465.14,80.01,618.73,4.283,67.67,20.763,25.684,1.624,24.6,17.63,6463.49,79.95,619.19,4.272,67.6,20.845,25.647,1.644,24.66,17.493,LUBRICATION_DEGRADATION,1.0,1.0,1.0,0.3,1.0,0.0,0.0,0.0,0.0
69.7,CLIMB,84.19,59.72,2187.08,25.63,93.625,1.0917,6464.51,80.01,618.65,4.282,67.66,20.761,25.684,1.624,24.6,17.629,6466.92,80.06,618.73,4.284,67.49,20.552,25.692,1.447,24.674,17.538,LUBRICATION_DEGRADATION,1.0,1.0,1.0,0.3,1.0,0.0,0.0,0.0,0.0
69.8,CLIMB,84.18,59.72,2194.17,25.61,93.601,1.0914,6463.89,80.01,618.57,4.282,67.66,20.76,25.684,1.624,24.6,17.627,6465.23,79.48,615.27,4.237,67.49,20.888,25.736,1.66,24.561,17.489,LUBRICATION_DEGRADATION,1.0,1.0,1.0,0.3,1.0,0.0,0.0,0.0,0.0
69.9,CLIMB,84.17,59.71,2201.25,25.6,93.577,1.0912,6463.27,80.01,618.49,4.282,67.66,20.758,25.683,1.624,24.6,17.626,6468.45,79.62,618.28,4.285,67.76,20.767,25.58,1.634,24.549,17.626,LUBRICATION_DEGRADATION,1.0,1.0,1.0,0.3,1.0,0.0,0.0,0.0,0.0
70.0,CLIMB,84.17,59.71,2208.33,25.58,93.553,1.091,6462.66,80.01,618.41,4.282,67.65,20.757,25.683,1.624,24.6,17.625,6458.96,79.6,619.55,4.327,67.61,20.561,25.657,1.618,24.657,17.653,LUBRICATION_DEGRADATION,1.0,1.0,1.0,0.3,1.0,0.0,0.0,0.0,0.0
70.1,CLIMB,84.16,59.7,2215.42,25.57,93.529,1.0908,6462.06,80.01,618.33,4.282,67.65,20.756,25.683,1.624,24.6,17.624,6465.0,79.93,619.82,4.257,67.37,20.798,25.669,1.519,24.598,17.742,LUBRICATION_DEGRADATION,1.0,1.0,1.0,0.3,1.0,0.0,0.0,0.0,0.0
70.2,CLIMB,84.15,59.7,2222.5,25.55,93.505,1.0905,6461.46,80.01,618.25,4.281,67.65,20.754,25.683,1.624,24.6,17.622,6459.17,79.84,619.22,4.236,67.55,20.673,25.706,1.588,24.731,17.548,LUBRICATION_DEGRADATION,1.0,1.0,1.0,0.3,1.0,0.0,0.0,0.0,0.0
70.3,CLIMB,84.14,59.69,2229.58,25.54,93.481,1.0903,6460.87,80.01,618.17,4.281,67.64,20.753,25.683,1.624,24.6,17.621,6461.32,80.58,618.67,4.263,67.67,20.782,25.725,1.585,24.63,17.54,LUBRICATION_DEGRADATION,1.0,1.0,1.0,0.3,1.0,0.0,0.0,0.0,0.0
70.4,CLIMB,84.13,59.69,2236.67,25.53,93.457,1.0901,6460.29,80.01,618.09,4.281,67.64,20.752,25.683,1.624,24.6,17.62,6455.63,80.26,619.18,4.28,67.45,20.869,25.652,1.604,24.646,17.681,LUBRICATION_DEGRADATION,1.0,1.0,1.0,0.3,1.0,0.0,0.0,0.0,0.0
70.5,CLIMB,84.12,59.68,2243.75,25.51,93.434,1.0898,6459.71,80.01,618.01,4.281,67.64,20.75,25.683,1.623,24.6,17.619,6462.77,80.74,617.58,4.306,67.43,20.849,25.683,1.562,24.545,17.776,LUBRICATION_DEGRADATION,1.0,1.0,1.0,0.3,1.0,0.0,0.0,0.0,0.0
70.6,CLIMB,84.12,59.68,2250.83,25.5,93.41,1.0896,6459.14,80.0,617.94,4.281,67.63,20.749,25.682,1.623,24.6,17.617,6460.33,79.69,617.78,4.289,67.74,20.748,25.623,1.592,24.588,17.561,LUBRICATION_DEGRADATION,1.0,1.0,1.0,0.3,1.0,0.0,0.0,0.0,0.0
70.7,CLIMB,84.11,59.67,2257.92,25.48,93.386,1.0894,6458.57,80.0,617.86,4.28,67.63,20.748,25.682,1.623,24.6,17.616,6448.44,81.02,620.82,4.246,67.83,20.719,25.709,1.568,24.631,17.625,LUBRICATION_DEGRADATION,1.0,1.0,1.0,0.3,1.0,0.0,0.0,0.0,0.0
70.8,CLIMB,84.1,59.66,2265.0,25.47,93.362,1.0892,6458.0,80.0,617.79,4.28,67.63,20.746,25.682,1.623,24.6,17.615,6461.02,79.54,621.86,4.263,67.76,20.858,25.752,1.617,24.667,17.707,LUBRICATION_DEGRADATION,1.0,1.0,1.0,0.3,1.0,0.0,0.0,0.0,0.0
70.9,CLIMB,84.09,59.66,2272.08,25.46,93.338,1.0889,6457.44,80.0,617.71,4.28,67.62,20.745,25.682,1.623,24.6,17.614,6459.04,79.49,616.14,4.271,67.85,20.783,25.695,1.68,24.616,17.616,LUBRICATION_DEGRADATION,1.0,1.0,1.0,0.3,1.0,0.0,0.0,0.0,0.0
71.0,CLIMB,84.08,59.65,2279.17,25.44,93.314,1.0887,6456.88,80.0,617.64,4.28,67.62,20.744,25.682,1.623,24.6,17.612,6458.03,79.9,617.63,4.288,67.82,20.751,25.688,1.674,24.59,17.606,LUBRICATION_DEGRADATION,1.0,1.0,1.0,0.3,1.0,0.0,0.0,0.0,0.0
71.1,CLIMB,84.07,59.65,2286.25,25.43,93.29,1.0885,6456.33,80.0,617.57,4.28,67.61,20.742,25.681,1.623,24.6,17.611,6455.23,80.4,619.55,4.236,67.34,20.585,25.659,1.608,24.642,17.557,LUBRICATION_DEGRADATION,1.0,1.0,1.0,0.3,1.0,0.0,0.0,0.0,0.0
71.2,CLIMB,84.07,59.64,2293.33,25.41,93.266,1.0883,6455.78,80.0,617.49,4.28,67.61,20.741,25.681,1.623,24.6,17.61,6458.99,79.24,617.03,4.249,67.92,20.806,25.73,1.634,24.627,17.488,LUBRICATION_DEGRADATION,1.0,1.0,1.0,0.3,1.0,0.0,0.0,0.0,0.0
71.3,CLIMB,84.06,59.64,2300.42,25.4,93.242,1.088,6455.24,80.0,617.42,4.279,67.61,20.74,25.681,1.623,24.6,17.609,6454.54,80.63,618.21,4.248,67.84,20.695,25.662,1.705,24.642,17.83,LUBRICATION_DEGRADATION,1.0,1.0,1.0,0.3,1.0,0.0,0.0,0.0,0.0
71.4,CLIMB,84.05,59.63,2307.5,25.38,93.219,1.0878,6454.69,80.0,617.35,4.279,67.6,20.738,25.681,1.623,24.6,17.607,6451.2,80.19,616.67,4.281,67.56,20.51,25.666,1.674,24.628,17.58,LUBRICATION_DEGRADATION,1.0,1.0,1.0,0.3,1.0,0.0,0.0,0.0,0.0
71.5,CLIMB,84.04,59.63,2314.58,25.37,93.195,1.0876,6454.16,80.0,617.28,4.279,67.6,20.737,25.681,1.622,24.6,17.606,6455.05,79.65,617.9,4.285,67.24,20.685,25.74,1.571,24.527,17.662,LUBRICATION_DEGRADATION,1.0,1.0,1.0,0.3,1.0,0.0,0.0,0.0,0.0
71.6,CLIMB,84.03,59.62,2321.67,25.36,93.171,1.0873,6453.62,80.0,617.21,4.279,67.6,20.736,25.681,1.622,24.6,17.605,6445.77,80.03,616.44,4.266,67.56,20.793,25.779,1.65,24.571,17.668,LUBRICATION_DEGRADATION,1.0,1.0,1.0,0.3,1.0,0.0,0.0,0.0,0.0
71.7,CLIMB,84.02,59.62,2328.75,25.34,93.147,1.0871,6453.09,80.0,617.15,4.279,67.59,20.734,25.68,1.622,24.6,17.604,6457.02,80.09,617.9,4.273,67.04,20.558,25.668,1.689,24.611,17.78,LUBRICATION_DEGRADATION,1.0,1.0,1.0,0.3,1.0,0.0,0.0,0.0,0.0
71.8,CLIMB,84.02,59.61,2335.83,25.33,93.123,1.0869,6452.56,80.0,617.08,4.279,67.59,20.733,25.68,1.622,24.6,17.602,6451.14,79.45,619.09,4.295,67.19,20.909,25.57,1.604,24.603,17.727,LUBRICATION_DEGRADATION,1.0,1.0,1.0,0.3,1.0,0.0,0.0,0.0,0.0
71.9,CLIMB,84.01,59.61,2342.92,25.31,93.099,1.0867,6452.03,80.0,617.01,4.278,67.58,20.732,25.68,1.622,24.6,17.601,6457.53,79.0,617.2,4.306,67.5,20.854,25.639,1.655,24.516,17.39,LUBRICATION_DEGRADATION,1.0,1.0,1.0,0.3,1.0,0.0,0.0,0.0,0.0
72.0,CLIMB,84.0,59.6,2350.0,25.3,93.075,1.0864,6451.5,80.0,616.95,4.278,67.58,20.73,25.68,1.622,24.6,17.6,6457.33,79.88,616.83,4.22,67.87,20.576,25.699,1.604,24.591,17.643,LUBRICATION_DEGRADATION,1.0,1.0,1.0,0.3,1.0,0.0,0.0,0.0,0.0
72.1,CLIMB,83.99,59.59,2357.08,25.29,93.052,1.0862,6450.98,80.0,616.88,4.278,67.58,20.729,25.68,1.622,24.6,17.599,6449.49,80.02,615.65,4.294,67.57,20.823,25.696,1.622,24.578,17.768,LUBRICATION_DEGRADATION,1.0,1.0,1.0,0.3,1.0,0.0,0.0,0.0,0.0
72.2,CLIMB,83.98,59.59,2364.17,25.27,93.028,1.086,6450.46,80.0,616.81,4.278,67.57,20.728,25.68,1.622,24.6,17.597,6460.92,79.81,616.27,4.296,67.96,20.733,25.723,1.614,24.643,17.563,LUBRICATION_DEGRADATION,1.0,1.0,1.0,0.3,1.0,0.0,0.0,0.0,0.0
72.3,CLIMB,83.97,59.58,2371.25,25.26,93.004,1.0858,6449.94,80.0,616.75,4.278,67.57,20.726,25.68,1.622,24.6,17.596,6453.04,79.21,615.84,4.278,67.25,20.872,25.724,1.597,24.629,17.566,LUBRICATION_DEGRADATION,1.0,1.0,1.0,0.3,1.0,0.0,0.0,0.0,0.0
72.4,CLIMB,83.97,59.58,2378.33,25.24,92.98,1.0855,6449.42,80.0,616.69,4.278,67.57,20.725,25.679,1.622,24.6,17.595,6446.95,80.37,615.74,4.282,67.14,20.696,25.601,1.767,24.601,17.543,LUBRICATION_DEGRADATION,1.0,1.0,1.0,0.3,1.0,0.0,0.0,0.0,0.0
72.5,CLIMB,83.96,59.57,2385.42,25.23,92.956,1.0853,6448.91,80.0,616.62,4.277,67.56,20.723,25.679,1.621,24.6,17.594,6446.28,79.08,616.32,4.28,67.48,20.702,25.748,1.719,24.447,17.498,LUBRICATION_DEGRADATION,1.0,1.0,1.0,0.3,1.0,0.0,0.0,0.0,0.0
72.6,CLIMB,83.95,59.57,2392.5,25.21,92.933,1.0851,6448.4,80.0,616.56,4.277,67.56,20.722,25.679,1.621,24.6,17.593,6447.57,80.03,615.78,4.254,67.69,20.544,25.669,1.585,24.617,17.463,LUBRICATION_DEGRADATION,1.0,1.0,1.0,0.3,1.0,0.0,0.0,0.0,0.0
72.7,CLIMB,83.94,59.56,2399.58,25.2,92.909,1.0849,6447.88,80.0,616.5,4.277,67.55,20.721,25.679,1.621,24.6,17.591,6447.69,79.57,617.04,4.237,67.37,20.615,25.71,1.618,24.517,17.543,LUBRICATION_DEGRADATION,1.0,1.0,1.0,0.3,1.0,0.0,0.0,0.0,0.0
72.8,CLIMB,83.93,59.56,2406.67,25.19,92.885,1.0846,6447.37,80.0,616.44,4.277,67.55,20.719,25.679,1.621,24.6,17.59,6447.28,79.9,617.25,4.307,67.35,20.726,25.68,1.655,24.607,17.627,LUBRICATION_DEGRADATION,1.0,1.0,1.0,0.3,1.0,0.0,0.0,0.0,0.0
72.9,CLIMB,83.92,59.55,2413.75,25.17,92.861,1.0844,6446.87,80.0,616.38,4.277,67.55,20.718,25.678,1.621,24.6,17.589,6444.43,79.6,615.49,4.28,67.92,20.816,25.639,1.507,24.618,17.648,LUBRICATION_DEGRADATION,1.0,1.0,1.0,0.3,1.0,0.0,0.0,0.0,0.0
73.0,CLIMB,83.92,59.55,2420.83,25.16,92.838,1.0842,6446.36,80.0,616.32,4.277,67.54,20.717,25.678,1.621,24.6,17.587,6450.66,79.95,616.64,4.296,67.67,20.568,25.62,1.575,24.609,17.51,LUBRICATION_DEGRADATION,1.0,1.0,1.0,0.3,1.0,0.0,0.0,0.0,0.0
73.1,CLIMB,83.91,59.54,2427.92,25.14,92.814,1.084,6445.85,79.99,616.26,4.276,67.54,20.715,25.678,1.621,24.6,17.586,6438.36,79.94,616.47,4.239,67.03,20.716,25.719,1.714,24.601,17.712,LUBRICATION_DEGRADATION,1.0,1.0,1.0,0.3,1.0,0.0,0.0,0.0,0.0
73.2,CLIMB,83.9,59.53,2435.0,25.13,92.79,1.0837,6445.35,79.99,616.2,4.276,67.53,20.714,25.678,1.621,24.6,17.585,6441.6,80.66,618.42,4.216,67.7,20.72,25.649,1.579,24.571,17.536,LUBRICATION_DEGRADATION,1.0,1.0,1.0,0.3,1.0,0.0,0.0,0.0,0.0
73.3,CLIMB,83.89,59.53,2442.08,25.12,92.766,1.0835,6444.85,79.99,616.14,4.276,67.53,20.713,25.678,1.621,24.6,17.584,6444.69,79.36,617.69,4.282,67.79,20.652,25.605,1.679,24.625,17.521,LUBRICATION_DEGRADATION,1.0,1.0,1.0,0.3,1.0,0.0,0.0,0.0,0.0
73.4,CLIMB,83.88,59.52,2449.17,25.1,92.743,1.0833,6444.35,79.99,616.08,4.276,67.53,20.711,25.678,1.621,24.6,17.582,6444.5,79.9,617.41,4.294,66.89,20.765,25.585,1.565,24.632,17.597,LUBRICATION_DEGRADATION,1.0,1.0,1.0,0.3,1.0,0.0,0.0,0.0,0.0
73.5,CLIMB,83.87,59.52,2456.25,25.09,92.719,1.083,6443.85,79.99,616.02,4.276,67.52,20.71,25.677,1.621,24.6,17.581,6439.37,79.94,616.4,4.293,67.6,20.655,25.715,1.625,24.645,17.479,LUBRICATION_DEGRADATION,1.0,1.0,1.0,0.3,1.0,0.0,0.0,0.0,0.0
73.6,CLIMB,83.87,59.51,2463.33,25.07,92.695,1.0828,6443.35,79.99,615.97,4.276,67.52,20.709,25.677,1.62,24.6,17.58,6439.59,80.13,618.45,4.277,67.91,20.511,25.63,1.577,24.676,17.516,LUBRICATION_DEGRADATION,1.0,1.0,1.0,0.3,1.0,0.0,0.0,0.0,0.0
73.7,CLIMB,83.86,59.51,2470.42,25.06,92.671,1.0826,6442.85,79.99,615.91,4.276,67.51,20.707,25.677,1.62,24.6,17.579,6443.04,80.79,614.32,4.236,68.16,20.73,25.737,1.559,24.53,17.693,LUBRICATION_DEGRADATION,1.0,1.0,1.0,0.3,1.0,0.0,0.0,0.0,0.0
73.8,CLIMB,83.85,59.5,2477.5,25.04,92.648,1.0824,6442.35,79.99,615.85,4.275,67.51,20.706,25.677,1.62,24.6,17.578,6447.93,79.45,616.85,4.257,67.44,20.745,25.699,1.668,24.664,17.502,LUBRICATION_DEGRADATION,1.0,1.0,1.0,0.3,1.0,0.0,0.0,0.0,0.0
73.9,CLIMB,83.84,59.5,2484.58,25.03,92.624,1.0821,6441.86,79.99,615.8,4.275,67.51,20.705,25.677,1.62,24.6,17.576,6436.18,79.49,616.56,4.269,67.81,20.82,25.653,1.668,24.597,17.724,LUBRICATION_DEGRADATION,1.0,1.0,1.0,0.3,1.0,0.0,0.0,0.0,0.0
74.0,CLIMB,83.83,59.49,2491.67,25.02,92.6,1.0819,6441.36,79.99,615.74,4.275,67.5,20.703,25.677,1.62,24.6,17.575,6437.48,79.77,616.27,4.294,67.5,20.891,25.689,1.694,24.586,17.633,LUBRICATION_DEGRADATION,1.0,1.0,1.0,0.3,1.0,0.0,0.0,0.0,0.0
74.1,CLIMB,83.82,59.49,2498.75,25.0,92.576,1.0817,6440.87,79.99,615.69,4.275,67.5,20.702,25.677,1.62,24.6,17.574,6438.87,79.63,614.59,4.276,67.53,20.553,25.638,1.651,24.601,17.764,LUBRICATION_DEGRADATION,1.0,1.0,1.0,0.3,1.0,0.0,0.0,0.0,0.0
74.2,CLIMB,83.82,59.48,2505.83,24.99,92.553,1.0815,6440.37,79.99,615.64,4.275,67.49,20.701,25.676,1.62,24.6,17.572,6436.92,79.77,614.32,4.258,67.65,20.726,25.731,1.672,24.575,17.754,LUBRICATION_DEGRADATION,1.0,1.0,1.0,0.3,1.0,0.0,0.0,0.0,0.0
74.3,CLIMB,83.81,59.48,2512.92,24.97,92.529,1.0812,6439.88,79.99,615.58,4.275,67.49,20.699,25.676,1.62,24.6,17.571,6445.19,79.56,616.47,4.279,67.34,20.649,25.607,1.605,24.565,17.487,LUBRICATION_DEGRADATION,1.0,1.0,1.0,0.3,1.0,0.0,0.0,0.0,0.0
74.4,CLIMB,83.8,59.47,2520.0,24.96,92.505,1.081,6439.39,79.99,615.53,4.274,67.48,20.698,25.676,1.62,24.6,17.57,6440.22,80.02,616.58,4.264,67.14,20.669,25.731,1.617,24.655,17.717,LUBRICATION_DEGRADATION,1.0,1.0,1.0,0.3,1.0,0.0,0.0,0.0,0.0
74.5,CLIMB,83.79,59.46,2527.08,24.95,92.482,1.0808,6438.9,79.99,615.48,4.274,67.48,20.697,25.676,1.62,24.6,17.569,6442.58,80.19,612.46,4.292,67.34,20.936,25.621,1.668,24.574,17.568,LUBRICATION_DEGRADATION,1.0,1.0,1.0,0.3,1.0,0.0,0.0,0.0,0.0
74.6,CLIMB,83.78,59.46,2534.17,24.93,92.458,1.0806,6438.41,79.99,615.43,4.274,67.48,20.695,25.676,1.62,24.6,17.567,6437.27,79.37,616.72,4.284,67.34,20.615,25.641,1.617,24.651,17.665,LUBRICATION_DEGRADATION,1.0,1.0,1.0,0.3,1.0,0.0,0.0,0.0,0.0
74.7,CLIMB,83.77,59.45,2541.25,24.92,92.434,1.0803,6437.92,79.99,615.37,4.274,67.47,20.694,25.675,1.619,24.6,17.566,6430.77,80.36,613.42,4.248,67.56,20.633,25.741,1.684,24.576,17.644,LUBRICATION_DEGRADATION,1.0,1.0,1.0,0.3,1.0,0.0,0.0,0.0,0.0
74.8,CLIMB,83.77,59.45,2548.33,24.9,92.411,1.0801,6437.43,79.99,615.32,4.274,67.47,20.692,25.675,1.619,24.6,17.565,6435.71,79.34,615.11,4.252,67.51,20.676,25.627,1.645,24.516,17.435,LUBRICATION_DEGRADATION,1.0,1.0,1.0,0.3,1.0,0.0,0.0,0.0,0.0
74.9,CLIMB,83.76,59.44,2555.42,24.89,92.387,1.0799,6436.94,79.99,615.27,4.274,67.46,20.691,25.675,1.619,24.6,17.564,6438.47,80.23,618.82,4.275,67.99,20.635,25.699,1.582,24.664,17.676,LUBRICATION_DEGRADATION,1.0,1.0,1.0,0.3,1.0,0.0,0.0,0.0,0.0
75.0,CLIMB,83.75,59.44,2562.5,24.88,92.363,1.0797,6436.45,79.99,615.22,4.274,67.46,20.69,25.675,1.619,24.6,17.562,6437.95,79.31,616.65,4.267,67.17,20.632,25.767,1.584,24.601,17.66,LUBRICATION_DEGRADATION,1.0,1.0,1.0,0.3,1.0,0.0,0.0,0.0,0.0
75.1,CLIMB,83.74,59.43,2569.58,24.86,92.34,1.0794,6435.96,79.99,615.17,4.273,67.45,20.688,25.675,1.619,24.6,17.561,6439.23,79.98,614.08,4.274,67.49,20.57,25.695,1.531,24.623,17.576,LUBRICATION_DEGRADATION,1.0,1.0,1.0,0.3,1.0,0.0,0.0,0.0,0.0
75.2,CLIMB,83.73,59.43,2576.67,24.85,92.316,1.0792,6435.47,79.99,615.12,4.273,67.45,20.687,25.675,1.619,24.6,17.56,6430.07,80.71,614.46,4.302,67.37,20.626,25.642,1.629,24.53,17.516,LUBRICATION_DEGRADATION,1.0,1.0,1.0,0.3,1.0,0.0,0.0,0.0,0.0
75.3,CLIMB,83.72,59.42,2583.75,24.83,92.293,1.079,6434.99,79.99,615.08,4.273,67.45,20.686,25.674,1.619,24.6,17.559,6426.13,79.72,614.33,4.276,67.35,20.724,25.6,1.705,24.563,17.346,LUBRICATION_DEGRADATION,1.0,1.0,1.0,0.3,1.0,0.0,0.0,0.0,0.0
75.4,CLIMB,83.72,59.42,2590.83,24.82,92.269,1.0788,6434.5,79.98,615.03,4.273,67.44,20.684,25.674,1.619,24.6,17.558,6429.21,79.22,618.41,4.273,67.67,20.725,25.616,1.626,24.641,17.553,LUBRICATION_DEGRADATION,1.0,1.0,1.0,0.3,1.0,0.0,0.0,0.0,0.0
75.5,CLIMB,83.71,59.41,2597.92,24.8,92.245,1.0785,6434.01,79.98,614.98,4.273,67.44,20.683,25.674,1.619,24.6,17.556,6435.46,80.16,615.22,4.248,67.56,20.641,25.742,1.609,24.702,17.587,LUBRICATION_DEGRADATION,1.0,1.0,1.0,0.3,1.0,0.0,0.0,0.0,0.0
75.6,CLIMB,83.7,59.41,2605.0,24.79,92.222,1.0783,6433.53,79.98,614.93,4.273,67.43,20.682,25.674,1.619,24.6,17.555,6430.54,79.86,614.63,4.318,67.72,20.717,25.659,1.739,24.609,17.406,LUBRICATION_DEGRADATION,1.0,1.0,1.0,0.3,1.0,0.0,0.0,0.0,0.0
75.7,CLIMB,83.69,59.4,2612.08,24.78,92.198,1.0781,6433.04,79.98,614.88,4.273,67.43,20.68,25.674,1.619,24.6,17.554,6421.5,80.61,617.01,4.308,67.1,20.674,25.507,1.571,24.607,17.413,LUBRICATION_DEGRADATION,1.0,1.0,1.0,0.3,1.0,0.0,0.0,0.0,0.0
75.8,CLIMB,83.68,59.39,2619.17,24.76,92.175,1.0779,6432.56,79.98,614.84,4.272,67.42,20.679,25.674,1.618,24.6,17.553,6432.03,80.24,617.79,4.237,66.91,20.718,25.706,1.583,24.598,17.579,LUBRICATION_DEGRADATION,1.0,1.0,1.0,0.3,1.0,0.0,0.0,0.0,0.0
75.9,CLIMB,83.67,59.39,2626.25,24.75,92.151,1.0776,6432.07,79.98,614.79,4.272,67.42,20.678,25.674,1.618,24.6,17.551,6437.36,80.33,613.99,4.265,67.3,20.615,25.73,1.636,24.645,17.69,LUBRICATION_DEGRADATION,1.0,1.0,1.0,0.3,1.0,0.0,0.0,0.0,0.0
76.0,CLIMB,83.67,59.38,2633.33,24.73,92.127,1.0774,6431.59,79.98,614.75,4.272,67.41,20.676,25.673,1.618,24.6,17.55,6429.59,79.02,613.38,4.263,67.0,20.735,25.658,1.61,24.59,17.555,LUBRICATION_DEGRADATION,1.0,1.0,1.0,0.3,1.0,0.0,0.0,0.0,0.0
76.1,CLIMB,83.66,59.38,2640.42,24.72,92.104,1.0772,6431.11,79.98,614.7,4.272,67.41,20.675,25.673,1.618,24.6,17.549,6424.09,79.03,614.37,4.27,67.7,20.73,25.652,1.533,24.655,17.58,LUBRICATION_DEGRADATION,1.0,1.0,1.0,0.3,1.0,0.0,0.0,0.0,0.0
76.2,CLIMB,83.65,59.37,2647.5,24.71,92.08,1.077,6430.62,79.98,614.65,4.272,67.41,20.674,25.673,1.618,24.6,17.547,6428.66,80.91,612.92,4.256,67.36,20.911,25.638,1.628,24.553,17.743,LUBRICATION_DEGRADATION,1.0,1.0,1.0,0.3,1.0,0.0,0.0,0.0,0.0
76.3,CLIMB,83.64,59.37,2654.58,24.69,92.057,1.0767,6430.14,79.98,614.61,4.272,67.4,20.672,25.673,1.618,24.6,17.546,6434.27,80.73,613.68,4.259,67.53,20.505,25.639,1.545,24.622,17.523,LUBRICATION_DEGRADATION,1.0,1.0,1.0,0.3,1.0,0.0,0.0,0.0,0.0
76.4,CLIMB,83.63,59.36,2661.67,24.68,92.033,1.0765,6429.66,79.98,614.57,4.272,67.4,20.671,25.673,1.618,24.6,17.545,6432.21,79.35,614.32,4.265,66.8,20.494,25.669,1.636,24.622,17.516,LUBRICATION_DEGRADATION,1.0,1.0,1.0,0.3,1.0,0.0,0.0,0.0,0.0
76.5,CLIMB,83.62,59.36,2668.75,24.66,92.009,1.0763,6429.17,79.98,614.52,4.271,67.39,20.67,25.672,1.618,24.6,17.544,6431.25,79.93,613.04,4.246,67.31,20.721,25.736,1.593,24.576,17.539,LUBRICATION_DEGRADATION,1.0,1.0,1.0,0.3,1.0,0.0,0.0,0.0,0.0
76.6,CLIMB,83.62,59.35,2675.83,24.65,91.986,1.0761,6428.69,79.98,614.48,4.271,67.39,20.668,25.672,1.618,24.6,17.543,6427.65,79.97,614.4,4.259,67.31,20.679,25.664,1.598,24.553,17.71,LUBRICATION_DEGRADATION,1.0,1.0,1.0,0.3,1.0,0.0,0.0,0.0,0.0
76.7,CLIMB,83.61,59.35,2682.92,24.63,91.962,1.0758,6428.21,79.98,614.43,4.271,67.38,20.667,25.672,1.618,24.6,17.541,6422.37,79.54,615.95,4.287,67.57,20.529,25.632,1.651,24.588,17.678,LUBRICATION_DEGRADATION,1.0,1.0,1.0,0.3,1.0,0.0,0.0,0.0,0.0
76.8,CLIMB,83.6,59.34,2690.0,24.62,91.939,1.0756,6427.73,79.98,614.39,4.271,67.38,20.665,25.672,1.617,24.6,17.54,6422.55,80.14,614.36,4.273,67.38,20.833,25.803,1.577,24.571,17.421,LUBRICATION_DEGRADATION,1.0,1.0,1.0,0.3,1.0,0.0,0.0,0.0,0.0
76.9,CLIMB,83.59,59.33,2697.08,24.61,91.915,1.0754,6427.25,79.98,614.35,4.271,67.37,20.664,25.672,1.617,24.6,17.539,6424.73,79.49,612.59,4.286,67.05,20.591,25.762,1.722,24.663,17.574,LUBRICATION_DEGRADATION,1.0,1.0,1.0,0.3,1.0,0.0,0.0,0.0,0.0
77.0,CLIMB,83.58,59.33,2704.17,24.59,91.892,1.0752,6426.77,79.98,614.31,4.271,67.37,20.663,25.672,1.617,24.6,17.538,6431.39,79.73,616.26,4.245,67.62,20.713,25.595,1.568,24.549,17.526,LUBRICATION_DEGRADATION,1.0,1.0,1.0,0.3,1.0,0.0,0.0,0.0,0.0
77.1,CLIMB,83.58,59.32,2711.25,24.58,91.868,1.075,6426.28,79.98,614.27,4.271,67.36,20.661,25.672,1.617,24.6,17.536,6426.82,80.35,615.22,4.261,67.1,20.693,25.631,1.692,24.618,17.746,LUBRICATION_DEGRADATION,1.0,1.0,1.0,0.3,1.0,0.0,0.0,0.0,0.0
77.2,CLIMB,83.57,59.32,2718.33,24.56,91.845,1.0747,6425.8,79.98,614.22,4.27,67.36,20.66,25.671,1.617,24.6,17.535,6424.83,80.49,614.74,4.286,67.57,20.793,25.659,1.58,24.496,17.511,LUBRICATION_DEGRADATION,1.0,1.0,1.0,0.3,1.0,0.0,0.0,0.0,0.0
77.3,CLIMB,83.56,59.31,2725.42,24.55,91.821,1.0745,6425.32,79.98,614.18,4.27,67.35,20.659,25.671,1.617,24.6,17.534,6425.79,80.46,614.61,4.296,67.22,20.591,25.589,1.657,24.473,17.431,LUBRICATION_DEGRADATION,1.0,1.0,1.0,0.3,1.0,0.0,0.0,0.0,0.0
77.4,CLIMB,83.55,59.31,2732.5,24.54,91.798,1.0743,6424.84,79.98,614.14,4.27,67.35,20.657,25.671,1.617,24.6,17.533,6420.73,78.36,615.5,4.28,67.24,20.553,25.682,1.567,24.609,17.501,LUBRICATION_DEGRADATION,1.0,1.0,1.0,0.3,1.0,0.0,0.0,0.0,0.0
77.5,CLIMB,83.54,59.3,2739.58,24.52,91.774,1.0741,6424.36,79.98,614.1,4.27,67.35,20.656,25.671,1.617,24.6,17.531,6432.38,79.31,613.89,4.238,67.49,20.568,25.708,1.696,24.599,17.556,LUBRICATION_DEGRADATION,1.0,1.0,1.0,0.3,1.0,0.0,0.0,0.0,0.0
77.6,CLIMB,83.53,59.3,2746.67,24.51,91.751,1.0738,6423.88,79.98,614.06,4.27,67.34,20.655,25.671,1.617,24.6,17.53,6429.67,80.09,613.89,4.262,67.32,20.614,25.724,1.635,24.565,17.64,LUBRICATION_DEGRADATION,1.0,1.0,1.0,0.3,1.0,0.0,0.0,0.0,0.0
77.7,CLIMB,83.53,59.29,2753.75,24.49,91.727,1.0736,6423.4,79.97,614.02,4.27,67.34,20.653,25.671,1.617,24.6,17.529,6431.37,80.11,616.61,4.303,67.54,20.533,25.598,1.671,24.636,17.478,LUBRICATION_DEGRADATION,1.0,1.0,1.0,0.3,1.0,0.0,0.0,0.0,0.0
77.8,CLIMB,83.52,59.29,2760.83,24.48,91.704,1.0734,6422.92,79.97,613.98,4.27,67.33,20.652,25.67,1.617,24.6,17.528,6419.24,79.37,617.21,4.295,67.23,20.684,25.645,1.65,24.624,17.499,LUBRICATION_DEGRADATION,1.0,1.0,1.0,0.3,1.0,0.0,0.0,0.0,0.0
77.9,CLIMB,83.51,59.28,2767.92,24.46,91.68,1.0732,6422.44,79.97,613.94,4.269,67.33,20.651,25.67,1.616,24.6,17.526,6420.42,79.6,612.61,4.275,67.01,20.646,25.656,1.676,24.529,17.595,LUBRICATION_DEGRADATION,1.0,1.0,1.0,0.3,1.0,0.0,0.0,0.0,0.0
78.0,CLIMB,83.5,59.28,2775.0,24.45,91.657,1.0729,6421.96,79.97,613.9,4.269,67.32,20.649,25.67,1.616,24.6,17.525,6427.73,80.05,613.39,4.264,66.94,20.555,25.711,1.616,24.61,17.498,LUBRICATION_DEGRADATION,1.0,1.0,1.0,0.3,1.0,0.0,0.0,0.0,0.0
78.1,CLIMB,83.49,59.27,2782.08,24.44,91.633,1.0727,6421.48,79.97,613.86,4.269,67.32,20.648,25.67,1.616,24.6,17.524,6417.61,79.51,616.47,4.249,67.16,20.658,25.692,1.557,24.51,17.563,LUBRICATION_DEGRADATION,1.0,1.0,1.0,0.3,1.0,0.0,0.0,0.0,0.0
78.2,CLIMB,83.48,59.26,2789.17,24.42,91.61,1.0725,6421.0,79.97,613.83,4.269,67.31,20.647,25.67,1.616,24.6,17.523,6432.77,80.0,614.21,4.283,67.47,20.615,25.637,1.555,24.635,17.474,LUBRICATION_DEGRADATION,1.0,1.0,1.0,0.3,1.0,0.0,0.0,0.0,0.0
78.3,CLIMB,83.48,59.26,2796.25,24.41,91.587,1.0723,6420.52,79.97,613.79,4.269,67.31,20.645,25.669,1.616,24.6,17.521,6418.87,80.37,612.58,4.23,67.38,20.678,25.685,1.593,24.553,17.48,LUBRICATION_DEGRADATION,1.0,1.0,1.0,0.3,1.0,0.0,0.0,0.0,0.0
78.4,CLIMB,83.47,59.25,2803.33,24.39,91.563,1.072,6420.04,79.97,613.75,4.269,67.3,20.644,25.669,1.616,24.6,17.52,6423.28,79.6,614.81,4.25,67.02,20.762,25.62,1.617,24.621,17.479,LUBRICATION_DEGRADATION,1.0,1.0,1.0,0.3,1.0,0.0,0.0,0.0,0.0
78.5,CLIMB,83.46,59.25,2810.42,24.38,91.54,1.0718,6419.57,79.97,613.71,4.269,67.3,20.643,25.669,1.616,24.6,17.519,6424.9,80.67,611.71,4.313,67.38,20.608,25.613,1.638,24.562,17.452,LUBRICATION_DEGRADATION,1.0,1.0,1.0,0.3,1.0,0.0,0.0,0.0,0.0
78.6,CLIMB,83.45,59.24,2817.5,24.37,91.516,1.0716,6419.09,79.97,613.68,4.268,67.29,20.641,25.669,1.616,24.6,17.518,6416.05,80.79,614.2,4.287,67.26,20.663,25.683,1.597,24.668,17.435,LUBRICATION_DEGRADATION,1.0,1.0,1.0,0.3,1.0,0.0,0.0,0.0,0.0
78.7,CLIMB,83.44,59.24,2824.58,24.35,91.493,1.0714,6418.61,79.97,613.64,4.268,67.29,20.64,25.669,1.616,24.6,17.516,6418.24,80.11,613.42,4.295,67.34,20.453,25.706,1.646,24.563,17.602,LUBRICATION_DEGRADATION,1.0,1.0,1.0,0.3,1.0,0.0,0.0,0.0,0.0
78.8,CLIMB,83.43,59.23,2831.67,24.34,91.469,1.0712,6418.13,79.97,613.6,4.268,67.28,20.638,25.669,1.616,24.6,17.515,6403.73,78.99,614.78,4.269,67.74,20.678,25.732,1.636,24.619,17.393,LUBRICATION_DEGRADATION,1.0,1.0,1.0,0.3,1.0,0.0,0.0,0.0,0.0
78.9,CLIMB,83.43,59.23,2838.75,24.32,91.446,1.0709,6417.65,79.97,613.57,4.268,67.28,20.637,25.669,1.616,24.6,17.514,6419.76,79.33,615.13,4.335,67.41,20.493,25.7,1.602,24.589,17.455,LUBRICATION_DEGRADATION,1.0,1.0,1.0,0.3,1.0,0.0,0.0,0.0,0.0
79.0,CLIMB,83.42,59.22,2845.83,24.31,91.423,1.0707,6417.17,79.97,613.53,4.268,67.27,20.636,25.668,1.615,24.6,17.513,6417.92,79.6,613.75,4.235,67.06,20.596,25.684,1.57,24.438,17.567,LUBRICATION_DEGRADATION,1.0,1.0,1.0,0.3,1.0,0.0,0.0,0.0,0.0
79.1,CLIMB,83.41,59.22,2852.92,24.29,91.399,1.0705,6416.69,79.97,613.49,4.268,67.27,20.634,25.668,1.615,24.6,17.511,6414.94,80.2,613.17,4.281,67.36,20.683,25.727,1.638,24.587,17.564,LUBRICATION_DEGRADATION,1.0,1.0,1.0,0.3,1.0,0.0,0.0,0.0,0.0
79.2,CLIMB,83.4,59.21,2860.0,24.28,91.376,1.0703,6416.21,79.97,613.46,4.268,67.26,20.633,25.668,1.615,24.6,17.51,6419.24,80.13,614.41,4.272,67.17,20.703,25.707,1.642,24.605,17.571,LUBRICATION_DEGRADATION,1.0,1.0,1.0,0.3,1.0,0.0,0.0,0.0,0.0
79.3,CLIMB,83.39,59.2,2867.08,24.27,91.352,1.07,6415.74,79.97,613.42,4.267,67.26,20.632,25.668,1.615,24.6,17.509,6417.52,80.07,611.09,4.243,67.42,20.696,25.689,1.636,24.539,17.861,LUBRICATION_DEGRADATION,1.0,1.0,1.0,0.3,1.0,0.0,0.0,0.0,0.0
79.4,CLIMB,83.38,59.2,2874.17,24.25,91.329,1.0698,6415.26,79.97,613.39,4.267,67.25,20.63,25.668,1.615,24.6,17.508,6413.54,79.39,612.32,4.304,67.04,20.677,25.635,1.558,24.478,17.536,LUBRICATION_DEGRADATION,1.0,1.0,1.0,0.3,1.0,0.0,0.0,0.0,0.0
79.5,CLIMB,83.38,59.19,2881.25,24.24,91.306,1.0696,6414.78,79.97,613.35,4.267,67.25,20.629,25.668,1.615,24.6,17.506,6413.12,78.95,613.81,4.231,67.29,20.385,25.572,1.602,24.502,17.408,LUBRICATION_DEGRADATION,1.0,1.0,1.0,0.3,1.0,0.0,0.0,0.0,0.0
79.6,CLIMB,83.37,59.19,2888.33,24.22,91.282,1.0694,6414.3,79.97,613.32,4.267,67.24,20.628,25.667,1.615,24.6,17.505,6417.99,80.58,612.75,4.272,66.86,20.621,25.664,1.641,24.595,17.577,LUBRICATION_DEGRADATION,1.0,1.0,1.0,0.3,1.0,0.0,0.0,0.0,0.0
79.7,CLIMB,83.36,59.18,2895.42,24.21,91.259,1.0691,6413.82,79.97,613.28,4.267,67.24,20.626,25.667,1.615,24.6,17.504,6409.34,79.95,612.32,4.291,67.4,20.737,25.664,1.584,24.583,17.607,LUBRICATION_DEGRADATION,1.0,1.0,1.0,0.3,1.0,0.0,0.0,0.0,0.0
79.8,CLIMB,83.35,59.18,2902.5,24.2,91.236,1.0689,6413.35,79.97,613.25,4.267,67.23,20.625,25.667,1.615,24.6,17.503,6416.35,79.76,612.59,4.292,67.21,20.514,25.714,1.639,24.633,17.308,LUBRICATION_DEGRADATION,1.0,1.0,1.0,0.3,1.0,0.0,0.0,0.0,0.0
79.9,CLIMB,83.34,59.17,2909.58,24.18,91.212,1.0687,6412.87,79.96,613.22,4.267,67.23,20.624,25.667,1.615,24.6,17.501,6416.21,78.64,610.86,4.267,67.22,20.563,25.686,1.595,24.662,17.453,LUBRICATION_DEGRADATION,1.0,1.0,1.0,0.3,1.0,0.0,0.0,0.0,0.0
80.0,CLIMB,83.33,59.17,2916.67,24.17,91.189,1.0685,6412.39,79.96,613.18,4.266,67.22,20.622,25.667,1.615,24.6,17.5,6419.75,79.87,610.7,4.254,67.23,20.743,25.649,1.677,24.597,17.48,LUBRICATION_DEGRADATION,1.0,1.0,1.0,0.3,1.0,0.0,0.0,0.0,0.0
80.1,CLIMB,83.33,59.16,2923.75,24.15,91.166,1.0683,6411.91,79.96,613.15,4.266,67.22,20.621,25.666,1.614,24.6,17.499,6409.32,80.05,611.46,4.266,67.81,20.685,25.696,1.645,24.537,17.347,LUBRICATION_DEGRADATION,1.0,1.0,1.0,0.3,1.0,0.0,0.0,0.0,0.0
80.2,CLIMB,83.32,59.16,2930.83,24.14,91.142,1.068,6411.44,79.96,613.12,4.266,67.21,20.62,25.666,1.614,24.6,17.498,6410.03,80.82,614.78,4.233,67.17,20.553,25.684,1.658,24.614,17.29,LUBRICATION_DEGRADATION,1.0,1.0,1.0,0.3,1.0,0.0,0.0,0.0,0.0
80.3,CLIMB,83.31,59.15,2937.92,24.12,91.119,1.0678,6410.96,79.96,613.08,4.266,67.21,20.618,25.666,1.614,24.6,17.496,6410.83,79.43,613.96,4.296,67.16,20.581,25.666,1.598,24.664,17.31,LUBRICATION_DEGRADATION,1.0,1.0,1.0,0.3,1.0,0.0,0.0,0.0,0.0
80.4,CLIMB,83.3,59.15,2945.0,24.11,91.096,1.0676,6410.48,79.96,613.05,4.266,67.2,20.617,25.666,1.614,24.6,17.495,6412.59,80.15,614.69,4.224,67.46,20.452,25.593,1.672,24.7,17.586,LUBRICATION_DEGRADATION,1.0,1.0,1.0,0.3,1.0,0.0,0.0,0.0,0.0
80.5,CLIMB,83.29,59.14,2952.08,24.1,91.072,1.0674,6410.0,79.96,613.02,4.266,67.2,20.615,25.666,1.614,24.6,17.494,6403.39,79.55,613.1,4.219,67.08,20.646,25.729,1.568,24.644,17.611,LUBRICATION_DEGRADATION,1.0,1.0,1.0,0.3,1.0,0.0,0.0,0.0,0.0
80.6,CLIMB,83.28,59.13,2959.17,24.08,91.049,1.0671,6409.53,79.96,612.99,4.266,67.19,20.614,25.666,1.614,24.6,17.493,6413.32,80.08,613.66,4.27,67.42,20.591,25.693,1.681,24.566,17.458,LUBRICATION_DEGRADATION,1.0,1.0,1.0,0.3,1.0,0.0,0.0,0.0,0.0
80.7,CLIMB,83.28,59.13,2966.25,24.07,91.026,1.0669,6409.05,79.96,612.95,4.265,67.19,20.613,25.666,1.614,24.6,17.491,6410.75,81.02,611.07,4.25,67.05,20.543,25.641,1.63,24.695,17.572,LUBRICATION_DEGRADATION,1.0,1.0,1.0,0.3,1.0,0.0,0.0,0.0,0.0
80.8,CLIMB,83.27,59.12,2973.33,24.05,91.002,1.0667,6408.57,79.96,612.92,4.265,67.18,20.611,25.665,1.614,24.6,17.49,6414.04,80.31,610.82,4.324,67.07,20.657,25.617,1.695,24.573,17.523,LUBRICATION_DEGRADATION,1.0,1.0,1.0,0.3,1.0,0.0,0.0,0.0,0.0
80.9,CLIMB,83.26,59.12,2980.42,24.04,90.979,1.0665,6408.09,79.96,612.89,4.265,67.18,20.61,25.665,1.614,24.6,17.489,6410.96,79.66,615.67,4.265,67.03,20.616,25.693,1.636,24.613,17.426,LUBRICATION_DEGRADATION,1.0,1.0,1.0,0.3,1.0,0.0,0.0,0.0,0.0
81.0,CLIMB,83.25,59.11,2987.5,24.03,90.956,1.0663,6407.62,79.96,612.86,4.265,67.17,20.609,25.665,1.614,24.6,17.488,6413.11,79.01,611.61,4.27,67.05,20.606,25.638,1.611,24.57,17.344,LUBRICATION_DEGRADATION,1.0,1.0,1.0,0.3,1.0,0.0,0.0,0.0,0.0
81.1,CLIMB,83.24,59.11,2994.58,24.01,90.932,1.066,6407.14,79.96,612.83,4.265,67.16,20.607,25.665,1.614,24.6,17.486,6411.38,78.93,613.09,4.31,67.29,20.545,25.682,1.562,24.617,17.463,LUBRICATION_DEGRADATION,1.0,1.0,1.0,0.3,1.0,0.0,0.0,0.0,0.0
81.2,CLIMB,83.23,59.1,3001.67,24.0,90.909,1.0658,6406.66,79.96,612.8,4.265,67.16,20.606,25.665,1.613,24.6,17.485,6400.11,80.58,613.13,4.236,67.09,20.529,25.784,1.644,24.647,17.264,LUBRICATION_DEGRADATION,1.0,1.0,1.0,0.3,1.0,0.0,0.0,0.0,0.0
81.3,CLIMB,83.23,59.1,3008.75,23.98,90.886,1.0656,6406.19,79.96,612.77,4.265,67.15,20.605,25.665,1.613,24.6,17.484,6411.05,79.86,612.26,4.258,67.11,20.713,25.713,1.572,24.623,17.579,LUBRICATION_DEGRADATION,1.0,1.0,1.0,0.3,1.0,0.0,0.0,0.0,0.0
81.4,CLIMB,83.22,59.09,3015.83,23.97,90.863,1.0654,6405.71,79.96,612.74,4.264,67.15,20.603,25.664,1.613,24.6,17.483,6404.86,80.04,613.01,4.293,67.14,20.456,25.603,1.542,24.617,17.548,LUBRICATION_DEGRADATION,1.0,1.0,1.0,0.3,1.0,0.0,0.0,0.0,0.0
81.5,CLIMB,83.21,59.09,3022.92,23.95,90.839,1.0651,6405.23,79.96,612.7,4.264,67.14,20.602,25.664,1.613,24.6,17.481,6405.25,80.2,615.25,4.262,66.87,20.603,25.632,1.586,24.693,17.212,LUBRICATION_DEGRADATION,1.0,1.0,1.0,0.3,1.0,0.0,0.0,0.0,0.0
81.6,CLIMB,83.2,59.08,3030.0,23.94,90.816,1.0649,6404.76,79.96,612.67,4.264,67.14,20.601,25.664,1.613,24.6,17.48,6411.65,79.85,613.47,4.336,67.37,20.71,25.612,1.59,24.596,17.398,LUBRICATION_DEGRADATION,1.0,1.0,1.0,0.3,1.0,0.0,0.0,0.0,0.0
81.7,CLIMB,83.19,59.07,3037.08,23.93,90.793,1.0647,6404.28,79.96,612.64,4.264,67.13,20.599,25.664,1.613,24.6,17.479,6413.28,79.48,611.71,4.231,67.38,20.656,25.632,1.569,24.681,17.483,LUBRICATION_DEGRADATION,1.0,1.0,1.0,0.3,1.0,0.0,0.0,0.0,0.0
81.8,CLIMB,83.18,59.07,3044.17,23.91,90.77,1.0645,6403.8,79.96,612.61,4.264,67.13,20.598,25.664,1.613,24.6,17.478,6395.8,79.57,611.36,4.277,67.07,20.409,25.703,1.517,24.558,17.424,LUBRICATION_DEGRADATION,1.0,1.0,1.0,0.3,1.0,0.0,0.0,0.0,0.0
81.9,CLIMB,83.18,59.06,3051.25,23.9,90.746,1.0643,6403.33,79.96,612.59,4.264,67.12,20.596,25.663,1.613,24.6,17.476,6407.42,80.26,614.13,4.252,67.47,20.801,25.698,1.506,24.643,17.492,LUBRICATION_DEGRADATION,1.0,1.0,1.0,0.3,1.0,0.0,0.0,0.0,0.0
82.0,CLIMB,83.17,59.06,3058.33,23.88,90.723,1.064,6402.85,79.95,612.56,4.264,67.12,20.595,25.663,1.613,24.6,17.475,6406.79,79.93,613.48,4.308,67.4,20.541,25.717,1.567,24.61,17.436,LUBRICATION_DEGRADATION,1.0,1.0,1.0,0.3,1.0,0.0,0.0,0.0,0.0
82.1,CLIMB,83.16,59.05,3065.42,23.87,90.7,1.0638,6402.37,79.95,612.53,4.263,67.11,20.594,25.663,1.613,24.6,17.474,6400.99,79.19,613.23,4.252,67.29,20.733,25.687,1.596,24.634,17.418,LUBRICATION_DEGRADATION,1.0,1.0,1.0,0.3,1.0,0.0,0.0,0.0,0.0
82.2,CLIMB,83.15,59.05,3072.5,23.86,90.677,1.0636,6401.9,79.95,612.5,4.263,67.11,20.592,25.663,1.613,24.6,17.473,6403.04,80.04,612.59,4.301,66.76,20.802,25.631,1.643,24.586,17.581,LUBRICATION_DEGRADATION,1.0,1.0,1.0,0.3,1.0,0.0,0.0,0.0,0.0
82.3,CLIMB,83.14,59.04,3079.58,23.84,90.654,1.0634,6401.42,79.95,612.47,4.263,67.1,20.591,25.663,1.612,24.6,17.471,6403.39,78.68,611.93,4.316,66.87,20.561,25.69,1.659,24.574,17.595,LUBRICATION_DEGRADATION,1.0,1.0,1.0,0.3,1.0,0.0,0.0,0.0,0.0
82.4,CLIMB,83.13,59.04,3086.67,23.83,90.63,1.0631,6400.94,79.95,612.44,4.263,67.09,20.59,25.663,1.612,24.6,17.47,6398.61,79.25,614.72,4.186,67.33,20.612,25.636,1.655,24.668,17.72,LUBRICATION_DEGRADATION,1.0,1.0,1.0,0.3,1.0,0.0,0.0,0.0,0.0
82.5,CLIMB,83.13,59.03,3093.75,23.81,90.607,1.0629,6400.47,79.95,612.41,4.263,67.09,20.588,25.663,1.612,24.6,17.469,6403.0,79.66,614.24,4.287,67.09,20.492,25.652,1.549,24.552,17.36,LUBRICATION_DEGRADATION,1.0,1.0,1.0,0.3,1.0,0.0,0.0,0.0,0.0
82.6,CLIMB,83.12,59.03,3100.83,23.8,90.584,1.0627,6399.99,79.95,612.38,4.263,67.08,20.587,25.662,1.612,24.6,17.468,6400.0,79.67,614.49,4.261,67.27,20.489,25.665,1.633,24.596,17.444,LUBRICATION_DEGRADATION,1.0,1.0,1.0,0.3,1.0,0.0,0.0,0.0,0.0
82.7,CLIMB,83.11,59.02,3107.92,23.78,90.561,1.0625,6399.51,79.95,612.35,4.263,67.08,20.586,25.662,1.612,24.6,17.466,6401.57,79.69,610.45,4.269,66.63,20.767,25.726,1.634,24.615,17.449,LUBRICATION_DEGRADATION,1.0,1.0,1.0,0.3,1.0,0.0,0.0,0.0,0.0
82.8,CLIMB,83.1,59.02,3115.0,23.77,90.538,1.0623,6399.04,79.95,612.33,4.263,67.07,20.584,25.662,1.612,24.6,17.465,6402.15,80.05,613.09,4.295,67.55,20.696,25.638,1.658,24.619,17.58,LUBRICATION_DEGRADATION,1.0,1.0,1.0,0.3,1.0,0.0,0.0,0.0,0.0
82.9,CLIMB,83.09,59.01,3122.08,23.76,90.514,1.062,6398.56,79.95,612.3,4.262,67.07,20.583,25.662,1.612,24.6,17.464,6404.38,79.44,611.41,4.247,66.75,20.438,25.676,1.608,24.611,17.385,LUBRICATION_DEGRADATION,1.0,1.0,1.0,0.3,1.0,0.0,0.0,0.0,0.0
83.0,CLIMB,83.08,59.0,3129.17,23.74,90.491,1.0618,6398.08,79.95,612.27,4.262,67.06,20.582,25.662,1.612,24.6,17.463,6404.35,79.56,614.63,4.254,67.42,20.597,25.673,1.687,24.621,17.501,LUBRICATION_DEGRADATION,1.0,1.0,1.0,0.3,1.0,0.0,0.0,0.0,0.0
83.1,CLIMB,83.08,59.0,3136.25,23.73,90.468,1.0616,6397.61,79.95,612.24,4.262,67.06,20.58,25.662,1.612,24.6,17.461,6402.69,80.27,611.41,4.257,66.8,20.47,25.602,1.697,24.665,17.496,LUBRICATION_DEGRADATION,1.0,1.0,1.0,0.3,1.0,0.0,0.0,0.0,0.0
83.2,CLIMB,83.07,58.99,3143.33,23.71,90.445,1.0614,6397.13,79.95,612.22,4.262,67.05,20.579,25.661,1.612,24.6,17.46,6399.5,80.42,612.55,4.247,66.76,20.555,25.706,1.651,24.508,17.267,LUBRICATION_DEGRADATION,1.0,1.0,1.0,0.3,1.0,0.0,0.0,0.0,0.0
83.3,CLIMB,83.06,58.99,3150.42,23.7,90.422,1.0612,6396.66,79.95,612.19,4.262,67.04,20.578,25.661,1.612,24.6,17.459,6393.2,80.29,610.31,4.255,66.99,20.417,25.663,1.646,24.508,17.51,LUBRICATION_DEGRADATION,1.0,1.0,1.0,0.3,1.0,0.0,0.0,0.0,0.0
83.4,CLIMB,83.05,58.98,3157.5,23.69,90.399,1.0609,6396.18,79.95,612.16,4.262,67.04,20.576,25.661,1.611,24.6,17.458,6399.65,81.1,612.72,4.196,66.82,20.545,25.673,1.672,24.661,17.435,LUBRICATION_DEGRADATION,1.0,1.0,1.0,0.3,1.0,0.0,0.0,0.0,0.0
83.5,CLIMB,83.04,58.98,3164.58,23.67,90.376,1.0607,6395.7,79.95,612.14,4.262,67.03,20.575,25.661,1.611,24.6,17.456,6394.49,79.92,613.75,4.323,67.17,20.619,25.723,1.634,24.522,17.364,LUBRICATION_DEGRADATION,1.0,1.0,1.0,0.3,1.0,0.0,0.0,0.0,0.0
83.6,CLIMB,83.03,58.97,3171.67,23.66,90.352,1.0605,6395.23,79.95,612.11,4.261,67.03,20.573,25.661,1.611,24.6,17.455,6389.29,79.84,615.82,4.287,67.02,20.631,25.607,1.675,24.646,17.409,LUBRICATION_DEGRADATION,1.0,1.0,1.0,0.3,1.0,0.0,0.0,0.0,0.0
83.7,CLIMB,83.03,58.97,3178.75,23.64,90.329,1.0603,6394.75,79.95,612.08,4.261,67.02,20.572,25.66,1.611,24.6,17.454,6392.84,80.3,612.1,4.255,67.22,20.706,25.625,1.612,24.607,17.546,LUBRICATION_DEGRADATION,1.0,1.0,1.0,0.3,1.0,0.0,0.0,0.0,0.0
83.8,CLIMB,83.02,58.96,3185.83,23.63,90.306,1.0601,6394.28,79.95,612.06,4.261,67.02,20.571,25.66,1.611,24.6,17.453,6392.49,79.54,609.67,4.259,66.46,20.592,25.605,1.604,24.566,17.564,LUBRICATION_DEGRADATION,1.0,1.0,1.0,0.3,1.0,0.0,0.0,0.0,0.0
83.9,CLIMB,83.01,58.96,3192.92,23.61,90.283,1.0598,6393.8,79.95,612.03,4.261,67.01,20.569,25.66,1.611,24.6,17.451,6395.18,79.7,612.14,4.286,67.04,20.59,25.659,1.62,24.601,17.601,LUBRICATION_DEGRADATION,1.0,1.0,1.0,0.3,1.0,0.0,0.0,0.0,0.0
84.0,CLIMB,83.0,58.95,3200.0,23.6,90.26,1.0596,6393.32,79.95,612.0,4.261,67.01,20.568,25.66,1.611,24.6,17.45,6396.57,79.75,611.23,4.238,67.08,20.37,25.752,1.624,24.624,17.484,LUBRICATION_DEGRADATION,1.0,1.0,1.0,0.3,1.0,0.0,0.0,0.0,0.0
84.1,CLIMB,82.99,58.94,3207.08,23.59,90.237,1.0594,6392.85,79.94,611.98,4.261,67.0,20.567,25.66,1.611,24.6,17.449,6397.79,79.79,611.59,4.237,66.77,20.543,25.682,1.57,24.645,17.418,LUBRICATION_DEGRADATION,1.0,1.0,1.0,0.3,1.0,0.0,0.0,0.0,0.0
84.2,CLIMB,82.98,58.94,3214.17,23.57,90.214,1.0592,6392.37,79.94,611.95,4.261,66.99,20.565,25.66,1.611,24.6,17.448,6396.7,79.56,613.95,4.3,66.97,20.728,25.771,1.703,24.595,17.428,LUBRICATION_DEGRADATION,1.0,1.0,1.0,0.3,1.0,0.0,0.0,0.0,0.0
84.3,CLIMB,82.98,58.93,3221.25,23.56,90.191,1.059,6391.9,79.94,611.93,4.26,66.99,20.564,25.66,1.611,24.6,17.446,6397.79,80.54,609.61,4.263,66.94,20.441,25.636,1.603,24.608,17.331,LUBRICATION_DEGRADATION,1.0,1.0,1.0,0.3,1.0,0.0,0.0,0.0,0.0
84.4,CLIMB,82.97,58.93,3228.33,23.54,90.168,1.0587,6391.42,79.94,611.9,4.26,66.98,20.563,25.659,1.611,24.6,17.445,6396.09,80.03,610.66,4.27,66.52,20.646,25.649,1.563,24.666,17.284,LUBRICATION_DEGRADATION,1.0,1.0,1.0,0.3,1.0,0.0,0.0,0.0,0.0
84.5,CLIMB,82.96,58.92,3235.42,23.53,90.145,1.0585,6390.95,79.94,611.87,4.26,66.98,20.561,25.659,1.61,24.6,17.444,6383.93,80.65,613.66,4.295,66.73,20.401,25.767,1.634,24.564,17.367,LUBRICATION_DEGRADATION,1.0,1.0,1.0,0.3,1.0,0.0,0.0,0.0,0.0
84.6,CLIMB,82.95,58.92,3242.5,23.52,90.121,1.0583,6390.47,79.94,611.85,4.26,66.97,20.56,25.659,1.61,24.6,17.443,6386.21,79.67,610.47,4.246,67.11,20.614,25.695,1.541,24.469,17.379,LUBRICATION_DEGRADATION,1.0,1.0,1.0,0.3,1.0,0.0,0.0,0.0,0.0
84.7,CLIMB,82.94,58.91,3249.58,23.5,90.098,1.0581,6389.99,79.94,611.82,4.26,66.96,20.559,25.659,1.61,24.6,17.441,6391.54,80.49,611.05,4.272,66.82,20.683,25.649,1.565,24.538,17.397,LUBRICATION_DEGRADATION,1.0,1.0,1.0,0.3,1.0,0.0,0.0,0.0,0.0
84.8,CLIMB,82.93,58.91,3256.67,23.49,90.075,1.0578,6389.52,79.94,611.8,4.26,66.96,20.557,25.659,1.61,24.6,17.44,6393.75,79.72,610.44,4.286,66.78,20.601,25.665,1.667,24.565,17.479,LUBRICATION_DEGRADATION,1.0,1.0,1.0,0.3,1.0,0.0,0.0,0.0,0.0
84.9,CLIMB,82.93,58.9,3263.75,23.47,90.052,1.0576,6389.04,79.94,611.77,4.26,66.95,20.556,25.659,1.61,24.6,17.439,6384.59,79.77,612.23,4.265,67.21,20.6,25.643,1.57,24.615,17.387,LUBRICATION_DEGRADATION,1.0,1.0,1.0,0.3,1.0,0.0,0.0,0.0,0.0
85.0,CLIMB,82.92,58.9,3270.83,23.46,90.029,1.0574,6388.57,79.94,611.75,4.259,66.95,20.554,25.658,1.61,24.6,17.438,6389.85,79.89,608.73,4.232,67.09,20.694,25.607,1.57,24.674,17.445,LUBRICATION_DEGRADATION,1.0,1.0,1.0,0.3,1.0,0.0,0.0,0.0,0.0
85.1,CLIMB,82.91,58.89,3277.92,23.44,90.006,1.0572,6388.09,79.94,611.72,4.259,66.94,20.553,25.658,1.61,24.6,17.436,6385.33,80.93,612.39,4.177,66.99,20.551,25.636,1.507,24.631,17.424,LUBRICATION_DEGRADATION,1.0,1.0,1.0,0.3,1.0,0.0,0.0,0.0,0.0
85.2,CLIMB,82.9,58.89,3285.0,23.43,89.983,1.057,6387.62,79.94,611.7,4.259,66.94,20.552,25.658,1.61,24.6,17.435,6389.21,79.53,606.54,4.278,66.82,20.413,25.655,1.578,24.588,17.509,LUBRICATION_DEGRADATION,1.0,1.0,1.0,0.3,1.0,0.0,0.0,0.0,0.0
85.3,CLIMB,82.89,58.88,3292.08,23.42,89.96,1.0567,6387.14,79.94,611.67,4.259,66.93,20.55,25.658,1.61,24.6,17.434,6383.65,80.24,612.98,4.267,67.3,20.548,25.618,1.576,24.63,17.438,LUBRICATION_DEGRADATION,1.0,1.0,1.0,0.3,1.0,0.0,0.0,0.0,0.0
85.4,CLIMB,82.88,58.87,3299.17,23.4,89.937,1.0565,6386.67,79.94,611.65,4.259,66.92,20.549,25.658,1.61,24.6,17.433,6376.6,80.08,613.51,4.226,66.88,20.757,25.69,1.665,24.586,17.43,LUBRICATION_DEGRADATION,1.0,1.0,1.0,0.3,1.0,0.0,0.0,0.0,0.0
85.5,CLIMB,82.88,58.87,3306.25,23.39,89.914,1.0563,6386.19,79.94,611.63,4.259,66.92,20.548,25.658,1.61,24.6,17.431,6379.24,80.36,611.46,4.243,67.04,20.538,25.656,1.507,24.538,17.393,LUBRICATION_DEGRADATION,1.0,1.0,1.0,0.3,1.0,0.0,0.0,0.0,0.0
85.6,CLIMB,82.87,58.86,3313.33,23.37,89.891,1.0561,6385.71,79.94,611.6,4.259,66.91,20.546,25.657,1.609,24.6,17.43,6382.39,78.95,611.62,4.274,66.64,20.526,25.641,1.648,24.57,17.699,LUBRICATION_DEGRADATION,1.0,1.0,1.0,0.3,1.0,0.0,0.0,0.0,0.0
85.7,CLIMB,82.86,58.86,3320.42,23.36,89.868,1.0559,6385.24,79.94,611.58,4.259,66.91,20.545,25.657,1.609,24.6,17.429,6393.06,79.28,610.85,4.246,66.43,20.499,25.595,1.61,24.61,17.282,LUBRICATION_DEGRADATION,1.0,1.0,1.0,0.3,1.0,0.0,0.0,0.0,0.0
85.8,CLIMB,82.85,58.85,3327.5,23.35,89.845,1.0556,6384.76,79.94,611.55,4.258,66.9,20.544,25.657,1.609,24.6,17.428,6394.02,79.66,613.41,4.233,67.12,20.537,25.699,1.588,24.58,17.443,LUBRICATION_DEGRADATION,1.0,1.0,1.0,0.3,1.0,0.0,0.0,0.0,0.0
85.9,CLIMB,82.84,58.85,3334.58,23.33,89.822,1.0554,6384.29,79.94,611.53,4.258,66.89,20.542,25.657,1.609,24.6,17.426,6377.04,78.46,612.34,4.228,66.76,20.498,25.67,1.619,24.603,17.311,LUBRICATION_DEGRADATION,1.0,1.0,1.0,0.3,1.0,0.0,0.0,0.0,0.0
86.0,CLIMB,82.83,58.84,3341.67,23.32,89.799,1.0552,6383.81,79.94,611.51,4.258,66.89,20.541,25.657,1.609,24.6,17.425,6376.2,79.55,614.26,4.311,67.2,20.593,25.659,1.67,24.617,17.46,LUBRICATION_DEGRADATION,1.0,1.0,1.0,0.3,1.0,0.0,0.0,0.0,0.0
86.1,CLIMB,82.83,58.84,3348.75,23.3,89.776,1.055,6383.34,79.93,611.48,4.258,66.88,20.54,25.657,1.609,24.6,17.424,6393.96,79.17,610.18,4.254,66.4,20.552,25.682,1.6,24.543,17.445,LUBRICATION_DEGRADATION,1.0,1.0,1.0,0.3,1.0,0.0,0.0,0.0,0.0
86.2,CLIMB,82.82,58.83,3355.83,23.29,89.753,1.0548,6382.86,79.93,611.46,4.258,66.88,20.538,25.656,1.609,24.6,17.423,6378.31,79.4,612.07,4.295,66.77,20.601,25.633,1.541,24.572,17.609,LUBRICATION_DEGRADATION,1.0,1.0,1.0,0.3,1.0,0.0,0.0,0.0,0.0
86.3,CLIMB,82.81,58.83,3362.92,23.27,89.73,1.0545,6382.39,79.93,611.44,4.258,66.87,20.537,25.656,1.609,24.6,17.421,6377.83,80.54,610.65,4.296,66.58,20.8,25.638,1.597,24.565,17.374,LUBRICATION_DEGRADATION,1.0,1.0,1.0,0.3,1.0,0.0,0.0,0.0,0.0
86.4,CLIMB,82.8,58.82,3370.0,23.26,89.707,1.0543,6381.91,79.93,611.41,4.258,66.86,20.535,25.656,1.609,24.6,17.42,6373.59,79.94,608.26,4.292,66.81,20.74,25.604,1.652,24.643,17.496,LUBRICATION_DEGRADATION,1.0,1.0,1.0,0.3,1.0,0.0,0.0,0.0,0.0
86.5,CLIMB,82.79,58.81,3377.08,23.25,89.684,1.0541,6381.44,79.93,611.39,4.257,66.86,20.534,25.656,1.609,24.6,17.419,6381.39,80.56,611.59,4.267,66.46,20.554,25.618,1.645,24.637,17.457,LUBRICATION_DEGRADATION,1.0,1.0,1.0,0.3,1.0,0.0,0.0,0.0,0.0
86.6,CLIMB,82.78,58.81,3384.17,23.23,89.661,1.0539,6380.96,79.93,611.37,4.257,66.85,20.533,25.656,1.609,24.6,17.418,6388.54,79.24,610.15,4.295,66.96,20.664,25.646,1.56,24.623,17.498,LUBRICATION_DEGRADATION,1.0,1.0,1.0,0.3,1.0,0.0,0.0,0.0,0.0
86.7,CLIMB,82.78,58.8,3391.25,23.22,89.638,1.0537,6380.49,79.93,611.34,4.257,66.85,20.531,25.655,1.608,24.6,17.416,6377.72,79.39,612.17,4.26,66.38,20.473,25.706,1.592,24.641,17.295,LUBRICATION_DEGRADATION,1.0,1.0,1.0,0.3,1.0,0.0,0.0,0.0,0.0
86.8,CLIMB,82.77,58.8,3398.33,23.2,89.615,1.0535,6380.01,79.93,611.32,4.257,66.84,20.53,25.655,1.608,24.6,17.415,6371.77,79.68,615.02,4.247,67.12,20.408,25.569,1.624,24.605,17.27,LUBRICATION_DEGRADATION,1.0,1.0,1.0,0.3,1.0,0.0,0.0,0.0,0.0
86.9,CLIMB,82.76,58.79,3405.42,23.19,89.592,1.0532,6379.54,79.93,611.3,4.257,66.83,20.529,25.655,1.608,24.6,17.414,6375.56,79.64,608.32,4.287,66.97,20.541,25.652,1.612,24.53,17.268,LUBRICATION_DEGRADATION,1.0,1.0,1.0,0.3,1.0,0.0,0.0,0.0,0.0
87.0,CLIMB,82.75,58.79,3412.5,23.18,89.569,1.053,6379.06,79.93,611.28,4.257,66.83,20.527,25.655,1.608,24.6,17.413,6380.31,79.52,611.0,4.295,66.67,20.411,25.651,1.667,24.577,17.459,LUBRICATION_DEGRADATION,1.0,1.0,1.0,0.3,1.0,0.0,0.0,0.0,0.0
87.1,CLIMB,82.74,58.78,3419.58,23.16,89.547,1.0528,6378.59,79.93,611.25,4.257,66.82,20.526,25.655,1.608,24.6,17.411,6375.87,79.8,611.54,4.257,66.71,20.519,25.595,1.572,24.558,17.559,LUBRICATION_DEGRADATION,1.0,1.0,1.0,0.3,1.0,0.0,0.0,0.0,0.0
87.2,CLIMB,82.73,58.78,3426.67,23.15,89.524,1.0526,6378.11,79.93,611.23,4.257,66.82,20.525,25.655,1.608,24.6,17.41,6381.73,79.41,608.06,4.247,66.63,20.668,25.654,1.651,24.67,17.169,LUBRICATION_DEGRADATION,1.0,1.0,1.0,0.3,1.0,0.0,0.0,0.0,0.0
87.3,CLIMB,82.73,58.77,3433.75,23.13,89.501,1.0524,6377.64,79.93,611.21,4.256,66.81,20.523,25.655,1.608,24.6,17.409,6380.58,79.71,611.64,4.249,66.65,20.517,25.638,1.709,24.664,17.506,LUBRICATION_DEGRADATION,1.0,1.0,1.0,0.3,1.0,0.0,0.0,0.0,0.0
87.4,CLIMB,82.72,58.77,3440.83,23.12,89.478,1.0521,6377.16,79.93,611.19,4.256,66.8,20.522,25.654,1.608,24.6,17.408,6375.73,79.48,613.85,4.23,66.22,20.556,25.541,1.558,24.664,17.167,LUBRICATION_DEGRADATION,1.0,1.0,1.0,0.3,1.0,0.0,0.0,0.0,0.0
87.5,CLIMB,82.71,58.76,3447.92,23.1,89.455,1.0519,6376.69,79.93,611.16,4.256,66.8,20.52,25.654,1.608,24.6,17.406,6369.08,80.07,609.14,4.231,66.81,20.615,25.632,1.597,24.554,17.474,LUBRICATION_DEGRADATION,1.0,1.0,1.0,0.3,1.0,0.0,0.0,0.0,0.0
87.6,CLIMB,82.7,58.76,3455.0,23.09,89.432,1.0517,6376.21,79.93,611.14,4.256,66.79,20.519,25.654,1.608,24.6,17.405,6378.46,80.23,610.89,4.29,66.42,20.462,25.633,1.578,24.667,17.344,LUBRICATION_DEGRADATION,1.0,1.0,1.0,0.3,1.0,0.0,0.0,0.0,0.0
87.7,CLIMB,82.69,58.75,3462.08,23.08,89.409,1.0515,6375.74,79.93,611.12,4.256,66.78,20.518,25.654,1.608,24.6,17.404,6377.54,79.84,610.55,4.244,67.03,20.499,25.656,1.628,24.633,17.41,LUBRICATION_DEGRADATION,1.0,1.0,1.0,0.3,1.0,0.0,0.0,0.0,0.0
87.8,CLIMB,82.68,58.74,3469.17,23.06,89.386,1.0513,6375.26,79.93,611.1,4.256,66.78,20.516,25.654,1.607,24.6,17.403,6376.33,80.06,611.41,4.243,66.37,20.477,25.665,1.679,24.524,17.461,LUBRICATION_DEGRADATION,1.0,1.0,1.0,0.3,1.0,0.0,0.0,0.0,0.0
87.9,CLIMB,82.68,58.74,3476.25,23.05,89.363,1.051,6374.79,79.93,611.08,4.256,66.77,20.515,25.654,1.607,24.6,17.401,6369.55,80.31,611.83,4.223,66.39,20.569,25.651,1.593,24.551,17.471,LUBRICATION_DEGRADATION,1.0,1.0,1.0,0.3,1.0,0.0,0.0,0.0,0.0
88.0,CLIMB,82.67,58.73,3483.33,23.03,89.341,1.0508,6374.32,79.92,611.06,4.255,66.77,20.514,25.653,1.607,24.6,17.4,6373.7,80.38,611.96,4.226,66.89,20.367,25.766,1.547,24.555,17.563,LUBRICATION_DEGRADATION,1.0,1.0,1.0,0.3,1.0,0.0,0.0,0.0,0.0
88.1,CLIMB,82.66,58.73,3490.42,23.02,89.318,1.0506,6373.84,79.92,611.03,4.255,66.76,20.512,25.653,1.607,24.6,17.399,6377.03,79.29,612.23,4.291,66.5,20.541,25.712,1.658,24.511,17.312,LUBRICATION_DEGRADATION,1.0,1.0,1.0,0.3,1.0,0.0,0.0,0.0,0.0
88.2,CLIMB,82.65,58.72,3497.5,23.01,89.295,1.0504,6373.37,79.92,611.01,4.255,66.75,20.511,25.653,1.607,24.6,17.398,6372.67,79.28,611.22,4.259,66.9,20.508,25.6,1.593,24.555,17.349,LUBRICATION_DEGRADATION,1.0,1.0,1.0,0.3,1.0,0.0,0.0,0.0,0.0
88.3,CLIMB,82.64,58.72,3504.58,22.99,89.272,1.0502,6372.89,79.92,610.99,4.255,66.75,20.51,25.653,1.607,24.6,17.396,6367.09,80.42,611.14,4.202,67.08,20.608,25.652,1.65,24.497,17.37,LUBRICATION_DEGRADATION,1.0,1.0,1.0,0.3,1.0,0.0,0.0,0.0,0.0
88.4,CLIMB,82.63,58.71,3511.67,22.98,89.249,1.05,6372.42,79.92,610.97,4.255,66.74,20.508,25.653,1.607,24.6,17.395,6373.7,81.07,612.18,4.238,66.76,20.461,25.62,1.61,24.693,17.419,LUBRICATION_DEGRADATION,1.0,1.0,1.0,0.3,1.0,0.0,0.0,0.0,0.0
88.5,CLIMB,82.63,58.71,3518.75,22.96,89.226,1.0497,6371.94,79.92,610.95,4.255,66.73,20.507,25.652,1.607,24.6,17.394,6371.12,80.92,613.49,4.217,66.56,20.463,25.774,1.699,24.547,17.495,LUBRICATION_DEGRADATION,1.0,1.0,1.0,0.3,1.0,0.0,0.0,0.0,0.0
88.6,CLIMB,82.62,58.7,3525.83,22.95,89.203,1.0495,6371.47,79.92,610.93,4.255,66.73,20.506,25.652,1.607,24.6,17.393,6377.71,79.02,610.75,4.262,66.56,20.404,25.625,1.685,24.596,17.52,LUBRICATION_DEGRADATION,1.0,1.0,1.0,0.3,1.0,0.0,0.0,0.0,0.0
88.7,CLIMB,82.61,58.7,3532.92,22.93,89.181,1.0493,6370.99,79.92,610.91,4.255,66.72,20.504,25.652,1.607,24.6,17.391,6372.91,79.29,612.65,4.201,66.7,20.589,25.576,1.522,24.643,17.337,LUBRICATION_DEGRADATION,1.0,1.0,1.0,0.3,1.0,0.0,0.0,0.0,0.0
88.8,CLIMB,82.6,58.69,3540.0,22.92,89.158,1.0491,6370.52,79.92,610.88,4.254,66.71,20.503,25.652,1.607,24.6,17.39,6370.87,79.32,609.37,4.271,66.31,20.458,25.593,1.639,24.576,17.305,LUBRICATION_DEGRADATION,1.0,1.0,1.0,0.3,1.0,0.0,0.0,0.0,0.0
88.9,CLIMB,82.59,58.68,3547.08,22.91,89.135,1.0489,6370.05,79.92,610.86,4.254,66.71,20.501,25.652,1.606,24.6,17.389,6362.43,79.82,612.88,4.231,66.97,20.508,25.711,1.559,24.489,17.434,LUBRICATION_DEGRADATION,1.0,1.0,1.0,0.3,1.0,0.0,0.0,0.0,0.0
89.0,CLIMB,82.58,58.68,3554.17,22.89,89.112,1.0486,6369.57,79.92,610.84,4.254,66.7,20.5,25.652,1.606,24.6,17.388,6360.05,79.88,610.6,4.221,66.25,20.39,25.768,1.632,24.643,17.509,LUBRICATION_DEGRADATION,1.0,1.0,1.0,0.3,1.0,0.0,0.0,0.0,0.0
89.1,CLIMB,82.58,58.67,3561.25,22.88,89.089,1.0484,6369.1,79.92,610.82,4.254,66.7,20.499,25.652,1.606,24.6,17.386,6365.74,79.88,611.79,4.266,66.71,20.443,25.727,1.668,24.648,17.269,LUBRICATION_DEGRADATION,1.0,1.0,1.0,0.3,1.0,0.0,0.0,0.0,0.0
89.2,CLIMB,82.57,58.67,3568.33,22.86,89.066,1.0482,6368.62,79.92,610.8,4.254,66.69,20.497,25.651,1.606,24.6,17.385,6373.93,79.58,611.95,4.319,66.49,20.482,25.592,1.616,24.544,17.387,LUBRICATION_DEGRADATION,1.0,1.0,1.0,0.3,1.0,0.0,0.0,0.0,0.0
89.3,CLIMB,82.56,58.66,3575.42,22.85,89.044,1.048,6368.15,79.92,610.78,4.254,66.68,20.496,25.651,1.606,24.6,17.384,6376.08,79.91,611.95,4.255,66.65,20.302,25.642,1.627,24.581,17.402,LUBRICATION_DEGRADATION,1.0,1.0,1.0,0.3,1.0,0.0,0.0,0.0,0.0
89.4,CLIMB,82.55,58.66,3582.5,22.84,89.021,1.0478,6367.67,79.92,610.76,4.254,66.68,20.495,25.651,1.606,24.6,17.383,6365.96,80.45,611.46,4.266,66.76,20.662,25.669,1.692,24.598,17.323,LUBRICATION_DEGRADATION,1.0,1.0,1.0,0.3,1.0,0.0,0.0,0.0,0.0
89.5,CLIMB,82.54,58.65,3589.58,22.82,88.998,1.0475,6367.2,79.92,610.74,4.253,66.67,20.493,25.651,1.606,24.6,17.381,6360.27,80.2,609.96,4.235,66.82,20.549,25.582,1.589,24.581,17.469,LUBRICATION_DEGRADATION,1.0,1.0,1.0,0.3,1.0,0.0,0.0,0.0,0.0
89.6,CLIMB,82.53,58.65,3596.67,22.81,88.975,1.0473,6366.73,79.92,610.72,4.253,66.66,20.492,25.651,1.606,24.6,17.38,6369.08,80.78,612.34,4.276,67.13,20.683,25.62,1.609,24.557,17.608,LUBRICATION_DEGRADATION,1.0,1.0,1.0,0.3,1.0,0.0,0.0,0.0,0.0
89.7,CLIMB,82.53,58.64,3603.75,22.79,88.953,1.0471,6366.25,79.92,610.7,4.253,66.66,20.491,25.651,1.606,24.6,17.379,6365.95,78.8,611.14,4.232,66.41,20.474,25.706,1.604,24.681,17.408,LUBRICATION_DEGRADATION,1.0,1.0,1.0,0.3,1.0,0.0,0.0,0.0,0.0
89.8,CLIMB,82.52,58.64,3610.83,22.78,88.93,1.0469,6365.78,79.92,610.68,4.253,66.65,20.489,25.65,1.606,24.6,17.378,6365.09,81.02,610.33,4.281,66.63,20.365,25.608,1.659,24.631,17.419,LUBRICATION_DEGRADATION,1.0,1.0,1.0,0.3,1.0,0.0,0.0,0.0,0.0
89.9,CLIMB,82.51,58.63,3617.92,22.76,88.907,1.0467,6365.3,79.92,610.66,4.253,66.64,20.488,25.65,1.606,24.6,17.376,6367.64,80.07,611.74,4.314,66.4,20.503,25.637,1.508,24.615,17.239,LUBRICATION_DEGRADATION,1.0,1.0,1.0,0.3,1.0,0.0,0.0,0.0,0.0
90.0,CLIMB,82.5,58.63,3625.0,22.75,88.884,1.0465,6364.83,79.91,610.64,4.253,66.64,20.486,25.65,1.605,24.6,17.375,6365.04,79.42,610.49,4.229,66.56,20.431,25.509,1.65,24.555,17.261,LUBRICATION_DEGRADATION,1.0,1.0,1.0,0.3,1.0,0.0,0.0,0.0,0.0
90.1,CLIMB,82.49,58.62,3632.08,22.74,88.862,1.0462,6364.36,79.91,610.62,4.253,66.63,20.485,25.65,1.605,24.6,17.374,6360.08,79.67,611.66,4.232,66.21,20.656,25.634,1.649,24.541,17.235,LUBRICATION_DEGRADATION,1.0,1.0,1.0,0.3,1.0,0.0,0.0,0.0,0.0
90.2,CLIMB,82.48,58.61,3639.17,22.72,88.839,1.046,6363.88,79.91,610.6,4.253,66.62,20.484,25.65,1.605,24.6,17.373,6355.24,80.03,612.13,4.274,66.91,20.665,25.664,1.489,24.597,17.447,LUBRICATION_DEGRADATION,1.0,1.0,1.0,0.3,1.0,0.0,0.0,0.0,0.0
90.3,CLIMB,82.48,58.61,3646.25,22.71,88.816,1.0458,6363.41,79.91,610.58,4.252,66.62,20.482,25.649,1.605,24.6,17.371,6360.4,79.97,614.51,4.241,66.63,20.507,25.623,1.593,24.564,17.211,LUBRICATION_DEGRADATION,1.0,1.0,1.0,0.3,1.0,0.0,0.0,0.0,0.0
90.4,CLIMB,82.47,58.6,3653.33,22.69,88.793,1.0456,6362.93,79.91,610.56,4.252,66.61,20.481,25.649,1.605,24.6,17.37,6363.49,79.75,608.54,4.265,66.48,20.685,25.696,1.608,24.533,17.407,LUBRICATION_DEGRADATION,1.0,1.0,1.0,0.3,1.0,0.0,0.0,0.0,0.0
90.5,CLIMB,82.46,58.6,3660.42,22.68,88.771,1.0454,6362.46,79.91,610.54,4.252,66.6,20.48,25.649,1.605,24.6,17.369,6364.73,80.1,610.23,4.237,66.5,20.456,25.616,1.574,24.631,17.12,LUBRICATION_DEGRADATION,1.0,1.0,1.0,0.3,1.0,0.0,0.0,0.0,0.0
90.6,CLIMB,82.45,58.59,3667.5,22.67,88.748,1.0452,6361.99,79.91,610.52,4.252,66.6,20.478,25.649,1.605,24.6,17.368,6360.69,80.58,612.28,4.259,66.86,20.494,25.575,1.587,24.652,17.317,LUBRICATION_DEGRADATION,1.0,1.0,1.0,0.3,1.0,0.0,0.0,0.0,0.0
90.7,CLIMB,82.44,58.59,3674.58,22.65,88.725,1.0449,6361.51,79.91,610.5,4.252,66.59,20.477,25.649,1.605,24.6,17.366,6356.23,79.34,612.31,4.236,66.8,20.365,25.682,1.575,24.626,17.398,LUBRICATION_DEGRADATION,1.0,1.0,1.0,0.3,1.0,0.0,0.0,0.0,0.0
90.8,CLIMB,82.43,58.58,3681.67,22.64,88.702,1.0447,6361.04,79.91,610.48,4.252,66.58,20.476,25.649,1.605,24.6,17.365,6362.04,79.93,608.71,4.225,66.95,20.56,25.661,1.563,24.624,17.324,LUBRICATION_DEGRADATION,1.0,1.0,1.0,0.3,1.0,0.0,0.0,0.0,0.0
90.9,CLIMB,82.43,58.58,3688.75,22.62,88.68,1.0445,6360.56,79.91,610.46,4.252,66.58,20.474,25.649,1.605,24.6,17.364,6367.45,79.67,610.49,4.263,66.75,20.411,25.555,1.572,24.547,17.495,LUBRICATION_DEGRADATION,1.0,1.0,1.0,0.3,1.0,0.0,0.0,0.0,0.0
91.0,CLIMB,82.42,58.57,3695.83,22.61,88.657,1.0443,6360.09,79.91,610.44,4.251,66.57,20.473,25.648,1.605,24.6,17.363,6356.48,79.5,609.99,4.214,66.26,20.726,25.728,1.613,24.604,17.306,LUBRICATION_DEGRADATION,1.0,1.0,1.0,0.3,1.0,0.0,0.0,0.0,0.0
91.1,CLIMB,82.41,58.57,3702.92,22.59,88.634,1.0441,6359.62,79.91,610.42,4.251,66.56,20.472,25.648,1.604,24.6,17.361,6359.61,79.75,612.29,4.206,66.7,20.354,25.606,1.549,24.605,17.224,LUBRICATION_DEGRADATION,1.0,1.0,1.0,0.3,1.0,0.0,0.0,0.0,0.0
91.2,CLIMB,82.4,58.56,3710.0,22.58,88.612,1.0439,6359.14,79.91,610.4,4.251,66.56,20.47,25.648,1.604,24.6,17.36,6351.72,79.94,610.93,4.263,66.65,20.345,25.558,1.565,24.568,17.619,LUBRICATION_DEGRADATION,1.0,1.0,1.0,0.3,1.0,0.0,0.0,0.0,0.0
91.3,CLIMB,82.39,58.55,3717.08,22.57,88.589,1.0436,6358.67,79.91,610.38,4.251,66.55,20.469,25.648,1.604,24.6,17.359,6354.92,79.01,612.5,4.3,66.23,20.355,25.591,1.664,24.591,17.48,LUBRICATION_DEGRADATION,1.0,1.0,1.0,0.3,1.0,0.0,0.0,0.0,0.0
91.4,CLIMB,82.38,58.55,3724.17,22.55,88.566,1.0434,6358.2,79.91,610.36,4.251,66.54,20.467,25.648,1.604,24.6,17.358,6359.73,80.31,610.67,4.269,66.96,20.58,25.596,1.518,24.564,17.293,LUBRICATION_DEGRADATION,1.0,1.0,1.0,0.3,1.0,0.0,0.0,0.0,0.0
91.5,CLIMB,82.38,58.54,3731.25,22.54,88.544,1.0432,6357.72,79.91,610.34,4.251,66.54,20.466,25.648,1.604,24.6,17.356,6356.25,80.32,610.76,4.259,66.73,20.528,25.703,1.617,24.608,17.456,LUBRICATION_DEGRADATION,1.0,1.0,1.0,0.3,1.0,0.0,0.0,0.0,0.0
91.6,CLIMB,82.37,58.54,3738.33,22.52,88.521,1.043,6357.25,79.91,610.32,4.251,66.53,20.465,25.647,1.604,24.6,17.355,6366.22,79.61,612.56,4.259,66.83,20.382,25.596,1.631,24.603,17.261,LUBRICATION_DEGRADATION,1.0,1.0,1.0,0.3,1.0,0.0,0.0,0.0,0.0
91.7,CLIMB,82.36,58.53,3745.42,22.51,88.498,1.0428,6356.78,79.91,610.3,4.251,66.52,20.463,25.647,1.604,24.6,17.354,6361.99,79.9,609.7,4.247,66.45,20.68,25.619,1.65,24.567,17.541,LUBRICATION_DEGRADATION,1.0,1.0,1.0,0.3,1.0,0.0,0.0,0.0,0.0
91.8,CLIMB,82.35,58.53,3752.5,22.5,88.476,1.0425,6356.3,79.9,610.29,4.25,66.52,20.462,25.647,1.604,24.6,17.353,6361.52,80.77,610.73,4.24,66.88,20.596,25.724,1.715,24.49,17.31,LUBRICATION_DEGRADATION,1.0,1.0,1.0,0.3,1.0,0.0,0.0,0.0,0.0
91.9,CLIMB,82.34,58.52,3759.58,22.48,88.453,1.0423,6355.83,79.9,610.27,4.25,66.51,20.461,25.647,1.604,24.6,17.351,6356.69,80.52,610.9,4.229,66.75,20.473,25.594,1.715,24.525,17.327,LUBRICATION_DEGRADATION,1.0,1.0,1.0,0.3,1.0,0.0,0.0,0.0,0.0
92.0,CLIMB,82.33,58.52,3766.67,22.47,88.43,1.0421,6355.36,79.9,610.25,4.25,66.5,20.459,25.647,1.604,24.6,17.35,6349.79,80.29,611.42,4.242,66.78,20.267,25.564,1.579,24.637,17.239,LUBRICATION_DEGRADATION,1.0,1.0,1.0,0.3,1.0,0.0,0.0,0.0,0.0
92.1,CLIMB,82.33,58.51,3773.75,22.45,88.408,1.0419,6354.88,79.9,610.23,4.25,66.5,20.458,25.647,1.604,24.6,17.349,6347.19,80.53,610.47,4.269,66.12,20.421,25.629,1.634,24.653,17.372,LUBRICATION_DEGRADATION,1.0,1.0,1.0,0.3,1.0,0.0,0.0,0.0,0.0
92.2,CLIMB,82.32,58.51,3780.83,22.44,88.385,1.0417,6354.41,79.9,610.21,4.25,66.49,20.457,25.646,1.603,24.6,17.348,6366.42,80.63,612.75,4.266,66.15,20.463,25.705,1.683,24.514,17.317,LUBRICATION_DEGRADATION,1.0,1.0,1.0,0.3,1.0,0.0,0.0,0.0,0.0
92.3,CLIMB,82.31,58.5,3787.92,22.42,88.363,1.0415,6353.93,79.9,610.19,4.25,66.48,20.455,25.646,1.603,24.6,17.346,6359.21,80.31,610.87,4.23,67.26,20.454,25.622,1.538,24.701,17.233,LUBRICATION_DEGRADATION,1.0,1.0,1.0,0.3,1.0,0.0,0.0,0.0,0.0
92.4,CLIMB,82.3,58.5,3795.0,22.41,88.34,1.0412,6353.46,79.9,610.17,4.25,66.48,20.454,25.646,1.603,24.6,17.345,6357.02,80.26,609.96,4.216,66.21,20.448,25.605,1.549,24.639,17.361,LUBRICATION_DEGRADATION,1.0,1.0,1.0,0.3,1.0,0.0,0.0,0.0,0.0
92.5,CLIMB,82.29,58.49,3802.08,22.4,88.317,1.041,6352.99,79.9,610.15,4.249,66.47,20.452,25.646,1.603,24.6,17.344,6358.02,79.65,610.31,4.241,66.69,20.597,25.696,1.775,24.598,17.455,LUBRICATION_DEGRADATION,1.0,1.0,1.0,0.3,1.0,0.0,0.0,0.0,0.0
92.6,CLIMB,82.28,58.48,3809.17,22.38,88.295,1.0408,6352.51,79.9,610.13,4.249,66.46,20.451,25.646,1.603,24.6,17.343,6354.91,79.31,611.69,4.248,66.0,20.364,25.602,1.612,24.623,17.354,LUBRICATION_DEGRADATION,1.0,1.0,1.0,0.3,1.0,0.0,0.0,0.0,0.0
92.7,CLIMB,82.28,58.48,3816.25,22.37,88.272,1.0406,6352.04,79.9,610.12,4.249,66.46,20.45,25.646,1.603,24.6,17.341,6342.25,79.55,609.44,4.235,66.65,20.504,25.602,1.618,24.652,17.278,LUBRICATION_DEGRADATION,1.0,1.0,1.0,0.3,1.0,0.0,0.0,0.0,0.0
92.8,CLIMB,82.27,58.47,3823.33,22.35,88.25,1.0404,6351.57,79.9,610.1,4.249,66.45,20.448,25.645,1.603,24.6,17.34,6350.01,79.97,608.67,4.264,66.05,20.459,25.644,1.681,24.565,17.338,LUBRICATION_DEGRADATION,1.0,1.0,1.0,0.3,1.0,0.0,0.0,0.0,0.0
92.9,CLIMB,82.26,58.47,3830.42,22.34,88.227,1.0402,6351.1,79.9,610.08,4.249,66.44,20.447,25.645,1.603,24.6,17.339,6355.26,80.83,610.45,4.256,66.85,20.495,25.671,1.676,24.693,17.338,LUBRICATION_DEGRADATION,1.0,1.0,1.0,0.3,1.0,0.0,0.0,0.0,0.0
93.0,CLIMB,82.25,58.46,3837.5,22.33,88.204,1.0399,6350.62,79.9,610.06,4.249,66.44,20.446,25.645,1.603,24.6,17.338,6348.48,79.19,611.43,4.286,65.88,20.544,25.646,1.55,24.608,17.404,LUBRICATION_DEGRADATION,1.0,1.0,1.0,0.3,1.0,0.0,0.0,0.0,0.0
93.1,CLIMB,82.24,58.46,3844.58,22.31,88.182,1.0397,6350.15,79.9,610.04,4.249,66.43,20.444,25.645,1.603,24.6,17.336,6355.95,80.22,610.9,4.254,66.58,20.258,25.626,1.67,24.615,17.427,LUBRICATION_DEGRADATION,1.0,1.0,1.0,0.3,1.0,0.0,0.0,0.0,0.0
93.2,CLIMB,82.23,58.45,3851.67,22.3,88.159,1.0395,6349.68,79.9,610.02,4.249,66.42,20.443,25.645,1.603,24.6,17.335,6354.79,80.34,610.43,4.192,66.46,20.402,25.597,1.595,24.59,17.389,LUBRICATION_DEGRADATION,1.0,1.0,1.0,0.3,1.0,0.0,0.0,0.0,0.0
93.3,CLIMB,82.23,58.45,3858.75,22.28,88.137,1.0393,6349.2,79.9,610.0,4.248,66.41,20.442,25.645,1.602,24.6,17.334,6344.6,80.3,612.29,4.286,66.83,20.481,25.695,1.605,24.575,17.242,LUBRICATION_DEGRADATION,1.0,1.0,1.0,0.3,1.0,0.0,0.0,0.0,0.0
93.4,CLIMB,82.22,58.44,3865.83,22.27,88.114,1.0391,6348.73,79.9,609.99,4.248,66.41,20.44,25.644,1.602,24.6,17.333,6349.69,80.55,608.38,4.271,66.28,20.488,25.599,1.585,24.539,17.429,LUBRICATION_DEGRADATION,1.0,1.0,1.0,0.3,1.0,0.0,0.0,0.0,0.0
93.5,CLIMB,82.21,58.44,3872.92,22.25,88.092,1.0389,6348.26,79.9,609.97,4.248,66.4,20.439,25.644,1.602,24.6,17.331,6348.69,79.9,611.16,4.224,66.33,20.426,25.656,1.613,24.542,17.292,LUBRICATION_DEGRADATION,1.0,1.0,1.0,0.3,1.0,0.0,0.0,0.0,0.0
93.6,CLIMB,82.2,58.43,3880.0,22.24,88.069,1.0387,6347.78,79.9,609.95,4.248,66.39,20.437,25.644,1.602,24.6,17.33,6353.07,79.14,611.98,4.282,67.03,20.53,25.648,1.632,24.56,17.198,LUBRICATION_DEGRADATION,1.0,1.0,1.0,0.3,1.0,0.0,0.0,0.0,0.0
93.7,CLIMB,82.19,58.42,3887.08,22.23,88.046,1.0384,6347.31,79.89,609.93,4.248,66.39,20.436,25.644,1.602,24.6,17.329,6352.01,80.92,608.11,4.238,66.87,20.295,25.599,1.575,24.593,17.319,LUBRICATION_DEGRADATION,1.0,1.0,1.0,0.3,1.0,0.0,0.0,0.0,0.0
93.8,CLIMB,82.18,58.42,3894.17,22.21,88.024,1.0382,6346.84,79.89,609.91,4.248,66.38,20.435,25.644,1.602,24.6,17.328,6341.66,79.74,609.28,4.246,66.4,20.381,25.648,1.635,24.605,17.489,LUBRICATION_DEGRADATION,1.0,1.0,1.0,0.3,1.0,0.0,0.0,0.0,0.0
93.9,CLIMB,82.18,58.41,3901.25,22.2,88.001,1.038,6346.37,79.89,609.9,4.248,66.37,20.433,25.644,1.602,24.6,17.326,6348.37,79.58,607.49,4.259,65.93,20.4,25.694,1.551,24.577,17.352,LUBRICATION_DEGRADATION,1.0,1.0,1.0,0.3,1.0,0.0,0.0,0.0,0.0
94.0,CLIMB,82.17,58.41,3908.33,22.18,87.979,1.0378,6345.89,79.89,609.88,4.248,66.37,20.432,25.643,1.602,24.6,17.325,6340.36,78.7,609.2,4.235,66.15,20.389,25.575,1.59,24.631,17.301,LUBRICATION_DEGRADATION,1.0,1.0,1.0,0.3,1.0,0.0,0.0,0.0,0.0
94.1,CLIMB,82.16,58.4,3915.42,22.17,87.956,1.0376,6345.42,79.89,609.86,4.247,66.36,20.431,25.643,1.602,24.6,17.324,6348.17,80.34,608.83,4.248,66.12,20.508,25.613,1.637,24.684,17.23,LUBRICATION_DEGRADATION,1.0,1.0,1.0,0.3,1.0,0.0,0.0,0.0,0.0
94.2,CLIMB,82.15,58.4,3922.5,22.16,87.934,1.0374,6344.95,79.89,609.84,4.247,66.35,20.429,25.643,1.602,24.6,17.323,6341.9,80.25,610.12,4.188,66.53,20.457,25.706,1.529,24.579,17.162,LUBRICATION_DEGRADATION,1.0,1.0,1.0,0.3,1.0,0.0,0.0,0.0,0.0
94.3,CLIMB,82.14,58.39,3929.58,22.14,87.911,1.0371,6344.47,79.89,609.82,4.247,66.34,20.428,25.643,1.602,24.6,17.321,6346.09,80.54,611.95,4.209,65.89,20.525,25.69,1.698,24.577,17.358,LUBRICATION_DEGRADATION,1.0,1.0,1.0,0.3,1.0,0.0,0.0,0.0,0.0
94.4,CLIMB,82.13,58.39,3936.67,22.13,87.889,1.0369,6344.0,79.89,609.8,4.247,66.34,20.427,25.643,1.601,24.6,17.32,6350.09,80.57,612.37,4.215,65.77,20.698,25.69,1.61,24.495,17.442,LUBRICATION_DEGRADATION,1.0,1.0,1.0,0.3,1.0,0.0,0.0,0.0,0.0
94.5,CLIMB,82.13,58.38,3943.75,22.11,87.866,1.0367,6343.53,79.89,609.79,4.247,66.33,20.425,25.643,1.601,24.6,17.319,6345.73,80.24,609.0,4.26,66.23,20.621,25.684,1.572,24.583,17.371,LUBRICATION_DEGRADATION,1.0,1.0,1.0,0.3,1.0,0.0,0.0,0.0,0.0
94.6,CLIMB,82.12,58.38,3950.83,22.1,87.844,1.0365,6343.06,79.89,609.77,4.247,66.32,20.424,25.642,1.601,24.6,17.318,6343.42,80.14,612.3,4.258,66.08,20.478,25.608,1.526,24.61,17.354,LUBRICATION_DEGRADATION,1.0,1.0,1.0,0.3,1.0,0.0,0.0,0.0,0.0
94.7,CLIMB,82.11,58.37,3957.92,22.08,87.821,1.0363,6342.58,79.89,609.75,4.247,66.32,20.422,25.642,1.601,24.6,17.316,6340.77,79.76,609.22,4.255,66.63,20.46,25.655,1.639,24.67,17.333,LUBRICATION_DEGRADATION,1.0,1.0,1.0,0.3,1.0,0.0,0.0,0.0,0.0
94.8,CLIMB,82.1,58.37,3965.0,22.07,87.799,1.0361,6342.11,79.89,609.73,4.247,66.31,20.421,25.642,1.601,24.6,17.315,6345.43,80.36,609.44,4.249,66.33,20.414,25.617,1.549,24.587,17.392,LUBRICATION_DEGRADATION,1.0,1.0,1.0,0.3,1.0,0.0,0.0,0.0,0.0
94.9,CLIMB,82.09,58.36,3972.08,22.06,87.776,1.0358,6341.64,79.89,609.72,4.246,66.3,20.42,25.642,1.601,24.6,17.314,6349.52,79.77,609.68,4.248,65.41,20.254,25.701,1.669,24.613,17.241,LUBRICATION_DEGRADATION,1.0,1.0,1.0,0.3,1.0,0.0,0.0,0.0,0.0
95.0,CLIMB,82.08,58.35,3979.17,22.04,87.754,1.0356,6341.17,79.89,609.7,4.246,66.29,20.418,25.642,1.601,24.6,17.313,6344.01,79.71,612.67,4.247,66.09,20.491,25.627,1.525,24.577,17.242,LUBRICATION_DEGRADATION,1.0,1.0,1.0,0.3,1.0,0.0,0.0,0.0,0.0
95.1,CLIMB,82.08,58.35,3986.25,22.03,87.731,1.0354,6340.69,79.89,609.68,4.246,66.29,20.417,25.642,1.601,24.6,17.311,6336.33,79.76,608.54,4.222,66.13,20.345,25.564,1.638,24.616,17.201,LUBRICATION_DEGRADATION,1.0,1.0,1.0,0.3,1.0,0.0,0.0,0.0,0.0
95.2,CLIMB,82.07,58.34,3993.33,22.01,87.709,1.0352,6340.22,79.89,609.66,4.246,66.28,20.416,25.641,1.601,24.6,17.31,6336.52,78.99,609.61,4.232,66.68,20.297,25.661,1.623,24.596,17.312,LUBRICATION_DEGRADATION,1.0,1.0,1.0,0.3,1.0,0.0,0.0,0.0,0.0
95.3,CLIMB,82.06,58.34,4000.42,22.0,87.687,1.035,6339.75,79.89,609.65,4.246,66.27,20.414,25.641,1.601,24.6,17.309,6337.3,79.05,609.04,4.262,66.43,20.304,25.623,1.586,24.579,17.304,LUBRICATION_DEGRADATION,1.0,1.0,1.0,0.3,1.0,0.0,0.0,0.0,0.0
95.4,CLIMB,82.05,58.33,4007.5,21.99,87.664,1.0348,6339.27,79.89,609.63,4.246,66.27,20.413,25.641,1.601,24.6,17.308,6343.13,80.27,609.33,4.189,66.42,20.412,25.628,1.515,24.566,17.318,LUBRICATION_DEGRADATION,1.0,1.0,1.0,0.3,1.0,0.0,0.0,0.0,0.0
95.5,CLIMB,82.04,58.33,4014.58,21.97,87.642,1.0346,6338.8,79.88,609.61,4.246,66.26,20.412,25.641,1.6,24.6,17.306,6351.73,79.68,610.42,4.293,65.94,20.402,25.707,1.583,24.601,17.52,LUBRICATION_DEGRADATION,1.0,1.0,1.0,0.3,1.0,0.0,0.0,0.0,0.0
95.6,CLIMB,82.03,58.32,4021.67,21.96,87.619,1.0343,6338.33,79.88,609.59,4.245,66.25,20.41,25.641,1.6,24.6,17.305,6338.41,80.26,608.78,4.264,66.09,20.424,25.622,1.659,24.613,17.238,LUBRICATION_DEGRADATION,1.0,1.0,1.0,0.3,1.0,0.0,0.0,0.0,0.0
95.7,CLIMB,82.03,58.32,4028.75,21.94,87.597,1.0341,6337.86,79.88,609.57,4.245,66.24,20.409,25.641,1.6,24.6,17.304,6343.49,79.63,610.64,4.272,66.8,20.505,25.542,1.604,24.58,17.344,LUBRICATION_DEGRADATION,1.0,1.0,1.0,0.3,1.0,0.0,0.0,0.0,0.0
95.8,CLIMB,82.02,58.31,4035.83,21.93,87.574,1.0339,6337.39,79.88,609.56,4.245,66.24,20.407,25.64,1.6,24.6,17.303,6341.04,79.75,608.61,4.22,66.49,20.324,25.607,1.65,24.572,17.458,LUBRICATION_DEGRADATION,1.0,1.0,1.0,0.3,1.0,0.0,0.0,0.0,0.0
95.9,CLIMB,82.01,58.31,4042.92,21.91,87.552,1.0337,6336.91,79.88,609.54,4.245,66.23,20.406,25.64,1.6,24.6,17.301,6331.4,80.44,608.54,4.262,66.67,20.322,25.653,1.585,24.615,17.276,LUBRICATION_DEGRADATION,1.0,1.0,1.0,0.3,1.0,0.0,0.0,0.0,0.0
96.0,CLIMB,82.0,58.3,4050.0,21.9,87.53,1.0335,6336.44,79.88,609.52,4.245,66.22,20.405,25.64,1.6,24.6,17.3,6332.17,80.03,610.76,4.23,66.08,20.564,25.566,1.613,24.534,17.128,LUBRICATION_DEGRADATION,1.0,1.0,1.0,0.3,1.0,0.0,0.0,0.0,0.0
96.1,CLIMB,81.99,58.29,4057.08,21.89,87.507,1.0333,6335.97,79.88,609.51,4.245,66.22,20.403,25.64,1.6,24.6,17.299,6334.23,79.47,609.02,4.261,66.58,20.327,25.601,1.602,24.59,17.377,LUBRICATION_DEGRADATION,1.0,1.0,1.0,0.3,1.0,0.0,0.0,0.0,0.0
96.2,CLIMB,81.98,58.29,4064.17,21.87,87.485,1.033,6335.5,79.88,609.49,4.245,66.21,20.402,25.64,1.6,24.6,17.298,6334.0,78.88,611.27,4.249,66.3,20.396,25.581,1.715,24.638,17.256,LUBRICATION_DEGRADATION,1.0,1.0,1.0,0.3,1.0,0.0,0.0,0.0,0.0
96.3,CLIMB,81.98,58.28,4071.25,21.86,87.462,1.0328,6335.02,79.88,609.47,4.245,66.2,20.401,25.64,1.6,24.6,17.296,6337.67,79.82,613.11,4.23,66.26,20.248,25.663,1.655,24.575,17.3,LUBRICATION_DEGRADATION,1.0,1.0,1.0,0.3,1.0,0.0,0.0,0.0,0.0
96.4,CLIMB,81.97,58.28,4078.33,21.84,87.44,1.0326,6334.55,79.88,609.45,4.244,66.19,20.399,25.639,1.6,24.6,17.295,6331.85,79.51,608.9,4.226,66.29,20.401,25.648,1.594,24.604,17.283,LUBRICATION_DEGRADATION,1.0,1.0,1.0,0.3,1.0,0.0,0.0,0.0,0.0
96.5,CLIMB,81.96,58.27,4085.42,21.83,87.418,1.0324,6334.08,79.88,609.44,4.244,66.19,20.398,25.639,1.6,24.6,17.294,6341.44,80.52,609.52,4.178,66.01,20.481,25.741,1.592,24.644,17.273,LUBRICATION_DEGRADATION,1.0,1.0,1.0,0.3,1.0,0.0,0.0,0.0,0.0
96.6,CLIMB,81.95,58.27,4092.5,21.82,87.395,1.0322,6333.61,79.88,609.42,4.244,66.18,20.396,25.639,1.6,24.6,17.293,6328.62,80.01,608.44,4.267,66.15,20.287,25.703,1.581,24.652,17.421,LUBRICATION_DEGRADATION,1.0,1.0,1.0,0.3,1.0,0.0,0.0,0.0,0.0
96.7,CLIMB,81.94,58.26,4099.58,21.8,87.373,1.032,6333.14,79.88,609.4,4.244,66.17,20.395,25.639,1.599,24.6,17.291,6329.34,79.51,608.98,4.229,66.27,20.457,25.799,1.66,24.538,17.351,LUBRICATION_DEGRADATION,1.0,1.0,1.0,0.3,1.0,0.0,0.0,0.0,0.0
96.8,CLIMB,81.93,58.26,4106.67,21.79,87.351,1.0318,6332.66,79.88,609.38,4.244,66.16,20.394,25.639,1.599,24.6,17.29,6331.65,80.07,606.57,4.261,65.85,20.379,25.654,1.537,24.637,17.216,LUBRICATION_DEGRADATION,1.0,1.0,1.0,0.3,1.0,0.0,0.0,0.0,0.0
96.9,CLIMB,81.93,58.25,4113.75,21.77,87.328,1.0315,6332.19,79.88,609.37,4.244,66.16,20.392,25.639,1.599,24.6,17.289,6337.15,79.12,608.6,4.235,66.06,20.421,25.588,1.63,24.591,17.132,LUBRICATION_DEGRADATION,1.0,1.0,1.0,0.3,1.0,0.0,0.0,0.0,0.0
97.0,CLIMB,81.92,58.25,4120.83,21.76,87.306,1.0313,6331.72,79.88,609.35,4.244,66.15,20.391,25.638,1.599,24.6,17.288,6335.84,79.69,608.1,4.196,66.19,20.406,25.711,1.649,24.686,17.306,LUBRICATION_DEGRADATION,1.0,1.0,1.0,0.3,1.0,0.0,0.0,0.0,0.0
97.1,CLIMB,81.91,58.24,4127.92,21.74,87.283,1.0311,6331.25,79.88,609.33,4.244,66.14,20.39,25.638,1.599,24.6,17.286,6330.6,79.51,607.38,4.251,66.66,20.299,25.607,1.694,24.571,17.291,LUBRICATION_DEGRADATION,1.0,1.0,1.0,0.3,1.0,0.0,0.0,0.0,0.0
97.2,CLIMB,81.9,58.24,4135.0,21.73,87.261,1.0309,6330.78,79.88,609.32,4.243,66.13,20.388,25.638,1.599,24.6,17.285,6317.25,79.67,609.24,4.272,66.11,20.208,25.769,1.642,24.585,17.157,LUBRICATION_DEGRADATION,1.0,1.0,1.0,0.3,1.0,0.0,0.0,0.0,0.0
97.3,CLIMB,81.89,58.23,4142.08,21.72,87.239,1.0307,6330.3,79.87,609.3,4.243,66.13,20.387,25.638,1.599,24.6,17.284,6339.45,80.48,609.58,4.271,65.9,20.469,25.586,1.64,24.522,17.233,LUBRICATION_DEGRADATION,1.0,1.0,1.0,0.3,1.0,0.0,0.0,0.0,0.0
97.4,CLIMB,81.88,58.22,4149.17,21.7,87.216,1.0305,6329.83,79.87,609.28,4.243,66.12,20.386,25.638,1.599,24.6,17.283,6330.97,78.99,609.92,4.208,66.27,20.451,25.622,1.591,24.696,17.342,LUBRICATION_DEGRADATION,1.0,1.0,1.0,0.3,1.0,0.0,0.0,0.0,0.0
97.5,CLIMB,81.88,58.22,4156.25,21.69,87.194,1.0303,6329.36,79.87,609.27,4.243,66.11,20.384,25.638,1.599,24.6,17.281,6334.45,79.84,611.22,4.254,65.88,20.336,25.618,1.683,24.54,17.098,LUBRICATION_DEGRADATION,1.0,1.0,1.0,0.3,1.0,0.0,0.0,0.0,0.0
97.6,CLIMB,81.87,58.21,4163.33,21.67,87.172,1.03,6328.89,79.87,609.25,4.243,66.1,20.383,25.637,1.599,24.6,17.28,6328.61,79.89,608.84,4.222,65.76,20.38,25.648,1.637,24.552,17.257,LUBRICATION_DEGRADATION,1.0,1.0,1.0,0.3,1.0,0.0,0.0,0.0,0.0
97.7,CLIMB,81.86,58.21,4170.42,21.66,87.15,1.0298,6328.42,79.87,609.23,4.243,66.1,20.381,25.637,1.599,24.6,17.279,6326.08,80.96,611.05,4.241,66.08,20.212,25.638,1.566,24.61,17.329,LUBRICATION_DEGRADATION,1.0,1.0,1.0,0.3,1.0,0.0,0.0,0.0,0.0
97.8,CLIMB,81.85,58.2,4177.5,21.65,87.127,1.0296,6327.94,79.87,609.21,4.243,66.09,20.38,25.637,1.598,24.6,17.278,6331.43,79.59,608.16,4.254,66.3,20.343,25.611,1.559,24.616,17.293,LUBRICATION_DEGRADATION,1.0,1.0,1.0,0.3,1.0,0.0,0.0,0.0,0.0
97.9,CLIMB,81.84,58.2,4184.58,21.63,87.105,1.0294,6327.47,79.87,609.2,4.243,66.08,20.379,25.637,1.598,24.6,17.276,6335.15,80.23,608.81,4.216,66.08,20.327,25.683,1.593,24.605,17.32,LUBRICATION_DEGRADATION,1.0,1.0,1.0,0.3,1.0,0.0,0.0,0.0,0.0
98.0,CLIMB,81.83,58.19,4191.67,21.62,87.083,1.0292,6327.0,79.87,609.18,4.242,66.07,20.377,25.637,1.598,24.6,17.275,6331.88,80.1,612.11,4.315,66.16,20.497,25.663,1.573,24.594,17.194,LUBRICATION_DEGRADATION,1.0,1.0,1.0,0.3,1.0,0.0,0.0,0.0,0.0
98.1,CLIMB,81.83,58.19,4198.75,21.6,87.06,1.029,6326.53,79.87,609.16,4.242,66.07,20.376,25.637,1.598,24.6,17.274,6321.13,80.65,608.17,4.287,66.37,20.303,25.651,1.596,24.599,17.122,LUBRICATION_DEGRADATION,1.0,1.0,1.0,0.3,1.0,0.0,0.0,0.0,0.0
98.2,CLIMB,81.82,58.18,4205.83,21.59,87.038,1.0288,6326.06,79.87,609.15,4.242,66.06,20.375,25.636,1.598,24.6,17.273,6326.4,80.42,607.61,4.272,65.25,20.442,25.649,1.611,24.47,17.233,LUBRICATION_DEGRADATION,1.0,1.0,1.0,0.3,1.0,0.0,0.0,0.0,0.0
98.3,CLIMB,81.81,58.18,4212.92,21.57,87.016,1.0285,6325.59,79.87,609.13,4.242,66.05,20.373,25.636,1.598,24.6,17.271,6326.21,80.16,609.09,4.212,65.92,20.315,25.639,1.562,24.648,17.079,LUBRICATION_DEGRADATION,1.0,1.0,1.0,0.3,1.0,0.0,0.0,0.0,0.0
98.4,CLIMB,81.8,58.17,4220.0,21.56,86.994,1.0283,6325.11,79.87,609.11,4.242,66.04,20.372,25.636,1.598,24.6,17.27,6329.05,79.94,608.5,4.248,66.0,20.35,25.637,1.58,24.545,17.427,LUBRICATION_DEGRADATION,1.0,1.0,1.0,0.3,1.0,0.0,0.0,0.0,0.0
98.5,CLIMB,81.79,58.16,4227.08,21.55,86.971,1.0281,6324.64,79.87,609.1,4.242,66.04,20.371,25.636,1.598,24.6,17.269,6326.89,79.2,609.54,4.241,66.51,20.38,25.608,1.619,24.551,17.192,LUBRICATION_DEGRADATION,1.0,1.0,1.0,0.3,1.0,0.0,0.0,0.0,0.0
98.6,CLIMB,81.78,58.16,4234.17,21.53,86.949,1.0279,6324.17,79.87,609.08,4.242,66.03,20.369,25.636,1.598,24.6,17.268,6317.52,80.69,609.71,4.277,65.79,20.425,25.651,1.554,24.597,17.294,LUBRICATION_DEGRADATION,1.0,1.0,1.0,0.3,1.0,0.0,0.0,0.0,0.0
98.7,CLIMB,81.78,58.15,4241.25,21.52,86.927,1.0277,6323.7,79.87,609.06,4.242,66.02,20.368,25.636,1.598,24.6,17.266,6340.13,80.67,608.24,4.252,66.65,20.412,25.745,1.625,24.615,17.387,LUBRICATION_DEGRADATION,1.0,1.0,1.0,0.3,1.0,0.0,0.0,0.0,0.0
98.8,CLIMB,81.77,58.15,4248.33,21.5,86.905,1.0275,6323.23,79.87,609.05,4.241,66.01,20.366,25.635,1.598,24.6,17.265,6321.75,79.56,608.55,4.294,66.31,20.463,25.627,1.631,24.638,17.277,LUBRICATION_DEGRADATION,1.0,1.0,1.0,0.3,1.0,0.0,0.0,0.0,0.0
98.9,CLIMB,81.76,58.14,4255.42,21.49,86.882,1.0273,6322.76,79.87,609.03,4.241,66.01,20.365,25.635,1.597,24.6,17.264,6326.39,79.89,607.14,4.207,66.25,20.562,25.614,1.533,24.611,17.296,LUBRICATION_DEGRADATION,1.0,1.0,1.0,0.3,1.0,0.0,0.0,0.0,0.0
99.0,CLIMB,81.75,58.14,4262.5,21.48,86.86,1.0271,6322.28,79.86,609.01,4.241,66.0,20.364,25.635,1.597,24.6,17.263,6317.31,79.4,609.01,4.315,66.3,20.223,25.749,1.541,24.556,17.232,LUBRICATION_DEGRADATION,1.0,1.0,1.0,0.3,1.0,0.0,0.0,0.0,0.0
99.1,CLIMB,81.74,58.13,4269.58,21.46,86.838,1.0268,6321.81,79.86,609.0,4.241,65.99,20.362,25.635,1.597,24.6,17.261,6319.25,79.05,608.99,4.263,66.06,20.41,25.678,1.555,24.633,17.331,LUBRICATION_DEGRADATION,1.0,1.0,1.0,0.3,1.0,0.0,0.0,0.0,0.0
99.2,CLIMB,81.73,58.13,4276.67,21.45,86.816,1.0266,6321.34,79.86,608.98,4.241,65.98,20.361,25.635,1.597,24.6,17.26,6324.61,80.26,607.64,4.221,65.99,20.387,25.632,1.659,24.618,17.395,LUBRICATION_DEGRADATION,1.0,1.0,1.0,0.3,1.0,0.0,0.0,0.0,0.0
99.3,CLIMB,81.73,58.12,4283.75,21.43,86.793,1.0264,6320.87,79.86,608.96,4.241,65.98,20.36,25.635,1.597,24.6,17.259,6315.34,80.47,606.95,4.25,66.2,20.221,25.578,1.621,24.633,17.32,LUBRICATION_DEGRADATION,1.0,1.0,1.0,0.3,1.0,0.0,0.0,0.0,0.0
99.4,CLIMB,81.72,58.12,4290.83,21.42,86.771,1.0262,6320.4,79.86,608.95,4.241,65.97,20.358,25.634,1.597,24.6,17.258,6318.75,79.33,607.76,4.268,65.32,20.333,25.665,1.646,24.545,17.223,LUBRICATION_DEGRADATION,1.0,1.0,1.0,0.3,1.0,0.0,0.0,0.0,0.0
99.5,CLIMB,81.71,58.11,4297.92,21.4,86.749,1.026,6319.93,79.86,608.93,4.241,65.96,20.357,25.634,1.597,24.6,17.256,6324.04,80.67,609.81,4.198,66.98,20.474,25.708,1.648,24.691,17.163,LUBRICATION_DEGRADATION,1.0,1.0,1.0,0.3,1.0,0.0,0.0,0.0,0.0
99.6,CLIMB,81.7,58.11,4305.0,21.39,86.727,1.0258,6319.46,79.86,608.91,4.24,65.95,20.355,25.634,1.597,24.6,17.255,6325.73,79.95,611.64,4.215,65.4,20.462,25.538,1.591,24.561,17.061,LUBRICATION_DEGRADATION,1.0,1.0,1.0,0.3,1.0,0.0,0.0,0.0,0.0
99.7,CLIMB,81.69,58.1,4312.08,21.38,86.705,1.0256,6318.99,79.86,608.9,4.24,65.95,20.354,25.634,1.597,24.6,17.254,6311.7,79.61,606.57,4.247,65.86,20.438,25.709,1.534,24.658,17.071,LUBRICATION_DEGRADATION,1.0,1.0,1.0,0.3,1.0,0.0,0.0,0.0,0.0
99.8,CLIMB,81.68,58.09,4319.17,21.36,86.682,1.0253,6318.51,79.86,608.88,4.24,65.94,20.353,25.634,1.597,24.6,17.253,6324.41,79.98,605.43,4.224,66.19,20.18,25.578,1.612,24.618,17.043,LUBRICATION_DEGRADATION,1.0,1.0,1.0,0.3,1.0,0.0,0.0,0.0,0.0
99.9,CLIMB,81.68,58.09,4326.25,21.35,86.66,1.0251,6318.04,79.86,608.86,4.24,65.93,20.351,25.634,1.597,24.6,17.251,6325.78,79.97,607.77,4.207,65.89,20.38,25.706,1.575,24.638,17.364,LUBRICATION_DEGRADATION,1.0,1.0,1.0,0.3,1.0,0.0,0.0,0.0,0.0
100.0,CLIMB,81.67,58.08,4333.33,21.33,86.638,1.0249,6317.57,79.86,608.85,4.24,65.92,20.35,25.633,1.596,24.6,17.25,6312.01,79.0,608.39,4.22,65.77,20.342,25.657,1.612,24.609,17.292,LUBRICATION_DEGRADATION,1.0,1.0,1.0,0.3,1.0,0.0,0.0,0.0,0.0
100.1,CLIMB,81.66,58.08,4340.42,21.32,86.616,1.0247,6317.1,79.86,608.83,4.24,65.91,20.349,25.633,1.596,24.6,17.249,6312.38,80.05,609.39,4.228,65.45,20.298,25.672,1.636,24.564,17.29,LUBRICATION_DEGRADATION,1.0,1.0,1.0,0.3,1.0,0.0,0.0,0.0,0.0
100.2,CLIMB,81.65,58.07,4347.5,21.31,86.594,1.0245,6316.63,79.86,608.82,4.24,65.91,20.347,25.633,1.596,24.6,17.248,6307.44,80.09,605.81,4.228,66.12,20.491,25.692,1.658,24.561,17.141,LUBRICATION_DEGRADATION,1.0,1.0,1.0,0.3,1.0,0.0,0.0,0.0,0.0
100.3,CLIMB,81.64,58.07,4354.58,21.29,86.571,1.0243,6316.16,79.86,608.8,4.24,65.9,20.346,25.633,1.596,24.6,17.246,6317.2,79.31,607.45,4.262,65.74,20.505,25.595,1.606,24.645,17.203,LUBRICATION_DEGRADATION,1.0,1.0,1.0,0.3,1.0,0.0,0.0,0.0,0.0
100.4,CLIMB,81.63,58.06,4361.67,21.28,86.549,1.0241,6315.69,79.86,608.78,4.239,65.89,20.345,25.633,1.596,24.6,17.245,6307.57,79.62,607.92,4.2,66.21,20.341,25.637,1.643,24.601,17.194,LUBRICATION_DEGRADATION,1.0,1.0,1.0,0.3,1.0,0.0,0.0,0.0,0.0
100.5,CLIMB,81.63,58.06,4368.75,21.26,86.527,1.0239,6315.22,79.86,608.77,4.239,65.88,20.343,25.633,1.596,24.6,17.244,6320.43,79.63,607.83,4.271,66.09,20.389,25.604,1.566,24.592,17.196,LUBRICATION_DEGRADATION,1.0,1.0,1.0,0.3,1.0,0.0,0.0,0.0,0.0
100.6,CLIMB,81.62,58.05,4375.83,21.25,86.505,1.0236,6314.75,79.86,608.75,4.239,65.88,20.342,25.632,1.596,24.6,17.243,6316.91,79.36,608.44,4.262,66.19,20.339,25.668,1.536,24.656,17.069,LUBRICATION_DEGRADATION,1.0,1.0,1.0,0.3,1.0,0.0,0.0,0.0,0.0
100.7,CLIMB,81.61,58.05,4382.92,21.23,86.483,1.0234,6314.27,79.86,608.73,4.239,65.87,20.34,25.632,1.596,24.6,17.241,6320.52,79.76,605.86,4.23,65.88,20.516,25.656,1.579,24.572,17.184,LUBRICATION_DEGRADATION,1.0,1.0,1.0,0.3,1.0,0.0,0.0,0.0,0.0
100.8,CLIMB,81.6,58.04,4390.0,21.22,86.461,1.0232,6313.8,79.85,608.72,4.239,65.86,20.339,25.632,1.596,24.6,17.24,6312.59,79.7,608.73,4.174,65.69,20.305,25.655,1.573,24.563,17.186,LUBRICATION_DEGRADATION,1.0,1.0,1.0,0.3,1.0,0.0,0.0,0.0,0.0
100.9,CLIMB,81.59,58.03,4397.08,21.21,86.439,1.023,6313.33,79.85,608.7,4.239,65.85,20.338,25.632,1.596,24.6,17.239,6311.75,79.71,610.31,4.227,66.12,20.498,25.657,1.608,24.614,17.267,LUBRICATION_DEGRADATION,1.0,1.0,1.0,0.3,1.0,0.0,0.0,0.0,0.0
101.0,CLIMB,81.58,58.03,4404.17,21.19,86.416,1.0228,6312.86,79.85,608.68,4.239,65.84,20.336,25.632,1.596,24.6,17.238,6311.41,80.34,606.42,4.213,65.81,20.274,25.685,1.653,24.642,17.082,LUBRICATION_DEGRADATION,1.0,1.0,1.0,0.3,1.0,0.0,0.0,0.0,0.0
101.1,CLIMB,81.58,58.02,4411.25,21.18,86.394,1.0226,6312.39,79.85,608.67,4.239,65.84,20.335,25.632,1.595,24.6,17.236,6317.2,79.46,611.6,4.286,65.87,20.359,25.563,1.592,24.705,17.248,LUBRICATION_DEGRADATION,1.0,1.0,1.0,0.3,1.0,0.0,0.0,0.0,0.0
101.2,CLIMB,81.57,58.02,4418.33,21.16,86.372,1.0224,6311.92,79.85,608.65,4.238,65.83,20.334,25.631,1.595,24.6,17.235,6316.73,80.71,606.7,4.225,65.56,20.256,25.634,1.59,24.579,17.317,LUBRICATION_DEGRADATION,1.0,1.0,1.0,0.3,1.0,0.0,0.0,0.0,0.0
101.3,CLIMB,81.56,58.01,4425.42,21.15,86.35,1.0222,6311.45,79.85,608.64,4.238,65.82,20.332,25.631,1.595,24.6,17.234,6311.18,79.87,609.97,4.256,65.9,20.312,25.684,1.665,24.531,17.172,LUBRICATION_DEGRADATION,1.0,1.0,1.0,0.3,1.0,0.0,0.0,0.0,0.0
101.4,CLIMB,81.55,58.01,4432.5,21.14,86.328,1.0219,6310.98,79.85,608.62,4.238,65.81,20.331,25.631,1.595,24.6,17.233,6313.34,80.45,606.43,4.197,66.24,20.449,25.621,1.571,24.619,17.409,LUBRICATION_DEGRADATION,1.0,1.0,1.0,0.3,1.0,0.0,0.0,0.0,0.0
101.5,CLIMB,81.54,58.0,4439.58,21.12,86.306,1.0217,6310.51,79.85,608.6,4.238,65.8,20.329,25.631,1.595,24.6,17.231,6315.3,80.75,609.92,4.209,65.81,20.336,25.596,1.623,24.718,17.217,LUBRICATION_DEGRADATION,1.0,1.0,1.0,0.3,1.0,0.0,0.0,0.0,0.0
101.6,CLIMB,81.53,58.0,4446.67,21.11,86.284,1.0215,6310.04,79.85,608.59,4.238,65.8,20.328,25.631,1.595,24.6,17.23,6303.36,79.93,608.07,4.221,66.11,20.213,25.634,1.545,24.599,17.129,LUBRICATION_DEGRADATION,1.0,1.0,1.0,0.3,1.0,0.0,0.0,0.0,0.0
101.7,CLIMB,81.53,57.99,4453.75,21.09,86.262,1.0213,6309.57,79.85,608.57,4.238,65.79,20.327,25.631,1.595,24.6,17.229,6296.2,80.0,606.9,4.267,65.74,20.166,25.669,1.674,24.518,17.294,LUBRICATION_DEGRADATION,1.0,1.0,1.0,0.3,1.0,0.0,0.0,0.0,0.0
101.8,CLIMB,81.52,57.99,4460.83,21.08,86.24,1.0211,6309.1,79.85,608.56,4.238,65.78,20.325,25.63,1.595,24.6,17.228,6309.34,80.03,607.15,4.251,65.36,20.389,25.605,1.609,24.584,17.267,LUBRICATION_DEGRADATION,1.0,1.0,1.0,0.3,1.0,0.0,0.0,0.0,0.0
101.9,CLIMB,81.51,57.98,4467.92,21.06,86.218,1.0209,6308.63,79.85,608.54,4.238,65.77,20.324,25.63,1.595,24.6,17.226,6311.83,80.27,611.08,4.248,65.21,20.515,25.652,1.522,24.578,17.303,LUBRICATION_DEGRADATION,1.0,1.0,1.0,0.3,1.0,0.0,0.0,0.0,0.0
102.0,CLIMB,81.5,57.98,4475.0,21.05,86.196,1.0207,6308.15,79.85,608.52,4.237,65.77,20.323,25.63,1.595,24.6,17.225,6315.05,79.63,608.16,4.233,66.02,20.491,25.53,1.614,24.641,17.22,LUBRICATION_DEGRADATION,1.0,1.0,1.0,0.3,1.0,0.0,0.0,0.0,0.0
102.1,CLIMB,81.49,57.97,4482.08,21.04,86.174,1.0205,6307.68,79.85,608.51,4.237,65.76,20.321,25.63,1.595,24.6,17.224,6303.73,80.44,608.61,4.206,65.62,20.106,25.633,1.538,24.631,17.264,LUBRICATION_DEGRADATION,1.0,1.0,1.0,0.3,1.0,0.0,0.0,0.0,0.0
102.2,CLIMB,81.48,57.96,4489.17,21.02,86.151,1.0202,6307.21,79.85,608.49,4.237,65.75,20.32,25.63,1.594,24.6,17.223,6308.05,80.92,608.89,4.244,64.91,20.45,25.596,1.599,24.694,17.348,LUBRICATION_DEGRADATION,1.0,1.0,1.0,0.3,1.0,0.0,0.0,0.0,0.0
102.3,CLIMB,81.48,57.96,4496.25,21.01,86.129,1.02,6306.74,79.85,608.47,4.237,65.74,20.318,25.63,1.594,24.6,17.221,6304.67,80.47,608.25,4.273,66.17,20.43,25.628,1.547,24.67,17.441,LUBRICATION_DEGRADATION,1.0,1.0,1.0,0.3,1.0,0.0,0.0,0.0,0.0
102.4,CLIMB,81.47,57.95,4503.33,20.99,86.107,1.0198,6306.27,79.84,608.46,4.237,65.73,20.317,25.629,1.594,24.6,17.22,6304.63,79.83,607.7,4.211,64.94,20.077,25.608,1.616,24.622,17.35,LUBRICATION_DEGRADATION,1.0,1.0,1.0,0.3,1.0,0.0,0.0,0.0,0.0
102.5,CLIMB,81.46,57.95,4510.42,20.98,86.085,1.0196,6305.8,79.84,608.44,4.237,65.73,20.316,25.629,1.594,24.6,17.219,6308.67,79.84,608.06,4.182,66.12,20.27,25.666,1.568,24.642,17.2,LUBRICATION_DEGRADATION,1.0,1.0,1.0,0.3,1.0,0.0,0.0,0.0,0.0
102.6,CLIMB,81.45,57.94,4517.5,20.97,86.063,1.0194,6305.33,79.84,608.43,4.237,65.72,20.314,25.629,1.594,24.6,17.218,6305.17,79.94,608.44,4.244,65.99,20.405,25.606,1.598,24.594,17.174,LUBRICATION_DEGRADATION,1.0,1.0,1.0,0.3,1.0,0.0,0.0,0.0,0.0
102.7,CLIMB,81.44,57.94,4524.58,20.95,86.041,1.0192,6304.86,79.84,608.41,4.237,65.71,20.313,25.629,1.594,24.6,17.216,6307.96,80.15,607.41,4.241,65.63,20.527,25.631,1.647,24.691,17.249,LUBRICATION_DEGRADATION,1.0,1.0,1.0,0.3,1.0,0.0,0.0,0.0,0.0
102.8,CLIMB,81.43,57.93,4531.67,20.94,86.019,1.019,6304.39,79.84,608.39,4.236,65.7,20.312,25.629,1.594,24.6,17.215,6299.25,80.18,607.23,4.231,65.45,20.32,25.518,1.567,24.589,17.289,LUBRICATION_DEGRADATION,1.0,1.0,1.0,0.3,1.0,0.0,0.0,0.0,0.0
102.9,CLIMB,81.43,57.93,4538.75,20.92,85.997,1.0188,6303.92,79.84,608.38,4.236,65.69,20.31,25.629,1.594,24.6,17.214,6312.06,79.64,609.5,4.227,65.71,20.192,25.607,1.613,24.677,17.151,LUBRICATION_DEGRADATION,1.0,1.0,1.0,0.3,1.0,0.0,0.0,0.0,0.0
103.0,CLIMB,81.42,57.92,4545.83,20.91,85.975,1.0185,6303.45,79.84,608.36,4.236,65.69,20.309,25.628,1.594,24.6,17.213,6300.38,80.25,609.63,4.212,65.85,20.235,25.608,1.629,24.564,17.244,LUBRICATION_DEGRADATION,1.0,1.0,1.0,0.3,1.0,0.0,0.0,0.0,0.0
103.1,CLIMB,81.41,57.92,4552.92,20.89,85.953,1.0183,6302.98,79.84,608.35,4.236,65.68,20.308,25.628,1.594,24.6,17.211,6308.45,79.84,607.22,4.216,66.05,20.428,25.628,1.629,24.626,17.204,LUBRICATION_DEGRADATION,1.0,1.0,1.0,0.3,1.0,0.0,0.0,0.0,0.0
103.2,CLIMB,81.4,57.91,4560.0,20.88,85.931,1.0181,6302.51,79.84,608.33,4.236,65.67,20.306,25.628,1.594,24.6,17.21,6306.57,78.68,608.29,4.198,65.46,20.336,25.689,1.644,24.569,17.185,LUBRICATION_DEGRADATION,1.0,1.0,1.0,0.3,1.0,0.0,0.0,0.0,0.0
103.3,CLIMB,81.39,57.9,4567.08,20.87,85.909,1.0179,6302.04,79.84,608.31,4.236,65.66,20.305,25.628,1.593,24.6,17.209,6305.12,79.29,610.29,4.238,65.4,20.488,25.636,1.555,24.668,17.235,LUBRICATION_DEGRADATION,1.0,1.0,1.0,0.3,1.0,0.0,0.0,0.0,0.0
103.4,CLIMB,81.38,57.9,4574.17,20.85,85.887,1.0177,6301.57,79.84,608.3,4.236,65.65,20.303,25.628,1.593,24.6,17.208,6295.33,79.71,607.37,4.263,65.67,20.344,25.618,1.552,24.53,17.165,LUBRICATION_DEGRADATION,1.0,1.0,1.0,0.3,1.0,0.0,0.0,0.0,0.0
103.5,CLIMB,81.38,57.89,4581.25,20.84,85.865,1.0175,6301.1,79.84,608.28,4.236,65.64,20.302,25.628,1.593,24.6,17.206,6302.17,79.54,606.92,4.2,65.89,20.246,25.658,1.646,24.584,16.93,LUBRICATION_DEGRADATION,1.0,1.0,1.0,0.3,1.0,0.0,0.0,0.0,0.0
103.6,CLIMB,81.37,57.89,4588.33,20.82,85.843,1.0173,6300.63,79.84,608.27,4.235,65.64,20.301,25.627,1.593,24.6,17.205,6301.47,79.41,608.54,4.221,65.94,20.281,25.507,1.575,24.579,17.229,LUBRICATION_DEGRADATION,1.0,1.0,1.0,0.3,1.0,0.0,0.0,0.0,0.0
103.7,CLIMB,81.36,57.88,4595.42,20.81,85.821,1.0171,6300.16,79.84,608.25,4.235,65.63,20.299,25.627,1.593,24.6,17.204,6295.62,79.18,607.8,4.251,65.82,20.337,25.498,1.551,24.547,17.044,LUBRICATION_DEGRADATION,1.0,1.0,1.0,0.3,1.0,0.0,0.0,0.0,0.0
103.8,CLIMB,81.35,57.88,4602.5,20.8,85.799,1.0169,6299.69,79.84,608.24,4.235,65.62,20.298,25.627,1.593,24.6,17.203,6310.7,79.72,614.51,4.227,65.88,20.229,25.593,1.594,24.64,17.219,LUBRICATION_DEGRADATION,1.0,1.0,1.0,0.3,1.0,0.0,0.0,0.0,0.0
103.9,CLIMB,81.34,57.87,4609.58,20.78,85.777,1.0166,6299.22,79.84,608.22,4.235,65.61,20.297,25.627,1.593,24.6,17.201,6305.0,81.38,607.6,4.232,65.62,20.362,25.578,1.638,24.589,17.121,LUBRICATION_DEGRADATION,1.0,1.0,1.0,0.3,1.0,0.0,0.0,0.0,0.0
104.0,CLIMB,81.33,57.87,4616.67,20.77,85.755,1.0164,6298.75,79.84,608.2,4.235,65.6,20.295,25.627,1.593,24.6,17.2,6293.57,79.89,609.34,4.236,65.91,20.117,25.61,1.68,24.653,17.252,LUBRICATION_DEGRADATION,1.0,1.0,1.0,0.3,1.0,0.0,0.0,0.0,0.0
104.1,CLIMB,81.33,57.86,4623.75,20.75,85.733,1.0162,6298.28,79.83,608.19,4.235,65.6,20.294,25.627,1.593,24.6,17.199,6293.0,80.59,606.92,4.226,65.17,20.331,25.667,1.52,24.538,17.179,LUBRICATION_DEGRADATION,1.0,1.0,1.0,0.3,1.0,0.0,0.0,0.0,0.0
104.2,CLIMB,81.32,57.86,4630.83,20.74,85.712,1.016,6297.81,79.83,608.17,4.235,65.59,20.292,25.626,1.593,24.6,17.198,6303.8,80.5,608.04,4.23,66.09,20.327,25.619,1.574,24.631,17.194,LUBRICATION_DEGRADATION,1.0,1.0,1.0,0.3,1.0,0.0,0.0,0.0,0.0
104.3,CLIMB,81.31,57.85,4637.92,20.72,85.69,1.0158,6297.34,79.83,608.16,4.235,65.58,20.291,25.626,1.593,24.6,17.196,6299.27,79.36,607.04,4.287,64.98,20.394,25.593,1.622,24.655,16.925,LUBRICATION_DEGRADATION,1.0,1.0,1.0,0.3,1.0,0.0,0.0,0.0,0.0
104.4,CLIMB,81.3,57.85,4645.0,20.71,85.668,1.0156,6296.87,79.83,608.14,4.234,65.57,20.29,25.626,1.592,24.6,17.195,6298.2,79.3,609.31,4.251,65.89,20.252,25.639,1.511,24.552,17.115,LUBRICATION_DEGRADATION,1.0,1.0,1.0,0.3,1.0,0.0,0.0,0.0,0.0
104.5,CLIMB,81.29,57.84,4652.08,20.7,85.646,1.0154,6296.4,79.83,608.12,4.234,65.56,20.288,25.626,1.592,24.6,17.194,6304.81,80.21,604.67,4.253,65.5,20.193,25.634,1.569,24.548,17.16,LUBRICATION_DEGRADATION,1.0,1.0,1.0,0.3,1.0,0.0,0.0,0.0,0.0
104.6,CLIMB,81.28,57.83,4659.17,20.68,85.624,1.0152,6295.93,79.83,608.11,4.234,65.56,20.287,25.626,1.592,24.6,17.193,6296.2,80.17,607.49,4.253,65.27,20.367,25.651,1.633,24.63,17.16,LUBRICATION_DEGRADATION,1.0,1.0,1.0,0.3,1.0,0.0,0.0,0.0,0.0
104.7,CLIMB,81.28,57.83,4666.25,20.67,85.602,1.015,6295.46,79.83,608.09,4.234,65.55,20.286,25.626,1.592,24.6,17.191,6306.32,79.68,608.69,4.281,65.55,20.22,25.605,1.703,24.647,17.149,LUBRICATION_DEGRADATION,1.0,1.0,1.0,0.3,1.0,0.0,0.0,0.0,0.0
104.8,CLIMB,81.27,57.82,4673.33,20.65,85.58,1.0147,6294.99,79.83,608.08,4.234,65.54,20.284,25.625,1.592,24.6,17.19,6301.11,79.36,607.65,4.261,65.14,20.33,25.6,1.572,24.534,17.231,LUBRICATION_DEGRADATION,1.0,1.0,1.0,0.3,1.0,0.0,0.0,0.0,0.0
104.9,CLIMB,81.26,57.82,4680.42,20.64,85.558,1.0145,6294.52,79.83,608.06,4.234,65.53,20.283,25.625,1.592,24.6,17.189,6291.79,79.7,606.37,4.278,65.14,20.304,25.563,1.554,24.579,17.143,LUBRICATION_DEGRADATION,1.0,1.0,1.0,0.3,1.0,0.0,0.0,0.0,0.0
105.0,CLIMB,81.25,57.81,4687.5,20.63,85.536,1.0143,6294.05,79.83,608.05,4.234,65.52,20.281,25.625,1.592,24.6,17.188,6295.35,79.9,607.86,4.29,65.27,20.293,25.671,1.566,24.556,17.174,LUBRICATION_DEGRADATION,1.0,1.0,1.0,0.3,1.0,0.0,0.0,0.0,0.0
105.1,CLIMB,81.24,57.81,4694.58,20.61,85.514,1.0141,6293.58,79.83,608.03,4.234,65.51,20.28,25.625,1.592,24.6,17.186,6285.91,79.96,609.49,4.263,65.26,20.277,25.679,1.639,24.67,17.11,LUBRICATION_DEGRADATION,1.0,1.0,1.0,0.3,1.0,0.0,0.0,0.0,0.0
105.2,CLIMB,81.23,57.8,4701.67,20.6,85.492,1.0139,6293.11,79.83,608.01,4.233,65.51,20.279,25.625,1.592,24.6,17.185,6295.96,80.26,607.58,4.259,65.6,20.354,25.628,1.547,24.549,16.953,LUBRICATION_DEGRADATION,1.0,1.0,1.0,0.3,1.0,0.0,0.0,0.0,0.0
105.3,CLIMB,81.23,57.8,4708.75,20.58,85.471,1.0137,6292.64,79.83,608.0,4.233,65.5,20.277,25.625,1.592,24.6,17.184,6293.41,79.63,606.01,4.224,65.61,20.181,25.632,1.561,24.659,17.173,LUBRICATION_DEGRADATION,1.0,1.0,1.0,0.3,1.0,0.0,0.0,0.0,0.0
105.4,CLIMB,81.22,57.79,4715.83,20.57,85.449,1.0135,6292.17,79.83,607.98,4.233,65.49,20.276,25.624,1.592,24.6,17.183,6280.9,79.47,607.76,4.248,65.4,20.206,25.643,1.622,24.635,17.143,LUBRICATION_DEGRADATION,1.0,1.0,1.0,0.3,1.0,0.0,0.0,0.0,0.0
105.5,CLIMB,81.21,57.79,4722.92,20.55,85.427,1.0133,6291.7,79.83,607.97,4.233,65.48,20.275,25.624,1.591,24.6,17.181,6292.21,79.92,608.19,4.237,65.54,20.145,25.572,1.5,24.583,17.07,LUBRICATION_DEGRADATION,1.0,1.0,1.0,0.3,1.0,0.0,0.0,0.0,0.0
105.6,CLIMB,81.2,57.78,4730.0,20.54,85.405,1.0131,6291.23,79.83,607.95,4.233,65.47,20.273,25.624,1.591,24.6,17.18,6292.26,79.78,606.33,4.238,65.24,20.315,25.589,1.579,24.671,17.163,LUBRICATION_DEGRADATION,1.0,1.0,1.0,0.3,1.0,0.0,0.0,0.0,0.0
105.7,CLIMB,81.19,57.77,4737.08,20.53,85.383,1.0129,6290.76,79.83,607.94,4.233,65.46,20.272,25.624,1.591,24.6,17.179,6284.58,78.93,610.19,4.191,65.61,20.426,25.514,1.539,24.541,17.171,LUBRICATION_DEGRADATION,1.0,1.0,1.0,0.3,1.0,0.0,0.0,0.0,0.0
105.8,CLIMB,81.18,57.77,4744.17,20.51,85.361,1.0126,6290.29,79.82,607.92,4.233,65.46,20.27,25.624,1.591,24.6,17.178,6288.15,79.91,609.53,4.282,65.58,20.289,25.601,1.654,24.579,17.323,LUBRICATION_DEGRADATION,1.0,1.0,1.0,0.3,1.0,0.0,0.0,0.0,0.0
105.9,CLIMB,81.18,57.76,4751.25,20.5,85.339,1.0124,6289.82,79.82,607.9,4.233,65.45,20.269,25.624,1.591,24.6,17.176,6283.64,79.26,606.49,4.242,65.5,20.29,25.601,1.54,24.581,17.136,LUBRICATION_DEGRADATION,1.0,1.0,1.0,0.3,1.0,0.0,0.0,0.0,0.0
106.0,CLIMB,81.17,57.76,4758.33,20.48,85.318,1.0122,6289.35,79.82,607.89,4.233,65.44,20.268,25.623,1.591,24.6,17.175,6291.8,79.95,608.67,4.206,65.66,20.292,25.618,1.545,24.556,17.107,LUBRICATION_DEGRADATION,1.0,1.0,1.0,0.3,1.0,0.0,0.0,0.0,0.0
106.1,CLIMB,81.16,57.75,4765.42,20.47,85.296,1.012,6288.88,79.82,607.87,4.232,65.43,20.266,25.623,1.591,24.6,17.174,6285.01,78.79,607.21,4.143,65.2,20.318,25.694,1.542,24.568,17.233,LUBRICATION_DEGRADATION,1.0,1.0,1.0,0.3,1.0,0.0,0.0,0.0,0.0
106.2,CLIMB,81.15,57.75,4772.5,20.46,85.274,1.0118,6288.41,79.82,607.86,4.232,65.42,20.265,25.623,1.591,24.6,17.173,6286.11,79.94,606.09,4.203,65.76,20.283,25.63,1.632,24.562,17.143,LUBRICATION_DEGRADATION,1.0,1.0,1.0,0.3,1.0,0.0,0.0,0.0,0.0
106.3,CLIMB,81.14,57.74,4779.58,20.44,85.252,1.0116,6287.94,79.82,607.84,4.232,65.41,20.264,25.623,1.591,24.6,17.171,6287.68,79.26,608.28,4.249,65.21,20.335,25.593,1.561,24.636,17.06,LUBRICATION_DEGRADATION,1.0,1.0,1.0,0.3,1.0,0.0,0.0,0.0,0.0
106.4,CLIMB,81.13,57.74,4786.67,20.43,85.23,1.0114,6287.48,79.82,607.83,4.232,65.41,20.262,25.623,1.591,24.6,17.17,6290.21,79.88,607.84,4.201,66.03,20.128,25.59,1.534,24.473,17.192,LUBRICATION_DEGRADATION,1.0,1.0,1.0,0.3,1.0,0.0,0.0,0.0,0.0
106.5,CLIMB,81.13,57.73,4793.75,20.41,85.208,1.0112,6287.01,79.82,607.81,4.232,65.4,20.261,25.623,1.591,24.6,17.169,6275.71,79.82,608.74,4.234,65.24,20.268,25.623,1.64,24.697,17.087,LUBRICATION_DEGRADATION,1.0,1.0,1.0,0.3,1.0,0.0,0.0,0.0,0.0
106.6,CLIMB,81.12,57.73,4800.83,20.4,85.187,1.011,6286.54,79.82,607.79,4.232,65.39,20.259,25.622,1.59,24.6,17.168,6284.25,79.93,607.5,4.189,64.93,20.172,25.508,1.566,24.511,17.164,LUBRICATION_DEGRADATION,1.0,1.0,1.0,0.3,1.0,0.0,0.0,0.0,0.0
106.7,CLIMB,81.11,57.72,4807.92,20.38,85.165,1.0108,6286.07,79.82,607.78,4.232,65.38,20.258,25.622,1.59,24.6,17.166,6276.83,80.68,606.72,4.291,65.29,20.275,25.65,1.595,24.615,17.243,LUBRICATION_DEGRADATION,1.0,1.0,1.0,0.3,1.0,0.0,0.0,0.0,0.0
106.8,CLIMB,81.1,57.72,4815.0,20.37,85.143,1.0105,6285.6,79.82,607.76,4.232,65.37,20.257,25.622,1.59,24.6,17.165,6290.4,79.45,607.51,4.205,65.18,20.213,25.632,1.6,24.638,17.228,LUBRICATION_DEGRADATION,1.0,1.0,1.0,0.3,1.0,0.0,0.0,0.0,0.0
106.9,CLIMB,81.09,57.71,4822.08,20.36,85.121,1.0103,6285.13,79.82,607.75,4.231,65.36,20.255,25.622,1.59,24.6,17.164,6293.2,79.61,611.14,4.232,65.77,20.253,25.615,1.614,24.55,17.266,LUBRICATION_DEGRADATION,1.0,1.0,1.0,0.3,1.0,0.0,0.0,0.0,0.0
107.0,CLIMB,81.08,57.7,4829.17,20.34,85.099,1.0101,6284.66,79.82,607.73,4.231,65.35,20.254,25.622,1.59,24.6,17.163,6289.75,79.16,608.92,4.245,64.72,20.371,25.556,1.5,24.6,17.339,LUBRICATION_DEGRADATION,1.0,1.0,1.0,0.3,1.0,0.0,0.0,0.0,0.0
107.1,CLIMB,81.08,57.7,4836.25,20.33,85.078,1.0099,6284.19,79.82,607.72,4.231,65.35,20.253,25.622,1.59,24.6,17.161,6274.69,79.89,609.22,4.199,65.94,20.086,25.624,1.605,24.59,17.289,LUBRICATION_DEGRADATION,1.0,1.0,1.0,0.3,1.0,0.0,0.0,0.0,0.0
107.2,CLIMB,81.07,57.69,4843.33,20.31,85.056,1.0097,6283.72,79.82,607.7,4.231,65.34,20.251,25.621,1.59,24.6,17.16,6281.04,79.7,604.29,4.238,65.69,20.074,25.625,1.558,24.556,17.145,LUBRICATION_DEGRADATION,1.0,1.0,1.0,0.3,1.0,0.0,0.0,0.0,0.0
107.3,CLIMB,81.06,57.69,4850.42,20.3,85.034,1.0095,6283.25,79.82,607.68,4.231,65.33,20.25,25.621,1.59,24.6,17.159,6276.0,80.8,605.76,4.249,65.38,20.226,25.744,1.633,24.572,17.052,LUBRICATION_DEGRADATION,1.0,1.0,1.0,0.3,1.0,0.0,0.0,0.0,0.0
107.4,CLIMB,81.05,57.68,4857.5,20.29,85.012,1.0093,6282.78,79.81,607.67,4.231,65.32,20.248,25.621,1.59,24.6,17.158,6289.0,79.15,609.79,4.239,65.31,20.416,25.659,1.628,24.543,17.12,LUBRICATION_DEGRADATION,1.0,1.0,1.0,0.3,1.0,0.0,0.0,0.0,0.0
107.5,CLIMB,81.04,57.68,4864.58,20.27,84.991,1.0091,6282.31,79.81,607.65,4.231,65.31,20.247,25.621,1.59,24.6,17.156,6278.21,79.99,605.48,4.202,64.87,20.18,25.554,1.545,24.604,16.962,LUBRICATION_DEGRADATION,1.0,1.0,1.0,0.3,1.0,0.0,0.0,0.0,0.0
107.6,CLIMB,81.03,57.67,4871.67,20.26,84.969,1.0089,6281.85,79.81,607.64,4.231,65.3,20.246,25.621,1.59,24.6,17.155,6265.98,79.94,607.12,4.223,65.23,20.288,25.648,1.546,24.625,17.138,LUBRICATION_DEGRADATION,1.0,1.0,1.0,0.3,1.0,0.0,0.0,0.0,0.0
107.7,CLIMB,81.03,57.67,4878.75,20.24,84.947,1.0087,6281.38,79.81,607.62,4.23,65.3,20.244,25.621,1.589,24.6,17.154,6284.17,79.29,608.78,4.297,65.46,20.064,25.625,1.592,24.612,17.072,LUBRICATION_DEGRADATION,1.0,1.0,1.0,0.3,1.0,0.0,0.0,0.0,0.0
107.8,CLIMB,81.02,57.66,4885.83,20.23,84.925,1.0084,6280.91,79.81,607.61,4.23,65.29,20.243,25.62,1.589,24.6,17.153,6282.41,80.78,609.26,4.209,65.01,20.343,25.724,1.593,24.541,16.956,LUBRICATION_DEGRADATION,1.0,1.0,1.0,0.3,1.0,0.0,0.0,0.0,0.0
107.9,CLIMB,81.01,57.66,4892.92,20.21,84.904,1.0082,6280.44,79.81,607.59,4.23,65.28,20.242,25.62,1.589,24.6,17.151,6281.35,79.67,610.57,4.248,65.45,20.038,25.628,1.546,24.673,17.239,LUBRICATION_DEGRADATION,1.0,1.0,1.0,0.3,1.0,0.0,0.0,0.0,0.0
108.0,CLIMB,81.0,57.65,4900.0,20.2,84.882,1.008,6279.97,79.81,607.58,4.23,65.27,20.24,25.62,1.589,24.6,17.15,6282.35,79.55,610.91,4.16,65.48,20.21,25.644,1.555,24.565,17.098,LUBRICATION_DEGRADATION,1.0,1.0,1.0,0.3,1.0,0.0,0.0,0.0,0.0
108.1,CLIMB,80.99,57.64,4907.08,20.19,84.86,1.0078,6279.5,79.81,607.56,4.23,65.26,20.239,25.62,1.589,24.6,17.149,6293.39,79.47,607.65,4.246,65.48,20.181,25.703,1.538,24.575,17.098,LUBRICATION_DEGRADATION,1.0,1.0,1.0,0.3,1.0,0.0,0.0,0.0,0.0
108.2,CLIMB,80.98,57.64,4914.17,20.17,84.838,1.0076,6279.03,79.81,607.54,4.23,65.25,20.237,25.62,1.589,24.6,17.148,6277.96,79.84,606.91,4.223,65.28,20.353,25.653,1.601,24.617,17.168,LUBRICATION_DEGRADATION,1.0,1.0,1.0,0.3,1.0,0.0,0.0,0.0,0.0
108.3,CLIMB,80.98,57.63,4921.25,20.16,84.817,1.0074,6278.56,79.81,607.53,4.23,65.24,20.236,25.62,1.589,24.6,17.146,6277.46,81.03,604.83,4.221,65.33,20.291,25.645,1.664,24.64,17.078,LUBRICATION_DEGRADATION,1.0,1.0,1.0,0.3,1.0,0.0,0.0,0.0,0.0
108.4,CLIMB,80.97,57.63,4928.33,20.14,84.795,1.0072,6278.09,79.81,607.51,4.23,65.24,20.235,25.619,1.589,24.6,17.145,6277.45,79.19,608.17,4.257,65.46,20.131,25.604,1.645,24.672,17.3,LUBRICATION_DEGRADATION,1.0,1.0,1.0,0.3,1.0,0.0,0.0,0.0,0.0
108.5,CLIMB,80.96,57.62,4935.42,20.13,84.773,1.007,6277.62,79.81,607.5,4.229,65.23,20.233,25.619,1.589,24.6,17.144,6278.54,78.49,608.8,4.258,65.49,20.259,25.722,1.644,24.623,17.07,LUBRICATION_DEGRADATION,1.0,1.0,1.0,0.3,1.0,0.0,0.0,0.0,0.0
108.6,CLIMB,80.95,57.62,4942.5,20.12,84.752,1.0068,6277.16,79.81,607.48,4.229,65.22,20.232,25.619,1.589,24.6,17.143,6276.53,79.57,607.76,4.238,65.0,20.033,25.601,1.624,24.616,17.055,LUBRICATION_DEGRADATION,1.0,1.0,1.0,0.3,1.0,0.0,0.0,0.0,0.0
108.7,CLIMB,80.94,57.61,4949.58,20.1,84.73,1.0066,6276.69,79.81,607.47,4.229,65.21,20.231,25.619,1.589,24.6,17.141,6274.95,80.43,606.48,4.215,65.3,20.146,25.623,1.501,24.59,17.136,LUBRICATION_DEGRADATION,1.0,1.0,1.0,0.3,1.0,0.0,0.0,0.0,0.0
108.8,CLIMB,80.93,57.61,4956.67,20.09,84.708,1.0064,6276.22,79.81,607.45,4.229,65.2,20.229,25.619,1.588,24.6,17.14,6277.09,79.25,607.12,4.27,65.36,20.183,25.593,1.63,24.559,17.208,LUBRICATION_DEGRADATION,1.0,1.0,1.0,0.3,1.0,0.0,0.0,0.0,0.0
108.9,CLIMB,80.93,57.6,4963.75,20.07,84.687,1.0061,6275.75,79.81,607.44,4.229,65.19,20.228,25.619,1.588,24.6,17.139,6278.29,78.87,609.97,4.196,64.91,20.262,25.59,1.545,24.622,17.211,LUBRICATION_DEGRADATION,1.0,1.0,1.0,0.3,1.0,0.0,0.0,0.0,0.0
109.0,CLIMB,80.92,57.6,4970.83,20.06,84.665,1.0059,6275.28,79.8,607.42,4.229,65.18,20.226,25.618,1.588,24.6,17.138,6273.96,79.73,609.48,4.224,65.37,20.153,25.661,1.569,24.626,17.206,LUBRICATION_DEGRADATION,1.0,1.0,1.0,0.3,1.0,0.0,0.0,0.0,0.0
109.1,CLIMB,80.91,57.59,4977.92,20.04,84.643,1.0057,6274.81,79.8,607.41,4.229,65.18,20.225,25.618,1.588,24.6,17.136,6279.39,79.61,605.47,4.188,64.95,20.238,25.647,1.636,24.636,17.154,LUBRICATION_DEGRADATION,1.0,1.0,1.0,0.3,1.0,0.0,0.0,0.0,0.0
109.2,CLIMB,80.9,57.59,4985.0,20.03,84.622,1.0055,6274.34,79.8,607.39,4.229,65.17,20.224,25.618,1.588,24.6,17.135,6274.77,79.63,607.72,4.17,65.64,20.242,25.626,1.623,24.562,17.178,LUBRICATION_DEGRADATION,1.0,1.0,1.0,0.3,1.0,0.0,0.0,0.0,0.0
109.3,CLIMB,80.89,57.58,4992.08,20.02,84.6,1.0053,6273.88,79.8,607.37,4.229,65.16,20.222,25.618,1.588,24.6,17.134,6276.17,80.34,608.2,4.243,65.39,20.08,25.593,1.615,24.607,17.243,LUBRICATION_DEGRADATION,1.0,1.0,1.0,0.3,1.0,0.0,0.0,0.0,0.0
109.4,CLIMB,80.88,57.57,4999.17,20.0,84.578,1.0051,6273.41,79.8,607.36,4.228,65.15,20.221,25.618,1.588,24.6,17.133,6275.34,79.15,605.31,4.215,65.76,20.313,25.689,1.617,24.612,17.017,LUBRICATION_DEGRADATION,1.0,1.0,1.0,0.3,1.0,0.0,0.0,0.0,0.0
109.5,CLIMB,80.88,57.57,5006.25,19.99,84.557,1.0049,6272.94,79.8,607.34,4.228,65.14,20.22,25.618,1.588,24.6,17.131,6281.3,79.4,609.53,4.236,65.13,20.154,25.597,1.639,24.695,17.068,LUBRICATION_DEGRADATION,1.0,1.0,1.0,0.3,1.0,0.0,0.0,0.0,0.0
109.6,CLIMB,80.87,57.56,5013.33,19.97,84.535,1.0047,6272.47,79.8,607.33,4.228,65.13,20.218,25.617,1.588,24.6,17.13,6267.32,80.03,607.68,4.299,65.06,20.3,25.661,1.638,24.603,17.067,LUBRICATION_DEGRADATION,1.0,1.0,1.0,0.3,1.0,0.0,0.0,0.0,0.0
109.7,CLIMB,80.86,57.56,5020.42,19.96,84.513,1.0045,6272.0,79.8,607.31,4.228,65.12,20.217,25.617,1.588,24.6,17.129,6262.22,79.67,604.06,4.24,65.44,20.144,25.566,1.595,24.644,17.245,LUBRICATION_DEGRADATION,1.0,1.0,1.0,0.3,1.0,0.0,0.0,0.0,0.0
109.8,CLIMB,80.85,57.55,5027.5,19.95,84.492,1.0043,6271.53,79.8,607.3,4.228,65.11,20.215,25.617,1.588,24.6,17.128,6270.74,80.57,609.91,4.209,65.21,20.342,25.631,1.55,24.578,16.992,LUBRICATION_DEGRADATION,1.0,1.0,1.0,0.3,1.0,0.0,0.0,0.0,0.0
109.9,CLIMB,80.84,57.55,5034.58,19.93,84.47,1.0041,6271.06,79.8,607.28,4.228,65.11,20.214,25.617,1.587,24.6,17.126,6264.53,80.71,608.67,4.235,65.23,20.28,25.659,1.63,24.621,16.871,LUBRICATION_DEGRADATION,1.0,1.0,1.0,0.3,1.0,0.0,0.0,0.0,0.0
110.0,CLIMB,80.83,57.54,5041.67,19.92,84.448,1.0038,6270.6,79.8,607.27,4.228,65.1,20.213,25.617,1.587,24.6,17.125,6271.24,80.35,606.74,4.262,64.92,19.961,25.616,1.613,24.562,17.119,LUBRICATION_DEGRADATION,1.0,1.0,1.0,0.3,1.0,0.0,0.0,0.0,0.0
110.1,CLIMB,80.83,57.54,5048.75,19.9,84.427,1.0036,6270.13,79.8,607.25,4.228,65.09,20.211,25.617,1.587,24.6,17.124,6274.09,80.08,606.12,4.223,65.38,20.145,25.594,1.529,24.595,17.139,LUBRICATION_DEGRADATION,1.0,1.0,1.0,0.3,1.0,0.0,0.0,0.0,0.0
110.2,CLIMB,80.82,57.53,5055.83,19.89,84.405,1.0034,6269.66,79.8,607.24,4.227,65.08,20.21,25.616,1.587,24.6,17.123,6267.0,80.22,604.66,4.272,64.6,20.221,25.543,1.585,24.592,17.027,LUBRICATION_DEGRADATION,1.0,1.0,1.0,0.3,1.0,0.0,0.0,0.0,0.0
110.3,CLIMB,80.81,57.53,5062.92,19.87,84.384,1.0032,6269.19,79.8,607.22,4.227,65.07,20.209,25.616,1.587,24.6,17.121,6275.28,80.03,605.83,4.263,65.58,20.183,25.638,1.639,24.542,17.113,LUBRICATION_DEGRADATION,1.0,1.0,1.0,0.3,1.0,0.0,0.0,0.0,0.0
110.4,CLIMB,80.8,57.52,5070.0,19.86,84.362,1.003,6268.72,79.8,607.2,4.227,65.06,20.207,25.616,1.587,24.6,17.12,6264.79,80.54,604.36,4.201,64.79,20.177,25.58,1.596,24.645,17.219,LUBRICATION_DEGRADATION,1.0,1.0,1.0,0.3,1.0,0.0,0.0,0.0,0.0
110.5,CLIMB,80.79,57.51,5077.08,19.85,84.34,1.0028,6268.25,79.8,607.19,4.227,65.05,20.206,25.616,1.587,24.6,17.119,6273.09,79.49,607.11,4.257,65.47,20.158,25.547,1.601,24.557,17.093,LUBRICATION_DEGRADATION,1.0,1.0,1.0,0.3,1.0,0.0,0.0,0.0,0.0
110.6,CLIMB,80.78,57.51,5084.17,19.83,84.319,1.0026,6267.79,79.79,607.17,4.227,65.04,20.204,25.616,1.587,24.6,17.118,6267.81,80.12,607.96,4.243,65.25,20.136,25.654,1.545,24.647,17.173,LUBRICATION_DEGRADATION,1.0,1.0,1.0,0.3,1.0,0.0,0.0,0.0,0.0
110.7,CLIMB,80.78,57.5,5091.25,19.82,84.297,1.0024,6267.32,79.79,607.16,4.227,65.04,20.203,25.616,1.587,24.6,17.116,6265.23,79.67,606.23,4.252,65.33,20.079,25.591,1.667,24.608,16.973,LUBRICATION_DEGRADATION,1.0,1.0,1.0,0.3,1.0,0.0,0.0,0.0,0.0
110.8,CLIMB,80.77,57.5,5098.33,19.8,84.276,1.0022,6266.85,79.79,607.14,4.227,65.03,20.202,25.615,1.587,24.6,17.115,6264.88,80.22,608.47,4.256,64.95,20.253,25.633,1.586,24.579,17.031,LUBRICATION_DEGRADATION,1.0,1.0,1.0,0.3,1.0,0.0,0.0,0.0,0.0
110.9,CLIMB,80.76,57.49,5105.42,19.79,84.254,1.002,6266.38,79.79,607.13,4.227,65.02,20.2,25.615,1.587,24.6,17.114,6269.57,79.61,606.16,4.258,65.03,20.271,25.631,1.615,24.591,17.267,LUBRICATION_DEGRADATION,1.0,1.0,1.0,0.3,1.0,0.0,0.0,0.0,0.0
111.0,CLIMB,80.75,57.49,5112.5,19.78,84.233,1.0018,6265.91,79.79,607.11,4.227,65.01,20.199,25.615,1.586,24.6,17.113,6257.94,79.57,605.53,4.187,65.52,20.027,25.548,1.578,24.602,17.114,LUBRICATION_DEGRADATION,1.0,1.0,1.0,0.3,1.0,0.0,0.0,0.0,0.0
111.1,CLIMB,80.74,57.48,5119.58,19.76,84.211,1.0016,6265.45,79.79,607.1,4.226,65.0,20.198,25.615,1.586,24.6,17.111,6271.49,79.54,605.89,4.233,65.67,20.344,25.619,1.554,24.565,17.112,LUBRICATION_DEGRADATION,1.0,1.0,1.0,0.3,1.0,0.0,0.0,0.0,0.0
111.2,CLIMB,80.73,57.48,5126.67,19.75,84.189,1.0013,6264.98,79.79,607.08,4.226,64.99,20.196,25.615,1.586,24.6,17.11,6260.11,79.28,606.83,4.284,64.67,20.329,25.649,1.533,24.535,17.301,LUBRICATION_DEGRADATION,1.0,1.0,1.0,0.3,1.0,0.0,0.0,0.0,0.0
111.3,CLIMB,80.73,57.47,5133.75,19.73,84.168,1.0011,6264.51,79.79,607.07,4.226,64.98,20.195,25.615,1.586,24.6,17.109,6259.0,79.05,609.48,4.183,64.84,20.202,25.614,1.55,24.593,17.101,LUBRICATION_DEGRADATION,1.0,1.0,1.0,0.3,1.0,0.0,0.0,0.0,0.0
111.4,CLIMB,80.72,57.47,5140.83,19.72,84.146,1.0009,6264.04,79.79,607.05,4.226,64.97,20.193,25.614,1.586,24.6,17.108,6273.87,79.92,607.35,4.249,64.96,20.208,25.625,1.547,24.625,17.285,LUBRICATION_DEGRADATION,1.0,1.0,1.0,0.3,1.0,0.0,0.0,0.0,0.0
111.5,CLIMB,80.71,57.46,5147.92,19.7,84.125,1.0007,6263.57,79.79,607.04,4.226,64.96,20.192,25.614,1.586,24.6,17.106,6261.0,79.87,608.01,4.229,65.28,20.251,25.626,1.565,24.583,17.097,LUBRICATION_DEGRADATION,1.0,1.0,1.0,0.3,1.0,0.0,0.0,0.0,0.0
111.6,CLIMB,80.7,57.46,5155.0,19.69,84.103,1.0005,6263.11,79.79,607.02,4.226,64.96,20.191,25.614,1.586,24.6,17.105,6262.86,79.69,604.06,4.217,64.84,20.238,25.584,1.485,24.579,17.053,LUBRICATION_DEGRADATION,1.0,1.0,1.0,0.3,1.0,0.0,0.0,0.0,0.0
111.7,CLIMB,80.69,57.45,5162.08,19.68,84.082,1.0003,6262.64,79.79,607.0,4.226,64.95,20.189,25.614,1.586,24.6,17.104,6263.38,79.49,607.04,4.194,64.78,20.262,25.561,1.48,24.582,17.221,LUBRICATION_DEGRADATION,1.0,1.0,1.0,0.3,1.0,0.0,0.0,0.0,0.0
111.8,CLIMB,80.68,57.44,5169.17,19.66,84.06,1.0001,6262.17,79.79,606.99,4.226,64.94,20.188,25.614,1.586,24.6,17.103,6266.22,80.31,607.06,4.224,65.28,20.245,25.683,1.539,24.585,17.188,LUBRICATION_DEGRADATION,1.0,1.0,1.0,0.3,1.0,0.0,0.0,0.0,0.0
111.9,CLIMB,80.68,57.44,5176.25,19.65,84.039,0.9999,6261.7,79.79,606.97,4.225,64.93,20.187,25.614,1.586,24.6,17.101,6265.22,79.35,607.75,4.253,65.4,20.238,25.61,1.518,24.503,17.01,LUBRICATION_DEGRADATION,1.0,1.0,1.0,0.3,1.0,0.0,0.0,0.0,0.0
112.0,CLIMB,80.67,57.43,5183.33,19.63,84.017,0.9997,6261.23,79.79,606.96,4.225,64.92,20.185,25.613,1.586,24.6,17.1,6260.89,80.12,605.65,4.196,64.96,20.113,25.644,1.704,24.593,17.112,LUBRICATION_DEGRADATION,1.0,1.0,1.0,0.3,1.0,0.0,0.0,0.0,0.0
112.1,CLIMB,80.66,57.43,5190.42,19.62,83.996,0.9995,6260.77,79.78,606.94,4.225,64.91,20.184,25.613,1.585,24.6,17.099,6262.35,79.51,607.02,4.269,65.24,20.264,25.641,1.624,24.588,16.963,LUBRICATION_DEGRADATION,1.0,1.0,1.0,0.3,1.0,0.0,0.0,0.0,0.0
112.2,CLIMB,80.65,57.42,5197.5,19.61,83.974,0.9993,6260.3,79.78,606.93,4.225,64.9,20.182,25.613,1.585,24.6,17.098,6258.27,79.99,608.04,4.184,64.64,20.185,25.628,1.62,24.632,16.927,LUBRICATION_DEGRADATION,1.0,1.0,1.0,0.3,1.0,0.0,0.0,0.0,0.0
112.3,CLIMB,80.64,57.42,5204.58,19.59,83.953,0.9991,6259.83,79.78,606.91,4.225,64.89,20.181,25.613,1.585,24.6,17.096,6256.96,79.74,606.62,4.208,64.82,20.235,25.603,1.591,24.595,17.114,LUBRICATION_DEGRADATION,1.0,1.0,1.0,0.3,1.0,0.0,0.0,0.0,0.0
112.4,CLIMB,80.63,57.41,5211.67,19.58,83.931,0.9989,6259.36,79.78,606.9,4.225,64.88,20.18,25.613,1.585,24.6,17.095,6260.64,79.5,609.05,4.217,65.16,20.088,25.613,1.591,24.642,17.037,LUBRICATION_DEGRADATION,1.0,1.0,1.0,0.3,1.0,0.0,0.0,0.0,0.0
112.5,CLIMB,80.63,57.41,5218.75,19.56,83.91,0.9987,6258.9,79.78,606.88,4.225,64.88,20.178,25.613,1.585,24.6,17.094,6260.38,79.67,607.23,4.22,64.86,20.271,25.561,1.636,24.593,17.101,LUBRICATION_DEGRADATION,1.0,1.0,1.0,0.3,1.0,0.0,0.0,0.0,0.0
112.6,CLIMB,80.62,57.4,5225.83,19.55,83.888,0.9984,6258.43,79.78,606.87,4.225,64.87,20.177,25.612,1.585,24.6,17.093,6255.44,79.31,605.31,4.28,64.23,20.313,25.626,1.631,24.634,17.108,LUBRICATION_DEGRADATION,1.0,1.0,1.0,0.3,1.0,0.0,0.0,0.0,0.0
112.7,CLIMB,80.61,57.4,5232.92,19.53,83.867,0.9982,6257.96,79.78,606.85,4.224,64.86,20.176,25.612,1.585,24.6,17.091,6252.9,80.18,606.88,4.254,64.55,20.299,25.594,1.604,24.538,16.959,LUBRICATION_DEGRADATION,1.0,1.0,1.0,0.3,1.0,0.0,0.0,0.0,0.0
112.8,CLIMB,80.6,57.39,5240.0,19.52,83.845,0.998,6257.49,79.78,606.84,4.224,64.85,20.174,25.612,1.585,24.6,17.09,6260.5,79.26,605.37,4.179,64.83,20.34,25.545,1.626,24.565,17.168,LUBRICATION_DEGRADATION,1.0,1.0,1.0,0.3,1.0,0.0,0.0,0.0,0.0
112.9,CLIMB,80.59,57.38,5247.08,19.51,83.824,0.9978,6257.02,79.78,606.82,4.224,64.84,20.173,25.612,1.585,24.6,17.089,6252.54,79.03,605.87,4.221,64.87,20.194,25.642,1.588,24.544,16.99,LUBRICATION_DEGRADATION,1.0,1.0,1.0,0.3,1.0,0.0,0.0,0.0,0.0
113.0,CLIMB,80.58,57.38,5254.17,19.49,83.802,0.9976,6256.56,79.78,606.8,4.224,64.83,20.171,25.612,1.585,24.6,17.088,6257.91,79.74,604.51,4.227,64.73,20.218,25.651,1.584,24.652,17.036,LUBRICATION_DEGRADATION,1.0,1.0,1.0,0.3,1.0,0.0,0.0,0.0,0.0
113.1,CLIMB,80.58,57.37,5261.25,19.48,83.781,0.9974,6256.09,79.78,606.79,4.224,64.82,20.17,25.612,1.585,24.6,17.086,6257.38,80.22,606.48,4.23,64.61,20.201,25.689,1.607,24.543,16.892,LUBRICATION_DEGRADATION,1.0,1.0,1.0,0.3,1.0,0.0,0.0,0.0,0.0
113.2,CLIMB,80.57,57.37,5268.33,19.46,83.76,0.9972,6255.62,79.78,606.77,4.224,64.81,20.169,25.611,1.585,24.6,17.085,6256.3,79.73,607.11,4.254,64.84,20.186,25.638,1.61,24.655,17.335,LUBRICATION_DEGRADATION,1.0,1.0,1.0,0.3,1.0,0.0,0.0,0.0,0.0
113.3,CLIMB,80.56,57.36,5275.42,19.45,83.738,0.997,6255.15,79.78,606.76,4.224,64.8,20.167,25.611,1.584,24.6,17.084,6260.49,79.86,606.13,4.239,65.19,20.153,25.581,1.513,24.636,17.031,LUBRICATION_DEGRADATION,1.0,1.0,1.0,0.3,1.0,0.0,0.0,0.0,0.0
113.4,CLIMB,80.55,57.36,5282.5,19.44,83.717,0.9968,6254.69,79.78,606.74,4.224,64.79,20.166,25.611,1.584,24.6,17.083,6257.76,79.86,603.99,4.226,64.88,20.289,25.574,1.525,24.612,17.135,LUBRICATION_DEGRADATION,1.0,1.0,1.0,0.3,1.0,0.0,0.0,0.0,0.0
113.5,CLIMB,80.54,57.35,5289.58,19.42,83.695,0.9966,6254.22,79.78,606.73,4.224,64.79,20.165,25.611,1.584,24.6,17.081,6257.98,79.78,606.61,4.25,64.85,20.106,25.573,1.523,24.586,17.232,LUBRICATION_DEGRADATION,1.0,1.0,1.0,0.3,1.0,0.0,0.0,0.0,0.0
113.6,CLIMB,80.53,57.35,5296.67,19.41,83.674,0.9964,6253.75,79.78,606.71,4.223,64.78,20.163,25.611,1.584,24.6,17.08,6261.68,79.45,607.17,4.181,64.95,20.148,25.456,1.63,24.55,17.082,LUBRICATION_DEGRADATION,1.0,1.0,1.0,0.3,1.0,0.0,0.0,0.0,0.0
113.7,CLIMB,80.53,57.34,5303.75,19.39,83.652,0.9962,6253.28,79.77,606.7,4.223,64.77,20.162,25.611,1.584,24.6,17.079,6255.44,80.38,605.06,4.196,64.64,20.246,25.534,1.613,24.562,17.05,LUBRICATION_DEGRADATION,1.0,1.0,1.0,0.3,1.0,0.0,0.0,0.0,0.0
113.8,CLIMB,80.52,57.34,5310.83,19.38,83.631,0.996,6252.82,79.77,606.68,4.223,64.76,20.16,25.61,1.584,24.6,17.078,6249.65,79.4,608.86,4.247,64.18,20.025,25.511,1.624,24.617,17.265,LUBRICATION_DEGRADATION,1.0,1.0,1.0,0.3,1.0,0.0,0.0,0.0,0.0
113.9,CLIMB,80.51,57.33,5317.92,19.36,83.61,0.9958,6252.35,79.77,606.67,4.223,64.75,20.159,25.61,1.584,24.6,17.076,6252.53,80.03,606.93,4.184,64.79,20.287,25.655,1.499,24.588,17.103,LUBRICATION_DEGRADATION,1.0,1.0,1.0,0.3,1.0,0.0,0.0,0.0,0.0
114.0,CLIMB,80.5,57.33,5325.0,19.35,83.588,0.9955,6251.88,79.77,606.65,4.223,64.74,20.158,25.61,1.584,24.6,17.075,6236.44,80.64,605.84,4.213,64.77,20.237,25.587,1.543,24.631,17.152,LUBRICATION_DEGRADATION,1.0,1.0,1.0,0.3,1.0,0.0,0.0,0.0,0.0
114.1,CLIMB,80.49,57.32,5332.08,19.34,83.567,0.9953,6251.42,79.77,606.64,4.223,64.73,20.156,25.61,1.584,24.6,17.074,6254.83,79.84,606.06,4.247,64.34,20.318,25.609,1.52,24.576,17.393,LUBRICATION_DEGRADATION,1.0,1.0,1.0,0.3,1.0,0.0,0.0,0.0,0.0
114.2,CLIMB,80.48,57.31,5339.17,19.32,83.545,0.9951,6250.95,79.77,606.62,4.223,64.72,20.155,25.61,1.584,24.6,17.073,6246.4,79.71,608.32,4.244,64.56,20.126,25.587,1.545,24.661,17.147,LUBRICATION_DEGRADATION,1.0,1.0,1.0,0.3,1.0,0.0,0.0,0.0,0.0
114.3,CLIMB,80.48,57.31,5346.25,19.31,83.524,0.9949,6250.48,79.77,606.61,4.223,64.71,20.153,25.61,1.584,24.6,17.071,6243.6,79.45,607.08,4.226,64.45,20.184,25.663,1.49,24.59,17.159,LUBRICATION_DEGRADATION,1.0,1.0,1.0,0.3,1.0,0.0,0.0,0.0,0.0
114.4,CLIMB,80.47,57.3,5353.33,19.29,83.503,0.9947,6250.01,79.77,606.59,4.222,64.7,20.152,25.609,1.583,24.6,17.07,6257.88,79.59,609.81,4.264,65.2,20.182,25.648,1.549,24.549,17.163,LUBRICATION_DEGRADATION,1.0,1.0,1.0,0.3,1.0,0.0,0.0,0.0,0.0
114.5,CLIMB,80.46,57.3,5360.42,19.28,83.481,0.9945,6249.55,79.77,606.58,4.222,64.69,20.151,25.609,1.583,24.6,17.069,6248.59,80.48,606.94,4.17,64.55,20.348,25.589,1.565,24.611,17.153,LUBRICATION_DEGRADATION,1.0,1.0,1.0,0.3,1.0,0.0,0.0,0.0,0.0
114.6,CLIMB,80.45,57.29,5367.5,19.27,83.46,0.9943,6249.08,79.77,606.56,4.222,64.68,20.149,25.609,1.583,24.6,17.068,6245.95,80.08,606.69,4.249,64.64,20.198,25.578,1.625,24.595,17.106,LUBRICATION_DEGRADATION,1.0,1.0,1.0,0.3,1.0,0.0,0.0,0.0,0.0
114.7,CLIMB,80.44,57.29,5374.58,19.25,83.439,0.9941,6248.61,79.77,606.54,4.222,64.68,20.148,25.609,1.583,24.6,17.066,6263.0,79.91,608.07,4.267,64.37,20.201,25.515,1.612,24.601,17.254,LUBRICATION_DEGRADATION,1.0,1.0,1.0,0.3,1.0,0.0,0.0,0.0,0.0
114.8,CLIMB,80.43,57.28,5381.67,19.24,83.417,0.9939,6248.15,79.77,606.53,4.222,64.67,20.147,25.609,1.583,24.6,17.065,6252.86,79.15,606.59,4.237,64.54,19.903,25.484,1.639,24.537,17.176,LUBRICATION_DEGRADATION,1.0,1.0,1.0,0.3,1.0,0.0,0.0,0.0,0.0
114.9,CLIMB,80.43,57.28,5388.75,19.22,83.396,0.9937,6247.68,79.77,606.51,4.222,64.66,20.145,25.609,1.583,24.6,17.064,6247.98,80.37,606.4,4.3,64.72,20.296,25.548,1.53,24.556,17.148,LUBRICATION_DEGRADATION,1.0,1.0,1.0,0.3,1.0,0.0,0.0,0.0,0.0
115.0,CLIMB,80.42,57.27,5395.83,19.21,83.374,0.9935,6247.21,79.77,606.5,4.222,64.65,20.144,25.608,1.583,24.6,17.063,6245.96,79.53,607.97,4.213,64.64,20.277,25.596,1.507,24.573,17.007,LUBRICATION_DEGRADATION,1.0,1.0,1.0,0.3,1.0,0.0,0.0,0.0,0.0
115.1,CLIMB,80.41,57.27,5402.92,19.19,83.353,0.9933,6246.74,79.77,606.48,4.222,64.64,20.142,25.608,1.583,24.6,17.061,6241.59,79.8,605.87,4.266,64.88,20.211,25.589,1.681,24.604,17.288,LUBRICATION_DEGRADATION,1.0,1.0,1.0,0.3,1.0,0.0,0.0,0.0,0.0
115.2,CLIMB,80.4,57.26,5410.0,19.18,83.332,0.9931,6246.28,79.76,606.47,4.222,64.63,20.141,25.608,1.583,24.6,17.06,6250.75,80.52,606.94,4.286,64.27,20.326,25.733,1.632,24.598,16.975,LUBRICATION_DEGRADATION,1.0,1.0,1.0,0.3,1.0,0.0,0.0,0.0,0.0
115.3,CLIMB,80.39,57.25,5417.08,19.17,83.31,0.9929,6245.81,79.76,606.45,4.221,64.62,20.14,25.608,1.583,24.6,17.059,6243.71,78.99,607.3,4.223,64.33,20.203,25.614,1.552,24.644,17.026,LUBRICATION_DEGRADATION,1.0,1.0,1.0,0.3,1.0,0.0,0.0,0.0,0.0
115.4,CLIMB,80.38,57.25,5424.17,19.15,83.289,0.9927,6245.34,79.76,606.44,4.221,64.61,20.138,25.608,1.583,24.6,17.058,6241.52,80.16,604.99,4.259,64.58,19.863,25.537,1.601,24.597,17.105,LUBRICATION_DEGRADATION,1.0,1.0,1.0,0.3,1.0,0.0,0.0,0.0,0.0
115.5,CLIMB,80.38,57.24,5431.25,19.14,83.268,0.9925,6244.88,79.76,606.42,4.221,64.6,20.137,25.608,1.582,24.6,17.056,6240.51,80.26,605.43,4.23,64.33,20.241,25.597,1.574,24.627,17.091,LUBRICATION_DEGRADATION,1.0,1.0,1.0,0.3,1.0,0.0,0.0,0.0,0.0
115.6,CLIMB,80.37,57.24,5438.33,19.12,83.247,0.9922,6244.41,79.76,606.41,4.221,64.59,20.136,25.607,1.582,24.6,17.055,6240.39,79.6,608.4,4.192,63.81,20.055,25.684,1.61,24.523,17.215,LUBRICATION_DEGRADATION,1.0,1.0,1.0,0.3,1.0,0.0,0.0,0.0,0.0
115.7,CLIMB,80.36,57.23,5445.42,19.11,83.225,0.992,6243.94,79.76,606.39,4.221,64.58,20.134,25.607,1.582,24.6,17.054,6241.94,80.1,605.13,4.217,64.6,20.045,25.647,1.572,24.587,17.118,LUBRICATION_DEGRADATION,1.0,1.0,1.0,0.3,1.0,0.0,0.0,0.0,0.0
115.8,CLIMB,80.35,57.23,5452.5,19.1,83.204,0.9918,6243.48,79.76,606.38,4.221,64.57,20.133,25.607,1.582,24.6,17.053,6248.97,80.13,606.52,4.181,64.61,20.102,25.59,1.508,24.647,16.869,LUBRICATION_DEGRADATION,1.0,1.0,1.0,0.3,1.0,0.0,0.0,0.0,0.0
115.9,CLIMB,80.34,57.22,5459.58,19.08,83.183,0.9916,6243.01,79.76,606.36,4.221,64.57,20.131,25.607,1.582,24.6,17.051,6240.14,79.48,603.21,4.186,64.83,20.136,25.595,1.544,24.607,17.113,LUBRICATION_DEGRADATION,1.0,1.0,1.0,0.3,1.0,0.0,0.0,0.0,0.0
116.0,CLIMB,80.33,57.22,5466.67,19.07,83.161,0.9914,6242.54,79.76,606.35,4.221,64.56,20.13,25.607,1.582,24.6,17.05,6253.2,79.04,604.38,4.188,64.64,20.159,25.522,1.576,24.624,17.16,LUBRICATION_DEGRADATION,1.0,1.0,1.0,0.3,1.0,0.0,0.0,0.0,0.0
116.1,CLIMB,80.33,57.21,5473.75,19.05,83.14,0.9912,6242.08,79.76,606.33,4.221,64.55,20.129,25.607,1.582,24.6,17.049,6242.75,79.95,604.77,4.189,64.41,20.33,25.601,1.513,24.608,17.041,LUBRICATION_DEGRADATION,1.0,1.0,1.0,0.3,1.0,0.0,0.0,0.0,0.0
116.2,CLIMB,80.32,57.21,5480.83,19.04,83.119,0.991,6241.61,79.76,606.32,4.22,64.54,20.127,25.606,1.582,24.6,17.048,6238.38,80.34,609.97,4.183,64.39,20.042,25.625,1.541,24.672,17.005,LUBRICATION_DEGRADATION,1.0,1.0,1.0,0.3,1.0,0.0,0.0,0.0,0.0
116.3,CLIMB,80.31,57.2,5487.92,19.02,83.098,0.9908,6241.14,79.76,606.3,4.22,64.53,20.126,25.606,1.582,24.6,17.046,6242.23,79.18,606.09,4.226,64.87,20.2,25.591,1.525,24.631,17.055,LUBRICATION_DEGRADATION,1.0,1.0,1.0,0.3,1.0,0.0,0.0,0.0,0.0
116.4,CLIMB,80.3,57.2,5495.0,19.01,83.076,0.9906,6240.68,79.76,606.29,4.22,64.52,20.124,25.606,1.582,24.6,17.045,6233.77,80.3,606.69,4.281,64.29,20.228,25.609,1.613,24.648,17.105,LUBRICATION_DEGRADATION,1.0,1.0,1.0,0.3,1.0,0.0,0.0,0.0,0.0
116.5,CLIMB,80.29,57.19,5502.08,19.0,83.055,0.9904,6240.21,79.76,606.27,4.22,64.51,20.123,25.606,1.582,24.6,17.044,6249.83,80.07,607.0,4.254,64.22,20.092,25.58,1.652,24.594,16.967,LUBRICATION_DEGRADATION,1.0,1.0,1.0,0.3,1.0,0.0,0.0,0.0,0.0
116.6,CLIMB,80.28,57.18,5509.17,18.98,83.034,0.9902,6239.74,79.76,606.25,4.22,64.5,20.122,25.606,1.581,24.6,17.043,6233.28,79.8,606.65,4.207,64.56,20.109,25.684,1.649,24.631,17.078,LUBRICATION_DEGRADATION,1.0,1.0,1.0,0.3,1.0,0.0,0.0,0.0,0.0
116.7,CLIMB,80.28,57.18,5516.25,18.97,83.012,0.99,6239.28,79.75,606.24,4.22,64.49,20.12,25.606,1.581,24.6,17.041,6243.37,79.94,603.8,4.208,64.43,20.019,25.587,1.567,24.609,17.038,LUBRICATION_DEGRADATION,1.0,1.0,1.0,0.3,1.0,0.0,0.0,0.0,0.0
116.8,CLIMB,80.27,57.17,5523.33,18.95,82.991,0.9898,6238.81,79.75,606.22,4.22,64.48,20.119,25.605,1.581,24.6,17.04,6238.86,79.6,608.13,4.247,65.09,20.106,25.59,1.596,24.636,16.973,LUBRICATION_DEGRADATION,1.0,1.0,1.0,0.3,1.0,0.0,0.0,0.0,0.0
116.9,CLIMB,80.26,57.17,5530.42,18.94,82.97,0.9896,6238.34,79.75,606.21,4.22,64.47,20.118,25.605,1.581,24.6,17.039,6242.08,79.69,605.54,4.165,64.58,20.047,25.559,1.598,24.539,17.01,LUBRICATION_DEGRADATION,1.0,1.0,1.0,0.3,1.0,0.0,0.0,0.0,0.0
117.0,CLIMB,80.25,57.16,5537.5,18.93,82.949,0.9894,6237.88,79.75,606.19,4.219,64.46,20.116,25.605,1.581,24.6,17.038,6241.87,78.79,603.74,4.211,64.28,20.098,25.559,1.605,24.508,17.221,LUBRICATION_DEGRADATION,1.0,1.0,1.0,0.3,1.0,0.0,0.0,0.0,0.0
117.1,CLIMB,80.24,57.16,5544.58,18.91,82.928,0.9892,6237.41,79.75,606.18,4.219,64.45,20.115,25.605,1.581,24.6,17.036,6233.29,79.13,606.13,4.256,64.94,20.301,25.569,1.528,24.575,16.953,LUBRICATION_DEGRADATION,1.0,1.0,1.0,0.3,1.0,0.0,0.0,0.0,0.0
117.2,CLIMB,80.23,57.15,5551.67,18.9,82.906,0.989,6236.94,79.75,606.16,4.219,64.44,20.113,25.605,1.581,24.6,17.035,6233.14,80.06,606.07,4.2,64.34,20.023,25.667,1.529,24.603,17.132,LUBRICATION_DEGRADATION,1.0,1.0,1.0,0.3,1.0,0.0,0.0,0.0,0.0
117.3,CLIMB,80.23,57.15,5558.75,18.88,82.885,0.9888,6236.48,79.75,606.15,4.219,64.43,20.112,25.605,1.581,24.6,17.034,6238.18,79.52,604.19,4.219,64.77,19.956,25.61,1.644,24.614,16.985,LUBRICATION_DEGRADATION,1.0,1.0,1.0,0.3,1.0,0.0,0.0,0.0,0.0
117.4,CLIMB,80.22,57.14,5565.83,18.87,82.864,0.9885,6236.01,79.75,606.13,4.219,64.42,20.111,25.604,1.581,24.6,17.033,6236.04,79.27,606.59,4.179,64.54,20.024,25.709,1.542,24.622,17.131,LUBRICATION_DEGRADATION,1.0,1.0,1.0,0.3,1.0,0.0,0.0,0.0,0.0
117.5,CLIMB,80.21,57.14,5572.92,18.85,82.843,0.9883,6235.54,79.75,606.12,4.219,64.42,20.109,25.604,1.581,24.6,17.031,6242.72,80.45,605.72,4.175,64.36,20.003,25.696,1.579,24.577,16.951,LUBRICATION_DEGRADATION,1.0,1.0,1.0,0.3,1.0,0.0,0.0,0.0,0.0
117.6,CLIMB,80.2,57.13,5580.0,18.84,82.821,0.9881,6235.08,79.75,606.1,4.219,64.41,20.108,25.604,1.581,24.6,17.03,6233.22,78.31,608.45,4.218,64.85,20.062,25.548,1.599,24.573,17.017,LUBRICATION_DEGRADATION,1.0,1.0,1.0,0.3,1.0,0.0,0.0,0.0,0.0
117.7,CLIMB,80.19,57.12,5587.08,18.83,82.8,0.9879,6234.61,79.75,606.09,4.219,64.4,20.107,25.604,1.58,24.6,17.029,6226.78,79.95,605.38,4.157,64.9,20.172,25.656,1.637,24.639,16.923,LUBRICATION_DEGRADATION,1.0,1.0,1.0,0.3,1.0,0.0,0.0,0.0,0.0
117.8,CLIMB,80.18,57.12,5594.17,18.81,82.779,0.9877,6234.15,79.75,606.07,4.219,64.39,20.105,25.604,1.58,24.6,17.028,6235.19,79.56,606.58,4.178,65.01,20.038,25.52,1.678,24.586,17.041,LUBRICATION_DEGRADATION,1.0,1.0,1.0,0.3,1.0,0.0,0.0,0.0,0.0
117.9,CLIMB,80.18,57.11,5601.25,18.8,82.758,0.9875,6233.68,79.75,606.06,4.218,64.38,20.104,25.604,1.58,24.6,17.026,6233.7,79.81,606.41,4.279,64.53,20.156,25.554,1.616,24.623,17.013,LUBRICATION_DEGRADATION,1.0,1.0,1.0,0.3,1.0,0.0,0.0,0.0,0.0
118.0,CLIMB,80.17,57.11,5608.33,18.78,82.737,0.9873,6233.21,79.75,606.04,4.218,64.37,20.102,25.603,1.58,24.6,17.025,6231.26,80.29,604.9,4.259,64.46,20.28,25.676,1.601,24.616,16.899,LUBRICATION_DEGRADATION,1.0,1.0,1.0,0.3,1.0,0.0,0.0,0.0,0.0
118.1,CLIMB,80.16,57.1,5615.42,18.77,82.716,0.9871,6232.75,79.75,606.03,4.218,64.36,20.101,25.603,1.58,24.6,17.024,6238.28,79.55,607.18,4.238,64.06,20.052,25.644,1.579,24.587,16.995,LUBRICATION_DEGRADATION,1.0,1.0,1.0,0.3,1.0,0.0,0.0,0.0,0.0
118.2,CLIMB,80.15,57.1,5622.5,18.76,82.694,0.9869,6232.28,79.74,606.01,4.218,64.35,20.1,25.603,1.58,24.6,17.023,6236.16,79.19,606.16,4.206,64.12,20.007,25.566,1.463,24.639,16.942,LUBRICATION_DEGRADATION,1.0,1.0,1.0,0.3,1.0,0.0,0.0,0.0,0.0
118.3,CLIMB,80.14,57.09,5629.58,18.74,82.673,0.9867,6231.81,79.74,606.0,4.218,64.34,20.098,25.603,1.58,24.6,17.021,6227.97,80.01,606.89,4.178,64.55,20.374,25.577,1.61,24.635,17.004,LUBRICATION_DEGRADATION,1.0,1.0,1.0,0.3,1.0,0.0,0.0,0.0,0.0
118.4,CLIMB,80.13,57.09,5636.67,18.73,82.652,0.9865,6231.35,79.74,605.98,4.218,64.33,20.097,25.603,1.58,24.6,17.02,6223.83,79.82,605.53,4.229,63.98,20.057,25.614,1.549,24.62,17.128,LUBRICATION_DEGRADATION,1.0,1.0,1.0,0.3,1.0,0.0,0.0,0.0,0.0
118.5,CLIMB,80.13,57.08,5643.75,18.71,82.631,0.9863,6230.88,79.74,605.96,4.218,64.32,20.095,25.603,1.58,24.6,17.019,6224.76,79.86,606.12,4.206,64.46,20.105,25.562,1.49,24.559,17.063,LUBRICATION_DEGRADATION,1.0,1.0,1.0,0.3,1.0,0.0,0.0,0.0,0.0
118.6,CLIMB,80.12,57.08,5650.83,18.7,82.61,0.9861,6230.42,79.74,605.95,4.218,64.31,20.094,25.602,1.58,24.6,17.018,6226.92,80.2,605.07,4.205,64.59,20.246,25.637,1.671,24.71,17.036,LUBRICATION_DEGRADATION,1.0,1.0,1.0,0.3,1.0,0.0,0.0,0.0,0.0
118.7,CLIMB,80.11,57.07,5657.92,18.68,82.589,0.9859,6229.95,79.74,605.93,4.217,64.3,20.093,25.602,1.58,24.6,17.016,6227.26,80.0,606.49,4.185,64.27,20.11,25.582,1.529,24.505,16.995,LUBRICATION_DEGRADATION,1.0,1.0,1.0,0.3,1.0,0.0,0.0,0.0,0.0
118.8,CLIMB,80.1,57.07,5665.0,18.67,82.567,0.9857,6229.48,79.74,605.92,4.217,64.29,20.091,25.602,1.579,24.6,17.015,6228.73,79.82,608.82,4.213,64.41,20.136,25.62,1.651,24.562,17.032,LUBRICATION_DEGRADATION,1.0,1.0,1.0,0.3,1.0,0.0,0.0,0.0,0.0
118.9,CLIMB,80.09,57.06,5672.08,18.66,82.546,0.9855,6229.02,79.74,605.9,4.217,64.28,20.09,25.602,1.579,24.6,17.014,6223.48,79.25,604.93,4.243,64.19,20.072,25.605,1.647,24.642,17.127,LUBRICATION_DEGRADATION,1.0,1.0,1.0,0.3,1.0,0.0,0.0,0.0,0.0
119.0,CLIMB,80.08,57.05,5679.17,18.64,82.525,0.9853,6228.55,79.74,605.89,4.217,64.27,20.089,25.602,1.579,24.6,17.013,6229.64,80.44,606.27,4.212,64.29,20.325,25.578,1.559,24.546,17.224,LUBRICATION_DEGRADATION,1.0,1.0,1.0,0.3,1.0,0.0,0.0,0.0,0.0
119.1,CLIMB,80.08,57.05,5686.25,18.63,82.504,0.9851,6228.09,79.74,605.87,4.217,64.26,20.087,25.602,1.579,24.6,17.011,6235.76,79.53,605.17,4.216,64.54,20.117,25.566,1.546,24.614,16.965,LUBRICATION_DEGRADATION,1.0,1.0,1.0,0.3,1.0,0.0,0.0,0.0,0.0
119.2,CLIMB,80.07,57.04,5693.33,18.61,82.483,0.9849,6227.62,79.74,605.86,4.217,64.25,20.086,25.601,1.579,24.6,17.01,6227.61,79.9,606.22,4.26,63.92,20.055,25.549,1.568,24.539,17.075,LUBRICATION_DEGRADATION,1.0,1.0,1.0,0.3,1.0,0.0,0.0,0.0,0.0
119.3,CLIMB,80.06,57.04,5700.42,18.6,82.462,0.9847,6227.15,79.74,605.84,4.217,64.24,20.084,25.601,1.579,24.6,17.009,6220.29,79.65,605.81,4.243,64.62,20.181,25.649,1.504,24.588,16.965,LUBRICATION_DEGRADATION,1.0,1.0,1.0,0.3,1.0,0.0,0.0,0.0,0.0
119.4,CLIMB,80.05,57.03,5707.5,18.59,82.441,0.9845,6226.69,79.74,605.83,4.217,64.24,20.083,25.601,1.579,24.6,17.008,6232.0,80.18,606.1,4.241,63.91,19.984,25.63,1.607,24.663,17.01,LUBRICATION_DEGRADATION,1.0,1.0,1.0,0.3,1.0,0.0,0.0,0.0,0.0
119.5,CLIMB,80.04,57.03,5714.58,18.57,82.42,0.9843,6226.22,79.74,605.81,4.217,64.23,20.082,25.601,1.579,24.6,17.006,6232.52,79.08,606.07,4.231,64.66,20.02,25.529,1.605,24.667,17.053,LUBRICATION_DEGRADATION,1.0,1.0,1.0,0.3,1.0,0.0,0.0,0.0,0.0
119.6,CLIMB,80.03,57.02,5721.67,18.56,82.399,0.984,6225.76,79.74,605.8,4.216,64.22,20.08,25.601,1.579,24.6,17.005,6225.67,80.19,604.4,4.23,64.12,20.138,25.527,1.66,24.609,16.755,LUBRICATION_DEGRADATION,1.0,1.0,1.0,0.3,1.0,0.0,0.0,0.0,0.0
119.7,CLIMB,80.03,57.02,5728.75,18.54,82.377,0.9838,6225.29,79.73,605.78,4.216,64.21,20.079,25.601,1.579,24.6,17.004,6224.54,78.79,603.9,4.215,64.87,20.033,25.548,1.663,24.5,16.975,LUBRICATION_DEGRADATION,1.0,1.0,1.0,0.3,1.0,0.0,0.0,0.0,0.0
119.8,CLIMB,80.02,57.01,5735.83,18.53,82.356,0.9836,6224.83,79.73,605.77,4.216,64.2,20.077,25.6,1.579,24.6,17.003,6231.84,79.93,606.52,4.218,64.01,19.976,25.635,1.578,24.603,16.871,LUBRICATION_DEGRADATION,1.0,1.0,1.0,0.3,1.0,0.0,0.0,0.0,0.0
119.9,CLIMB,80.01,57.01,5742.92,18.51,82.335,0.9834,6224.36,79.73,605.75,4.216,64.19,20.076,25.6,1.578,24.6,17.001,6220.63,79.72,608.93,4.206,64.37,20.109,25.657,1.634,24.608,16.994,LUBRICATION_DEGRADATION,1.0,1.0,1.0,0.3,1.0,0.0,0.0,0.0,0.0
120.0,CLIMB,80.0,57.0,5750.0,18.5,82.314,0.9832,6223.89,79.73,605.74,4.216,64.18,20.075,25.6,1.578,24.6,17.0,6214.43,78.93,605.39,4.233,64.13,20.107,25.641,1.651,24.614,16.979,LUBRICATION_DEGRADATION,1.0,1.0,1.0,0.3,1.0,0.0,0.0,0.0,0.0
120.1,CLIMB,79.99,56.99,5757.08,18.49,82.293,0.983,6223.43,79.73,605.72,4.216,64.17,20.073,25.6,1.578,24.6,16.999,6219.99,79.18,606.37,4.225,63.38,20.169,25.635,1.546,24.637,16.935,LUBRICATION_DEGRADATION,1.0,1.0,1.0,0.3,1.0,0.0,0.0,0.0,0.0
120.2,CLIMB,79.98,56.99,5764.17,18.47,82.272,0.9828,6222.96,79.73,605.71,4.216,64.16,20.072,25.6,1.578,24.6,16.998,6229.01,80.0,604.53,4.219,64.29,19.949,25.61,1.585,24.571,16.987,LUBRICATION_DEGRADATION,1.0,1.0,1.0,0.3,1.0,0.0,0.0,0.0,0.0
120.3,CLIMB,79.98,56.98,5771.25,18.46,82.251,0.9826,6222.5,79.73,605.69,4.216,64.15,20.071,25.6,1.578,24.6,16.996,6227.01,79.35,605.43,4.253,63.89,20.043,25.657,1.528,24.567,17.187,LUBRICATION_DEGRADATION,1.0,1.0,1.0,0.3,1.0,0.0,0.0,0.0,0.0
120.4,CLIMB,79.97,56.98,5778.33,18.44,82.23,0.9824,6222.03,79.73,605.68,4.216,64.14,20.069,25.599,1.578,24.6,16.995,6225.35,80.02,607.45,4.262,63.81,20.144,25.595,1.625,24.639,16.842,LUBRICATION_DEGRADATION,1.0,1.0,1.0,0.3,1.0,0.0,0.0,0.0,0.0
120.5,CLIMB,79.96,56.97,5785.42,18.43,82.209,0.9822,6221.57,79.73,605.66,4.215,64.13,20.068,25.599,1.578,24.6,16.994,6227.75,80.08,606.58,4.209,64.13,19.838,25.57,1.554,24.672,16.933,LUBRICATION_DEGRADATION,1.0,1.0,1.0,0.3,1.0,0.0,0.0,0.0,0.0
120.6,CLIMB,79.95,56.97,5792.5,18.42,82.188,0.982,6221.1,79.73,605.65,4.215,64.12,20.066,25.599,1.578,24.6,16.993,6222.21,79.9,605.42,4.206,63.57,19.913,25.551,1.512,24.567,17.054,LUBRICATION_DEGRADATION,1.0,1.0,1.0,0.3,1.0,0.0,0.0,0.0,0.0
120.7,CLIMB,79.94,56.96,5799.58,18.4,82.167,0.9818,6220.64,79.73,605.63,4.215,64.11,20.065,25.599,1.578,24.6,16.991,6211.38,80.01,606.62,4.232,64.19,20.092,25.59,1.517,24.626,17.079,LUBRICATION_DEGRADATION,1.0,1.0,1.0,0.3,1.0,0.0,0.0,0.0,0.0
120.8,CLIMB,79.93,56.96,5806.67,18.39,82.146,0.9816,6220.17,79.73,605.61,4.215,64.1,20.064,25.599,1.578,24.6,16.99,6218.44,80.04,605.06,4.234,64.0,20.183,25.576,1.488,24.595,16.957,LUBRICATION_DEGRADATION,1.0,1.0,1.0,0.3,1.0,0.0,0.0,0.0,0.0
120.9,CLIMB,79.93,56.95,5813.75,18.37,82.125,0.9814,6219.7,79.73,605.6,4.215,64.09,20.062,25.599,1.578,24.6,16.989,6231.27,78.98,607.97,4.211,64.19,20.034,25.577,1.539,24.602,17.11,LUBRICATION_DEGRADATION,1.0,1.0,1.0,0.3,1.0,0.0,0.0,0.0,0.0
121.0,CLIMB,79.92,56.95,5820.83,18.36,82.104,0.9812,6219.24,79.73,605.58,4.215,64.08,20.061,25.598,1.577,24.6,16.988,6208.56,79.97,606.9,4.24,63.78,20.112,25.594,1.565,24.617,16.957,LUBRICATION_DEGRADATION,1.0,1.0,1.0,0.3,1.0,0.0,0.0,0.0,0.0
121.1,CLIMB,79.91,56.94,5827.92,18.34,82.083,0.981,6218.77,79.73,605.57,4.215,64.07,20.06,25.598,1.577,24.6,16.986,6221.66,79.64,606.29,4.21,63.56,20.075,25.585,1.566,24.58,17.101,LUBRICATION_DEGRADATION,1.0,1.0,1.0,0.3,1.0,0.0,0.0,0.0,0.0
121.2,CLIMB,79.9,56.94,5835.0,18.33,82.062,0.9808,6218.31,79.72,605.55,4.215,64.06,20.058,25.598,1.577,24.6,16.985,6213.12,78.62,605.54,4.203,63.9,20.246,25.544,1.479,24.572,16.853,LUBRICATION_DEGRADATION,1.0,1.0,1.0,0.3,1.0,0.0,0.0,0.0,0.0
121.3,CLIMB,79.89,56.93,5842.08,18.32,82.041,0.9806,6217.84,79.72,605.54,4.215,64.05,20.057,25.598,1.577,24.6,16.984,6217.32,79.45,607.53,4.233,63.94,20.026,25.6,1.672,24.624,17.044,LUBRICATION_DEGRADATION,1.0,1.0,1.0,0.3,1.0,0.0,0.0,0.0,0.0
121.4,CLIMB,79.88,56.92,5849.17,18.3,82.02,0.9804,6217.38,79.72,605.52,4.214,64.04,20.055,25.598,1.577,24.6,16.983,6216.91,79.66,604.57,4.242,63.57,19.99,25.592,1.675,24.536,16.856,LUBRICATION_DEGRADATION,1.0,1.0,1.0,0.3,1.0,0.0,0.0,0.0,0.0
121.5,CLIMB,79.88,56.92,5856.25,18.29,81.999,0.9802,6216.91,79.72,605.51,4.214,64.03,20.054,25.598,1.577,24.6,16.981,6220.01,79.0,605.11,4.198,64.05,20.032,25.582,1.516,24.62,16.774,LUBRICATION_DEGRADATION,1.0,1.0,1.0,0.3,1.0,0.0,0.0,0.0,0.0
121.6,CLIMB,79.87,56.91,5863.33,18.27,81.978,0.98,6216.45,79.72,605.49,4.214,64.02,20.053,25.597,1.577,24.6,16.98,6212.08,79.99,606.37,4.223,63.69,20.023,25.616,1.564,24.576,16.878,LUBRICATION_DEGRADATION,1.0,1.0,1.0,0.3,1.0,0.0,0.0,0.0,0.0
121.7,CLIMB,79.86,56.91,5870.42,18.26,81.957,0.9798,6215.98,79.72,605.48,4.214,64.01,20.051,25.597,1.577,24.6,16.979,6206.96,79.67,608.75,4.229,64.18,20.098,25.523,1.618,24.59,16.949,LUBRICATION_DEGRADATION,1.0,1.0,1.0,0.3,1.0,0.0,0.0,0.0,0.0
121.8,CLIMB,79.85,56.9,5877.5,18.25,81.936,0.9796,6215.52,79.72,605.46,4.214,64.0,20.05,25.597,1.577,24.6,16.978,6216.14,80.28,605.01,4.236,64.18,19.925,25.569,1.556,24.589,17.126,LUBRICATION_DEGRADATION,1.0,1.0,1.0,0.3,1.0,0.0,0.0,0.0,0.0
121.9,CLIMB,79.84,56.9,5884.58,18.23,81.915,0.9794,6215.05,79.72,605.45,4.214,63.99,20.048,25.597,1.577,24.6,16.976,6219.57,79.64,604.54,4.213,63.37,19.898,25.688,1.594,24.629,16.936,LUBRICATION_DEGRADATION,1.0,1.0,1.0,0.3,1.0,0.0,0.0,0.0,0.0
122.0,CLIMB,79.83,56.89,5891.67,18.22,81.894,0.9792,6214.59,79.72,605.43,4.214,63.98,20.047,25.597,1.577,24.6,16.975,6210.08,79.4,605.81,4.191,64.22,20.104,25.588,1.648,24.6,16.963,LUBRICATION_DEGRADATION,1.0,1.0,1.0,0.3,1.0,0.0,0.0,0.0,0.0
122.1,CLIMB,79.83,56.89,5898.75,18.2,81.873,0.979,6214.12,79.72,605.42,4.214,63.97,20.046,25.597,1.577,24.6,16.974,6215.14,79.49,604.27,4.269,64.03,20.149,25.637,1.532,24.565,17.089,LUBRICATION_DEGRADATION,1.0,1.0,1.0,0.3,1.0,0.0,0.0,0.0,0.0
122.2,CLIMB,79.82,56.88,5905.83,18.19,81.852,0.9788,6213.66,79.72,605.4,4.213,63.96,20.044,25.596,1.576,24.6,16.973,6206.05,80.17,603.34,4.189,64.05,19.938,25.524,1.558,24.679,17.169,LUBRICATION_DEGRADATION,1.0,1.0,1.0,0.3,1.0,0.0,0.0,0.0,0.0
122.3,CLIMB,79.81,56.88,5912.92,18.17,81.831,0.9786,6213.19,79.72,605.39,4.213,63.95,20.043,25.596,1.576,24.6,16.971,6211.27,80.39,605.2,4.2,64.46,20.161,25.651,1.569,24.614,17.091,LUBRICATION_DEGRADATION,1.0,1.0,1.0,0.3,1.0,0.0,0.0,0.0,0.0
122.4,CLIMB,79.8,56.87,5920.0,18.16,81.81,0.9783,6212.73,79.72,605.37,4.213,63.95,20.041,25.596,1.576,24.6,16.97,6208.74,78.94,603.89,4.174,63.85,19.984,25.57,1.552,24.712,16.98,LUBRICATION_DEGRADATION,1.0,1.0,1.0,0.3,1.0,0.0,0.0,0.0,0.0
122.5,CLIMB,79.79,56.86,5927.08,18.15,81.789,0.9781,6212.26,79.72,605.36,4.213,63.94,20.04,25.596,1.576,24.6,16.969,6224.32,80.47,603.08,4.203,63.91,19.963,25.472,1.672,24.667,16.918,LUBRICATION_DEGRADATION,1.0,1.0,1.0,0.3,1.0,0.0,0.0,0.0,0.0
122.6,CLIMB,79.78,56.86,5934.17,18.13,81.768,0.9779,6211.8,79.71,605.34,4.213,63.93,20.039,25.596,1.576,24.6,16.968,6210.67,80.25,601.41,4.164,64.04,20.093,25.501,1.497,24.63,17.051,LUBRICATION_DEGRADATION,1.0,1.0,1.0,0.3,1.0,0.0,0.0,0.0,0.0
122.7,CLIMB,79.78,56.85,5941.25,18.12,81.747,0.9777,6211.33,79.71,605.33,4.213,63.92,20.037,25.596,1.576,24.6,16.966,6203.81,79.86,605.2,4.233,64.36,19.98,25.655,1.603,24.619,16.962,LUBRICATION_DEGRADATION,1.0,1.0,1.0,0.3,1.0,0.0,0.0,0.0,0.0
122.8,CLIMB,79.77,56.85,5948.33,18.1,81.726,0.9775,6210.87,79.71,605.31,4.213,63.91,20.036,25.595,1.576,24.6,16.965,6217.33,79.98,601.47,4.146,64.11,19.969,25.579,1.621,24.603,17.014,LUBRICATION_DEGRADATION,1.0,1.0,1.0,0.3,1.0,0.0,0.0,0.0,0.0
122.9,CLIMB,79.76,56.84,5955.42,18.09,81.705,0.9773,6210.4,79.71,605.3,4.213,63.9,20.035,25.595,1.576,24.6,16.964,6205.01,79.88,606.18,4.203,63.53,20.084,25.617,1.507,24.576,16.89,LUBRICATION_DEGRADATION,1.0,1.0,1.0,0.3,1.0,0.0,0.0,0.0,0.0
123.0,CLIMB,79.75,56.84,5962.5,18.08,81.685,0.9771,6209.94,79.71,605.28,4.213,63.89,20.033,25.595,1.576,24.6,16.963,6202.59,80.88,605.11,4.207,63.43,19.852,25.607,1.613,24.584,16.799,LUBRICATION_DEGRADATION,1.0,1.0,1.0,0.3,1.0,0.0,0.0,0.0,0.0
123.1,CLIMB,79.74,56.83,5969.58,18.06,81.664,0.9769,6209.47,79.71,605.26,4.212,63.88,20.032,25.595,1.576,24.6,16.961,6212.97,79.72,605.47,4.204,63.87,20.006,25.651,1.6,24.601,16.914,LUBRICATION_DEGRADATION,1.0,1.0,1.0,0.3,1.0,0.0,0.0,0.0,0.0
123.2,CLIMB,79.73,56.83,5976.67,18.05,81.643,0.9767,6209.01,79.71,605.25,4.212,63.87,20.03,25.595,1.576,24.6,16.96,6211.37,79.32,605.71,4.203,63.89,20.044,25.56,1.53,24.599,17.034,LUBRICATION_DEGRADATION,1.0,1.0,1.0,0.3,1.0,0.0,0.0,0.0,0.0
123.3,CLIMB,79.73,56.82,5983.75,18.03,81.622,0.9765,6208.54,79.71,605.23,4.212,63.86,20.029,25.595,1.575,24.6,16.959,6214.52,78.8,607.5,4.204,64.04,20.133,25.677,1.571,24.606,17.056,LUBRICATION_DEGRADATION,1.0,1.0,1.0,0.3,1.0,0.0,0.0,0.0,0.0
123.4,CLIMB,79.72,56.82,5990.83,18.02,81.601,0.9763,6208.08,79.71,605.22,4.212,63.85,20.028,25.594,1.575,24.6,16.958,6207.24,79.95,603.76,4.219,63.51,19.901,25.626,1.563,24.59,17.089,LUBRICATION_DEGRADATION,1.0,1.0,1.0,0.3,1.0,0.0,0.0,0.0,0.0
123.5,CLIMB,79.71,56.81,5997.92,18.0,81.58,0.9761,6207.61,79.71,605.2,4.212,63.84,20.026,25.594,1.575,24.6,16.956,6206.94,80.39,605.41,4.212,63.45,20.128,25.677,1.514,24.706,16.815,LUBRICATION_DEGRADATION,1.0,1.0,1.0,0.3,1.0,0.0,0.0,0.0,0.0
123.6,CLIMB,79.7,56.81,6005.0,17.99,81.559,0.9759,6207.15,79.71,605.19,4.212,63.83,20.025,25.594,1.575,24.6,16.955,6207.83,79.31,605.34,4.188,63.45,19.92,25.583,1.617,24.489,16.963,LUBRICATION_DEGRADATION,1.0,1.0,1.0,0.3,1.0,0.0,0.0,0.0,0.0
123.7,CLIMB,79.69,56.8,6012.08,17.98,81.538,0.9757,6206.68,79.71,605.17,4.212,63.82,20.023,25.594,1.575,24.6,16.954,6212.69,79.04,604.13,4.175,64.0,20.002,25.631,1.603,24.67,16.83,LUBRICATION_DEGRADATION,1.0,1.0,1.0,0.3,1.0,0.0,0.0,0.0,0.0
123.8,CLIMB,79.68,56.79,6019.17,17.96,81.517,0.9755,6206.22,79.71,605.16,4.212,63.81,20.022,25.594,1.575,24.6,16.953,6201.52,78.8,605.66,4.201,63.83,20.238,25.608,1.572,24.692,16.925,LUBRICATION_DEGRADATION,1.0,1.0,1.0,0.3,1.0,0.0,0.0,0.0,0.0
123.9,CLIMB,79.68,56.79,6026.25,17.95,81.497,0.9753,6205.75,79.71,605.14,4.212,63.8,20.021,25.594,1.575,24.6,16.951,6204.87,79.4,604.72,4.169,63.57,19.944,25.637,1.621,24.625,16.88,LUBRICATION_DEGRADATION,1.0,1.0,1.0,0.3,1.0,0.0,0.0,0.0,0.0
124.0,CLIMB,79.67,56.78,6033.33,17.93,81.476,0.9751,6205.29,79.7,605.13,4.211,63.79,20.019,25.593,1.575,24.6,16.95,6203.64,80.32,605.65,4.186,63.22,20.034,25.648,1.521,24.606,16.948,LUBRICATION_DEGRADATION,1.0,1.0,1.0,0.3,1.0,0.0,0.0,0.0,0.0
124.1,CLIMB,79.66,56.78,6040.42,17.92,81.455,0.9749,6204.82,79.7,605.11,4.211,63.78,20.018,25.593,1.575,24.6,16.949,6200.71,79.14,605.32,4.204,64.06,19.934,25.578,1.586,24.607,16.744,LUBRICATION_DEGRADATION,1.0,1.0,1.0,0.3,1.0,0.0,0.0,0.0,0.0
124.2,CLIMB,79.65,56.77,6047.5,17.91,81.434,0.9747,6204.36,79.7,605.1,4.211,63.77,20.017,25.593,1.575,24.6,16.948,6204.08,78.75,604.65,4.21,64.11,19.993,25.521,1.513,24.616,16.953,LUBRICATION_DEGRADATION,1.0,1.0,1.0,0.3,1.0,0.0,0.0,0.0,0.0
124.3,CLIMB,79.64,56.77,6054.58,17.89,81.413,0.9745,6203.89,79.7,605.08,4.211,63.76,20.015,25.593,1.575,24.6,16.946,6208.21,79.87,607.22,4.253,63.43,19.795,25.605,1.653,24.632,16.797,LUBRICATION_DEGRADATION,1.0,1.0,1.0,0.3,1.0,0.0,0.0,0.0,0.0
124.4,CLIMB,79.63,56.76,6061.67,17.88,81.392,0.9743,6203.43,79.7,605.07,4.211,63.75,20.014,25.593,1.574,24.6,16.945,6197.04,80.46,605.13,4.196,63.88,19.908,25.608,1.618,24.601,16.966,LUBRICATION_DEGRADATION,1.0,1.0,1.0,0.3,1.0,0.0,0.0,0.0,0.0
124.5,CLIMB,79.63,56.76,6068.75,17.86,81.371,0.9741,6202.97,79.7,605.05,4.211,63.74,20.012,25.593,1.574,24.6,16.944,6195.46,79.88,605.63,4.228,63.82,20.237,25.482,1.585,24.684,16.882,LUBRICATION_DEGRADATION,1.0,1.0,1.0,0.3,1.0,0.0,0.0,0.0,0.0
124.6,CLIMB,79.62,56.75,6075.83,17.85,81.351,0.9739,6202.5,79.7,605.04,4.211,63.73,20.011,25.592,1.574,24.6,16.943,6212.45,79.71,608.49,4.264,63.69,20.163,25.565,1.578,24.548,17.002,LUBRICATION_DEGRADATION,1.0,1.0,1.0,0.3,1.0,0.0,0.0,0.0,0.0
124.7,CLIMB,79.61,56.75,6082.92,17.83,81.33,0.9737,6202.04,79.7,605.02,4.211,63.72,20.01,25.592,1.574,24.6,16.941,6205.52,79.14,607.14,4.181,64.08,20.001,25.616,1.538,24.67,16.733,LUBRICATION_DEGRADATION,1.0,1.0,1.0,0.3,1.0,0.0,0.0,0.0,0.0
124.8,CLIMB,79.6,56.74,6090.0,17.82,81.309,0.9735,6201.57,79.7,605.01,4.211,63.71,20.008,25.592,1.574,24.6,16.94,6205.67,79.69,605.47,4.204,63.27,19.903,25.498,1.526,24.567,16.994,LUBRICATION_DEGRADATION,1.0,1.0,1.0,0.3,1.0,0.0,0.0,0.0,0.0
124.9,CLIMB,79.59,56.73,6097.08,17.81,81.288,0.9733,6201.11,79.7,604.99,4.21,63.7,20.007,25.592,1.574,24.6,16.939,6195.92,79.76,605.35,4.209,63.53,19.997,25.559,1.705,24.559,17.073,LUBRICATION_DEGRADATION,1.0,1.0,1.0,0.3,1.0,0.0,0.0,0.0,0.0
125.0,CLIMB,79.58,56.73,6104.17,17.79,81.267,0.9731,6200.64,79.7,604.98,4.21,63.69,20.005,25.592,1.574,24.6,16.938,6196.7,79.94,605.03,4.212,63.45,20.083,25.666,1.5,24.537,16.929,LUBRICATION_DEGRADATION,1.0,1.0,1.0,0.3,1.0,0.0,0.0,0.0,0.0
125.1,CLIMB,79.58,56.72,6111.25,17.78,81.247,0.9729,6200.18,79.7,604.96,4.21,63.68,20.004,25.592,1.574,24.6,16.936,6190.36,79.4,605.73,4.231,63.77,19.907,25.584,1.571,24.656,16.848,LUBRICATION_DEGRADATION,1.0,1.0,1.0,0.3,1.0,0.0,0.0,0.0,0.0
125.2,CLIMB,79.57,56.72,6118.33,17.76,81.226,0.9727,6199.71,79.7,604.95,4.21,63.67,20.003,25.591,1.574,24.6,16.935,6193.68,80.06,603.35,4.191,63.47,19.845,25.591,1.568,24.627,17.1,LUBRICATION_DEGRADATION,1.0,1.0,1.0,0.3,1.0,0.0,0.0,0.0,0.0
125.3,CLIMB,79.56,56.71,6125.42,17.75,81.205,0.9725,6199.25,79.7,604.93,4.21,63.66,20.001,25.591,1.574,24.6,16.934,6198.66,80.44,605.01,4.235,64.14,19.939,25.545,1.533,24.588,16.924,LUBRICATION_DEGRADATION,1.0,1.0,1.0,0.3,1.0,0.0,0.0,0.0,0.0
125.4,CLIMB,79.55,56.71,6132.5,17.74,81.184,0.9723,6198.79,79.7,604.92,4.21,63.65,20.0,25.591,1.574,24.6,16.933,6195.0,79.24,606.08,4.192,64.13,19.992,25.626,1.496,24.671,17.068,LUBRICATION_DEGRADATION,1.0,1.0,1.0,0.3,1.0,0.0,0.0,0.0,0.0
125.5,CLIMB,79.54,56.7,6139.58,17.72,81.163,0.9721,6198.32,79.69,604.9,4.21,63.64,19.999,25.591,1.573,24.6,16.931,6199.1,79.35,607.5,4.248,63.93,19.866,25.609,1.461,24.669,17.007,LUBRICATION_DEGRADATION,1.0,1.0,1.0,0.3,1.0,0.0,0.0,0.0,0.0
125.6,CLIMB,79.53,56.7,6146.67,17.71,81.143,0.9719,6197.86,79.69,604.88,4.21,63.63,19.997,25.591,1.573,24.6,16.93,6205.49,79.81,604.76,4.25,63.25,19.966,25.596,1.512,24.647,16.88,LUBRICATION_DEGRADATION,1.0,1.0,1.0,0.3,1.0,0.0,0.0,0.0,0.0
125.7,CLIMB,79.53,56.69,6153.75,17.69,81.122,0.9717,6197.39,79.69,604.87,4.21,63.62,19.996,25.591,1.573,24.6,16.929,6195.69,80.04,605.71,4.196,64.0,20.013,25.627,1.638,24.699,16.819,LUBRICATION_DEGRADATION,1.0,1.0,1.0,0.3,1.0,0.0,0.0,0.0,0.0
125.8,CLIMB,79.52,56.69,6160.83,17.68,81.101,0.9715,6196.93,79.69,604.85,4.209,63.61,19.994,25.59,1.573,24.6,16.928,6196.3,79.38,608.89,4.229,63.99,20.113,25.634,1.562,24.647,16.901,LUBRICATION_DEGRADATION,1.0,1.0,1.0,0.3,1.0,0.0,0.0,0.0,0.0
125.9,CLIMB,79.51,56.68,6167.92,17.66,81.08,0.9713,6196.47,79.69,604.84,4.209,63.6,19.993,25.59,1.573,24.6,16.926,6192.76,80.0,605.23,4.141,63.55,19.942,25.61,1.576,24.599,17.186,LUBRICATION_DEGRADATION,1.0,1.0,1.0,0.3,1.0,0.0,0.0,0.0,0.0
126.0,CLIMB,79.5,56.68,6175.0,17.65,81.06,0.9711,6196.0,79.69,604.82,4.209,63.59,19.992,25.59,1.573,24.6,16.925,6204.42,79.63,605.42,4.21,63.31,19.787,25.561,1.495,24.61,16.958,LUBRICATION_DEGRADATION,1.0,1.0,1.0,0.3,1.0,0.0,0.0,0.0,0.0
126.1,CLIMB,79.49,56.67,6182.08,17.64,81.039,0.9709,6195.54,79.69,604.81,4.209,63.58,19.99,25.59,1.573,24.6,16.924,6200.46,79.73,604.61,4.213,63.41,20.012,25.587,1.62,24.559,16.948,LUBRICATION_DEGRADATION,1.0,1.0,1.0,0.3,1.0,0.0,0.0,0.0,0.0
126.2,CLIMB,79.48,56.66,6189.17,17.62,81.018,0.9707,6195.07,79.69,604.79,4.209,63.57,19.989,25.59,1.573,24.6,16.923,6188.62,79.45,606.8,4.215,63.25,20.072,25.594,1.524,24.656,16.819,LUBRICATION_DEGRADATION,1.0,1.0,1.0,0.3,1.0,0.0,0.0,0.0,0.0
126.3,CLIMB,79.48,56.66,6196.25,17.61,80.997,0.9705,6194.61,79.69,604.78,4.209,63.56,19.987,25.59,1.573,24.6,16.921,6193.14,79.05,604.88,4.199,63.2,20.073,25.52,1.501,24.565,16.932,LUBRICATION_DEGRADATION,1.0,1.0,1.0,0.3,1.0,0.0,0.0,0.0,0.0
126.4,CLIMB,79.47,56.65,6203.33,17.59,80.977,0.9703,6194.15,79.69,604.76,4.209,63.55,19.986,25.589,1.573,24.6,16.92,6183.86,78.93,604.76,4.246,63.74,19.901,25.643,1.603,24.67,16.91,LUBRICATION_DEGRADATION,1.0,1.0,1.0,0.3,1.0,0.0,0.0,0.0,0.0
126.5,CLIMB,79.46,56.65,6210.42,17.58,80.956,0.9701,6193.68,79.69,604.75,4.209,63.54,19.985,25.589,1.573,24.6,16.919,6201.98,79.76,605.59,4.277,63.29,19.921,25.526,1.53,24.548,16.754,LUBRICATION_DEGRADATION,1.0,1.0,1.0,0.3,1.0,0.0,0.0,0.0,0.0
126.6,CLIMB,79.45,56.64,6217.5,17.57,80.935,0.9699,6193.22,79.69,604.73,4.209,63.53,19.983,25.589,1.572,24.6,16.918,6193.3,80.14,607.29,4.193,63.78,20.026,25.578,1.496,24.621,16.981,LUBRICATION_DEGRADATION,1.0,1.0,1.0,0.3,1.0,0.0,0.0,0.0,0.0
126.7,CLIMB,79.44,56.64,6224.58,17.55,80.915,0.9697,6192.75,79.69,604.72,4.208,63.52,19.982,25.589,1.572,24.6,16.916,6203.43,78.56,605.36,4.246,63.23,19.849,25.546,1.488,24.587,16.877,LUBRICATION_DEGRADATION,1.0,1.0,1.0,0.3,1.0,0.0,0.0,0.0,0.0
126.8,CLIMB,79.43,56.63,6231.67,17.54,80.894,0.9695,6192.29,79.69,604.7,4.208,63.51,19.98,25.589,1.572,24.6,16.915,6189.2,80.67,601.19,4.216,63.31,20.073,25.586,1.514,24.645,17.05,LUBRICATION_DEGRADATION,1.0,1.0,1.0,0.3,1.0,0.0,0.0,0.0,0.0
126.9,CLIMB,79.43,56.63,6238.75,17.52,80.873,0.9693,6191.83,79.68,604.69,4.208,63.5,19.979,25.589,1.572,24.6,16.914,6193.84,81.04,604.73,4.215,63.49,19.899,25.603,1.618,24.595,16.955,LUBRICATION_DEGRADATION,1.0,1.0,1.0,0.3,1.0,0.0,0.0,0.0,0.0
127.0,CLIMB,79.42,56.62,6245.83,17.51,80.852,0.9691,6191.36,79.68,604.67,4.208,63.49,19.978,25.588,1.572,24.6,16.913,6196.58,80.15,605.15,4.198,63.32,20.057,25.499,1.657,24.604,16.797,LUBRICATION_DEGRADATION,1.0,1.0,1.0,0.3,1.0,0.0,0.0,0.0,0.0
127.1,CLIMB,79.41,56.62,6252.92,17.49,80.832,0.9689,6190.9,79.68,604.66,4.208,63.48,19.976,25.588,1.572,24.6,16.911,6194.87,78.96,605.08,4.199,63.48,19.987,25.593,1.602,24.5,16.975,LUBRICATION_DEGRADATION,1.0,1.0,1.0,0.3,1.0,0.0,0.0,0.0,0.0
127.2,CLIMB,79.4,56.61,6260.0,17.48,80.811,0.9687,6190.43,79.68,604.64,4.208,63.47,19.975,25.588,1.572,24.6,16.91,6184.0,79.01,603.73,4.193,63.46,19.927,25.673,1.571,24.549,16.96,LUBRICATION_DEGRADATION,1.0,1.0,1.0,0.3,1.0,0.0,0.0,0.0,0.0
127.3,CLIMB,79.39,56.6,6267.08,17.47,80.79,0.9685,6189.97,79.68,604.63,4.208,63.46,19.974,25.588,1.572,24.6,16.909,6184.04,79.91,603.93,4.194,63.61,19.891,25.575,1.586,24.598,16.954,LUBRICATION_DEGRADATION,1.0,1.0,1.0,0.3,1.0,0.0,0.0,0.0,0.0
127.4,CLIMB,79.38,56.6,6274.17,17.45,80.77,0.9683,6189.51,79.68,604.61,4.208,63.45,19.972,25.588,1.572,24.6,16.908,6190.81,79.84,605.14,4.159,63.46,20.085,25.602,1.59,24.58,16.942,LUBRICATION_DEGRADATION,1.0,1.0,1.0,0.3,1.0,0.0,0.0,0.0,0.0
127.5,CLIMB,79.38,56.59,6281.25,17.44,80.749,0.9681,6189.04,79.68,604.6,4.208,63.44,19.971,25.588,1.572,24.6,16.906,6179.31,79.43,604.49,4.222,63.18,19.831,25.547,1.608,24.616,17.13,LUBRICATION_DEGRADATION,1.0,1.0,1.0,0.3,1.0,0.0,0.0,0.0,0.0
127.6,CLIMB,79.37,56.59,6288.33,17.42,80.728,0.9679,6188.58,79.68,604.58,4.207,63.43,19.969,25.587,1.572,24.6,16.905,6194.66,80.45,605.79,4.193,63.57,20.08,25.57,1.636,24.613,16.948,LUBRICATION_DEGRADATION,1.0,1.0,1.0,0.3,1.0,0.0,0.0,0.0,0.0
127.7,CLIMB,79.36,56.58,6295.42,17.41,80.708,0.9677,6188.12,79.68,604.57,4.207,63.42,19.968,25.587,1.571,24.6,16.904,6185.83,79.2,603.1,4.212,63.59,19.965,25.642,1.591,24.615,16.939,LUBRICATION_DEGRADATION,1.0,1.0,1.0,0.3,1.0,0.0,0.0,0.0,0.0
127.8,CLIMB,79.35,56.58,6302.5,17.4,80.687,0.9675,6187.65,79.68,604.55,4.207,63.41,19.967,25.587,1.571,24.6,16.903,6194.74,80.06,604.66,4.196,63.6,20.068,25.59,1.595,24.595,17.0,LUBRICATION_DEGRADATION,1.0,1.0,1.0,0.3,1.0,0.0,0.0,0.0,0.0
127.9,CLIMB,79.34,56.57,6309.58,17.38,80.666,0.9673,6187.19,79.68,604.53,4.207,63.4,19.965,25.587,1.571,24.6,16.901,6185.19,79.8,604.58,4.177,63.11,19.97,25.607,1.561,24.643,17.021,LUBRICATION_DEGRADATION,1.0,1.0,1.0,0.3,1.0,0.0,0.0,0.0,0.0
128.0,CLIMB,79.33,56.57,6316.67,17.37,80.646,0.9671,6186.72,79.68,604.52,4.207,63.38,19.964,25.587,1.571,24.6,16.9,6184.67,78.9,603.14,4.234,63.64,20.094,25.562,1.528,24.617,16.848,LUBRICATION_DEGRADATION,1.0,1.0,1.0,0.3,1.0,0.0,0.0,0.0,0.0
128.1,CLIMB,79.33,56.56,6323.75,17.35,80.625,0.9669,6186.26,79.68,604.5,4.207,63.37,19.962,25.587,1.571,24.6,16.899,6179.74,79.9,602.16,4.235,63.41,19.903,25.545,1.501,24.611,16.875,LUBRICATION_DEGRADATION,1.0,1.0,1.0,0.3,1.0,0.0,0.0,0.0,0.0
128.2,CLIMB,79.32,56.56,6330.83,17.34,80.604,0.9667,6185.8,79.68,604.49,4.207,63.36,19.961,25.586,1.571,24.6,16.898,6192.65,79.85,605.47,4.198,63.91,19.983,25.667,1.565,24.584,16.902,LUBRICATION_DEGRADATION,1.0,1.0,1.0,0.3,1.0,0.0,0.0,0.0,0.0
128.3,CLIMB,79.31,56.55,6337.92,17.32,80.584,0.9665,6185.33,79.67,604.47,4.207,63.35,19.96,25.586,1.571,24.6,16.896,6187.67,79.79,603.59,4.248,63.21,19.99,25.592,1.515,24.622,16.783,LUBRICATION_DEGRADATION,1.0,1.0,1.0,0.3,1.0,0.0,0.0,0.0,0.0
128.4,CLIMB,79.3,56.55,6345.0,17.31,80.563,0.9663,6184.87,79.67,604.46,4.207,63.34,19.958,25.586,1.571,24.6,16.895,6180.94,79.49,606.64,4.226,63.36,19.973,25.523,1.597,24.635,16.915,LUBRICATION_DEGRADATION,1.0,1.0,1.0,0.3,1.0,0.0,0.0,0.0,0.0
128.5,CLIMB,79.29,56.54,6352.08,17.3,80.543,0.9661,6184.41,79.67,604.44,4.206,63.33,19.957,25.586,1.571,24.6,16.894,6179.35,79.96,605.97,4.208,63.58,19.953,25.647,1.555,24.63,16.793,LUBRICATION_DEGRADATION,1.0,1.0,1.0,0.3,1.0,0.0,0.0,0.0,0.0
128.6,CLIMB,79.28,56.53,6359.17,17.28,80.522,0.9659,6183.94,79.67,604.43,4.206,63.32,19.955,25.586,1.571,24.6,16.893,6179.88,80.05,604.96,4.213,63.89,20.034,25.705,1.547,24.601,16.961,LUBRICATION_DEGRADATION,1.0,1.0,1.0,0.3,1.0,0.0,0.0,0.0,0.0
128.7,CLIMB,79.28,56.53,6366.25,17.27,80.501,0.9657,6183.48,79.67,604.41,4.206,63.31,19.954,25.586,1.571,24.6,16.891,6179.15,79.88,605.16,4.221,63.29,19.896,25.615,1.608,24.527,16.792,LUBRICATION_DEGRADATION,1.0,1.0,1.0,0.3,1.0,0.0,0.0,0.0,0.0
128.8,CLIMB,79.27,56.52,6373.33,17.25,80.481,0.9655,6183.02,79.67,604.4,4.206,63.3,19.953,25.585,1.57,24.6,16.89,6190.82,79.92,603.05,4.223,62.68,19.952,25.595,1.599,24.571,16.837,LUBRICATION_DEGRADATION,1.0,1.0,1.0,0.3,1.0,0.0,0.0,0.0,0.0
128.9,CLIMB,79.26,56.52,6380.42,17.24,80.46,0.9653,6182.55,79.67,604.38,4.206,63.29,19.951,25.585,1.57,24.6,16.889,6191.07,79.88,604.39,4.284,63.57,19.919,25.613,1.604,24.618,16.842,LUBRICATION_DEGRADATION,1.0,1.0,1.0,0.3,1.0,0.0,0.0,0.0,0.0
129.0,CLIMB,79.25,56.51,6387.5,17.23,80.44,0.9651,6182.09,79.67,604.37,4.206,63.28,19.95,25.585,1.57,24.6,16.888,6187.87,78.7,603.78,4.165,63.28,20.091,25.512,1.606,24.604,16.874,LUBRICATION_DEGRADATION,1.0,1.0,1.0,0.3,1.0,0.0,0.0,0.0,0.0
129.1,CLIMB,79.24,56.51,6394.58,17.21,80.419,0.9649,6181.63,79.67,604.35,4.206,63.27,19.949,25.585,1.57,24.6,16.886,6185.96,80.37,604.72,4.191,63.44,19.803,25.572,1.614,24.64,16.701,LUBRICATION_DEGRADATION,1.0,1.0,1.0,0.3,1.0,0.0,0.0,0.0,0.0
129.2,CLIMB,79.23,56.5,6401.67,17.2,80.398,0.9647,6181.16,79.67,604.34,4.206,63.26,19.947,25.585,1.57,24.6,16.885,6186.5,80.64,603.15,4.266,63.4,19.963,25.607,1.542,24.652,16.785,LUBRICATION_DEGRADATION,1.0,1.0,1.0,0.3,1.0,0.0,0.0,0.0,0.0
129.3,CLIMB,79.23,56.5,6408.75,17.18,80.378,0.9645,6180.7,79.67,604.32,4.206,63.25,19.946,25.585,1.57,24.6,16.884,6179.86,79.84,601.95,4.207,62.9,19.908,25.603,1.503,24.561,16.883,LUBRICATION_DEGRADATION,1.0,1.0,1.0,0.3,1.0,0.0,0.0,0.0,0.0
129.4,CLIMB,79.22,56.49,6415.83,17.17,80.357,0.9643,6180.24,79.67,604.31,4.205,63.24,19.944,25.584,1.57,24.6,16.883,6180.25,79.26,605.03,4.202,62.61,19.869,25.606,1.52,24.663,16.946,LUBRICATION_DEGRADATION,1.0,1.0,1.0,0.3,1.0,0.0,0.0,0.0,0.0
129.5,CLIMB,79.21,56.49,6422.92,17.15,80.337,0.9641,6179.77,79.67,604.29,4.205,63.23,19.943,25.584,1.57,24.6,16.881,6180.23,78.85,606.61,4.164,63.1,19.977,25.487,1.598,24.584,16.892,LUBRICATION_DEGRADATION,1.0,1.0,1.0,0.3,1.0,0.0,0.0,0.0,0.0
129.6,CLIMB,79.2,56.48,6430.0,17.14,80.316,0.9639,6179.31,79.67,604.28,4.205,63.22,19.942,25.584,1.57,24.6,16.88,6180.71,80.06,603.79,4.164,63.03,19.916,25.555,1.609,24.595,16.733,LUBRICATION_DEGRADATION,1.0,1.0,1.0,0.3,1.0,0.0,0.0,0.0,0.0
129.7,CLIMB,79.19,56.47,6437.08,17.13,80.296,0.9637,6178.85,79.66,604.26,4.205,63.21,19.94,25.584,1.57,24.6,16.879,6181.73,79.85,605.47,4.177,63.05,19.971,25.591,1.477,24.586,16.819,LUBRICATION_DEGRADATION,1.0,1.0,1.0,0.3,1.0,0.0,0.0,0.0,0.0
129.8,CLIMB,79.18,56.47,6444.17,17.11,80.275,0.9635,6178.38,79.66,604.25,4.205,63.2,19.939,25.584,1.57,24.6,16.878,6176.21,79.03,605.33,4.173,63.16,19.92,25.574,1.602,24.693,16.784,LUBRICATION_DEGRADATION,1.0,1.0,1.0,0.3,1.0,0.0,0.0,0.0,0.0
129.9,CLIMB,79.18,56.46,6451.25,17.1,80.254,0.9633,6177.92,79.66,604.23,4.205,63.19,19.937,25.584,1.57,24.6,16.876,6175.54,79.8,603.17,4.189,63.9,19.789,25.582,1.569,24.639,16.979,LUBRICATION_DEGRADATION,1.0,1.0,1.0,0.3,1.0,0.0,0.0,0.0,0.0
130.0,CLIMB,79.17,56.46,6458.33,17.08,80.234,0.9631,6177.46,79.66,604.22,4.205,63.18,19.936,25.583,1.569,24.6,16.875,6179.53,80.74,602.87,4.234,63.33,19.985,25.52,1.566,24.645,16.965,LUBRICATION_DEGRADATION,1.0,1.0,1.0,0.3,1.0,0.0,0.0,0.0,0.0
130.1,CLIMB,79.16,56.45,6465.42,17.07,80.213,0.9629,6177.0,79.66,604.2,4.205,63.17,19.935,25.583,1.569,24.6,16.874,6188.34,79.25,604.78,4.186,63.47,19.932,25.514,1.512,24.652,16.944,LUBRICATION_DEGRADATION,1.0,1.0,1.0,0.3,1.0,0.0,0.0,0.0,0.0
130.2,CLIMB,79.15,56.45,6472.5,17.06,80.193,0.9627,6176.53,79.66,604.18,4.205,63.16,19.933,25.583,1.569,24.6,16.873,6176.43,79.77,605.63,4.17,63.42,20.031,25.523,1.641,24.558,16.922,LUBRICATION_DEGRADATION,1.0,1.0,1.0,0.3,1.0,0.0,0.0,0.0,0.0
130.3,CLIMB,79.14,56.44,6479.58,17.04,80.172,0.9625,6176.07,79.66,604.17,4.204,63.15,19.932,25.583,1.569,24.6,16.871,6170.69,78.86,603.15,4.231,63.18,19.917,25.52,1.615,24.626,16.758,LUBRICATION_DEGRADATION,1.0,1.0,1.0,0.3,1.0,0.0,0.0,0.0,0.0
130.4,CLIMB,79.13,56.44,6486.67,17.03,80.152,0.9623,6175.61,79.66,604.15,4.204,63.14,19.93,25.583,1.569,24.6,16.87,6179.26,80.1,602.08,4.209,63.27,19.894,25.595,1.521,24.607,16.851,LUBRICATION_DEGRADATION,1.0,1.0,1.0,0.3,1.0,0.0,0.0,0.0,0.0
130.5,CLIMB,79.13,56.43,6493.75,17.01,80.131,0.9621,6175.14,79.66,604.14,4.204,63.13,19.929,25.583,1.569,24.6,16.869,6167.66,79.55,606.45,4.198,62.6,19.856,25.625,1.514,24.589,16.863,LUBRICATION_DEGRADATION,1.0,1.0,1.0,0.3,1.0,0.0,0.0,0.0,0.0
130.6,CLIMB,79.12,56.43,6500.83,17.0,80.111,0.9619,6174.68,79.66,604.12,4.204,63.12,19.928,25.582,1.569,24.6,16.868,6174.57,79.75,602.38,4.199,63.06,19.896,25.461,1.636,24.562,16.945,LUBRICATION_DEGRADATION,1.0,1.0,1.0,0.3,1.0,0.0,0.0,0.0,0.0
130.7,CLIMB,79.11,56.42,6507.92,16.98,80.09,0.9617,6174.22,79.66,604.11,4.204,63.11,19.926,25.582,1.569,24.6,16.866,6181.67,79.96,605.04,4.17,63.68,19.883,25.663,1.571,24.75,16.844,LUBRICATION_DEGRADATION,1.0,1.0,1.0,0.3,1.0,0.0,0.0,0.0,0.0
130.8,CLIMB,79.1,56.42,6515.0,16.97,80.07,0.9615,6173.76,79.66,604.09,4.204,63.1,19.925,25.582,1.569,24.6,16.865,6168.09,79.93,601.38,4.2,63.03,20.025,25.621,1.595,24.64,16.763,LUBRICATION_DEGRADATION,1.0,1.0,1.0,0.3,1.0,0.0,0.0,0.0,0.0
130.9,CLIMB,79.09,56.41,6522.08,16.96,80.049,0.9613,6173.29,79.66,604.08,4.204,63.09,19.923,25.582,1.569,24.6,16.864,6176.12,79.9,603.85,4.173,63.03,19.899,25.545,1.642,24.692,17.018,LUBRICATION_DEGRADATION,1.0,1.0,1.0,0.3,1.0,0.0,0.0,0.0,0.0
131.0,CLIMB,79.08,56.4,6529.17,16.94,80.029,0.9611,6172.83,79.66,604.06,4.204,63.08,19.922,25.582,1.569,24.6,16.863,6174.78,80.29,604.53,4.157,63.24,20.006,25.613,1.544,24.647,16.898,LUBRICATION_DEGRADATION,1.0,1.0,1.0,0.3,1.0,0.0,0.0,0.0,0.0
131.1,CLIMB,79.08,56.4,6536.25,16.93,80.008,0.9609,6172.37,79.65,604.05,4.204,63.07,19.921,25.582,1.568,24.6,16.861,6172.83,78.03,606.53,4.206,63.53,19.878,25.594,1.672,24.668,16.835,LUBRICATION_DEGRADATION,1.0,1.0,1.0,0.3,1.0,0.0,0.0,0.0,0.0
131.2,CLIMB,79.07,56.39,6543.33,16.91,79.988,0.9607,6171.9,79.65,604.03,4.203,63.06,19.919,25.581,1.568,24.6,16.86,6177.33,78.96,600.86,4.154,63.31,19.795,25.559,1.543,24.619,16.842,LUBRICATION_DEGRADATION,1.0,1.0,1.0,0.3,1.0,0.0,0.0,0.0,0.0
131.3,CLIMB,79.06,56.39,6550.42,16.9,79.967,0.9605,6171.44,79.65,604.02,4.203,63.04,19.918,25.581,1.568,24.6,16.859,6175.23,79.73,605.24,4.229,63.44,19.842,25.726,1.586,24.557,16.659,LUBRICATION_DEGRADATION,1.0,1.0,1.0,0.3,1.0,0.0,0.0,0.0,0.0
131.4,CLIMB,79.05,56.38,6557.5,16.89,79.947,0.9603,6170.98,79.65,604.0,4.203,63.03,19.917,25.581,1.568,24.6,16.858,6166.72,79.41,604.94,4.223,62.36,19.963,25.624,1.622,24.664,16.705,LUBRICATION_DEGRADATION,1.0,1.0,1.0,0.3,1.0,0.0,0.0,0.0,0.0
131.5,CLIMB,79.04,56.38,6564.58,16.87,79.926,0.9601,6170.52,79.65,603.99,4.203,63.02,19.915,25.581,1.568,24.6,16.856,6172.87,79.69,603.22,4.207,62.62,19.827,25.603,1.539,24.662,16.876,LUBRICATION_DEGRADATION,1.0,1.0,1.0,0.3,1.0,0.0,0.0,0.0,0.0
131.6,CLIMB,79.03,56.37,6571.67,16.86,79.906,0.9599,6170.05,79.65,603.97,4.203,63.01,19.914,25.581,1.568,24.6,16.855,6171.42,79.72,603.48,4.195,62.9,19.868,25.607,1.613,24.739,16.897,LUBRICATION_DEGRADATION,1.0,1.0,1.0,0.3,1.0,0.0,0.0,0.0,0.0
131.7,CLIMB,79.03,56.37,6578.75,16.84,79.886,0.9597,6169.59,79.65,603.96,4.203,63.0,19.912,25.581,1.568,24.6,16.854,6175.89,79.37,605.87,4.173,63.28,19.728,25.494,1.613,24.647,16.718,LUBRICATION_DEGRADATION,1.0,1.0,1.0,0.3,1.0,0.0,0.0,0.0,0.0
131.8,CLIMB,79.02,56.36,6585.83,16.83,79.865,0.9595,6169.13,79.65,603.94,4.203,62.99,19.911,25.58,1.568,24.6,16.853,6170.16,80.03,604.2,4.221,63.25,20.051,25.657,1.483,24.588,16.888,LUBRICATION_DEGRADATION,1.0,1.0,1.0,0.3,1.0,0.0,0.0,0.0,0.0
131.9,CLIMB,79.01,56.36,6592.92,16.81,79.845,0.9593,6168.67,79.65,603.93,4.203,62.98,19.91,25.58,1.568,24.6,16.851,6160.71,79.27,602.7,4.202,63.44,19.908,25.617,1.549,24.661,16.857,LUBRICATION_DEGRADATION,1.0,1.0,1.0,0.3,1.0,0.0,0.0,0.0,0.0
132.0,CLIMB,79.0,56.35,6600.0,16.8,79.824,0.9591,6168.2,79.65,603.91,4.203,62.97,19.908,25.58,1.568,24.6,16.85,6168.85,79.82,603.31,4.188,63.02,19.907,25.621,1.62,24.607,16.86,LUBRICATION_DEGRADATION,1.0,1.0,1.0,0.3,1.0,0.0,0.0,0.0,0.0
132.1,CLIMB,78.99,56.34,6607.08,16.79,79.804,0.9589,6167.74,79.65,603.9,4.202,62.96,19.907,25.58,1.568,24.6,16.849,6164.56,79.69,603.79,4.23,62.61,19.973,25.525,1.602,24.566,16.792,LUBRICATION_DEGRADATION,1.0,1.0,1.0,0.3,1.0,0.0,0.0,0.0,0.0
132.2,CLIMB,78.98,56.34,6614.17,16.77,79.783,0.9587,6167.28,79.65,603.88,4.202,62.95,19.905,25.58,1.567,24.6,16.848,6172.58,79.53,604.23,4.205,62.79,19.848,25.629,1.535,24.658,16.991,LUBRICATION_DEGRADATION,1.0,1.0,1.0,0.3,1.0,0.0,0.0,0.0,0.0
132.3,CLIMB,78.98,56.33,6621.25,16.76,79.763,0.9585,6166.82,79.65,603.86,4.202,62.94,19.904,25.58,1.567,24.6,16.846,6165.98,79.78,604.1,4.166,62.79,19.847,25.593,1.584,24.672,16.869,LUBRICATION_DEGRADATION,1.0,1.0,1.0,0.3,1.0,0.0,0.0,0.0,0.0
132.4,CLIMB,78.97,56.33,6628.33,16.74,79.743,0.9583,6166.35,79.64,603.85,4.202,62.93,19.903,25.579,1.567,24.6,16.845,6166.91,79.29,606.33,4.168,63.18,19.805,25.594,1.643,24.594,16.563,LUBRICATION_DEGRADATION,1.0,1.0,1.0,0.3,1.0,0.0,0.0,0.0,0.0
132.5,CLIMB,78.96,56.32,6635.42,16.73,79.722,0.9581,6165.89,79.64,603.83,4.202,62.92,19.901,25.579,1.567,24.6,16.844,6165.98,80.47,602.6,4.203,62.69,19.77,25.544,1.465,24.595,16.831,LUBRICATION_DEGRADATION,1.0,1.0,1.0,0.3,1.0,0.0,0.0,0.0,0.0
132.6,CLIMB,78.95,56.32,6642.5,16.72,79.702,0.9579,6165.43,79.64,603.82,4.202,62.91,19.9,25.579,1.567,24.6,16.843,6158.95,79.51,604.44,4.239,62.66,19.814,25.615,1.623,24.621,16.823,LUBRICATION_DEGRADATION,1.0,1.0,1.0,0.3,1.0,0.0,0.0,0.0,0.0
132.7,CLIMB,78.94,56.31,6649.58,16.7,79.681,0.9577,6164.97,79.64,603.8,4.202,62.9,19.898,25.579,1.567,24.6,16.841,6164.98,79.53,601.97,4.179,63.03,20.063,25.642,1.65,24.661,16.918,LUBRICATION_DEGRADATION,1.0,1.0,1.0,0.3,1.0,0.0,0.0,0.0,0.0
132.8,CLIMB,78.93,56.31,6656.67,16.69,79.661,0.9575,6164.5,79.64,603.79,4.202,62.89,19.897,25.579,1.567,24.6,16.84,6168.17,79.72,605.61,4.221,63.14,19.891,25.666,1.524,24.604,16.954,LUBRICATION_DEGRADATION,1.0,1.0,1.0,0.3,1.0,0.0,0.0,0.0,0.0
132.9,CLIMB,78.93,56.3,6663.75,16.67,79.641,0.9573,6164.04,79.64,603.77,4.202,62.88,19.896,25.579,1.567,24.6,16.839,6162.22,80.12,606.97,4.205,62.73,19.853,25.592,1.555,24.593,16.799,LUBRICATION_DEGRADATION,1.0,1.0,1.0,0.3,1.0,0.0,0.0,0.0,0.0
133.0,CLIMB,78.92,56.3,6670.83,16.66,79.62,0.9571,6163.58,79.64,603.76,4.201,62.87,19.894,25.578,1.567,24.6,16.838,6170.09,80.05,604.61,4.219,63.1,19.935,25.574,1.561,24.6,16.763,LUBRICATION_DEGRADATION,1.0,1.0,1.0,0.3,1.0,0.0,0.0,0.0,0.0
133.1,CLIMB,78.91,56.29,6677.92,16.64,79.6,0.9569,6163.12,79.64,603.74,4.201,62.86,19.893,25.578,1.567,24.6,16.836,6164.67,79.83,602.29,4.181,62.73,19.891,25.641,1.571,24.587,16.946,LUBRICATION_DEGRADATION,1.0,1.0,1.0,0.3,1.0,0.0,0.0,0.0,0.0
133.2,CLIMB,78.9,56.29,6685.0,16.63,79.579,0.9567,6162.65,79.64,603.73,4.201,62.85,19.891,25.578,1.567,24.6,16.835,6159.91,79.98,603.23,4.227,62.88,19.656,25.662,1.5,24.646,16.867,LUBRICATION_DEGRADATION,1.0,1.0,1.0,0.3,1.0,0.0,0.0,0.0,0.0
133.3,CLIMB,78.89,56.28,6692.08,16.62,79.559,0.9565,6162.19,79.64,603.71,4.201,62.83,19.89,25.578,1.566,24.6,16.834,6160.43,79.72,604.52,4.165,62.84,19.984,25.592,1.549,24.657,16.856,LUBRICATION_DEGRADATION,1.0,1.0,1.0,0.3,1.0,0.0,0.0,0.0,0.0
133.4,CLIMB,78.88,56.27,6699.17,16.6,79.539,0.9563,6161.73,79.64,603.7,4.201,62.82,19.889,25.578,1.566,24.6,16.833,6163.09,80.18,603.09,4.19,63.14,19.942,25.578,1.595,24.544,16.768,LUBRICATION_DEGRADATION,1.0,1.0,1.0,0.3,1.0,0.0,0.0,0.0,0.0
133.5,CLIMB,78.88,56.27,6706.25,16.59,79.518,0.9561,6161.27,79.64,603.68,4.201,62.81,19.887,25.578,1.566,24.6,16.831,6166.11,79.98,601.63,4.227,63.01,19.987,25.656,1.538,24.571,16.628,LUBRICATION_DEGRADATION,1.0,1.0,1.0,0.3,1.0,0.0,0.0,0.0,0.0
133.6,CLIMB,78.87,56.26,6713.33,16.57,79.498,0.9559,6160.81,79.64,603.67,4.201,62.8,19.886,25.577,1.566,24.6,16.83,6159.85,79.29,603.67,4.195,62.62,19.667,25.593,1.532,24.521,16.756,LUBRICATION_DEGRADATION,1.0,1.0,1.0,0.3,1.0,0.0,0.0,0.0,0.0
133.7,CLIMB,78.86,56.26,6720.42,16.56,79.478,0.9557,6160.34,79.64,603.65,4.201,62.79,19.884,25.577,1.566,24.6,16.829,6156.19,79.02,605.04,4.148,62.72,19.983,25.509,1.522,24.64,16.675,LUBRICATION_DEGRADATION,1.0,1.0,1.0,0.3,1.0,0.0,0.0,0.0,0.0
133.8,CLIMB,78.85,56.25,6727.5,16.55,79.457,0.9555,6159.88,79.63,603.64,4.201,62.78,19.883,25.577,1.566,24.6,16.828,6163.32,79.49,604.69,4.232,62.0,19.952,25.525,1.509,24.499,16.822,LUBRICATION_DEGRADATION,1.0,1.0,1.0,0.3,1.0,0.0,0.0,0.0,0.0
133.9,CLIMB,78.84,56.25,6734.58,16.53,79.437,0.9553,6159.42,79.63,603.62,4.2,62.77,19.882,25.577,1.566,24.6,16.826,6156.77,79.77,603.1,4.213,62.94,19.898,25.566,1.615,24.488,16.733,LUBRICATION_DEGRADATION,1.0,1.0,1.0,0.3,1.0,0.0,0.0,0.0,0.0
134.0,CLIMB,78.83,56.24,6741.67,16.52,79.417,0.9551,6158.96,79.63,603.61,4.2,62.76,19.88,25.577,1.566,24.6,16.825,6153.7,80.36,605.62,4.216,62.57,19.918,25.551,1.601,24.528,16.861,LUBRICATION_DEGRADATION,1.0,1.0,1.0,0.3,1.0,0.0,0.0,0.0,0.0
134.1,CLIMB,78.83,56.24,6748.75,16.5,79.396,0.9549,6158.5,79.63,603.59,4.2,62.75,19.879,25.577,1.566,24.6,16.824,6154.33,79.69,606.75,4.235,62.62,19.787,25.604,1.66,24.594,16.792,LUBRICATION_DEGRADATION,1.0,1.0,1.0,0.3,1.0,0.0,0.0,0.0,0.0
134.2,CLIMB,78.82,56.23,6755.83,16.49,79.376,0.9547,6158.03,79.63,603.58,4.2,62.74,19.878,25.576,1.566,24.6,16.823,6162.58,79.8,605.32,4.187,62.61,20.012,25.644,1.46,24.558,16.904,LUBRICATION_DEGRADATION,1.0,1.0,1.0,0.3,1.0,0.0,0.0,0.0,0.0
134.3,CLIMB,78.81,56.23,6762.92,16.47,79.356,0.9545,6157.57,79.63,603.56,4.2,62.73,19.876,25.576,1.566,24.6,16.821,6164.41,80.01,602.68,4.183,63.06,19.844,25.58,1.625,24.589,16.789,LUBRICATION_DEGRADATION,1.0,1.0,1.0,0.3,1.0,0.0,0.0,0.0,0.0
134.4,CLIMB,78.8,56.22,6770.0,16.46,79.335,0.9543,6157.11,79.63,603.54,4.2,62.72,19.875,25.576,1.565,24.6,16.82,6152.86,79.74,605.01,4.191,62.61,19.88,25.618,1.52,24.678,16.959,LUBRICATION_DEGRADATION,1.0,1.0,1.0,0.3,1.0,0.0,0.0,0.0,0.0
134.5,CLIMB,78.79,56.21,6777.08,16.45,79.315,0.9541,6156.65,79.63,603.53,4.2,62.71,19.873,25.576,1.565,24.6,16.819,6154.24,79.69,604.07,4.22,62.85,19.913,25.62,1.548,24.557,16.773,LUBRICATION_DEGRADATION,1.0,1.0,1.0,0.3,1.0,0.0,0.0,0.0,0.0
134.6,CLIMB,78.78,56.21,6784.17,16.43,79.295,0.9539,6156.19,79.63,603.51,4.2,62.7,19.872,25.576,1.565,24.6,16.818,6153.53,79.85,606.01,4.19,62.74,20.027,25.539,1.563,24.638,16.8,LUBRICATION_DEGRADATION,1.0,1.0,1.0,0.3,1.0,0.0,0.0,0.0,0.0
134.7,CLIMB,78.78,56.2,6791.25,16.42,79.274,0.9537,6155.72,79.63,603.5,4.2,62.69,19.871,25.576,1.565,24.6,16.816,6153.9,80.18,606.18,4.233,62.5,19.838,25.644,1.558,24.636,16.724,LUBRICATION_DEGRADATION,1.0,1.0,1.0,0.3,1.0,0.0,0.0,0.0,0.0
134.8,CLIMB,78.77,56.2,6798.33,16.4,79.254,0.9535,6155.26,79.63,603.48,4.199,62.68,19.869,25.575,1.565,24.6,16.815,6155.22,79.84,603.17,4.175,62.93,19.737,25.5,1.566,24.575,16.747,LUBRICATION_DEGRADATION,1.0,1.0,1.0,0.3,1.0,0.0,0.0,0.0,0.0
134.9,CLIMB,78.76,56.19,6805.42,16.39,79.234,0.9533,6154.8,79.63,603.47,4.199,62.67,19.868,25.575,1.565,24.6,16.814,6154.69,80.01,606.39,4.18,62.03,19.835,25.547,1.511,24.513,16.753,LUBRICATION_DEGRADATION,1.0,1.0,1.0,0.3,1.0,0.0,0.0,0.0,0.0
135.0,CLIMB,78.75,56.19,6812.5,16.38,79.214,0.9531,6154.34,79.63,603.45,4.199,62.65,19.866,25.575,1.565,24.6,16.813,6151.12,79.76,604.57,4.23,62.26,19.778,25.551,1.564,24.583,16.876,LUBRICATION_DEGRADATION,1.0,1.0,1.0,0.3,1.0,0.0,0.0,0.0,0.0
135.1,CLIMB,78.74,56.18,6819.58,16.36,79.193,0.9529,6153.88,79.62,603.44,4.199,62.64,19.865,25.575,1.565,24.6,16.811,6155.77,79.64,603.09,4.258,63.0,19.783,25.577,1.516,24.525,16.886,LUBRICATION_DEGRADATION,1.0,1.0,1.0,0.3,1.0,0.0,0.0,0.0,0.0
135.2,CLIMB,78.73,56.18,6826.67,16.35,79.173,0.9527,6153.41,79.62,603.42,4.199,62.63,19.864,25.575,1.565,24.6,16.81,6151.04,79.26,603.22,4.207,62.31,19.887,25.52,1.569,24.64,16.753,LUBRICATION_DEGRADATION,1.0,1.0,1.0,0.3,1.0,0.0,0.0,0.0,0.0
135.3,CLIMB,78.73,56.17,6833.75,16.33,79.153,0.9525,6152.95,79.62,603.41,4.199,62.62,19.862,25.575,1.565,24.6,16.809,6151.09,79.63,601.89,4.142,63.43,20.062,25.658,1.598,24.669,16.735,LUBRICATION_DEGRADATION,1.0,1.0,1.0,0.3,1.0,0.0,0.0,0.0,0.0
135.4,CLIMB,78.72,56.17,6840.83,16.32,79.133,0.9523,6152.49,79.62,603.39,4.199,62.61,19.861,25.574,1.565,24.6,16.808,6163.72,78.96,602.2,4.234,62.49,20.034,25.572,1.56,24.59,16.792,LUBRICATION_DEGRADATION,1.0,1.0,1.0,0.3,1.0,0.0,0.0,0.0,0.0
135.5,CLIMB,78.71,56.16,6847.92,16.3,79.112,0.9522,6152.03,79.62,603.38,4.199,62.6,19.859,25.574,1.564,24.6,16.806,6154.54,79.52,603.16,4.204,62.84,19.782,25.596,1.609,24.565,16.777,LUBRICATION_DEGRADATION,1.0,1.0,1.0,0.3,1.0,0.0,0.0,0.0,0.0
135.6,CLIMB,78.7,56.16,6855.0,16.29,79.092,0.952,6151.57,79.62,603.36,4.199,62.59,19.858,25.574,1.564,24.6,16.805,6153.56,81.11,604.01,4.159,62.18,19.729,25.562,1.547,24.602,16.8,LUBRICATION_DEGRADATION,1.0,1.0,1.0,0.3,1.0,0.0,0.0,0.0,0.0
135.7,CLIMB,78.69,56.15,6862.08,16.28,79.072,0.9518,6151.11,79.62,603.35,4.199,62.58,19.857,25.574,1.564,24.6,16.804,6157.68,79.8,602.58,4.233,62.66,19.845,25.515,1.579,24.687,16.742,LUBRICATION_DEGRADATION,1.0,1.0,1.0,0.3,1.0,0.0,0.0,0.0,0.0
135.8,CLIMB,78.68,56.14,6869.17,16.26,79.052,0.9516,6150.65,79.62,603.33,4.198,62.57,19.855,25.574,1.564,24.6,16.803,6156.82,79.6,606.07,4.149,62.52,19.77,25.529,1.664,24.6,16.783,LUBRICATION_DEGRADATION,1.0,1.0,1.0,0.3,1.0,0.0,0.0,0.0,0.0
135.9,CLIMB,78.68,56.14,6876.25,16.25,79.031,0.9514,6150.18,79.62,603.32,4.198,62.56,19.854,25.574,1.564,24.6,16.801,6158.7,79.16,602.53,4.183,62.94,19.779,25.678,1.493,24.667,16.838,LUBRICATION_DEGRADATION,1.0,1.0,1.0,0.3,1.0,0.0,0.0,0.0,0.0
136.0,CLIMB,78.67,56.13,6883.33,16.23,79.011,0.9512,6149.72,79.62,603.3,4.198,62.55,19.852,25.573,1.564,24.6,16.8,6147.28,78.82,602.57,4.187,62.86,19.924,25.492,1.536,24.662,16.663,LUBRICATION_DEGRADATION,1.0,1.0,1.0,0.3,1.0,0.0,0.0,0.0,0.0
136.1,CLIMB,78.66,56.13,6890.42,16.22,78.991,0.951,6149.26,79.62,603.29,4.198,62.54,19.851,25.573,1.564,24.6,16.799,6143.91,80.65,604.42,4.201,62.95,19.842,25.585,1.633,24.596,16.94,LUBRICATION_DEGRADATION,1.0,1.0,1.0,0.3,1.0,0.0,0.0,0.0,0.0
136.2,CLIMB,78.65,56.12,6897.5,16.21,78.971,0.9508,6148.8,79.62,603.27,4.198,62.53,19.85,25.573,1.564,24.6,16.798,6147.79,79.36,600.7,4.155,62.45,19.769,25.56,1.575,24.619,16.771,LUBRICATION_DEGRADATION,1.0,1.0,1.0,0.3,1.0,0.0,0.0,0.0,0.0
136.3,CLIMB,78.64,56.12,6904.58,16.19,78.95,0.9506,6148.34,79.62,603.25,4.198,62.52,19.848,25.573,1.564,24.6,16.796,6144.58,79.89,601.37,4.199,63.01,19.876,25.566,1.581,24.63,16.933,LUBRICATION_DEGRADATION,1.0,1.0,1.0,0.3,1.0,0.0,0.0,0.0,0.0
136.4,CLIMB,78.63,56.11,6911.67,16.18,78.93,0.9504,6147.88,79.62,603.24,4.198,62.5,19.847,25.573,1.564,24.6,16.795,6149.14,79.77,603.21,4.198,62.93,19.92,25.499,1.465,24.537,16.754,LUBRICATION_DEGRADATION,1.0,1.0,1.0,0.3,1.0,0.0,0.0,0.0,0.0
136.5,CLIMB,78.63,56.11,6918.75,16.16,78.91,0.9502,6147.41,79.61,603.22,4.198,62.49,19.845,25.573,1.564,24.6,16.794,6142.72,79.91,601.23,4.169,62.5,19.819,25.611,1.537,24.666,16.833,LUBRICATION_DEGRADATION,1.0,1.0,1.0,0.3,1.0,0.0,0.0,0.0,0.0
136.6,CLIMB,78.62,56.1,6925.83,16.15,78.89,0.95,6146.95,79.61,603.21,4.198,62.48,19.844,25.572,1.564,24.6,16.793,6151.54,79.38,602.89,4.225,62.49,19.762,25.596,1.532,24.633,16.849,LUBRICATION_DEGRADATION,1.0,1.0,1.0,0.3,1.0,0.0,0.0,0.0,0.0
136.7,CLIMB,78.61,56.1,6932.92,16.13,78.87,0.9498,6146.49,79.61,603.19,4.197,62.47,19.843,25.572,1.563,24.6,16.791,6136.71,79.37,600.55,4.224,62.2,19.79,25.65,1.593,24.565,16.892,LUBRICATION_DEGRADATION,1.0,1.0,1.0,0.3,1.0,0.0,0.0,0.0,0.0
136.8,CLIMB,78.6,56.09,6940.0,16.12,78.849,0.9496,6146.03,79.61,603.18,4.197,62.46,19.841,25.572,1.563,24.6,16.79,6142.38,80.36,602.55,4.204,62.02,19.856,25.545,1.674,24.645,16.805,LUBRICATION_DEGRADATION,1.0,1.0,1.0,0.3,1.0,0.0,0.0,0.0,0.0
136.9,CLIMB,78.59,56.08,6947.08,16.11,78.829,0.9494,6145.57,79.61,603.16,4.197,62.45,19.84,25.572,1.563,24.6,16.789,6150.84,79.89,603.29,4.202,62.57,19.882,25.667,1.583,24.615,16.68,LUBRICATION_DEGRADATION,1.0,1.0,1.0,0.3,1.0,0.0,0.0,0.0,0.0
137.0,CLIMB,78.58,56.08,6954.17,16.09,78.809,0.9492,6145.11,79.61,603.15,4.197,62.44,19.838,25.572,1.563,24.6,16.788,6148.8,79.27,601.41,4.185,61.71,19.837,25.6,1.541,24.576,16.703,LUBRICATION_DEGRADATION,1.0,1.0,1.0,0.3,1.0,0.0,0.0,0.0,0.0
137.1,CLIMB,78.58,56.07,6961.25,16.08,78.789,0.949,6144.65,79.61,603.13,4.197,62.43,19.837,25.572,1.563,24.6,16.786,6148.46,80.04,603.77,4.187,62.53,19.914,25.536,1.503,24.595,16.706,LUBRICATION_DEGRADATION,1.0,1.0,1.0,0.3,1.0,0.0,0.0,0.0,0.0
137.2,CLIMB,78.57,56.07,6968.33,16.06,78.769,0.9488,6144.19,79.61,603.12,4.197,62.42,19.836,25.571,1.563,24.6,16.785,6147.23,79.92,605.21,4.276,62.59,19.795,25.588,1.601,24.6,16.907,LUBRICATION_DEGRADATION,1.0,1.0,1.0,0.3,1.0,0.0,0.0,0.0,0.0
137.3,CLIMB,78.56,56.06,6975.42,16.05,78.749,0.9486,6143.72,79.61,603.1,4.197,62.41,19.834,25.571,1.563,24.6,16.784,6138.01,80.52,605.54,4.19,63.23,19.968,25.638,1.545,24.562,16.875,LUBRICATION_DEGRADATION,1.0,1.0,1.0,0.3,1.0,0.0,0.0,0.0,0.0
137.4,CLIMB,78.55,56.06,6982.5,16.04,78.728,0.9484,6143.26,79.61,603.09,4.197,62.4,19.833,25.571,1.563,24.6,16.783,6134.54,79.71,599.58,4.149,62.15,19.851,25.554,1.569,24.697,16.735,LUBRICATION_DEGRADATION,1.0,1.0,1.0,0.3,1.0,0.0,0.0,0.0,0.0
137.5,CLIMB,78.54,56.05,6989.58,16.02,78.708,0.9482,6142.8,79.61,603.07,4.197,62.39,19.831,25.571,1.563,24.6,16.781,6138.27,79.16,603.48,4.162,62.13,19.862,25.549,1.6,24.591,16.656,LUBRICATION_DEGRADATION,1.0,1.0,1.0,0.3,1.0,0.0,0.0,0.0,0.0
137.6,CLIMB,78.53,56.05,6996.67,16.01,78.688,0.948,6142.34,79.61,603.06,4.196,62.38,19.83,25.571,1.563,24.6,16.78,6146.18,79.5,604.58,4.202,62.03,19.58,25.516,1.54,24.638,16.838,LUBRICATION_DEGRADATION,1.0,1.0,1.0,0.3,1.0,0.0,0.0,0.0,0.0
137.7,CLIMB,78.53,56.04,7003.75,15.99,78.668,0.9478,6141.88,79.61,603.04,4.196,62.36,19.829,25.571,1.563,24.6,16.779,6149.7,80.05,603.73,4.15,62.11,19.708,25.618,1.59,24.574,16.794,LUBRICATION_DEGRADATION,1.0,1.0,1.0,0.3,1.0,0.0,0.0,0.0,0.0
137.8,CLIMB,78.52,56.04,7010.83,15.98,78.648,0.9476,6141.42,79.6,603.03,4.196,62.35,19.827,25.57,1.562,24.6,16.778,6132.31,79.39,603.05,4.217,61.98,19.732,25.559,1.513,24.627,16.905,LUBRICATION_DEGRADATION,1.0,1.0,1.0,0.3,1.0,0.0,0.0,0.0,0.0
137.9,CLIMB,78.51,56.03,7017.92,15.96,78.628,0.9474,6140.96,79.6,603.01,4.196,62.34,19.826,25.57,1.562,24.6,16.776,6136.55,79.72,603.73,4.236,62.77,19.729,25.545,1.541,24.615,16.671,LUBRICATION_DEGRADATION,1.0,1.0,1.0,0.3,1.0,0.0,0.0,0.0,0.0
138.0,CLIMB,78.5,56.03,7025.0,15.95,78.608,0.9472,6140.5,79.6,603.0,4.196,62.33,19.824,25.57,1.562,24.6,16.775,6145.58,78.8,602.85,4.209,62.44,19.815,25.598,1.638,24.623,16.704,LUBRICATION_DEGRADATION,1.0,1.0,1.0,0.3,1.0,0.0,0.0,0.0,0.0
138.1,CLIMB,78.49,56.02,7032.08,15.94,78.588,0.947,6140.04,79.6,602.98,4.196,62.32,19.823,25.57,1.562,24.6,16.774,6140.69,79.83,603.77,4.214,62.59,19.839,25.575,1.55,24.536,16.765,LUBRICATION_DEGRADATION,1.0,1.0,1.0,0.3,1.0,0.0,0.0,0.0,0.0
138.2,CLIMB,78.48,56.01,7039.17,15.92,78.567,0.9468,6139.58,79.6,602.96,4.196,62.31,19.822,25.57,1.562,24.6,16.773,6139.56,79.81,602.99,4.153,62.42,19.706,25.53,1.538,24.582,16.814,LUBRICATION_DEGRADATION,1.0,1.0,1.0,0.3,1.0,0.0,0.0,0.0,0.0
138.3,CLIMB,78.48,56.01,7046.25,15.91,78.547,0.9466,6139.11,79.6,602.95,4.196,62.3,19.82,25.57,1.562,24.6,16.771,6145.0,80.4,604.39,4.229,62.51,19.822,25.643,1.53,24.574,16.684,LUBRICATION_DEGRADATION,1.0,1.0,1.0,0.3,1.0,0.0,0.0,0.0,0.0
138.4,CLIMB,78.47,56.0,7053.33,15.89,78.527,0.9465,6138.65,79.6,602.93,4.196,62.29,19.819,25.569,1.562,24.6,16.77,6144.29,79.9,601.61,4.206,62.67,19.814,25.619,1.509,24.654,16.666,LUBRICATION_DEGRADATION,1.0,1.0,1.0,0.3,1.0,0.0,0.0,0.0,0.0
138.5,CLIMB,78.46,56.0,7060.42,15.88,78.507,0.9463,6138.19,79.6,602.92,4.195,62.28,19.818,25.569,1.562,24.6,16.769,6139.34,80.04,603.73,4.181,61.94,19.804,25.52,1.659,24.525,16.701,LUBRICATION_DEGRADATION,1.0,1.0,1.0,0.3,1.0,0.0,0.0,0.0,0.0
138.6,CLIMB,78.45,55.99,7067.5,15.87,78.487,0.9461,6137.73,79.6,602.9,4.195,62.27,19.816,25.569,1.562,24.6,16.768,6136.67,79.33,599.88,4.232,62.21,19.859,25.588,1.551,24.621,16.875,LUBRICATION_DEGRADATION,1.0,1.0,1.0,0.3,1.0,0.0,0.0,0.0,0.0
138.7,CLIMB,78.44,55.99,7074.58,15.85,78.467,0.9459,6137.27,79.6,602.89,4.195,62.26,19.815,25.569,1.562,24.6,16.766,6135.24,79.59,604.79,4.141,61.7,19.731,25.673,1.612,24.637,16.71,LUBRICATION_DEGRADATION,1.0,1.0,1.0,0.3,1.0,0.0,0.0,0.0,0.0
138.8,CLIMB,78.43,55.98,7081.67,15.84,78.447,0.9457,6136.81,79.6,602.87,4.195,62.24,19.813,25.569,1.562,24.6,16.765,6138.27,79.65,605.1,4.209,62.37,19.886,25.601,1.523,24.631,16.758,LUBRICATION_DEGRADATION,1.0,1.0,1.0,0.3,1.0,0.0,0.0,0.0,0.0
138.9,CLIMB,78.43,55.98,7088.75,15.82,78.427,0.9455,6136.35,79.6,602.86,4.195,62.23,19.812,25.569,1.561,24.6,16.764,6129.0,79.05,603.13,4.145,61.55,19.883,25.469,1.529,24.593,16.808,LUBRICATION_DEGRADATION,1.0,1.0,1.0,0.3,1.0,0.0,0.0,0.0,0.0
139.0,CLIMB,78.42,55.97,7095.83,15.81,78.407,0.9453,6135.89,79.6,602.84,4.195,62.22,19.811,25.568,1.561,24.6,16.763,6135.63,79.04,602.84,4.127,62.1,19.855,25.599,1.647,24.619,16.603,LUBRICATION_DEGRADATION,1.0,1.0,1.0,0.3,1.0,0.0,0.0,0.0,0.0
139.1,CLIMB,78.41,55.97,7102.92,15.79,78.387,0.9451,6135.43,79.59,602.83,4.195,62.21,19.809,25.568,1.561,24.6,16.761,6137.35,78.88,601.07,4.199,62.38,19.8,25.547,1.563,24.655,16.685,LUBRICATION_DEGRADATION,1.0,1.0,1.0,0.3,1.0,0.0,0.0,0.0,0.0
139.2,CLIMB,78.4,55.96,7110.0,15.78,78.367,0.9449,6134.97,79.59,602.81,4.195,62.2,19.808,25.568,1.561,24.6,16.76,6139.07,79.67,602.51,4.223,61.58,19.867,25.47,1.583,24.519,16.743,LUBRICATION_DEGRADATION,1.0,1.0,1.0,0.3,1.0,0.0,0.0,0.0,0.0
139.3,CLIMB,78.39,55.95,7117.08,15.77,78.346,0.9447,6134.51,79.59,602.8,4.195,62.19,19.806,25.568,1.561,24.6,16.759,6139.32,79.65,601.56,4.203,61.89,19.867,25.59,1.637,24.57,16.679,LUBRICATION_DEGRADATION,1.0,1.0,1.0,0.3,1.0,0.0,0.0,0.0,0.0
139.4,CLIMB,78.38,55.95,7124.17,15.75,78.326,0.9445,6134.05,79.59,602.78,4.195,62.18,19.805,25.568,1.561,24.6,16.758,6140.28,78.38,605.27,4.204,62.59,19.796,25.589,1.552,24.686,16.861,LUBRICATION_DEGRADATION,1.0,1.0,1.0,0.3,1.0,0.0,0.0,0.0,0.0
139.5,CLIMB,78.38,55.94,7131.25,15.74,78.306,0.9443,6133.58,79.59,602.77,4.194,62.17,19.804,25.568,1.561,24.6,16.756,6132.51,79.37,602.8,4.178,61.6,19.905,25.546,1.64,24.574,16.676,LUBRICATION_DEGRADATION,1.0,1.0,1.0,0.3,1.0,0.0,0.0,0.0,0.0
139.6,CLIMB,78.37,55.94,7138.33,15.72,78.286,0.9441,6133.12,79.59,602.75,4.194,62.16,19.802,25.567,1.561,24.6,16.755,6127.19,79.44,601.56,4.187,61.77,19.904,25.61,1.566,24.592,16.845,LUBRICATION_DEGRADATION,1.0,1.0,1.0,0.3,1.0,0.0,0.0,0.0,0.0
139.7,CLIMB,78.36,55.93,7145.42,15.71,78.266,0.9439,6132.66,79.59,602.74,4.194,62.15,19.801,25.567,1.561,24.6,16.754,6132.1,79.47,604.44,4.181,61.93,19.851,25.622,1.544,24.539,16.763,LUBRICATION_DEGRADATION,1.0,1.0,1.0,0.3,1.0,0.0,0.0,0.0,0.0
139.8,CLIMB,78.35,55.93,7152.5,15.7,78.246,0.9437,6132.2,79.59,602.72,4.194,62.14,19.799,25.567,1.561,24.6,16.753,6131.39,79.23,604.28,4.204,61.93,19.807,25.525,1.574,24.607,16.731,LUBRICATION_DEGRADATION,1.0,1.0,1.0,0.3,1.0,0.0,0.0,0.0,0.0
139.9,CLIMB,78.34,55.92,7159.58,15.68,78.226,0.9435,6131.74,79.59,602.7,4.194,62.12,19.798,25.567,1.561,24.6,16.751,6130.02,79.57,600.73,4.184,62.12,19.895,25.592,1.51,24.618,16.766,LUBRICATION_DEGRADATION,1.0,1.0,1.0,0.3,1.0,0.0,0.0,0.0,0.0
140.0,CLIMB,78.33,55.92,7166.67,15.67,78.206,0.9433,6131.28,79.59,602.69,4.194,62.11,19.797,25.567,1.56,24.6,16.75,6136.83,79.64,602.44,4.203,62.36,19.738,25.649,1.556,24.439,16.612,LUBRICATION_DEGRADATION,1.0,1.0,1.0,0.3,1.0,0.0,0.0,0.0,0.0
140.1,CLIMB,78.33,55.91,7173.75,15.65,78.186,0.9431,6130.82,79.59,602.67,4.194,62.1,19.795,25.567,1.56,24.6,16.749,6130.78,78.76,603.71,4.168,61.95,19.659,25.611,1.658,24.594,16.766,LUBRICATION_DEGRADATION,1.0,1.0,1.0,0.3,1.0,0.0,0.0,0.0,0.0
140.2,CLIMB,78.32,55.91,7180.83,15.64,78.166,0.9429,6130.36,79.59,602.66,4.194,62.09,19.794,25.566,1.56,24.6,16.748,6128.91,79.54,604.44,4.219,61.7,19.72,25.519,1.609,24.699,16.554,LUBRICATION_DEGRADATION,1.0,1.0,1.0,0.3,1.0,0.0,0.0,0.0,0.0
140.3,CLIMB,78.31,55.9,7187.92,15.62,78.146,0.9427,6129.9,79.59,602.64,4.194,62.08,19.792,25.566,1.56,24.6,16.746,6130.61,78.88,600.61,4.231,62.19,19.645,25.554,1.566,24.587,16.627,LUBRICATION_DEGRADATION,1.0,1.0,1.0,0.3,1.0,0.0,0.0,0.0,0.0
140.4,CLIMB,78.3,55.9,7195.0,15.61,78.126,0.9425,6129.44,79.58,602.63,4.193,62.07,19.791,25.566,1.56,24.6,16.745,6140.64,79.14,602.46,4.175,62.07,19.718,25.5,1.615,24.623,16.696,LUBRICATION_DEGRADATION,1.0,1.0,1.0,0.3,1.0,0.0,0.0,0.0,0.0
140.5,CLIMB,78.29,55.89,7202.08,15.6,78.106,0.9423,6128.98,79.58,602.61,4.193,62.06,19.79,25.566,1.56,24.6,16.744,6128.67,79.76,602.24,4.18,62.3,20.01,25.622,1.529,24.701,16.777,LUBRICATION_DEGRADATION,1.0,1.0,1.0,0.3,1.0,0.0,0.0,0.0,0.0
140.6,CLIMB,78.28,55.88,7209.17,15.58,78.086,0.9422,6128.52,79.58,602.6,4.193,62.05,19.788,25.566,1.56,24.6,16.743,6125.19,80.04,601.49,4.249,62.26,19.781,25.541,1.554,24.589,16.707,LUBRICATION_DEGRADATION,1.0,1.0,1.0,0.3,1.0,0.0,0.0,0.0,0.0
140.7,CLIMB,78.28,55.88,7216.25,15.57,78.066,0.942,6128.06,79.58,602.58,4.193,62.04,19.787,25.566,1.56,24.6,16.741,6120.79,79.92,600.48,4.241,61.64,19.89,25.581,1.626,24.503,16.824,LUBRICATION_DEGRADATION,1.0,1.0,1.0,0.3,1.0,0.0,0.0,0.0,0.0
140.8,CLIMB,78.27,55.87,7223.33,15.55,78.046,0.9418,6127.6,79.58,602.57,4.193,62.03,19.785,25.565,1.56,24.6,16.74,6132.37,79.77,602.09,4.147,61.78,19.908,25.544,1.546,24.548,16.763,LUBRICATION_DEGRADATION,1.0,1.0,1.0,0.3,1.0,0.0,0.0,0.0,0.0
140.9,CLIMB,78.26,55.87,7230.42,15.54,78.026,0.9416,6127.14,79.58,602.55,4.193,62.01,19.784,25.565,1.56,24.6,16.739,6133.66,79.47,602.82,4.211,61.81,19.704,25.492,1.577,24.596,16.692,LUBRICATION_DEGRADATION,1.0,1.0,1.0,0.3,1.0,0.0,0.0,0.0,0.0
141.0,CLIMB,78.25,55.86,7237.5,15.53,78.006,0.9414,6126.68,79.58,602.54,4.193,62.0,19.783,25.565,1.56,24.6,16.738,6133.5,80.25,602.52,4.153,61.85,19.753,25.634,1.573,24.578,16.893,LUBRICATION_DEGRADATION,1.0,1.0,1.0,0.3,1.0,0.0,0.0,0.0,0.0
141.1,CLIMB,78.24,55.86,7244.58,15.51,77.986,0.9412,6126.22,79.58,602.52,4.193,61.99,19.781,25.565,1.559,24.6,16.736,6125.61,80.01,605.91,4.16,61.32,19.809,25.601,1.579,24.581,16.743,LUBRICATION_DEGRADATION,1.0,1.0,1.0,0.3,1.0,0.0,0.0,0.0,0.0
141.2,CLIMB,78.23,55.85,7251.67,15.5,77.966,0.941,6125.76,79.58,602.51,4.193,61.98,19.78,25.565,1.559,24.6,16.735,6139.17,80.1,603.42,4.232,62.2,19.751,25.586,1.571,24.567,16.728,LUBRICATION_DEGRADATION,1.0,1.0,1.0,0.3,1.0,0.0,0.0,0.0,0.0
141.3,CLIMB,78.23,55.85,7258.75,15.48,77.946,0.9408,6125.3,79.58,602.49,4.192,61.97,19.778,25.565,1.559,24.6,16.734,6122.09,79.4,601.24,4.14,62.54,19.79,25.601,1.508,24.592,16.743,LUBRICATION_DEGRADATION,1.0,1.0,1.0,0.3,1.0,0.0,0.0,0.0,0.0
141.4,CLIMB,78.22,55.84,7265.83,15.47,77.926,0.9406,6124.84,79.58,602.48,4.192,61.96,19.777,25.564,1.559,24.6,16.733,6122.55,79.77,601.97,4.174,62.22,19.536,25.548,1.537,24.617,16.707,LUBRICATION_DEGRADATION,1.0,1.0,1.0,0.3,1.0,0.0,0.0,0.0,0.0
141.5,CLIMB,78.21,55.84,7272.92,15.45,77.907,0.9404,6124.38,79.58,602.46,4.192,61.95,19.776,25.564,1.559,24.6,16.731,6116.57,79.53,603.33,4.163,61.83,19.841,25.521,1.585,24.567,16.587,LUBRICATION_DEGRADATION,1.0,1.0,1.0,0.3,1.0,0.0,0.0,0.0,0.0
141.6,CLIMB,78.2,55.83,7280.0,15.44,77.887,0.9402,6123.92,79.58,602.44,4.192,61.94,19.774,25.564,1.559,24.6,16.73,6127.95,80.2,601.83,4.255,61.83,19.658,25.616,1.519,24.619,16.794,LUBRICATION_DEGRADATION,1.0,1.0,1.0,0.3,1.0,0.0,0.0,0.0,0.0
141.7,CLIMB,78.19,55.82,7287.08,15.43,77.867,0.94,6123.46,79.57,602.43,4.192,61.93,19.773,25.564,1.559,24.6,16.729,6119.48,79.69,601.78,4.143,61.95,19.821,25.596,1.588,24.542,16.732,LUBRICATION_DEGRADATION,1.0,1.0,1.0,0.3,1.0,0.0,0.0,0.0,0.0
141.8,CLIMB,78.18,55.82,7294.17,15.41,77.847,0.9398,6123.0,79.57,602.41,4.192,61.92,19.771,25.564,1.559,24.6,16.728,6123.61,79.55,601.76,4.218,62.06,19.758,25.588,1.491,24.569,16.756,LUBRICATION_DEGRADATION,1.0,1.0,1.0,0.3,1.0,0.0,0.0,0.0,0.0
141.9,CLIMB,78.18,55.81,7301.25,15.4,77.827,0.9396,6122.54,79.57,602.4,4.192,61.9,19.77,25.564,1.559,24.6,16.726,6119.74,79.63,602.07,4.227,62.03,19.763,25.53,1.567,24.616,16.662,LUBRICATION_DEGRADATION,1.0,1.0,1.0,0.3,1.0,0.0,0.0,0.0,0.0
142.0,CLIMB,78.17,55.81,7308.33,15.38,77.807,0.9394,6122.08,79.57,602.38,4.192,61.89,19.769,25.563,1.559,24.6,16.725,6135.94,80.13,600.64,4.186,62.2,19.792,25.547,1.476,24.621,16.493,LUBRICATION_DEGRADATION,1.0,1.0,1.0,0.3,1.0,0.0,0.0,0.0,0.0
142.1,CLIMB,78.16,55.8,7315.42,15.37,77.787,0.9392,6121.62,79.57,602.37,4.192,61.88,19.767,25.563,1.559,24.6,16.724,6120.28,80.43,603.34,4.207,61.99,19.817,25.588,1.524,24.544,16.593,LUBRICATION_DEGRADATION,1.0,1.0,1.0,0.3,1.0,0.0,0.0,0.0,0.0
142.2,CLIMB,78.15,55.8,7322.5,15.36,77.767,0.939,6121.16,79.57,602.35,4.192,61.87,19.766,25.563,1.558,24.6,16.723,6121.98,79.74,600.92,4.198,62.05,19.922,25.536,1.483,24.585,16.64,LUBRICATION_DEGRADATION,1.0,1.0,1.0,0.3,1.0,0.0,0.0,0.0,0.0
142.3,CLIMB,78.14,55.79,7329.58,15.34,77.747,0.9388,6120.7,79.57,602.34,4.191,61.86,19.764,25.563,1.558,24.6,16.721,6116.26,79.46,602.42,4.194,62.17,19.746,25.59,1.583,24.651,16.717,LUBRICATION_DEGRADATION,1.0,1.0,1.0,0.3,1.0,0.0,0.0,0.0,0.0
142.4,CLIMB,78.13,55.79,7336.67,15.33,77.727,0.9387,6120.24,79.57,602.32,4.191,61.85,19.763,25.563,1.558,24.6,16.72,6119.27,79.3,601.55,4.166,61.43,19.889,25.652,1.597,24.605,16.659,LUBRICATION_DEGRADATION,1.0,1.0,1.0,0.3,1.0,0.0,0.0,0.0,0.0
142.5,CLIMB,78.13,55.78,7343.75,15.31,77.707,0.9385,6119.78,79.57,602.31,4.191,61.84,19.762,25.563,1.558,24.6,16.719,6116.52,79.24,604.57,4.157,62.24,19.82,25.513,1.578,24.586,16.719,LUBRICATION_DEGRADATION,1.0,1.0,1.0,0.3,1.0,0.0,0.0,0.0,0.0
142.6,CLIMB,78.12,55.78,7350.83,15.3,77.687,0.9383,6119.32,79.57,602.29,4.191,61.83,19.76,25.562,1.558,24.6,16.718,6120.43,79.9,603.46,4.241,62.08,19.508,25.596,1.591,24.64,16.599,LUBRICATION_DEGRADATION,1.0,1.0,1.0,0.3,1.0,0.0,0.0,0.0,0.0
142.7,CLIMB,78.11,55.77,7357.92,15.28,77.668,0.9381,6118.86,79.57,602.28,4.191,61.82,19.759,25.562,1.558,24.6,16.716,6109.4,79.99,601.6,4.178,62.28,19.789,25.492,1.542,24.539,16.589,LUBRICATION_DEGRADATION,1.0,1.0,1.0,0.3,1.0,0.0,0.0,0.0,0.0
142.8,CLIMB,78.1,55.77,7365.0,15.27,77.648,0.9379,6118.4,79.57,602.26,4.191,61.8,19.757,25.562,1.558,24.6,16.715,6115.63,79.99,601.29,4.188,61.58,19.915,25.584,1.603,24.575,16.69,LUBRICATION_DEGRADATION,1.0,1.0,1.0,0.3,1.0,0.0,0.0,0.0,0.0
142.9,CLIMB,78.09,55.76,7372.08,15.26,77.628,0.9377,6117.94,79.57,602.25,4.191,61.79,19.756,25.562,1.558,24.6,16.714,6121.94,79.39,602.42,4.227,62.25,19.732,25.512,1.526,24.558,16.581,LUBRICATION_DEGRADATION,1.0,1.0,1.0,0.3,1.0,0.0,0.0,0.0,0.0
143.0,CLIMB,78.08,55.75,7379.17,15.24,77.608,0.9375,6117.48,79.56,602.23,4.191,61.78,19.755,25.562,1.558,24.6,16.713,6118.04,79.17,602.72,4.185,61.77,19.779,25.512,1.589,24.625,16.641,LUBRICATION_DEGRADATION,1.0,1.0,1.0,0.3,1.0,0.0,0.0,0.0,0.0
143.1,CLIMB,78.08,55.75,7386.25,15.23,77.588,0.9373,6117.02,79.56,602.22,4.191,61.77,19.753,25.562,1.558,24.6,16.711,6126.09,79.42,602.17,4.253,61.94,19.793,25.653,1.531,24.538,16.598,LUBRICATION_DEGRADATION,1.0,1.0,1.0,0.3,1.0,0.0,0.0,0.0,0.0
143.2,CLIMB,78.07,55.74,7393.33,15.21,77.568,0.9371,6116.56,79.56,602.2,4.19,61.76,19.752,25.561,1.558,24.6,16.71,6116.53,79.96,601.37,4.182,62.01,19.676,25.6,1.519,24.673,16.613,LUBRICATION_DEGRADATION,1.0,1.0,1.0,0.3,1.0,0.0,0.0,0.0,0.0
143.3,CLIMB,78.06,55.74,7400.42,15.2,77.548,0.9369,6116.1,79.56,602.18,4.19,61.75,19.75,25.561,1.558,24.6,16.709,6113.17,80.08,601.83,4.24,61.62,19.841,25.522,1.554,24.549,16.667,LUBRICATION_DEGRADATION,1.0,1.0,1.0,0.3,1.0,0.0,0.0,0.0,0.0
143.4,CLIMB,78.05,55.73,7407.5,15.19,77.529,0.9367,6115.64,79.56,602.17,4.19,61.74,19.749,25.561,1.557,24.6,16.708,6106.19,79.69,603.19,4.176,61.93,19.683,25.645,1.536,24.67,16.668,LUBRICATION_DEGRADATION,1.0,1.0,1.0,0.3,1.0,0.0,0.0,0.0,0.0
143.5,CLIMB,78.04,55.73,7414.58,15.17,77.509,0.9365,6115.18,79.56,602.15,4.19,61.73,19.748,25.561,1.557,24.6,16.706,6116.24,78.7,603.59,4.151,61.58,19.839,25.324,1.603,24.579,16.878,LUBRICATION_DEGRADATION,1.0,1.0,1.0,0.3,1.0,0.0,0.0,0.0,0.0
143.6,CLIMB,78.03,55.72,7421.67,15.16,77.489,0.9363,6114.72,79.56,602.14,4.19,61.72,19.746,25.561,1.557,24.6,16.705,6115.1,80.13,601.33,4.19,61.31,19.801,25.554,1.555,24.655,16.774,LUBRICATION_DEGRADATION,1.0,1.0,1.0,0.3,1.0,0.0,0.0,0.0,0.0
143.7,CLIMB,78.03,55.72,7428.75,15.14,77.469,0.9361,6114.26,79.56,602.12,4.19,61.7,19.745,25.561,1.557,24.6,16.704,6116.83,78.71,601.31,4.171,61.13,19.916,25.6,1.573,24.579,16.624,LUBRICATION_DEGRADATION,1.0,1.0,1.0,0.3,1.0,0.0,0.0,0.0,0.0
143.8,CLIMB,78.02,55.71,7435.83,15.13,77.449,0.9359,6113.8,79.56,602.11,4.19,61.69,19.743,25.56,1.557,24.6,16.703,6121.7,79.85,602.16,4.223,61.74,19.792,25.628,1.531,24.695,16.564,LUBRICATION_DEGRADATION,1.0,1.0,1.0,0.3,1.0,0.0,0.0,0.0,0.0
143.9,CLIMB,78.01,55.71,7442.92,15.11,77.429,0.9357,6113.34,79.56,602.09,4.19,61.68,19.742,25.56,1.557,24.6,16.701,6113.26,79.07,601.18,4.168,61.13,19.832,25.547,1.538,24.518,16.646,LUBRICATION_DEGRADATION,1.0,1.0,1.0,0.3,1.0,0.0,0.0,0.0,0.0
144.0,CLIMB,78.0,55.7,7450.0,15.1,77.41,0.9356,6112.88,79.56,602.08,4.19,61.67,19.741,25.56,1.557,24.6,16.7,6111.9,78.95,603.78,4.185,61.9,19.792,25.524,1.462,24.642,17.016,LUBRICATION_DEGRADATION,1.0,1.0,1.0,0.3,1.0,0.0,0.0,0.0,0.0
144.1,CLIMB,77.99,55.69,7457.08,15.09,77.39,0.9354,6112.42,79.56,602.06,4.189,61.66,19.739,25.56,1.557,24.6,16.699,6118.63,80.13,604.37,4.193,61.13,19.683,25.524,1.508,24.514,16.614,LUBRICATION_DEGRADATION,1.0,1.0,1.0,0.3,1.0,0.0,0.0,0.0,0.0
144.2,CLIMB,77.98,55.69,7464.17,15.07,77.37,0.9352,6111.96,79.56,602.05,4.189,61.65,19.738,25.56,1.557,24.6,16.698,6112.1,79.74,599.51,4.254,61.74,19.724,25.482,1.53,24.56,16.651,LUBRICATION_DEGRADATION,1.0,1.0,1.0,0.3,1.0,0.0,0.0,0.0,0.0
144.3,CLIMB,77.98,55.68,7471.25,15.06,77.35,0.935,6111.5,79.55,602.03,4.189,61.64,19.736,25.56,1.557,24.6,16.696,6110.1,80.12,601.2,4.214,61.66,19.708,25.535,1.52,24.678,16.697,LUBRICATION_DEGRADATION,1.0,1.0,1.0,0.3,1.0,0.0,0.0,0.0,0.0
144.4,CLIMB,77.97,55.68,7478.33,15.04,77.33,0.9348,6111.04,79.55,602.02,4.189,61.63,19.735,25.559,1.557,24.6,16.695,6107.67,79.36,600.7,4.207,61.54,19.567,25.564,1.496,24.574,16.833,LUBRICATION_DEGRADATION,1.0,1.0,1.0,0.3,1.0,0.0,0.0,0.0,0.0
144.5,CLIMB,77.96,55.67,7485.42,15.03,77.311,0.9346,6110.59,79.55,602.0,4.189,61.62,19.734,25.559,1.556,24.6,16.694,6109.93,80.36,600.62,4.209,61.96,19.721,25.618,1.596,24.514,16.753,LUBRICATION_DEGRADATION,1.0,1.0,1.0,0.3,1.0,0.0,0.0,0.0,0.0
144.6,CLIMB,77.95,55.67,7492.5,15.02,77.291,0.9344,6110.13,79.55,601.99,4.189,61.6,19.732,25.559,1.556,24.6,16.693,6113.41,80.24,600.51,4.222,61.49,19.783,25.551,1.534,24.635,16.751,LUBRICATION_DEGRADATION,1.0,1.0,1.0,0.3,1.0,0.0,0.0,0.0,0.0
144.7,CLIMB,77.94,55.66,7499.58,15.0,77.271,0.9342,6109.67,79.55,601.97,4.189,61.59,19.731,25.559,1.556,24.6,16.691,6113.06,79.13,603.02,4.169,62.27,19.884,25.604,1.597,24.522,16.472,LUBRICATION_DEGRADATION,1.0,1.0,1.0,0.3,1.0,0.0,0.0,0.0,0.0
144.8,CLIMB,77.93,55.66,7506.67,14.99,77.251,0.934,6109.21,79.55,601.95,4.189,61.58,19.729,25.559,1.556,24.6,16.69,6112.15,80.21,599.63,4.163,61.29,19.663,25.541,1.565,24.688,16.772,LUBRICATION_DEGRADATION,1.0,1.0,1.0,0.3,1.0,0.0,0.0,0.0,0.0
144.9,CLIMB,77.93,55.65,7513.75,14.97,77.231,0.9338,6108.75,79.55,601.94,4.189,61.57,19.728,25.559,1.556,24.6,16.689,6101.96,79.09,603.48,4.155,61.6,19.809,25.519,1.54,24.576,16.733,LUBRICATION_DEGRADATION,1.0,1.0,1.0,0.3,1.0,0.0,0.0,0.0,0.0
145.0,CLIMB,77.92,55.65,7520.83,14.96,77.212,0.9336,6108.29,79.55,601.92,4.189,61.56,19.727,25.558,1.556,24.6,16.688,6114.9,79.87,601.53,4.167,61.54,19.805,25.57,1.611,24.637,16.856,LUBRICATION_DEGRADATION,1.0,1.0,1.0,0.3,1.0,0.0,0.0,0.0,0.0
145.1,CLIMB,77.91,55.64,7527.92,14.94,77.192,0.9334,6107.83,79.55,601.91,4.188,61.55,19.725,25.558,1.556,24.6,16.686,6114.19,80.0,601.18,4.18,61.51,19.72,25.581,1.578,24.551,16.829,LUBRICATION_DEGRADATION,1.0,1.0,1.0,0.3,1.0,0.0,0.0,0.0,0.0
145.2,CLIMB,77.9,55.64,7535.0,14.93,77.172,0.9332,6107.37,79.55,601.89,4.188,61.54,19.724,25.558,1.556,24.6,16.685,6104.03,79.83,602.92,4.158,61.69,19.701,25.485,1.426,24.595,16.584,LUBRICATION_DEGRADATION,1.0,1.0,1.0,0.3,1.0,0.0,0.0,0.0,0.0
145.3,CLIMB,77.89,55.63,7542.08,14.92,77.152,0.933,6106.91,79.55,601.88,4.188,61.53,19.722,25.558,1.556,24.6,16.684,6111.43,79.91,601.73,4.182,61.39,20.024,25.582,1.476,24.605,16.646,LUBRICATION_DEGRADATION,1.0,1.0,1.0,0.3,1.0,0.0,0.0,0.0,0.0
145.4,CLIMB,77.88,55.62,7549.17,14.9,77.133,0.9328,6106.45,79.55,601.86,4.188,61.51,19.721,25.558,1.556,24.6,16.683,6115.27,79.35,605.23,4.149,61.38,19.827,25.63,1.427,24.602,16.751,LUBRICATION_DEGRADATION,1.0,1.0,1.0,0.3,1.0,0.0,0.0,0.0,0.0
145.5,CLIMB,77.88,55.62,7556.25,14.89,77.113,0.9327,6105.99,79.55,601.85,4.188,61.5,19.72,25.558,1.556,24.6,16.681,6104.29,79.84,601.16,4.145,61.56,19.855,25.505,1.593,24.574,16.59,LUBRICATION_DEGRADATION,1.0,1.0,1.0,0.3,1.0,0.0,0.0,0.0,0.0
145.6,CLIMB,77.87,55.61,7563.33,14.87,77.093,0.9325,6105.53,79.54,601.83,4.188,61.49,19.718,25.557,1.555,24.6,16.68,6105.02,79.05,601.38,4.181,61.93,19.707,25.474,1.531,24.628,16.791,LUBRICATION_DEGRADATION,1.0,1.0,1.0,0.3,1.0,0.0,0.0,0.0,0.0
145.7,CLIMB,77.86,55.61,7570.42,14.86,77.073,0.9323,6105.07,79.54,601.82,4.188,61.48,19.717,25.557,1.555,24.6,16.679,6113.0,79.56,603.17,4.169,61.35,19.798,25.602,1.583,24.657,16.525,LUBRICATION_DEGRADATION,1.0,1.0,1.0,0.3,1.0,0.0,0.0,0.0,0.0
145.8,CLIMB,77.85,55.6,7577.5,14.85,77.054,0.9321,6104.62,79.54,601.8,4.188,61.47,19.715,25.557,1.555,24.6,16.678,6098.8,79.41,601.94,4.196,61.57,19.69,25.557,1.513,24.568,16.554,LUBRICATION_DEGRADATION,1.0,1.0,1.0,0.3,1.0,0.0,0.0,0.0,0.0
145.9,CLIMB,77.84,55.6,7584.58,14.83,77.034,0.9319,6104.16,79.54,601.79,4.188,61.46,19.714,25.557,1.555,24.6,16.676,6107.59,79.25,602.29,4.211,61.51,19.772,25.571,1.612,24.627,16.578,LUBRICATION_DEGRADATION,1.0,1.0,1.0,0.3,1.0,0.0,0.0,0.0,0.0
146.0,CLIMB,77.83,55.59,7591.67,14.82,77.014,0.9317,6103.7,79.54,601.77,4.187,61.45,19.713,25.557,1.555,24.6,16.675,6108.62,80.11,603.1,4.193,62.18,19.787,25.664,1.574,24.559,16.537,LUBRICATION_DEGRADATION,1.0,1.0,1.0,0.3,1.0,0.0,0.0,0.0,0.0
146.1,CLIMB,77.83,55.59,7598.75,14.8,76.995,0.9315,6103.24,79.54,601.76,4.187,61.44,19.711,25.557,1.555,24.6,16.674,6104.44,79.89,601.19,4.173,61.5,19.707,25.556,1.602,24.583,16.605,LUBRICATION_DEGRADATION,1.0,1.0,1.0,0.3,1.0,0.0,0.0,0.0,0.0
146.2,CLIMB,77.82,55.58,7605.83,14.79,76.975,0.9313,6102.78,79.54,601.74,4.187,61.42,19.71,25.556,1.555,24.6,16.673,6106.82,79.51,602.92,4.231,61.58,19.529,25.673,1.627,24.555,16.595,LUBRICATION_DEGRADATION,1.0,1.0,1.0,0.3,1.0,0.0,0.0,0.0,0.0
146.3,CLIMB,77.81,55.58,7612.92,14.77,76.955,0.9311,6102.32,79.54,601.72,4.187,61.41,19.708,25.556,1.555,24.6,16.671,6097.59,79.57,602.44,4.216,60.88,19.775,25.515,1.534,24.566,16.574,LUBRICATION_DEGRADATION,1.0,1.0,1.0,0.3,1.0,0.0,0.0,0.0,0.0
146.4,CLIMB,77.8,55.57,7620.0,14.76,76.935,0.9309,6101.86,79.54,601.71,4.187,61.4,19.707,25.556,1.555,24.6,16.67,6100.19,79.66,601.88,4.196,61.87,19.741,25.533,1.578,24.608,16.677,LUBRICATION_DEGRADATION,1.0,1.0,1.0,0.3,1.0,0.0,0.0,0.0,0.0
146.5,CLIMB,77.79,55.56,7627.08,14.75,76.916,0.9307,6101.4,79.54,601.69,4.187,61.39,19.706,25.556,1.555,24.6,16.669,6108.72,79.68,601.7,4.159,60.96,19.595,25.642,1.563,24.659,16.624,LUBRICATION_DEGRADATION,1.0,1.0,1.0,0.3,1.0,0.0,0.0,0.0,0.0
146.6,CLIMB,77.78,55.56,7634.17,14.73,76.896,0.9305,6100.94,79.54,601.68,4.187,61.38,19.704,25.556,1.555,24.6,16.668,6107.72,79.09,601.16,4.176,61.42,19.606,25.628,1.576,24.639,16.758,LUBRICATION_DEGRADATION,1.0,1.0,1.0,0.3,1.0,0.0,0.0,0.0,0.0
146.7,CLIMB,77.78,55.55,7641.25,14.72,76.876,0.9303,6100.48,79.54,601.66,4.187,61.37,19.703,25.556,1.554,24.6,16.666,6091.45,79.27,603.98,4.188,60.84,19.512,25.577,1.53,24.629,16.832,LUBRICATION_DEGRADATION,1.0,1.0,1.0,0.3,1.0,0.0,0.0,0.0,0.0
146.8,CLIMB,77.77,55.55,7648.33,14.7,76.857,0.9302,6100.03,79.54,601.65,4.187,61.36,19.701,25.555,1.554,24.6,16.665,6099.33,79.48,601.74,4.219,61.25,19.706,25.48,1.574,24.641,16.569,LUBRICATION_DEGRADATION,1.0,1.0,1.0,0.3,1.0,0.0,0.0,0.0,0.0
146.9,CLIMB,77.76,55.54,7655.42,14.69,76.837,0.93,6099.57,79.53,601.63,4.187,61.34,19.7,25.555,1.554,24.6,16.664,6100.3,79.36,602.68,4.158,61.29,19.745,25.582,1.496,24.703,16.712,LUBRICATION_DEGRADATION,1.0,1.0,1.0,0.3,1.0,0.0,0.0,0.0,0.0
147.0,CLIMB,77.75,55.54,7662.5,14.68,76.817,0.9298,6099.11,79.53,601.62,4.186,61.33,19.699,25.555,1.554,24.6,16.663,6088.05,79.57,599.8,4.166,60.55,19.733,25.525,1.508,24.561,16.355,LUBRICATION_DEGRADATION,1.0,1.0,1.0,0.3,1.0,0.0,0.0,0.0,0.0
147.1,CLIMB,77.74,55.53,7669.58,14.66,76.798,0.9296,6098.65,79.53,601.6,4.186,61.32,19.697,25.555,1.554,24.6,16.661,6099.83,79.07,603.66,4.191,61.07,19.574,25.459,1.546,24.672,16.52,LUBRICATION_DEGRADATION,1.0,1.0,1.0,0.3,1.0,0.0,0.0,0.0,0.0
147.2,CLIMB,77.73,55.53,7676.67,14.65,76.778,0.9294,6098.19,79.53,601.59,4.186,61.31,19.696,25.555,1.554,24.6,16.66,6100.96,79.16,602.14,4.171,60.77,19.736,25.536,1.565,24.571,16.686,LUBRICATION_DEGRADATION,1.0,1.0,1.0,0.3,1.0,0.0,0.0,0.0,0.0
147.3,CLIMB,77.73,55.52,7683.75,14.63,76.758,0.9292,6097.73,79.53,601.57,4.186,61.3,19.694,25.555,1.554,24.6,16.659,6098.88,78.76,600.56,4.154,61.51,19.961,25.546,1.522,24.543,16.75,LUBRICATION_DEGRADATION,1.0,1.0,1.0,0.3,1.0,0.0,0.0,0.0,0.0
147.4,CLIMB,77.72,55.52,7690.83,14.62,76.739,0.929,6097.27,79.53,601.56,4.186,61.29,19.693,25.554,1.554,24.6,16.658,6095.86,79.12,602.39,4.17,61.63,19.647,25.588,1.525,24.668,16.786,LUBRICATION_DEGRADATION,1.0,1.0,1.0,0.3,1.0,0.0,0.0,0.0,0.0
147.5,CLIMB,77.71,55.51,7697.92,14.6,76.719,0.9288,6096.82,79.53,601.54,4.186,61.28,19.692,25.554,1.554,24.6,16.656,6096.4,80.1,600.19,4.22,61.49,19.741,25.626,1.587,24.536,16.684,LUBRICATION_DEGRADATION,1.0,1.0,1.0,0.3,1.0,0.0,0.0,0.0,0.0
147.6,CLIMB,77.7,55.51,7705.0,14.59,76.7,0.9286,6096.36,79.53,601.53,4.186,61.27,19.69,25.554,1.554,24.6,16.655,6093.42,79.4,601.81,4.171,60.75,19.588,25.633,1.503,24.546,16.653,LUBRICATION_DEGRADATION,1.0,1.0,1.0,0.3,1.0,0.0,0.0,0.0,0.0
147.7,CLIMB,77.69,55.5,7712.08,14.58,76.68,0.9284,6095.9,79.53,601.51,4.186,61.25,19.689,25.554,1.554,24.6,16.654,6101.62,79.55,602.27,4.239,60.9,19.569,25.547,1.626,24.608,16.723,LUBRICATION_DEGRADATION,1.0,1.0,1.0,0.3,1.0,0.0,0.0,0.0,0.0
147.8,CLIMB,77.68,55.49,7719.17,14.56,76.66,0.9282,6095.44,79.53,601.49,4.186,61.24,19.687,25.554,1.553,24.6,16.653,6097.96,79.13,602.57,4.178,61.01,19.671,25.509,1.634,24.61,16.675,LUBRICATION_DEGRADATION,1.0,1.0,1.0,0.3,1.0,0.0,0.0,0.0,0.0
147.9,CLIMB,77.68,55.49,7726.25,14.55,76.641,0.928,6094.98,79.53,601.48,4.185,61.23,19.686,25.554,1.553,24.6,16.651,6104.69,79.65,602.69,4.138,61.37,19.744,25.476,1.482,24.603,16.715,LUBRICATION_DEGRADATION,1.0,1.0,1.0,0.3,1.0,0.0,0.0,0.0,0.0
148.0,CLIMB,77.67,55.48,7733.33,14.53,76.621,0.9278,6094.52,79.53,601.46,4.185,61.22,19.684,25.553,1.553,24.6,16.65,6094.76,79.37,603.06,4.15,60.89,19.645,25.581,1.487,24.635,16.483,LUBRICATION_DEGRADATION,1.0,1.0,1.0,0.3,1.0,0.0,0.0,0.0,0.0
148.1,CLIMB,77.66,55.48,7740.42,14.52,76.601,0.9277,6094.06,79.53,601.45,4.185,61.21,19.683,25.553,1.553,24.6,16.649,6085.94,79.81,602.06,4.204,60.87,19.548,25.575,1.487,24.582,16.586,LUBRICATION_DEGRADATION,1.0,1.0,1.0,0.3,1.0,0.0,0.0,0.0,0.0
148.2,CLIMB,77.65,55.47,7747.5,14.51,76.582,0.9275,6093.61,79.52,601.43,4.185,61.2,19.682,25.553,1.553,24.6,16.648,6087.19,79.59,601.2,4.198,61.23,19.65,25.563,1.546,24.688,16.696,LUBRICATION_DEGRADATION,1.0,1.0,1.0,0.3,1.0,0.0,0.0,0.0,0.0
148.3,CLIMB,77.64,55.47,7754.58,14.49,76.562,0.9273,6093.15,79.52,601.42,4.185,61.19,19.68,25.553,1.553,24.6,16.646,6092.42,78.6,598.74,4.102,61.06,19.675,25.558,1.501,24.583,16.9,LUBRICATION_DEGRADATION,1.0,1.0,1.0,0.3,1.0,0.0,0.0,0.0,0.0
148.4,CLIMB,77.63,55.46,7761.67,14.48,76.543,0.9271,6092.69,79.52,601.4,4.185,61.17,19.679,25.553,1.553,24.6,16.645,6097.68,79.1,601.82,4.183,61.21,19.714,25.536,1.571,24.691,16.587,LUBRICATION_DEGRADATION,1.0,1.0,1.0,0.3,1.0,0.0,0.0,0.0,0.0
148.5,CLIMB,77.63,55.46,7768.75,14.46,76.523,0.9269,6092.23,79.52,601.39,4.185,61.16,19.677,25.553,1.553,24.6,16.644,6094.31,79.87,602.05,4.152,61.36,19.659,25.581,1.572,24.561,16.628,LUBRICATION_DEGRADATION,1.0,1.0,1.0,0.3,1.0,0.0,0.0,0.0,0.0
148.6,CLIMB,77.62,55.45,7775.83,14.45,76.503,0.9267,6091.77,79.52,601.37,4.185,61.15,19.676,25.552,1.553,24.6,16.643,6097.33,79.38,600.32,4.177,61.56,19.692,25.564,1.544,24.64,16.627,LUBRICATION_DEGRADATION,1.0,1.0,1.0,0.3,1.0,0.0,0.0,0.0,0.0
148.7,CLIMB,77.61,55.45,7782.92,14.43,76.484,0.9265,6091.31,79.52,601.36,4.185,61.14,19.675,25.552,1.553,24.6,16.641,6091.05,79.43,600.03,4.23,62.06,19.518,25.566,1.404,24.586,16.532,LUBRICATION_DEGRADATION,1.0,1.0,1.0,0.3,1.0,0.0,0.0,0.0,0.0
148.8,CLIMB,77.6,55.44,7790.0,14.42,76.464,0.9263,6090.86,79.52,601.34,4.185,61.13,19.673,25.552,1.553,24.6,16.64,6090.71,79.56,602.87,4.218,61.2,19.681,25.516,1.538,24.648,16.706,LUBRICATION_DEGRADATION,1.0,1.0,1.0,0.3,1.0,0.0,0.0,0.0,0.0
148.9,CLIMB,77.59,55.43,7797.08,14.41,76.445,0.9261,6090.4,79.52,601.33,4.184,61.12,19.672,25.552,1.553,24.6,16.639,6086.01,79.72,600.09,4.225,60.86,19.565,25.621,1.458,24.59,16.607,LUBRICATION_DEGRADATION,1.0,1.0,1.0,0.3,1.0,0.0,0.0,0.0,0.0
149.0,CLIMB,77.58,55.43,7804.17,14.39,76.425,0.9259,6089.94,79.52,601.31,4.184,61.11,19.67,25.552,1.552,24.6,16.638,6094.95,79.12,603.05,4.204,61.06,19.769,25.615,1.603,24.603,16.703,LUBRICATION_DEGRADATION,1.0,1.0,1.0,0.3,1.0,0.0,0.0,0.0,0.0
149.1,CLIMB,77.58,55.42,7811.25,14.38,76.406,0.9257,6089.48,79.52,601.3,4.184,61.09,19.669,25.552,1.552,24.6,16.636,6085.89,79.04,598.89,4.241,61.01,19.571,25.417,1.48,24.654,16.508,LUBRICATION_DEGRADATION,1.0,1.0,1.0,0.3,1.0,0.0,0.0,0.0,0.0
149.2,CLIMB,77.57,55.42,7818.33,14.36,76.386,0.9255,6089.02,79.52,601.28,4.184,61.08,19.668,25.551,1.552,24.6,16.635,6089.98,79.38,600.28,4.196,60.75,19.857,25.616,1.566,24.609,16.681,LUBRICATION_DEGRADATION,1.0,1.0,1.0,0.3,1.0,0.0,0.0,0.0,0.0
149.3,CLIMB,77.56,55.41,7825.42,14.35,76.366,0.9254,6088.56,79.52,601.26,4.184,61.07,19.666,25.551,1.552,24.6,16.634,6087.74,78.63,601.72,4.182,61.09,19.77,25.499,1.593,24.587,16.664,LUBRICATION_DEGRADATION,1.0,1.0,1.0,0.3,1.0,0.0,0.0,0.0,0.0
149.4,CLIMB,77.55,55.41,7832.5,14.34,76.347,0.9252,6088.11,79.51,601.25,4.184,61.06,19.665,25.551,1.552,24.6,16.633,6075.85,79.26,602.43,4.167,60.84,19.716,25.515,1.58,24.617,16.676,LUBRICATION_DEGRADATION,1.0,1.0,1.0,0.3,1.0,0.0,0.0,0.0,0.0
149.5,CLIMB,77.54,55.4,7839.58,14.32,76.327,0.925,6087.65,79.51,601.23,4.184,61.05,19.663,25.551,1.552,24.6,16.631,6091.85,79.2,603.41,4.189,61.07,19.671,25.63,1.437,24.653,16.736,LUBRICATION_DEGRADATION,1.0,1.0,1.0,0.3,1.0,0.0,0.0,0.0,0.0
149.6,CLIMB,77.53,55.4,7846.67,14.31,76.308,0.9248,6087.19,79.51,601.22,4.184,61.04,19.662,25.551,1.552,24.6,16.63,6089.07,79.09,599.58,4.175,60.86,19.901,25.551,1.513,24.655,16.628,LUBRICATION_DEGRADATION,1.0,1.0,1.0,0.3,1.0,0.0,0.0,0.0,0.0
149.7,CLIMB,77.53,55.39,7853.75,14.29,76.288,0.9246,6086.73,79.51,601.2,4.184,61.03,19.661,25.551,1.552,24.6,16.629,6078.04,79.79,600.38,4.147,61.35,19.648,25.624,1.522,24.596,16.694,LUBRICATION_DEGRADATION,1.0,1.0,1.0,0.3,1.0,0.0,0.0,0.0,0.0
149.8,CLIMB,77.52,55.39,7860.83,14.28,76.269,0.9244,6086.27,79.51,601.19,4.183,61.01,19.659,25.55,1.552,24.6,16.628,6088.06,79.65,599.06,4.144,61.32,19.659,25.498,1.582,24.684,16.454,LUBRICATION_DEGRADATION,1.0,1.0,1.0,0.3,1.0,0.0,0.0,0.0,0.0
149.9,CLIMB,77.51,55.38,7867.92,14.26,76.249,0.9242,6085.82,79.51,601.17,4.183,61.0,19.658,25.55,1.552,24.6,16.626,6091.17,79.07,599.97,4.189,60.6,19.646,25.618,1.54,24.614,16.517,LUBRICATION_DEGRADATION,1.0,1.0,1.0,0.3,1.0,0.0,0.0,0.0,0.0
150.0,CLIMB,77.5,55.38,7875.0,14.25,76.23,0.924,6085.36,79.51,601.16,4.183,60.99,19.656,25.55,1.552,24.6,16.625,6079.46,80.16,602.16,4.197,61.27,19.777,25.6,1.582,24.566,16.613,LUBRICATION_DEGRADATION,1.0,1.0,1.0,0.3,1.0,0.0,0.0,0.0,0.0
150.1,CLIMB,77.49,55.37,7882.08,14.24,76.21,0.9238,6084.9,79.51,601.14,4.183,60.98,19.655,25.55,1.551,24.6,16.624,6096.1,79.45,600.7,4.167,60.72,19.535,25.611,1.5,24.703,16.61,LUBRICATION_DEGRADATION,1.0,1.0,1.0,0.3,1.0,0.0,0.0,0.0,0.0
150.2,CLIMB,77.48,55.36,7889.17,14.22,76.191,0.9236,6084.44,79.51,601.13,4.183,60.97,19.654,25.55,1.551,24.6,16.623,6085.23,78.71,600.42,4.181,60.93,19.788,25.517,1.684,24.63,16.437,LUBRICATION_DEGRADATION,1.0,1.0,1.0,0.3,1.0,0.0,0.0,0.0,0.0
150.3,CLIMB,77.48,55.36,7896.25,14.21,76.171,0.9234,6083.98,79.51,601.11,4.183,60.96,19.652,25.55,1.551,24.6,16.621,6083.79,78.94,598.14,4.24,60.42,19.565,25.513,1.613,24.615,16.731,LUBRICATION_DEGRADATION,1.0,1.0,1.0,0.3,1.0,0.0,0.0,0.0,0.0
150.4,CLIMB,77.47,55.35,7903.33,14.19,76.152,0.9233,6083.53,79.51,601.1,4.183,60.94,19.651,25.549,1.551,24.6,16.62,6082.63,79.19,601.75,4.165,60.73,19.594,25.555,1.554,24.666,16.401,LUBRICATION_DEGRADATION,1.0,1.0,1.0,0.3,1.0,0.0,0.0,0.0,0.0
150.5,CLIMB,77.46,55.35,7910.42,14.18,76.132,0.9231,6083.07,79.51,601.08,4.183,60.93,19.649,25.549,1.551,24.6,16.619,6076.26,80.32,601.97,4.133,61.07,19.678,25.465,1.534,24.619,16.578,LUBRICATION_DEGRADATION,1.0,1.0,1.0,0.3,1.0,0.0,0.0,0.0,0.0
150.6,CLIMB,77.45,55.34,7917.5,14.17,76.113,0.9229,6082.61,79.51,601.06,4.183,60.92,19.648,25.549,1.551,24.6,16.618,6091.61,78.93,599.81,4.227,60.59,19.615,25.464,1.555,24.615,16.578,LUBRICATION_DEGRADATION,1.0,1.0,1.0,0.3,1.0,0.0,0.0,0.0,0.0
150.7,CLIMB,77.44,55.34,7924.58,14.15,76.093,0.9227,6082.15,79.5,601.05,4.183,60.91,19.647,25.549,1.551,24.6,16.616,6084.38,79.71,599.66,4.214,60.79,19.554,25.517,1.427,24.533,16.535,LUBRICATION_DEGRADATION,1.0,1.0,1.0,0.3,1.0,0.0,0.0,0.0,0.0
150.8,CLIMB,77.43,55.33,7931.67,14.14,76.074,0.9225,6081.69,79.5,601.03,4.182,60.9,19.645,25.549,1.551,24.6,16.615,6088.62,79.87,601.76,4.154,61.08,19.47,25.511,1.498,24.63,16.512,LUBRICATION_DEGRADATION,1.0,1.0,1.0,0.3,1.0,0.0,0.0,0.0,0.0
150.9,CLIMB,77.43,55.33,7938.75,14.12,76.054,0.9223,6081.24,79.5,601.02,4.182,60.89,19.644,25.549,1.551,24.6,16.614,6070.66,79.08,601.84,4.21,61.06,19.654,25.609,1.502,24.557,16.602,LUBRICATION_DEGRADATION,1.0,1.0,1.0,0.3,1.0,0.0,0.0,0.0,0.0
151.0,CLIMB,77.42,55.32,7945.83,14.11,76.035,0.9221,6080.78,79.5,601.0,4.182,60.88,19.642,25.548,1.551,24.6,16.613,6071.66,80.26,601.65,4.198,61.13,19.67,25.511,1.518,24.579,16.68,LUBRICATION_DEGRADATION,1.0,1.0,1.0,0.3,1.0,0.0,0.0,0.0,0.0
151.1,CLIMB,77.41,55.32,7952.92,14.09,76.015,0.9219,6080.32,79.5,600.99,4.182,60.86,19.641,25.548,1.551,24.6,16.611,6076.92,79.2,602.53,4.117,60.51,19.539,25.542,1.499,24.553,16.807,LUBRICATION_DEGRADATION,1.0,1.0,1.0,0.3,1.0,0.0,0.0,0.0,0.0
151.2,CLIMB,77.4,55.31,7960.0,14.08,75.996,0.9217,6079.86,79.5,600.97,4.182,60.85,19.64,25.548,1.55,24.6,16.61,6083.23,78.16,601.32,4.214,60.97,19.679,25.56,1.546,24.603,16.461,LUBRICATION_DEGRADATION,1.0,1.0,1.0,0.3,1.0,0.0,0.0,0.0,0.0
151.3,CLIMB,77.39,55.3,7967.08,14.07,75.977,0.9215,6079.41,79.5,600.96,4.182,60.84,19.638,25.548,1.55,24.6,16.609,6079.36,79.45,599.2,4.199,60.6,19.524,25.616,1.541,24.561,16.617,LUBRICATION_DEGRADATION,1.0,1.0,1.0,0.3,1.0,0.0,0.0,0.0,0.0
151.4,CLIMB,77.38,55.3,7974.17,14.05,75.957,0.9213,6078.95,79.5,600.94,4.182,60.83,19.637,25.548,1.55,24.6,16.608,6077.14,79.82,598.89,4.184,60.3,19.694,25.52,1.58,24.606,16.532,LUBRICATION_DEGRADATION,1.0,1.0,1.0,0.3,1.0,0.0,0.0,0.0,0.0
151.5,CLIMB,77.38,55.29,7981.25,14.04,75.938,0.9212,6078.49,79.5,600.93,4.182,60.82,19.635,25.548,1.55,24.6,16.606,6084.05,79.86,604.25,4.209,61.2,19.701,25.512,1.569,24.549,16.681,LUBRICATION_DEGRADATION,1.0,1.0,1.0,0.3,1.0,0.0,0.0,0.0,0.0
151.6,CLIMB,77.37,55.29,7988.33,14.02,75.918,0.921,6078.03,79.5,600.91,4.182,60.81,19.634,25.547,1.55,24.6,16.605,6076.71,79.84,600.19,4.139,61.17,19.676,25.521,1.522,24.533,16.504,LUBRICATION_DEGRADATION,1.0,1.0,1.0,0.3,1.0,0.0,0.0,0.0,0.0
151.7,CLIMB,77.36,55.28,7995.42,14.01,75.899,0.9208,6077.57,79.5,600.9,4.182,60.8,19.633,25.547,1.55,24.6,16.604,6078.99,79.11,600.84,4.179,60.82,19.588,25.538,1.587,24.485,16.603,LUBRICATION_DEGRADATION,1.0,1.0,1.0,0.3,1.0,0.0,0.0,0.0,0.0
151.8,CLIMB,77.35,55.28,8002.5,14.0,75.879,0.9206,6077.12,79.5,600.88,4.181,60.78,19.631,25.547,1.55,24.6,16.603,6076.85,79.66,598.83,4.177,61.01,19.653,25.587,1.473,24.554,16.59,LUBRICATION_DEGRADATION,1.0,1.0,1.0,0.3,1.0,0.0,0.0,0.0,0.0
151.9,CLIMB,77.34,55.27,8009.58,13.98,75.86,0.9204,6076.66,79.49,600.86,4.181,60.77,19.63,25.547,1.55,24.6,16.601,6074.45,80.34,601.27,4.182,60.47,19.739,25.445,1.619,24.596,16.574,LUBRICATION_DEGRADATION,1.0,1.0,1.0,0.3,1.0,0.0,0.0,0.0,0.0
152.0,CLIMB,77.33,55.27,8016.67,13.97,75.841,0.9202,6076.2,79.49,600.85,4.181,60.76,19.628,25.547,1.55,24.6,16.6,6076.21,79.58,601.63,4.175,61.29,19.417,25.536,1.485,24.633,16.607,LUBRICATION_DEGRADATION,1.0,1.0,1.0,0.3,1.0,0.0,0.0,0.0,0.0
152.1,CLIMB,77.33,55.26,8023.75,13.95,75.821,0.92,6075.74,79.49,600.83,4.181,60.75,19.627,25.547,1.55,24.6,16.599,6076.77,79.04,601.73,4.19,60.75,19.822,25.641,1.558,24.69,16.554,LUBRICATION_DEGRADATION,1.0,1.0,1.0,0.3,1.0,0.0,0.0,0.0,0.0
152.2,CLIMB,77.32,55.26,8030.83,13.94,75.802,0.9198,6075.29,79.49,600.82,4.181,60.74,19.625,25.546,1.55,24.6,16.598,6079.71,79.32,601.51,4.236,60.48,19.683,25.555,1.582,24.559,16.746,LUBRICATION_DEGRADATION,1.0,1.0,1.0,0.3,1.0,0.0,0.0,0.0,0.0
152.3,CLIMB,77.31,55.25,8037.92,13.92,75.782,0.9196,6074.83,79.49,600.8,4.181,60.73,19.624,25.546,1.549,24.6,16.596,6083.64,79.51,601.01,4.152,60.84,19.664,25.593,1.506,24.619,16.622,LUBRICATION_DEGRADATION,1.0,1.0,1.0,0.3,1.0,0.0,0.0,0.0,0.0
152.4,CLIMB,77.3,55.25,8045.0,13.91,75.763,0.9194,6074.37,79.49,600.79,4.181,60.71,19.623,25.546,1.549,24.6,16.595,6073.37,79.0,603.4,4.195,60.44,19.514,25.59,1.548,24.633,16.474,LUBRICATION_DEGRADATION,1.0,1.0,1.0,0.3,1.0,0.0,0.0,0.0,0.0
152.5,CLIMB,77.29,55.24,8052.08,13.9,75.744,0.9193,6073.91,79.49,600.77,4.181,60.7,19.621,25.546,1.549,24.6,16.594,6067.21,79.62,603.53,4.175,60.48,19.85,25.476,1.561,24.618,16.629,LUBRICATION_DEGRADATION,1.0,1.0,1.0,0.3,1.0,0.0,0.0,0.0,0.0
152.6,CLIMB,77.28,55.23,8059.17,13.88,75.724,0.9191,6073.46,79.49,600.76,4.181,60.69,19.62,25.546,1.549,24.6,16.593,6073.33,80.29,599.52,4.144,60.31,19.626,25.469,1.525,24.576,16.601,LUBRICATION_DEGRADATION,1.0,1.0,1.0,0.3,1.0,0.0,0.0,0.0,0.0
152.7,CLIMB,77.28,55.23,8066.25,13.87,75.705,0.9189,6073.0,79.49,600.74,4.18,60.68,19.618,25.546,1.549,24.6,16.591,6065.69,78.76,600.09,4.157,60.85,19.653,25.546,1.458,24.574,16.719,LUBRICATION_DEGRADATION,1.0,1.0,1.0,0.3,1.0,0.0,0.0,0.0,0.0
152.8,CLIMB,77.27,55.22,8073.33,13.85,75.685,0.9187,6072.54,79.49,600.73,4.18,60.67,19.617,25.545,1.549,24.6,16.59,6076.12,78.65,602.55,4.178,60.5,19.679,25.616,1.539,24.479,16.622,LUBRICATION_DEGRADATION,1.0,1.0,1.0,0.3,1.0,0.0,0.0,0.0,0.0
152.9,CLIMB,77.26,55.22,8080.42,13.84,75.666,0.9185,6072.09,79.49,600.71,4.18,60.66,19.616,25.545,1.549,24.6,16.589,6070.33,79.97,602.74,4.159,60.31,19.446,25.504,1.618,24.621,16.603,LUBRICATION_DEGRADATION,1.0,1.0,1.0,0.3,1.0,0.0,0.0,0.0,0.0
153.0,CLIMB,77.25,55.21,8087.5,13.83,75.647,0.9183,6071.63,79.49,600.7,4.18,60.64,19.614,25.545,1.549,24.6,16.588,6066.44,79.58,599.93,4.155,60.36,19.725,25.471,1.637,24.567,16.412,LUBRICATION_DEGRADATION,1.0,1.0,1.0,0.3,1.0,0.0,0.0,0.0,0.0
153.1,CLIMB,77.24,55.21,8094.58,13.81,75.627,0.9181,6071.17,79.49,600.68,4.18,60.63,19.613,25.545,1.549,24.6,16.586,6066.38,79.67,601.92,4.155,60.55,19.562,25.564,1.548,24.648,16.657,LUBRICATION_DEGRADATION,1.0,1.0,1.0,0.3,1.0,0.0,0.0,0.0,0.0
153.2,CLIMB,77.23,55.2,8101.67,13.8,75.608,0.9179,6070.71,79.48,600.66,4.18,60.62,19.611,25.545,1.549,24.6,16.585,6075.28,79.31,601.51,4.227,60.51,19.522,25.455,1.582,24.661,16.462,LUBRICATION_DEGRADATION,1.0,1.0,1.0,0.3,1.0,0.0,0.0,0.0,0.0
153.3,CLIMB,77.23,55.2,8108.75,13.78,75.589,0.9177,6070.26,79.48,600.65,4.18,60.61,19.61,25.545,1.549,24.6,16.584,6073.54,78.97,600.67,4.213,61.07,19.646,25.586,1.499,24.564,16.689,LUBRICATION_DEGRADATION,1.0,1.0,1.0,0.3,1.0,0.0,0.0,0.0,0.0
153.4,CLIMB,77.22,55.19,8115.83,13.77,75.569,0.9175,6069.8,79.48,600.63,4.18,60.6,19.609,25.544,1.549,24.6,16.583,6074.08,78.91,600.99,4.235,60.94,19.629,25.616,1.56,24.549,16.501,LUBRICATION_DEGRADATION,1.0,1.0,1.0,0.3,1.0,0.0,0.0,0.0,0.0
153.5,CLIMB,77.21,55.19,8122.92,13.75,75.55,0.9174,6069.34,79.48,600.62,4.18,60.59,19.607,25.544,1.548,24.6,16.581,6070.76,79.49,598.39,4.22,60.75,19.817,25.592,1.568,24.456,16.458,LUBRICATION_DEGRADATION,1.0,1.0,1.0,0.3,1.0,0.0,0.0,0.0,0.0
153.6,CLIMB,77.2,55.18,8130.0,13.74,75.531,0.9172,6068.88,79.48,600.6,4.18,60.57,19.606,25.544,1.548,24.6,16.58,6067.09,80.41,603.23,4.196,60.72,19.556,25.571,1.458,24.547,16.504,LUBRICATION_DEGRADATION,1.0,1.0,1.0,0.3,1.0,0.0,0.0,0.0,0.0
153.7,CLIMB,77.19,55.17,8137.08,13.73,75.511,0.917,6068.43,79.48,600.59,4.179,60.56,19.604,25.544,1.548,24.6,16.579,6084.0,79.57,602.16,4.177,60.28,19.587,25.486,1.586,24.564,16.421,LUBRICATION_DEGRADATION,1.0,1.0,1.0,0.3,1.0,0.0,0.0,0.0,0.0
153.8,CLIMB,77.18,55.17,8144.17,13.71,75.492,0.9168,6067.97,79.48,600.57,4.179,60.55,19.603,25.544,1.548,24.6,16.578,6065.68,78.96,604.09,4.171,60.96,19.477,25.61,1.599,24.645,16.571,LUBRICATION_DEGRADATION,1.0,1.0,1.0,0.3,1.0,0.0,0.0,0.0,0.0
153.9,CLIMB,77.18,55.16,8151.25,13.7,75.473,0.9166,6067.51,79.48,600.56,4.179,60.54,19.602,25.544,1.548,24.6,16.576,6063.76,79.56,600.55,4.158,60.85,19.517,25.52,1.572,24.622,16.421,LUBRICATION_DEGRADATION,1.0,1.0,1.0,0.3,1.0,0.0,0.0,0.0,0.0
154.0,CLIMB,77.17,55.16,8158.33,13.68,75.453,0.9164,6067.06,79.48,600.54,4.179,60.53,19.6,25.543,1.548,24.6,16.575,6066.46,78.5,599.56,4.185,60.51,19.647,25.564,1.521,24.599,16.548,LUBRICATION_DEGRADATION,1.0,1.0,1.0,0.3,1.0,0.0,0.0,0.0,0.0
154.1,CLIMB,77.16,55.15,8165.42,13.67,75.434,0.9162,6066.6,79.48,600.53,4.179,60.52,19.599,25.543,1.548,24.6,16.574,6063.07,79.36,600.7,4.13,60.17,19.646,25.509,1.536,24.616,16.596,LUBRICATION_DEGRADATION,1.0,1.0,1.0,0.3,1.0,0.0,0.0,0.0,0.0
154.2,CLIMB,77.15,55.15,8172.5,13.66,75.415,0.916,6066.14,79.48,600.51,4.179,60.5,19.597,25.543,1.548,24.6,16.573,6075.61,79.29,602.34,4.199,60.39,19.632,25.626,1.556,24.622,16.767,LUBRICATION_DEGRADATION,1.0,1.0,1.0,0.3,1.0,0.0,0.0,0.0,0.0
154.3,CLIMB,77.14,55.14,8179.58,13.64,75.395,0.9158,6065.69,79.48,600.5,4.179,60.49,19.596,25.543,1.548,24.6,16.571,6065.13,78.97,602.37,4.131,59.97,19.684,25.503,1.548,24.658,16.446,LUBRICATION_DEGRADATION,1.0,1.0,1.0,0.3,1.0,0.0,0.0,0.0,0.0
154.4,CLIMB,77.13,55.14,8186.67,13.63,75.376,0.9157,6065.23,79.47,600.48,4.179,60.48,19.595,25.543,1.548,24.6,16.57,6075.51,79.56,597.57,4.191,60.88,19.607,25.443,1.537,24.637,16.496,LUBRICATION_DEGRADATION,1.0,1.0,1.0,0.3,1.0,0.0,0.0,0.0,0.0
154.5,CLIMB,77.13,55.13,8193.75,13.61,75.357,0.9155,6064.77,79.47,600.46,4.179,60.47,19.593,25.543,1.548,24.6,16.569,6067.4,79.1,601.19,4.218,60.14,19.644,25.59,1.561,24.493,16.456,LUBRICATION_DEGRADATION,1.0,1.0,1.0,0.3,1.0,0.0,0.0,0.0,0.0
154.6,CLIMB,77.12,55.13,8200.83,13.6,75.337,0.9153,6064.31,79.47,600.45,4.179,60.46,19.592,25.542,1.547,24.6,16.568,6065.17,79.86,601.29,4.175,61.12,19.492,25.487,1.504,24.623,16.449,LUBRICATION_DEGRADATION,1.0,1.0,1.0,0.3,1.0,0.0,0.0,0.0,0.0
154.7,CLIMB,77.11,55.12,8207.92,13.58,75.318,0.9151,6063.86,79.47,600.43,4.178,60.45,19.59,25.542,1.547,24.6,16.566,6062.93,79.22,598.88,4.203,60.35,19.629,25.563,1.519,24.57,16.675,LUBRICATION_DEGRADATION,1.0,1.0,1.0,0.3,1.0,0.0,0.0,0.0,0.0
154.8,CLIMB,77.1,55.12,8215.0,13.57,75.299,0.9149,6063.4,79.47,600.42,4.178,60.43,19.589,25.542,1.547,24.6,16.565,6063.33,79.33,599.96,4.123,60.19,19.588,25.505,1.609,24.555,16.492,LUBRICATION_DEGRADATION,1.0,1.0,1.0,0.3,1.0,0.0,0.0,0.0,0.0
154.9,CLIMB,77.09,55.11,8222.08,13.56,75.28,0.9147,6062.94,79.47,600.4,4.178,60.42,19.587,25.542,1.547,24.6,16.564,6056.18,78.8,597.86,4.193,60.7,19.441,25.598,1.547,24.712,16.56,LUBRICATION_DEGRADATION,1.0,1.0,1.0,0.3,1.0,0.0,0.0,0.0,0.0
155.0,CLIMB,77.08,55.1,8229.17,13.54,75.26,0.9145,6062.49,79.47,600.39,4.178,60.41,19.586,25.542,1.547,24.6,16.563,6058.01,79.07,599.46,4.195,60.54,19.623,25.495,1.56,24.571,16.627,LUBRICATION_DEGRADATION,1.0,1.0,1.0,0.3,1.0,0.0,0.0,0.0,0.0
155.1,CLIMB,77.08,55.1,8236.25,13.53,75.241,0.9143,6062.03,79.47,600.37,4.178,60.4,19.585,25.542,1.547,24.6,16.561,6071.37,79.83,601.48,4.21,60.97,19.681,25.577,1.537,24.622,16.487,LUBRICATION_DEGRADATION,1.0,1.0,1.0,0.3,1.0,0.0,0.0,0.0,0.0
155.2,CLIMB,77.07,55.09,8243.33,13.51,75.222,0.9141,6061.57,79.47,600.36,4.178,60.39,19.583,25.541,1.547,24.6,16.56,6058.52,80.5,600.53,4.191,60.37,19.601,25.662,1.49,24.563,16.302,LUBRICATION_DEGRADATION,1.0,1.0,1.0,0.3,1.0,0.0,0.0,0.0,0.0
155.3,CLIMB,77.06,55.09,8250.42,13.5,75.203,0.914,6061.12,79.47,600.34,4.178,60.38,19.582,25.541,1.547,24.6,16.559,6054.6,78.83,600.06,4.121,60.61,19.505,25.512,1.482,24.567,16.654,LUBRICATION_DEGRADATION,1.0,1.0,1.0,0.3,1.0,0.0,0.0,0.0,0.0
155.4,CLIMB,77.05,55.08,8257.5,13.49,75.183,0.9138,6060.66,79.47,600.33,4.178,60.36,19.58,25.541,1.547,24.6,16.558,6056.8,79.58,599.34,4.201,60.75,19.647,25.604,1.523,24.638,16.471,LUBRICATION_DEGRADATION,1.0,1.0,1.0,0.3,1.0,0.0,0.0,0.0,0.0
155.5,CLIMB,77.04,55.08,8264.58,13.47,75.164,0.9136,6060.2,79.47,600.31,4.178,60.35,19.579,25.541,1.547,24.6,16.556,6064.03,79.4,599.48,4.182,60.66,19.484,25.462,1.613,24.637,16.498,LUBRICATION_DEGRADATION,1.0,1.0,1.0,0.3,1.0,0.0,0.0,0.0,0.0
155.6,CLIMB,77.03,55.07,8271.67,13.46,75.145,0.9134,6059.75,79.46,600.29,4.177,60.34,19.578,25.541,1.547,24.6,16.555,6063.24,79.63,604.45,4.146,60.2,19.595,25.518,1.548,24.624,16.589,LUBRICATION_DEGRADATION,1.0,1.0,1.0,0.3,1.0,0.0,0.0,0.0,0.0
155.7,CLIMB,77.03,55.07,8278.75,13.44,75.126,0.9132,6059.29,79.46,600.28,4.177,60.33,19.576,25.541,1.546,24.6,16.554,6063.44,79.97,597.91,4.131,59.64,19.733,25.585,1.6,24.578,16.38,LUBRICATION_DEGRADATION,1.0,1.0,1.0,0.3,1.0,0.0,0.0,0.0,0.0
155.8,CLIMB,77.02,55.06,8285.83,13.43,75.106,0.913,6058.83,79.46,600.26,4.177,60.32,19.575,25.54,1.546,24.6,16.553,6059.44,79.35,598.42,4.162,60.11,19.572,25.505,1.509,24.737,16.506,LUBRICATION_DEGRADATION,1.0,1.0,1.0,0.3,1.0,0.0,0.0,0.0,0.0
155.9,CLIMB,77.01,55.06,8292.92,13.41,75.087,0.9128,6058.38,79.46,600.25,4.177,60.31,19.573,25.54,1.546,24.6,16.551,6067.64,78.67,602.13,4.177,60.55,19.462,25.482,1.62,24.59,16.41,LUBRICATION_DEGRADATION,1.0,1.0,1.0,0.3,1.0,0.0,0.0,0.0,0.0
156.0,CLIMB,77.0,55.05,8300.0,13.4,75.068,0.9126,6057.92,79.46,600.23,4.177,60.29,19.572,25.54,1.546,24.6,16.55,6063.5,78.88,600.09,4.133,60.29,19.439,25.57,1.565,24.604,16.681,LUBRICATION_DEGRADATION,1.0,1.0,1.0,0.3,1.0,0.0,0.0,0.0,0.0
156.1,CLIMB,76.99,55.04,8307.08,13.39,75.049,0.9124,6057.46,79.46,600.22,4.177,60.28,19.571,25.54,1.546,24.6,16.549,6056.51,78.48,600.26,4.227,60.5,19.374,25.567,1.531,24.637,16.406,LUBRICATION_DEGRADATION,1.0,1.0,1.0,0.3,1.0,0.0,0.0,0.0,0.0
156.2,CLIMB,76.98,55.04,8314.17,13.37,75.03,0.9123,6057.01,79.46,600.2,4.177,60.27,19.569,25.54,1.546,24.6,16.548,6069.39,79.47,598.69,4.174,60.22,19.59,25.412,1.578,24.572,16.492,LUBRICATION_DEGRADATION,1.0,1.0,1.0,0.3,1.0,0.0,0.0,0.0,0.0
156.3,CLIMB,76.98,55.03,8321.25,13.36,75.01,0.9121,6056.55,79.46,600.19,4.177,60.26,19.568,25.54,1.546,24.6,16.546,6051.13,79.21,602.49,4.153,60.4,19.426,25.556,1.588,24.561,16.531,LUBRICATION_DEGRADATION,1.0,1.0,1.0,0.3,1.0,0.0,0.0,0.0,0.0
156.4,CLIMB,76.97,55.03,8328.33,13.34,74.991,0.9119,6056.09,79.46,600.17,4.177,60.25,19.566,25.539,1.546,24.6,16.545,6058.16,79.27,600.0,4.199,60.61,19.462,25.498,1.559,24.602,16.636,LUBRICATION_DEGRADATION,1.0,1.0,1.0,0.3,1.0,0.0,0.0,0.0,0.0
156.5,CLIMB,76.96,55.02,8335.42,13.33,74.972,0.9117,6055.64,79.46,600.16,4.177,60.23,19.565,25.539,1.546,24.6,16.544,6051.84,79.4,601.26,4.165,59.83,19.608,25.592,1.62,24.569,16.657,LUBRICATION_DEGRADATION,1.0,1.0,1.0,0.3,1.0,0.0,0.0,0.0,0.0
156.6,CLIMB,76.95,55.02,8342.5,13.32,74.953,0.9115,6055.18,79.46,600.14,4.176,60.22,19.564,25.539,1.546,24.6,16.543,6053.06,79.76,600.48,4.229,59.96,19.598,25.598,1.502,24.63,16.552,LUBRICATION_DEGRADATION,1.0,1.0,1.0,0.3,1.0,0.0,0.0,0.0,0.0
156.7,CLIMB,76.94,55.01,8349.58,13.3,74.934,0.9113,6054.72,79.46,600.13,4.176,60.21,19.562,25.539,1.546,24.6,16.541,6061.05,79.61,600.42,4.179,60.25,19.566,25.487,1.592,24.706,16.369,LUBRICATION_DEGRADATION,1.0,1.0,1.0,0.3,1.0,0.0,0.0,0.0,0.0
156.8,CLIMB,76.93,55.01,8356.67,13.29,74.914,0.9111,6054.27,79.45,600.11,4.176,60.2,19.561,25.539,1.545,24.6,16.54,6054.26,79.14,598.68,4.175,59.9,19.58,25.589,1.535,24.699,16.667,LUBRICATION_DEGRADATION,1.0,1.0,1.0,0.3,1.0,0.0,0.0,0.0,0.0
156.9,CLIMB,76.93,55.0,8363.75,13.27,74.895,0.9109,6053.81,79.45,600.09,4.176,60.19,19.559,25.539,1.545,24.6,16.539,6046.55,79.88,602.72,4.202,60.53,19.537,25.526,1.579,24.564,16.654,LUBRICATION_DEGRADATION,1.0,1.0,1.0,0.3,1.0,0.0,0.0,0.0,0.0
157.0,CLIMB,76.92,55.0,8370.83,13.26,74.876,0.9108,6053.36,79.45,600.08,4.176,60.18,19.558,25.538,1.545,24.6,16.538,6051.85,78.9,597.63,4.191,60.08,19.394,25.563,1.483,24.67,16.574,LUBRICATION_DEGRADATION,1.0,1.0,1.0,0.3,1.0,0.0,0.0,0.0,0.0
157.1,CLIMB,76.91,54.99,8377.92,13.24,74.857,0.9106,6052.9,79.45,600.06,4.176,60.16,19.556,25.538,1.545,24.6,16.536,6048.59,78.67,601.77,4.188,59.98,19.524,25.445,1.522,24.69,16.66,LUBRICATION_DEGRADATION,1.0,1.0,1.0,0.3,1.0,0.0,0.0,0.0,0.0
157.2,CLIMB,76.9,54.99,8385.0,13.23,74.838,0.9104,6052.44,79.45,600.05,4.176,60.15,19.555,25.538,1.545,24.6,16.535,6048.89,79.06,600.95,4.172,59.94,19.59,25.544,1.526,24.613,16.435,LUBRICATION_DEGRADATION,1.0,1.0,1.0,0.3,1.0,0.0,0.0,0.0,0.0
157.3,CLIMB,76.89,54.98,8392.08,13.22,74.819,0.9102,6051.99,79.45,600.03,4.176,60.14,19.554,25.538,1.545,24.6,16.534,6052.32,78.94,600.09,4.161,60.25,19.483,25.497,1.528,24.615,16.535,LUBRICATION_DEGRADATION,1.0,1.0,1.0,0.3,1.0,0.0,0.0,0.0,0.0
157.4,CLIMB,76.88,54.97,8399.17,13.2,74.799,0.91,6051.53,79.45,600.02,4.176,60.13,19.552,25.538,1.545,24.6,16.533,6043.93,79.65,600.56,4.209,60.23,19.553,25.492,1.614,24.591,16.417,LUBRICATION_DEGRADATION,1.0,1.0,1.0,0.3,1.0,0.0,0.0,0.0,0.0
157.5,CLIMB,76.88,54.97,8406.25,13.19,74.78,0.9098,6051.07,79.45,600.0,4.176,60.12,19.551,25.538,1.545,24.6,16.531,6046.57,79.26,599.75,4.142,59.89,19.683,25.575,1.546,24.643,16.395,LUBRICATION_DEGRADATION,1.0,1.0,1.0,0.3,1.0,0.0,0.0,0.0,0.0
157.6,CLIMB,76.87,54.96,8413.33,13.17,74.761,0.9096,6050.62,79.45,599.99,4.175,60.1,19.549,25.537,1.545,24.6,16.53,6049.22,79.86,599.23,4.171,60.28,19.678,25.562,1.536,24.622,16.682,LUBRICATION_DEGRADATION,1.0,1.0,1.0,0.3,1.0,0.0,0.0,0.0,0.0
157.7,CLIMB,76.86,54.96,8420.42,13.16,74.742,0.9094,6050.16,79.45,599.97,4.175,60.09,19.548,25.537,1.545,24.6,16.529,6048.11,79.9,599.64,4.176,60.45,19.618,25.535,1.617,24.576,16.497,LUBRICATION_DEGRADATION,1.0,1.0,1.0,0.3,1.0,0.0,0.0,0.0,0.0
157.8,CLIMB,76.85,54.95,8427.5,13.15,74.723,0.9092,6049.71,79.45,599.96,4.175,60.08,19.547,25.537,1.545,24.6,16.528,6047.68,79.82,599.16,4.175,60.25,19.672,25.476,1.529,24.582,16.588,LUBRICATION_DEGRADATION,1.0,1.0,1.0,0.3,1.0,0.0,0.0,0.0,0.0
157.9,CLIMB,76.84,54.95,8434.58,13.13,74.704,0.9091,6049.25,79.45,599.94,4.175,60.07,19.545,25.537,1.545,24.6,16.526,6042.69,78.86,600.31,4.166,60.51,19.672,25.522,1.532,24.614,16.541,LUBRICATION_DEGRADATION,1.0,1.0,1.0,0.3,1.0,0.0,0.0,0.0,0.0
158.0,CLIMB,76.83,54.94,8441.67,13.12,74.685,0.9089,6048.79,79.45,599.92,4.175,60.06,19.544,25.537,1.544,24.6,16.525,6046.29,80.06,597.97,4.188,60.52,19.697,25.487,1.515,24.608,16.505,LUBRICATION_DEGRADATION,1.0,1.0,1.0,0.3,1.0,0.0,0.0,0.0,0.0
158.1,CLIMB,76.83,54.94,8448.75,13.1,74.666,0.9087,6048.34,79.44,599.91,4.175,60.05,19.542,25.537,1.544,24.6,16.524,6050.29,79.89,601.11,4.148,59.79,19.507,25.51,1.496,24.57,16.587,LUBRICATION_DEGRADATION,1.0,1.0,1.0,0.3,1.0,0.0,0.0,0.0,0.0
158.2,CLIMB,76.82,54.93,8455.83,13.09,74.646,0.9085,6047.88,79.44,599.89,4.175,60.03,19.541,25.536,1.544,24.6,16.523,6044.24,79.22,600.66,4.177,60.27,19.491,25.48,1.502,24.588,16.63,LUBRICATION_DEGRADATION,1.0,1.0,1.0,0.3,1.0,0.0,0.0,0.0,0.0
158.3,CLIMB,76.81,54.93,8462.92,13.07,74.627,0.9083,6047.43,79.44,599.88,4.175,60.02,19.54,25.536,1.544,24.6,16.521,6049.89,79.28,599.43,4.108,59.87,19.471,25.489,1.544,24.553,16.349,LUBRICATION_DEGRADATION,1.0,1.0,1.0,0.3,1.0,0.0,0.0,0.0,0.0
158.4,CLIMB,76.8,54.92,8470.0,13.06,74.608,0.9081,6046.97,79.44,599.86,4.175,60.01,19.538,25.536,1.544,24.6,16.52,6053.33,79.74,598.15,4.199,60.35,19.533,25.526,1.547,24.634,16.527,LUBRICATION_DEGRADATION,1.0,1.0,1.0,0.3,1.0,0.0,0.0,0.0,0.0
158.5,CLIMB,76.79,54.91,8477.08,13.05,74.589,0.9079,6046.51,79.44,599.85,4.174,60.0,19.537,25.536,1.544,24.6,16.519,6043.97,79.22,598.8,4.219,59.77,19.481,25.518,1.537,24.548,16.533,LUBRICATION_DEGRADATION,1.0,1.0,1.0,0.3,1.0,0.0,0.0,0.0,0.0
158.6,CLIMB,76.78,54.91,8484.17,13.03,74.57,0.9077,6046.06,79.44,599.83,4.174,59.99,19.535,25.536,1.544,24.6,16.518,6046.57,79.69,598.33,4.176,60.33,19.401,25.583,1.587,24.588,16.733,LUBRICATION_DEGRADATION,1.0,1.0,1.0,0.3,1.0,0.0,0.0,0.0,0.0
158.7,CLIMB,76.78,54.9,8491.25,13.02,74.551,0.9076,6045.6,79.44,599.82,4.174,59.97,19.534,25.536,1.544,24.6,16.516,6046.89,79.68,600.42,4.148,60.04,19.396,25.491,1.553,24.641,16.625,LUBRICATION_DEGRADATION,1.0,1.0,1.0,0.3,1.0,0.0,0.0,0.0,0.0
158.8,CLIMB,76.77,54.9,8498.33,13.0,74.532,0.9074,6045.15,79.44,599.8,4.174,59.96,19.533,25.535,1.544,24.6,16.515,6046.38,78.91,602.4,4.19,60.14,19.543,25.465,1.57,24.615,16.609,LUBRICATION_DEGRADATION,1.0,1.0,1.0,0.3,1.0,0.0,0.0,0.0,0.0
158.9,CLIMB,76.76,54.89,8505.42,12.99,74.513,0.9072,6044.69,79.44,599.79,4.174,59.95,19.531,25.535,1.544,24.6,16.514,6044.2,79.54,598.49,4.189,59.8,19.581,25.565,1.561,24.534,16.671,LUBRICATION_DEGRADATION,1.0,1.0,1.0,0.3,1.0,0.0,0.0,0.0,0.0
159.0,CLIMB,76.75,54.89,8512.5,12.98,74.494,0.907,6044.23,79.44,599.77,4.174,59.94,19.53,25.535,1.544,24.6,16.513,6049.27,79.73,600.61,4.215,59.55,19.534,25.535,1.452,24.606,16.467,LUBRICATION_DEGRADATION,1.0,1.0,1.0,0.3,1.0,0.0,0.0,0.0,0.0
159.1,CLIMB,76.74,54.88,8519.58,12.96,74.475,0.9068,6043.78,79.44,599.75,4.174,59.93,19.528,25.535,1.543,24.6,16.511,6036.84,79.75,600.05,4.174,59.81,19.53,25.568,1.528,24.662,16.558,LUBRICATION_DEGRADATION,1.0,1.0,1.0,0.3,1.0,0.0,0.0,0.0,0.0
159.2,CLIMB,76.73,54.88,8526.67,12.95,74.456,0.9066,6043.32,79.44,599.74,4.174,59.91,19.527,25.535,1.543,24.6,16.51,6037.98,79.61,598.34,4.156,59.79,19.512,25.558,1.51,24.627,16.507,LUBRICATION_DEGRADATION,1.0,1.0,1.0,0.3,1.0,0.0,0.0,0.0,0.0
159.3,CLIMB,76.73,54.87,8533.75,12.93,74.437,0.9064,6042.87,79.43,599.72,4.174,59.9,19.525,25.535,1.543,24.6,16.509,6045.94,78.7,599.34,4.179,60.35,19.484,25.491,1.619,24.574,16.485,LUBRICATION_DEGRADATION,1.0,1.0,1.0,0.3,1.0,0.0,0.0,0.0,0.0
159.4,CLIMB,76.72,54.87,8540.83,12.92,74.417,0.9062,6042.41,79.43,599.71,4.174,59.89,19.524,25.534,1.543,24.6,16.508,6036.3,79.83,599.6,4.185,60.21,19.495,25.625,1.485,24.633,16.529,LUBRICATION_DEGRADATION,1.0,1.0,1.0,0.3,1.0,0.0,0.0,0.0,0.0
159.5,CLIMB,76.71,54.86,8547.92,12.9,74.398,0.9061,6041.96,79.43,599.69,4.173,59.88,19.523,25.534,1.543,24.6,16.506,6043.56,79.26,597.76,4.118,59.83,19.652,25.526,1.479,24.557,16.627,LUBRICATION_DEGRADATION,1.0,1.0,1.0,0.3,1.0,0.0,0.0,0.0,0.0
159.6,CLIMB,76.7,54.86,8555.0,12.89,74.379,0.9059,6041.5,79.43,599.68,4.173,59.87,19.521,25.534,1.543,24.6,16.505,6029.45,79.02,600.38,4.159,59.44,19.372,25.633,1.552,24.584,16.45,LUBRICATION_DEGRADATION,1.0,1.0,1.0,0.3,1.0,0.0,0.0,0.0,0.0
159.7,CLIMB,76.69,54.85,8562.08,12.88,74.36,0.9057,6041.04,79.43,599.66,4.173,59.86,19.52,25.534,1.543,24.6,16.504,6036.96,78.9,600.04,4.152,59.93,19.424,25.583,1.549,24.644,16.668,LUBRICATION_DEGRADATION,1.0,1.0,1.0,0.3,1.0,0.0,0.0,0.0,0.0
159.8,CLIMB,76.68,54.84,8569.17,12.86,74.341,0.9055,6040.59,79.43,599.65,4.173,59.84,19.518,25.534,1.543,24.6,16.503,6035.43,79.43,598.07,4.204,60.28,19.363,25.553,1.57,24.672,16.403,LUBRICATION_DEGRADATION,1.0,1.0,1.0,0.3,1.0,0.0,0.0,0.0,0.0
159.9,CLIMB,76.68,54.84,8576.25,12.85,74.322,0.9053,6040.13,79.43,599.63,4.173,59.83,19.517,25.534,1.543,24.6,16.501,6034.87,79.13,598.37,4.172,60.06,19.562,25.584,1.513,24.645,16.417,LUBRICATION_DEGRADATION,1.0,1.0,1.0,0.3,1.0,0.0,0.0,0.0,0.0
160.0,CLIMB,76.67,54.83,8583.33,12.83,74.303,0.9051,6039.68,79.43,599.62,4.173,59.82,19.516,25.533,1.543,24.6,16.5,6045.43,79.17,597.62,4.137,59.62,19.459,25.554,1.594,24.61,16.541,LUBRICATION_DEGRADATION,1.0,1.0,1.0,0.3,1.0,0.0,0.0,0.0,0.0
160.1,CLIMB,76.66,54.83,8590.42,12.82,74.284,0.9049,6039.22,79.43,599.6,4.173,59.81,19.514,25.533,1.543,24.6,16.499,6040.05,79.11,603.14,4.194,59.84,19.498,25.48,1.527,24.664,16.416,LUBRICATION_DEGRADATION,1.0,1.0,1.0,0.3,1.0,0.0,0.0,0.0,0.0
160.2,CLIMB,76.65,54.82,8597.5,12.81,74.265,0.9048,6038.77,79.43,599.58,4.173,59.8,19.513,25.533,1.542,24.6,16.498,6035.84,80.47,596.1,4.18,59.92,19.375,25.564,1.534,24.655,16.455,LUBRICATION_DEGRADATION,1.0,1.0,1.0,0.3,1.0,0.0,0.0,0.0,0.0
160.3,CLIMB,76.64,54.82,8604.58,12.79,74.246,0.9046,6038.31,79.43,599.57,4.173,59.78,19.511,25.533,1.542,24.6,16.496,6038.64,79.86,599.59,4.18,59.99,19.261,25.498,1.637,24.705,16.363,LUBRICATION_DEGRADATION,1.0,1.0,1.0,0.3,1.0,0.0,0.0,0.0,0.0
160.4,CLIMB,76.63,54.81,8611.67,12.78,74.227,0.9044,6037.85,79.43,599.55,4.173,59.77,19.51,25.533,1.542,24.6,16.495,6037.32,78.89,600.7,4.175,59.94,19.495,25.564,1.504,24.618,16.438,LUBRICATION_DEGRADATION,1.0,1.0,1.0,0.3,1.0,0.0,0.0,0.0,0.0
160.5,CLIMB,76.63,54.81,8618.75,12.76,74.208,0.9042,6037.4,79.42,599.54,4.172,59.76,19.509,25.533,1.542,24.6,16.494,6032.15,79.5,598.25,4.155,59.83,19.541,25.498,1.603,24.615,16.344,LUBRICATION_DEGRADATION,1.0,1.0,1.0,0.3,1.0,0.0,0.0,0.0,0.0
160.6,CLIMB,76.62,54.8,8625.83,12.75,74.189,0.904,6036.94,79.42,599.52,4.172,59.75,19.507,25.532,1.542,24.6,16.493,6038.06,80.1,599.97,4.152,59.03,19.51,25.485,1.553,24.516,16.545,LUBRICATION_DEGRADATION,1.0,1.0,1.0,0.3,1.0,0.0,0.0,0.0,0.0
160.7,CLIMB,76.61,54.8,8632.92,12.73,74.17,0.9038,6036.49,79.42,599.51,4.172,59.74,19.506,25.532,1.542,24.6,16.491,6032.3,78.83,599.21,4.148,60.14,19.538,25.557,1.508,24.611,16.424,LUBRICATION_DEGRADATION,1.0,1.0,1.0,0.3,1.0,0.0,0.0,0.0,0.0
160.8,CLIMB,76.6,54.79,8640.0,12.72,74.151,0.9036,6036.03,79.42,599.49,4.172,59.72,19.504,25.532,1.542,24.6,16.49,6032.99,79.76,599.04,4.217,59.19,19.513,25.443,1.678,24.582,16.463,LUBRICATION_DEGRADATION,1.0,1.0,1.0,0.3,1.0,0.0,0.0,0.0,0.0
160.9,CLIMB,76.59,54.78,8647.08,12.71,74.132,0.9034,6035.58,79.42,599.48,4.172,59.71,19.503,25.532,1.542,24.6,16.489,6037.91,79.65,598.59,4.174,60.31,19.418,25.556,1.487,24.558,16.474,LUBRICATION_DEGRADATION,1.0,1.0,1.0,0.3,1.0,0.0,0.0,0.0,0.0
161.0,CLIMB,76.58,54.78,8654.17,12.69,74.113,0.9033,6035.12,79.42,599.46,4.172,59.7,19.501,25.532,1.542,24.6,16.488,6039.8,80.27,599.22,4.121,59.49,19.32,25.547,1.555,24.63,16.506,LUBRICATION_DEGRADATION,1.0,1.0,1.0,0.3,1.0,0.0,0.0,0.0,0.0
161.1,CLIMB,76.58,54.77,8661.25,12.68,74.094,0.9031,6034.67,79.42,599.45,4.172,59.69,19.5,25.532,1.542,24.6,16.486,6032.48,79.05,598.02,4.156,59.6,19.333,25.661,1.532,24.702,16.497,LUBRICATION_DEGRADATION,1.0,1.0,1.0,0.3,1.0,0.0,0.0,0.0,0.0
161.2,CLIMB,76.57,54.77,8668.33,12.66,74.075,0.9029,6034.21,79.42,599.43,4.172,59.68,19.499,25.531,1.542,24.6,16.485,6023.29,79.0,599.55,4.13,59.49,19.477,25.496,1.453,24.581,16.558,LUBRICATION_DEGRADATION,1.0,1.0,1.0,0.3,1.0,0.0,0.0,0.0,0.0
161.3,CLIMB,76.56,54.76,8675.42,12.65,74.056,0.9027,6033.76,79.42,599.41,4.172,59.66,19.497,25.531,1.541,24.6,16.484,6033.97,78.96,599.18,4.093,59.91,19.654,25.591,1.576,24.636,16.586,LUBRICATION_DEGRADATION,1.0,1.0,1.0,0.3,1.0,0.0,0.0,0.0,0.0
161.4,CLIMB,76.55,54.76,8682.5,12.64,74.037,0.9025,6033.3,79.42,599.4,4.172,59.65,19.496,25.531,1.541,24.6,16.483,6037.55,79.2,600.5,4.189,59.51,19.644,25.585,1.533,24.638,16.481,LUBRICATION_DEGRADATION,1.0,1.0,1.0,0.3,1.0,0.0,0.0,0.0,0.0
161.5,CLIMB,76.54,54.75,8689.58,12.62,74.019,0.9023,6032.85,79.42,599.38,4.171,59.64,19.494,25.531,1.541,24.6,16.481,6037.4,79.97,598.39,4.148,59.43,19.514,25.532,1.56,24.623,16.552,LUBRICATION_DEGRADATION,1.0,1.0,1.0,0.3,1.0,0.0,0.0,0.0,0.0
161.6,CLIMB,76.53,54.75,8696.67,12.61,74.0,0.9021,6032.39,79.42,599.37,4.171,59.63,19.493,25.531,1.541,24.6,16.48,6030.86,80.15,598.9,4.206,59.4,19.395,25.567,1.505,24.575,16.646,LUBRICATION_DEGRADATION,1.0,1.0,1.0,0.3,1.0,0.0,0.0,0.0,0.0
161.7,CLIMB,76.53,54.74,8703.75,12.59,73.981,0.902,6031.94,79.41,599.35,4.171,59.62,19.492,25.531,1.541,24.6,16.479,6034.12,79.54,598.1,4.172,59.72,19.544,25.572,1.572,24.616,16.287,LUBRICATION_DEGRADATION,1.0,1.0,1.0,0.3,1.0,0.0,0.0,0.0,0.0
161.8,CLIMB,76.52,54.74,8710.83,12.58,73.962,0.9018,6031.48,79.41,599.34,4.171,59.6,19.49,25.53,1.541,24.6,16.478,6035.23,80.13,600.48,4.156,59.07,19.437,25.546,1.706,24.617,16.625,LUBRICATION_DEGRADATION,1.0,1.0,1.0,0.3,1.0,0.0,0.0,0.0,0.0
161.9,CLIMB,76.51,54.73,8717.92,12.56,73.943,0.9016,6031.03,79.41,599.32,4.171,59.59,19.489,25.53,1.541,24.6,16.476,6030.81,79.83,599.46,4.136,59.41,19.316,25.512,1.586,24.599,16.563,LUBRICATION_DEGRADATION,1.0,1.0,1.0,0.3,1.0,0.0,0.0,0.0,0.0
162.0,CLIMB,76.5,54.73,8725.0,12.55,73.924,0.9014,6030.57,79.41,599.31,4.171,59.58,19.487,25.53,1.541,24.6,16.475,6033.42,79.27,598.27,4.154,59.86,19.478,25.513,1.609,24.584,16.55,LUBRICATION_DEGRADATION,1.0,1.0,1.0,0.3,1.0,0.0,0.0,0.0,0.0
162.1,CLIMB,76.49,54.72,8732.08,12.54,73.905,0.9012,6030.11,79.41,599.29,4.171,59.57,19.486,25.53,1.541,24.6,16.474,6025.26,79.96,599.32,4.179,59.21,19.533,25.496,1.537,24.63,16.317,LUBRICATION_DEGRADATION,1.0,1.0,1.0,0.3,1.0,0.0,0.0,0.0,0.0
162.2,CLIMB,76.48,54.71,8739.17,12.52,73.886,0.901,6029.66,79.41,599.28,4.171,59.56,19.485,25.53,1.541,24.6,16.473,6018.08,79.15,595.56,4.232,59.69,19.2,25.542,1.429,24.561,16.234,LUBRICATION_DEGRADATION,1.0,1.0,1.0,0.3,1.0,0.0,0.0,0.0,0.0
162.3,CLIMB,76.48,54.71,8746.25,12.51,73.867,0.9008,6029.2,79.41,599.26,4.171,59.54,19.483,25.53,1.541,24.6,16.471,6029.91,78.83,599.11,4.12,59.43,19.332,25.546,1.525,24.567,16.473,LUBRICATION_DEGRADATION,1.0,1.0,1.0,0.3,1.0,0.0,0.0,0.0,0.0
162.4,CLIMB,76.47,54.7,8753.33,12.49,73.848,0.9007,6028.75,79.41,599.24,4.171,59.53,19.482,25.529,1.541,24.6,16.47,6028.95,79.39,600.51,4.246,59.28,19.522,25.512,1.525,24.573,16.502,LUBRICATION_DEGRADATION,1.0,1.0,1.0,0.3,1.0,0.0,0.0,0.0,0.0
162.5,CLIMB,76.46,54.7,8760.42,12.48,73.829,0.9005,6028.29,79.41,599.23,4.17,59.52,19.48,25.529,1.54,24.6,16.469,6019.56,79.64,598.22,4.137,59.7,19.467,25.547,1.574,24.601,16.478,LUBRICATION_DEGRADATION,1.0,1.0,1.0,0.3,1.0,0.0,0.0,0.0,0.0
162.6,CLIMB,76.45,54.69,8767.5,12.47,73.81,0.9003,6027.84,79.41,599.21,4.17,59.51,19.479,25.529,1.54,24.6,16.468,6028.01,79.23,599.2,4.167,59.76,19.455,25.558,1.483,24.521,16.583,LUBRICATION_DEGRADATION,1.0,1.0,1.0,0.3,1.0,0.0,0.0,0.0,0.0
162.7,CLIMB,76.44,54.69,8774.58,12.45,73.791,0.9001,6027.38,79.41,599.2,4.17,59.5,19.477,25.529,1.54,24.6,16.466,6026.78,79.56,598.8,4.179,59.41,19.53,25.517,1.504,24.599,16.467,LUBRICATION_DEGRADATION,1.0,1.0,1.0,0.3,1.0,0.0,0.0,0.0,0.0
162.8,CLIMB,76.43,54.68,8781.67,12.44,73.773,0.8999,6026.93,79.41,599.18,4.17,59.48,19.476,25.529,1.54,24.6,16.465,6031.51,80.54,598.68,4.121,59.28,19.517,25.519,1.606,24.625,16.323,LUBRICATION_DEGRADATION,1.0,1.0,1.0,0.3,1.0,0.0,0.0,0.0,0.0
162.9,CLIMB,76.43,54.68,8788.75,12.42,73.754,0.8997,6026.47,79.4,599.17,4.17,59.47,19.475,25.529,1.54,24.6,16.464,6024.51,79.5,596.98,4.179,59.03,19.457,25.489,1.565,24.461,16.458,LUBRICATION_DEGRADATION,1.0,1.0,1.0,0.3,1.0,0.0,0.0,0.0,0.0
163.0,CLIMB,76.42,54.67,8795.83,12.41,73.735,0.8995,6026.02,79.4,599.15,4.17,59.46,19.473,25.528,1.54,24.6,16.463,6024.02,79.9,600.12,4.179,59.57,19.419,25.512,1.425,24.57,16.418,LUBRICATION_DEGRADATION,1.0,1.0,1.0,0.3,1.0,0.0,0.0,0.0,0.0
163.1,CLIMB,76.41,54.67,8802.92,12.39,73.716,0.8994,6025.56,79.4,599.14,4.17,59.45,19.472,25.528,1.54,24.6,16.461,6020.28,79.39,598.78,4.161,59.39,19.401,25.541,1.515,24.633,16.656,LUBRICATION_DEGRADATION,1.0,1.0,1.0,0.3,1.0,0.0,0.0,0.0,0.0
163.2,CLIMB,76.4,54.66,8810.0,12.38,73.697,0.8992,6025.11,79.4,599.12,4.17,59.44,19.47,25.528,1.54,24.6,16.46,6018.88,79.87,598.15,4.169,59.64,19.375,25.529,1.568,24.613,16.422,LUBRICATION_DEGRADATION,1.0,1.0,1.0,0.3,1.0,0.0,0.0,0.0,0.0
163.3,CLIMB,76.39,54.65,8817.08,12.37,73.678,0.899,6024.66,79.4,599.11,4.17,59.42,19.469,25.528,1.54,24.6,16.459,6017.54,79.04,598.43,4.135,59.57,19.452,25.461,1.548,24.6,16.411,LUBRICATION_DEGRADATION,1.0,1.0,1.0,0.3,1.0,0.0,0.0,0.0,0.0
163.4,CLIMB,76.38,54.65,8824.17,12.35,73.659,0.8988,6024.2,79.4,599.09,4.169,59.41,19.468,25.528,1.54,24.6,16.458,6025.45,79.56,600.76,4.211,59.63,19.504,25.485,1.531,24.642,16.528,LUBRICATION_DEGRADATION,1.0,1.0,1.0,0.3,1.0,0.0,0.0,0.0,0.0
163.5,CLIMB,76.38,54.64,8831.25,12.34,73.641,0.8986,6023.75,79.4,599.07,4.169,59.4,19.466,25.528,1.54,24.6,16.456,6017.8,79.33,597.02,4.14,58.8,19.612,25.553,1.595,24.576,16.33,LUBRICATION_DEGRADATION,1.0,1.0,1.0,0.3,1.0,0.0,0.0,0.0,0.0
163.6,CLIMB,76.37,54.64,8838.33,12.32,73.622,0.8984,6023.29,79.4,599.06,4.169,59.39,19.465,25.527,1.539,24.6,16.455,6020.33,80.18,597.99,4.114,59.96,19.359,25.552,1.618,24.654,16.377,LUBRICATION_DEGRADATION,1.0,1.0,1.0,0.3,1.0,0.0,0.0,0.0,0.0
163.7,CLIMB,76.36,54.63,8845.42,12.31,73.603,0.8982,6022.84,79.4,599.04,4.169,59.38,19.463,25.527,1.539,24.6,16.454,6029.35,79.13,600.11,4.115,59.56,19.487,25.545,1.562,24.731,16.558,LUBRICATION_DEGRADATION,1.0,1.0,1.0,0.3,1.0,0.0,0.0,0.0,0.0
163.8,CLIMB,76.35,54.63,8852.5,12.3,73.584,0.8981,6022.38,79.4,599.03,4.169,59.36,19.462,25.527,1.539,24.6,16.453,6018.5,79.57,599.82,4.171,59.32,19.485,25.437,1.509,24.636,16.587,LUBRICATION_DEGRADATION,1.0,1.0,1.0,0.3,1.0,0.0,0.0,0.0,0.0
163.9,CLIMB,76.34,54.62,8859.58,12.28,73.565,0.8979,6021.93,79.4,599.01,4.169,59.35,19.46,25.527,1.539,24.6,16.451,6019.8,80.01,597.67,4.17,59.48,19.415,25.533,1.551,24.47,16.471,LUBRICATION_DEGRADATION,1.0,1.0,1.0,0.3,1.0,0.0,0.0,0.0,0.0
164.0,CLIMB,76.33,54.62,8866.67,12.27,73.546,0.8977,6021.47,79.4,599.0,4.169,59.34,19.459,25.527,1.539,24.6,16.45,6020.71,78.49,600.11,4.14,59.14,19.417,25.58,1.503,24.624,16.543,LUBRICATION_DEGRADATION,1.0,1.0,1.0,0.3,1.0,0.0,0.0,0.0,0.0
164.1,CLIMB,76.33,54.61,8873.75,12.25,73.528,0.8975,6021.02,79.39,598.98,4.169,59.33,19.458,25.527,1.539,24.6,16.449,6015.29,79.87,597.18,4.139,59.35,19.651,25.53,1.548,24.635,16.349,LUBRICATION_DEGRADATION,1.0,1.0,1.0,0.3,1.0,0.0,0.0,0.0,0.0
164.2,CLIMB,76.32,54.61,8880.83,12.24,73.509,0.8973,6020.56,79.39,598.97,4.169,59.31,19.456,25.526,1.539,24.6,16.448,6014.39,78.8,598.38,4.191,59.82,19.507,25.525,1.522,24.596,16.302,LUBRICATION_DEGRADATION,1.0,1.0,1.0,0.3,1.0,0.0,0.0,0.0,0.0
164.3,CLIMB,76.31,54.6,8887.92,12.22,73.49,0.8971,6020.11,79.39,598.95,4.169,59.3,19.455,25.526,1.539,24.6,16.446,6009.3,80.1,600.53,4.128,60.08,19.417,25.555,1.513,24.559,16.311,LUBRICATION_DEGRADATION,1.0,1.0,1.0,0.3,1.0,0.0,0.0,0.0,0.0
164.4,CLIMB,76.3,54.6,8895.0,12.21,73.471,0.8969,6019.65,79.39,598.93,4.168,59.29,19.453,25.526,1.539,24.6,16.445,6019.63,79.93,598.41,4.186,58.84,19.31,25.478,1.489,24.589,16.535,LUBRICATION_DEGRADATION,1.0,1.0,1.0,0.3,1.0,0.0,0.0,0.0,0.0
164.5,CLIMB,76.29,54.59,8902.08,12.2,73.452,0.8968,6019.2,79.39,598.92,4.168,59.28,19.452,25.526,1.539,24.6,16.444,6018.46,78.83,598.96,4.119,59.62,19.424,25.553,1.578,24.568,16.555,LUBRICATION_DEGRADATION,1.0,1.0,1.0,0.3,1.0,0.0,0.0,0.0,0.0
164.6,CLIMB,76.28,54.58,8909.17,12.18,73.433,0.8966,6018.74,79.39,598.9,4.168,59.27,19.451,25.526,1.539,24.6,16.443,6015.74,79.04,598.23,4.185,59.1,19.443,25.602,1.513,24.664,16.442,LUBRICATION_DEGRADATION,1.0,1.0,1.0,0.3,1.0,0.0,0.0,0.0,0.0
164.7,CLIMB,76.28,54.58,8916.25,12.17,73.415,0.8964,6018.29,79.39,598.89,4.168,59.25,19.449,25.526,1.538,24.6,16.441,6015.35,80.18,600.09,4.216,59.09,19.205,25.613,1.601,24.659,16.355,LUBRICATION_DEGRADATION,1.0,1.0,1.0,0.3,1.0,0.0,0.0,0.0,0.0
164.8,CLIMB,76.27,54.57,8923.33,12.15,73.396,0.8962,6017.84,79.39,598.87,4.168,59.24,19.448,25.525,1.538,24.6,16.44,6016.3,79.44,598.26,4.128,59.26,19.366,25.533,1.488,24.552,16.454,LUBRICATION_DEGRADATION,1.0,1.0,1.0,0.3,1.0,0.0,0.0,0.0,0.0
164.9,CLIMB,76.26,54.57,8930.42,12.14,73.377,0.896,6017.38,79.39,598.86,4.168,59.23,19.446,25.525,1.538,24.6,16.439,6022.15,79.44,597.8,4.158,59.14,19.376,25.546,1.565,24.644,16.406,LUBRICATION_DEGRADATION,1.0,1.0,1.0,0.3,1.0,0.0,0.0,0.0,0.0
165.0,CLIMB,76.25,54.56,8937.5,12.13,73.358,0.8958,6016.93,79.39,598.84,4.168,59.22,19.445,25.525,1.538,24.6,16.438,6012.87,79.61,601.0,4.203,59.62,19.37,25.643,1.587,24.604,16.405,LUBRICATION_DEGRADATION,1.0,1.0,1.0,0.3,1.0,0.0,0.0,0.0,0.0
165.1,CLIMB,76.24,54.56,8944.58,12.11,73.34,0.8957,6016.47,79.39,598.83,4.168,59.21,19.443,25.525,1.538,24.6,16.436,6028.17,79.6,599.28,4.142,59.61,19.38,25.576,1.592,24.57,16.406,LUBRICATION_DEGRADATION,1.0,1.0,1.0,0.3,1.0,0.0,0.0,0.0,0.0
165.2,CLIMB,76.23,54.55,8951.67,12.1,73.321,0.8955,6016.02,79.38,598.81,4.168,59.19,19.442,25.525,1.538,24.6,16.435,6018.19,79.22,601.07,4.146,58.8,19.467,25.488,1.596,24.558,16.389,LUBRICATION_DEGRADATION,1.0,1.0,1.0,0.3,1.0,0.0,0.0,0.0,0.0
165.3,CLIMB,76.23,54.55,8958.75,12.08,73.302,0.8953,6015.56,79.38,598.8,4.168,59.18,19.441,25.525,1.538,24.6,16.434,6010.75,79.15,599.13,4.154,59.64,19.289,25.57,1.538,24.574,16.428,LUBRICATION_DEGRADATION,1.0,1.0,1.0,0.3,1.0,0.0,0.0,0.0,0.0
165.4,CLIMB,76.22,54.54,8965.83,12.07,73.283,0.8951,6015.11,79.38,598.78,4.167,59.17,19.439,25.524,1.538,24.6,16.433,6023.15,80.03,599.5,4.198,59.22,19.405,25.544,1.524,24.533,16.411,LUBRICATION_DEGRADATION,1.0,1.0,1.0,0.3,1.0,0.0,0.0,0.0,0.0
165.5,CLIMB,76.21,54.54,8972.92,12.05,73.265,0.8949,6014.65,79.38,598.76,4.167,59.16,19.438,25.524,1.538,24.6,16.431,6018.78,79.04,599.95,4.155,59.49,19.364,25.5,1.571,24.584,16.574,LUBRICATION_DEGRADATION,1.0,1.0,1.0,0.3,1.0,0.0,0.0,0.0,0.0
165.6,CLIMB,76.2,54.53,8980.0,12.04,73.246,0.8947,6014.2,79.38,598.75,4.167,59.15,19.436,25.524,1.538,24.6,16.43,6021.11,79.89,597.37,4.147,59.1,19.501,25.469,1.536,24.641,16.543,LUBRICATION_DEGRADATION,1.0,1.0,1.0,0.3,1.0,0.0,0.0,0.0,0.0
165.7,CLIMB,76.19,54.52,8987.08,12.03,73.227,0.8945,6013.75,79.38,598.73,4.167,59.13,19.435,25.524,1.538,24.6,16.429,6012.87,79.04,598.76,4.159,59.25,19.483,25.522,1.559,24.608,16.49,LUBRICATION_DEGRADATION,1.0,1.0,1.0,0.3,1.0,0.0,0.0,0.0,0.0
165.8,CLIMB,76.18,54.52,8994.17,12.01,73.208,0.8944,6013.29,79.38,598.72,4.167,59.12,19.434,25.524,1.537,24.6,16.428,6018.52,79.22,597.83,4.148,59.45,19.423,25.548,1.557,24.705,16.35,LUBRICATION_DEGRADATION,1.0,1.0,1.0,0.3,1.0,0.0,0.0,0.0,0.0
165.9,CLIMB,76.18,54.51,9001.25,12.0,73.19,0.8942,6012.84,79.38,598.7,4.167,59.11,19.432,25.524,1.537,24.6,16.426,6013.39,79.94,598.6,4.182,58.97,19.406,25.529,1.492,24.578,16.302,LUBRICATION_DEGRADATION,1.0,1.0,1.0,0.3,1.0,0.0,0.0,0.0,0.0
166.0,CLIMB,76.17,54.51,9008.33,11.98,73.171,0.894,6012.38,79.38,598.69,4.167,59.1,19.431,25.523,1.537,24.6,16.425,6010.77,79.84,601.25,4.17,59.51,19.594,25.51,1.595,24.671,16.478,LUBRICATION_DEGRADATION,1.0,1.0,1.0,0.3,1.0,0.0,0.0,0.0,0.0
166.1,CLIMB,76.16,54.5,9015.42,11.97,73.152,0.8938,6011.93,79.38,598.67,4.167,59.08,19.429,25.523,1.537,24.6,16.424,6021.28,79.44,599.23,4.138,58.94,19.562,25.464,1.486,24.488,16.328,LUBRICATION_DEGRADATION,1.0,1.0,1.0,0.3,1.0,0.0,0.0,0.0,0.0
166.2,CLIMB,76.15,54.5,9022.5,11.96,73.133,0.8936,6011.48,79.38,598.66,4.167,59.07,19.428,25.523,1.537,24.6,16.423,6006.88,80.17,598.33,4.143,60.21,19.257,25.501,1.58,24.552,16.378,LUBRICATION_DEGRADATION,1.0,1.0,1.0,0.3,1.0,0.0,0.0,0.0,0.0
166.3,CLIMB,76.14,54.49,9029.58,11.94,73.115,0.8934,6011.02,79.38,598.64,4.167,59.06,19.427,25.523,1.537,24.6,16.421,6017.88,78.57,600.79,4.148,58.59,19.497,25.45,1.54,24.607,16.388,LUBRICATION_DEGRADATION,1.0,1.0,1.0,0.3,1.0,0.0,0.0,0.0,0.0
166.4,CLIMB,76.13,54.49,9036.67,11.93,73.096,0.8933,6010.57,79.37,598.62,4.166,59.05,19.425,25.523,1.537,24.6,16.42,5999.29,80.15,601.6,4.167,58.47,19.346,25.519,1.553,24.624,16.541,LUBRICATION_DEGRADATION,1.0,1.0,1.0,0.3,1.0,0.0,0.0,0.0,0.0
166.5,CLIMB,76.13,54.48,9043.75,11.91,73.077,0.8931,6010.11,79.37,598.61,4.166,59.04,19.424,25.523,1.537,24.6,16.419,6010.11,78.74,600.71,4.151,59.28,19.484,25.517,1.622,24.563,16.311,LUBRICATION_DEGRADATION,1.0,1.0,1.0,0.3,1.0,0.0,0.0,0.0,0.0
166.6,CLIMB,76.12,54.48,9050.83,11.9,73.059,0.8929,6009.66,79.37,598.59,4.166,59.02,19.422,25.522,1.537,24.6,16.418,6008.76,79.82,596.3,4.162,59.25,19.419,25.507,1.526,24.548,16.269,LUBRICATION_DEGRADATION,1.0,1.0,1.0,0.3,1.0,0.0,0.0,0.0,0.0
166.7,CLIMB,76.11,54.47,9057.92,11.88,73.04,0.8927,6009.21,79.37,598.58,4.166,59.01,19.421,25.522,1.537,24.6,16.416,5999.41,79.97,599.01,4.181,58.88,19.365,25.517,1.5,24.607,16.308,LUBRICATION_DEGRADATION,1.0,1.0,1.0,0.3,1.0,0.0,0.0,0.0,0.0
166.8,CLIMB,76.1,54.47,9065.0,11.87,73.021,0.8925,6008.75,79.37,598.56,4.166,59.0,19.419,25.522,1.537,24.6,16.415,6009.45,79.4,598.75,4.184,59.22,19.597,25.6,1.484,24.656,16.478,LUBRICATION_DEGRADATION,1.0,1.0,1.0,0.3,1.0,0.0,0.0,0.0,0.0
166.9,CLIMB,76.09,54.46,9072.08,11.86,73.002,0.8923,6008.3,79.37,598.55,4.166,58.99,19.418,25.522,1.537,24.6,16.414,6006.26,80.05,597.17,4.167,58.92,19.442,25.549,1.628,24.59,16.554,LUBRICATION_DEGRADATION,1.0,1.0,1.0,0.3,1.0,0.0,0.0,0.0,0.0
167.0,CLIMB,76.08,54.45,9079.17,11.84,72.984,0.8921,6007.84,79.37,598.53,4.166,58.97,19.417,25.522,1.536,24.6,16.413,6003.04,79.67,600.69,4.186,59.2,19.543,25.471,1.608,24.581,16.533,LUBRICATION_DEGRADATION,1.0,1.0,1.0,0.3,1.0,0.0,0.0,0.0,0.0
167.1,CLIMB,76.08,54.45,9086.25,11.83,72.965,0.892,6007.39,79.37,598.52,4.166,58.96,19.415,25.522,1.536,24.6,16.411,6002.52,79.18,597.52,4.14,59.15,19.264,25.556,1.561,24.725,16.495,LUBRICATION_DEGRADATION,1.0,1.0,1.0,0.3,1.0,0.0,0.0,0.0,0.0
167.2,CLIMB,76.07,54.44,9093.33,11.81,72.946,0.8918,6006.94,79.37,598.5,4.166,58.95,19.414,25.521,1.536,24.6,16.41,6004.23,79.83,597.45,4.193,58.73,19.318,25.587,1.686,24.58,16.513,LUBRICATION_DEGRADATION,1.0,1.0,1.0,0.3,1.0,0.0,0.0,0.0,0.0
167.3,CLIMB,76.06,54.44,9100.42,11.8,72.928,0.8916,6006.48,79.37,598.49,4.166,58.94,19.412,25.521,1.536,24.6,16.409,6003.77,79.51,599.12,4.16,59.56,19.439,25.5,1.539,24.657,16.268,LUBRICATION_DEGRADATION,1.0,1.0,1.0,0.3,1.0,0.0,0.0,0.0,0.0
167.4,CLIMB,76.05,54.43,9107.5,11.79,72.909,0.8914,6006.03,79.37,598.47,4.165,58.93,19.411,25.521,1.536,24.6,16.408,6015.18,79.41,598.47,4.146,58.77,19.534,25.502,1.55,24.611,16.405,LUBRICATION_DEGRADATION,1.0,1.0,1.0,0.3,1.0,0.0,0.0,0.0,0.0
167.5,CLIMB,76.04,54.43,9114.58,11.77,72.89,0.8912,6005.57,79.37,598.45,4.165,58.91,19.41,25.521,1.536,24.6,16.406,6008.02,79.15,597.68,4.146,58.7,19.485,25.457,1.59,24.508,16.353,LUBRICATION_DEGRADATION,1.0,1.0,1.0,0.3,1.0,0.0,0.0,0.0,0.0
167.6,CLIMB,76.03,54.42,9121.67,11.76,72.872,0.891,6005.12,79.36,598.44,4.165,58.9,19.408,25.521,1.536,24.6,16.405,6005.8,79.39,596.31,4.11,59.28,19.338,25.579,1.593,24.527,16.365,LUBRICATION_DEGRADATION,1.0,1.0,1.0,0.3,1.0,0.0,0.0,0.0,0.0
167.7,CLIMB,76.03,54.42,9128.75,11.74,72.853,0.8909,6004.67,79.36,598.42,4.165,58.89,19.407,25.521,1.536,24.6,16.404,6009.09,80.17,598.67,4.177,59.17,19.522,25.585,1.423,24.56,16.565,LUBRICATION_DEGRADATION,1.0,1.0,1.0,0.3,1.0,0.0,0.0,0.0,0.0
167.8,CLIMB,76.02,54.41,9135.83,11.73,72.834,0.8907,6004.21,79.36,598.41,4.165,58.88,19.405,25.52,1.536,24.6,16.403,6007.82,79.18,596.12,4.125,58.55,19.525,25.548,1.515,24.653,16.338,LUBRICATION_DEGRADATION,1.0,1.0,1.0,0.3,1.0,0.0,0.0,0.0,0.0
167.9,CLIMB,76.01,54.41,9142.92,11.71,72.816,0.8905,6003.76,79.36,598.39,4.165,58.86,19.404,25.52,1.536,24.6,16.401,6008.2,80.28,602.11,4.122,59.52,19.246,25.566,1.512,24.646,16.397,LUBRICATION_DEGRADATION,1.0,1.0,1.0,0.3,1.0,0.0,0.0,0.0,0.0
168.0,CLIMB,76.0,54.4,9150.0,11.7,72.797,0.8903,6003.3,79.36,598.38,4.165,58.85,19.402,25.52,1.536,24.6,16.4,5994.66,79.87,595.57,4.126,59.14,19.359,25.508,1.537,24.641,16.38,LUBRICATION_DEGRADATION,1.0,1.0,1.0,0.3,1.0,0.0,0.0,0.0,0.0
168.1,CLIMB,75.99,54.39,9157.08,11.69,72.779,0.8901,6002.85,79.36,598.36,4.165,58.84,19.401,25.52,1.535,24.6,16.399,6010.06,79.52,598.85,4.141,58.82,19.578,25.515,1.563,24.587,16.463,LUBRICATION_DEGRADATION,1.0,1.0,1.0,0.3,1.0,0.0,0.0,0.0,0.0
168.2,CLIMB,75.98,54.39,9164.17,11.67,72.76,0.8899,6002.4,79.36,598.35,4.165,58.83,19.4,25.52,1.535,24.6,16.398,6007.16,78.71,595.99,4.164,58.3,19.214,25.558,1.597,24.629,16.415,LUBRICATION_DEGRADATION,1.0,1.0,1.0,0.3,1.0,0.0,0.0,0.0,0.0
168.3,CLIMB,75.98,54.38,9171.25,11.66,72.741,0.8898,6001.94,79.36,598.33,4.165,58.82,19.398,25.52,1.535,24.6,16.396,5998.11,79.38,596.19,4.233,58.68,19.519,25.492,1.547,24.537,16.411,LUBRICATION_DEGRADATION,1.0,1.0,1.0,0.3,1.0,0.0,0.0,0.0,0.0
168.4,CLIMB,75.97,54.38,9178.33,11.64,72.723,0.8896,6001.49,79.36,598.31,4.164,58.8,19.397,25.519,1.535,24.6,16.395,6006.65,79.29,596.97,4.154,58.55,19.443,25.419,1.532,24.597,16.353,LUBRICATION_DEGRADATION,1.0,1.0,1.0,0.3,1.0,0.0,0.0,0.0,0.0
168.5,CLIMB,75.96,54.37,9185.42,11.63,72.704,0.8894,6001.04,79.36,598.3,4.164,58.79,19.395,25.519,1.535,24.6,16.394,6000.86,80.04,597.65,4.18,58.77,19.281,25.499,1.492,24.701,16.491,LUBRICATION_DEGRADATION,1.0,1.0,1.0,0.3,1.0,0.0,0.0,0.0,0.0
168.6,CLIMB,75.95,54.37,9192.5,11.62,72.685,0.8892,6000.58,79.36,598.28,4.164,58.78,19.394,25.519,1.535,24.6,16.393,6000.02,79.62,599.16,4.148,58.64,19.377,25.476,1.591,24.595,16.314,LUBRICATION_DEGRADATION,1.0,1.0,1.0,0.3,1.0,0.0,0.0,0.0,0.0
168.7,CLIMB,75.94,54.36,9199.58,11.6,72.667,0.889,6000.13,79.36,598.27,4.164,58.77,19.393,25.519,1.535,24.6,16.391,6001.8,79.34,597.14,4.257,58.96,19.317,25.436,1.482,24.543,16.539,LUBRICATION_DEGRADATION,1.0,1.0,1.0,0.3,1.0,0.0,0.0,0.0,0.0
168.8,CLIMB,75.93,54.36,9206.67,11.59,72.648,0.8888,5999.68,79.35,598.25,4.164,58.75,19.391,25.519,1.535,24.6,16.39,5996.23,79.47,596.49,4.109,58.39,19.491,25.571,1.586,24.577,16.473,LUBRICATION_DEGRADATION,1.0,1.0,1.0,0.3,1.0,0.0,0.0,0.0,0.0
168.9,CLIMB,75.93,54.35,9213.75,11.57,72.63,0.8887,5999.22,79.35,598.24,4.164,58.74,19.39,25.519,1.535,24.6,16.389,6000.27,78.72,598.34,4.194,58.22,19.319,25.55,1.524,24.616,16.418,LUBRICATION_DEGRADATION,1.0,1.0,1.0,0.3,1.0,0.0,0.0,0.0,0.0
169.0,CLIMB,75.92,54.35,9220.83,11.56,72.611,0.8885,5998.77,79.35,598.22,4.164,58.73,19.388,25.518,1.535,24.6,16.388,5988.57,78.96,597.18,4.204,58.61,19.272,25.565,1.451,24.569,16.385,LUBRICATION_DEGRADATION,1.0,1.0,1.0,0.3,1.0,0.0,0.0,0.0,0.0
169.1,CLIMB,75.91,54.34,9227.92,11.54,72.592,0.8883,5998.32,79.35,598.21,4.164,58.72,19.387,25.518,1.535,24.6,16.386,5993.3,79.95,599.92,4.187,59.03,19.385,25.477,1.506,24.566,16.396,LUBRICATION_DEGRADATION,1.0,1.0,1.0,0.3,1.0,0.0,0.0,0.0,0.0
169.2,CLIMB,75.9,54.34,9235.0,11.53,72.574,0.8881,5997.86,79.35,598.19,4.164,58.71,19.385,25.518,1.534,24.6,16.385,5988.51,79.53,601.0,4.153,58.54,19.398,25.518,1.592,24.624,16.245,LUBRICATION_DEGRADATION,1.0,1.0,1.0,0.3,1.0,0.0,0.0,0.0,0.0
169.3,CLIMB,75.89,54.33,9242.08,11.52,72.555,0.8879,5997.41,79.35,598.17,4.164,58.69,19.384,25.518,1.534,24.6,16.384,5987.44,80.05,598.36,4.2,58.43,19.427,25.551,1.53,24.57,16.585,LUBRICATION_DEGRADATION,1.0,1.0,1.0,0.3,1.0,0.0,0.0,0.0,0.0
169.4,CLIMB,75.88,54.32,9249.17,11.5,72.537,0.8877,5996.96,79.35,598.16,4.163,58.68,19.383,25.518,1.534,24.6,16.383,6003.7,80.48,596.86,4.186,58.35,19.562,25.566,1.635,24.601,16.329,LUBRICATION_DEGRADATION,1.0,1.0,1.0,0.3,1.0,0.0,0.0,0.0,0.0
169.5,CLIMB,75.88,54.32,9256.25,11.49,72.518,0.8876,5996.5,79.35,598.14,4.163,58.67,19.381,25.518,1.534,24.6,16.381,6002.84,78.8,598.23,4.175,59.02,19.287,25.456,1.574,24.636,16.246,LUBRICATION_DEGRADATION,1.0,1.0,1.0,0.3,1.0,0.0,0.0,0.0,0.0
169.6,CLIMB,75.87,54.31,9263.33,11.47,72.5,0.8874,5996.05,79.35,598.13,4.163,58.66,19.38,25.517,1.534,24.6,16.38,5995.39,80.11,596.55,4.175,58.85,19.425,25.561,1.615,24.647,16.262,LUBRICATION_DEGRADATION,1.0,1.0,1.0,0.3,1.0,0.0,0.0,0.0,0.0
169.7,CLIMB,75.86,54.31,9270.42,11.46,72.481,0.8872,5995.59,79.35,598.11,4.163,58.64,19.378,25.517,1.534,24.6,16.379,5992.01,79.04,598.41,4.158,58.28,19.383,25.539,1.529,24.634,16.467,LUBRICATION_DEGRADATION,1.0,1.0,1.0,0.3,1.0,0.0,0.0,0.0,0.0
169.8,CLIMB,75.85,54.3,9277.5,11.45,72.463,0.887,5995.14,79.35,598.1,4.163,58.63,19.377,25.517,1.534,24.6,16.378,5991.6,79.18,595.67,4.141,58.56,19.206,25.577,1.59,24.609,16.455,LUBRICATION_DEGRADATION,1.0,1.0,1.0,0.3,1.0,0.0,0.0,0.0,0.0
169.9,CLIMB,75.84,54.3,9284.58,11.43,72.444,0.8868,5994.69,79.34,598.08,4.163,58.62,19.376,25.517,1.534,24.6,16.376,6001.74,79.28,600.06,4.134,59.01,19.322,25.502,1.549,24.465,16.635,LUBRICATION_DEGRADATION,1.0,1.0,1.0,0.3,1.0,0.0,0.0,0.0,0.0
170.0,CLIMB,75.83,54.29,9291.67,11.42,72.425,0.8866,5994.24,79.34,598.07,4.163,58.61,19.374,25.517,1.534,24.6,16.375,5988.42,79.8,598.08,4.155,58.41,19.365,25.494,1.562,24.649,16.312,LUBRICATION_DEGRADATION,1.0,1.0,1.0,0.3,1.0,0.0,0.0,0.0,0.0
170.1,CLIMB,75.83,54.29,9298.75,11.4,72.407,0.8865,5993.78,79.34,598.05,4.163,58.59,19.373,25.517,1.534,24.6,16.374,5991.21,80.02,595.09,4.206,58.37,19.444,25.51,1.56,24.656,16.353,LUBRICATION_DEGRADATION,1.0,1.0,1.0,0.3,1.0,0.0,0.0,0.0,0.0
170.2,CLIMB,75.82,54.28,9305.83,11.39,72.388,0.8863,5993.33,79.34,598.03,4.163,58.58,19.371,25.516,1.534,24.6,16.373,5997.03,79.45,597.85,4.172,58.84,19.469,25.439,1.523,24.584,16.27,LUBRICATION_DEGRADATION,1.0,1.0,1.0,0.3,1.0,0.0,0.0,0.0,0.0
170.3,CLIMB,75.81,54.28,9312.92,11.37,72.37,0.8861,5992.88,79.34,598.02,4.163,58.57,19.37,25.516,1.533,24.6,16.371,5989.22,79.46,598.97,4.125,58.37,19.492,25.542,1.539,24.618,16.253,LUBRICATION_DEGRADATION,1.0,1.0,1.0,0.3,1.0,0.0,0.0,0.0,0.0
170.4,CLIMB,75.8,54.27,9320.0,11.36,72.351,0.8859,5992.42,79.34,598.0,4.162,58.56,19.368,25.516,1.533,24.6,16.37,5990.34,79.6,597.7,4.184,58.57,19.352,25.518,1.528,24.58,16.494,LUBRICATION_DEGRADATION,1.0,1.0,1.0,0.3,1.0,0.0,0.0,0.0,0.0
170.5,CLIMB,75.79,54.26,9327.08,11.35,72.333,0.8857,5991.97,79.34,597.99,4.162,58.55,19.367,25.516,1.533,24.6,16.369,5990.16,79.23,596.57,4.198,58.92,19.446,25.473,1.562,24.632,16.363,LUBRICATION_DEGRADATION,1.0,1.0,1.0,0.3,1.0,0.0,0.0,0.0,0.0
170.6,CLIMB,75.78,54.26,9334.17,11.33,72.314,0.8855,5991.52,79.34,597.97,4.162,58.53,19.366,25.516,1.533,24.6,16.368,6001.97,79.13,597.31,4.19,58.73,19.331,25.494,1.577,24.525,16.371,LUBRICATION_DEGRADATION,1.0,1.0,1.0,0.3,1.0,0.0,0.0,0.0,0.0
170.7,CLIMB,75.78,54.25,9341.25,11.32,72.296,0.8854,5991.06,79.34,597.96,4.162,58.52,19.364,25.516,1.533,24.6,16.366,5987.15,79.69,596.18,4.172,58.5,19.519,25.524,1.456,24.637,16.227,LUBRICATION_DEGRADATION,1.0,1.0,1.0,0.3,1.0,0.0,0.0,0.0,0.0
170.8,CLIMB,75.77,54.25,9348.33,11.3,72.277,0.8852,5990.61,79.34,597.94,4.162,58.51,19.363,25.515,1.533,24.6,16.365,5983.58,79.4,598.82,4.086,58.74,19.335,25.477,1.504,24.616,16.479,LUBRICATION_DEGRADATION,1.0,1.0,1.0,0.3,1.0,0.0,0.0,0.0,0.0
170.9,CLIMB,75.76,54.24,9355.42,11.29,72.259,0.885,5990.16,79.34,597.93,4.162,58.5,19.361,25.515,1.533,24.6,16.364,5987.18,79.77,599.02,4.176,58.6,19.39,25.521,1.566,24.613,16.183,LUBRICATION_DEGRADATION,1.0,1.0,1.0,0.3,1.0,0.0,0.0,0.0,0.0
171.0,CLIMB,75.75,54.24,9362.5,11.28,72.24,0.8848,5989.7,79.34,597.91,4.162,58.48,19.36,25.515,1.533,24.6,16.363,5989.17,80.11,600.63,4.175,58.54,19.255,25.447,1.554,24.638,16.271,LUBRICATION_DEGRADATION,1.0,1.0,1.0,0.3,1.0,0.0,0.0,0.0,0.0
171.1,CLIMB,75.74,54.23,9369.58,11.26,72.222,0.8846,5989.25,79.33,597.89,4.162,58.47,19.358,25.515,1.533,24.6,16.361,5999.94,79.97,597.97,4.155,58.4,19.381,25.437,1.518,24.618,16.235,LUBRICATION_DEGRADATION,1.0,1.0,1.0,0.3,1.0,0.0,0.0,0.0,0.0
171.2,CLIMB,75.73,54.23,9376.67,11.25,72.203,0.8845,5988.8,79.33,597.88,4.162,58.46,19.357,25.515,1.533,24.6,16.36,5987.1,79.37,599.29,4.133,59.25,19.408,25.416,1.578,24.573,16.395,LUBRICATION_DEGRADATION,1.0,1.0,1.0,0.3,1.0,0.0,0.0,0.0,0.0
171.3,CLIMB,75.73,54.22,9383.75,11.23,72.185,0.8843,5988.34,79.33,597.86,4.162,58.45,19.356,25.515,1.533,24.6,16.359,5990.89,79.38,596.79,4.156,58.58,19.249,25.477,1.488,24.633,16.291,LUBRICATION_DEGRADATION,1.0,1.0,1.0,0.3,1.0,0.0,0.0,0.0,0.0
171.4,CLIMB,75.72,54.22,9390.83,11.22,72.166,0.8841,5987.89,79.33,597.85,4.161,58.43,19.354,25.514,1.533,24.6,16.358,5982.5,79.18,596.02,4.139,58.3,19.419,25.464,1.502,24.556,16.467,LUBRICATION_DEGRADATION,1.0,1.0,1.0,0.3,1.0,0.0,0.0,0.0,0.0
171.5,CLIMB,75.71,54.21,9397.92,11.2,72.148,0.8839,5987.44,79.33,597.83,4.161,58.42,19.353,25.514,1.532,24.6,16.356,5991.18,77.89,597.44,4.153,58.48,19.642,25.599,1.55,24.653,16.424,LUBRICATION_DEGRADATION,1.0,1.0,1.0,0.3,1.0,0.0,0.0,0.0,0.0
171.6,CLIMB,75.7,54.21,9405.0,11.19,72.129,0.8837,5986.99,79.33,597.82,4.161,58.41,19.351,25.514,1.532,24.6,16.355,5988.05,79.0,595.87,4.18,58.93,19.259,25.503,1.537,24.585,16.309,LUBRICATION_DEGRADATION,1.0,1.0,1.0,0.3,1.0,0.0,0.0,0.0,0.0
171.7,CLIMB,75.69,54.2,9412.08,11.18,72.111,0.8835,5986.53,79.33,597.8,4.161,58.4,19.35,25.514,1.532,24.6,16.354,5981.78,79.57,598.17,4.124,58.43,19.23,25.502,1.509,24.573,16.215,LUBRICATION_DEGRADATION,1.0,1.0,1.0,0.3,1.0,0.0,0.0,0.0,0.0
171.8,CLIMB,75.68,54.19,9419.17,11.16,72.092,0.8834,5986.08,79.33,597.79,4.161,58.38,19.349,25.514,1.532,24.6,16.353,5988.49,79.77,599.01,4.102,58.59,19.385,25.513,1.439,24.507,16.33,LUBRICATION_DEGRADATION,1.0,1.0,1.0,0.3,1.0,0.0,0.0,0.0,0.0
171.9,CLIMB,75.68,54.19,9426.25,11.15,72.074,0.8832,5985.63,79.33,597.77,4.161,58.37,19.347,25.514,1.532,24.6,16.351,5989.48,79.01,598.93,4.148,58.74,19.376,25.501,1.601,24.609,16.37,LUBRICATION_DEGRADATION,1.0,1.0,1.0,0.3,1.0,0.0,0.0,0.0,0.0
172.0,CLIMB,75.67,54.18,9433.33,11.13,72.056,0.883,5985.17,79.33,597.76,4.161,58.36,19.346,25.513,1.532,24.6,16.35,5984.08,78.97,597.3,4.148,58.29,19.523,25.571,1.572,24.595,16.271,LUBRICATION_DEGRADATION,1.0,1.0,1.0,0.3,1.0,0.0,0.0,0.0,0.0
172.1,CLIMB,75.66,54.18,9440.42,11.12,72.037,0.8828,5984.72,79.33,597.74,4.161,58.35,19.344,25.513,1.532,24.6,16.349,5990.74,79.25,597.73,4.179,58.32,19.394,25.489,1.553,24.622,16.297,LUBRICATION_DEGRADATION,1.0,1.0,1.0,0.3,1.0,0.0,0.0,0.0,0.0
172.2,CLIMB,75.65,54.17,9447.5,11.11,72.019,0.8826,5984.27,79.33,597.72,4.161,58.34,19.343,25.513,1.532,24.6,16.348,5988.08,79.42,598.67,4.188,57.88,19.377,25.556,1.515,24.572,16.434,LUBRICATION_DEGRADATION,1.0,1.0,1.0,0.3,1.0,0.0,0.0,0.0,0.0
172.3,CLIMB,75.64,54.17,9454.58,11.09,72.0,0.8825,5983.82,79.32,597.71,4.161,58.32,19.341,25.513,1.532,24.6,16.346,5978.31,79.38,599.97,4.155,57.83,19.236,25.512,1.462,24.681,16.27,LUBRICATION_DEGRADATION,1.0,1.0,1.0,0.3,1.0,0.0,0.0,0.0,0.0
172.4,CLIMB,75.63,54.16,9461.67,11.08,71.982,0.8823,5983.36,79.32,597.69,4.16,58.31,19.34,25.513,1.532,24.6,16.345,5980.17,79.86,598.72,4.197,58.55,19.445,25.481,1.499,24.599,16.324,LUBRICATION_DEGRADATION,1.0,1.0,1.0,0.3,1.0,0.0,0.0,0.0,0.0
172.5,CLIMB,75.63,54.16,9468.75,11.06,71.963,0.8821,5982.91,79.32,597.68,4.16,58.3,19.339,25.513,1.532,24.6,16.344,5981.62,79.56,597.34,4.144,58.36,19.481,25.572,1.569,24.575,16.409,LUBRICATION_DEGRADATION,1.0,1.0,1.0,0.3,1.0,0.0,0.0,0.0,0.0
172.6,CLIMB,75.62,54.15,9475.83,11.05,71.945,0.8819,5982.46,79.32,597.66,4.16,58.29,19.337,25.512,1.531,24.6,16.343,5991.66,79.53,601.54,4.155,58.37,19.261,25.482,1.553,24.58,16.34,LUBRICATION_DEGRADATION,1.0,1.0,1.0,0.3,1.0,0.0,0.0,0.0,0.0
172.7,CLIMB,75.61,54.15,9482.92,11.03,71.927,0.8817,5982.01,79.32,597.65,4.16,58.27,19.336,25.512,1.531,24.6,16.341,5971.88,78.95,599.01,4.164,58.04,19.326,25.503,1.568,24.533,16.434,LUBRICATION_DEGRADATION,1.0,1.0,1.0,0.3,1.0,0.0,0.0,0.0,0.0
172.8,CLIMB,75.6,54.14,9490.0,11.02,71.908,0.8815,5981.55,79.32,597.63,4.16,58.26,19.334,25.512,1.531,24.6,16.34,5979.42,78.22,599.37,4.198,58.39,19.303,25.437,1.522,24.578,16.359,LUBRICATION_DEGRADATION,1.0,1.0,1.0,0.3,1.0,0.0,0.0,0.0,0.0
172.9,CLIMB,75.59,54.13,9497.08,11.01,71.89,0.8814,5981.1,79.32,597.62,4.16,58.25,19.333,25.512,1.531,24.6,16.339,5979.93,79.34,594.53,4.195,58.08,19.434,25.517,1.395,24.604,16.225,LUBRICATION_DEGRADATION,1.0,1.0,1.0,0.3,1.0,0.0,0.0,0.0,0.0
173.0,CLIMB,75.58,54.13,9504.17,10.99,71.871,0.8812,5980.65,79.32,597.6,4.16,58.24,19.332,25.512,1.531,24.6,16.338,5981.31,78.78,596.35,4.134,57.97,19.326,25.441,1.579,24.557,16.558,LUBRICATION_DEGRADATION,1.0,1.0,1.0,0.3,1.0,0.0,0.0,0.0,0.0
173.1,CLIMB,75.58,54.12,9511.25,10.98,71.853,0.881,5980.2,79.32,597.58,4.16,58.22,19.33,25.512,1.531,24.6,16.336,5983.28,78.37,599.14,4.152,57.77,19.39,25.527,1.59,24.703,16.27,LUBRICATION_DEGRADATION,1.0,1.0,1.0,0.3,1.0,0.0,0.0,0.0,0.0
173.2,CLIMB,75.57,54.12,9518.33,10.96,71.835,0.8808,5979.74,79.32,597.57,4.16,58.21,19.329,25.511,1.531,24.6,16.335,5987.51,78.12,597.73,4.188,58.25,19.481,25.487,1.55,24.655,16.379,LUBRICATION_DEGRADATION,1.0,1.0,1.0,0.3,1.0,0.0,0.0,0.0,0.0
173.3,CLIMB,75.56,54.11,9525.42,10.95,71.816,0.8806,5979.29,79.32,597.55,4.16,58.2,19.327,25.511,1.531,24.6,16.334,5978.14,79.67,596.07,4.161,58.23,19.2,25.547,1.441,24.657,16.331,LUBRICATION_DEGRADATION,1.0,1.0,1.0,0.3,1.0,0.0,0.0,0.0,0.0
173.4,CLIMB,75.55,54.11,9532.5,10.94,71.798,0.8805,5978.84,79.31,597.54,4.159,58.19,19.326,25.511,1.531,24.6,16.333,5978.14,78.77,598.77,4.147,58.25,19.483,25.557,1.566,24.7,16.304,LUBRICATION_DEGRADATION,1.0,1.0,1.0,0.3,1.0,0.0,0.0,0.0,0.0
173.5,CLIMB,75.54,54.1,9539.58,10.92,71.779,0.8803,5978.39,79.31,597.52,4.159,58.17,19.324,25.511,1.531,24.6,16.331,5972.81,80.0,597.61,4.214,58.18,19.13,25.498,1.539,24.609,16.404,LUBRICATION_DEGRADATION,1.0,1.0,1.0,0.3,1.0,0.0,0.0,0.0,0.0
173.6,CLIMB,75.53,54.1,9546.67,10.91,71.761,0.8801,5977.93,79.31,597.51,4.159,58.16,19.323,25.511,1.531,24.6,16.33,5981.07,79.3,596.77,4.146,58.21,19.423,25.502,1.393,24.613,16.236,LUBRICATION_DEGRADATION,1.0,1.0,1.0,0.3,1.0,0.0,0.0,0.0,0.0
173.7,CLIMB,75.53,54.09,9553.75,10.89,71.743,0.8799,5977.48,79.31,597.49,4.159,58.15,19.322,25.511,1.53,24.6,16.329,5983.02,79.69,598.7,4.203,58.02,19.313,25.44,1.562,24.57,16.477,LUBRICATION_DEGRADATION,1.0,1.0,1.0,0.3,1.0,0.0,0.0,0.0,0.0
173.8,CLIMB,75.52,54.09,9560.83,10.88,71.724,0.8797,5977.03,79.31,597.47,4.159,58.14,19.32,25.51,1.53,24.6,16.328,5972.49,79.96,598.34,4.2,57.38,19.451,25.507,1.429,24.623,16.469,LUBRICATION_DEGRADATION,1.0,1.0,1.0,0.3,1.0,0.0,0.0,0.0,0.0
173.9,CLIMB,75.51,54.08,9567.92,10.86,71.706,0.8795,5976.58,79.31,597.46,4.159,58.12,19.319,25.51,1.53,24.6,16.326,5983.37,78.31,597.66,4.196,57.14,19.512,25.534,1.58,24.613,16.317,LUBRICATION_DEGRADATION,1.0,1.0,1.0,0.3,1.0,0.0,0.0,0.0,0.0
174.0,CLIMB,75.5,54.08,9575.0,10.85,71.688,0.8794,5976.12,79.31,597.44,4.159,58.11,19.317,25.51,1.53,24.6,16.325,5973.94,79.16,596.71,4.167,58.17,19.483,25.513,1.415,24.596,16.042,LUBRICATION_DEGRADATION,1.0,1.0,1.0,0.3,1.0,0.0,0.0,0.0,0.0
174.1,CLIMB,75.49,54.07,9582.08,10.84,71.669,0.8792,5975.67,79.31,597.43,4.159,58.1,19.316,25.51,1.53,24.6,16.324,5973.7,79.69,599.47,4.117,58.24,19.435,25.516,1.448,24.586,16.434,LUBRICATION_DEGRADATION,1.0,1.0,1.0,0.3,1.0,0.0,0.0,0.0,0.0
174.2,CLIMB,75.48,54.06,9589.17,10.82,71.651,0.879,5975.22,79.31,597.41,4.159,58.09,19.314,25.51,1.53,24.6,16.323,5970.2,79.66,599.23,4.128,58.39,19.252,25.521,1.621,24.582,16.19,LUBRICATION_DEGRADATION,1.0,1.0,1.0,0.3,1.0,0.0,0.0,0.0,0.0
174.3,CLIMB,75.48,54.06,9596.25,10.81,71.633,0.8788,5974.77,79.31,597.4,4.159,58.07,19.313,25.51,1.53,24.6,16.321,5973.93,78.27,599.79,4.189,57.82,19.394,25.567,1.492,24.628,16.287,LUBRICATION_DEGRADATION,1.0,1.0,1.0,0.3,1.0,0.0,0.0,0.0,0.0
174.4,CLIMB,75.47,54.05,9603.33,10.79,71.614,0.8786,5974.31,79.31,597.38,4.158,58.06,19.312,25.509,1.53,24.6,16.32,5967.28,80.5,600.37,4.157,57.33,19.475,25.506,1.521,24.57,16.325,LUBRICATION_DEGRADATION,1.0,1.0,1.0,0.3,1.0,0.0,0.0,0.0,0.0
174.5,CLIMB,75.46,54.05,9610.42,10.78,71.596,0.8785,5973.86,79.31,597.37,4.158,58.05,19.31,25.509,1.53,24.6,16.319,5967.75,79.5,597.82,4.177,58.15,19.396,25.46,1.513,24.674,16.314,LUBRICATION_DEGRADATION,1.0,1.0,1.0,0.3,1.0,0.0,0.0,0.0,0.0
174.6,CLIMB,75.45,54.04,9617.5,10.77,71.578,0.8783,5973.41,79.3,597.35,4.158,58.04,19.309,25.509,1.53,24.6,16.318,5982.17,79.2,598.12,4.13,58.27,19.329,25.528,1.516,24.538,16.29,LUBRICATION_DEGRADATION,1.0,1.0,1.0,0.3,1.0,0.0,0.0,0.0,0.0
174.7,CLIMB,75.44,54.04,9624.58,10.75,71.559,0.8781,5972.96,79.3,597.33,4.158,58.02,19.307,25.509,1.53,24.6,16.316,5960.62,79.28,595.99,4.17,58.17,19.189,25.532,1.515,24.544,16.355,LUBRICATION_DEGRADATION,1.0,1.0,1.0,0.3,1.0,0.0,0.0,0.0,0.0
174.8,CLIMB,75.43,54.03,9631.67,10.74,71.541,0.8779,5972.51,79.3,597.32,4.158,58.01,19.306,25.509,1.53,24.6,16.315,5970.65,78.89,596.93,4.145,58.02,19.255,25.542,1.521,24.712,16.36,LUBRICATION_DEGRADATION,1.0,1.0,1.0,0.3,1.0,0.0,0.0,0.0,0.0
174.9,CLIMB,75.43,54.03,9638.75,10.72,71.523,0.8777,5972.05,79.3,597.3,4.158,58.0,19.305,25.509,1.529,24.6,16.314,5972.02,79.71,599.01,4.104,57.52,19.414,25.475,1.506,24.587,16.184,LUBRICATION_DEGRADATION,1.0,1.0,1.0,0.3,1.0,0.0,0.0,0.0,0.0
175.0,CLIMB,75.42,54.02,9645.83,10.71,71.504,0.8776,5971.6,79.3,597.29,4.158,57.99,19.303,25.508,1.529,24.6,16.313,5979.86,79.65,597.91,4.196,58.43,19.239,25.447,1.537,24.509,16.42,LUBRICATION_DEGRADATION,1.0,1.0,1.0,0.3,1.0,0.0,0.0,0.0,0.0
175.1,CLIMB,75.41,54.02,9652.92,10.69,71.486,0.8774,5971.15,79.3,597.27,4.158,57.97,19.302,25.508,1.529,24.6,16.311,5964.78,78.59,595.69,4.179,58.23,19.372,25.505,1.582,24.709,16.436,LUBRICATION_DEGRADATION,1.0,1.0,1.0,0.3,1.0,0.0,0.0,0.0,0.0
175.2,CLIMB,75.4,54.01,9660.0,10.68,71.468,0.8772,5970.7,79.3,597.26,4.158,57.96,19.3,25.508,1.529,24.6,16.31,5979.25,79.05,596.46,4.158,57.94,19.437,25.516,1.481,24.645,16.611,LUBRICATION_DEGRADATION,1.0,1.0,1.0,0.3,1.0,0.0,0.0,0.0,0.0
175.3,CLIMB,75.39,54.0,9667.08,10.67,71.45,0.877,5970.25,79.3,597.24,4.158,57.95,19.299,25.508,1.529,24.6,16.309,5974.39,78.78,595.71,4.171,58.04,19.343,25.548,1.521,24.585,16.252,LUBRICATION_DEGRADATION,1.0,1.0,1.0,0.3,1.0,0.0,0.0,0.0,0.0
175.4,CLIMB,75.38,54.0,9674.17,10.65,71.431,0.8768,5969.79,79.3,597.23,4.157,57.94,19.297,25.508,1.529,24.6,16.308,5969.82,79.26,597.27,4.171,57.83,19.356,25.5,1.463,24.677,16.322,LUBRICATION_DEGRADATION,1.0,1.0,1.0,0.3,1.0,0.0,0.0,0.0,0.0
175.5,CLIMB,75.38,53.99,9681.25,10.64,71.413,0.8766,5969.34,79.3,597.21,4.157,57.92,19.296,25.508,1.529,24.6,16.306,5979.3,79.71,595.24,4.127,58.12,19.522,25.462,1.558,24.687,16.52,LUBRICATION_DEGRADATION,1.0,1.0,1.0,0.3,1.0,0.0,0.0,0.0,0.0
175.6,CLIMB,75.37,53.99,9688.33,10.62,71.395,0.8765,5968.89,79.3,597.19,4.157,57.91,19.295,25.507,1.529,24.6,16.305,5969.54,79.0,598.04,4.143,57.7,19.288,25.516,1.551,24.661,16.36,LUBRICATION_DEGRADATION,1.0,1.0,1.0,0.3,1.0,0.0,0.0,0.0,0.0
175.7,CLIMB,75.36,53.98,9695.42,10.61,71.376,0.8763,5968.44,79.29,597.18,4.157,57.9,19.293,25.507,1.529,24.6,16.304,5977.74,78.57,594.52,4.145,57.3,19.28,25.552,1.462,24.67,16.064,LUBRICATION_DEGRADATION,1.0,1.0,1.0,0.3,1.0,0.0,0.0,0.0,0.0
175.8,CLIMB,75.35,53.98,9702.5,10.6,71.358,0.8761,5967.99,79.29,597.16,4.157,57.89,19.292,25.507,1.529,24.6,16.303,5972.04,80.08,596.78,4.142,57.63,19.14,25.516,1.56,24.664,16.293,LUBRICATION_DEGRADATION,1.0,1.0,1.0,0.3,1.0,0.0,0.0,0.0,0.0
175.9,CLIMB,75.34,53.97,9709.58,10.58,71.34,0.8759,5967.53,79.29,597.15,4.157,57.87,19.29,25.507,1.529,24.6,16.301,5969.6,79.2,595.55,4.217,57.97,19.221,25.498,1.534,24.521,16.215,LUBRICATION_DEGRADATION,1.0,1.0,1.0,0.3,1.0,0.0,0.0,0.0,0.0
176.0,CLIMB,75.33,53.97,9716.67,10.57,71.322,0.8757,5967.08,79.29,597.13,4.157,57.86,19.289,25.507,1.528,24.6,16.3,5965.11,79.08,596.92,4.178,58.05,19.198,25.555,1.51,24.581,16.396,LUBRICATION_DEGRADATION,1.0,1.0,1.0,0.3,1.0,0.0,0.0,0.0,0.0
176.1,CLIMB,75.33,53.96,9723.75,10.55,71.303,0.8756,5966.63,79.29,597.12,4.157,57.85,19.287,25.507,1.528,24.6,16.299,5959.14,79.48,595.24,4.193,57.68,19.215,25.453,1.534,24.501,16.254,LUBRICATION_DEGRADATION,1.0,1.0,1.0,0.3,1.0,0.0,0.0,0.0,0.0
176.2,CLIMB,75.32,53.96,9730.83,10.54,71.285,0.8754,5966.18,79.29,597.1,4.157,57.84,19.286,25.506,1.528,24.6,16.298,5962.69,80.12,596.6,4.137,58.35,19.257,25.548,1.611,24.577,16.208,LUBRICATION_DEGRADATION,1.0,1.0,1.0,0.3,1.0,0.0,0.0,0.0,0.0
176.3,CLIMB,75.31,53.95,9737.92,10.52,71.267,0.8752,5965.73,79.29,597.09,4.157,57.82,19.285,25.506,1.528,24.6,16.296,5968.57,78.77,596.11,4.174,57.52,19.286,25.492,1.657,24.61,16.246,LUBRICATION_DEGRADATION,1.0,1.0,1.0,0.3,1.0,0.0,0.0,0.0,0.0
176.4,CLIMB,75.3,53.95,9745.0,10.51,71.249,0.875,5965.27,79.29,597.07,4.156,57.81,19.283,25.506,1.528,24.6,16.295,5968.61,79.26,595.81,4.106,57.88,19.287,25.41,1.526,24.652,16.384,LUBRICATION_DEGRADATION,1.0,1.0,1.0,0.3,1.0,0.0,0.0,0.0,0.0
176.5,CLIMB,75.29,53.94,9752.08,10.5,71.23,0.8748,5964.82,79.29,597.05,4.156,57.8,19.282,25.506,1.528,24.6,16.294,5969.39,79.25,595.76,4.116,58.13,19.247,25.49,1.532,24.564,16.132,LUBRICATION_DEGRADATION,1.0,1.0,1.0,0.3,1.0,0.0,0.0,0.0,0.0
176.6,CLIMB,75.28,53.93,9759.17,10.48,71.212,0.8747,5964.37,79.29,597.04,4.156,57.79,19.28,25.506,1.528,24.6,16.293,5957.92,79.52,596.79,4.136,57.58,19.203,25.526,1.481,24.509,16.158,LUBRICATION_DEGRADATION,1.0,1.0,1.0,0.3,1.0,0.0,0.0,0.0,0.0
176.7,CLIMB,75.28,53.93,9766.25,10.47,71.194,0.8745,5963.92,79.29,597.02,4.156,57.77,19.279,25.506,1.528,24.6,16.291,5968.27,79.03,596.85,4.125,58.0,19.222,25.513,1.56,24.54,16.407,LUBRICATION_DEGRADATION,1.0,1.0,1.0,0.3,1.0,0.0,0.0,0.0,0.0
176.8,CLIMB,75.27,53.92,9773.33,10.45,71.176,0.8743,5963.47,79.28,597.01,4.156,57.76,19.277,25.505,1.528,24.6,16.29,5969.29,79.49,597.96,4.214,57.82,19.329,25.55,1.528,24.59,16.16,LUBRICATION_DEGRADATION,1.0,1.0,1.0,0.3,1.0,0.0,0.0,0.0,0.0
176.9,CLIMB,75.26,53.92,9780.42,10.44,71.157,0.8741,5963.02,79.28,596.99,4.156,57.75,19.276,25.505,1.528,24.6,16.289,5962.79,80.26,594.68,4.159,57.59,18.995,25.49,1.505,24.53,16.186,LUBRICATION_DEGRADATION,1.0,1.0,1.0,0.3,1.0,0.0,0.0,0.0,0.0
177.0,CLIMB,75.25,53.91,9787.5,10.43,71.139,0.8739,5962.56,79.28,596.98,4.156,57.74,19.275,25.505,1.528,24.6,16.288,5964.06,79.16,599.99,4.139,57.34,19.096,25.459,1.538,24.693,16.282,LUBRICATION_DEGRADATION,1.0,1.0,1.0,0.3,1.0,0.0,0.0,0.0,0.0
177.1,CLIMB,75.24,53.91,9794.58,10.41,71.121,0.8738,5962.11,79.28,596.96,4.156,57.72,19.273,25.505,1.527,24.6,16.286,5960.28,78.58,596.0,4.166,57.63,19.335,25.497,1.677,24.573,16.366,LUBRICATION_DEGRADATION,1.0,1.0,1.0,0.3,1.0,0.0,0.0,0.0,0.0
177.2,CLIMB,75.23,53.9,9801.67,10.4,71.103,0.8736,5961.66,79.28,596.95,4.156,57.71,19.272,25.505,1.527,24.6,16.285,5957.02,79.59,597.15,4.154,57.85,19.098,25.536,1.466,24.605,16.234,LUBRICATION_DEGRADATION,1.0,1.0,1.0,0.3,1.0,0.0,0.0,0.0,0.0
177.3,CLIMB,75.23,53.9,9808.75,10.38,71.085,0.8734,5961.21,79.28,596.93,4.156,57.7,19.27,25.505,1.527,24.6,16.284,5952.8,78.85,599.4,4.141,57.45,19.357,25.445,1.505,24.616,16.099,LUBRICATION_DEGRADATION,1.0,1.0,1.0,0.3,1.0,0.0,0.0,0.0,0.0
177.4,CLIMB,75.22,53.89,9815.83,10.37,71.066,0.8732,5960.76,79.28,596.91,4.155,57.69,19.269,25.504,1.527,24.6,16.283,5962.81,79.56,595.65,4.173,57.77,19.312,25.518,1.586,24.64,16.235,LUBRICATION_DEGRADATION,1.0,1.0,1.0,0.3,1.0,0.0,0.0,0.0,0.0
177.5,CLIMB,75.21,53.89,9822.92,10.35,71.048,0.873,5960.31,79.28,596.9,4.155,57.67,19.268,25.504,1.527,24.6,16.281,5957.7,79.11,596.32,4.174,57.73,19.402,25.438,1.563,24.635,16.464,LUBRICATION_DEGRADATION,1.0,1.0,1.0,0.3,1.0,0.0,0.0,0.0,0.0
177.6,CLIMB,75.2,53.88,9830.0,10.34,71.03,0.8729,5959.85,79.28,596.88,4.155,57.66,19.266,25.504,1.527,24.6,16.28,5960.09,79.53,595.79,4.146,57.47,19.186,25.513,1.63,24.584,16.386,LUBRICATION_DEGRADATION,1.0,1.0,1.0,0.3,1.0,0.0,0.0,0.0,0.0
177.7,CLIMB,75.19,53.87,9837.08,10.33,71.012,0.8727,5959.4,79.28,596.87,4.155,57.65,19.265,25.504,1.527,24.6,16.279,5956.37,79.7,598.24,4.129,57.86,19.323,25.5,1.545,24.516,16.474,LUBRICATION_DEGRADATION,1.0,1.0,1.0,0.3,1.0,0.0,0.0,0.0,0.0
177.8,CLIMB,75.18,53.87,9844.17,10.31,70.994,0.8725,5958.95,79.28,596.85,4.155,57.64,19.263,25.504,1.527,24.6,16.278,5963.75,79.35,597.76,4.17,57.91,19.255,25.496,1.558,24.62,16.16,LUBRICATION_DEGRADATION,1.0,1.0,1.0,0.3,1.0,0.0,0.0,0.0,0.0
177.9,CLIMB,75.18,53.86,9851.25,10.3,70.976,0.8723,5958.5,79.28,596.84,4.155,57.62,19.262,25.504,1.527,24.6,16.276,5953.91,79.08,596.29,4.184,58.03,19.363,25.563,1.47,24.705,16.253,LUBRICATION_DEGRADATION,1.0,1.0,1.0,0.3,1.0,0.0,0.0,0.0,0.0
178.0,CLIMB,75.17,53.86,9858.33,10.28,70.957,0.8721,5958.05,79.27,596.82,4.155,57.61,19.26,25.503,1.527,24.6,16.275,5959.09,79.23,596.57,4.131,57.86,19.359,25.546,1.524,24.617,16.277,LUBRICATION_DEGRADATION,1.0,1.0,1.0,0.3,1.0,0.0,0.0,0.0,0.0
178.1,CLIMB,75.16,53.85,9865.42,10.27,70.939,0.872,5957.6,79.27,596.8,4.155,57.6,19.259,25.503,1.527,24.6,16.274,5948.32,79.09,597.37,4.157,57.43,19.412,25.574,1.543,24.561,16.174,LUBRICATION_DEGRADATION,1.0,1.0,1.0,0.3,1.0,0.0,0.0,0.0,0.0
178.2,CLIMB,75.15,53.85,9872.5,10.26,70.921,0.8718,5957.15,79.27,596.79,4.155,57.59,19.258,25.503,1.526,24.6,16.273,5955.52,78.72,597.04,4.18,57.43,19.099,25.422,1.583,24.633,16.137,LUBRICATION_DEGRADATION,1.0,1.0,1.0,0.3,1.0,0.0,0.0,0.0,0.0
178.3,CLIMB,75.14,53.84,9879.58,10.24,70.903,0.8716,5956.69,79.27,596.77,4.155,57.57,19.256,25.503,1.526,24.6,16.271,5953.49,79.47,599.8,4.17,57.22,19.276,25.45,1.442,24.62,16.334,LUBRICATION_DEGRADATION,1.0,1.0,1.0,0.3,1.0,0.0,0.0,0.0,0.0
178.4,CLIMB,75.13,53.84,9886.67,10.23,70.885,0.8714,5956.24,79.27,596.76,4.154,57.56,19.255,25.503,1.526,24.6,16.27,5959.0,79.23,596.58,4.167,56.93,19.068,25.454,1.559,24.503,16.298,LUBRICATION_DEGRADATION,1.0,1.0,1.0,0.3,1.0,0.0,0.0,0.0,0.0
178.5,CLIMB,75.13,53.83,9893.75,10.21,70.867,0.8712,5955.79,79.27,596.74,4.154,57.55,19.253,25.503,1.526,24.6,16.269,5950.67,79.3,596.66,4.21,58.18,19.231,25.574,1.383,24.526,16.278,LUBRICATION_DEGRADATION,1.0,1.0,1.0,0.3,1.0,0.0,0.0,0.0,0.0
178.6,CLIMB,75.12,53.83,9900.83,10.2,70.849,0.8711,5955.34,79.27,596.73,4.154,57.54,19.252,25.502,1.526,24.6,16.268,5963.03,79.48,595.53,4.189,57.77,19.316,25.591,1.625,24.564,16.024,LUBRICATION_DEGRADATION,1.0,1.0,1.0,0.3,1.0,0.0,0.0,0.0,0.0
178.7,CLIMB,75.11,53.82,9907.92,10.18,70.83,0.8709,5954.89,79.27,596.71,4.154,57.52,19.25,25.502,1.526,24.6,16.266,5961.81,78.91,598.63,4.174,57.65,19.256,25.525,1.618,24.539,16.203,LUBRICATION_DEGRADATION,1.0,1.0,1.0,0.3,1.0,0.0,0.0,0.0,0.0
178.8,CLIMB,75.1,53.82,9915.0,10.17,70.812,0.8707,5954.44,79.27,596.7,4.154,57.51,19.249,25.502,1.526,24.6,16.265,5958.89,79.2,596.22,4.154,57.8,19.113,25.5,1.527,24.557,16.06,LUBRICATION_DEGRADATION,1.0,1.0,1.0,0.3,1.0,0.0,0.0,0.0,0.0
178.9,CLIMB,75.09,53.81,9922.08,10.16,70.794,0.8705,5953.99,79.27,596.68,4.154,57.5,19.248,25.502,1.526,24.6,16.264,5959.56,79.17,598.73,4.157,57.01,19.306,25.398,1.573,24.676,16.224,LUBRICATION_DEGRADATION,1.0,1.0,1.0,0.3,1.0,0.0,0.0,0.0,0.0
179.0,CLIMB,75.08,53.8,9929.17,10.14,70.776,0.8704,5953.54,79.27,596.66,4.154,57.49,19.246,25.502,1.526,24.6,16.263,5953.23,79.43,595.72,4.148,57.39,19.156,25.556,1.576,24.615,16.161,LUBRICATION_DEGRADATION,1.0,1.0,1.0,0.3,1.0,0.0,0.0,0.0,0.0
179.1,CLIMB,75.08,53.8,9936.25,10.13,70.758,0.8702,5953.08,79.26,596.65,4.154,57.47,19.245,25.502,1.526,24.6,16.261,5951.3,79.6,595.24,4.159,57.43,19.303,25.443,1.532,24.599,16.109,LUBRICATION_DEGRADATION,1.0,1.0,1.0,0.3,1.0,0.0,0.0,0.0,0.0
179.2,CLIMB,75.07,53.79,9943.33,10.11,70.74,0.87,5952.63,79.26,596.63,4.154,57.46,19.243,25.501,1.526,24.6,16.26,5956.77,79.03,597.36,4.127,57.16,19.326,25.571,1.641,24.651,16.28,LUBRICATION_DEGRADATION,1.0,1.0,1.0,0.3,1.0,0.0,0.0,0.0,0.0
179.3,CLIMB,75.06,53.79,9950.42,10.1,70.722,0.8698,5952.18,79.26,596.62,4.154,57.45,19.242,25.501,1.526,24.6,16.259,5958.43,78.88,594.95,4.129,58.08,19.343,25.61,1.537,24.563,16.464,LUBRICATION_DEGRADATION,1.0,1.0,1.0,0.3,1.0,0.0,0.0,0.0,0.0
179.4,CLIMB,75.05,53.78,9957.5,10.09,70.704,0.8696,5951.73,79.26,596.6,4.153,57.43,19.24,25.501,1.525,24.6,16.258,5953.62,78.88,596.19,4.179,57.47,19.344,25.467,1.426,24.603,16.134,LUBRICATION_DEGRADATION,1.0,1.0,1.0,0.3,1.0,0.0,0.0,0.0,0.0
179.5,CLIMB,75.04,53.78,9964.58,10.07,70.685,0.8695,5951.28,79.26,596.59,4.153,57.42,19.239,25.501,1.525,24.6,16.256,5936.89,78.8,595.55,4.103,57.55,19.234,25.459,1.469,24.552,16.287,LUBRICATION_DEGRADATION,1.0,1.0,1.0,0.3,1.0,0.0,0.0,0.0,0.0
179.6,CLIMB,75.03,53.77,9971.67,10.06,70.667,0.8693,5950.83,79.26,596.57,4.153,57.41,19.238,25.501,1.525,24.6,16.255,5951.04,79.17,595.74,4.191,57.66,19.356,25.489,1.437,24.577,16.264,LUBRICATION_DEGRADATION,1.0,1.0,1.0,0.3,1.0,0.0,0.0,0.0,0.0
179.7,CLIMB,75.03,53.77,9978.75,10.04,70.649,0.8691,5950.38,79.26,596.55,4.153,57.4,19.236,25.501,1.525,24.6,16.254,5946.41,78.55,595.83,4.165,57.31,19.254,25.445,1.593,24.607,16.248,LUBRICATION_DEGRADATION,1.0,1.0,1.0,0.3,1.0,0.0,0.0,0.0,0.0
179.8,CLIMB,75.02,53.76,9985.83,10.03,70.631,0.8689,5949.93,79.26,596.54,4.153,57.38,19.235,25.5,1.525,24.6,16.253,5952.6,79.0,598.91,4.175,56.86,19.075,25.432,1.572,24.577,16.309,LUBRICATION_DEGRADATION,1.0,1.0,1.0,0.3,1.0,0.0,0.0,0.0,0.0
179.9,CLIMB,75.01,53.76,9992.92,10.01,70.613,0.8687,5949.48,79.26,596.52,4.153,57.37,19.233,25.5,1.525,24.6,16.251,5946.82,79.85,598.49,4.14,57.62,19.257,25.441,1.527,24.581,16.14,LUBRICATION_DEGRADATION,1.0,1.0,1.0,0.3,1.0,0.0,0.0,0.0,0.0
180.0,CLIMB,75.0,53.75,10000.0,10.0,70.595,0.8686,5949.02,79.26,596.51,4.153,57.36,19.232,25.5,1.525,24.6,16.25,5953.99,79.91,596.9,4.135,57.75,19.247,25.485,1.591,24.578,16.236,LUBRICATION_DEGRADATION,1.0,1.0,1.0,0.3,1.0,0.0,0.0,0.0,0.0
