timestamp_s,mission_phase,throttle_pct,engine_load_pct,altitude_ft,ambient_temperature_c,ambient_pressure_kpa,air_density_kg_m3,true_rpm,true_cht_c,true_egt_c,true_oil_pressure_bar,true_oil_temperature_c,true_fuel_flow_lph,true_injection_timing_deg,true_vibration_mm_s,true_battery_voltage_v,true_alternator_current_a,rpm,cht_c,egt_c,oil_pressure_bar,oil_temperature_c,fuel_flow_lph,injection_timing_deg,vibration_mm_s,battery_voltage_v,alternator_current_a,fault_type,fault_severity,cooling_health,injector_health,lubrication_health,mechanical_health,misfire_severity,sensor_drift_cht_c,sensor_drift_egt_c,sensor_drift_oil_pressure_bar
0.0,TAKEOFF,85.0,60.25,0.0,30.0,101.325,1.1644,2701.04,80.0,402.66,3.384,69.99,20.809,25.7,1.252,24.324,16.578,2703.84,80.48,403.32,3.365,70.24,20.81,25.791,1.252,24.293,16.431,MECHANICAL_FAILURE,0.0,1.0,1.0,1.0,1.0,0.0,0.0,0.0,0.0
0.1,TAKEOFF,85.02,60.26,2.5,30.0,101.316,1.1643,2892.06,80.01,405.28,3.482,69.98,20.813,25.7,1.271,24.347,16.677,2892.56,78.58,406.46,3.471,70.2,20.906,25.737,1.277,24.317,16.547,MECHANICAL_FAILURE,0.0,1.0,1.0,1.0,1.0,0.0,0.0,0.0,0.0
0.2,TAKEOFF,85.03,60.27,5.0,29.99,101.307,1.1642,3073.57,80.01,407.87,3.575,69.97,20.816,25.701,1.29,24.369,16.772,3067.0,79.87,406.12,3.563,70.07,20.705,25.671,1.276,24.355,16.831,MECHANICAL_FAILURE,0.0,1.0,1.0,1.0,1.0,0.0,0.0,0.0,0.0
0.3,TAKEOFF,85.05,60.28,7.5,29.98,101.298,1.1641,3246.04,80.01,410.43,3.664,69.96,20.82,25.701,1.307,24.39,16.862,3247.6,80.28,409.27,3.639,69.64,20.926,25.674,1.255,24.434,16.846,MECHANICAL_FAILURE,0.0,1.0,1.0,1.0,1.0,0.0,0.0,0.0,0.0
0.4,TAKEOFF,85.07,60.29,10.0,29.98,101.288,1.1641,3409.92,80.01,412.95,3.748,69.95,20.823,25.701,1.323,24.409,16.948,3406.75,80.46,413.02,3.714,69.74,20.781,25.661,1.258,24.37,16.961,MECHANICAL_FAILURE,0.0,1.0,1.0,1.0,1.0,0.0,0.0,0.0,0.0
0.5,TAKEOFF,85.08,60.3,12.5,29.98,101.279,1.164,3565.64,80.01,415.45,3.828,69.94,20.827,25.702,1.339,24.428,17.03,3562.03,79.95,414.26,3.853,69.86,20.629,25.743,1.324,24.404,16.883,MECHANICAL_FAILURE,0.0,1.0,1.0,1.0,1.0,0.0,0.0,0.0,0.0
0.6,TAKEOFF,85.1,60.31,15.0,29.97,101.27,1.1639,3713.62,80.02,417.92,3.904,69.93,20.83,25.702,1.354,24.446,17.108,3716.24,79.65,416.55,3.905,70.06,20.849,25.727,1.348,24.461,17.091,MECHANICAL_FAILURE,0.0,1.0,1.0,1.0,1.0,0.0,0.0,0.0,0.0
0.7,TAKEOFF,85.12,60.33,17.5,29.96,101.261,1.1638,3854.23,80.02,420.35,3.976,69.93,20.834,25.702,1.368,24.463,17.182,3854.63,80.4,420.98,3.988,69.85,20.665,25.746,1.323,24.486,17.29,MECHANICAL_FAILURE,0.0,1.0,1.0,1.0,1.0,0.0,0.0,0.0,0.0
0.8,TAKEOFF,85.13,60.34,20.0,29.96,101.252,1.1637,3987.85,80.02,422.76,4.044,69.92,20.838,25.703,1.381,24.479,17.253,3981.98,80.15,421.77,4.048,69.99,20.842,25.698,1.387,24.6,17.113,MECHANICAL_FAILURE,0.0,1.0,1.0,1.0,1.0,0.0,0.0,0.0,0.0
0.9,TAKEOFF,85.15,60.35,22.5,29.95,101.243,1.1636,4114.82,80.02,425.13,4.109,69.91,20.841,25.703,1.394,24.494,17.32,4115.27,79.86,424.75,4.139,70.02,20.847,25.678,1.419,24.511,17.235,MECHANICAL_FAILURE,0.0,1.0,1.0,1.0,1.0,0.0,0.0,0.0,0.0
1.0,TAKEOFF,85.17,60.36,25.0,29.95,101.234,1.1635,4235.48,80.02,427.48,4.171,69.9,20.845,25.703,1.406,24.508,17.384,4241.24,79.61,427.81,4.163,70.34,20.676,25.758,1.38,24.529,17.262,MECHANICAL_FAILURE,0.0,1.0,1.0,1.0,1.0,0.0,0.0,0.0,0.0
1.1,TAKEOFF,85.18,60.37,27.5,29.95,101.224,1.1635,4350.15,80.02,429.8,4.23,69.89,20.848,25.704,1.418,24.522,17.445,4346.4,80.5,429.14,4.254,70.13,21.051,25.714,1.434,24.588,17.412,MECHANICAL_FAILURE,0.0,1.0,1.0,1.0,1.0,0.0,0.0,0.0,0.0
1.2,TAKEOFF,85.2,60.38,30.0,29.94,101.215,1.1634,4459.12,80.02,432.08,4.286,69.88,20.852,25.704,1.429,24.535,17.504,4467.52,79.83,433.66,4.292,69.59,20.815,25.676,1.48,24.462,17.455,MECHANICAL_FAILURE,0.0,1.0,1.0,1.0,1.0,0.0,0.0,0.0,0.0
1.3,TAKEOFF,85.22,60.39,32.5,29.93,101.206,1.1633,4562.68,80.03,434.35,4.339,69.87,20.855,25.704,1.439,24.548,17.559,4555.61,79.13,436.96,4.303,69.6,21.052,25.711,1.453,24.581,17.531,MECHANICAL_FAILURE,0.0,1.0,1.0,1.0,1.0,0.0,0.0,0.0,0.0
1.4,TAKEOFF,85.23,60.4,35.0,29.93,101.197,1.1632,4661.09,80.03,436.58,4.39,69.86,20.859,25.705,1.449,24.559,17.612,4658.02,80.48,438.11,4.353,69.64,20.691,25.706,1.492,24.569,17.487,MECHANICAL_FAILURE,0.0,1.0,1.0,1.0,1.0,0.0,0.0,0.0,0.0
1.5,TAKEOFF,85.25,60.41,37.5,29.93,101.188,1.1631,4754.62,80.03,438.78,4.438,69.85,20.863,25.705,1.459,24.571,17.662,4762.14,80.53,439.2,4.45,69.81,20.749,25.707,1.525,24.58,17.483,MECHANICAL_FAILURE,0.0,1.0,1.0,1.0,1.0,0.0,0.0,0.0,0.0
1.6,TAKEOFF,85.27,60.42,40.0,29.92,101.179,1.163,4843.51,80.03,440.96,4.483,69.84,20.866,25.705,1.468,24.581,17.71,4837.02,80.99,440.6,4.47,69.63,20.868,25.687,1.459,24.599,17.767,MECHANICAL_FAILURE,0.0,1.0,1.0,1.0,1.0,0.0,0.0,0.0,0.0
1.7,TAKEOFF,85.28,60.43,42.5,29.91,101.17,1.1629,4928.0,80.03,443.12,4.527,69.83,20.87,25.706,1.476,24.591,17.756,4918.35,79.55,442.25,4.521,69.43,20.938,25.638,1.494,24.595,17.87,MECHANICAL_FAILURE,0.0,1.0,1.0,1.0,1.0,0.0,0.0,0.0,0.0
1.8,TAKEOFF,85.3,60.45,45.0,29.91,101.16,1.1629,5008.29,80.03,445.24,4.568,69.82,20.873,25.706,1.484,24.6,17.795,4999.82,79.47,444.66,4.504,69.56,20.957,25.638,1.495,24.556,17.925,MECHANICAL_FAILURE,0.0,1.0,1.0,1.0,1.0,0.0,0.0,0.0,0.0
1.9,TAKEOFF,85.32,60.46,47.5,29.91,101.151,1.1628,5084.61,80.03,447.34,4.607,69.81,20.877,25.706,1.492,24.6,17.797,5084.98,79.56,447.77,4.611,70.31,20.968,25.681,1.55,24.64,17.898,MECHANICAL_FAILURE,0.0,1.0,1.0,1.0,1.0,0.0,0.0,0.0,0.0
2.0,TAKEOFF,85.33,60.47,50.0,29.9,101.142,1.1627,5157.15,80.03,449.41,4.644,69.81,20.88,25.707,1.499,24.6,17.8,5155.24,79.41,448.47,4.712,69.48,20.842,25.693,1.506,24.611,17.892,MECHANICAL_FAILURE,0.0,1.0,1.0,1.0,1.0,0.0,0.0,0.0,0.0
2.1,TAKEOFF,85.35,60.48,52.5,29.89,101.133,1.1626,5226.1,80.03,451.46,4.68,69.8,20.884,25.707,1.506,24.6,17.802,5222.18,80.0,451.97,4.632,70.02,20.845,25.711,1.479,24.588,17.857,MECHANICAL_FAILURE,0.0,1.0,1.0,1.0,1.0,0.0,0.0,0.0,0.0
2.2,TAKEOFF,85.37,60.49,55.0,29.89,101.124,1.1625,5291.64,80.03,453.49,4.713,69.79,20.888,25.707,1.513,24.6,17.805,5297.03,80.11,452.62,4.793,70.22,20.878,25.788,1.55,24.62,17.878,MECHANICAL_FAILURE,0.0,1.0,1.0,1.0,1.0,0.0,0.0,0.0,0.0
2.3,TAKEOFF,85.38,60.5,57.5,29.89,101.115,1.1624,5353.93,80.04,455.48,4.745,69.78,20.891,25.708,1.519,24.6,17.808,5357.44,80.51,457.38,4.792,69.65,20.915,25.615,1.541,24.555,17.882,MECHANICAL_FAILURE,0.0,1.0,1.0,1.0,1.0,0.0,0.0,0.0,0.0
2.4,TAKEOFF,85.4,60.51,60.0,29.88,101.106,1.1623,5413.15,80.04,457.46,4.776,69.77,20.895,25.708,1.525,24.6,17.81,5408.1,80.57,457.3,4.724,69.61,20.97,25.632,1.573,24.504,17.984,MECHANICAL_FAILURE,0.0,1.0,1.0,1.0,1.0,0.0,0.0,0.0,0.0
2.5,TAKEOFF,85.42,60.52,62.5,29.88,101.096,1.1623,5469.45,80.04,459.41,4.805,69.76,20.898,25.708,1.531,24.6,17.812,5468.64,79.57,460.69,4.784,69.47,20.788,25.771,1.539,24.612,17.793,MECHANICAL_FAILURE,0.0,1.0,1.0,1.0,1.0,0.0,0.0,0.0,0.0
2.6,TAKEOFF,85.43,60.53,65.0,29.87,101.087,1.1622,5522.96,80.04,461.33,4.832,69.75,20.902,25.709,1.537,24.6,17.815,5524.36,80.01,460.23,4.836,69.53,21.028,25.759,1.573,24.588,17.83,MECHANICAL_FAILURE,0.0,1.0,1.0,1.0,1.0,0.0,0.0,0.0,0.0
2.7,TAKEOFF,85.45,60.54,67.5,29.86,101.078,1.1621,5573.84,80.04,463.24,4.858,69.74,20.905,25.709,1.542,24.6,17.818,5586.89,80.05,463.56,4.861,69.34,20.862,25.656,1.52,24.506,17.672,MECHANICAL_FAILURE,0.0,1.0,1.0,1.0,1.0,0.0,0.0,0.0,0.0
2.8,TAKEOFF,85.47,60.55,70.0,29.86,101.069,1.162,5622.21,80.04,465.12,4.883,69.73,20.909,25.709,1.547,24.6,17.82,5629.38,79.85,463.91,4.87,70.11,20.989,25.651,1.504,24.629,17.884,MECHANICAL_FAILURE,0.0,1.0,1.0,1.0,1.0,0.0,0.0,0.0,0.0
2.9,TAKEOFF,85.48,60.56,72.5,29.86,101.06,1.1619,5668.2,80.04,466.97,4.907,69.72,20.913,25.71,1.551,24.6,17.822,5660.31,79.59,466.61,4.951,70.25,20.87,25.666,1.601,24.579,17.76,MECHANICAL_FAILURE,0.0,1.0,1.0,1.0,1.0,0.0,0.0,0.0,0.0
3.0,TAKEOFF,85.5,60.58,75.0,29.85,101.051,1.1618,5711.92,80.04,468.81,4.929,69.71,20.916,25.71,1.556,24.6,17.825,5717.99,80.54,471.91,4.926,69.64,20.907,25.719,1.589,24.659,17.931,MECHANICAL_FAILURE,0.0,1.0,1.0,1.0,1.0,0.0,0.0,0.0,0.0
3.1,TAKEOFF,85.52,60.59,77.5,29.84,101.042,1.1617,5753.5,80.04,470.62,4.951,69.71,20.92,25.71,1.56,24.6,17.828,5749.84,79.84,472.6,4.97,69.34,21.044,25.635,1.54,24.643,17.826,MECHANICAL_FAILURE,0.0,1.0,1.0,1.0,1.0,0.0,0.0,0.0,0.0
3.2,TAKEOFF,85.53,60.6,80.0,29.84,101.032,1.1616,5793.03,80.04,472.41,4.971,69.7,20.923,25.711,1.564,24.6,17.83,5795.03,81.03,476.26,4.98,69.8,20.968,25.733,1.536,24.545,17.725,MECHANICAL_FAILURE,0.0,1.0,1.0,1.0,1.0,0.0,0.0,0.0,0.0
3.3,TAKEOFF,85.55,60.61,82.5,29.84,101.023,1.1616,5830.62,80.04,474.17,4.99,69.69,20.927,25.711,1.568,24.6,17.832,5824.12,79.97,474.07,4.982,69.0,20.88,25.705,1.561,24.667,17.928,MECHANICAL_FAILURE,0.0,1.0,1.0,1.0,1.0,0.0,0.0,0.0,0.0
3.4,TAKEOFF,85.57,60.62,85.0,29.83,101.014,1.1615,5866.37,80.04,475.92,5.009,69.68,20.93,25.711,1.572,24.6,17.835,5862.06,79.28,476.42,4.98,70.37,20.811,25.699,1.538,24.591,17.762,MECHANICAL_FAILURE,0.0,1.0,1.0,1.0,1.0,0.0,0.0,0.0,0.0
3.5,TAKEOFF,85.58,60.63,87.5,29.82,101.005,1.1614,5900.37,80.04,477.64,5.026,69.67,20.934,25.712,1.575,24.6,17.837,5911.83,80.1,477.25,5.049,69.31,20.823,25.669,1.524,24.618,17.721,MECHANICAL_FAILURE,0.0,1.0,1.0,1.0,1.0,0.0,0.0,0.0,0.0
3.6,TAKEOFF,85.6,60.64,90.0,29.82,100.996,1.1613,5932.71,80.04,479.35,5.043,69.66,20.938,25.712,1.578,24.6,17.84,5934.06,80.31,479.21,5.045,69.51,21.035,25.661,1.586,24.585,17.847,MECHANICAL_FAILURE,0.0,1.0,1.0,1.0,1.0,0.0,0.0,0.0,0.0
3.7,TAKEOFF,85.62,60.65,92.5,29.82,100.987,1.1612,5963.46,80.04,481.03,5.059,69.65,20.941,25.712,1.582,24.6,17.843,5970.66,79.97,481.93,5.134,69.4,21.109,25.655,1.609,24.603,17.771,MECHANICAL_FAILURE,0.0,1.0,1.0,1.0,1.0,0.0,0.0,0.0,0.0
3.8,TAKEOFF,85.63,60.66,95.0,29.81,100.978,1.1611,5992.72,80.04,482.69,5.074,69.64,20.945,25.713,1.585,24.6,17.845,5996.06,80.52,484.4,5.17,69.99,20.937,25.755,1.616,24.528,17.955,MECHANICAL_FAILURE,0.0,1.0,1.0,1.0,1.0,0.0,0.0,0.0,0.0
3.9,TAKEOFF,85.65,60.67,97.5,29.8,100.969,1.161,6020.54,80.04,484.33,5.088,69.63,20.948,25.713,1.587,24.6,17.848,6017.65,81.22,484.32,5.093,69.4,20.917,25.689,1.727,24.605,17.813,MECHANICAL_FAILURE,0.0,1.0,1.0,1.0,1.0,0.0,0.0,0.0,0.0
4.0,TAKEOFF,85.67,60.68,100.0,29.8,100.959,1.161,6047.02,80.04,485.95,5.102,69.62,20.952,25.713,1.59,24.6,17.85,6048.5,80.35,485.52,5.117,69.78,20.887,25.663,1.653,24.617,17.76,MECHANICAL_FAILURE,0.0,1.0,1.0,1.0,1.0,0.0,0.0,0.0,0.0
4.1,TAKEOFF,85.68,60.69,102.5,29.8,100.95,1.1609,6072.2,80.04,487.55,5.115,69.61,20.955,25.714,1.593,24.6,17.852,6069.34,80.72,487.39,5.144,69.77,20.977,25.685,1.635,24.564,17.525,MECHANICAL_FAILURE,0.0,1.0,1.0,1.0,1.0,0.0,0.0,0.0,0.0
4.2,TAKEOFF,85.7,60.71,105.0,29.79,100.941,1.1608,6096.17,80.04,489.14,5.127,69.61,20.959,25.714,1.595,24.6,17.855,6094.9,80.29,490.72,5.126,69.33,20.948,25.765,1.617,24.567,17.734,MECHANICAL_FAILURE,0.0,1.0,1.0,1.0,1.0,0.0,0.0,0.0,0.0
4.3,TAKEOFF,85.72,60.72,107.5,29.79,100.932,1.1607,6118.97,80.04,490.7,5.139,69.6,20.963,25.714,1.598,24.6,17.858,6124.55,80.06,491.15,5.125,70.11,20.744,25.739,1.618,24.609,17.898,MECHANICAL_FAILURE,0.0,1.0,1.0,1.0,1.0,0.0,0.0,0.0,0.0
4.4,TAKEOFF,85.73,60.73,110.0,29.78,100.923,1.1606,6140.67,80.04,492.24,5.15,69.59,20.966,25.715,1.6,24.6,17.86,6143.62,80.36,495.35,5.19,69.64,21.022,25.731,1.567,24.664,17.893,MECHANICAL_FAILURE,0.0,1.0,1.0,1.0,1.0,0.0,0.0,0.0,0.0
4.5,TAKEOFF,85.75,60.74,112.5,29.77,100.914,1.1605,6161.32,80.04,493.77,5.161,69.58,20.97,25.715,1.602,24.6,17.863,6169.68,80.44,494.96,5.102,69.71,21.068,25.676,1.526,24.59,17.839,MECHANICAL_FAILURE,0.0,1.0,1.0,1.0,1.0,0.0,0.0,0.0,0.0
4.6,TAKEOFF,85.77,60.75,115.0,29.77,100.905,1.1604,6180.97,80.04,495.28,5.171,69.57,20.973,25.715,1.604,24.6,17.865,6180.73,80.39,495.52,5.175,70.26,20.995,25.793,1.673,24.556,17.809,MECHANICAL_FAILURE,0.0,1.0,1.0,1.0,1.0,0.0,0.0,0.0,0.0
4.7,TAKEOFF,85.78,60.76,117.5,29.77,100.896,1.1604,6199.68,80.04,496.76,5.181,69.56,20.977,25.716,1.606,24.6,17.867,6197.21,79.4,494.88,5.15,69.3,20.985,25.761,1.662,24.502,17.857,MECHANICAL_FAILURE,0.0,1.0,1.0,1.0,1.0,0.0,0.0,0.0,0.0
4.8,TAKEOFF,85.8,60.77,120.0,29.76,100.887,1.1603,6217.49,80.04,498.23,5.19,69.55,20.98,25.716,1.608,24.6,17.87,6222.83,79.57,499.4,5.213,69.38,20.947,25.756,1.624,24.585,17.794,MECHANICAL_FAILURE,0.0,1.0,1.0,1.0,1.0,0.0,0.0,0.0,0.0
4.9,TAKEOFF,85.82,60.78,122.5,29.75,100.877,1.1602,6234.44,80.04,499.69,5.199,69.54,20.984,25.716,1.61,24.6,17.872,6246.21,79.6,500.6,5.127,69.59,21.016,25.717,1.74,24.606,17.879,MECHANICAL_FAILURE,0.0,1.0,1.0,1.0,1.0,0.0,0.0,0.0,0.0
5.0,TAKEOFF,85.83,60.79,125.0,29.75,100.868,1.1601,6250.59,80.04,501.12,5.207,69.53,20.988,25.717,1.611,24.6,17.875,6243.08,80.02,500.9,5.213,69.4,21.248,25.65,1.587,24.55,17.931,MECHANICAL_FAILURE,0.0,1.0,1.0,1.0,1.0,0.0,0.0,0.0,0.0
5.1,TAKEOFF,85.85,60.8,127.5,29.75,100.859,1.16,6265.96,80.04,502.54,5.215,69.52,20.991,25.717,1.613,24.6,17.877,6264.81,80.51,503.66,5.22,69.4,21.1,25.738,1.6,24.582,17.855,MECHANICAL_FAILURE,0.0,1.0,1.0,1.0,1.0,0.0,0.0,0.0,0.0
5.2,TAKEOFF,85.87,60.81,130.0,29.74,100.85,1.1599,6280.6,80.04,503.94,5.223,69.52,20.995,25.717,1.615,24.6,17.88,6276.35,79.47,502.74,5.199,69.72,21.093,25.614,1.635,24.588,17.818,MECHANICAL_FAILURE,0.0,1.0,1.0,1.0,1.0,0.0,0.0,0.0,0.0
5.3,TAKEOFF,85.88,60.82,132.5,29.73,100.841,1.1598,6294.55,80.04,505.32,5.23,69.51,20.998,25.718,1.616,24.6,17.883,6295.71,80.93,502.5,5.213,69.27,20.85,25.747,1.573,24.595,17.894,MECHANICAL_FAILURE,0.0,1.0,1.0,1.0,1.0,0.0,0.0,0.0,0.0
5.4,TAKEOFF,85.9,60.84,135.0,29.73,100.832,1.1598,6307.83,80.04,506.69,5.237,69.5,21.002,25.718,1.617,24.6,17.885,6306.88,79.84,506.79,5.201,69.42,21.122,25.662,1.63,24.676,17.936,MECHANICAL_FAILURE,0.0,1.0,1.0,1.0,1.0,0.0,0.0,0.0,0.0
5.5,TAKEOFF,85.92,60.85,137.5,29.73,100.823,1.1597,6320.49,80.04,508.04,5.243,69.49,21.005,25.718,1.619,24.6,17.888,6328.38,80.25,507.34,5.226,69.47,21.16,25.692,1.492,24.737,17.909,MECHANICAL_FAILURE,0.0,1.0,1.0,1.0,1.0,0.0,0.0,0.0,0.0
5.6,TAKEOFF,85.93,60.86,140.0,29.72,100.814,1.1596,6332.55,80.04,509.37,5.25,69.48,21.009,25.719,1.62,24.6,17.89,6336.74,79.35,508.93,5.284,69.1,21.055,25.699,1.57,24.534,17.897,MECHANICAL_FAILURE,0.0,1.0,1.0,1.0,1.0,0.0,0.0,0.0,0.0
5.7,TAKEOFF,85.95,60.87,142.5,29.71,100.805,1.1595,6344.04,80.04,510.69,5.256,69.47,21.013,25.719,1.621,24.6,17.892,6345.36,79.98,511.79,5.288,69.52,20.859,25.745,1.645,24.593,18.013,MECHANICAL_FAILURE,0.0,1.0,1.0,1.0,1.0,0.0,0.0,0.0,0.0
5.8,TAKEOFF,85.97,60.88,145.0,29.71,100.795,1.1594,6355.0,80.04,511.99,5.261,69.46,21.016,25.719,1.623,24.6,17.895,6352.6,80.3,509.65,5.274,69.88,21.26,25.729,1.677,24.621,17.81,MECHANICAL_FAILURE,0.0,1.0,1.0,1.0,1.0,0.0,0.0,0.0,0.0
5.9,TAKEOFF,85.98,60.89,147.5,29.71,100.786,1.1593,6365.45,80.04,513.27,5.267,69.45,21.02,25.72,1.624,24.6,17.898,6364.89,79.1,512.76,5.337,69.01,20.935,25.788,1.747,24.683,17.894,MECHANICAL_FAILURE,0.0,1.0,1.0,1.0,1.0,0.0,0.0,0.0,0.0
6.0,TAKEOFF,86.0,60.9,150.0,29.7,100.777,1.1593,6375.4,80.04,514.54,5.272,69.44,21.023,25.72,1.625,24.6,17.9,6377.72,80.38,510.3,5.235,69.48,21.036,25.706,1.651,24.654,17.729,MECHANICAL_FAILURE,0.0,1.0,1.0,1.0,1.0,0.0,0.0,0.0,0.0
6.1,TAKEOFF,86.02,60.91,152.5,29.7,100.768,1.1592,6384.9,80.04,515.8,5.277,69.44,21.027,25.72,1.626,24.6,17.902,6388.55,79.46,516.36,5.265,69.4,21.043,25.748,1.671,24.677,17.812,MECHANICAL_FAILURE,0.0,1.0,1.0,1.0,1.0,0.0,0.0,0.0,0.0
6.2,TAKEOFF,86.03,60.92,155.0,29.69,100.759,1.1591,6393.96,80.04,517.04,5.281,69.43,21.03,25.721,1.627,24.6,17.905,6395.8,80.41,516.42,5.264,68.97,20.92,25.623,1.648,24.54,17.927,MECHANICAL_FAILURE,0.0,1.0,1.0,1.0,1.0,0.0,0.0,0.0,0.0
6.3,TAKEOFF,86.05,60.93,157.5,29.68,100.75,1.159,6402.61,80.04,518.26,5.286,69.42,21.034,25.721,1.628,24.6,17.907,6398.24,80.41,517.7,5.294,69.61,21.088,25.778,1.639,24.557,18.015,MECHANICAL_FAILURE,0.0,1.0,1.0,1.0,1.0,0.0,0.0,0.0,0.0
6.4,TAKEOFF,86.07,60.94,160.0,29.68,100.741,1.1589,6410.85,80.04,519.47,5.29,69.41,21.038,25.721,1.629,24.6,17.91,6404.5,79.56,519.25,5.269,69.52,21.148,25.812,1.688,24.613,17.982,MECHANICAL_FAILURE,0.0,1.0,1.0,1.0,1.0,0.0,0.0,0.0,0.0
6.5,TAKEOFF,86.08,60.95,162.5,29.68,100.732,1.1588,6418.72,80.04,520.67,5.294,69.4,21.041,25.722,1.63,24.6,17.913,6420.97,79.79,518.53,5.323,69.28,20.939,25.734,1.713,24.653,18.005,MECHANICAL_FAILURE,0.0,1.0,1.0,1.0,1.0,0.0,0.0,0.0,0.0
6.6,TAKEOFF,86.1,60.96,165.0,29.67,100.723,1.1587,6426.24,80.04,521.85,5.298,69.39,21.045,25.722,1.63,24.6,17.915,6427.8,81.08,520.83,5.322,69.46,21.255,25.782,1.639,24.703,17.791,MECHANICAL_FAILURE,0.0,1.0,1.0,1.0,1.0,0.0,0.0,0.0,0.0
6.7,TAKEOFF,86.12,60.98,167.5,29.66,100.714,1.1587,6433.41,80.04,523.01,5.302,69.38,21.048,25.722,1.631,24.6,17.918,6438.69,79.42,522.7,5.336,69.8,21.049,25.749,1.539,24.6,18.014,MECHANICAL_FAILURE,0.0,1.0,1.0,1.0,1.0,0.0,0.0,0.0,0.0
6.8,TAKEOFF,86.13,60.99,170.0,29.66,100.704,1.1586,6440.27,80.04,524.17,5.306,69.37,21.052,25.723,1.632,24.6,17.92,6435.47,80.53,522.57,5.352,69.77,21.15,25.681,1.636,24.602,17.993,MECHANICAL_FAILURE,0.0,1.0,1.0,1.0,1.0,0.0,0.0,0.0,0.0
6.9,TAKEOFF,86.15,61.0,172.5,29.66,100.695,1.1585,6446.81,80.04,525.3,5.309,69.36,21.056,25.723,1.633,24.6,17.922,6451.16,79.81,527.34,5.333,68.83,21.016,25.718,1.602,24.589,17.871,MECHANICAL_FAILURE,0.0,1.0,1.0,1.0,1.0,0.0,0.0,0.0,0.0
7.0,TAKEOFF,86.17,61.01,175.0,29.65,100.686,1.1584,6453.07,80.04,526.43,5.312,69.36,21.059,25.723,1.633,24.6,17.925,6445.36,80.76,528.16,5.326,69.77,21.038,25.703,1.644,24.623,17.926,MECHANICAL_FAILURE,0.0,1.0,1.0,1.0,1.0,0.0,0.0,0.0,0.0
7.1,TAKEOFF,86.18,61.02,177.5,29.64,100.677,1.1583,6459.05,80.04,527.54,5.316,69.35,21.063,25.724,1.634,24.6,17.928,6455.22,80.68,526.0,5.311,69.21,21.068,25.623,1.64,24.639,17.963,MECHANICAL_FAILURE,0.0,1.0,1.0,1.0,1.0,0.0,0.0,0.0,0.0
7.2,TAKEOFF,86.2,61.03,180.0,29.64,100.668,1.1582,6464.77,80.04,528.64,5.319,69.34,21.066,25.724,1.635,24.6,17.93,6465.05,79.45,527.8,5.296,69.33,21.235,25.685,1.661,24.518,17.889,MECHANICAL_FAILURE,0.0,1.0,1.0,1.0,1.0,0.0,0.0,0.0,0.0
7.3,TAKEOFF,86.22,61.04,182.5,29.64,100.659,1.1581,6470.24,80.04,529.72,5.321,69.33,21.07,25.724,1.635,24.6,17.932,6474.36,80.73,529.31,5.337,69.84,20.98,25.706,1.69,24.593,17.985,MECHANICAL_FAILURE,0.0,1.0,1.0,1.0,1.0,0.0,0.0,0.0,0.0
7.4,TAKEOFF,86.23,61.05,185.0,29.63,100.65,1.1581,6475.47,80.04,530.79,5.324,69.32,21.073,25.725,1.636,24.6,17.935,6479.67,80.11,527.69,5.244,69.24,20.985,25.742,1.64,24.572,17.999,MECHANICAL_FAILURE,0.0,1.0,1.0,1.0,1.0,0.0,0.0,0.0,0.0
7.5,TAKEOFF,86.25,61.06,187.5,29.62,100.641,1.158,6480.47,80.04,531.85,5.327,69.31,21.077,25.725,1.637,24.6,17.938,6485.15,79.7,531.94,5.312,69.47,21.251,25.775,1.582,24.595,18.241,MECHANICAL_FAILURE,0.0,1.0,1.0,1.0,1.0,0.0,0.0,0.0,0.0
7.6,TAKEOFF,86.27,61.07,190.0,29.62,100.632,1.1579,6485.27,80.04,532.9,5.329,69.3,21.081,25.725,1.637,24.6,17.94,6474.79,80.26,532.99,5.325,69.31,20.941,25.714,1.721,24.625,17.935,MECHANICAL_FAILURE,0.0,1.0,1.0,1.0,1.0,0.0,0.0,0.0,0.0
7.7,TAKEOFF,86.28,61.08,192.5,29.62,100.623,1.1578,6489.86,80.04,533.93,5.332,69.29,21.084,25.726,1.638,24.6,17.943,6492.1,80.35,531.05,5.37,68.97,21.114,25.756,1.579,24.67,17.928,MECHANICAL_FAILURE,0.0,1.0,1.0,1.0,1.0,0.0,0.0,0.0,0.0
7.8,TAKEOFF,86.3,61.09,195.0,29.61,100.613,1.1577,6494.25,80.04,534.95,5.334,69.29,21.088,25.726,1.638,24.6,17.945,6503.95,79.53,535.13,5.352,69.3,21.035,25.749,1.715,24.568,17.852,MECHANICAL_FAILURE,0.0,1.0,1.0,1.0,1.0,0.0,0.0,0.0,0.0
7.9,TAKEOFF,86.32,61.11,197.5,29.61,100.604,1.1576,6498.47,80.04,535.96,5.336,69.28,21.091,25.726,1.639,24.6,17.947,6483.03,79.82,537.19,5.288,69.42,21.131,25.778,1.66,24.623,17.933,MECHANICAL_FAILURE,0.0,1.0,1.0,1.0,1.0,0.0,0.0,0.0,0.0
8.0,TAKEOFF,86.33,61.12,200.0,29.6,100.595,1.1575,6502.5,80.04,536.96,5.338,69.27,21.095,25.727,1.639,24.6,17.95,6499.93,80.75,536.11,5.327,69.41,21.201,25.772,1.683,24.657,17.951,MECHANICAL_FAILURE,0.0,1.0,1.0,1.0,1.0,0.0,0.0,0.0,0.0
8.1,TAKEOFF,86.35,61.13,202.5,29.59,100.586,1.1575,6506.38,80.04,537.94,5.341,69.26,21.098,25.727,1.64,24.6,17.953,6507.31,80.44,539.67,5.313,69.16,21.065,25.68,1.662,24.581,17.898,MECHANICAL_FAILURE,0.003,1.0,1.0,1.0,1.0,0.0,0.0,0.0,0.0
8.2,TAKEOFF,86.37,61.14,205.0,29.59,100.577,1.1574,6510.1,80.04,538.91,5.343,69.25,21.102,25.727,1.64,24.6,17.955,6505.63,79.95,539.07,5.384,69.08,21.097,25.673,1.635,24.515,18.025,MECHANICAL_FAILURE,0.007,1.0,1.0,1.0,1.0,0.0,0.0,0.0,0.0
8.3,TAKEOFF,86.38,61.15,207.5,29.59,100.568,1.1573,6513.66,80.04,539.87,5.344,69.24,21.106,25.728,1.641,24.6,17.957,6513.59,80.53,541.44,5.307,69.39,21.097,25.645,1.675,24.691,17.899,MECHANICAL_FAILURE,0.01,1.0,1.0,1.0,1.0,0.0,0.0,0.0,0.0
8.4,TAKEOFF,86.4,61.16,210.0,29.58,100.559,1.1572,6517.09,80.04,540.82,5.346,69.23,21.109,25.728,1.641,24.6,17.96,6511.96,79.16,543.0,5.313,69.39,21.026,25.68,1.735,24.674,18.075,MECHANICAL_FAILURE,0.013,1.0,1.0,1.0,1.0,0.0,0.0,0.0,0.0
8.5,TAKEOFF,86.42,61.17,212.5,29.57,100.55,1.1571,6520.38,80.04,541.76,5.348,69.22,21.113,25.728,1.641,24.6,17.962,6523.32,80.09,542.02,5.382,69.07,21.128,25.727,1.656,24.561,18.177,MECHANICAL_FAILURE,0.017,1.0,1.0,1.0,1.0,0.0,0.0,0.0,0.0
8.6,TAKEOFF,86.43,61.18,215.0,29.57,100.541,1.157,6523.54,80.04,542.69,5.35,69.22,21.116,25.729,1.642,24.6,17.965,6526.48,79.82,543.09,5.333,69.34,21.207,25.731,1.598,24.576,18.02,MECHANICAL_FAILURE,0.02,1.0,1.0,1.0,1.0,0.0,0.0,0.0,0.0
8.7,TAKEOFF,86.45,61.19,217.5,29.57,100.532,1.1569,6526.58,80.04,543.6,5.351,69.21,21.12,25.729,1.642,24.6,17.968,6526.45,79.8,545.03,5.357,69.49,21.197,25.594,1.655,24.526,18.001,MECHANICAL_FAILURE,0.023,1.0,1.0,1.0,1.0,0.0,0.0,0.0,0.0
8.8,TAKEOFF,86.47,61.2,220.0,29.56,100.523,1.1569,6529.51,80.04,544.51,5.353,69.2,21.123,25.729,1.643,24.6,17.97,6531.48,80.42,544.06,5.351,69.17,21.092,25.707,1.637,24.655,18.089,MECHANICAL_FAILURE,0.027,1.0,1.0,1.0,1.0,0.0,0.0,0.0,0.0
8.9,TAKEOFF,86.48,61.21,222.5,29.55,100.514,1.1568,6532.32,80.04,545.4,5.354,69.19,21.127,25.73,1.643,24.6,17.973,6536.51,79.49,547.62,5.337,69.09,20.816,25.757,1.542,24.637,18.129,MECHANICAL_FAILURE,0.03,1.0,1.0,1.0,1.0,0.0,0.0,0.0,0.0
9.0,TAKEOFF,86.5,61.23,225.0,29.55,100.504,1.1567,6535.03,80.04,546.29,5.356,69.18,21.131,25.73,1.643,24.6,17.975,6541.64,80.77,545.86,5.354,69.59,21.091,25.724,1.632,24.628,17.959,MECHANICAL_FAILURE,0.033,1.0,1.0,1.0,1.0,0.0,0.0,0.0,0.0
9.1,TAKEOFF,86.52,61.24,227.5,29.55,100.495,1.1566,6537.65,80.04,547.16,5.357,69.17,21.134,25.73,1.644,24.6,17.977,6532.08,79.84,545.6,5.36,69.62,21.08,25.691,1.628,24.647,17.946,MECHANICAL_FAILURE,0.037,1.0,1.0,1.0,1.0,0.0,0.0,0.0,0.0
9.2,TAKEOFF,86.53,61.25,230.0,29.54,100.486,1.1565,6540.17,80.04,548.02,5.359,69.16,21.138,25.731,1.644,24.6,17.98,6536.97,79.58,547.5,5.318,68.82,21.15,25.74,1.726,24.542,18.036,MECHANICAL_FAILURE,0.04,1.0,1.0,1.0,1.0,0.0,0.0,0.0,0.0
9.3,TAKEOFF,86.55,61.26,232.5,29.54,100.477,1.1564,6542.59,80.04,548.87,5.36,69.15,21.141,25.731,1.644,24.6,17.982,6550.93,80.25,546.66,5.379,69.13,21.271,25.793,1.657,24.571,18.238,MECHANICAL_FAILURE,0.043,1.0,1.0,1.0,1.0,0.0,0.0,0.0,0.0
9.4,TAKEOFF,86.57,61.27,235.0,29.53,100.468,1.1563,6544.94,80.04,549.72,5.361,69.15,21.145,25.731,1.645,24.6,17.985,6551.61,79.17,547.2,5.32,68.84,21.242,25.799,1.689,24.59,17.94,MECHANICAL_FAILURE,0.047,1.0,1.0,1.0,1.0,0.0,0.0,0.0,0.0
9.5,TAKEOFF,86.58,61.28,237.5,29.53,100.459,1.1563,6547.2,80.04,550.55,5.363,69.14,21.148,25.732,1.645,24.6,17.987,6548.05,79.52,552.69,5.4,69.54,21.033,25.815,1.64,24.6,17.998,MECHANICAL_FAILURE,0.05,1.0,1.0,1.0,1.0,0.0,0.0,0.0,0.0
9.6,TAKEOFF,86.6,61.29,240.0,29.52,100.45,1.1562,6549.39,80.04,551.37,5.364,69.13,21.152,25.732,1.645,24.6,17.99,6550.12,80.35,548.6,5.336,69.57,21.057,25.773,1.645,24.577,17.846,MECHANICAL_FAILURE,0.053,1.0,1.0,1.0,1.0,0.0,0.0,0.0,0.0
9.7,TAKEOFF,86.62,61.3,242.5,29.52,100.441,1.1561,6551.5,80.04,552.18,5.365,69.12,21.156,25.732,1.646,24.6,17.992,6550.36,79.92,549.43,5.402,68.98,21.041,25.739,1.644,24.593,18.133,MECHANICAL_FAILURE,0.057,1.0,1.0,1.0,1.0,0.0,0.0,0.0,0.0
9.8,TAKEOFF,86.63,61.31,245.0,29.51,100.432,1.156,6553.55,80.04,552.98,5.366,69.11,21.159,25.733,1.646,24.6,17.995,6548.69,80.01,551.09,5.386,69.23,21.308,25.777,1.626,24.622,18.043,MECHANICAL_FAILURE,0.06,1.0,1.0,1.0,1.0,0.0,0.0,0.0,0.0
9.9,TAKEOFF,86.65,61.32,247.5,29.51,100.423,1.1559,6555.53,80.04,553.78,5.367,69.1,21.163,25.733,1.646,24.6,17.997,6559.56,80.9,553.2,5.354,69.5,21.123,25.695,1.638,24.678,18.084,MECHANICAL_FAILURE,0.063,1.0,1.0,1.0,1.0,0.0,0.0,0.0,0.0
10.0,TAKEOFF,86.67,61.33,250.0,29.5,100.414,1.1558,6557.44,80.04,554.56,5.368,69.09,21.166,25.733,1.646,24.6,18.0,6561.18,80.3,552.35,5.37,69.07,21.164,25.634,1.587,24.645,17.903,MECHANICAL_FAILURE,0.067,1.0,1.0,1.0,1.0,0.0,0.0,0.0,0.0
10.1,TAKEOFF,86.68,61.34,252.5,29.5,100.405,1.1557,6559.3,80.04,555.34,5.369,69.08,21.17,25.734,1.647,24.6,18.002,6564.79,80.48,556.49,5.405,68.87,21.182,25.663,1.583,24.642,17.885,MECHANICAL_FAILURE,0.07,1.0,1.0,1.0,1.0,0.0,0.0,0.0,0.0
10.2,TAKEOFF,86.7,61.36,255.0,29.49,100.396,1.1557,6561.1,80.04,556.1,5.37,69.08,21.173,25.734,1.647,24.6,18.005,6564.57,79.97,557.16,5.422,69.12,21.297,25.67,1.654,24.564,18.026,MECHANICAL_FAILURE,0.073,1.0,1.0,1.0,1.0,0.0,0.0,0.0,0.0
10.3,TAKEOFF,86.72,61.37,257.5,29.48,100.387,1.1556,6562.85,80.04,556.86,5.371,69.07,21.177,25.734,1.647,24.6,18.008,6561.67,80.37,554.49,5.374,69.1,21.344,25.782,1.597,24.603,18.059,MECHANICAL_FAILURE,0.077,1.0,1.0,1.0,1.0,0.0,0.0,0.0,0.0
10.4,TAKEOFF,86.73,61.38,260.0,29.48,100.377,1.1555,6564.54,80.04,557.6,5.372,69.06,21.181,25.735,1.647,24.6,18.01,6570.72,80.34,556.06,5.417,69.16,21.16,25.722,1.801,24.618,18.002,MECHANICAL_FAILURE,0.08,1.0,1.0,1.0,1.0,0.0,0.0,0.0,0.0
10.5,TAKEOFF,86.75,61.39,262.5,29.48,100.368,1.1554,6566.19,80.04,558.34,5.373,69.05,21.184,25.735,1.648,24.6,18.013,6563.87,80.29,558.4,5.346,69.16,21.152,25.698,1.642,24.664,17.926,MECHANICAL_FAILURE,0.083,1.0,1.0,1.0,1.0,0.0,0.0,0.0,0.0
10.6,TAKEOFF,86.77,61.4,265.0,29.47,100.359,1.1553,6567.8,80.04,559.07,5.374,69.04,21.188,25.735,1.648,24.6,18.015,6569.52,79.1,558.47,5.37,68.99,21.311,25.763,1.611,24.563,18.15,MECHANICAL_FAILURE,0.087,1.0,1.0,1.0,1.0,0.0,0.0,0.0,0.0
10.7,TAKEOFF,86.78,61.41,267.5,29.46,100.35,1.1552,6569.35,80.04,559.79,5.375,69.03,21.191,25.736,1.648,24.6,18.017,6580.25,80.49,558.65,5.34,68.89,21.21,25.801,1.66,24.5,17.91,MECHANICAL_FAILURE,0.09,1.0,1.0,1.0,1.0,0.0,0.0,0.0,0.0
10.8,TAKEOFF,86.8,61.42,270.0,29.46,100.341,1.1551,6570.87,80.04,560.51,5.376,69.02,21.195,25.736,1.648,24.6,18.02,6568.6,80.17,561.63,5.341,68.69,21.409,25.808,1.669,24.593,17.944,MECHANICAL_FAILURE,0.093,1.0,1.0,1.0,1.0,0.0,0.0,0.0,0.0
10.9,TAKEOFF,86.82,61.43,272.5,29.46,100.332,1.1551,6572.35,80.04,561.21,5.376,69.02,21.198,25.736,1.649,24.6,18.023,6575.41,79.55,561.21,5.348,69.16,21.277,25.699,1.618,24.607,18.147,MECHANICAL_FAILURE,0.097,1.0,1.0,1.0,1.0,0.0,0.0,0.0,0.0
11.0,TAKEOFF,86.83,61.44,275.0,29.45,100.323,1.155,6573.79,80.04,561.91,5.377,69.01,21.202,25.737,1.649,24.6,18.025,6576.17,79.98,562.6,5.43,69.07,21.282,25.775,1.665,24.588,18.094,MECHANICAL_FAILURE,0.1,1.0,1.0,1.0,1.0,0.0,0.0,0.0,0.0
11.1,TAKEOFF,86.85,61.45,277.5,29.45,100.314,1.1549,6575.2,80.04,562.59,5.378,69.0,21.206,25.737,1.649,24.6,18.027,6577.67,79.16,565.83,5.405,68.88,21.29,25.792,1.624,24.697,18.005,MECHANICAL_FAILURE,0.103,1.0,1.0,1.0,1.0,0.0,0.0,0.0,0.0
11.2,TAKEOFF,86.87,61.46,280.0,29.44,100.305,1.1548,6576.57,80.04,563.27,5.379,68.99,21.209,25.737,1.649,24.6,18.03,6569.48,79.76,563.85,5.44,68.69,21.308,25.713,1.71,24.706,18.024,MECHANICAL_FAILURE,0.107,1.0,1.0,1.0,1.0,0.0,0.0,0.0,0.0
11.3,TAKEOFF,86.88,61.47,282.5,29.44,100.296,1.1547,6577.91,80.04,563.95,5.38,68.98,21.213,25.738,1.65,24.6,18.032,6566.53,79.97,563.59,5.388,68.66,21.405,25.673,1.731,24.552,18.102,MECHANICAL_FAILURE,0.11,1.0,1.0,1.0,1.0,0.0,0.0,0.0,0.0
11.4,TAKEOFF,86.9,61.48,285.0,29.43,100.287,1.1546,6579.21,80.04,564.61,5.38,68.97,21.216,25.738,1.65,24.6,18.035,6582.8,80.11,564.63,5.366,69.12,21.229,25.646,1.683,24.634,18.003,MECHANICAL_FAILURE,0.113,1.0,1.0,1.0,1.0,0.0,0.0,0.0,0.0
11.5,TAKEOFF,86.92,61.5,287.5,29.43,100.278,1.1546,6580.49,80.04,565.27,5.381,68.96,21.22,25.738,1.65,24.6,18.037,6586.29,79.95,565.04,5.385,68.82,21.341,25.671,1.605,24.67,17.974,MECHANICAL_FAILURE,0.117,1.0,1.0,1.0,1.0,0.0,0.0,0.0,0.0
11.6,TAKEOFF,86.93,61.51,290.0,29.42,100.269,1.1545,6581.75,80.04,565.91,5.382,68.96,21.223,25.739,1.65,24.6,18.04,6594.01,79.59,567.15,5.368,68.75,21.222,25.705,1.618,24.574,18.071,MECHANICAL_FAILURE,0.12,1.0,1.0,1.0,1.0,0.0,0.0,0.0,0.0
11.7,TAKEOFF,86.95,61.52,292.5,29.42,100.26,1.1544,6582.97,80.04,566.55,5.382,68.95,21.227,25.739,1.65,24.6,18.042,6579.64,80.33,566.37,5.372,68.9,21.177,25.699,1.662,24.632,17.939,MECHANICAL_FAILURE,0.123,1.0,1.0,1.0,1.0,0.0,0.0,0.0,0.0
11.8,TAKEOFF,86.97,61.53,295.0,29.41,100.251,1.1543,6584.17,80.04,567.19,5.383,68.94,21.231,25.739,1.651,24.6,18.045,6589.98,80.2,563.89,5.37,69.14,21.185,25.755,1.722,24.61,17.984,MECHANICAL_FAILURE,0.127,1.0,1.0,1.0,1.0,0.0,0.0,0.0,0.0
11.9,TAKEOFF,86.98,61.54,297.5,29.41,100.242,1.1542,6585.35,80.04,567.81,5.384,68.93,21.234,25.74,1.651,24.6,18.047,6584.55,79.1,566.39,5.413,68.99,21.479,25.842,1.547,24.588,18.044,MECHANICAL_FAILURE,0.13,1.0,1.0,1.0,1.0,0.0,0.0,0.0,0.0
12.0,TAKEOFF,87.0,61.55,300.0,29.4,100.232,1.1541,6586.51,80.04,568.43,5.384,68.92,21.238,25.74,1.651,24.6,18.05,6586.47,79.72,570.31,5.386,69.27,21.035,25.728,1.722,24.605,18.081,MECHANICAL_FAILURE,0.133,1.0,1.0,1.0,1.0,0.0,0.0,0.0,0.0
12.1,TAKEOFF,87.02,61.56,302.5,29.4,100.223,1.154,6587.64,80.04,569.04,5.385,68.91,21.241,25.74,1.651,24.6,18.053,6588.96,80.21,572.27,5.381,69.43,21.206,25.793,1.611,24.588,18.127,MECHANICAL_FAILURE,0.137,1.0,1.0,1.0,1.0,0.0,0.0,0.0,0.0
12.2,TAKEOFF,87.03,61.57,305.0,29.39,100.214,1.154,6588.76,80.04,569.65,5.386,68.9,21.245,25.741,1.651,24.6,18.055,6581.21,79.86,568.95,5.319,67.93,21.026,25.703,1.569,24.585,18.148,MECHANICAL_FAILURE,0.14,1.0,1.0,1.0,1.0,0.0,0.0,0.0,0.0
12.3,TAKEOFF,87.05,61.58,307.5,29.39,100.205,1.1539,6589.85,80.04,570.24,5.386,68.9,21.248,25.741,1.652,24.6,18.057,6587.38,79.63,571.25,5.462,69.05,21.229,25.834,1.709,24.633,18.042,MECHANICAL_FAILURE,0.143,1.0,1.0,1.0,1.0,0.0,0.0,0.0,0.0
12.4,TAKEOFF,87.07,61.59,310.0,29.38,100.196,1.1538,6590.93,80.03,570.83,5.387,68.89,21.252,25.741,1.652,24.6,18.06,6596.62,79.88,568.88,5.421,68.81,21.11,25.704,1.664,24.598,18.209,MECHANICAL_FAILURE,0.147,1.0,1.0,1.0,1.0,0.0,0.0,0.0,0.0
12.5,TAKEOFF,87.08,61.6,312.5,29.38,100.187,1.1537,6591.99,80.03,571.42,5.388,68.88,21.256,25.742,1.652,24.6,18.062,6590.31,79.81,570.68,5.369,69.08,21.188,25.691,1.713,24.59,18.108,MECHANICAL_FAILURE,0.15,1.0,1.0,1.0,1.0,0.0,0.0,0.0,0.0
12.6,TAKEOFF,87.1,61.61,315.0,29.37,100.178,1.1536,6593.03,80.03,571.99,5.388,68.87,21.259,25.742,1.652,24.6,18.065,6606.58,79.34,570.37,5.399,68.89,21.233,25.79,1.607,24.62,18.049,MECHANICAL_FAILURE,0.153,1.0,1.0,1.0,1.0,0.0,0.0,0.0,0.0
12.7,TAKEOFF,87.12,61.63,317.5,29.37,100.169,1.1535,6594.06,80.03,572.56,5.389,68.86,21.263,25.742,1.652,24.6,18.067,6590.39,79.63,574.35,5.397,68.81,21.28,25.699,1.637,24.559,17.867,MECHANICAL_FAILURE,0.157,1.0,1.0,1.0,1.0,0.0,0.0,0.0,0.0
12.8,TAKEOFF,87.13,61.64,320.0,29.36,100.16,1.1534,6595.07,80.03,573.13,5.389,68.85,21.266,25.743,1.653,24.6,18.07,6594.28,80.25,573.52,5.403,68.8,21.286,25.718,1.675,24.618,18.211,MECHANICAL_FAILURE,0.16,1.0,1.0,1.0,1.0,0.0,0.0,0.0,0.0
12.9,TAKEOFF,87.15,61.65,322.5,29.36,100.151,1.1534,6596.07,80.03,573.68,5.39,68.85,21.27,25.743,1.653,24.6,18.072,6604.26,81.25,572.42,5.422,69.18,21.293,25.779,1.603,24.613,17.997,MECHANICAL_FAILURE,0.163,1.0,1.0,1.0,1.0,0.0,0.0,0.0,0.0
13.0,TAKEOFF,87.17,61.66,325.0,29.35,100.142,1.1533,6597.05,80.03,574.23,5.391,68.84,21.273,25.743,1.653,24.6,18.075,6592.49,80.02,573.34,5.386,69.67,21.26,25.8,1.693,24.679,18.223,MECHANICAL_FAILURE,0.167,1.0,1.0,1.0,1.0,0.0,0.0,0.0,0.0
13.1,TAKEOFF,87.18,61.67,327.5,29.35,100.133,1.1532,6598.02,80.03,574.78,5.391,68.83,21.277,25.744,1.653,24.6,18.078,6605.34,80.7,576.3,5.42,68.39,21.258,25.797,1.708,24.608,18.137,MECHANICAL_FAILURE,0.17,1.0,1.0,1.0,1.0,0.0,0.0,0.0,0.0
13.2,TAKEOFF,87.2,61.68,330.0,29.34,100.124,1.1531,6598.98,80.03,575.31,5.392,68.82,21.281,25.744,1.653,24.6,18.08,6606.03,79.77,574.19,5.405,69.15,21.286,25.746,1.617,24.592,18.055,MECHANICAL_FAILURE,0.173,1.0,1.0,1.0,1.0,0.0,0.0,0.0,0.0
13.3,TAKEOFF,87.22,61.69,332.5,29.34,100.115,1.153,6599.93,80.03,575.85,5.392,68.81,21.284,25.744,1.654,24.6,18.082,6597.85,79.65,575.68,5.374,69.11,21.2,25.671,1.636,24.531,18.088,MECHANICAL_FAILURE,0.177,1.0,1.0,1.0,1.0,0.0,0.0,0.0,0.0
13.4,TAKEOFF,87.23,61.7,335.0,29.33,100.106,1.1529,6600.87,80.03,576.37,5.393,68.8,21.288,25.745,1.654,24.6,18.085,6597.82,80.36,577.51,5.396,68.33,21.16,25.752,1.657,24.598,17.931,MECHANICAL_FAILURE,0.18,1.0,1.0,1.0,1.0,0.0,0.0,0.0,0.0
13.5,TAKEOFF,87.25,61.71,337.5,29.33,100.097,1.1528,6601.8,80.03,576.89,5.393,68.79,21.291,25.745,1.654,24.6,18.087,6601.28,79.91,574.57,5.408,68.69,21.328,25.682,1.597,24.615,18.013,MECHANICAL_FAILURE,0.183,1.0,1.0,1.0,1.0,0.0,0.0,0.0,0.0
13.6,TAKEOFF,87.27,61.72,340.0,29.32,100.088,1.1528,6602.71,80.03,577.4,5.394,68.79,21.295,25.745,1.654,24.6,18.09,6602.53,79.08,578.25,5.412,68.57,21.341,25.691,1.627,24.613,18.095,MECHANICAL_FAILURE,0.187,1.0,1.0,1.0,1.0,0.0,0.0,0.0,0.0
13.7,TAKEOFF,87.28,61.73,342.5,29.32,100.079,1.1527,6603.62,80.03,577.91,5.394,68.78,21.298,25.746,1.654,24.6,18.093,6602.56,80.29,574.79,5.367,68.38,21.354,25.797,1.577,24.597,18.008,MECHANICAL_FAILURE,0.19,1.0,1.0,1.0,1.0,0.0,0.0,0.0,0.0
13.8,TAKEOFF,87.3,61.74,345.0,29.31,100.07,1.1526,6604.52,80.03,578.41,5.395,68.77,21.302,25.746,1.654,24.6,18.095,6607.96,79.98,583.43,5.401,69.12,21.199,25.757,1.699,24.621,18.042,MECHANICAL_FAILURE,0.193,1.0,1.0,1.0,1.0,0.0,0.0,0.0,0.0
13.9,TAKEOFF,87.32,61.76,347.5,29.31,100.061,1.1525,6605.41,80.03,578.91,5.396,68.76,21.306,25.746,1.655,24.6,18.098,6610.22,79.72,581.08,5.388,69.17,21.118,25.809,1.688,24.666,17.971,MECHANICAL_FAILURE,0.197,1.0,1.0,1.0,1.0,0.0,0.0,0.0,0.0
14.0,TAKEOFF,87.33,61.77,350.0,29.3,100.052,1.1524,6606.29,80.03,579.4,5.396,68.75,21.309,25.747,1.655,24.6,18.1,6607.85,80.4,580.49,5.433,68.14,21.406,25.731,1.687,24.706,18.085,MECHANICAL_FAILURE,0.2,1.0,1.0,1.0,1.0,0.0,0.0,0.0,0.0
14.1,TAKEOFF,87.35,61.78,352.5,29.3,100.042,1.1523,6607.17,80.03,579.88,5.397,68.74,21.313,25.747,1.655,24.6,18.102,6599.04,79.46,577.09,5.413,68.46,21.268,25.672,1.74,24.556,18.223,MECHANICAL_FAILURE,0.203,1.0,1.0,1.0,1.0,0.0,0.0,0.0,0.0
14.2,TAKEOFF,87.37,61.79,355.0,29.29,100.033,1.1523,6608.04,80.03,580.36,5.397,68.74,21.316,25.747,1.655,24.6,18.105,6602.35,80.3,581.77,5.431,68.73,21.484,25.685,1.645,24.603,18.05,MECHANICAL_FAILURE,0.207,1.0,1.0,1.0,1.0,0.0,0.0,0.0,0.0
14.3,TAKEOFF,87.38,61.8,357.5,29.29,100.024,1.1522,6608.9,80.03,580.83,5.398,68.73,21.32,25.748,1.655,24.6,18.107,6606.66,80.36,583.0,5.383,68.4,21.329,25.779,1.623,24.579,18.07,MECHANICAL_FAILURE,0.21,1.0,1.0,1.0,1.0,0.0,0.0,0.0,0.0
14.4,TAKEOFF,87.4,61.81,360.0,29.28,100.015,1.1521,6609.75,80.03,581.3,5.398,68.72,21.323,25.748,1.655,24.6,18.11,6615.25,80.09,580.5,5.358,68.57,21.199,25.829,1.663,24.629,18.152,MECHANICAL_FAILURE,0.213,1.0,1.0,1.0,1.0,0.0,0.0,0.0,0.0
14.5,TAKEOFF,87.42,61.82,362.5,29.28,100.006,1.152,6610.6,80.03,581.76,5.399,68.71,21.327,25.748,1.656,24.6,18.112,6607.09,79.86,580.6,5.382,68.32,21.295,25.715,1.748,24.592,18.03,MECHANICAL_FAILURE,0.217,1.0,1.0,1.0,1.0,0.0,0.0,0.0,0.0
14.6,TAKEOFF,87.43,61.83,365.0,29.27,99.997,1.1519,6611.44,80.03,582.22,5.399,68.7,21.331,25.749,1.656,24.6,18.115,6608.55,79.63,582.29,5.383,69.44,21.428,25.73,1.621,24.627,18.174,MECHANICAL_FAILURE,0.22,1.0,1.0,1.0,1.0,0.0,0.0,0.0,0.0
14.7,TAKEOFF,87.45,61.84,367.5,29.27,99.988,1.1518,6612.28,80.03,582.67,5.4,68.69,21.334,25.749,1.656,24.6,18.117,6613.64,80.05,582.98,5.366,68.53,21.251,25.798,1.679,24.631,18.008,MECHANICAL_FAILURE,0.223,1.0,1.0,1.0,1.0,0.0,0.0,0.0,0.0
14.8,TAKEOFF,87.47,61.85,370.0,29.26,99.979,1.1517,6613.11,80.03,583.12,5.4,68.69,21.338,25.749,1.656,24.6,18.12,6619.87,80.08,584.1,5.388,68.42,21.202,25.693,1.686,24.571,18.095,MECHANICAL_FAILURE,0.227,1.0,1.0,1.0,1.0,0.0,0.0,0.0,0.0
14.9,TAKEOFF,87.48,61.86,372.5,29.26,99.97,1.1517,6613.93,80.03,583.56,5.401,68.68,21.341,25.75,1.656,24.6,18.122,6614.21,79.74,584.15,5.392,68.45,21.247,25.689,1.564,24.497,18.092,MECHANICAL_FAILURE,0.23,1.0,1.0,1.0,1.0,0.0,0.0,0.0,0.0
15.0,TAKEOFF,87.5,61.88,375.0,29.25,99.961,1.1516,6614.76,80.03,584.0,5.401,68.67,21.345,25.75,1.656,24.6,18.125,6618.75,79.81,586.19,5.367,69.27,21.363,25.756,1.65,24.561,18.118,MECHANICAL_FAILURE,0.233,1.0,1.0,1.0,1.0,0.0,0.0,0.0,0.0
15.1,TAKEOFF,87.52,61.89,377.5,29.25,99.952,1.1515,6615.57,80.03,584.43,5.402,68.66,21.348,25.75,1.657,24.6,18.127,6612.62,80.4,582.01,5.407,68.55,21.158,25.768,1.628,24.627,18.174,MECHANICAL_FAILURE,0.237,1.0,1.0,1.0,1.0,0.0,0.0,0.0,0.0
15.2,TAKEOFF,87.53,61.9,380.0,29.24,99.943,1.1514,6616.38,80.03,584.86,5.402,68.65,21.352,25.751,1.657,24.6,18.13,6619.64,79.34,586.36,5.39,68.92,21.395,25.723,1.644,24.608,17.994,MECHANICAL_FAILURE,0.24,1.0,1.0,1.0,1.0,0.0,0.0,0.0,0.0
15.3,TAKEOFF,87.55,61.91,382.5,29.24,99.934,1.1513,6617.19,80.03,585.28,5.403,68.64,21.356,25.751,1.657,24.6,18.133,6614.92,80.18,583.1,5.433,69.19,21.342,25.719,1.585,24.649,18.169,MECHANICAL_FAILURE,0.243,1.0,1.0,1.0,1.0,0.0,0.0,0.0,0.0
15.4,TAKEOFF,87.57,61.92,385.0,29.23,99.925,1.1512,6618.0,80.03,585.69,5.403,68.63,21.359,25.751,1.657,24.6,18.135,6617.92,81.12,586.91,5.392,68.4,21.403,25.705,1.696,24.458,18.066,MECHANICAL_FAILURE,0.247,1.0,1.0,1.0,1.0,0.0,0.0,0.0,0.0
15.5,TAKEOFF,87.58,61.93,387.5,29.23,99.916,1.1511,6618.8,80.03,586.11,5.403,68.63,21.363,25.752,1.657,24.6,18.137,6622.07,78.87,582.69,5.415,68.84,21.331,25.824,1.7,24.64,18.213,MECHANICAL_FAILURE,0.25,1.0,1.0,1.0,1.0,0.0,0.0,0.0,0.0
15.6,TAKEOFF,87.6,61.94,390.0,29.22,99.907,1.1511,6619.59,80.03,586.52,5.404,68.62,21.366,25.752,1.657,24.6,18.14,6630.27,79.81,588.32,5.419,68.71,21.383,25.759,1.706,24.62,18.137,MECHANICAL_FAILURE,0.253,1.0,1.0,1.0,1.0,0.0,0.0,0.0,0.0
15.7,TAKEOFF,87.62,61.95,392.5,29.22,99.898,1.151,6620.39,80.03,586.92,5.404,68.61,21.37,25.752,1.658,24.6,18.142,6623.64,80.22,586.45,5.391,68.49,21.215,25.741,1.674,24.611,18.155,MECHANICAL_FAILURE,0.257,1.0,1.0,1.0,1.0,0.0,0.0,0.0,0.0
15.8,TAKEOFF,87.63,61.96,395.0,29.21,99.889,1.1509,6621.18,80.03,587.32,5.405,68.6,21.373,25.753,1.658,24.6,18.145,6619.35,80.87,589.78,5.384,68.08,21.138,25.852,1.671,24.546,17.945,MECHANICAL_FAILURE,0.26,1.0,1.0,1.0,1.0,0.0,0.0,0.0,0.0
15.9,TAKEOFF,87.65,61.97,397.5,29.21,99.88,1.1508,6621.97,80.03,587.71,5.405,68.59,21.377,25.753,1.658,24.6,18.148,6624.48,80.0,585.78,5.431,68.33,21.521,25.671,1.636,24.59,18.271,MECHANICAL_FAILURE,0.263,1.0,1.0,1.0,1.0,0.0,0.0,0.0,0.0
16.0,TAKEOFF,87.67,61.98,400.0,29.2,99.871,1.1507,6622.75,80.03,588.1,5.406,68.58,21.381,25.753,1.658,24.6,18.15,6627.65,80.4,588.93,5.386,68.54,21.345,25.761,1.657,24.616,18.211,MECHANICAL_FAILURE,0.267,1.0,1.0,1.0,1.0,0.0,0.0,0.0,0.0
16.1,TAKEOFF,87.68,61.99,402.5,29.2,99.862,1.1506,6623.53,80.03,588.49,5.406,68.58,21.384,25.754,1.658,24.6,18.152,6625.23,79.74,587.54,5.428,68.39,21.358,25.796,1.689,24.614,18.006,MECHANICAL_FAILURE,0.27,1.0,1.0,1.0,1.0,0.0,0.0,0.0,0.0
16.2,TAKEOFF,87.7,62.0,405.0,29.19,99.853,1.1506,6624.31,80.03,588.87,5.407,68.57,21.388,25.754,1.658,24.6,18.155,6628.96,80.69,587.41,5.415,68.24,21.408,25.788,1.638,24.611,18.084,MECHANICAL_FAILURE,0.273,1.0,1.0,1.0,1.0,0.0,0.0,0.0,0.0
16.3,TAKEOFF,87.72,62.02,407.5,29.19,99.844,1.1505,6625.09,80.03,589.25,5.407,68.56,21.391,25.754,1.659,24.6,18.157,6630.6,81.05,589.36,5.385,68.47,21.484,25.829,1.73,24.571,17.987,MECHANICAL_FAILURE,0.277,1.0,1.0,1.0,1.0,0.0,0.0,0.0,0.0
16.4,TAKEOFF,87.73,62.03,410.0,29.18,99.835,1.1504,6625.86,80.03,589.62,5.408,68.55,21.395,25.755,1.659,24.6,18.16,6628.66,79.73,587.49,5.344,67.9,21.285,25.743,1.668,24.62,18.279,MECHANICAL_FAILURE,0.28,1.0,1.0,1.0,1.0,0.0,0.0,0.0,0.0
16.5,TAKEOFF,87.75,62.04,412.5,29.18,99.826,1.1503,6626.63,80.03,589.99,5.408,68.54,21.398,25.755,1.659,24.6,18.163,6624.69,79.72,590.78,5.409,68.73,21.494,25.673,1.744,24.551,18.399,MECHANICAL_FAILURE,0.283,1.0,1.0,1.0,1.0,0.0,0.0,0.0,0.0
16.6,TAKEOFF,87.77,62.05,415.0,29.17,99.817,1.1502,6627.4,80.03,590.35,5.409,68.54,21.402,25.755,1.659,24.6,18.165,6617.64,80.01,591.34,5.379,67.75,21.374,25.723,1.644,24.672,18.123,MECHANICAL_FAILURE,0.287,1.0,1.0,1.0,1.0,0.0,0.0,0.0,0.0
16.7,TAKEOFF,87.78,62.06,417.5,29.17,99.808,1.1501,6628.17,80.03,590.71,5.409,68.53,21.406,25.756,1.659,24.6,18.168,6637.48,79.97,590.27,5.36,68.32,21.424,25.844,1.637,24.615,18.065,MECHANICAL_FAILURE,0.29,1.0,1.0,1.0,1.0,0.0,0.0,0.0,0.0
16.8,TAKEOFF,87.8,62.07,420.0,29.16,99.799,1.15,6628.94,80.03,591.07,5.41,68.52,21.409,25.756,1.659,24.6,18.17,6621.19,81.06,591.99,5.405,68.52,21.295,25.759,1.59,24.623,18.267,MECHANICAL_FAILURE,0.293,1.0,1.0,1.0,1.0,0.0,0.0,0.0,0.0
16.9,TAKEOFF,87.82,62.08,422.5,29.16,99.79,1.15,6629.7,80.03,591.42,5.41,68.51,21.413,25.756,1.66,24.6,18.172,6625.7,79.75,590.99,5.385,68.21,21.369,25.711,1.595,24.593,18.195,MECHANICAL_FAILURE,0.297,1.0,1.0,1.0,1.0,0.0,0.0,0.0,0.0
17.0,TAKEOFF,87.83,62.09,425.0,29.15,99.781,1.1499,6630.46,80.03,591.77,5.411,68.5,21.416,25.757,1.66,24.6,18.175,6632.02,80.6,591.56,5.482,68.45,21.472,25.695,1.717,24.579,18.216,MECHANICAL_FAILURE,0.3,1.0,1.0,1.0,1.0,0.0,0.0,0.0,0.0
17.1,TAKEOFF,87.85,62.1,427.5,29.15,99.772,1.1498,6631.22,80.03,592.11,5.411,68.49,21.42,25.757,1.66,24.6,18.177,6641.5,80.58,593.15,5.412,68.71,21.477,25.765,1.649,24.649,18.208,MECHANICAL_FAILURE,0.303,1.0,1.0,1.0,1.0,0.0,0.0,0.0,0.0
17.2,TAKEOFF,87.87,62.11,430.0,29.14,99.763,1.1497,6631.98,80.03,592.45,5.411,68.49,21.423,25.757,1.66,24.6,18.18,6627.8,80.49,592.75,5.404,68.39,21.424,25.626,1.723,24.59,18.215,MECHANICAL_FAILURE,0.307,1.0,1.0,1.0,1.0,0.0,0.0,0.0,0.0
17.3,TAKEOFF,87.88,62.12,432.5,29.14,99.754,1.1496,6632.74,80.03,592.79,5.412,68.48,21.427,25.758,1.66,24.6,18.182,6635.74,80.62,591.46,5.415,68.75,21.282,25.686,1.664,24.605,18.192,MECHANICAL_FAILURE,0.31,1.0,1.0,1.0,1.0,0.0,0.0,0.0,0.0
17.4,TAKEOFF,87.9,62.13,435.0,29.13,99.745,1.1495,6633.5,80.03,593.13,5.412,68.47,21.431,25.758,1.66,24.6,18.185,6629.99,80.25,594.87,5.419,67.85,21.346,25.676,1.666,24.582,18.249,MECHANICAL_FAILURE,0.313,1.0,1.0,1.0,1.0,0.0,0.0,0.0,0.0
17.5,TAKEOFF,87.92,62.15,437.5,29.12,99.736,1.1495,6634.25,80.03,593.46,5.413,68.46,21.434,25.758,1.661,24.6,18.188,6635.08,80.45,594.84,5.405,68.5,21.404,25.693,1.674,24.632,18.153,MECHANICAL_FAILURE,0.317,1.0,1.0,1.0,1.0,0.0,0.0,0.0,0.0
17.6,TAKEOFF,87.93,62.16,440.0,29.12,99.727,1.1494,6635.01,80.03,593.78,5.413,68.45,21.438,25.759,1.661,24.6,18.19,6631.7,79.86,595.62,5.422,68.76,21.372,25.769,1.686,24.68,18.143,MECHANICAL_FAILURE,0.32,1.0,1.0,1.0,1.0,0.0,0.0,0.0,0.0
17.7,TAKEOFF,87.95,62.17,442.5,29.12,99.718,1.1493,6635.76,80.03,594.1,5.414,68.44,21.441,25.759,1.661,24.6,18.193,6640.53,80.07,594.59,5.403,68.46,21.597,25.728,1.692,24.652,18.263,MECHANICAL_FAILURE,0.323,1.0,1.0,1.0,1.0,0.0,0.0,0.0,0.0
17.8,TAKEOFF,87.97,62.18,445.0,29.11,99.709,1.1492,6636.51,80.03,594.42,5.414,68.44,21.445,25.759,1.661,24.6,18.195,6633.58,80.19,589.42,5.446,68.65,21.534,25.751,1.698,24.535,18.329,MECHANICAL_FAILURE,0.327,1.0,1.0,1.0,1.0,0.0,0.0,0.0,0.0
17.9,TAKEOFF,87.98,62.19,447.5,29.11,99.7,1.1491,6637.26,80.03,594.74,5.415,68.43,21.448,25.76,1.661,24.6,18.197,6642.3,79.66,593.07,5.42,68.28,21.709,25.771,1.655,24.663,18.29,MECHANICAL_FAILURE,0.33,1.0,1.0,1.0,1.0,0.0,0.0,0.0,0.0
18.0,TAKEOFF,88.0,62.2,450.0,29.1,99.691,1.149,6638.01,80.03,595.05,5.415,68.42,21.452,25.76,1.661,24.6,18.2,6634.01,80.12,592.13,5.424,68.46,21.38,25.769,1.634,24.522,18.204,MECHANICAL_FAILURE,0.333,1.0,1.0,1.0,1.0,0.0,0.0,0.0,0.0
18.1,TAKEOFF,88.02,62.21,452.5,29.09,99.682,1.1489,6638.76,80.03,595.36,5.416,68.41,21.456,25.76,1.662,24.6,18.203,6644.72,80.12,596.67,5.448,68.07,21.656,25.804,1.673,24.567,18.384,MECHANICAL_FAILURE,0.337,1.0,1.0,1.0,1.0,0.0,0.0,0.0,0.0
18.2,TAKEOFF,88.03,62.22,455.0,29.09,99.673,1.1489,6639.5,80.03,595.66,5.416,68.4,21.459,25.761,1.662,24.6,18.205,6639.06,80.3,593.87,5.388,68.44,21.312,25.646,1.654,24.579,18.029,MECHANICAL_FAILURE,0.34,1.0,1.0,1.0,1.0,0.0,0.0,0.0,0.0
18.3,TAKEOFF,88.05,62.23,457.5,29.09,99.664,1.1488,6640.25,80.03,595.97,5.416,68.4,21.463,25.761,1.662,24.6,18.207,6637.72,79.54,595.04,5.423,68.46,21.486,25.84,1.763,24.601,18.222,MECHANICAL_FAILURE,0.343,1.0,1.0,1.0,1.0,0.0,0.0,0.0,0.0
18.4,TAKEOFF,88.07,62.24,460.0,29.08,99.655,1.1487,6640.99,80.03,596.27,5.417,68.39,21.466,25.761,1.662,24.6,18.21,6632.96,80.55,595.5,5.416,68.35,21.339,25.805,1.589,24.559,18.225,MECHANICAL_FAILURE,0.347,1.0,1.0,1.0,1.0,0.0,0.0,0.0,0.0
18.5,TAKEOFF,88.08,62.25,462.5,29.07,99.646,1.1486,6641.74,80.03,596.56,5.417,68.38,21.47,25.762,1.662,24.6,18.212,6636.6,78.91,597.55,5.465,68.36,21.387,25.757,1.676,24.588,18.119,MECHANICAL_FAILURE,0.35,1.0,1.0,1.0,1.0,0.0,0.0,0.0,0.0
18.6,TAKEOFF,88.1,62.27,465.0,29.07,99.637,1.1485,6642.48,80.03,596.85,5.418,68.37,21.473,25.762,1.662,24.6,18.215,6642.56,79.81,595.92,5.428,68.44,21.497,25.841,1.645,24.617,18.146,MECHANICAL_FAILURE,0.353,1.0,1.0,1.0,1.0,0.0,0.0,0.0,0.0
18.7,TAKEOFF,88.12,62.28,467.5,29.07,99.628,1.1484,6643.23,80.03,597.14,5.418,68.36,21.477,25.762,1.663,24.6,18.218,6647.1,78.93,597.66,5.43,68.4,21.515,25.812,1.663,24.682,18.119,MECHANICAL_FAILURE,0.357,1.0,1.0,1.0,1.0,0.0,0.0,0.0,0.0
18.8,TAKEOFF,88.13,62.29,470.0,29.06,99.619,1.1483,6643.97,80.03,597.43,5.419,68.35,21.481,25.763,1.663,24.6,18.22,6644.14,80.42,600.38,5.379,68.65,21.485,25.808,1.652,24.539,18.286,MECHANICAL_FAILURE,0.36,1.0,1.0,1.0,1.0,0.0,0.0,0.0,0.0
18.9,TAKEOFF,88.15,62.3,472.5,29.05,99.61,1.1483,6644.71,80.03,597.71,5.419,68.35,21.484,25.763,1.663,24.6,18.223,6647.72,80.33,597.56,5.443,68.05,21.283,25.785,1.686,24.709,18.278,MECHANICAL_FAILURE,0.363,1.0,1.0,1.0,1.0,0.0,0.0,0.0,0.0
19.0,TAKEOFF,88.17,62.31,475.0,29.05,99.601,1.1482,6645.45,80.03,597.99,5.42,68.34,21.488,25.763,1.663,24.6,18.225,6643.65,79.43,598.27,5.415,69.04,21.462,25.759,1.625,24.593,18.384,MECHANICAL_FAILURE,0.367,1.0,1.0,1.0,1.0,0.0,0.0,0.0,0.0
19.1,TAKEOFF,88.18,62.32,477.5,29.05,99.592,1.1481,6646.19,80.03,598.27,5.42,68.33,21.491,25.764,1.663,24.6,18.227,6645.77,79.83,598.63,5.456,67.85,21.357,25.736,1.679,24.613,18.058,MECHANICAL_FAILURE,0.37,1.0,1.0,1.0,1.0,0.0,0.0,0.0,0.0
19.2,TAKEOFF,88.2,62.33,480.0,29.04,99.583,1.148,6646.93,80.03,598.54,5.42,68.32,21.495,25.764,1.663,24.6,18.23,6644.92,80.75,597.41,5.397,68.29,21.469,25.709,1.691,24.66,18.348,MECHANICAL_FAILURE,0.373,1.0,1.0,1.0,1.0,0.0,0.0,0.0,0.0
19.3,TAKEOFF,88.22,62.34,482.5,29.04,99.574,1.1479,6647.67,80.03,598.81,5.421,68.31,21.498,25.764,1.663,24.6,18.233,6656.62,79.7,597.89,5.422,68.64,21.613,25.757,1.556,24.515,18.373,MECHANICAL_FAILURE,0.377,1.0,1.0,1.0,1.0,0.0,0.0,0.0,0.0
19.4,TAKEOFF,88.23,62.35,485.0,29.03,99.565,1.1478,6648.41,80.03,599.08,5.421,68.31,21.502,25.765,1.664,24.6,18.235,6647.12,80.57,597.28,5.377,68.14,21.391,25.752,1.707,24.6,18.313,MECHANICAL_FAILURE,0.38,1.0,1.0,1.0,1.0,0.0,0.0,0.0,0.0
19.5,TAKEOFF,88.25,62.36,487.5,29.02,99.556,1.1478,6649.15,80.03,599.35,5.422,68.3,21.506,25.765,1.664,24.6,18.237,6638.3,80.46,599.86,5.422,68.16,21.649,25.734,1.698,24.651,18.455,MECHANICAL_FAILURE,0.383,1.0,1.0,1.0,1.0,0.0,0.0,0.0,0.0
19.6,TAKEOFF,88.27,62.37,490.0,29.02,99.547,1.1477,6649.89,80.03,599.61,5.422,68.29,21.509,25.765,1.664,24.6,18.24,6644.95,80.1,598.77,5.401,68.87,21.343,25.772,1.638,24.633,18.299,MECHANICAL_FAILURE,0.387,1.0,1.0,1.0,1.0,0.0,0.0,0.0,0.0
19.7,TAKEOFF,88.28,62.38,492.5,29.02,99.538,1.1476,6650.62,80.03,599.87,5.423,68.28,21.513,25.766,1.664,24.6,18.242,6650.67,79.74,598.77,5.418,68.74,21.527,25.781,1.601,24.629,18.31,MECHANICAL_FAILURE,0.39,1.0,1.0,1.0,1.0,0.0,0.0,0.0,0.0
19.8,TAKEOFF,88.3,62.4,495.0,29.01,99.529,1.1475,6651.36,80.03,600.13,5.423,68.27,21.516,25.766,1.664,24.6,18.245,6652.92,80.36,600.53,5.41,68.12,21.473,25.857,1.621,24.545,18.395,MECHANICAL_FAILURE,0.393,1.0,1.0,1.0,1.0,0.0,0.0,0.0,0.0
19.9,TAKEOFF,88.32,62.41,497.5,29.0,99.52,1.1474,6652.1,80.03,600.38,5.424,68.27,21.52,25.766,1.664,24.6,18.248,6646.27,80.02,602.11,5.425,67.86,21.483,25.854,1.711,24.67,18.235,MECHANICAL_FAILURE,0.397,1.0,1.0,1.0,1.0,0.0,0.0,0.0,0.0
20.0,TAKEOFF,88.33,62.42,500.0,29.0,99.511,1.1473,6652.83,80.03,600.63,5.424,68.26,21.523,25.767,1.665,24.6,18.25,6651.06,79.69,599.42,5.444,67.81,21.495,25.858,1.63,24.639,18.146,MECHANICAL_FAILURE,0.4,1.0,1.0,1.0,1.0,0.0,0.0,0.0,0.0
20.1,TAKEOFF,88.35,62.43,502.5,28.99,99.502,1.1472,6653.57,80.03,600.88,5.425,68.25,21.527,25.767,1.665,24.6,18.253,6654.55,80.44,601.67,5.399,67.82,21.421,25.836,1.578,24.598,18.279,MECHANICAL_FAILURE,0.403,1.0,1.0,1.0,1.0,0.0,0.0,0.0,0.0
20.2,TAKEOFF,88.37,62.44,505.0,28.99,99.493,1.1472,6654.3,80.03,601.13,5.425,68.24,21.531,25.767,1.665,24.6,18.255,6655.9,78.92,603.08,5.412,67.84,21.519,25.792,1.657,24.563,18.219,MECHANICAL_FAILURE,0.407,1.0,1.0,1.0,1.0,0.0,0.0,0.0,0.0
20.3,TAKEOFF,88.38,62.45,507.5,28.98,99.484,1.1471,6655.04,80.03,601.37,5.425,68.23,21.534,25.768,1.665,24.6,18.258,6650.72,79.82,603.17,5.437,68.33,21.653,25.68,1.679,24.594,18.292,MECHANICAL_FAILURE,0.41,1.0,1.0,1.0,1.0,0.0,0.0,0.0,0.0
20.4,TAKEOFF,88.4,62.46,510.0,28.98,99.475,1.147,6655.77,80.03,601.61,5.426,68.22,21.538,25.768,1.665,24.6,18.26,6652.65,79.78,602.55,5.418,68.1,21.434,25.712,1.605,24.564,18.17,MECHANICAL_FAILURE,0.413,1.0,1.0,1.0,1.0,0.0,0.0,0.0,0.0
20.5,TAKEOFF,88.42,62.47,512.5,28.97,99.466,1.1469,6656.51,80.03,601.85,5.426,68.22,21.541,25.768,1.665,24.6,18.263,6669.37,80.44,601.85,5.43,68.52,21.612,25.688,1.599,24.721,18.22,MECHANICAL_FAILURE,0.417,1.0,1.0,1.0,1.0,0.0,0.0,0.0,0.0
20.6,TAKEOFF,88.43,62.48,515.0,28.97,99.457,1.1468,6657.24,80.03,602.09,5.427,68.21,21.545,25.769,1.666,24.6,18.265,6660.01,81.26,603.71,5.434,68.36,21.607,25.789,1.629,24.554,18.285,MECHANICAL_FAILURE,0.42,1.0,1.0,1.0,1.0,0.0,0.0,0.0,0.0
20.7,TAKEOFF,88.45,62.49,517.5,28.96,99.448,1.1467,6657.98,80.03,602.32,5.427,68.2,21.548,25.769,1.666,24.6,18.268,6656.94,80.08,601.92,5.488,68.28,21.507,25.712,1.595,24.553,18.147,MECHANICAL_FAILURE,0.423,1.0,1.0,1.0,1.0,0.0,0.0,0.0,0.0
20.8,TAKEOFF,88.47,62.5,520.0,28.96,99.439,1.1467,6658.71,80.03,602.56,5.428,68.19,21.552,25.769,1.666,24.6,18.27,6659.27,79.73,602.91,5.396,68.37,21.593,25.775,1.656,24.554,18.296,MECHANICAL_FAILURE,0.427,1.0,1.0,1.0,1.0,0.0,0.0,0.0,0.0
20.9,TAKEOFF,88.48,62.51,522.5,28.95,99.43,1.1466,6659.44,80.03,602.78,5.428,68.18,21.556,25.77,1.666,24.6,18.273,6670.8,80.32,602.81,5.474,68.15,21.515,25.747,1.719,24.572,18.37,MECHANICAL_FAILURE,0.43,1.0,1.0,1.0,1.0,0.0,0.0,0.0,0.0
21.0,TAKEOFF,88.5,62.52,525.0,28.95,99.421,1.1465,6660.18,80.03,603.01,5.429,68.18,21.559,25.77,1.666,24.6,18.275,6650.16,79.48,603.96,5.453,68.34,21.487,25.702,1.721,24.571,18.351,MECHANICAL_FAILURE,0.433,1.0,1.0,1.0,1.0,0.0,0.0,0.0,0.0
21.1,TAKEOFF,88.52,62.54,527.5,28.95,99.412,1.1464,6660.91,80.03,603.24,5.429,68.17,21.563,25.77,1.666,24.6,18.277,6652.34,79.97,602.67,5.444,68.41,21.487,25.715,1.671,24.67,18.207,MECHANICAL_FAILURE,0.437,1.0,1.0,1.0,1.0,0.0,0.0,0.0,0.0
21.2,TAKEOFF,88.53,62.55,530.0,28.94,99.403,1.1463,6661.64,80.03,603.46,5.429,68.16,21.566,25.771,1.667,24.6,18.28,6657.53,79.65,604.87,5.441,67.83,21.626,25.783,1.662,24.648,18.567,MECHANICAL_FAILURE,0.44,1.0,1.0,1.0,1.0,0.0,0.0,0.0,0.0
21.3,TAKEOFF,88.55,62.56,532.5,28.93,99.394,1.1462,6662.38,80.03,603.68,5.43,68.15,21.57,25.771,1.667,24.6,18.282,6664.52,80.37,602.88,5.384,67.74,21.446,25.784,1.611,24.586,18.41,MECHANICAL_FAILURE,0.443,1.0,1.0,1.0,1.0,0.0,0.0,0.0,0.0
21.4,TAKEOFF,88.57,62.57,535.0,28.93,99.385,1.1461,6663.11,80.03,603.89,5.43,68.14,21.573,25.771,1.667,24.6,18.285,6664.34,79.98,606.51,5.437,68.27,21.725,25.813,1.732,24.598,18.291,MECHANICAL_FAILURE,0.447,1.0,1.0,1.0,1.0,0.0,0.0,0.0,0.0
21.5,TAKEOFF,88.58,62.58,537.5,28.92,99.376,1.1461,6663.84,80.03,604.11,5.431,68.14,21.577,25.772,1.667,24.6,18.288,6652.17,79.44,603.08,5.404,68.11,21.528,25.744,1.706,24.598,18.46,MECHANICAL_FAILURE,0.45,1.0,1.0,1.0,1.0,0.0,0.0,0.0,0.0
21.6,TAKEOFF,88.6,62.59,540.0,28.92,99.367,1.146,6664.57,80.03,604.32,5.431,68.13,21.581,25.772,1.667,24.6,18.29,6670.03,80.37,603.36,5.461,68.35,21.383,25.668,1.616,24.602,18.26,MECHANICAL_FAILURE,0.453,1.0,1.0,1.0,1.0,0.0,0.0,0.0,0.0
21.7,TAKEOFF,88.62,62.6,542.5,28.91,99.358,1.1459,6665.31,80.03,604.53,5.432,68.12,21.584,25.772,1.667,24.6,18.293,6664.26,79.91,603.18,5.435,68.07,21.537,25.811,1.697,24.624,18.237,MECHANICAL_FAILURE,0.457,1.0,1.0,1.0,1.0,0.0,0.0,0.0,0.0
21.8,TAKEOFF,88.63,62.61,545.0,28.91,99.349,1.1458,6666.04,80.03,604.74,5.432,68.11,21.588,25.773,1.667,24.6,18.295,6667.1,80.28,605.53,5.412,67.8,21.581,25.721,1.68,24.569,18.245,MECHANICAL_FAILURE,0.46,1.0,1.0,1.0,1.0,0.0,0.0,0.0,0.0
21.9,TAKEOFF,88.65,62.62,547.5,28.9,99.34,1.1457,6666.77,80.03,604.95,5.433,68.1,21.591,25.773,1.668,24.6,18.297,6671.19,79.39,605.18,5.395,68.19,21.666,25.691,1.62,24.47,18.292,MECHANICAL_FAILURE,0.463,1.0,1.0,1.0,1.0,0.0,0.0,0.0,0.0
22.0,TAKEOFF,88.67,62.63,550.0,28.9,99.331,1.1456,6667.5,80.03,605.15,5.433,68.1,21.595,25.773,1.668,24.6,18.3,6662.14,80.39,603.91,5.46,68.07,21.575,25.71,1.675,24.495,18.257,MECHANICAL_FAILURE,0.467,1.0,1.0,1.0,1.0,0.0,0.0,0.0,0.0
22.1,TAKEOFF,88.68,62.64,552.5,28.89,99.322,1.1456,6668.23,80.03,605.36,5.433,68.09,21.598,25.774,1.668,24.6,18.303,6660.62,79.17,605.18,5.425,68.3,21.728,25.777,1.62,24.635,18.398,MECHANICAL_FAILURE,0.47,1.0,1.0,1.0,1.0,0.0,0.0,0.0,0.0
22.2,TAKEOFF,88.7,62.66,555.0,28.89,99.313,1.1455,6668.96,80.03,605.56,5.434,68.08,21.602,25.774,1.668,24.6,18.305,6663.96,79.66,606.13,5.432,68.01,21.561,25.768,1.692,24.56,18.161,MECHANICAL_FAILURE,0.473,1.0,1.0,1.0,1.0,0.0,0.0,0.0,0.0
22.3,TAKEOFF,88.72,62.67,557.5,28.88,99.304,1.1454,6669.69,80.03,605.76,5.434,68.07,21.606,25.774,1.668,24.6,18.307,6665.98,79.96,604.35,5.402,68.73,21.627,25.753,1.684,24.605,18.204,MECHANICAL_FAILURE,0.477,1.0,1.0,1.0,1.0,0.0,0.0,0.0,0.0
22.4,TAKEOFF,88.73,62.68,560.0,28.88,99.295,1.1453,6670.42,80.03,605.95,5.435,68.06,21.609,25.775,1.668,24.6,18.31,6680.65,79.78,609.22,5.438,68.8,21.744,25.725,1.707,24.59,18.318,MECHANICAL_FAILURE,0.48,1.0,1.0,1.0,1.0,0.0,0.0,0.0,0.0
22.5,TAKEOFF,88.75,62.69,562.5,28.87,99.286,1.1452,6671.15,80.03,606.15,5.435,68.06,21.613,25.775,1.669,24.6,18.313,6668.45,79.66,608.43,5.413,68.22,21.632,25.763,1.702,24.496,18.48,MECHANICAL_FAILURE,0.483,1.0,1.0,1.0,1.0,0.0,0.0,0.0,0.0
22.6,TAKEOFF,88.77,62.7,565.0,28.87,99.277,1.1451,6671.89,80.03,606.34,5.436,68.05,21.616,25.775,1.669,24.6,18.315,6675.7,80.56,605.68,5.47,67.88,21.469,25.719,1.687,24.593,18.318,MECHANICAL_FAILURE,0.487,1.0,1.0,1.0,1.0,0.0,0.0,0.0,0.0
22.7,TAKEOFF,88.78,62.71,567.5,28.86,99.268,1.145,6672.62,80.03,606.53,5.436,68.04,21.62,25.776,1.669,24.6,18.318,6675.57,80.0,606.89,5.442,67.73,21.761,25.668,1.696,24.609,18.297,MECHANICAL_FAILURE,0.49,1.0,1.0,1.0,1.0,0.0,0.0,0.0,0.0
22.8,TAKEOFF,88.8,62.72,570.0,28.86,99.259,1.145,6673.35,80.03,606.72,5.437,68.03,21.623,25.776,1.669,24.6,18.32,6670.55,79.97,606.01,5.395,68.11,21.733,25.759,1.584,24.525,18.204,MECHANICAL_FAILURE,0.493,1.0,1.0,1.0,1.0,0.0,0.0,0.0,0.0
22.9,TAKEOFF,88.82,62.73,572.5,28.85,99.25,1.1449,6674.08,80.03,606.91,5.437,68.02,21.627,25.776,1.669,24.6,18.323,6673.43,79.63,609.15,5.439,67.77,21.68,25.727,1.649,24.567,18.223,MECHANICAL_FAILURE,0.497,1.0,1.0,1.0,1.0,0.0,0.0,0.0,0.0
23.0,TAKEOFF,88.83,62.74,575.0,28.85,99.241,1.1448,6674.81,80.03,607.09,5.437,68.02,21.631,25.777,1.669,24.6,18.325,6674.62,79.61,606.06,5.41,67.77,21.494,25.766,1.685,24.622,18.39,MECHANICAL_FAILURE,0.5,1.0,1.0,1.0,1.0,0.0,0.0,0.0,0.0
23.1,TAKEOFF,88.85,62.75,577.5,28.84,99.232,1.1447,6675.54,80.03,607.28,5.438,68.01,21.634,25.777,1.67,24.6,18.328,6676.53,81.21,608.43,5.454,67.65,21.534,25.778,1.684,24.62,18.574,MECHANICAL_FAILURE,0.503,1.0,1.0,1.0,1.0,0.0,0.0,0.0,0.0
23.2,TAKEOFF,88.87,62.76,580.0,28.84,99.223,1.1446,6676.27,80.02,607.46,5.438,68.0,21.638,25.777,1.67,24.6,18.33,6680.67,79.45,607.9,5.426,68.19,21.635,25.812,1.613,24.598,18.363,MECHANICAL_FAILURE,0.507,1.0,1.0,1.0,1.0,0.0,0.0,0.0,0.0
23.3,TAKEOFF,88.88,62.77,582.5,28.83,99.214,1.1445,6677.0,80.02,607.64,5.439,67.99,21.641,25.778,1.67,24.6,18.332,6670.85,79.63,607.9,5.43,68.13,21.573,25.807,1.597,24.59,18.484,MECHANICAL_FAILURE,0.51,1.0,1.0,1.0,1.0,0.0,0.0,0.0,0.0
23.4,TAKEOFF,88.9,62.79,585.0,28.83,99.205,1.1445,6677.73,80.02,607.82,5.439,67.98,21.645,25.778,1.67,24.6,18.335,6686.87,79.79,608.79,5.378,67.9,21.511,25.715,1.713,24.692,18.297,MECHANICAL_FAILURE,0.513,1.0,1.0,1.0,1.0,0.0,0.0,0.0,0.0
23.5,TAKEOFF,88.92,62.8,587.5,28.82,99.196,1.1444,6678.46,80.02,607.99,5.44,67.98,21.648,25.778,1.67,24.6,18.337,6686.52,79.48,607.38,5.439,67.82,21.672,25.849,1.686,24.585,18.431,MECHANICAL_FAILURE,0.517,1.0,1.0,1.0,1.0,0.0,0.0,0.0,0.0
23.6,TAKEOFF,88.93,62.81,590.0,28.82,99.188,1.1443,6679.19,80.02,608.17,5.44,67.97,21.652,25.779,1.67,24.6,18.34,6677.34,79.73,608.17,5.458,68.62,21.794,25.829,1.655,24.544,18.289,MECHANICAL_FAILURE,0.52,1.0,1.0,1.0,1.0,0.0,0.0,0.0,0.0
23.7,TAKEOFF,88.95,62.82,592.5,28.81,99.179,1.1442,6679.92,80.02,608.34,5.44,67.96,21.656,25.779,1.671,24.6,18.343,6684.94,79.75,607.99,5.487,67.83,21.562,25.8,1.638,24.658,18.508,MECHANICAL_FAILURE,0.523,1.0,1.0,1.0,1.0,0.0,0.0,0.0,0.0
23.8,TAKEOFF,88.97,62.83,595.0,28.81,99.17,1.1441,6680.65,80.02,608.51,5.441,67.95,21.659,25.779,1.671,24.6,18.345,6675.05,79.09,608.63,5.424,67.66,21.487,25.751,1.653,24.604,18.447,MECHANICAL_FAILURE,0.527,1.0,1.0,1.0,1.0,0.0,0.0,0.0,0.0
23.9,TAKEOFF,88.98,62.84,597.5,28.8,99.161,1.144,6681.38,80.02,608.68,5.441,67.95,21.663,25.78,1.671,24.6,18.348,6680.11,80.59,610.03,5.48,67.57,21.773,25.88,1.708,24.642,18.481,MECHANICAL_FAILURE,0.53,1.0,1.0,1.0,1.0,0.0,0.0,0.0,0.0
24.0,TAKEOFF,89.0,62.85,600.0,28.8,99.152,1.144,6682.11,80.02,608.85,5.442,67.94,21.666,25.78,1.671,24.6,18.35,6682.78,79.68,610.02,5.476,67.74,21.605,25.78,1.804,24.646,18.357,MECHANICAL_FAILURE,0.533,1.0,1.0,1.0,1.0,0.0,0.0,0.0,0.0
24.1,TAKEOFF,89.02,62.86,602.5,28.79,99.143,1.1439,6682.83,80.02,609.02,5.442,67.93,21.67,25.78,1.671,24.6,18.352,6684.86,80.17,609.11,5.414,68.25,21.608,25.796,1.729,24.591,18.337,MECHANICAL_FAILURE,0.537,1.0,1.0,1.0,1.0,0.0,0.0,0.0,0.0
24.2,TAKEOFF,89.03,62.87,605.0,28.79,99.134,1.1438,6683.56,80.02,609.18,5.443,67.92,21.673,25.781,1.671,24.6,18.355,6675.27,80.21,608.72,5.471,67.67,21.653,25.751,1.689,24.597,18.394,MECHANICAL_FAILURE,0.54,1.0,1.0,1.0,1.0,0.0,0.0,0.0,0.0
24.3,TAKEOFF,89.05,62.88,607.5,28.78,99.125,1.1437,6684.29,80.02,609.34,5.443,67.91,21.677,25.781,1.671,24.6,18.358,6681.99,79.81,610.53,5.433,67.82,21.657,25.73,1.68,24.515,18.393,MECHANICAL_FAILURE,0.543,1.0,1.0,1.0,1.0,0.0,0.0,0.0,0.0
24.4,TAKEOFF,89.07,62.89,610.0,28.78,99.116,1.1436,6685.02,80.02,609.51,5.444,67.91,21.681,25.781,1.672,24.6,18.36,6677.78,79.92,608.99,5.428,67.81,21.717,25.804,1.696,24.603,18.393,MECHANICAL_FAILURE,0.547,1.0,1.0,1.0,1.0,0.0,0.0,0.0,0.0
24.5,TAKEOFF,89.08,62.9,612.5,28.77,99.107,1.1435,6685.75,80.02,609.67,5.444,67.9,21.684,25.782,1.672,24.6,18.363,6687.03,79.92,609.21,5.455,68.05,21.667,25.835,1.64,24.599,18.374,MECHANICAL_FAILURE,0.55,1.0,1.0,1.0,1.0,0.0,0.0,0.0,0.0
24.6,TAKEOFF,89.1,62.92,615.0,28.77,99.098,1.1434,6686.48,80.02,609.83,5.444,67.89,21.688,25.782,1.672,24.6,18.365,6693.82,79.02,608.66,5.452,67.69,21.815,25.687,1.654,24.676,18.281,MECHANICAL_FAILURE,0.553,1.0,1.0,1.0,1.0,0.0,0.0,0.0,0.0
24.7,TAKEOFF,89.12,62.93,617.5,28.76,99.089,1.1434,6687.21,80.02,609.98,5.445,67.88,21.691,25.782,1.672,24.6,18.367,6683.42,80.86,609.86,5.464,67.29,21.731,25.791,1.635,24.573,18.394,MECHANICAL_FAILURE,0.557,1.0,1.0,1.0,1.0,0.0,0.0,0.0,0.0
24.8,TAKEOFF,89.13,62.94,620.0,28.76,99.08,1.1433,6687.94,80.02,610.14,5.445,67.87,21.695,25.783,1.672,24.6,18.37,6693.5,80.47,610.81,5.465,68.56,21.816,25.83,1.716,24.617,18.223,MECHANICAL_FAILURE,0.56,1.0,1.0,1.0,1.0,0.0,0.0,0.0,0.0
24.9,TAKEOFF,89.15,62.95,622.5,28.75,99.071,1.1432,6688.67,80.02,610.29,5.446,67.87,21.698,25.783,1.672,24.6,18.373,6695.27,79.6,611.46,5.405,67.55,21.77,25.754,1.629,24.591,18.293,MECHANICAL_FAILURE,0.563,1.0,1.0,1.0,1.0,0.0,0.0,0.0,0.0
25.0,TAKEOFF,89.17,62.96,625.0,28.75,99.062,1.1431,6689.4,80.02,610.45,5.446,67.86,21.702,25.783,1.673,24.6,18.375,6692.2,80.43,611.5,5.46,67.63,21.728,25.75,1.607,24.528,18.304,MECHANICAL_FAILURE,0.567,1.0,1.0,1.0,1.0,0.0,0.0,0.0,0.0
25.1,TAKEOFF,89.18,62.97,627.5,28.74,99.053,1.143,6690.13,80.02,610.6,5.447,67.85,21.706,25.784,1.673,24.6,18.378,6694.05,79.51,612.36,5.412,67.85,21.607,25.85,1.691,24.745,18.557,MECHANICAL_FAILURE,0.57,1.0,1.0,1.0,1.0,0.0,0.0,0.0,0.0
25.2,TAKEOFF,89.2,62.98,630.0,28.74,99.044,1.1429,6690.86,80.02,610.75,5.447,67.84,21.709,25.784,1.673,24.6,18.38,6676.96,79.92,610.58,5.46,67.93,21.716,25.783,1.652,24.673,18.389,MECHANICAL_FAILURE,0.573,1.0,1.0,1.0,1.0,0.0,0.0,0.0,0.0
25.3,TAKEOFF,89.22,62.99,632.5,28.73,99.035,1.1429,6691.58,80.02,610.9,5.448,67.84,21.713,25.784,1.673,24.6,18.383,6694.43,80.03,609.3,5.497,67.42,21.794,25.834,1.701,24.599,18.539,MECHANICAL_FAILURE,0.577,1.0,1.0,1.0,1.0,0.0,0.0,0.0,0.0
25.4,TAKEOFF,89.23,63.0,635.0,28.73,99.026,1.1428,6692.31,80.02,611.04,5.448,67.83,21.716,25.785,1.673,24.6,18.385,6688.71,79.95,608.93,5.446,67.27,21.668,25.85,1.643,24.559,18.458,MECHANICAL_FAILURE,0.58,1.0,1.0,1.0,1.0,0.0,0.0,0.0,0.0
25.5,TAKEOFF,89.25,63.01,637.5,28.72,99.017,1.1427,6693.04,80.02,611.19,5.448,67.82,21.72,25.785,1.673,24.6,18.388,6691.44,79.53,613.14,5.49,68.0,21.641,25.709,1.641,24.558,18.487,MECHANICAL_FAILURE,0.583,1.0,1.0,1.0,1.0,0.0,0.0,0.0,0.0
25.6,TAKEOFF,89.27,63.02,640.0,28.72,99.008,1.1426,6693.77,80.02,611.34,5.449,67.81,21.723,25.785,1.674,24.6,18.39,6694.99,80.68,610.4,5.468,67.36,21.719,25.83,1.65,24.641,18.524,MECHANICAL_FAILURE,0.587,1.0,1.0,1.0,1.0,0.0,0.0,0.0,0.0
25.7,TAKEOFF,89.28,63.03,642.5,28.71,99.0,1.1425,6694.5,80.02,611.48,5.449,67.8,21.727,25.786,1.674,24.6,18.393,6690.7,80.41,610.29,5.455,67.67,21.642,25.748,1.685,24.549,18.394,MECHANICAL_FAILURE,0.59,1.0,1.0,1.0,1.0,0.0,0.0,0.0,0.0
25.8,TAKEOFF,89.3,63.05,645.0,28.71,98.991,1.1424,6695.23,80.02,611.62,5.45,67.8,21.731,25.786,1.674,24.6,18.395,6700.22,80.11,610.04,5.432,67.98,21.597,25.816,1.742,24.476,18.361,MECHANICAL_FAILURE,0.593,1.0,1.0,1.0,1.0,0.0,0.0,0.0,0.0
25.9,TAKEOFF,89.32,63.06,647.5,28.7,98.982,1.1423,6695.96,80.02,611.76,5.45,67.79,21.734,25.786,1.674,24.6,18.398,6696.43,80.57,613.27,5.46,67.44,21.799,25.756,1.673,24.524,18.316,MECHANICAL_FAILURE,0.597,1.0,1.0,1.0,1.0,0.0,0.0,0.0,0.0
26.0,TAKEOFF,89.33,63.07,650.0,28.7,98.973,1.1423,6696.69,80.02,611.9,5.451,67.78,21.738,25.787,1.674,24.6,18.4,6692.68,79.2,609.77,5.52,67.54,21.65,25.766,1.608,24.599,18.255,MECHANICAL_FAILURE,0.6,1.0,1.0,1.0,1.0,0.0,0.0,0.0,0.0
26.1,TAKEOFF,89.35,63.08,652.5,28.69,98.964,1.1422,6697.41,80.02,612.04,5.451,67.77,21.741,25.787,1.674,24.6,18.403,6698.47,79.75,611.91,5.404,67.98,21.831,25.728,1.712,24.583,18.346,MECHANICAL_FAILURE,0.603,1.0,1.0,1.0,1.0,0.0,0.0,0.0,0.0
26.2,TAKEOFF,89.37,63.09,655.0,28.69,98.955,1.1421,6698.14,80.02,612.18,5.452,67.76,21.745,25.787,1.675,24.6,18.405,6691.16,80.42,615.16,5.479,67.64,21.75,25.702,1.663,24.478,18.516,MECHANICAL_FAILURE,0.607,1.0,1.0,1.0,1.0,0.0,0.0,0.0,0.0
26.3,TAKEOFF,89.38,63.1,657.5,28.68,98.946,1.142,6698.87,80.02,612.31,5.452,67.76,21.748,25.788,1.675,24.6,18.408,6696.31,79.44,613.31,5.457,67.71,21.695,25.783,1.713,24.562,18.481,MECHANICAL_FAILURE,0.61,1.0,1.0,1.0,1.0,0.0,0.0,0.0,0.0
26.4,TAKEOFF,89.4,63.11,660.0,28.68,98.937,1.1419,6699.6,80.02,612.45,5.452,67.75,21.752,25.788,1.675,24.6,18.41,6701.27,79.29,611.31,5.416,67.62,21.681,25.758,1.624,24.517,18.607,MECHANICAL_FAILURE,0.613,1.0,1.0,1.0,1.0,0.0,0.0,0.0,0.0
26.5,TAKEOFF,89.42,63.12,662.5,28.67,98.928,1.1418,6700.33,80.02,612.58,5.453,67.74,21.756,25.788,1.675,24.6,18.413,6695.96,79.98,612.44,5.393,67.84,21.68,25.733,1.769,24.571,18.297,MECHANICAL_FAILURE,0.617,1.0,1.0,1.0,1.0,0.0,0.0,0.0,0.0
26.6,TAKEOFF,89.43,63.13,665.0,28.67,98.919,1.1418,6701.06,80.02,612.72,5.453,67.73,21.759,25.789,1.675,24.6,18.415,6704.15,80.28,612.14,5.407,67.96,21.67,25.899,1.651,24.64,18.452,MECHANICAL_FAILURE,0.62,1.0,1.0,1.0,1.0,0.0,0.0,0.0,0.0
26.7,TAKEOFF,89.45,63.14,667.5,28.66,98.91,1.1417,6701.79,80.02,612.85,5.454,67.73,21.763,25.789,1.675,24.6,18.418,6698.52,81.03,612.85,5.482,67.5,21.797,25.765,1.721,24.588,18.338,MECHANICAL_FAILURE,0.623,1.0,1.0,1.0,1.0,0.0,0.0,0.0,0.0
26.8,TAKEOFF,89.47,63.15,670.0,28.66,98.901,1.1416,6702.51,80.02,612.98,5.454,67.72,21.766,25.789,1.675,24.6,18.42,6705.16,80.24,611.12,5.486,67.43,21.771,25.657,1.743,24.625,18.393,MECHANICAL_FAILURE,0.627,1.0,1.0,1.0,1.0,0.0,0.0,0.0,0.0
26.9,TAKEOFF,89.48,63.16,672.5,28.65,98.892,1.1415,6703.24,80.02,613.11,5.455,67.71,21.77,25.79,1.676,24.6,18.423,6703.89,80.26,614.56,5.461,67.8,21.714,25.813,1.605,24.595,18.315,MECHANICAL_FAILURE,0.63,1.0,1.0,1.0,1.0,0.0,0.0,0.0,0.0
27.0,TAKEOFF,89.5,63.18,675.0,28.65,98.883,1.1414,6703.97,80.02,613.23,5.455,67.7,21.773,25.79,1.676,24.6,18.425,6703.99,79.77,612.97,5.503,67.87,21.82,25.847,1.789,24.509,18.221,MECHANICAL_FAILURE,0.633,1.0,1.0,1.0,1.0,0.0,0.0,0.0,0.0
27.1,TAKEOFF,89.52,63.19,677.5,28.64,98.874,1.1413,6704.7,80.02,613.36,5.455,67.69,21.777,25.79,1.676,24.6,18.428,6701.42,80.4,613.29,5.47,67.77,21.648,25.759,1.672,24.555,18.223,MECHANICAL_FAILURE,0.637,1.0,1.0,1.0,1.0,0.0,0.0,0.0,0.0
27.2,TAKEOFF,89.53,63.2,680.0,28.64,98.865,1.1413,6705.43,80.02,613.49,5.456,67.69,21.781,25.791,1.676,24.6,18.43,6710.18,80.3,612.58,5.419,68.13,21.804,25.774,1.652,24.557,18.358,MECHANICAL_FAILURE,0.64,1.0,1.0,1.0,1.0,0.0,0.0,0.0,0.0
27.3,TAKEOFF,89.55,63.21,682.5,28.63,98.857,1.1412,6706.16,80.02,613.61,5.456,67.68,21.784,25.791,1.676,24.6,18.433,6705.05,80.47,612.35,5.483,67.63,21.743,25.756,1.683,24.624,18.47,MECHANICAL_FAILURE,0.643,1.0,1.0,1.0,1.0,0.0,0.0,0.0,0.0
27.4,TAKEOFF,89.57,63.22,685.0,28.63,98.848,1.1411,6706.88,80.02,613.74,5.457,67.67,21.788,25.791,1.676,24.6,18.435,6709.38,79.38,614.48,5.405,67.97,21.918,25.771,1.664,24.609,18.499,MECHANICAL_FAILURE,0.647,1.0,1.0,1.0,1.0,0.0,0.0,0.0,0.0
27.5,TAKEOFF,89.58,63.23,687.5,28.62,98.839,1.141,6707.61,80.02,613.86,5.457,67.66,21.791,25.792,1.677,24.6,18.438,6707.67,79.64,611.03,5.483,67.78,21.899,25.83,1.586,24.588,18.45,MECHANICAL_FAILURE,0.65,1.0,1.0,1.0,1.0,0.0,0.0,0.0,0.0
27.6,TAKEOFF,89.6,63.24,690.0,28.62,98.83,1.1409,6708.34,80.02,613.98,5.458,67.66,21.795,25.792,1.677,24.6,18.44,6708.78,80.49,614.86,5.371,67.52,21.793,25.846,1.699,24.615,18.451,MECHANICAL_FAILURE,0.653,1.0,1.0,1.0,1.0,0.0,0.0,0.0,0.0
27.7,TAKEOFF,89.62,63.25,692.5,28.61,98.821,1.1408,6709.07,80.02,614.1,5.458,67.65,21.798,25.792,1.677,24.6,18.443,6712.85,79.05,614.58,5.458,67.91,21.677,25.79,1.605,24.529,18.358,MECHANICAL_FAILURE,0.657,1.0,1.0,1.0,1.0,0.0,0.0,0.0,0.0
27.8,TAKEOFF,89.63,63.26,695.0,28.61,98.812,1.1407,6709.8,80.02,614.22,5.459,67.64,21.802,25.793,1.677,24.6,18.445,6716.33,80.69,613.94,5.477,67.54,21.709,25.766,1.693,24.618,18.515,MECHANICAL_FAILURE,0.66,1.0,1.0,1.0,1.0,0.0,0.0,0.0,0.0
27.9,TAKEOFF,89.65,63.27,697.5,28.6,98.803,1.1407,6710.52,80.02,614.34,5.459,67.63,21.806,25.793,1.677,24.6,18.448,6708.37,81.06,614.23,5.51,67.18,21.657,25.831,1.681,24.549,18.532,MECHANICAL_FAILURE,0.663,1.0,1.0,1.0,1.0,0.0,0.0,0.0,0.0
28.0,TAKEOFF,89.67,63.28,700.0,28.6,98.794,1.1406,6711.25,80.02,614.46,5.459,67.63,21.809,25.793,1.677,24.6,18.45,6720.96,80.23,616.6,5.468,67.72,21.816,25.765,1.717,24.624,18.568,MECHANICAL_FAILURE,0.667,1.0,1.0,1.0,1.0,0.0,0.0,0.0,0.0
28.1,TAKEOFF,89.68,63.29,702.5,28.59,98.785,1.1405,6711.98,80.02,614.57,5.46,67.62,21.813,25.794,1.678,24.6,18.453,6707.88,79.61,614.97,5.49,67.59,21.828,25.75,1.729,24.632,18.375,MECHANICAL_FAILURE,0.67,1.0,1.0,1.0,1.0,0.0,0.0,0.0,0.0
28.2,TAKEOFF,89.7,63.31,705.0,28.59,98.776,1.1404,6712.71,80.02,614.69,5.46,67.61,21.816,25.794,1.678,24.6,18.455,6717.64,80.29,615.5,5.493,68.46,21.739,25.72,1.824,24.622,18.427,MECHANICAL_FAILURE,0.673,1.0,1.0,1.0,1.0,0.0,0.0,0.0,0.0
28.3,TAKEOFF,89.72,63.32,707.5,28.58,98.767,1.1403,6713.44,80.02,614.8,5.461,67.6,21.82,25.794,1.678,24.6,18.458,6712.49,80.02,615.63,5.482,67.56,21.752,25.791,1.69,24.562,18.244,MECHANICAL_FAILURE,0.677,1.0,1.0,1.0,1.0,0.0,0.0,0.0,0.0
28.4,TAKEOFF,89.73,63.33,710.0,28.58,98.758,1.1402,6714.16,80.02,614.92,5.461,67.59,21.823,25.795,1.678,24.6,18.46,6713.16,80.86,614.93,5.477,67.45,21.571,25.831,1.714,24.634,18.493,MECHANICAL_FAILURE,0.68,1.0,1.0,1.0,1.0,0.0,0.0,0.0,0.0
28.5,TAKEOFF,89.75,63.34,712.5,28.57,98.749,1.1402,6714.89,80.02,615.03,5.462,67.59,21.827,25.795,1.678,24.6,18.463,6714.53,79.32,613.28,5.432,67.3,21.829,25.751,1.726,24.626,18.491,MECHANICAL_FAILURE,0.683,1.0,1.0,1.0,1.0,0.0,0.0,0.0,0.0
28.6,TAKEOFF,89.77,63.35,715.0,28.57,98.74,1.1401,6715.62,80.02,615.14,5.462,67.58,21.831,25.795,1.678,24.6,18.465,6723.93,79.85,614.39,5.48,67.52,21.73,25.862,1.786,24.551,18.534,MECHANICAL_FAILURE,0.687,1.0,1.0,1.0,1.0,0.0,0.0,0.0,0.0
28.7,TAKEOFF,89.78,63.36,717.5,28.56,98.732,1.14,6716.35,80.02,615.25,5.463,67.57,21.834,25.796,1.679,24.6,18.468,6714.71,80.37,615.38,5.5,67.75,21.824,25.916,1.681,24.513,18.514,MECHANICAL_FAILURE,0.69,1.0,1.0,1.0,1.0,0.0,0.0,0.0,0.0
28.8,TAKEOFF,89.8,63.37,720.0,28.56,98.723,1.1399,6717.08,80.02,615.36,5.463,67.56,21.838,25.796,1.679,24.6,18.47,6711.27,80.08,613.08,5.452,67.94,21.771,25.852,1.757,24.607,18.503,MECHANICAL_FAILURE,0.693,1.0,1.0,1.0,1.0,0.0,0.0,0.0,0.0
28.9,TAKEOFF,89.82,63.38,722.5,28.55,98.714,1.1398,6717.8,80.02,615.47,5.463,67.56,21.841,25.796,1.679,24.6,18.473,6724.18,80.77,617.89,5.426,67.78,21.876,25.777,1.641,24.626,18.462,MECHANICAL_FAILURE,0.697,1.0,1.0,1.0,1.0,0.0,0.0,0.0,0.0
29.0,TAKEOFF,89.83,63.39,725.0,28.55,98.705,1.1397,6718.53,80.02,615.58,5.464,67.55,21.845,25.797,1.679,24.6,18.475,6718.25,80.74,616.68,5.449,67.21,21.835,25.744,1.725,24.633,18.443,MECHANICAL_FAILURE,0.7,1.0,1.0,1.0,1.0,0.0,0.0,0.0,0.0
29.1,TAKEOFF,89.85,63.4,727.5,28.54,98.696,1.1397,6719.26,80.02,615.69,5.464,67.54,21.848,25.797,1.679,24.6,18.478,6724.41,79.58,616.19,5.417,67.47,21.854,25.783,1.735,24.568,18.435,MECHANICAL_FAILURE,0.703,1.0,1.0,1.0,1.0,0.0,0.0,0.0,0.0
29.2,TAKEOFF,89.87,63.41,730.0,28.54,98.687,1.1396,6719.99,80.02,615.8,5.465,67.53,21.852,25.797,1.679,24.6,18.48,6727.33,80.37,612.13,5.485,67.95,21.844,25.782,1.665,24.6,18.42,MECHANICAL_FAILURE,0.707,1.0,1.0,1.0,1.0,0.0,0.0,0.0,0.0
29.3,TAKEOFF,89.88,63.42,732.5,28.53,98.678,1.1395,6720.72,80.02,615.9,5.465,67.53,21.856,25.798,1.679,24.6,18.483,6723.48,79.35,617.02,5.467,67.4,21.83,25.83,1.745,24.492,18.669,MECHANICAL_FAILURE,0.71,1.0,1.0,1.0,1.0,0.0,0.0,0.0,0.0
29.4,TAKEOFF,89.9,63.44,735.0,28.53,98.669,1.1394,6721.44,80.02,616.01,5.466,67.52,21.859,25.798,1.68,24.6,18.485,6728.81,79.87,618.34,5.471,67.47,21.775,25.699,1.682,24.611,18.537,MECHANICAL_FAILURE,0.713,1.0,1.0,1.0,1.0,0.0,0.0,0.0,0.0
29.5,TAKEOFF,89.92,63.45,737.5,28.52,98.66,1.1393,6722.17,80.02,616.11,5.466,67.51,21.863,25.798,1.68,24.6,18.488,6727.35,80.66,615.77,5.455,67.65,21.979,25.765,1.665,24.563,18.397,MECHANICAL_FAILURE,0.717,1.0,1.0,1.0,1.0,0.0,0.0,0.0,0.0
29.6,TAKEOFF,89.93,63.46,740.0,28.52,98.651,1.1392,6722.9,80.02,616.21,5.466,67.5,21.866,25.799,1.68,24.6,18.49,6725.67,80.54,613.7,5.44,67.27,21.792,25.768,1.632,24.62,18.574,MECHANICAL_FAILURE,0.72,1.0,1.0,1.0,1.0,0.0,0.0,0.0,0.0
29.7,TAKEOFF,89.95,63.47,742.5,28.51,98.642,1.1392,6723.63,80.02,616.32,5.467,67.49,21.87,25.799,1.68,24.6,18.493,6721.48,78.32,613.86,5.496,66.8,21.985,25.901,1.713,24.573,18.346,MECHANICAL_FAILURE,0.723,1.0,1.0,1.0,1.0,0.0,0.0,0.0,0.0
29.8,TAKEOFF,89.97,63.48,745.0,28.51,98.633,1.1391,6724.36,80.02,616.42,5.467,67.49,21.873,25.799,1.68,24.6,18.495,6727.99,80.14,615.68,5.493,67.74,21.881,25.808,1.644,24.661,18.521,MECHANICAL_FAILURE,0.727,1.0,1.0,1.0,1.0,0.0,0.0,0.0,0.0
29.9,TAKEOFF,89.98,63.49,747.5,28.5,98.625,1.139,6725.08,80.02,616.52,5.468,67.48,21.877,25.8,1.68,24.6,18.498,6714.89,80.05,616.76,5.46,68.0,21.899,25.868,1.707,24.637,18.571,MECHANICAL_FAILURE,0.73,1.0,1.0,1.0,1.0,0.0,0.0,0.0,0.0
30.0,TAKEOFF,90.0,63.5,750.0,28.5,98.616,1.1389,6725.81,80.02,616.62,5.468,67.47,21.881,25.8,1.681,24.6,18.5,6726.32,80.07,614.05,5.442,67.33,21.797,25.898,1.721,24.587,18.486,MECHANICAL_FAILURE,0.733,1.0,1.0,1.0,1.0,0.0,0.0,0.0,0.0
30.1,TAKEOFF,90.02,63.51,752.5,28.49,98.607,1.1388,6726.54,80.02,616.72,5.469,67.46,21.884,25.8,1.681,24.6,18.503,6730.4,80.25,615.54,5.428,67.76,21.725,25.759,1.664,24.574,18.511,MECHANICAL_FAILURE,0.737,1.0,1.0,1.0,1.0,0.0,0.0,0.0,0.0
30.2,TAKEOFF,90.03,63.52,755.0,28.49,98.598,1.1387,6727.27,80.02,616.82,5.469,67.46,21.888,25.801,1.681,24.6,18.505,6735.81,80.34,618.15,5.471,67.45,21.879,25.708,1.762,24.479,18.573,MECHANICAL_FAILURE,0.74,1.0,1.0,1.0,1.0,0.0,0.0,0.0,0.0
30.3,TAKEOFF,90.05,63.53,757.5,28.48,98.589,1.1386,6727.99,80.02,616.92,5.47,67.45,21.891,25.801,1.681,24.6,18.508,6731.18,79.67,616.52,5.459,67.74,21.85,25.818,1.688,24.584,18.619,MECHANICAL_FAILURE,0.743,1.0,1.0,1.0,1.0,0.0,0.0,0.0,0.0
30.4,TAKEOFF,90.07,63.54,760.0,28.48,98.58,1.1386,6728.72,80.02,617.02,5.47,67.44,21.895,25.801,1.681,24.6,18.51,6723.16,80.37,620.1,5.457,67.38,21.704,25.858,1.684,24.564,18.575,MECHANICAL_FAILURE,0.747,1.0,1.0,1.0,1.0,0.0,0.0,0.0,0.0
30.5,TAKEOFF,90.08,63.55,762.5,28.47,98.571,1.1385,6729.45,80.02,617.11,5.47,67.43,21.898,25.802,1.681,24.6,18.513,6732.2,79.82,616.37,5.45,67.61,21.791,25.742,1.778,24.626,18.571,MECHANICAL_FAILURE,0.75,1.0,1.0,1.0,1.0,0.0,0.0,0.0,0.0
30.6,TAKEOFF,90.1,63.57,765.0,28.47,98.562,1.1384,6730.18,80.02,617.21,5.471,67.43,21.902,25.802,1.682,24.6,18.515,6733.1,80.55,615.98,5.475,67.46,21.845,25.84,1.583,24.571,18.518,MECHANICAL_FAILURE,0.753,1.0,1.0,1.0,1.0,0.0,0.0,0.0,0.0
30.7,TAKEOFF,90.12,63.58,767.5,28.46,98.553,1.1383,6730.91,80.02,617.3,5.471,67.42,21.906,25.802,1.682,24.6,18.518,6734.82,79.2,616.06,5.487,67.0,21.755,25.831,1.716,24.638,18.492,MECHANICAL_FAILURE,0.757,1.0,1.0,1.0,1.0,0.0,0.0,0.0,0.0
30.8,TAKEOFF,90.13,63.59,770.0,28.46,98.544,1.1382,6731.63,80.02,617.4,5.472,67.41,21.909,25.803,1.682,24.6,18.52,6726.34,79.12,618.36,5.503,67.62,22.017,25.774,1.639,24.593,18.484,MECHANICAL_FAILURE,0.76,1.0,1.0,1.0,1.0,0.0,0.0,0.0,0.0
30.9,TAKEOFF,90.15,63.6,772.5,28.45,98.536,1.1381,6732.36,80.02,617.49,5.472,67.4,21.913,25.803,1.682,24.6,18.523,6735.09,79.82,620.18,5.496,67.7,21.743,25.844,1.609,24.613,18.48,MECHANICAL_FAILURE,0.763,1.0,1.0,1.0,1.0,0.0,0.0,0.0,0.0
31.0,TAKEOFF,90.17,63.61,775.0,28.45,98.527,1.1381,6733.09,80.02,617.59,5.473,67.4,21.916,25.803,1.682,24.6,18.525,6731.73,80.47,615.9,5.44,67.44,21.826,25.773,1.661,24.55,18.51,MECHANICAL_FAILURE,0.767,1.0,1.0,1.0,1.0,0.0,0.0,0.0,0.0
31.1,TAKEOFF,90.18,63.62,777.5,28.44,98.518,1.138,6733.82,80.02,617.68,5.473,67.39,21.92,25.804,1.682,24.6,18.528,6735.49,80.22,615.46,5.468,67.65,22.057,25.771,1.742,24.559,18.504,MECHANICAL_FAILURE,0.77,1.0,1.0,1.0,1.0,0.0,0.0,0.0,0.0
31.2,TAKEOFF,90.2,63.63,780.0,28.44,98.509,1.1379,6734.54,80.02,617.77,5.474,67.38,21.923,25.804,1.682,24.6,18.53,6728.16,79.88,617.22,5.477,67.05,21.982,25.757,1.711,24.458,18.456,MECHANICAL_FAILURE,0.773,1.0,1.0,1.0,1.0,0.0,0.0,0.0,0.0
31.3,TAKEOFF,90.22,63.64,782.5,28.43,98.5,1.1378,6735.27,80.02,617.86,5.474,67.37,21.927,25.804,1.683,24.6,18.533,6727.17,79.91,616.15,5.465,67.28,22.039,25.738,1.742,24.595,18.745,MECHANICAL_FAILURE,0.777,1.0,1.0,1.0,1.0,0.0,0.0,0.0,0.0
31.4,TAKEOFF,90.23,63.65,785.0,28.43,98.491,1.1377,6736.0,80.02,617.95,5.474,67.37,21.931,25.805,1.683,24.6,18.535,6736.08,80.17,617.12,5.473,67.38,22.05,25.765,1.668,24.483,18.636,MECHANICAL_FAILURE,0.78,1.0,1.0,1.0,1.0,0.0,0.0,0.0,0.0
31.5,TAKEOFF,90.25,63.66,787.5,28.42,98.482,1.1376,6736.73,80.02,618.04,5.475,67.36,21.934,25.805,1.683,24.6,18.538,6737.93,80.21,618.04,5.464,66.91,21.916,25.871,1.614,24.701,18.714,MECHANICAL_FAILURE,0.783,1.0,1.0,1.0,1.0,0.0,0.0,0.0,0.0
31.6,TAKEOFF,90.27,63.67,790.0,28.42,98.473,1.1376,6737.45,80.02,618.13,5.475,67.35,21.938,25.805,1.683,24.6,18.54,6740.73,80.17,617.8,5.469,67.76,21.874,25.8,1.793,24.614,18.561,MECHANICAL_FAILURE,0.787,1.0,1.0,1.0,1.0,0.0,0.0,0.0,0.0
31.7,TAKEOFF,90.28,63.68,792.5,28.41,98.464,1.1375,6738.18,80.02,618.22,5.476,67.34,21.941,25.806,1.683,24.6,18.543,6739.28,81.0,616.96,5.482,67.53,22.067,25.817,1.682,24.598,18.52,MECHANICAL_FAILURE,0.79,1.0,1.0,1.0,1.0,0.0,0.0,0.0,0.0
31.8,TAKEOFF,90.3,63.7,795.0,28.41,98.455,1.1374,6738.91,80.02,618.31,5.476,67.34,21.945,25.806,1.683,24.6,18.545,6739.5,80.26,620.27,5.446,67.19,21.889,25.712,1.734,24.518,18.45,MECHANICAL_FAILURE,0.793,1.0,1.0,1.0,1.0,0.0,0.0,0.0,0.0
31.9,TAKEOFF,90.32,63.71,797.5,28.4,98.447,1.1373,6739.64,80.02,618.4,5.477,67.33,21.948,25.806,1.684,24.6,18.548,6748.35,80.16,616.36,5.487,67.66,21.912,25.831,1.751,24.611,18.784,MECHANICAL_FAILURE,0.797,1.0,1.0,1.0,1.0,0.0,0.0,0.0,0.0
32.0,TAKEOFF,90.33,63.72,800.0,28.4,98.438,1.1372,6740.36,80.02,618.48,5.477,67.32,21.952,25.807,1.684,24.6,18.55,6736.49,79.81,617.12,5.474,67.16,22.034,25.799,1.681,24.6,18.437,MECHANICAL_FAILURE,0.8,1.0,1.0,1.0,1.0,0.0,0.0,0.0,0.0
32.1,TAKEOFF,90.35,63.73,802.5,28.39,98.429,1.1371,6741.09,80.02,618.57,5.477,67.31,21.956,25.807,1.684,24.6,18.553,6738.0,79.74,618.0,5.488,67.36,21.996,25.769,1.671,24.55,18.58,MECHANICAL_FAILURE,0.803,1.0,1.0,1.0,1.0,0.0,0.0,0.0,0.0
32.2,TAKEOFF,90.37,63.74,805.0,28.39,98.42,1.1371,6741.82,80.02,618.66,5.478,67.31,21.959,25.807,1.684,24.6,18.555,6739.34,80.23,619.17,5.455,66.95,21.972,25.735,1.585,24.652,18.753,MECHANICAL_FAILURE,0.807,1.0,1.0,1.0,1.0,0.0,0.0,0.0,0.0
32.3,TAKEOFF,90.38,63.75,807.5,28.38,98.411,1.137,6742.55,80.02,618.74,5.478,67.3,21.963,25.808,1.684,24.6,18.558,6746.38,79.32,620.92,5.474,66.98,22.141,25.825,1.651,24.586,18.34,MECHANICAL_FAILURE,0.81,1.0,1.0,1.0,1.0,0.0,0.0,0.0,0.0
32.4,TAKEOFF,90.4,63.76,810.0,28.38,98.402,1.1369,6743.27,80.02,618.83,5.479,67.29,21.966,25.808,1.684,24.6,18.56,6746.08,79.75,621.22,5.43,66.89,22.012,25.799,1.71,24.69,18.634,MECHANICAL_FAILURE,0.813,1.0,1.0,1.0,1.0,0.0,0.0,0.0,0.0
32.5,TAKEOFF,90.42,63.77,812.5,28.37,98.393,1.1368,6744.0,80.02,618.91,5.479,67.28,21.97,25.808,1.685,24.6,18.563,6740.12,80.16,620.69,5.516,67.52,21.992,25.727,1.612,24.653,18.422,MECHANICAL_FAILURE,0.817,1.0,1.0,1.0,1.0,0.0,0.0,0.0,0.0
32.6,TAKEOFF,90.43,63.78,815.0,28.37,98.384,1.1367,6744.73,80.02,618.99,5.48,67.28,21.973,25.809,1.685,24.6,18.565,6744.62,79.77,617.65,5.417,67.38,21.976,25.779,1.738,24.6,18.732,MECHANICAL_FAILURE,0.82,1.0,1.0,1.0,1.0,0.0,0.0,0.0,0.0
32.7,TAKEOFF,90.45,63.79,817.5,28.36,98.375,1.1366,6745.46,80.02,619.08,5.48,67.27,21.977,25.809,1.685,24.6,18.568,6743.95,80.01,616.95,5.492,67.28,21.885,25.773,1.702,24.61,18.6,MECHANICAL_FAILURE,0.823,1.0,1.0,1.0,1.0,0.0,0.0,0.0,0.0
32.8,TAKEOFF,90.47,63.8,820.0,28.36,98.367,1.1365,6746.18,80.02,619.16,5.481,67.26,21.981,25.809,1.685,24.6,18.57,6747.43,80.57,618.24,5.502,67.66,22.011,25.825,1.688,24.6,18.562,MECHANICAL_FAILURE,0.827,1.0,1.0,1.0,1.0,0.0,0.0,0.0,0.0
32.9,TAKEOFF,90.48,63.81,822.5,28.35,98.358,1.1365,6746.91,80.02,619.24,5.481,67.25,21.984,25.81,1.685,24.6,18.573,6739.73,80.37,617.46,5.512,66.95,22.081,25.733,1.623,24.684,18.612,MECHANICAL_FAILURE,0.83,1.0,1.0,1.0,1.0,0.0,0.0,0.0,0.0
33.0,TAKEOFF,90.5,63.83,825.0,28.35,98.349,1.1364,6747.64,80.02,619.32,5.481,67.25,21.988,25.81,1.685,24.6,18.575,6741.13,80.22,620.95,5.482,67.11,21.979,25.836,1.681,24.544,18.588,MECHANICAL_FAILURE,0.833,1.0,1.0,1.0,1.0,0.0,0.0,0.0,0.0
33.1,TAKEOFF,90.52,63.84,827.5,28.34,98.34,1.1363,6748.36,80.02,619.41,5.482,67.24,21.991,25.81,1.686,24.6,18.578,6750.87,80.27,621.69,5.478,67.35,22.098,25.837,1.684,24.643,18.7,MECHANICAL_FAILURE,0.837,1.0,1.0,1.0,1.0,0.0,0.0,0.0,0.0
33.2,TAKEOFF,90.53,63.85,830.0,28.34,98.331,1.1362,6749.09,80.02,619.49,5.482,67.23,21.995,25.811,1.686,24.6,18.58,6743.32,79.42,624.93,5.493,67.24,21.883,25.819,1.791,24.619,18.515,MECHANICAL_FAILURE,0.84,1.0,1.0,1.0,1.0,0.0,0.0,0.0,0.0
33.3,TAKEOFF,90.55,63.86,832.5,28.33,98.322,1.1361,6749.82,80.02,619.57,5.483,67.22,21.998,25.811,1.686,24.6,18.583,6748.78,79.92,614.17,5.507,67.68,21.929,25.79,1.747,24.608,18.541,MECHANICAL_FAILURE,0.843,1.0,1.0,1.0,1.0,0.0,0.0,0.0,0.0
33.4,TAKEOFF,90.57,63.87,835.0,28.33,98.313,1.136,6750.55,80.02,619.65,5.483,67.22,22.002,25.811,1.686,24.6,18.585,6753.58,80.98,622.01,5.495,66.57,21.974,25.735,1.588,24.652,18.468,MECHANICAL_FAILURE,0.847,1.0,1.0,1.0,1.0,0.0,0.0,0.0,0.0
33.5,TAKEOFF,90.58,63.88,837.5,28.32,98.304,1.136,6751.27,80.02,619.72,5.484,67.21,22.006,25.812,1.686,24.6,18.588,6757.72,79.52,620.04,5.494,67.44,22.108,25.803,1.639,24.641,18.618,MECHANICAL_FAILURE,0.85,1.0,1.0,1.0,1.0,0.0,0.0,0.0,0.0
33.6,TAKEOFF,90.6,63.89,840.0,28.32,98.295,1.1359,6752.0,80.02,619.8,5.484,67.2,22.009,25.812,1.686,24.6,18.59,6752.2,80.39,619.96,5.516,66.92,21.911,25.801,1.685,24.476,18.486,MECHANICAL_FAILURE,0.853,1.0,1.0,1.0,1.0,0.0,0.0,0.0,0.0
33.7,TAKEOFF,90.62,63.9,842.5,28.31,98.287,1.1358,6752.73,80.02,619.88,5.484,67.19,22.013,25.812,1.686,24.6,18.593,6746.25,79.8,618.27,5.509,67.34,22.195,25.806,1.668,24.64,18.646,MECHANICAL_FAILURE,0.857,1.0,1.0,1.0,1.0,0.0,0.0,0.0,0.0
33.8,TAKEOFF,90.63,63.91,845.0,28.31,98.278,1.1357,6753.46,80.02,619.96,5.485,67.19,22.016,25.813,1.687,24.6,18.595,6754.11,80.55,620.77,5.445,67.31,22.023,25.726,1.712,24.553,18.402,MECHANICAL_FAILURE,0.86,1.0,1.0,1.0,1.0,0.0,0.0,0.0,0.0
33.9,TAKEOFF,90.65,63.92,847.5,28.3,98.269,1.1356,6754.18,80.02,620.04,5.485,67.18,22.02,25.813,1.687,24.6,18.598,6761.57,79.49,620.4,5.44,67.12,21.957,25.891,1.647,24.545,18.445,MECHANICAL_FAILURE,0.863,1.0,1.0,1.0,1.0,0.0,0.0,0.0,0.0
34.0,TAKEOFF,90.67,63.93,850.0,28.3,98.26,1.1355,6754.91,80.02,620.11,5.486,67.17,22.023,25.813,1.687,24.6,18.6,6758.83,80.01,619.88,5.513,66.63,21.947,25.791,1.637,24.661,18.676,MECHANICAL_FAILURE,0.867,1.0,1.0,1.0,1.0,0.0,0.0,0.0,0.0
34.1,TAKEOFF,90.68,63.94,852.5,28.29,98.251,1.1355,6755.64,80.02,620.19,5.486,67.16,22.027,25.814,1.687,24.6,18.603,6753.68,79.55,619.4,5.508,67.32,21.849,25.752,1.703,24.529,18.721,MECHANICAL_FAILURE,0.87,1.0,1.0,1.0,1.0,0.0,0.0,0.0,0.0
34.2,TAKEOFF,90.7,63.96,855.0,28.29,98.242,1.1354,6756.36,80.02,620.26,5.487,67.16,22.031,25.814,1.687,24.6,18.605,6754.34,78.94,622.27,5.478,67.16,22.108,25.73,1.679,24.566,18.74,MECHANICAL_FAILURE,0.873,1.0,1.0,1.0,1.0,0.0,0.0,0.0,0.0
34.3,TAKEOFF,90.72,63.97,857.5,28.28,98.233,1.1353,6757.09,80.02,620.34,5.487,67.15,22.034,25.814,1.687,24.6,18.608,6758.23,79.81,622.85,5.463,67.01,21.957,25.854,1.636,24.529,18.508,MECHANICAL_FAILURE,0.877,1.0,1.0,1.0,1.0,0.0,0.0,0.0,0.0
34.4,TAKEOFF,90.73,63.98,860.0,28.28,98.224,1.1352,6757.82,80.02,620.42,5.488,67.14,22.038,25.815,1.688,24.6,18.61,6752.16,80.44,618.98,5.475,67.07,22.141,25.831,1.65,24.565,18.428,MECHANICAL_FAILURE,0.88,1.0,1.0,1.0,1.0,0.0,0.0,0.0,0.0
34.5,TAKEOFF,90.75,63.99,862.5,28.27,98.216,1.1351,6758.54,80.02,620.49,5.488,67.13,22.041,25.815,1.688,24.6,18.613,6755.97,80.09,619.88,5.494,67.02,21.983,25.812,1.632,24.646,18.391,MECHANICAL_FAILURE,0.883,1.0,1.0,1.0,1.0,0.0,0.0,0.0,0.0
34.6,TAKEOFF,90.77,64.0,865.0,28.27,98.207,1.135,6759.27,80.02,620.56,5.488,67.13,22.045,25.815,1.688,24.6,18.615,6760.12,80.0,620.04,5.471,67.0,22.176,25.847,1.667,24.648,18.438,MECHANICAL_FAILURE,0.887,1.0,1.0,1.0,1.0,0.0,0.0,0.0,0.0
34.7,TAKEOFF,90.78,64.01,867.5,28.26,98.198,1.135,6760.0,80.02,620.64,5.489,67.12,22.048,25.816,1.688,24.6,18.618,6759.06,80.37,620.67,5.47,67.14,22.137,25.84,1.762,24.698,18.671,MECHANICAL_FAILURE,0.89,1.0,1.0,1.0,1.0,0.0,0.0,0.0,0.0
34.8,TAKEOFF,90.8,64.02,870.0,28.26,98.189,1.1349,6760.73,80.02,620.71,5.489,67.11,22.052,25.816,1.688,24.6,18.62,6757.19,80.24,619.7,5.535,67.14,21.996,25.781,1.599,24.559,18.663,MECHANICAL_FAILURE,0.893,1.0,1.0,1.0,1.0,0.0,0.0,0.0,0.0
34.9,TAKEOFF,90.82,64.03,872.5,28.25,98.18,1.1348,6761.45,80.02,620.78,5.49,67.1,22.056,25.816,1.688,24.6,18.623,6758.96,79.98,622.22,5.494,67.06,21.878,25.819,1.678,24.55,18.521,MECHANICAL_FAILURE,0.897,1.0,1.0,1.0,1.0,0.0,0.0,0.0,0.0
35.0,TAKEOFF,90.83,64.04,875.0,28.25,98.171,1.1347,6762.18,80.02,620.86,5.49,67.1,22.059,25.817,1.689,24.6,18.625,6769.04,79.96,620.23,5.51,66.96,22.036,25.813,1.664,24.613,18.613,MECHANICAL_FAILURE,0.9,1.0,1.0,1.0,1.0,0.0,0.0,0.0,0.0
35.1,TAKEOFF,90.85,64.05,877.5,28.24,98.162,1.1346,6762.91,80.02,620.93,5.491,67.09,22.063,25.817,1.689,24.6,18.628,6760.8,79.63,620.4,5.463,66.83,22.094,25.811,1.651,24.612,18.644,MECHANICAL_FAILURE,0.903,1.0,1.0,1.0,1.0,0.0,0.0,0.0,0.0
35.2,TAKEOFF,90.87,64.06,880.0,28.24,98.153,1.1345,6763.63,80.02,621.0,5.491,67.08,22.066,25.817,1.689,24.6,18.63,6772.26,80.77,621.67,5.45,66.87,22.072,25.775,1.695,24.534,18.688,MECHANICAL_FAILURE,0.907,1.0,1.0,1.0,1.0,0.0,0.0,0.0,0.0
35.3,TAKEOFF,90.88,64.07,882.5,28.23,98.145,1.1345,6764.36,80.02,621.07,5.491,67.07,22.07,25.818,1.689,24.6,18.633,6766.91,79.66,619.72,5.49,66.96,21.911,25.827,1.683,24.694,18.622,MECHANICAL_FAILURE,0.91,1.0,1.0,1.0,1.0,0.0,0.0,0.0,0.0
35.4,TAKEOFF,90.9,64.09,885.0,28.23,98.136,1.1344,6765.09,80.02,621.14,5.492,67.07,22.073,25.818,1.689,24.6,18.635,6766.59,79.42,622.07,5.483,67.34,21.932,25.871,1.7,24.615,18.836,MECHANICAL_FAILURE,0.913,1.0,1.0,1.0,1.0,0.0,0.0,0.0,0.0
35.5,TAKEOFF,90.92,64.1,887.5,28.22,98.127,1.1343,6765.81,80.02,621.21,5.492,67.06,22.077,25.818,1.689,24.6,18.638,6767.68,79.81,619.47,5.474,66.51,22.035,25.831,1.708,24.538,18.709,MECHANICAL_FAILURE,0.917,1.0,1.0,1.0,1.0,0.0,0.0,0.0,0.0
35.6,TAKEOFF,90.93,64.11,890.0,28.22,98.118,1.1342,6766.54,80.02,621.28,5.493,67.05,22.081,25.819,1.69,24.6,18.64,6763.4,80.11,621.68,5.452,66.6,22.06,25.808,1.708,24.579,18.694,MECHANICAL_FAILURE,0.92,1.0,1.0,1.0,1.0,0.0,0.0,0.0,0.0
35.7,TAKEOFF,90.95,64.12,892.5,28.21,98.109,1.1341,6767.27,80.02,621.35,5.493,67.04,22.084,25.819,1.69,24.6,18.643,6767.24,80.56,623.94,5.46,66.98,22.026,25.878,1.649,24.607,18.591,MECHANICAL_FAILURE,0.923,1.0,1.0,1.0,1.0,0.0,0.0,0.0,0.0
35.8,TAKEOFF,90.97,64.13,895.0,28.21,98.1,1.134,6768.0,80.02,621.42,5.494,67.04,22.088,25.819,1.69,24.6,18.645,6758.38,80.73,619.31,5.469,67.44,22.207,25.898,1.717,24.654,18.722,MECHANICAL_FAILURE,0.927,1.0,1.0,1.0,1.0,0.0,0.0,0.0,0.0
35.9,TAKEOFF,90.98,64.14,897.5,28.2,98.091,1.134,6768.72,80.02,621.49,5.494,67.03,22.091,25.82,1.69,24.6,18.648,6772.49,79.9,623.08,5.543,67.11,22.105,25.792,1.691,24.564,18.471,MECHANICAL_FAILURE,0.93,1.0,1.0,1.0,1.0,0.0,0.0,0.0,0.0
36.0,TAKEOFF,91.0,64.15,900.0,28.2,98.083,1.1339,6769.45,80.02,621.56,5.495,67.02,22.095,25.82,1.69,24.6,18.65,6769.14,80.16,618.68,5.511,66.92,22.124,25.791,1.587,24.462,18.84,MECHANICAL_FAILURE,0.933,1.0,1.0,1.0,1.0,0.0,0.0,0.0,0.0
36.1,TAKEOFF,91.02,64.16,902.5,28.19,98.074,1.1338,6770.18,80.02,621.63,5.495,67.02,22.098,25.82,1.69,24.6,18.653,6773.92,80.07,623.55,5.516,67.19,22.058,25.833,1.719,24.593,18.604,MECHANICAL_FAILURE,0.937,1.0,1.0,1.0,1.0,0.0,0.0,0.0,0.0
36.2,TAKEOFF,91.03,64.17,905.0,28.19,98.065,1.1337,6770.9,80.02,621.69,5.495,67.01,22.102,25.821,1.69,24.6,18.655,6770.3,78.93,621.76,5.477,66.64,22.067,25.811,1.658,24.599,18.578,MECHANICAL_FAILURE,0.94,1.0,1.0,1.0,1.0,0.0,0.0,0.0,0.0
36.3,TAKEOFF,91.05,64.18,907.5,28.18,98.056,1.1336,6771.63,80.02,621.76,5.496,67.0,22.105,25.821,1.691,24.6,18.658,6768.72,78.62,619.13,5.499,66.99,22.133,25.768,1.746,24.627,18.599,MECHANICAL_FAILURE,0.943,1.0,1.0,1.0,1.0,0.0,0.0,0.0,0.0
36.4,TAKEOFF,91.07,64.19,910.0,28.18,98.047,1.1335,6772.36,80.02,621.83,5.496,66.99,22.109,25.821,1.691,24.6,18.66,6769.93,78.58,622.46,5.491,66.22,22.181,25.776,1.66,24.559,18.779,MECHANICAL_FAILURE,0.947,1.0,1.0,1.0,1.0,0.0,0.0,0.0,0.0
36.5,TAKEOFF,91.08,64.2,912.5,28.17,98.038,1.1335,6773.08,80.02,621.9,5.497,66.99,22.113,25.822,1.691,24.6,18.663,6773.47,79.83,623.95,5.471,66.87,22.14,25.837,1.712,24.57,18.839,MECHANICAL_FAILURE,0.95,1.0,1.0,1.0,1.0,0.0,0.0,0.0,0.0
36.6,TAKEOFF,91.1,64.22,915.0,28.17,98.029,1.1334,6773.81,80.02,621.96,5.497,66.98,22.116,25.822,1.691,24.6,18.665,6776.53,80.56,622.59,5.498,66.78,22.107,25.853,1.679,24.651,18.873,MECHANICAL_FAILURE,0.953,1.0,1.0,1.0,1.0,0.0,0.0,0.0,0.0
36.7,TAKEOFF,91.12,64.23,917.5,28.16,98.021,1.1333,6774.54,80.02,622.03,5.498,66.97,22.12,25.822,1.691,24.6,18.668,6774.55,80.06,621.23,5.535,66.99,22.103,25.723,1.699,24.593,18.706,MECHANICAL_FAILURE,0.957,1.0,1.0,1.0,1.0,0.0,0.0,0.0,0.0
36.8,TAKEOFF,91.13,64.24,920.0,28.16,98.012,1.1332,6775.26,80.02,622.1,5.498,66.96,22.123,25.823,1.691,24.6,18.67,6780.0,80.42,622.46,5.504,66.3,22.168,25.675,1.745,24.609,18.741,MECHANICAL_FAILURE,0.96,1.0,1.0,1.0,1.0,0.0,0.0,0.0,0.0
36.9,TAKEOFF,91.15,64.25,922.5,28.15,98.003,1.1331,6775.99,80.02,622.16,5.498,66.96,22.127,25.823,1.692,24.6,18.673,6773.56,79.84,621.2,5.474,67.02,21.98,25.876,1.685,24.672,18.78,MECHANICAL_FAILURE,0.963,1.0,1.0,1.0,1.0,0.0,0.0,0.0,0.0
37.0,TAKEOFF,91.17,64.26,925.0,28.15,97.994,1.133,6776.72,80.02,622.23,5.499,66.95,22.13,25.823,1.692,24.6,18.675,6774.79,79.35,622.28,5.506,66.99,22.344,25.734,1.739,24.654,18.683,MECHANICAL_FAILURE,0.967,1.0,1.0,1.0,1.0,0.0,0.0,0.0,0.0
37.1,TAKEOFF,91.18,64.27,927.5,28.14,97.985,1.1329,6777.44,80.02,622.29,5.499,66.94,22.134,25.824,1.692,24.6,18.678,6766.4,79.81,622.02,5.482,67.12,22.067,25.848,1.772,24.71,18.828,MECHANICAL_FAILURE,0.97,1.0,1.0,1.0,1.0,0.0,0.0,0.0,0.0
37.2,TAKEOFF,91.2,64.28,930.0,28.14,97.976,1.1329,6778.17,80.02,622.36,5.5,66.93,22.138,25.824,1.692,24.6,18.68,6783.55,80.4,621.61,5.471,67.39,22.118,25.878,1.685,24.639,18.585,MECHANICAL_FAILURE,0.973,1.0,1.0,1.0,1.0,0.0,0.0,0.0,0.0
37.3,TAKEOFF,91.22,64.29,932.5,28.13,97.967,1.1328,6778.9,80.02,622.42,5.5,66.93,22.141,25.824,1.692,24.6,18.683,6777.55,79.73,620.64,5.501,66.52,22.212,25.845,1.731,24.541,18.687,MECHANICAL_FAILURE,0.977,1.0,1.0,1.0,1.0,0.0,0.0,0.0,0.0
37.4,TAKEOFF,91.23,64.3,935.0,28.13,97.959,1.1327,6779.62,80.02,622.48,5.501,66.92,22.145,25.825,1.692,24.6,18.685,6774.64,79.9,622.62,5.452,67.02,22.069,25.848,1.636,24.516,18.745,MECHANICAL_FAILURE,0.98,1.0,1.0,1.0,1.0,0.0,0.0,0.0,0.0
37.5,TAKEOFF,91.25,64.31,937.5,28.12,97.95,1.1326,6780.35,80.02,622.55,5.501,66.91,22.148,25.825,1.693,24.6,18.688,6781.17,80.0,622.59,5.463,66.96,21.97,25.884,1.748,24.639,18.654,MECHANICAL_FAILURE,0.983,1.0,1.0,1.0,1.0,0.0,0.0,0.0,0.0
37.6,TAKEOFF,91.27,64.32,940.0,28.12,97.941,1.1325,6781.08,80.02,622.61,5.502,66.91,22.152,25.825,1.693,24.6,18.69,6775.42,79.83,624.59,5.55,66.81,22.225,25.789,1.69,24.587,18.672,MECHANICAL_FAILURE,0.987,1.0,1.0,1.0,1.0,0.0,0.0,0.0,0.0
37.7,TAKEOFF,91.28,64.33,942.5,28.11,97.932,1.1324,6781.8,80.02,622.67,5.502,66.9,22.155,25.826,1.693,24.6,18.693,6781.54,80.08,622.07,5.508,67.21,22.113,25.854,1.728,24.596,18.639,MECHANICAL_FAILURE,0.99,1.0,1.0,1.0,1.0,0.0,0.0,0.0,0.0
37.8,TAKEOFF,91.3,64.35,945.0,28.11,97.923,1.1324,6782.53,80.02,622.74,5.502,66.89,22.159,25.826,1.693,24.6,18.695,6783.11,80.22,623.43,5.533,67.01,22.262,25.772,1.727,24.652,18.769,MECHANICAL_FAILURE,0.993,1.0,1.0,1.0,1.0,0.0,0.0,0.0,0.0
37.9,TAKEOFF,91.32,64.36,947.5,28.1,97.914,1.1323,6783.26,80.02,622.8,5.503,66.88,22.163,25.826,1.693,24.6,18.698,6782.38,80.81,622.37,5.569,66.71,21.902,25.749,1.659,24.638,18.74,MECHANICAL_FAILURE,0.997,1.0,1.0,1.0,1.0,0.0,0.0,0.0,0.0
38.0,TAKEOFF,91.33,64.37,950.0,28.1,97.906,1.1322,6783.98,80.02,622.86,5.503,66.88,22.166,25.827,1.693,24.6,18.7,6781.92,79.9,624.46,5.476,66.85,22.182,25.858,1.692,24.623,18.811,MECHANICAL_FAILURE,1.0,1.0,1.0,1.0,1.0,0.0,0.0,0.0,0.0
38.1,TAKEOFF,91.35,64.38,952.5,28.09,97.897,1.1321,6784.71,80.02,622.92,5.504,66.87,22.17,25.827,1.693,24.6,18.703,6798.09,80.02,623.28,5.557,67.19,22.307,25.879,1.742,24.648,18.659,MECHANICAL_FAILURE,1.0,1.0,1.0,1.0,1.0,0.0,0.0,0.0,0.0
38.2,TAKEOFF,91.37,64.39,955.0,28.09,97.888,1.132,6785.44,80.02,622.99,5.504,66.86,22.173,25.827,1.694,24.6,18.705,6789.48,79.96,623.96,5.533,67.19,22.385,25.778,1.7,24.544,18.909,MECHANICAL_FAILURE,1.0,1.0,1.0,1.0,1.0,0.0,0.0,0.0,0.0
38.3,TAKEOFF,91.38,64.4,957.5,28.08,97.879,1.1319,6786.16,80.02,623.05,5.505,66.85,22.177,25.828,1.694,24.6,18.708,6797.5,79.74,621.65,5.491,66.9,22.099,25.953,1.7,24.672,18.508,MECHANICAL_FAILURE,1.0,1.0,1.0,1.0,1.0,0.0,0.0,0.0,0.0
38.4,TAKEOFF,91.4,64.41,960.0,28.08,97.87,1.1319,6786.89,80.02,623.11,5.505,66.85,22.18,25.828,1.694,24.6,18.71,6787.68,80.64,620.27,5.487,67.07,22.229,25.815,1.705,24.596,18.717,MECHANICAL_FAILURE,1.0,1.0,1.0,1.0,1.0,0.0,0.0,0.0,0.0
38.5,TAKEOFF,91.42,64.42,962.5,28.07,97.861,1.1318,6787.62,80.02,623.17,5.505,66.84,22.184,25.828,1.694,24.6,18.713,6786.99,79.82,624.06,5.534,66.92,22.252,25.849,1.662,24.687,18.721,MECHANICAL_FAILURE,1.0,1.0,1.0,1.0,1.0,0.0,0.0,0.0,0.0
38.6,TAKEOFF,91.43,64.43,965.0,28.07,97.852,1.1317,6788.34,80.02,623.23,5.506,66.83,22.188,25.829,1.694,24.6,18.715,6783.77,80.19,622.87,5.441,67.06,22.197,25.789,1.683,24.57,18.489,MECHANICAL_FAILURE,1.0,1.0,1.0,1.0,1.0,0.0,0.0,0.0,0.0
38.7,TAKEOFF,91.45,64.44,967.5,28.06,97.844,1.1316,6789.07,80.02,623.29,5.506,66.82,22.191,25.829,1.694,24.6,18.718,6792.37,79.98,623.46,5.522,66.31,22.149,25.854,1.67,24.573,18.611,MECHANICAL_FAILURE,1.0,1.0,1.0,1.0,1.0,0.0,0.0,0.0,0.0
38.8,TAKEOFF,91.47,64.45,970.0,28.06,97.835,1.1315,6789.8,80.02,623.35,5.507,66.82,22.195,25.829,1.695,24.6,18.72,6794.23,80.65,626.24,5.537,66.87,22.233,25.803,1.747,24.554,18.496,MECHANICAL_FAILURE,1.0,1.0,1.0,1.0,1.0,0.0,0.0,0.0,0.0
38.9,TAKEOFF,91.48,64.46,972.5,28.05,97.826,1.1314,6790.52,80.02,623.41,5.507,66.81,22.198,25.83,1.695,24.6,18.723,6785.81,80.01,623.82,5.487,67.3,22.013,25.852,1.77,24.52,18.687,MECHANICAL_FAILURE,1.0,1.0,1.0,1.0,1.0,0.0,0.0,0.0,0.0
39.0,TAKEOFF,91.5,64.48,975.0,28.05,97.817,1.1314,6791.25,80.02,623.47,5.508,66.8,22.202,25.83,1.695,24.6,18.725,6790.24,79.92,624.03,5.466,66.59,22.254,25.893,1.718,24.52,18.864,MECHANICAL_FAILURE,1.0,1.0,1.0,1.0,1.0,0.0,0.0,0.0,0.0
39.1,TAKEOFF,91.52,64.49,977.5,28.04,97.808,1.1313,6791.97,80.02,623.53,5.508,66.8,22.205,25.83,1.695,24.6,18.728,6798.06,79.56,623.37,5.48,66.93,22.274,25.787,1.748,24.628,18.706,MECHANICAL_FAILURE,1.0,1.0,1.0,1.0,1.0,0.0,0.0,0.0,0.0
39.2,TAKEOFF,91.53,64.5,980.0,28.04,97.799,1.1312,6792.7,80.02,623.59,5.509,66.79,22.209,25.831,1.695,24.6,18.73,6789.99,80.3,619.46,5.499,66.68,22.273,25.891,1.743,24.625,18.785,MECHANICAL_FAILURE,1.0,1.0,1.0,1.0,1.0,0.0,0.0,0.0,0.0
39.3,TAKEOFF,91.55,64.51,982.5,28.03,97.791,1.1311,6793.43,80.02,623.65,5.509,66.78,22.213,25.831,1.695,24.6,18.733,6795.32,80.02,624.25,5.523,66.27,22.063,25.833,1.725,24.594,18.787,MECHANICAL_FAILURE,1.0,1.0,1.0,1.0,1.0,0.0,0.0,0.0,0.0
39.4,TAKEOFF,91.57,64.52,985.0,28.03,97.782,1.131,6794.15,80.02,623.71,5.509,66.77,22.216,25.831,1.696,24.6,18.735,6792.34,80.25,623.61,5.488,66.66,22.103,25.903,1.738,24.536,18.809,MECHANICAL_FAILURE,1.0,1.0,1.0,1.0,1.0,0.0,0.0,0.0,0.0
39.5,TAKEOFF,91.58,64.53,987.5,28.02,97.773,1.1309,6794.88,80.02,623.77,5.51,66.77,22.22,25.832,1.696,24.6,18.738,6801.22,79.7,622.75,5.451,66.53,22.159,25.897,1.705,24.636,18.727,MECHANICAL_FAILURE,1.0,1.0,1.0,1.0,1.0,0.0,0.0,0.0,0.0
39.6,TAKEOFF,91.6,64.54,990.0,28.02,97.764,1.1309,6795.61,80.02,623.82,5.51,66.76,22.223,25.832,1.696,24.6,18.74,6790.88,80.22,626.46,5.481,66.69,22.133,25.903,1.743,24.583,18.721,MECHANICAL_FAILURE,1.0,1.0,1.0,1.0,1.0,0.0,0.0,0.0,0.0
39.7,TAKEOFF,91.62,64.55,992.5,28.01,97.755,1.1308,6796.33,80.03,623.88,5.511,66.75,22.227,25.832,1.696,24.6,18.743,6805.55,80.26,625.23,5.44,66.46,22.288,25.818,1.75,24.559,18.74,MECHANICAL_FAILURE,1.0,1.0,1.0,1.0,1.0,0.0,0.0,0.0,0.0
39.8,TAKEOFF,91.63,64.56,995.0,28.01,97.746,1.1307,6797.06,80.03,623.94,5.511,66.75,22.23,25.833,1.696,24.6,18.745,6801.54,78.81,625.68,5.539,66.45,22.209,25.822,1.718,24.66,18.684,MECHANICAL_FAILURE,1.0,1.0,1.0,1.0,1.0,0.0,0.0,0.0,0.0
39.9,TAKEOFF,91.65,64.57,997.5,28.0,97.738,1.1306,6797.79,80.03,624.0,5.512,66.74,22.234,25.833,1.696,24.6,18.748,6794.25,80.91,624.16,5.562,66.92,22.014,25.857,1.745,24.542,18.699,MECHANICAL_FAILURE,1.0,1.0,1.0,1.0,1.0,0.0,0.0,0.0,0.0
40.0,TAKEOFF,91.67,64.58,1000.0,28.0,97.729,1.1305,6798.51,80.03,624.06,5.512,66.73,22.238,25.833,1.697,24.6,18.75,6797.99,79.79,624.8,5.48,66.54,22.235,25.824,1.683,24.636,18.751,MECHANICAL_FAILURE,1.0,1.0,1.0,1.0,1.0,0.0,0.0,0.0,0.0
40.1,TAKEOFF,91.68,64.59,1002.5,27.99,97.72,1.1304,6799.24,80.03,624.11,5.512,66.72,22.241,25.834,1.697,24.6,18.753,6794.6,80.49,623.63,5.534,67.0,22.245,25.818,1.591,24.667,18.577,MECHANICAL_FAILURE,1.0,1.0,1.0,1.0,1.0,0.0,0.0,0.0,0.0
40.2,TAKEOFF,91.7,64.61,1005.0,27.99,97.711,1.1304,6799.96,80.03,624.17,5.513,66.72,22.245,25.834,1.697,24.6,18.755,6793.23,79.45,620.61,5.537,66.74,22.265,25.9,1.798,24.419,18.604,MECHANICAL_FAILURE,1.0,1.0,1.0,1.0,1.0,0.0,0.0,0.0,0.0
40.3,TAKEOFF,91.72,64.62,1007.5,27.98,97.702,1.1303,6800.69,80.03,624.23,5.513,66.71,22.248,25.834,1.697,24.6,18.758,6809.36,79.95,623.85,5.561,66.91,22.271,25.788,1.644,24.484,18.669,MECHANICAL_FAILURE,1.0,1.0,1.0,1.0,1.0,0.0,0.0,0.0,0.0
40.4,TAKEOFF,91.73,64.63,1010.0,27.98,97.693,1.1302,6801.42,80.03,624.28,5.514,66.7,22.252,25.835,1.697,24.6,18.76,6798.25,79.91,623.17,5.424,66.91,22.194,25.88,1.639,24.57,19.0,MECHANICAL_FAILURE,1.0,1.0,1.0,1.0,1.0,0.0,0.0,0.0,0.0
40.5,TAKEOFF,91.75,64.64,1012.5,27.97,97.685,1.1301,6802.14,80.03,624.34,5.514,66.69,22.255,25.835,1.697,24.6,18.763,6801.62,79.62,624.7,5.502,66.59,22.239,25.794,1.73,24.701,18.779,MECHANICAL_FAILURE,1.0,1.0,1.0,1.0,1.0,0.0,0.0,0.0,0.0
40.6,TAKEOFF,91.77,64.65,1015.0,27.97,97.676,1.13,6802.87,80.03,624.4,5.515,66.69,22.259,25.835,1.697,24.6,18.765,6793.42,80.59,622.47,5.452,67.02,22.356,25.88,1.748,24.514,18.703,MECHANICAL_FAILURE,1.0,1.0,1.0,1.0,1.0,0.0,0.0,0.0,0.0
40.7,TAKEOFF,91.78,64.66,1017.5,27.96,97.667,1.1299,6803.6,80.03,624.45,5.515,66.68,22.263,25.836,1.698,24.6,18.768,6797.3,80.31,626.6,5.479,66.55,22.3,25.764,1.669,24.637,18.873,MECHANICAL_FAILURE,1.0,1.0,1.0,1.0,1.0,0.0,0.0,0.0,0.0
40.8,TAKEOFF,91.8,64.67,1020.0,27.96,97.658,1.1299,6804.32,80.03,624.51,5.516,66.67,22.266,25.836,1.698,24.6,18.77,6813.84,80.97,624.03,5.546,66.79,22.186,25.85,1.625,24.576,18.795,MECHANICAL_FAILURE,1.0,1.0,1.0,1.0,1.0,0.0,0.0,0.0,0.0
40.9,TAKEOFF,91.82,64.68,1022.5,27.95,97.649,1.1298,6805.05,80.03,624.56,5.516,66.67,22.27,25.836,1.698,24.6,18.773,6811.42,80.23,628.03,5.537,66.3,22.207,25.872,1.722,24.538,18.75,MECHANICAL_FAILURE,1.0,1.0,1.0,1.0,1.0,0.0,0.0,0.0,0.0
41.0,TAKEOFF,91.83,64.69,1025.0,27.95,97.641,1.1297,6805.77,80.03,624.62,5.516,66.66,22.273,25.837,1.698,24.6,18.775,6803.79,81.07,625.31,5.505,66.78,22.246,25.808,1.676,24.629,18.718,MECHANICAL_FAILURE,1.0,1.0,1.0,1.0,1.0,0.0,0.0,0.0,0.0
41.1,TAKEOFF,91.85,64.7,1027.5,27.94,97.632,1.1296,6806.5,80.03,624.67,5.517,66.65,22.277,25.837,1.698,24.6,18.778,6810.89,80.48,626.23,5.545,66.8,22.19,25.777,1.694,24.545,18.767,MECHANICAL_FAILURE,1.0,1.0,1.0,1.0,1.0,0.0,0.0,0.0,0.0
41.2,TAKEOFF,91.87,64.71,1030.0,27.94,97.623,1.1295,6807.23,80.03,624.73,5.517,66.64,22.28,25.837,1.698,24.6,18.78,6799.65,80.15,625.02,5.493,66.79,22.096,25.847,1.663,24.518,18.899,MECHANICAL_FAILURE,1.0,1.0,1.0,1.0,1.0,0.0,0.0,0.0,0.0
41.3,TAKEOFF,91.88,64.72,1032.5,27.93,97.614,1.1294,6807.95,80.03,624.78,5.518,66.64,22.284,25.838,1.699,24.6,18.783,6812.94,80.32,623.6,5.556,66.81,22.31,25.86,1.655,24.615,18.779,MECHANICAL_FAILURE,1.0,1.0,1.0,1.0,1.0,0.0,0.0,0.0,0.0
41.4,TAKEOFF,91.9,64.74,1035.0,27.93,97.605,1.1294,6808.68,80.03,624.84,5.518,66.63,22.288,25.838,1.699,24.6,18.785,6807.45,79.84,626.76,5.554,66.72,22.247,25.797,1.731,24.551,18.699,MECHANICAL_FAILURE,1.0,1.0,1.0,1.0,1.0,0.0,0.0,0.0,0.0
41.5,TAKEOFF,91.92,64.75,1037.5,27.92,97.596,1.1293,6809.4,80.03,624.89,5.519,66.62,22.291,25.838,1.699,24.6,18.788,6815.27,79.59,623.51,5.553,66.96,22.265,25.846,1.786,24.581,18.84,MECHANICAL_FAILURE,1.0,1.0,1.0,1.0,1.0,0.0,0.0,0.0,0.0
41.6,TAKEOFF,91.93,64.76,1040.0,27.92,97.588,1.1292,6810.13,80.03,624.95,5.519,66.62,22.295,25.839,1.699,24.6,18.79,6806.65,79.77,625.45,5.496,66.22,22.284,25.854,1.757,24.599,18.897,MECHANICAL_FAILURE,1.0,1.0,1.0,1.0,1.0,0.0,0.0,0.0,0.0
41.7,TAKEOFF,91.95,64.77,1042.5,27.91,97.579,1.1291,6810.86,80.03,625.0,5.519,66.61,22.298,25.839,1.699,24.6,18.793,6821.44,80.24,623.0,5.437,66.4,22.364,25.899,1.695,24.649,18.712,MECHANICAL_FAILURE,1.0,1.0,1.0,1.0,1.0,0.0,0.0,0.0,0.0
41.8,TAKEOFF,91.97,64.78,1045.0,27.91,97.57,1.129,6811.58,80.03,625.06,5.52,66.6,22.302,25.839,1.699,24.6,18.795,6812.69,79.5,626.35,5.484,65.79,22.402,25.83,1.646,24.586,18.941,MECHANICAL_FAILURE,1.0,1.0,1.0,1.0,1.0,0.0,0.0,0.0,0.0
41.9,TAKEOFF,91.98,64.79,1047.5,27.9,97.561,1.1289,6812.31,80.03,625.11,5.52,66.59,22.305,25.84,1.7,24.6,18.798,6805.3,79.83,623.96,5.505,66.76,22.294,25.841,1.676,24.536,18.695,MECHANICAL_FAILURE,1.0,1.0,1.0,1.0,1.0,0.0,0.0,0.0,0.0
42.0,TAKEOFF,92.0,64.8,1050.0,27.9,97.552,1.1289,6813.03,80.03,625.16,5.521,66.59,22.309,25.84,1.7,24.6,18.8,6813.85,81.16,625.19,5.53,66.18,22.538,25.799,1.718,24.549,18.779,MECHANICAL_FAILURE,1.0,1.0,1.0,1.0,1.0,0.0,0.0,0.0,0.0
42.1,TAKEOFF,92.02,64.81,1052.5,27.89,97.544,1.1288,6813.76,80.03,625.22,5.521,66.58,22.313,25.84,1.7,24.6,18.803,6814.04,79.89,625.09,5.526,66.57,22.435,25.775,1.703,24.674,18.861,MECHANICAL_FAILURE,1.0,1.0,1.0,1.0,1.0,0.0,0.0,0.0,0.0
42.2,TAKEOFF,92.03,64.82,1055.0,27.89,97.535,1.1287,6814.49,80.03,625.27,5.522,66.57,22.316,25.841,1.7,24.6,18.805,6813.3,80.2,629.21,5.508,66.57,22.395,25.873,1.656,24.463,18.813,MECHANICAL_FAILURE,1.0,1.0,1.0,1.0,1.0,0.0,0.0,0.0,0.0
42.3,TAKEOFF,92.05,64.83,1057.5,27.88,97.526,1.1286,6815.21,80.03,625.32,5.522,66.57,22.32,25.841,1.7,24.6,18.808,6822.68,80.42,626.72,5.546,66.79,22.154,25.8,1.628,24.541,18.831,MECHANICAL_FAILURE,1.0,1.0,1.0,1.0,1.0,0.0,0.0,0.0,0.0
42.4,TAKEOFF,92.07,64.84,1060.0,27.88,97.517,1.1285,6815.94,80.03,625.38,5.522,66.56,22.323,25.841,1.7,24.6,18.81,6811.64,79.77,624.74,5.532,66.62,22.412,25.885,1.758,24.687,18.82,MECHANICAL_FAILURE,1.0,1.0,1.0,1.0,1.0,0.0,0.0,0.0,0.0
42.5,TAKEOFF,92.08,64.85,1062.5,27.87,97.508,1.1284,6816.66,80.03,625.43,5.523,66.55,22.327,25.842,1.7,24.6,18.813,6813.06,79.92,623.7,5.593,66.74,22.278,25.814,1.678,24.592,18.864,MECHANICAL_FAILURE,1.0,1.0,1.0,1.0,1.0,0.0,0.0,0.0,0.0
42.6,TAKEOFF,92.1,64.87,1065.0,27.87,97.499,1.1284,6817.39,80.03,625.48,5.523,66.54,22.33,25.842,1.701,24.6,18.815,6814.75,79.08,625.74,5.518,66.29,22.521,25.88,1.716,24.624,18.918,MECHANICAL_FAILURE,1.0,1.0,1.0,1.0,1.0,0.0,0.0,0.0,0.0
42.7,TAKEOFF,92.12,64.88,1067.5,27.86,97.491,1.1283,6818.12,80.03,625.53,5.524,66.54,22.334,25.842,1.701,24.6,18.818,6815.16,80.51,625.61,5.537,66.1,22.315,25.818,1.653,24.656,18.908,MECHANICAL_FAILURE,1.0,1.0,1.0,1.0,1.0,0.0,0.0,0.0,0.0
42.8,TAKEOFF,92.13,64.89,1070.0,27.86,97.482,1.1282,6818.84,80.03,625.59,5.524,66.53,22.338,25.843,1.701,24.6,18.82,6820.49,79.86,626.12,5.503,65.92,22.295,25.75,1.742,24.594,18.812,MECHANICAL_FAILURE,1.0,1.0,1.0,1.0,1.0,0.0,0.0,0.0,0.0
42.9,TAKEOFF,92.15,64.9,1072.5,27.85,97.473,1.1281,6819.57,80.03,625.64,5.525,66.52,22.341,25.843,1.701,24.6,18.823,6816.88,79.62,625.65,5.485,66.45,22.166,25.92,1.634,24.593,19.012,MECHANICAL_FAILURE,1.0,1.0,1.0,1.0,1.0,0.0,0.0,0.0,0.0
43.0,TAKEOFF,92.17,64.91,1075.0,27.85,97.464,1.128,6820.29,80.03,625.69,5.525,66.52,22.345,25.843,1.701,24.6,18.825,6814.88,80.26,626.08,5.546,66.84,22.222,25.757,1.72,24.596,18.823,MECHANICAL_FAILURE,1.0,1.0,1.0,1.0,1.0,0.0,0.0,0.0,0.0
43.1,TAKEOFF,92.18,64.92,1077.5,27.84,97.455,1.1279,6821.02,80.03,625.74,5.526,66.51,22.348,25.844,1.701,24.6,18.828,6821.82,79.03,624.19,5.506,66.23,22.39,25.865,1.749,24.556,18.633,MECHANICAL_FAILURE,1.0,1.0,1.0,1.0,1.0,0.0,0.0,0.0,0.0
43.2,TAKEOFF,92.2,64.93,1080.0,27.84,97.447,1.1279,6821.75,80.03,625.79,5.526,66.5,22.352,25.844,1.702,24.6,18.83,6816.66,80.33,624.6,5.531,66.59,22.292,25.872,1.71,24.639,18.759,MECHANICAL_FAILURE,1.0,1.0,1.0,1.0,1.0,0.0,0.0,0.0,0.0
43.3,TAKEOFF,92.22,64.94,1082.5,27.83,97.438,1.1278,6822.47,80.03,625.85,5.526,66.49,22.355,25.844,1.702,24.6,18.833,6825.18,80.64,625.33,5.557,66.75,22.304,25.911,1.775,24.559,18.761,MECHANICAL_FAILURE,1.0,1.0,1.0,1.0,1.0,0.0,0.0,0.0,0.0
43.4,TAKEOFF,92.23,64.95,1085.0,27.83,97.429,1.1277,6823.2,80.03,625.9,5.527,66.49,22.359,25.845,1.702,24.6,18.835,6818.92,79.68,624.37,5.533,67.02,22.189,25.807,1.628,24.545,19.016,MECHANICAL_FAILURE,1.0,1.0,1.0,1.0,1.0,0.0,0.0,0.0,0.0
43.5,TAKEOFF,92.25,64.96,1087.5,27.82,97.42,1.1276,6823.92,80.03,625.95,5.527,66.48,22.362,25.845,1.702,24.6,18.838,6829.93,79.92,623.71,5.548,66.45,22.482,25.735,1.626,24.617,18.825,MECHANICAL_FAILURE,1.0,1.0,1.0,1.0,1.0,0.0,0.0,0.0,0.0
43.6,TAKEOFF,92.27,64.97,1090.0,27.82,97.411,1.1275,6824.65,80.03,626.0,5.528,66.47,22.366,25.845,1.702,24.6,18.84,6820.79,79.91,627.8,5.495,66.68,22.572,25.836,1.742,24.604,18.698,MECHANICAL_FAILURE,1.0,1.0,1.0,1.0,1.0,0.0,0.0,0.0,0.0
43.7,TAKEOFF,92.28,64.98,1092.5,27.81,97.403,1.1274,6825.37,80.03,626.05,5.528,66.47,22.37,25.846,1.702,24.6,18.843,6827.45,80.71,626.42,5.595,66.76,22.51,25.852,1.744,24.63,18.749,MECHANICAL_FAILURE,1.0,1.0,1.0,1.0,1.0,0.0,0.0,0.0,0.0
43.8,TAKEOFF,92.3,65.0,1095.0,27.81,97.394,1.1274,6826.1,80.03,626.1,5.529,66.46,22.373,25.846,1.703,24.6,18.845,6825.41,79.3,626.49,5.53,65.96,22.277,25.819,1.723,24.569,18.538,MECHANICAL_FAILURE,1.0,1.0,1.0,1.0,1.0,0.0,0.0,0.0,0.0
43.9,TAKEOFF,92.32,65.01,1097.5,27.8,97.385,1.1273,6826.83,80.03,626.15,5.529,66.45,22.377,25.846,1.703,24.6,18.848,6827.59,79.2,625.68,5.538,66.31,22.325,25.852,1.598,24.596,18.676,MECHANICAL_FAILURE,1.0,1.0,1.0,1.0,1.0,0.0,0.0,0.0,0.0
44.0,TAKEOFF,92.33,65.02,1100.0,27.8,97.376,1.1272,6827.55,80.03,626.2,5.529,66.45,22.38,25.847,1.703,24.6,18.85,6825.33,80.32,623.75,5.571,66.41,22.332,25.805,1.674,24.418,18.733,MECHANICAL_FAILURE,1.0,1.0,1.0,1.0,1.0,0.0,0.0,0.0,0.0
44.1,TAKEOFF,92.35,65.03,1102.5,27.79,97.367,1.1271,6828.28,80.03,626.25,5.53,66.44,22.384,25.847,1.703,24.6,18.853,6825.99,78.84,625.41,5.58,66.88,22.451,25.902,1.596,24.517,18.936,MECHANICAL_FAILURE,1.0,1.0,1.0,1.0,1.0,0.0,0.0,0.0,0.0
44.2,TAKEOFF,92.37,65.04,1105.0,27.79,97.359,1.127,6829.0,80.03,626.31,5.53,66.43,22.387,25.847,1.703,24.6,18.855,6831.6,80.37,627.18,5.534,66.09,22.277,25.905,1.752,24.61,18.882,MECHANICAL_FAILURE,1.0,1.0,1.0,1.0,1.0,0.0,0.0,0.0,0.0
44.3,TAKEOFF,92.38,65.05,1107.5,27.78,97.35,1.127,6829.73,80.03,626.36,5.531,66.42,22.391,25.848,1.703,24.6,18.858,6831.33,80.9,625.17,5.512,66.24,22.42,25.871,1.628,24.621,18.82,MECHANICAL_FAILURE,1.0,1.0,1.0,1.0,1.0,0.0,0.0,0.0,0.0
44.4,TAKEOFF,92.4,65.06,1110.0,27.78,97.341,1.1269,6830.45,80.03,626.41,5.531,66.42,22.395,25.848,1.704,24.6,18.86,6828.12,79.53,625.75,5.539,66.12,22.315,25.847,1.669,24.561,18.839,MECHANICAL_FAILURE,1.0,1.0,1.0,1.0,1.0,0.0,0.0,0.0,0.0
44.5,TAKEOFF,92.42,65.07,1112.5,27.77,97.332,1.1268,6831.18,80.03,626.46,5.532,66.41,22.398,25.848,1.704,24.6,18.863,6826.29,79.74,625.81,5.487,66.36,22.463,25.858,1.681,24.619,18.982,MECHANICAL_FAILURE,1.0,1.0,1.0,1.0,1.0,0.0,0.0,0.0,0.0
44.6,TAKEOFF,92.43,65.08,1115.0,27.77,97.323,1.1267,6831.91,80.03,626.51,5.532,66.4,22.402,25.849,1.704,24.6,18.865,6829.37,79.86,626.73,5.518,66.41,22.228,25.843,1.765,24.581,18.733,MECHANICAL_FAILURE,1.0,1.0,1.0,1.0,1.0,0.0,0.0,0.0,0.0
44.7,TAKEOFF,92.45,65.09,1117.5,27.76,97.315,1.1266,6832.63,80.03,626.56,5.533,66.4,22.405,25.849,1.704,24.6,18.868,6831.2,80.6,625.45,5.527,65.95,22.451,25.829,1.711,24.627,18.747,MECHANICAL_FAILURE,1.0,1.0,1.0,1.0,1.0,0.0,0.0,0.0,0.0
44.8,TAKEOFF,92.47,65.1,1120.0,27.76,97.306,1.1265,6833.36,80.03,626.61,5.533,66.39,22.409,25.849,1.704,24.6,18.87,6835.26,80.17,627.43,5.537,67.14,22.522,25.879,1.666,24.636,18.865,MECHANICAL_FAILURE,1.0,1.0,1.0,1.0,1.0,0.0,0.0,0.0,0.0
44.9,TAKEOFF,92.48,65.11,1122.5,27.75,97.297,1.1265,6834.08,80.03,626.65,5.533,66.38,22.412,25.85,1.704,24.6,18.873,6840.66,79.53,624.97,5.53,66.86,22.478,25.905,1.701,24.657,18.845,MECHANICAL_FAILURE,1.0,1.0,1.0,1.0,1.0,0.0,0.0,0.0,0.0
45.0,TAKEOFF,92.5,65.13,1125.0,27.75,97.288,1.1264,6834.81,80.03,626.7,5.534,66.37,22.416,25.85,1.704,24.6,18.875,6833.74,79.51,625.14,5.561,66.55,22.452,25.898,1.705,24.616,18.756,MECHANICAL_FAILURE,1.0,1.0,1.0,1.0,1.0,0.0,0.0,0.0,0.0
45.1,TAKEOFF,92.52,65.14,1127.5,27.74,97.28,1.1263,6835.53,80.03,626.75,5.534,66.37,22.42,25.85,1.705,24.6,18.878,6841.61,80.06,625.44,5.564,65.97,22.346,25.864,1.652,24.607,18.86,MECHANICAL_FAILURE,1.0,1.0,1.0,1.0,1.0,0.0,0.0,0.0,0.0
45.2,TAKEOFF,92.53,65.15,1130.0,27.74,97.271,1.1262,6836.26,80.03,626.8,5.535,66.36,22.423,25.851,1.705,24.6,18.88,6842.95,80.19,626.79,5.553,66.28,22.473,25.882,1.698,24.568,18.72,MECHANICAL_FAILURE,1.0,1.0,1.0,1.0,1.0,0.0,0.0,0.0,0.0
45.3,TAKEOFF,92.55,65.16,1132.5,27.73,97.262,1.1261,6836.98,80.03,626.85,5.535,66.35,22.427,25.851,1.705,24.6,18.883,6834.04,79.66,625.22,5.534,66.38,22.307,25.813,1.687,24.551,18.698,MECHANICAL_FAILURE,1.0,1.0,1.0,1.0,1.0,0.0,0.0,0.0,0.0
45.4,TAKEOFF,92.57,65.17,1135.0,27.73,97.253,1.126,6837.71,80.03,626.9,5.536,66.35,22.43,25.851,1.705,24.6,18.885,6842.13,79.75,629.21,5.514,65.77,22.354,25.921,1.701,24.541,18.961,MECHANICAL_FAILURE,1.0,1.0,1.0,1.0,1.0,0.0,0.0,0.0,0.0
45.5,TAKEOFF,92.58,65.18,1137.5,27.72,97.244,1.126,6838.44,80.03,626.95,5.536,66.34,22.434,25.852,1.705,24.6,18.888,6851.0,81.23,627.23,5.598,66.27,22.342,25.813,1.672,24.54,18.938,MECHANICAL_FAILURE,1.0,1.0,1.0,1.0,1.0,0.0,0.0,0.0,0.0
45.6,TAKEOFF,92.6,65.19,1140.0,27.72,97.236,1.1259,6839.16,80.03,627.0,5.536,66.33,22.437,25.852,1.705,24.6,18.89,6833.83,79.1,626.41,5.514,66.37,22.569,25.866,1.767,24.593,18.877,MECHANICAL_FAILURE,1.0,1.0,1.0,1.0,1.0,0.0,0.0,0.0,0.0
45.7,TAKEOFF,92.62,65.2,1142.5,27.71,97.227,1.1258,6839.89,80.03,627.05,5.537,66.33,22.441,25.852,1.706,24.6,18.893,6832.04,80.57,626.88,5.503,66.96,22.401,25.875,1.704,24.66,18.875,MECHANICAL_FAILURE,1.0,1.0,1.0,1.0,1.0,0.0,0.0,0.0,0.0
45.8,TAKEOFF,92.63,65.21,1145.0,27.71,97.218,1.1257,6840.61,80.03,627.1,5.537,66.32,22.445,25.853,1.706,24.6,18.895,6839.04,79.89,629.45,5.519,66.35,22.42,25.892,1.773,24.706,18.868,MECHANICAL_FAILURE,1.0,1.0,1.0,1.0,1.0,0.0,0.0,0.0,0.0
45.9,TAKEOFF,92.65,65.22,1147.5,27.7,97.209,1.1256,6841.34,80.03,627.14,5.538,66.31,22.448,25.853,1.706,24.6,18.898,6845.03,79.74,624.82,5.511,66.57,22.383,25.899,1.725,24.53,18.993,MECHANICAL_FAILURE,1.0,1.0,1.0,1.0,1.0,0.0,0.0,0.0,0.0
46.0,TAKEOFF,92.67,65.23,1150.0,27.7,97.2,1.1255,6842.06,80.03,627.19,5.538,66.3,22.452,25.853,1.706,24.6,18.9,6843.96,79.25,625.97,5.461,66.42,22.589,25.876,1.761,24.518,18.946,MECHANICAL_FAILURE,1.0,1.0,1.0,1.0,1.0,0.0,0.0,0.0,0.0
46.1,TAKEOFF,92.68,65.24,1152.5,27.69,97.192,1.1255,6842.79,80.03,627.24,5.539,66.3,22.455,25.854,1.706,24.6,18.903,6838.87,80.2,626.64,5.5,66.31,22.428,25.793,1.722,24.668,18.933,MECHANICAL_FAILURE,1.0,1.0,1.0,1.0,1.0,0.0,0.0,0.0,0.0
46.2,TAKEOFF,92.7,65.26,1155.0,27.69,97.183,1.1254,6843.51,80.03,627.29,5.539,66.29,22.459,25.854,1.706,24.6,18.905,6849.12,80.15,627.61,5.536,66.18,22.519,25.887,1.764,24.657,19.053,MECHANICAL_FAILURE,1.0,1.0,1.0,1.0,1.0,0.0,0.0,0.0,0.0
46.3,TAKEOFF,92.72,65.27,1157.5,27.68,97.174,1.1253,6844.24,80.03,627.34,5.539,66.28,22.462,25.854,1.707,24.6,18.908,6849.31,79.81,628.29,5.461,66.22,22.392,25.835,1.756,24.585,18.909,MECHANICAL_FAILURE,1.0,1.0,1.0,1.0,1.0,0.0,0.0,0.0,0.0
46.4,TAKEOFF,92.73,65.28,1160.0,27.68,97.165,1.1252,6844.96,80.03,627.39,5.54,66.28,22.466,25.855,1.707,24.6,18.91,6852.68,79.54,630.44,5.531,66.77,22.491,25.92,1.866,24.619,18.971,MECHANICAL_FAILURE,1.0,1.0,1.0,1.0,1.0,0.0,0.0,0.0,0.0
46.5,TAKEOFF,92.75,65.29,1162.5,27.67,97.157,1.1251,6845.69,80.03,627.43,5.54,66.27,22.47,25.855,1.707,24.6,18.913,6843.89,80.36,628.07,5.541,66.22,22.432,25.891,1.709,24.667,19.059,MECHANICAL_FAILURE,1.0,1.0,1.0,1.0,1.0,0.0,0.0,0.0,0.0
46.6,TAKEOFF,92.77,65.3,1165.0,27.67,97.148,1.125,6846.41,80.03,627.48,5.541,66.26,22.473,25.855,1.707,24.6,18.915,6854.2,79.8,624.5,5.553,65.92,22.493,25.909,1.619,24.595,19.087,MECHANICAL_FAILURE,1.0,1.0,1.0,1.0,1.0,0.0,0.0,0.0,0.0
46.7,TAKEOFF,92.78,65.31,1167.5,27.66,97.139,1.125,6847.14,80.03,627.53,5.541,66.26,22.477,25.856,1.707,24.6,18.918,6842.64,80.37,626.38,5.551,66.08,22.358,25.946,1.624,24.633,18.938,MECHANICAL_FAILURE,1.0,1.0,1.0,1.0,1.0,0.0,0.0,0.0,0.0
46.8,TAKEOFF,92.8,65.32,1170.0,27.66,97.13,1.1249,6847.87,80.03,627.58,5.542,66.25,22.48,25.856,1.707,24.6,18.92,6845.36,80.09,627.61,5.576,66.08,22.314,25.835,1.639,24.596,18.978,MECHANICAL_FAILURE,1.0,1.0,1.0,1.0,1.0,0.0,0.0,0.0,0.0
46.9,TAKEOFF,92.82,65.33,1172.5,27.65,97.121,1.1248,6848.59,80.03,627.62,5.542,66.24,22.484,25.856,1.708,24.6,18.923,6855.73,81.06,630.03,5.545,66.17,22.499,25.813,1.71,24.581,18.794,MECHANICAL_FAILURE,1.0,1.0,1.0,1.0,1.0,0.0,0.0,0.0,0.0
47.0,TAKEOFF,92.83,65.34,1175.0,27.65,97.113,1.1247,6849.32,80.03,627.67,5.543,66.23,22.487,25.857,1.708,24.6,18.925,6850.61,80.18,628.17,5.501,66.22,22.5,25.845,1.782,24.647,18.817,MECHANICAL_FAILURE,1.0,1.0,1.0,1.0,1.0,0.0,0.0,0.0,0.0
47.1,TAKEOFF,92.85,65.35,1177.5,27.64,97.104,1.1246,6850.04,80.03,627.72,5.543,66.23,22.491,25.857,1.708,24.6,18.928,6861.66,79.75,623.58,5.565,66.28,22.391,25.817,1.792,24.525,18.937,MECHANICAL_FAILURE,1.0,1.0,1.0,1.0,1.0,0.0,0.0,0.0,0.0
47.2,TAKEOFF,92.87,65.36,1180.0,27.64,97.095,1.1245,6850.77,80.03,627.77,5.543,66.22,22.495,25.857,1.708,24.6,18.93,6856.76,80.19,629.47,5.555,66.74,22.48,25.821,1.615,24.677,18.861,MECHANICAL_FAILURE,1.0,1.0,1.0,1.0,1.0,0.0,0.0,0.0,0.0
47.3,TAKEOFF,92.88,65.37,1182.5,27.63,97.086,1.1245,6851.49,80.03,627.81,5.544,66.21,22.498,25.858,1.708,24.6,18.933,6847.62,79.67,628.18,5.55,65.94,22.5,25.939,1.737,24.488,18.686,MECHANICAL_FAILURE,1.0,1.0,1.0,1.0,1.0,0.0,0.0,0.0,0.0
47.4,TAKEOFF,92.9,65.39,1185.0,27.63,97.078,1.1244,6852.22,80.03,627.86,5.544,66.21,22.502,25.858,1.708,24.6,18.935,6846.02,79.88,624.84,5.543,66.56,22.535,25.9,1.702,24.577,18.889,MECHANICAL_FAILURE,1.0,1.0,1.0,1.0,1.0,0.0,0.0,0.0,0.0
47.5,TAKEOFF,92.92,65.4,1187.5,27.62,97.069,1.1243,6852.94,80.03,627.91,5.545,66.2,22.505,25.858,1.708,24.6,18.938,6857.37,80.71,628.28,5.566,65.84,22.46,25.86,1.669,24.628,19.112,MECHANICAL_FAILURE,1.0,1.0,1.0,1.0,1.0,0.0,0.0,0.0,0.0
47.6,TAKEOFF,92.93,65.41,1190.0,27.62,97.06,1.1242,6853.67,80.03,627.95,5.545,66.19,22.509,25.859,1.709,24.6,18.94,6851.36,81.0,628.17,5.538,66.15,22.618,25.909,1.689,24.637,18.935,MECHANICAL_FAILURE,1.0,1.0,1.0,1.0,1.0,0.0,0.0,0.0,0.0
47.7,TAKEOFF,92.95,65.42,1192.5,27.61,97.051,1.1241,6854.39,80.03,628.0,5.546,66.19,22.512,25.859,1.709,24.6,18.943,6858.8,80.25,628.83,5.565,66.52,22.388,25.905,1.746,24.661,19.036,MECHANICAL_FAILURE,1.0,1.0,1.0,1.0,1.0,0.0,0.0,0.0,0.0
47.8,TAKEOFF,92.97,65.43,1195.0,27.61,97.043,1.124,6855.12,80.03,628.05,5.546,66.18,22.516,25.859,1.709,24.6,18.945,6854.71,80.36,628.85,5.542,66.73,22.673,25.866,1.773,24.581,18.991,MECHANICAL_FAILURE,1.0,1.0,1.0,1.0,1.0,0.0,0.0,0.0,0.0
47.9,TAKEOFF,92.98,65.44,1197.5,27.6,97.034,1.124,6855.84,80.03,628.09,5.546,66.17,22.52,25.86,1.709,24.6,18.948,6854.8,80.56,628.29,5.552,66.08,22.594,25.853,1.707,24.571,18.94,MECHANICAL_FAILURE,1.0,1.0,1.0,1.0,1.0,0.0,0.0,0.0,0.0
48.0,TAKEOFF,93.0,65.45,1200.0,27.6,97.025,1.1239,6856.57,80.03,628.14,5.547,66.16,22.523,25.86,1.709,24.6,18.95,6860.84,80.88,627.09,5.549,66.29,22.554,25.828,1.694,24.656,18.86,MECHANICAL_FAILURE,1.0,1.0,1.0,1.0,1.0,0.0,0.0,0.0,0.0
48.1,TAKEOFF,93.02,65.46,1202.5,27.59,97.016,1.1238,6857.29,80.03,628.19,5.547,66.16,22.527,25.86,1.709,24.6,18.953,6858.84,80.29,630.07,5.534,66.53,22.439,25.825,1.652,24.662,19.015,MECHANICAL_FAILURE,1.0,1.0,1.0,1.0,1.0,0.0,0.0,0.0,0.0
48.2,TAKEOFF,93.03,65.47,1205.0,27.59,97.007,1.1237,6858.02,80.03,628.23,5.548,66.15,22.53,25.861,1.71,24.6,18.955,6862.52,80.15,628.62,5.559,66.38,22.482,25.972,1.739,24.6,18.966,MECHANICAL_FAILURE,1.0,1.0,1.0,1.0,1.0,0.0,0.0,0.0,0.0
48.3,TAKEOFF,93.05,65.48,1207.5,27.58,96.999,1.1236,6858.74,80.03,628.28,5.548,66.14,22.534,25.861,1.71,24.6,18.958,6851.17,79.21,629.35,5.608,66.16,22.547,25.944,1.689,24.543,18.862,MECHANICAL_FAILURE,1.0,1.0,1.0,1.0,1.0,0.0,0.0,0.0,0.0
48.4,TAKEOFF,93.07,65.49,1210.0,27.58,96.99,1.1235,6859.47,80.03,628.33,5.549,66.14,22.537,25.861,1.71,24.6,18.96,6856.13,80.07,630.67,5.56,65.96,22.397,25.847,1.728,24.631,18.884,MECHANICAL_FAILURE,1.0,1.0,1.0,1.0,1.0,0.0,0.0,0.0,0.0
48.5,TAKEOFF,93.08,65.5,1212.5,27.57,96.981,1.1235,6860.19,80.03,628.37,5.549,66.13,22.541,25.862,1.71,24.6,18.963,6860.53,79.48,626.73,5.545,66.42,22.468,25.888,1.685,24.579,18.934,MECHANICAL_FAILURE,1.0,1.0,1.0,1.0,1.0,0.0,0.0,0.0,0.0
48.6,TAKEOFF,93.1,65.52,1215.0,27.57,96.972,1.1234,6860.92,80.03,628.42,5.549,66.12,22.545,25.862,1.71,24.6,18.965,6864.77,79.33,627.5,5.544,66.34,22.589,25.984,1.697,24.642,19.058,MECHANICAL_FAILURE,1.0,1.0,1.0,1.0,1.0,0.0,0.0,0.0,0.0
48.7,TAKEOFF,93.12,65.53,1217.5,27.56,96.964,1.1233,6861.64,80.03,628.47,5.55,66.12,22.548,25.862,1.71,24.6,18.968,6863.97,79.99,628.2,5.498,67.02,22.517,25.869,1.621,24.6,18.913,MECHANICAL_FAILURE,1.0,1.0,1.0,1.0,1.0,0.0,0.0,0.0,0.0
48.8,TAKEOFF,93.13,65.54,1220.0,27.56,96.955,1.1232,6862.37,80.03,628.51,5.55,66.11,22.552,25.863,1.711,24.6,18.97,6863.16,79.64,625.09,5.526,65.86,22.545,25.963,1.71,24.533,19.06,MECHANICAL_FAILURE,1.0,1.0,1.0,1.0,1.0,0.0,0.0,0.0,0.0
48.9,TAKEOFF,93.15,65.55,1222.5,27.55,96.946,1.1231,6863.09,80.03,628.56,5.551,66.1,22.555,25.863,1.711,24.6,18.973,6853.11,79.64,627.29,5.492,65.64,22.476,25.829,1.663,24.625,19.102,MECHANICAL_FAILURE,1.0,1.0,1.0,1.0,1.0,0.0,0.0,0.0,0.0
49.0,TAKEOFF,93.17,65.56,1225.0,27.55,96.937,1.1231,6863.82,80.03,628.6,5.551,66.1,22.559,25.863,1.711,24.6,18.975,6869.49,80.61,631.14,5.568,65.82,22.59,25.838,1.774,24.642,18.955,MECHANICAL_FAILURE,1.0,1.0,1.0,1.0,1.0,0.0,0.0,0.0,0.0
49.1,TAKEOFF,93.18,65.57,1227.5,27.54,96.929,1.123,6864.54,80.03,628.65,5.552,66.09,22.562,25.864,1.711,24.6,18.978,6875.46,81.04,629.79,5.582,66.16,22.645,25.925,1.711,24.572,18.74,MECHANICAL_FAILURE,1.0,1.0,1.0,1.0,1.0,0.0,0.0,0.0,0.0
49.2,TAKEOFF,93.2,65.58,1230.0,27.54,96.92,1.1229,6865.27,80.03,628.69,5.552,66.08,22.566,25.864,1.711,24.6,18.98,6866.49,80.57,629.59,5.605,66.05,22.538,25.835,1.813,24.588,18.768,MECHANICAL_FAILURE,1.0,1.0,1.0,1.0,1.0,0.0,0.0,0.0,0.0
49.3,TAKEOFF,93.22,65.59,1232.5,27.53,96.911,1.1228,6865.99,80.03,628.74,5.553,66.07,22.569,25.864,1.711,24.6,18.983,6862.25,80.1,631.12,5.561,65.86,22.626,25.796,1.64,24.619,18.971,MECHANICAL_FAILURE,1.0,1.0,1.0,1.0,1.0,0.0,0.0,0.0,0.0
49.4,TAKEOFF,93.23,65.6,1235.0,27.53,96.902,1.1227,6866.72,80.03,628.79,5.553,66.07,22.573,25.865,1.711,24.6,18.985,6865.76,80.56,626.79,5.608,66.18,22.321,25.904,1.738,24.635,19.066,MECHANICAL_FAILURE,1.0,1.0,1.0,1.0,1.0,0.0,0.0,0.0,0.0
49.5,TAKEOFF,93.25,65.61,1237.5,27.52,96.894,1.1226,6867.44,80.03,628.83,5.553,66.06,22.577,25.865,1.712,24.6,18.988,6863.83,78.91,627.72,5.533,65.83,22.642,25.768,1.74,24.671,19.063,MECHANICAL_FAILURE,1.0,1.0,1.0,1.0,1.0,0.0,0.0,0.0,0.0
49.6,TAKEOFF,93.27,65.62,1240.0,27.52,96.885,1.1226,6868.17,80.03,628.88,5.554,66.05,22.58,25.865,1.712,24.6,18.99,6866.86,81.01,628.52,5.585,66.32,22.454,25.791,1.719,24.625,19.148,MECHANICAL_FAILURE,1.0,1.0,1.0,1.0,1.0,0.0,0.0,0.0,0.0
49.7,TAKEOFF,93.28,65.63,1242.5,27.51,96.876,1.1225,6868.89,80.03,628.92,5.554,66.05,22.584,25.866,1.712,24.6,18.993,6864.26,79.68,627.36,5.491,65.99,22.725,25.866,1.689,24.619,18.946,MECHANICAL_FAILURE,1.0,1.0,1.0,1.0,1.0,0.0,0.0,0.0,0.0
49.8,TAKEOFF,93.3,65.65,1245.0,27.51,96.867,1.1224,6869.62,80.03,628.97,5.555,66.04,22.587,25.866,1.712,24.6,18.995,6874.33,79.36,629.33,5.519,66.23,22.671,25.828,1.719,24.57,18.998,MECHANICAL_FAILURE,1.0,1.0,1.0,1.0,1.0,0.0,0.0,0.0,0.0
49.9,TAKEOFF,93.32,65.66,1247.5,27.5,96.859,1.1223,6870.34,80.03,629.01,5.555,66.03,22.591,25.866,1.712,24.6,18.998,6868.26,79.09,628.79,5.506,65.94,22.548,25.856,1.71,24.541,19.126,MECHANICAL_FAILURE,1.0,1.0,1.0,1.0,1.0,0.0,0.0,0.0,0.0
50.0,TAKEOFF,93.33,65.67,1250.0,27.5,96.85,1.1222,6871.07,80.03,629.06,5.556,66.03,22.594,25.867,1.712,24.6,19.0,6876.51,80.36,631.43,5.594,66.22,22.611,25.933,1.672,24.635,19.112,MECHANICAL_FAILURE,1.0,1.0,1.0,1.0,1.0,0.0,0.0,0.0,0.0
50.1,TAKEOFF,93.35,65.68,1252.5,27.49,96.841,1.1221,6871.79,80.03,629.1,5.556,66.02,22.598,25.867,1.713,24.6,19.003,6870.53,80.96,629.27,5.562,65.84,22.455,25.9,1.585,24.629,18.982,MECHANICAL_FAILURE,1.0,1.0,1.0,1.0,1.0,0.0,0.0,0.0,0.0
50.2,TAKEOFF,93.37,65.69,1255.0,27.49,96.832,1.1221,6872.52,80.03,629.15,5.556,66.01,22.602,25.867,1.713,24.6,19.005,6871.41,79.64,630.61,5.604,66.83,22.503,25.9,1.777,24.638,19.115,MECHANICAL_FAILURE,1.0,1.0,1.0,1.0,1.0,0.0,0.0,0.0,0.0
50.3,TAKEOFF,93.38,65.7,1257.5,27.48,96.824,1.122,6873.24,80.03,629.19,5.557,66.01,22.605,25.868,1.713,24.6,19.008,6882.02,80.05,633.02,5.56,66.05,22.576,25.864,1.779,24.52,18.983,MECHANICAL_FAILURE,1.0,1.0,1.0,1.0,1.0,0.0,0.0,0.0,0.0
50.4,TAKEOFF,93.4,65.71,1260.0,27.48,96.815,1.1219,6873.97,80.03,629.24,5.557,66.0,22.609,25.868,1.713,24.6,19.01,6879.34,80.44,630.84,5.495,65.84,22.631,25.878,1.849,24.575,19.109,MECHANICAL_FAILURE,1.0,1.0,1.0,1.0,1.0,0.0,0.0,0.0,0.0
50.5,TAKEOFF,93.42,65.72,1262.5,27.47,96.806,1.1218,6874.69,80.04,629.28,5.558,65.99,22.612,25.868,1.713,24.6,19.013,6872.65,80.28,630.44,5.549,66.07,22.453,25.889,1.671,24.545,18.884,MECHANICAL_FAILURE,1.0,1.0,1.0,1.0,1.0,0.0,0.0,0.0,0.0
50.6,TAKEOFF,93.43,65.73,1265.0,27.47,96.797,1.1217,6875.42,80.04,629.33,5.558,65.99,22.616,25.869,1.713,24.6,19.015,6877.9,79.89,631.95,5.547,65.74,22.536,25.843,1.736,24.583,18.888,MECHANICAL_FAILURE,1.0,1.0,1.0,1.0,1.0,0.0,0.0,0.0,0.0
50.7,TAKEOFF,93.45,65.74,1267.5,27.46,96.789,1.1216,6876.14,80.04,629.37,5.559,65.98,22.619,25.869,1.714,24.6,19.018,6880.18,79.51,629.47,5.595,66.15,22.647,25.79,1.712,24.592,18.824,MECHANICAL_FAILURE,1.0,1.0,1.0,1.0,1.0,0.0,0.0,0.0,0.0
50.8,TAKEOFF,93.47,65.75,1270.0,27.46,96.78,1.1216,6876.87,80.04,629.42,5.559,65.97,22.623,25.869,1.714,24.6,19.02,6873.83,80.63,628.51,5.537,65.96,22.511,25.839,1.715,24.623,18.805,MECHANICAL_FAILURE,1.0,1.0,1.0,1.0,1.0,0.0,0.0,0.0,0.0
50.9,TAKEOFF,93.48,65.76,1272.5,27.45,96.771,1.1215,6877.59,80.04,629.46,5.559,65.97,22.627,25.87,1.714,24.6,19.023,6873.41,80.37,627.48,5.541,66.02,22.508,25.841,1.773,24.565,19.03,MECHANICAL_FAILURE,1.0,1.0,1.0,1.0,1.0,0.0,0.0,0.0,0.0
51.0,TAKEOFF,93.5,65.78,1275.0,27.45,96.762,1.1214,6878.31,80.04,629.51,5.56,65.96,22.63,25.87,1.714,24.6,19.025,6873.31,80.25,628.25,5.571,65.73,22.665,25.82,1.815,24.625,19.008,MECHANICAL_FAILURE,1.0,1.0,1.0,1.0,1.0,0.0,0.0,0.0,0.0
51.1,TAKEOFF,93.52,65.79,1277.5,27.44,96.754,1.1213,6879.04,80.04,629.55,5.56,65.95,22.634,25.87,1.714,24.6,19.028,6878.93,80.27,630.15,5.592,65.79,22.634,25.851,1.745,24.623,18.997,MECHANICAL_FAILURE,1.0,1.0,1.0,1.0,1.0,0.0,0.0,0.0,0.0
51.2,TAKEOFF,93.53,65.8,1280.0,27.44,96.745,1.1212,6879.76,80.04,629.6,5.561,65.94,22.637,25.871,1.714,24.6,19.03,6880.15,79.85,628.33,5.539,65.79,22.701,25.833,1.757,24.631,19.118,MECHANICAL_FAILURE,1.0,1.0,1.0,1.0,1.0,0.0,0.0,0.0,0.0
51.3,TAKEOFF,93.55,65.81,1282.5,27.43,96.736,1.1212,6880.49,80.04,629.64,5.561,65.94,22.641,25.871,1.715,24.6,19.033,6885.21,80.3,631.36,5.535,65.82,22.609,25.876,1.766,24.735,19.067,MECHANICAL_FAILURE,1.0,1.0,1.0,1.0,1.0,0.0,0.0,0.0,0.0
51.4,TAKEOFF,93.57,65.82,1285.0,27.43,96.727,1.1211,6881.21,80.04,629.69,5.562,65.93,22.644,25.871,1.715,24.6,19.035,6883.57,79.58,629.59,5.499,66.1,22.702,25.798,1.732,24.551,18.984,MECHANICAL_FAILURE,1.0,1.0,1.0,1.0,1.0,0.0,0.0,0.0,0.0
51.5,TAKEOFF,93.58,65.83,1287.5,27.42,96.719,1.121,6881.94,80.04,629.73,5.562,65.92,22.648,25.872,1.715,24.6,19.038,6871.32,78.75,630.71,5.504,65.72,22.664,25.787,1.679,24.555,18.95,MECHANICAL_FAILURE,1.0,1.0,1.0,1.0,1.0,0.0,0.0,0.0,0.0
51.6,TAKEOFF,93.6,65.84,1290.0,27.42,96.71,1.1209,6882.66,80.04,629.77,5.562,65.92,22.652,25.872,1.715,24.6,19.04,6884.67,80.71,627.58,5.6,65.87,22.795,25.919,1.779,24.564,18.997,MECHANICAL_FAILURE,1.0,1.0,1.0,1.0,1.0,0.0,0.0,0.0,0.0
51.7,TAKEOFF,93.62,65.85,1292.5,27.41,96.701,1.1208,6883.39,80.04,629.82,5.563,65.91,22.655,25.872,1.715,24.6,19.043,6888.21,79.53,630.92,5.53,65.83,22.633,25.936,1.776,24.64,19.127,MECHANICAL_FAILURE,1.0,1.0,1.0,1.0,1.0,0.0,0.0,0.0,0.0
51.8,TAKEOFF,93.63,65.86,1295.0,27.41,96.692,1.1207,6884.11,80.04,629.86,5.563,65.9,22.659,25.873,1.715,24.6,19.045,6878.4,80.01,629.21,5.571,65.61,22.677,25.863,1.662,24.616,19.078,MECHANICAL_FAILURE,1.0,1.0,1.0,1.0,1.0,0.0,0.0,0.0,0.0
51.9,TAKEOFF,93.65,65.87,1297.5,27.4,96.684,1.1207,6884.84,80.04,629.91,5.564,65.9,22.662,25.873,1.715,24.6,19.048,6883.22,79.89,629.79,5.557,65.39,22.613,25.784,1.791,24.663,19.23,MECHANICAL_FAILURE,1.0,1.0,1.0,1.0,1.0,0.0,0.0,0.0,0.0
52.0,TAKEOFF,93.67,65.88,1300.0,27.4,96.675,1.1206,6885.56,80.04,629.95,5.564,65.89,22.666,25.873,1.716,24.6,19.05,6885.69,80.42,629.86,5.584,66.12,22.72,25.883,1.753,24.548,18.935,MECHANICAL_FAILURE,1.0,1.0,1.0,1.0,1.0,0.0,0.0,0.0,0.0
52.1,TAKEOFF,93.68,65.89,1302.5,27.39,96.666,1.1205,6886.29,80.04,630.0,5.565,65.88,22.669,25.874,1.716,24.6,19.053,6896.12,80.39,629.36,5.6,65.75,22.654,25.826,1.637,24.607,19.041,MECHANICAL_FAILURE,1.0,1.0,1.0,1.0,1.0,0.0,0.0,0.0,0.0
52.2,TAKEOFF,93.7,65.91,1305.0,27.39,96.658,1.1204,6887.01,80.04,630.04,5.565,65.88,22.673,25.874,1.716,24.6,19.055,6894.3,80.44,630.37,5.547,65.67,22.72,25.917,1.694,24.543,19.123,MECHANICAL_FAILURE,1.0,1.0,1.0,1.0,1.0,0.0,0.0,0.0,0.0
52.3,TAKEOFF,93.72,65.92,1307.5,27.38,96.649,1.1203,6887.73,80.04,630.08,5.566,65.87,22.677,25.874,1.716,24.6,19.058,6890.0,79.99,630.75,5.553,66.04,22.605,25.903,1.683,24.599,18.99,MECHANICAL_FAILURE,1.0,1.0,1.0,1.0,1.0,0.0,0.0,0.0,0.0
52.4,TAKEOFF,93.73,65.93,1310.0,27.38,96.64,1.1202,6888.46,80.04,630.13,5.566,65.86,22.68,25.875,1.716,24.6,19.06,6893.1,80.98,631.75,5.56,66.38,22.752,25.902,1.736,24.607,19.126,MECHANICAL_FAILURE,1.0,1.0,1.0,1.0,1.0,0.0,0.0,0.0,0.0
52.5,TAKEOFF,93.75,65.94,1312.5,27.37,96.631,1.1202,6889.18,80.04,630.17,5.566,65.86,22.684,25.875,1.716,24.6,19.063,6891.39,79.33,629.55,5.586,66.0,22.611,25.916,1.694,24.567,19.018,MECHANICAL_FAILURE,1.0,1.0,1.0,1.0,1.0,0.0,0.0,0.0,0.0
52.6,TAKEOFF,93.77,65.95,1315.0,27.37,96.623,1.1201,6889.91,80.04,630.21,5.567,65.85,22.687,25.875,1.717,24.6,19.065,6885.17,80.21,629.33,5.575,65.86,22.605,25.89,1.837,24.613,19.071,MECHANICAL_FAILURE,1.0,1.0,1.0,1.0,1.0,0.0,0.0,0.0,0.0
52.7,TAKEOFF,93.78,65.96,1317.5,27.36,96.614,1.12,6890.63,80.04,630.26,5.567,65.84,22.691,25.876,1.717,24.6,19.068,6886.02,80.84,628.55,5.538,65.69,22.583,25.795,1.676,24.506,19.124,MECHANICAL_FAILURE,1.0,1.0,1.0,1.0,1.0,0.0,0.0,0.0,0.0
52.8,TAKEOFF,93.8,65.97,1320.0,27.36,96.605,1.1199,6891.36,80.04,630.3,5.568,65.84,22.694,25.876,1.717,24.6,19.07,6891.55,78.96,632.4,5.568,65.53,22.691,25.936,1.705,24.615,19.013,MECHANICAL_FAILURE,1.0,1.0,1.0,1.0,1.0,0.0,0.0,0.0,0.0
52.9,TAKEOFF,93.82,65.98,1322.5,27.35,96.596,1.1198,6892.08,80.04,630.35,5.568,65.83,22.698,25.876,1.717,24.6,19.073,6894.09,79.8,629.76,5.558,65.63,22.745,25.837,1.811,24.634,18.974,MECHANICAL_FAILURE,1.0,1.0,1.0,1.0,1.0,0.0,0.0,0.0,0.0
53.0,TAKEOFF,93.83,65.99,1325.0,27.35,96.588,1.1197,6892.81,80.04,630.39,5.569,65.82,22.702,25.877,1.717,24.6,19.075,6901.99,80.13,630.1,5.561,65.65,22.596,25.927,1.787,24.644,19.088,MECHANICAL_FAILURE,1.0,1.0,1.0,1.0,1.0,0.0,0.0,0.0,0.0
53.1,TAKEOFF,93.85,66.0,1327.5,27.34,96.579,1.1197,6893.53,80.04,630.43,5.569,65.82,22.705,25.877,1.717,24.6,19.078,6890.06,79.82,632.63,5.549,65.75,22.292,25.919,1.716,24.612,18.996,MECHANICAL_FAILURE,1.0,1.0,1.0,1.0,1.0,0.0,0.0,0.0,0.0
53.2,TAKEOFF,93.87,66.01,1330.0,27.34,96.57,1.1196,6894.25,80.04,630.48,5.569,65.81,22.709,25.877,1.718,24.6,19.08,6894.16,80.35,628.74,5.626,65.79,22.574,25.883,1.782,24.554,19.15,MECHANICAL_FAILURE,1.0,1.0,1.0,1.0,1.0,0.0,0.0,0.0,0.0
53.3,TAKEOFF,93.88,66.02,1332.5,27.33,96.562,1.1195,6894.98,80.04,630.52,5.57,65.8,22.712,25.878,1.718,24.6,19.083,6890.77,80.2,629.26,5.584,65.96,22.749,25.775,1.651,24.562,18.917,MECHANICAL_FAILURE,1.0,1.0,1.0,1.0,1.0,0.0,0.0,0.0,0.0
53.4,TAKEOFF,93.9,66.04,1335.0,27.33,96.553,1.1194,6895.7,80.04,630.56,5.57,65.79,22.716,25.878,1.718,24.6,19.085,6904.96,79.49,630.94,5.593,65.99,22.712,25.955,1.766,24.626,18.962,MECHANICAL_FAILURE,1.0,1.0,1.0,1.0,1.0,0.0,0.0,0.0,0.0
53.5,TAKEOFF,93.92,66.05,1337.5,27.32,96.544,1.1193,6896.43,80.04,630.61,5.571,65.79,22.719,25.878,1.718,24.6,19.088,6889.91,79.18,628.28,5.569,65.51,22.703,25.881,1.749,24.572,19.255,MECHANICAL_FAILURE,1.0,1.0,1.0,1.0,1.0,0.0,0.0,0.0,0.0
53.6,TAKEOFF,93.93,66.06,1340.0,27.32,96.535,1.1193,6897.15,80.04,630.65,5.571,65.78,22.723,25.879,1.718,24.6,19.09,6903.05,79.03,627.8,5.569,65.44,22.837,25.883,1.716,24.58,19.088,MECHANICAL_FAILURE,1.0,1.0,1.0,1.0,1.0,0.0,0.0,0.0,0.0
53.7,TAKEOFF,93.95,66.07,1342.5,27.31,96.527,1.1192,6897.88,80.04,630.69,5.572,65.77,22.726,25.879,1.718,24.6,19.093,6893.55,80.49,628.75,5.548,65.3,22.813,25.959,1.722,24.647,19.122,MECHANICAL_FAILURE,1.0,1.0,1.0,1.0,1.0,0.0,0.0,0.0,0.0
53.8,TAKEOFF,93.97,66.08,1345.0,27.31,96.518,1.1191,6898.6,80.04,630.74,5.572,65.77,22.73,25.879,1.718,24.6,19.095,6906.74,79.14,627.19,5.579,66.56,22.68,25.912,1.708,24.556,19.087,MECHANICAL_FAILURE,1.0,1.0,1.0,1.0,1.0,0.0,0.0,0.0,0.0
53.9,TAKEOFF,93.98,66.09,1347.5,27.3,96.509,1.119,6899.32,80.04,630.78,5.572,65.76,22.734,25.88,1.719,24.6,19.098,6893.81,81.02,630.8,5.526,65.78,22.662,25.88,1.675,24.606,19.105,MECHANICAL_FAILURE,1.0,1.0,1.0,1.0,1.0,0.0,0.0,0.0,0.0
54.0,TAKEOFF,94.0,66.1,1350.0,27.3,96.5,1.1189,6900.05,80.04,630.82,5.573,65.75,22.737,25.88,1.719,24.6,19.1,6890.28,79.38,633.64,5.55,66.23,22.776,25.828,1.728,24.55,19.12,MECHANICAL_FAILURE,1.0,1.0,1.0,1.0,1.0,0.0,0.0,0.0,0.0
54.1,TAKEOFF,94.02,66.11,1352.5,27.29,96.492,1.1188,6900.77,80.04,630.87,5.573,65.75,22.741,25.88,1.719,24.6,19.103,6899.61,79.59,630.14,5.566,65.89,22.724,25.873,1.748,24.617,19.121,MECHANICAL_FAILURE,1.0,1.0,1.0,1.0,1.0,0.0,0.0,0.0,0.0
54.2,TAKEOFF,94.03,66.12,1355.0,27.29,96.483,1.1188,6901.5,80.04,630.91,5.574,65.74,22.744,25.881,1.719,24.6,19.105,6894.8,80.16,631.6,5.608,65.21,22.64,25.826,1.694,24.549,19.067,MECHANICAL_FAILURE,1.0,1.0,1.0,1.0,1.0,0.0,0.0,0.0,0.0
54.3,TAKEOFF,94.05,66.13,1357.5,27.28,96.474,1.1187,6902.22,80.04,630.95,5.574,65.73,22.748,25.881,1.719,24.6,19.108,6898.68,80.42,630.23,5.559,65.72,22.876,25.939,1.695,24.59,19.119,MECHANICAL_FAILURE,1.0,1.0,1.0,1.0,1.0,0.0,0.0,0.0,0.0
54.4,TAKEOFF,94.07,66.14,1360.0,27.28,96.466,1.1186,6902.95,80.04,631.0,5.575,65.73,22.751,25.881,1.719,24.6,19.11,6893.19,79.78,628.22,5.586,65.51,22.824,25.907,1.725,24.544,19.026,MECHANICAL_FAILURE,1.0,1.0,1.0,1.0,1.0,0.0,0.0,0.0,0.0
54.5,TAKEOFF,94.08,66.15,1362.5,27.27,96.457,1.1185,6903.67,80.04,631.04,5.575,65.72,22.755,25.882,1.72,24.6,19.113,6909.54,80.22,629.5,5.603,66.01,22.915,25.908,1.715,24.569,19.222,MECHANICAL_FAILURE,1.0,1.0,1.0,1.0,1.0,0.0,0.0,0.0,0.0
54.6,TAKEOFF,94.1,66.17,1365.0,27.27,96.448,1.1184,6904.39,80.04,631.08,5.575,65.71,22.759,25.882,1.72,24.6,19.115,6902.33,79.87,631.13,5.604,65.52,22.634,25.926,1.641,24.576,19.032,MECHANICAL_FAILURE,1.0,1.0,1.0,1.0,1.0,0.0,0.0,0.0,0.0
54.7,TAKEOFF,94.12,66.18,1367.5,27.26,96.439,1.1183,6905.12,80.04,631.13,5.576,65.71,22.762,25.882,1.72,24.6,19.118,6915.62,79.64,633.86,5.567,65.42,22.792,25.871,1.684,24.626,19.194,MECHANICAL_FAILURE,1.0,1.0,1.0,1.0,1.0,0.0,0.0,0.0,0.0
54.8,TAKEOFF,94.13,66.19,1370.0,27.26,96.431,1.1183,6905.84,80.04,631.17,5.576,65.7,22.766,25.883,1.72,24.6,19.12,6901.61,79.28,632.84,5.596,65.38,22.8,25.928,1.753,24.663,19.172,MECHANICAL_FAILURE,1.0,1.0,1.0,1.0,1.0,0.0,0.0,0.0,0.0
54.9,TAKEOFF,94.15,66.2,1372.5,27.25,96.422,1.1182,6906.57,80.04,631.21,5.577,65.69,22.769,25.883,1.72,24.6,19.123,6903.96,80.58,629.16,5.586,65.36,22.699,25.867,1.664,24.598,19.245,MECHANICAL_FAILURE,1.0,1.0,1.0,1.0,1.0,0.0,0.0,0.0,0.0
55.0,TAKEOFF,94.17,66.21,1375.0,27.25,96.413,1.1181,6907.29,80.04,631.26,5.577,65.69,22.773,25.883,1.72,24.6,19.125,6913.52,79.72,629.67,5.553,65.17,22.798,25.929,1.655,24.539,19.13,MECHANICAL_FAILURE,1.0,1.0,1.0,1.0,1.0,0.0,0.0,0.0,0.0
55.1,TAKEOFF,94.18,66.22,1377.5,27.24,96.405,1.118,6908.01,80.04,631.3,5.578,65.68,22.776,25.884,1.721,24.6,19.128,6912.43,79.67,630.95,5.597,65.83,22.796,25.899,1.745,24.566,19.292,MECHANICAL_FAILURE,1.0,1.0,1.0,1.0,1.0,0.0,0.0,0.0,0.0
55.2,TAKEOFF,94.2,66.23,1380.0,27.24,96.396,1.1179,6908.74,80.04,631.34,5.578,65.67,22.78,25.884,1.721,24.6,19.13,6908.01,80.59,630.02,5.573,65.94,22.921,25.856,1.714,24.585,19.015,MECHANICAL_FAILURE,1.0,1.0,1.0,1.0,1.0,0.0,0.0,0.0,0.0
55.3,TAKEOFF,94.22,66.24,1382.5,27.23,96.387,1.1179,6909.46,80.04,631.38,5.579,65.67,22.784,25.884,1.721,24.6,19.133,6911.62,79.92,631.03,5.617,65.58,22.971,25.939,1.774,24.687,19.284,MECHANICAL_FAILURE,1.0,1.0,1.0,1.0,1.0,0.0,0.0,0.0,0.0
55.4,TAKEOFF,94.23,66.25,1385.0,27.23,96.378,1.1178,6910.19,80.04,631.43,5.579,65.66,22.787,25.885,1.721,24.6,19.135,6912.76,79.84,629.67,5.578,65.75,22.937,25.879,1.73,24.519,19.188,MECHANICAL_FAILURE,1.0,1.0,1.0,1.0,1.0,0.0,0.0,0.0,0.0
55.5,TAKEOFF,94.25,66.26,1387.5,27.22,96.37,1.1177,6910.91,80.04,631.47,5.579,65.65,22.791,25.885,1.721,24.6,19.138,6910.07,80.49,630.79,5.617,65.3,22.877,25.808,1.702,24.654,19.037,MECHANICAL_FAILURE,1.0,1.0,1.0,1.0,1.0,0.0,0.0,0.0,0.0
55.6,TAKEOFF,94.27,66.27,1390.0,27.22,96.361,1.1176,6911.64,80.04,631.51,5.58,65.65,22.794,25.885,1.721,24.6,19.14,6920.75,80.04,631.53,5.546,65.39,22.903,25.934,1.729,24.634,19.207,MECHANICAL_FAILURE,1.0,1.0,1.0,1.0,1.0,0.0,0.0,0.0,0.0
55.7,TAKEOFF,94.28,66.28,1392.5,27.21,96.352,1.1175,6912.36,80.04,631.56,5.58,65.64,22.798,25.886,1.722,24.6,19.143,6909.1,80.51,633.47,5.56,65.9,22.769,25.851,1.679,24.661,19.083,MECHANICAL_FAILURE,1.0,1.0,1.0,1.0,1.0,0.0,0.0,0.0,0.0
55.8,TAKEOFF,94.3,66.3,1395.0,27.21,96.344,1.1174,6913.08,80.04,631.6,5.581,65.63,22.801,25.886,1.722,24.6,19.145,6913.12,80.98,632.19,5.599,65.86,22.796,25.812,1.745,24.657,19.012,MECHANICAL_FAILURE,1.0,1.0,1.0,1.0,1.0,0.0,0.0,0.0,0.0
55.9,TAKEOFF,94.32,66.31,1397.5,27.2,96.335,1.1174,6913.81,80.04,631.64,5.581,65.63,22.805,25.886,1.722,24.6,19.148,6910.61,79.76,631.06,5.556,65.5,22.747,25.869,1.7,24.667,19.145,MECHANICAL_FAILURE,1.0,1.0,1.0,1.0,1.0,0.0,0.0,0.0,0.0
56.0,TAKEOFF,94.33,66.32,1400.0,27.2,96.326,1.1173,6914.53,80.04,631.68,5.582,65.62,22.809,25.887,1.722,24.6,19.15,6913.67,79.65,630.17,5.541,65.07,22.786,25.894,1.735,24.599,19.228,MECHANICAL_FAILURE,1.0,1.0,1.0,1.0,1.0,0.0,0.0,0.0,0.0
56.1,TAKEOFF,94.35,66.33,1402.5,27.19,96.318,1.1172,6915.26,80.04,631.73,5.582,65.61,22.812,25.887,1.722,24.6,19.153,6922.08,80.64,631.35,5.557,65.73,22.785,25.895,1.786,24.626,19.14,MECHANICAL_FAILURE,1.0,1.0,1.0,1.0,1.0,0.0,0.0,0.0,0.0
56.2,TAKEOFF,94.37,66.34,1405.0,27.19,96.309,1.1171,6915.98,80.04,631.77,5.582,65.61,22.816,25.887,1.722,24.6,19.155,6908.45,80.64,632.48,5.589,65.75,22.814,25.892,1.714,24.581,19.112,MECHANICAL_FAILURE,1.0,1.0,1.0,1.0,1.0,0.0,0.0,0.0,0.0
56.3,TAKEOFF,94.38,66.35,1407.5,27.18,96.3,1.117,6916.7,80.04,631.81,5.583,65.6,22.819,25.888,1.722,24.6,19.158,6919.52,80.22,630.82,5.586,65.69,22.78,25.876,1.731,24.532,19.149,MECHANICAL_FAILURE,1.0,1.0,1.0,1.0,1.0,0.0,0.0,0.0,0.0
56.4,TAKEOFF,94.4,66.36,1410.0,27.18,96.291,1.1169,6917.43,80.04,631.85,5.583,65.59,22.823,25.888,1.723,24.6,19.16,6912.01,80.65,628.77,5.541,65.65,22.668,25.922,1.751,24.651,19.15,MECHANICAL_FAILURE,1.0,1.0,1.0,1.0,1.0,0.0,0.0,0.0,0.0
56.5,TAKEOFF,94.42,66.37,1412.5,27.17,96.283,1.1169,6918.15,80.04,631.9,5.584,65.59,22.826,25.888,1.723,24.6,19.163,6914.55,80.16,631.03,5.576,65.89,22.837,25.857,1.704,24.66,19.24,MECHANICAL_FAILURE,1.0,1.0,1.0,1.0,1.0,0.0,0.0,0.0,0.0
56.6,TAKEOFF,94.43,66.38,1415.0,27.17,96.274,1.1168,6918.87,80.04,631.94,5.584,65.58,22.83,25.889,1.723,24.6,19.165,6919.16,80.35,630.91,5.578,65.55,22.886,25.911,1.688,24.603,19.295,MECHANICAL_FAILURE,1.0,1.0,1.0,1.0,1.0,0.0,0.0,0.0,0.0
56.7,TAKEOFF,94.45,66.39,1417.5,27.16,96.265,1.1167,6919.6,80.04,631.98,5.585,65.57,22.834,25.889,1.723,24.6,19.168,6912.45,80.58,630.61,5.569,65.35,22.853,25.858,1.734,24.637,19.125,MECHANICAL_FAILURE,1.0,1.0,1.0,1.0,1.0,0.0,0.0,0.0,0.0
56.8,TAKEOFF,94.47,66.4,1420.0,27.16,96.257,1.1166,6920.32,80.04,632.02,5.585,65.57,22.837,25.889,1.723,24.6,19.17,6920.21,79.57,630.85,5.574,65.11,22.749,25.961,1.674,24.621,19.259,MECHANICAL_FAILURE,1.0,1.0,1.0,1.0,1.0,0.0,0.0,0.0,0.0
56.9,TAKEOFF,94.48,66.41,1422.5,27.15,96.248,1.1165,6921.05,80.04,632.07,5.585,65.56,22.841,25.89,1.723,24.6,19.173,6929.81,81.28,630.8,5.575,65.5,22.892,25.907,1.74,24.655,19.189,MECHANICAL_FAILURE,1.0,1.0,1.0,1.0,1.0,0.0,0.0,0.0,0.0
57.0,TAKEOFF,94.5,66.43,1425.0,27.15,96.239,1.1165,6921.77,80.04,632.11,5.586,65.55,22.844,25.89,1.724,24.6,19.175,6918.69,80.33,633.49,5.567,65.42,22.787,25.914,1.772,24.619,19.12,MECHANICAL_FAILURE,1.0,1.0,1.0,1.0,1.0,0.0,0.0,0.0,0.0
57.1,TAKEOFF,94.52,66.44,1427.5,27.14,96.231,1.1164,6922.49,80.05,632.15,5.586,65.55,22.848,25.89,1.724,24.6,19.178,6926.97,79.53,630.52,5.544,65.25,22.951,25.921,1.729,24.568,19.008,MECHANICAL_FAILURE,1.0,1.0,1.0,1.0,1.0,0.0,0.0,0.0,0.0
57.2,TAKEOFF,94.53,66.45,1430.0,27.14,96.222,1.1163,6923.22,80.05,632.19,5.587,65.54,22.851,25.891,1.724,24.6,19.18,6911.5,79.23,632.65,5.565,65.39,22.764,25.857,1.685,24.57,19.236,MECHANICAL_FAILURE,1.0,1.0,1.0,1.0,1.0,0.0,0.0,0.0,0.0
57.3,TAKEOFF,94.55,66.46,1432.5,27.13,96.213,1.1162,6923.94,80.05,632.24,5.587,65.53,22.855,25.891,1.724,24.6,19.183,6928.31,80.23,629.58,5.554,65.02,22.762,25.878,1.733,24.585,19.249,MECHANICAL_FAILURE,1.0,1.0,1.0,1.0,1.0,0.0,0.0,0.0,0.0
57.4,TAKEOFF,94.57,66.47,1435.0,27.13,96.205,1.1161,6924.67,80.05,632.28,5.588,65.53,22.858,25.891,1.724,24.6,19.185,6919.86,79.96,632.33,5.585,65.61,22.904,25.901,1.766,24.544,19.212,MECHANICAL_FAILURE,1.0,1.0,1.0,1.0,1.0,0.0,0.0,0.0,0.0
57.5,TAKEOFF,94.58,66.48,1437.5,27.12,96.196,1.116,6925.39,80.05,632.32,5.588,65.52,22.862,25.892,1.724,24.6,19.188,6919.05,79.56,632.54,5.633,65.48,22.973,25.984,1.659,24.5,19.166,MECHANICAL_FAILURE,1.0,1.0,1.0,1.0,1.0,0.0,0.0,0.0,0.0
57.6,TAKEOFF,94.6,66.49,1440.0,27.12,96.187,1.116,6926.11,80.05,632.36,5.588,65.51,22.866,25.892,1.725,24.6,19.19,6933.42,80.21,631.68,5.597,65.35,22.937,25.897,1.688,24.639,19.331,MECHANICAL_FAILURE,1.0,1.0,1.0,1.0,1.0,0.0,0.0,0.0,0.0
57.7,TAKEOFF,94.62,66.5,1442.5,27.11,96.178,1.1159,6926.84,80.05,632.4,5.589,65.51,22.869,25.892,1.725,24.6,19.193,6929.89,80.96,633.88,5.624,65.27,22.846,26.008,1.802,24.624,19.239,MECHANICAL_FAILURE,1.0,1.0,1.0,1.0,1.0,0.0,0.0,0.0,0.0
57.8,TAKEOFF,94.63,66.51,1445.0,27.11,96.17,1.1158,6927.56,80.05,632.45,5.589,65.5,22.873,25.893,1.725,24.6,19.195,6920.12,80.83,632.49,5.591,65.77,22.878,25.857,1.771,24.641,18.9,MECHANICAL_FAILURE,1.0,1.0,1.0,1.0,1.0,0.0,0.0,0.0,0.0
57.9,TAKEOFF,94.65,66.52,1447.5,27.1,96.161,1.1157,6928.28,80.05,632.49,5.59,65.49,22.876,25.893,1.725,24.6,19.198,6918.89,79.64,631.78,5.573,65.72,22.79,25.953,1.747,24.544,19.181,MECHANICAL_FAILURE,1.0,1.0,1.0,1.0,1.0,0.0,0.0,0.0,0.0
58.0,TAKEOFF,94.67,66.53,1450.0,27.1,96.152,1.1156,6929.01,80.05,632.53,5.59,65.49,22.88,25.893,1.725,24.6,19.2,6933.13,80.14,629.13,5.589,65.42,22.857,25.86,1.649,24.598,19.118,MECHANICAL_FAILURE,1.0,1.0,1.0,1.0,1.0,0.0,0.0,0.0,0.0
58.1,TAKEOFF,94.68,66.54,1452.5,27.09,96.144,1.1155,6929.73,80.05,632.57,5.591,65.48,22.883,25.894,1.725,24.6,19.203,6922.93,80.08,634.56,5.56,65.38,22.956,25.946,1.796,24.664,19.167,MECHANICAL_FAILURE,1.0,1.0,1.0,1.0,1.0,0.0,0.0,0.0,0.0
58.2,TAKEOFF,94.7,66.56,1455.0,27.09,96.135,1.1155,6930.46,80.05,632.61,5.591,65.47,22.887,25.894,1.725,24.6,19.205,6926.81,80.03,635.0,5.579,64.74,23.01,25.893,1.662,24.625,19.049,MECHANICAL_FAILURE,1.0,1.0,1.0,1.0,1.0,0.0,0.0,0.0,0.0
58.3,TAKEOFF,94.72,66.57,1457.5,27.08,96.126,1.1154,6931.18,80.05,632.66,5.592,65.47,22.891,25.894,1.726,24.6,19.208,6937.11,80.48,631.68,5.63,66.01,22.914,25.874,1.731,24.595,19.224,MECHANICAL_FAILURE,1.0,1.0,1.0,1.0,1.0,0.0,0.0,0.0,0.0
58.4,TAKEOFF,94.73,66.58,1460.0,27.08,96.118,1.1153,6931.9,80.05,632.7,5.592,65.46,22.894,25.895,1.726,24.6,19.21,6937.81,79.79,632.56,5.584,65.74,22.891,25.873,1.681,24.578,19.144,MECHANICAL_FAILURE,1.0,1.0,1.0,1.0,1.0,0.0,0.0,0.0,0.0
58.5,TAKEOFF,94.75,66.59,1462.5,27.07,96.109,1.1152,6932.63,80.05,632.74,5.592,65.45,22.898,25.895,1.726,24.6,19.213,6934.27,80.52,633.42,5.629,64.92,22.866,25.862,1.786,24.615,19.245,MECHANICAL_FAILURE,1.0,1.0,1.0,1.0,1.0,0.0,0.0,0.0,0.0
58.6,TAKEOFF,94.77,66.6,1465.0,27.07,96.1,1.1151,6933.35,80.05,632.78,5.593,65.45,22.901,25.895,1.726,24.6,19.215,6935.14,79.51,633.3,5.563,64.89,22.928,25.89,1.769,24.564,19.056,MECHANICAL_FAILURE,1.0,1.0,1.0,1.0,1.0,0.0,0.0,0.0,0.0
58.7,TAKEOFF,94.78,66.61,1467.5,27.06,96.092,1.1151,6934.07,80.05,632.82,5.593,65.44,22.905,25.896,1.726,24.6,19.218,6926.65,79.59,632.41,5.591,65.23,22.973,25.88,1.761,24.569,19.395,MECHANICAL_FAILURE,1.0,1.0,1.0,1.0,1.0,0.0,0.0,0.0,0.0
58.8,TAKEOFF,94.8,66.62,1470.0,27.06,96.083,1.115,6934.8,80.05,632.87,5.594,65.43,22.908,25.896,1.726,24.6,19.22,6929.4,79.95,634.71,5.563,64.95,22.94,25.849,1.667,24.583,19.309,MECHANICAL_FAILURE,1.0,1.0,1.0,1.0,1.0,0.0,0.0,0.0,0.0
58.9,TAKEOFF,94.82,66.63,1472.5,27.05,96.074,1.1149,6935.52,80.05,632.91,5.594,65.43,22.912,25.896,1.727,24.6,19.223,6931.71,79.53,633.9,5.574,65.46,22.827,25.81,1.743,24.573,19.277,MECHANICAL_FAILURE,1.0,1.0,1.0,1.0,1.0,0.0,0.0,0.0,0.0
59.0,TAKEOFF,94.83,66.64,1475.0,27.05,96.066,1.1148,6936.24,80.05,632.95,5.595,65.42,22.916,25.897,1.727,24.6,19.225,6937.73,79.84,632.56,5.563,65.58,23.035,25.865,1.682,24.595,19.124,MECHANICAL_FAILURE,1.0,1.0,1.0,1.0,1.0,0.0,0.0,0.0,0.0
59.1,TAKEOFF,94.85,66.65,1477.5,27.04,96.057,1.1147,6936.97,80.05,632.99,5.595,65.41,22.919,25.897,1.727,24.6,19.228,6936.35,79.54,632.37,5.536,65.46,22.971,25.918,1.732,24.597,19.156,MECHANICAL_FAILURE,1.0,1.0,1.0,1.0,1.0,0.0,0.0,0.0,0.0
59.2,TAKEOFF,94.87,66.66,1480.0,27.04,96.048,1.1146,6937.69,80.05,633.03,5.595,65.41,22.923,25.897,1.727,24.6,19.23,6936.62,80.94,631.75,5.57,65.29,22.976,25.891,1.73,24.621,19.365,MECHANICAL_FAILURE,1.0,1.0,1.0,1.0,1.0,0.0,0.0,0.0,0.0
59.3,TAKEOFF,94.88,66.67,1482.5,27.03,96.04,1.1146,6938.41,80.05,633.08,5.596,65.4,22.926,25.898,1.727,24.6,19.233,6946.88,80.93,633.14,5.572,65.92,22.878,25.98,1.785,24.591,19.213,MECHANICAL_FAILURE,1.0,1.0,1.0,1.0,1.0,0.0,0.0,0.0,0.0
59.4,TAKEOFF,94.9,66.69,1485.0,27.03,96.031,1.1145,6939.14,80.05,633.12,5.596,65.39,22.93,25.898,1.727,24.6,19.235,6937.32,79.15,634.57,5.509,65.12,22.949,25.884,1.688,24.672,19.113,MECHANICAL_FAILURE,1.0,1.0,1.0,1.0,1.0,0.0,0.0,0.0,0.0
59.5,TAKEOFF,94.92,66.7,1487.5,27.02,96.022,1.1144,6939.86,80.05,633.16,5.597,65.39,22.933,25.898,1.728,24.6,19.238,6934.72,80.72,634.54,5.615,65.54,22.8,25.9,1.773,24.588,19.273,MECHANICAL_FAILURE,1.0,1.0,1.0,1.0,1.0,0.0,0.0,0.0,0.0
59.6,TAKEOFF,94.93,66.71,1490.0,27.02,96.013,1.1143,6940.58,80.05,633.2,5.597,65.38,22.937,25.899,1.728,24.6,19.24,6940.32,80.42,634.39,5.599,65.71,22.929,25.864,1.747,24.57,19.29,MECHANICAL_FAILURE,1.0,1.0,1.0,1.0,1.0,0.0,0.0,0.0,0.0
59.7,TAKEOFF,94.95,66.72,1492.5,27.01,96.005,1.1142,6941.31,80.05,633.24,5.598,65.37,22.941,25.899,1.728,24.6,19.243,6943.42,80.37,634.2,5.592,65.54,22.992,25.877,1.642,24.603,19.371,MECHANICAL_FAILURE,1.0,1.0,1.0,1.0,1.0,0.0,0.0,0.0,0.0
59.8,TAKEOFF,94.97,66.73,1495.0,27.01,95.996,1.1141,6942.03,80.05,633.29,5.598,65.37,22.944,25.899,1.728,24.6,19.245,6941.92,80.11,635.46,5.634,65.39,22.919,25.889,1.819,24.637,19.166,MECHANICAL_FAILURE,1.0,1.0,1.0,1.0,1.0,0.0,0.0,0.0,0.0
59.9,TAKEOFF,94.98,66.74,1497.5,27.0,95.987,1.1141,6942.76,80.05,633.33,5.598,65.36,22.948,25.9,1.728,24.6,19.248,6943.01,80.23,633.98,5.623,65.01,23.123,25.839,1.719,24.609,19.086,MECHANICAL_FAILURE,1.0,1.0,1.0,1.0,1.0,0.0,0.0,0.0,0.0
60.0,CLIMB,85.0,60.25,1500.0,27.0,95.979,1.114,6920.58,80.05,633.08,5.587,65.35,20.891,25.7,1.674,24.6,17.75,6914.14,80.12,632.36,5.578,64.92,20.844,25.709,1.684,24.537,17.803,MECHANICAL_FAILURE,1.0,1.0,1.0,1.0,1.0,0.0,0.0,0.0,0.0
60.1,CLIMB,84.99,60.24,1507.08,26.99,95.954,1.1138,6899.48,80.05,632.83,5.576,65.35,20.89,25.7,1.672,24.6,17.749,6900.62,79.77,632.73,5.606,65.33,20.904,25.747,1.704,24.56,17.688,MECHANICAL_FAILURE,1.0,1.0,1.0,1.0,1.0,0.0,0.0,0.0,0.0
60.2,CLIMB,84.98,60.24,1514.17,26.97,95.93,1.1135,6879.42,80.05,632.59,5.566,65.34,20.889,25.7,1.67,24.6,17.747,6877.07,80.74,633.95,5.557,65.28,20.652,25.734,1.659,24.68,17.873,MECHANICAL_FAILURE,1.0,1.0,1.0,1.0,1.0,0.0,0.0,0.0,0.0
60.3,CLIMB,84.97,60.23,1521.25,26.96,95.905,1.1133,6860.34,80.05,632.35,5.556,65.33,20.887,25.7,1.668,24.6,17.746,6871.52,81.1,631.5,5.574,65.48,20.84,25.733,1.693,24.599,17.781,MECHANICAL_FAILURE,1.0,1.0,1.0,1.0,1.0,0.0,0.0,0.0,0.0
60.4,CLIMB,84.97,60.23,1528.33,26.94,95.881,1.1131,6842.18,80.05,632.11,5.547,65.33,20.886,25.699,1.666,24.6,17.745,6845.14,80.57,632.16,5.581,65.36,20.964,25.664,1.721,24.608,17.807,MECHANICAL_FAILURE,1.0,1.0,1.0,1.0,1.0,0.0,0.0,0.0,0.0
60.5,CLIMB,84.96,60.22,1535.42,26.93,95.856,1.1128,6824.91,80.05,631.88,5.538,65.32,20.885,25.699,1.664,24.6,17.744,6821.39,79.41,631.29,5.537,65.38,21.019,25.706,1.667,24.552,17.734,MECHANICAL_FAILURE,1.0,1.0,1.0,1.0,1.0,0.0,0.0,0.0,0.0
60.6,CLIMB,84.95,60.22,1542.5,26.91,95.831,1.1126,6808.48,80.05,631.65,5.529,65.31,20.883,25.699,1.663,24.6,17.742,6812.26,80.32,632.36,5.58,65.39,20.86,25.731,1.707,24.667,18.008,MECHANICAL_FAILURE,1.0,1.0,1.0,1.0,1.0,0.0,0.0,0.0,0.0
60.7,CLIMB,84.94,60.21,1549.58,26.9,95.807,1.1124,6792.85,80.05,631.42,5.521,65.31,20.882,25.699,1.661,24.6,17.741,6796.83,80.48,631.06,5.505,65.32,20.85,25.727,1.694,24.611,17.786,MECHANICAL_FAILURE,1.0,1.0,1.0,1.0,1.0,0.0,0.0,0.0,0.0
60.8,CLIMB,84.93,60.21,1556.67,26.89,95.782,1.1121,6777.97,80.04,631.19,5.514,65.3,20.881,25.699,1.659,24.6,17.74,6773.53,79.46,631.72,5.496,65.8,21.003,25.702,1.684,24.637,17.722,MECHANICAL_FAILURE,1.0,1.0,1.0,1.0,1.0,0.0,0.0,0.0,0.0
60.9,CLIMB,84.92,60.2,1563.75,26.87,95.758,1.1119,6763.82,80.04,630.97,5.506,65.29,20.879,25.698,1.658,24.6,17.739,6760.82,80.9,630.7,5.53,65.17,20.814,25.686,1.693,24.609,17.816,MECHANICAL_FAILURE,1.0,1.0,1.0,1.0,1.0,0.0,0.0,0.0,0.0
61.0,CLIMB,84.92,60.2,1570.83,26.86,95.733,1.1117,6750.35,80.04,630.75,5.499,65.29,20.878,25.698,1.657,24.6,17.737,6751.03,81.0,631.04,5.456,65.27,20.837,25.684,1.612,24.628,17.749,MECHANICAL_FAILURE,1.0,1.0,1.0,1.0,1.0,0.0,0.0,0.0,0.0
61.1,CLIMB,84.91,60.19,1577.92,26.84,95.709,1.1114,6737.52,80.04,630.53,5.493,65.28,20.877,25.698,1.655,24.6,17.736,6741.37,79.54,632.87,5.523,65.73,20.905,25.616,1.678,24.6,17.854,MECHANICAL_FAILURE,1.0,1.0,1.0,1.0,1.0,0.0,0.0,0.0,0.0
61.2,CLIMB,84.9,60.18,1585.0,26.83,95.684,1.1112,6725.32,80.04,630.32,5.486,65.27,20.875,25.698,1.654,24.6,17.735,6728.36,80.36,628.76,5.481,65.44,20.827,25.558,1.641,24.639,17.849,MECHANICAL_FAILURE,1.0,1.0,1.0,1.0,1.0,0.0,0.0,0.0,0.0
61.3,CLIMB,84.89,60.18,1592.08,26.82,95.66,1.111,6713.7,80.04,630.1,5.48,65.27,20.874,25.698,1.653,24.6,17.734,6710.33,79.94,630.1,5.474,65.58,21.024,25.646,1.676,24.614,17.812,MECHANICAL_FAILURE,1.0,1.0,1.0,1.0,1.0,0.0,0.0,0.0,0.0
61.4,CLIMB,84.88,60.17,1599.17,26.8,95.635,1.1107,6702.63,80.04,629.89,5.475,65.26,20.873,25.698,1.652,24.6,17.732,6697.5,80.24,629.69,5.482,65.45,20.802,25.652,1.654,24.573,17.564,MECHANICAL_FAILURE,1.0,1.0,1.0,1.0,1.0,0.0,0.0,0.0,0.0
61.5,CLIMB,84.87,60.17,1606.25,26.79,95.611,1.1105,6692.1,80.04,629.69,5.469,65.25,20.871,25.697,1.651,24.6,17.731,6697.44,79.75,626.66,5.485,65.19,20.696,25.794,1.583,24.664,17.688,MECHANICAL_FAILURE,1.0,1.0,1.0,1.0,1.0,0.0,0.0,0.0,0.0
61.6,CLIMB,84.87,60.16,1613.33,26.77,95.587,1.1103,6682.07,80.04,629.48,5.464,65.25,20.87,25.697,1.65,24.6,17.73,6674.59,79.59,629.75,5.422,65.26,20.796,25.721,1.652,24.561,17.564,MECHANICAL_FAILURE,1.0,1.0,1.0,1.0,1.0,0.0,0.0,0.0,0.0
61.7,CLIMB,84.86,60.16,1620.42,26.76,95.562,1.11,6672.52,80.04,629.28,5.459,65.24,20.869,25.697,1.649,24.6,17.729,6667.82,79.93,632.68,5.442,65.17,20.726,25.691,1.678,24.638,17.551,MECHANICAL_FAILURE,1.0,1.0,1.0,1.0,1.0,0.0,0.0,0.0,0.0
61.8,CLIMB,84.85,60.15,1627.5,26.74,95.538,1.1098,6663.42,80.04,629.08,5.455,65.23,20.867,25.697,1.648,24.6,17.727,6668.92,81.0,627.86,5.444,65.62,20.978,25.74,1.706,24.567,17.726,MECHANICAL_FAILURE,1.0,1.0,1.0,1.0,1.0,0.0,0.0,0.0,0.0
61.9,CLIMB,84.84,60.15,1634.58,26.73,95.513,1.1096,6654.75,80.04,628.88,5.45,65.23,20.866,25.697,1.647,24.6,17.726,6645.02,80.44,627.46,5.44,65.11,21.107,25.624,1.604,24.471,17.836,MECHANICAL_FAILURE,1.0,1.0,1.0,1.0,1.0,0.0,0.0,0.0,0.0
62.0,CLIMB,84.83,60.14,1641.67,26.72,95.489,1.1093,6646.49,80.04,628.68,5.446,65.22,20.864,25.697,1.646,24.6,17.725,6647.7,80.3,630.0,5.5,65.52,20.905,25.682,1.662,24.593,17.731,MECHANICAL_FAILURE,1.0,1.0,1.0,1.0,1.0,0.0,0.0,0.0,0.0
62.1,CLIMB,84.82,60.14,1648.75,26.7,95.464,1.1091,6638.62,80.04,628.49,5.442,65.21,20.863,25.697,1.645,24.6,17.724,6640.51,80.05,627.69,5.418,65.4,20.829,25.744,1.591,24.623,17.712,MECHANICAL_FAILURE,1.0,1.0,1.0,1.0,1.0,0.0,0.0,0.0,0.0
62.2,CLIMB,84.82,60.13,1655.83,26.69,95.44,1.1089,6631.11,80.04,628.3,5.438,65.21,20.862,25.696,1.644,24.6,17.722,6626.75,80.39,631.72,5.427,65.52,20.711,25.736,1.568,24.617,17.762,MECHANICAL_FAILURE,1.0,1.0,1.0,1.0,1.0,0.0,0.0,0.0,0.0
62.3,CLIMB,84.81,60.13,1662.92,26.67,95.415,1.1086,6623.96,80.04,628.11,5.435,65.2,20.86,25.696,1.643,24.6,17.721,6617.48,79.81,629.88,5.386,65.59,20.782,25.683,1.696,24.579,17.793,MECHANICAL_FAILURE,1.0,1.0,1.0,1.0,1.0,0.0,0.0,0.0,0.0
62.4,CLIMB,84.8,60.12,1670.0,26.66,95.391,1.1084,6617.15,80.04,627.92,5.431,65.19,20.859,25.696,1.643,24.6,17.72,6616.77,80.34,627.16,5.456,65.25,20.951,25.792,1.646,24.645,17.809,MECHANICAL_FAILURE,1.0,1.0,1.0,1.0,1.0,0.0,0.0,0.0,0.0
62.5,CLIMB,84.79,60.11,1677.08,26.65,95.367,1.1082,6610.65,80.04,627.73,5.428,65.19,20.858,25.696,1.642,24.6,17.719,6610.58,80.34,624.73,5.421,65.5,20.943,25.546,1.657,24.562,17.71,MECHANICAL_FAILURE,1.0,1.0,1.0,1.0,1.0,0.0,0.0,0.0,0.0
62.6,CLIMB,84.78,60.11,1684.17,26.63,95.342,1.108,6604.45,80.04,627.55,5.425,65.18,20.856,25.696,1.641,24.6,17.717,6607.32,80.29,628.69,5.431,65.05,20.91,25.792,1.631,24.632,17.698,MECHANICAL_FAILURE,1.0,1.0,1.0,1.0,1.0,0.0,0.0,0.0,0.0
62.7,CLIMB,84.77,60.1,1691.25,26.62,95.318,1.1077,6598.53,80.04,627.37,5.422,65.17,20.855,25.695,1.641,24.6,17.716,6586.51,79.64,627.2,5.419,65.08,20.78,25.669,1.626,24.631,17.807,MECHANICAL_FAILURE,1.0,1.0,1.0,1.0,1.0,0.0,0.0,0.0,0.0
62.8,CLIMB,84.77,60.1,1698.33,26.6,95.293,1.1075,6592.89,80.04,627.19,5.419,65.17,20.854,25.695,1.64,24.6,17.715,6583.71,80.8,627.78,5.433,64.88,20.918,25.72,1.619,24.577,17.649,MECHANICAL_FAILURE,1.0,1.0,1.0,1.0,1.0,0.0,0.0,0.0,0.0
62.9,CLIMB,84.76,60.09,1705.42,26.59,95.269,1.1073,6587.51,80.04,627.01,5.416,65.16,20.852,25.695,1.639,24.6,17.714,6579.04,80.58,627.74,5.337,65.71,20.949,25.65,1.576,24.566,17.659,MECHANICAL_FAILURE,1.0,1.0,1.0,1.0,1.0,0.0,0.0,0.0,0.0
63.0,CLIMB,84.75,60.09,1712.5,26.57,95.245,1.107,6582.37,80.03,626.84,5.413,65.15,20.851,25.695,1.639,24.6,17.712,6581.48,79.67,625.27,5.425,65.44,20.754,25.738,1.646,24.584,17.675,MECHANICAL_FAILURE,1.0,1.0,1.0,1.0,1.0,0.0,0.0,0.0,0.0
63.1,CLIMB,84.74,60.08,1719.58,26.56,95.22,1.1068,6577.46,80.03,626.67,5.411,65.14,20.85,25.695,1.638,24.6,17.711,6579.02,79.81,625.68,5.405,64.78,20.777,25.699,1.616,24.582,17.762,MECHANICAL_FAILURE,1.0,1.0,1.0,1.0,1.0,0.0,0.0,0.0,0.0
63.2,CLIMB,84.73,60.08,1726.67,26.55,95.196,1.1066,6572.78,80.03,626.49,5.408,65.14,20.848,25.695,1.638,24.6,17.71,6575.05,79.67,622.6,5.45,65.18,20.954,25.716,1.628,24.562,17.742,MECHANICAL_FAILURE,1.0,1.0,1.0,1.0,1.0,0.0,0.0,0.0,0.0
63.3,CLIMB,84.72,60.07,1733.75,26.53,95.171,1.1063,6568.3,80.03,626.33,5.406,65.13,20.847,25.694,1.637,24.6,17.709,6562.16,79.52,627.07,5.437,65.03,20.995,25.636,1.598,24.526,17.746,MECHANICAL_FAILURE,1.0,1.0,1.0,1.0,1.0,0.0,0.0,0.0,0.0
63.4,CLIMB,84.72,60.07,1740.83,26.52,95.147,1.1061,6564.03,80.03,626.16,5.404,65.12,20.846,25.694,1.637,24.6,17.707,6561.71,80.37,626.24,5.416,64.67,20.763,25.692,1.571,24.483,17.765,MECHANICAL_FAILURE,1.0,1.0,1.0,1.0,1.0,0.0,0.0,0.0,0.0
63.5,CLIMB,84.71,60.06,1747.92,26.5,95.123,1.1059,6559.94,80.03,625.99,5.402,65.12,20.844,25.694,1.636,24.6,17.706,6557.57,79.29,626.73,5.396,64.99,20.876,25.617,1.568,24.646,17.849,MECHANICAL_FAILURE,1.0,1.0,1.0,1.0,1.0,0.0,0.0,0.0,0.0
63.6,CLIMB,84.7,60.05,1755.0,26.49,95.098,1.1056,6556.04,80.03,625.83,5.4,65.11,20.843,25.694,1.636,24.6,17.705,6549.3,80.01,624.01,5.406,64.16,20.722,25.648,1.646,24.628,17.787,MECHANICAL_FAILURE,1.0,1.0,1.0,1.0,1.0,0.0,0.0,0.0,0.0
63.7,CLIMB,84.69,60.05,1762.08,26.48,95.074,1.1054,6552.31,80.03,625.67,5.398,65.1,20.842,25.694,1.636,24.6,17.704,6550.74,80.13,624.43,5.456,65.1,20.935,25.698,1.619,24.531,17.819,MECHANICAL_FAILURE,1.0,1.0,1.0,1.0,1.0,0.0,0.0,0.0,0.0
63.8,CLIMB,84.68,60.04,1769.17,26.46,95.05,1.1052,6548.73,80.03,625.51,5.396,65.1,20.84,25.694,1.635,24.6,17.702,6547.17,80.7,624.78,5.415,65.03,20.801,25.637,1.62,24.652,17.567,MECHANICAL_FAILURE,1.0,1.0,1.0,1.0,1.0,0.0,0.0,0.0,0.0
63.9,CLIMB,84.67,60.04,1776.25,26.45,95.025,1.105,6545.32,80.03,625.35,5.395,65.09,20.839,25.694,1.635,24.6,17.701,6545.11,79.38,623.96,5.368,65.25,20.887,25.754,1.647,24.551,17.72,MECHANICAL_FAILURE,1.0,1.0,1.0,1.0,1.0,0.0,0.0,0.0,0.0
64.0,CLIMB,84.67,60.03,1783.33,26.43,95.001,1.1047,6542.05,80.03,625.2,5.393,65.08,20.838,25.693,1.634,24.6,17.7,6535.96,80.35,627.08,5.403,65.32,20.85,25.672,1.644,24.539,17.657,MECHANICAL_FAILURE,1.0,1.0,1.0,1.0,1.0,0.0,0.0,0.0,0.0
64.1,CLIMB,84.66,60.03,1790.42,26.42,94.977,1.1045,6538.92,80.03,625.04,5.391,65.07,20.836,25.693,1.634,24.6,17.699,6541.87,79.76,625.03,5.382,65.24,20.779,25.65,1.664,24.598,17.626,MECHANICAL_FAILURE,1.0,1.0,1.0,1.0,1.0,0.0,0.0,0.0,0.0
64.2,CLIMB,84.65,60.02,1797.5,26.4,94.952,1.1043,6535.92,80.03,624.89,5.39,65.07,20.835,25.693,1.634,24.6,17.697,6529.58,79.79,625.38,5.379,65.87,20.901,25.757,1.719,24.573,17.63,MECHANICAL_FAILURE,1.0,1.0,1.0,1.0,1.0,0.0,0.0,0.0,0.0
64.3,CLIMB,84.64,60.02,1804.58,26.39,94.928,1.104,6533.05,80.03,624.74,5.389,65.06,20.834,25.693,1.633,24.6,17.696,6535.47,79.72,624.69,5.393,65.27,20.829,25.681,1.63,24.636,17.602,MECHANICAL_FAILURE,1.0,1.0,1.0,1.0,1.0,0.0,0.0,0.0,0.0
64.4,CLIMB,84.63,60.01,1811.67,26.38,94.904,1.1038,6530.29,80.03,624.59,5.387,65.05,20.832,25.693,1.633,24.6,17.695,6532.39,79.65,622.24,5.377,64.92,20.872,25.742,1.605,24.603,17.672,MECHANICAL_FAILURE,1.0,1.0,1.0,1.0,1.0,0.0,0.0,0.0,0.0
64.5,CLIMB,84.62,60.01,1818.75,26.36,94.88,1.1036,6527.66,80.03,624.44,5.386,65.05,20.831,25.692,1.633,24.6,17.694,6533.33,79.42,623.7,5.345,65.43,20.924,25.668,1.575,24.666,17.563,MECHANICAL_FAILURE,1.0,1.0,1.0,1.0,1.0,0.0,0.0,0.0,0.0
64.6,CLIMB,84.62,60.0,1825.83,26.35,94.855,1.1033,6525.12,80.03,624.3,5.385,65.04,20.83,25.692,1.633,24.6,17.692,6524.35,80.2,626.3,5.343,65.04,20.827,25.738,1.667,24.615,17.652,MECHANICAL_FAILURE,1.0,1.0,1.0,1.0,1.0,0.0,0.0,0.0,0.0
64.7,CLIMB,84.61,60.0,1832.92,26.33,94.831,1.1031,6522.7,80.03,624.15,5.383,65.03,20.828,25.692,1.632,24.6,17.691,6525.04,80.07,624.4,5.397,64.7,20.93,25.717,1.622,24.635,17.639,MECHANICAL_FAILURE,1.0,1.0,1.0,1.0,1.0,0.0,0.0,0.0,0.0
64.8,CLIMB,84.6,59.99,1840.0,26.32,94.807,1.1029,6520.36,80.03,624.01,5.382,65.02,20.827,25.692,1.632,24.6,17.69,6529.14,80.27,622.5,5.358,64.9,20.615,25.796,1.662,24.595,17.594,MECHANICAL_FAILURE,1.0,1.0,1.0,1.0,1.0,0.0,0.0,0.0,0.0
64.9,CLIMB,84.59,59.98,1847.08,26.31,94.782,1.1027,6518.13,80.03,623.87,5.381,65.02,20.826,25.692,1.632,24.6,17.689,6512.73,79.43,626.38,5.384,65.27,20.905,25.628,1.676,24.625,17.589,MECHANICAL_FAILURE,1.0,1.0,1.0,1.0,1.0,0.0,0.0,0.0,0.0
65.0,CLIMB,84.58,59.98,1854.17,26.29,94.758,1.1024,6515.97,80.03,623.73,5.38,65.01,20.824,25.692,1.631,24.6,17.687,6509.37,80.42,622.99,5.432,65.18,20.903,25.646,1.662,24.687,17.579,MECHANICAL_FAILURE,1.0,1.0,1.0,1.0,1.0,0.0,0.0,0.0,0.0
65.1,CLIMB,84.57,59.97,1861.25,26.28,94.734,1.1022,6513.91,80.03,623.59,5.379,65.0,20.823,25.691,1.631,24.6,17.686,6515.78,80.85,624.88,5.401,64.71,20.765,25.702,1.629,24.568,17.611,MECHANICAL_FAILURE,1.0,1.0,1.0,1.0,1.0,0.0,0.0,0.0,0.0
65.2,CLIMB,84.57,59.97,1868.33,26.26,94.71,1.102,6511.92,80.03,623.46,5.378,65.0,20.822,25.691,1.631,24.6,17.685,6506.57,79.96,626.49,5.369,64.73,20.664,25.725,1.661,24.619,17.603,MECHANICAL_FAILURE,1.0,1.0,1.0,1.0,1.0,0.0,0.0,0.0,0.0
65.3,CLIMB,84.56,59.96,1875.42,26.25,94.685,1.1017,6510.01,80.03,623.32,5.377,64.99,20.82,25.691,1.631,24.6,17.684,6512.85,80.78,622.78,5.448,64.82,20.726,25.702,1.631,24.649,17.755,MECHANICAL_FAILURE,1.0,1.0,1.0,1.0,1.0,0.0,0.0,0.0,0.0
65.4,CLIMB,84.55,59.96,1882.5,26.23,94.661,1.1015,6508.17,80.03,623.19,5.376,64.98,20.819,25.691,1.63,24.6,17.682,6503.38,80.83,623.21,5.426,64.84,20.761,25.679,1.578,24.601,17.619,MECHANICAL_FAILURE,1.0,1.0,1.0,1.0,1.0,0.0,0.0,0.0,0.0
65.5,CLIMB,84.54,59.95,1889.58,26.22,94.637,1.1013,6506.39,80.02,623.06,5.375,64.97,20.818,25.691,1.63,24.6,17.681,6507.12,80.48,621.62,5.392,65.18,20.66,25.667,1.61,24.559,17.679,MECHANICAL_FAILURE,1.0,1.0,1.0,1.0,1.0,0.0,0.0,0.0,0.0
65.6,CLIMB,84.53,59.95,1896.67,26.21,94.613,1.101,6504.68,80.02,622.93,5.375,64.97,20.816,25.691,1.63,24.6,17.68,6502.28,80.83,622.68,5.36,64.96,20.846,25.71,1.555,24.637,17.67,MECHANICAL_FAILURE,1.0,1.0,1.0,1.0,1.0,0.0,0.0,0.0,0.0
65.7,CLIMB,84.52,59.94,1903.75,26.19,94.589,1.1008,6503.04,80.02,622.8,5.374,64.96,20.815,25.691,1.63,24.6,17.679,6495.21,80.03,621.88,5.304,65.75,20.812,25.731,1.619,24.601,17.72,MECHANICAL_FAILURE,1.0,1.0,1.0,1.0,1.0,0.0,0.0,0.0,0.0
65.8,CLIMB,84.52,59.94,1910.83,26.18,94.564,1.1006,6501.45,80.02,622.67,5.373,64.95,20.814,25.69,1.63,24.6,17.677,6498.61,79.7,621.57,5.366,64.77,20.773,25.657,1.601,24.641,17.507,MECHANICAL_FAILURE,1.0,1.0,1.0,1.0,1.0,0.0,0.0,0.0,0.0
65.9,CLIMB,84.51,59.93,1917.92,26.16,94.54,1.1004,6499.92,80.02,622.55,5.372,64.94,20.812,25.69,1.629,24.6,17.676,6500.32,80.33,619.88,5.422,65.01,20.805,25.707,1.63,24.613,17.852,MECHANICAL_FAILURE,1.0,1.0,1.0,1.0,1.0,0.0,0.0,0.0,0.0
66.0,CLIMB,84.5,59.92,1925.0,26.15,94.516,1.1001,6498.43,80.02,622.42,5.372,64.94,20.811,25.69,1.629,24.6,17.675,6496.34,80.36,622.27,5.413,64.47,20.783,25.737,1.707,24.645,17.896,MECHANICAL_FAILURE,1.0,1.0,1.0,1.0,1.0,0.0,0.0,0.0,0.0
66.1,CLIMB,84.49,59.92,1932.08,26.14,94.492,1.0999,6497.0,80.02,622.3,5.371,64.93,20.81,25.69,1.629,24.6,17.674,6503.4,80.82,618.1,5.352,64.58,20.691,25.738,1.655,24.579,17.867,MECHANICAL_FAILURE,1.0,1.0,1.0,1.0,1.0,0.0,0.0,0.0,0.0
66.2,CLIMB,84.48,59.91,1939.17,26.12,94.468,1.0997,6495.62,80.02,622.18,5.37,64.92,20.808,25.69,1.629,24.6,17.672,6493.88,80.39,620.29,5.383,64.86,20.738,25.673,1.587,24.544,17.689,MECHANICAL_FAILURE,1.0,1.0,1.0,1.0,1.0,0.0,0.0,0.0,0.0
66.3,CLIMB,84.47,59.91,1946.25,26.11,94.443,1.0994,6494.28,80.02,622.06,5.37,64.92,20.807,25.689,1.629,24.6,17.671,6489.74,80.12,619.84,5.386,64.93,20.972,25.689,1.646,24.682,17.561,MECHANICAL_FAILURE,1.0,1.0,1.0,1.0,1.0,0.0,0.0,0.0,0.0
66.4,CLIMB,84.47,59.9,1953.33,26.09,94.419,1.0992,6492.99,80.02,621.94,5.369,64.91,20.806,25.689,1.629,24.6,17.67,6491.46,79.44,622.99,5.4,64.6,21.01,25.718,1.671,24.51,17.706,MECHANICAL_FAILURE,1.0,1.0,1.0,1.0,1.0,0.0,0.0,0.0,0.0
66.5,CLIMB,84.46,59.9,1960.42,26.08,94.395,1.099,6491.73,80.02,621.82,5.368,64.9,20.804,25.689,1.628,24.6,17.669,6493.84,79.85,623.77,5.325,64.65,20.889,25.826,1.574,24.629,17.66,MECHANICAL_FAILURE,1.0,1.0,1.0,1.0,1.0,0.0,0.0,0.0,0.0
66.6,CLIMB,84.45,59.89,1967.5,26.06,94.371,1.0987,6490.52,80.02,621.7,5.368,64.89,20.803,25.689,1.628,24.6,17.667,6488.8,80.18,622.11,5.362,64.37,20.993,25.662,1.576,24.62,17.604,MECHANICAL_FAILURE,1.0,1.0,1.0,1.0,1.0,0.0,0.0,0.0,0.0
66.7,CLIMB,84.44,59.89,1974.58,26.05,94.347,1.0985,6489.34,80.02,621.59,5.367,64.89,20.801,25.689,1.628,24.6,17.666,6480.32,80.83,623.73,5.365,64.72,20.746,25.566,1.692,24.52,17.491,MECHANICAL_FAILURE,1.0,1.0,1.0,1.0,1.0,0.0,0.0,0.0,0.0
66.8,CLIMB,84.43,59.88,1981.67,26.04,94.323,1.0983,6488.19,80.02,621.47,5.367,64.88,20.8,25.689,1.628,24.6,17.665,6491.21,79.87,618.62,5.35,65.01,20.812,25.841,1.613,24.635,17.641,MECHANICAL_FAILURE,1.0,1.0,1.0,1.0,1.0,0.0,0.0,0.0,0.0
66.9,CLIMB,84.42,59.88,1988.75,26.02,94.298,1.0981,6487.08,80.02,621.36,5.366,64.87,20.799,25.688,1.628,24.6,17.664,6481.29,79.16,621.28,5.357,64.5,20.832,25.603,1.572,24.644,17.625,MECHANICAL_FAILURE,1.0,1.0,1.0,1.0,1.0,0.0,0.0,0.0,0.0
67.0,CLIMB,84.42,59.87,1995.83,26.01,94.274,1.0978,6486.0,80.02,621.25,5.366,64.86,20.797,25.688,1.628,24.6,17.662,6482.25,80.05,620.2,5.374,64.43,20.958,25.545,1.622,24.452,17.765,MECHANICAL_FAILURE,1.0,1.0,1.0,1.0,1.0,0.0,0.0,0.0,0.0
67.1,CLIMB,84.41,59.87,2002.92,25.99,94.25,1.0976,6484.95,80.02,621.14,5.365,64.86,20.796,25.688,1.627,24.6,17.661,6488.36,79.54,621.74,5.379,64.51,20.802,25.628,1.684,24.505,17.838,MECHANICAL_FAILURE,1.0,1.0,1.0,1.0,1.0,0.0,0.0,0.0,0.0
67.2,CLIMB,84.4,59.86,2010.0,25.98,94.226,1.0974,6483.93,80.02,621.03,5.365,64.85,20.795,25.688,1.627,24.6,17.66,6487.76,79.73,620.98,5.373,64.71,20.958,25.709,1.599,24.698,17.526,MECHANICAL_FAILURE,1.0,1.0,1.0,1.0,1.0,0.0,0.0,0.0,0.0
67.3,CLIMB,84.39,59.85,2017.08,25.97,94.202,1.0971,6482.94,80.02,620.92,5.364,64.84,20.793,25.688,1.627,24.6,17.659,6482.46,79.33,620.68,5.364,65.05,20.711,25.714,1.605,24.68,17.68,MECHANICAL_FAILURE,1.0,1.0,1.0,1.0,1.0,0.0,0.0,0.0,0.0
67.4,CLIMB,84.38,59.85,2024.17,25.95,94.178,1.0969,6481.97,80.02,620.82,5.364,64.83,20.792,25.688,1.627,24.6,17.657,6479.88,79.58,621.01,5.366,64.95,20.753,25.672,1.591,24.6,17.595,MECHANICAL_FAILURE,1.0,1.0,1.0,1.0,1.0,0.0,0.0,0.0,0.0
67.5,CLIMB,84.37,59.84,2031.25,25.94,94.154,1.0967,6481.03,80.02,620.71,5.363,64.83,20.791,25.688,1.627,24.6,17.656,6479.22,80.64,619.65,5.365,64.87,20.754,25.68,1.625,24.532,17.709,MECHANICAL_FAILURE,1.0,1.0,1.0,1.0,1.0,0.0,0.0,0.0,0.0
67.6,CLIMB,84.37,59.84,2038.33,25.92,94.13,1.0965,6480.11,80.02,620.61,5.363,64.82,20.789,25.687,1.627,24.6,17.655,6482.38,80.85,618.87,5.376,64.34,20.835,25.651,1.621,24.604,17.8,MECHANICAL_FAILURE,1.0,1.0,1.0,1.0,1.0,0.0,0.0,0.0,0.0
67.7,CLIMB,84.36,59.83,2045.42,25.91,94.106,1.0962,6479.21,80.02,620.5,5.363,64.81,20.788,25.687,1.627,24.6,17.654,6487.19,80.64,621.01,5.344,65.02,20.854,25.819,1.57,24.653,17.533,MECHANICAL_FAILURE,1.0,1.0,1.0,1.0,1.0,0.0,0.0,0.0,0.0
67.8,CLIMB,84.35,59.83,2052.5,25.89,94.081,1.096,6478.33,80.02,620.4,5.362,64.8,20.787,25.687,1.626,24.6,17.652,6482.68,80.18,618.54,5.406,65.19,20.92,25.68,1.692,24.618,17.84,MECHANICAL_FAILURE,1.0,1.0,1.0,1.0,1.0,0.0,0.0,0.0,0.0
67.9,CLIMB,84.34,59.82,2059.58,25.88,94.057,1.0958,6477.47,80.02,620.3,5.362,64.8,20.785,25.687,1.626,24.6,17.651,6475.66,79.84,620.59,5.379,64.8,20.749,25.631,1.715,24.647,17.723,MECHANICAL_FAILURE,1.0,1.0,1.0,1.0,1.0,0.0,0.0,0.0,0.0
68.0,CLIMB,84.33,59.82,2066.67,25.87,94.033,1.0955,6476.63,80.02,620.2,5.361,64.79,20.784,25.687,1.626,24.6,17.65,6475.68,80.44,619.74,5.382,64.85,20.88,25.661,1.636,24.591,17.623,MECHANICAL_FAILURE,1.0,1.0,1.0,1.0,1.0,0.0,0.0,0.0,0.0
68.1,CLIMB,84.32,59.81,2073.75,25.85,94.009,1.0953,6475.81,80.01,620.1,5.361,64.78,20.783,25.686,1.626,24.6,17.649,6474.57,80.84,617.05,5.393,65.05,20.761,25.685,1.639,24.611,17.559,MECHANICAL_FAILURE,1.0,1.0,1.0,1.0,1.0,0.0,0.0,0.0,0.0
68.2,CLIMB,84.32,59.81,2080.83,25.84,93.985,1.0951,6475.01,80.01,620.0,5.361,64.77,20.781,25.686,1.626,24.6,17.647,6482.03,79.95,619.45,5.386,65.06,20.691,25.633,1.613,24.579,17.605,MECHANICAL_FAILURE,1.0,1.0,1.0,1.0,1.0,0.0,0.0,0.0,0.0
68.3,CLIMB,84.31,59.8,2087.92,25.82,93.961,1.0949,6474.22,80.01,619.91,5.36,64.77,20.78,25.686,1.626,24.6,17.646,6471.82,80.66,620.14,5.393,64.4,20.913,25.685,1.714,24.547,17.664,MECHANICAL_FAILURE,1.0,1.0,1.0,1.0,1.0,0.0,0.0,0.0,0.0
68.4,CLIMB,84.3,59.79,2095.0,25.81,93.937,1.0946,6473.45,80.01,619.81,5.36,64.76,20.779,25.686,1.626,24.6,17.645,6470.81,80.4,620.62,5.312,64.91,20.927,25.701,1.636,24.562,17.673,MECHANICAL_FAILURE,1.0,1.0,1.0,1.0,1.0,0.0,0.0,0.0,0.0
68.5,CLIMB,84.29,59.79,2102.08,25.8,93.913,1.0944,6472.69,80.01,619.71,5.36,64.75,20.777,25.686,1.626,24.6,17.644,6481.37,79.52,623.05,5.4,64.4,20.813,25.78,1.625,24.585,17.581,MECHANICAL_FAILURE,1.0,1.0,1.0,1.0,1.0,0.0,0.0,0.0,0.0
68.6,CLIMB,84.28,59.78,2109.17,25.78,93.889,1.0942,6471.95,80.01,619.62,5.359,64.74,20.776,25.686,1.625,24.6,17.642,6471.6,80.29,620.53,5.337,64.51,20.905,25.668,1.533,24.608,17.667,MECHANICAL_FAILURE,1.0,1.0,1.0,1.0,1.0,0.0,0.0,0.0,0.0
68.7,CLIMB,84.27,59.78,2116.25,25.77,93.865,1.0939,6471.22,80.01,619.53,5.359,64.74,20.775,25.685,1.625,24.6,17.641,6468.04,80.03,620.07,5.426,64.85,20.604,25.708,1.565,24.625,17.536,MECHANICAL_FAILURE,1.0,1.0,1.0,1.0,1.0,0.0,0.0,0.0,0.0
68.8,CLIMB,84.27,59.77,2123.33,25.75,93.841,1.0937,6470.5,80.01,619.44,5.359,64.73,20.773,25.685,1.625,24.6,17.64,6469.22,78.76,617.58,5.331,64.84,20.88,25.72,1.598,24.586,17.744,MECHANICAL_FAILURE,1.0,1.0,1.0,1.0,1.0,0.0,0.0,0.0,0.0
68.9,CLIMB,84.26,59.77,2130.42,25.74,93.817,1.0935,6469.79,80.01,619.34,5.358,64.72,20.772,25.685,1.625,24.6,17.639,6466.63,79.99,620.41,5.335,64.62,20.821,25.695,1.758,24.615,17.465,MECHANICAL_FAILURE,1.0,1.0,1.0,1.0,1.0,0.0,0.0,0.0,0.0
69.0,CLIMB,84.25,59.76,2137.5,25.72,93.793,1.0933,6469.1,80.01,619.25,5.358,64.71,20.771,25.685,1.625,24.6,17.637,6471.2,80.34,618.15,5.393,64.81,20.666,25.698,1.686,24.564,17.813,MECHANICAL_FAILURE,1.0,1.0,1.0,1.0,1.0,0.0,0.0,0.0,0.0
69.1,CLIMB,84.24,59.76,2144.58,25.71,93.769,1.093,6468.41,80.01,619.17,5.358,64.7,20.769,25.685,1.625,24.6,17.636,6466.49,79.4,621.63,5.282,65.24,20.869,25.663,1.698,24.617,17.671,MECHANICAL_FAILURE,1.0,1.0,1.0,1.0,1.0,0.0,0.0,0.0,0.0
69.2,CLIMB,84.23,59.75,2151.67,25.7,93.745,1.0928,6467.74,80.01,619.08,5.358,64.7,20.768,25.685,1.625,24.6,17.635,6470.2,80.19,621.92,5.355,64.54,20.756,25.737,1.627,24.555,17.559,MECHANICAL_FAILURE,1.0,1.0,1.0,1.0,1.0,0.0,0.0,0.0,0.0
69.3,CLIMB,84.22,59.75,2158.75,25.68,93.721,1.0926,6467.08,80.01,618.99,5.357,64.69,20.767,25.684,1.625,24.6,17.634,6471.88,80.34,619.47,5.349,64.83,20.878,25.624,1.646,24.646,17.71,MECHANICAL_FAILURE,1.0,1.0,1.0,1.0,1.0,0.0,0.0,0.0,0.0
69.4,CLIMB,84.22,59.74,2165.83,25.67,93.697,1.0923,6466.42,80.01,618.9,5.357,64.68,20.765,25.684,1.625,24.6,17.632,6469.78,80.99,617.8,5.374,64.92,20.858,25.703,1.694,24.555,17.554,MECHANICAL_FAILURE,1.0,1.0,1.0,1.0,1.0,0.0,0.0,0.0,0.0
69.5,CLIMB,84.21,59.74,2172.92,25.65,93.673,1.0921,6465.78,80.01,618.82,5.357,64.67,20.764,25.684,1.624,24.6,17.631,6476.02,79.52,621.42,5.369,64.66,20.779,25.65,1.534,24.679,17.489,MECHANICAL_FAILURE,1.0,1.0,1.0,1.0,1.0,0.0,0.0,0.0,0.0
69.6,CLIMB,84.2,59.73,2180.0,25.64,93.649,1.0919,6465.14,80.01,618.73,5.356,64.67,20.763,25.684,1.624,24.6,17.63,6462.86,79.07,619.49,5.391,64.6,20.728,25.736,1.669,24.602,17.555,MECHANICAL_FAILURE,1.0,1.0,1.0,1.0,1.0,0.0,0.0,0.0,0.0
69.7,CLIMB,84.19,59.72,2187.08,25.63,93.625,1.0917,6464.51,80.01,618.65,5.356,64.66,20.761,25.684,1.624,24.6,17.629,6464.76,79.69,619.46,5.31,64.96,20.634,25.637,1.599,24.63,17.561,MECHANICAL_FAILURE,1.0,1.0,1.0,1.0,1.0,0.0,0.0,0.0,0.0
69.8,CLIMB,84.18,59.72,2194.17,25.61,93.601,1.0914,6463.89,80.01,618.57,5.356,64.65,20.76,25.684,1.624,24.6,17.627,6454.92,80.06,618.26,5.354,64.25,20.707,25.644,1.677,24.657,17.686,MECHANICAL_FAILURE,1.0,1.0,1.0,1.0,1.0,0.0,0.0,0.0,0.0
69.9,CLIMB,84.17,59.71,2201.25,25.6,93.577,1.0912,6463.27,80.01,618.49,5.356,64.64,20.758,25.683,1.624,24.6,17.626,6463.94,80.63,618.26,5.386,64.56,20.794,25.783,1.629,24.698,17.552,MECHANICAL_FAILURE,1.0,1.0,1.0,1.0,1.0,0.0,0.0,0.0,0.0
70.0,CLIMB,84.17,59.71,2208.33,25.58,93.553,1.091,6462.66,80.01,618.41,5.355,64.64,20.757,25.683,1.624,24.6,17.625,6470.82,80.47,618.69,5.337,64.66,20.629,25.707,1.536,24.633,17.744,MECHANICAL_FAILURE,1.0,1.0,1.0,1.0,1.0,0.0,0.0,0.0,0.0
70.1,CLIMB,84.16,59.7,2215.42,25.57,93.529,1.0908,6462.06,80.01,618.33,5.355,64.63,20.756,25.683,1.624,24.6,17.624,6463.84,79.74,617.54,5.364,64.6,20.657,25.63,1.547,24.621,17.723,MECHANICAL_FAILURE,1.0,1.0,1.0,1.0,1.0,0.0,0.0,0.0,0.0
70.2,CLIMB,84.15,59.7,2222.5,25.55,93.505,1.0905,6461.46,80.01,618.25,5.355,64.62,20.754,25.683,1.624,24.6,17.622,6466.77,80.29,619.25,5.379,64.49,20.681,25.637,1.615,24.568,17.461,MECHANICAL_FAILURE,1.0,1.0,1.0,1.0,1.0,0.0,0.0,0.0,0.0
70.3,CLIMB,84.14,59.69,2229.58,25.54,93.481,1.0903,6460.87,80.01,618.17,5.355,64.61,20.753,25.683,1.624,24.6,17.621,6467.72,79.46,616.51,5.412,64.78,20.943,25.605,1.663,24.565,17.507,MECHANICAL_FAILURE,1.0,1.0,1.0,1.0,1.0,0.0,0.0,0.0,0.0
70.4,CLIMB,84.13,59.69,2236.67,25.53,93.457,1.0901,6460.29,80.01,618.09,5.354,64.6,20.752,25.683,1.624,24.6,17.62,6457.51,79.51,618.17,5.352,64.67,20.736,25.629,1.691,24.577,17.618,MECHANICAL_FAILURE,1.0,1.0,1.0,1.0,1.0,0.0,0.0,0.0,0.0
70.5,CLIMB,84.12,59.68,2243.75,25.51,93.434,1.0898,6459.71,80.01,618.01,5.354,64.6,20.75,25.683,1.623,24.6,17.619,6454.53,79.97,619.34,5.288,64.7,20.783,25.623,1.633,24.596,17.601,MECHANICAL_FAILURE,1.0,1.0,1.0,1.0,1.0,0.0,0.0,0.0,0.0
70.6,CLIMB,84.12,59.68,2250.83,25.5,93.41,1.0896,6459.14,80.0,617.94,5.354,64.59,20.749,25.682,1.623,24.6,17.617,6454.8,79.9,617.02,5.4,64.51,20.811,25.765,1.71,24.686,17.704,MECHANICAL_FAILURE,1.0,1.0,1.0,1.0,1.0,0.0,0.0,0.0,0.0
70.7,CLIMB,84.11,59.67,2257.92,25.48,93.386,1.0894,6458.57,80.0,617.86,5.354,64.58,20.748,25.682,1.623,24.6,17.616,6458.62,79.51,619.51,5.324,64.47,20.667,25.69,1.7,24.634,17.614,MECHANICAL_FAILURE,1.0,1.0,1.0,1.0,1.0,0.0,0.0,0.0,0.0
70.8,CLIMB,84.1,59.66,2265.0,25.47,93.362,1.0892,6458.0,80.0,617.79,5.354,64.57,20.746,25.682,1.623,24.6,17.615,6452.28,79.92,616.92,5.31,64.28,20.618,25.71,1.66,24.652,17.615,MECHANICAL_FAILURE,1.0,1.0,1.0,1.0,1.0,0.0,0.0,0.0,0.0
70.9,CLIMB,84.09,59.66,2272.08,25.46,93.338,1.0889,6457.44,80.0,617.71,5.353,64.56,20.745,25.682,1.623,24.6,17.614,6450.43,80.55,619.18,5.384,64.41,20.71,25.671,1.693,24.539,17.77,MECHANICAL_FAILURE,1.0,1.0,1.0,1.0,1.0,0.0,0.0,0.0,0.0
71.0,CLIMB,84.08,59.65,2279.17,25.44,93.314,1.0887,6456.88,80.0,617.64,5.353,64.56,20.744,25.682,1.623,24.6,17.612,6461.41,79.75,619.01,5.3,64.41,20.699,25.646,1.663,24.706,17.627,MECHANICAL_FAILURE,1.0,1.0,1.0,1.0,1.0,0.0,0.0,0.0,0.0
71.1,CLIMB,84.07,59.65,2286.25,25.43,93.29,1.0885,6456.33,80.0,617.57,5.353,64.55,20.742,25.681,1.623,24.6,17.611,6464.53,80.62,619.57,5.39,64.49,20.776,25.734,1.594,24.676,17.671,MECHANICAL_FAILURE,1.0,1.0,1.0,1.0,1.0,0.0,0.0,0.0,0.0
71.2,CLIMB,84.07,59.64,2293.33,25.41,93.266,1.0883,6455.78,80.0,617.49,5.353,64.54,20.741,25.681,1.623,24.6,17.61,6453.4,80.08,617.44,5.401,64.33,20.834,25.714,1.632,24.629,17.496,MECHANICAL_FAILURE,1.0,1.0,1.0,1.0,1.0,0.0,0.0,0.0,0.0
71.3,CLIMB,84.06,59.64,2300.42,25.4,93.242,1.088,6455.24,80.0,617.42,5.352,64.53,20.74,25.681,1.623,24.6,17.609,6451.86,80.01,618.7,5.357,64.78,20.808,25.685,1.68,24.529,17.721,MECHANICAL_FAILURE,1.0,1.0,1.0,1.0,1.0,0.0,0.0,0.0,0.0
71.4,CLIMB,84.05,59.63,2307.5,25.38,93.219,1.0878,6454.69,80.0,617.35,5.352,64.53,20.738,25.681,1.623,24.6,17.607,6451.74,80.59,618.63,5.305,64.47,20.733,25.641,1.603,24.664,17.71,MECHANICAL_FAILURE,1.0,1.0,1.0,1.0,1.0,0.0,0.0,0.0,0.0
71.5,CLIMB,84.04,59.63,2314.58,25.37,93.195,1.0876,6454.16,80.0,617.28,5.352,64.52,20.737,25.681,1.622,24.6,17.606,6451.78,79.41,616.38,5.35,64.66,20.778,25.814,1.654,24.701,17.519,MECHANICAL_FAILURE,1.0,1.0,1.0,1.0,1.0,0.0,0.0,0.0,0.0
71.6,CLIMB,84.03,59.62,2321.67,25.36,93.171,1.0873,6453.62,80.0,617.21,5.352,64.51,20.736,25.681,1.622,24.6,17.605,6450.5,80.12,617.61,5.367,64.31,20.677,25.644,1.541,24.631,17.529,MECHANICAL_FAILURE,1.0,1.0,1.0,1.0,1.0,0.0,0.0,0.0,0.0
71.7,CLIMB,84.02,59.62,2328.75,25.34,93.147,1.0871,6453.09,80.0,617.15,5.352,64.5,20.734,25.68,1.622,24.6,17.604,6454.26,80.91,615.37,5.369,64.01,20.861,25.686,1.639,24.57,17.784,MECHANICAL_FAILURE,1.0,1.0,1.0,1.0,1.0,0.0,0.0,0.0,0.0
71.8,CLIMB,84.02,59.61,2335.83,25.33,93.123,1.0869,6452.56,80.0,617.08,5.351,64.49,20.733,25.68,1.622,24.6,17.602,6453.17,79.78,616.01,5.35,64.5,20.735,25.772,1.694,24.629,17.504,MECHANICAL_FAILURE,1.0,1.0,1.0,1.0,1.0,0.0,0.0,0.0,0.0
71.9,CLIMB,84.01,59.61,2342.92,25.31,93.099,1.0867,6452.03,80.0,617.01,5.351,64.49,20.732,25.68,1.622,24.6,17.601,6445.13,80.12,617.56,5.329,64.32,20.695,25.725,1.643,24.621,17.56,MECHANICAL_FAILURE,1.0,1.0,1.0,1.0,1.0,0.0,0.0,0.0,0.0
72.0,CLIMB,84.0,59.6,2350.0,25.3,93.075,1.0864,6451.5,80.0,616.95,5.351,64.48,20.73,25.68,1.622,24.6,17.6,6452.99,80.23,617.09,5.325,64.39,20.603,25.764,1.701,24.615,17.851,MECHANICAL_FAILURE,1.0,1.0,1.0,1.0,1.0,0.0,0.0,0.0,0.0
72.1,CLIMB,83.99,59.59,2357.08,25.29,93.052,1.0862,6450.98,80.0,616.88,5.351,64.47,20.729,25.68,1.622,24.6,17.599,6451.48,79.96,614.51,5.364,64.1,20.816,25.729,1.645,24.628,17.601,MECHANICAL_FAILURE,1.0,1.0,1.0,1.0,1.0,0.0,0.0,0.0,0.0
72.2,CLIMB,83.98,59.59,2364.17,25.27,93.028,1.086,6450.46,80.0,616.81,5.351,64.46,20.728,25.68,1.622,24.6,17.597,6450.34,80.5,617.97,5.3,64.1,20.788,25.709,1.639,24.658,17.617,MECHANICAL_FAILURE,1.0,1.0,1.0,1.0,1.0,0.0,0.0,0.0,0.0
72.3,CLIMB,83.97,59.58,2371.25,25.26,93.004,1.0858,6449.94,80.0,616.75,5.35,64.45,20.726,25.68,1.622,24.6,17.596,6442.24,80.11,615.9,5.332,63.83,20.713,25.731,1.55,24.64,17.648,MECHANICAL_FAILURE,1.0,1.0,1.0,1.0,1.0,0.0,0.0,0.0,0.0
72.4,CLIMB,83.97,59.58,2378.33,25.24,92.98,1.0855,6449.42,80.0,616.69,5.35,64.45,20.725,25.679,1.622,24.6,17.595,6449.29,80.17,617.68,5.356,64.75,20.57,25.689,1.631,24.654,17.479,MECHANICAL_FAILURE,1.0,1.0,1.0,1.0,1.0,0.0,0.0,0.0,0.0
72.5,CLIMB,83.96,59.57,2385.42,25.23,92.956,1.0853,6448.91,80.0,616.62,5.35,64.44,20.723,25.679,1.621,24.6,17.594,6451.11,79.92,612.62,5.342,64.26,20.775,25.628,1.682,24.576,17.821,MECHANICAL_FAILURE,1.0,1.0,1.0,1.0,1.0,0.0,0.0,0.0,0.0
72.6,CLIMB,83.95,59.57,2392.5,25.21,92.933,1.0851,6448.4,80.0,616.56,5.35,64.43,20.722,25.679,1.621,24.6,17.593,6461.02,80.59,619.05,5.406,64.61,20.776,25.661,1.656,24.586,17.795,MECHANICAL_FAILURE,1.0,1.0,1.0,1.0,1.0,0.0,0.0,0.0,0.0
72.7,CLIMB,83.94,59.56,2399.58,25.2,92.909,1.0849,6447.88,80.0,616.5,5.35,64.42,20.721,25.679,1.621,24.6,17.591,6450.06,79.36,614.19,5.383,64.37,20.764,25.606,1.599,24.652,17.668,MECHANICAL_FAILURE,1.0,1.0,1.0,1.0,1.0,0.0,0.0,0.0,0.0
72.8,CLIMB,83.93,59.56,2406.67,25.19,92.885,1.0846,6447.37,80.0,616.44,5.349,64.41,20.719,25.679,1.621,24.6,17.59,6445.73,78.99,619.11,5.339,64.43,20.655,25.707,1.596,24.658,17.649,MECHANICAL_FAILURE,1.0,1.0,1.0,1.0,1.0,0.0,0.0,0.0,0.0
72.9,CLIMB,83.92,59.55,2413.75,25.17,92.861,1.0844,6446.87,80.0,616.38,5.349,64.41,20.718,25.678,1.621,24.6,17.589,6447.98,79.63,617.95,5.347,64.44,20.72,25.687,1.518,24.582,17.637,MECHANICAL_FAILURE,1.0,1.0,1.0,1.0,1.0,0.0,0.0,0.0,0.0
73.0,CLIMB,83.92,59.55,2420.83,25.16,92.838,1.0842,6446.36,80.0,616.32,5.349,64.4,20.717,25.678,1.621,24.6,17.587,6449.58,80.65,617.84,5.338,64.07,20.895,25.637,1.68,24.636,17.483,MECHANICAL_FAILURE,1.0,1.0,1.0,1.0,1.0,0.0,0.0,0.0,0.0
73.1,CLIMB,83.91,59.54,2427.92,25.14,92.814,1.084,6445.85,79.99,616.26,5.349,64.39,20.715,25.678,1.621,24.6,17.586,6442.56,79.64,618.61,5.37,64.38,20.625,25.732,1.68,24.64,17.519,MECHANICAL_FAILURE,1.0,1.0,1.0,1.0,1.0,0.0,0.0,0.0,0.0
73.2,CLIMB,83.9,59.53,2435.0,25.13,92.79,1.0837,6445.35,79.99,616.2,5.349,64.38,20.714,25.678,1.621,24.6,17.585,6444.5,79.06,616.56,5.37,64.23,20.873,25.703,1.61,24.606,17.507,MECHANICAL_FAILURE,1.0,1.0,1.0,1.0,1.0,0.0,0.0,0.0,0.0
73.3,CLIMB,83.89,59.53,2442.08,25.12,92.766,1.0835,6444.85,79.99,616.14,5.348,64.37,20.713,25.678,1.621,24.6,17.584,6441.0,79.15,618.29,5.411,64.42,20.694,25.644,1.572,24.538,17.494,MECHANICAL_FAILURE,1.0,1.0,1.0,1.0,1.0,0.0,0.0,0.0,0.0
73.4,CLIMB,83.88,59.52,2449.17,25.1,92.743,1.0833,6444.35,79.99,616.08,5.348,64.37,20.711,25.678,1.621,24.6,17.582,6447.7,80.22,617.62,5.364,64.63,20.692,25.706,1.597,24.56,17.442,MECHANICAL_FAILURE,1.0,1.0,1.0,1.0,1.0,0.0,0.0,0.0,0.0
73.5,CLIMB,83.87,59.52,2456.25,25.09,92.719,1.083,6443.85,79.99,616.02,5.348,64.36,20.71,25.677,1.621,24.6,17.581,6441.43,79.7,616.01,5.351,64.35,20.641,25.631,1.565,24.611,17.462,MECHANICAL_FAILURE,1.0,1.0,1.0,1.0,1.0,0.0,0.0,0.0,0.0
73.6,CLIMB,83.87,59.51,2463.33,25.07,92.695,1.0828,6443.35,79.99,615.97,5.348,64.35,20.709,25.677,1.62,24.6,17.58,6446.19,80.01,618.13,5.281,65.02,20.775,25.72,1.666,24.508,17.631,MECHANICAL_FAILURE,1.0,1.0,1.0,1.0,1.0,0.0,0.0,0.0,0.0
73.7,CLIMB,83.86,59.51,2470.42,25.06,92.671,1.0826,6442.85,79.99,615.91,5.348,64.34,20.707,25.677,1.62,24.6,17.579,6446.41,80.3,613.89,5.331,64.22,20.785,25.681,1.664,24.593,17.637,MECHANICAL_FAILURE,1.0,1.0,1.0,1.0,1.0,0.0,0.0,0.0,0.0
73.8,CLIMB,83.85,59.5,2477.5,25.04,92.648,1.0824,6442.35,79.99,615.85,5.347,64.33,20.706,25.677,1.62,24.6,17.578,6444.45,80.05,617.78,5.377,64.11,20.921,25.708,1.537,24.638,17.76,MECHANICAL_FAILURE,1.0,1.0,1.0,1.0,1.0,0.0,0.0,0.0,0.0
73.9,CLIMB,83.84,59.5,2484.58,25.03,92.624,1.0821,6441.86,79.99,615.8,5.347,64.32,20.705,25.677,1.62,24.6,17.576,6452.69,79.63,615.67,5.312,64.74,20.667,25.66,1.625,24.664,17.468,MECHANICAL_FAILURE,1.0,1.0,1.0,1.0,1.0,0.0,0.0,0.0,0.0
74.0,CLIMB,83.83,59.49,2491.67,25.02,92.6,1.0819,6441.36,79.99,615.74,5.347,64.32,20.703,25.677,1.62,24.6,17.575,6439.09,80.32,616.69,5.316,64.54,20.683,25.624,1.654,24.525,17.575,MECHANICAL_FAILURE,1.0,1.0,1.0,1.0,1.0,0.0,0.0,0.0,0.0
74.1,CLIMB,83.82,59.49,2498.75,25.0,92.576,1.0817,6440.87,79.99,615.69,5.347,64.31,20.702,25.677,1.62,24.6,17.574,6435.87,81.02,616.18,5.342,64.73,20.776,25.718,1.683,24.614,17.536,MECHANICAL_FAILURE,1.0,1.0,1.0,1.0,1.0,0.0,0.0,0.0,0.0
74.2,CLIMB,83.82,59.48,2505.83,24.99,92.553,1.0815,6440.37,79.99,615.64,5.347,64.3,20.701,25.676,1.62,24.6,17.572,6448.49,79.6,616.16,5.296,63.95,20.56,25.654,1.69,24.592,17.515,MECHANICAL_FAILURE,1.0,1.0,1.0,1.0,1.0,0.0,0.0,0.0,0.0
74.3,CLIMB,83.81,59.48,2512.92,24.97,92.529,1.0812,6439.88,79.99,615.58,5.346,64.29,20.699,25.676,1.62,24.6,17.571,6430.21,79.86,615.37,5.388,64.44,20.567,25.674,1.616,24.592,17.504,MECHANICAL_FAILURE,1.0,1.0,1.0,1.0,1.0,0.0,0.0,0.0,0.0
74.4,CLIMB,83.8,59.47,2520.0,24.96,92.505,1.081,6439.39,79.99,615.53,5.346,64.28,20.698,25.676,1.62,24.6,17.57,6446.3,80.18,616.44,5.31,64.06,20.649,25.651,1.555,24.587,17.512,MECHANICAL_FAILURE,1.0,1.0,1.0,1.0,1.0,0.0,0.0,0.0,0.0
74.5,CLIMB,83.79,59.46,2527.08,24.95,92.482,1.0808,6438.9,79.99,615.48,5.346,64.28,20.697,25.676,1.62,24.6,17.569,6447.53,80.59,616.59,5.376,64.33,20.842,25.677,1.651,24.59,17.536,MECHANICAL_FAILURE,1.0,1.0,1.0,1.0,1.0,0.0,0.0,0.0,0.0
74.6,CLIMB,83.78,59.46,2534.17,24.93,92.458,1.0806,6438.41,79.99,615.43,5.346,64.27,20.695,25.676,1.62,24.6,17.567,6437.0,80.91,615.52,5.268,64.28,20.665,25.704,1.593,24.475,17.505,MECHANICAL_FAILURE,1.0,1.0,1.0,1.0,1.0,0.0,0.0,0.0,0.0
74.7,CLIMB,83.77,59.45,2541.25,24.92,92.434,1.0803,6437.92,79.99,615.37,5.346,64.26,20.694,25.675,1.619,24.6,17.566,6438.62,80.22,616.13,5.354,63.74,20.668,25.764,1.641,24.532,17.685,MECHANICAL_FAILURE,1.0,1.0,1.0,1.0,1.0,0.0,0.0,0.0,0.0
74.8,CLIMB,83.77,59.45,2548.33,24.9,92.411,1.0801,6437.43,79.99,615.32,5.345,64.25,20.692,25.675,1.619,24.6,17.565,6438.91,80.47,614.46,5.335,64.02,20.697,25.671,1.494,24.584,17.483,MECHANICAL_FAILURE,1.0,1.0,1.0,1.0,1.0,0.0,0.0,0.0,0.0
74.9,CLIMB,83.76,59.44,2555.42,24.89,92.387,1.0799,6436.94,79.99,615.27,5.345,64.24,20.691,25.675,1.619,24.6,17.564,6442.33,79.95,614.34,5.358,64.03,20.785,25.7,1.635,24.564,17.738,MECHANICAL_FAILURE,1.0,1.0,1.0,1.0,1.0,0.0,0.0,0.0,0.0
75.0,CLIMB,83.75,59.44,2562.5,24.88,92.363,1.0797,6436.45,79.99,615.22,5.345,64.23,20.69,25.675,1.619,24.6,17.562,6435.38,78.78,613.88,5.364,64.55,20.599,25.609,1.642,24.562,17.522,MECHANICAL_FAILURE,1.0,1.0,1.0,1.0,1.0,0.0,0.0,0.0,0.0
75.1,CLIMB,83.74,59.43,2569.58,24.86,92.34,1.0794,6435.96,79.99,615.17,5.345,64.23,20.688,25.675,1.619,24.6,17.561,6449.97,80.68,614.73,5.382,64.35,20.792,25.691,1.609,24.594,17.537,MECHANICAL_FAILURE,1.0,1.0,1.0,1.0,1.0,0.0,0.0,0.0,0.0
75.2,CLIMB,83.73,59.43,2576.67,24.85,92.316,1.0792,6435.47,79.99,615.12,5.345,64.22,20.687,25.675,1.619,24.6,17.56,6441.08,79.94,614.15,5.341,64.67,20.711,25.636,1.678,24.615,17.488,MECHANICAL_FAILURE,1.0,1.0,1.0,1.0,1.0,0.0,0.0,0.0,0.0
75.3,CLIMB,83.72,59.42,2583.75,24.83,92.293,1.079,6434.99,79.99,615.08,5.345,64.21,20.686,25.674,1.619,24.6,17.559,6442.18,79.6,614.89,5.308,64.37,20.56,25.764,1.724,24.621,17.504,MECHANICAL_FAILURE,1.0,1.0,1.0,1.0,1.0,0.0,0.0,0.0,0.0
75.4,CLIMB,83.72,59.42,2590.83,24.82,92.269,1.0788,6434.5,79.98,615.03,5.344,64.2,20.684,25.674,1.619,24.6,17.558,6431.85,79.75,614.84,5.372,63.56,20.768,25.658,1.627,24.57,17.589,MECHANICAL_FAILURE,1.0,1.0,1.0,1.0,1.0,0.0,0.0,0.0,0.0
75.5,CLIMB,83.71,59.41,2597.92,24.8,92.245,1.0785,6434.01,79.98,614.98,5.344,64.19,20.683,25.674,1.619,24.6,17.556,6438.86,80.21,616.84,5.332,63.74,20.785,25.634,1.58,24.55,17.603,MECHANICAL_FAILURE,1.0,1.0,1.0,1.0,1.0,0.0,0.0,0.0,0.0
75.6,CLIMB,83.7,59.41,2605.0,24.79,92.222,1.0783,6433.53,79.98,614.93,5.344,64.18,20.682,25.674,1.619,24.6,17.555,6429.47,79.89,614.47,5.361,64.16,20.572,25.73,1.596,24.64,17.494,MECHANICAL_FAILURE,1.0,1.0,1.0,1.0,1.0,0.0,0.0,0.0,0.0
75.7,CLIMB,83.69,59.4,2612.08,24.78,92.198,1.0781,6433.04,79.98,614.88,5.344,64.18,20.68,25.674,1.619,24.6,17.554,6431.67,80.04,614.75,5.365,64.13,20.708,25.682,1.618,24.633,17.562,MECHANICAL_FAILURE,1.0,1.0,1.0,1.0,1.0,0.0,0.0,0.0,0.0
75.8,CLIMB,83.68,59.39,2619.17,24.76,92.175,1.0779,6432.56,79.98,614.84,5.344,64.17,20.679,25.674,1.618,24.6,17.553,6437.51,79.11,616.0,5.32,64.54,20.842,25.601,1.609,24.577,17.664,MECHANICAL_FAILURE,1.0,1.0,1.0,1.0,1.0,0.0,0.0,0.0,0.0
75.9,CLIMB,83.67,59.39,2626.25,24.75,92.151,1.0776,6432.07,79.98,614.79,5.343,64.16,20.678,25.674,1.618,24.6,17.551,6431.38,78.39,616.26,5.356,63.98,20.821,25.624,1.647,24.65,17.601,MECHANICAL_FAILURE,1.0,1.0,1.0,1.0,1.0,0.0,0.0,0.0,0.0
76.0,CLIMB,83.67,59.38,2633.33,24.73,92.127,1.0774,6431.59,79.98,614.75,5.343,64.15,20.676,25.673,1.618,24.6,17.55,6445.32,80.45,614.99,5.356,64.22,20.698,25.626,1.642,24.638,17.436,MECHANICAL_FAILURE,1.0,1.0,1.0,1.0,1.0,0.0,0.0,0.0,0.0
76.1,CLIMB,83.66,59.38,2640.42,24.72,92.104,1.0772,6431.11,79.98,614.7,5.343,64.14,20.675,25.673,1.618,24.6,17.549,6427.31,80.39,613.55,5.364,64.15,20.655,25.611,1.59,24.651,17.617,MECHANICAL_FAILURE,1.0,1.0,1.0,1.0,1.0,0.0,0.0,0.0,0.0
76.2,CLIMB,83.65,59.37,2647.5,24.71,92.08,1.077,6430.62,79.98,614.65,5.343,64.13,20.674,25.673,1.618,24.6,17.547,6439.08,79.76,615.88,5.328,63.52,20.657,25.679,1.583,24.586,17.515,MECHANICAL_FAILURE,1.0,1.0,1.0,1.0,1.0,0.0,0.0,0.0,0.0
76.3,CLIMB,83.64,59.37,2654.58,24.69,92.057,1.0767,6430.14,79.98,614.61,5.343,64.13,20.672,25.673,1.618,24.6,17.546,6436.77,79.78,615.77,5.324,64.99,20.668,25.601,1.62,24.566,17.605,MECHANICAL_FAILURE,1.0,1.0,1.0,1.0,1.0,0.0,0.0,0.0,0.0
76.4,CLIMB,83.63,59.36,2661.67,24.68,92.033,1.0765,6429.66,79.98,614.57,5.342,64.12,20.671,25.673,1.618,24.6,17.545,6428.35,80.14,614.48,5.338,64.44,20.663,25.638,1.706,24.587,17.596,MECHANICAL_FAILURE,1.0,1.0,1.0,1.0,1.0,0.0,0.0,0.0,0.0
76.5,CLIMB,83.62,59.36,2668.75,24.66,92.009,1.0763,6429.17,79.98,614.52,5.342,64.11,20.67,25.672,1.618,24.6,17.544,6436.11,79.57,614.25,5.293,64.34,20.604,25.621,1.576,24.496,17.439,MECHANICAL_FAILURE,1.0,1.0,1.0,1.0,1.0,0.0,0.0,0.0,0.0
76.6,CLIMB,83.62,59.35,2675.83,24.65,91.986,1.0761,6428.69,79.98,614.48,5.342,64.1,20.668,25.672,1.618,24.6,17.543,6434.84,81.37,614.45,5.341,63.97,20.674,25.646,1.52,24.562,17.632,MECHANICAL_FAILURE,1.0,1.0,1.0,1.0,1.0,0.0,0.0,0.0,0.0
76.7,CLIMB,83.61,59.35,2682.92,24.63,91.962,1.0758,6428.21,79.98,614.43,5.342,64.09,20.667,25.672,1.618,24.6,17.541,6432.69,80.42,613.46,5.331,64.78,20.816,25.606,1.626,24.605,17.385,MECHANICAL_FAILURE,1.0,1.0,1.0,1.0,1.0,0.0,0.0,0.0,0.0
76.8,CLIMB,83.6,59.34,2690.0,24.62,91.939,1.0756,6427.73,79.98,614.39,5.342,64.08,20.665,25.672,1.617,24.6,17.54,6423.84,79.56,613.54,5.373,64.82,20.711,25.645,1.581,24.587,17.615,MECHANICAL_FAILURE,1.0,1.0,1.0,1.0,1.0,0.0,0.0,0.0,0.0
76.9,CLIMB,83.59,59.33,2697.08,24.61,91.915,1.0754,6427.25,79.98,614.35,5.342,64.07,20.664,25.672,1.617,24.6,17.539,6424.21,80.43,612.41,5.362,63.8,20.528,25.688,1.691,24.581,17.441,MECHANICAL_FAILURE,1.0,1.0,1.0,1.0,1.0,0.0,0.0,0.0,0.0
77.0,CLIMB,83.58,59.33,2704.17,24.59,91.892,1.0752,6426.77,79.98,614.31,5.341,64.07,20.663,25.672,1.617,24.6,17.538,6424.71,80.3,614.84,5.379,64.08,20.642,25.652,1.522,24.556,17.551,MECHANICAL_FAILURE,1.0,1.0,1.0,1.0,1.0,0.0,0.0,0.0,0.0
77.1,CLIMB,83.58,59.32,2711.25,24.58,91.868,1.075,6426.28,79.98,614.27,5.341,64.06,20.661,25.672,1.617,24.6,17.536,6422.28,80.7,611.89,5.257,64.01,20.579,25.629,1.646,24.599,17.467,MECHANICAL_FAILURE,1.0,1.0,1.0,1.0,1.0,0.0,0.0,0.0,0.0
77.2,CLIMB,83.57,59.32,2718.33,24.56,91.845,1.0747,6425.8,79.98,614.22,5.341,64.05,20.66,25.671,1.617,24.6,17.535,6427.92,79.77,614.31,5.413,64.06,20.717,25.677,1.62,24.586,17.607,MECHANICAL_FAILURE,1.0,1.0,1.0,1.0,1.0,0.0,0.0,0.0,0.0
77.3,CLIMB,83.56,59.31,2725.42,24.55,91.821,1.0745,6425.32,79.98,614.18,5.341,64.04,20.659,25.671,1.617,24.6,17.534,6430.71,80.16,616.5,5.379,63.94,20.444,25.682,1.643,24.575,17.382,MECHANICAL_FAILURE,1.0,1.0,1.0,1.0,1.0,0.0,0.0,0.0,0.0
77.4,CLIMB,83.55,59.31,2732.5,24.54,91.798,1.0743,6424.84,79.98,614.14,5.341,64.03,20.657,25.671,1.617,24.6,17.533,6431.42,79.68,615.18,5.317,63.89,20.351,25.49,1.639,24.606,17.541,MECHANICAL_FAILURE,1.0,1.0,1.0,1.0,1.0,0.0,0.0,0.0,0.0
77.5,CLIMB,83.54,59.3,2739.58,24.52,91.774,1.0741,6424.36,79.98,614.1,5.34,64.02,20.656,25.671,1.617,24.6,17.531,6430.82,80.78,615.7,5.342,63.82,20.734,25.57,1.57,24.509,17.551,MECHANICAL_FAILURE,1.0,1.0,1.0,1.0,1.0,0.0,0.0,0.0,0.0
77.6,CLIMB,83.53,59.3,2746.67,24.51,91.751,1.0738,6423.88,79.98,614.06,5.34,64.01,20.655,25.671,1.617,24.6,17.53,6418.54,80.06,612.92,5.325,64.31,20.735,25.718,1.632,24.555,17.617,MECHANICAL_FAILURE,1.0,1.0,1.0,1.0,1.0,0.0,0.0,0.0,0.0
77.7,CLIMB,83.53,59.29,2753.75,24.49,91.727,1.0736,6423.4,79.97,614.02,5.34,64.01,20.653,25.671,1.617,24.6,17.529,6420.62,80.05,612.39,5.336,64.43,20.729,25.569,1.588,24.61,17.508,MECHANICAL_FAILURE,1.0,1.0,1.0,1.0,1.0,0.0,0.0,0.0,0.0
77.8,CLIMB,83.52,59.29,2760.83,24.48,91.704,1.0734,6422.92,79.97,613.98,5.34,64.0,20.652,25.67,1.617,24.6,17.528,6417.52,80.47,615.93,5.38,63.72,20.64,25.522,1.637,24.525,17.532,MECHANICAL_FAILURE,1.0,1.0,1.0,1.0,1.0,0.0,0.0,0.0,0.0
77.9,CLIMB,83.51,59.28,2767.92,24.46,91.68,1.0732,6422.44,79.97,613.94,5.34,63.99,20.651,25.67,1.616,24.6,17.526,6421.87,81.28,616.4,5.349,63.92,20.659,25.675,1.63,24.614,17.577,MECHANICAL_FAILURE,1.0,1.0,1.0,1.0,1.0,0.0,0.0,0.0,0.0
78.0,CLIMB,83.5,59.28,2775.0,24.45,91.657,1.0729,6421.96,79.97,613.9,5.34,63.98,20.649,25.67,1.616,24.6,17.525,6418.93,80.43,614.79,5.329,64.1,20.648,25.614,1.644,24.616,17.609,MECHANICAL_FAILURE,1.0,1.0,1.0,1.0,1.0,0.0,0.0,0.0,0.0
78.1,CLIMB,83.49,59.27,2782.08,24.44,91.633,1.0727,6421.48,79.97,613.86,5.339,63.97,20.648,25.67,1.616,24.6,17.524,6429.95,79.76,613.21,5.361,63.39,20.544,25.722,1.632,24.593,17.64,MECHANICAL_FAILURE,1.0,1.0,1.0,1.0,1.0,0.0,0.0,0.0,0.0
78.2,CLIMB,83.48,59.26,2789.17,24.42,91.61,1.0725,6421.0,79.97,613.83,5.339,63.96,20.647,25.67,1.616,24.6,17.523,6413.85,79.89,615.02,5.289,64.65,20.823,25.633,1.675,24.516,17.563,MECHANICAL_FAILURE,1.0,1.0,1.0,1.0,1.0,0.0,0.0,0.0,0.0
78.3,CLIMB,83.48,59.26,2796.25,24.41,91.587,1.0723,6420.52,79.97,613.79,5.339,63.95,20.645,25.669,1.616,24.6,17.521,6417.16,80.33,614.8,5.29,64.19,20.841,25.754,1.576,24.551,17.595,MECHANICAL_FAILURE,1.0,1.0,1.0,1.0,1.0,0.0,0.0,0.0,0.0
78.4,CLIMB,83.47,59.25,2803.33,24.39,91.563,1.072,6420.04,79.97,613.75,5.339,63.95,20.644,25.669,1.616,24.6,17.52,6427.98,79.87,613.9,5.311,64.04,20.447,25.636,1.602,24.58,17.705,MECHANICAL_FAILURE,1.0,1.0,1.0,1.0,1.0,0.0,0.0,0.0,0.0
78.5,CLIMB,83.46,59.25,2810.42,24.38,91.54,1.0718,6419.57,79.97,613.71,5.339,63.94,20.643,25.669,1.616,24.6,17.519,6423.37,80.09,614.53,5.248,64.08,20.656,25.621,1.632,24.565,17.597,MECHANICAL_FAILURE,1.0,1.0,1.0,1.0,1.0,0.0,0.0,0.0,0.0
78.6,CLIMB,83.45,59.24,2817.5,24.37,91.516,1.0716,6419.09,79.97,613.68,5.338,63.93,20.641,25.669,1.616,24.6,17.518,6424.38,79.94,613.88,5.278,64.14,20.539,25.624,1.581,24.587,17.645,MECHANICAL_FAILURE,1.0,1.0,1.0,1.0,1.0,0.0,0.0,0.0,0.0
78.7,CLIMB,83.44,59.24,2824.58,24.35,91.493,1.0714,6418.61,79.97,613.64,5.338,63.92,20.64,25.669,1.616,24.6,17.516,6422.01,78.89,615.07,5.339,63.87,20.545,25.613,1.599,24.673,17.484,MECHANICAL_FAILURE,1.0,1.0,1.0,1.0,1.0,0.0,0.0,0.0,0.0
78.8,CLIMB,83.43,59.23,2831.67,24.34,91.469,1.0712,6418.13,79.97,613.6,5.338,63.91,20.638,25.669,1.616,24.6,17.515,6412.9,80.19,615.12,5.309,64.37,20.6,25.699,1.603,24.686,17.576,MECHANICAL_FAILURE,1.0,1.0,1.0,1.0,1.0,0.0,0.0,0.0,0.0
78.9,CLIMB,83.43,59.23,2838.75,24.32,91.446,1.0709,6417.65,79.97,613.57,5.338,63.9,20.637,25.669,1.616,24.6,17.514,6426.93,80.49,617.08,5.306,63.42,20.665,25.648,1.558,24.588,17.589,MECHANICAL_FAILURE,1.0,1.0,1.0,1.0,1.0,0.0,0.0,0.0,0.0
79.0,CLIMB,83.42,59.22,2845.83,24.31,91.423,1.0707,6417.17,79.97,613.53,5.338,63.89,20.636,25.668,1.615,24.6,17.513,6408.9,79.77,612.97,5.344,63.67,20.597,25.764,1.521,24.583,17.576,MECHANICAL_FAILURE,1.0,1.0,1.0,1.0,1.0,0.0,0.0,0.0,0.0
79.1,CLIMB,83.41,59.22,2852.92,24.29,91.399,1.0705,6416.69,79.97,613.49,5.338,63.89,20.634,25.668,1.615,24.6,17.511,6414.98,79.68,611.42,5.374,63.77,20.525,25.636,1.626,24.578,17.465,MECHANICAL_FAILURE,1.0,1.0,1.0,1.0,1.0,0.0,0.0,0.0,0.0
79.2,CLIMB,83.4,59.21,2860.0,24.28,91.376,1.0703,6416.21,79.97,613.46,5.337,63.88,20.633,25.668,1.615,24.6,17.51,6425.3,80.35,610.9,5.391,63.77,20.672,25.627,1.562,24.555,17.678,MECHANICAL_FAILURE,1.0,1.0,1.0,1.0,1.0,0.0,0.0,0.0,0.0
79.3,CLIMB,83.39,59.2,2867.08,24.27,91.352,1.07,6415.74,79.97,613.42,5.337,63.87,20.632,25.668,1.615,24.6,17.509,6414.45,80.73,613.69,5.341,63.96,20.63,25.663,1.592,24.551,17.325,MECHANICAL_FAILURE,1.0,1.0,1.0,1.0,1.0,0.0,0.0,0.0,0.0
79.4,CLIMB,83.38,59.2,2874.17,24.25,91.329,1.0698,6415.26,79.97,613.39,5.337,63.86,20.63,25.668,1.615,24.6,17.508,6423.33,80.67,614.58,5.348,63.68,20.559,25.677,1.631,24.617,17.551,MECHANICAL_FAILURE,1.0,1.0,1.0,1.0,1.0,0.0,0.0,0.0,0.0
79.5,CLIMB,83.38,59.19,2881.25,24.24,91.306,1.0696,6414.78,79.97,613.35,5.337,63.85,20.629,25.668,1.615,24.6,17.506,6421.74,79.71,613.04,5.322,63.85,20.726,25.671,1.632,24.526,17.302,MECHANICAL_FAILURE,1.0,1.0,1.0,1.0,1.0,0.0,0.0,0.0,0.0
79.6,CLIMB,83.37,59.19,2888.33,24.22,91.282,1.0694,6414.3,79.97,613.32,5.337,63.84,20.628,25.667,1.615,24.6,17.505,6411.7,80.36,613.44,5.34,63.47,20.752,25.643,1.547,24.551,17.547,MECHANICAL_FAILURE,1.0,1.0,1.0,1.0,1.0,0.0,0.0,0.0,0.0
79.7,CLIMB,83.36,59.18,2895.42,24.21,91.259,1.0691,6413.82,79.97,613.28,5.337,63.83,20.626,25.667,1.615,24.6,17.504,6412.18,79.99,611.31,5.308,63.87,20.662,25.716,1.634,24.592,17.457,MECHANICAL_FAILURE,1.0,1.0,1.0,1.0,1.0,0.0,0.0,0.0,0.0
79.8,CLIMB,83.35,59.18,2902.5,24.2,91.236,1.0689,6413.35,79.97,613.25,5.336,63.82,20.625,25.667,1.615,24.6,17.503,6418.81,79.62,615.37,5.318,63.83,20.658,25.632,1.647,24.638,17.408,MECHANICAL_FAILURE,1.0,1.0,1.0,1.0,1.0,0.0,0.0,0.0,0.0
79.9,CLIMB,83.34,59.17,2909.58,24.18,91.212,1.0687,6412.87,79.96,613.22,5.336,63.82,20.624,25.667,1.615,24.6,17.501,6417.27,79.7,615.11,5.292,63.82,20.579,25.67,1.5,24.632,17.662,MECHANICAL_FAILURE,1.0,1.0,1.0,1.0,1.0,0.0,0.0,0.0,0.0
80.0,CLIMB,83.33,59.17,2916.67,24.17,91.189,1.0685,6412.39,79.96,613.18,5.336,63.81,20.622,25.667,1.615,24.6,17.5,6416.14,78.6,613.03,5.363,64.15,20.634,25.739,1.71,24.682,17.569,MECHANICAL_FAILURE,1.0,1.0,1.0,1.0,1.0,0.0,0.0,0.0,0.0
80.1,CLIMB,83.33,59.16,2923.75,24.15,91.166,1.0683,6411.91,79.96,613.15,5.336,63.8,20.621,25.666,1.614,24.6,17.499,6406.16,80.41,613.99,5.302,64.02,20.659,25.661,1.62,24.473,17.449,MECHANICAL_FAILURE,1.0,1.0,1.0,1.0,1.0,0.0,0.0,0.0,0.0
80.2,CLIMB,83.32,59.16,2930.83,24.14,91.142,1.068,6411.44,79.96,613.12,5.336,63.79,20.62,25.666,1.614,24.6,17.498,6412.04,79.86,611.44,5.301,63.65,20.698,25.599,1.573,24.573,17.497,MECHANICAL_FAILURE,1.0,1.0,1.0,1.0,1.0,0.0,0.0,0.0,0.0
80.3,CLIMB,83.31,59.15,2937.92,24.12,91.119,1.0678,6410.96,79.96,613.08,5.335,63.78,20.618,25.666,1.614,24.6,17.496,6414.18,80.17,614.17,5.353,63.22,20.7,25.695,1.609,24.65,17.625,MECHANICAL_FAILURE,1.0,1.0,1.0,1.0,1.0,0.0,0.0,0.0,0.0
80.4,CLIMB,83.3,59.15,2945.0,24.11,91.096,1.0676,6410.48,79.96,613.05,5.335,63.77,20.617,25.666,1.614,24.6,17.495,6410.31,79.79,610.83,5.362,63.9,20.539,25.7,1.638,24.582,17.448,MECHANICAL_FAILURE,1.0,1.0,1.0,1.0,1.0,0.0,0.0,0.0,0.0
80.5,CLIMB,83.29,59.14,2952.08,24.1,91.072,1.0674,6410.0,79.96,613.02,5.335,63.76,20.615,25.666,1.614,24.6,17.494,6407.42,80.65,612.56,5.308,64.25,20.587,25.684,1.757,24.721,17.641,MECHANICAL_FAILURE,1.0,1.0,1.0,1.0,1.0,0.0,0.0,0.0,0.0
80.6,CLIMB,83.28,59.13,2959.17,24.08,91.049,1.0671,6409.53,79.96,612.99,5.335,63.75,20.614,25.666,1.614,24.6,17.493,6399.72,80.34,615.07,5.361,64.42,20.614,25.672,1.611,24.505,17.599,MECHANICAL_FAILURE,1.0,1.0,1.0,1.0,1.0,0.0,0.0,0.0,0.0
80.7,CLIMB,83.28,59.13,2966.25,24.07,91.026,1.0669,6409.05,79.96,612.95,5.335,63.75,20.613,25.666,1.614,24.6,17.491,6402.76,80.02,613.17,5.399,63.34,20.756,25.655,1.59,24.64,17.411,MECHANICAL_FAILURE,1.0,1.0,1.0,1.0,1.0,0.0,0.0,0.0,0.0
80.8,CLIMB,83.27,59.12,2973.33,24.05,91.002,1.0667,6408.57,79.96,612.92,5.335,63.74,20.611,25.665,1.614,24.6,17.49,6406.34,80.25,611.23,5.381,63.44,20.522,25.651,1.619,24.575,17.586,MECHANICAL_FAILURE,1.0,1.0,1.0,1.0,1.0,0.0,0.0,0.0,0.0
80.9,CLIMB,83.26,59.12,2980.42,24.04,90.979,1.0665,6408.09,79.96,612.89,5.334,63.73,20.61,25.665,1.614,24.6,17.489,6409.02,80.24,612.24,5.346,63.71,20.55,25.704,1.601,24.709,17.542,MECHANICAL_FAILURE,1.0,1.0,1.0,1.0,1.0,0.0,0.0,0.0,0.0
81.0,CLIMB,83.25,59.11,2987.5,24.03,90.956,1.0663,6407.62,79.96,612.86,5.334,63.72,20.609,25.665,1.614,24.6,17.488,6398.41,80.11,612.24,5.276,63.69,20.444,25.587,1.689,24.643,17.435,MECHANICAL_FAILURE,1.0,1.0,1.0,1.0,1.0,0.0,0.0,0.0,0.0
81.1,CLIMB,83.24,59.11,2994.58,24.01,90.932,1.066,6407.14,79.96,612.83,5.334,63.71,20.607,25.665,1.614,24.6,17.486,6401.29,80.09,611.47,5.345,63.89,20.802,25.637,1.581,24.599,17.509,MECHANICAL_FAILURE,1.0,1.0,1.0,1.0,1.0,0.0,0.0,0.0,0.0
81.2,CLIMB,83.23,59.1,3001.67,24.0,90.909,1.0658,6406.66,79.96,612.8,5.334,63.7,20.606,25.665,1.613,24.6,17.485,6408.29,79.71,610.15,5.343,63.54,20.496,25.634,1.636,24.599,17.423,MECHANICAL_FAILURE,1.0,1.0,1.0,1.0,1.0,0.0,0.0,0.0,0.0
81.3,CLIMB,83.23,59.1,3008.75,23.98,90.886,1.0656,6406.19,79.96,612.77,5.334,63.69,20.605,25.665,1.613,24.6,17.484,6403.6,79.52,614.21,5.35,63.78,20.643,25.611,1.62,24.589,17.567,MECHANICAL_FAILURE,1.0,1.0,1.0,1.0,1.0,0.0,0.0,0.0,0.0
81.4,CLIMB,83.22,59.09,3015.83,23.97,90.863,1.0654,6405.71,79.96,612.74,5.334,63.68,20.603,25.664,1.613,24.6,17.483,6401.4,79.87,611.91,5.322,63.82,20.627,25.622,1.694,24.571,17.512,MECHANICAL_FAILURE,1.0,1.0,1.0,1.0,1.0,0.0,0.0,0.0,0.0
81.5,CLIMB,83.21,59.09,3022.92,23.95,90.839,1.0651,6405.23,79.96,612.7,5.333,63.67,20.602,25.664,1.613,24.6,17.481,6413.21,80.04,612.37,5.301,63.4,20.588,25.593,1.673,24.676,17.457,MECHANICAL_FAILURE,1.0,1.0,1.0,1.0,1.0,0.0,0.0,0.0,0.0
81.6,CLIMB,83.2,59.08,3030.0,23.94,90.816,1.0649,6404.76,79.96,612.67,5.333,63.67,20.601,25.664,1.613,24.6,17.48,6409.99,80.01,612.22,5.37,63.36,20.416,25.663,1.696,24.518,17.542,MECHANICAL_FAILURE,1.0,1.0,1.0,1.0,1.0,0.0,0.0,0.0,0.0
81.7,CLIMB,83.19,59.07,3037.08,23.93,90.793,1.0647,6404.28,79.96,612.64,5.333,63.66,20.599,25.664,1.613,24.6,17.479,6413.89,80.56,610.25,5.282,64.06,20.553,25.698,1.602,24.587,17.553,MECHANICAL_FAILURE,1.0,1.0,1.0,1.0,1.0,0.0,0.0,0.0,0.0
81.8,CLIMB,83.18,59.07,3044.17,23.91,90.77,1.0645,6403.8,79.96,612.61,5.333,63.65,20.598,25.664,1.613,24.6,17.478,6413.61,80.53,613.43,5.356,63.64,20.75,25.6,1.568,24.578,17.526,MECHANICAL_FAILURE,1.0,1.0,1.0,1.0,1.0,0.0,0.0,0.0,0.0
81.9,CLIMB,83.18,59.06,3051.25,23.9,90.746,1.0643,6403.33,79.96,612.59,5.333,63.64,20.596,25.663,1.613,24.6,17.476,6402.1,79.09,615.1,5.372,63.58,20.51,25.707,1.685,24.585,17.715,MECHANICAL_FAILURE,1.0,1.0,1.0,1.0,1.0,0.0,0.0,0.0,0.0
82.0,CLIMB,83.17,59.06,3058.33,23.88,90.723,1.064,6402.85,79.95,612.56,5.332,63.63,20.595,25.663,1.613,24.6,17.475,6404.26,80.0,612.67,5.325,63.8,20.661,25.714,1.665,24.557,17.637,MECHANICAL_FAILURE,1.0,1.0,1.0,1.0,1.0,0.0,0.0,0.0,0.0
82.1,CLIMB,83.16,59.05,3065.42,23.87,90.7,1.0638,6402.37,79.95,612.53,5.332,63.62,20.594,25.663,1.613,24.6,17.474,6402.75,79.33,612.66,5.335,63.85,20.798,25.682,1.614,24.614,17.415,MECHANICAL_FAILURE,1.0,1.0,1.0,1.0,1.0,0.0,0.0,0.0,0.0
82.2,CLIMB,83.15,59.05,3072.5,23.86,90.677,1.0636,6401.9,79.95,612.5,5.332,63.61,20.592,25.663,1.613,24.6,17.473,6401.0,79.38,614.22,5.299,63.36,20.466,25.704,1.511,24.616,17.561,MECHANICAL_FAILURE,1.0,1.0,1.0,1.0,1.0,0.0,0.0,0.0,0.0
82.3,CLIMB,83.14,59.04,3079.58,23.84,90.654,1.0634,6401.42,79.95,612.47,5.332,63.6,20.591,25.663,1.612,24.6,17.471,6397.59,80.84,615.25,5.354,63.62,20.742,25.703,1.654,24.549,17.496,MECHANICAL_FAILURE,1.0,1.0,1.0,1.0,1.0,0.0,0.0,0.0,0.0
82.4,CLIMB,83.13,59.04,3086.67,23.83,90.63,1.0631,6400.94,79.95,612.44,5.332,63.59,20.59,25.663,1.612,24.6,17.47,6408.84,79.71,612.45,5.323,63.93,20.665,25.661,1.512,24.618,17.373,MECHANICAL_FAILURE,1.0,1.0,1.0,1.0,1.0,0.0,0.0,0.0,0.0
82.5,CLIMB,83.13,59.03,3093.75,23.81,90.607,1.0629,6400.47,79.95,612.41,5.332,63.58,20.588,25.663,1.612,24.6,17.469,6402.27,78.61,612.07,5.288,63.55,20.746,25.616,1.618,24.718,17.443,MECHANICAL_FAILURE,1.0,1.0,1.0,1.0,1.0,0.0,0.0,0.0,0.0
82.6,CLIMB,83.12,59.03,3100.83,23.8,90.584,1.0627,6399.99,79.95,612.38,5.331,63.58,20.587,25.662,1.612,24.6,17.468,6406.59,80.36,612.53,5.314,63.54,20.548,25.742,1.615,24.613,17.322,MECHANICAL_FAILURE,1.0,1.0,1.0,1.0,1.0,0.0,0.0,0.0,0.0
82.7,CLIMB,83.11,59.02,3107.92,23.78,90.561,1.0625,6399.51,79.95,612.35,5.331,63.57,20.586,25.662,1.612,24.6,17.466,6394.88,79.86,612.27,5.359,63.53,20.585,25.615,1.583,24.602,17.475,MECHANICAL_FAILURE,1.0,1.0,1.0,1.0,1.0,0.0,0.0,0.0,0.0
82.8,CLIMB,83.1,59.02,3115.0,23.77,90.538,1.0623,6399.04,79.95,612.33,5.331,63.56,20.584,25.662,1.612,24.6,17.465,6399.1,80.55,612.02,5.327,63.54,20.58,25.697,1.591,24.611,17.462,MECHANICAL_FAILURE,1.0,1.0,1.0,1.0,1.0,0.0,0.0,0.0,0.0
82.9,CLIMB,83.09,59.01,3122.08,23.76,90.514,1.062,6398.56,79.95,612.3,5.331,63.55,20.583,25.662,1.612,24.6,17.464,6393.48,80.46,613.21,5.349,63.63,20.537,25.566,1.564,24.619,17.332,MECHANICAL_FAILURE,1.0,1.0,1.0,1.0,1.0,0.0,0.0,0.0,0.0
83.0,CLIMB,83.08,59.0,3129.17,23.74,90.491,1.0618,6398.08,79.95,612.27,5.331,63.54,20.582,25.662,1.612,24.6,17.463,6408.27,79.45,612.48,5.345,63.3,20.81,25.643,1.604,24.546,17.42,MECHANICAL_FAILURE,1.0,1.0,1.0,1.0,1.0,0.0,0.0,0.0,0.0
83.1,CLIMB,83.08,59.0,3136.25,23.73,90.468,1.0616,6397.61,79.95,612.24,5.331,63.53,20.58,25.662,1.612,24.6,17.461,6392.38,80.1,614.65,5.285,64.11,20.446,25.638,1.717,24.628,17.406,MECHANICAL_FAILURE,1.0,1.0,1.0,1.0,1.0,0.0,0.0,0.0,0.0
83.2,CLIMB,83.07,58.99,3143.33,23.71,90.445,1.0614,6397.13,79.95,612.22,5.33,63.52,20.579,25.661,1.612,24.6,17.46,6401.14,80.27,612.79,5.323,63.64,20.57,25.659,1.636,24.627,17.29,MECHANICAL_FAILURE,1.0,1.0,1.0,1.0,1.0,0.0,0.0,0.0,0.0
83.3,CLIMB,83.06,58.99,3150.42,23.7,90.422,1.0612,6396.66,79.95,612.19,5.33,63.51,20.578,25.661,1.612,24.6,17.459,6390.38,80.39,611.35,5.323,63.47,20.59,25.69,1.64,24.712,17.359,MECHANICAL_FAILURE,1.0,1.0,1.0,1.0,1.0,0.0,0.0,0.0,0.0
83.4,CLIMB,83.05,58.98,3157.5,23.69,90.399,1.0609,6396.18,79.95,612.16,5.33,63.5,20.576,25.661,1.611,24.6,17.458,6400.38,80.16,611.73,5.314,63.45,20.54,25.614,1.651,24.669,17.355,MECHANICAL_FAILURE,1.0,1.0,1.0,1.0,1.0,0.0,0.0,0.0,0.0
83.5,CLIMB,83.04,58.98,3164.58,23.67,90.376,1.0607,6395.7,79.95,612.14,5.33,63.49,20.575,25.661,1.611,24.6,17.456,6390.54,80.66,612.95,5.282,63.02,20.523,25.652,1.582,24.639,17.321,MECHANICAL_FAILURE,1.0,1.0,1.0,1.0,1.0,0.0,0.0,0.0,0.0
83.6,CLIMB,83.03,58.97,3171.67,23.66,90.352,1.0605,6395.23,79.95,612.11,5.33,63.49,20.573,25.661,1.611,24.6,17.455,6401.9,79.82,613.39,5.352,63.14,20.564,25.634,1.581,24.618,17.248,MECHANICAL_FAILURE,1.0,1.0,1.0,1.0,1.0,0.0,0.0,0.0,0.0
83.7,CLIMB,83.03,58.97,3178.75,23.64,90.329,1.0603,6394.75,79.95,612.08,5.329,63.48,20.572,25.66,1.611,24.6,17.454,6392.95,79.75,613.04,5.38,63.31,20.677,25.608,1.55,24.516,17.388,MECHANICAL_FAILURE,1.0,1.0,1.0,1.0,1.0,0.0,0.0,0.0,0.0
83.8,CLIMB,83.02,58.96,3185.83,23.63,90.306,1.0601,6394.28,79.95,612.06,5.329,63.47,20.571,25.66,1.611,24.6,17.453,6393.47,79.5,613.74,5.298,63.04,20.674,25.605,1.673,24.546,17.405,MECHANICAL_FAILURE,1.0,1.0,1.0,1.0,1.0,0.0,0.0,0.0,0.0
83.9,CLIMB,83.01,58.96,3192.92,23.61,90.283,1.0598,6393.8,79.95,612.03,5.329,63.46,20.569,25.66,1.611,24.6,17.451,6393.05,79.77,613.82,5.302,63.73,20.502,25.684,1.648,24.462,17.445,MECHANICAL_FAILURE,1.0,1.0,1.0,1.0,1.0,0.0,0.0,0.0,0.0
84.0,CLIMB,83.0,58.95,3200.0,23.6,90.26,1.0596,6393.32,79.95,612.0,5.329,63.45,20.568,25.66,1.611,24.6,17.45,6395.53,79.15,613.99,5.364,63.49,20.466,25.671,1.666,24.626,17.402,MECHANICAL_FAILURE,1.0,1.0,1.0,1.0,1.0,0.0,0.0,0.0,0.0
84.1,CLIMB,82.99,58.94,3207.08,23.59,90.237,1.0594,6392.85,79.94,611.98,5.329,63.44,20.567,25.66,1.611,24.6,17.449,6398.2,80.33,612.46,5.325,63.7,20.455,25.673,1.626,24.591,17.467,MECHANICAL_FAILURE,1.0,1.0,1.0,1.0,1.0,0.0,0.0,0.0,0.0
84.2,CLIMB,82.98,58.94,3214.17,23.57,90.214,1.0592,6392.37,79.94,611.95,5.329,63.43,20.565,25.66,1.611,24.6,17.448,6390.58,79.67,612.99,5.346,63.57,20.619,25.589,1.572,24.542,17.481,MECHANICAL_FAILURE,1.0,1.0,1.0,1.0,1.0,0.0,0.0,0.0,0.0
84.3,CLIMB,82.98,58.93,3221.25,23.56,90.191,1.059,6391.9,79.94,611.93,5.328,63.42,20.564,25.66,1.611,24.6,17.446,6386.97,79.88,611.16,5.294,63.45,20.692,25.765,1.624,24.617,17.392,MECHANICAL_FAILURE,1.0,1.0,1.0,1.0,1.0,0.0,0.0,0.0,0.0
84.4,CLIMB,82.97,58.93,3228.33,23.54,90.168,1.0587,6391.42,79.94,611.9,5.328,63.41,20.563,25.659,1.611,24.6,17.445,6394.78,80.67,613.19,5.344,63.54,20.696,25.749,1.577,24.561,17.491,MECHANICAL_FAILURE,1.0,1.0,1.0,1.0,1.0,0.0,0.0,0.0,0.0
84.5,CLIMB,82.96,58.92,3235.42,23.53,90.145,1.0585,6390.95,79.94,611.87,5.328,63.4,20.561,25.659,1.61,24.6,17.444,6392.01,80.34,613.86,5.324,64.04,20.584,25.662,1.607,24.497,17.411,MECHANICAL_FAILURE,1.0,1.0,1.0,1.0,1.0,0.0,0.0,0.0,0.0
84.6,CLIMB,82.95,58.92,3242.5,23.52,90.121,1.0583,6390.47,79.94,611.85,5.328,63.39,20.56,25.659,1.61,24.6,17.443,6396.65,79.85,614.28,5.349,63.09,20.566,25.633,1.65,24.637,17.366,MECHANICAL_FAILURE,1.0,1.0,1.0,1.0,1.0,0.0,0.0,0.0,0.0
84.7,CLIMB,82.94,58.91,3249.58,23.5,90.098,1.0581,6389.99,79.94,611.82,5.328,63.38,20.559,25.659,1.61,24.6,17.441,6394.1,80.79,612.0,5.333,63.61,20.656,25.661,1.605,24.7,17.522,MECHANICAL_FAILURE,1.0,1.0,1.0,1.0,1.0,0.0,0.0,0.0,0.0
84.8,CLIMB,82.93,58.91,3256.67,23.49,90.075,1.0578,6389.52,79.94,611.8,5.328,63.38,20.557,25.659,1.61,24.6,17.44,6391.07,80.47,613.31,5.358,63.53,20.56,25.636,1.57,24.567,17.591,MECHANICAL_FAILURE,1.0,1.0,1.0,1.0,1.0,0.0,0.0,0.0,0.0
84.9,CLIMB,82.93,58.9,3263.75,23.47,90.052,1.0576,6389.04,79.94,611.77,5.327,63.37,20.556,25.659,1.61,24.6,17.439,6388.57,79.61,615.07,5.368,63.39,20.572,25.671,1.665,24.527,17.563,MECHANICAL_FAILURE,1.0,1.0,1.0,1.0,1.0,0.0,0.0,0.0,0.0
85.0,CLIMB,82.92,58.9,3270.83,23.46,90.029,1.0574,6388.57,79.94,611.75,5.327,63.36,20.554,25.658,1.61,24.6,17.438,6384.18,80.08,613.39,5.316,63.47,20.646,25.65,1.564,24.548,17.693,MECHANICAL_FAILURE,1.0,1.0,1.0,1.0,1.0,0.0,0.0,0.0,0.0
85.1,CLIMB,82.91,58.89,3277.92,23.44,90.006,1.0572,6388.09,79.94,611.72,5.327,63.35,20.553,25.658,1.61,24.6,17.436,6400.05,80.07,613.7,5.365,63.34,20.752,25.609,1.642,24.621,17.459,MECHANICAL_FAILURE,1.0,1.0,1.0,1.0,1.0,0.0,0.0,0.0,0.0
85.2,CLIMB,82.9,58.89,3285.0,23.43,89.983,1.057,6387.62,79.94,611.7,5.327,63.34,20.552,25.658,1.61,24.6,17.435,6387.4,77.8,612.73,5.324,63.47,20.501,25.605,1.719,24.539,17.488,MECHANICAL_FAILURE,1.0,1.0,1.0,1.0,1.0,0.0,0.0,0.0,0.0
85.3,CLIMB,82.89,58.88,3292.08,23.42,89.96,1.0567,6387.14,79.94,611.67,5.327,63.33,20.55,25.658,1.61,24.6,17.434,6392.44,79.89,611.7,5.35,63.35,20.572,25.616,1.576,24.623,17.346,MECHANICAL_FAILURE,1.0,1.0,1.0,1.0,1.0,0.0,0.0,0.0,0.0
85.4,CLIMB,82.88,58.87,3299.17,23.4,89.937,1.0565,6386.67,79.94,611.65,5.326,63.32,20.549,25.658,1.61,24.6,17.433,6393.16,79.42,610.1,5.318,63.31,20.671,25.696,1.588,24.483,17.509,MECHANICAL_FAILURE,1.0,1.0,1.0,1.0,1.0,0.0,0.0,0.0,0.0
85.5,CLIMB,82.88,58.87,3306.25,23.39,89.914,1.0563,6386.19,79.94,611.63,5.326,63.31,20.548,25.658,1.61,24.6,17.431,6381.71,79.62,611.95,5.335,63.22,20.409,25.635,1.58,24.642,17.384,MECHANICAL_FAILURE,1.0,1.0,1.0,1.0,1.0,0.0,0.0,0.0,0.0
85.6,CLIMB,82.87,58.86,3313.33,23.37,89.891,1.0561,6385.71,79.94,611.6,5.326,63.3,20.546,25.657,1.609,24.6,17.43,6385.23,79.36,611.37,5.268,63.0,20.531,25.713,1.583,24.463,17.578,MECHANICAL_FAILURE,1.0,1.0,1.0,1.0,1.0,0.0,0.0,0.0,0.0
85.7,CLIMB,82.86,58.86,3320.42,23.36,89.868,1.0559,6385.24,79.94,611.58,5.326,63.29,20.545,25.657,1.609,24.6,17.429,6387.67,80.47,610.0,5.315,62.89,20.57,25.695,1.655,24.578,17.413,MECHANICAL_FAILURE,1.0,1.0,1.0,1.0,1.0,0.0,0.0,0.0,0.0
85.8,CLIMB,82.85,58.85,3327.5,23.35,89.845,1.0556,6384.76,79.94,611.55,5.326,63.28,20.544,25.657,1.609,24.6,17.428,6377.41,80.48,608.36,5.295,62.95,20.577,25.641,1.637,24.622,17.493,MECHANICAL_FAILURE,1.0,1.0,1.0,1.0,1.0,0.0,0.0,0.0,0.0
85.9,CLIMB,82.84,58.85,3334.58,23.33,89.822,1.0554,6384.29,79.94,611.53,5.326,63.27,20.542,25.657,1.609,24.6,17.426,6374.21,81.12,612.17,5.327,63.4,20.614,25.67,1.684,24.568,17.42,MECHANICAL_FAILURE,1.0,1.0,1.0,1.0,1.0,0.0,0.0,0.0,0.0
86.0,CLIMB,82.83,58.84,3341.67,23.32,89.799,1.0552,6383.81,79.94,611.51,5.325,63.26,20.541,25.657,1.609,24.6,17.425,6382.3,79.42,609.64,5.391,63.54,20.465,25.587,1.599,24.568,17.58,MECHANICAL_FAILURE,1.0,1.0,1.0,1.0,1.0,0.0,0.0,0.0,0.0
86.1,CLIMB,82.83,58.84,3348.75,23.3,89.776,1.055,6383.34,79.93,611.48,5.325,63.26,20.54,25.657,1.609,24.6,17.424,6381.95,79.59,610.71,5.32,63.64,20.459,25.669,1.574,24.722,17.295,MECHANICAL_FAILURE,1.0,1.0,1.0,1.0,1.0,0.0,0.0,0.0,0.0
86.2,CLIMB,82.82,58.83,3355.83,23.29,89.753,1.0548,6382.86,79.93,611.46,5.325,63.25,20.538,25.656,1.609,24.6,17.423,6373.86,79.6,611.98,5.323,63.24,20.352,25.676,1.588,24.56,17.431,MECHANICAL_FAILURE,1.0,1.0,1.0,1.0,1.0,0.0,0.0,0.0,0.0
86.3,CLIMB,82.81,58.83,3362.92,23.27,89.73,1.0545,6382.39,79.93,611.44,5.325,63.24,20.537,25.656,1.609,24.6,17.421,6374.22,80.27,610.11,5.361,63.4,20.621,25.631,1.591,24.609,17.227,MECHANICAL_FAILURE,1.0,1.0,1.0,1.0,1.0,0.0,0.0,0.0,0.0
86.4,CLIMB,82.8,58.82,3370.0,23.26,89.707,1.0543,6381.91,79.93,611.41,5.325,63.23,20.535,25.656,1.609,24.6,17.42,6382.95,80.15,610.91,5.323,63.33,20.676,25.717,1.617,24.612,17.4,MECHANICAL_FAILURE,1.0,1.0,1.0,1.0,1.0,0.0,0.0,0.0,0.0
86.5,CLIMB,82.79,58.81,3377.08,23.25,89.684,1.0541,6381.44,79.93,611.39,5.325,63.22,20.534,25.656,1.609,24.6,17.419,6383.76,80.5,609.56,5.331,63.11,20.46,25.67,1.572,24.59,17.386,MECHANICAL_FAILURE,1.0,1.0,1.0,1.0,1.0,0.0,0.0,0.0,0.0
86.6,CLIMB,82.78,58.81,3384.17,23.23,89.661,1.0539,6380.96,79.93,611.37,5.324,63.21,20.533,25.656,1.609,24.6,17.418,6388.59,79.96,611.55,5.34,63.7,20.477,25.629,1.584,24.606,17.346,MECHANICAL_FAILURE,1.0,1.0,1.0,1.0,1.0,0.0,0.0,0.0,0.0
86.7,CLIMB,82.78,58.8,3391.25,23.22,89.638,1.0537,6380.49,79.93,611.34,5.324,63.2,20.531,25.655,1.608,24.6,17.416,6378.59,80.02,612.61,5.327,63.02,20.457,25.723,1.546,24.579,17.551,MECHANICAL_FAILURE,1.0,1.0,1.0,1.0,1.0,0.0,0.0,0.0,0.0
86.8,CLIMB,82.77,58.8,3398.33,23.2,89.615,1.0535,6380.01,79.93,611.32,5.324,63.19,20.53,25.655,1.608,24.6,17.415,6377.4,79.69,612.67,5.329,62.77,20.478,25.705,1.541,24.602,17.468,MECHANICAL_FAILURE,1.0,1.0,1.0,1.0,1.0,0.0,0.0,0.0,0.0
86.9,CLIMB,82.76,58.79,3405.42,23.19,89.592,1.0532,6379.54,79.93,611.3,5.324,63.18,20.529,25.655,1.608,24.6,17.414,6377.83,80.33,610.67,5.337,62.7,20.599,25.665,1.611,24.669,17.32,MECHANICAL_FAILURE,1.0,1.0,1.0,1.0,1.0,0.0,0.0,0.0,0.0
87.0,CLIMB,82.75,58.79,3412.5,23.18,89.569,1.053,6379.06,79.93,611.28,5.324,63.17,20.527,25.655,1.608,24.6,17.413,6370.42,79.94,612.56,5.337,63.45,20.425,25.624,1.589,24.602,17.457,MECHANICAL_FAILURE,1.0,1.0,1.0,1.0,1.0,0.0,0.0,0.0,0.0
87.1,CLIMB,82.74,58.78,3419.58,23.16,89.547,1.0528,6378.59,79.93,611.25,5.324,63.16,20.526,25.655,1.608,24.6,17.411,6372.82,79.97,611.23,5.33,63.31,20.577,25.624,1.577,24.591,17.422,MECHANICAL_FAILURE,1.0,1.0,1.0,1.0,1.0,0.0,0.0,0.0,0.0
87.2,CLIMB,82.73,58.78,3426.67,23.15,89.524,1.0526,6378.11,79.93,611.23,5.323,63.15,20.525,25.655,1.608,24.6,17.41,6378.87,79.45,612.63,5.293,63.02,20.557,25.704,1.516,24.544,17.4,MECHANICAL_FAILURE,1.0,1.0,1.0,1.0,1.0,0.0,0.0,0.0,0.0
87.3,CLIMB,82.73,58.77,3433.75,23.13,89.501,1.0524,6377.64,79.93,611.21,5.323,63.14,20.523,25.655,1.608,24.6,17.409,6384.34,80.78,612.26,5.401,63.34,20.61,25.7,1.645,24.62,17.423,MECHANICAL_FAILURE,1.0,1.0,1.0,1.0,1.0,0.0,0.0,0.0,0.0
87.4,CLIMB,82.72,58.77,3440.83,23.12,89.478,1.0521,6377.16,79.93,611.19,5.323,63.13,20.522,25.654,1.608,24.6,17.408,6377.74,80.7,608.24,5.302,63.36,20.62,25.757,1.7,24.577,17.437,MECHANICAL_FAILURE,1.0,1.0,1.0,1.0,1.0,0.0,0.0,0.0,0.0
87.5,CLIMB,82.71,58.76,3447.92,23.1,89.455,1.0519,6376.69,79.93,611.16,5.323,63.12,20.52,25.654,1.608,24.6,17.406,6376.54,80.75,610.51,5.29,63.19,20.64,25.6,1.713,24.58,17.142,MECHANICAL_FAILURE,1.0,1.0,1.0,1.0,1.0,0.0,0.0,0.0,0.0
87.6,CLIMB,82.7,58.76,3455.0,23.09,89.432,1.0517,6376.21,79.93,611.14,5.323,63.11,20.519,25.654,1.608,24.6,17.405,6373.3,78.8,610.26,5.316,62.8,20.549,25.751,1.609,24.595,17.383,MECHANICAL_FAILURE,1.0,1.0,1.0,1.0,1.0,0.0,0.0,0.0,0.0
87.7,CLIMB,82.69,58.75,3462.08,23.08,89.409,1.0515,6375.74,79.93,611.12,5.323,63.11,20.518,25.654,1.608,24.6,17.404,6381.5,80.22,612.41,5.34,62.48,20.601,25.677,1.541,24.618,17.416,MECHANICAL_FAILURE,1.0,1.0,1.0,1.0,1.0,0.0,0.0,0.0,0.0
87.8,CLIMB,82.68,58.74,3469.17,23.06,89.386,1.0513,6375.26,79.93,611.1,5.322,63.1,20.516,25.654,1.607,24.6,17.403,6374.54,80.1,612.31,5.318,63.11,20.542,25.635,1.584,24.715,17.365,MECHANICAL_FAILURE,1.0,1.0,1.0,1.0,1.0,0.0,0.0,0.0,0.0
87.9,CLIMB,82.68,58.74,3476.25,23.05,89.363,1.051,6374.79,79.93,611.08,5.322,63.09,20.515,25.654,1.607,24.6,17.401,6378.98,79.51,611.84,5.341,63.17,20.348,25.678,1.554,24.652,17.236,MECHANICAL_FAILURE,1.0,1.0,1.0,1.0,1.0,0.0,0.0,0.0,0.0
88.0,CLIMB,82.67,58.73,3483.33,23.03,89.341,1.0508,6374.32,79.92,611.06,5.322,63.08,20.514,25.653,1.607,24.6,17.4,6379.04,80.03,609.64,5.319,63.24,20.43,25.624,1.572,24.611,17.601,MECHANICAL_FAILURE,1.0,1.0,1.0,1.0,1.0,0.0,0.0,0.0,0.0
88.1,CLIMB,82.66,58.73,3490.42,23.02,89.318,1.0506,6373.84,79.92,611.03,5.322,63.07,20.512,25.653,1.607,24.6,17.399,6368.2,79.94,610.51,5.31,63.35,20.485,25.712,1.656,24.527,17.392,MECHANICAL_FAILURE,1.0,1.0,1.0,1.0,1.0,0.0,0.0,0.0,0.0
88.2,CLIMB,82.65,58.72,3497.5,23.01,89.295,1.0504,6373.37,79.92,611.01,5.322,63.06,20.511,25.653,1.607,24.6,17.398,6375.32,79.73,610.98,5.352,62.79,20.395,25.617,1.58,24.529,17.576,MECHANICAL_FAILURE,1.0,1.0,1.0,1.0,1.0,0.0,0.0,0.0,0.0
88.3,CLIMB,82.64,58.72,3504.58,22.99,89.272,1.0502,6372.89,79.92,610.99,5.321,63.05,20.51,25.653,1.607,24.6,17.396,6371.88,79.98,612.19,5.351,62.77,20.496,25.621,1.641,24.596,17.254,MECHANICAL_FAILURE,1.0,1.0,1.0,1.0,1.0,0.0,0.0,0.0,0.0
88.4,CLIMB,82.63,58.71,3511.67,22.98,89.249,1.05,6372.42,79.92,610.97,5.321,63.04,20.508,25.653,1.607,24.6,17.395,6375.83,80.15,611.57,5.325,63.63,20.732,25.672,1.57,24.612,17.422,MECHANICAL_FAILURE,1.0,1.0,1.0,1.0,1.0,0.0,0.0,0.0,0.0
88.5,CLIMB,82.63,58.71,3518.75,22.96,89.226,1.0497,6371.94,79.92,610.95,5.321,63.03,20.507,25.652,1.607,24.6,17.394,6370.85,79.38,612.41,5.313,62.66,20.479,25.665,1.629,24.62,17.464,MECHANICAL_FAILURE,1.0,1.0,1.0,1.0,1.0,0.0,0.0,0.0,0.0
88.6,CLIMB,82.62,58.7,3525.83,22.95,89.203,1.0495,6371.47,79.92,610.93,5.321,63.02,20.506,25.652,1.607,24.6,17.393,6364.08,80.2,609.52,5.315,63.32,20.478,25.688,1.589,24.57,17.299,MECHANICAL_FAILURE,1.0,1.0,1.0,1.0,1.0,0.0,0.0,0.0,0.0
88.7,CLIMB,82.61,58.7,3532.92,22.93,89.181,1.0493,6370.99,79.92,610.91,5.321,63.01,20.504,25.652,1.607,24.6,17.391,6372.75,80.87,609.42,5.349,63.31,20.417,25.749,1.555,24.625,17.56,MECHANICAL_FAILURE,1.0,1.0,1.0,1.0,1.0,0.0,0.0,0.0,0.0
88.8,CLIMB,82.6,58.69,3540.0,22.92,89.158,1.0491,6370.52,79.92,610.88,5.321,63.0,20.503,25.652,1.607,24.6,17.39,6374.04,79.09,611.91,5.344,62.3,20.449,25.683,1.663,24.687,17.224,MECHANICAL_FAILURE,1.0,1.0,1.0,1.0,1.0,0.0,0.0,0.0,0.0
88.9,CLIMB,82.59,58.68,3547.08,22.91,89.135,1.0489,6370.05,79.92,610.86,5.32,62.99,20.501,25.652,1.606,24.6,17.389,6364.94,80.16,609.54,5.303,62.81,20.534,25.714,1.586,24.565,17.359,MECHANICAL_FAILURE,1.0,1.0,1.0,1.0,1.0,0.0,0.0,0.0,0.0
89.0,CLIMB,82.58,58.68,3554.17,22.89,89.112,1.0486,6369.57,79.92,610.84,5.32,62.98,20.5,25.652,1.606,24.6,17.388,6370.12,79.28,612.88,5.274,63.06,20.577,25.564,1.623,24.611,17.359,MECHANICAL_FAILURE,1.0,1.0,1.0,1.0,1.0,0.0,0.0,0.0,0.0
89.1,CLIMB,82.58,58.67,3561.25,22.88,89.089,1.0484,6369.1,79.92,610.82,5.32,62.97,20.499,25.652,1.606,24.6,17.386,6375.81,80.67,610.94,5.337,62.71,20.347,25.587,1.517,24.543,17.251,MECHANICAL_FAILURE,1.0,1.0,1.0,1.0,1.0,0.0,0.0,0.0,0.0
89.2,CLIMB,82.57,58.67,3568.33,22.86,89.066,1.0482,6368.62,79.92,610.8,5.32,62.96,20.497,25.651,1.606,24.6,17.385,6374.25,81.06,610.06,5.284,62.76,20.428,25.588,1.616,24.625,17.385,MECHANICAL_FAILURE,1.0,1.0,1.0,1.0,1.0,0.0,0.0,0.0,0.0
89.3,CLIMB,82.56,58.66,3575.42,22.85,89.044,1.048,6368.15,79.92,610.78,5.32,62.95,20.496,25.651,1.606,24.6,17.384,6364.08,80.32,610.56,5.259,62.66,20.499,25.772,1.603,24.6,17.447,MECHANICAL_FAILURE,1.0,1.0,1.0,1.0,1.0,0.0,0.0,0.0,0.0
89.4,CLIMB,82.55,58.66,3582.5,22.84,89.021,1.0478,6367.67,79.92,610.76,5.32,62.94,20.495,25.651,1.606,24.6,17.383,6367.55,80.01,612.15,5.312,63.02,20.566,25.728,1.645,24.634,17.313,MECHANICAL_FAILURE,1.0,1.0,1.0,1.0,1.0,0.0,0.0,0.0,0.0
89.5,CLIMB,82.54,58.65,3589.58,22.82,88.998,1.0475,6367.2,79.92,610.74,5.319,62.93,20.493,25.651,1.606,24.6,17.381,6369.39,80.07,611.1,5.318,63.4,20.331,25.669,1.548,24.661,17.381,MECHANICAL_FAILURE,1.0,1.0,1.0,1.0,1.0,0.0,0.0,0.0,0.0
89.6,CLIMB,82.53,58.65,3596.67,22.81,88.975,1.0473,6366.73,79.92,610.72,5.319,62.92,20.492,25.651,1.606,24.6,17.38,6362.16,80.12,612.84,5.345,63.06,20.487,25.568,1.587,24.612,17.354,MECHANICAL_FAILURE,1.0,1.0,1.0,1.0,1.0,0.0,0.0,0.0,0.0
89.7,CLIMB,82.53,58.64,3603.75,22.79,88.953,1.0471,6366.25,79.92,610.7,5.319,62.92,20.491,25.651,1.606,24.6,17.379,6364.93,79.96,611.18,5.365,62.71,20.508,25.585,1.664,24.624,17.489,MECHANICAL_FAILURE,1.0,1.0,1.0,1.0,1.0,0.0,0.0,0.0,0.0
89.8,CLIMB,82.52,58.64,3610.83,22.78,88.93,1.0469,6365.78,79.92,610.68,5.319,62.91,20.489,25.65,1.606,24.6,17.378,6364.43,79.33,608.78,5.324,62.75,20.411,25.611,1.575,24.605,17.315,MECHANICAL_FAILURE,1.0,1.0,1.0,1.0,1.0,0.0,0.0,0.0,0.0
89.9,CLIMB,82.51,58.63,3617.92,22.76,88.907,1.0467,6365.3,79.92,610.66,5.319,62.9,20.488,25.65,1.606,24.6,17.376,6371.1,79.29,611.95,5.318,62.77,20.513,25.689,1.653,24.621,17.318,MECHANICAL_FAILURE,1.0,1.0,1.0,1.0,1.0,0.0,0.0,0.0,0.0
90.0,CLIMB,82.5,58.63,3625.0,22.75,88.884,1.0465,6364.83,79.91,610.64,5.319,62.89,20.486,25.65,1.605,24.6,17.375,6362.71,80.46,609.86,5.311,62.93,20.444,25.696,1.581,24.617,17.416,MECHANICAL_FAILURE,1.0,1.0,1.0,1.0,1.0,0.0,0.0,0.0,0.0
90.1,CLIMB,82.49,58.62,3632.08,22.74,88.862,1.0462,6364.36,79.91,610.62,5.318,62.88,20.485,25.65,1.605,24.6,17.374,6369.82,79.04,610.24,5.345,63.04,20.527,25.594,1.626,24.624,17.35,MECHANICAL_FAILURE,1.0,1.0,1.0,1.0,1.0,0.0,0.0,0.0,0.0
90.2,CLIMB,82.48,58.61,3639.17,22.72,88.839,1.046,6363.88,79.91,610.6,5.318,62.87,20.484,25.65,1.605,24.6,17.373,6367.42,79.99,611.17,5.317,62.77,20.597,25.616,1.628,24.601,17.335,MECHANICAL_FAILURE,1.0,1.0,1.0,1.0,1.0,0.0,0.0,0.0,0.0
90.3,CLIMB,82.48,58.61,3646.25,22.71,88.816,1.0458,6363.41,79.91,610.58,5.318,62.86,20.482,25.649,1.605,24.6,17.371,6362.28,79.69,611.99,5.331,62.59,20.501,25.69,1.597,24.55,17.474,MECHANICAL_FAILURE,1.0,1.0,1.0,1.0,1.0,0.0,0.0,0.0,0.0
90.4,CLIMB,82.47,58.6,3653.33,22.69,88.793,1.0456,6362.93,79.91,610.56,5.318,62.85,20.481,25.649,1.605,24.6,17.37,6364.46,79.38,610.95,5.299,62.65,20.32,25.679,1.613,24.56,17.458,MECHANICAL_FAILURE,1.0,1.0,1.0,1.0,1.0,0.0,0.0,0.0,0.0
90.5,CLIMB,82.46,58.6,3660.42,22.68,88.771,1.0454,6362.46,79.91,610.54,5.318,62.84,20.48,25.649,1.605,24.6,17.369,6361.93,80.17,612.61,5.289,62.82,20.413,25.715,1.578,24.61,17.562,MECHANICAL_FAILURE,1.0,1.0,1.0,1.0,1.0,0.0,0.0,0.0,0.0
90.6,CLIMB,82.45,58.59,3667.5,22.67,88.748,1.0452,6361.99,79.91,610.52,5.318,62.83,20.478,25.649,1.605,24.6,17.368,6358.53,79.9,613.27,5.267,62.23,20.339,25.607,1.589,24.553,17.186,MECHANICAL_FAILURE,1.0,1.0,1.0,1.0,1.0,0.0,0.0,0.0,0.0
90.7,CLIMB,82.44,58.59,3674.58,22.65,88.725,1.0449,6361.51,79.91,610.5,5.317,62.82,20.477,25.649,1.605,24.6,17.366,6366.05,79.38,611.7,5.295,62.58,20.48,25.66,1.609,24.555,17.423,MECHANICAL_FAILURE,1.0,1.0,1.0,1.0,1.0,0.0,0.0,0.0,0.0
90.8,CLIMB,82.43,58.58,3681.67,22.64,88.702,1.0447,6361.04,79.91,610.48,5.317,62.81,20.476,25.649,1.605,24.6,17.365,6357.17,79.31,611.03,5.323,62.92,20.468,25.634,1.675,24.687,17.579,MECHANICAL_FAILURE,1.0,1.0,1.0,1.0,1.0,0.0,0.0,0.0,0.0
90.9,CLIMB,82.43,58.58,3688.75,22.62,88.68,1.0445,6360.56,79.91,610.46,5.317,62.8,20.474,25.649,1.605,24.6,17.364,6355.13,79.66,609.69,5.287,62.66,20.531,25.691,1.599,24.58,17.428,MECHANICAL_FAILURE,1.0,1.0,1.0,1.0,1.0,0.0,0.0,0.0,0.0
91.0,CLIMB,82.42,58.57,3695.83,22.61,88.657,1.0443,6360.09,79.91,610.44,5.317,62.79,20.473,25.648,1.605,24.6,17.363,6365.17,79.6,608.85,5.363,62.9,20.666,25.647,1.646,24.548,17.279,MECHANICAL_FAILURE,1.0,1.0,1.0,1.0,1.0,0.0,0.0,0.0,0.0
91.1,CLIMB,82.41,58.57,3702.92,22.59,88.634,1.0441,6359.62,79.91,610.42,5.317,62.78,20.472,25.648,1.604,24.6,17.361,6364.88,79.74,611.5,5.314,62.78,20.388,25.749,1.55,24.683,17.403,MECHANICAL_FAILURE,1.0,1.0,1.0,1.0,1.0,0.0,0.0,0.0,0.0
91.2,CLIMB,82.4,58.56,3710.0,22.58,88.612,1.0439,6359.14,79.91,610.4,5.317,62.77,20.47,25.648,1.604,24.6,17.36,6358.92,79.71,611.69,5.328,62.99,20.346,25.676,1.64,24.597,17.483,MECHANICAL_FAILURE,1.0,1.0,1.0,1.0,1.0,0.0,0.0,0.0,0.0
91.3,CLIMB,82.39,58.55,3717.08,22.57,88.589,1.0436,6358.67,79.91,610.38,5.316,62.76,20.469,25.648,1.604,24.6,17.359,6358.53,79.64,612.31,5.309,62.35,20.34,25.699,1.612,24.548,17.517,MECHANICAL_FAILURE,1.0,1.0,1.0,1.0,1.0,0.0,0.0,0.0,0.0
91.4,CLIMB,82.38,58.55,3724.17,22.55,88.566,1.0434,6358.2,79.91,610.36,5.316,62.75,20.467,25.648,1.604,24.6,17.358,6361.25,80.47,610.18,5.236,62.75,20.401,25.602,1.523,24.612,17.385,MECHANICAL_FAILURE,1.0,1.0,1.0,1.0,1.0,0.0,0.0,0.0,0.0
91.5,CLIMB,82.38,58.54,3731.25,22.54,88.544,1.0432,6357.72,79.91,610.34,5.316,62.74,20.466,25.648,1.604,24.6,17.356,6355.32,80.29,608.45,5.37,63.17,20.459,25.685,1.558,24.607,17.383,MECHANICAL_FAILURE,1.0,1.0,1.0,1.0,1.0,0.0,0.0,0.0,0.0
91.6,CLIMB,82.37,58.54,3738.33,22.52,88.521,1.043,6357.25,79.91,610.32,5.316,62.73,20.465,25.647,1.604,24.6,17.355,6349.54,79.05,610.41,5.313,62.4,20.405,25.66,1.642,24.576,17.311,MECHANICAL_FAILURE,1.0,1.0,1.0,1.0,1.0,0.0,0.0,0.0,0.0
91.7,CLIMB,82.36,58.53,3745.42,22.51,88.498,1.0428,6356.78,79.91,610.3,5.316,62.72,20.463,25.647,1.604,24.6,17.354,6357.39,79.52,609.37,5.316,62.76,20.341,25.671,1.558,24.633,17.239,MECHANICAL_FAILURE,1.0,1.0,1.0,1.0,1.0,0.0,0.0,0.0,0.0
91.8,CLIMB,82.35,58.53,3752.5,22.5,88.476,1.0425,6356.3,79.9,610.29,5.316,62.71,20.462,25.647,1.604,24.6,17.353,6363.4,80.0,611.47,5.308,62.4,20.62,25.62,1.649,24.678,17.441,MECHANICAL_FAILURE,1.0,1.0,1.0,1.0,1.0,0.0,0.0,0.0,0.0
91.9,CLIMB,82.34,58.52,3759.58,22.48,88.453,1.0423,6355.83,79.9,610.27,5.315,62.7,20.461,25.647,1.604,24.6,17.351,6347.73,79.82,610.58,5.29,62.47,20.568,25.636,1.466,24.564,17.365,MECHANICAL_FAILURE,1.0,1.0,1.0,1.0,1.0,0.0,0.0,0.0,0.0
92.0,CLIMB,82.33,58.52,3766.67,22.47,88.43,1.0421,6355.36,79.9,610.25,5.315,62.69,20.459,25.647,1.604,24.6,17.35,6350.64,80.54,612.06,5.307,62.94,20.679,25.673,1.688,24.615,17.239,MECHANICAL_FAILURE,1.0,1.0,1.0,1.0,1.0,0.0,0.0,0.0,0.0
92.1,CLIMB,82.33,58.51,3773.75,22.45,88.408,1.0419,6354.88,79.9,610.23,5.315,62.68,20.458,25.647,1.604,24.6,17.349,6350.98,79.4,609.5,5.277,63.36,20.45,25.629,1.633,24.566,17.402,MECHANICAL_FAILURE,1.0,1.0,1.0,1.0,1.0,0.0,0.0,0.0,0.0
92.2,CLIMB,82.32,58.51,3780.83,22.44,88.385,1.0417,6354.41,79.9,610.21,5.315,62.67,20.457,25.646,1.603,24.6,17.348,6366.53,79.88,611.27,5.352,63.05,20.409,25.562,1.598,24.571,17.408,MECHANICAL_FAILURE,1.0,1.0,1.0,1.0,1.0,0.0,0.0,0.0,0.0
92.3,CLIMB,82.31,58.5,3787.92,22.42,88.363,1.0415,6353.93,79.9,610.19,5.315,62.66,20.455,25.646,1.603,24.6,17.346,6342.44,80.59,610.89,5.286,62.65,20.499,25.611,1.589,24.47,17.3,MECHANICAL_FAILURE,1.0,1.0,1.0,1.0,1.0,0.0,0.0,0.0,0.0
92.4,CLIMB,82.3,58.5,3795.0,22.41,88.34,1.0412,6353.46,79.9,610.17,5.314,62.65,20.454,25.646,1.603,24.6,17.345,6350.68,80.27,608.59,5.332,62.45,20.347,25.65,1.589,24.62,17.402,MECHANICAL_FAILURE,1.0,1.0,1.0,1.0,1.0,0.0,0.0,0.0,0.0
92.5,CLIMB,82.29,58.49,3802.08,22.4,88.317,1.041,6352.99,79.9,610.15,5.314,62.64,20.452,25.646,1.603,24.6,17.344,6348.12,80.58,611.03,5.316,62.94,20.356,25.609,1.644,24.591,17.413,MECHANICAL_FAILURE,1.0,1.0,1.0,1.0,1.0,0.0,0.0,0.0,0.0
92.6,CLIMB,82.28,58.48,3809.17,22.38,88.295,1.0408,6352.51,79.9,610.13,5.314,62.63,20.451,25.646,1.603,24.6,17.343,6356.71,80.4,609.71,5.309,62.43,20.479,25.657,1.575,24.596,17.321,MECHANICAL_FAILURE,1.0,1.0,1.0,1.0,1.0,0.0,0.0,0.0,0.0
92.7,CLIMB,82.28,58.48,3816.25,22.37,88.272,1.0406,6352.04,79.9,610.12,5.314,62.62,20.45,25.646,1.603,24.6,17.341,6349.75,79.48,608.19,5.303,62.51,20.404,25.629,1.623,24.612,17.253,MECHANICAL_FAILURE,1.0,1.0,1.0,1.0,1.0,0.0,0.0,0.0,0.0
92.8,CLIMB,82.27,58.47,3823.33,22.35,88.25,1.0404,6351.57,79.9,610.1,5.314,62.61,20.448,25.645,1.603,24.6,17.34,6349.68,80.41,612.24,5.337,63.16,20.411,25.696,1.547,24.652,17.361,MECHANICAL_FAILURE,1.0,1.0,1.0,1.0,1.0,0.0,0.0,0.0,0.0
92.9,CLIMB,82.26,58.47,3830.42,22.34,88.227,1.0402,6351.1,79.9,610.08,5.314,62.6,20.447,25.645,1.603,24.6,17.339,6351.06,79.87,612.36,5.322,62.37,20.389,25.678,1.55,24.561,17.461,MECHANICAL_FAILURE,1.0,1.0,1.0,1.0,1.0,0.0,0.0,0.0,0.0
93.0,CLIMB,82.25,58.46,3837.5,22.33,88.204,1.0399,6350.62,79.9,610.06,5.313,62.59,20.446,25.645,1.603,24.6,17.338,6353.35,79.96,610.64,5.258,62.72,20.336,25.623,1.636,24.657,17.375,MECHANICAL_FAILURE,1.0,1.0,1.0,1.0,1.0,0.0,0.0,0.0,0.0
93.1,CLIMB,82.24,58.46,3844.58,22.31,88.182,1.0397,6350.15,79.9,610.04,5.313,62.58,20.444,25.645,1.603,24.6,17.336,6343.51,79.44,610.72,5.227,62.41,20.554,25.639,1.707,24.532,17.231,MECHANICAL_FAILURE,1.0,1.0,1.0,1.0,1.0,0.0,0.0,0.0,0.0
93.2,CLIMB,82.23,58.45,3851.67,22.3,88.159,1.0395,6349.68,79.9,610.02,5.313,62.57,20.443,25.645,1.603,24.6,17.335,6351.55,80.12,609.73,5.376,62.27,20.327,25.618,1.568,24.657,17.089,MECHANICAL_FAILURE,1.0,1.0,1.0,1.0,1.0,0.0,0.0,0.0,0.0
93.3,CLIMB,82.23,58.45,3858.75,22.28,88.137,1.0393,6349.2,79.9,610.0,5.313,62.56,20.442,25.645,1.602,24.6,17.334,6359.4,79.78,608.58,5.262,62.69,20.378,25.61,1.547,24.626,17.257,MECHANICAL_FAILURE,1.0,1.0,1.0,1.0,1.0,0.0,0.0,0.0,0.0
93.4,CLIMB,82.22,58.44,3865.83,22.27,88.114,1.0391,6348.73,79.9,609.99,5.313,62.55,20.44,25.644,1.602,24.6,17.333,6355.51,79.45,610.27,5.353,62.81,20.597,25.727,1.555,24.589,17.398,MECHANICAL_FAILURE,1.0,1.0,1.0,1.0,1.0,0.0,0.0,0.0,0.0
93.5,CLIMB,82.21,58.44,3872.92,22.25,88.092,1.0389,6348.26,79.9,609.97,5.313,62.54,20.439,25.644,1.602,24.6,17.331,6347.03,79.88,610.94,5.32,62.43,20.55,25.678,1.559,24.638,17.073,MECHANICAL_FAILURE,1.0,1.0,1.0,1.0,1.0,0.0,0.0,0.0,0.0
93.6,CLIMB,82.2,58.43,3880.0,22.24,88.069,1.0387,6347.78,79.9,609.95,5.312,62.54,20.437,25.644,1.602,24.6,17.33,6348.61,80.01,608.88,5.354,62.58,20.447,25.61,1.558,24.592,17.324,MECHANICAL_FAILURE,1.0,1.0,1.0,1.0,1.0,0.0,0.0,0.0,0.0
93.7,CLIMB,82.19,58.42,3887.08,22.23,88.046,1.0384,6347.31,79.89,609.93,5.312,62.53,20.436,25.644,1.602,24.6,17.329,6347.23,80.1,610.69,5.334,62.05,20.486,25.56,1.714,24.679,17.261,MECHANICAL_FAILURE,1.0,1.0,1.0,1.0,1.0,0.0,0.0,0.0,0.0
93.8,CLIMB,82.18,58.42,3894.17,22.21,88.024,1.0382,6346.84,79.89,609.91,5.312,62.52,20.435,25.644,1.602,24.6,17.328,6359.85,79.53,610.88,5.301,62.41,20.466,25.656,1.591,24.566,17.446,MECHANICAL_FAILURE,1.0,1.0,1.0,1.0,1.0,0.0,0.0,0.0,0.0
93.9,CLIMB,82.18,58.41,3901.25,22.2,88.001,1.038,6346.37,79.89,609.9,5.312,62.51,20.433,25.644,1.602,24.6,17.326,6348.68,79.75,609.21,5.32,62.9,20.225,25.613,1.496,24.595,17.361,MECHANICAL_FAILURE,1.0,1.0,1.0,1.0,1.0,0.0,0.0,0.0,0.0
94.0,CLIMB,82.17,58.41,3908.33,22.18,87.979,1.0378,6345.89,79.89,609.88,5.312,62.5,20.432,25.643,1.602,24.6,17.325,6347.9,79.0,609.26,5.299,63.06,20.685,25.699,1.615,24.728,17.229,MECHANICAL_FAILURE,1.0,1.0,1.0,1.0,1.0,0.0,0.0,0.0,0.0
94.1,CLIMB,82.16,58.4,3915.42,22.17,87.956,1.0376,6345.42,79.89,609.86,5.312,62.49,20.431,25.643,1.602,24.6,17.324,6346.54,79.89,611.27,5.319,62.89,20.373,25.66,1.605,24.582,17.457,MECHANICAL_FAILURE,1.0,1.0,1.0,1.0,1.0,0.0,0.0,0.0,0.0
94.2,CLIMB,82.15,58.4,3922.5,22.16,87.934,1.0374,6344.95,79.89,609.84,5.311,62.48,20.429,25.643,1.602,24.6,17.323,6342.26,79.63,607.42,5.285,62.32,20.439,25.636,1.67,24.559,17.297,MECHANICAL_FAILURE,1.0,1.0,1.0,1.0,1.0,0.0,0.0,0.0,0.0
94.3,CLIMB,82.14,58.39,3929.58,22.14,87.911,1.0371,6344.47,79.89,609.82,5.311,62.47,20.428,25.643,1.602,24.6,17.321,6345.14,80.49,610.4,5.296,62.44,20.439,25.713,1.65,24.641,17.256,MECHANICAL_FAILURE,1.0,1.0,1.0,1.0,1.0,0.0,0.0,0.0,0.0
94.4,CLIMB,82.13,58.39,3936.67,22.13,87.889,1.0369,6344.0,79.89,609.8,5.311,62.46,20.427,25.643,1.601,24.6,17.32,6336.95,79.67,607.9,5.267,62.63,20.49,25.719,1.576,24.63,17.422,MECHANICAL_FAILURE,1.0,1.0,1.0,1.0,1.0,0.0,0.0,0.0,0.0
94.5,CLIMB,82.13,58.38,3943.75,22.11,87.866,1.0367,6343.53,79.89,609.79,5.311,62.45,20.425,25.643,1.601,24.6,17.319,6345.92,80.11,610.09,5.321,62.83,20.446,25.69,1.587,24.585,17.369,MECHANICAL_FAILURE,1.0,1.0,1.0,1.0,1.0,0.0,0.0,0.0,0.0
94.6,CLIMB,82.12,58.38,3950.83,22.1,87.844,1.0365,6343.06,79.89,609.77,5.311,62.44,20.424,25.642,1.601,24.6,17.318,6349.13,79.71,611.43,5.317,63.09,20.509,25.548,1.641,24.464,17.414,MECHANICAL_FAILURE,1.0,1.0,1.0,1.0,1.0,0.0,0.0,0.0,0.0
94.7,CLIMB,82.11,58.37,3957.92,22.08,87.821,1.0363,6342.58,79.89,609.75,5.311,62.43,20.422,25.642,1.601,24.6,17.316,6351.3,80.42,610.4,5.315,62.44,20.468,25.618,1.687,24.56,17.436,MECHANICAL_FAILURE,1.0,1.0,1.0,1.0,1.0,0.0,0.0,0.0,0.0
94.8,CLIMB,82.1,58.37,3965.0,22.07,87.799,1.0361,6342.11,79.89,609.73,5.31,62.42,20.421,25.642,1.601,24.6,17.315,6345.94,80.07,610.87,5.288,62.02,20.398,25.668,1.635,24.469,17.109,MECHANICAL_FAILURE,1.0,1.0,1.0,1.0,1.0,0.0,0.0,0.0,0.0
94.9,CLIMB,82.09,58.36,3972.08,22.06,87.776,1.0358,6341.64,79.89,609.72,5.31,62.41,20.42,25.642,1.601,24.6,17.314,6335.42,79.47,608.12,5.312,62.3,20.435,25.713,1.588,24.611,17.282,MECHANICAL_FAILURE,1.0,1.0,1.0,1.0,1.0,0.0,0.0,0.0,0.0
95.0,CLIMB,82.08,58.35,3979.17,22.04,87.754,1.0356,6341.17,79.89,609.7,5.31,62.4,20.418,25.642,1.601,24.6,17.313,6334.21,79.49,609.28,5.348,62.76,20.469,25.71,1.519,24.656,17.275,MECHANICAL_FAILURE,1.0,1.0,1.0,1.0,1.0,0.0,0.0,0.0,0.0
95.1,CLIMB,82.08,58.35,3986.25,22.03,87.731,1.0354,6340.69,79.89,609.68,5.31,62.39,20.417,25.642,1.601,24.6,17.311,6354.14,79.54,610.06,5.263,62.24,20.415,25.66,1.555,24.643,17.322,MECHANICAL_FAILURE,1.0,1.0,1.0,1.0,1.0,0.0,0.0,0.0,0.0
95.2,CLIMB,82.07,58.34,3993.33,22.01,87.709,1.0352,6340.22,79.89,609.66,5.31,62.38,20.416,25.641,1.601,24.6,17.31,6339.36,79.95,609.09,5.309,62.34,20.361,25.655,1.61,24.559,17.303,MECHANICAL_FAILURE,1.0,1.0,1.0,1.0,1.0,0.0,0.0,0.0,0.0
95.3,CLIMB,82.06,58.34,4000.42,22.0,87.687,1.035,6339.75,79.89,609.65,5.31,62.37,20.414,25.641,1.601,24.6,17.309,6324.99,80.21,611.35,5.329,62.76,20.354,25.666,1.619,24.522,17.269,MECHANICAL_FAILURE,1.0,1.0,1.0,1.0,1.0,0.0,0.0,0.0,0.0
95.4,CLIMB,82.05,58.33,4007.5,21.99,87.664,1.0348,6339.27,79.89,609.63,5.309,62.36,20.413,25.641,1.601,24.6,17.308,6349.06,80.93,609.65,5.37,62.71,20.433,25.607,1.575,24.634,17.386,MECHANICAL_FAILURE,1.0,1.0,1.0,1.0,1.0,0.0,0.0,0.0,0.0
95.5,CLIMB,82.04,58.33,4014.58,21.97,87.642,1.0346,6338.8,79.88,609.61,5.309,62.35,20.412,25.641,1.6,24.6,17.306,6328.54,79.69,609.76,5.317,62.55,20.494,25.648,1.639,24.594,17.186,MECHANICAL_FAILURE,1.0,1.0,1.0,1.0,1.0,0.0,0.0,0.0,0.0
95.6,CLIMB,82.03,58.32,4021.67,21.96,87.619,1.0343,6338.33,79.88,609.59,5.309,62.34,20.41,25.641,1.6,24.6,17.305,6328.55,80.01,609.16,5.333,62.33,20.448,25.693,1.583,24.502,17.404,MECHANICAL_FAILURE,1.0,1.0,1.0,1.0,1.0,0.0,0.0,0.0,0.0
95.7,CLIMB,82.03,58.32,4028.75,21.94,87.597,1.0341,6337.86,79.88,609.57,5.309,62.33,20.409,25.641,1.6,24.6,17.304,6342.45,79.35,609.39,5.369,62.11,20.426,25.675,1.656,24.6,17.423,MECHANICAL_FAILURE,1.0,1.0,1.0,1.0,1.0,0.0,0.0,0.0,0.0
95.8,CLIMB,82.02,58.31,4035.83,21.93,87.574,1.0339,6337.39,79.88,609.56,5.309,62.32,20.407,25.64,1.6,24.6,17.303,6333.14,79.92,607.8,5.303,62.16,20.329,25.576,1.571,24.533,17.269,MECHANICAL_FAILURE,1.0,1.0,1.0,1.0,1.0,0.0,0.0,0.0,0.0
95.9,CLIMB,82.01,58.31,4042.92,21.91,87.552,1.0337,6336.91,79.88,609.54,5.309,62.31,20.406,25.64,1.6,24.6,17.301,6338.54,79.27,609.82,5.352,62.4,20.375,25.672,1.716,24.644,17.387,MECHANICAL_FAILURE,1.0,1.0,1.0,1.0,1.0,0.0,0.0,0.0,0.0
96.0,CLIMB,82.0,58.3,4050.0,21.9,87.53,1.0335,6336.44,79.88,609.52,5.308,62.3,20.405,25.64,1.6,24.6,17.3,6326.41,80.36,612.58,5.253,62.33,20.346,25.639,1.543,24.633,17.373,MECHANICAL_FAILURE,1.0,1.0,1.0,1.0,1.0,0.0,0.0,0.0,0.0
96.1,CLIMB,81.99,58.29,4057.08,21.89,87.507,1.0333,6335.97,79.88,609.51,5.308,62.29,20.403,25.64,1.6,24.6,17.299,6340.04,80.44,608.73,5.339,62.19,20.438,25.619,1.605,24.595,17.464,MECHANICAL_FAILURE,1.0,1.0,1.0,1.0,1.0,0.0,0.0,0.0,0.0
96.2,CLIMB,81.98,58.29,4064.17,21.87,87.485,1.033,6335.5,79.88,609.49,5.308,62.28,20.402,25.64,1.6,24.6,17.298,6330.96,79.17,608.45,5.337,62.25,20.485,25.73,1.56,24.608,17.264,MECHANICAL_FAILURE,1.0,1.0,1.0,1.0,1.0,0.0,0.0,0.0,0.0
96.3,CLIMB,81.98,58.28,4071.25,21.86,87.462,1.0328,6335.02,79.88,609.47,5.308,62.27,20.401,25.64,1.6,24.6,17.296,6334.58,80.33,607.75,5.299,62.17,20.288,25.723,1.548,24.601,17.076,MECHANICAL_FAILURE,1.0,1.0,1.0,1.0,1.0,0.0,0.0,0.0,0.0
96.4,CLIMB,81.97,58.28,4078.33,21.84,87.44,1.0326,6334.55,79.88,609.45,5.308,62.26,20.399,25.639,1.6,24.6,17.295,6335.47,79.83,605.98,5.344,62.49,20.458,25.682,1.656,24.673,17.274,MECHANICAL_FAILURE,1.0,1.0,1.0,1.0,1.0,0.0,0.0,0.0,0.0
96.5,CLIMB,81.96,58.27,4085.42,21.83,87.418,1.0324,6334.08,79.88,609.44,5.308,62.25,20.398,25.639,1.6,24.6,17.294,6331.08,79.47,610.64,5.322,62.32,20.439,25.662,1.525,24.593,17.414,MECHANICAL_FAILURE,1.0,1.0,1.0,1.0,1.0,0.0,0.0,0.0,0.0
96.6,CLIMB,81.95,58.27,4092.5,21.82,87.395,1.0322,6333.61,79.88,609.42,5.307,62.23,20.396,25.639,1.6,24.6,17.293,6333.14,78.93,607.39,5.334,62.32,20.374,25.585,1.594,24.568,17.214,MECHANICAL_FAILURE,1.0,1.0,1.0,1.0,1.0,0.0,0.0,0.0,0.0
96.7,CLIMB,81.94,58.26,4099.58,21.8,87.373,1.032,6333.14,79.88,609.4,5.307,62.22,20.395,25.639,1.599,24.6,17.291,6328.04,79.42,609.17,5.27,62.29,20.496,25.663,1.569,24.581,17.258,MECHANICAL_FAILURE,1.0,1.0,1.0,1.0,1.0,0.0,0.0,0.0,0.0
96.8,CLIMB,81.93,58.26,4106.67,21.79,87.351,1.0318,6332.66,79.88,609.38,5.307,62.21,20.394,25.639,1.599,24.6,17.29,6333.77,80.06,611.29,5.267,62.08,20.181,25.736,1.591,24.621,17.442,MECHANICAL_FAILURE,1.0,1.0,1.0,1.0,1.0,0.0,0.0,0.0,0.0
96.9,CLIMB,81.93,58.25,4113.75,21.77,87.328,1.0315,6332.19,79.88,609.37,5.307,62.2,20.392,25.639,1.599,24.6,17.289,6333.78,81.03,611.12,5.308,62.0,20.289,25.573,1.701,24.587,17.158,MECHANICAL_FAILURE,1.0,1.0,1.0,1.0,1.0,0.0,0.0,0.0,0.0
97.0,CLIMB,81.92,58.25,4120.83,21.76,87.306,1.0313,6331.72,79.88,609.35,5.307,62.19,20.391,25.638,1.599,24.6,17.288,6331.38,79.86,609.28,5.331,61.86,20.563,25.593,1.638,24.583,17.376,MECHANICAL_FAILURE,1.0,1.0,1.0,1.0,1.0,0.0,0.0,0.0,0.0
97.1,CLIMB,81.91,58.24,4127.92,21.74,87.283,1.0311,6331.25,79.88,609.33,5.307,62.18,20.39,25.638,1.599,24.6,17.286,6331.08,80.41,612.84,5.301,61.69,20.441,25.602,1.678,24.452,17.326,MECHANICAL_FAILURE,1.0,1.0,1.0,1.0,1.0,0.0,0.0,0.0,0.0
97.2,CLIMB,81.9,58.24,4135.0,21.73,87.261,1.0309,6330.78,79.88,609.32,5.306,62.17,20.388,25.638,1.599,24.6,17.285,6326.45,80.42,610.62,5.249,62.36,20.369,25.59,1.575,24.556,17.223,MECHANICAL_FAILURE,1.0,1.0,1.0,1.0,1.0,0.0,0.0,0.0,0.0
97.3,CLIMB,81.89,58.23,4142.08,21.72,87.239,1.0307,6330.3,79.87,609.3,5.306,62.16,20.387,25.638,1.599,24.6,17.284,6338.53,80.0,608.09,5.283,62.07,20.431,25.614,1.591,24.669,17.268,MECHANICAL_FAILURE,1.0,1.0,1.0,1.0,1.0,0.0,0.0,0.0,0.0
97.4,CLIMB,81.88,58.22,4149.17,21.7,87.216,1.0305,6329.83,79.87,609.28,5.306,62.15,20.386,25.638,1.599,24.6,17.283,6331.59,79.65,610.19,5.322,61.7,20.438,25.711,1.614,24.602,17.453,MECHANICAL_FAILURE,1.0,1.0,1.0,1.0,1.0,0.0,0.0,0.0,0.0
97.5,CLIMB,81.88,58.22,4156.25,21.69,87.194,1.0303,6329.36,79.87,609.27,5.306,62.14,20.384,25.638,1.599,24.6,17.281,6329.56,80.95,607.42,5.267,61.86,20.509,25.722,1.605,24.568,17.188,MECHANICAL_FAILURE,1.0,1.0,1.0,1.0,1.0,0.0,0.0,0.0,0.0
97.6,CLIMB,81.87,58.21,4163.33,21.67,87.172,1.03,6328.89,79.87,609.25,5.306,62.13,20.383,25.637,1.599,24.6,17.28,6331.97,80.35,608.38,5.333,62.42,20.388,25.627,1.521,24.664,17.282,MECHANICAL_FAILURE,1.0,1.0,1.0,1.0,1.0,0.0,0.0,0.0,0.0
97.7,CLIMB,81.86,58.21,4170.42,21.66,87.15,1.0298,6328.42,79.87,609.23,5.306,62.12,20.381,25.637,1.599,24.6,17.279,6331.15,79.65,608.82,5.327,61.85,20.288,25.628,1.561,24.56,17.593,MECHANICAL_FAILURE,1.0,1.0,1.0,1.0,1.0,0.0,0.0,0.0,0.0
97.8,CLIMB,81.85,58.2,4177.5,21.65,87.127,1.0296,6327.94,79.87,609.21,5.305,62.11,20.38,25.637,1.598,24.6,17.278,6326.16,79.6,610.32,5.267,62.05,20.284,25.68,1.588,24.631,17.066,MECHANICAL_FAILURE,1.0,1.0,1.0,1.0,1.0,0.0,0.0,0.0,0.0
97.9,CLIMB,81.84,58.2,4184.58,21.63,87.105,1.0294,6327.47,79.87,609.2,5.305,62.1,20.379,25.637,1.598,24.6,17.276,6331.75,80.28,610.11,5.277,61.96,20.324,25.655,1.601,24.609,17.08,MECHANICAL_FAILURE,1.0,1.0,1.0,1.0,1.0,0.0,0.0,0.0,0.0
98.0,CLIMB,81.83,58.19,4191.67,21.62,87.083,1.0292,6327.0,79.87,609.18,5.305,62.09,20.377,25.637,1.598,24.6,17.275,6332.3,80.74,607.62,5.306,62.18,20.356,25.604,1.599,24.674,17.226,MECHANICAL_FAILURE,1.0,1.0,1.0,1.0,1.0,0.0,0.0,0.0,0.0
98.1,CLIMB,81.83,58.19,4198.75,21.6,87.06,1.029,6326.53,79.87,609.16,5.305,62.08,20.376,25.637,1.598,24.6,17.274,6332.89,80.02,610.68,5.234,62.18,20.417,25.686,1.625,24.483,17.16,MECHANICAL_FAILURE,1.0,1.0,1.0,1.0,1.0,0.0,0.0,0.0,0.0
98.2,CLIMB,81.82,58.18,4205.83,21.59,87.038,1.0288,6326.06,79.87,609.15,5.305,62.07,20.375,25.636,1.598,24.6,17.273,6327.33,79.99,610.33,5.314,62.12,20.422,25.605,1.504,24.614,17.253,MECHANICAL_FAILURE,1.0,1.0,1.0,1.0,1.0,0.0,0.0,0.0,0.0
98.3,CLIMB,81.81,58.18,4212.92,21.57,87.016,1.0285,6325.59,79.87,609.13,5.305,62.06,20.373,25.636,1.598,24.6,17.271,6324.86,80.26,606.99,5.271,61.83,20.387,25.613,1.55,24.601,17.267,MECHANICAL_FAILURE,1.0,1.0,1.0,1.0,1.0,0.0,0.0,0.0,0.0
98.4,CLIMB,81.8,58.17,4220.0,21.56,86.994,1.0283,6325.11,79.87,609.11,5.304,62.05,20.372,25.636,1.598,24.6,17.27,6323.67,80.19,607.56,5.284,62.23,20.435,25.638,1.558,24.648,17.15,MECHANICAL_FAILURE,1.0,1.0,1.0,1.0,1.0,0.0,0.0,0.0,0.0
98.5,CLIMB,81.79,58.16,4227.08,21.55,86.971,1.0281,6324.64,79.87,609.1,5.304,62.04,20.371,25.636,1.598,24.6,17.269,6330.35,79.21,611.31,5.263,62.33,20.371,25.632,1.552,24.57,17.247,MECHANICAL_FAILURE,1.0,1.0,1.0,1.0,1.0,0.0,0.0,0.0,0.0
98.6,CLIMB,81.78,58.16,4234.17,21.53,86.949,1.0279,6324.17,79.87,609.08,5.304,62.03,20.369,25.636,1.598,24.6,17.268,6319.38,79.87,607.75,5.261,62.05,20.368,25.605,1.663,24.568,17.138,MECHANICAL_FAILURE,1.0,1.0,1.0,1.0,1.0,0.0,0.0,0.0,0.0
98.7,CLIMB,81.78,58.15,4241.25,21.52,86.927,1.0277,6323.7,79.87,609.06,5.304,62.02,20.368,25.636,1.598,24.6,17.266,6323.05,79.34,607.52,5.33,62.05,20.391,25.682,1.644,24.614,17.017,MECHANICAL_FAILURE,1.0,1.0,1.0,1.0,1.0,0.0,0.0,0.0,0.0
98.8,CLIMB,81.77,58.15,4248.33,21.5,86.905,1.0275,6323.23,79.87,609.05,5.304,62.01,20.366,25.635,1.598,24.6,17.265,6320.9,79.11,608.48,5.311,61.35,20.255,25.628,1.519,24.61,17.258,MECHANICAL_FAILURE,1.0,1.0,1.0,1.0,1.0,0.0,0.0,0.0,0.0
98.9,CLIMB,81.76,58.14,4255.42,21.49,86.882,1.0273,6322.76,79.87,609.03,5.304,62.0,20.365,25.635,1.597,24.6,17.264,6324.9,79.14,607.97,5.309,61.94,20.363,25.649,1.561,24.647,17.219,MECHANICAL_FAILURE,1.0,1.0,1.0,1.0,1.0,0.0,0.0,0.0,0.0
99.0,CLIMB,81.75,58.14,4262.5,21.48,86.86,1.0271,6322.28,79.86,609.01,5.303,61.99,20.364,25.635,1.597,24.6,17.263,6317.9,79.78,608.81,5.251,62.07,20.291,25.638,1.615,24.671,17.205,MECHANICAL_FAILURE,1.0,1.0,1.0,1.0,1.0,0.0,0.0,0.0,0.0
99.1,CLIMB,81.74,58.13,4269.58,21.46,86.838,1.0268,6321.81,79.86,609.0,5.303,61.98,20.362,25.635,1.597,24.6,17.261,6323.37,80.45,611.03,5.291,62.27,20.428,25.72,1.655,24.531,17.289,MECHANICAL_FAILURE,1.0,1.0,1.0,1.0,1.0,0.0,0.0,0.0,0.0
99.2,CLIMB,81.73,58.13,4276.67,21.45,86.816,1.0266,6321.34,79.86,608.98,5.303,61.97,20.361,25.635,1.597,24.6,17.26,6325.46,79.41,605.55,5.353,61.51,20.259,25.644,1.552,24.634,17.398,MECHANICAL_FAILURE,1.0,1.0,1.0,1.0,1.0,0.0,0.0,0.0,0.0
99.3,CLIMB,81.73,58.12,4283.75,21.43,86.793,1.0264,6320.87,79.86,608.96,5.303,61.96,20.36,25.635,1.597,24.6,17.259,6326.76,80.19,608.24,5.284,62.72,20.378,25.64,1.597,24.611,17.216,MECHANICAL_FAILURE,1.0,1.0,1.0,1.0,1.0,0.0,0.0,0.0,0.0
99.4,CLIMB,81.72,58.12,4290.83,21.42,86.771,1.0262,6320.4,79.86,608.95,5.303,61.95,20.358,25.634,1.597,24.6,17.258,6322.48,80.26,608.27,5.347,61.84,20.379,25.637,1.57,24.554,17.152,MECHANICAL_FAILURE,1.0,1.0,1.0,1.0,1.0,0.0,0.0,0.0,0.0
99.5,CLIMB,81.71,58.11,4297.92,21.4,86.749,1.026,6319.93,79.86,608.93,5.303,61.94,20.357,25.634,1.597,24.6,17.256,6327.38,80.56,610.81,5.279,62.37,20.315,25.704,1.611,24.545,17.145,MECHANICAL_FAILURE,1.0,1.0,1.0,1.0,1.0,0.0,0.0,0.0,0.0
99.6,CLIMB,81.7,58.11,4305.0,21.39,86.727,1.0258,6319.46,79.86,608.91,5.302,61.93,20.355,25.634,1.597,24.6,17.255,6325.62,80.53,609.13,5.277,61.87,20.49,25.617,1.515,24.611,17.397,MECHANICAL_FAILURE,1.0,1.0,1.0,1.0,1.0,0.0,0.0,0.0,0.0
99.7,CLIMB,81.69,58.1,4312.08,21.38,86.705,1.0256,6318.99,79.86,608.9,5.302,61.92,20.354,25.634,1.597,24.6,17.254,6320.71,80.36,610.18,5.31,61.77,20.399,25.589,1.6,24.542,17.338,MECHANICAL_FAILURE,1.0,1.0,1.0,1.0,1.0,0.0,0.0,0.0,0.0
99.8,CLIMB,81.68,58.09,4319.17,21.36,86.682,1.0253,6318.51,79.86,608.88,5.302,61.91,20.353,25.634,1.597,24.6,17.253,6324.81,79.42,608.55,5.327,61.75,20.411,25.677,1.685,24.686,17.284,MECHANICAL_FAILURE,1.0,1.0,1.0,1.0,1.0,0.0,0.0,0.0,0.0
99.9,CLIMB,81.68,58.09,4326.25,21.35,86.66,1.0251,6318.04,79.86,608.86,5.302,61.9,20.351,25.634,1.597,24.6,17.251,6316.68,80.27,609.12,5.333,62.58,20.182,25.617,1.624,24.596,17.232,MECHANICAL_FAILURE,1.0,1.0,1.0,1.0,1.0,0.0,0.0,0.0,0.0
100.0,CLIMB,81.67,58.08,4333.33,21.33,86.638,1.0249,6317.57,79.86,608.85,5.302,61.89,20.35,25.633,1.596,24.6,17.25,6320.7,80.96,610.32,5.343,61.76,20.306,25.721,1.601,24.617,17.337,MECHANICAL_FAILURE,1.0,1.0,1.0,1.0,1.0,0.0,0.0,0.0,0.0
100.1,CLIMB,81.66,58.08,4340.42,21.32,86.616,1.0247,6317.1,79.86,608.83,5.302,61.88,20.349,25.633,1.596,24.6,17.249,6324.35,79.7,605.65,5.276,61.54,20.315,25.746,1.618,24.569,17.246,MECHANICAL_FAILURE,1.0,1.0,1.0,1.0,1.0,0.0,0.0,0.0,0.0
100.2,CLIMB,81.65,58.07,4347.5,21.31,86.594,1.0245,6316.63,79.86,608.82,5.301,61.87,20.347,25.633,1.596,24.6,17.248,6325.18,80.55,609.11,5.354,62.07,20.274,25.622,1.559,24.599,17.271,MECHANICAL_FAILURE,1.0,1.0,1.0,1.0,1.0,0.0,0.0,0.0,0.0
100.3,CLIMB,81.64,58.07,4354.58,21.29,86.571,1.0243,6316.16,79.86,608.8,5.301,61.86,20.346,25.633,1.596,24.6,17.246,6309.97,80.08,606.72,5.226,61.6,20.345,25.502,1.609,24.587,17.372,MECHANICAL_FAILURE,1.0,1.0,1.0,1.0,1.0,0.0,0.0,0.0,0.0
100.4,CLIMB,81.63,58.06,4361.67,21.28,86.549,1.0241,6315.69,79.86,608.78,5.301,61.85,20.345,25.633,1.596,24.6,17.245,6322.01,80.52,608.46,5.336,62.03,20.493,25.614,1.593,24.569,17.343,MECHANICAL_FAILURE,1.0,1.0,1.0,1.0,1.0,0.0,0.0,0.0,0.0
100.5,CLIMB,81.63,58.06,4368.75,21.26,86.527,1.0239,6315.22,79.86,608.77,5.301,61.84,20.343,25.633,1.596,24.6,17.244,6314.11,80.1,610.69,5.302,61.64,20.381,25.63,1.633,24.601,17.323,MECHANICAL_FAILURE,1.0,1.0,1.0,1.0,1.0,0.0,0.0,0.0,0.0
100.6,CLIMB,81.62,58.05,4375.83,21.25,86.505,1.0236,6314.75,79.86,608.75,5.301,61.83,20.342,25.632,1.596,24.6,17.243,6311.7,79.53,607.91,5.327,61.66,20.435,25.716,1.582,24.591,17.235,MECHANICAL_FAILURE,1.0,1.0,1.0,1.0,1.0,0.0,0.0,0.0,0.0
100.7,CLIMB,81.61,58.05,4382.92,21.23,86.483,1.0234,6314.27,79.86,608.73,5.301,61.81,20.34,25.632,1.596,24.6,17.241,6310.99,79.26,610.54,5.308,62.36,20.476,25.572,1.61,24.635,17.251,MECHANICAL_FAILURE,1.0,1.0,1.0,1.0,1.0,0.0,0.0,0.0,0.0
100.8,CLIMB,81.6,58.04,4390.0,21.22,86.461,1.0232,6313.8,79.85,608.72,5.301,61.8,20.339,25.632,1.596,24.6,17.24,6312.71,80.54,608.83,5.324,61.59,20.364,25.697,1.595,24.581,17.307,MECHANICAL_FAILURE,1.0,1.0,1.0,1.0,1.0,0.0,0.0,0.0,0.0
100.9,CLIMB,81.59,58.03,4397.08,21.21,86.439,1.023,6313.33,79.85,608.7,5.3,61.79,20.338,25.632,1.596,24.6,17.239,6315.21,78.51,612.71,5.31,61.6,20.281,25.617,1.59,24.569,17.258,MECHANICAL_FAILURE,1.0,1.0,1.0,1.0,1.0,0.0,0.0,0.0,0.0
101.0,CLIMB,81.58,58.03,4404.17,21.19,86.416,1.0228,6312.86,79.85,608.68,5.3,61.78,20.336,25.632,1.596,24.6,17.238,6309.37,80.45,607.64,5.316,62.02,20.164,25.599,1.616,24.616,17.182,MECHANICAL_FAILURE,1.0,1.0,1.0,1.0,1.0,0.0,0.0,0.0,0.0
101.1,CLIMB,81.58,58.02,4411.25,21.18,86.394,1.0226,6312.39,79.85,608.67,5.3,61.77,20.335,25.632,1.595,24.6,17.236,6312.51,79.72,608.78,5.281,61.48,20.361,25.629,1.649,24.581,17.101,MECHANICAL_FAILURE,1.0,1.0,1.0,1.0,1.0,0.0,0.0,0.0,0.0
101.2,CLIMB,81.57,58.02,4418.33,21.16,86.372,1.0224,6311.92,79.85,608.65,5.3,61.76,20.334,25.631,1.595,24.6,17.235,6317.82,80.24,610.9,5.311,61.93,20.49,25.63,1.547,24.633,17.299,MECHANICAL_FAILURE,1.0,1.0,1.0,1.0,1.0,0.0,0.0,0.0,0.0
101.3,CLIMB,81.56,58.01,4425.42,21.15,86.35,1.0222,6311.45,79.85,608.64,5.3,61.75,20.332,25.631,1.595,24.6,17.234,6312.77,79.93,607.86,5.366,61.75,20.231,25.687,1.694,24.635,17.24,MECHANICAL_FAILURE,1.0,1.0,1.0,1.0,1.0,0.0,0.0,0.0,0.0
101.4,CLIMB,81.55,58.01,4432.5,21.14,86.328,1.0219,6310.98,79.85,608.62,5.3,61.74,20.331,25.631,1.595,24.6,17.233,6315.98,80.4,608.03,5.315,61.55,20.398,25.651,1.653,24.625,17.238,MECHANICAL_FAILURE,1.0,1.0,1.0,1.0,1.0,0.0,0.0,0.0,0.0
101.5,CLIMB,81.54,58.0,4439.58,21.12,86.306,1.0217,6310.51,79.85,608.6,5.299,61.73,20.329,25.631,1.595,24.6,17.231,6321.31,79.55,608.42,5.316,61.84,20.397,25.579,1.616,24.549,17.316,MECHANICAL_FAILURE,1.0,1.0,1.0,1.0,1.0,0.0,0.0,0.0,0.0
101.6,CLIMB,81.53,58.0,4446.67,21.11,86.284,1.0215,6310.04,79.85,608.59,5.299,61.72,20.328,25.631,1.595,24.6,17.23,6310.6,78.94,609.72,5.344,61.77,20.232,25.617,1.622,24.59,17.207,MECHANICAL_FAILURE,1.0,1.0,1.0,1.0,1.0,0.0,0.0,0.0,0.0
101.7,CLIMB,81.53,57.99,4453.75,21.09,86.262,1.0213,6309.57,79.85,608.57,5.299,61.71,20.327,25.631,1.595,24.6,17.229,6312.37,79.6,607.99,5.333,61.59,20.343,25.654,1.52,24.588,17.149,MECHANICAL_FAILURE,1.0,1.0,1.0,1.0,1.0,0.0,0.0,0.0,0.0
101.8,CLIMB,81.52,57.99,4460.83,21.08,86.24,1.0211,6309.1,79.85,608.56,5.299,61.7,20.325,25.63,1.595,24.6,17.228,6310.1,79.28,607.14,5.345,61.59,20.271,25.63,1.515,24.649,17.431,MECHANICAL_FAILURE,1.0,1.0,1.0,1.0,1.0,0.0,0.0,0.0,0.0
101.9,CLIMB,81.51,57.98,4467.92,21.06,86.218,1.0209,6308.63,79.85,608.54,5.299,61.69,20.324,25.63,1.595,24.6,17.226,6304.01,81.02,607.42,5.273,61.64,20.398,25.663,1.509,24.65,17.225,MECHANICAL_FAILURE,1.0,1.0,1.0,1.0,1.0,0.0,0.0,0.0,0.0
102.0,CLIMB,81.5,57.98,4475.0,21.05,86.196,1.0207,6308.15,79.85,608.52,5.299,61.68,20.323,25.63,1.595,24.6,17.225,6304.3,78.88,609.13,5.263,61.4,20.432,25.584,1.564,24.636,17.306,MECHANICAL_FAILURE,1.0,1.0,1.0,1.0,1.0,0.0,0.0,0.0,0.0
102.1,CLIMB,81.49,57.97,4482.08,21.04,86.174,1.0205,6307.68,79.85,608.51,5.298,61.67,20.321,25.63,1.595,24.6,17.224,6320.15,78.87,604.56,5.262,61.12,20.197,25.667,1.481,24.551,17.202,MECHANICAL_FAILURE,1.0,1.0,1.0,1.0,1.0,0.0,0.0,0.0,0.0
102.2,CLIMB,81.48,57.96,4489.17,21.02,86.151,1.0202,6307.21,79.85,608.49,5.298,61.66,20.32,25.63,1.594,24.6,17.223,6291.81,79.91,608.41,5.26,61.43,20.305,25.663,1.492,24.656,17.262,MECHANICAL_FAILURE,1.0,1.0,1.0,1.0,1.0,0.0,0.0,0.0,0.0
102.3,CLIMB,81.48,57.96,4496.25,21.01,86.129,1.02,6306.74,79.85,608.47,5.298,61.65,20.318,25.63,1.594,24.6,17.221,6310.67,79.81,610.19,5.327,61.85,20.165,25.71,1.622,24.637,17.285,MECHANICAL_FAILURE,1.0,1.0,1.0,1.0,1.0,0.0,0.0,0.0,0.0
102.4,CLIMB,81.47,57.95,4503.33,20.99,86.107,1.0198,6306.27,79.84,608.46,5.298,61.64,20.317,25.629,1.594,24.6,17.22,6313.14,79.84,608.98,5.242,62.25,20.217,25.681,1.599,24.634,17.186,MECHANICAL_FAILURE,1.0,1.0,1.0,1.0,1.0,0.0,0.0,0.0,0.0
102.5,CLIMB,81.46,57.95,4510.42,20.98,86.085,1.0196,6305.8,79.84,608.44,5.298,61.63,20.316,25.629,1.594,24.6,17.219,6306.36,80.4,608.42,5.253,61.61,20.325,25.594,1.615,24.622,17.259,MECHANICAL_FAILURE,1.0,1.0,1.0,1.0,1.0,0.0,0.0,0.0,0.0
102.6,CLIMB,81.45,57.94,4517.5,20.97,86.063,1.0194,6305.33,79.84,608.43,5.298,61.62,20.314,25.629,1.594,24.6,17.218,6306.46,79.45,608.06,5.296,61.25,20.342,25.599,1.631,24.572,17.117,MECHANICAL_FAILURE,1.0,1.0,1.0,1.0,1.0,0.0,0.0,0.0,0.0
102.7,CLIMB,81.44,57.94,4524.58,20.95,86.041,1.0192,6304.86,79.84,608.41,5.297,61.61,20.313,25.629,1.594,24.6,17.216,6294.79,80.52,610.37,5.312,61.97,20.141,25.601,1.647,24.52,17.416,MECHANICAL_FAILURE,1.0,1.0,1.0,1.0,1.0,0.0,0.0,0.0,0.0
102.8,CLIMB,81.43,57.93,4531.67,20.94,86.019,1.019,6304.39,79.84,608.39,5.297,61.6,20.312,25.629,1.594,24.6,17.215,6303.35,79.86,607.98,5.313,61.09,20.301,25.606,1.578,24.657,17.173,MECHANICAL_FAILURE,1.0,1.0,1.0,1.0,1.0,0.0,0.0,0.0,0.0
102.9,CLIMB,81.43,57.93,4538.75,20.92,85.997,1.0188,6303.92,79.84,608.38,5.297,61.58,20.31,25.629,1.594,24.6,17.214,6297.75,80.03,608.98,5.268,61.58,20.342,25.626,1.619,24.532,16.99,MECHANICAL_FAILURE,1.0,1.0,1.0,1.0,1.0,0.0,0.0,0.0,0.0
103.0,CLIMB,81.42,57.92,4545.83,20.91,85.975,1.0185,6303.45,79.84,608.36,5.297,61.57,20.309,25.628,1.594,24.6,17.213,6308.63,79.78,606.47,5.294,61.26,20.228,25.608,1.564,24.658,17.281,MECHANICAL_FAILURE,1.0,1.0,1.0,1.0,1.0,0.0,0.0,0.0,0.0
103.1,CLIMB,81.41,57.92,4552.92,20.89,85.953,1.0183,6302.98,79.84,608.35,5.297,61.56,20.308,25.628,1.594,24.6,17.211,6299.77,79.35,611.35,5.309,61.58,20.235,25.59,1.628,24.65,17.302,MECHANICAL_FAILURE,1.0,1.0,1.0,1.0,1.0,0.0,0.0,0.0,0.0
103.2,CLIMB,81.4,57.91,4560.0,20.88,85.931,1.0181,6302.51,79.84,608.33,5.297,61.55,20.306,25.628,1.594,24.6,17.21,6294.14,79.55,606.96,5.363,61.41,20.33,25.72,1.614,24.596,17.244,MECHANICAL_FAILURE,1.0,1.0,1.0,1.0,1.0,0.0,0.0,0.0,0.0
103.3,CLIMB,81.39,57.9,4567.08,20.87,85.909,1.0179,6302.04,79.84,608.31,5.296,61.54,20.305,25.628,1.593,24.6,17.209,6301.04,80.59,608.04,5.27,61.99,20.237,25.659,1.523,24.632,17.192,MECHANICAL_FAILURE,1.0,1.0,1.0,1.0,1.0,0.0,0.0,0.0,0.0
103.4,CLIMB,81.38,57.9,4574.17,20.85,85.887,1.0177,6301.57,79.84,608.3,5.296,61.53,20.303,25.628,1.593,24.6,17.208,6305.17,79.89,609.06,5.26,61.63,20.29,25.673,1.586,24.613,17.197,MECHANICAL_FAILURE,1.0,1.0,1.0,1.0,1.0,0.0,0.0,0.0,0.0
103.5,CLIMB,81.38,57.89,4581.25,20.84,85.865,1.0175,6301.1,79.84,608.28,5.296,61.52,20.302,25.628,1.593,24.6,17.206,6300.8,78.47,605.11,5.267,61.4,20.25,25.637,1.575,24.718,17.091,MECHANICAL_FAILURE,1.0,1.0,1.0,1.0,1.0,0.0,0.0,0.0,0.0
103.6,CLIMB,81.37,57.89,4588.33,20.82,85.843,1.0173,6300.63,79.84,608.27,5.296,61.51,20.301,25.627,1.593,24.6,17.205,6289.95,80.57,609.23,5.311,61.7,20.403,25.625,1.619,24.611,17.218,MECHANICAL_FAILURE,1.0,1.0,1.0,1.0,1.0,0.0,0.0,0.0,0.0
103.7,CLIMB,81.36,57.88,4595.42,20.81,85.821,1.0171,6300.16,79.84,608.25,5.296,61.5,20.299,25.627,1.593,24.6,17.204,6301.56,79.41,611.17,5.31,61.7,20.468,25.662,1.611,24.535,17.007,MECHANICAL_FAILURE,1.0,1.0,1.0,1.0,1.0,0.0,0.0,0.0,0.0
103.8,CLIMB,81.35,57.88,4602.5,20.8,85.799,1.0169,6299.69,79.84,608.24,5.296,61.49,20.298,25.627,1.593,24.6,17.203,6289.85,80.28,607.71,5.287,61.69,20.186,25.653,1.538,24.613,17.225,MECHANICAL_FAILURE,1.0,1.0,1.0,1.0,1.0,0.0,0.0,0.0,0.0
103.9,CLIMB,81.34,57.87,4609.58,20.78,85.777,1.0166,6299.22,79.84,608.22,5.295,61.48,20.297,25.627,1.593,24.6,17.201,6311.76,80.0,606.98,5.338,61.57,20.369,25.656,1.622,24.632,17.202,MECHANICAL_FAILURE,1.0,1.0,1.0,1.0,1.0,0.0,0.0,0.0,0.0
104.0,CLIMB,81.33,57.87,4616.67,20.77,85.755,1.0164,6298.75,79.84,608.2,5.295,61.47,20.295,25.627,1.593,24.6,17.2,6300.98,79.99,609.87,5.235,61.25,20.385,25.601,1.473,24.603,17.124,MECHANICAL_FAILURE,1.0,1.0,1.0,1.0,1.0,0.0,0.0,0.0,0.0
104.1,CLIMB,81.33,57.86,4623.75,20.75,85.733,1.0162,6298.28,79.83,608.19,5.295,61.46,20.294,25.627,1.593,24.6,17.199,6296.0,79.18,609.69,5.282,60.67,20.377,25.689,1.542,24.492,17.288,MECHANICAL_FAILURE,1.0,1.0,1.0,1.0,1.0,0.0,0.0,0.0,0.0
104.2,CLIMB,81.32,57.86,4630.83,20.74,85.712,1.016,6297.81,79.83,608.17,5.295,61.45,20.292,25.626,1.593,24.6,17.198,6294.47,80.04,606.69,5.287,61.23,20.209,25.574,1.572,24.515,17.111,MECHANICAL_FAILURE,1.0,1.0,1.0,1.0,1.0,0.0,0.0,0.0,0.0
104.3,CLIMB,81.31,57.85,4637.92,20.72,85.69,1.0158,6297.34,79.83,608.16,5.295,61.44,20.291,25.626,1.593,24.6,17.196,6305.25,79.68,608.65,5.29,61.54,20.253,25.576,1.629,24.614,17.302,MECHANICAL_FAILURE,1.0,1.0,1.0,1.0,1.0,0.0,0.0,0.0,0.0
104.4,CLIMB,81.3,57.85,4645.0,20.71,85.668,1.0156,6296.87,79.83,608.14,5.295,61.43,20.29,25.626,1.592,24.6,17.195,6301.71,79.27,608.07,5.283,61.65,20.208,25.61,1.636,24.638,17.243,MECHANICAL_FAILURE,1.0,1.0,1.0,1.0,1.0,0.0,0.0,0.0,0.0
104.5,CLIMB,81.29,57.84,4652.08,20.7,85.646,1.0154,6296.4,79.83,608.12,5.294,61.42,20.288,25.626,1.592,24.6,17.194,6291.38,79.5,606.38,5.293,61.46,20.418,25.626,1.559,24.584,17.27,MECHANICAL_FAILURE,1.0,1.0,1.0,1.0,1.0,0.0,0.0,0.0,0.0
104.6,CLIMB,81.28,57.83,4659.17,20.68,85.624,1.0152,6295.93,79.83,608.11,5.294,61.4,20.287,25.626,1.592,24.6,17.193,6298.27,79.67,607.51,5.32,61.24,20.072,25.612,1.689,24.666,17.46,MECHANICAL_FAILURE,1.0,1.0,1.0,1.0,1.0,0.0,0.0,0.0,0.0
104.7,CLIMB,81.28,57.83,4666.25,20.67,85.602,1.015,6295.46,79.83,608.09,5.294,61.39,20.286,25.626,1.592,24.6,17.191,6305.63,80.09,606.31,5.297,61.27,20.198,25.604,1.538,24.6,17.145,MECHANICAL_FAILURE,1.0,1.0,1.0,1.0,1.0,0.0,0.0,0.0,0.0
104.8,CLIMB,81.27,57.82,4673.33,20.65,85.58,1.0147,6294.99,79.83,608.08,5.294,61.38,20.284,25.625,1.592,24.6,17.19,6292.19,79.36,605.94,5.347,61.19,20.23,25.537,1.618,24.594,17.107,MECHANICAL_FAILURE,1.0,1.0,1.0,1.0,1.0,0.0,0.0,0.0,0.0
104.9,CLIMB,81.26,57.82,4680.42,20.64,85.558,1.0145,6294.52,79.83,608.06,5.294,61.37,20.283,25.625,1.592,24.6,17.189,6285.69,79.32,608.27,5.275,61.42,20.385,25.624,1.593,24.578,17.078,MECHANICAL_FAILURE,1.0,1.0,1.0,1.0,1.0,0.0,0.0,0.0,0.0
105.0,CLIMB,81.25,57.81,4687.5,20.63,85.536,1.0143,6294.05,79.83,608.05,5.294,61.36,20.281,25.625,1.592,24.6,17.188,6299.68,78.88,608.17,5.296,61.7,20.218,25.694,1.606,24.59,17.247,MECHANICAL_FAILURE,1.0,1.0,1.0,1.0,1.0,0.0,0.0,0.0,0.0
105.1,CLIMB,81.24,57.81,4694.58,20.61,85.514,1.0141,6293.58,79.83,608.03,5.293,61.35,20.28,25.625,1.592,24.6,17.186,6298.31,80.79,609.73,5.269,61.7,20.244,25.634,1.569,24.567,17.24,MECHANICAL_FAILURE,1.0,1.0,1.0,1.0,1.0,0.0,0.0,0.0,0.0
105.2,CLIMB,81.23,57.8,4701.67,20.6,85.492,1.0139,6293.11,79.83,608.01,5.293,61.34,20.279,25.625,1.592,24.6,17.185,6289.78,80.15,607.44,5.257,61.26,20.379,25.726,1.503,24.58,17.121,MECHANICAL_FAILURE,1.0,1.0,1.0,1.0,1.0,0.0,0.0,0.0,0.0
105.3,CLIMB,81.23,57.8,4708.75,20.58,85.471,1.0137,6292.64,79.83,608.0,5.293,61.33,20.277,25.625,1.592,24.6,17.184,6289.98,80.42,605.54,5.302,61.74,20.155,25.659,1.61,24.577,17.252,MECHANICAL_FAILURE,1.0,1.0,1.0,1.0,1.0,0.0,0.0,0.0,0.0
105.4,CLIMB,81.22,57.79,4715.83,20.57,85.449,1.0135,6292.17,79.83,607.98,5.293,61.32,20.276,25.624,1.592,24.6,17.183,6279.91,80.08,607.68,5.262,61.58,20.32,25.597,1.614,24.646,17.171,MECHANICAL_FAILURE,1.0,1.0,1.0,1.0,1.0,0.0,0.0,0.0,0.0
105.5,CLIMB,81.21,57.79,4722.92,20.55,85.427,1.0133,6291.7,79.83,607.97,5.293,61.31,20.275,25.624,1.591,24.6,17.181,6295.81,79.27,610.83,5.259,61.58,20.334,25.571,1.557,24.615,17.034,MECHANICAL_FAILURE,1.0,1.0,1.0,1.0,1.0,0.0,0.0,0.0,0.0
105.6,CLIMB,81.2,57.78,4730.0,20.54,85.405,1.0131,6291.23,79.83,607.95,5.293,61.3,20.273,25.624,1.591,24.6,17.18,6288.11,80.02,604.31,5.244,61.29,20.243,25.619,1.565,24.597,17.173,MECHANICAL_FAILURE,1.0,1.0,1.0,1.0,1.0,0.0,0.0,0.0,0.0
105.7,CLIMB,81.19,57.77,4737.08,20.53,85.383,1.0129,6290.76,79.83,607.94,5.293,61.29,20.272,25.624,1.591,24.6,17.179,6293.29,80.29,607.35,5.271,61.39,20.124,25.709,1.503,24.573,17.199,MECHANICAL_FAILURE,1.0,1.0,1.0,1.0,1.0,0.0,0.0,0.0,0.0
105.8,CLIMB,81.18,57.77,4744.17,20.51,85.361,1.0126,6290.29,79.82,607.92,5.292,61.28,20.27,25.624,1.591,24.6,17.178,6288.16,80.88,610.51,5.324,61.17,20.53,25.576,1.673,24.5,17.397,MECHANICAL_FAILURE,1.0,1.0,1.0,1.0,1.0,0.0,0.0,0.0,0.0
105.9,CLIMB,81.18,57.76,4751.25,20.5,85.339,1.0124,6289.82,79.82,607.9,5.292,61.27,20.269,25.624,1.591,24.6,17.176,6297.87,80.08,607.65,5.333,61.23,20.227,25.631,1.598,24.661,17.12,MECHANICAL_FAILURE,1.0,1.0,1.0,1.0,1.0,0.0,0.0,0.0,0.0
106.0,CLIMB,81.17,57.76,4758.33,20.48,85.318,1.0122,6289.35,79.82,607.89,5.292,61.26,20.268,25.623,1.591,24.6,17.175,6286.24,80.0,608.56,5.278,61.39,20.357,25.585,1.638,24.59,17.065,MECHANICAL_FAILURE,1.0,1.0,1.0,1.0,1.0,0.0,0.0,0.0,0.0
106.1,CLIMB,81.16,57.75,4765.42,20.47,85.296,1.012,6288.88,79.82,607.87,5.292,61.24,20.266,25.623,1.591,24.6,17.174,6294.67,80.74,609.11,5.226,61.36,20.101,25.66,1.551,24.679,16.957,MECHANICAL_FAILURE,1.0,1.0,1.0,1.0,1.0,0.0,0.0,0.0,0.0
106.2,CLIMB,81.15,57.75,4772.5,20.46,85.274,1.0118,6288.41,79.82,607.86,5.292,61.23,20.265,25.623,1.591,24.6,17.173,6282.23,79.62,607.17,5.295,61.36,20.404,25.604,1.488,24.666,17.133,MECHANICAL_FAILURE,1.0,1.0,1.0,1.0,1.0,0.0,0.0,0.0,0.0
106.3,CLIMB,81.14,57.74,4779.58,20.44,85.252,1.0116,6287.94,79.82,607.84,5.292,61.22,20.264,25.623,1.591,24.6,17.171,6289.17,79.31,604.45,5.214,61.75,20.325,25.565,1.562,24.628,17.249,MECHANICAL_FAILURE,1.0,1.0,1.0,1.0,1.0,0.0,0.0,0.0,0.0
106.4,CLIMB,81.13,57.74,4786.67,20.43,85.23,1.0114,6287.48,79.82,607.83,5.291,61.21,20.262,25.623,1.591,24.6,17.17,6301.47,79.08,607.3,5.307,61.26,20.175,25.669,1.59,24.556,17.124,MECHANICAL_FAILURE,1.0,1.0,1.0,1.0,1.0,0.0,0.0,0.0,0.0
106.5,CLIMB,81.13,57.73,4793.75,20.41,85.208,1.0112,6287.01,79.82,607.81,5.291,61.2,20.261,25.623,1.591,24.6,17.169,6288.39,78.56,606.52,5.291,60.46,20.179,25.561,1.686,24.595,17.09,MECHANICAL_FAILURE,1.0,1.0,1.0,1.0,1.0,0.0,0.0,0.0,0.0
106.6,CLIMB,81.12,57.73,4800.83,20.4,85.187,1.011,6286.54,79.82,607.79,5.291,61.19,20.259,25.622,1.59,24.6,17.168,6291.01,80.18,606.86,5.267,60.64,20.245,25.7,1.589,24.526,17.284,MECHANICAL_FAILURE,1.0,1.0,1.0,1.0,1.0,0.0,0.0,0.0,0.0
106.7,CLIMB,81.11,57.72,4807.92,20.38,85.165,1.0108,6286.07,79.82,607.78,5.291,61.18,20.258,25.622,1.59,24.6,17.166,6286.14,78.62,610.71,5.28,61.32,20.342,25.653,1.63,24.645,16.925,MECHANICAL_FAILURE,1.0,1.0,1.0,1.0,1.0,0.0,0.0,0.0,0.0
106.8,CLIMB,81.1,57.72,4815.0,20.37,85.143,1.0105,6285.6,79.82,607.76,5.291,61.17,20.257,25.622,1.59,24.6,17.165,6272.91,79.61,606.94,5.262,61.34,20.197,25.68,1.669,24.59,17.156,MECHANICAL_FAILURE,1.0,1.0,1.0,1.0,1.0,0.0,0.0,0.0,0.0
106.9,CLIMB,81.09,57.71,4822.08,20.36,85.121,1.0103,6285.13,79.82,607.75,5.291,61.16,20.255,25.622,1.59,24.6,17.164,6280.23,80.03,608.31,5.359,61.05,20.408,25.701,1.62,24.604,17.054,MECHANICAL_FAILURE,1.0,1.0,1.0,1.0,1.0,0.0,0.0,0.0,0.0
107.0,CLIMB,81.08,57.7,4829.17,20.34,85.099,1.0101,6284.66,79.82,607.73,5.29,61.15,20.254,25.622,1.59,24.6,17.163,6287.37,79.95,605.18,5.284,60.92,20.378,25.66,1.622,24.539,17.237,MECHANICAL_FAILURE,1.0,1.0,1.0,1.0,1.0,0.0,0.0,0.0,0.0
107.1,CLIMB,81.08,57.7,4836.25,20.33,85.078,1.0099,6284.19,79.82,607.72,5.29,61.14,20.253,25.622,1.59,24.6,17.161,6286.03,80.14,607.35,5.294,61.47,20.172,25.603,1.62,24.513,16.952,MECHANICAL_FAILURE,1.0,1.0,1.0,1.0,1.0,0.0,0.0,0.0,0.0
107.2,CLIMB,81.07,57.69,4843.33,20.31,85.056,1.0097,6283.72,79.82,607.7,5.29,61.13,20.251,25.621,1.59,24.6,17.16,6278.94,80.11,607.81,5.26,61.12,20.197,25.67,1.43,24.576,17.138,MECHANICAL_FAILURE,1.0,1.0,1.0,1.0,1.0,0.0,0.0,0.0,0.0
107.3,CLIMB,81.06,57.69,4850.42,20.3,85.034,1.0095,6283.25,79.82,607.68,5.29,61.12,20.25,25.621,1.59,24.6,17.159,6286.41,79.6,609.0,5.341,61.3,20.239,25.652,1.6,24.574,17.121,MECHANICAL_FAILURE,1.0,1.0,1.0,1.0,1.0,0.0,0.0,0.0,0.0
107.4,CLIMB,81.05,57.68,4857.5,20.29,85.012,1.0093,6282.78,79.81,607.67,5.29,61.1,20.248,25.621,1.59,24.6,17.158,6282.27,78.99,609.36,5.292,60.97,20.381,25.602,1.576,24.569,17.081,MECHANICAL_FAILURE,1.0,1.0,1.0,1.0,1.0,0.0,0.0,0.0,0.0
107.5,CLIMB,81.04,57.68,4864.58,20.27,84.991,1.0091,6282.31,79.81,607.65,5.29,61.09,20.247,25.621,1.59,24.6,17.156,6287.36,79.62,607.27,5.295,60.74,20.162,25.587,1.659,24.642,17.228,MECHANICAL_FAILURE,1.0,1.0,1.0,1.0,1.0,0.0,0.0,0.0,0.0
107.6,CLIMB,81.03,57.67,4871.67,20.26,84.969,1.0089,6281.85,79.81,607.64,5.289,61.08,20.246,25.621,1.59,24.6,17.155,6278.24,79.92,608.3,5.348,60.89,20.141,25.565,1.68,24.579,17.258,MECHANICAL_FAILURE,1.0,1.0,1.0,1.0,1.0,0.0,0.0,0.0,0.0
107.7,CLIMB,81.03,57.67,4878.75,20.24,84.947,1.0087,6281.38,79.81,607.62,5.289,61.07,20.244,25.621,1.589,24.6,17.154,6276.65,80.42,606.71,5.293,60.23,20.172,25.671,1.607,24.602,16.994,MECHANICAL_FAILURE,1.0,1.0,1.0,1.0,1.0,0.0,0.0,0.0,0.0
107.8,CLIMB,81.02,57.66,4885.83,20.23,84.925,1.0084,6280.91,79.81,607.61,5.289,61.06,20.243,25.62,1.589,24.6,17.153,6285.01,80.23,606.33,5.317,60.66,20.262,25.561,1.662,24.574,17.12,MECHANICAL_FAILURE,1.0,1.0,1.0,1.0,1.0,0.0,0.0,0.0,0.0
107.9,CLIMB,81.01,57.66,4892.92,20.21,84.904,1.0082,6280.44,79.81,607.59,5.289,61.05,20.242,25.62,1.589,24.6,17.151,6276.25,80.34,608.29,5.275,61.08,20.224,25.783,1.65,24.623,17.307,MECHANICAL_FAILURE,1.0,1.0,1.0,1.0,1.0,0.0,0.0,0.0,0.0
108.0,CLIMB,81.0,57.65,4900.0,20.2,84.882,1.008,6279.97,79.81,607.58,5.289,61.04,20.24,25.62,1.589,24.6,17.15,6281.81,79.62,606.11,5.225,60.71,20.113,25.673,1.565,24.639,17.29,MECHANICAL_FAILURE,1.0,1.0,1.0,1.0,1.0,0.0,0.0,0.0,0.0
108.1,CLIMB,80.99,57.64,4907.08,20.19,84.86,1.0078,6279.5,79.81,607.56,5.289,61.03,20.239,25.62,1.589,24.6,17.149,6274.38,80.3,611.57,5.299,61.09,20.267,25.708,1.595,24.613,17.042,MECHANICAL_FAILURE,1.0,1.0,1.0,1.0,1.0,0.0,0.0,0.0,0.0
108.2,CLIMB,80.98,57.64,4914.17,20.17,84.838,1.0076,6279.03,79.81,607.54,5.289,61.02,20.237,25.62,1.589,24.6,17.148,6276.45,79.14,607.24,5.285,61.42,20.227,25.544,1.61,24.552,17.235,MECHANICAL_FAILURE,1.0,1.0,1.0,1.0,1.0,0.0,0.0,0.0,0.0
108.3,CLIMB,80.98,57.63,4921.25,20.16,84.817,1.0074,6278.56,79.81,607.53,5.288,61.01,20.236,25.62,1.589,24.6,17.146,6288.16,80.17,605.52,5.286,61.2,20.165,25.666,1.556,24.615,17.216,MECHANICAL_FAILURE,1.0,1.0,1.0,1.0,1.0,0.0,0.0,0.0,0.0
108.4,CLIMB,80.97,57.63,4928.33,20.14,84.795,1.0072,6278.09,79.81,607.51,5.288,61.0,20.235,25.619,1.589,24.6,17.145,6286.19,77.79,608.21,5.253,60.99,20.228,25.581,1.441,24.645,17.262,MECHANICAL_FAILURE,1.0,1.0,1.0,1.0,1.0,0.0,0.0,0.0,0.0
108.5,CLIMB,80.96,57.62,4935.42,20.13,84.773,1.007,6277.62,79.81,607.5,5.288,60.99,20.233,25.619,1.589,24.6,17.144,6275.24,79.37,608.55,5.33,60.95,20.277,25.568,1.487,24.564,17.081,MECHANICAL_FAILURE,1.0,1.0,1.0,1.0,1.0,0.0,0.0,0.0,0.0
108.6,CLIMB,80.95,57.62,4942.5,20.12,84.752,1.0068,6277.16,79.81,607.48,5.288,60.97,20.232,25.619,1.589,24.6,17.143,6272.81,79.91,609.08,5.267,60.9,20.158,25.71,1.596,24.547,17.168,MECHANICAL_FAILURE,1.0,1.0,1.0,1.0,1.0,0.0,0.0,0.0,0.0
108.7,CLIMB,80.94,57.61,4949.58,20.1,84.73,1.0066,6276.69,79.81,607.47,5.288,60.96,20.231,25.619,1.589,24.6,17.141,6282.74,79.92,606.06,5.266,60.82,20.182,25.653,1.599,24.615,17.246,MECHANICAL_FAILURE,1.0,1.0,1.0,1.0,1.0,0.0,0.0,0.0,0.0
108.8,CLIMB,80.93,57.61,4956.67,20.09,84.708,1.0064,6276.22,79.81,607.45,5.288,60.95,20.229,25.619,1.588,24.6,17.14,6284.91,80.09,607.7,5.246,61.01,20.107,25.614,1.651,24.555,17.237,MECHANICAL_FAILURE,1.0,1.0,1.0,1.0,1.0,0.0,0.0,0.0,0.0
108.9,CLIMB,80.93,57.6,4963.75,20.07,84.687,1.0061,6275.75,79.81,607.44,5.287,60.94,20.228,25.619,1.588,24.6,17.139,6269.0,79.7,607.55,5.324,60.56,20.423,25.629,1.62,24.62,17.072,MECHANICAL_FAILURE,1.0,1.0,1.0,1.0,1.0,0.0,0.0,0.0,0.0
109.0,CLIMB,80.92,57.6,4970.83,20.06,84.665,1.0059,6275.28,79.8,607.42,5.287,60.93,20.226,25.618,1.588,24.6,17.138,6279.8,79.23,610.07,5.266,60.68,20.148,25.656,1.6,24.601,17.194,MECHANICAL_FAILURE,1.0,1.0,1.0,1.0,1.0,0.0,0.0,0.0,0.0
109.1,CLIMB,80.91,57.59,4977.92,20.04,84.643,1.0057,6274.81,79.8,607.41,5.287,60.92,20.225,25.618,1.588,24.6,17.136,6277.13,78.91,609.1,5.177,60.46,20.206,25.584,1.594,24.543,17.176,MECHANICAL_FAILURE,1.0,1.0,1.0,1.0,1.0,0.0,0.0,0.0,0.0
109.2,CLIMB,80.9,57.59,4985.0,20.03,84.622,1.0055,6274.34,79.8,607.39,5.287,60.91,20.224,25.618,1.588,24.6,17.135,6272.08,78.93,606.7,5.249,61.2,20.412,25.7,1.571,24.615,17.199,MECHANICAL_FAILURE,1.0,1.0,1.0,1.0,1.0,0.0,0.0,0.0,0.0
109.3,CLIMB,80.89,57.58,4992.08,20.02,84.6,1.0053,6273.88,79.8,607.37,5.287,60.9,20.222,25.618,1.588,24.6,17.134,6275.93,80.21,608.3,5.261,61.56,20.399,25.645,1.523,24.529,17.216,MECHANICAL_FAILURE,1.0,1.0,1.0,1.0,1.0,0.0,0.0,0.0,0.0
109.4,CLIMB,80.88,57.57,4999.17,20.0,84.578,1.0051,6273.41,79.8,607.36,5.287,60.89,20.221,25.618,1.588,24.6,17.133,6269.45,79.58,608.36,5.284,60.51,20.1,25.661,1.659,24.54,17.239,MECHANICAL_FAILURE,1.0,1.0,1.0,1.0,1.0,0.0,0.0,0.0,0.0
109.5,CLIMB,80.88,57.57,5006.25,19.99,84.557,1.0049,6272.94,79.8,607.34,5.286,60.88,20.22,25.618,1.588,24.6,17.131,6276.01,78.44,607.52,5.252,60.79,20.003,25.625,1.472,24.631,17.129,MECHANICAL_FAILURE,1.0,1.0,1.0,1.0,1.0,0.0,0.0,0.0,0.0
109.6,CLIMB,80.87,57.56,5013.33,19.97,84.535,1.0047,6272.47,79.8,607.33,5.286,60.87,20.218,25.617,1.588,24.6,17.13,6271.94,79.17,608.12,5.349,60.61,20.146,25.682,1.561,24.596,17.127,MECHANICAL_FAILURE,1.0,1.0,1.0,1.0,1.0,0.0,0.0,0.0,0.0
109.7,CLIMB,80.86,57.56,5020.42,19.96,84.513,1.0045,6272.0,79.8,607.31,5.286,60.85,20.217,25.617,1.588,24.6,17.129,6275.97,79.07,607.5,5.315,60.76,20.392,25.59,1.48,24.585,17.0,MECHANICAL_FAILURE,1.0,1.0,1.0,1.0,1.0,0.0,0.0,0.0,0.0
109.8,CLIMB,80.85,57.55,5027.5,19.95,84.492,1.0043,6271.53,79.8,607.3,5.286,60.84,20.215,25.617,1.588,24.6,17.128,6277.85,80.34,607.1,5.267,60.87,20.246,25.6,1.664,24.639,17.026,MECHANICAL_FAILURE,1.0,1.0,1.0,1.0,1.0,0.0,0.0,0.0,0.0
109.9,CLIMB,80.84,57.55,5034.58,19.93,84.47,1.0041,6271.06,79.8,607.28,5.286,60.83,20.214,25.617,1.587,24.6,17.126,6267.45,79.43,605.7,5.239,61.26,20.23,25.602,1.634,24.574,17.069,MECHANICAL_FAILURE,1.0,1.0,1.0,1.0,1.0,0.0,0.0,0.0,0.0
110.0,CLIMB,80.83,57.54,5041.67,19.92,84.448,1.0038,6270.6,79.8,607.27,5.286,60.82,20.213,25.617,1.587,24.6,17.125,6270.57,79.46,605.86,5.243,60.61,20.033,25.54,1.566,24.553,17.065,MECHANICAL_FAILURE,1.0,1.0,1.0,1.0,1.0,0.0,0.0,0.0,0.0
110.1,CLIMB,80.83,57.54,5048.75,19.9,84.427,1.0036,6270.13,79.8,607.25,5.285,60.81,20.211,25.617,1.587,24.6,17.124,6264.18,79.94,607.24,5.309,60.49,20.164,25.654,1.536,24.49,17.154,MECHANICAL_FAILURE,1.0,1.0,1.0,1.0,1.0,0.0,0.0,0.0,0.0
110.2,CLIMB,80.82,57.53,5055.83,19.89,84.405,1.0034,6269.66,79.8,607.24,5.285,60.8,20.21,25.616,1.587,24.6,17.123,6275.54,79.59,607.72,5.277,61.35,20.119,25.636,1.633,24.642,17.088,MECHANICAL_FAILURE,1.0,1.0,1.0,1.0,1.0,0.0,0.0,0.0,0.0
110.3,CLIMB,80.81,57.53,5062.92,19.87,84.384,1.0032,6269.19,79.8,607.22,5.285,60.79,20.209,25.616,1.587,24.6,17.121,6271.61,80.53,608.07,5.282,61.28,20.256,25.602,1.589,24.645,17.108,MECHANICAL_FAILURE,1.0,1.0,1.0,1.0,1.0,0.0,0.0,0.0,0.0
110.4,CLIMB,80.8,57.52,5070.0,19.86,84.362,1.003,6268.72,79.8,607.2,5.285,60.78,20.207,25.616,1.587,24.6,17.12,6262.6,79.29,604.89,5.293,61.18,20.181,25.643,1.484,24.661,16.999,MECHANICAL_FAILURE,1.0,1.0,1.0,1.0,1.0,0.0,0.0,0.0,0.0
110.5,CLIMB,80.79,57.51,5077.08,19.85,84.34,1.0028,6268.25,79.8,607.19,5.285,60.77,20.206,25.616,1.587,24.6,17.119,6274.72,79.59,607.77,5.281,60.66,20.29,25.688,1.528,24.572,17.121,MECHANICAL_FAILURE,1.0,1.0,1.0,1.0,1.0,0.0,0.0,0.0,0.0
110.6,CLIMB,80.78,57.51,5084.17,19.83,84.319,1.0026,6267.79,79.79,607.17,5.285,60.76,20.204,25.616,1.587,24.6,17.118,6265.42,79.13,608.53,5.294,60.5,20.222,25.58,1.623,24.561,17.064,MECHANICAL_FAILURE,1.0,1.0,1.0,1.0,1.0,0.0,0.0,0.0,0.0
110.7,CLIMB,80.78,57.5,5091.25,19.82,84.297,1.0024,6267.32,79.79,607.16,5.285,60.74,20.203,25.616,1.587,24.6,17.116,6264.56,80.06,605.39,5.256,61.14,20.053,25.686,1.518,24.547,17.162,MECHANICAL_FAILURE,1.0,1.0,1.0,1.0,1.0,0.0,0.0,0.0,0.0
110.8,CLIMB,80.77,57.5,5098.33,19.8,84.276,1.0022,6266.85,79.79,607.14,5.284,60.73,20.202,25.615,1.587,24.6,17.115,6266.58,79.57,607.2,5.35,61.08,20.097,25.711,1.606,24.548,17.049,MECHANICAL_FAILURE,1.0,1.0,1.0,1.0,1.0,0.0,0.0,0.0,0.0
110.9,CLIMB,80.76,57.49,5105.42,19.79,84.254,1.002,6266.38,79.79,607.13,5.284,60.72,20.2,25.615,1.587,24.6,17.114,6274.3,79.88,609.84,5.293,60.97,20.263,25.649,1.592,24.697,17.068,MECHANICAL_FAILURE,1.0,1.0,1.0,1.0,1.0,0.0,0.0,0.0,0.0
111.0,CLIMB,80.75,57.49,5112.5,19.78,84.233,1.0018,6265.91,79.79,607.11,5.284,60.71,20.199,25.615,1.586,24.6,17.113,6266.29,79.65,607.29,5.241,60.91,20.185,25.606,1.566,24.579,17.1,MECHANICAL_FAILURE,1.0,1.0,1.0,1.0,1.0,0.0,0.0,0.0,0.0
111.1,CLIMB,80.74,57.48,5119.58,19.76,84.211,1.0016,6265.45,79.79,607.1,5.284,60.7,20.198,25.615,1.586,24.6,17.111,6267.71,80.66,607.0,5.255,60.92,20.137,25.647,1.659,24.583,17.127,MECHANICAL_FAILURE,1.0,1.0,1.0,1.0,1.0,0.0,0.0,0.0,0.0
111.2,CLIMB,80.73,57.48,5126.67,19.75,84.189,1.0013,6264.98,79.79,607.08,5.284,60.69,20.196,25.615,1.586,24.6,17.11,6274.66,80.88,605.92,5.185,60.88,20.12,25.53,1.645,24.763,17.237,MECHANICAL_FAILURE,1.0,1.0,1.0,1.0,1.0,0.0,0.0,0.0,0.0
111.3,CLIMB,80.73,57.47,5133.75,19.73,84.168,1.0011,6264.51,79.79,607.07,5.284,60.68,20.195,25.615,1.586,24.6,17.109,6266.9,80.22,607.43,5.344,60.45,20.249,25.611,1.677,24.588,17.079,MECHANICAL_FAILURE,1.0,1.0,1.0,1.0,1.0,0.0,0.0,0.0,0.0
111.4,CLIMB,80.72,57.47,5140.83,19.72,84.146,1.0009,6264.04,79.79,607.05,5.283,60.67,20.193,25.614,1.586,24.6,17.108,6269.53,78.87,606.93,5.249,60.63,20.178,25.693,1.604,24.624,17.156,MECHANICAL_FAILURE,1.0,1.0,1.0,1.0,1.0,0.0,0.0,0.0,0.0
111.5,CLIMB,80.71,57.46,5147.92,19.7,84.125,1.0007,6263.57,79.79,607.04,5.283,60.66,20.192,25.614,1.586,24.6,17.106,6259.57,80.66,606.62,5.241,60.91,20.111,25.644,1.565,24.541,17.016,MECHANICAL_FAILURE,1.0,1.0,1.0,1.0,1.0,0.0,0.0,0.0,0.0
111.6,CLIMB,80.7,57.46,5155.0,19.69,84.103,1.0005,6263.11,79.79,607.02,5.283,60.65,20.191,25.614,1.586,24.6,17.105,6263.65,79.57,605.46,5.287,60.88,20.269,25.529,1.652,24.576,17.286,MECHANICAL_FAILURE,1.0,1.0,1.0,1.0,1.0,0.0,0.0,0.0,0.0
111.7,CLIMB,80.69,57.45,5162.08,19.68,84.082,1.0003,6262.64,79.79,607.0,5.283,60.63,20.189,25.614,1.586,24.6,17.104,6261.45,79.28,606.32,5.236,60.43,20.277,25.636,1.564,24.635,17.088,MECHANICAL_FAILURE,1.0,1.0,1.0,1.0,1.0,0.0,0.0,0.0,0.0
111.8,CLIMB,80.68,57.44,5169.17,19.66,84.06,1.0001,6262.17,79.79,606.99,5.283,60.62,20.188,25.614,1.586,24.6,17.103,6271.98,79.73,605.16,5.323,60.54,20.123,25.534,1.469,24.634,17.065,MECHANICAL_FAILURE,1.0,1.0,1.0,1.0,1.0,0.0,0.0,0.0,0.0
111.9,CLIMB,80.68,57.44,5176.25,19.65,84.039,0.9999,6261.7,79.79,606.97,5.283,60.61,20.187,25.614,1.586,24.6,17.101,6261.21,79.18,606.92,5.294,60.67,20.068,25.589,1.536,24.547,17.284,MECHANICAL_FAILURE,1.0,1.0,1.0,1.0,1.0,0.0,0.0,0.0,0.0
112.0,CLIMB,80.67,57.43,5183.33,19.63,84.017,0.9997,6261.23,79.79,606.96,5.282,60.6,20.185,25.613,1.586,24.6,17.1,6254.52,79.65,606.77,5.321,60.74,20.437,25.637,1.576,24.641,16.872,MECHANICAL_FAILURE,1.0,1.0,1.0,1.0,1.0,0.0,0.0,0.0,0.0
112.1,CLIMB,80.66,57.43,5190.42,19.62,83.996,0.9995,6260.77,79.78,606.94,5.282,60.59,20.184,25.613,1.585,24.6,17.099,6263.4,79.51,606.96,5.275,60.65,20.134,25.72,1.578,24.667,17.128,MECHANICAL_FAILURE,1.0,1.0,1.0,1.0,1.0,0.0,0.0,0.0,0.0
112.2,CLIMB,80.65,57.42,5197.5,19.61,83.974,0.9993,6260.3,79.78,606.93,5.282,60.58,20.182,25.613,1.585,24.6,17.098,6265.62,79.56,608.84,5.281,60.93,20.16,25.702,1.548,24.554,17.227,MECHANICAL_FAILURE,1.0,1.0,1.0,1.0,1.0,0.0,0.0,0.0,0.0
112.3,CLIMB,80.64,57.42,5204.58,19.59,83.953,0.9991,6259.83,79.78,606.91,5.282,60.57,20.181,25.613,1.585,24.6,17.096,6261.08,79.46,606.17,5.266,60.58,20.281,25.612,1.59,24.606,17.136,MECHANICAL_FAILURE,1.0,1.0,1.0,1.0,1.0,0.0,0.0,0.0,0.0
112.4,CLIMB,80.63,57.41,5211.67,19.58,83.931,0.9989,6259.36,79.78,606.9,5.282,60.56,20.18,25.613,1.585,24.6,17.095,6261.71,79.99,607.59,5.254,60.78,20.169,25.591,1.524,24.623,17.19,MECHANICAL_FAILURE,1.0,1.0,1.0,1.0,1.0,0.0,0.0,0.0,0.0
112.5,CLIMB,80.63,57.41,5218.75,19.56,83.91,0.9987,6258.9,79.78,606.88,5.282,60.55,20.178,25.613,1.585,24.6,17.094,6261.79,79.84,606.57,5.292,60.26,20.261,25.632,1.554,24.573,17.088,MECHANICAL_FAILURE,1.0,1.0,1.0,1.0,1.0,0.0,0.0,0.0,0.0
112.6,CLIMB,80.62,57.4,5225.83,19.55,83.888,0.9984,6258.43,79.78,606.87,5.281,60.53,20.177,25.612,1.585,24.6,17.093,6257.16,79.1,608.15,5.248,60.55,20.037,25.539,1.577,24.604,16.942,MECHANICAL_FAILURE,1.0,1.0,1.0,1.0,1.0,0.0,0.0,0.0,0.0
112.7,CLIMB,80.61,57.4,5232.92,19.53,83.867,0.9982,6257.96,79.78,606.85,5.281,60.52,20.176,25.612,1.585,24.6,17.091,6253.72,79.14,608.37,5.285,60.48,20.235,25.601,1.615,24.536,17.071,MECHANICAL_FAILURE,1.0,1.0,1.0,1.0,1.0,0.0,0.0,0.0,0.0
112.8,CLIMB,80.6,57.39,5240.0,19.52,83.845,0.998,6257.49,79.78,606.84,5.281,60.51,20.174,25.612,1.585,24.6,17.09,6257.51,79.69,606.1,5.268,61.14,20.038,25.648,1.494,24.646,17.073,MECHANICAL_FAILURE,1.0,1.0,1.0,1.0,1.0,0.0,0.0,0.0,0.0
112.9,CLIMB,80.59,57.38,5247.08,19.51,83.824,0.9978,6257.02,79.78,606.82,5.281,60.5,20.173,25.612,1.585,24.6,17.089,6256.31,79.97,606.35,5.272,60.68,20.434,25.602,1.574,24.578,17.13,MECHANICAL_FAILURE,1.0,1.0,1.0,1.0,1.0,0.0,0.0,0.0,0.0
113.0,CLIMB,80.58,57.38,5254.17,19.49,83.802,0.9976,6256.56,79.78,606.8,5.281,60.49,20.171,25.612,1.585,24.6,17.088,6258.34,80.96,606.96,5.331,60.91,20.38,25.617,1.541,24.61,16.941,MECHANICAL_FAILURE,1.0,1.0,1.0,1.0,1.0,0.0,0.0,0.0,0.0
113.1,CLIMB,80.58,57.37,5261.25,19.48,83.781,0.9974,6256.09,79.78,606.79,5.281,60.48,20.17,25.612,1.585,24.6,17.086,6255.24,79.52,610.63,5.275,60.59,20.171,25.579,1.557,24.589,17.058,MECHANICAL_FAILURE,1.0,1.0,1.0,1.0,1.0,0.0,0.0,0.0,0.0
113.2,CLIMB,80.57,57.37,5268.33,19.46,83.76,0.9972,6255.62,79.78,606.77,5.281,60.47,20.169,25.611,1.585,24.6,17.085,6259.62,79.73,607.39,5.286,60.09,20.099,25.68,1.56,24.568,17.217,MECHANICAL_FAILURE,1.0,1.0,1.0,1.0,1.0,0.0,0.0,0.0,0.0
113.3,CLIMB,80.56,57.36,5275.42,19.45,83.738,0.997,6255.15,79.78,606.76,5.28,60.46,20.167,25.611,1.584,24.6,17.084,6249.73,80.07,606.27,5.268,60.78,20.228,25.633,1.579,24.602,17.068,MECHANICAL_FAILURE,1.0,1.0,1.0,1.0,1.0,0.0,0.0,0.0,0.0
113.4,CLIMB,80.55,57.36,5282.5,19.44,83.717,0.9968,6254.69,79.78,606.74,5.28,60.45,20.166,25.611,1.584,24.6,17.083,6258.48,79.06,606.02,5.322,60.31,20.283,25.583,1.586,24.569,17.158,MECHANICAL_FAILURE,1.0,1.0,1.0,1.0,1.0,0.0,0.0,0.0,0.0
113.5,CLIMB,80.54,57.35,5289.58,19.42,83.695,0.9966,6254.22,79.78,606.73,5.28,60.43,20.165,25.611,1.584,24.6,17.081,6252.79,79.89,604.8,5.274,60.44,20.036,25.505,1.525,24.607,17.044,MECHANICAL_FAILURE,1.0,1.0,1.0,1.0,1.0,0.0,0.0,0.0,0.0
113.6,CLIMB,80.53,57.35,5296.67,19.41,83.674,0.9964,6253.75,79.78,606.71,5.28,60.42,20.163,25.611,1.584,24.6,17.08,6260.46,80.5,607.22,5.276,60.65,20.165,25.625,1.598,24.578,17.334,MECHANICAL_FAILURE,1.0,1.0,1.0,1.0,1.0,0.0,0.0,0.0,0.0
113.7,CLIMB,80.53,57.34,5303.75,19.39,83.652,0.9962,6253.28,79.77,606.7,5.28,60.41,20.162,25.611,1.584,24.6,17.079,6252.5,79.7,611.21,5.299,60.21,20.066,25.567,1.695,24.607,17.154,MECHANICAL_FAILURE,1.0,1.0,1.0,1.0,1.0,0.0,0.0,0.0,0.0
113.8,CLIMB,80.52,57.34,5310.83,19.38,83.631,0.996,6252.82,79.77,606.68,5.28,60.4,20.16,25.61,1.584,24.6,17.078,6246.65,81.08,609.1,5.274,60.0,20.163,25.634,1.637,24.656,17.039,MECHANICAL_FAILURE,1.0,1.0,1.0,1.0,1.0,0.0,0.0,0.0,0.0
113.9,CLIMB,80.51,57.33,5317.92,19.36,83.61,0.9958,6252.35,79.77,606.67,5.279,60.39,20.159,25.61,1.584,24.6,17.076,6249.58,79.34,605.91,5.292,60.4,20.068,25.608,1.549,24.552,17.234,MECHANICAL_FAILURE,1.0,1.0,1.0,1.0,1.0,0.0,0.0,0.0,0.0
114.0,CLIMB,80.5,57.33,5325.0,19.35,83.588,0.9955,6251.88,79.77,606.65,5.279,60.38,20.158,25.61,1.584,24.6,17.075,6259.94,80.69,607.41,5.314,60.58,20.112,25.552,1.564,24.674,17.052,MECHANICAL_FAILURE,1.0,1.0,1.0,1.0,1.0,0.0,0.0,0.0,0.0
114.1,CLIMB,80.49,57.32,5332.08,19.34,83.567,0.9953,6251.42,79.77,606.64,5.279,60.37,20.156,25.61,1.584,24.6,17.074,6250.59,79.74,604.11,5.273,60.65,20.275,25.614,1.523,24.561,17.022,MECHANICAL_FAILURE,1.0,1.0,1.0,1.0,1.0,0.0,0.0,0.0,0.0
114.2,CLIMB,80.48,57.31,5339.17,19.32,83.545,0.9951,6250.95,79.77,606.62,5.279,60.36,20.155,25.61,1.584,24.6,17.073,6249.16,80.08,608.46,5.294,60.29,20.219,25.632,1.658,24.551,17.075,MECHANICAL_FAILURE,1.0,1.0,1.0,1.0,1.0,0.0,0.0,0.0,0.0
114.3,CLIMB,80.48,57.31,5346.25,19.31,83.524,0.9949,6250.48,79.77,606.61,5.279,60.35,20.153,25.61,1.584,24.6,17.071,6243.83,80.5,606.39,5.294,60.17,20.153,25.619,1.547,24.544,17.044,MECHANICAL_FAILURE,1.0,1.0,1.0,1.0,1.0,0.0,0.0,0.0,0.0
114.4,CLIMB,80.47,57.3,5353.33,19.29,83.503,0.9947,6250.01,79.77,606.59,5.279,60.33,20.152,25.609,1.583,24.6,17.07,6247.0,79.82,605.01,5.26,60.34,20.145,25.644,1.569,24.569,16.943,MECHANICAL_FAILURE,1.0,1.0,1.0,1.0,1.0,0.0,0.0,0.0,0.0
114.5,CLIMB,80.46,57.3,5360.42,19.28,83.481,0.9945,6249.55,79.77,606.58,5.278,60.32,20.151,25.609,1.583,24.6,17.069,6249.04,78.71,603.35,5.324,60.18,20.073,25.711,1.501,24.5,17.016,MECHANICAL_FAILURE,1.0,1.0,1.0,1.0,1.0,0.0,0.0,0.0,0.0
114.6,CLIMB,80.45,57.29,5367.5,19.27,83.46,0.9943,6249.08,79.77,606.56,5.278,60.31,20.149,25.609,1.583,24.6,17.068,6247.96,78.77,606.76,5.33,60.3,19.966,25.598,1.68,24.48,17.064,MECHANICAL_FAILURE,1.0,1.0,1.0,1.0,1.0,0.0,0.0,0.0,0.0
114.7,CLIMB,80.44,57.29,5374.58,19.25,83.439,0.9941,6248.61,79.77,606.54,5.278,60.3,20.148,25.609,1.583,24.6,17.066,6244.56,79.62,608.52,5.276,60.4,20.041,25.617,1.637,24.612,17.147,MECHANICAL_FAILURE,1.0,1.0,1.0,1.0,1.0,0.0,0.0,0.0,0.0
114.8,CLIMB,80.43,57.28,5381.67,19.24,83.417,0.9939,6248.15,79.77,606.53,5.278,60.29,20.147,25.609,1.583,24.6,17.065,6251.3,78.84,606.33,5.292,60.37,20.264,25.593,1.6,24.554,17.032,MECHANICAL_FAILURE,1.0,1.0,1.0,1.0,1.0,0.0,0.0,0.0,0.0
114.9,CLIMB,80.43,57.28,5388.75,19.22,83.396,0.9937,6247.68,79.77,606.51,5.278,60.28,20.145,25.609,1.583,24.6,17.064,6241.94,79.64,604.37,5.274,60.43,19.895,25.648,1.517,24.607,17.136,MECHANICAL_FAILURE,1.0,1.0,1.0,1.0,1.0,0.0,0.0,0.0,0.0
115.0,CLIMB,80.42,57.27,5395.83,19.21,83.374,0.9935,6247.21,79.77,606.5,5.278,60.27,20.144,25.608,1.583,24.6,17.063,6250.79,79.49,610.65,5.277,60.5,20.188,25.609,1.599,24.574,17.066,MECHANICAL_FAILURE,1.0,1.0,1.0,1.0,1.0,0.0,0.0,0.0,0.0
115.1,CLIMB,80.41,57.27,5402.92,19.19,83.353,0.9933,6246.74,79.77,606.48,5.278,60.26,20.142,25.608,1.583,24.6,17.061,6244.64,79.81,607.88,5.255,60.16,20.224,25.606,1.479,24.615,16.942,MECHANICAL_FAILURE,1.0,1.0,1.0,1.0,1.0,0.0,0.0,0.0,0.0
115.2,CLIMB,80.4,57.26,5410.0,19.18,83.332,0.9931,6246.28,79.76,606.47,5.277,60.24,20.141,25.608,1.583,24.6,17.06,6241.84,79.69,605.29,5.278,60.6,20.325,25.609,1.505,24.551,17.019,MECHANICAL_FAILURE,1.0,1.0,1.0,1.0,1.0,0.0,0.0,0.0,0.0
115.3,CLIMB,80.39,57.25,5417.08,19.17,83.31,0.9929,6245.81,79.76,606.45,5.277,60.23,20.14,25.608,1.583,24.6,17.059,6240.8,78.15,606.23,5.255,60.16,20.01,25.593,1.515,24.502,17.04,MECHANICAL_FAILURE,1.0,1.0,1.0,1.0,1.0,0.0,0.0,0.0,0.0
115.4,CLIMB,80.38,57.25,5424.17,19.15,83.289,0.9927,6245.34,79.76,606.44,5.277,60.22,20.138,25.608,1.583,24.6,17.058,6237.83,79.9,609.35,5.277,60.28,19.947,25.558,1.564,24.68,16.968,MECHANICAL_FAILURE,1.0,1.0,1.0,1.0,1.0,0.0,0.0,0.0,0.0
115.5,CLIMB,80.38,57.24,5431.25,19.14,83.268,0.9925,6244.88,79.76,606.42,5.277,60.21,20.137,25.608,1.582,24.6,17.056,6252.93,80.14,607.65,5.309,60.14,20.185,25.653,1.552,24.587,16.902,MECHANICAL_FAILURE,1.0,1.0,1.0,1.0,1.0,0.0,0.0,0.0,0.0
115.6,CLIMB,80.37,57.24,5438.33,19.12,83.247,0.9922,6244.41,79.76,606.41,5.277,60.2,20.136,25.607,1.582,24.6,17.055,6243.59,80.0,606.22,5.224,60.37,20.263,25.626,1.579,24.672,17.088,MECHANICAL_FAILURE,1.0,1.0,1.0,1.0,1.0,0.0,0.0,0.0,0.0
115.7,CLIMB,80.36,57.23,5445.42,19.11,83.225,0.992,6243.94,79.76,606.39,5.277,60.19,20.134,25.607,1.582,24.6,17.054,6238.57,79.63,603.96,5.301,60.37,20.177,25.649,1.586,24.595,17.141,MECHANICAL_FAILURE,1.0,1.0,1.0,1.0,1.0,0.0,0.0,0.0,0.0
115.8,CLIMB,80.35,57.23,5452.5,19.1,83.204,0.9918,6243.48,79.76,606.38,5.276,60.18,20.133,25.607,1.582,24.6,17.053,6237.19,79.65,605.59,5.251,60.49,20.107,25.649,1.565,24.55,16.973,MECHANICAL_FAILURE,1.0,1.0,1.0,1.0,1.0,0.0,0.0,0.0,0.0
115.9,CLIMB,80.34,57.22,5459.58,19.08,83.183,0.9916,6243.01,79.76,606.36,5.276,60.17,20.131,25.607,1.582,24.6,17.051,6240.83,79.07,607.87,5.287,60.45,20.17,25.523,1.67,24.593,16.996,MECHANICAL_FAILURE,1.0,1.0,1.0,1.0,1.0,0.0,0.0,0.0,0.0
116.0,CLIMB,80.33,57.22,5466.67,19.07,83.161,0.9914,6242.54,79.76,606.35,5.276,60.15,20.13,25.607,1.582,24.6,17.05,6245.42,79.87,606.49,5.263,60.15,20.436,25.591,1.607,24.629,17.13,MECHANICAL_FAILURE,1.0,1.0,1.0,1.0,1.0,0.0,0.0,0.0,0.0
116.1,CLIMB,80.33,57.21,5473.75,19.05,83.14,0.9912,6242.08,79.76,606.33,5.276,60.14,20.129,25.607,1.582,24.6,17.049,6241.63,79.85,607.71,5.334,59.97,20.212,25.656,1.515,24.639,17.127,MECHANICAL_FAILURE,1.0,1.0,1.0,1.0,1.0,0.0,0.0,0.0,0.0
116.2,CLIMB,80.32,57.21,5480.83,19.04,83.119,0.991,6241.61,79.76,606.32,5.276,60.13,20.127,25.606,1.582,24.6,17.048,6237.95,79.45,605.78,5.269,60.05,20.138,25.57,1.648,24.589,16.998,MECHANICAL_FAILURE,1.0,1.0,1.0,1.0,1.0,0.0,0.0,0.0,0.0
116.3,CLIMB,80.31,57.2,5487.92,19.02,83.098,0.9908,6241.14,79.76,606.3,5.276,60.12,20.126,25.606,1.582,24.6,17.046,6242.71,79.61,606.61,5.279,59.94,20.157,25.579,1.612,24.586,17.116,MECHANICAL_FAILURE,1.0,1.0,1.0,1.0,1.0,0.0,0.0,0.0,0.0
116.4,CLIMB,80.3,57.2,5495.0,19.01,83.076,0.9906,6240.68,79.76,606.29,5.276,60.11,20.124,25.606,1.582,24.6,17.045,6237.44,80.06,608.22,5.306,60.09,20.36,25.623,1.548,24.563,17.095,MECHANICAL_FAILURE,1.0,1.0,1.0,1.0,1.0,0.0,0.0,0.0,0.0
116.5,CLIMB,80.29,57.19,5502.08,19.0,83.055,0.9904,6240.21,79.76,606.27,5.275,60.1,20.123,25.606,1.582,24.6,17.044,6242.87,78.75,607.59,5.243,59.86,20.133,25.517,1.555,24.601,17.0,MECHANICAL_FAILURE,1.0,1.0,1.0,1.0,1.0,0.0,0.0,0.0,0.0
116.6,CLIMB,80.28,57.18,5509.17,18.98,83.034,0.9902,6239.74,79.76,606.25,5.275,60.09,20.122,25.606,1.581,24.6,17.043,6234.34,79.14,607.0,5.272,60.4,20.072,25.646,1.662,24.507,17.168,MECHANICAL_FAILURE,1.0,1.0,1.0,1.0,1.0,0.0,0.0,0.0,0.0
116.7,CLIMB,80.28,57.18,5516.25,18.97,83.012,0.99,6239.28,79.75,606.24,5.275,60.08,20.12,25.606,1.581,24.6,17.041,6234.21,80.16,606.74,5.267,59.93,20.262,25.544,1.621,24.62,17.107,MECHANICAL_FAILURE,1.0,1.0,1.0,1.0,1.0,0.0,0.0,0.0,0.0
116.8,CLIMB,80.27,57.17,5523.33,18.95,82.991,0.9898,6238.81,79.75,606.22,5.275,60.06,20.119,25.605,1.581,24.6,17.04,6243.56,80.31,608.86,5.305,60.06,20.124,25.587,1.563,24.583,17.203,MECHANICAL_FAILURE,1.0,1.0,1.0,1.0,1.0,0.0,0.0,0.0,0.0
116.9,CLIMB,80.26,57.17,5530.42,18.94,82.97,0.9896,6238.34,79.75,606.21,5.275,60.05,20.118,25.605,1.581,24.6,17.039,6235.56,80.2,605.43,5.258,60.09,19.922,25.614,1.473,24.678,17.008,MECHANICAL_FAILURE,1.0,1.0,1.0,1.0,1.0,0.0,0.0,0.0,0.0
117.0,CLIMB,80.25,57.16,5537.5,18.93,82.949,0.9894,6237.88,79.75,606.19,5.275,60.04,20.116,25.605,1.581,24.6,17.038,6233.7,79.87,607.05,5.266,60.04,20.049,25.554,1.529,24.605,17.159,MECHANICAL_FAILURE,1.0,1.0,1.0,1.0,1.0,0.0,0.0,0.0,0.0
117.1,CLIMB,80.24,57.16,5544.58,18.91,82.928,0.9892,6237.41,79.75,606.18,5.274,60.03,20.115,25.605,1.581,24.6,17.036,6233.25,79.6,606.94,5.248,60.01,20.145,25.54,1.54,24.532,16.962,MECHANICAL_FAILURE,1.0,1.0,1.0,1.0,1.0,0.0,0.0,0.0,0.0
117.2,CLIMB,80.23,57.15,5551.67,18.9,82.906,0.989,6236.94,79.75,606.16,5.274,60.02,20.113,25.605,1.581,24.6,17.035,6240.08,80.41,602.47,5.277,59.49,20.005,25.642,1.668,24.562,17.177,MECHANICAL_FAILURE,1.0,1.0,1.0,1.0,1.0,0.0,0.0,0.0,0.0
117.3,CLIMB,80.23,57.15,5558.75,18.88,82.885,0.9888,6236.48,79.75,606.15,5.274,60.01,20.112,25.605,1.581,24.6,17.034,6245.13,80.04,606.26,5.287,60.08,19.913,25.505,1.515,24.535,17.031,MECHANICAL_FAILURE,1.0,1.0,1.0,1.0,1.0,0.0,0.0,0.0,0.0
117.4,CLIMB,80.22,57.14,5565.83,18.87,82.864,0.9885,6236.01,79.75,606.13,5.274,60.0,20.111,25.604,1.581,24.6,17.033,6238.39,80.08,605.56,5.261,60.8,20.114,25.68,1.537,24.607,17.067,MECHANICAL_FAILURE,1.0,1.0,1.0,1.0,1.0,0.0,0.0,0.0,0.0
117.5,CLIMB,80.21,57.14,5572.92,18.85,82.843,0.9883,6235.54,79.75,606.12,5.274,59.98,20.109,25.604,1.581,24.6,17.031,6230.59,79.41,606.03,5.256,60.01,19.985,25.629,1.561,24.594,17.077,MECHANICAL_FAILURE,1.0,1.0,1.0,1.0,1.0,0.0,0.0,0.0,0.0
117.6,CLIMB,80.2,57.13,5580.0,18.84,82.821,0.9881,6235.08,79.75,606.1,5.274,59.97,20.108,25.604,1.581,24.6,17.03,6242.42,79.44,605.56,5.268,60.26,20.24,25.647,1.623,24.631,17.038,MECHANICAL_FAILURE,1.0,1.0,1.0,1.0,1.0,0.0,0.0,0.0,0.0
117.7,CLIMB,80.19,57.12,5587.08,18.83,82.8,0.9879,6234.61,79.75,606.09,5.273,59.96,20.107,25.604,1.58,24.6,17.029,6231.5,79.3,607.35,5.302,59.91,20.14,25.561,1.613,24.586,16.97,MECHANICAL_FAILURE,1.0,1.0,1.0,1.0,1.0,0.0,0.0,0.0,0.0
117.8,CLIMB,80.18,57.12,5594.17,18.81,82.779,0.9877,6234.15,79.75,606.07,5.273,59.95,20.105,25.604,1.58,24.6,17.028,6236.28,79.46,604.5,5.238,60.03,20.121,25.614,1.615,24.614,17.145,MECHANICAL_FAILURE,1.0,1.0,1.0,1.0,1.0,0.0,0.0,0.0,0.0
117.9,CLIMB,80.18,57.11,5601.25,18.8,82.758,0.9875,6233.68,79.75,606.06,5.273,59.94,20.104,25.604,1.58,24.6,17.026,6236.92,80.21,605.2,5.259,59.71,20.135,25.58,1.671,24.635,17.019,MECHANICAL_FAILURE,1.0,1.0,1.0,1.0,1.0,0.0,0.0,0.0,0.0
118.0,CLIMB,80.17,57.11,5608.33,18.78,82.737,0.9873,6233.21,79.75,606.04,5.273,59.93,20.102,25.603,1.58,24.6,17.025,6237.92,79.35,602.57,5.251,60.14,20.05,25.556,1.607,24.595,16.77,MECHANICAL_FAILURE,1.0,1.0,1.0,1.0,1.0,0.0,0.0,0.0,0.0
118.1,CLIMB,80.16,57.1,5615.42,18.77,82.716,0.9871,6232.75,79.75,606.03,5.273,59.92,20.101,25.603,1.58,24.6,17.024,6233.59,79.56,605.85,5.231,59.53,20.027,25.572,1.584,24.623,17.024,MECHANICAL_FAILURE,1.0,1.0,1.0,1.0,1.0,0.0,0.0,0.0,0.0
118.2,CLIMB,80.15,57.1,5622.5,18.76,82.694,0.9869,6232.28,79.74,606.01,5.273,59.9,20.1,25.603,1.58,24.6,17.023,6239.67,80.51,603.29,5.287,59.71,20.03,25.578,1.571,24.515,17.005,MECHANICAL_FAILURE,1.0,1.0,1.0,1.0,1.0,0.0,0.0,0.0,0.0
118.3,CLIMB,80.14,57.09,5629.58,18.74,82.673,0.9867,6231.81,79.74,606.0,5.273,59.89,20.098,25.603,1.58,24.6,17.021,6231.32,79.94,604.94,5.321,59.7,19.974,25.585,1.56,24.559,16.98,MECHANICAL_FAILURE,1.0,1.0,1.0,1.0,1.0,0.0,0.0,0.0,0.0
118.4,CLIMB,80.13,57.09,5636.67,18.73,82.652,0.9865,6231.35,79.74,605.98,5.272,59.88,20.097,25.603,1.58,24.6,17.02,6228.72,79.59,604.86,5.306,59.97,20.077,25.627,1.579,24.589,17.113,MECHANICAL_FAILURE,1.0,1.0,1.0,1.0,1.0,0.0,0.0,0.0,0.0
118.5,CLIMB,80.13,57.08,5643.75,18.71,82.631,0.9863,6230.88,79.74,605.96,5.272,59.87,20.095,25.603,1.58,24.6,17.019,6223.21,79.44,603.58,5.296,59.7,20.187,25.538,1.546,24.596,16.961,MECHANICAL_FAILURE,1.0,1.0,1.0,1.0,1.0,0.0,0.0,0.0,0.0
118.6,CLIMB,80.12,57.08,5650.83,18.7,82.61,0.9861,6230.42,79.74,605.95,5.272,59.86,20.094,25.602,1.58,24.6,17.018,6230.8,80.4,606.73,5.263,59.84,20.107,25.612,1.567,24.591,17.142,MECHANICAL_FAILURE,1.0,1.0,1.0,1.0,1.0,0.0,0.0,0.0,0.0
118.7,CLIMB,80.11,57.07,5657.92,18.68,82.589,0.9859,6229.95,79.74,605.93,5.272,59.85,20.093,25.602,1.58,24.6,17.016,6227.46,79.21,606.23,5.354,59.55,20.194,25.681,1.644,24.553,16.983,MECHANICAL_FAILURE,1.0,1.0,1.0,1.0,1.0,0.0,0.0,0.0,0.0
118.8,CLIMB,80.1,57.07,5665.0,18.67,82.567,0.9857,6229.48,79.74,605.92,5.272,59.84,20.091,25.602,1.579,24.6,17.015,6234.38,79.95,608.79,5.264,59.78,20.037,25.645,1.583,24.651,17.107,MECHANICAL_FAILURE,1.0,1.0,1.0,1.0,1.0,0.0,0.0,0.0,0.0
118.9,CLIMB,80.09,57.06,5672.08,18.66,82.546,0.9855,6229.02,79.74,605.9,5.272,59.82,20.09,25.602,1.579,24.6,17.014,6234.29,80.62,603.95,5.336,59.85,20.144,25.652,1.512,24.639,16.893,MECHANICAL_FAILURE,1.0,1.0,1.0,1.0,1.0,0.0,0.0,0.0,0.0
119.0,CLIMB,80.08,57.05,5679.17,18.64,82.525,0.9853,6228.55,79.74,605.89,5.271,59.81,20.089,25.602,1.579,24.6,17.013,6225.55,80.2,603.13,5.26,59.69,20.191,25.603,1.567,24.674,16.876,MECHANICAL_FAILURE,1.0,1.0,1.0,1.0,1.0,0.0,0.0,0.0,0.0
119.1,CLIMB,80.08,57.05,5686.25,18.63,82.504,0.9851,6228.09,79.74,605.87,5.271,59.8,20.087,25.602,1.579,24.6,17.011,6219.78,79.99,606.4,5.247,59.45,20.146,25.619,1.56,24.574,16.986,MECHANICAL_FAILURE,1.0,1.0,1.0,1.0,1.0,0.0,0.0,0.0,0.0
119.2,CLIMB,80.07,57.04,5693.33,18.61,82.483,0.9849,6227.62,79.74,605.86,5.271,59.79,20.086,25.601,1.579,24.6,17.01,6226.31,81.05,607.58,5.297,59.81,19.916,25.573,1.539,24.691,16.995,MECHANICAL_FAILURE,1.0,1.0,1.0,1.0,1.0,0.0,0.0,0.0,0.0
119.3,CLIMB,80.06,57.04,5700.42,18.6,82.462,0.9847,6227.15,79.74,605.84,5.271,59.78,20.084,25.601,1.579,24.6,17.009,6234.53,79.67,607.2,5.27,59.91,19.97,25.524,1.551,24.599,16.919,MECHANICAL_FAILURE,1.0,1.0,1.0,1.0,1.0,0.0,0.0,0.0,0.0
119.4,CLIMB,80.05,57.03,5707.5,18.59,82.441,0.9845,6226.69,79.74,605.83,5.271,59.77,20.083,25.601,1.579,24.6,17.008,6228.87,79.46,604.78,5.304,59.36,20.081,25.637,1.582,24.539,17.097,MECHANICAL_FAILURE,1.0,1.0,1.0,1.0,1.0,0.0,0.0,0.0,0.0
119.5,CLIMB,80.04,57.03,5714.58,18.57,82.42,0.9843,6226.22,79.74,605.81,5.271,59.76,20.082,25.601,1.579,24.6,17.006,6228.77,80.02,604.65,5.218,60.07,20.042,25.578,1.596,24.583,16.92,MECHANICAL_FAILURE,1.0,1.0,1.0,1.0,1.0,0.0,0.0,0.0,0.0
119.6,CLIMB,80.03,57.02,5721.67,18.56,82.399,0.984,6225.76,79.74,605.8,5.271,59.74,20.08,25.601,1.579,24.6,17.005,6219.88,80.22,608.72,5.306,59.7,19.958,25.658,1.495,24.581,16.928,MECHANICAL_FAILURE,1.0,1.0,1.0,1.0,1.0,0.0,0.0,0.0,0.0
119.7,CLIMB,80.03,57.02,5728.75,18.54,82.377,0.9838,6225.29,79.73,605.78,5.27,59.73,20.079,25.601,1.579,24.6,17.004,6225.67,80.01,606.1,5.279,59.86,20.191,25.645,1.619,24.583,17.128,MECHANICAL_FAILURE,1.0,1.0,1.0,1.0,1.0,0.0,0.0,0.0,0.0
119.8,CLIMB,80.02,57.01,5735.83,18.53,82.356,0.9836,6224.83,79.73,605.77,5.27,59.72,20.077,25.6,1.579,24.6,17.003,6232.03,79.18,605.7,5.295,59.77,20.077,25.648,1.495,24.633,17.05,MECHANICAL_FAILURE,1.0,1.0,1.0,1.0,1.0,0.0,0.0,0.0,0.0
119.9,CLIMB,80.01,57.01,5742.92,18.51,82.335,0.9834,6224.36,79.73,605.75,5.27,59.71,20.076,25.6,1.578,24.6,17.001,6223.12,80.02,603.24,5.31,60.0,20.043,25.665,1.573,24.53,16.981,MECHANICAL_FAILURE,1.0,1.0,1.0,1.0,1.0,0.0,0.0,0.0,0.0
120.0,CLIMB,80.0,57.0,5750.0,18.5,82.314,0.9832,6223.89,79.73,605.74,5.27,59.7,20.075,25.6,1.578,24.6,17.0,6227.62,80.7,606.39,5.25,60.28,20.183,25.592,1.538,24.618,16.916,MECHANICAL_FAILURE,1.0,1.0,1.0,1.0,1.0,0.0,0.0,0.0,0.0
120.1,CLIMB,79.99,56.99,5757.08,18.49,82.293,0.983,6223.43,79.73,605.72,5.27,59.69,20.073,25.6,1.578,24.6,16.999,6220.31,80.32,607.03,5.253,59.7,19.952,25.611,1.628,24.569,16.861,MECHANICAL_FAILURE,1.0,1.0,1.0,1.0,1.0,0.0,0.0,0.0,0.0
120.2,CLIMB,79.98,56.99,5764.17,18.47,82.272,0.9828,6222.96,79.73,605.71,5.27,59.68,20.072,25.6,1.578,24.6,16.998,6225.67,78.74,605.33,5.213,59.73,20.108,25.602,1.533,24.659,17.152,MECHANICAL_FAILURE,1.0,1.0,1.0,1.0,1.0,0.0,0.0,0.0,0.0
120.3,CLIMB,79.98,56.98,5771.25,18.46,82.251,0.9826,6222.5,79.73,605.69,5.269,59.66,20.071,25.6,1.578,24.6,16.996,6223.06,80.05,606.92,5.31,59.38,20.209,25.559,1.622,24.586,16.887,MECHANICAL_FAILURE,1.0,1.0,1.0,1.0,1.0,0.0,0.0,0.0,0.0
120.4,CLIMB,79.97,56.98,5778.33,18.44,82.23,0.9824,6222.03,79.73,605.68,5.269,59.65,20.069,25.599,1.578,24.6,16.995,6221.94,79.64,607.43,5.309,59.72,19.944,25.666,1.516,24.568,16.865,MECHANICAL_FAILURE,1.0,1.0,1.0,1.0,1.0,0.0,0.0,0.0,0.0
120.5,CLIMB,79.96,56.97,5785.42,18.43,82.209,0.9822,6221.57,79.73,605.66,5.269,59.64,20.068,25.599,1.578,24.6,16.994,6220.27,80.64,606.54,5.272,60.28,19.953,25.682,1.521,24.598,16.978,MECHANICAL_FAILURE,1.0,1.0,1.0,1.0,1.0,0.0,0.0,0.0,0.0
120.6,CLIMB,79.95,56.97,5792.5,18.42,82.188,0.982,6221.1,79.73,605.65,5.269,59.63,20.066,25.599,1.578,24.6,16.993,6226.32,78.89,606.31,5.241,59.73,19.997,25.578,1.601,24.642,16.887,MECHANICAL_FAILURE,1.0,1.0,1.0,1.0,1.0,0.0,0.0,0.0,0.0
120.7,CLIMB,79.94,56.96,5799.58,18.4,82.167,0.9818,6220.64,79.73,605.63,5.269,59.62,20.065,25.599,1.578,24.6,16.991,6214.67,80.0,607.33,5.312,59.46,20.189,25.625,1.524,24.529,16.999,MECHANICAL_FAILURE,1.0,1.0,1.0,1.0,1.0,0.0,0.0,0.0,0.0
120.8,CLIMB,79.93,56.96,5806.67,18.39,82.146,0.9816,6220.17,79.73,605.61,5.269,59.61,20.064,25.599,1.578,24.6,16.99,6226.83,79.5,608.15,5.274,59.5,20.141,25.621,1.5,24.543,16.912,MECHANICAL_FAILURE,1.0,1.0,1.0,1.0,1.0,0.0,0.0,0.0,0.0
120.9,CLIMB,79.93,56.95,5813.75,18.37,82.125,0.9814,6219.7,79.73,605.6,5.268,59.6,20.062,25.599,1.578,24.6,16.989,6216.95,80.73,603.5,5.198,59.38,20.037,25.548,1.675,24.535,17.138,MECHANICAL_FAILURE,1.0,1.0,1.0,1.0,1.0,0.0,0.0,0.0,0.0
121.0,CLIMB,79.92,56.95,5820.83,18.36,82.104,0.9812,6219.24,79.73,605.58,5.268,59.58,20.061,25.598,1.577,24.6,16.988,6217.8,78.64,605.07,5.281,59.87,20.079,25.544,1.577,24.64,16.99,MECHANICAL_FAILURE,1.0,1.0,1.0,1.0,1.0,0.0,0.0,0.0,0.0
121.1,CLIMB,79.91,56.94,5827.92,18.34,82.083,0.981,6218.77,79.73,605.57,5.268,59.57,20.06,25.598,1.577,24.6,16.986,6220.16,79.66,605.47,5.3,59.67,20.02,25.536,1.635,24.645,17.034,MECHANICAL_FAILURE,1.0,1.0,1.0,1.0,1.0,0.0,0.0,0.0,0.0
121.2,CLIMB,79.9,56.94,5835.0,18.33,82.062,0.9808,6218.31,79.72,605.55,5.268,59.56,20.058,25.598,1.577,24.6,16.985,6221.19,79.62,604.92,5.265,59.93,20.26,25.611,1.611,24.476,16.843,MECHANICAL_FAILURE,1.0,1.0,1.0,1.0,1.0,0.0,0.0,0.0,0.0
121.3,CLIMB,79.89,56.93,5842.08,18.32,82.041,0.9806,6217.84,79.72,605.54,5.268,59.55,20.057,25.598,1.577,24.6,16.984,6210.89,79.56,601.75,5.216,59.88,20.043,25.665,1.565,24.599,17.054,MECHANICAL_FAILURE,1.0,1.0,1.0,1.0,1.0,0.0,0.0,0.0,0.0
121.4,CLIMB,79.88,56.92,5849.17,18.3,82.02,0.9804,6217.38,79.72,605.52,5.268,59.54,20.055,25.598,1.577,24.6,16.983,6215.05,79.99,604.1,5.297,59.91,20.035,25.608,1.556,24.577,17.032,MECHANICAL_FAILURE,1.0,1.0,1.0,1.0,1.0,0.0,0.0,0.0,0.0
121.5,CLIMB,79.88,56.92,5856.25,18.29,81.999,0.9802,6216.91,79.72,605.51,5.268,59.53,20.054,25.598,1.577,24.6,16.981,6212.28,79.77,607.87,5.281,59.45,20.096,25.612,1.521,24.547,17.013,MECHANICAL_FAILURE,1.0,1.0,1.0,1.0,1.0,0.0,0.0,0.0,0.0
121.6,CLIMB,79.87,56.91,5863.33,18.27,81.978,0.98,6216.45,79.72,605.49,5.267,59.51,20.053,25.597,1.577,24.6,16.98,6217.93,79.84,607.8,5.236,59.48,19.983,25.643,1.499,24.68,17.032,MECHANICAL_FAILURE,1.0,1.0,1.0,1.0,1.0,0.0,0.0,0.0,0.0
121.7,CLIMB,79.86,56.91,5870.42,18.26,81.957,0.9798,6215.98,79.72,605.48,5.267,59.5,20.051,25.597,1.577,24.6,16.979,6218.8,79.34,603.91,5.284,60.14,19.989,25.597,1.531,24.614,16.912,MECHANICAL_FAILURE,1.0,1.0,1.0,1.0,1.0,0.0,0.0,0.0,0.0
121.8,CLIMB,79.85,56.9,5877.5,18.25,81.936,0.9796,6215.52,79.72,605.46,5.267,59.49,20.05,25.597,1.577,24.6,16.978,6222.21,79.94,608.97,5.298,59.05,20.214,25.582,1.601,24.65,16.891,MECHANICAL_FAILURE,1.0,1.0,1.0,1.0,1.0,0.0,0.0,0.0,0.0
121.9,CLIMB,79.84,56.9,5884.58,18.23,81.915,0.9794,6215.05,79.72,605.45,5.267,59.48,20.048,25.597,1.577,24.6,16.976,6216.85,80.34,605.04,5.286,59.72,20.124,25.526,1.559,24.605,16.948,MECHANICAL_FAILURE,1.0,1.0,1.0,1.0,1.0,0.0,0.0,0.0,0.0
122.0,CLIMB,79.83,56.89,5891.67,18.22,81.894,0.9792,6214.59,79.72,605.43,5.267,59.47,20.047,25.597,1.577,24.6,16.975,6209.46,79.06,606.46,5.259,59.47,20.154,25.519,1.661,24.633,16.807,MECHANICAL_FAILURE,1.0,1.0,1.0,1.0,1.0,0.0,0.0,0.0,0.0
122.1,CLIMB,79.83,56.89,5898.75,18.2,81.873,0.979,6214.12,79.72,605.42,5.267,59.46,20.046,25.597,1.577,24.6,16.974,6216.1,79.76,607.23,5.25,59.22,20.104,25.62,1.564,24.651,16.881,MECHANICAL_FAILURE,1.0,1.0,1.0,1.0,1.0,0.0,0.0,0.0,0.0
122.2,CLIMB,79.82,56.88,5905.83,18.19,81.852,0.9788,6213.66,79.72,605.4,5.266,59.45,20.044,25.596,1.576,24.6,16.973,6220.25,79.94,606.93,5.304,59.37,20.151,25.574,1.653,24.568,16.935,MECHANICAL_FAILURE,1.0,1.0,1.0,1.0,1.0,0.0,0.0,0.0,0.0
122.3,CLIMB,79.81,56.88,5912.92,18.17,81.831,0.9786,6213.19,79.72,605.39,5.266,59.43,20.043,25.596,1.576,24.6,16.971,6209.82,78.82,607.99,5.275,59.73,19.985,25.554,1.496,24.659,17.069,MECHANICAL_FAILURE,1.0,1.0,1.0,1.0,1.0,0.0,0.0,0.0,0.0
122.4,CLIMB,79.8,56.87,5920.0,18.16,81.81,0.9783,6212.73,79.72,605.37,5.266,59.42,20.041,25.596,1.576,24.6,16.97,6212.49,79.47,604.05,5.219,59.01,20.152,25.521,1.491,24.569,16.986,MECHANICAL_FAILURE,1.0,1.0,1.0,1.0,1.0,0.0,0.0,0.0,0.0
122.5,CLIMB,79.79,56.86,5927.08,18.15,81.789,0.9781,6212.26,79.72,605.36,5.266,59.41,20.04,25.596,1.576,24.6,16.969,6210.41,79.69,605.74,5.296,59.93,20.074,25.571,1.563,24.539,16.812,MECHANICAL_FAILURE,1.0,1.0,1.0,1.0,1.0,0.0,0.0,0.0,0.0
122.6,CLIMB,79.78,56.86,5934.17,18.13,81.768,0.9779,6211.8,79.71,605.34,5.266,59.4,20.039,25.596,1.576,24.6,16.968,6210.08,79.74,606.5,5.268,60.1,19.78,25.559,1.533,24.625,17.09,MECHANICAL_FAILURE,1.0,1.0,1.0,1.0,1.0,0.0,0.0,0.0,0.0
122.7,CLIMB,79.78,56.85,5941.25,18.12,81.747,0.9777,6211.33,79.71,605.33,5.266,59.39,20.037,25.596,1.576,24.6,16.966,6212.64,79.6,604.96,5.275,59.53,20.096,25.596,1.638,24.589,17.118,MECHANICAL_FAILURE,1.0,1.0,1.0,1.0,1.0,0.0,0.0,0.0,0.0
122.8,CLIMB,79.77,56.85,5948.33,18.1,81.726,0.9775,6210.87,79.71,605.31,5.266,59.38,20.036,25.595,1.576,24.6,16.965,6206.44,79.54,607.58,5.23,59.93,19.937,25.663,1.666,24.564,17.128,MECHANICAL_FAILURE,1.0,1.0,1.0,1.0,1.0,0.0,0.0,0.0,0.0
122.9,CLIMB,79.76,56.84,5955.42,18.09,81.705,0.9773,6210.4,79.71,605.3,5.265,59.36,20.035,25.595,1.576,24.6,16.964,6212.37,80.22,606.97,5.27,58.9,20.122,25.619,1.494,24.621,17.015,MECHANICAL_FAILURE,1.0,1.0,1.0,1.0,1.0,0.0,0.0,0.0,0.0
123.0,CLIMB,79.75,56.84,5962.5,18.08,81.685,0.9771,6209.94,79.71,605.28,5.265,59.35,20.033,25.595,1.576,24.6,16.963,6204.54,79.24,603.19,5.275,59.32,20.203,25.652,1.538,24.539,16.9,MECHANICAL_FAILURE,1.0,1.0,1.0,1.0,1.0,0.0,0.0,0.0,0.0
123.1,CLIMB,79.74,56.83,5969.58,18.06,81.664,0.9769,6209.47,79.71,605.26,5.265,59.34,20.032,25.595,1.576,24.6,16.961,6211.71,79.23,608.5,5.21,59.58,20.006,25.603,1.608,24.615,16.756,MECHANICAL_FAILURE,1.0,1.0,1.0,1.0,1.0,0.0,0.0,0.0,0.0
123.2,CLIMB,79.73,56.83,5976.67,18.05,81.643,0.9767,6209.01,79.71,605.25,5.265,59.33,20.03,25.595,1.576,24.6,16.96,6210.43,79.4,603.3,5.232,58.78,20.241,25.676,1.583,24.64,16.899,MECHANICAL_FAILURE,1.0,1.0,1.0,1.0,1.0,0.0,0.0,0.0,0.0
123.3,CLIMB,79.73,56.82,5983.75,18.03,81.622,0.9765,6208.54,79.71,605.23,5.265,59.32,20.029,25.595,1.575,24.6,16.959,6209.03,80.17,605.96,5.243,59.55,20.031,25.63,1.64,24.597,16.861,MECHANICAL_FAILURE,1.0,1.0,1.0,1.0,1.0,0.0,0.0,0.0,0.0
123.4,CLIMB,79.72,56.82,5990.83,18.02,81.601,0.9763,6208.08,79.71,605.22,5.265,59.31,20.028,25.594,1.575,24.6,16.958,6204.31,78.94,606.72,5.231,59.52,20.235,25.649,1.662,24.507,16.981,MECHANICAL_FAILURE,1.0,1.0,1.0,1.0,1.0,0.0,0.0,0.0,0.0
123.5,CLIMB,79.71,56.81,5997.92,18.0,81.58,0.9761,6207.61,79.71,605.2,5.264,59.29,20.026,25.594,1.575,24.6,16.956,6207.31,79.54,606.22,5.262,59.0,20.239,25.62,1.554,24.7,17.116,MECHANICAL_FAILURE,1.0,1.0,1.0,1.0,1.0,0.0,0.0,0.0,0.0
123.6,CLIMB,79.7,56.81,6005.0,17.99,81.559,0.9759,6207.15,79.71,605.19,5.264,59.28,20.025,25.594,1.575,24.6,16.955,6208.55,80.62,603.72,5.317,59.07,20.06,25.595,1.6,24.496,16.944,MECHANICAL_FAILURE,1.0,1.0,1.0,1.0,1.0,0.0,0.0,0.0,0.0
123.7,CLIMB,79.69,56.8,6012.08,17.98,81.538,0.9757,6206.68,79.71,605.17,5.264,59.27,20.023,25.594,1.575,24.6,16.954,6197.32,79.66,607.0,5.3,59.32,19.89,25.554,1.541,24.598,16.835,MECHANICAL_FAILURE,1.0,1.0,1.0,1.0,1.0,0.0,0.0,0.0,0.0
123.8,CLIMB,79.68,56.79,6019.17,17.96,81.517,0.9755,6206.22,79.71,605.16,5.264,59.26,20.022,25.594,1.575,24.6,16.953,6206.84,79.27,604.66,5.293,58.92,20.013,25.629,1.629,24.636,16.875,MECHANICAL_FAILURE,1.0,1.0,1.0,1.0,1.0,0.0,0.0,0.0,0.0
123.9,CLIMB,79.68,56.79,6026.25,17.95,81.497,0.9753,6205.75,79.71,605.14,5.264,59.25,20.021,25.594,1.575,24.6,16.951,6204.77,80.0,605.13,5.3,59.62,19.947,25.654,1.526,24.558,16.784,MECHANICAL_FAILURE,1.0,1.0,1.0,1.0,1.0,0.0,0.0,0.0,0.0
124.0,CLIMB,79.67,56.78,6033.33,17.93,81.476,0.9751,6205.29,79.7,605.13,5.264,59.24,20.019,25.593,1.575,24.6,16.95,6203.13,79.76,606.31,5.238,59.14,19.958,25.543,1.627,24.595,17.015,MECHANICAL_FAILURE,1.0,1.0,1.0,1.0,1.0,0.0,0.0,0.0,0.0
124.1,CLIMB,79.66,56.78,6040.42,17.92,81.455,0.9749,6204.82,79.7,605.11,5.264,59.22,20.018,25.593,1.575,24.6,16.949,6204.35,79.25,604.11,5.277,59.63,20.017,25.495,1.551,24.611,17.005,MECHANICAL_FAILURE,1.0,1.0,1.0,1.0,1.0,0.0,0.0,0.0,0.0
124.2,CLIMB,79.65,56.77,6047.5,17.91,81.434,0.9747,6204.36,79.7,605.1,5.263,59.21,20.017,25.593,1.575,24.6,16.948,6201.13,80.6,605.37,5.226,59.06,20.143,25.635,1.59,24.709,16.901,MECHANICAL_FAILURE,1.0,1.0,1.0,1.0,1.0,0.0,0.0,0.0,0.0
124.3,CLIMB,79.64,56.77,6054.58,17.89,81.413,0.9745,6203.89,79.7,605.08,5.263,59.2,20.015,25.593,1.575,24.6,16.946,6204.61,79.13,605.72,5.249,58.79,19.945,25.657,1.612,24.597,16.808,MECHANICAL_FAILURE,1.0,1.0,1.0,1.0,1.0,0.0,0.0,0.0,0.0
124.4,CLIMB,79.63,56.76,6061.67,17.88,81.392,0.9743,6203.43,79.7,605.07,5.263,59.19,20.014,25.593,1.574,24.6,16.945,6208.34,80.71,606.46,5.236,59.1,19.904,25.582,1.669,24.615,17.086,MECHANICAL_FAILURE,1.0,1.0,1.0,1.0,1.0,0.0,0.0,0.0,0.0
124.5,CLIMB,79.63,56.76,6068.75,17.86,81.371,0.9741,6202.97,79.7,605.05,5.263,59.18,20.012,25.593,1.574,24.6,16.944,6202.09,79.2,603.85,5.234,58.98,20.054,25.559,1.517,24.596,16.749,MECHANICAL_FAILURE,1.0,1.0,1.0,1.0,1.0,0.0,0.0,0.0,0.0
124.6,CLIMB,79.62,56.75,6075.83,17.85,81.351,0.9739,6202.5,79.7,605.04,5.263,59.17,20.011,25.592,1.574,24.6,16.943,6208.73,78.99,603.27,5.246,59.33,20.087,25.595,1.563,24.575,16.698,MECHANICAL_FAILURE,1.0,1.0,1.0,1.0,1.0,0.0,0.0,0.0,0.0
124.7,CLIMB,79.61,56.75,6082.92,17.83,81.33,0.9737,6202.04,79.7,605.02,5.263,59.15,20.01,25.592,1.574,24.6,16.941,6200.51,79.97,603.01,5.248,58.78,19.903,25.565,1.509,24.578,16.961,MECHANICAL_FAILURE,1.0,1.0,1.0,1.0,1.0,0.0,0.0,0.0,0.0
124.8,CLIMB,79.6,56.74,6090.0,17.82,81.309,0.9735,6201.57,79.7,605.01,5.262,59.14,20.008,25.592,1.574,24.6,16.94,6200.83,80.09,607.08,5.231,59.12,19.894,25.603,1.601,24.648,17.178,MECHANICAL_FAILURE,1.0,1.0,1.0,1.0,1.0,0.0,0.0,0.0,0.0
124.9,CLIMB,79.59,56.73,6097.08,17.81,81.288,0.9733,6201.11,79.7,604.99,5.262,59.13,20.007,25.592,1.574,24.6,16.939,6191.19,80.08,606.72,5.266,58.95,20.077,25.683,1.579,24.604,17.003,MECHANICAL_FAILURE,1.0,1.0,1.0,1.0,1.0,0.0,0.0,0.0,0.0
125.0,CLIMB,79.58,56.73,6104.17,17.79,81.267,0.9731,6200.64,79.7,604.98,5.262,59.12,20.005,25.592,1.574,24.6,16.938,6200.31,79.11,602.51,5.291,59.26,19.992,25.559,1.592,24.668,16.789,MECHANICAL_FAILURE,1.0,1.0,1.0,1.0,1.0,0.0,0.0,0.0,0.0
125.1,CLIMB,79.58,56.72,6111.25,17.78,81.247,0.9729,6200.18,79.7,604.96,5.262,59.11,20.004,25.592,1.574,24.6,16.936,6195.62,79.86,603.22,5.263,59.42,20.046,25.573,1.564,24.6,16.811,MECHANICAL_FAILURE,1.0,1.0,1.0,1.0,1.0,0.0,0.0,0.0,0.0
125.2,CLIMB,79.57,56.72,6118.33,17.76,81.226,0.9727,6199.71,79.7,604.95,5.262,59.1,20.003,25.591,1.574,24.6,16.935,6205.19,80.55,604.48,5.263,58.95,20.1,25.64,1.568,24.583,16.88,MECHANICAL_FAILURE,1.0,1.0,1.0,1.0,1.0,0.0,0.0,0.0,0.0
125.3,CLIMB,79.56,56.71,6125.42,17.75,81.205,0.9725,6199.25,79.7,604.93,5.262,59.08,20.001,25.591,1.574,24.6,16.934,6195.14,79.93,605.59,5.242,59.03,19.859,25.518,1.579,24.628,16.684,MECHANICAL_FAILURE,1.0,1.0,1.0,1.0,1.0,0.0,0.0,0.0,0.0
125.4,CLIMB,79.55,56.71,6132.5,17.74,81.184,0.9723,6198.79,79.7,604.92,5.262,59.07,20.0,25.591,1.574,24.6,16.933,6210.4,79.56,604.44,5.251,59.0,19.966,25.585,1.543,24.568,16.985,MECHANICAL_FAILURE,1.0,1.0,1.0,1.0,1.0,0.0,0.0,0.0,0.0
125.5,CLIMB,79.54,56.7,6139.58,17.72,81.163,0.9721,6198.32,79.69,604.9,5.261,59.06,19.999,25.591,1.573,24.6,16.931,6194.37,80.94,602.43,5.269,59.06,20.107,25.527,1.547,24.525,16.74,MECHANICAL_FAILURE,1.0,1.0,1.0,1.0,1.0,0.0,0.0,0.0,0.0
125.6,CLIMB,79.53,56.7,6146.67,17.71,81.143,0.9719,6197.86,79.69,604.88,5.261,59.05,19.997,25.591,1.573,24.6,16.93,6207.09,80.22,602.9,5.251,59.51,20.067,25.63,1.598,24.6,16.882,MECHANICAL_FAILURE,1.0,1.0,1.0,1.0,1.0,0.0,0.0,0.0,0.0
125.7,CLIMB,79.53,56.69,6153.75,17.69,81.122,0.9717,6197.39,79.69,604.87,5.261,59.04,19.996,25.591,1.573,24.6,16.929,6213.32,80.22,606.15,5.224,59.25,19.949,25.512,1.455,24.6,17.104,MECHANICAL_FAILURE,1.0,1.0,1.0,1.0,1.0,0.0,0.0,0.0,0.0
125.8,CLIMB,79.52,56.69,6160.83,17.68,81.101,0.9715,6196.93,79.69,604.85,5.261,59.03,19.994,25.59,1.573,24.6,16.928,6191.2,79.58,603.59,5.249,59.08,19.952,25.593,1.629,24.527,16.944,MECHANICAL_FAILURE,1.0,1.0,1.0,1.0,1.0,0.0,0.0,0.0,0.0
125.9,CLIMB,79.51,56.68,6167.92,17.66,81.08,0.9713,6196.47,79.69,604.84,5.261,59.01,19.993,25.59,1.573,24.6,16.926,6196.76,79.83,606.18,5.262,59.07,20.059,25.546,1.648,24.502,16.789,MECHANICAL_FAILURE,1.0,1.0,1.0,1.0,1.0,0.0,0.0,0.0,0.0
126.0,CLIMB,79.5,56.68,6175.0,17.65,81.06,0.9711,6196.0,79.69,604.82,5.261,59.0,19.992,25.59,1.573,24.6,16.925,6187.47,79.9,601.84,5.273,58.8,20.18,25.592,1.536,24.549,17.098,MECHANICAL_FAILURE,1.0,1.0,1.0,1.0,1.0,0.0,0.0,0.0,0.0
126.1,CLIMB,79.49,56.67,6182.08,17.64,81.039,0.9709,6195.54,79.69,604.81,5.26,58.99,19.99,25.59,1.573,24.6,16.924,6195.19,80.14,604.09,5.23,58.69,19.951,25.696,1.48,24.616,16.879,MECHANICAL_FAILURE,1.0,1.0,1.0,1.0,1.0,0.0,0.0,0.0,0.0
126.2,CLIMB,79.48,56.66,6189.17,17.62,81.018,0.9707,6195.07,79.69,604.79,5.26,58.98,19.989,25.59,1.573,24.6,16.923,6194.41,80.04,606.51,5.26,59.27,20.147,25.524,1.542,24.604,16.744,MECHANICAL_FAILURE,1.0,1.0,1.0,1.0,1.0,0.0,0.0,0.0,0.0
126.3,CLIMB,79.48,56.66,6196.25,17.61,80.997,0.9705,6194.61,79.69,604.78,5.26,58.97,19.987,25.59,1.573,24.6,16.921,6191.71,79.82,604.99,5.219,58.55,20.07,25.613,1.548,24.6,16.892,MECHANICAL_FAILURE,1.0,1.0,1.0,1.0,1.0,0.0,0.0,0.0,0.0
126.4,CLIMB,79.47,56.65,6203.33,17.59,80.977,0.9703,6194.15,79.69,604.76,5.26,58.95,19.986,25.589,1.573,24.6,16.92,6195.96,79.85,605.3,5.245,58.81,19.894,25.59,1.536,24.646,16.761,MECHANICAL_FAILURE,1.0,1.0,1.0,1.0,1.0,0.0,0.0,0.0,0.0
126.5,CLIMB,79.46,56.65,6210.42,17.58,80.956,0.9701,6193.68,79.69,604.75,5.26,58.94,19.985,25.589,1.573,24.6,16.919,6195.98,79.58,606.1,5.288,59.19,19.953,25.559,1.582,24.559,16.862,MECHANICAL_FAILURE,1.0,1.0,1.0,1.0,1.0,0.0,0.0,0.0,0.0
126.6,CLIMB,79.45,56.64,6217.5,17.57,80.935,0.9699,6193.22,79.69,604.73,5.26,58.93,19.983,25.589,1.572,24.6,16.918,6191.98,80.19,603.96,5.245,59.05,19.955,25.635,1.579,24.658,16.943,MECHANICAL_FAILURE,1.0,1.0,1.0,1.0,1.0,0.0,0.0,0.0,0.0
126.7,CLIMB,79.44,56.64,6224.58,17.55,80.915,0.9697,6192.75,79.69,604.72,5.26,58.92,19.982,25.589,1.572,24.6,16.916,6194.88,79.81,603.04,5.267,58.56,19.878,25.594,1.482,24.54,16.999,MECHANICAL_FAILURE,1.0,1.0,1.0,1.0,1.0,0.0,0.0,0.0,0.0
126.8,CLIMB,79.43,56.63,6231.67,17.54,80.894,0.9695,6192.29,79.69,604.7,5.259,58.91,19.98,25.589,1.572,24.6,16.915,6189.39,80.79,607.06,5.236,59.34,20.077,25.627,1.515,24.63,16.849,MECHANICAL_FAILURE,1.0,1.0,1.0,1.0,1.0,0.0,0.0,0.0,0.0
126.9,CLIMB,79.43,56.63,6238.75,17.52,80.873,0.9693,6191.83,79.68,604.69,5.259,58.9,19.979,25.589,1.572,24.6,16.914,6185.74,79.24,605.97,5.244,59.12,20.166,25.545,1.558,24.565,16.905,MECHANICAL_FAILURE,1.0,1.0,1.0,1.0,1.0,0.0,0.0,0.0,0.0
127.0,CLIMB,79.42,56.62,6245.83,17.51,80.852,0.9691,6191.36,79.68,604.67,5.259,58.88,19.978,25.588,1.572,24.6,16.913,6189.08,78.47,605.34,5.275,59.15,19.928,25.469,1.693,24.574,16.761,MECHANICAL_FAILURE,1.0,1.0,1.0,1.0,1.0,0.0,0.0,0.0,0.0
127.1,CLIMB,79.41,56.62,6252.92,17.49,80.832,0.9689,6190.9,79.68,604.66,5.259,58.87,19.976,25.588,1.572,24.6,16.911,6206.15,79.26,606.59,5.195,58.71,19.842,25.538,1.603,24.671,16.826,MECHANICAL_FAILURE,1.0,1.0,1.0,1.0,1.0,0.0,0.0,0.0,0.0
127.2,CLIMB,79.4,56.61,6260.0,17.48,80.811,0.9687,6190.43,79.68,604.64,5.259,58.86,19.975,25.588,1.572,24.6,16.91,6193.14,79.14,603.16,5.28,58.83,20.061,25.554,1.589,24.522,16.833,MECHANICAL_FAILURE,1.0,1.0,1.0,1.0,1.0,0.0,0.0,0.0,0.0
127.3,CLIMB,79.39,56.6,6267.08,17.47,80.79,0.9685,6189.97,79.68,604.63,5.259,58.85,19.974,25.588,1.572,24.6,16.909,6189.48,79.97,605.46,5.268,58.57,20.073,25.547,1.583,24.584,16.889,MECHANICAL_FAILURE,1.0,1.0,1.0,1.0,1.0,0.0,0.0,0.0,0.0
127.4,CLIMB,79.38,56.6,6274.17,17.45,80.77,0.9683,6189.51,79.68,604.61,5.258,58.84,19.972,25.588,1.572,24.6,16.908,6193.64,79.71,605.31,5.284,59.05,19.962,25.615,1.574,24.653,16.853,MECHANICAL_FAILURE,1.0,1.0,1.0,1.0,1.0,0.0,0.0,0.0,0.0
127.5,CLIMB,79.38,56.59,6281.25,17.44,80.749,0.9681,6189.04,79.68,604.6,5.258,58.83,19.971,25.588,1.572,24.6,16.906,6189.15,79.77,607.58,5.22,58.81,19.97,25.574,1.6,24.598,16.797,MECHANICAL_FAILURE,1.0,1.0,1.0,1.0,1.0,0.0,0.0,0.0,0.0
127.6,CLIMB,79.37,56.59,6288.33,17.42,80.728,0.9679,6188.58,79.68,604.58,5.258,58.81,19.969,25.587,1.572,24.6,16.905,6187.11,79.89,603.47,5.257,58.94,19.889,25.509,1.487,24.566,16.819,MECHANICAL_FAILURE,1.0,1.0,1.0,1.0,1.0,0.0,0.0,0.0,0.0
127.7,CLIMB,79.36,56.58,6295.42,17.41,80.708,0.9677,6188.12,79.68,604.57,5.258,58.8,19.968,25.587,1.571,24.6,16.904,6196.21,78.92,604.54,5.312,58.77,19.847,25.623,1.708,24.544,16.78,MECHANICAL_FAILURE,1.0,1.0,1.0,1.0,1.0,0.0,0.0,0.0,0.0
127.8,CLIMB,79.35,56.58,6302.5,17.4,80.687,0.9675,6187.65,79.68,604.55,5.258,58.79,19.967,25.587,1.571,24.6,16.903,6181.8,79.24,606.33,5.244,59.32,19.867,25.638,1.512,24.649,16.79,MECHANICAL_FAILURE,1.0,1.0,1.0,1.0,1.0,0.0,0.0,0.0,0.0
127.9,CLIMB,79.34,56.57,6309.58,17.38,80.666,0.9673,6187.19,79.68,604.53,5.258,58.78,19.965,25.587,1.571,24.6,16.901,6191.99,79.96,604.74,5.251,58.98,19.993,25.57,1.571,24.626,16.816,MECHANICAL_FAILURE,1.0,1.0,1.0,1.0,1.0,0.0,0.0,0.0,0.0
128.0,CLIMB,79.33,56.57,6316.67,17.37,80.646,0.9671,6186.72,79.68,604.52,5.258,58.77,19.964,25.587,1.571,24.6,16.9,6179.73,79.71,603.14,5.253,58.85,20.046,25.524,1.584,24.564,16.89,MECHANICAL_FAILURE,1.0,1.0,1.0,1.0,1.0,0.0,0.0,0.0,0.0
128.1,CLIMB,79.33,56.56,6323.75,17.35,80.625,0.9669,6186.26,79.68,604.5,5.257,58.75,19.962,25.587,1.571,24.6,16.899,6193.82,80.35,603.28,5.223,58.78,19.9,25.541,1.557,24.631,16.91,MECHANICAL_FAILURE,1.0,1.0,1.0,1.0,1.0,0.0,0.0,0.0,0.0
128.2,CLIMB,79.32,56.56,6330.83,17.34,80.604,0.9667,6185.8,79.68,604.49,5.257,58.74,19.961,25.586,1.571,24.6,16.898,6177.09,79.63,605.85,5.283,58.4,19.869,25.631,1.492,24.598,16.702,MECHANICAL_FAILURE,1.0,1.0,1.0,1.0,1.0,0.0,0.0,0.0,0.0
128.3,CLIMB,79.31,56.55,6337.92,17.32,80.584,0.9665,6185.33,79.67,604.47,5.257,58.73,19.96,25.586,1.571,24.6,16.896,6186.23,80.34,603.25,5.238,58.99,19.932,25.521,1.437,24.589,16.887,MECHANICAL_FAILURE,1.0,1.0,1.0,1.0,1.0,0.0,0.0,0.0,0.0
128.4,CLIMB,79.3,56.55,6345.0,17.31,80.563,0.9663,6184.87,79.67,604.46,5.257,58.72,19.958,25.586,1.571,24.6,16.895,6183.37,80.22,602.71,5.26,59.08,20.049,25.71,1.613,24.583,16.749,MECHANICAL_FAILURE,1.0,1.0,1.0,1.0,1.0,0.0,0.0,0.0,0.0
128.5,CLIMB,79.29,56.54,6352.08,17.3,80.543,0.9661,6184.41,79.67,604.44,5.257,58.71,19.957,25.586,1.571,24.6,16.894,6191.47,80.18,605.84,5.245,58.45,19.863,25.556,1.58,24.565,16.901,MECHANICAL_FAILURE,1.0,1.0,1.0,1.0,1.0,0.0,0.0,0.0,0.0
128.6,CLIMB,79.28,56.53,6359.17,17.28,80.522,0.9659,6183.94,79.67,604.43,5.257,58.69,19.955,25.586,1.571,24.6,16.893,6178.65,79.18,606.05,5.233,58.45,19.867,25.589,1.532,24.564,16.874,MECHANICAL_FAILURE,1.0,1.0,1.0,1.0,1.0,0.0,0.0,0.0,0.0
128.7,CLIMB,79.28,56.53,6366.25,17.27,80.501,0.9657,6183.48,79.67,604.41,5.257,58.68,19.954,25.586,1.571,24.6,16.891,6176.13,79.46,604.09,5.256,58.56,19.897,25.573,1.534,24.596,17.037,MECHANICAL_FAILURE,1.0,1.0,1.0,1.0,1.0,0.0,0.0,0.0,0.0
128.8,CLIMB,79.27,56.52,6373.33,17.25,80.481,0.9655,6183.02,79.67,604.4,5.256,58.67,19.953,25.585,1.57,24.6,16.89,6190.24,79.7,603.22,5.278,58.45,19.883,25.601,1.6,24.616,16.928,MECHANICAL_FAILURE,1.0,1.0,1.0,1.0,1.0,0.0,0.0,0.0,0.0
128.9,CLIMB,79.26,56.52,6380.42,17.24,80.46,0.9653,6182.55,79.67,604.38,5.256,58.66,19.951,25.585,1.57,24.6,16.889,6193.21,78.84,602.17,5.227,59.23,19.932,25.536,1.688,24.614,16.762,MECHANICAL_FAILURE,1.0,1.0,1.0,1.0,1.0,0.0,0.0,0.0,0.0
129.0,CLIMB,79.25,56.51,6387.5,17.23,80.44,0.9651,6182.09,79.67,604.37,5.256,58.65,19.95,25.585,1.57,24.6,16.888,6178.4,79.61,605.14,5.291,58.63,19.77,25.632,1.697,24.589,16.891,MECHANICAL_FAILURE,1.0,1.0,1.0,1.0,1.0,0.0,0.0,0.0,0.0
129.1,CLIMB,79.24,56.51,6394.58,17.21,80.419,0.9649,6181.63,79.67,604.35,5.256,58.64,19.949,25.585,1.57,24.6,16.886,6176.48,79.61,605.89,5.258,58.91,20.072,25.53,1.561,24.566,16.793,MECHANICAL_FAILURE,1.0,1.0,1.0,1.0,1.0,0.0,0.0,0.0,0.0
129.2,CLIMB,79.23,56.5,6401.67,17.2,80.398,0.9647,6181.16,79.67,604.34,5.256,58.62,19.947,25.585,1.57,24.6,16.885,6169.02,80.32,603.16,5.293,58.84,19.889,25.532,1.559,24.649,16.722,MECHANICAL_FAILURE,1.0,1.0,1.0,1.0,1.0,0.0,0.0,0.0,0.0
129.3,CLIMB,79.23,56.5,6408.75,17.18,80.378,0.9645,6180.7,79.67,604.32,5.256,58.61,19.946,25.585,1.57,24.6,16.884,6186.16,79.72,604.11,5.257,58.51,20.022,25.536,1.534,24.613,16.946,MECHANICAL_FAILURE,1.0,1.0,1.0,1.0,1.0,0.0,0.0,0.0,0.0
129.4,CLIMB,79.22,56.49,6415.83,17.17,80.357,0.9643,6180.24,79.67,604.31,5.255,58.6,19.944,25.584,1.57,24.6,16.883,6180.6,80.17,602.0,5.26,58.39,19.843,25.539,1.604,24.529,16.804,MECHANICAL_FAILURE,1.0,1.0,1.0,1.0,1.0,0.0,0.0,0.0,0.0
129.5,CLIMB,79.21,56.49,6422.92,17.15,80.337,0.9641,6179.77,79.67,604.29,5.255,58.59,19.943,25.584,1.57,24.6,16.881,6176.21,79.59,603.87,5.285,58.79,20.069,25.657,1.532,24.676,16.967,MECHANICAL_FAILURE,1.0,1.0,1.0,1.0,1.0,0.0,0.0,0.0,0.0
129.6,CLIMB,79.2,56.48,6430.0,17.14,80.316,0.9639,6179.31,79.67,604.28,5.255,58.58,19.942,25.584,1.57,24.6,16.88,6179.3,79.81,605.77,5.283,58.53,20.016,25.575,1.493,24.597,16.834,MECHANICAL_FAILURE,1.0,1.0,1.0,1.0,1.0,0.0,0.0,0.0,0.0
129.7,CLIMB,79.19,56.47,6437.08,17.13,80.296,0.9637,6178.85,79.66,604.26,5.255,58.56,19.94,25.584,1.57,24.6,16.879,6173.76,80.05,604.55,5.267,58.17,19.929,25.545,1.571,24.664,16.851,MECHANICAL_FAILURE,1.0,1.0,1.0,1.0,1.0,0.0,0.0,0.0,0.0
129.8,CLIMB,79.18,56.47,6444.17,17.11,80.275,0.9635,6178.38,79.66,604.25,5.255,58.55,19.939,25.584,1.57,24.6,16.878,6175.63,79.59,605.92,5.255,58.51,19.929,25.606,1.595,24.537,16.911,MECHANICAL_FAILURE,1.0,1.0,1.0,1.0,1.0,0.0,0.0,0.0,0.0
129.9,CLIMB,79.18,56.46,6451.25,17.1,80.254,0.9633,6177.92,79.66,604.23,5.255,58.54,19.937,25.584,1.57,24.6,16.876,6182.06,80.1,603.6,5.279,58.13,20.065,25.495,1.519,24.586,16.999,MECHANICAL_FAILURE,1.0,1.0,1.0,1.0,1.0,0.0,0.0,0.0,0.0
130.0,CLIMB,79.17,56.46,6458.33,17.08,80.234,0.9631,6177.46,79.66,604.22,5.255,58.53,19.936,25.583,1.569,24.6,16.875,6176.72,79.74,603.07,5.28,58.81,19.929,25.648,1.654,24.592,16.872,MECHANICAL_FAILURE,1.0,1.0,1.0,1.0,1.0,0.0,0.0,0.0,0.0
130.1,CLIMB,79.16,56.45,6465.42,17.07,80.213,0.9629,6177.0,79.66,604.2,5.254,58.52,19.935,25.583,1.569,24.6,16.874,6182.79,78.82,602.82,5.23,58.44,20.034,25.532,1.551,24.576,16.622,MECHANICAL_FAILURE,1.0,1.0,1.0,1.0,1.0,0.0,0.0,0.0,0.0
130.2,CLIMB,79.15,56.45,6472.5,17.06,80.193,0.9627,6176.53,79.66,604.18,5.254,58.5,19.933,25.583,1.569,24.6,16.873,6177.02,79.28,601.38,5.166,58.21,19.923,25.559,1.621,24.517,16.936,MECHANICAL_FAILURE,1.0,1.0,1.0,1.0,1.0,0.0,0.0,0.0,0.0
130.3,CLIMB,79.14,56.44,6479.58,17.04,80.172,0.9625,6176.07,79.66,604.17,5.254,58.49,19.932,25.583,1.569,24.6,16.871,6179.71,80.14,604.92,5.23,58.21,19.889,25.541,1.568,24.579,16.935,MECHANICAL_FAILURE,1.0,1.0,1.0,1.0,1.0,0.0,0.0,0.0,0.0
130.4,CLIMB,79.13,56.44,6486.67,17.03,80.152,0.9623,6175.61,79.66,604.15,5.254,58.48,19.93,25.583,1.569,24.6,16.87,6174.29,79.44,604.02,5.249,58.7,19.91,25.584,1.579,24.654,16.833,MECHANICAL_FAILURE,1.0,1.0,1.0,1.0,1.0,0.0,0.0,0.0,0.0
130.5,CLIMB,79.13,56.43,6493.75,17.01,80.131,0.9621,6175.14,79.66,604.14,5.254,58.47,19.929,25.583,1.569,24.6,16.869,6176.15,79.86,604.88,5.256,58.49,20.109,25.617,1.527,24.584,16.853,MECHANICAL_FAILURE,1.0,1.0,1.0,1.0,1.0,0.0,0.0,0.0,0.0
130.6,CLIMB,79.12,56.43,6500.83,17.0,80.111,0.9619,6174.68,79.66,604.12,5.254,58.46,19.928,25.582,1.569,24.6,16.868,6172.42,78.91,605.64,5.291,58.69,20.07,25.603,1.529,24.647,16.909,MECHANICAL_FAILURE,1.0,1.0,1.0,1.0,1.0,0.0,0.0,0.0,0.0
130.7,CLIMB,79.11,56.42,6507.92,16.98,80.09,0.9617,6174.22,79.66,604.11,5.253,58.44,19.926,25.582,1.569,24.6,16.866,6184.11,79.18,606.67,5.226,58.46,20.074,25.585,1.714,24.665,16.805,MECHANICAL_FAILURE,1.0,1.0,1.0,1.0,1.0,0.0,0.0,0.0,0.0
130.8,CLIMB,79.1,56.42,6515.0,16.97,80.07,0.9615,6173.76,79.66,604.09,5.253,58.43,19.925,25.582,1.569,24.6,16.865,6170.58,79.56,605.35,5.201,58.67,19.801,25.493,1.578,24.576,16.834,MECHANICAL_FAILURE,1.0,1.0,1.0,1.0,1.0,0.0,0.0,0.0,0.0
130.9,CLIMB,79.09,56.41,6522.08,16.96,80.049,0.9613,6173.29,79.66,604.08,5.253,58.42,19.923,25.582,1.569,24.6,16.864,6177.84,79.06,605.24,5.238,58.47,19.958,25.564,1.59,24.629,16.878,MECHANICAL_FAILURE,1.0,1.0,1.0,1.0,1.0,0.0,0.0,0.0,0.0
131.0,CLIMB,79.08,56.4,6529.17,16.94,80.029,0.9611,6172.83,79.66,604.06,5.253,58.41,19.922,25.582,1.569,24.6,16.863,6171.75,80.04,605.22,5.311,58.63,19.914,25.556,1.642,24.664,16.815,MECHANICAL_FAILURE,1.0,1.0,1.0,1.0,1.0,0.0,0.0,0.0,0.0
131.1,CLIMB,79.08,56.4,6536.25,16.93,80.008,0.9609,6172.37,79.65,604.05,5.253,58.4,19.921,25.582,1.568,24.6,16.861,6173.55,79.23,605.79,5.262,58.26,20.035,25.594,1.49,24.558,16.863,MECHANICAL_FAILURE,1.0,1.0,1.0,1.0,1.0,0.0,0.0,0.0,0.0
131.2,CLIMB,79.07,56.39,6543.33,16.91,79.988,0.9607,6171.9,79.65,604.03,5.253,58.39,19.919,25.581,1.568,24.6,16.86,6169.08,79.26,606.7,5.189,58.67,19.751,25.583,1.527,24.594,16.811,MECHANICAL_FAILURE,1.0,1.0,1.0,1.0,1.0,0.0,0.0,0.0,0.0
131.3,CLIMB,79.06,56.39,6550.42,16.9,79.967,0.9605,6171.44,79.65,604.02,5.253,58.37,19.918,25.581,1.568,24.6,16.859,6171.85,78.6,604.09,5.214,58.23,19.845,25.556,1.629,24.602,16.79,MECHANICAL_FAILURE,1.0,1.0,1.0,1.0,1.0,0.0,0.0,0.0,0.0
131.4,CLIMB,79.05,56.38,6557.5,16.89,79.947,0.9603,6170.98,79.65,604.0,5.252,58.36,19.917,25.581,1.568,24.6,16.858,6169.36,79.97,601.03,5.218,58.76,19.673,25.564,1.563,24.547,16.839,MECHANICAL_FAILURE,1.0,1.0,1.0,1.0,1.0,0.0,0.0,0.0,0.0
131.5,CLIMB,79.04,56.38,6564.58,16.87,79.926,0.9601,6170.52,79.65,603.99,5.252,58.35,19.915,25.581,1.568,24.6,16.856,6166.4,80.14,606.44,5.214,58.39,19.857,25.622,1.681,24.559,16.939,MECHANICAL_FAILURE,1.0,1.0,1.0,1.0,1.0,0.0,0.0,0.0,0.0
131.6,CLIMB,79.03,56.37,6571.67,16.86,79.906,0.9599,6170.05,79.65,603.97,5.252,58.34,19.914,25.581,1.568,24.6,16.855,6178.09,79.87,603.53,5.238,57.91,19.926,25.554,1.635,24.58,16.714,MECHANICAL_FAILURE,1.0,1.0,1.0,1.0,1.0,0.0,0.0,0.0,0.0
131.7,CLIMB,79.03,56.37,6578.75,16.84,79.886,0.9597,6169.59,79.65,603.96,5.252,58.33,19.912,25.581,1.568,24.6,16.854,6171.45,79.2,602.11,5.219,58.4,20.022,25.588,1.582,24.52,17.064,MECHANICAL_FAILURE,1.0,1.0,1.0,1.0,1.0,0.0,0.0,0.0,0.0
131.8,CLIMB,79.02,56.36,6585.83,16.83,79.865,0.9595,6169.13,79.65,603.94,5.252,58.31,19.911,25.58,1.568,24.6,16.853,6162.35,79.99,606.23,5.236,58.43,19.956,25.624,1.473,24.569,16.78,MECHANICAL_FAILURE,1.0,1.0,1.0,1.0,1.0,0.0,0.0,0.0,0.0
131.9,CLIMB,79.01,56.36,6592.92,16.81,79.845,0.9593,6168.67,79.65,603.93,5.252,58.3,19.91,25.58,1.568,24.6,16.851,6173.67,80.35,603.82,5.268,58.79,19.865,25.511,1.551,24.701,16.977,MECHANICAL_FAILURE,1.0,1.0,1.0,1.0,1.0,0.0,0.0,0.0,0.0
132.0,CLIMB,79.0,56.35,6600.0,16.8,79.824,0.9591,6168.2,79.65,603.91,5.251,58.29,19.908,25.58,1.568,24.6,16.85,6164.11,79.83,602.53,5.281,58.01,19.772,25.635,1.564,24.585,16.768,MECHANICAL_FAILURE,1.0,1.0,1.0,1.0,1.0,0.0,0.0,0.0,0.0
132.1,CLIMB,78.99,56.34,6607.08,16.79,79.804,0.9589,6167.74,79.65,603.9,5.251,58.28,19.907,25.58,1.568,24.6,16.849,6166.01,79.93,604.52,5.261,58.36,20.011,25.563,1.524,24.68,16.765,MECHANICAL_FAILURE,1.0,1.0,1.0,1.0,1.0,0.0,0.0,0.0,0.0
132.2,CLIMB,78.98,56.34,6614.17,16.77,79.783,0.9587,6167.28,79.65,603.88,5.251,58.27,19.905,25.58,1.567,24.6,16.848,6168.31,79.93,605.59,5.254,58.26,19.954,25.55,1.551,24.687,16.915,MECHANICAL_FAILURE,1.0,1.0,1.0,1.0,1.0,0.0,0.0,0.0,0.0
132.3,CLIMB,78.98,56.33,6621.25,16.76,79.763,0.9585,6166.82,79.65,603.86,5.251,58.25,19.904,25.58,1.567,24.6,16.846,6168.52,79.79,601.02,5.249,58.03,19.949,25.647,1.571,24.64,16.874,MECHANICAL_FAILURE,1.0,1.0,1.0,1.0,1.0,0.0,0.0,0.0,0.0
132.4,CLIMB,78.97,56.33,6628.33,16.74,79.743,0.9583,6166.35,79.64,603.85,5.251,58.24,19.903,25.579,1.567,24.6,16.845,6170.19,80.11,602.96,5.241,58.07,19.883,25.631,1.599,24.667,16.887,MECHANICAL_FAILURE,1.0,1.0,1.0,1.0,1.0,0.0,0.0,0.0,0.0
132.5,CLIMB,78.96,56.32,6635.42,16.73,79.722,0.9581,6165.89,79.64,603.83,5.251,58.23,19.901,25.579,1.567,24.6,16.844,6165.0,79.07,604.97,5.286,58.02,19.932,25.592,1.581,24.674,16.89,MECHANICAL_FAILURE,1.0,1.0,1.0,1.0,1.0,0.0,0.0,0.0,0.0
132.6,CLIMB,78.95,56.32,6642.5,16.72,79.702,0.9579,6165.43,79.64,603.82,5.251,58.22,19.9,25.579,1.567,24.6,16.843,6161.93,79.59,604.01,5.274,58.44,19.738,25.57,1.518,24.646,17.021,MECHANICAL_FAILURE,1.0,1.0,1.0,1.0,1.0,0.0,0.0,0.0,0.0
132.7,CLIMB,78.94,56.31,6649.58,16.7,79.681,0.9577,6164.97,79.64,603.8,5.25,58.21,19.898,25.579,1.567,24.6,16.841,6162.14,78.99,603.17,5.251,58.64,19.894,25.682,1.594,24.594,16.912,MECHANICAL_FAILURE,1.0,1.0,1.0,1.0,1.0,0.0,0.0,0.0,0.0
132.8,CLIMB,78.93,56.31,6656.67,16.69,79.661,0.9575,6164.5,79.64,603.79,5.25,58.19,19.897,25.579,1.567,24.6,16.84,6177.13,80.21,606.93,5.246,58.54,19.789,25.567,1.534,24.541,16.795,MECHANICAL_FAILURE,1.0,1.0,1.0,1.0,1.0,0.0,0.0,0.0,0.0
132.9,CLIMB,78.93,56.3,6663.75,16.67,79.641,0.9573,6164.04,79.64,603.77,5.25,58.18,19.896,25.579,1.567,24.6,16.839,6162.2,80.67,601.95,5.228,58.49,19.887,25.521,1.577,24.509,16.793,MECHANICAL_FAILURE,1.0,1.0,1.0,1.0,1.0,0.0,0.0,0.0,0.0
133.0,CLIMB,78.92,56.3,6670.83,16.66,79.62,0.9571,6163.58,79.64,603.76,5.25,58.17,19.894,25.578,1.567,24.6,16.838,6164.85,79.97,604.53,5.246,58.31,19.949,25.614,1.464,24.564,16.904,MECHANICAL_FAILURE,1.0,1.0,1.0,1.0,1.0,0.0,0.0,0.0,0.0
133.1,CLIMB,78.91,56.29,6677.92,16.64,79.6,0.9569,6163.12,79.64,603.74,5.25,58.16,19.893,25.578,1.567,24.6,16.836,6168.16,79.37,601.25,5.233,57.86,19.789,25.598,1.499,24.601,16.831,MECHANICAL_FAILURE,1.0,1.0,1.0,1.0,1.0,0.0,0.0,0.0,0.0
133.2,CLIMB,78.9,56.29,6685.0,16.63,79.579,0.9567,6162.65,79.64,603.73,5.25,58.14,19.891,25.578,1.567,24.6,16.835,6163.71,79.42,602.63,5.244,58.27,20.067,25.648,1.517,24.697,16.716,MECHANICAL_FAILURE,1.0,1.0,1.0,1.0,1.0,0.0,0.0,0.0,0.0
133.3,CLIMB,78.89,56.28,6692.08,16.62,79.559,0.9565,6162.19,79.64,603.71,5.25,58.13,19.89,25.578,1.566,24.6,16.834,6168.17,79.34,603.0,5.266,57.94,19.757,25.581,1.599,24.639,16.79,MECHANICAL_FAILURE,1.0,1.0,1.0,1.0,1.0,0.0,0.0,0.0,0.0
133.4,CLIMB,78.88,56.27,6699.17,16.6,79.539,0.9563,6161.73,79.64,603.7,5.249,58.12,19.889,25.578,1.566,24.6,16.833,6156.59,79.32,601.72,5.27,58.59,19.927,25.622,1.63,24.611,16.948,MECHANICAL_FAILURE,1.0,1.0,1.0,1.0,1.0,0.0,0.0,0.0,0.0
133.5,CLIMB,78.88,56.27,6706.25,16.59,79.518,0.9561,6161.27,79.64,603.68,5.249,58.11,19.887,25.578,1.566,24.6,16.831,6165.05,79.77,604.32,5.245,58.33,19.761,25.575,1.522,24.609,16.715,MECHANICAL_FAILURE,1.0,1.0,1.0,1.0,1.0,0.0,0.0,0.0,0.0
133.6,CLIMB,78.87,56.26,6713.33,16.57,79.498,0.9559,6160.81,79.64,603.67,5.249,58.1,19.886,25.577,1.566,24.6,16.83,6159.79,80.83,604.19,5.239,57.81,19.882,25.53,1.458,24.613,16.843,MECHANICAL_FAILURE,1.0,1.0,1.0,1.0,1.0,0.0,0.0,0.0,0.0
133.7,CLIMB,78.86,56.26,6720.42,16.56,79.478,0.9557,6160.34,79.64,603.65,5.249,58.08,19.884,25.577,1.566,24.6,16.829,6163.54,78.85,604.83,5.293,58.22,19.8,25.605,1.558,24.612,16.731,MECHANICAL_FAILURE,1.0,1.0,1.0,1.0,1.0,0.0,0.0,0.0,0.0
133.8,CLIMB,78.85,56.25,6727.5,16.55,79.457,0.9555,6159.88,79.63,603.64,5.249,58.07,19.883,25.577,1.566,24.6,16.828,6166.01,79.99,602.37,5.163,58.46,19.736,25.545,1.522,24.592,16.756,MECHANICAL_FAILURE,1.0,1.0,1.0,1.0,1.0,0.0,0.0,0.0,0.0
133.9,CLIMB,78.84,56.25,6734.58,16.53,79.437,0.9553,6159.42,79.63,603.62,5.249,58.06,19.882,25.577,1.566,24.6,16.826,6155.37,80.12,605.5,5.249,57.97,20.022,25.649,1.573,24.581,16.651,MECHANICAL_FAILURE,1.0,1.0,1.0,1.0,1.0,0.0,0.0,0.0,0.0
134.0,CLIMB,78.83,56.24,6741.67,16.52,79.417,0.9551,6158.96,79.63,603.61,5.248,58.05,19.88,25.577,1.566,24.6,16.825,6152.55,79.09,602.01,5.268,57.76,19.835,25.63,1.629,24.604,16.883,MECHANICAL_FAILURE,1.0,1.0,1.0,1.0,1.0,0.0,0.0,0.0,0.0
134.1,CLIMB,78.83,56.24,6748.75,16.5,79.396,0.9549,6158.5,79.63,603.59,5.248,58.04,19.879,25.577,1.566,24.6,16.824,6157.13,80.04,604.74,5.206,57.53,19.731,25.523,1.66,24.651,16.879,MECHANICAL_FAILURE,1.0,1.0,1.0,1.0,1.0,0.0,0.0,0.0,0.0
134.2,CLIMB,78.82,56.23,6755.83,16.49,79.376,0.9547,6158.03,79.63,603.58,5.248,58.02,19.878,25.576,1.566,24.6,16.823,6150.67,78.65,604.25,5.242,57.89,19.966,25.586,1.524,24.639,16.956,MECHANICAL_FAILURE,1.0,1.0,1.0,1.0,1.0,0.0,0.0,0.0,0.0
134.3,CLIMB,78.81,56.23,6762.92,16.47,79.356,0.9545,6157.57,79.63,603.56,5.248,58.01,19.876,25.576,1.566,24.6,16.821,6156.44,79.51,600.71,5.235,57.5,20.008,25.57,1.567,24.588,16.87,MECHANICAL_FAILURE,1.0,1.0,1.0,1.0,1.0,0.0,0.0,0.0,0.0
134.4,CLIMB,78.8,56.22,6770.0,16.46,79.335,0.9543,6157.11,79.63,603.54,5.248,58.0,19.875,25.576,1.565,24.6,16.82,6149.08,79.95,601.39,5.221,57.81,19.851,25.607,1.529,24.598,16.993,MECHANICAL_FAILURE,1.0,1.0,1.0,1.0,1.0,0.0,0.0,0.0,0.0
134.5,CLIMB,78.79,56.21,6777.08,16.45,79.315,0.9541,6156.65,79.63,603.53,5.248,57.99,19.873,25.576,1.565,24.6,16.819,6153.18,80.49,604.77,5.238,58.2,19.752,25.629,1.674,24.619,16.841,MECHANICAL_FAILURE,1.0,1.0,1.0,1.0,1.0,0.0,0.0,0.0,0.0
134.6,CLIMB,78.78,56.21,6784.17,16.43,79.295,0.9539,6156.19,79.63,603.51,5.248,57.98,19.872,25.576,1.565,24.6,16.818,6170.92,79.08,603.75,5.26,57.78,20.202,25.469,1.62,24.62,16.659,MECHANICAL_FAILURE,1.0,1.0,1.0,1.0,1.0,0.0,0.0,0.0,0.0
134.7,CLIMB,78.78,56.2,6791.25,16.42,79.274,0.9537,6155.72,79.63,603.5,5.247,57.96,19.871,25.576,1.565,24.6,16.816,6151.71,79.79,603.14,5.255,57.79,19.788,25.613,1.537,24.637,16.719,MECHANICAL_FAILURE,1.0,1.0,1.0,1.0,1.0,0.0,0.0,0.0,0.0
134.8,CLIMB,78.77,56.2,6798.33,16.4,79.254,0.9535,6155.26,79.63,603.48,5.247,57.95,19.869,25.575,1.565,24.6,16.815,6158.33,78.36,604.43,5.281,57.72,20.002,25.524,1.488,24.53,16.896,MECHANICAL_FAILURE,1.0,1.0,1.0,1.0,1.0,0.0,0.0,0.0,0.0
134.9,CLIMB,78.76,56.19,6805.42,16.39,79.234,0.9533,6154.8,79.63,603.47,5.247,57.94,19.868,25.575,1.565,24.6,16.814,6163.75,79.38,604.35,5.24,58.55,19.805,25.631,1.567,24.66,16.927,MECHANICAL_FAILURE,1.0,1.0,1.0,1.0,1.0,0.0,0.0,0.0,0.0
135.0,CLIMB,78.75,56.19,6812.5,16.38,79.214,0.9531,6154.34,79.63,603.45,5.247,57.93,19.866,25.575,1.565,24.6,16.813,6161.57,79.47,603.56,5.304,58.29,19.927,25.501,1.539,24.6,16.852,MECHANICAL_FAILURE,1.0,1.0,1.0,1.0,1.0,0.0,0.0,0.0,0.0
135.1,CLIMB,78.74,56.18,6819.58,16.36,79.193,0.9529,6153.88,79.62,603.44,5.247,57.92,19.865,25.575,1.565,24.6,16.811,6156.73,79.69,601.49,5.246,57.83,19.788,25.593,1.458,24.578,16.88,MECHANICAL_FAILURE,1.0,1.0,1.0,1.0,1.0,0.0,0.0,0.0,0.0
135.2,CLIMB,78.73,56.18,6826.67,16.35,79.173,0.9527,6153.41,79.62,603.42,5.247,57.9,19.864,25.575,1.565,24.6,16.81,6151.55,79.45,604.29,5.225,57.47,19.881,25.573,1.565,24.664,16.855,MECHANICAL_FAILURE,1.0,1.0,1.0,1.0,1.0,0.0,0.0,0.0,0.0
135.3,CLIMB,78.73,56.17,6833.75,16.33,79.153,0.9525,6152.95,79.62,603.41,5.247,57.89,19.862,25.575,1.565,24.6,16.809,6151.52,79.92,605.23,5.226,57.97,19.977,25.481,1.52,24.677,16.708,MECHANICAL_FAILURE,1.0,1.0,1.0,1.0,1.0,0.0,0.0,0.0,0.0
135.4,CLIMB,78.72,56.17,6840.83,16.32,79.133,0.9523,6152.49,79.62,603.39,5.246,57.88,19.861,25.574,1.565,24.6,16.808,6155.75,79.34,602.89,5.243,57.82,19.788,25.622,1.562,24.637,16.89,MECHANICAL_FAILURE,1.0,1.0,1.0,1.0,1.0,0.0,0.0,0.0,0.0
135.5,CLIMB,78.71,56.16,6847.92,16.3,79.112,0.9522,6152.03,79.62,603.38,5.246,57.87,19.859,25.574,1.564,24.6,16.806,6148.6,79.95,602.8,5.221,58.44,20.071,25.577,1.511,24.687,16.963,MECHANICAL_FAILURE,1.0,1.0,1.0,1.0,1.0,0.0,0.0,0.0,0.0
135.6,CLIMB,78.7,56.16,6855.0,16.29,79.092,0.952,6151.57,79.62,603.36,5.246,57.85,19.858,25.574,1.564,24.6,16.805,6154.17,80.17,602.55,5.236,58.16,19.853,25.618,1.567,24.611,16.775,MECHANICAL_FAILURE,1.0,1.0,1.0,1.0,1.0,0.0,0.0,0.0,0.0
135.7,CLIMB,78.69,56.15,6862.08,16.28,79.072,0.9518,6151.11,79.62,603.35,5.246,57.84,19.857,25.574,1.564,24.6,16.804,6140.94,79.19,602.77,5.246,58.52,19.926,25.534,1.573,24.587,16.79,MECHANICAL_FAILURE,1.0,1.0,1.0,1.0,1.0,0.0,0.0,0.0,0.0
135.8,CLIMB,78.68,56.14,6869.17,16.26,79.052,0.9516,6150.65,79.62,603.33,5.246,57.83,19.855,25.574,1.564,24.6,16.803,6155.38,80.47,602.09,5.23,57.7,19.791,25.591,1.527,24.619,16.839,MECHANICAL_FAILURE,1.0,1.0,1.0,1.0,1.0,0.0,0.0,0.0,0.0
135.9,CLIMB,78.68,56.14,6876.25,16.25,79.031,0.9514,6150.18,79.62,603.32,5.246,57.82,19.854,25.574,1.564,24.6,16.801,6151.75,80.05,604.11,5.217,57.88,19.97,25.602,1.614,24.629,16.91,MECHANICAL_FAILURE,1.0,1.0,1.0,1.0,1.0,0.0,0.0,0.0,0.0
136.0,CLIMB,78.67,56.13,6883.33,16.23,79.011,0.9512,6149.72,79.62,603.3,5.245,57.81,19.852,25.573,1.564,24.6,16.8,6150.03,79.51,603.24,5.292,58.21,19.985,25.502,1.516,24.551,16.834,MECHANICAL_FAILURE,1.0,1.0,1.0,1.0,1.0,0.0,0.0,0.0,0.0
136.1,CLIMB,78.66,56.13,6890.42,16.22,78.991,0.951,6149.26,79.62,603.29,5.245,57.79,19.851,25.573,1.564,24.6,16.799,6154.07,79.93,603.59,5.239,57.74,19.769,25.495,1.538,24.653,16.826,MECHANICAL_FAILURE,1.0,1.0,1.0,1.0,1.0,0.0,0.0,0.0,0.0
136.2,CLIMB,78.65,56.12,6897.5,16.21,78.971,0.9508,6148.8,79.62,603.27,5.245,57.78,19.85,25.573,1.564,24.6,16.798,6144.53,79.73,603.2,5.239,58.12,19.694,25.531,1.501,24.661,16.853,MECHANICAL_FAILURE,1.0,1.0,1.0,1.0,1.0,0.0,0.0,0.0,0.0
136.3,CLIMB,78.64,56.12,6904.58,16.19,78.95,0.9506,6148.34,79.62,603.25,5.245,57.77,19.848,25.573,1.564,24.6,16.796,6138.99,79.09,604.91,5.265,57.61,19.964,25.642,1.473,24.624,16.68,MECHANICAL_FAILURE,1.0,1.0,1.0,1.0,1.0,0.0,0.0,0.0,0.0
136.4,CLIMB,78.63,56.11,6911.67,16.18,78.93,0.9504,6147.88,79.62,603.24,5.245,57.76,19.847,25.573,1.564,24.6,16.795,6158.11,79.44,602.29,5.285,57.79,20.005,25.558,1.617,24.636,16.974,MECHANICAL_FAILURE,1.0,1.0,1.0,1.0,1.0,0.0,0.0,0.0,0.0
136.5,CLIMB,78.63,56.11,6918.75,16.16,78.91,0.9502,6147.41,79.61,603.22,5.245,57.75,19.845,25.573,1.564,24.6,16.794,6157.05,78.66,604.36,5.228,57.78,19.925,25.578,1.612,24.518,16.898,MECHANICAL_FAILURE,1.0,1.0,1.0,1.0,1.0,0.0,0.0,0.0,0.0
136.6,CLIMB,78.62,56.1,6925.83,16.15,78.89,0.95,6146.95,79.61,603.21,5.245,57.73,19.844,25.572,1.564,24.6,16.793,6143.09,79.5,603.89,5.239,57.58,19.808,25.554,1.519,24.632,16.886,MECHANICAL_FAILURE,1.0,1.0,1.0,1.0,1.0,0.0,0.0,0.0,0.0
136.7,CLIMB,78.61,56.1,6932.92,16.13,78.87,0.9498,6146.49,79.61,603.19,5.244,57.72,19.843,25.572,1.563,24.6,16.791,6153.79,79.75,601.39,5.24,57.84,19.805,25.64,1.575,24.589,16.786,MECHANICAL_FAILURE,1.0,1.0,1.0,1.0,1.0,0.0,0.0,0.0,0.0
136.8,CLIMB,78.6,56.09,6940.0,16.12,78.849,0.9496,6146.03,79.61,603.18,5.244,57.71,19.841,25.572,1.563,24.6,16.79,6149.58,80.12,604.91,5.223,57.53,19.964,25.558,1.583,24.56,16.765,MECHANICAL_FAILURE,1.0,1.0,1.0,1.0,1.0,0.0,0.0,0.0,0.0
136.9,CLIMB,78.59,56.08,6947.08,16.11,78.829,0.9494,6145.57,79.61,603.16,5.244,57.7,19.84,25.572,1.563,24.6,16.789,6160.12,79.46,604.16,5.276,57.94,19.882,25.516,1.518,24.547,16.73,MECHANICAL_FAILURE,1.0,1.0,1.0,1.0,1.0,0.0,0.0,0.0,0.0
137.0,CLIMB,78.58,56.08,6954.17,16.09,78.809,0.9492,6145.11,79.61,603.15,5.244,57.68,19.838,25.572,1.563,24.6,16.788,6148.1,79.55,602.3,5.186,57.72,19.773,25.525,1.573,24.646,16.742,MECHANICAL_FAILURE,1.0,1.0,1.0,1.0,1.0,0.0,0.0,0.0,0.0
137.1,CLIMB,78.58,56.07,6961.25,16.08,78.789,0.949,6144.65,79.61,603.13,5.244,57.67,19.837,25.572,1.563,24.6,16.786,6142.44,80.29,604.4,5.246,58.34,19.909,25.635,1.592,24.609,16.88,MECHANICAL_FAILURE,1.0,1.0,1.0,1.0,1.0,0.0,0.0,0.0,0.0
137.2,CLIMB,78.57,56.07,6968.33,16.06,78.769,0.9488,6144.19,79.61,603.12,5.244,57.66,19.836,25.571,1.563,24.6,16.785,6147.85,79.71,602.57,5.259,57.32,19.803,25.563,1.571,24.641,16.801,MECHANICAL_FAILURE,1.0,1.0,1.0,1.0,1.0,0.0,0.0,0.0,0.0
137.3,CLIMB,78.56,56.06,6975.42,16.05,78.749,0.9486,6143.72,79.61,603.1,5.244,57.65,19.834,25.571,1.563,24.6,16.784,6148.01,80.5,603.11,5.26,57.5,19.856,25.571,1.601,24.547,16.755,MECHANICAL_FAILURE,1.0,1.0,1.0,1.0,1.0,0.0,0.0,0.0,0.0
137.4,CLIMB,78.55,56.06,6982.5,16.04,78.728,0.9484,6143.26,79.61,603.09,5.243,57.64,19.833,25.571,1.563,24.6,16.783,6139.8,79.97,604.98,5.25,58.0,19.868,25.522,1.581,24.592,16.867,MECHANICAL_FAILURE,1.0,1.0,1.0,1.0,1.0,0.0,0.0,0.0,0.0
137.5,CLIMB,78.54,56.05,6989.58,16.02,78.708,0.9482,6142.8,79.61,603.07,5.243,57.62,19.831,25.571,1.563,24.6,16.781,6143.19,79.27,601.21,5.252,57.08,19.784,25.55,1.519,24.695,16.577,MECHANICAL_FAILURE,1.0,1.0,1.0,1.0,1.0,0.0,0.0,0.0,0.0
137.6,CLIMB,78.53,56.05,6996.67,16.01,78.688,0.948,6142.34,79.61,603.06,5.243,57.61,19.83,25.571,1.563,24.6,16.78,6141.25,79.24,602.28,5.218,57.43,19.979,25.688,1.6,24.694,16.527,MECHANICAL_FAILURE,1.0,1.0,1.0,1.0,1.0,0.0,0.0,0.0,0.0
137.7,CLIMB,78.53,56.04,7003.75,15.99,78.668,0.9478,6141.88,79.61,603.04,5.243,57.6,19.829,25.571,1.563,24.6,16.779,6137.61,79.32,602.7,5.216,57.36,19.821,25.587,1.621,24.591,16.783,MECHANICAL_FAILURE,1.0,1.0,1.0,1.0,1.0,0.0,0.0,0.0,0.0
137.8,CLIMB,78.52,56.04,7010.83,15.98,78.648,0.9476,6141.42,79.6,603.03,5.243,57.59,19.827,25.57,1.562,24.6,16.778,6143.95,80.07,603.51,5.262,58.04,19.834,25.556,1.603,24.632,16.717,MECHANICAL_FAILURE,1.0,1.0,1.0,1.0,1.0,0.0,0.0,0.0,0.0
137.9,CLIMB,78.51,56.03,7017.92,15.96,78.628,0.9474,6140.96,79.6,603.01,5.243,57.57,19.826,25.57,1.562,24.6,16.776,6135.87,79.83,604.04,5.27,57.47,19.859,25.524,1.545,24.651,16.725,MECHANICAL_FAILURE,1.0,1.0,1.0,1.0,1.0,0.0,0.0,0.0,0.0
138.0,CLIMB,78.5,56.03,7025.0,15.95,78.608,0.9472,6140.5,79.6,603.0,5.242,57.56,19.824,25.57,1.562,24.6,16.775,6143.35,79.35,602.27,5.226,57.64,19.754,25.545,1.594,24.535,16.719,MECHANICAL_FAILURE,1.0,1.0,1.0,1.0,1.0,0.0,0.0,0.0,0.0
138.1,CLIMB,78.49,56.02,7032.08,15.94,78.588,0.947,6140.04,79.6,602.98,5.242,57.55,19.823,25.57,1.562,24.6,16.774,6142.67,79.27,603.81,5.23,57.87,19.85,25.566,1.543,24.565,16.756,MECHANICAL_FAILURE,1.0,1.0,1.0,1.0,1.0,0.0,0.0,0.0,0.0
138.2,CLIMB,78.48,56.01,7039.17,15.92,78.567,0.9468,6139.58,79.6,602.96,5.242,57.54,19.822,25.57,1.562,24.6,16.773,6139.51,80.18,603.47,5.253,57.56,19.653,25.581,1.48,24.623,16.791,MECHANICAL_FAILURE,1.0,1.0,1.0,1.0,1.0,0.0,0.0,0.0,0.0
138.3,CLIMB,78.48,56.01,7046.25,15.91,78.547,0.9466,6139.11,79.6,602.95,5.242,57.53,19.82,25.57,1.562,24.6,16.771,6133.42,80.36,601.75,5.185,57.67,19.934,25.601,1.524,24.65,16.637,MECHANICAL_FAILURE,1.0,1.0,1.0,1.0,1.0,0.0,0.0,0.0,0.0
138.4,CLIMB,78.47,56.0,7053.33,15.89,78.527,0.9465,6138.65,79.6,602.93,5.242,57.51,19.819,25.569,1.562,24.6,16.77,6141.97,78.9,602.24,5.207,57.95,19.916,25.514,1.62,24.65,16.805,MECHANICAL_FAILURE,1.0,1.0,1.0,1.0,1.0,0.0,0.0,0.0,0.0
138.5,CLIMB,78.46,56.0,7060.42,15.88,78.507,0.9463,6138.19,79.6,602.92,5.242,57.5,19.818,25.569,1.562,24.6,16.769,6138.68,79.56,602.7,5.242,58.1,19.853,25.586,1.592,24.477,16.697,MECHANICAL_FAILURE,1.0,1.0,1.0,1.0,1.0,0.0,0.0,0.0,0.0
138.6,CLIMB,78.45,55.99,7067.5,15.87,78.487,0.9461,6137.73,79.6,602.9,5.242,57.49,19.816,25.569,1.562,24.6,16.768,6133.9,79.08,602.92,5.255,57.97,19.863,25.652,1.549,24.487,16.923,MECHANICAL_FAILURE,1.0,1.0,1.0,1.0,1.0,0.0,0.0,0.0,0.0
138.7,CLIMB,78.44,55.99,7074.58,15.85,78.467,0.9459,6137.27,79.6,602.89,5.241,57.48,19.815,25.569,1.562,24.6,16.766,6139.14,79.98,603.46,5.224,57.1,19.751,25.557,1.57,24.595,16.723,MECHANICAL_FAILURE,1.0,1.0,1.0,1.0,1.0,0.0,0.0,0.0,0.0
138.8,CLIMB,78.43,55.98,7081.67,15.84,78.447,0.9457,6136.81,79.6,602.87,5.241,57.46,19.813,25.569,1.562,24.6,16.765,6142.02,79.65,602.59,5.279,57.22,19.743,25.613,1.526,24.561,16.89,MECHANICAL_FAILURE,1.0,1.0,1.0,1.0,1.0,0.0,0.0,0.0,0.0
138.9,CLIMB,78.43,55.98,7088.75,15.82,78.427,0.9455,6136.35,79.6,602.86,5.241,57.45,19.812,25.569,1.561,24.6,16.764,6143.82,79.48,604.16,5.212,57.26,19.925,25.6,1.61,24.571,16.932,MECHANICAL_FAILURE,1.0,1.0,1.0,1.0,1.0,0.0,0.0,0.0,0.0
139.0,CLIMB,78.42,55.97,7095.83,15.81,78.407,0.9453,6135.89,79.6,602.84,5.241,57.44,19.811,25.568,1.561,24.6,16.763,6134.04,79.97,601.46,5.264,57.97,19.888,25.633,1.645,24.599,16.945,MECHANICAL_FAILURE,1.0,1.0,1.0,1.0,1.0,0.0,0.0,0.0,0.0
139.1,CLIMB,78.41,55.97,7102.92,15.79,78.387,0.9451,6135.43,79.59,602.83,5.241,57.43,19.809,25.568,1.561,24.6,16.761,6131.42,80.24,602.74,5.247,57.19,19.793,25.66,1.532,24.693,16.732,MECHANICAL_FAILURE,1.0,1.0,1.0,1.0,1.0,0.0,0.0,0.0,0.0
139.2,CLIMB,78.4,55.96,7110.0,15.78,78.367,0.9449,6134.97,79.59,602.81,5.241,57.42,19.808,25.568,1.561,24.6,16.76,6144.52,79.72,602.71,5.241,57.2,19.836,25.611,1.632,24.648,16.746,MECHANICAL_FAILURE,1.0,1.0,1.0,1.0,1.0,0.0,0.0,0.0,0.0
139.3,CLIMB,78.39,55.95,7117.08,15.77,78.346,0.9447,6134.51,79.59,602.8,5.241,57.4,19.806,25.568,1.561,24.6,16.759,6130.03,80.16,601.87,5.17,57.27,19.888,25.562,1.548,24.595,16.671,MECHANICAL_FAILURE,1.0,1.0,1.0,1.0,1.0,0.0,0.0,0.0,0.0
139.4,CLIMB,78.38,55.95,7124.17,15.75,78.326,0.9445,6134.05,79.59,602.78,5.24,57.39,19.805,25.568,1.561,24.6,16.758,6137.49,80.27,602.05,5.257,57.45,19.817,25.606,1.581,24.627,16.792,MECHANICAL_FAILURE,1.0,1.0,1.0,1.0,1.0,0.0,0.0,0.0,0.0
139.5,CLIMB,78.38,55.94,7131.25,15.74,78.306,0.9443,6133.58,79.59,602.77,5.24,57.38,19.804,25.568,1.561,24.6,16.756,6142.17,79.52,601.59,5.194,57.28,19.679,25.574,1.597,24.609,16.839,MECHANICAL_FAILURE,1.0,1.0,1.0,1.0,1.0,0.0,0.0,0.0,0.0
139.6,CLIMB,78.37,55.94,7138.33,15.72,78.286,0.9441,6133.12,79.59,602.75,5.24,57.37,19.802,25.567,1.561,24.6,16.755,6132.29,78.73,600.38,5.258,57.56,19.854,25.489,1.54,24.65,16.876,MECHANICAL_FAILURE,1.0,1.0,1.0,1.0,1.0,0.0,0.0,0.0,0.0
139.7,CLIMB,78.36,55.93,7145.42,15.71,78.266,0.9439,6132.66,79.59,602.74,5.24,57.35,19.801,25.567,1.561,24.6,16.754,6127.77,79.75,601.91,5.236,57.44,19.917,25.557,1.558,24.636,16.699,MECHANICAL_FAILURE,1.0,1.0,1.0,1.0,1.0,0.0,0.0,0.0,0.0
139.8,CLIMB,78.35,55.93,7152.5,15.7,78.246,0.9437,6132.2,79.59,602.72,5.24,57.34,19.799,25.567,1.561,24.6,16.753,6134.34,80.45,604.71,5.254,57.16,19.874,25.494,1.543,24.609,16.882,MECHANICAL_FAILURE,1.0,1.0,1.0,1.0,1.0,0.0,0.0,0.0,0.0
139.9,CLIMB,78.34,55.92,7159.58,15.68,78.226,0.9435,6131.74,79.59,602.7,5.24,57.33,19.798,25.567,1.561,24.6,16.751,6127.98,78.72,602.34,5.239,56.72,19.889,25.566,1.552,24.743,16.865,MECHANICAL_FAILURE,1.0,1.0,1.0,1.0,1.0,0.0,0.0,0.0,0.0
140.0,CLIMB,78.33,55.92,7166.67,15.67,78.206,0.9433,6131.28,79.59,602.69,5.239,57.32,19.797,25.567,1.56,24.6,16.75,6132.61,79.79,605.16,5.225,57.23,19.795,25.555,1.548,24.635,16.718,MECHANICAL_FAILURE,1.0,1.0,1.0,1.0,1.0,0.0,0.0,0.0,0.0
140.1,CLIMB,78.33,55.91,7173.75,15.65,78.186,0.9431,6130.82,79.59,602.67,5.239,57.3,19.795,25.567,1.56,24.6,16.749,6131.19,78.89,603.94,5.206,57.17,19.816,25.485,1.513,24.495,16.756,MECHANICAL_FAILURE,1.0,1.0,1.0,1.0,1.0,0.0,0.0,0.0,0.0
140.2,CLIMB,78.32,55.91,7180.83,15.64,78.166,0.9429,6130.36,79.59,602.66,5.239,57.29,19.794,25.566,1.56,24.6,16.748,6130.31,79.8,602.08,5.314,57.27,19.927,25.654,1.586,24.636,16.799,MECHANICAL_FAILURE,1.0,1.0,1.0,1.0,1.0,0.0,0.0,0.0,0.0
140.3,CLIMB,78.31,55.9,7187.92,15.62,78.146,0.9427,6129.9,79.59,602.64,5.239,57.28,19.792,25.566,1.56,24.6,16.746,6126.02,80.31,603.07,5.231,57.17,19.696,25.584,1.519,24.576,16.724,MECHANICAL_FAILURE,1.0,1.0,1.0,1.0,1.0,0.0,0.0,0.0,0.0
140.4,CLIMB,78.3,55.9,7195.0,15.61,78.126,0.9425,6129.44,79.58,602.63,5.239,57.27,19.791,25.566,1.56,24.6,16.745,6133.09,80.07,604.44,5.256,57.06,19.625,25.543,1.532,24.595,16.666,MECHANICAL_FAILURE,1.0,1.0,1.0,1.0,1.0,0.0,0.0,0.0,0.0
140.5,CLIMB,78.29,55.89,7202.08,15.6,78.106,0.9423,6128.98,79.58,602.61,5.239,57.26,19.79,25.566,1.56,24.6,16.744,6125.4,80.31,603.49,5.229,57.19,19.81,25.603,1.588,24.56,16.796,MECHANICAL_FAILURE,1.0,1.0,1.0,1.0,1.0,0.0,0.0,0.0,0.0
140.6,CLIMB,78.28,55.88,7209.17,15.58,78.086,0.9422,6128.52,79.58,602.6,5.239,57.24,19.788,25.566,1.56,24.6,16.743,6131.7,80.0,600.66,5.235,57.0,19.631,25.645,1.616,24.608,16.842,MECHANICAL_FAILURE,1.0,1.0,1.0,1.0,1.0,0.0,0.0,0.0,0.0
140.7,CLIMB,78.28,55.88,7216.25,15.57,78.066,0.942,6128.06,79.58,602.58,5.238,57.23,19.787,25.566,1.56,24.6,16.741,6128.09,80.6,604.15,5.196,57.45,19.727,25.542,1.541,24.459,16.746,MECHANICAL_FAILURE,1.0,1.0,1.0,1.0,1.0,0.0,0.0,0.0,0.0
140.8,CLIMB,78.27,55.87,7223.33,15.55,78.046,0.9418,6127.6,79.58,602.57,5.238,57.22,19.785,25.565,1.56,24.6,16.74,6127.96,80.56,603.15,5.247,57.85,19.656,25.581,1.504,24.565,16.696,MECHANICAL_FAILURE,1.0,1.0,1.0,1.0,1.0,0.0,0.0,0.0,0.0
140.9,CLIMB,78.26,55.87,7230.42,15.54,78.026,0.9416,6127.14,79.58,602.55,5.238,57.21,19.784,25.565,1.56,24.6,16.739,6134.53,80.57,603.03,5.245,57.06,19.764,25.557,1.593,24.599,16.72,MECHANICAL_FAILURE,1.0,1.0,1.0,1.0,1.0,0.0,0.0,0.0,0.0
141.0,CLIMB,78.25,55.86,7237.5,15.53,78.006,0.9414,6126.68,79.58,602.54,5.238,57.19,19.783,25.565,1.56,24.6,16.738,6131.34,79.45,601.98,5.223,57.83,19.926,25.487,1.561,24.594,16.715,MECHANICAL_FAILURE,1.0,1.0,1.0,1.0,1.0,0.0,0.0,0.0,0.0
141.1,CLIMB,78.24,55.86,7244.58,15.51,77.986,0.9412,6126.22,79.58,602.52,5.238,57.18,19.781,25.565,1.559,24.6,16.736,6130.27,80.34,602.81,5.273,57.37,19.807,25.512,1.614,24.632,16.83,MECHANICAL_FAILURE,1.0,1.0,1.0,1.0,1.0,0.0,0.0,0.0,0.0
141.2,CLIMB,78.23,55.85,7251.67,15.5,77.966,0.941,6125.76,79.58,602.51,5.238,57.17,19.78,25.565,1.559,24.6,16.735,6125.13,79.17,604.38,5.26,56.9,19.915,25.584,1.624,24.515,16.887,MECHANICAL_FAILURE,1.0,1.0,1.0,1.0,1.0,0.0,0.0,0.0,0.0
141.3,CLIMB,78.23,55.85,7258.75,15.48,77.946,0.9408,6125.3,79.58,602.49,5.238,57.16,19.778,25.565,1.559,24.6,16.734,6122.59,79.24,607.36,5.292,57.23,19.608,25.645,1.553,24.603,16.614,MECHANICAL_FAILURE,1.0,1.0,1.0,1.0,1.0,0.0,0.0,0.0,0.0
141.4,CLIMB,78.22,55.84,7265.83,15.47,77.926,0.9406,6124.84,79.58,602.48,5.237,57.14,19.777,25.564,1.559,24.6,16.733,6127.01,79.78,601.65,5.233,57.23,19.837,25.422,1.652,24.624,16.654,MECHANICAL_FAILURE,1.0,1.0,1.0,1.0,1.0,0.0,0.0,0.0,0.0
141.5,CLIMB,78.21,55.84,7272.92,15.45,77.907,0.9404,6124.38,79.58,602.46,5.237,57.13,19.776,25.564,1.559,24.6,16.731,6133.07,79.91,601.87,5.171,56.91,19.606,25.469,1.487,24.692,16.617,MECHANICAL_FAILURE,1.0,1.0,1.0,1.0,1.0,0.0,0.0,0.0,0.0
141.6,CLIMB,78.2,55.83,7280.0,15.44,77.887,0.9402,6123.92,79.58,602.44,5.237,57.12,19.774,25.564,1.559,24.6,16.73,6117.6,79.11,601.98,5.273,57.24,19.72,25.542,1.53,24.651,16.625,MECHANICAL_FAILURE,1.0,1.0,1.0,1.0,1.0,0.0,0.0,0.0,0.0
141.7,CLIMB,78.19,55.82,7287.08,15.43,77.867,0.94,6123.46,79.57,602.43,5.237,57.11,19.773,25.564,1.559,24.6,16.729,6124.78,80.03,602.75,5.307,56.84,19.584,25.576,1.634,24.68,16.712,MECHANICAL_FAILURE,1.0,1.0,1.0,1.0,1.0,0.0,0.0,0.0,0.0
141.8,CLIMB,78.18,55.82,7294.17,15.41,77.847,0.9398,6123.0,79.57,602.41,5.237,57.1,19.771,25.564,1.559,24.6,16.728,6129.84,80.5,602.52,5.299,57.17,19.793,25.529,1.596,24.582,16.707,MECHANICAL_FAILURE,1.0,1.0,1.0,1.0,1.0,0.0,0.0,0.0,0.0
141.9,CLIMB,78.18,55.81,7301.25,15.4,77.827,0.9396,6122.54,79.57,602.4,5.237,57.08,19.77,25.564,1.559,24.6,16.726,6114.58,80.29,604.07,5.184,56.83,19.784,25.558,1.683,24.583,16.778,MECHANICAL_FAILURE,1.0,1.0,1.0,1.0,1.0,0.0,0.0,0.0,0.0
142.0,CLIMB,78.17,55.81,7308.33,15.38,77.807,0.9394,6122.08,79.57,602.38,5.237,57.07,19.769,25.563,1.559,24.6,16.725,6120.55,79.62,603.3,5.214,56.85,19.951,25.613,1.532,24.64,16.736,MECHANICAL_FAILURE,1.0,1.0,1.0,1.0,1.0,0.0,0.0,0.0,0.0
142.1,CLIMB,78.16,55.8,7315.42,15.37,77.787,0.9392,6121.62,79.57,602.37,5.236,57.06,19.767,25.563,1.559,24.6,16.724,6117.66,79.67,603.54,5.249,57.23,19.931,25.513,1.561,24.539,16.699,MECHANICAL_FAILURE,1.0,1.0,1.0,1.0,1.0,0.0,0.0,0.0,0.0
142.2,CLIMB,78.15,55.8,7322.5,15.36,77.767,0.939,6121.16,79.57,602.35,5.236,57.05,19.766,25.563,1.558,24.6,16.723,6116.68,80.21,600.34,5.205,56.86,19.6,25.54,1.62,24.696,16.792,MECHANICAL_FAILURE,1.0,1.0,1.0,1.0,1.0,0.0,0.0,0.0,0.0
142.3,CLIMB,78.14,55.79,7329.58,15.34,77.747,0.9388,6120.7,79.57,602.34,5.236,57.03,19.764,25.563,1.558,24.6,16.721,6114.11,80.58,603.8,5.316,56.87,19.844,25.615,1.467,24.632,16.736,MECHANICAL_FAILURE,1.0,1.0,1.0,1.0,1.0,0.0,0.0,0.0,0.0
142.4,CLIMB,78.13,55.79,7336.67,15.33,77.727,0.9387,6120.24,79.57,602.32,5.236,57.02,19.763,25.563,1.558,24.6,16.72,6127.56,79.29,603.22,5.264,56.86,19.589,25.539,1.579,24.636,16.746,MECHANICAL_FAILURE,1.0,1.0,1.0,1.0,1.0,0.0,0.0,0.0,0.0
142.5,CLIMB,78.13,55.78,7343.75,15.31,77.707,0.9385,6119.78,79.57,602.31,5.236,57.01,19.762,25.563,1.558,24.6,16.719,6128.16,79.65,602.36,5.193,57.19,19.736,25.543,1.556,24.656,16.695,MECHANICAL_FAILURE,1.0,1.0,1.0,1.0,1.0,0.0,0.0,0.0,0.0
142.6,CLIMB,78.12,55.78,7350.83,15.3,77.687,0.9383,6119.32,79.57,602.29,5.236,57.0,19.76,25.562,1.558,24.6,16.718,6120.89,79.95,602.6,5.273,57.07,19.63,25.536,1.62,24.661,16.739,MECHANICAL_FAILURE,1.0,1.0,1.0,1.0,1.0,0.0,0.0,0.0,0.0
142.7,CLIMB,78.11,55.77,7357.92,15.28,77.668,0.9381,6118.86,79.57,602.28,5.235,56.98,19.759,25.562,1.558,24.6,16.716,6119.92,79.59,603.98,5.246,56.86,19.748,25.602,1.523,24.648,16.801,MECHANICAL_FAILURE,1.0,1.0,1.0,1.0,1.0,0.0,0.0,0.0,0.0
142.8,CLIMB,78.1,55.77,7365.0,15.27,77.648,0.9379,6118.4,79.57,602.26,5.235,56.97,19.757,25.562,1.558,24.6,16.715,6117.31,78.74,600.2,5.241,57.25,19.804,25.517,1.602,24.587,16.73,MECHANICAL_FAILURE,1.0,1.0,1.0,1.0,1.0,0.0,0.0,0.0,0.0
142.9,CLIMB,78.09,55.76,7372.08,15.26,77.628,0.9377,6117.94,79.57,602.25,5.235,56.96,19.756,25.562,1.558,24.6,16.714,6124.06,80.36,602.9,5.285,57.41,19.609,25.588,1.505,24.523,16.914,MECHANICAL_FAILURE,1.0,1.0,1.0,1.0,1.0,0.0,0.0,0.0,0.0
143.0,CLIMB,78.08,55.75,7379.17,15.24,77.608,0.9375,6117.48,79.56,602.23,5.235,56.95,19.755,25.562,1.558,24.6,16.713,6113.19,79.66,600.58,5.25,57.3,19.83,25.47,1.627,24.579,16.767,MECHANICAL_FAILURE,1.0,1.0,1.0,1.0,1.0,0.0,0.0,0.0,0.0
143.1,CLIMB,78.08,55.75,7386.25,15.23,77.588,0.9373,6117.02,79.56,602.22,5.235,56.93,19.753,25.562,1.558,24.6,16.711,6117.76,79.27,604.09,5.25,56.94,19.774,25.601,1.595,24.605,16.69,MECHANICAL_FAILURE,1.0,1.0,1.0,1.0,1.0,0.0,0.0,0.0,0.0
143.2,CLIMB,78.07,55.74,7393.33,15.21,77.568,0.9371,6116.56,79.56,602.2,5.235,56.92,19.752,25.561,1.558,24.6,16.71,6107.71,80.06,600.77,5.228,56.83,19.709,25.606,1.573,24.572,16.654,MECHANICAL_FAILURE,1.0,1.0,1.0,1.0,1.0,0.0,0.0,0.0,0.0
143.3,CLIMB,78.06,55.74,7400.42,15.2,77.548,0.9369,6116.1,79.56,602.18,5.235,56.91,19.75,25.561,1.558,24.6,16.709,6114.75,79.29,600.19,5.244,57.63,19.586,25.583,1.521,24.59,16.68,MECHANICAL_FAILURE,1.0,1.0,1.0,1.0,1.0,0.0,0.0,0.0,0.0
143.4,CLIMB,78.05,55.73,7407.5,15.19,77.529,0.9367,6115.64,79.56,602.17,5.234,56.9,19.749,25.561,1.557,24.6,16.708,6113.22,79.61,599.79,5.227,56.92,19.749,25.553,1.527,24.579,16.792,MECHANICAL_FAILURE,1.0,1.0,1.0,1.0,1.0,0.0,0.0,0.0,0.0
143.5,CLIMB,78.04,55.73,7414.58,15.17,77.509,0.9365,6115.18,79.56,602.15,5.234,56.88,19.748,25.561,1.557,24.6,16.706,6117.7,79.92,602.27,5.176,57.01,19.841,25.627,1.587,24.516,16.837,MECHANICAL_FAILURE,1.0,1.0,1.0,1.0,1.0,0.0,0.0,0.0,0.0
143.6,CLIMB,78.03,55.72,7421.67,15.16,77.489,0.9363,6114.72,79.56,602.14,5.234,56.87,19.746,25.561,1.557,24.6,16.705,6109.94,80.26,600.97,5.236,57.06,19.65,25.563,1.501,24.674,16.829,MECHANICAL_FAILURE,1.0,1.0,1.0,1.0,1.0,0.0,0.0,0.0,0.0
143.7,CLIMB,78.03,55.72,7428.75,15.14,77.469,0.9361,6114.26,79.56,602.12,5.234,56.86,19.745,25.561,1.557,24.6,16.704,6115.72,80.02,602.98,5.234,56.5,19.605,25.521,1.513,24.564,16.716,MECHANICAL_FAILURE,1.0,1.0,1.0,1.0,1.0,0.0,0.0,0.0,0.0
143.8,CLIMB,78.02,55.71,7435.83,15.13,77.449,0.9359,6113.8,79.56,602.11,5.234,56.85,19.743,25.56,1.557,24.6,16.703,6118.67,79.4,600.78,5.229,57.2,19.859,25.558,1.577,24.616,16.724,MECHANICAL_FAILURE,1.0,1.0,1.0,1.0,1.0,0.0,0.0,0.0,0.0
143.9,CLIMB,78.01,55.71,7442.92,15.11,77.429,0.9357,6113.34,79.56,602.09,5.234,56.83,19.742,25.56,1.557,24.6,16.701,6122.88,80.68,602.85,5.219,57.16,19.71,25.48,1.484,24.641,16.722,MECHANICAL_FAILURE,1.0,1.0,1.0,1.0,1.0,0.0,0.0,0.0,0.0
144.0,CLIMB,78.0,55.7,7450.0,15.1,77.41,0.9356,6112.88,79.56,602.08,5.234,56.82,19.741,25.56,1.557,24.6,16.7,6115.3,80.65,603.02,5.274,56.57,19.862,25.5,1.562,24.621,16.772,MECHANICAL_FAILURE,1.0,1.0,1.0,1.0,1.0,0.0,0.0,0.0,0.0
144.1,CLIMB,77.99,55.69,7457.08,15.09,77.39,0.9354,6112.42,79.56,602.06,5.233,56.81,19.739,25.56,1.557,24.6,16.699,6109.76,80.09,602.47,5.261,56.34,19.681,25.606,1.659,24.589,16.634,MECHANICAL_FAILURE,1.0,1.0,1.0,1.0,1.0,0.0,0.0,0.0,0.0
144.2,CLIMB,77.98,55.69,7464.17,15.07,77.37,0.9352,6111.96,79.56,602.05,5.233,56.8,19.738,25.56,1.557,24.6,16.698,6114.45,79.33,599.88,5.247,56.65,19.71,25.626,1.577,24.654,16.851,MECHANICAL_FAILURE,1.0,1.0,1.0,1.0,1.0,0.0,0.0,0.0,0.0
144.3,CLIMB,77.98,55.68,7471.25,15.06,77.35,0.935,6111.5,79.55,602.03,5.233,56.78,19.736,25.56,1.557,24.6,16.696,6110.76,78.91,602.92,5.274,57.26,19.839,25.592,1.565,24.519,16.797,MECHANICAL_FAILURE,1.0,1.0,1.0,1.0,1.0,0.0,0.0,0.0,0.0
144.4,CLIMB,77.97,55.68,7478.33,15.04,77.33,0.9348,6111.04,79.55,602.02,5.233,56.77,19.735,25.559,1.557,24.6,16.695,6105.32,79.5,602.3,5.221,57.15,19.81,25.604,1.513,24.548,16.494,MECHANICAL_FAILURE,1.0,1.0,1.0,1.0,1.0,0.0,0.0,0.0,0.0
144.5,CLIMB,77.96,55.67,7485.42,15.03,77.311,0.9346,6110.59,79.55,602.0,5.233,56.76,19.734,25.559,1.556,24.6,16.694,6111.05,79.64,603.75,5.252,56.53,19.691,25.568,1.56,24.562,16.703,MECHANICAL_FAILURE,1.0,1.0,1.0,1.0,1.0,0.0,0.0,0.0,0.0
144.6,CLIMB,77.95,55.67,7492.5,15.02,77.291,0.9344,6110.13,79.55,601.99,5.233,56.75,19.732,25.559,1.556,24.6,16.693,6101.92,79.3,602.37,5.245,56.84,19.882,25.552,1.56,24.574,16.45,MECHANICAL_FAILURE,1.0,1.0,1.0,1.0,1.0,0.0,0.0,0.0,0.0
144.7,CLIMB,77.94,55.66,7499.58,15.0,77.271,0.9342,6109.67,79.55,601.97,5.233,56.74,19.731,25.559,1.556,24.6,16.691,6111.31,79.85,603.82,5.272,56.86,19.881,25.494,1.577,24.571,16.534,MECHANICAL_FAILURE,1.0,1.0,1.0,1.0,1.0,0.0,0.0,0.0,0.0
144.8,CLIMB,77.93,55.66,7506.67,14.99,77.251,0.934,6109.21,79.55,601.95,5.232,56.72,19.729,25.559,1.556,24.6,16.69,6109.64,79.83,603.04,5.262,56.92,19.802,25.625,1.499,24.685,16.619,MECHANICAL_FAILURE,1.0,1.0,1.0,1.0,1.0,0.0,0.0,0.0,0.0
144.9,CLIMB,77.93,55.65,7513.75,14.97,77.231,0.9338,6108.75,79.55,601.94,5.232,56.71,19.728,25.559,1.556,24.6,16.689,6105.53,79.69,601.59,5.225,56.87,19.742,25.535,1.533,24.616,16.851,MECHANICAL_FAILURE,1.0,1.0,1.0,1.0,1.0,0.0,0.0,0.0,0.0
145.0,CLIMB,77.92,55.65,7520.83,14.96,77.212,0.9336,6108.29,79.55,601.92,5.232,56.7,19.727,25.558,1.556,24.6,16.688,6107.3,79.39,602.82,5.244,56.53,19.65,25.616,1.554,24.596,16.719,MECHANICAL_FAILURE,1.0,1.0,1.0,1.0,1.0,0.0,0.0,0.0,0.0
145.1,CLIMB,77.91,55.64,7527.92,14.94,77.192,0.9334,6107.83,79.55,601.91,5.232,56.69,19.725,25.558,1.556,24.6,16.686,6108.64,79.87,600.58,5.241,56.88,19.797,25.531,1.566,24.648,16.8,MECHANICAL_FAILURE,1.0,1.0,1.0,1.0,1.0,0.0,0.0,0.0,0.0
145.2,CLIMB,77.9,55.64,7535.0,14.93,77.172,0.9332,6107.37,79.55,601.89,5.232,56.67,19.724,25.558,1.556,24.6,16.685,6111.57,79.26,602.76,5.266,56.2,19.67,25.486,1.66,24.62,16.636,MECHANICAL_FAILURE,1.0,1.0,1.0,1.0,1.0,0.0,0.0,0.0,0.0
145.3,CLIMB,77.89,55.63,7542.08,14.92,77.152,0.933,6106.91,79.55,601.88,5.232,56.66,19.722,25.558,1.556,24.6,16.684,6109.13,79.69,601.7,5.213,56.99,19.84,25.617,1.524,24.551,16.833,MECHANICAL_FAILURE,1.0,1.0,1.0,1.0,1.0,0.0,0.0,0.0,0.0
145.4,CLIMB,77.88,55.62,7549.17,14.9,77.133,0.9328,6106.45,79.55,601.86,5.231,56.65,19.721,25.558,1.556,24.6,16.683,6102.51,79.23,600.45,5.228,56.55,19.711,25.544,1.638,24.75,16.768,MECHANICAL_FAILURE,1.0,1.0,1.0,1.0,1.0,0.0,0.0,0.0,0.0
145.5,CLIMB,77.88,55.62,7556.25,14.89,77.113,0.9327,6105.99,79.55,601.85,5.231,56.64,19.72,25.558,1.556,24.6,16.681,6109.46,79.57,603.9,5.248,57.19,19.7,25.593,1.555,24.637,16.694,MECHANICAL_FAILURE,1.0,1.0,1.0,1.0,1.0,0.0,0.0,0.0,0.0
145.6,CLIMB,77.87,55.61,7563.33,14.87,77.093,0.9325,6105.53,79.54,601.83,5.231,56.62,19.718,25.557,1.555,24.6,16.68,6108.11,79.73,599.88,5.223,56.22,19.609,25.575,1.544,24.621,16.716,MECHANICAL_FAILURE,1.0,1.0,1.0,1.0,1.0,0.0,0.0,0.0,0.0
145.7,CLIMB,77.86,55.61,7570.42,14.86,77.073,0.9323,6105.07,79.54,601.82,5.231,56.61,19.717,25.557,1.555,24.6,16.679,6103.69,79.19,602.25,5.19,56.61,19.681,25.527,1.558,24.542,16.855,MECHANICAL_FAILURE,1.0,1.0,1.0,1.0,1.0,0.0,0.0,0.0,0.0
145.8,CLIMB,77.85,55.6,7577.5,14.85,77.054,0.9321,6104.62,79.54,601.8,5.231,56.6,19.715,25.557,1.555,24.6,16.678,6106.42,79.49,601.4,5.283,57.02,19.557,25.546,1.545,24.537,16.636,MECHANICAL_FAILURE,1.0,1.0,1.0,1.0,1.0,0.0,0.0,0.0,0.0
145.9,CLIMB,77.84,55.6,7584.58,14.83,77.034,0.9319,6104.16,79.54,601.79,5.231,56.59,19.714,25.557,1.555,24.6,16.676,6091.17,79.48,599.7,5.2,56.83,19.928,25.497,1.588,24.558,16.723,MECHANICAL_FAILURE,1.0,1.0,1.0,1.0,1.0,0.0,0.0,0.0,0.0
146.0,CLIMB,77.83,55.59,7591.67,14.82,77.014,0.9317,6103.7,79.54,601.77,5.231,56.57,19.713,25.557,1.555,24.6,16.675,6108.48,79.8,599.16,5.22,56.24,19.723,25.436,1.569,24.572,16.713,MECHANICAL_FAILURE,1.0,1.0,1.0,1.0,1.0,0.0,0.0,0.0,0.0
146.1,CLIMB,77.83,55.59,7598.75,14.8,76.995,0.9315,6103.24,79.54,601.76,5.23,56.56,19.711,25.557,1.555,24.6,16.674,6107.59,79.49,600.46,5.24,55.91,19.612,25.574,1.436,24.6,16.613,MECHANICAL_FAILURE,1.0,1.0,1.0,1.0,1.0,0.0,0.0,0.0,0.0
146.2,CLIMB,77.82,55.58,7605.83,14.79,76.975,0.9313,6102.78,79.54,601.74,5.23,56.55,19.71,25.556,1.555,24.6,16.673,6102.32,78.76,603.29,5.193,56.94,19.756,25.616,1.535,24.608,16.793,MECHANICAL_FAILURE,1.0,1.0,1.0,1.0,1.0,0.0,0.0,0.0,0.0
146.3,CLIMB,77.81,55.58,7612.92,14.77,76.955,0.9311,6102.32,79.54,601.72,5.23,56.54,19.708,25.556,1.555,24.6,16.671,6099.01,79.6,602.3,5.236,56.42,19.673,25.524,1.561,24.711,16.623,MECHANICAL_FAILURE,1.0,1.0,1.0,1.0,1.0,0.0,0.0,0.0,0.0
146.4,CLIMB,77.8,55.57,7620.0,14.76,76.935,0.9309,6101.86,79.54,601.71,5.23,56.52,19.707,25.556,1.555,24.6,16.67,6102.79,80.54,602.27,5.205,56.37,19.749,25.528,1.566,24.607,16.766,MECHANICAL_FAILURE,1.0,1.0,1.0,1.0,1.0,0.0,0.0,0.0,0.0
146.5,CLIMB,77.79,55.56,7627.08,14.75,76.916,0.9307,6101.4,79.54,601.69,5.23,56.51,19.706,25.556,1.555,24.6,16.669,6098.83,80.27,601.19,5.236,56.44,19.719,25.492,1.636,24.595,16.843,MECHANICAL_FAILURE,1.0,1.0,1.0,1.0,1.0,0.0,0.0,0.0,0.0
146.6,CLIMB,77.78,55.56,7634.17,14.73,76.896,0.9305,6100.94,79.54,601.68,5.23,56.5,19.704,25.556,1.555,24.6,16.668,6082.88,79.71,603.53,5.203,57.1,19.586,25.57,1.481,24.645,16.806,MECHANICAL_FAILURE,1.0,1.0,1.0,1.0,1.0,0.0,0.0,0.0,0.0
146.7,CLIMB,77.78,55.55,7641.25,14.72,76.876,0.9303,6100.48,79.54,601.66,5.23,56.49,19.703,25.556,1.554,24.6,16.666,6107.63,79.98,598.93,5.298,56.92,19.729,25.506,1.577,24.656,16.647,MECHANICAL_FAILURE,1.0,1.0,1.0,1.0,1.0,0.0,0.0,0.0,0.0
146.8,CLIMB,77.77,55.55,7648.33,14.7,76.857,0.9302,6100.03,79.54,601.65,5.229,56.47,19.701,25.555,1.554,24.6,16.665,6094.93,80.38,603.47,5.235,56.05,19.526,25.569,1.665,24.636,16.687,MECHANICAL_FAILURE,1.0,1.0,1.0,1.0,1.0,0.0,0.0,0.0,0.0
146.9,CLIMB,77.76,55.54,7655.42,14.69,76.837,0.93,6099.57,79.53,601.63,5.229,56.46,19.7,25.555,1.554,24.6,16.664,6107.35,78.93,602.69,5.218,56.79,19.659,25.468,1.562,24.565,16.795,MECHANICAL_FAILURE,1.0,1.0,1.0,1.0,1.0,0.0,0.0,0.0,0.0
147.0,CLIMB,77.75,55.54,7662.5,14.68,76.817,0.9298,6099.11,79.53,601.62,5.229,56.45,19.699,25.555,1.554,24.6,16.663,6100.41,78.92,603.27,5.248,56.59,19.701,25.513,1.54,24.575,16.708,MECHANICAL_FAILURE,1.0,1.0,1.0,1.0,1.0,0.0,0.0,0.0,0.0
147.1,CLIMB,77.74,55.53,7669.58,14.66,76.798,0.9296,6098.65,79.53,601.6,5.229,56.44,19.697,25.555,1.554,24.6,16.661,6100.36,79.15,601.83,5.264,56.45,19.791,25.506,1.623,24.59,16.771,MECHANICAL_FAILURE,1.0,1.0,1.0,1.0,1.0,0.0,0.0,0.0,0.0
147.2,CLIMB,77.73,55.53,7676.67,14.65,76.778,0.9294,6098.19,79.53,601.59,5.229,56.42,19.696,25.555,1.554,24.6,16.66,6092.39,79.23,599.6,5.213,56.13,19.543,25.571,1.626,24.655,16.566,MECHANICAL_FAILURE,1.0,1.0,1.0,1.0,1.0,0.0,0.0,0.0,0.0
147.3,CLIMB,77.73,55.52,7683.75,14.63,76.758,0.9292,6097.73,79.53,601.57,5.229,56.41,19.694,25.555,1.554,24.6,16.659,6107.46,80.15,601.51,5.226,57.21,19.825,25.53,1.596,24.596,16.607,MECHANICAL_FAILURE,1.0,1.0,1.0,1.0,1.0,0.0,0.0,0.0,0.0
147.4,CLIMB,77.72,55.52,7690.83,14.62,76.739,0.929,6097.27,79.53,601.56,5.229,56.4,19.693,25.554,1.554,24.6,16.658,6095.53,79.99,600.16,5.259,56.39,19.603,25.578,1.55,24.52,16.7,MECHANICAL_FAILURE,1.0,1.0,1.0,1.0,1.0,0.0,0.0,0.0,0.0
147.5,CLIMB,77.71,55.51,7697.92,14.6,76.719,0.9288,6096.82,79.53,601.54,5.228,56.39,19.692,25.554,1.554,24.6,16.656,6101.39,80.39,601.56,5.266,56.09,19.766,25.592,1.525,24.594,16.597,MECHANICAL_FAILURE,1.0,1.0,1.0,1.0,1.0,0.0,0.0,0.0,0.0
147.6,CLIMB,77.7,55.51,7705.0,14.59,76.7,0.9286,6096.36,79.53,601.53,5.228,56.37,19.69,25.554,1.554,24.6,16.655,6100.17,79.35,602.59,5.232,56.03,19.663,25.563,1.559,24.602,16.626,MECHANICAL_FAILURE,1.0,1.0,1.0,1.0,1.0,0.0,0.0,0.0,0.0
147.7,CLIMB,77.69,55.5,7712.08,14.58,76.68,0.9284,6095.9,79.53,601.51,5.228,56.36,19.689,25.554,1.554,24.6,16.654,6100.25,79.72,600.87,5.249,55.89,19.833,25.556,1.649,24.632,16.811,MECHANICAL_FAILURE,1.0,1.0,1.0,1.0,1.0,0.0,0.0,0.0,0.0
147.8,CLIMB,77.68,55.49,7719.17,14.56,76.66,0.9282,6095.44,79.53,601.49,5.228,56.35,19.687,25.554,1.553,24.6,16.653,6092.3,78.75,600.49,5.209,56.28,19.718,25.428,1.696,24.608,16.72,MECHANICAL_FAILURE,1.0,1.0,1.0,1.0,1.0,0.0,0.0,0.0,0.0
147.9,CLIMB,77.68,55.49,7726.25,14.55,76.641,0.928,6094.98,79.53,601.48,5.228,56.33,19.686,25.554,1.553,24.6,16.651,6097.26,79.03,602.04,5.224,56.25,19.492,25.651,1.578,24.574,16.548,MECHANICAL_FAILURE,1.0,1.0,1.0,1.0,1.0,0.0,0.0,0.0,0.0
148.0,CLIMB,77.67,55.48,7733.33,14.53,76.621,0.9278,6094.52,79.53,601.46,5.228,56.32,19.684,25.553,1.553,24.6,16.65,6098.82,79.91,601.99,5.217,56.19,19.778,25.567,1.491,24.69,16.82,MECHANICAL_FAILURE,1.0,1.0,1.0,1.0,1.0,0.0,0.0,0.0,0.0
148.1,CLIMB,77.66,55.48,7740.42,14.52,76.601,0.9277,6094.06,79.53,601.45,5.227,56.31,19.683,25.553,1.553,24.6,16.649,6084.02,78.65,600.99,5.215,56.19,19.58,25.586,1.584,24.638,16.641,MECHANICAL_FAILURE,1.0,1.0,1.0,1.0,1.0,0.0,0.0,0.0,0.0
148.2,CLIMB,77.65,55.47,7747.5,14.51,76.582,0.9275,6093.61,79.52,601.43,5.227,56.3,19.682,25.553,1.553,24.6,16.648,6094.74,79.1,601.51,5.254,56.47,19.553,25.524,1.539,24.583,16.758,MECHANICAL_FAILURE,1.0,1.0,1.0,1.0,1.0,0.0,0.0,0.0,0.0
148.3,CLIMB,77.64,55.47,7754.58,14.49,76.562,0.9273,6093.15,79.52,601.42,5.227,56.28,19.68,25.553,1.553,24.6,16.646,6085.18,79.27,605.01,5.195,56.19,19.546,25.588,1.559,24.571,16.525,MECHANICAL_FAILURE,1.0,1.0,1.0,1.0,1.0,0.0,0.0,0.0,0.0
148.4,CLIMB,77.63,55.46,7761.67,14.48,76.543,0.9271,6092.69,79.52,601.4,5.227,56.27,19.679,25.553,1.553,24.6,16.645,6088.17,79.36,599.67,5.291,55.84,19.635,25.539,1.549,24.558,16.718,MECHANICAL_FAILURE,1.0,1.0,1.0,1.0,1.0,0.0,0.0,0.0,0.0
148.5,CLIMB,77.63,55.46,7768.75,14.46,76.523,0.9269,6092.23,79.52,601.39,5.227,56.26,19.677,25.553,1.553,24.6,16.644,6094.37,79.1,601.08,5.278,56.09,19.687,25.67,1.517,24.628,16.762,MECHANICAL_FAILURE,1.0,1.0,1.0,1.0,1.0,0.0,0.0,0.0,0.0
148.6,CLIMB,77.62,55.45,7775.83,14.45,76.503,0.9267,6091.77,79.52,601.37,5.227,56.25,19.676,25.552,1.553,24.6,16.643,6096.86,78.6,601.23,5.198,56.14,19.472,25.583,1.558,24.56,16.672,MECHANICAL_FAILURE,1.0,1.0,1.0,1.0,1.0,0.0,0.0,0.0,0.0
148.7,CLIMB,77.61,55.45,7782.92,14.43,76.484,0.9265,6091.31,79.52,601.36,5.227,56.23,19.675,25.552,1.553,24.6,16.641,6085.34,79.23,601.14,5.249,56.4,19.884,25.532,1.551,24.602,16.615,MECHANICAL_FAILURE,1.0,1.0,1.0,1.0,1.0,0.0,0.0,0.0,0.0
148.8,CLIMB,77.6,55.44,7790.0,14.42,76.464,0.9263,6090.86,79.52,601.34,5.226,56.22,19.673,25.552,1.553,24.6,16.64,6093.84,78.68,599.58,5.226,56.35,19.667,25.555,1.557,24.702,16.495,MECHANICAL_FAILURE,1.0,1.0,1.0,1.0,1.0,0.0,0.0,0.0,0.0
148.9,CLIMB,77.59,55.43,7797.08,14.41,76.445,0.9261,6090.4,79.52,601.33,5.226,56.21,19.672,25.552,1.553,24.6,16.639,6092.81,79.22,599.7,5.22,56.26,19.604,25.526,1.605,24.516,16.792,MECHANICAL_FAILURE,1.0,1.0,1.0,1.0,1.0,0.0,0.0,0.0,0.0
149.0,CLIMB,77.58,55.43,7804.17,14.39,76.425,0.9259,6089.94,79.52,601.31,5.226,56.2,19.67,25.552,1.552,24.6,16.638,6090.89,78.6,599.49,5.178,55.89,19.707,25.441,1.53,24.63,16.839,MECHANICAL_FAILURE,1.0,1.0,1.0,1.0,1.0,0.0,0.0,0.0,0.0
149.1,CLIMB,77.58,55.42,7811.25,14.38,76.406,0.9257,6089.48,79.52,601.3,5.226,56.18,19.669,25.552,1.552,24.6,16.636,6081.87,79.81,600.39,5.235,56.53,19.652,25.612,1.581,24.562,16.624,MECHANICAL_FAILURE,1.0,1.0,1.0,1.0,1.0,0.0,0.0,0.0,0.0
149.2,CLIMB,77.57,55.42,7818.33,14.36,76.386,0.9255,6089.02,79.52,601.28,5.226,56.17,19.668,25.551,1.552,24.6,16.635,6088.19,80.13,599.46,5.208,55.78,19.603,25.511,1.597,24.596,16.486,MECHANICAL_FAILURE,1.0,1.0,1.0,1.0,1.0,0.0,0.0,0.0,0.0
149.3,CLIMB,77.56,55.41,7825.42,14.35,76.366,0.9254,6088.56,79.52,601.26,5.226,56.16,19.666,25.551,1.552,24.6,16.634,6089.79,79.28,601.71,5.233,55.99,19.796,25.491,1.634,24.6,16.719,MECHANICAL_FAILURE,1.0,1.0,1.0,1.0,1.0,0.0,0.0,0.0,0.0
149.4,CLIMB,77.55,55.41,7832.5,14.34,76.347,0.9252,6088.11,79.51,601.25,5.226,56.15,19.665,25.551,1.552,24.6,16.633,6092.01,78.37,602.28,5.199,56.43,19.542,25.52,1.547,24.561,16.75,MECHANICAL_FAILURE,1.0,1.0,1.0,1.0,1.0,0.0,0.0,0.0,0.0
149.5,CLIMB,77.54,55.4,7839.58,14.32,76.327,0.925,6087.65,79.51,601.23,5.225,56.13,19.663,25.551,1.552,24.6,16.631,6081.52,79.19,600.24,5.217,55.55,19.781,25.64,1.522,24.559,16.645,MECHANICAL_FAILURE,1.0,1.0,1.0,1.0,1.0,0.0,0.0,0.0,0.0
149.6,CLIMB,77.53,55.4,7846.67,14.31,76.308,0.9248,6087.19,79.51,601.22,5.225,56.12,19.662,25.551,1.552,24.6,16.63,6079.23,79.36,600.57,5.265,56.33,19.689,25.548,1.538,24.527,16.76,MECHANICAL_FAILURE,1.0,1.0,1.0,1.0,1.0,0.0,0.0,0.0,0.0
149.7,CLIMB,77.53,55.39,7853.75,14.29,76.288,0.9246,6086.73,79.51,601.2,5.225,56.11,19.661,25.551,1.552,24.6,16.629,6084.13,79.25,598.6,5.192,56.3,19.557,25.564,1.563,24.597,16.511,MECHANICAL_FAILURE,1.0,1.0,1.0,1.0,1.0,0.0,0.0,0.0,0.0
149.8,CLIMB,77.52,55.39,7860.83,14.28,76.269,0.9244,6086.27,79.51,601.19,5.225,56.1,19.659,25.55,1.552,24.6,16.628,6086.08,79.63,602.31,5.236,55.96,19.733,25.527,1.573,24.592,16.467,MECHANICAL_FAILURE,1.0,1.0,1.0,1.0,1.0,0.0,0.0,0.0,0.0
149.9,CLIMB,77.51,55.38,7867.92,14.26,76.249,0.9242,6085.82,79.51,601.17,5.225,56.08,19.658,25.55,1.552,24.6,16.626,6085.8,79.28,600.45,5.235,55.74,19.7,25.515,1.555,24.658,16.668,MECHANICAL_FAILURE,1.0,1.0,1.0,1.0,1.0,0.0,0.0,0.0,0.0
150.0,CLIMB,77.5,55.38,7875.0,14.25,76.23,0.924,6085.36,79.51,601.16,5.225,56.07,19.656,25.55,1.552,24.6,16.625,6072.15,80.25,602.53,5.189,55.34,19.77,25.498,1.475,24.686,16.692,MECHANICAL_FAILURE,1.0,1.0,1.0,1.0,1.0,0.0,0.0,0.0,0.0
150.1,CLIMB,77.49,55.37,7882.08,14.24,76.21,0.9238,6084.9,79.51,601.14,5.225,56.06,19.655,25.55,1.551,24.6,16.624,6094.35,79.62,602.77,5.262,56.05,19.614,25.556,1.58,24.594,16.5,MECHANICAL_FAILURE,1.0,1.0,1.0,1.0,1.0,0.0,0.0,0.0,0.0
150.2,CLIMB,77.48,55.36,7889.17,14.22,76.191,0.9236,6084.44,79.51,601.13,5.224,56.05,19.654,25.55,1.551,24.6,16.623,6081.47,79.96,601.09,5.202,55.94,19.604,25.585,1.455,24.555,16.667,MECHANICAL_FAILURE,1.0,1.0,1.0,1.0,1.0,0.0,0.0,0.0,0.0
150.3,CLIMB,77.48,55.36,7896.25,14.21,76.171,0.9234,6083.98,79.51,601.11,5.224,56.03,19.652,25.55,1.551,24.6,16.621,6088.73,79.59,598.59,5.207,55.54,19.532,25.56,1.47,24.61,16.67,MECHANICAL_FAILURE,1.0,1.0,1.0,1.0,1.0,0.0,0.0,0.0,0.0
150.4,CLIMB,77.47,55.35,7903.33,14.19,76.152,0.9233,6083.53,79.51,601.1,5.224,56.02,19.651,25.549,1.551,24.6,16.62,6085.05,79.36,601.21,5.165,56.14,19.634,25.585,1.549,24.599,16.554,MECHANICAL_FAILURE,1.0,1.0,1.0,1.0,1.0,0.0,0.0,0.0,0.0
150.5,CLIMB,77.46,55.35,7910.42,14.18,76.132,0.9231,6083.07,79.51,601.08,5.224,56.01,19.649,25.549,1.551,24.6,16.619,6081.68,79.98,601.61,5.23,56.32,19.748,25.576,1.549,24.654,16.733,MECHANICAL_FAILURE,1.0,1.0,1.0,1.0,1.0,0.0,0.0,0.0,0.0
150.6,CLIMB,77.45,55.34,7917.5,14.17,76.113,0.9229,6082.61,79.51,601.06,5.224,55.99,19.648,25.549,1.551,24.6,16.618,6080.62,79.5,599.23,5.224,56.09,19.745,25.666,1.586,24.606,16.732,MECHANICAL_FAILURE,1.0,1.0,1.0,1.0,1.0,0.0,0.0,0.0,0.0
150.7,CLIMB,77.44,55.34,7924.58,14.15,76.093,0.9227,6082.15,79.5,601.05,5.224,55.98,19.647,25.549,1.551,24.6,16.616,6083.25,78.39,600.93,5.223,55.97,19.644,25.564,1.542,24.649,16.678,MECHANICAL_FAILURE,1.0,1.0,1.0,1.0,1.0,0.0,0.0,0.0,0.0
150.8,CLIMB,77.43,55.33,7931.67,14.14,76.074,0.9225,6081.69,79.5,601.03,5.224,55.97,19.645,25.549,1.551,24.6,16.615,6077.35,78.94,602.2,5.214,56.09,19.639,25.537,1.488,24.67,16.626,MECHANICAL_FAILURE,1.0,1.0,1.0,1.0,1.0,0.0,0.0,0.0,0.0
150.9,CLIMB,77.43,55.33,7938.75,14.12,76.054,0.9223,6081.24,79.5,601.02,5.223,55.96,19.644,25.549,1.551,24.6,16.614,6082.92,78.77,601.36,5.22,56.0,19.798,25.463,1.582,24.587,16.593,MECHANICAL_FAILURE,1.0,1.0,1.0,1.0,1.0,0.0,0.0,0.0,0.0
151.0,CLIMB,77.42,55.32,7945.83,14.11,76.035,0.9221,6080.78,79.5,601.0,5.223,55.94,19.642,25.548,1.551,24.6,16.613,6086.4,79.3,601.18,5.179,55.9,19.625,25.437,1.547,24.629,16.526,MECHANICAL_FAILURE,1.0,1.0,1.0,1.0,1.0,0.0,0.0,0.0,0.0
151.1,CLIMB,77.41,55.32,7952.92,14.09,76.015,0.9219,6080.32,79.5,600.99,5.223,55.93,19.641,25.548,1.551,24.6,16.611,6095.79,80.32,600.77,5.21,55.75,19.614,25.631,1.562,24.601,16.697,MECHANICAL_FAILURE,1.0,1.0,1.0,1.0,1.0,0.0,0.0,0.0,0.0
151.2,CLIMB,77.4,55.31,7960.0,14.08,75.996,0.9217,6079.86,79.5,600.97,5.223,55.92,19.64,25.548,1.55,24.6,16.61,6071.73,79.68,600.08,5.225,56.26,19.539,25.531,1.549,24.633,16.742,MECHANICAL_FAILURE,1.0,1.0,1.0,1.0,1.0,0.0,0.0,0.0,0.0
151.3,CLIMB,77.39,55.3,7967.08,14.07,75.977,0.9215,6079.41,79.5,600.96,5.223,55.91,19.638,25.548,1.55,24.6,16.609,6074.25,79.36,598.16,5.189,54.94,19.52,25.601,1.566,24.577,16.579,MECHANICAL_FAILURE,1.0,1.0,1.0,1.0,1.0,0.0,0.0,0.0,0.0
151.4,CLIMB,77.38,55.3,7974.17,14.05,75.957,0.9213,6078.95,79.5,600.94,5.223,55.89,19.637,25.548,1.55,24.6,16.608,6076.04,80.18,601.53,5.203,56.17,19.567,25.553,1.603,24.523,16.68,MECHANICAL_FAILURE,1.0,1.0,1.0,1.0,1.0,0.0,0.0,0.0,0.0
151.5,CLIMB,77.38,55.29,7981.25,14.04,75.938,0.9212,6078.49,79.5,600.93,5.223,55.88,19.635,25.548,1.55,24.6,16.606,6075.58,79.04,599.4,5.231,55.53,19.826,25.608,1.555,24.571,16.82,MECHANICAL_FAILURE,1.0,1.0,1.0,1.0,1.0,0.0,0.0,0.0,0.0
151.6,CLIMB,77.37,55.29,7988.33,14.02,75.918,0.921,6078.03,79.5,600.91,5.222,55.87,19.634,25.547,1.55,24.6,16.605,6074.22,79.69,598.87,5.235,55.47,19.654,25.519,1.642,24.608,16.578,MECHANICAL_FAILURE,1.0,1.0,1.0,1.0,1.0,0.0,0.0,0.0,0.0
151.7,CLIMB,77.36,55.28,7995.42,14.01,75.899,0.9208,6077.57,79.5,600.9,5.222,55.86,19.633,25.547,1.55,24.6,16.604,6078.56,79.48,601.96,5.211,55.87,19.633,25.62,1.639,24.574,16.337,MECHANICAL_FAILURE,1.0,1.0,1.0,1.0,1.0,0.0,0.0,0.0,0.0
151.8,CLIMB,77.35,55.28,8002.5,14.0,75.879,0.9206,6077.12,79.5,600.88,5.222,55.84,19.631,25.547,1.55,24.6,16.603,6074.33,79.95,599.41,5.214,55.9,19.727,25.566,1.637,24.615,16.471,MECHANICAL_FAILURE,1.0,1.0,1.0,1.0,1.0,0.0,0.0,0.0,0.0
151.9,CLIMB,77.34,55.27,8009.58,13.98,75.86,0.9204,6076.66,79.49,600.86,5.222,55.83,19.63,25.547,1.55,24.6,16.601,6073.68,79.46,601.75,5.178,55.49,19.822,25.581,1.567,24.577,16.512,MECHANICAL_FAILURE,1.0,1.0,1.0,1.0,1.0,0.0,0.0,0.0,0.0
152.0,CLIMB,77.33,55.27,8016.67,13.97,75.841,0.9202,6076.2,79.49,600.85,5.222,55.82,19.628,25.547,1.55,24.6,16.6,6069.1,79.35,599.81,5.188,55.64,19.582,25.581,1.484,24.654,16.701,MECHANICAL_FAILURE,1.0,1.0,1.0,1.0,1.0,0.0,0.0,0.0,0.0
152.1,CLIMB,77.33,55.26,8023.75,13.95,75.821,0.92,6075.74,79.49,600.83,5.222,55.81,19.627,25.547,1.55,24.6,16.599,6078.07,79.01,598.78,5.185,56.27,19.559,25.549,1.62,24.561,16.553,MECHANICAL_FAILURE,1.0,1.0,1.0,1.0,1.0,0.0,0.0,0.0,0.0
152.2,CLIMB,77.32,55.26,8030.83,13.94,75.802,0.9198,6075.29,79.49,600.82,5.221,55.79,19.625,25.546,1.55,24.6,16.598,6072.3,79.35,600.97,5.21,55.7,19.654,25.527,1.506,24.636,16.561,MECHANICAL_FAILURE,1.0,1.0,1.0,1.0,1.0,0.0,0.0,0.0,0.0
152.3,CLIMB,77.31,55.25,8037.92,13.92,75.782,0.9196,6074.83,79.49,600.8,5.221,55.78,19.624,25.546,1.549,24.6,16.596,6072.6,79.51,601.4,5.252,55.75,19.354,25.573,1.594,24.602,16.379,MECHANICAL_FAILURE,1.0,1.0,1.0,1.0,1.0,0.0,0.0,0.0,0.0
152.4,CLIMB,77.3,55.25,8045.0,13.91,75.763,0.9194,6074.37,79.49,600.79,5.221,55.77,19.623,25.546,1.549,24.6,16.595,6073.18,79.12,603.34,5.209,56.2,19.728,25.519,1.551,24.607,16.716,MECHANICAL_FAILURE,1.0,1.0,1.0,1.0,1.0,0.0,0.0,0.0,0.0
152.5,CLIMB,77.29,55.24,8052.08,13.9,75.744,0.9193,6073.91,79.49,600.77,5.221,55.75,19.621,25.546,1.549,24.6,16.594,6076.49,79.57,601.97,5.189,56.17,19.545,25.536,1.518,24.608,16.591,MECHANICAL_FAILURE,1.0,1.0,1.0,1.0,1.0,0.0,0.0,0.0,0.0
152.6,CLIMB,77.28,55.23,8059.17,13.88,75.724,0.9191,6073.46,79.49,600.76,5.221,55.74,19.62,25.546,1.549,24.6,16.593,6071.06,79.74,598.31,5.223,55.37,19.527,25.591,1.531,24.612,16.543,MECHANICAL_FAILURE,1.0,1.0,1.0,1.0,1.0,0.0,0.0,0.0,0.0
152.7,CLIMB,77.28,55.23,8066.25,13.87,75.705,0.9189,6073.0,79.49,600.74,5.221,55.73,19.618,25.546,1.549,24.6,16.591,6073.54,79.73,602.49,5.174,55.58,19.676,25.484,1.524,24.612,16.428,MECHANICAL_FAILURE,1.0,1.0,1.0,1.0,1.0,0.0,0.0,0.0,0.0
152.8,CLIMB,77.27,55.22,8073.33,13.85,75.685,0.9187,6072.54,79.49,600.73,5.221,55.72,19.617,25.545,1.549,24.6,16.59,6082.75,79.11,600.1,5.248,55.91,19.638,25.553,1.554,24.536,16.612,MECHANICAL_FAILURE,1.0,1.0,1.0,1.0,1.0,0.0,0.0,0.0,0.0
152.9,CLIMB,77.26,55.22,8080.42,13.84,75.666,0.9185,6072.09,79.49,600.71,5.22,55.7,19.616,25.545,1.549,24.6,16.589,6071.13,79.83,600.8,5.217,56.02,19.62,25.572,1.616,24.634,16.606,MECHANICAL_FAILURE,1.0,1.0,1.0,1.0,1.0,0.0,0.0,0.0,0.0
153.0,CLIMB,77.25,55.21,8087.5,13.83,75.647,0.9183,6071.63,79.49,600.7,5.22,55.69,19.614,25.545,1.549,24.6,16.588,6071.24,78.95,601.6,5.22,56.12,19.488,25.543,1.621,24.661,16.45,MECHANICAL_FAILURE,1.0,1.0,1.0,1.0,1.0,0.0,0.0,0.0,0.0
153.1,CLIMB,77.24,55.21,8094.58,13.81,75.627,0.9181,6071.17,79.49,600.68,5.22,55.68,19.613,25.545,1.549,24.6,16.586,6062.09,79.27,600.37,5.223,55.31,19.521,25.467,1.561,24.617,16.621,MECHANICAL_FAILURE,1.0,1.0,1.0,1.0,1.0,0.0,0.0,0.0,0.0
153.2,CLIMB,77.23,55.2,8101.67,13.8,75.608,0.9179,6070.71,79.48,600.66,5.22,55.67,19.611,25.545,1.549,24.6,16.585,6070.99,79.2,599.88,5.185,55.68,19.633,25.619,1.574,24.59,16.496,MECHANICAL_FAILURE,1.0,1.0,1.0,1.0,1.0,0.0,0.0,0.0,0.0
153.3,CLIMB,77.23,55.2,8108.75,13.78,75.589,0.9177,6070.26,79.48,600.65,5.22,55.65,19.61,25.545,1.549,24.6,16.584,6067.48,80.12,597.6,5.209,54.95,19.595,25.485,1.508,24.575,16.559,MECHANICAL_FAILURE,1.0,1.0,1.0,1.0,1.0,0.0,0.0,0.0,0.0
153.4,CLIMB,77.22,55.19,8115.83,13.77,75.569,0.9175,6069.8,79.48,600.63,5.22,55.64,19.609,25.544,1.549,24.6,16.583,6060.3,79.91,599.2,5.249,55.94,19.58,25.529,1.523,24.611,16.696,MECHANICAL_FAILURE,1.0,1.0,1.0,1.0,1.0,0.0,0.0,0.0,0.0
153.5,CLIMB,77.21,55.19,8122.92,13.75,75.55,0.9174,6069.34,79.48,600.62,5.22,55.63,19.607,25.544,1.548,24.6,16.581,6074.95,79.51,600.26,5.213,55.77,19.701,25.547,1.686,24.604,16.524,MECHANICAL_FAILURE,1.0,1.0,1.0,1.0,1.0,0.0,0.0,0.0,0.0
153.6,CLIMB,77.2,55.18,8130.0,13.74,75.531,0.9172,6068.88,79.48,600.6,5.219,55.61,19.606,25.544,1.548,24.6,16.58,6068.61,80.3,599.55,5.191,55.29,19.87,25.522,1.555,24.533,16.772,MECHANICAL_FAILURE,1.0,1.0,1.0,1.0,1.0,0.0,0.0,0.0,0.0
153.7,CLIMB,77.19,55.17,8137.08,13.73,75.511,0.917,6068.43,79.48,600.59,5.219,55.6,19.604,25.544,1.548,24.6,16.579,6069.46,79.74,598.45,5.233,55.24,19.714,25.598,1.59,24.603,16.573,MECHANICAL_FAILURE,1.0,1.0,1.0,1.0,1.0,0.0,0.0,0.0,0.0
153.8,CLIMB,77.18,55.17,8144.17,13.71,75.492,0.9168,6067.97,79.48,600.57,5.219,55.59,19.603,25.544,1.548,24.6,16.578,6074.13,79.37,602.21,5.181,55.76,19.495,25.591,1.482,24.582,16.493,MECHANICAL_FAILURE,1.0,1.0,1.0,1.0,1.0,0.0,0.0,0.0,0.0
153.9,CLIMB,77.18,55.16,8151.25,13.7,75.473,0.9166,6067.51,79.48,600.56,5.219,55.58,19.602,25.544,1.548,24.6,16.576,6066.54,79.42,600.23,5.154,55.32,19.563,25.543,1.618,24.534,16.545,MECHANICAL_FAILURE,1.0,1.0,1.0,1.0,1.0,0.0,0.0,0.0,0.0
154.0,CLIMB,77.17,55.16,8158.33,13.68,75.453,0.9164,6067.06,79.48,600.54,5.219,55.56,19.6,25.543,1.548,24.6,16.575,6070.78,79.24,600.83,5.22,55.55,19.697,25.572,1.537,24.63,16.614,MECHANICAL_FAILURE,1.0,1.0,1.0,1.0,1.0,0.0,0.0,0.0,0.0
154.1,CLIMB,77.16,55.15,8165.42,13.67,75.434,0.9162,6066.6,79.48,600.53,5.219,55.55,19.599,25.543,1.548,24.6,16.574,6071.57,78.67,600.18,5.195,55.57,19.511,25.562,1.542,24.616,16.503,MECHANICAL_FAILURE,1.0,1.0,1.0,1.0,1.0,0.0,0.0,0.0,0.0
154.2,CLIMB,77.15,55.15,8172.5,13.66,75.415,0.916,6066.14,79.48,600.51,5.219,55.54,19.597,25.543,1.548,24.6,16.573,6059.39,79.64,600.92,5.191,55.57,19.597,25.578,1.664,24.513,16.385,MECHANICAL_FAILURE,1.0,1.0,1.0,1.0,1.0,0.0,0.0,0.0,0.0
154.3,CLIMB,77.14,55.14,8179.58,13.64,75.395,0.9158,6065.69,79.48,600.5,5.218,55.53,19.596,25.543,1.548,24.6,16.571,6060.4,80.37,601.31,5.213,54.94,19.413,25.505,1.517,24.585,16.517,MECHANICAL_FAILURE,1.0,1.0,1.0,1.0,1.0,0.0,0.0,0.0,0.0
154.4,CLIMB,77.13,55.14,8186.67,13.63,75.376,0.9157,6065.23,79.47,600.48,5.218,55.51,19.595,25.543,1.548,24.6,16.57,6060.27,77.9,601.54,5.183,55.81,19.584,25.457,1.566,24.549,16.534,MECHANICAL_FAILURE,1.0,1.0,1.0,1.0,1.0,0.0,0.0,0.0,0.0
154.5,CLIMB,77.13,55.13,8193.75,13.61,75.357,0.9155,6064.77,79.47,600.46,5.218,55.5,19.593,25.543,1.548,24.6,16.569,6068.19,78.57,602.68,5.2,55.47,19.652,25.564,1.573,24.602,16.624,MECHANICAL_FAILURE,1.0,1.0,1.0,1.0,1.0,0.0,0.0,0.0,0.0
154.6,CLIMB,77.12,55.13,8200.83,13.6,75.337,0.9153,6064.31,79.47,600.45,5.218,55.49,19.592,25.542,1.547,24.6,16.568,6062.42,79.23,599.47,5.192,55.87,19.671,25.604,1.594,24.492,16.502,MECHANICAL_FAILURE,1.0,1.0,1.0,1.0,1.0,0.0,0.0,0.0,0.0
154.7,CLIMB,77.11,55.12,8207.92,13.58,75.318,0.9151,6063.86,79.47,600.43,5.218,55.47,19.59,25.542,1.547,24.6,16.566,6063.5,80.24,600.81,5.241,55.15,19.623,25.524,1.529,24.628,16.493,MECHANICAL_FAILURE,1.0,1.0,1.0,1.0,1.0,0.0,0.0,0.0,0.0
154.8,CLIMB,77.1,55.12,8215.0,13.57,75.299,0.9149,6063.4,79.47,600.42,5.218,55.46,19.589,25.542,1.547,24.6,16.565,6070.15,79.15,599.1,5.244,55.25,19.506,25.605,1.477,24.539,16.513,MECHANICAL_FAILURE,1.0,1.0,1.0,1.0,1.0,0.0,0.0,0.0,0.0
154.9,CLIMB,77.09,55.11,8222.08,13.56,75.28,0.9147,6062.94,79.47,600.4,5.218,55.45,19.587,25.542,1.547,24.6,16.564,6064.85,80.36,600.46,5.212,55.11,19.43,25.485,1.568,24.688,16.742,MECHANICAL_FAILURE,1.0,1.0,1.0,1.0,1.0,0.0,0.0,0.0,0.0
155.0,CLIMB,77.08,55.1,8229.17,13.54,75.26,0.9145,6062.49,79.47,600.39,5.217,55.44,19.586,25.542,1.547,24.6,16.563,6068.59,79.63,600.12,5.206,55.52,19.62,25.585,1.557,24.628,16.827,MECHANICAL_FAILURE,1.0,1.0,1.0,1.0,1.0,0.0,0.0,0.0,0.0
155.1,CLIMB,77.08,55.1,8236.25,13.53,75.241,0.9143,6062.03,79.47,600.37,5.217,55.42,19.585,25.542,1.547,24.6,16.561,6059.76,80.25,600.72,5.249,55.89,19.605,25.635,1.563,24.593,16.776,MECHANICAL_FAILURE,1.0,1.0,1.0,1.0,1.0,0.0,0.0,0.0,0.0
155.2,CLIMB,77.07,55.09,8243.33,13.51,75.222,0.9141,6061.57,79.47,600.36,5.217,55.41,19.583,25.541,1.547,24.6,16.56,6051.85,80.24,599.73,5.262,55.81,19.779,25.499,1.636,24.582,16.582,MECHANICAL_FAILURE,1.0,1.0,1.0,1.0,1.0,0.0,0.0,0.0,0.0
155.3,CLIMB,77.06,55.09,8250.42,13.5,75.203,0.914,6061.12,79.47,600.34,5.217,55.4,19.582,25.541,1.547,24.6,16.559,6072.18,79.18,604.21,5.201,54.76,19.647,25.536,1.559,24.586,16.689,MECHANICAL_FAILURE,1.0,1.0,1.0,1.0,1.0,0.0,0.0,0.0,0.0
155.4,CLIMB,77.05,55.08,8257.5,13.49,75.183,0.9138,6060.66,79.47,600.33,5.217,55.39,19.58,25.541,1.547,24.6,16.558,6065.01,79.61,602.39,5.193,55.48,19.518,25.541,1.566,24.633,16.651,MECHANICAL_FAILURE,1.0,1.0,1.0,1.0,1.0,0.0,0.0,0.0,0.0
155.5,CLIMB,77.04,55.08,8264.58,13.47,75.164,0.9136,6060.2,79.47,600.31,5.217,55.37,19.579,25.541,1.547,24.6,16.556,6061.25,79.88,602.4,5.261,55.89,19.653,25.602,1.536,24.6,16.577,MECHANICAL_FAILURE,1.0,1.0,1.0,1.0,1.0,0.0,0.0,0.0,0.0
155.6,CLIMB,77.03,55.07,8271.67,13.46,75.145,0.9134,6059.75,79.46,600.29,5.217,55.36,19.578,25.541,1.547,24.6,16.555,6057.86,79.49,600.13,5.198,55.26,19.271,25.526,1.509,24.574,16.611,MECHANICAL_FAILURE,1.0,1.0,1.0,1.0,1.0,0.0,0.0,0.0,0.0
155.7,CLIMB,77.03,55.07,8278.75,13.44,75.126,0.9132,6059.29,79.46,600.28,5.216,55.35,19.576,25.541,1.546,24.6,16.554,6057.29,80.07,599.55,5.217,55.82,19.488,25.517,1.575,24.597,16.517,MECHANICAL_FAILURE,1.0,1.0,1.0,1.0,1.0,0.0,0.0,0.0,0.0
155.8,CLIMB,77.02,55.06,8285.83,13.43,75.106,0.913,6058.83,79.46,600.26,5.216,55.33,19.575,25.54,1.546,24.6,16.553,6058.68,80.02,599.74,5.254,55.49,19.515,25.564,1.464,24.519,16.695,MECHANICAL_FAILURE,1.0,1.0,1.0,1.0,1.0,0.0,0.0,0.0,0.0
155.9,CLIMB,77.01,55.06,8292.92,13.41,75.087,0.9128,6058.38,79.46,600.25,5.216,55.32,19.573,25.54,1.546,24.6,16.551,6057.1,79.21,599.02,5.193,55.36,19.582,25.563,1.507,24.628,16.445,MECHANICAL_FAILURE,1.0,1.0,1.0,1.0,1.0,0.0,0.0,0.0,0.0
156.0,CLIMB,77.0,55.05,8300.0,13.4,75.068,0.9126,6057.92,79.46,600.23,5.216,55.31,19.572,25.54,1.546,24.6,16.55,6062.52,78.94,600.96,5.191,55.27,19.555,25.478,1.527,24.61,16.683,MECHANICAL_FAILURE,1.0,1.0,1.0,1.0,1.0,0.0,0.0,0.0,0.0
156.1,CLIMB,76.99,55.04,8307.08,13.39,75.049,0.9124,6057.46,79.46,600.22,5.216,55.3,19.571,25.54,1.546,24.6,16.549,6059.25,78.94,603.12,5.229,55.33,19.473,25.559,1.488,24.586,16.442,MECHANICAL_FAILURE,1.0,1.0,1.0,1.0,1.0,0.0,0.0,0.0,0.0
156.2,CLIMB,76.98,55.04,8314.17,13.37,75.03,0.9123,6057.01,79.46,600.2,5.216,55.28,19.569,25.54,1.546,24.6,16.548,6061.01,80.01,599.75,5.188,55.32,19.544,25.459,1.464,24.501,16.624,MECHANICAL_FAILURE,1.0,1.0,1.0,1.0,1.0,0.0,0.0,0.0,0.0
156.3,CLIMB,76.98,55.03,8321.25,13.36,75.01,0.9121,6056.55,79.46,600.19,5.215,55.27,19.568,25.54,1.546,24.6,16.546,6059.67,80.28,598.86,5.237,54.81,19.522,25.505,1.4,24.575,16.541,MECHANICAL_FAILURE,1.0,1.0,1.0,1.0,1.0,0.0,0.0,0.0,0.0
156.4,CLIMB,76.97,55.03,8328.33,13.34,74.991,0.9119,6056.09,79.46,600.17,5.215,55.26,19.566,25.539,1.546,24.6,16.545,6056.18,79.79,600.35,5.196,55.3,19.589,25.48,1.528,24.554,16.586,MECHANICAL_FAILURE,1.0,1.0,1.0,1.0,1.0,0.0,0.0,0.0,0.0
156.5,CLIMB,76.96,55.02,8335.42,13.33,74.972,0.9117,6055.64,79.46,600.16,5.215,55.24,19.565,25.539,1.546,24.6,16.544,6057.13,80.02,600.03,5.218,54.95,19.621,25.582,1.475,24.562,16.485,MECHANICAL_FAILURE,1.0,1.0,1.0,1.0,1.0,0.0,0.0,0.0,0.0
156.6,CLIMB,76.95,55.02,8342.5,13.32,74.953,0.9115,6055.18,79.46,600.14,5.215,55.23,19.564,25.539,1.546,24.6,16.543,6055.27,80.47,601.25,5.219,54.53,19.399,25.593,1.614,24.519,16.551,MECHANICAL_FAILURE,1.0,1.0,1.0,1.0,1.0,0.0,0.0,0.0,0.0
156.7,CLIMB,76.94,55.01,8349.58,13.3,74.934,0.9113,6054.72,79.46,600.13,5.215,55.22,19.562,25.539,1.546,24.6,16.541,6053.84,80.25,602.16,5.241,55.01,19.638,25.543,1.541,24.633,16.417,MECHANICAL_FAILURE,1.0,1.0,1.0,1.0,1.0,0.0,0.0,0.0,0.0
156.8,CLIMB,76.93,55.01,8356.67,13.29,74.914,0.9111,6054.27,79.45,600.11,5.215,55.21,19.561,25.539,1.545,24.6,16.54,6059.35,79.01,603.57,5.195,54.69,19.552,25.432,1.494,24.605,16.61,MECHANICAL_FAILURE,1.0,1.0,1.0,1.0,1.0,0.0,0.0,0.0,0.0
156.9,CLIMB,76.93,55.0,8363.75,13.27,74.895,0.9109,6053.81,79.45,600.09,5.215,55.19,19.559,25.539,1.545,24.6,16.539,6063.45,79.67,598.76,5.191,55.44,19.642,25.522,1.586,24.626,16.442,MECHANICAL_FAILURE,1.0,1.0,1.0,1.0,1.0,0.0,0.0,0.0,0.0
157.0,CLIMB,76.92,55.0,8370.83,13.26,74.876,0.9108,6053.36,79.45,600.08,5.214,55.18,19.558,25.538,1.545,24.6,16.538,6054.01,79.59,601.23,5.262,55.64,19.714,25.594,1.603,24.561,16.48,MECHANICAL_FAILURE,1.0,1.0,1.0,1.0,1.0,0.0,0.0,0.0,0.0
157.1,CLIMB,76.91,54.99,8377.92,13.24,74.857,0.9106,6052.9,79.45,600.06,5.214,55.17,19.556,25.538,1.545,24.6,16.536,6055.11,79.45,599.4,5.216,55.07,19.537,25.538,1.469,24.589,16.737,MECHANICAL_FAILURE,1.0,1.0,1.0,1.0,1.0,0.0,0.0,0.0,0.0
157.2,CLIMB,76.9,54.99,8385.0,13.23,74.838,0.9104,6052.44,79.45,600.05,5.214,55.15,19.555,25.538,1.545,24.6,16.535,6043.54,79.52,597.81,5.258,55.43,19.64,25.485,1.525,24.754,16.576,MECHANICAL_FAILURE,1.0,1.0,1.0,1.0,1.0,0.0,0.0,0.0,0.0
157.3,CLIMB,76.89,54.98,8392.08,13.22,74.819,0.9102,6051.99,79.45,600.03,5.214,55.14,19.554,25.538,1.545,24.6,16.534,6052.22,79.62,600.3,5.194,55.14,19.593,25.527,1.559,24.678,16.666,MECHANICAL_FAILURE,1.0,1.0,1.0,1.0,1.0,0.0,0.0,0.0,0.0
157.4,CLIMB,76.88,54.97,8399.17,13.2,74.799,0.91,6051.53,79.45,600.02,5.214,55.13,19.552,25.538,1.545,24.6,16.533,6052.5,79.82,598.31,5.242,54.66,19.607,25.482,1.595,24.805,16.463,MECHANICAL_FAILURE,1.0,1.0,1.0,1.0,1.0,0.0,0.0,0.0,0.0
157.5,CLIMB,76.88,54.97,8406.25,13.19,74.78,0.9098,6051.07,79.45,600.0,5.214,55.12,19.551,25.538,1.545,24.6,16.531,6043.88,79.73,597.25,5.204,55.24,19.587,25.439,1.589,24.728,16.441,MECHANICAL_FAILURE,1.0,1.0,1.0,1.0,1.0,0.0,0.0,0.0,0.0
157.6,CLIMB,76.87,54.96,8413.33,13.17,74.761,0.9096,6050.62,79.45,599.99,5.214,55.1,19.549,25.537,1.545,24.6,16.53,6049.03,79.63,600.23,5.235,55.07,19.821,25.495,1.569,24.608,16.577,MECHANICAL_FAILURE,1.0,1.0,1.0,1.0,1.0,0.0,0.0,0.0,0.0
157.7,CLIMB,76.86,54.96,8420.42,13.16,74.742,0.9094,6050.16,79.45,599.97,5.213,55.09,19.548,25.537,1.545,24.6,16.529,6049.3,78.88,601.9,5.222,55.17,19.612,25.605,1.577,24.661,16.442,MECHANICAL_FAILURE,1.0,1.0,1.0,1.0,1.0,0.0,0.0,0.0,0.0
157.8,CLIMB,76.85,54.95,8427.5,13.15,74.723,0.9092,6049.71,79.45,599.96,5.213,55.08,19.547,25.537,1.545,24.6,16.528,6044.31,79.46,600.45,5.253,54.93,19.564,25.557,1.454,24.619,16.647,MECHANICAL_FAILURE,1.0,1.0,1.0,1.0,1.0,0.0,0.0,0.0,0.0
157.9,CLIMB,76.84,54.95,8434.58,13.13,74.704,0.9091,6049.25,79.45,599.94,5.213,55.06,19.545,25.537,1.545,24.6,16.526,6046.71,80.0,597.26,5.217,55.07,19.612,25.567,1.528,24.667,16.616,MECHANICAL_FAILURE,1.0,1.0,1.0,1.0,1.0,0.0,0.0,0.0,0.0
158.0,CLIMB,76.83,54.94,8441.67,13.12,74.685,0.9089,6048.79,79.45,599.92,5.213,55.05,19.544,25.537,1.544,24.6,16.525,6046.35,79.7,603.51,5.225,55.32,19.532,25.459,1.6,24.555,16.613,MECHANICAL_FAILURE,1.0,1.0,1.0,1.0,1.0,0.0,0.0,0.0,0.0
158.1,CLIMB,76.83,54.94,8448.75,13.1,74.666,0.9087,6048.34,79.44,599.91,5.213,55.04,19.542,25.537,1.544,24.6,16.524,6040.25,80.34,599.87,5.165,55.0,19.49,25.478,1.582,24.63,16.326,MECHANICAL_FAILURE,1.0,1.0,1.0,1.0,1.0,0.0,0.0,0.0,0.0
158.2,CLIMB,76.82,54.93,8455.83,13.09,74.646,0.9085,6047.88,79.44,599.89,5.213,55.03,19.541,25.536,1.544,24.6,16.523,6043.49,79.32,600.17,5.188,55.39,19.575,25.55,1.657,24.624,16.444,MECHANICAL_FAILURE,1.0,1.0,1.0,1.0,1.0,0.0,0.0,0.0,0.0
158.3,CLIMB,76.81,54.93,8462.92,13.07,74.627,0.9083,6047.43,79.44,599.88,5.213,55.01,19.54,25.536,1.544,24.6,16.521,6050.59,79.18,600.7,5.187,55.19,19.658,25.514,1.518,24.657,16.442,MECHANICAL_FAILURE,1.0,1.0,1.0,1.0,1.0,0.0,0.0,0.0,0.0
158.4,CLIMB,76.8,54.92,8470.0,13.06,74.608,0.9081,6046.97,79.44,599.86,5.212,55.0,19.538,25.536,1.544,24.6,16.52,6051.84,79.17,600.41,5.195,55.15,19.507,25.508,1.544,24.58,16.529,MECHANICAL_FAILURE,1.0,1.0,1.0,1.0,1.0,0.0,0.0,0.0,0.0
158.5,CLIMB,76.79,54.91,8477.08,13.05,74.589,0.9079,6046.51,79.44,599.85,5.212,54.99,19.537,25.536,1.544,24.6,16.519,6040.06,78.62,603.6,5.237,55.03,19.531,25.549,1.515,24.586,16.405,MECHANICAL_FAILURE,1.0,1.0,1.0,1.0,1.0,0.0,0.0,0.0,0.0
158.6,CLIMB,76.78,54.91,8484.17,13.03,74.57,0.9077,6046.06,79.44,599.83,5.212,54.97,19.535,25.536,1.544,24.6,16.518,6047.76,79.29,600.88,5.201,54.77,19.604,25.541,1.586,24.602,16.409,MECHANICAL_FAILURE,1.0,1.0,1.0,1.0,1.0,0.0,0.0,0.0,0.0
158.7,CLIMB,76.78,54.9,8491.25,13.02,74.551,0.9076,6045.6,79.44,599.82,5.212,54.96,19.534,25.536,1.544,24.6,16.516,6051.77,79.83,600.59,5.229,55.27,19.532,25.517,1.616,24.58,16.621,MECHANICAL_FAILURE,1.0,1.0,1.0,1.0,1.0,0.0,0.0,0.0,0.0
158.8,CLIMB,76.77,54.9,8498.33,13.0,74.532,0.9074,6045.15,79.44,599.8,5.212,54.95,19.533,25.535,1.544,24.6,16.515,6029.38,78.63,600.64,5.209,54.37,19.7,25.564,1.541,24.613,16.584,MECHANICAL_FAILURE,1.0,1.0,1.0,1.0,1.0,0.0,0.0,0.0,0.0
158.9,CLIMB,76.76,54.89,8505.42,12.99,74.513,0.9072,6044.69,79.44,599.79,5.212,54.94,19.531,25.535,1.544,24.6,16.514,6043.31,79.63,597.4,5.214,55.03,19.585,25.626,1.511,24.639,16.373,MECHANICAL_FAILURE,1.0,1.0,1.0,1.0,1.0,0.0,0.0,0.0,0.0
159.0,CLIMB,76.75,54.89,8512.5,12.98,74.494,0.907,6044.23,79.44,599.77,5.212,54.92,19.53,25.535,1.544,24.6,16.513,6042.79,79.0,600.63,5.232,55.12,19.616,25.603,1.559,24.582,16.269,MECHANICAL_FAILURE,1.0,1.0,1.0,1.0,1.0,0.0,0.0,0.0,0.0
159.1,CLIMB,76.74,54.88,8519.58,12.96,74.475,0.9068,6043.78,79.44,599.75,5.211,54.91,19.528,25.535,1.543,24.6,16.511,6038.93,80.13,600.58,5.283,54.98,19.409,25.503,1.452,24.577,16.674,MECHANICAL_FAILURE,1.0,1.0,1.0,1.0,1.0,0.0,0.0,0.0,0.0
159.2,CLIMB,76.73,54.88,8526.67,12.95,74.456,0.9066,6043.32,79.44,599.74,5.211,54.9,19.527,25.535,1.543,24.6,16.51,6042.31,79.14,601.12,5.203,54.94,19.467,25.558,1.598,24.627,16.448,MECHANICAL_FAILURE,1.0,1.0,1.0,1.0,1.0,0.0,0.0,0.0,0.0
159.3,CLIMB,76.73,54.87,8533.75,12.93,74.437,0.9064,6042.87,79.43,599.72,5.211,54.88,19.525,25.535,1.543,24.6,16.509,6044.78,79.29,603.28,5.19,54.88,19.69,25.62,1.6,24.609,16.568,MECHANICAL_FAILURE,1.0,1.0,1.0,1.0,1.0,0.0,0.0,0.0,0.0
159.4,CLIMB,76.72,54.87,8540.83,12.92,74.417,0.9062,6042.41,79.43,599.71,5.211,54.87,19.524,25.534,1.543,24.6,16.508,6054.76,80.76,599.11,5.2,54.98,19.62,25.545,1.556,24.578,16.323,MECHANICAL_FAILURE,1.0,1.0,1.0,1.0,1.0,0.0,0.0,0.0,0.0
159.5,CLIMB,76.71,54.86,8547.92,12.9,74.398,0.9061,6041.96,79.43,599.69,5.211,54.86,19.523,25.534,1.543,24.6,16.506,6038.29,79.62,599.58,5.236,55.16,19.533,25.48,1.609,24.551,16.448,MECHANICAL_FAILURE,1.0,1.0,1.0,1.0,1.0,0.0,0.0,0.0,0.0
159.6,CLIMB,76.7,54.86,8555.0,12.89,74.379,0.9059,6041.5,79.43,599.68,5.211,54.85,19.521,25.534,1.543,24.6,16.505,6036.43,79.92,598.07,5.245,55.12,19.399,25.565,1.595,24.646,16.456,MECHANICAL_FAILURE,1.0,1.0,1.0,1.0,1.0,0.0,0.0,0.0,0.0
159.7,CLIMB,76.69,54.85,8562.08,12.88,74.36,0.9057,6041.04,79.43,599.66,5.211,54.83,19.52,25.534,1.543,24.6,16.504,6042.5,79.23,600.93,5.208,55.07,19.652,25.473,1.661,24.571,16.408,MECHANICAL_FAILURE,1.0,1.0,1.0,1.0,1.0,0.0,0.0,0.0,0.0
159.8,CLIMB,76.68,54.84,8569.17,12.86,74.341,0.9055,6040.59,79.43,599.65,5.21,54.82,19.518,25.534,1.543,24.6,16.503,6043.16,79.2,601.14,5.245,54.38,19.528,25.554,1.471,24.56,16.545,MECHANICAL_FAILURE,1.0,1.0,1.0,1.0,1.0,0.0,0.0,0.0,0.0
159.9,CLIMB,76.68,54.84,8576.25,12.85,74.322,0.9053,6040.13,79.43,599.63,5.21,54.81,19.517,25.534,1.543,24.6,16.501,6043.21,79.23,596.13,5.191,55.08,19.598,25.545,1.446,24.513,16.453,MECHANICAL_FAILURE,1.0,1.0,1.0,1.0,1.0,0.0,0.0,0.0,0.0
160.0,CLIMB,76.67,54.83,8583.33,12.83,74.303,0.9051,6039.68,79.43,599.62,5.21,54.79,19.516,25.533,1.543,24.6,16.5,6038.08,79.28,599.09,5.231,54.54,19.437,25.536,1.54,24.534,16.639,MECHANICAL_FAILURE,1.0,1.0,1.0,1.0,1.0,0.0,0.0,0.0,0.0
160.1,CLIMB,76.66,54.83,8590.42,12.82,74.284,0.9049,6039.22,79.43,599.6,5.21,54.78,19.514,25.533,1.543,24.6,16.499,6036.93,79.45,598.0,5.258,55.25,19.7,25.507,1.491,24.66,16.576,MECHANICAL_FAILURE,1.0,1.0,1.0,1.0,1.0,0.0,0.0,0.0,0.0
160.2,CLIMB,76.65,54.82,8597.5,12.81,74.265,0.9048,6038.77,79.43,599.58,5.21,54.77,19.513,25.533,1.542,24.6,16.498,6037.07,78.95,603.53,5.19,54.77,19.673,25.58,1.429,24.626,16.621,MECHANICAL_FAILURE,1.0,1.0,1.0,1.0,1.0,0.0,0.0,0.0,0.0
160.3,CLIMB,76.64,54.82,8604.58,12.79,74.246,0.9046,6038.31,79.43,599.57,5.21,54.76,19.511,25.533,1.542,24.6,16.496,6041.45,79.05,599.23,5.204,55.12,19.423,25.548,1.539,24.67,16.581,MECHANICAL_FAILURE,1.0,1.0,1.0,1.0,1.0,0.0,0.0,0.0,0.0
160.4,CLIMB,76.63,54.81,8611.67,12.78,74.227,0.9044,6037.85,79.43,599.55,5.21,54.74,19.51,25.533,1.542,24.6,16.495,6050.07,77.86,599.97,5.231,54.63,19.393,25.582,1.595,24.624,16.446,MECHANICAL_FAILURE,1.0,1.0,1.0,1.0,1.0,0.0,0.0,0.0,0.0
160.5,CLIMB,76.63,54.81,8618.75,12.76,74.208,0.9042,6037.4,79.42,599.54,5.209,54.73,19.509,25.533,1.542,24.6,16.494,6037.78,79.96,598.67,5.18,54.99,19.655,25.468,1.462,24.566,16.439,MECHANICAL_FAILURE,1.0,1.0,1.0,1.0,1.0,0.0,0.0,0.0,0.0
160.6,CLIMB,76.62,54.8,8625.83,12.75,74.189,0.904,6036.94,79.42,599.52,5.209,54.72,19.507,25.532,1.542,24.6,16.493,6035.68,79.16,600.34,5.224,54.89,19.478,25.457,1.588,24.563,16.636,MECHANICAL_FAILURE,1.0,1.0,1.0,1.0,1.0,0.0,0.0,0.0,0.0
160.7,CLIMB,76.61,54.8,8632.92,12.73,74.17,0.9038,6036.49,79.42,599.51,5.209,54.7,19.506,25.532,1.542,24.6,16.491,6036.16,78.49,598.98,5.165,55.02,19.558,25.48,1.471,24.591,16.626,MECHANICAL_FAILURE,1.0,1.0,1.0,1.0,1.0,0.0,0.0,0.0,0.0
160.8,CLIMB,76.6,54.79,8640.0,12.72,74.151,0.9036,6036.03,79.42,599.49,5.209,54.69,19.504,25.532,1.542,24.6,16.49,6041.25,78.67,599.64,5.256,54.33,19.442,25.472,1.543,24.599,16.395,MECHANICAL_FAILURE,1.0,1.0,1.0,1.0,1.0,0.0,0.0,0.0,0.0
160.9,CLIMB,76.59,54.78,8647.08,12.71,74.132,0.9034,6035.58,79.42,599.48,5.209,54.68,19.503,25.532,1.542,24.6,16.489,6024.18,78.72,601.4,5.15,54.91,19.381,25.523,1.572,24.676,16.428,MECHANICAL_FAILURE,1.0,1.0,1.0,1.0,1.0,0.0,0.0,0.0,0.0
161.0,CLIMB,76.58,54.78,8654.17,12.69,74.113,0.9033,6035.12,79.42,599.46,5.209,54.67,19.501,25.532,1.542,24.6,16.488,6033.82,80.09,600.53,5.187,54.86,19.475,25.552,1.46,24.532,16.39,MECHANICAL_FAILURE,1.0,1.0,1.0,1.0,1.0,0.0,0.0,0.0,0.0
161.1,CLIMB,76.58,54.77,8661.25,12.68,74.094,0.9031,6034.67,79.42,599.45,5.209,54.65,19.5,25.532,1.542,24.6,16.486,6032.06,79.73,596.46,5.205,54.7,19.33,25.45,1.604,24.623,16.622,MECHANICAL_FAILURE,1.0,1.0,1.0,1.0,1.0,0.0,0.0,0.0,0.0
161.2,CLIMB,76.57,54.77,8668.33,12.66,74.075,0.9029,6034.21,79.42,599.43,5.208,54.64,19.499,25.531,1.542,24.6,16.485,6043.9,79.56,600.18,5.2,55.03,19.416,25.585,1.545,24.634,16.387,MECHANICAL_FAILURE,1.0,1.0,1.0,1.0,1.0,0.0,0.0,0.0,0.0
161.3,CLIMB,76.56,54.76,8675.42,12.65,74.056,0.9027,6033.76,79.42,599.41,5.208,54.63,19.497,25.531,1.541,24.6,16.484,6034.53,79.05,600.45,5.166,54.55,19.617,25.479,1.634,24.609,16.609,MECHANICAL_FAILURE,1.0,1.0,1.0,1.0,1.0,0.0,0.0,0.0,0.0
161.4,CLIMB,76.55,54.76,8682.5,12.64,74.037,0.9025,6033.3,79.42,599.4,5.208,54.61,19.496,25.531,1.541,24.6,16.483,6030.84,79.11,599.02,5.222,54.46,19.564,25.534,1.558,24.601,16.566,MECHANICAL_FAILURE,1.0,1.0,1.0,1.0,1.0,0.0,0.0,0.0,0.0
161.5,CLIMB,76.54,54.75,8689.58,12.62,74.019,0.9023,6032.85,79.42,599.38,5.208,54.6,19.494,25.531,1.541,24.6,16.481,6032.79,79.07,599.85,5.173,54.78,19.403,25.507,1.568,24.553,16.468,MECHANICAL_FAILURE,1.0,1.0,1.0,1.0,1.0,0.0,0.0,0.0,0.0
161.6,CLIMB,76.53,54.75,8696.67,12.61,74.0,0.9021,6032.39,79.42,599.37,5.208,54.59,19.493,25.531,1.541,24.6,16.48,6034.45,79.23,600.24,5.21,54.19,19.515,25.429,1.493,24.615,16.416,MECHANICAL_FAILURE,1.0,1.0,1.0,1.0,1.0,0.0,0.0,0.0,0.0
161.7,CLIMB,76.53,54.74,8703.75,12.59,73.981,0.902,6031.94,79.41,599.35,5.208,54.58,19.492,25.531,1.541,24.6,16.479,6029.05,79.82,598.04,5.149,54.17,19.427,25.468,1.615,24.587,16.528,MECHANICAL_FAILURE,1.0,1.0,1.0,1.0,1.0,0.0,0.0,0.0,0.0
161.8,CLIMB,76.52,54.74,8710.83,12.58,73.962,0.9018,6031.48,79.41,599.34,5.208,54.56,19.49,25.53,1.541,24.6,16.478,6026.82,79.26,601.03,5.256,54.42,19.53,25.501,1.574,24.589,16.572,MECHANICAL_FAILURE,1.0,1.0,1.0,1.0,1.0,0.0,0.0,0.0,0.0
161.9,CLIMB,76.51,54.73,8717.92,12.56,73.943,0.9016,6031.03,79.41,599.32,5.207,54.55,19.489,25.53,1.541,24.6,16.476,6025.19,79.84,597.39,5.185,54.03,19.487,25.543,1.45,24.57,16.511,MECHANICAL_FAILURE,1.0,1.0,1.0,1.0,1.0,0.0,0.0,0.0,0.0
162.0,CLIMB,76.5,54.73,8725.0,12.55,73.924,0.9014,6030.57,79.41,599.31,5.207,54.54,19.487,25.53,1.541,24.6,16.475,6029.27,79.45,600.79,5.206,54.52,19.602,25.56,1.502,24.573,16.441,MECHANICAL_FAILURE,1.0,1.0,1.0,1.0,1.0,0.0,0.0,0.0,0.0
162.1,CLIMB,76.49,54.72,8732.08,12.54,73.905,0.9012,6030.11,79.41,599.29,5.207,54.52,19.486,25.53,1.541,24.6,16.474,6024.87,78.25,599.04,5.206,54.58,19.535,25.605,1.582,24.612,16.505,MECHANICAL_FAILURE,1.0,1.0,1.0,1.0,1.0,0.0,0.0,0.0,0.0
162.2,CLIMB,76.48,54.71,8739.17,12.52,73.886,0.901,6029.66,79.41,599.28,5.207,54.51,19.485,25.53,1.541,24.6,16.473,6032.41,79.33,597.89,5.225,54.33,19.374,25.566,1.548,24.692,16.601,MECHANICAL_FAILURE,1.0,1.0,1.0,1.0,1.0,0.0,0.0,0.0,0.0
162.3,CLIMB,76.48,54.71,8746.25,12.51,73.867,0.9008,6029.2,79.41,599.26,5.207,54.5,19.483,25.53,1.541,24.6,16.471,6019.88,78.88,599.63,5.259,54.54,19.587,25.535,1.49,24.676,16.418,MECHANICAL_FAILURE,1.0,1.0,1.0,1.0,1.0,0.0,0.0,0.0,0.0
162.4,CLIMB,76.47,54.7,8753.33,12.49,73.848,0.9007,6028.75,79.41,599.24,5.207,54.48,19.482,25.529,1.541,24.6,16.47,6028.32,80.46,600.25,5.238,54.49,19.4,25.533,1.575,24.541,16.283,MECHANICAL_FAILURE,1.0,1.0,1.0,1.0,1.0,0.0,0.0,0.0,0.0
162.5,CLIMB,76.46,54.7,8760.42,12.48,73.829,0.9005,6028.29,79.41,599.23,5.207,54.47,19.48,25.529,1.54,24.6,16.469,6024.23,80.31,598.37,5.281,54.65,19.549,25.565,1.614,24.534,16.299,MECHANICAL_FAILURE,1.0,1.0,1.0,1.0,1.0,0.0,0.0,0.0,0.0
162.6,CLIMB,76.45,54.69,8767.5,12.47,73.81,0.9003,6027.84,79.41,599.21,5.206,54.46,19.479,25.529,1.54,24.6,16.468,6025.6,78.93,599.39,5.194,53.62,19.644,25.507,1.524,24.555,16.619,MECHANICAL_FAILURE,1.0,1.0,1.0,1.0,1.0,0.0,0.0,0.0,0.0
162.7,CLIMB,76.44,54.69,8774.58,12.45,73.791,0.9001,6027.38,79.41,599.2,5.206,54.45,19.477,25.529,1.54,24.6,16.466,6030.58,78.91,599.71,5.237,54.23,19.348,25.459,1.569,24.652,16.636,MECHANICAL_FAILURE,1.0,1.0,1.0,1.0,1.0,0.0,0.0,0.0,0.0
162.8,CLIMB,76.43,54.68,8781.67,12.44,73.773,0.8999,6026.93,79.41,599.18,5.206,54.43,19.476,25.529,1.54,24.6,16.465,6025.51,79.41,599.3,5.225,53.47,19.59,25.559,1.652,24.522,16.438,MECHANICAL_FAILURE,1.0,1.0,1.0,1.0,1.0,0.0,0.0,0.0,0.0
162.9,CLIMB,76.43,54.68,8788.75,12.42,73.754,0.8997,6026.47,79.4,599.17,5.206,54.42,19.475,25.529,1.54,24.6,16.464,6037.54,79.93,601.48,5.177,54.5,19.407,25.435,1.493,24.608,16.429,MECHANICAL_FAILURE,1.0,1.0,1.0,1.0,1.0,0.0,0.0,0.0,0.0
163.0,CLIMB,76.42,54.67,8795.83,12.41,73.735,0.8995,6026.02,79.4,599.15,5.206,54.41,19.473,25.528,1.54,24.6,16.463,6017.58,78.9,598.76,5.214,54.18,19.548,25.52,1.547,24.606,16.461,MECHANICAL_FAILURE,1.0,1.0,1.0,1.0,1.0,0.0,0.0,0.0,0.0
163.1,CLIMB,76.41,54.67,8802.92,12.39,73.716,0.8994,6025.56,79.4,599.14,5.206,54.39,19.472,25.528,1.54,24.6,16.461,6027.64,79.4,599.72,5.264,54.0,19.511,25.584,1.446,24.54,16.442,MECHANICAL_FAILURE,1.0,1.0,1.0,1.0,1.0,0.0,0.0,0.0,0.0
163.2,CLIMB,76.4,54.66,8810.0,12.38,73.697,0.8992,6025.11,79.4,599.12,5.206,54.38,19.47,25.528,1.54,24.6,16.46,6024.61,78.83,599.04,5.197,54.09,19.179,25.571,1.543,24.564,16.476,MECHANICAL_FAILURE,1.0,1.0,1.0,1.0,1.0,0.0,0.0,0.0,0.0
163.3,CLIMB,76.39,54.65,8817.08,12.37,73.678,0.899,6024.66,79.4,599.11,5.205,54.37,19.469,25.528,1.54,24.6,16.459,6021.89,78.8,598.15,5.219,54.06,19.517,25.585,1.619,24.553,16.305,MECHANICAL_FAILURE,1.0,1.0,1.0,1.0,1.0,0.0,0.0,0.0,0.0
163.4,CLIMB,76.38,54.65,8824.17,12.35,73.659,0.8988,6024.2,79.4,599.09,5.205,54.36,19.468,25.528,1.54,24.6,16.458,6021.43,79.61,597.94,5.228,54.18,19.42,25.523,1.512,24.591,16.374,MECHANICAL_FAILURE,1.0,1.0,1.0,1.0,1.0,0.0,0.0,0.0,0.0
163.5,CLIMB,76.38,54.64,8831.25,12.34,73.641,0.8986,6023.75,79.4,599.07,5.205,54.34,19.466,25.528,1.54,24.6,16.456,6026.3,78.76,597.91,5.17,54.15,19.493,25.546,1.507,24.571,16.389,MECHANICAL_FAILURE,1.0,1.0,1.0,1.0,1.0,0.0,0.0,0.0,0.0
163.6,CLIMB,76.37,54.64,8838.33,12.32,73.622,0.8984,6023.29,79.4,599.06,5.205,54.33,19.465,25.527,1.539,24.6,16.455,6027.36,78.57,598.1,5.154,54.45,19.308,25.525,1.515,24.65,16.374,MECHANICAL_FAILURE,1.0,1.0,1.0,1.0,1.0,0.0,0.0,0.0,0.0
163.7,CLIMB,76.36,54.63,8845.42,12.31,73.603,0.8982,6022.84,79.4,599.04,5.205,54.32,19.463,25.527,1.539,24.6,16.454,6017.24,79.21,598.19,5.209,54.21,19.363,25.54,1.47,24.676,16.428,MECHANICAL_FAILURE,1.0,1.0,1.0,1.0,1.0,0.0,0.0,0.0,0.0
163.8,CLIMB,76.35,54.63,8852.5,12.3,73.584,0.8981,6022.38,79.4,599.03,5.205,54.3,19.462,25.527,1.539,24.6,16.453,6030.96,79.2,597.01,5.179,54.16,19.408,25.465,1.614,24.491,16.553,MECHANICAL_FAILURE,1.0,1.0,1.0,1.0,1.0,0.0,0.0,0.0,0.0
163.9,CLIMB,76.34,54.62,8859.58,12.28,73.565,0.8979,6021.93,79.4,599.01,5.204,54.29,19.46,25.527,1.539,24.6,16.451,6022.87,79.57,598.63,5.182,54.26,19.447,25.487,1.51,24.529,16.413,MECHANICAL_FAILURE,1.0,1.0,1.0,1.0,1.0,0.0,0.0,0.0,0.0
164.0,CLIMB,76.33,54.62,8866.67,12.27,73.546,0.8977,6021.47,79.4,599.0,5.204,54.28,19.459,25.527,1.539,24.6,16.45,6021.62,79.67,596.55,5.242,54.29,19.436,25.646,1.535,24.59,16.295,MECHANICAL_FAILURE,1.0,1.0,1.0,1.0,1.0,0.0,0.0,0.0,0.0
164.1,CLIMB,76.33,54.61,8873.75,12.25,73.528,0.8975,6021.02,79.39,598.98,5.204,54.26,19.458,25.527,1.539,24.6,16.449,6020.77,79.83,598.29,5.224,53.81,19.394,25.435,1.533,24.554,16.369,MECHANICAL_FAILURE,1.0,1.0,1.0,1.0,1.0,0.0,0.0,0.0,0.0
164.2,CLIMB,76.32,54.61,8880.83,12.24,73.509,0.8973,6020.56,79.39,598.97,5.204,54.25,19.456,25.526,1.539,24.6,16.448,6021.81,79.48,599.36,5.122,54.24,19.858,25.497,1.667,24.519,16.36,MECHANICAL_FAILURE,1.0,1.0,1.0,1.0,1.0,0.0,0.0,0.0,0.0
164.3,CLIMB,76.31,54.6,8887.92,12.22,73.49,0.8971,6020.11,79.39,598.95,5.204,54.24,19.455,25.526,1.539,24.6,16.446,6019.71,79.54,599.33,5.254,54.51,19.507,25.565,1.495,24.634,16.407,MECHANICAL_FAILURE,1.0,1.0,1.0,1.0,1.0,0.0,0.0,0.0,0.0
164.4,CLIMB,76.3,54.6,8895.0,12.21,73.471,0.8969,6019.65,79.39,598.93,5.204,54.23,19.453,25.526,1.539,24.6,16.445,6015.15,80.3,600.56,5.218,54.31,19.518,25.54,1.548,24.658,16.6,MECHANICAL_FAILURE,1.0,1.0,1.0,1.0,1.0,0.0,0.0,0.0,0.0
164.5,CLIMB,76.29,54.59,8902.08,12.2,73.452,0.8968,6019.2,79.39,598.92,5.204,54.21,19.452,25.526,1.539,24.6,16.444,6025.85,79.97,598.61,5.182,54.45,19.408,25.525,1.598,24.472,16.556,MECHANICAL_FAILURE,1.0,1.0,1.0,1.0,1.0,0.0,0.0,0.0,0.0
164.6,CLIMB,76.28,54.58,8909.17,12.18,73.433,0.8966,6018.74,79.39,598.9,5.203,54.2,19.451,25.526,1.539,24.6,16.443,6019.57,80.55,597.83,5.23,53.92,19.374,25.545,1.515,24.592,16.436,MECHANICAL_FAILURE,1.0,1.0,1.0,1.0,1.0,0.0,0.0,0.0,0.0
164.7,CLIMB,76.28,54.58,8916.25,12.17,73.415,0.8964,6018.29,79.39,598.89,5.203,54.19,19.449,25.526,1.538,24.6,16.441,6022.04,79.35,598.48,5.16,53.85,19.409,25.489,1.565,24.668,16.367,MECHANICAL_FAILURE,1.0,1.0,1.0,1.0,1.0,0.0,0.0,0.0,0.0
164.8,CLIMB,76.27,54.57,8923.33,12.15,73.396,0.8962,6017.84,79.39,598.87,5.203,54.17,19.448,25.525,1.538,24.6,16.44,6007.36,78.09,600.56,5.158,53.88,19.461,25.517,1.447,24.59,16.546,MECHANICAL_FAILURE,1.0,1.0,1.0,1.0,1.0,0.0,0.0,0.0,0.0
164.9,CLIMB,76.26,54.57,8930.42,12.14,73.377,0.896,6017.38,79.39,598.86,5.203,54.16,19.446,25.525,1.538,24.6,16.439,6010.78,79.91,598.43,5.227,54.05,19.444,25.606,1.544,24.525,16.448,MECHANICAL_FAILURE,1.0,1.0,1.0,1.0,1.0,0.0,0.0,0.0,0.0
165.0,CLIMB,76.25,54.56,8937.5,12.13,73.358,0.8958,6016.93,79.39,598.84,5.203,54.15,19.445,25.525,1.538,24.6,16.438,6017.0,80.25,598.91,5.212,53.68,19.605,25.508,1.485,24.577,16.465,MECHANICAL_FAILURE,1.0,1.0,1.0,1.0,1.0,0.0,0.0,0.0,0.0
165.1,CLIMB,76.24,54.56,8944.58,12.11,73.34,0.8957,6016.47,79.39,598.83,5.203,54.13,19.443,25.525,1.538,24.6,16.436,6024.08,79.88,600.18,5.249,53.96,19.609,25.484,1.461,24.63,16.339,MECHANICAL_FAILURE,1.0,1.0,1.0,1.0,1.0,0.0,0.0,0.0,0.0
165.2,CLIMB,76.23,54.55,8951.67,12.1,73.321,0.8955,6016.02,79.38,598.81,5.203,54.12,19.442,25.525,1.538,24.6,16.435,6015.69,79.63,597.61,5.128,54.19,19.484,25.59,1.534,24.545,16.365,MECHANICAL_FAILURE,1.0,1.0,1.0,1.0,1.0,0.0,0.0,0.0,0.0
165.3,CLIMB,76.23,54.55,8958.75,12.08,73.302,0.8953,6015.56,79.38,598.8,5.202,54.11,19.441,25.525,1.538,24.6,16.434,6014.47,79.48,600.34,5.2,54.39,19.499,25.483,1.537,24.584,16.348,MECHANICAL_FAILURE,1.0,1.0,1.0,1.0,1.0,0.0,0.0,0.0,0.0
165.4,CLIMB,76.22,54.54,8965.83,12.07,73.283,0.8951,6015.11,79.38,598.78,5.202,54.1,19.439,25.524,1.538,24.6,16.433,6008.42,79.0,597.6,5.226,54.28,19.51,25.478,1.482,24.627,16.378,MECHANICAL_FAILURE,1.0,1.0,1.0,1.0,1.0,0.0,0.0,0.0,0.0
165.5,CLIMB,76.21,54.54,8972.92,12.05,73.265,0.8949,6014.65,79.38,598.76,5.202,54.08,19.438,25.524,1.538,24.6,16.431,6010.44,79.37,599.87,5.239,54.14,19.387,25.529,1.561,24.623,16.485,MECHANICAL_FAILURE,1.0,1.0,1.0,1.0,1.0,0.0,0.0,0.0,0.0
165.6,CLIMB,76.2,54.53,8980.0,12.04,73.246,0.8947,6014.2,79.38,598.75,5.202,54.07,19.436,25.524,1.538,24.6,16.43,6014.91,79.54,598.89,5.226,54.14,19.462,25.521,1.603,24.561,16.477,MECHANICAL_FAILURE,1.0,1.0,1.0,1.0,1.0,0.0,0.0,0.0,0.0
165.7,CLIMB,76.19,54.52,8987.08,12.03,73.227,0.8945,6013.75,79.38,598.73,5.202,54.06,19.435,25.524,1.538,24.6,16.429,6015.93,79.26,597.49,5.205,54.18,19.297,25.497,1.494,24.554,16.37,MECHANICAL_FAILURE,1.0,1.0,1.0,1.0,1.0,0.0,0.0,0.0,0.0
165.8,CLIMB,76.18,54.52,8994.17,12.01,73.208,0.8944,6013.29,79.38,598.72,5.202,54.04,19.434,25.524,1.537,24.6,16.428,6013.42,78.82,599.14,5.194,54.66,19.42,25.452,1.513,24.63,16.682,MECHANICAL_FAILURE,1.0,1.0,1.0,1.0,1.0,0.0,0.0,0.0,0.0
165.9,CLIMB,76.18,54.51,9001.25,12.0,73.19,0.8942,6012.84,79.38,598.7,5.202,54.03,19.432,25.524,1.537,24.6,16.426,6015.88,79.0,597.91,5.191,53.99,19.345,25.534,1.485,24.615,16.373,MECHANICAL_FAILURE,1.0,1.0,1.0,1.0,1.0,0.0,0.0,0.0,0.0
166.0,CLIMB,76.17,54.51,9008.33,11.98,73.171,0.894,6012.38,79.38,598.69,5.201,54.02,19.431,25.523,1.537,24.6,16.425,6016.87,79.91,600.8,5.214,54.22,19.584,25.52,1.525,24.589,16.377,MECHANICAL_FAILURE,1.0,1.0,1.0,1.0,1.0,0.0,0.0,0.0,0.0
166.1,CLIMB,76.16,54.5,9015.42,11.97,73.152,0.8938,6011.93,79.38,598.67,5.201,54.0,19.429,25.523,1.537,24.6,16.424,6017.14,79.02,599.09,5.171,53.97,19.528,25.551,1.537,24.599,16.49,MECHANICAL_FAILURE,1.0,1.0,1.0,1.0,1.0,0.0,0.0,0.0,0.0
166.2,CLIMB,76.15,54.5,9022.5,11.96,73.133,0.8936,6011.48,79.38,598.66,5.201,53.99,19.428,25.523,1.537,24.6,16.423,6009.49,80.15,599.59,5.251,53.95,19.442,25.462,1.502,24.595,16.572,MECHANICAL_FAILURE,1.0,1.0,1.0,1.0,1.0,0.0,0.0,0.0,0.0
166.3,CLIMB,76.14,54.49,9029.58,11.94,73.115,0.8934,6011.02,79.38,598.64,5.201,53.98,19.427,25.523,1.537,24.6,16.421,6006.98,78.99,596.96,5.198,54.37,19.484,25.495,1.488,24.58,16.538,MECHANICAL_FAILURE,1.0,1.0,1.0,1.0,1.0,0.0,0.0,0.0,0.0
166.4,CLIMB,76.13,54.49,9036.67,11.93,73.096,0.8933,6010.57,79.37,598.62,5.201,53.96,19.425,25.523,1.537,24.6,16.42,6005.57,79.56,600.24,5.196,54.13,19.29,25.55,1.492,24.596,16.346,MECHANICAL_FAILURE,1.0,1.0,1.0,1.0,1.0,0.0,0.0,0.0,0.0
166.5,CLIMB,76.13,54.48,9043.75,11.91,73.077,0.8931,6010.11,79.37,598.61,5.201,53.95,19.424,25.523,1.537,24.6,16.419,6010.61,78.56,598.49,5.221,54.04,19.6,25.457,1.595,24.661,16.331,MECHANICAL_FAILURE,1.0,1.0,1.0,1.0,1.0,0.0,0.0,0.0,0.0
166.6,CLIMB,76.12,54.48,9050.83,11.9,73.059,0.8929,6009.66,79.37,598.59,5.201,53.94,19.422,25.522,1.537,24.6,16.418,6010.47,78.73,598.88,5.151,53.98,19.47,25.521,1.475,24.609,16.369,MECHANICAL_FAILURE,1.0,1.0,1.0,1.0,1.0,0.0,0.0,0.0,0.0
166.7,CLIMB,76.11,54.47,9057.92,11.88,73.04,0.8927,6009.21,79.37,598.58,5.2,53.93,19.421,25.522,1.537,24.6,16.416,6013.91,79.07,599.05,5.196,53.75,19.482,25.453,1.561,24.59,16.597,MECHANICAL_FAILURE,1.0,1.0,1.0,1.0,1.0,0.0,0.0,0.0,0.0
166.8,CLIMB,76.1,54.47,9065.0,11.87,73.021,0.8925,6008.75,79.37,598.56,5.2,53.91,19.419,25.522,1.537,24.6,16.415,6002.49,78.92,596.43,5.202,53.88,19.48,25.639,1.491,24.59,16.495,MECHANICAL_FAILURE,1.0,1.0,1.0,1.0,1.0,0.0,0.0,0.0,0.0
166.9,CLIMB,76.09,54.46,9072.08,11.86,73.002,0.8923,6008.3,79.37,598.55,5.2,53.9,19.418,25.522,1.537,24.6,16.414,6003.24,79.15,594.02,5.229,54.07,19.408,25.472,1.432,24.607,16.406,MECHANICAL_FAILURE,1.0,1.0,1.0,1.0,1.0,0.0,0.0,0.0,0.0
167.0,CLIMB,76.08,54.45,9079.17,11.84,72.984,0.8921,6007.84,79.37,598.53,5.2,53.89,19.417,25.522,1.536,24.6,16.413,6006.6,79.7,597.21,5.229,54.09,19.526,25.511,1.485,24.656,16.407,MECHANICAL_FAILURE,1.0,1.0,1.0,1.0,1.0,0.0,0.0,0.0,0.0
167.1,CLIMB,76.08,54.45,9086.25,11.83,72.965,0.892,6007.39,79.37,598.52,5.2,53.87,19.415,25.522,1.536,24.6,16.411,6015.64,79.13,599.2,5.167,53.8,19.464,25.468,1.463,24.556,16.224,MECHANICAL_FAILURE,1.0,1.0,1.0,1.0,1.0,0.0,0.0,0.0,0.0
167.2,CLIMB,76.07,54.44,9093.33,11.81,72.946,0.8918,6006.94,79.37,598.5,5.2,53.86,19.414,25.521,1.536,24.6,16.41,6006.89,79.3,598.74,5.202,53.86,19.144,25.499,1.545,24.625,16.367,MECHANICAL_FAILURE,1.0,1.0,1.0,1.0,1.0,0.0,0.0,0.0,0.0
167.3,CLIMB,76.06,54.44,9100.42,11.8,72.928,0.8916,6006.48,79.37,598.49,5.2,53.85,19.412,25.521,1.536,24.6,16.409,6001.48,79.45,597.62,5.198,53.65,19.444,25.444,1.495,24.594,16.53,MECHANICAL_FAILURE,1.0,1.0,1.0,1.0,1.0,0.0,0.0,0.0,0.0
167.4,CLIMB,76.05,54.43,9107.5,11.79,72.909,0.8914,6006.03,79.37,598.47,5.199,53.83,19.411,25.521,1.536,24.6,16.408,6002.12,79.62,597.48,5.199,53.84,19.346,25.558,1.531,24.598,16.4,MECHANICAL_FAILURE,1.0,1.0,1.0,1.0,1.0,0.0,0.0,0.0,0.0
167.5,CLIMB,76.04,54.43,9114.58,11.77,72.89,0.8912,6005.57,79.37,598.45,5.199,53.82,19.41,25.521,1.536,24.6,16.406,6010.1,78.24,600.76,5.212,52.82,19.614,25.52,1.56,24.574,16.529,MECHANICAL_FAILURE,1.0,1.0,1.0,1.0,1.0,0.0,0.0,0.0,0.0
167.6,CLIMB,76.03,54.42,9121.67,11.76,72.872,0.891,6005.12,79.36,598.44,5.199,53.81,19.408,25.521,1.536,24.6,16.405,5999.25,79.17,597.65,5.179,53.79,19.56,25.521,1.524,24.58,16.495,MECHANICAL_FAILURE,1.0,1.0,1.0,1.0,1.0,0.0,0.0,0.0,0.0
167.7,CLIMB,76.03,54.42,9128.75,11.74,72.853,0.8909,6004.67,79.36,598.42,5.199,53.79,19.407,25.521,1.536,24.6,16.404,6004.86,79.35,600.48,5.139,53.65,19.519,25.467,1.519,24.616,16.279,MECHANICAL_FAILURE,1.0,1.0,1.0,1.0,1.0,0.0,0.0,0.0,0.0
167.8,CLIMB,76.02,54.41,9135.83,11.73,72.834,0.8907,6004.21,79.36,598.41,5.199,53.78,19.405,25.52,1.536,24.6,16.403,6001.08,80.28,598.57,5.211,53.84,19.474,25.594,1.548,24.651,16.474,MECHANICAL_FAILURE,1.0,1.0,1.0,1.0,1.0,0.0,0.0,0.0,0.0
167.9,CLIMB,76.01,54.41,9142.92,11.71,72.816,0.8905,6003.76,79.36,598.39,5.199,53.77,19.404,25.52,1.536,24.6,16.401,6005.14,78.76,597.0,5.171,53.81,19.414,25.552,1.433,24.596,16.305,MECHANICAL_FAILURE,1.0,1.0,1.0,1.0,1.0,0.0,0.0,0.0,0.0
168.0,CLIMB,76.0,54.4,9150.0,11.7,72.797,0.8903,6003.3,79.36,598.38,5.199,53.76,19.402,25.52,1.536,24.6,16.4,6005.69,80.09,597.71,5.239,53.41,19.379,25.48,1.521,24.648,16.446,MECHANICAL_FAILURE,1.0,1.0,1.0,1.0,1.0,0.0,0.0,0.0,0.0
168.1,CLIMB,75.99,54.39,9157.08,11.69,72.779,0.8901,6002.85,79.36,598.36,5.198,53.74,19.401,25.52,1.535,24.6,16.399,5997.34,79.42,597.21,5.184,53.85,19.661,25.476,1.48,24.688,16.347,MECHANICAL_FAILURE,1.0,1.0,1.0,1.0,1.0,0.0,0.0,0.0,0.0
168.2,CLIMB,75.98,54.39,9164.17,11.67,72.76,0.8899,6002.4,79.36,598.35,5.198,53.73,19.4,25.52,1.535,24.6,16.398,5999.69,78.42,599.41,5.214,53.91,19.52,25.537,1.539,24.609,16.454,MECHANICAL_FAILURE,1.0,1.0,1.0,1.0,1.0,0.0,0.0,0.0,0.0
168.3,CLIMB,75.98,54.38,9171.25,11.66,72.741,0.8898,6001.94,79.36,598.33,5.198,53.72,19.398,25.52,1.535,24.6,16.396,6004.83,78.64,598.32,5.197,53.53,19.357,25.484,1.586,24.612,16.633,MECHANICAL_FAILURE,1.0,1.0,1.0,1.0,1.0,0.0,0.0,0.0,0.0
168.4,CLIMB,75.97,54.38,9178.33,11.64,72.723,0.8896,6001.49,79.36,598.31,5.198,53.7,19.397,25.519,1.535,24.6,16.395,6000.04,80.15,598.51,5.232,53.76,19.512,25.49,1.57,24.565,16.296,MECHANICAL_FAILURE,1.0,1.0,1.0,1.0,1.0,0.0,0.0,0.0,0.0
168.5,CLIMB,75.96,54.37,9185.42,11.63,72.704,0.8894,6001.04,79.36,598.3,5.198,53.69,19.395,25.519,1.535,24.6,16.394,6002.01,79.7,598.42,5.176,53.32,19.321,25.519,1.591,24.507,16.263,MECHANICAL_FAILURE,1.0,1.0,1.0,1.0,1.0,0.0,0.0,0.0,0.0
168.6,CLIMB,75.95,54.37,9192.5,11.62,72.685,0.8892,6000.58,79.36,598.28,5.198,53.68,19.394,25.519,1.535,24.6,16.393,5994.59,79.76,598.8,5.191,53.37,19.182,25.472,1.526,24.633,16.436,MECHANICAL_FAILURE,1.0,1.0,1.0,1.0,1.0,0.0,0.0,0.0,0.0
168.7,CLIMB,75.94,54.36,9199.58,11.6,72.667,0.889,6000.13,79.36,598.27,5.198,53.66,19.393,25.519,1.535,24.6,16.391,5997.7,79.33,599.33,5.244,53.42,19.452,25.643,1.597,24.635,16.424,MECHANICAL_FAILURE,1.0,1.0,1.0,1.0,1.0,0.0,0.0,0.0,0.0
168.8,CLIMB,75.93,54.36,9206.67,11.59,72.648,0.8888,5999.68,79.35,598.25,5.197,53.65,19.391,25.519,1.535,24.6,16.39,5993.43,79.47,596.5,5.217,53.6,19.391,25.483,1.505,24.557,16.49,MECHANICAL_FAILURE,1.0,1.0,1.0,1.0,1.0,0.0,0.0,0.0,0.0
168.9,CLIMB,75.93,54.35,9213.75,11.57,72.63,0.8887,5999.22,79.35,598.24,5.197,53.64,19.39,25.519,1.535,24.6,16.389,5996.59,79.36,596.92,5.244,53.2,19.513,25.503,1.559,24.567,16.349,MECHANICAL_FAILURE,1.0,1.0,1.0,1.0,1.0,0.0,0.0,0.0,0.0
169.0,CLIMB,75.92,54.35,9220.83,11.56,72.611,0.8885,5998.77,79.35,598.22,5.197,53.62,19.388,25.518,1.535,24.6,16.388,5998.21,78.89,597.37,5.165,53.98,19.404,25.493,1.506,24.617,16.314,MECHANICAL_FAILURE,1.0,1.0,1.0,1.0,1.0,0.0,0.0,0.0,0.0
169.1,CLIMB,75.91,54.34,9227.92,11.54,72.592,0.8883,5998.32,79.35,598.21,5.197,53.61,19.387,25.518,1.535,24.6,16.386,5995.87,79.39,598.26,5.172,53.37,19.374,25.461,1.519,24.611,16.406,MECHANICAL_FAILURE,1.0,1.0,1.0,1.0,1.0,0.0,0.0,0.0,0.0
169.2,CLIMB,75.9,54.34,9235.0,11.53,72.574,0.8881,5997.86,79.35,598.19,5.197,53.6,19.385,25.518,1.534,24.6,16.385,5988.41,79.79,597.93,5.204,53.57,19.489,25.557,1.455,24.667,16.335,MECHANICAL_FAILURE,1.0,1.0,1.0,1.0,1.0,0.0,0.0,0.0,0.0
169.3,CLIMB,75.89,54.33,9242.08,11.52,72.555,0.8879,5997.41,79.35,598.17,5.197,53.59,19.384,25.518,1.534,24.6,16.384,5992.22,78.65,598.1,5.2,53.72,19.371,25.548,1.45,24.603,16.416,MECHANICAL_FAILURE,1.0,1.0,1.0,1.0,1.0,0.0,0.0,0.0,0.0
169.4,CLIMB,75.88,54.32,9249.17,11.5,72.537,0.8877,5996.96,79.35,598.16,5.197,53.57,19.383,25.518,1.534,24.6,16.383,5996.2,79.38,599.96,5.188,53.56,19.241,25.57,1.476,24.662,16.338,MECHANICAL_FAILURE,1.0,1.0,1.0,1.0,1.0,0.0,0.0,0.0,0.0
169.5,CLIMB,75.88,54.32,9256.25,11.49,72.518,0.8876,5996.5,79.35,598.14,5.196,53.56,19.381,25.518,1.534,24.6,16.381,5998.44,79.56,598.33,5.258,53.46,19.422,25.45,1.581,24.552,16.463,MECHANICAL_FAILURE,1.0,1.0,1.0,1.0,1.0,0.0,0.0,0.0,0.0
169.6,CLIMB,75.87,54.31,9263.33,11.47,72.5,0.8874,5996.05,79.35,598.13,5.196,53.55,19.38,25.517,1.534,24.6,16.38,5997.16,79.11,595.2,5.245,53.47,19.281,25.493,1.563,24.653,16.377,MECHANICAL_FAILURE,1.0,1.0,1.0,1.0,1.0,0.0,0.0,0.0,0.0
169.7,CLIMB,75.86,54.31,9270.42,11.46,72.481,0.8872,5995.59,79.35,598.11,5.196,53.53,19.378,25.517,1.534,24.6,16.379,5999.44,79.32,596.74,5.175,53.49,19.358,25.423,1.5,24.59,16.568,MECHANICAL_FAILURE,1.0,1.0,1.0,1.0,1.0,0.0,0.0,0.0,0.0
169.8,CLIMB,75.85,54.3,9277.5,11.45,72.463,0.887,5995.14,79.35,598.1,5.196,53.52,19.377,25.517,1.534,24.6,16.378,5993.21,78.56,599.7,5.23,53.66,19.323,25.42,1.579,24.645,16.35,MECHANICAL_FAILURE,1.0,1.0,1.0,1.0,1.0,0.0,0.0,0.0,0.0
169.9,CLIMB,75.84,54.3,9284.58,11.43,72.444,0.8868,5994.69,79.34,598.08,5.196,53.51,19.376,25.517,1.534,24.6,16.376,5986.6,79.74,593.63,5.166,52.96,19.087,25.519,1.649,24.541,16.337,MECHANICAL_FAILURE,1.0,1.0,1.0,1.0,1.0,0.0,0.0,0.0,0.0
170.0,CLIMB,75.83,54.29,9291.67,11.42,72.425,0.8866,5994.24,79.34,598.07,5.196,53.49,19.374,25.517,1.534,24.6,16.375,5993.75,80.38,596.11,5.235,53.7,19.319,25.557,1.552,24.637,16.517,MECHANICAL_FAILURE,1.0,1.0,1.0,1.0,1.0,0.0,0.0,0.0,0.0
170.1,CLIMB,75.83,54.29,9298.75,11.4,72.407,0.8865,5993.78,79.34,598.05,5.196,53.48,19.373,25.517,1.534,24.6,16.374,5995.73,79.36,598.56,5.199,53.65,19.511,25.596,1.445,24.599,16.404,MECHANICAL_FAILURE,1.0,1.0,1.0,1.0,1.0,0.0,0.0,0.0,0.0
170.2,CLIMB,75.82,54.28,9305.83,11.39,72.388,0.8863,5993.33,79.34,598.03,5.195,53.47,19.371,25.516,1.534,24.6,16.373,5998.56,79.24,598.47,5.186,53.58,19.441,25.561,1.556,24.584,16.478,MECHANICAL_FAILURE,1.0,1.0,1.0,1.0,1.0,0.0,0.0,0.0,0.0
170.3,CLIMB,75.81,54.28,9312.92,11.37,72.37,0.8861,5992.88,79.34,598.02,5.195,53.45,19.37,25.516,1.533,24.6,16.371,6001.52,78.7,599.14,5.176,53.51,19.452,25.509,1.63,24.582,16.231,MECHANICAL_FAILURE,1.0,1.0,1.0,1.0,1.0,0.0,0.0,0.0,0.0
170.4,CLIMB,75.8,54.27,9320.0,11.36,72.351,0.8859,5992.42,79.34,598.0,5.195,53.44,19.368,25.516,1.533,24.6,16.37,5991.03,79.36,596.71,5.196,53.0,19.443,25.559,1.553,24.691,16.188,MECHANICAL_FAILURE,1.0,1.0,1.0,1.0,1.0,0.0,0.0,0.0,0.0
170.5,CLIMB,75.79,54.26,9327.08,11.35,72.333,0.8857,5991.97,79.34,597.99,5.195,53.43,19.367,25.516,1.533,24.6,16.369,5992.02,79.12,599.45,5.229,53.38,19.347,25.468,1.486,24.594,16.449,MECHANICAL_FAILURE,1.0,1.0,1.0,1.0,1.0,0.0,0.0,0.0,0.0
170.6,CLIMB,75.78,54.26,9334.17,11.33,72.314,0.8855,5991.52,79.34,597.97,5.195,53.41,19.366,25.516,1.533,24.6,16.368,5996.7,79.02,598.82,5.243,53.72,19.333,25.496,1.481,24.612,16.269,MECHANICAL_FAILURE,1.0,1.0,1.0,1.0,1.0,0.0,0.0,0.0,0.0
170.7,CLIMB,75.78,54.25,9341.25,11.32,72.296,0.8854,5991.06,79.34,597.96,5.195,53.4,19.364,25.516,1.533,24.6,16.366,5994.93,79.67,598.34,5.177,53.32,19.33,25.562,1.511,24.568,16.241,MECHANICAL_FAILURE,1.0,1.0,1.0,1.0,1.0,0.0,0.0,0.0,0.0
170.8,CLIMB,75.77,54.25,9348.33,11.3,72.277,0.8852,5990.61,79.34,597.94,5.195,53.39,19.363,25.515,1.533,24.6,16.365,5979.85,79.46,598.74,5.177,53.09,19.352,25.573,1.491,24.628,16.424,MECHANICAL_FAILURE,1.0,1.0,1.0,1.0,1.0,0.0,0.0,0.0,0.0
170.9,CLIMB,75.76,54.24,9355.42,11.29,72.259,0.885,5990.16,79.34,597.93,5.194,53.38,19.361,25.515,1.533,24.6,16.364,5981.08,78.88,599.13,5.183,53.7,19.289,25.59,1.541,24.618,16.522,MECHANICAL_FAILURE,1.0,1.0,1.0,1.0,1.0,0.0,0.0,0.0,0.0
171.0,CLIMB,75.75,54.24,9362.5,11.28,72.24,0.8848,5989.7,79.34,597.91,5.194,53.36,19.36,25.515,1.533,24.6,16.363,5980.55,79.49,595.97,5.223,53.03,19.45,25.414,1.493,24.561,16.446,MECHANICAL_FAILURE,1.0,1.0,1.0,1.0,1.0,0.0,0.0,0.0,0.0
171.1,CLIMB,75.74,54.23,9369.58,11.26,72.222,0.8846,5989.25,79.33,597.89,5.194,53.35,19.358,25.515,1.533,24.6,16.361,5995.79,79.87,598.54,5.134,52.69,19.368,25.478,1.528,24.466,16.486,MECHANICAL_FAILURE,1.0,1.0,1.0,1.0,1.0,0.0,0.0,0.0,0.0
171.2,CLIMB,75.73,54.23,9376.67,11.25,72.203,0.8845,5988.8,79.33,597.88,5.194,53.34,19.357,25.515,1.533,24.6,16.36,5999.71,78.93,597.07,5.144,53.49,19.42,25.494,1.501,24.514,16.188,MECHANICAL_FAILURE,1.0,1.0,1.0,1.0,1.0,0.0,0.0,0.0,0.0
171.3,CLIMB,75.73,54.22,9383.75,11.23,72.185,0.8843,5988.34,79.33,597.86,5.194,53.32,19.356,25.515,1.533,24.6,16.359,5987.52,79.49,598.06,5.215,52.72,19.299,25.579,1.627,24.566,16.487,MECHANICAL_FAILURE,1.0,1.0,1.0,1.0,1.0,0.0,0.0,0.0,0.0
171.4,CLIMB,75.72,54.22,9390.83,11.22,72.166,0.8841,5987.89,79.33,597.85,5.194,53.31,19.354,25.514,1.533,24.6,16.358,5984.86,80.0,595.67,5.157,53.27,19.391,25.486,1.49,24.646,16.254,MECHANICAL_FAILURE,1.0,1.0,1.0,1.0,1.0,0.0,0.0,0.0,0.0
171.5,CLIMB,75.71,54.21,9397.92,11.2,72.148,0.8839,5987.44,79.33,597.83,5.194,53.3,19.353,25.514,1.532,24.6,16.356,5986.62,78.2,597.11,5.178,53.48,19.396,25.506,1.534,24.613,16.283,MECHANICAL_FAILURE,1.0,1.0,1.0,1.0,1.0,0.0,0.0,0.0,0.0
171.6,CLIMB,75.7,54.21,9405.0,11.19,72.129,0.8837,5986.99,79.33,597.82,5.193,53.28,19.351,25.514,1.532,24.6,16.355,5996.5,78.74,597.75,5.186,53.01,19.213,25.545,1.489,24.606,16.347,MECHANICAL_FAILURE,1.0,1.0,1.0,1.0,1.0,0.0,0.0,0.0,0.0
171.7,CLIMB,75.69,54.2,9412.08,11.18,72.111,0.8835,5986.53,79.33,597.8,5.193,53.27,19.35,25.514,1.532,24.6,16.354,5990.88,79.14,599.96,5.191,53.58,19.454,25.624,1.444,24.632,16.347,MECHANICAL_FAILURE,1.0,1.0,1.0,1.0,1.0,0.0,0.0,0.0,0.0
171.8,CLIMB,75.68,54.19,9419.17,11.16,72.092,0.8834,5986.08,79.33,597.79,5.193,53.26,19.349,25.514,1.532,24.6,16.353,5985.71,79.4,599.17,5.138,53.45,19.227,25.539,1.536,24.619,16.489,MECHANICAL_FAILURE,1.0,1.0,1.0,1.0,1.0,0.0,0.0,0.0,0.0
171.9,CLIMB,75.68,54.19,9426.25,11.15,72.074,0.8832,5985.63,79.33,597.77,5.193,53.24,19.347,25.514,1.532,24.6,16.351,5988.32,79.31,595.92,5.232,53.31,19.371,25.504,1.571,24.515,16.453,MECHANICAL_FAILURE,1.0,1.0,1.0,1.0,1.0,0.0,0.0,0.0,0.0
172.0,CLIMB,75.67,54.18,9433.33,11.13,72.056,0.883,5985.17,79.33,597.76,5.193,53.23,19.346,25.513,1.532,24.6,16.35,5988.84,79.75,599.44,5.218,53.56,19.349,25.53,1.453,24.649,16.244,MECHANICAL_FAILURE,1.0,1.0,1.0,1.0,1.0,0.0,0.0,0.0,0.0
172.1,CLIMB,75.66,54.18,9440.42,11.12,72.037,0.8828,5984.72,79.33,597.74,5.193,53.22,19.344,25.513,1.532,24.6,16.349,5976.9,78.1,597.45,5.223,52.6,19.294,25.569,1.448,24.631,16.25,MECHANICAL_FAILURE,1.0,1.0,1.0,1.0,1.0,0.0,0.0,0.0,0.0
172.2,CLIMB,75.65,54.17,9447.5,11.11,72.019,0.8826,5984.27,79.33,597.72,5.193,53.2,19.343,25.513,1.532,24.6,16.348,5992.56,78.72,598.22,5.195,53.18,19.305,25.584,1.552,24.646,16.288,MECHANICAL_FAILURE,1.0,1.0,1.0,1.0,1.0,0.0,0.0,0.0,0.0
172.3,CLIMB,75.64,54.17,9454.58,11.09,72.0,0.8825,5983.82,79.32,597.71,5.192,53.19,19.341,25.513,1.532,24.6,16.346,5982.53,78.92,599.41,5.175,53.39,19.385,25.498,1.48,24.665,16.461,MECHANICAL_FAILURE,1.0,1.0,1.0,1.0,1.0,0.0,0.0,0.0,0.0
172.4,CLIMB,75.63,54.16,9461.67,11.08,71.982,0.8823,5983.36,79.32,597.69,5.192,53.18,19.34,25.513,1.532,24.6,16.345,5980.36,80.42,600.47,5.201,53.43,19.164,25.408,1.586,24.566,16.305,MECHANICAL_FAILURE,1.0,1.0,1.0,1.0,1.0,0.0,0.0,0.0,0.0
172.5,CLIMB,75.63,54.16,9468.75,11.06,71.963,0.8821,5982.91,79.32,597.68,5.192,53.16,19.339,25.513,1.532,24.6,16.344,5981.43,79.05,597.56,5.196,52.86,19.317,25.511,1.526,24.575,16.453,MECHANICAL_FAILURE,1.0,1.0,1.0,1.0,1.0,0.0,0.0,0.0,0.0
172.6,CLIMB,75.62,54.15,9475.83,11.05,71.945,0.8819,5982.46,79.32,597.66,5.192,53.15,19.337,25.512,1.531,24.6,16.343,5989.04,79.01,598.45,5.184,52.87,19.233,25.527,1.527,24.613,16.278,MECHANICAL_FAILURE,1.0,1.0,1.0,1.0,1.0,0.0,0.0,0.0,0.0
172.7,CLIMB,75.61,54.15,9482.92,11.03,71.927,0.8817,5982.01,79.32,597.65,5.192,53.14,19.336,25.512,1.531,24.6,16.341,5984.89,78.98,595.02,5.21,53.14,19.286,25.512,1.577,24.545,16.445,MECHANICAL_FAILURE,1.0,1.0,1.0,1.0,1.0,0.0,0.0,0.0,0.0
172.8,CLIMB,75.6,54.14,9490.0,11.02,71.908,0.8815,5981.55,79.32,597.63,5.192,53.13,19.334,25.512,1.531,24.6,16.34,5987.55,80.06,598.18,5.202,52.89,19.34,25.438,1.515,24.666,16.172,MECHANICAL_FAILURE,1.0,1.0,1.0,1.0,1.0,0.0,0.0,0.0,0.0
172.9,CLIMB,75.59,54.13,9497.08,11.01,71.89,0.8814,5981.1,79.32,597.62,5.192,53.11,19.333,25.512,1.531,24.6,16.339,5985.53,79.0,598.7,5.174,52.94,19.155,25.523,1.582,24.569,16.352,MECHANICAL_FAILURE,1.0,1.0,1.0,1.0,1.0,0.0,0.0,0.0,0.0
173.0,CLIMB,75.58,54.13,9504.17,10.99,71.871,0.8812,5980.65,79.32,597.6,5.191,53.1,19.332,25.512,1.531,24.6,16.338,5974.36,79.48,598.31,5.2,53.05,19.446,25.496,1.577,24.554,16.191,MECHANICAL_FAILURE,1.0,1.0,1.0,1.0,1.0,0.0,0.0,0.0,0.0
173.1,CLIMB,75.58,54.12,9511.25,10.98,71.853,0.881,5980.2,79.32,597.58,5.191,53.09,19.33,25.512,1.531,24.6,16.336,5983.03,79.17,598.47,5.271,52.99,19.304,25.494,1.463,24.514,16.181,MECHANICAL_FAILURE,1.0,1.0,1.0,1.0,1.0,0.0,0.0,0.0,0.0
173.2,CLIMB,75.57,54.12,9518.33,10.96,71.835,0.8808,5979.74,79.32,597.57,5.191,53.07,19.329,25.511,1.531,24.6,16.335,5975.32,79.81,597.09,5.186,52.83,19.414,25.566,1.551,24.661,16.415,MECHANICAL_FAILURE,1.0,1.0,1.0,1.0,1.0,0.0,0.0,0.0,0.0
173.3,CLIMB,75.56,54.11,9525.42,10.95,71.816,0.8806,5979.29,79.32,597.55,5.191,53.06,19.327,25.511,1.531,24.6,16.334,5974.52,80.05,600.52,5.238,53.25,19.265,25.572,1.571,24.612,16.351,MECHANICAL_FAILURE,1.0,1.0,1.0,1.0,1.0,0.0,0.0,0.0,0.0
173.4,CLIMB,75.55,54.11,9532.5,10.94,71.798,0.8805,5978.84,79.31,597.54,5.191,53.05,19.326,25.511,1.531,24.6,16.333,5985.08,78.9,596.34,5.167,53.55,19.296,25.571,1.54,24.572,16.283,MECHANICAL_FAILURE,1.0,1.0,1.0,1.0,1.0,0.0,0.0,0.0,0.0
173.5,CLIMB,75.54,54.1,9539.58,10.92,71.779,0.8803,5978.39,79.31,597.52,5.191,53.03,19.324,25.511,1.531,24.6,16.331,5981.21,79.37,596.1,5.214,53.3,19.233,25.549,1.49,24.751,16.467,MECHANICAL_FAILURE,1.0,1.0,1.0,1.0,1.0,0.0,0.0,0.0,0.0
173.6,CLIMB,75.53,54.1,9546.67,10.91,71.761,0.8801,5977.93,79.31,597.51,5.191,53.02,19.323,25.511,1.531,24.6,16.33,5973.2,78.36,595.92,5.221,53.09,19.212,25.547,1.499,24.654,16.234,MECHANICAL_FAILURE,1.0,1.0,1.0,1.0,1.0,0.0,0.0,0.0,0.0
173.7,CLIMB,75.53,54.09,9553.75,10.89,71.743,0.8799,5977.48,79.31,597.49,5.19,53.01,19.322,25.511,1.53,24.6,16.329,5988.87,79.65,596.0,5.191,53.14,19.201,25.462,1.49,24.528,16.41,MECHANICAL_FAILURE,1.0,1.0,1.0,1.0,1.0,0.0,0.0,0.0,0.0
173.8,CLIMB,75.52,54.09,9560.83,10.88,71.724,0.8797,5977.03,79.31,597.47,5.19,52.99,19.32,25.51,1.53,24.6,16.328,5970.55,80.04,597.16,5.176,53.11,19.406,25.451,1.53,24.61,16.41,MECHANICAL_FAILURE,1.0,1.0,1.0,1.0,1.0,0.0,0.0,0.0,0.0
173.9,CLIMB,75.51,54.08,9567.92,10.86,71.706,0.8795,5976.58,79.31,597.46,5.19,52.98,19.319,25.51,1.53,24.6,16.326,5978.23,78.97,599.01,5.209,53.02,19.205,25.555,1.528,24.562,16.428,MECHANICAL_FAILURE,1.0,1.0,1.0,1.0,1.0,0.0,0.0,0.0,0.0
174.0,CLIMB,75.5,54.08,9575.0,10.85,71.688,0.8794,5976.12,79.31,597.44,5.19,52.97,19.317,25.51,1.53,24.6,16.325,5972.64,79.45,598.5,5.12,53.53,19.324,25.474,1.586,24.581,16.461,MECHANICAL_FAILURE,1.0,1.0,1.0,1.0,1.0,0.0,0.0,0.0,0.0
174.1,CLIMB,75.49,54.07,9582.08,10.84,71.669,0.8792,5975.67,79.31,597.43,5.19,52.95,19.316,25.51,1.53,24.6,16.324,5974.72,79.45,595.06,5.189,53.3,19.305,25.514,1.44,24.638,16.304,MECHANICAL_FAILURE,1.0,1.0,1.0,1.0,1.0,0.0,0.0,0.0,0.0
174.2,CLIMB,75.48,54.06,9589.17,10.82,71.651,0.879,5975.22,79.31,597.41,5.19,52.94,19.314,25.51,1.53,24.6,16.323,5979.52,79.19,596.92,5.186,52.98,19.33,25.43,1.54,24.579,16.22,MECHANICAL_FAILURE,1.0,1.0,1.0,1.0,1.0,0.0,0.0,0.0,0.0
174.3,CLIMB,75.48,54.06,9596.25,10.81,71.633,0.8788,5974.77,79.31,597.4,5.19,52.93,19.313,25.51,1.53,24.6,16.321,5969.53,78.7,597.74,5.203,53.21,19.282,25.554,1.577,24.604,16.24,MECHANICAL_FAILURE,1.0,1.0,1.0,1.0,1.0,0.0,0.0,0.0,0.0
174.4,CLIMB,75.47,54.05,9603.33,10.79,71.614,0.8786,5974.31,79.31,597.38,5.189,52.91,19.312,25.509,1.53,24.6,16.32,5983.67,79.68,596.54,5.16,53.45,19.566,25.56,1.494,24.644,16.213,MECHANICAL_FAILURE,1.0,1.0,1.0,1.0,1.0,0.0,0.0,0.0,0.0
174.5,CLIMB,75.46,54.05,9610.42,10.78,71.596,0.8785,5973.86,79.31,597.37,5.189,52.9,19.31,25.509,1.53,24.6,16.319,5977.94,79.81,597.09,5.205,53.27,19.295,25.479,1.677,24.581,16.443,MECHANICAL_FAILURE,1.0,1.0,1.0,1.0,1.0,0.0,0.0,0.0,0.0
174.6,CLIMB,75.45,54.04,9617.5,10.77,71.578,0.8783,5973.41,79.3,597.35,5.189,52.89,19.309,25.509,1.53,24.6,16.318,5979.27,78.57,594.91,5.185,52.76,19.319,25.568,1.456,24.633,16.202,MECHANICAL_FAILURE,1.0,1.0,1.0,1.0,1.0,0.0,0.0,0.0,0.0
174.7,CLIMB,75.44,54.04,9624.58,10.75,71.559,0.8781,5972.96,79.3,597.33,5.189,52.87,19.307,25.509,1.53,24.6,16.316,5970.69,80.39,600.55,5.209,52.88,19.563,25.531,1.497,24.616,16.198,MECHANICAL_FAILURE,1.0,1.0,1.0,1.0,1.0,0.0,0.0,0.0,0.0
174.8,CLIMB,75.43,54.03,9631.67,10.74,71.541,0.8779,5972.51,79.3,597.32,5.189,52.86,19.306,25.509,1.53,24.6,16.315,5971.24,79.24,595.94,5.201,53.03,19.288,25.487,1.574,24.586,16.3,MECHANICAL_FAILURE,1.0,1.0,1.0,1.0,1.0,0.0,0.0,0.0,0.0
174.9,CLIMB,75.43,54.03,9638.75,10.72,71.523,0.8777,5972.05,79.3,597.3,5.189,52.85,19.305,25.509,1.529,24.6,16.314,5977.62,79.76,600.93,5.132,52.72,19.178,25.556,1.633,24.612,16.149,MECHANICAL_FAILURE,1.0,1.0,1.0,1.0,1.0,0.0,0.0,0.0,0.0
175.0,CLIMB,75.42,54.02,9645.83,10.71,71.504,0.8776,5971.6,79.3,597.29,5.189,52.83,19.303,25.508,1.529,24.6,16.313,5973.32,79.56,596.88,5.179,53.03,19.46,25.515,1.495,24.594,16.258,MECHANICAL_FAILURE,1.0,1.0,1.0,1.0,1.0,0.0,0.0,0.0,0.0
175.1,CLIMB,75.41,54.02,9652.92,10.69,71.486,0.8774,5971.15,79.3,597.27,5.188,52.82,19.302,25.508,1.529,24.6,16.311,5967.31,78.83,597.23,5.166,52.64,19.368,25.489,1.614,24.52,16.218,MECHANICAL_FAILURE,1.0,1.0,1.0,1.0,1.0,0.0,0.0,0.0,0.0
175.2,CLIMB,75.4,54.01,9660.0,10.68,71.468,0.8772,5970.7,79.3,597.26,5.188,52.81,19.3,25.508,1.529,24.6,16.31,5962.9,79.58,597.16,5.238,52.94,19.484,25.555,1.554,24.528,16.317,MECHANICAL_FAILURE,1.0,1.0,1.0,1.0,1.0,0.0,0.0,0.0,0.0
175.3,CLIMB,75.39,54.0,9667.08,10.67,71.45,0.877,5970.25,79.3,597.24,5.188,52.8,19.299,25.508,1.529,24.6,16.309,5964.9,79.12,598.46,5.199,52.64,19.341,25.472,1.499,24.609,16.423,MECHANICAL_FAILURE,1.0,1.0,1.0,1.0,1.0,0.0,0.0,0.0,0.0
175.4,CLIMB,75.38,54.0,9674.17,10.65,71.431,0.8768,5969.79,79.3,597.23,5.188,52.78,19.297,25.508,1.529,24.6,16.308,5964.26,79.59,599.92,5.167,52.73,19.428,25.564,1.53,24.601,16.334,MECHANICAL_FAILURE,1.0,1.0,1.0,1.0,1.0,0.0,0.0,0.0,0.0
175.5,CLIMB,75.38,53.99,9681.25,10.64,71.413,0.8766,5969.34,79.3,597.21,5.188,52.77,19.296,25.508,1.529,24.6,16.306,5962.57,80.04,597.17,5.187,53.36,19.27,25.548,1.535,24.626,16.465,MECHANICAL_FAILURE,1.0,1.0,1.0,1.0,1.0,0.0,0.0,0.0,0.0
175.6,CLIMB,75.37,53.99,9688.33,10.62,71.395,0.8765,5968.89,79.3,597.19,5.188,52.76,19.295,25.507,1.529,24.6,16.305,5960.01,79.83,597.53,5.219,52.84,19.273,25.352,1.533,24.695,16.247,MECHANICAL_FAILURE,1.0,1.0,1.0,1.0,1.0,0.0,0.0,0.0,0.0
175.7,CLIMB,75.36,53.98,9695.42,10.61,71.376,0.8763,5968.44,79.29,597.18,5.188,52.74,19.293,25.507,1.529,24.6,16.304,5973.73,79.37,595.49,5.134,52.01,19.209,25.471,1.49,24.517,16.033,MECHANICAL_FAILURE,1.0,1.0,1.0,1.0,1.0,0.0,0.0,0.0,0.0
175.8,CLIMB,75.35,53.98,9702.5,10.6,71.358,0.8761,5967.99,79.29,597.16,5.187,52.73,19.292,25.507,1.529,24.6,16.303,5974.78,77.74,595.87,5.162,52.98,19.262,25.551,1.541,24.582,16.195,MECHANICAL_FAILURE,1.0,1.0,1.0,1.0,1.0,0.0,0.0,0.0,0.0
175.9,CLIMB,75.34,53.97,9709.58,10.58,71.34,0.8759,5967.53,79.29,597.15,5.187,52.72,19.29,25.507,1.529,24.6,16.301,5965.24,78.63,596.14,5.193,52.1,19.258,25.496,1.551,24.649,16.329,MECHANICAL_FAILURE,1.0,1.0,1.0,1.0,1.0,0.0,0.0,0.0,0.0
176.0,CLIMB,75.33,53.97,9716.67,10.57,71.322,0.8757,5967.08,79.29,597.13,5.187,52.7,19.289,25.507,1.528,24.6,16.3,5971.58,79.07,597.63,5.216,52.47,19.343,25.389,1.478,24.575,16.268,MECHANICAL_FAILURE,1.0,1.0,1.0,1.0,1.0,0.0,0.0,0.0,0.0
176.1,CLIMB,75.33,53.96,9723.75,10.55,71.303,0.8756,5966.63,79.29,597.12,5.187,52.69,19.287,25.507,1.528,24.6,16.299,5974.83,79.91,598.34,5.217,52.54,19.283,25.521,1.562,24.644,16.395,MECHANICAL_FAILURE,1.0,1.0,1.0,1.0,1.0,0.0,0.0,0.0,0.0
176.2,CLIMB,75.32,53.96,9730.83,10.54,71.285,0.8754,5966.18,79.29,597.1,5.187,52.68,19.286,25.506,1.528,24.6,16.298,5971.21,79.42,596.14,5.267,52.68,19.251,25.594,1.561,24.665,16.472,MECHANICAL_FAILURE,1.0,1.0,1.0,1.0,1.0,0.0,0.0,0.0,0.0
176.3,CLIMB,75.31,53.95,9737.92,10.52,71.267,0.8752,5965.73,79.29,597.09,5.187,52.66,19.285,25.506,1.528,24.6,16.296,5968.65,78.97,598.16,5.24,52.98,19.367,25.514,1.601,24.559,16.248,MECHANICAL_FAILURE,1.0,1.0,1.0,1.0,1.0,0.0,0.0,0.0,0.0
176.4,CLIMB,75.3,53.95,9745.0,10.51,71.249,0.875,5965.27,79.29,597.07,5.187,52.65,19.283,25.506,1.528,24.6,16.295,5976.19,78.21,598.51,5.196,52.46,18.983,25.561,1.543,24.552,16.229,MECHANICAL_FAILURE,1.0,1.0,1.0,1.0,1.0,0.0,0.0,0.0,0.0
176.5,CLIMB,75.29,53.94,9752.08,10.5,71.23,0.8748,5964.82,79.29,597.05,5.186,52.64,19.282,25.506,1.528,24.6,16.294,5966.08,79.73,597.56,5.169,52.81,19.328,25.493,1.512,24.587,16.362,MECHANICAL_FAILURE,1.0,1.0,1.0,1.0,1.0,0.0,0.0,0.0,0.0
176.6,CLIMB,75.28,53.93,9759.17,10.48,71.212,0.8747,5964.37,79.29,597.04,5.186,52.62,19.28,25.506,1.528,24.6,16.293,5956.32,80.02,600.75,5.188,52.83,19.357,25.541,1.529,24.662,16.276,MECHANICAL_FAILURE,1.0,1.0,1.0,1.0,1.0,0.0,0.0,0.0,0.0
176.7,CLIMB,75.28,53.93,9766.25,10.47,71.194,0.8745,5963.92,79.29,597.02,5.186,52.61,19.279,25.506,1.528,24.6,16.291,5967.99,79.28,597.17,5.164,52.8,19.263,25.483,1.617,24.621,16.072,MECHANICAL_FAILURE,1.0,1.0,1.0,1.0,1.0,0.0,0.0,0.0,0.0
176.8,CLIMB,75.27,53.92,9773.33,10.45,71.176,0.8743,5963.47,79.28,597.01,5.186,52.6,19.277,25.505,1.528,24.6,16.29,5968.35,78.81,598.18,5.179,52.66,19.516,25.51,1.529,24.59,16.328,MECHANICAL_FAILURE,1.0,1.0,1.0,1.0,1.0,0.0,0.0,0.0,0.0
176.9,CLIMB,75.26,53.92,9780.42,10.44,71.157,0.8741,5963.02,79.28,596.99,5.186,52.58,19.276,25.505,1.528,24.6,16.289,5958.69,79.52,599.58,5.162,52.28,19.248,25.499,1.508,24.538,16.189,MECHANICAL_FAILURE,1.0,1.0,1.0,1.0,1.0,0.0,0.0,0.0,0.0
177.0,CLIMB,75.25,53.91,9787.5,10.43,71.139,0.8739,5962.56,79.28,596.98,5.186,52.57,19.275,25.505,1.528,24.6,16.288,5962.86,78.03,598.48,5.172,51.98,19.239,25.467,1.502,24.531,16.161,MECHANICAL_FAILURE,1.0,1.0,1.0,1.0,1.0,0.0,0.0,0.0,0.0
177.1,CLIMB,75.24,53.91,9794.58,10.41,71.121,0.8738,5962.11,79.28,596.96,5.186,52.56,19.273,25.505,1.527,24.6,16.286,5955.13,78.96,595.04,5.216,52.59,19.297,25.534,1.552,24.638,16.42,MECHANICAL_FAILURE,1.0,1.0,1.0,1.0,1.0,0.0,0.0,0.0,0.0
177.2,CLIMB,75.23,53.9,9801.67,10.4,71.103,0.8736,5961.66,79.28,596.95,5.185,52.54,19.272,25.505,1.527,24.6,16.285,5955.47,80.18,596.63,5.18,52.08,19.179,25.469,1.533,24.635,16.19,MECHANICAL_FAILURE,1.0,1.0,1.0,1.0,1.0,0.0,0.0,0.0,0.0
177.3,CLIMB,75.23,53.9,9808.75,10.38,71.085,0.8734,5961.21,79.28,596.93,5.185,52.53,19.27,25.505,1.527,24.6,16.284,5964.24,78.76,599.77,5.191,52.81,19.259,25.535,1.517,24.661,16.223,MECHANICAL_FAILURE,1.0,1.0,1.0,1.0,1.0,0.0,0.0,0.0,0.0
177.4,CLIMB,75.22,53.89,9815.83,10.37,71.066,0.8732,5960.76,79.28,596.91,5.185,52.52,19.269,25.504,1.527,24.6,16.283,5959.97,78.79,595.54,5.201,52.27,19.183,25.43,1.501,24.571,16.33,MECHANICAL_FAILURE,1.0,1.0,1.0,1.0,1.0,0.0,0.0,0.0,0.0
177.5,CLIMB,75.21,53.89,9822.92,10.35,71.048,0.873,5960.31,79.28,596.9,5.185,52.5,19.268,25.504,1.527,24.6,16.281,5965.57,79.89,595.9,5.19,52.84,19.361,25.494,1.581,24.587,16.202,MECHANICAL_FAILURE,1.0,1.0,1.0,1.0,1.0,0.0,0.0,0.0,0.0
177.6,CLIMB,75.2,53.88,9830.0,10.34,71.03,0.8729,5959.85,79.28,596.88,5.185,52.49,19.266,25.504,1.527,24.6,16.28,5962.94,79.1,593.03,5.23,52.28,19.383,25.436,1.515,24.593,16.322,MECHANICAL_FAILURE,1.0,1.0,1.0,1.0,1.0,0.0,0.0,0.0,0.0
177.7,CLIMB,75.19,53.87,9837.08,10.33,71.012,0.8727,5959.4,79.28,596.87,5.185,52.48,19.265,25.504,1.527,24.6,16.279,5968.3,79.2,594.37,5.169,52.67,19.263,25.394,1.592,24.631,16.251,MECHANICAL_FAILURE,1.0,1.0,1.0,1.0,1.0,0.0,0.0,0.0,0.0
177.8,CLIMB,75.18,53.87,9844.17,10.31,70.994,0.8725,5958.95,79.28,596.85,5.185,52.46,19.263,25.504,1.527,24.6,16.278,5957.94,78.48,596.3,5.186,52.29,19.301,25.47,1.595,24.564,16.414,MECHANICAL_FAILURE,1.0,1.0,1.0,1.0,1.0,0.0,0.0,0.0,0.0
177.9,CLIMB,75.18,53.86,9851.25,10.3,70.976,0.8723,5958.5,79.28,596.84,5.184,52.45,19.262,25.504,1.527,24.6,16.276,5956.14,79.3,596.85,5.15,52.67,19.364,25.565,1.576,24.642,16.319,MECHANICAL_FAILURE,1.0,1.0,1.0,1.0,1.0,0.0,0.0,0.0,0.0
178.0,CLIMB,75.17,53.86,9858.33,10.28,70.957,0.8721,5958.05,79.27,596.82,5.184,52.44,19.26,25.503,1.527,24.6,16.275,5963.16,79.51,597.13,5.176,52.57,19.148,25.523,1.462,24.623,16.365,MECHANICAL_FAILURE,1.0,1.0,1.0,1.0,1.0,0.0,0.0,0.0,0.0
178.1,CLIMB,75.16,53.85,9865.42,10.27,70.939,0.872,5957.6,79.27,596.8,5.184,52.42,19.259,25.503,1.527,24.6,16.274,5947.28,80.53,596.65,5.204,52.88,19.206,25.492,1.551,24.655,16.491,MECHANICAL_FAILURE,1.0,1.0,1.0,1.0,1.0,0.0,0.0,0.0,0.0
178.2,CLIMB,75.15,53.85,9872.5,10.26,70.921,0.8718,5957.15,79.27,596.79,5.184,52.41,19.258,25.503,1.526,24.6,16.273,5952.72,78.9,596.34,5.183,51.97,19.467,25.51,1.565,24.538,16.407,MECHANICAL_FAILURE,1.0,1.0,1.0,1.0,1.0,0.0,0.0,0.0,0.0
178.3,CLIMB,75.14,53.84,9879.58,10.24,70.903,0.8716,5956.69,79.27,596.77,5.184,52.4,19.256,25.503,1.526,24.6,16.271,5962.56,78.65,595.51,5.171,52.65,19.029,25.572,1.498,24.596,16.259,MECHANICAL_FAILURE,1.0,1.0,1.0,1.0,1.0,0.0,0.0,0.0,0.0
178.4,CLIMB,75.13,53.84,9886.67,10.23,70.885,0.8714,5956.24,79.27,596.76,5.184,52.38,19.255,25.503,1.526,24.6,16.27,5951.96,78.88,597.67,5.21,52.68,19.173,25.525,1.562,24.596,16.431,MECHANICAL_FAILURE,1.0,1.0,1.0,1.0,1.0,0.0,0.0,0.0,0.0
178.5,CLIMB,75.13,53.83,9893.75,10.21,70.867,0.8712,5955.79,79.27,596.74,5.184,52.37,19.253,25.503,1.526,24.6,16.269,5960.25,79.09,597.76,5.218,52.85,19.153,25.408,1.55,24.606,16.111,MECHANICAL_FAILURE,1.0,1.0,1.0,1.0,1.0,0.0,0.0,0.0,0.0
178.6,CLIMB,75.12,53.83,9900.83,10.2,70.849,0.8711,5955.34,79.27,596.73,5.183,52.36,19.252,25.502,1.526,24.6,16.268,5948.06,79.08,598.19,5.183,52.87,19.162,25.486,1.456,24.563,16.354,MECHANICAL_FAILURE,1.0,1.0,1.0,1.0,1.0,0.0,0.0,0.0,0.0
178.7,CLIMB,75.11,53.82,9907.92,10.18,70.83,0.8709,5954.89,79.27,596.71,5.183,52.34,19.25,25.502,1.526,24.6,16.266,5954.3,79.23,594.93,5.227,52.26,19.075,25.571,1.57,24.577,16.431,MECHANICAL_FAILURE,1.0,1.0,1.0,1.0,1.0,0.0,0.0,0.0,0.0
178.8,CLIMB,75.1,53.82,9915.0,10.17,70.812,0.8707,5954.44,79.27,596.7,5.183,52.33,19.249,25.502,1.526,24.6,16.265,5955.69,79.18,594.92,5.253,52.45,19.138,25.49,1.48,24.626,16.217,MECHANICAL_FAILURE,1.0,1.0,1.0,1.0,1.0,0.0,0.0,0.0,0.0
178.9,CLIMB,75.09,53.81,9922.08,10.16,70.794,0.8705,5953.99,79.27,596.68,5.183,52.32,19.248,25.502,1.526,24.6,16.264,5959.24,79.36,597.4,5.235,52.59,19.168,25.499,1.536,24.624,16.363,MECHANICAL_FAILURE,1.0,1.0,1.0,1.0,1.0,0.0,0.0,0.0,0.0
179.0,CLIMB,75.08,53.8,9929.17,10.14,70.776,0.8704,5953.54,79.27,596.66,5.183,52.3,19.246,25.502,1.526,24.6,16.263,5951.07,79.81,597.61,5.181,52.26,19.265,25.529,1.462,24.635,16.254,MECHANICAL_FAILURE,1.0,1.0,1.0,1.0,1.0,0.0,0.0,0.0,0.0
179.1,CLIMB,75.08,53.8,9936.25,10.13,70.758,0.8702,5953.08,79.26,596.65,5.183,52.29,19.245,25.502,1.526,24.6,16.261,5948.43,79.83,596.71,5.156,52.92,19.291,25.493,1.494,24.55,16.073,MECHANICAL_FAILURE,1.0,1.0,1.0,1.0,1.0,0.0,0.0,0.0,0.0
179.2,CLIMB,75.07,53.79,9943.33,10.11,70.74,0.87,5952.63,79.26,596.63,5.183,52.28,19.243,25.501,1.526,24.6,16.26,5952.19,78.94,597.44,5.144,53.23,19.056,25.466,1.554,24.55,16.104,MECHANICAL_FAILURE,1.0,1.0,1.0,1.0,1.0,0.0,0.0,0.0,0.0
179.3,CLIMB,75.06,53.79,9950.42,10.1,70.722,0.8698,5952.18,79.26,596.62,5.182,52.26,19.242,25.501,1.526,24.6,16.259,5960.52,77.93,596.18,5.163,52.63,19.324,25.463,1.544,24.636,16.49,MECHANICAL_FAILURE,1.0,1.0,1.0,1.0,1.0,0.0,0.0,0.0,0.0
179.4,CLIMB,75.05,53.78,9957.5,10.09,70.704,0.8696,5951.73,79.26,596.6,5.182,52.25,19.24,25.501,1.525,24.6,16.258,5952.59,80.13,595.44,5.119,52.42,19.213,25.475,1.539,24.563,16.209,MECHANICAL_FAILURE,1.0,1.0,1.0,1.0,1.0,0.0,0.0,0.0,0.0
179.5,CLIMB,75.04,53.78,9964.58,10.07,70.685,0.8695,5951.28,79.26,596.59,5.182,52.24,19.239,25.501,1.525,24.6,16.256,5954.41,78.85,596.39,5.161,52.1,19.168,25.551,1.473,24.621,16.2,MECHANICAL_FAILURE,1.0,1.0,1.0,1.0,1.0,0.0,0.0,0.0,0.0
179.6,CLIMB,75.03,53.77,9971.67,10.06,70.667,0.8693,5950.83,79.26,596.57,5.182,52.22,19.238,25.501,1.525,24.6,16.255,5949.43,79.86,595.97,5.162,52.29,19.135,25.518,1.516,24.501,16.208,MECHANICAL_FAILURE,1.0,1.0,1.0,1.0,1.0,0.0,0.0,0.0,0.0
179.7,CLIMB,75.03,53.77,9978.75,10.04,70.649,0.8691,5950.38,79.26,596.55,5.182,52.21,19.236,25.501,1.525,24.6,16.254,5941.78,78.61,599.97,5.18,52.41,19.419,25.538,1.592,24.594,16.409,MECHANICAL_FAILURE,1.0,1.0,1.0,1.0,1.0,0.0,0.0,0.0,0.0
179.8,CLIMB,75.02,53.76,9985.83,10.03,70.631,0.8689,5949.93,79.26,596.54,5.182,52.2,19.235,25.5,1.525,24.6,16.253,5941.88,79.41,594.61,5.188,52.58,19.262,25.583,1.559,24.607,16.114,MECHANICAL_FAILURE,1.0,1.0,1.0,1.0,1.0,0.0,0.0,0.0,0.0
179.9,CLIMB,75.01,53.76,9992.92,10.01,70.613,0.8687,5949.48,79.26,596.52,5.182,52.18,19.233,25.5,1.525,24.6,16.251,5956.68,79.21,597.98,5.209,52.33,19.325,25.57,1.472,24.548,16.285,MECHANICAL_FAILURE,1.0,1.0,1.0,1.0,1.0,0.0,0.0,0.0,0.0
180.0,CLIMB,75.0,53.75,10000.0,10.0,70.595,0.8686,5949.02,79.26,596.51,5.181,52.17,19.232,25.5,1.525,24.6,16.25,5950.73,78.58,597.84,5.176,52.05,19.404,25.594,1.56,24.518,16.337,MECHANICAL_FAILURE,1.0,1.0,1.0,1.0,1.0,0.0,0.0,0.0,0.0
