timestamp_s,mission_phase,throttle_pct,engine_load_pct,altitude_ft,ambient_temperature_c,ambient_pressure_kpa,air_density_kg_m3,true_rpm,true_cht_c,true_egt_c,true_oil_pressure_bar,true_oil_temperature_c,true_fuel_flow_lph,true_injection_timing_deg,true_vibration_mm_s,true_battery_voltage_v,true_alternator_current_a,rpm,cht_c,egt_c,oil_pressure_bar,oil_temperature_c,fuel_flow_lph,injection_timing_deg,vibration_mm_s,battery_voltage_v,alternator_current_a,fault_type,fault_severity,cooling_health,injector_health,lubrication_health,mechanical_health,misfire_severity,sensor_drift_cht_c,sensor_drift_egt_c,sensor_drift_oil_pressure_bar
0.0,TAKEOFF,85.0,60.25,0.0,30.0,101.325,1.1644,2701.04,80.0,402.66,3.384,69.99,20.809,25.7,1.252,24.324,16.578,2711.55,80.35,401.26,3.359,70.17,20.906,25.748,1.283,24.344,16.552,MISFIRE,0.0,1.0,1.0,1.0,1.0,0.0,0.0,0.0,0.0
0.1,TAKEOFF,85.02,60.26,2.5,30.0,101.316,1.1643,2892.06,80.01,405.28,3.482,69.98,20.813,25.7,1.271,24.347,16.677,2890.27,80.05,405.08,3.485,69.73,20.894,25.696,1.294,24.448,16.531,MISFIRE,0.0,1.0,1.0,1.0,1.0,0.0,0.0,0.0,0.0
0.2,TAKEOFF,85.03,60.27,5.0,29.99,101.307,1.1642,3073.57,80.01,407.87,3.575,69.97,20.816,25.701,1.29,24.369,16.772,3074.33,79.53,409.44,3.592,70.53,20.761,25.654,1.302,24.263,16.665,MISFIRE,0.0,1.0,1.0,1.0,1.0,0.0,0.0,0.0,0.0
0.3,TAKEOFF,85.05,60.28,7.5,29.98,101.298,1.1641,3246.04,80.01,410.43,3.664,69.96,20.82,25.701,1.307,24.39,16.862,3237.54,79.83,411.07,3.677,69.97,20.819,25.653,1.251,24.326,16.84,MISFIRE,0.0,1.0,1.0,1.0,1.0,0.0,0.0,0.0,0.0
0.4,TAKEOFF,85.07,60.29,10.0,29.98,101.288,1.1641,3409.92,80.01,412.95,3.748,69.95,20.823,25.701,1.323,24.409,16.948,3404.98,79.81,412.79,3.764,69.45,20.797,25.678,1.311,24.37,17.142,MISFIRE,0.0,1.0,1.0,1.0,1.0,0.0,0.0,0.0,0.0
0.5,TAKEOFF,85.08,60.3,12.5,29.98,101.279,1.164,3565.64,80.01,415.45,3.828,69.94,20.827,25.702,1.339,24.428,17.03,3553.84,78.78,417.03,3.85,70.25,20.85,25.684,1.258,24.402,16.936,MISFIRE,0.0,1.0,1.0,1.0,1.0,0.0,0.0,0.0,0.0
0.6,TAKEOFF,85.1,60.31,15.0,29.97,101.27,1.1639,3713.62,80.02,417.92,3.904,69.93,20.83,25.702,1.354,24.446,17.108,3717.52,80.13,415.86,3.974,70.49,20.803,25.692,1.361,24.362,17.088,MISFIRE,0.0,1.0,1.0,1.0,1.0,0.0,0.0,0.0,0.0
0.7,TAKEOFF,85.12,60.33,17.5,29.96,101.261,1.1638,3854.23,80.02,420.35,3.976,69.93,20.834,25.702,1.368,24.463,17.182,3856.13,80.13,421.75,3.965,70.43,20.883,25.676,1.391,24.427,17.233,MISFIRE,0.0,1.0,1.0,1.0,1.0,0.0,0.0,0.0,0.0
0.8,TAKEOFF,85.13,60.34,20.0,29.96,101.252,1.1637,3987.85,80.02,422.76,4.044,69.92,20.838,25.703,1.381,24.479,17.253,3985.94,80.23,421.37,4.076,69.69,20.931,25.656,1.4,24.488,17.208,MISFIRE,0.0,1.0,1.0,1.0,1.0,0.0,0.0,0.0,0.0
0.9,TAKEOFF,85.15,60.35,22.5,29.95,101.243,1.1636,4114.82,80.02,425.13,4.109,69.91,20.841,25.703,1.394,24.494,17.32,4116.67,80.07,423.65,4.108,69.78,21.124,25.757,1.367,24.582,17.277,MISFIRE,0.0,1.0,1.0,1.0,1.0,0.0,0.0,0.0,0.0
1.0,TAKEOFF,85.17,60.36,25.0,29.95,101.234,1.1635,4235.48,80.02,427.48,4.171,69.9,20.845,25.703,1.406,24.508,17.384,4232.58,80.28,426.28,4.162,69.71,20.978,25.646,1.533,24.464,17.358,MISFIRE,0.0,1.0,1.0,1.0,1.0,0.0,0.0,0.0,0.0
1.1,TAKEOFF,85.18,60.37,27.5,29.95,101.224,1.1635,4350.15,80.02,429.8,4.23,69.89,20.848,25.704,1.418,24.522,17.445,4343.22,79.2,430.39,4.242,70.03,20.742,25.676,1.41,24.543,17.306,MISFIRE,0.0,1.0,1.0,1.0,1.0,0.0,0.0,0.0,0.0
1.2,TAKEOFF,85.2,60.38,30.0,29.94,101.215,1.1634,4459.12,80.02,432.08,4.286,69.88,20.852,25.704,1.429,24.535,17.504,4461.11,80.03,431.99,4.265,69.95,20.67,25.615,1.396,24.6,17.39,MISFIRE,0.0,1.0,1.0,1.0,1.0,0.0,0.0,0.0,0.0
1.3,TAKEOFF,85.22,60.39,32.5,29.93,101.206,1.1633,4562.68,80.03,434.35,4.339,69.87,20.855,25.704,1.439,24.548,17.559,4564.95,79.95,438.26,4.346,70.24,20.933,25.714,1.486,24.51,17.473,MISFIRE,0.0,1.0,1.0,1.0,1.0,0.0,0.0,0.0,0.0
1.4,TAKEOFF,85.23,60.4,35.0,29.93,101.197,1.1632,4661.09,80.03,436.58,4.39,69.86,20.859,25.705,1.449,24.559,17.612,4669.51,79.53,435.25,4.376,69.53,21.022,25.741,1.437,24.497,17.648,MISFIRE,0.0,1.0,1.0,1.0,1.0,0.0,0.0,0.0,0.0
1.5,TAKEOFF,85.25,60.41,37.5,29.93,101.188,1.1631,4754.62,80.03,438.78,4.438,69.85,20.863,25.705,1.459,24.571,17.662,4767.81,80.19,438.39,4.465,70.02,20.867,25.667,1.541,24.614,17.666,MISFIRE,0.0,1.0,1.0,1.0,1.0,0.0,0.0,0.0,0.0
1.6,TAKEOFF,85.27,60.42,40.0,29.92,101.179,1.163,4843.51,80.03,440.96,4.483,69.84,20.866,25.705,1.468,24.581,17.71,4844.5,80.17,439.79,4.498,69.95,20.85,25.676,1.381,24.591,17.625,MISFIRE,0.0,1.0,1.0,1.0,1.0,0.0,0.0,0.0,0.0
1.7,TAKEOFF,85.28,60.43,42.5,29.91,101.17,1.1629,4928.0,80.03,443.12,4.527,69.83,20.87,25.706,1.476,24.591,17.756,4928.65,80.03,442.79,4.572,69.85,20.856,25.565,1.548,24.565,17.752,MISFIRE,0.0,1.0,1.0,1.0,1.0,0.0,0.0,0.0,0.0
1.8,TAKEOFF,85.3,60.45,45.0,29.91,101.16,1.1629,5008.29,80.03,445.24,4.568,69.82,20.873,25.706,1.484,24.6,17.795,4995.32,80.24,445.34,4.593,69.91,20.854,25.806,1.521,24.629,17.752,MISFIRE,0.0,1.0,1.0,1.0,1.0,0.0,0.0,0.0,0.0
1.9,TAKEOFF,85.32,60.46,47.5,29.91,101.151,1.1628,5084.61,80.03,447.34,4.607,69.81,20.877,25.706,1.492,24.6,17.797,5085.46,79.81,445.97,4.598,69.86,20.81,25.709,1.542,24.59,17.867,MISFIRE,0.0,1.0,1.0,1.0,1.0,0.0,0.0,0.0,0.0
2.0,TAKEOFF,85.33,60.47,50.0,29.9,101.142,1.1627,5157.15,80.03,449.41,4.644,69.81,20.88,25.707,1.499,24.6,17.8,5164.09,80.74,446.82,4.661,69.62,20.831,25.676,1.588,24.588,17.883,MISFIRE,0.0,1.0,1.0,1.0,1.0,0.0,0.0,0.0,0.0
2.1,TAKEOFF,85.35,60.48,52.5,29.89,101.133,1.1626,5226.1,80.03,451.46,4.68,69.8,20.884,25.707,1.506,24.6,17.802,5224.43,80.53,453.23,4.649,69.88,21.102,25.682,1.59,24.546,17.782,MISFIRE,0.0,1.0,1.0,1.0,1.0,0.0,0.0,0.0,0.0
2.2,TAKEOFF,85.37,60.49,55.0,29.89,101.124,1.1625,5291.64,80.03,453.49,4.713,69.79,20.888,25.707,1.513,24.6,17.805,5287.97,78.66,452.85,4.673,70.12,20.788,25.686,1.515,24.552,17.739,MISFIRE,0.0,1.0,1.0,1.0,1.0,0.0,0.0,0.0,0.0
2.3,TAKEOFF,85.38,60.5,57.5,29.89,101.115,1.1624,5353.93,80.04,455.48,4.745,69.78,20.891,25.708,1.519,24.6,17.808,5358.02,79.37,454.47,4.778,69.84,20.938,25.811,1.489,24.58,17.887,MISFIRE,0.0,1.0,1.0,1.0,1.0,0.0,0.0,0.0,0.0
2.4,TAKEOFF,85.4,60.51,60.0,29.88,101.106,1.1623,5413.15,80.04,457.46,4.776,69.77,20.895,25.708,1.525,24.6,17.81,5416.15,79.79,459.32,4.8,69.78,20.85,25.654,1.534,24.646,17.797,MISFIRE,0.0,1.0,1.0,1.0,1.0,0.0,0.0,0.0,0.0
2.5,TAKEOFF,85.42,60.52,62.5,29.88,101.096,1.1623,5469.45,80.04,459.41,4.805,69.76,20.898,25.708,1.531,24.6,17.812,5470.2,80.37,458.07,4.824,69.8,20.883,25.715,1.476,24.594,17.884,MISFIRE,0.0,1.0,1.0,1.0,1.0,0.0,0.0,0.0,0.0
2.6,TAKEOFF,85.43,60.53,65.0,29.87,101.087,1.1622,5522.96,80.04,461.33,4.832,69.75,20.902,25.709,1.537,24.6,17.815,5521.96,79.57,460.02,4.804,69.64,20.951,25.637,1.537,24.63,17.703,MISFIRE,0.0,1.0,1.0,1.0,1.0,0.0,0.0,0.0,0.0
2.7,TAKEOFF,85.45,60.54,67.5,29.86,101.078,1.1621,5573.84,80.04,463.24,4.858,69.74,20.905,25.709,1.542,24.6,17.818,5575.4,79.92,463.18,4.819,69.45,20.859,25.694,1.569,24.646,17.836,MISFIRE,0.0,1.0,1.0,1.0,1.0,0.0,0.0,0.0,0.0
2.8,TAKEOFF,85.47,60.55,70.0,29.86,101.069,1.162,5622.21,80.04,465.12,4.883,69.73,20.909,25.709,1.547,24.6,17.82,5617.37,79.55,465.13,4.87,69.77,20.958,25.765,1.596,24.579,17.637,MISFIRE,0.0,1.0,1.0,1.0,1.0,0.0,0.0,0.0,0.0
2.9,TAKEOFF,85.48,60.56,72.5,29.86,101.06,1.1619,5668.2,80.04,466.97,4.907,69.72,20.913,25.71,1.551,24.6,17.822,5667.56,79.76,465.72,4.894,69.71,20.94,25.682,1.464,24.694,17.829,MISFIRE,0.0,1.0,1.0,1.0,1.0,0.0,0.0,0.0,0.0
3.0,TAKEOFF,85.5,60.58,75.0,29.85,101.051,1.1618,5711.92,80.04,468.81,4.929,69.71,20.916,25.71,1.556,24.6,17.825,5716.28,80.56,465.62,4.967,70.25,21.054,25.768,1.575,24.721,17.798,MISFIRE,0.0,1.0,1.0,1.0,1.0,0.0,0.0,0.0,0.0
3.1,TAKEOFF,85.52,60.59,77.5,29.84,101.042,1.1617,5753.5,80.04,470.62,4.951,69.71,20.92,25.71,1.56,24.6,17.828,5753.45,79.61,470.48,4.946,69.88,21.047,25.728,1.469,24.618,17.796,MISFIRE,0.0,1.0,1.0,1.0,1.0,0.0,0.0,0.0,0.0
3.2,TAKEOFF,85.53,60.6,80.0,29.84,101.032,1.1616,5793.03,80.04,472.41,4.971,69.7,20.923,25.711,1.564,24.6,17.83,5794.19,80.75,472.28,4.977,69.47,20.959,25.722,1.553,24.603,17.948,MISFIRE,0.0,1.0,1.0,1.0,1.0,0.0,0.0,0.0,0.0
3.3,TAKEOFF,85.55,60.61,82.5,29.84,101.023,1.1616,5830.62,80.04,474.17,4.99,69.69,20.927,25.711,1.568,24.6,17.832,5829.11,80.3,471.14,4.995,70.1,20.758,25.703,1.6,24.529,17.852,MISFIRE,0.0,1.0,1.0,1.0,1.0,0.0,0.0,0.0,0.0
3.4,TAKEOFF,85.57,60.62,85.0,29.83,101.014,1.1615,5866.37,80.04,475.92,5.009,69.68,20.93,25.711,1.572,24.6,17.835,5862.96,79.62,477.23,5.004,69.83,21.103,25.669,1.539,24.6,17.872,MISFIRE,0.0,1.0,1.0,1.0,1.0,0.0,0.0,0.0,0.0
3.5,TAKEOFF,85.58,60.63,87.5,29.82,101.005,1.1614,5900.37,80.04,477.64,5.026,69.67,20.934,25.712,1.575,24.6,17.837,5902.78,79.28,477.6,5.034,70.17,20.848,25.738,1.676,24.639,17.865,MISFIRE,0.0,1.0,1.0,1.0,1.0,0.0,0.0,0.0,0.0
3.6,TAKEOFF,85.6,60.64,90.0,29.82,100.996,1.1613,5932.71,80.04,479.35,5.043,69.66,20.938,25.712,1.578,24.6,17.84,5936.11,80.07,476.96,5.08,69.81,21.073,25.736,1.502,24.483,17.793,MISFIRE,0.0,1.0,1.0,1.0,1.0,0.0,0.0,0.0,0.0
3.7,TAKEOFF,85.62,60.65,92.5,29.82,100.987,1.1612,5963.46,80.04,481.03,5.059,69.65,20.941,25.712,1.582,24.6,17.843,5970.43,80.65,480.68,5.001,69.79,20.915,25.615,1.65,24.626,17.846,MISFIRE,0.0,1.0,1.0,1.0,1.0,0.0,0.0,0.0,0.0
3.8,TAKEOFF,85.63,60.66,95.0,29.81,100.978,1.1611,5992.72,80.04,482.69,5.074,69.64,20.945,25.713,1.585,24.6,17.845,5998.82,79.42,479.85,5.062,69.43,21.02,25.714,1.511,24.681,17.832,MISFIRE,0.0,1.0,1.0,1.0,1.0,0.0,0.0,0.0,0.0
3.9,TAKEOFF,85.65,60.67,97.5,29.8,100.969,1.161,6020.54,80.04,484.33,5.088,69.63,20.948,25.713,1.587,24.6,17.848,6013.41,80.63,484.39,5.094,69.74,20.893,25.778,1.58,24.528,17.787,MISFIRE,0.0,1.0,1.0,1.0,1.0,0.0,0.0,0.0,0.0
4.0,TAKEOFF,85.67,60.68,100.0,29.8,100.959,1.161,6047.02,80.04,485.95,5.102,69.62,20.952,25.713,1.59,24.6,17.85,6051.73,79.74,487.54,5.127,69.61,21.143,25.737,1.637,24.691,17.739,MISFIRE,0.0,1.0,1.0,1.0,1.0,0.0,0.0,0.0,0.0
4.1,TAKEOFF,85.68,60.69,102.5,29.8,100.95,1.1609,6072.2,80.04,487.55,5.115,69.61,20.955,25.714,1.593,24.6,17.852,6068.02,79.73,489.73,5.122,68.94,20.906,25.714,1.6,24.606,18.036,MISFIRE,0.0,1.0,1.0,1.0,1.0,0.0,0.0,0.0,0.0
4.2,TAKEOFF,85.7,60.71,105.0,29.79,100.941,1.1608,6096.17,80.04,489.14,5.127,69.61,20.959,25.714,1.595,24.6,17.855,6103.72,80.68,487.92,5.129,69.27,21.057,25.669,1.608,24.593,17.795,MISFIRE,0.0,1.0,1.0,1.0,1.0,0.0,0.0,0.0,0.0
4.3,TAKEOFF,85.72,60.72,107.5,29.79,100.932,1.1607,6118.97,80.04,490.7,5.139,69.6,20.963,25.714,1.598,24.6,17.858,6113.94,79.7,490.0,5.152,69.71,21.021,25.675,1.659,24.521,17.856,MISFIRE,0.0,1.0,1.0,1.0,1.0,0.0,0.0,0.0,0.0
4.4,TAKEOFF,85.73,60.73,110.0,29.78,100.923,1.1606,6140.67,80.04,492.24,5.15,69.59,20.966,25.715,1.6,24.6,17.86,6132.0,80.94,496.1,5.161,68.73,21.08,25.839,1.592,24.649,17.824,MISFIRE,0.0,1.0,1.0,1.0,1.0,0.0,0.0,0.0,0.0
4.5,TAKEOFF,85.75,60.74,112.5,29.77,100.914,1.1605,6161.32,80.04,493.77,5.161,69.58,20.97,25.715,1.602,24.6,17.863,6153.14,80.85,495.57,5.179,69.13,20.975,25.668,1.596,24.546,18.003,MISFIRE,0.0,1.0,1.0,1.0,1.0,0.0,0.0,0.0,0.0
4.6,TAKEOFF,85.77,60.75,115.0,29.77,100.905,1.1604,6180.97,80.04,495.28,5.171,69.57,20.973,25.715,1.604,24.6,17.865,6182.49,80.23,494.5,5.192,69.29,21.106,25.748,1.613,24.633,17.766,MISFIRE,0.0,1.0,1.0,1.0,1.0,0.0,0.0,0.0,0.0
4.7,TAKEOFF,85.78,60.76,117.5,29.77,100.896,1.1604,6199.68,80.04,496.76,5.181,69.56,20.977,25.716,1.606,24.6,17.867,6201.95,80.75,498.47,5.17,69.41,20.975,25.722,1.59,24.564,17.778,MISFIRE,0.0,1.0,1.0,1.0,1.0,0.0,0.0,0.0,0.0
4.8,TAKEOFF,85.8,60.77,120.0,29.76,100.887,1.1603,6217.49,80.04,498.23,5.19,69.55,20.98,25.716,1.608,24.6,17.87,6215.96,80.72,501.35,5.153,70.11,20.984,25.787,1.632,24.558,17.853,MISFIRE,0.0,1.0,1.0,1.0,1.0,0.0,0.0,0.0,0.0
4.9,TAKEOFF,85.82,60.78,122.5,29.75,100.877,1.1602,6234.44,80.04,499.69,5.199,69.54,20.984,25.716,1.61,24.6,17.872,6220.8,79.57,499.28,5.196,69.93,20.855,25.731,1.583,24.583,18.055,MISFIRE,0.0,1.0,1.0,1.0,1.0,0.0,0.0,0.0,0.0
5.0,TAKEOFF,85.83,60.79,125.0,29.75,100.868,1.1601,6250.59,80.04,501.12,5.207,69.53,20.988,25.717,1.611,24.6,17.875,6253.52,79.81,503.02,5.236,69.47,20.879,25.657,1.63,24.561,17.749,MISFIRE,0.0,1.0,1.0,1.0,1.0,0.0,0.0,0.0,0.0
5.1,TAKEOFF,85.85,60.8,127.5,29.75,100.859,1.16,6265.96,80.04,502.54,5.215,69.52,20.991,25.717,1.613,24.6,17.877,6263.74,80.3,502.83,5.195,69.23,20.988,25.824,1.628,24.604,17.947,MISFIRE,0.0,1.0,1.0,1.0,1.0,0.0,0.0,0.0,0.0
5.2,TAKEOFF,85.87,60.81,130.0,29.74,100.85,1.1599,6280.6,80.04,503.94,5.223,69.52,20.995,25.717,1.615,24.6,17.88,6288.04,80.8,504.69,5.185,69.29,20.869,25.693,1.653,24.56,18.047,MISFIRE,0.0,1.0,1.0,1.0,1.0,0.0,0.0,0.0,0.0
5.3,TAKEOFF,85.88,60.82,132.5,29.73,100.841,1.1598,6294.55,80.04,505.32,5.23,69.51,20.998,25.718,1.616,24.6,17.883,6294.49,79.62,507.4,5.214,69.29,21.08,25.671,1.603,24.593,17.876,MISFIRE,0.0,1.0,1.0,1.0,1.0,0.0,0.0,0.0,0.0
5.4,TAKEOFF,85.9,60.84,135.0,29.73,100.832,1.1598,6307.83,80.04,506.69,5.237,69.5,21.002,25.718,1.617,24.6,17.885,6307.75,79.84,509.39,5.18,69.91,20.924,25.657,1.632,24.532,17.851,MISFIRE,0.0,1.0,1.0,1.0,1.0,0.0,0.0,0.0,0.0
5.5,TAKEOFF,85.92,60.85,137.5,29.73,100.823,1.1597,6320.49,80.04,508.04,5.243,69.49,21.005,25.718,1.619,24.6,17.888,6314.43,79.67,509.03,5.26,69.55,21.011,25.625,1.595,24.717,17.968,MISFIRE,0.0,1.0,1.0,1.0,1.0,0.0,0.0,0.0,0.0
5.6,TAKEOFF,85.93,60.86,140.0,29.72,100.814,1.1596,6332.55,80.04,509.37,5.25,69.48,21.009,25.719,1.62,24.6,17.89,6340.97,79.51,510.76,5.314,69.86,20.991,25.73,1.613,24.658,17.855,MISFIRE,0.0,1.0,1.0,1.0,1.0,0.0,0.0,0.0,0.0
5.7,TAKEOFF,85.95,60.87,142.5,29.71,100.805,1.1595,6344.04,80.04,510.69,5.256,69.47,21.013,25.719,1.621,24.6,17.892,6332.84,80.26,512.14,5.249,69.55,21.041,25.745,1.655,24.555,17.792,MISFIRE,0.0,1.0,1.0,1.0,1.0,0.0,0.0,0.0,0.0
5.8,TAKEOFF,85.97,60.88,145.0,29.71,100.795,1.1594,6355.0,80.04,511.99,5.261,69.46,21.016,25.719,1.623,24.6,17.895,6357.94,80.32,511.99,5.234,69.74,21.337,25.662,1.681,24.685,17.999,MISFIRE,0.0,1.0,1.0,1.0,1.0,0.0,0.0,0.0,0.0
5.9,TAKEOFF,85.98,60.89,147.5,29.71,100.786,1.1593,6365.45,80.04,513.27,5.267,69.45,21.02,25.72,1.624,24.6,17.898,6369.43,79.85,515.96,5.304,69.26,21.075,25.682,1.521,24.551,17.888,MISFIRE,0.0,1.0,1.0,1.0,1.0,0.0,0.0,0.0,0.0
6.0,TAKEOFF,86.0,60.9,150.0,29.7,100.777,1.1593,6375.4,80.04,514.54,5.272,69.44,21.023,25.72,1.625,24.6,17.9,6378.08,80.04,513.47,5.246,69.93,20.933,25.683,1.649,24.618,17.886,MISFIRE,0.0,1.0,1.0,1.0,1.0,0.0,0.0,0.0,0.0
6.1,TAKEOFF,86.02,60.91,152.5,29.7,100.768,1.1592,6384.9,80.04,515.8,5.277,69.44,21.027,25.72,1.626,24.6,17.902,6385.58,79.79,515.67,5.263,69.45,21.144,25.782,1.64,24.586,17.783,MISFIRE,0.0,1.0,1.0,1.0,1.0,0.0,0.0,0.0,0.0
6.2,TAKEOFF,86.03,60.92,155.0,29.69,100.759,1.1591,6393.96,80.04,517.04,5.281,69.43,21.03,25.721,1.627,24.6,17.905,6382.63,78.69,515.71,5.254,69.16,21.195,25.748,1.649,24.602,17.835,MISFIRE,0.0,1.0,1.0,1.0,1.0,0.0,0.0,0.0,0.0
6.3,TAKEOFF,86.05,60.93,157.5,29.68,100.75,1.159,6402.61,80.04,518.26,5.286,69.42,21.034,25.721,1.628,24.6,17.907,6410.56,79.82,517.94,5.29,69.59,21.038,25.781,1.581,24.602,18.027,MISFIRE,0.0,1.0,1.0,1.0,1.0,0.0,0.0,0.0,0.0
6.4,TAKEOFF,86.07,60.94,160.0,29.68,100.741,1.1589,6410.85,80.04,519.47,5.29,69.41,21.038,25.721,1.629,24.6,17.91,6404.15,79.84,520.09,5.271,69.45,20.982,25.673,1.596,24.702,17.683,MISFIRE,0.0,1.0,1.0,1.0,1.0,0.0,0.0,0.0,0.0
6.5,TAKEOFF,86.08,60.95,162.5,29.68,100.732,1.1588,6418.72,80.04,520.67,5.294,69.4,21.041,25.722,1.63,24.6,17.913,6422.59,80.0,521.89,5.321,69.27,21.165,25.694,1.634,24.533,17.983,MISFIRE,0.0,1.0,1.0,1.0,1.0,0.0,0.0,0.0,0.0
6.6,TAKEOFF,86.1,60.96,165.0,29.67,100.723,1.1587,6426.24,80.04,521.85,5.298,69.39,21.045,25.722,1.63,24.6,17.915,6432.63,80.49,523.34,5.321,69.43,20.921,25.699,1.563,24.64,17.853,MISFIRE,0.0,1.0,1.0,1.0,1.0,0.0,0.0,0.0,0.0
6.7,TAKEOFF,86.12,60.98,167.5,29.66,100.714,1.1587,6433.41,80.04,523.01,5.302,69.38,21.048,25.722,1.631,24.6,17.918,6437.05,79.49,521.93,5.236,68.93,21.036,25.675,1.612,24.615,17.902,MISFIRE,0.0,1.0,1.0,1.0,1.0,0.0,0.0,0.0,0.0
6.8,TAKEOFF,86.13,60.99,170.0,29.66,100.704,1.1586,6440.27,80.04,524.17,5.306,69.37,21.052,25.723,1.632,24.6,17.92,6440.14,79.91,525.15,5.297,69.68,21.19,25.737,1.634,24.703,17.925,MISFIRE,0.0,1.0,1.0,1.0,1.0,0.0,0.0,0.0,0.0
6.9,TAKEOFF,86.15,61.0,172.5,29.66,100.695,1.1585,6446.81,80.04,525.3,5.309,69.36,21.056,25.723,1.633,24.6,17.922,6453.72,79.5,524.66,5.286,69.64,20.929,25.745,1.623,24.686,17.864,MISFIRE,0.0,1.0,1.0,1.0,1.0,0.0,0.0,0.0,0.0
7.0,TAKEOFF,86.17,61.01,175.0,29.65,100.686,1.1584,6453.07,80.04,526.43,5.312,69.36,21.059,25.723,1.633,24.6,17.925,6460.06,80.47,524.5,5.32,69.44,21.151,25.704,1.602,24.52,18.018,MISFIRE,0.0,1.0,1.0,1.0,1.0,0.0,0.0,0.0,0.0
7.1,TAKEOFF,86.18,61.02,177.5,29.64,100.677,1.1583,6459.05,80.04,527.54,5.316,69.35,21.063,25.724,1.634,24.6,17.928,6459.62,79.7,525.2,5.294,68.83,21.183,25.645,1.604,24.505,18.0,MISFIRE,0.0,1.0,1.0,1.0,1.0,0.0,0.0,0.0,0.0
7.2,TAKEOFF,86.2,61.03,180.0,29.64,100.668,1.1582,6464.77,80.04,528.64,5.319,69.34,21.066,25.724,1.635,24.6,17.93,6472.38,79.51,527.98,5.374,69.55,21.022,25.699,1.653,24.569,17.973,MISFIRE,0.0,1.0,1.0,1.0,1.0,0.0,0.0,0.0,0.0
7.3,TAKEOFF,86.22,61.04,182.5,29.64,100.659,1.1581,6470.24,80.04,529.72,5.321,69.33,21.07,25.724,1.635,24.6,17.932,6471.61,80.74,529.31,5.32,69.37,21.103,25.728,1.612,24.629,17.985,MISFIRE,0.0,1.0,1.0,1.0,1.0,0.0,0.0,0.0,0.0
7.4,TAKEOFF,86.23,61.05,185.0,29.63,100.65,1.1581,6475.47,80.04,530.79,5.324,69.32,21.073,25.725,1.636,24.6,17.935,6474.0,80.21,532.97,5.345,69.16,20.944,25.729,1.612,24.695,17.854,MISFIRE,0.0,1.0,1.0,1.0,1.0,0.0,0.0,0.0,0.0
7.5,TAKEOFF,86.25,61.06,187.5,29.62,100.641,1.158,6480.47,80.04,531.85,5.327,69.31,21.077,25.725,1.637,24.6,17.938,6487.36,81.3,530.17,5.352,68.88,21.002,25.722,1.627,24.57,17.925,MISFIRE,0.0,1.0,1.0,1.0,1.0,0.0,0.0,0.0,0.0
7.6,TAKEOFF,86.27,61.07,190.0,29.62,100.632,1.1579,6485.27,80.04,532.9,5.329,69.3,21.081,25.725,1.637,24.6,17.94,6494.67,80.35,531.3,5.333,69.62,21.052,25.735,1.706,24.598,17.854,MISFIRE,0.0,1.0,1.0,1.0,1.0,0.0,0.0,0.0,0.0
7.7,TAKEOFF,86.28,61.08,192.5,29.62,100.623,1.1578,6489.86,80.04,533.93,5.332,69.29,21.084,25.726,1.638,24.6,17.943,6484.39,80.18,532.89,5.36,69.39,20.919,25.795,1.701,24.609,17.774,MISFIRE,0.0,1.0,1.0,1.0,1.0,0.0,0.0,0.0,0.0
7.8,TAKEOFF,86.3,61.09,195.0,29.61,100.613,1.1577,6494.25,80.04,534.95,5.334,69.29,21.088,25.726,1.638,24.6,17.945,6492.05,80.85,535.93,5.324,69.31,21.186,25.712,1.543,24.631,18.032,MISFIRE,0.0,1.0,1.0,1.0,1.0,0.0,0.0,0.0,0.0
7.9,TAKEOFF,86.32,61.11,197.5,29.61,100.604,1.1576,6498.47,80.04,535.96,5.336,69.28,21.091,25.726,1.639,24.6,17.947,6506.04,80.86,535.32,5.351,69.15,21.275,25.798,1.659,24.655,18.054,MISFIRE,0.0,1.0,1.0,1.0,1.0,0.0,0.0,0.0,0.0
8.0,TAKEOFF,86.33,61.12,200.0,29.6,100.595,1.1575,6502.5,80.04,536.96,5.338,69.27,21.095,25.727,1.639,24.6,17.95,6500.34,80.12,535.89,5.331,69.62,21.131,25.678,1.649,24.651,17.808,MISFIRE,0.0,1.0,1.0,1.0,1.0,0.0,0.0,0.0,0.0
8.1,TAKEOFF,86.35,61.13,202.5,29.59,100.586,1.1575,6506.27,80.04,537.94,5.34,69.26,21.102,25.727,1.648,24.6,17.953,6501.13,79.96,539.73,5.354,69.37,20.907,25.724,1.598,24.544,17.911,MISFIRE,0.003,1.0,1.0,1.0,1.0,0.003,0.0,0.0,0.0
8.2,TAKEOFF,86.37,61.14,205.0,29.59,100.577,1.1574,6509.77,80.04,538.91,5.342,69.25,21.109,25.727,1.657,24.6,17.955,6506.86,80.29,541.14,5.351,69.33,21.041,25.742,1.602,24.615,17.964,MISFIRE,0.007,1.0,1.0,1.0,1.0,0.007,0.0,0.0,0.0
8.3,TAKEOFF,86.38,61.15,207.5,29.59,100.568,1.1573,6513.03,80.04,539.86,5.344,69.24,21.116,25.728,1.665,24.6,17.957,6518.82,80.68,538.57,5.322,68.94,21.152,25.745,1.625,24.54,17.882,MISFIRE,0.01,1.0,1.0,1.0,1.0,0.01,0.0,0.0,0.0
8.4,TAKEOFF,86.4,61.16,210.0,29.58,100.559,1.1572,6516.04,80.04,540.8,5.346,69.23,21.123,25.728,1.674,24.6,17.96,6516.43,80.62,542.04,5.342,69.53,21.267,25.7,1.704,24.657,18.029,MISFIRE,0.013,1.0,1.0,1.0,1.0,0.013,0.0,0.0,0.0
8.5,TAKEOFF,86.42,61.17,212.5,29.57,100.55,1.1571,6518.84,80.04,541.73,5.347,69.22,21.13,25.728,1.683,24.6,17.962,6518.25,79.52,540.8,5.326,69.15,21.239,25.738,1.713,24.559,18.062,MISFIRE,0.017,1.0,1.0,1.0,1.0,0.017,0.0,0.0,0.0
8.6,TAKEOFF,86.43,61.18,215.0,29.57,100.541,1.157,6521.42,80.04,542.65,5.349,69.22,21.137,25.729,1.692,24.6,17.965,6517.68,80.31,543.76,5.363,69.56,21.05,25.758,1.758,24.573,17.856,MISFIRE,0.02,1.0,1.0,1.0,1.0,0.02,0.0,0.0,0.0
8.7,TAKEOFF,86.45,61.19,217.5,29.57,100.532,1.1569,6523.8,80.04,543.55,5.35,69.21,21.144,25.729,1.7,24.6,17.968,6526.39,80.01,544.96,5.314,70.03,21.25,25.761,1.73,24.597,17.905,MISFIRE,0.023,1.0,1.0,1.0,1.0,0.023,0.0,0.0,0.0
8.8,TAKEOFF,86.47,61.2,220.0,29.56,100.523,1.1569,6525.99,80.04,544.44,5.351,69.2,21.152,25.729,1.709,24.6,17.97,6528.47,79.99,546.18,5.395,69.81,21.201,25.679,1.636,24.636,18.008,MISFIRE,0.027,1.0,1.0,1.0,1.0,0.027,0.0,0.0,0.0
8.9,TAKEOFF,86.48,61.21,222.5,29.55,100.514,1.1568,6527.99,80.04,545.31,5.352,69.19,21.159,25.73,1.718,24.6,17.973,6539.5,80.57,545.73,5.373,68.73,21.102,25.809,1.672,24.614,17.94,MISFIRE,0.03,1.0,1.0,1.0,1.0,0.03,0.0,0.0,0.0
9.0,TAKEOFF,86.5,61.23,225.0,29.55,100.504,1.1567,6529.82,80.04,546.18,5.353,69.18,21.166,25.73,1.726,24.6,17.975,6534.48,80.21,546.64,5.372,69.24,21.155,25.636,1.738,24.662,17.934,MISFIRE,0.033,1.0,1.0,1.0,1.0,0.033,0.0,0.0,0.0
9.1,TAKEOFF,86.52,61.24,227.5,29.55,100.495,1.1566,6531.49,80.04,547.03,5.354,69.17,21.173,25.73,1.735,24.6,17.977,6535.28,79.88,545.18,5.359,69.23,21.102,25.771,1.82,24.653,18.014,MISFIRE,0.037,1.0,1.0,1.0,1.0,0.037,0.0,0.0,0.0
9.2,TAKEOFF,86.53,61.25,230.0,29.54,100.486,1.1565,6532.99,80.04,547.87,5.355,69.16,21.18,25.731,1.743,24.6,17.98,6531.7,79.73,548.64,5.338,69.14,21.186,25.797,1.782,24.556,18.019,MISFIRE,0.04,1.0,1.0,1.0,1.0,0.04,0.0,0.0,0.0
9.3,TAKEOFF,86.55,61.26,232.5,29.54,100.477,1.1564,6534.35,80.04,548.7,5.356,69.15,21.187,25.731,1.752,24.6,17.982,6543.21,79.65,548.29,5.363,69.06,21.343,25.749,1.765,24.518,17.914,MISFIRE,0.043,1.0,1.0,1.0,1.0,0.043,0.0,0.0,0.0
9.4,TAKEOFF,86.57,61.27,235.0,29.53,100.468,1.1563,6535.57,80.04,549.51,5.356,69.15,21.194,25.731,1.76,24.6,17.985,6535.03,79.17,548.1,5.359,69.07,21.216,25.717,1.785,24.725,17.936,MISFIRE,0.047,1.0,1.0,1.0,1.0,0.047,0.0,0.0,0.0
9.5,TAKEOFF,86.58,61.28,237.5,29.53,100.459,1.1563,6536.66,80.04,550.31,5.357,69.14,21.201,25.732,1.769,24.6,17.987,6543.54,79.36,548.76,5.36,69.04,21.094,25.755,1.702,24.678,18.029,MISFIRE,0.05,1.0,1.0,1.0,1.0,0.05,0.0,0.0,0.0
9.6,TAKEOFF,86.6,61.29,240.0,29.52,100.45,1.1562,6537.61,80.04,551.11,5.358,69.13,21.208,25.732,1.777,24.6,17.99,6542.44,80.24,552.76,5.353,69.18,21.156,25.819,1.826,24.618,17.949,MISFIRE,0.053,1.0,1.0,1.0,1.0,0.053,0.0,0.0,0.0
9.7,TAKEOFF,86.62,61.3,242.5,29.52,100.441,1.1561,6538.45,80.04,551.89,5.358,69.12,21.215,25.732,1.786,24.6,17.992,6537.23,80.55,552.05,5.339,69.23,21.127,25.647,1.741,24.602,17.858,MISFIRE,0.057,1.0,1.0,1.0,1.0,0.057,0.0,0.0,0.0
9.8,TAKEOFF,86.63,61.31,245.0,29.51,100.432,1.156,6539.17,80.04,552.66,5.359,69.11,21.223,25.733,1.794,24.6,17.995,6536.25,79.08,552.05,5.304,69.01,21.297,25.69,1.639,24.7,17.907,MISFIRE,0.06,1.0,1.0,1.0,1.0,0.06,0.0,0.0,0.0
9.9,TAKEOFF,86.65,61.32,247.5,29.51,100.423,1.1559,6539.78,80.04,553.42,5.359,69.1,21.23,25.733,1.803,24.6,17.997,6541.81,79.85,551.51,5.352,69.2,21.266,25.796,1.765,24.569,18.076,MISFIRE,0.063,1.0,1.0,1.0,1.0,0.063,0.0,0.0,0.0
10.0,TAKEOFF,86.67,61.33,250.0,29.5,100.414,1.1558,6540.28,80.04,554.16,5.359,69.09,21.237,25.733,1.811,24.6,18.0,6546.36,79.49,554.63,5.352,69.05,21.275,25.755,1.848,24.592,18.122,MISFIRE,0.067,1.0,1.0,1.0,1.0,0.067,0.0,0.0,0.0
10.1,TAKEOFF,86.68,61.34,252.5,29.5,100.405,1.1557,6540.69,80.04,554.9,5.36,69.08,21.244,25.734,1.82,24.6,18.002,6523.64,79.86,555.48,5.334,68.98,21.311,25.75,1.816,24.552,17.805,MISFIRE,0.07,1.0,1.0,1.0,1.0,0.07,0.0,0.0,0.0
10.2,TAKEOFF,86.7,61.36,255.0,29.49,100.396,1.1557,6541.0,80.04,555.62,5.36,69.08,21.251,25.734,1.828,24.6,18.005,6548.4,80.46,555.53,5.381,69.24,21.17,25.717,1.852,24.571,18.012,MISFIRE,0.073,1.0,1.0,1.0,1.0,0.073,0.0,0.0,0.0
10.3,TAKEOFF,86.72,61.37,257.5,29.48,100.387,1.1556,6541.23,80.04,556.34,5.36,69.07,21.258,25.734,1.837,24.6,18.008,6543.35,80.14,559.36,5.358,69.24,21.422,25.687,1.807,24.611,18.139,MISFIRE,0.077,1.0,1.0,1.0,1.0,0.077,0.0,0.0,0.0
10.4,TAKEOFF,86.73,61.38,260.0,29.48,100.377,1.1555,6541.37,80.04,557.04,5.36,69.06,21.265,25.735,1.845,24.6,18.01,6549.99,80.62,554.61,5.398,69.34,21.163,25.731,1.819,24.676,18.029,MISFIRE,0.08,1.0,1.0,1.0,1.0,0.08,0.0,0.0,0.0
10.5,TAKEOFF,86.75,61.39,262.5,29.48,100.368,1.1554,6541.42,80.04,557.74,5.36,69.05,21.272,25.735,1.854,24.6,18.013,6528.72,80.12,557.82,5.36,69.17,21.235,25.738,1.873,24.636,18.003,MISFIRE,0.083,1.0,1.0,1.0,1.0,0.083,0.0,0.0,0.0
10.6,TAKEOFF,86.77,61.4,265.0,29.47,100.359,1.1553,6541.41,80.04,558.42,5.36,69.04,21.28,25.735,1.862,24.6,18.015,6544.21,80.21,558.35,5.35,68.88,21.146,25.758,2.014,24.673,17.864,MISFIRE,0.087,1.0,1.0,1.0,1.0,0.087,0.0,0.0,0.0
10.7,TAKEOFF,86.78,61.41,267.5,29.46,100.35,1.1552,6541.32,80.04,559.1,5.36,69.03,21.287,25.736,1.87,24.6,18.017,6540.4,80.59,559.55,5.356,69.39,21.213,25.76,1.854,24.566,18.04,MISFIRE,0.09,1.0,1.0,1.0,1.0,0.09,0.0,0.0,0.0
10.8,TAKEOFF,86.8,61.42,270.0,29.46,100.341,1.1551,6541.15,80.04,559.76,5.36,69.02,21.294,25.736,1.879,24.6,18.02,6537.72,79.69,556.92,5.385,68.91,21.295,25.694,1.852,24.549,18.085,MISFIRE,0.093,1.0,1.0,1.0,1.0,0.093,0.0,0.0,0.0
10.9,TAKEOFF,86.82,61.43,272.5,29.46,100.332,1.1551,6540.93,80.04,560.41,5.36,69.02,21.301,25.736,1.887,24.6,18.023,6542.35,79.57,559.29,5.392,69.39,21.286,25.803,1.847,24.553,17.989,MISFIRE,0.097,1.0,1.0,1.0,1.0,0.097,0.0,0.0,0.0
11.0,TAKEOFF,86.83,61.44,275.0,29.45,100.323,1.155,6540.64,80.04,561.06,5.36,69.01,21.308,25.737,1.896,24.6,18.025,6545.95,81.28,560.4,5.368,68.98,21.413,25.819,1.943,24.616,18.093,MISFIRE,0.1,1.0,1.0,1.0,1.0,0.1,0.0,0.0,0.0
11.1,TAKEOFF,86.85,61.45,277.5,29.45,100.314,1.1549,6540.29,80.04,561.69,5.36,69.0,21.315,25.737,1.904,24.6,18.027,6546.98,79.56,562.58,5.351,68.51,21.281,25.717,1.903,24.621,18.069,MISFIRE,0.103,1.0,1.0,1.0,1.0,0.103,0.0,0.0,0.0
11.2,TAKEOFF,86.87,61.46,280.0,29.44,100.305,1.1548,6539.89,80.04,562.32,5.36,68.99,21.322,25.737,1.912,24.6,18.03,6540.39,79.64,563.66,5.405,69.26,21.309,25.742,1.994,24.582,17.92,MISFIRE,0.107,1.0,1.0,1.0,1.0,0.107,0.0,0.0,0.0
11.3,TAKEOFF,86.88,61.47,282.5,29.44,100.296,1.1547,6539.43,80.04,562.93,5.36,68.98,21.329,25.738,1.921,24.6,18.032,6540.52,80.32,563.02,5.409,69.61,21.305,25.697,1.926,24.536,17.994,MISFIRE,0.11,1.0,1.0,1.0,1.0,0.11,0.0,0.0,0.0
11.4,TAKEOFF,86.9,61.48,285.0,29.43,100.287,1.1546,6538.92,80.04,563.54,5.36,68.97,21.337,25.738,1.929,24.6,18.035,6541.09,79.88,562.73,5.395,69.44,21.311,25.777,1.841,24.645,17.997,MISFIRE,0.113,1.0,1.0,1.0,1.0,0.113,0.0,0.0,0.0
11.5,TAKEOFF,86.92,61.5,287.5,29.43,100.278,1.1546,6538.36,80.03,564.14,5.359,68.96,21.344,25.738,1.937,24.6,18.037,6533.88,80.67,565.17,5.397,69.19,21.269,25.741,2.01,24.636,18.036,MISFIRE,0.117,1.0,1.0,1.0,1.0,0.117,0.0,0.0,0.0
11.6,TAKEOFF,86.93,61.51,290.0,29.42,100.269,1.1545,6537.76,80.03,564.72,5.359,68.96,21.351,25.739,1.946,24.6,18.04,6541.08,79.9,566.33,5.367,68.78,21.229,25.752,1.998,24.627,18.382,MISFIRE,0.12,1.0,1.0,1.0,1.0,0.12,0.0,0.0,0.0
11.7,TAKEOFF,86.95,61.52,292.5,29.42,100.26,1.1544,6537.11,80.03,565.3,5.359,68.95,21.358,25.739,1.954,24.6,18.042,6538.8,81.04,565.87,5.381,69.01,21.489,25.721,1.98,24.663,18.101,MISFIRE,0.123,1.0,1.0,1.0,1.0,0.123,0.0,0.0,0.0
11.8,TAKEOFF,86.97,61.53,295.0,29.41,100.251,1.1543,6536.42,80.03,565.87,5.359,68.94,21.365,25.739,1.963,24.6,18.045,6535.25,80.12,567.71,5.39,68.76,21.242,25.66,1.952,24.616,18.131,MISFIRE,0.127,1.0,1.0,1.0,1.0,0.127,0.0,0.0,0.0
11.9,TAKEOFF,86.98,61.54,297.5,29.41,100.242,1.1542,6535.69,80.03,566.44,5.358,68.93,21.372,25.74,1.971,24.6,18.047,6533.96,80.06,567.05,5.363,69.47,21.391,25.773,2.035,24.587,18.105,MISFIRE,0.13,1.0,1.0,1.0,1.0,0.13,0.0,0.0,0.0
12.0,TAKEOFF,87.0,61.55,300.0,29.4,100.232,1.1541,6534.92,80.03,566.99,5.358,68.92,21.379,25.74,1.979,24.6,18.05,6536.51,81.32,566.7,5.352,69.0,21.492,25.761,2.02,24.632,18.122,MISFIRE,0.133,1.0,1.0,1.0,1.0,0.133,0.0,0.0,0.0
12.1,TAKEOFF,87.02,61.56,302.5,29.4,100.223,1.154,6534.12,80.03,567.53,5.358,68.91,21.386,25.74,1.988,24.6,18.053,6524.52,80.11,567.2,5.414,68.6,21.471,25.756,1.943,24.615,17.898,MISFIRE,0.137,1.0,1.0,1.0,1.0,0.137,0.0,0.0,0.0
12.2,TAKEOFF,87.03,61.57,305.0,29.39,100.214,1.154,6533.28,80.03,568.07,5.357,68.9,21.394,25.741,1.996,24.6,18.055,6533.0,80.76,567.39,5.366,68.57,21.508,25.787,1.998,24.624,18.16,MISFIRE,0.14,1.0,1.0,1.0,1.0,0.14,0.0,0.0,0.0
12.3,TAKEOFF,87.05,61.58,307.5,29.39,100.205,1.1539,6532.41,80.03,568.6,5.357,68.9,21.401,25.741,2.004,24.6,18.057,6520.26,79.91,571.19,5.35,68.71,21.511,25.721,2.004,24.565,17.97,MISFIRE,0.143,1.0,1.0,1.0,1.0,0.143,0.0,0.0,0.0
12.4,TAKEOFF,87.07,61.59,310.0,29.38,100.196,1.1538,6531.51,80.03,569.12,5.356,68.89,21.408,25.741,2.013,24.6,18.06,6520.68,80.49,569.53,5.402,68.57,21.506,25.791,1.967,24.531,18.032,MISFIRE,0.147,1.0,1.0,1.0,1.0,0.147,0.0,0.0,0.0
12.5,TAKEOFF,87.08,61.6,312.5,29.38,100.187,1.1537,6530.58,80.03,569.63,5.356,68.88,21.415,25.742,2.021,24.6,18.062,6530.28,80.44,568.55,5.313,68.88,21.38,25.728,2.059,24.546,18.105,MISFIRE,0.15,1.0,1.0,1.0,1.0,0.15,0.0,0.0,0.0
12.6,TAKEOFF,87.1,61.61,315.0,29.37,100.178,1.1536,6529.63,80.03,570.14,5.356,68.87,21.422,25.742,2.029,24.6,18.065,6537.31,80.21,568.0,5.34,68.55,21.345,25.703,2.078,24.54,17.991,MISFIRE,0.153,1.0,1.0,1.0,1.0,0.153,0.0,0.0,0.0
12.7,TAKEOFF,87.12,61.63,317.5,29.37,100.169,1.1535,6528.64,80.03,570.63,5.355,68.86,21.429,25.742,2.038,24.6,18.067,6541.1,79.41,570.43,5.387,69.07,21.485,25.727,2.013,24.601,18.074,MISFIRE,0.157,1.0,1.0,1.0,1.0,0.157,0.0,0.0,0.0
12.8,TAKEOFF,87.13,61.64,320.0,29.36,100.16,1.1534,6527.64,80.03,571.12,5.355,68.85,21.436,25.743,2.046,24.6,18.07,6530.21,79.36,568.9,5.373,68.73,21.289,25.703,2.135,24.627,18.084,MISFIRE,0.16,1.0,1.0,1.0,1.0,0.16,0.0,0.0,0.0
12.9,TAKEOFF,87.15,61.65,322.5,29.36,100.151,1.1534,6526.6,80.03,571.6,5.354,68.85,21.444,25.743,2.054,24.6,18.072,6524.24,79.52,569.78,5.369,68.85,21.38,25.711,2.099,24.61,17.946,MISFIRE,0.163,1.0,1.0,1.0,1.0,0.163,0.0,0.0,0.0
13.0,TAKEOFF,87.17,61.66,325.0,29.35,100.142,1.1533,6525.55,80.03,572.07,5.354,68.84,21.451,25.743,2.062,24.6,18.075,6530.54,80.57,571.63,5.428,69.01,21.492,25.683,2.085,24.639,18.012,MISFIRE,0.167,1.0,1.0,1.0,1.0,0.167,0.0,0.0,0.0
13.1,TAKEOFF,87.18,61.67,327.5,29.35,100.133,1.1532,6524.47,80.03,572.54,5.353,68.83,21.458,25.744,2.071,24.6,18.078,6520.34,79.95,569.59,5.372,68.88,21.586,25.807,2.008,24.57,17.834,MISFIRE,0.17,1.0,1.0,1.0,1.0,0.17,0.0,0.0,0.0
13.2,TAKEOFF,87.2,61.68,330.0,29.34,100.124,1.1531,6523.37,80.03,573.0,5.353,68.82,21.465,25.744,2.079,24.6,18.08,6531.97,80.43,573.26,5.342,68.74,21.568,25.712,2.05,24.622,18.219,MISFIRE,0.173,1.0,1.0,1.0,1.0,0.173,0.0,0.0,0.0
13.3,TAKEOFF,87.22,61.69,332.5,29.34,100.115,1.153,6522.26,80.03,573.45,5.352,68.81,21.472,25.744,2.087,24.6,18.082,6519.33,80.13,572.74,5.407,68.82,21.453,25.62,2.057,24.613,18.167,MISFIRE,0.177,1.0,1.0,1.0,1.0,0.177,0.0,0.0,0.0
13.4,TAKEOFF,87.23,61.7,335.0,29.33,100.106,1.1529,6521.12,80.03,573.89,5.352,68.8,21.479,25.745,2.096,24.6,18.085,6514.09,80.82,572.93,5.34,68.5,21.624,25.691,2.074,24.516,18.225,MISFIRE,0.18,1.0,1.0,1.0,1.0,0.18,0.0,0.0,0.0
13.5,TAKEOFF,87.25,61.71,337.5,29.33,100.097,1.1528,6519.97,80.03,574.33,5.351,68.79,21.486,25.745,2.104,24.6,18.087,6520.4,80.14,574.19,5.41,68.92,21.591,25.676,2.032,24.64,18.083,MISFIRE,0.183,1.0,1.0,1.0,1.0,0.183,0.0,0.0,0.0
13.6,TAKEOFF,87.27,61.72,340.0,29.32,100.088,1.1528,6518.8,80.03,574.76,5.351,68.79,21.494,25.745,2.112,24.6,18.09,6518.17,80.19,571.76,5.358,68.73,21.437,25.803,2.112,24.66,17.921,MISFIRE,0.187,1.0,1.0,1.0,1.0,0.187,0.0,0.0,0.0
13.7,TAKEOFF,87.28,61.73,342.5,29.32,100.079,1.1527,6517.61,80.03,575.18,5.35,68.78,21.501,25.746,2.121,24.6,18.093,6514.46,80.28,577.15,5.339,68.73,21.653,25.769,2.13,24.643,18.146,MISFIRE,0.19,1.0,1.0,1.0,1.0,0.19,0.0,0.0,0.0
13.8,TAKEOFF,87.3,61.74,345.0,29.31,100.07,1.1526,6516.41,80.03,575.6,5.35,68.77,21.508,25.746,2.129,24.6,18.095,6512.0,80.55,580.0,5.368,68.88,21.444,25.741,2.256,24.601,18.079,MISFIRE,0.193,1.0,1.0,1.0,1.0,0.193,0.0,0.0,0.0
13.9,TAKEOFF,87.32,61.76,347.5,29.31,100.061,1.1525,6515.19,80.03,576.01,5.349,68.76,21.515,25.746,2.137,24.6,18.098,6512.3,80.19,573.61,5.364,68.79,21.566,25.761,2.069,24.642,18.082,MISFIRE,0.197,1.0,1.0,1.0,1.0,0.197,0.0,0.0,0.0
14.0,TAKEOFF,87.33,61.77,350.0,29.3,100.052,1.1524,6513.96,80.03,576.41,5.349,68.75,21.522,25.747,2.146,24.6,18.1,6505.32,80.11,574.91,5.36,68.36,21.392,25.773,2.133,24.638,18.144,MISFIRE,0.2,1.0,1.0,1.0,1.0,0.2,0.0,0.0,0.0
14.1,TAKEOFF,87.35,61.78,352.5,29.3,100.042,1.1523,6512.72,80.03,576.81,5.348,68.74,21.529,25.747,2.154,24.6,18.102,6510.6,79.74,577.28,5.32,68.49,21.394,25.824,2.184,24.571,18.079,MISFIRE,0.203,1.0,1.0,1.0,1.0,0.203,0.0,0.0,0.0
14.2,TAKEOFF,87.37,61.79,355.0,29.29,100.033,1.1523,6511.47,80.03,577.19,5.347,68.74,21.537,25.747,2.162,24.6,18.105,6519.27,79.51,577.72,5.322,67.85,21.459,25.74,2.254,24.566,18.003,MISFIRE,0.207,1.0,1.0,1.0,1.0,0.207,0.0,0.0,0.0
14.3,TAKEOFF,87.38,61.8,357.5,29.29,100.024,1.1522,6510.2,80.03,577.58,5.347,68.73,21.544,25.748,2.17,24.6,18.107,6504.14,80.49,577.28,5.345,69.26,21.611,25.751,2.118,24.564,17.845,MISFIRE,0.21,1.0,1.0,1.0,1.0,0.21,0.0,0.0,0.0
14.4,TAKEOFF,87.4,61.81,360.0,29.28,100.015,1.1521,6508.92,80.03,577.95,5.346,68.72,21.551,25.748,2.179,24.6,18.11,6505.58,80.56,575.15,5.313,68.72,21.447,25.758,2.194,24.572,18.238,MISFIRE,0.213,1.0,1.0,1.0,1.0,0.213,0.0,0.0,0.0
14.5,TAKEOFF,87.42,61.82,362.5,29.28,100.006,1.152,6507.63,80.03,578.32,5.346,68.71,21.558,25.748,2.187,24.6,18.112,6508.96,80.97,577.66,5.329,68.71,21.429,25.78,2.204,24.541,18.113,MISFIRE,0.217,1.0,1.0,1.0,1.0,0.217,0.0,0.0,0.0
14.6,TAKEOFF,87.43,61.83,365.0,29.27,99.997,1.1519,6506.33,80.03,578.69,5.345,68.7,21.565,25.749,2.195,24.6,18.115,6504.54,79.3,581.41,5.337,68.35,21.421,25.777,2.192,24.489,18.289,MISFIRE,0.22,1.0,1.0,1.0,1.0,0.22,0.0,0.0,0.0
14.7,TAKEOFF,87.45,61.84,367.5,29.27,99.988,1.1518,6505.02,80.03,579.05,5.344,68.69,21.572,25.749,2.204,24.6,18.117,6506.08,79.95,581.15,5.422,68.51,21.536,25.678,2.125,24.61,17.952,MISFIRE,0.223,1.0,1.0,1.0,1.0,0.223,0.0,0.0,0.0
14.8,TAKEOFF,87.47,61.85,370.0,29.26,99.979,1.1517,6503.7,80.03,579.4,5.344,68.69,21.58,25.749,2.212,24.6,18.12,6499.56,79.73,578.47,5.34,68.69,21.4,25.703,2.175,24.664,18.085,MISFIRE,0.227,1.0,1.0,1.0,1.0,0.227,0.0,0.0,0.0
14.9,TAKEOFF,87.48,61.86,372.5,29.26,99.97,1.1517,6502.37,80.03,579.74,5.343,68.68,21.587,25.75,2.22,24.6,18.122,6498.61,79.51,580.11,5.372,68.82,21.521,25.725,2.19,24.651,18.019,MISFIRE,0.23,1.0,1.0,1.0,1.0,0.23,0.0,0.0,0.0
15.0,TAKEOFF,87.5,61.88,375.0,29.25,99.961,1.1516,6501.04,80.03,580.08,5.343,68.67,21.594,25.75,2.228,24.6,18.125,6492.99,79.9,580.89,5.362,68.76,21.676,25.77,2.245,24.604,18.129,MISFIRE,0.233,1.0,1.0,1.0,1.0,0.233,0.0,0.0,0.0
15.1,TAKEOFF,87.52,61.89,377.5,29.25,99.952,1.1515,6499.69,80.03,580.42,5.342,68.66,21.601,25.75,2.237,24.6,18.127,6501.84,80.37,580.97,5.343,69.08,21.825,25.787,2.186,24.611,18.171,MISFIRE,0.237,1.0,1.0,1.0,1.0,0.237,0.0,0.0,0.0
15.2,TAKEOFF,87.53,61.9,380.0,29.24,99.943,1.1514,6498.34,80.03,580.75,5.341,68.65,21.608,25.751,2.245,24.6,18.13,6502.69,80.21,579.3,5.307,67.93,21.521,25.679,2.259,24.536,17.98,MISFIRE,0.24,1.0,1.0,1.0,1.0,0.24,0.0,0.0,0.0
15.3,TAKEOFF,87.55,61.91,382.5,29.24,99.934,1.1513,6496.98,80.03,581.07,5.341,68.64,21.615,25.751,2.253,24.6,18.133,6489.15,80.04,581.11,5.393,68.82,21.556,25.743,2.264,24.572,18.158,MISFIRE,0.243,1.0,1.0,1.0,1.0,0.243,0.0,0.0,0.0
15.4,TAKEOFF,87.57,61.92,385.0,29.23,99.925,1.1512,6495.62,80.03,581.39,5.34,68.63,21.623,25.751,2.262,24.6,18.135,6498.22,79.67,580.57,5.331,68.26,21.437,25.802,2.279,24.554,18.109,MISFIRE,0.247,1.0,1.0,1.0,1.0,0.247,0.0,0.0,0.0
15.5,TAKEOFF,87.58,61.93,387.5,29.23,99.916,1.1511,6494.24,80.03,581.7,5.339,68.63,21.63,25.752,2.27,24.6,18.137,6488.34,80.41,583.28,5.374,68.67,21.602,25.751,2.195,24.549,18.01,MISFIRE,0.25,1.0,1.0,1.0,1.0,0.25,0.0,0.0,0.0
15.6,TAKEOFF,87.6,61.94,390.0,29.22,99.907,1.1511,6492.86,80.03,582.01,5.339,68.62,21.637,25.752,2.278,24.6,18.14,6493.37,79.36,582.85,5.394,68.71,21.615,25.875,2.228,24.632,18.196,MISFIRE,0.253,1.0,1.0,1.0,1.0,0.253,0.0,0.0,0.0
15.7,TAKEOFF,87.62,61.95,392.5,29.22,99.898,1.151,6491.48,80.03,582.31,5.338,68.61,21.644,25.752,2.286,24.6,18.142,6488.01,79.99,582.34,5.364,68.26,21.69,25.764,2.357,24.615,18.171,MISFIRE,0.257,1.0,1.0,1.0,1.0,0.257,0.0,0.0,0.0
15.8,TAKEOFF,87.63,61.96,395.0,29.21,99.889,1.1509,6490.09,80.03,582.6,5.338,68.6,21.651,25.753,2.295,24.6,18.145,6499.17,80.15,581.64,5.33,68.36,21.79,25.83,2.321,24.71,18.254,MISFIRE,0.26,1.0,1.0,1.0,1.0,0.26,0.0,0.0,0.0
15.9,TAKEOFF,87.65,61.97,397.5,29.21,99.88,1.1508,6488.69,80.03,582.89,5.337,68.59,21.658,25.753,2.303,24.6,18.148,6485.73,79.48,580.52,5.368,68.37,21.697,25.752,2.37,24.606,18.206,MISFIRE,0.263,1.0,1.0,1.0,1.0,0.263,0.0,0.0,0.0
16.0,TAKEOFF,87.67,61.98,400.0,29.2,99.871,1.1507,6487.29,80.03,583.18,5.336,68.58,21.666,25.753,2.311,24.6,18.15,6488.58,80.51,583.27,5.327,68.6,21.576,25.682,2.326,24.607,18.194,MISFIRE,0.267,1.0,1.0,1.0,1.0,0.267,0.0,0.0,0.0
16.1,TAKEOFF,87.68,61.99,402.5,29.2,99.862,1.1506,6485.88,80.03,583.46,5.336,68.58,21.673,25.754,2.32,24.6,18.152,6486.26,79.65,580.82,5.349,69.03,21.552,25.794,2.207,24.635,18.174,MISFIRE,0.27,1.0,1.0,1.0,1.0,0.27,0.0,0.0,0.0
16.2,TAKEOFF,87.7,62.0,405.0,29.19,99.853,1.1506,6484.47,80.03,583.73,5.335,68.57,21.68,25.754,2.328,24.6,18.155,6493.72,80.04,581.35,5.354,68.65,21.612,25.752,2.356,24.528,18.079,MISFIRE,0.273,1.0,1.0,1.0,1.0,0.273,0.0,0.0,0.0
16.3,TAKEOFF,87.72,62.02,407.5,29.19,99.844,1.1505,6483.05,80.03,584.0,5.334,68.56,21.687,25.754,2.336,24.6,18.157,6495.92,80.11,585.63,5.337,68.95,21.658,25.776,2.341,24.687,18.207,MISFIRE,0.277,1.0,1.0,1.0,1.0,0.277,0.0,0.0,0.0
16.4,TAKEOFF,87.73,62.03,410.0,29.18,99.835,1.1504,6481.63,80.02,584.27,5.334,68.55,21.694,25.755,2.344,24.6,18.16,6484.02,79.97,581.74,5.316,68.74,21.801,25.722,2.406,24.593,18.11,MISFIRE,0.28,1.0,1.0,1.0,1.0,0.28,0.0,0.0,0.0
16.5,TAKEOFF,87.75,62.04,412.5,29.18,99.826,1.1503,6480.21,80.02,584.53,5.333,68.54,21.702,25.755,2.353,24.6,18.163,6474.34,80.28,580.59,5.303,69.03,21.63,25.747,2.317,24.629,18.107,MISFIRE,0.283,1.0,1.0,1.0,1.0,0.283,0.0,0.0,0.0
16.6,TAKEOFF,87.77,62.05,415.0,29.17,99.817,1.1502,6478.78,80.02,584.78,5.332,68.54,21.709,25.755,2.361,24.6,18.165,6483.99,80.02,585.05,5.324,68.47,21.693,25.808,2.353,24.662,18.088,MISFIRE,0.287,1.0,1.0,1.0,1.0,0.287,0.0,0.0,0.0
16.7,TAKEOFF,87.78,62.06,417.5,29.17,99.808,1.1501,6477.34,80.02,585.03,5.332,68.53,21.716,25.756,2.369,24.6,18.168,6480.16,79.95,584.54,5.272,68.09,21.904,25.753,2.361,24.582,18.213,MISFIRE,0.29,1.0,1.0,1.0,1.0,0.29,0.0,0.0,0.0
16.8,TAKEOFF,87.8,62.07,420.0,29.16,99.799,1.15,6475.91,80.02,585.28,5.331,68.52,21.723,25.756,2.377,24.6,18.17,6468.04,79.68,586.94,5.357,68.63,21.661,25.679,2.328,24.556,18.232,MISFIRE,0.293,1.0,1.0,1.0,1.0,0.293,0.0,0.0,0.0
16.9,TAKEOFF,87.82,62.08,422.5,29.16,99.79,1.15,6474.47,80.02,585.52,5.33,68.51,21.73,25.756,2.386,24.6,18.172,6475.9,80.51,584.86,5.355,68.39,21.729,25.708,2.372,24.565,18.11,MISFIRE,0.297,1.0,1.0,1.0,1.0,0.297,0.0,0.0,0.0
17.0,TAKEOFF,87.83,62.09,425.0,29.15,99.781,1.1499,6473.02,80.02,585.76,5.33,68.5,21.738,25.757,2.394,24.6,18.175,6470.35,80.38,588.01,5.314,68.22,21.594,25.619,2.418,24.654,18.171,MISFIRE,0.3,1.0,1.0,1.0,1.0,0.3,0.0,0.0,0.0
17.1,TAKEOFF,87.85,62.1,427.5,29.15,99.772,1.1498,6471.58,80.02,585.99,5.329,68.49,21.745,25.757,2.402,24.6,18.177,6468.64,80.06,585.06,5.287,68.77,21.58,25.686,2.342,24.575,18.139,MISFIRE,0.303,1.0,1.0,1.0,1.0,0.303,0.0,0.0,0.0
17.2,TAKEOFF,87.87,62.11,430.0,29.14,99.763,1.1497,6470.13,80.02,586.22,5.328,68.49,21.752,25.757,2.411,24.6,18.18,6472.37,79.65,587.03,5.366,68.6,21.833,25.8,2.486,24.698,18.239,MISFIRE,0.307,1.0,1.0,1.0,1.0,0.307,0.0,0.0,0.0
17.3,TAKEOFF,87.88,62.12,432.5,29.14,99.754,1.1496,6468.68,80.02,586.44,5.328,68.48,21.759,25.758,2.419,24.6,18.182,6468.72,80.47,588.38,5.298,68.63,21.802,25.839,2.485,24.579,18.259,MISFIRE,0.31,1.0,1.0,1.0,1.0,0.31,0.0,0.0,0.0
17.4,TAKEOFF,87.9,62.13,435.0,29.13,99.745,1.1495,6467.22,80.02,586.66,5.327,68.47,21.766,25.758,2.427,24.6,18.185,6461.38,79.21,586.6,5.353,68.73,21.735,25.824,2.382,24.605,18.116,MISFIRE,0.313,1.0,1.0,1.0,1.0,0.313,0.0,0.0,0.0
17.5,TAKEOFF,87.92,62.15,437.5,29.12,99.736,1.1495,6465.76,80.02,586.87,5.326,68.46,21.774,25.758,2.435,24.6,18.188,6473.04,79.38,588.13,5.346,68.81,21.765,25.776,2.42,24.539,18.31,MISFIRE,0.317,1.0,1.0,1.0,1.0,0.317,0.0,0.0,0.0
17.6,TAKEOFF,87.93,62.16,440.0,29.12,99.727,1.1494,6464.3,80.02,587.08,5.325,68.45,21.781,25.759,2.444,24.6,18.19,6468.32,79.73,588.86,5.37,68.23,21.865,25.742,2.49,24.544,18.397,MISFIRE,0.32,1.0,1.0,1.0,1.0,0.32,0.0,0.0,0.0
17.7,TAKEOFF,87.95,62.17,442.5,29.12,99.718,1.1493,6462.84,80.02,587.29,5.325,68.44,21.788,25.759,2.452,24.6,18.193,6466.34,79.88,589.22,5.319,68.58,21.964,25.757,2.388,24.554,18.395,MISFIRE,0.323,1.0,1.0,1.0,1.0,0.323,0.0,0.0,0.0
17.8,TAKEOFF,87.97,62.18,445.0,29.11,99.709,1.1492,6461.37,80.02,587.49,5.324,68.44,21.795,25.759,2.46,24.6,18.195,6458.41,79.69,586.16,5.321,68.49,21.769,25.683,2.441,24.607,18.284,MISFIRE,0.327,1.0,1.0,1.0,1.0,0.327,0.0,0.0,0.0
17.9,TAKEOFF,87.98,62.19,447.5,29.11,99.7,1.1491,6459.9,80.02,587.69,5.323,68.43,21.802,25.76,2.469,24.6,18.197,6460.99,80.61,589.25,5.331,68.84,21.771,25.747,2.482,24.533,18.105,MISFIRE,0.33,1.0,1.0,1.0,1.0,0.33,0.0,0.0,0.0
18.0,TAKEOFF,88.0,62.2,450.0,29.1,99.691,1.149,6458.43,80.02,587.88,5.323,68.42,21.81,25.76,2.477,24.6,18.2,6459.21,80.1,585.25,5.326,68.72,21.889,25.828,2.411,24.557,18.229,MISFIRE,0.333,1.0,1.0,1.0,1.0,0.333,0.0,0.0,0.0
18.1,TAKEOFF,88.02,62.21,452.5,29.09,99.682,1.1489,6456.96,80.02,588.07,5.322,68.41,21.817,25.76,2.485,24.6,18.203,6457.22,79.0,588.92,5.363,68.7,21.613,25.809,2.511,24.558,18.264,MISFIRE,0.337,1.0,1.0,1.0,1.0,0.337,0.0,0.0,0.0
18.2,TAKEOFF,88.03,62.22,455.0,29.09,99.673,1.1489,6455.49,80.02,588.26,5.321,68.4,21.824,25.761,2.493,24.6,18.205,6454.42,80.18,588.74,5.314,68.15,21.819,25.723,2.378,24.643,18.238,MISFIRE,0.34,1.0,1.0,1.0,1.0,0.34,0.0,0.0,0.0
18.3,TAKEOFF,88.05,62.23,457.5,29.09,99.664,1.1488,6454.01,80.02,588.44,5.321,68.4,21.831,25.761,2.502,24.6,18.207,6446.42,80.11,589.85,5.328,68.03,21.873,25.884,2.514,24.541,18.115,MISFIRE,0.343,1.0,1.0,1.0,1.0,0.343,0.0,0.0,0.0
18.4,TAKEOFF,88.07,62.24,460.0,29.08,99.655,1.1487,6452.53,80.02,588.62,5.32,68.39,21.838,25.761,2.51,24.6,18.21,6448.29,79.75,591.7,5.344,68.32,21.783,25.714,2.568,24.572,18.159,MISFIRE,0.347,1.0,1.0,1.0,1.0,0.347,0.0,0.0,0.0
18.5,TAKEOFF,88.08,62.25,462.5,29.07,99.646,1.1486,6451.05,80.02,588.79,5.319,68.38,21.846,25.762,2.518,24.6,18.212,6452.85,79.28,589.36,5.332,68.28,21.793,25.766,2.55,24.712,17.983,MISFIRE,0.35,1.0,1.0,1.0,1.0,0.35,0.0,0.0,0.0
18.6,TAKEOFF,88.1,62.27,465.0,29.07,99.637,1.1485,6449.57,80.02,588.96,5.319,68.37,21.853,25.762,2.526,24.6,18.215,6446.65,80.67,588.52,5.33,68.3,21.851,25.771,2.538,24.686,18.291,MISFIRE,0.353,1.0,1.0,1.0,1.0,0.353,0.0,0.0,0.0
18.7,TAKEOFF,88.12,62.28,467.5,29.07,99.628,1.1484,6448.09,80.02,589.13,5.318,68.36,21.86,25.762,2.535,24.6,18.218,6445.39,79.38,590.21,5.377,68.36,21.921,25.79,2.561,24.685,18.226,MISFIRE,0.357,1.0,1.0,1.0,1.0,0.357,0.0,0.0,0.0
18.8,TAKEOFF,88.13,62.29,470.0,29.06,99.619,1.1483,6446.6,80.02,589.29,5.317,68.35,21.867,25.763,2.543,24.6,18.22,6455.95,79.61,588.31,5.246,68.0,21.99,25.757,2.507,24.643,18.143,MISFIRE,0.36,1.0,1.0,1.0,1.0,0.36,0.0,0.0,0.0
18.9,TAKEOFF,88.15,62.3,472.5,29.05,99.61,1.1483,6445.11,80.02,589.45,5.316,68.35,21.874,25.763,2.551,24.6,18.223,6450.47,79.74,590.18,5.311,68.98,21.752,25.765,2.634,24.576,18.197,MISFIRE,0.363,1.0,1.0,1.0,1.0,0.363,0.0,0.0,0.0
19.0,TAKEOFF,88.17,62.31,475.0,29.05,99.601,1.1482,6443.63,80.02,589.61,5.316,68.34,21.882,25.763,2.559,24.6,18.225,6439.31,80.78,588.13,5.335,68.58,21.83,25.797,2.553,24.583,18.263,MISFIRE,0.367,1.0,1.0,1.0,1.0,0.367,0.0,0.0,0.0
19.1,TAKEOFF,88.18,62.32,477.5,29.05,99.592,1.1481,6442.14,80.02,589.76,5.315,68.33,21.889,25.764,2.568,24.6,18.227,6446.93,80.6,590.74,5.269,68.24,22.078,25.725,2.533,24.58,18.26,MISFIRE,0.37,1.0,1.0,1.0,1.0,0.37,0.0,0.0,0.0
19.2,TAKEOFF,88.2,62.33,480.0,29.04,99.583,1.148,6440.65,80.02,589.91,5.314,68.32,21.896,25.764,2.576,24.6,18.23,6444.28,79.83,588.44,5.3,68.4,21.853,25.69,2.611,24.695,18.055,MISFIRE,0.373,1.0,1.0,1.0,1.0,0.373,0.0,0.0,0.0
19.3,TAKEOFF,88.22,62.34,482.5,29.04,99.574,1.1479,6439.15,80.02,590.05,5.314,68.31,21.903,25.764,2.584,24.6,18.233,6448.1,80.62,587.7,5.321,68.9,21.979,25.812,2.563,24.691,18.394,MISFIRE,0.377,1.0,1.0,1.0,1.0,0.377,0.0,0.0,0.0
19.4,TAKEOFF,88.23,62.35,485.0,29.03,99.565,1.1478,6437.66,80.02,590.2,5.313,68.31,21.911,25.765,2.593,24.6,18.235,6435.13,80.44,592.07,5.351,67.99,21.948,25.721,2.608,24.606,18.369,MISFIRE,0.38,1.0,1.0,1.0,1.0,0.38,0.0,0.0,0.0
19.5,TAKEOFF,88.25,62.36,487.5,29.02,99.556,1.1478,6436.16,80.02,590.33,5.312,68.3,21.918,25.765,2.601,24.6,18.237,6427.9,79.86,588.9,5.362,68.25,21.947,25.782,2.582,24.598,18.326,MISFIRE,0.383,1.0,1.0,1.0,1.0,0.383,0.0,0.0,0.0
19.6,TAKEOFF,88.27,62.37,490.0,29.02,99.547,1.1477,6434.67,80.02,590.47,5.312,68.29,21.925,25.765,2.609,24.6,18.24,6442.05,78.91,588.9,5.32,68.74,22.087,25.748,2.613,24.506,18.165,MISFIRE,0.387,1.0,1.0,1.0,1.0,0.387,0.0,0.0,0.0
19.7,TAKEOFF,88.28,62.38,492.5,29.02,99.538,1.1476,6433.17,80.02,590.6,5.311,68.28,21.932,25.766,2.617,24.6,18.242,6425.7,80.73,589.67,5.284,68.08,21.869,25.794,2.608,24.595,18.288,MISFIRE,0.39,1.0,1.0,1.0,1.0,0.39,0.0,0.0,0.0
19.8,TAKEOFF,88.3,62.4,495.0,29.01,99.529,1.1475,6431.67,80.02,590.73,5.31,68.27,21.939,25.766,2.626,24.6,18.245,6433.62,79.83,591.75,5.309,68.19,22.122,25.793,2.606,24.558,18.216,MISFIRE,0.393,1.0,1.0,1.0,1.0,0.393,0.0,0.0,0.0
19.9,TAKEOFF,88.32,62.41,497.5,29.0,99.52,1.1474,6430.17,80.02,590.86,5.309,68.26,21.947,25.766,2.634,24.6,18.248,6430.35,80.89,592.76,5.307,68.24,21.954,25.706,2.568,24.657,18.076,MISFIRE,0.397,1.0,1.0,1.0,1.0,0.397,0.0,0.0,0.0
20.0,TAKEOFF,88.33,62.42,500.0,29.0,99.511,1.1473,6428.67,80.02,590.98,5.309,68.26,21.954,25.767,2.642,24.6,18.25,6428.75,79.64,591.4,5.286,68.28,21.914,25.823,2.598,24.586,18.313,MISFIRE,0.4,1.0,1.0,1.0,1.0,0.4,0.0,0.0,0.0
20.1,TAKEOFF,88.35,62.43,502.5,28.99,99.502,1.1472,6427.17,80.02,591.1,5.308,68.25,21.961,25.767,2.65,24.6,18.253,6432.1,79.42,591.81,5.368,67.96,21.95,25.826,2.727,24.665,18.115,MISFIRE,0.403,1.0,1.0,1.0,1.0,0.403,0.0,0.0,0.0
20.2,TAKEOFF,88.37,62.44,505.0,28.99,99.493,1.1472,6425.66,80.02,591.22,5.307,68.24,21.968,25.767,2.659,24.6,18.255,6417.0,79.87,589.61,5.308,68.2,21.885,25.732,2.656,24.593,18.348,MISFIRE,0.407,1.0,1.0,1.0,1.0,0.407,0.0,0.0,0.0
20.3,TAKEOFF,88.38,62.45,507.5,28.98,99.484,1.1471,6424.16,80.02,591.33,5.307,68.23,21.976,25.768,2.667,24.6,18.258,6422.58,79.71,592.14,5.337,68.22,22.129,25.769,2.703,24.523,18.375,MISFIRE,0.41,1.0,1.0,1.0,1.0,0.41,0.0,0.0,0.0
20.4,TAKEOFF,88.4,62.46,510.0,28.98,99.475,1.147,6422.65,80.02,591.44,5.306,68.22,21.983,25.768,2.675,24.6,18.26,6424.63,79.75,590.22,5.272,68.0,21.908,25.854,2.59,24.601,18.21,MISFIRE,0.413,1.0,1.0,1.0,1.0,0.413,0.0,0.0,0.0
20.5,TAKEOFF,88.42,62.47,512.5,28.97,99.466,1.1469,6421.15,80.02,591.55,5.305,68.22,21.99,25.768,2.684,24.6,18.263,6420.08,79.11,591.63,5.336,68.3,21.904,25.823,2.593,24.622,18.478,MISFIRE,0.417,1.0,1.0,1.0,1.0,0.417,0.0,0.0,0.0
20.6,TAKEOFF,88.43,62.48,515.0,28.97,99.457,1.1468,6419.64,80.02,591.65,5.304,68.21,21.997,25.769,2.692,24.6,18.265,6419.93,80.45,592.53,5.245,68.12,22.152,25.705,2.722,24.592,18.185,MISFIRE,0.42,1.0,1.0,1.0,1.0,0.42,0.0,0.0,0.0
20.7,TAKEOFF,88.45,62.49,517.5,28.96,99.448,1.1467,6418.13,80.02,591.75,5.304,68.2,22.005,25.769,2.7,24.6,18.268,6427.55,79.62,594.87,5.251,68.03,22.047,25.704,2.651,24.566,17.999,MISFIRE,0.423,1.0,1.0,1.0,1.0,0.423,0.0,0.0,0.0
20.8,TAKEOFF,88.47,62.5,520.0,28.96,99.439,1.1467,6416.62,80.02,591.85,5.303,68.19,22.012,25.769,2.708,24.6,18.27,6412.16,80.76,595.76,5.3,68.36,22.002,25.761,2.777,24.67,18.466,MISFIRE,0.427,1.0,1.0,1.0,1.0,0.427,0.0,0.0,0.0
20.9,TAKEOFF,88.48,62.51,522.5,28.95,99.43,1.1466,6415.11,80.01,591.95,5.302,68.18,22.019,25.77,2.717,24.6,18.273,6414.42,79.62,592.34,5.324,68.11,22.055,25.845,2.731,24.64,18.33,MISFIRE,0.43,1.0,1.0,1.0,1.0,0.43,0.0,0.0,0.0
21.0,TAKEOFF,88.5,62.52,525.0,28.95,99.421,1.1465,6413.6,80.01,592.04,5.302,68.18,22.026,25.77,2.725,24.6,18.275,6409.14,80.1,593.23,5.328,68.29,22.051,25.75,2.665,24.629,18.16,MISFIRE,0.433,1.0,1.0,1.0,1.0,0.433,0.0,0.0,0.0
21.1,TAKEOFF,88.52,62.54,527.5,28.95,99.412,1.1464,6412.09,80.01,592.13,5.301,68.17,22.034,25.77,2.733,24.6,18.277,6411.09,80.2,591.38,5.338,68.27,22.018,25.781,2.781,24.614,18.405,MISFIRE,0.437,1.0,1.0,1.0,1.0,0.437,0.0,0.0,0.0
21.2,TAKEOFF,88.53,62.55,530.0,28.94,99.403,1.1463,6410.58,80.01,592.22,5.3,68.16,22.041,25.771,2.741,24.6,18.28,6415.19,80.2,591.9,5.338,68.25,22.105,25.763,2.782,24.62,18.401,MISFIRE,0.44,1.0,1.0,1.0,1.0,0.44,0.0,0.0,0.0
21.3,TAKEOFF,88.55,62.56,532.5,28.93,99.394,1.1462,6409.07,80.01,592.3,5.299,68.15,22.048,25.771,2.75,24.6,18.282,6416.2,79.98,593.08,5.295,67.86,21.994,25.832,2.739,24.705,18.351,MISFIRE,0.443,1.0,1.0,1.0,1.0,0.443,0.0,0.0,0.0
21.4,TAKEOFF,88.57,62.57,535.0,28.93,99.385,1.1461,6407.55,80.01,592.39,5.299,68.14,22.055,25.771,2.758,24.6,18.285,6409.13,80.17,592.65,5.278,68.1,22.036,25.752,2.696,24.658,18.495,MISFIRE,0.447,1.0,1.0,1.0,1.0,0.447,0.0,0.0,0.0
21.5,TAKEOFF,88.58,62.58,537.5,28.92,99.376,1.1461,6406.04,80.01,592.47,5.298,68.14,22.063,25.772,2.766,24.6,18.288,6403.95,80.54,590.78,5.297,68.03,22.088,25.781,2.802,24.572,18.338,MISFIRE,0.45,1.0,1.0,1.0,1.0,0.45,0.0,0.0,0.0
21.6,TAKEOFF,88.6,62.59,540.0,28.92,99.367,1.146,6404.52,80.01,592.54,5.297,68.13,22.07,25.772,2.775,24.6,18.29,6402.55,79.75,591.16,5.315,68.08,21.966,25.898,2.704,24.57,18.471,MISFIRE,0.453,1.0,1.0,1.0,1.0,0.453,0.0,0.0,0.0
21.7,TAKEOFF,88.62,62.6,542.5,28.91,99.358,1.1459,6403.01,80.01,592.62,5.297,68.12,22.077,25.772,2.783,24.6,18.293,6400.78,80.49,590.82,5.299,68.26,22.084,25.791,2.846,24.566,18.016,MISFIRE,0.457,1.0,1.0,1.0,1.0,0.457,0.0,0.0,0.0
21.8,TAKEOFF,88.63,62.61,545.0,28.91,99.349,1.1458,6401.49,80.01,592.69,5.296,68.11,22.084,25.773,2.791,24.6,18.295,6413.94,80.16,592.48,5.266,68.5,22.225,25.805,2.855,24.712,18.16,MISFIRE,0.46,1.0,1.0,1.0,1.0,0.46,0.0,0.0,0.0
21.9,TAKEOFF,88.65,62.62,547.5,28.9,99.34,1.1457,6399.97,80.01,592.76,5.295,68.1,22.092,25.773,2.799,24.6,18.297,6398.45,79.24,592.26,5.311,67.83,21.896,25.796,2.784,24.608,18.224,MISFIRE,0.463,1.0,1.0,1.0,1.0,0.463,0.0,0.0,0.0
22.0,TAKEOFF,88.67,62.63,550.0,28.9,99.331,1.1456,6398.45,80.01,592.83,5.294,68.1,22.099,25.773,2.808,24.6,18.3,6400.6,80.42,591.81,5.313,67.99,22.113,25.776,2.752,24.572,18.433,MISFIRE,0.467,1.0,1.0,1.0,1.0,0.467,0.0,0.0,0.0
22.1,TAKEOFF,88.68,62.64,552.5,28.89,99.322,1.1456,6396.93,80.01,592.89,5.294,68.09,22.106,25.774,2.816,24.6,18.303,6394.04,80.67,595.19,5.229,67.91,22.083,25.739,2.848,24.636,18.296,MISFIRE,0.47,1.0,1.0,1.0,1.0,0.47,0.0,0.0,0.0
22.2,TAKEOFF,88.7,62.66,555.0,28.89,99.313,1.1455,6395.41,80.01,592.95,5.293,68.08,22.113,25.774,2.824,24.6,18.305,6392.14,79.81,592.32,5.3,68.22,22.277,25.731,2.839,24.55,18.123,MISFIRE,0.473,1.0,1.0,1.0,1.0,0.473,0.0,0.0,0.0
22.3,TAKEOFF,88.72,62.67,557.5,28.88,99.304,1.1454,6393.89,80.01,593.01,5.292,68.07,22.121,25.774,2.832,24.6,18.307,6399.13,79.2,590.68,5.276,67.79,22.05,25.81,2.759,24.545,18.414,MISFIRE,0.477,1.0,1.0,1.0,1.0,0.477,0.0,0.0,0.0
22.4,TAKEOFF,88.73,62.68,560.0,28.88,99.295,1.1453,6392.37,80.01,593.07,5.292,68.06,22.128,25.775,2.841,24.6,18.31,6392.08,80.09,591.93,5.357,67.99,22.051,25.746,2.895,24.567,18.495,MISFIRE,0.48,1.0,1.0,1.0,1.0,0.48,0.0,0.0,0.0
22.5,TAKEOFF,88.75,62.69,562.5,28.87,99.286,1.1452,6390.85,80.01,593.13,5.291,68.06,22.135,25.775,2.849,24.6,18.313,6389.16,80.4,592.69,5.269,68.26,22.172,25.748,2.815,24.528,18.419,MISFIRE,0.483,1.0,1.0,1.0,1.0,0.483,0.0,0.0,0.0
22.6,TAKEOFF,88.77,62.7,565.0,28.87,99.277,1.1451,6389.33,80.01,593.18,5.29,68.05,22.142,25.775,2.857,24.6,18.315,6389.57,79.35,590.22,5.309,68.51,22.165,25.82,2.847,24.603,18.567,MISFIRE,0.487,1.0,1.0,1.0,1.0,0.487,0.0,0.0,0.0
22.7,TAKEOFF,88.78,62.71,567.5,28.86,99.268,1.145,6387.8,80.01,593.23,5.289,68.04,22.15,25.776,2.865,24.6,18.318,6398.06,80.3,591.3,5.291,67.77,22.138,25.716,2.825,24.664,18.326,MISFIRE,0.49,1.0,1.0,1.0,1.0,0.49,0.0,0.0,0.0
22.8,TAKEOFF,88.8,62.72,570.0,28.86,99.259,1.145,6386.28,80.01,593.28,5.289,68.03,22.157,25.776,2.874,24.6,18.32,6386.75,79.92,594.99,5.267,68.07,21.964,25.751,2.983,24.649,18.165,MISFIRE,0.493,1.0,1.0,1.0,1.0,0.493,0.0,0.0,0.0
22.9,TAKEOFF,88.82,62.73,572.5,28.85,99.25,1.1449,6384.75,80.01,593.32,5.288,68.02,22.164,25.776,2.882,24.6,18.323,6376.2,79.41,596.56,5.244,67.63,22.163,25.808,2.907,24.651,18.199,MISFIRE,0.497,1.0,1.0,1.0,1.0,0.497,0.0,0.0,0.0
23.0,TAKEOFF,88.83,62.74,575.0,28.85,99.241,1.1448,6383.23,80.01,593.37,5.287,68.02,22.171,25.777,2.89,24.6,18.325,6386.22,79.13,594.91,5.307,67.82,22.288,25.73,2.957,24.589,18.45,MISFIRE,0.5,1.0,1.0,1.0,1.0,0.5,0.0,0.0,0.0
23.1,TAKEOFF,88.85,62.75,577.5,28.84,99.232,1.1447,6381.7,80.01,593.41,5.287,68.01,22.179,25.777,2.899,24.6,18.328,6375.84,80.34,591.06,5.239,68.01,22.171,25.805,2.982,24.642,18.376,MISFIRE,0.503,1.0,1.0,1.0,1.0,0.503,0.0,0.0,0.0
23.2,TAKEOFF,88.87,62.76,580.0,28.84,99.223,1.1446,6380.18,80.01,593.45,5.286,68.0,22.186,25.777,2.907,24.6,18.33,6384.36,79.53,594.48,5.259,67.42,22.234,25.669,2.932,24.628,18.427,MISFIRE,0.507,1.0,1.0,1.0,1.0,0.507,0.0,0.0,0.0
23.3,TAKEOFF,88.88,62.77,582.5,28.83,99.214,1.1445,6378.65,80.01,593.49,5.285,67.99,22.193,25.778,2.915,24.6,18.332,6380.36,79.33,592.87,5.258,68.34,22.275,25.876,2.916,24.577,18.321,MISFIRE,0.51,1.0,1.0,1.0,1.0,0.51,0.0,0.0,0.0
23.4,TAKEOFF,88.9,62.79,585.0,28.83,99.205,1.1445,6377.12,80.01,593.52,5.284,67.98,22.2,25.778,2.923,24.6,18.335,6376.15,79.96,593.16,5.308,67.66,22.244,25.75,2.935,24.562,18.349,MISFIRE,0.513,1.0,1.0,1.0,1.0,0.513,0.0,0.0,0.0
23.5,TAKEOFF,88.92,62.8,587.5,28.82,99.196,1.1444,6375.59,80.01,593.56,5.284,67.98,22.208,25.778,2.932,24.6,18.337,6372.08,80.59,591.68,5.309,68.42,22.188,25.885,2.98,24.59,18.091,MISFIRE,0.517,1.0,1.0,1.0,1.0,0.517,0.0,0.0,0.0
23.6,TAKEOFF,88.93,62.81,590.0,28.82,99.188,1.1443,6374.06,80.01,593.59,5.283,67.97,22.215,25.779,2.94,24.6,18.34,6368.56,80.48,596.61,5.305,67.85,22.439,25.673,2.887,24.621,18.348,MISFIRE,0.52,1.0,1.0,1.0,1.0,0.52,0.0,0.0,0.0
23.7,TAKEOFF,88.95,62.82,592.5,28.81,99.179,1.1442,6372.53,80.01,593.62,5.282,67.96,22.222,25.779,2.948,24.6,18.343,6374.72,80.45,597.38,5.251,67.73,22.148,25.824,2.963,24.671,18.436,MISFIRE,0.523,1.0,1.0,1.0,1.0,0.523,0.0,0.0,0.0
23.8,TAKEOFF,88.97,62.83,595.0,28.81,99.17,1.1441,6371.0,80.01,593.65,5.281,67.95,22.23,25.779,2.956,24.6,18.345,6372.53,80.62,592.97,5.303,67.77,22.162,25.772,2.921,24.7,18.491,MISFIRE,0.527,1.0,1.0,1.0,1.0,0.527,0.0,0.0,0.0
23.9,TAKEOFF,88.98,62.84,597.5,28.8,99.161,1.144,6369.47,80.01,593.67,5.281,67.94,22.237,25.78,2.965,24.6,18.348,6369.99,79.49,595.97,5.257,67.78,22.002,25.737,2.97,24.561,18.443,MISFIRE,0.53,1.0,1.0,1.0,1.0,0.53,0.0,0.0,0.0
24.0,TAKEOFF,89.0,62.85,600.0,28.8,99.152,1.144,6367.94,80.01,593.7,5.28,67.94,22.244,25.78,2.973,24.6,18.35,6367.3,79.72,593.58,5.331,67.69,22.322,25.795,2.949,24.505,18.383,MISFIRE,0.533,1.0,1.0,1.0,1.0,0.533,0.0,0.0,0.0
24.1,TAKEOFF,89.02,62.86,602.5,28.79,99.143,1.1439,6366.41,80.01,593.72,5.279,67.93,22.251,25.78,2.981,24.6,18.352,6368.47,80.31,595.13,5.248,67.76,22.319,25.842,3.056,24.56,18.248,MISFIRE,0.537,1.0,1.0,1.0,1.0,0.537,0.0,0.0,0.0
24.2,TAKEOFF,89.03,62.87,605.0,28.79,99.134,1.1438,6364.88,80.01,593.74,5.279,67.92,22.259,25.781,2.989,24.6,18.355,6366.73,80.88,596.18,5.228,68.23,22.182,25.751,2.999,24.546,18.617,MISFIRE,0.54,1.0,1.0,1.0,1.0,0.54,0.0,0.0,0.0
24.3,TAKEOFF,89.05,62.88,607.5,28.78,99.125,1.1437,6363.34,80.01,593.76,5.278,67.91,22.266,25.781,2.998,24.6,18.358,6363.3,79.71,595.11,5.308,68.19,22.294,25.797,2.999,24.626,18.303,MISFIRE,0.543,1.0,1.0,1.0,1.0,0.543,0.0,0.0,0.0
24.4,TAKEOFF,89.07,62.89,610.0,28.78,99.116,1.1436,6361.81,80.01,593.77,5.277,67.91,22.273,25.781,3.006,24.6,18.36,6362.11,80.37,594.49,5.275,67.87,22.319,25.808,2.967,24.58,18.365,MISFIRE,0.547,1.0,1.0,1.0,1.0,0.547,0.0,0.0,0.0
24.5,TAKEOFF,89.08,62.9,612.5,28.77,99.107,1.1435,6360.28,80.01,593.79,5.276,67.9,22.28,25.782,3.014,24.6,18.363,6362.19,79.4,593.41,5.25,68.07,22.239,25.779,2.997,24.607,18.342,MISFIRE,0.55,1.0,1.0,1.0,1.0,0.55,0.0,0.0,0.0
24.6,TAKEOFF,89.1,62.92,615.0,28.77,99.098,1.1434,6358.74,80.01,593.8,5.276,67.89,22.288,25.782,3.023,24.6,18.365,6357.16,79.63,593.48,5.239,68.06,22.413,25.736,3.037,24.544,18.347,MISFIRE,0.553,1.0,1.0,1.0,1.0,0.553,0.0,0.0,0.0
24.7,TAKEOFF,89.12,62.93,617.5,28.76,99.089,1.1434,6357.21,80.01,593.81,5.275,67.88,22.295,25.782,3.031,24.6,18.367,6359.2,79.54,594.48,5.325,67.25,22.331,25.785,3.099,24.667,18.468,MISFIRE,0.557,1.0,1.0,1.0,1.0,0.557,0.0,0.0,0.0
24.8,TAKEOFF,89.13,62.94,620.0,28.76,99.08,1.1433,6355.67,80.01,593.82,5.274,67.87,22.302,25.783,3.039,24.6,18.37,6347.66,80.81,595.07,5.311,67.12,22.325,25.773,3.114,24.613,18.414,MISFIRE,0.56,1.0,1.0,1.0,1.0,0.56,0.0,0.0,0.0
24.9,TAKEOFF,89.15,62.95,622.5,28.75,99.071,1.1432,6354.14,80.01,593.83,5.273,67.87,22.31,25.783,3.047,24.6,18.373,6359.31,80.58,594.24,5.273,68.24,22.3,25.751,2.985,24.675,18.36,MISFIRE,0.563,1.0,1.0,1.0,1.0,0.563,0.0,0.0,0.0
25.0,TAKEOFF,89.17,62.96,625.0,28.75,99.062,1.1431,6352.6,80.01,593.84,5.273,67.86,22.317,25.783,3.056,24.6,18.375,6354.79,80.38,589.95,5.245,68.06,22.34,25.858,3.013,24.623,18.29,MISFIRE,0.567,1.0,1.0,1.0,1.0,0.567,0.0,0.0,0.0
25.1,TAKEOFF,89.18,62.97,627.5,28.74,99.053,1.143,6351.06,80.01,593.84,5.272,67.85,22.324,25.784,3.064,24.6,18.378,6342.48,80.45,593.82,5.28,67.89,22.293,25.834,3.136,24.627,18.564,MISFIRE,0.57,1.0,1.0,1.0,1.0,0.57,0.0,0.0,0.0
25.2,TAKEOFF,89.2,62.98,630.0,28.74,99.044,1.1429,6349.52,80.0,593.84,5.271,67.84,22.332,25.784,3.072,24.6,18.38,6351.12,80.51,593.72,5.274,67.58,22.443,25.799,3.048,24.577,18.443,MISFIRE,0.573,1.0,1.0,1.0,1.0,0.573,0.0,0.0,0.0
25.3,TAKEOFF,89.22,62.99,632.5,28.73,99.035,1.1429,6347.98,80.0,593.84,5.271,67.83,22.339,25.784,3.08,24.6,18.383,6342.27,80.17,593.4,5.255,67.65,22.263,25.84,3.169,24.673,18.248,MISFIRE,0.577,1.0,1.0,1.0,1.0,0.577,0.0,0.0,0.0
25.4,TAKEOFF,89.23,63.0,635.0,28.73,99.026,1.1428,6346.45,80.0,593.84,5.27,67.83,22.346,25.785,3.089,24.6,18.385,6347.02,80.31,593.44,5.305,67.4,22.371,25.762,2.966,24.601,18.396,MISFIRE,0.58,1.0,1.0,1.0,1.0,0.58,0.0,0.0,0.0
25.5,TAKEOFF,89.25,63.01,637.5,28.72,99.017,1.1427,6344.91,80.0,593.84,5.269,67.82,22.353,25.785,3.097,24.6,18.388,6339.0,79.91,594.33,5.321,68.17,22.424,25.744,3.033,24.564,18.429,MISFIRE,0.583,1.0,1.0,1.0,1.0,0.583,0.0,0.0,0.0
25.6,TAKEOFF,89.27,63.02,640.0,28.72,99.008,1.1426,6343.37,80.0,593.84,5.268,67.81,22.361,25.785,3.105,24.6,18.39,6348.1,80.33,593.19,5.254,67.57,22.356,25.776,3.001,24.637,18.514,MISFIRE,0.587,1.0,1.0,1.0,1.0,0.587,0.0,0.0,0.0
25.7,TAKEOFF,89.28,63.03,642.5,28.71,99.0,1.1425,6341.83,80.0,593.83,5.268,67.8,22.368,25.786,3.113,24.6,18.393,6346.35,80.74,591.65,5.286,67.89,22.396,25.79,3.096,24.598,18.379,MISFIRE,0.59,1.0,1.0,1.0,1.0,0.59,0.0,0.0,0.0
25.8,TAKEOFF,89.3,63.05,645.0,28.71,98.991,1.1424,6340.28,80.0,593.83,5.267,67.8,22.375,25.786,3.122,24.6,18.395,6329.83,79.74,596.43,5.289,68.21,22.198,25.809,3.094,24.696,18.388,MISFIRE,0.593,1.0,1.0,1.0,1.0,0.593,0.0,0.0,0.0
25.9,TAKEOFF,89.32,63.06,647.5,28.7,98.982,1.1423,6338.74,80.0,593.82,5.266,67.79,22.383,25.786,3.13,24.6,18.398,6336.31,79.46,595.63,5.252,67.46,22.373,25.727,3.148,24.642,18.386,MISFIRE,0.597,1.0,1.0,1.0,1.0,0.597,0.0,0.0,0.0
26.0,TAKEOFF,89.33,63.07,650.0,28.7,98.973,1.1423,6337.2,80.0,593.81,5.265,67.78,22.39,25.787,3.138,24.6,18.4,6345.99,79.67,594.01,5.285,67.57,22.289,25.801,3.096,24.509,18.312,MISFIRE,0.6,1.0,1.0,1.0,1.0,0.6,0.0,0.0,0.0
26.1,TAKEOFF,89.35,63.08,652.5,28.69,98.964,1.1422,6335.66,80.0,593.8,5.265,67.77,22.397,25.787,3.147,24.6,18.403,6332.74,80.21,594.58,5.247,67.31,22.47,25.782,3.117,24.529,18.613,MISFIRE,0.603,1.0,1.0,1.0,1.0,0.603,0.0,0.0,0.0
26.2,TAKEOFF,89.37,63.09,655.0,28.69,98.955,1.1421,6334.11,80.0,593.78,5.264,67.76,22.404,25.787,3.155,24.6,18.405,6338.58,80.93,596.63,5.205,68.04,22.398,25.763,3.184,24.481,18.422,MISFIRE,0.607,1.0,1.0,1.0,1.0,0.607,0.0,0.0,0.0
26.3,TAKEOFF,89.38,63.1,657.5,28.68,98.946,1.142,6332.57,80.0,593.77,5.263,67.76,22.412,25.788,3.163,24.6,18.408,6322.48,79.09,596.95,5.222,67.39,22.461,25.695,3.19,24.686,18.447,MISFIRE,0.61,1.0,1.0,1.0,1.0,0.61,0.0,0.0,0.0
26.4,TAKEOFF,89.4,63.11,660.0,28.68,98.937,1.1419,6331.03,80.0,593.76,5.262,67.75,22.419,25.788,3.171,24.6,18.41,6328.67,79.56,594.5,5.264,67.43,22.32,25.825,3.215,24.651,18.523,MISFIRE,0.613,1.0,1.0,1.0,1.0,0.613,0.0,0.0,0.0
26.5,TAKEOFF,89.42,63.12,662.5,28.67,98.928,1.1418,6329.48,80.0,593.74,5.262,67.74,22.426,25.788,3.18,24.6,18.413,6332.46,81.2,594.27,5.257,67.87,22.285,25.874,3.209,24.566,18.387,MISFIRE,0.617,1.0,1.0,1.0,1.0,0.617,0.0,0.0,0.0
26.6,TAKEOFF,89.43,63.13,665.0,28.67,98.919,1.1418,6327.94,80.0,593.72,5.261,67.73,22.434,25.789,3.188,24.6,18.415,6331.83,80.33,594.16,5.212,67.47,22.338,25.832,3.2,24.623,18.24,MISFIRE,0.62,1.0,1.0,1.0,1.0,0.62,0.0,0.0,0.0
26.7,TAKEOFF,89.45,63.14,667.5,28.66,98.91,1.1417,6326.39,80.0,593.7,5.26,67.73,22.441,25.789,3.196,24.6,18.418,6324.25,79.7,595.04,5.278,68.01,22.461,25.899,3.198,24.605,18.358,MISFIRE,0.623,1.0,1.0,1.0,1.0,0.623,0.0,0.0,0.0
26.8,TAKEOFF,89.47,63.15,670.0,28.66,98.901,1.1416,6324.84,80.0,593.68,5.26,67.72,22.448,25.789,3.204,24.6,18.42,6321.98,81.06,591.96,5.244,67.93,22.423,25.83,3.254,24.583,18.479,MISFIRE,0.627,1.0,1.0,1.0,1.0,0.627,0.0,0.0,0.0
26.9,TAKEOFF,89.48,63.16,672.5,28.65,98.892,1.1415,6323.3,80.0,593.66,5.259,67.71,22.456,25.79,3.213,24.6,18.423,6326.51,79.94,592.45,5.211,67.07,22.203,25.803,3.205,24.526,18.435,MISFIRE,0.63,1.0,1.0,1.0,1.0,0.63,0.0,0.0,0.0
27.0,TAKEOFF,89.5,63.18,675.0,28.65,98.883,1.1414,6321.75,80.0,593.63,5.258,67.7,22.463,25.79,3.221,24.6,18.425,6317.62,79.83,595.34,5.251,67.51,22.432,25.802,3.257,24.534,18.416,MISFIRE,0.633,1.0,1.0,1.0,1.0,0.633,0.0,0.0,0.0
27.1,TAKEOFF,89.52,63.19,677.5,28.64,98.874,1.1413,6320.2,80.0,593.61,5.257,67.69,22.47,25.79,3.229,24.6,18.428,6316.74,79.93,591.0,5.272,67.59,22.386,25.801,3.244,24.618,18.405,MISFIRE,0.637,1.0,1.0,1.0,1.0,0.637,0.0,0.0,0.0
27.2,TAKEOFF,89.53,63.2,680.0,28.64,98.865,1.1413,6318.65,80.0,593.58,5.257,67.69,22.478,25.791,3.237,24.6,18.43,6316.38,79.33,592.47,5.22,67.86,22.438,25.722,3.229,24.591,18.546,MISFIRE,0.64,1.0,1.0,1.0,1.0,0.64,0.0,0.0,0.0
27.3,TAKEOFF,89.55,63.21,682.5,28.63,98.857,1.1412,6317.1,80.0,593.55,5.256,67.68,22.485,25.791,3.246,24.6,18.433,6317.79,79.24,593.8,5.28,67.49,22.614,25.73,3.234,24.649,18.494,MISFIRE,0.643,1.0,1.0,1.0,1.0,0.643,0.0,0.0,0.0
27.4,TAKEOFF,89.57,63.22,685.0,28.63,98.848,1.1411,6315.55,80.0,593.53,5.255,67.67,22.492,25.791,3.254,24.6,18.435,6319.03,80.3,594.81,5.271,67.58,22.545,25.757,3.272,24.553,18.569,MISFIRE,0.647,1.0,1.0,1.0,1.0,0.647,0.0,0.0,0.0
27.5,TAKEOFF,89.58,63.23,687.5,28.62,98.839,1.141,6314.0,80.0,593.5,5.254,67.66,22.5,25.792,3.262,24.6,18.438,6313.02,80.7,592.45,5.263,67.73,22.572,25.721,3.276,24.553,18.407,MISFIRE,0.65,1.0,1.0,1.0,1.0,0.65,0.0,0.0,0.0
27.6,TAKEOFF,89.6,63.24,690.0,28.62,98.83,1.1409,6312.45,80.0,593.46,5.254,67.66,22.507,25.792,3.27,24.6,18.44,6305.83,79.93,593.74,5.233,67.48,22.667,25.823,3.283,24.634,18.37,MISFIRE,0.653,1.0,1.0,1.0,1.0,0.653,0.0,0.0,0.0
27.7,TAKEOFF,89.62,63.25,692.5,28.61,98.821,1.1408,6310.9,80.0,593.43,5.253,67.65,22.514,25.792,3.279,24.6,18.443,6302.37,80.52,595.86,5.198,67.44,22.571,25.819,3.293,24.651,18.484,MISFIRE,0.657,1.0,1.0,1.0,1.0,0.657,0.0,0.0,0.0
27.8,TAKEOFF,89.63,63.26,695.0,28.61,98.812,1.1407,6309.35,80.0,593.4,5.252,67.64,22.521,25.793,3.287,24.6,18.445,6303.0,79.78,593.66,5.238,66.95,22.476,25.819,3.195,24.591,18.398,MISFIRE,0.66,1.0,1.0,1.0,1.0,0.66,0.0,0.0,0.0
27.9,TAKEOFF,89.65,63.27,697.5,28.6,98.803,1.1407,6307.8,80.0,593.36,5.251,67.63,22.529,25.793,3.295,24.6,18.448,6302.96,79.69,592.3,5.219,67.62,22.462,25.792,3.317,24.593,18.213,MISFIRE,0.663,1.0,1.0,1.0,1.0,0.663,0.0,0.0,0.0
28.0,TAKEOFF,89.67,63.28,700.0,28.6,98.794,1.1406,6306.25,80.0,593.33,5.251,67.62,22.536,25.793,3.304,24.6,18.45,6306.96,80.5,594.83,5.248,67.76,22.406,25.806,3.363,24.608,18.464,MISFIRE,0.667,1.0,1.0,1.0,1.0,0.667,0.0,0.0,0.0
28.1,TAKEOFF,89.68,63.29,702.5,28.59,98.785,1.1405,6304.69,80.0,593.29,5.25,67.62,22.543,25.794,3.312,24.6,18.453,6304.75,78.93,593.91,5.266,67.26,22.506,25.766,3.266,24.66,18.542,MISFIRE,0.67,1.0,1.0,1.0,1.0,0.67,0.0,0.0,0.0
28.2,TAKEOFF,89.7,63.31,705.0,28.59,98.776,1.1404,6303.14,80.0,593.25,5.249,67.61,22.551,25.794,3.32,24.6,18.455,6307.3,79.72,590.56,5.26,68.21,22.5,25.806,3.332,24.588,18.394,MISFIRE,0.673,1.0,1.0,1.0,1.0,0.673,0.0,0.0,0.0
28.3,TAKEOFF,89.72,63.32,707.5,28.58,98.767,1.1403,6301.59,80.0,593.21,5.248,67.6,22.558,25.794,3.328,24.6,18.458,6299.11,80.56,592.04,5.251,68.07,22.586,25.842,3.302,24.566,18.524,MISFIRE,0.677,1.0,1.0,1.0,1.0,0.677,0.0,0.0,0.0
28.4,TAKEOFF,89.73,63.33,710.0,28.58,98.758,1.1402,6300.03,80.0,593.17,5.248,67.59,22.565,25.795,3.337,24.6,18.46,6301.28,79.88,592.61,5.289,67.56,22.36,25.842,3.243,24.574,18.43,MISFIRE,0.68,1.0,1.0,1.0,1.0,0.68,0.0,0.0,0.0
28.5,TAKEOFF,89.75,63.34,712.5,28.57,98.749,1.1402,6298.48,80.0,593.13,5.247,67.59,22.573,25.795,3.345,24.6,18.463,6301.09,79.98,592.38,5.216,68.13,22.636,25.824,3.387,24.595,18.292,MISFIRE,0.683,1.0,1.0,1.0,1.0,0.683,0.0,0.0,0.0
28.6,TAKEOFF,89.77,63.35,715.0,28.57,98.74,1.1401,6296.92,80.0,593.09,5.246,67.58,22.58,25.795,3.353,24.6,18.465,6288.7,80.07,592.23,5.224,68.15,22.453,25.775,3.384,24.71,18.463,MISFIRE,0.687,1.0,1.0,1.0,1.0,0.687,0.0,0.0,0.0
28.7,TAKEOFF,89.78,63.36,717.5,28.56,98.732,1.14,6295.36,80.0,593.04,5.245,67.57,22.587,25.796,3.361,24.6,18.468,6310.58,79.61,592.28,5.257,67.81,22.726,25.834,3.387,24.635,18.542,MISFIRE,0.69,1.0,1.0,1.0,1.0,0.69,0.0,0.0,0.0
28.8,TAKEOFF,89.8,63.37,720.0,28.56,98.723,1.1399,6293.81,80.0,593.0,5.245,67.56,22.595,25.796,3.37,24.6,18.47,6291.94,80.63,593.85,5.241,67.82,22.592,25.791,3.327,24.584,18.448,MISFIRE,0.693,1.0,1.0,1.0,1.0,0.693,0.0,0.0,0.0
28.9,TAKEOFF,89.82,63.38,722.5,28.55,98.714,1.1398,6292.25,80.0,592.95,5.244,67.56,22.602,25.796,3.378,24.6,18.473,6294.37,79.65,596.05,5.272,67.02,22.782,25.785,3.28,24.59,18.494,MISFIRE,0.697,1.0,1.0,1.0,1.0,0.697,0.0,0.0,0.0
29.0,TAKEOFF,89.83,63.39,725.0,28.55,98.705,1.1397,6290.69,80.0,592.91,5.243,67.55,22.609,25.797,3.386,24.6,18.475,6298.7,79.59,591.94,5.231,67.52,22.715,25.746,3.28,24.631,18.594,MISFIRE,0.7,1.0,1.0,1.0,1.0,0.7,0.0,0.0,0.0
29.1,TAKEOFF,89.85,63.4,727.5,28.54,98.696,1.1397,6289.13,80.0,592.86,5.243,67.54,22.617,25.797,3.394,24.6,18.478,6287.66,80.03,591.83,5.237,67.37,22.797,25.848,3.36,24.552,18.539,MISFIRE,0.703,1.0,1.0,1.0,1.0,0.703,0.0,0.0,0.0
29.2,TAKEOFF,89.87,63.41,730.0,28.54,98.687,1.1396,6287.58,79.99,592.81,5.242,67.53,22.624,25.797,3.403,24.6,18.48,6289.13,80.56,588.8,5.249,67.73,22.628,25.877,3.391,24.538,18.337,MISFIRE,0.707,1.0,1.0,1.0,1.0,0.707,0.0,0.0,0.0
29.3,TAKEOFF,89.88,63.42,732.5,28.53,98.678,1.1395,6286.02,79.99,592.76,5.241,67.52,22.631,25.798,3.411,24.6,18.483,6290.16,79.56,595.8,5.272,67.6,22.662,25.735,3.385,24.558,18.456,MISFIRE,0.71,1.0,1.0,1.0,1.0,0.71,0.0,0.0,0.0
29.4,TAKEOFF,89.9,63.44,735.0,28.53,98.669,1.1394,6284.46,79.99,592.71,5.24,67.52,22.639,25.798,3.419,24.6,18.485,6283.4,80.0,592.26,5.262,67.42,22.752,25.748,3.373,24.645,18.577,MISFIRE,0.713,1.0,1.0,1.0,1.0,0.713,0.0,0.0,0.0
29.5,TAKEOFF,89.92,63.45,737.5,28.52,98.66,1.1393,6282.9,79.99,592.66,5.24,67.51,22.646,25.798,3.428,24.6,18.488,6278.1,80.29,592.13,5.19,68.08,22.605,25.766,3.372,24.525,18.773,MISFIRE,0.717,1.0,1.0,1.0,1.0,0.717,0.0,0.0,0.0
29.6,TAKEOFF,89.93,63.46,740.0,28.52,98.651,1.1392,6281.34,79.99,592.6,5.239,67.5,22.653,25.799,3.436,24.6,18.49,6275.2,80.2,593.58,5.208,67.61,22.463,25.856,3.472,24.556,18.433,MISFIRE,0.72,1.0,1.0,1.0,1.0,0.72,0.0,0.0,0.0
29.7,TAKEOFF,89.95,63.47,742.5,28.51,98.642,1.1392,6279.78,79.99,592.55,5.238,67.49,22.661,25.799,3.444,24.6,18.493,6282.55,80.34,594.8,5.219,67.44,22.682,25.839,3.329,24.558,18.632,MISFIRE,0.723,1.0,1.0,1.0,1.0,0.723,0.0,0.0,0.0
29.8,TAKEOFF,89.97,63.48,745.0,28.51,98.633,1.1391,6278.21,79.99,592.5,5.237,67.49,22.668,25.799,3.452,24.6,18.495,6275.9,80.16,592.29,5.203,67.48,22.708,25.802,3.51,24.648,18.531,MISFIRE,0.727,1.0,1.0,1.0,1.0,0.727,0.0,0.0,0.0
29.9,TAKEOFF,89.98,63.49,747.5,28.5,98.625,1.139,6276.65,79.99,592.44,5.237,67.48,22.676,25.8,3.461,24.6,18.498,6278.12,79.6,590.93,5.227,68.33,22.646,25.805,3.443,24.63,18.564,MISFIRE,0.73,1.0,1.0,1.0,1.0,0.73,0.0,0.0,0.0
30.0,TAKEOFF,90.0,63.5,750.0,28.5,98.616,1.1389,6275.09,79.99,592.38,5.236,67.47,22.683,25.8,3.469,24.6,18.5,6267.16,79.62,594.0,5.265,66.81,22.59,25.847,3.473,24.663,18.576,MISFIRE,0.733,1.0,1.0,1.0,1.0,0.733,0.0,0.0,0.0
30.1,TAKEOFF,90.02,63.51,752.5,28.49,98.607,1.1388,6273.53,79.99,592.33,5.235,67.46,22.69,25.8,3.477,24.6,18.503,6278.16,79.47,592.42,5.268,67.18,22.609,25.866,3.499,24.568,18.597,MISFIRE,0.737,1.0,1.0,1.0,1.0,0.737,0.0,0.0,0.0
30.2,TAKEOFF,90.03,63.52,755.0,28.49,98.598,1.1387,6271.96,79.99,592.27,5.234,67.46,22.698,25.801,3.485,24.6,18.505,6272.97,80.21,592.73,5.191,67.67,22.618,25.736,3.503,24.574,18.683,MISFIRE,0.74,1.0,1.0,1.0,1.0,0.74,0.0,0.0,0.0
30.3,TAKEOFF,90.05,63.53,757.5,28.48,98.589,1.1386,6270.4,79.99,592.21,5.234,67.45,22.705,25.801,3.494,24.6,18.508,6270.63,79.66,592.14,5.268,67.25,22.588,25.812,3.537,24.482,18.457,MISFIRE,0.743,1.0,1.0,1.0,1.0,0.743,0.0,0.0,0.0
30.4,TAKEOFF,90.07,63.54,760.0,28.48,98.58,1.1386,6268.83,79.99,592.15,5.233,67.44,22.712,25.801,3.502,24.6,18.51,6277.09,80.23,591.03,5.272,67.48,22.719,25.924,3.496,24.569,18.529,MISFIRE,0.747,1.0,1.0,1.0,1.0,0.747,0.0,0.0,0.0
30.5,TAKEOFF,90.08,63.55,762.5,28.47,98.571,1.1385,6267.27,79.99,592.09,5.232,67.43,22.72,25.802,3.51,24.6,18.513,6264.02,78.82,593.28,5.258,67.7,22.61,25.829,3.548,24.623,18.535,MISFIRE,0.75,1.0,1.0,1.0,1.0,0.75,0.0,0.0,0.0
30.6,TAKEOFF,90.1,63.57,765.0,28.47,98.562,1.1384,6265.7,79.99,592.03,5.231,67.43,22.727,25.802,3.518,24.6,18.515,6266.62,79.99,589.96,5.217,67.59,22.623,25.716,3.582,24.553,18.524,MISFIRE,0.753,1.0,1.0,1.0,1.0,0.753,0.0,0.0,0.0
30.7,TAKEOFF,90.12,63.58,767.5,28.46,98.553,1.1383,6264.14,79.99,591.96,5.231,67.42,22.734,25.802,3.527,24.6,18.518,6260.99,79.54,591.87,5.297,67.41,22.712,25.805,3.544,24.631,18.586,MISFIRE,0.757,1.0,1.0,1.0,1.0,0.757,0.0,0.0,0.0
30.8,TAKEOFF,90.13,63.59,770.0,28.46,98.544,1.1382,6262.57,79.99,591.9,5.23,67.41,22.742,25.803,3.535,24.6,18.52,6266.1,80.22,593.92,5.221,67.35,22.745,25.763,3.537,24.553,18.364,MISFIRE,0.76,1.0,1.0,1.0,1.0,0.76,0.0,0.0,0.0
30.9,TAKEOFF,90.15,63.6,772.5,28.45,98.536,1.1381,6261.0,79.99,591.84,5.229,67.4,22.749,25.803,3.543,24.6,18.523,6259.22,80.23,592.77,5.282,66.91,22.788,25.876,3.504,24.562,18.458,MISFIRE,0.763,1.0,1.0,1.0,1.0,0.763,0.0,0.0,0.0
31.0,TAKEOFF,90.17,63.61,775.0,28.45,98.527,1.1381,6259.44,79.99,591.77,5.228,67.39,22.756,25.803,3.551,24.6,18.525,6262.5,79.96,592.09,5.225,67.37,22.568,25.788,3.529,24.604,18.695,MISFIRE,0.767,1.0,1.0,1.0,1.0,0.767,0.0,0.0,0.0
31.1,TAKEOFF,90.18,63.62,777.5,28.44,98.518,1.138,6257.87,79.99,591.7,5.228,67.39,22.764,25.804,3.56,24.6,18.528,6259.8,78.85,590.5,5.175,67.6,22.711,25.797,3.562,24.649,18.684,MISFIRE,0.77,1.0,1.0,1.0,1.0,0.77,0.0,0.0,0.0
31.2,TAKEOFF,90.2,63.63,780.0,28.44,98.509,1.1379,6256.3,79.99,591.64,5.227,67.38,22.771,25.804,3.568,24.6,18.53,6266.95,80.39,594.65,5.21,67.48,23.051,25.759,3.492,24.604,18.536,MISFIRE,0.773,1.0,1.0,1.0,1.0,0.773,0.0,0.0,0.0
31.3,TAKEOFF,90.22,63.64,782.5,28.43,98.5,1.1378,6254.73,79.99,591.57,5.226,67.37,22.778,25.804,3.576,24.6,18.533,6253.98,80.71,590.65,5.178,67.31,22.814,25.742,3.594,24.605,18.362,MISFIRE,0.777,1.0,1.0,1.0,1.0,0.777,0.0,0.0,0.0
31.4,TAKEOFF,90.23,63.65,785.0,28.43,98.491,1.1377,6253.16,79.99,591.5,5.225,67.36,22.786,25.805,3.585,24.6,18.535,6251.25,79.7,592.17,5.195,67.24,22.858,25.823,3.543,24.551,18.468,MISFIRE,0.78,1.0,1.0,1.0,1.0,0.78,0.0,0.0,0.0
31.5,TAKEOFF,90.25,63.66,787.5,28.42,98.482,1.1376,6251.59,79.99,591.43,5.225,67.36,22.793,25.805,3.593,24.6,18.538,6255.49,80.8,591.59,5.244,67.37,22.821,25.845,3.537,24.622,18.518,MISFIRE,0.783,1.0,1.0,1.0,1.0,0.783,0.0,0.0,0.0
31.6,TAKEOFF,90.27,63.67,790.0,28.42,98.473,1.1376,6250.02,79.99,591.36,5.224,67.35,22.801,25.805,3.601,24.6,18.54,6247.57,80.34,593.13,5.215,67.53,22.851,25.845,3.601,24.553,18.516,MISFIRE,0.787,1.0,1.0,1.0,1.0,0.787,0.0,0.0,0.0
31.7,TAKEOFF,90.28,63.68,792.5,28.41,98.464,1.1375,6248.45,79.99,591.29,5.223,67.34,22.808,25.806,3.609,24.6,18.543,6238.03,79.74,593.08,5.253,67.61,22.928,25.774,3.649,24.548,18.491,MISFIRE,0.79,1.0,1.0,1.0,1.0,0.79,0.0,0.0,0.0
31.8,TAKEOFF,90.3,63.7,795.0,28.41,98.455,1.1374,6246.88,79.99,591.22,5.222,67.33,22.815,25.806,3.618,24.6,18.545,6251.07,79.43,590.47,5.225,67.56,22.808,25.816,3.611,24.636,18.625,MISFIRE,0.793,1.0,1.0,1.0,1.0,0.793,0.0,0.0,0.0
31.9,TAKEOFF,90.32,63.71,797.5,28.4,98.447,1.1373,6245.3,79.99,591.15,5.222,67.33,22.823,25.806,3.626,24.6,18.548,6247.21,80.34,590.73,5.159,67.02,22.801,25.795,3.64,24.564,18.472,MISFIRE,0.797,1.0,1.0,1.0,1.0,0.797,0.0,0.0,0.0
32.0,TAKEOFF,90.33,63.72,800.0,28.4,98.438,1.1372,6243.73,79.99,591.08,5.221,67.32,22.83,25.807,3.634,24.6,18.55,6245.34,80.66,591.23,5.209,67.77,22.685,25.778,3.657,24.54,18.439,MISFIRE,0.8,1.0,1.0,1.0,1.0,0.8,0.0,0.0,0.0
32.1,TAKEOFF,90.35,63.73,802.5,28.39,98.429,1.1371,6242.16,79.99,591.0,5.22,67.31,22.837,25.807,3.642,24.6,18.553,6248.8,79.82,591.99,5.229,66.94,22.886,25.853,3.667,24.639,18.575,MISFIRE,0.803,1.0,1.0,1.0,1.0,0.803,0.0,0.0,0.0
32.2,TAKEOFF,90.37,63.74,805.0,28.39,98.42,1.1371,6240.58,79.99,590.93,5.219,67.3,22.845,25.807,3.651,24.6,18.555,6242.52,79.93,590.42,5.261,66.77,23.009,25.81,3.703,24.544,18.643,MISFIRE,0.807,1.0,1.0,1.0,1.0,0.807,0.0,0.0,0.0
32.3,TAKEOFF,90.38,63.75,807.5,28.38,98.411,1.137,6239.01,79.99,590.86,5.219,67.3,22.852,25.808,3.659,24.6,18.558,6242.4,79.89,591.99,5.134,66.96,23.163,25.837,3.661,24.666,18.643,MISFIRE,0.81,1.0,1.0,1.0,1.0,0.81,0.0,0.0,0.0
32.4,TAKEOFF,90.4,63.76,810.0,28.38,98.402,1.1369,6237.44,79.99,590.78,5.218,67.29,22.86,25.808,3.667,24.6,18.56,6239.1,79.9,589.97,5.236,67.43,22.974,25.755,3.673,24.524,18.391,MISFIRE,0.813,1.0,1.0,1.0,1.0,0.813,0.0,0.0,0.0
32.5,TAKEOFF,90.42,63.77,812.5,28.37,98.393,1.1368,6235.86,79.99,590.7,5.217,67.28,22.867,25.808,3.675,24.6,18.563,6244.47,79.88,592.43,5.248,67.31,22.924,25.773,3.656,24.701,18.566,MISFIRE,0.817,1.0,1.0,1.0,1.0,0.817,0.0,0.0,0.0
32.6,TAKEOFF,90.43,63.78,815.0,28.37,98.384,1.1367,6234.28,79.99,590.63,5.216,67.27,22.874,25.809,3.684,24.6,18.565,6233.63,80.78,591.28,5.227,67.49,23.056,25.768,3.65,24.58,18.632,MISFIRE,0.82,1.0,1.0,1.0,1.0,0.82,0.0,0.0,0.0
32.7,TAKEOFF,90.45,63.79,817.5,28.36,98.375,1.1366,6232.71,79.99,590.55,5.216,67.27,22.882,25.809,3.692,24.6,18.568,6229.15,80.88,590.09,5.175,66.41,22.707,25.886,3.64,24.619,18.597,MISFIRE,0.823,1.0,1.0,1.0,1.0,0.823,0.0,0.0,0.0
32.8,TAKEOFF,90.47,63.8,820.0,28.36,98.367,1.1365,6231.13,79.99,590.47,5.215,67.26,22.889,25.809,3.7,24.6,18.57,6223.33,80.16,592.86,5.26,67.02,22.907,25.851,3.748,24.586,18.335,MISFIRE,0.827,1.0,1.0,1.0,1.0,0.827,0.0,0.0,0.0
32.9,TAKEOFF,90.48,63.81,822.5,28.35,98.358,1.1365,6229.55,79.99,590.39,5.214,67.25,22.896,25.81,3.708,24.6,18.573,6238.04,80.68,587.23,5.194,67.31,22.776,25.741,3.667,24.546,18.554,MISFIRE,0.83,1.0,1.0,1.0,1.0,0.83,0.0,0.0,0.0
33.0,TAKEOFF,90.5,63.83,825.0,28.35,98.349,1.1364,6227.98,79.99,590.31,5.213,67.24,22.904,25.81,3.717,24.6,18.575,6229.6,80.03,591.31,5.196,67.66,22.889,25.794,3.654,24.565,18.277,MISFIRE,0.833,1.0,1.0,1.0,1.0,0.833,0.0,0.0,0.0
33.1,TAKEOFF,90.52,63.84,827.5,28.34,98.34,1.1363,6226.4,79.98,590.23,5.213,67.24,22.911,25.81,3.725,24.6,18.578,6224.21,79.39,592.78,5.222,67.48,22.897,25.876,3.727,24.592,18.417,MISFIRE,0.837,1.0,1.0,1.0,1.0,0.837,0.0,0.0,0.0
33.2,TAKEOFF,90.53,63.85,830.0,28.34,98.331,1.1362,6224.82,79.98,590.15,5.212,67.23,22.919,25.811,3.733,24.6,18.58,6227.62,79.82,588.54,5.245,67.22,23.053,25.945,3.725,24.582,18.629,MISFIRE,0.84,1.0,1.0,1.0,1.0,0.84,0.0,0.0,0.0
33.3,TAKEOFF,90.55,63.86,832.5,28.33,98.322,1.1361,6223.24,79.98,590.07,5.211,67.22,22.926,25.811,3.742,24.6,18.583,6224.27,79.98,591.72,5.18,67.71,22.932,25.753,3.788,24.623,18.411,MISFIRE,0.843,1.0,1.0,1.0,1.0,0.843,0.0,0.0,0.0
33.4,TAKEOFF,90.57,63.87,835.0,28.33,98.313,1.136,6221.66,79.98,589.99,5.21,67.21,22.933,25.811,3.75,24.6,18.585,6218.44,79.53,586.13,5.231,67.75,22.823,25.775,3.779,24.552,18.618,MISFIRE,0.847,1.0,1.0,1.0,1.0,0.847,0.0,0.0,0.0
33.5,TAKEOFF,90.58,63.88,837.5,28.32,98.304,1.136,6220.08,79.98,589.91,5.21,67.21,22.941,25.812,3.758,24.6,18.588,6219.01,81.49,590.72,5.217,66.83,23.099,25.818,3.678,24.699,18.529,MISFIRE,0.85,1.0,1.0,1.0,1.0,0.85,0.0,0.0,0.0
33.6,TAKEOFF,90.6,63.89,840.0,28.32,98.295,1.1359,6218.5,79.98,589.83,5.209,67.2,22.948,25.812,3.766,24.6,18.59,6213.35,79.96,588.08,5.171,67.19,22.781,25.873,3.793,24.62,18.579,MISFIRE,0.853,1.0,1.0,1.0,1.0,0.853,0.0,0.0,0.0
33.7,TAKEOFF,90.62,63.9,842.5,28.31,98.287,1.1358,6216.92,79.98,589.74,5.208,67.19,22.956,25.812,3.775,24.6,18.593,6217.01,80.81,592.31,5.236,67.12,22.649,25.737,3.801,24.63,18.572,MISFIRE,0.857,1.0,1.0,1.0,1.0,0.857,0.0,0.0,0.0
33.8,TAKEOFF,90.63,63.91,845.0,28.31,98.278,1.1357,6215.34,79.98,589.66,5.207,67.18,22.963,25.813,3.783,24.6,18.595,6220.24,79.42,590.0,5.222,66.88,22.871,25.842,3.714,24.562,18.627,MISFIRE,0.86,1.0,1.0,1.0,1.0,0.86,0.0,0.0,0.0
33.9,TAKEOFF,90.65,63.92,847.5,28.3,98.269,1.1356,6213.76,79.98,589.57,5.206,67.18,22.97,25.813,3.791,24.6,18.598,6213.89,79.72,589.98,5.218,67.29,22.93,25.757,3.807,24.583,18.66,MISFIRE,0.863,1.0,1.0,1.0,1.0,0.863,0.0,0.0,0.0
34.0,TAKEOFF,90.67,63.93,850.0,28.3,98.26,1.1355,6212.17,79.98,589.49,5.206,67.17,22.978,25.813,3.799,24.6,18.6,6210.2,79.51,589.17,5.236,67.49,22.91,25.759,3.789,24.505,18.512,MISFIRE,0.867,1.0,1.0,1.0,1.0,0.867,0.0,0.0,0.0
34.1,TAKEOFF,90.68,63.94,852.5,28.29,98.251,1.1355,6210.59,79.98,589.4,5.205,67.16,22.985,25.814,3.808,24.6,18.603,6214.18,81.3,588.97,5.174,67.13,22.883,25.859,3.746,24.551,18.626,MISFIRE,0.87,1.0,1.0,1.0,1.0,0.87,0.0,0.0,0.0
34.2,TAKEOFF,90.7,63.96,855.0,28.29,98.242,1.1354,6209.01,79.98,589.32,5.204,67.15,22.993,25.814,3.816,24.6,18.605,6210.4,79.04,588.91,5.24,67.06,23.06,25.852,3.813,24.57,18.705,MISFIRE,0.873,1.0,1.0,1.0,1.0,0.873,0.0,0.0,0.0
34.3,TAKEOFF,90.72,63.97,857.5,28.28,98.233,1.1353,6207.42,79.98,589.23,5.203,67.15,23.0,25.814,3.824,24.6,18.608,6213.72,79.65,586.57,5.22,67.09,22.922,25.829,3.84,24.62,18.647,MISFIRE,0.877,1.0,1.0,1.0,1.0,0.877,0.0,0.0,0.0
34.4,TAKEOFF,90.73,63.98,860.0,28.28,98.224,1.1352,6205.84,79.98,589.14,5.203,67.14,23.007,25.815,3.832,24.6,18.61,6200.44,79.34,590.76,5.172,67.43,22.861,25.787,3.808,24.579,18.519,MISFIRE,0.88,1.0,1.0,1.0,1.0,0.88,0.0,0.0,0.0
34.5,TAKEOFF,90.75,63.99,862.5,28.27,98.216,1.1351,6204.25,79.98,589.05,5.202,67.13,23.015,25.815,3.841,24.6,18.613,6197.69,80.1,590.01,5.171,66.86,23.096,25.816,3.884,24.513,18.525,MISFIRE,0.883,1.0,1.0,1.0,1.0,0.883,0.0,0.0,0.0
34.6,TAKEOFF,90.77,64.0,865.0,28.27,98.207,1.135,6202.67,79.98,588.97,5.201,67.12,23.022,25.815,3.849,24.6,18.615,6206.39,80.17,590.56,5.184,67.23,22.936,25.875,3.845,24.642,18.556,MISFIRE,0.887,1.0,1.0,1.0,1.0,0.887,0.0,0.0,0.0
34.7,TAKEOFF,90.78,64.01,867.5,28.26,98.198,1.135,6201.08,79.98,588.88,5.2,67.12,23.03,25.816,3.857,24.6,18.618,6203.25,79.37,590.8,5.208,67.27,23.115,25.831,3.819,24.562,18.672,MISFIRE,0.89,1.0,1.0,1.0,1.0,0.89,0.0,0.0,0.0
34.8,TAKEOFF,90.8,64.02,870.0,28.26,98.189,1.1349,6199.49,79.98,588.79,5.2,67.11,23.037,25.816,3.865,24.6,18.62,6207.61,79.86,589.49,5.245,67.07,23.026,25.788,3.828,24.613,18.517,MISFIRE,0.893,1.0,1.0,1.0,1.0,0.893,0.0,0.0,0.0
34.9,TAKEOFF,90.82,64.03,872.5,28.25,98.18,1.1348,6197.91,79.98,588.7,5.199,67.1,23.044,25.816,3.874,24.6,18.623,6201.67,80.03,587.87,5.154,67.19,23.026,25.801,3.84,24.6,18.698,MISFIRE,0.897,1.0,1.0,1.0,1.0,0.897,0.0,0.0,0.0
35.0,TAKEOFF,90.83,64.04,875.0,28.25,98.171,1.1347,6196.32,79.98,588.61,5.198,67.09,23.052,25.817,3.882,24.6,18.625,6199.6,80.13,585.97,5.126,67.57,22.926,25.901,3.926,24.615,18.567,MISFIRE,0.9,1.0,1.0,1.0,1.0,0.9,0.0,0.0,0.0
35.1,TAKEOFF,90.85,64.05,877.5,28.24,98.162,1.1346,6194.73,79.98,588.52,5.197,67.09,23.059,25.817,3.89,24.6,18.628,6202.8,79.32,590.12,5.201,67.16,23.263,25.814,3.863,24.625,18.688,MISFIRE,0.903,1.0,1.0,1.0,1.0,0.903,0.0,0.0,0.0
35.2,TAKEOFF,90.87,64.06,880.0,28.24,98.153,1.1345,6193.14,79.98,588.42,5.197,67.08,23.067,25.817,3.898,24.6,18.63,6192.48,79.69,588.39,5.216,67.26,23.082,25.82,3.889,24.641,18.688,MISFIRE,0.907,1.0,1.0,1.0,1.0,0.907,0.0,0.0,0.0
35.3,TAKEOFF,90.88,64.07,882.5,28.23,98.145,1.1345,6191.55,79.98,588.33,5.196,67.07,23.074,25.818,3.907,24.6,18.633,6186.74,79.7,588.79,5.199,66.88,23.118,25.764,3.881,24.543,18.642,MISFIRE,0.91,1.0,1.0,1.0,1.0,0.91,0.0,0.0,0.0
35.4,TAKEOFF,90.9,64.09,885.0,28.23,98.136,1.1344,6189.96,79.98,588.24,5.195,67.06,23.081,25.818,3.915,24.6,18.635,6197.38,79.53,588.79,5.157,67.21,22.995,25.849,3.939,24.656,18.737,MISFIRE,0.913,1.0,1.0,1.0,1.0,0.913,0.0,0.0,0.0
35.5,TAKEOFF,90.92,64.1,887.5,28.22,98.127,1.1343,6188.37,79.98,588.15,5.194,67.06,23.089,25.818,3.923,24.6,18.638,6188.64,80.54,586.62,5.218,66.56,23.159,25.836,3.934,24.626,18.773,MISFIRE,0.917,1.0,1.0,1.0,1.0,0.917,0.0,0.0,0.0
35.6,TAKEOFF,90.93,64.11,890.0,28.22,98.118,1.1342,6186.78,79.98,588.05,5.194,67.05,23.096,25.819,3.932,24.6,18.64,6193.34,79.98,588.6,5.184,66.59,23.051,25.779,3.951,24.641,18.494,MISFIRE,0.92,1.0,1.0,1.0,1.0,0.92,0.0,0.0,0.0
35.7,TAKEOFF,90.95,64.12,892.5,28.21,98.109,1.1341,6185.19,79.98,587.96,5.193,67.04,23.104,25.819,3.94,24.6,18.643,6190.17,78.64,587.72,5.141,67.11,23.305,25.88,3.911,24.579,18.52,MISFIRE,0.923,1.0,1.0,1.0,1.0,0.923,0.0,0.0,0.0
35.8,TAKEOFF,90.97,64.13,895.0,28.21,98.1,1.134,6183.6,79.98,587.87,5.192,67.04,23.111,25.819,3.948,24.6,18.645,6182.71,79.76,586.8,5.205,66.81,23.099,25.801,3.945,24.559,18.538,MISFIRE,0.927,1.0,1.0,1.0,1.0,0.927,0.0,0.0,0.0
35.9,TAKEOFF,90.98,64.14,897.5,28.2,98.091,1.134,6182.01,79.98,587.77,5.191,67.03,23.118,25.82,3.956,24.6,18.648,6181.38,79.04,588.56,5.202,66.65,22.971,25.864,3.988,24.648,18.615,MISFIRE,0.93,1.0,1.0,1.0,1.0,0.93,0.0,0.0,0.0
36.0,TAKEOFF,91.0,64.15,900.0,28.2,98.083,1.1339,6180.42,79.98,587.68,5.19,67.02,23.126,25.82,3.965,24.6,18.65,6183.71,79.83,587.57,5.204,66.88,23.155,25.755,3.887,24.588,18.608,MISFIRE,0.933,1.0,1.0,1.0,1.0,0.933,0.0,0.0,0.0
36.1,TAKEOFF,91.02,64.16,902.5,28.19,98.074,1.1338,6178.82,79.98,587.58,5.19,67.01,23.133,25.82,3.973,24.6,18.653,6183.58,80.52,586.77,5.17,66.91,23.014,25.854,3.993,24.694,18.526,MISFIRE,0.937,1.0,1.0,1.0,1.0,0.937,0.0,0.0,0.0
36.2,TAKEOFF,91.03,64.17,905.0,28.19,98.065,1.1337,6177.23,79.98,587.48,5.189,67.01,23.141,25.821,3.981,24.6,18.655,6175.93,79.63,587.73,5.151,66.61,23.079,25.807,4.051,24.607,18.568,MISFIRE,0.94,1.0,1.0,1.0,1.0,0.94,0.0,0.0,0.0
36.3,TAKEOFF,91.05,64.18,907.5,28.18,98.056,1.1336,6175.63,79.98,587.39,5.188,67.0,23.148,25.821,3.989,24.6,18.658,6171.76,79.17,587.35,5.175,67.06,23.207,25.795,3.936,24.543,18.679,MISFIRE,0.943,1.0,1.0,1.0,1.0,0.943,0.0,0.0,0.0
36.4,TAKEOFF,91.07,64.19,910.0,28.18,98.047,1.1335,6174.04,79.98,587.29,5.187,66.99,23.156,25.821,3.998,24.6,18.66,6175.21,80.0,589.22,5.166,66.67,23.139,25.826,4.028,24.584,18.685,MISFIRE,0.947,1.0,1.0,1.0,1.0,0.947,0.0,0.0,0.0
36.5,TAKEOFF,91.08,64.2,912.5,28.17,98.038,1.1335,6172.44,79.98,587.19,5.187,66.98,23.163,25.822,4.006,24.6,18.663,6176.45,80.64,588.59,5.192,66.91,23.265,25.758,4.007,24.567,18.737,MISFIRE,0.95,1.0,1.0,1.0,1.0,0.95,0.0,0.0,0.0
36.6,TAKEOFF,91.1,64.22,915.0,28.17,98.029,1.1334,6170.85,79.98,587.1,5.186,66.98,23.17,25.822,4.014,24.6,18.665,6180.39,79.2,586.59,5.181,67.51,23.056,25.796,4.026,24.545,18.703,MISFIRE,0.953,1.0,1.0,1.0,1.0,0.953,0.0,0.0,0.0
36.7,TAKEOFF,91.12,64.23,917.5,28.16,98.021,1.1333,6169.25,79.97,587.0,5.185,66.97,23.178,25.822,4.022,24.6,18.668,6163.98,79.14,586.92,5.213,66.89,23.128,25.775,4.071,24.615,18.555,MISFIRE,0.957,1.0,1.0,1.0,1.0,0.957,0.0,0.0,0.0
36.8,TAKEOFF,91.13,64.24,920.0,28.16,98.012,1.1332,6167.66,79.97,586.9,5.184,66.96,23.185,25.823,4.031,24.6,18.67,6159.82,79.43,589.43,5.199,66.61,23.191,25.813,4.074,24.736,18.705,MISFIRE,0.96,1.0,1.0,1.0,1.0,0.96,0.0,0.0,0.0
36.9,TAKEOFF,91.15,64.25,922.5,28.15,98.003,1.1331,6166.06,79.97,586.8,5.184,66.95,23.193,25.823,4.039,24.6,18.673,6166.95,79.75,585.5,5.195,66.85,23.154,25.861,4.063,24.656,18.526,MISFIRE,0.963,1.0,1.0,1.0,1.0,0.963,0.0,0.0,0.0
37.0,TAKEOFF,91.17,64.26,925.0,28.15,97.994,1.133,6164.46,79.97,586.7,5.183,66.95,23.2,25.823,4.047,24.6,18.675,6161.28,80.71,587.34,5.092,66.61,23.097,25.819,4.052,24.528,18.61,MISFIRE,0.967,1.0,1.0,1.0,1.0,0.967,0.0,0.0,0.0
37.1,TAKEOFF,91.18,64.27,927.5,28.14,97.985,1.1329,6162.86,79.97,586.6,5.182,66.94,23.208,25.824,4.055,24.6,18.678,6156.47,79.24,587.85,5.17,67.34,23.372,25.794,4.041,24.608,18.763,MISFIRE,0.97,1.0,1.0,1.0,1.0,0.97,0.0,0.0,0.0
37.2,TAKEOFF,91.2,64.28,930.0,28.14,97.976,1.1329,6161.26,79.97,586.5,5.181,66.93,23.215,25.824,4.064,24.6,18.68,6164.46,79.82,588.04,5.251,67.17,23.119,25.865,3.995,24.644,18.597,MISFIRE,0.973,1.0,1.0,1.0,1.0,0.973,0.0,0.0,0.0
37.3,TAKEOFF,91.22,64.29,932.5,28.13,97.967,1.1328,6159.67,79.97,586.4,5.181,66.92,23.222,25.824,4.072,24.6,18.683,6150.57,79.71,585.15,5.186,67.08,23.246,25.813,4.113,24.557,18.752,MISFIRE,0.977,1.0,1.0,1.0,1.0,0.977,0.0,0.0,0.0
37.4,TAKEOFF,91.23,64.3,935.0,28.13,97.959,1.1327,6158.07,79.97,586.3,5.18,66.92,23.23,25.825,4.08,24.6,18.685,6163.74,80.57,586.4,5.193,67.13,23.107,25.881,4.035,24.576,18.762,MISFIRE,0.98,1.0,1.0,1.0,1.0,0.98,0.0,0.0,0.0
37.5,TAKEOFF,91.25,64.31,937.5,28.12,97.95,1.1326,6156.47,79.97,586.2,5.179,66.91,23.237,25.825,4.088,24.6,18.688,6156.53,79.98,587.99,5.138,66.92,23.171,25.818,4.098,24.655,18.493,MISFIRE,0.983,1.0,1.0,1.0,1.0,0.983,0.0,0.0,0.0
37.6,TAKEOFF,91.27,64.32,940.0,28.12,97.941,1.1325,6154.87,79.97,586.1,5.178,66.9,23.245,25.825,4.097,24.6,18.69,6147.21,80.52,586.53,5.151,67.31,23.16,25.822,3.984,24.623,18.678,MISFIRE,0.987,1.0,1.0,1.0,1.0,0.987,0.0,0.0,0.0
37.7,TAKEOFF,91.28,64.33,942.5,28.11,97.932,1.1324,6153.26,79.97,586.0,5.177,66.9,23.252,25.826,4.105,24.6,18.693,6153.43,80.09,585.71,5.138,66.91,23.205,25.768,4.093,24.524,18.631,MISFIRE,0.99,1.0,1.0,1.0,1.0,0.99,0.0,0.0,0.0
37.8,TAKEOFF,91.3,64.35,945.0,28.11,97.923,1.1324,6151.66,79.97,585.9,5.177,66.89,23.26,25.826,4.113,24.6,18.695,6145.1,79.58,586.52,5.195,67.04,23.481,25.737,4.158,24.65,18.511,MISFIRE,0.993,1.0,1.0,1.0,1.0,0.993,0.0,0.0,0.0
37.9,TAKEOFF,91.32,64.36,947.5,28.1,97.914,1.1323,6150.06,79.97,585.79,5.176,66.88,23.267,25.826,4.122,24.6,18.698,6151.02,79.5,585.34,5.155,66.52,23.339,25.89,4.033,24.608,18.521,MISFIRE,0.997,1.0,1.0,1.0,1.0,0.997,0.0,0.0,0.0
38.0,TAKEOFF,91.33,64.37,950.0,28.1,97.906,1.1322,6148.46,79.97,585.69,5.175,66.87,23.274,25.827,4.13,24.6,18.7,6146.79,80.92,587.25,5.196,66.67,23.245,25.864,4.119,24.595,18.694,MISFIRE,1.0,1.0,1.0,1.0,1.0,1.0,0.0,0.0,0.0
38.1,TAKEOFF,91.35,64.38,952.5,28.09,97.897,1.1321,6146.97,79.97,585.59,5.174,66.87,23.278,25.827,4.13,24.6,18.703,6145.33,80.51,584.41,5.131,67.33,23.232,25.84,4.149,24.614,18.681,MISFIRE,1.0,1.0,1.0,1.0,1.0,1.0,0.0,0.0,0.0
38.2,TAKEOFF,91.37,64.39,955.0,28.09,97.888,1.132,6145.59,79.97,585.49,5.174,66.86,23.282,25.827,4.13,24.6,18.705,6142.33,80.42,584.01,5.156,66.69,23.199,25.957,4.151,24.644,18.688,MISFIRE,1.0,1.0,1.0,1.0,1.0,1.0,0.0,0.0,0.0
38.3,TAKEOFF,91.38,64.4,957.5,28.08,97.879,1.1319,6144.31,79.97,585.39,5.173,66.85,23.286,25.828,4.13,24.6,18.708,6147.28,79.65,586.7,5.141,66.51,23.471,25.894,4.185,24.631,18.517,MISFIRE,1.0,1.0,1.0,1.0,1.0,1.0,0.0,0.0,0.0
38.4,TAKEOFF,91.4,64.41,960.0,28.08,97.87,1.1319,6143.12,79.97,585.3,5.173,66.84,23.289,25.828,4.13,24.6,18.71,6142.12,80.1,588.52,5.144,66.45,23.21,25.885,4.171,24.623,18.672,MISFIRE,1.0,1.0,1.0,1.0,1.0,1.0,0.0,0.0,0.0
38.5,TAKEOFF,91.42,64.42,962.5,28.07,97.861,1.1318,6142.03,79.97,585.2,5.172,66.84,23.293,25.828,4.13,24.6,18.713,6144.13,79.7,587.16,5.137,66.43,23.284,25.778,4.144,24.619,18.738,MISFIRE,1.0,1.0,1.0,1.0,1.0,1.0,0.0,0.0,0.0
38.6,TAKEOFF,91.43,64.43,965.0,28.07,97.852,1.1317,6141.02,79.97,585.11,5.172,66.83,23.297,25.829,4.13,24.6,18.715,6135.58,80.97,585.36,5.243,66.67,23.152,25.875,4.153,24.635,18.639,MISFIRE,1.0,1.0,1.0,1.0,1.0,1.0,0.0,0.0,0.0
38.7,TAKEOFF,91.45,64.44,967.5,28.06,97.844,1.1316,6140.1,79.97,585.02,5.171,66.82,23.301,25.829,4.13,24.6,18.718,6139.29,79.66,584.89,5.16,66.83,23.402,25.87,4.121,24.573,18.615,MISFIRE,1.0,1.0,1.0,1.0,1.0,1.0,0.0,0.0,0.0
38.8,TAKEOFF,91.47,64.45,970.0,28.06,97.835,1.1315,6139.26,79.97,584.93,5.171,66.82,23.304,25.829,4.13,24.6,18.72,6133.79,80.16,582.71,5.188,66.57,23.354,25.714,4.239,24.62,18.655,MISFIRE,1.0,1.0,1.0,1.0,1.0,1.0,0.0,0.0,0.0
38.9,TAKEOFF,91.48,64.46,972.5,28.05,97.826,1.1314,6138.49,79.97,584.84,5.17,66.81,23.308,25.83,4.13,24.6,18.723,6136.04,80.51,582.98,5.155,66.91,23.312,25.728,4.181,24.574,18.579,MISFIRE,1.0,1.0,1.0,1.0,1.0,1.0,0.0,0.0,0.0
39.0,TAKEOFF,91.5,64.48,975.0,28.05,97.817,1.1314,6137.79,79.97,584.75,5.17,66.8,23.312,25.83,4.13,24.6,18.725,6140.7,79.89,584.49,5.194,66.76,23.161,25.843,4.12,24.585,18.694,MISFIRE,1.0,1.0,1.0,1.0,1.0,1.0,0.0,0.0,0.0
39.1,TAKEOFF,91.52,64.49,977.5,28.04,97.808,1.1313,6137.16,79.97,584.67,5.17,66.79,23.316,25.83,4.13,24.6,18.728,6135.39,79.52,583.16,5.172,67.15,23.443,25.861,4.118,24.63,18.758,MISFIRE,1.0,1.0,1.0,1.0,1.0,1.0,0.0,0.0,0.0
39.2,TAKEOFF,91.53,64.5,980.0,28.04,97.799,1.1312,6136.6,79.97,584.59,5.17,66.79,23.319,25.831,4.13,24.6,18.73,6126.27,80.36,586.07,5.153,66.93,23.233,25.855,4.071,24.717,18.94,MISFIRE,1.0,1.0,1.0,1.0,1.0,1.0,0.0,0.0,0.0
39.3,TAKEOFF,91.55,64.51,982.5,28.03,97.791,1.1311,6136.09,79.97,584.5,5.169,66.78,23.323,25.831,4.13,24.6,18.733,6134.94,79.32,582.88,5.169,66.72,23.485,25.859,4.171,24.554,18.745,MISFIRE,1.0,1.0,1.0,1.0,1.0,1.0,0.0,0.0,0.0
39.4,TAKEOFF,91.57,64.52,985.0,28.03,97.782,1.131,6135.65,79.97,584.42,5.169,66.77,23.327,25.831,4.13,24.6,18.735,6136.33,80.37,583.2,5.195,66.61,23.379,25.855,4.15,24.652,18.807,MISFIRE,1.0,1.0,1.0,1.0,1.0,1.0,0.0,0.0,0.0
39.5,TAKEOFF,91.58,64.53,987.5,28.02,97.773,1.1309,6135.26,79.97,584.35,5.169,66.76,23.331,25.832,4.13,24.6,18.738,6132.9,80.23,585.74,5.164,66.22,23.438,25.861,4.086,24.682,18.709,MISFIRE,1.0,1.0,1.0,1.0,1.0,1.0,0.0,0.0,0.0
39.6,TAKEOFF,91.6,64.54,990.0,28.02,97.764,1.1309,6134.92,79.97,584.27,5.169,66.76,23.334,25.832,4.13,24.6,18.74,6134.03,79.59,585.37,5.178,66.13,23.443,25.797,4.152,24.624,18.924,MISFIRE,1.0,1.0,1.0,1.0,1.0,1.0,0.0,0.0,0.0
39.7,TAKEOFF,91.62,64.55,992.5,28.01,97.755,1.1308,6134.63,79.97,584.19,5.169,66.75,23.338,25.832,4.13,24.6,18.743,6137.21,79.91,583.69,5.143,66.61,23.391,25.755,4.106,24.561,18.837,MISFIRE,1.0,1.0,1.0,1.0,1.0,1.0,0.0,0.0,0.0
39.8,TAKEOFF,91.63,64.56,995.0,28.01,97.746,1.1307,6134.38,79.97,584.12,5.169,66.74,23.342,25.833,4.13,24.6,18.745,6129.4,79.56,586.48,5.142,67.27,23.354,25.784,4.116,24.561,18.696,MISFIRE,1.0,1.0,1.0,1.0,1.0,1.0,0.0,0.0,0.0
39.9,TAKEOFF,91.65,64.57,997.5,28.0,97.738,1.1306,6134.19,79.97,584.04,5.169,66.74,23.346,25.833,4.13,24.6,18.748,6135.34,80.45,584.13,5.167,66.88,23.37,25.81,4.149,24.534,18.691,MISFIRE,1.0,1.0,1.0,1.0,1.0,1.0,0.0,0.0,0.0
40.0,TAKEOFF,91.67,64.58,1000.0,28.0,97.729,1.1305,6134.03,79.97,583.97,5.169,66.73,23.349,25.833,4.13,24.6,18.75,6131.13,79.83,582.99,5.143,66.75,23.314,25.843,4.235,24.47,18.702,MISFIRE,1.0,1.0,1.0,1.0,1.0,1.0,0.0,0.0,0.0
40.1,TAKEOFF,91.68,64.59,1002.5,27.99,97.72,1.1304,6133.92,79.97,583.9,5.169,66.72,23.353,25.834,4.13,24.6,18.753,6133.43,80.7,584.2,5.167,66.63,23.332,25.808,4.202,24.517,18.752,MISFIRE,1.0,1.0,1.0,1.0,1.0,1.0,0.0,0.0,0.0
40.2,TAKEOFF,91.7,64.61,1005.0,27.99,97.711,1.1304,6133.84,79.97,583.83,5.169,66.71,23.357,25.834,4.13,24.6,18.755,6134.27,80.59,583.48,5.118,66.89,23.418,25.884,4.171,24.605,18.854,MISFIRE,1.0,1.0,1.0,1.0,1.0,1.0,0.0,0.0,0.0
40.3,TAKEOFF,91.72,64.62,1007.5,27.98,97.702,1.1303,6133.8,79.97,583.77,5.169,66.71,23.361,25.834,4.13,24.6,18.758,6131.88,79.9,582.2,5.147,67.3,23.352,25.833,4.132,24.6,18.692,MISFIRE,1.0,1.0,1.0,1.0,1.0,1.0,0.0,0.0,0.0
40.4,TAKEOFF,91.73,64.63,1010.0,27.98,97.693,1.1302,6133.79,79.96,583.7,5.169,66.7,23.364,25.835,4.13,24.6,18.76,6135.96,80.1,584.43,5.191,66.67,23.197,25.869,4.181,24.535,18.66,MISFIRE,1.0,1.0,1.0,1.0,1.0,1.0,0.0,0.0,0.0
40.5,TAKEOFF,91.75,64.64,1012.5,27.97,97.685,1.1301,6133.82,79.96,583.63,5.169,66.69,23.368,25.835,4.13,24.6,18.763,6127.01,80.04,582.45,5.182,66.78,23.485,25.798,4.225,24.645,18.841,MISFIRE,1.0,1.0,1.0,1.0,1.0,1.0,0.0,0.0,0.0
40.6,TAKEOFF,91.77,64.65,1015.0,27.97,97.676,1.13,6133.88,79.96,583.57,5.169,66.68,23.372,25.835,4.131,24.6,18.765,6148.81,79.61,585.21,5.214,66.15,23.434,25.856,4.129,24.553,18.843,MISFIRE,1.0,1.0,1.0,1.0,1.0,1.0,0.0,0.0,0.0
40.7,TAKEOFF,91.78,64.66,1017.5,27.96,97.667,1.1299,6133.97,79.96,583.51,5.169,66.68,23.376,25.836,4.131,24.6,18.768,6135.05,79.6,583.32,5.142,66.87,23.382,25.888,4.146,24.655,18.715,MISFIRE,1.0,1.0,1.0,1.0,1.0,1.0,0.0,0.0,0.0
40.8,TAKEOFF,91.8,64.67,1020.0,27.96,97.658,1.1299,6134.09,79.96,583.45,5.169,66.67,23.379,25.836,4.131,24.6,18.77,6126.54,80.76,583.38,5.163,66.77,23.384,25.878,4.2,24.634,18.74,MISFIRE,1.0,1.0,1.0,1.0,1.0,1.0,0.0,0.0,0.0
40.9,TAKEOFF,91.82,64.68,1022.5,27.95,97.649,1.1298,6134.23,79.96,583.39,5.169,66.66,23.383,25.836,4.131,24.6,18.773,6132.64,79.97,583.77,5.118,66.66,23.346,25.781,4.161,24.536,18.817,MISFIRE,1.0,1.0,1.0,1.0,1.0,1.0,0.0,0.0,0.0
41.0,TAKEOFF,91.83,64.69,1025.0,27.95,97.641,1.1297,6134.4,79.96,583.33,5.17,66.66,23.387,25.837,4.131,24.6,18.775,6140.71,79.65,586.68,5.155,66.73,23.4,25.776,4.14,24.543,18.683,MISFIRE,1.0,1.0,1.0,1.0,1.0,1.0,0.0,0.0,0.0
41.1,TAKEOFF,91.85,64.7,1027.5,27.94,97.632,1.1296,6134.59,79.96,583.27,5.17,66.65,23.391,25.837,4.131,24.6,18.778,6130.16,79.07,584.9,5.148,66.42,23.398,25.859,4.163,24.544,18.917,MISFIRE,1.0,1.0,1.0,1.0,1.0,1.0,0.0,0.0,0.0
41.2,TAKEOFF,91.87,64.71,1030.0,27.94,97.623,1.1295,6134.81,79.96,583.21,5.17,66.64,23.394,25.837,4.131,24.6,18.78,6127.35,79.86,584.5,5.149,66.53,23.4,25.919,4.251,24.61,18.779,MISFIRE,1.0,1.0,1.0,1.0,1.0,1.0,0.0,0.0,0.0
41.3,TAKEOFF,91.88,64.72,1032.5,27.93,97.614,1.1294,6135.05,79.96,583.16,5.17,66.63,23.398,25.838,4.131,24.6,18.783,6141.36,79.04,582.38,5.177,66.41,23.448,25.788,4.118,24.567,18.74,MISFIRE,1.0,1.0,1.0,1.0,1.0,1.0,0.0,0.0,0.0
41.4,TAKEOFF,91.9,64.74,1035.0,27.93,97.605,1.1294,6135.31,79.96,583.1,5.17,66.63,23.402,25.838,4.131,24.6,18.785,6136.98,80.23,585.49,5.202,66.32,23.525,25.823,4.209,24.662,18.786,MISFIRE,1.0,1.0,1.0,1.0,1.0,1.0,0.0,0.0,0.0
41.5,TAKEOFF,91.92,64.75,1037.5,27.92,97.596,1.1293,6135.58,79.96,583.05,5.17,66.62,23.406,25.838,4.132,24.6,18.788,6137.65,79.93,585.64,5.229,66.77,23.525,25.832,4.161,24.521,18.7,MISFIRE,1.0,1.0,1.0,1.0,1.0,1.0,0.0,0.0,0.0
41.6,TAKEOFF,91.93,64.76,1040.0,27.92,97.588,1.1292,6135.88,79.96,583.0,5.171,66.61,23.409,25.839,4.132,24.6,18.79,6124.68,80.09,585.85,5.194,66.45,23.364,25.817,4.136,24.559,18.874,MISFIRE,1.0,1.0,1.0,1.0,1.0,1.0,0.0,0.0,0.0
41.7,TAKEOFF,91.95,64.77,1042.5,27.91,97.579,1.1291,6136.2,79.96,582.95,5.171,66.61,23.413,25.839,4.132,24.6,18.793,6146.75,79.52,583.65,5.215,66.57,23.378,25.848,4.198,24.691,18.773,MISFIRE,1.0,1.0,1.0,1.0,1.0,1.0,0.0,0.0,0.0
41.8,TAKEOFF,91.97,64.78,1045.0,27.91,97.57,1.129,6136.53,79.96,582.9,5.171,66.6,23.417,25.839,4.132,24.6,18.795,6142.94,79.54,581.87,5.178,66.58,23.423,25.79,4.103,24.55,18.695,MISFIRE,1.0,1.0,1.0,1.0,1.0,1.0,0.0,0.0,0.0
41.9,TAKEOFF,91.98,64.79,1047.5,27.9,97.561,1.1289,6136.88,79.96,582.85,5.171,66.59,23.421,25.84,4.132,24.6,18.798,6140.83,79.78,583.86,5.144,65.96,23.604,25.953,4.151,24.57,18.9,MISFIRE,1.0,1.0,1.0,1.0,1.0,1.0,0.0,0.0,0.0
42.0,TAKEOFF,92.0,64.8,1050.0,27.9,97.552,1.1289,6137.24,79.96,582.8,5.172,66.58,23.424,25.84,4.132,24.6,18.8,6139.88,79.91,581.72,5.225,65.85,23.476,25.755,4.141,24.601,18.633,MISFIRE,1.0,1.0,1.0,1.0,1.0,1.0,0.0,0.0,0.0
42.1,TAKEOFF,92.02,64.81,1052.5,27.89,97.544,1.1288,6137.62,79.96,582.76,5.172,66.58,23.428,25.84,4.132,24.6,18.803,6137.25,79.5,582.92,5.197,66.39,23.343,25.912,4.167,24.599,18.749,MISFIRE,1.0,1.0,1.0,1.0,1.0,1.0,0.0,0.0,0.0
42.2,TAKEOFF,92.03,64.82,1055.0,27.89,97.535,1.1287,6138.01,79.96,582.71,5.172,66.57,23.432,25.841,4.132,24.6,18.805,6137.05,79.33,579.37,5.16,66.63,23.52,25.753,4.174,24.548,18.726,MISFIRE,1.0,1.0,1.0,1.0,1.0,1.0,0.0,0.0,0.0
42.3,TAKEOFF,92.05,64.83,1057.5,27.88,97.526,1.1286,6138.42,79.96,582.67,5.172,66.56,23.436,25.841,4.133,24.6,18.808,6136.95,79.47,582.43,5.122,66.74,23.291,25.883,4.046,24.509,18.797,MISFIRE,1.0,1.0,1.0,1.0,1.0,1.0,0.0,0.0,0.0
42.4,TAKEOFF,92.07,64.84,1060.0,27.88,97.517,1.1285,6138.83,79.96,582.62,5.173,66.56,23.439,25.841,4.133,24.6,18.81,6146.31,80.64,580.5,5.236,66.85,23.456,25.831,4.07,24.65,18.922,MISFIRE,1.0,1.0,1.0,1.0,1.0,1.0,0.0,0.0,0.0
42.5,TAKEOFF,92.08,64.85,1062.5,27.87,97.508,1.1284,6139.26,79.96,582.58,5.173,66.55,23.443,25.842,4.133,24.6,18.813,6138.76,79.22,585.39,5.239,66.85,23.442,25.812,4.152,24.525,18.809,MISFIRE,1.0,1.0,1.0,1.0,1.0,1.0,0.0,0.0,0.0
42.6,TAKEOFF,92.1,64.87,1065.0,27.87,97.499,1.1284,6139.7,79.96,582.54,5.173,66.54,23.447,25.842,4.133,24.6,18.815,6135.49,79.63,579.82,5.152,66.87,23.578,25.831,4.177,24.626,18.976,MISFIRE,1.0,1.0,1.0,1.0,1.0,1.0,0.0,0.0,0.0
42.7,TAKEOFF,92.12,64.88,1067.5,27.86,97.491,1.1283,6140.15,79.96,582.5,5.173,66.53,23.451,25.842,4.133,24.6,18.818,6134.55,80.77,582.14,5.171,66.66,23.479,25.862,4.116,24.627,18.808,MISFIRE,1.0,1.0,1.0,1.0,1.0,1.0,0.0,0.0,0.0
42.8,TAKEOFF,92.13,64.89,1070.0,27.86,97.482,1.1282,6140.61,79.96,582.46,5.174,66.53,23.454,25.843,4.133,24.6,18.82,6138.21,80.1,582.86,5.192,66.39,23.442,25.835,4.093,24.541,18.759,MISFIRE,1.0,1.0,1.0,1.0,1.0,1.0,0.0,0.0,0.0
42.9,TAKEOFF,92.15,64.9,1072.5,27.85,97.473,1.1281,6141.08,79.96,582.42,5.174,66.52,23.458,25.843,4.133,24.6,18.823,6138.24,80.2,581.1,5.208,66.67,23.529,25.872,4.06,24.575,18.823,MISFIRE,1.0,1.0,1.0,1.0,1.0,1.0,0.0,0.0,0.0
43.0,TAKEOFF,92.17,64.91,1075.0,27.85,97.464,1.128,6141.56,79.96,582.38,5.174,66.51,23.462,25.843,4.133,24.6,18.825,6134.43,80.38,583.02,5.218,66.41,23.383,25.887,4.166,24.68,18.637,MISFIRE,1.0,1.0,1.0,1.0,1.0,1.0,0.0,0.0,0.0
43.1,TAKEOFF,92.18,64.92,1077.5,27.84,97.455,1.1279,6142.05,79.96,582.35,5.175,66.51,23.466,25.844,4.134,24.6,18.828,6140.03,80.87,580.55,5.175,66.01,23.613,25.865,4.137,24.637,18.885,MISFIRE,1.0,1.0,1.0,1.0,1.0,1.0,0.0,0.0,0.0
43.2,TAKEOFF,92.2,64.93,1080.0,27.84,97.447,1.1279,6142.55,79.96,582.31,5.175,66.5,23.469,25.844,4.134,24.6,18.83,6143.91,79.53,582.49,5.233,66.38,23.553,25.84,4.122,24.524,18.98,MISFIRE,1.0,1.0,1.0,1.0,1.0,1.0,0.0,0.0,0.0
43.3,TAKEOFF,92.22,64.94,1082.5,27.83,97.438,1.1278,6143.05,79.96,582.28,5.175,66.49,23.473,25.844,4.134,24.6,18.833,6147.75,80.23,581.48,5.18,66.02,23.457,25.831,4.163,24.552,18.659,MISFIRE,1.0,1.0,1.0,1.0,1.0,1.0,0.0,0.0,0.0
43.4,TAKEOFF,92.23,64.95,1085.0,27.83,97.429,1.1277,6143.56,79.96,582.24,5.176,66.48,23.477,25.845,4.134,24.6,18.835,6143.32,80.17,581.69,5.192,66.21,23.578,25.848,4.105,24.518,18.784,MISFIRE,1.0,1.0,1.0,1.0,1.0,1.0,0.0,0.0,0.0
43.5,TAKEOFF,92.25,64.96,1087.5,27.82,97.42,1.1276,6144.08,79.96,582.21,5.176,66.48,23.481,25.845,4.134,24.6,18.838,6143.99,79.81,581.66,5.233,66.69,23.172,25.847,4.136,24.511,18.774,MISFIRE,1.0,1.0,1.0,1.0,1.0,1.0,0.0,0.0,0.0
43.6,TAKEOFF,92.27,64.97,1090.0,27.82,97.411,1.1275,6144.61,79.96,582.18,5.176,66.47,23.484,25.845,4.134,24.6,18.84,6155.74,80.32,581.31,5.205,66.17,23.705,25.831,4.148,24.571,18.848,MISFIRE,1.0,1.0,1.0,1.0,1.0,1.0,0.0,0.0,0.0
43.7,TAKEOFF,92.28,64.98,1092.5,27.81,97.403,1.1274,6145.14,79.96,582.15,5.177,66.46,23.488,25.846,4.134,24.6,18.843,6152.17,79.62,582.74,5.169,66.42,23.433,25.812,4.141,24.551,18.927,MISFIRE,1.0,1.0,1.0,1.0,1.0,1.0,0.0,0.0,0.0
43.8,TAKEOFF,92.3,65.0,1095.0,27.81,97.394,1.1274,6145.68,79.96,582.12,5.177,66.46,23.492,25.846,4.135,24.6,18.845,6153.65,80.4,584.84,5.225,66.76,23.498,25.778,4.118,24.559,18.921,MISFIRE,1.0,1.0,1.0,1.0,1.0,1.0,0.0,0.0,0.0
43.9,TAKEOFF,92.32,65.01,1097.5,27.8,97.385,1.1273,6146.22,79.96,582.09,5.177,66.45,23.496,25.846,4.135,24.6,18.848,6151.84,78.98,581.37,5.149,67.01,23.467,25.813,4.098,24.575,18.765,MISFIRE,1.0,1.0,1.0,1.0,1.0,1.0,0.0,0.0,0.0
44.0,TAKEOFF,92.33,65.02,1100.0,27.8,97.376,1.1272,6146.77,79.96,582.06,5.178,66.44,23.499,25.847,4.135,24.6,18.85,6145.3,79.71,582.48,5.162,67.1,23.568,25.792,4.11,24.546,18.866,MISFIRE,1.0,1.0,1.0,1.0,1.0,1.0,0.0,0.0,0.0
44.1,TAKEOFF,92.35,65.03,1102.5,27.79,97.367,1.1271,6147.33,79.96,582.03,5.178,66.43,23.503,25.847,4.135,24.6,18.853,6155.9,79.99,580.41,5.218,67.14,23.341,25.853,4.073,24.638,18.793,MISFIRE,1.0,1.0,1.0,1.0,1.0,1.0,0.0,0.0,0.0
44.2,TAKEOFF,92.37,65.04,1105.0,27.79,97.359,1.127,6147.89,79.96,582.0,5.178,66.43,23.507,25.847,4.135,24.6,18.855,6159.14,80.54,581.89,5.124,66.8,23.63,25.844,4.181,24.599,18.964,MISFIRE,1.0,1.0,1.0,1.0,1.0,1.0,0.0,0.0,0.0
44.3,TAKEOFF,92.38,65.05,1107.5,27.78,97.35,1.127,6148.45,79.96,581.98,5.179,66.42,23.511,25.848,4.135,24.6,18.858,6148.08,80.82,585.52,5.164,66.04,23.491,25.938,4.118,24.641,18.823,MISFIRE,1.0,1.0,1.0,1.0,1.0,1.0,0.0,0.0,0.0
44.4,TAKEOFF,92.4,65.06,1110.0,27.78,97.341,1.1269,6149.02,79.96,581.95,5.179,66.41,23.514,25.848,4.135,24.6,18.86,6145.09,80.29,581.26,5.2,66.09,23.376,25.89,3.979,24.562,19.044,MISFIRE,1.0,1.0,1.0,1.0,1.0,1.0,0.0,0.0,0.0
44.5,TAKEOFF,92.42,65.07,1112.5,27.77,97.332,1.1268,6149.59,79.96,581.93,5.179,66.41,23.518,25.848,4.136,24.6,18.863,6155.93,80.02,582.5,5.166,66.47,23.533,25.817,4.262,24.699,18.814,MISFIRE,1.0,1.0,1.0,1.0,1.0,1.0,0.0,0.0,0.0
44.6,TAKEOFF,92.43,65.08,1115.0,27.77,97.323,1.1267,6150.17,79.96,581.9,5.18,66.4,23.522,25.849,4.136,24.6,18.865,6144.7,80.62,581.46,5.159,66.13,23.609,25.799,4.13,24.61,18.956,MISFIRE,1.0,1.0,1.0,1.0,1.0,1.0,0.0,0.0,0.0
44.7,TAKEOFF,92.45,65.09,1117.5,27.76,97.315,1.1266,6150.75,79.95,581.88,5.18,66.39,23.526,25.849,4.136,24.6,18.868,6151.57,80.03,583.43,5.168,66.22,23.358,25.877,4.182,24.621,18.742,MISFIRE,1.0,1.0,1.0,1.0,1.0,1.0,0.0,0.0,0.0
44.8,TAKEOFF,92.47,65.1,1120.0,27.76,97.306,1.1265,6151.33,79.95,581.86,5.18,66.38,23.529,25.849,4.136,24.6,18.87,6152.52,79.95,581.27,5.197,65.95,23.574,25.849,4.183,24.545,18.941,MISFIRE,1.0,1.0,1.0,1.0,1.0,1.0,0.0,0.0,0.0
44.9,TAKEOFF,92.48,65.11,1122.5,27.75,97.297,1.1265,6151.92,79.95,581.84,5.181,66.38,23.533,25.85,4.136,24.6,18.873,6147.87,80.62,582.1,5.136,66.6,23.349,25.884,4.264,24.626,18.934,MISFIRE,1.0,1.0,1.0,1.0,1.0,1.0,0.0,0.0,0.0
45.0,TAKEOFF,92.5,65.13,1125.0,27.75,97.288,1.1264,6152.51,79.95,581.82,5.181,66.37,23.537,25.85,4.136,24.6,18.875,6154.52,80.41,583.19,5.159,66.55,23.486,25.856,4.197,24.614,18.879,MISFIRE,1.0,1.0,1.0,1.0,1.0,1.0,0.0,0.0,0.0
45.1,TAKEOFF,92.52,65.14,1127.5,27.74,97.28,1.1263,6153.1,79.95,581.79,5.181,66.36,23.541,25.85,4.136,24.6,18.878,6153.23,79.46,583.04,5.253,67.11,23.391,25.829,4.074,24.596,19.005,MISFIRE,1.0,1.0,1.0,1.0,1.0,1.0,0.0,0.0,0.0
45.2,TAKEOFF,92.53,65.15,1130.0,27.74,97.271,1.1262,6153.7,79.95,581.78,5.182,66.36,23.544,25.851,4.137,24.6,18.88,6157.82,79.4,584.04,5.238,66.61,23.343,25.895,4.125,24.551,18.791,MISFIRE,1.0,1.0,1.0,1.0,1.0,1.0,0.0,0.0,0.0
45.3,TAKEOFF,92.55,65.16,1132.5,27.73,97.262,1.1261,6154.3,79.95,581.76,5.182,66.35,23.548,25.851,4.137,24.6,18.883,6157.82,79.05,580.53,5.188,66.37,23.557,25.952,4.161,24.638,18.869,MISFIRE,1.0,1.0,1.0,1.0,1.0,1.0,0.0,0.0,0.0
45.4,TAKEOFF,92.57,65.17,1135.0,27.73,97.253,1.126,6154.9,79.95,581.74,5.183,66.34,23.552,25.851,4.137,24.6,18.885,6152.15,80.11,584.81,5.166,66.73,23.372,25.898,4.174,24.699,18.772,MISFIRE,1.0,1.0,1.0,1.0,1.0,1.0,0.0,0.0,0.0
45.5,TAKEOFF,92.58,65.18,1137.5,27.72,97.244,1.126,6155.51,79.95,581.72,5.183,66.34,23.556,25.852,4.137,24.6,18.888,6150.17,80.21,580.02,5.238,66.74,23.53,25.786,4.146,24.612,18.886,MISFIRE,1.0,1.0,1.0,1.0,1.0,1.0,0.0,0.0,0.0
45.6,TAKEOFF,92.6,65.19,1140.0,27.72,97.236,1.1259,6156.11,79.95,581.7,5.183,66.33,23.559,25.852,4.137,24.6,18.89,6154.44,80.29,580.15,5.146,66.08,23.596,25.908,4.088,24.681,18.842,MISFIRE,1.0,1.0,1.0,1.0,1.0,1.0,0.0,0.0,0.0
45.7,TAKEOFF,92.62,65.2,1142.5,27.71,97.227,1.1258,6156.72,79.95,581.69,5.184,66.32,23.563,25.852,4.137,24.6,18.893,6158.65,80.14,581.54,5.158,66.7,23.474,26.034,4.101,24.643,18.894,MISFIRE,1.0,1.0,1.0,1.0,1.0,1.0,0.0,0.0,0.0
45.8,TAKEOFF,92.63,65.21,1145.0,27.71,97.218,1.1257,6157.33,79.95,581.67,5.184,66.31,23.567,25.853,4.137,24.6,18.895,6159.54,79.42,583.16,5.195,66.45,23.591,25.876,4.175,24.619,18.996,MISFIRE,1.0,1.0,1.0,1.0,1.0,1.0,0.0,0.0,0.0
45.9,TAKEOFF,92.65,65.22,1147.5,27.7,97.209,1.1256,6157.95,79.95,581.66,5.184,66.31,23.571,25.853,4.138,24.6,18.898,6160.83,80.71,581.11,5.162,66.28,23.547,25.838,4.062,24.643,18.858,MISFIRE,1.0,1.0,1.0,1.0,1.0,1.0,0.0,0.0,0.0
46.0,TAKEOFF,92.67,65.23,1150.0,27.7,97.2,1.1255,6158.56,79.95,581.64,5.185,66.3,23.574,25.853,4.138,24.6,18.9,6159.07,79.26,582.08,5.179,66.13,23.549,25.853,4.174,24.606,18.784,MISFIRE,1.0,1.0,1.0,1.0,1.0,1.0,0.0,0.0,0.0
46.1,TAKEOFF,92.68,65.24,1152.5,27.69,97.192,1.1255,6159.18,79.95,581.63,5.185,66.29,23.578,25.854,4.138,24.6,18.903,6160.66,79.77,580.94,5.155,65.83,23.643,25.877,4.187,24.466,18.862,MISFIRE,1.0,1.0,1.0,1.0,1.0,1.0,0.0,0.0,0.0
46.2,TAKEOFF,92.7,65.26,1155.0,27.69,97.183,1.1254,6159.8,79.95,581.62,5.185,66.29,23.582,25.854,4.138,24.6,18.905,6164.28,79.08,583.31,5.2,66.2,23.787,25.764,4.075,24.655,19.1,MISFIRE,1.0,1.0,1.0,1.0,1.0,1.0,0.0,0.0,0.0
46.3,TAKEOFF,92.72,65.27,1157.5,27.68,97.174,1.1253,6160.42,79.95,581.61,5.186,66.28,23.586,25.854,4.138,24.6,18.908,6149.91,80.57,581.68,5.153,66.12,23.712,25.836,4.17,24.636,19.03,MISFIRE,1.0,1.0,1.0,1.0,1.0,1.0,0.0,0.0,0.0
46.4,TAKEOFF,92.73,65.28,1160.0,27.68,97.165,1.1252,6161.04,79.95,581.59,5.186,66.27,23.589,25.855,4.138,24.6,18.91,6161.12,80.04,581.0,5.18,66.51,23.587,25.825,4.092,24.707,18.926,MISFIRE,1.0,1.0,1.0,1.0,1.0,1.0,0.0,0.0,0.0
46.5,TAKEOFF,92.75,65.29,1162.5,27.67,97.157,1.1251,6161.67,79.95,581.58,5.187,66.26,23.593,25.855,4.138,24.6,18.913,6161.91,78.96,578.07,5.218,66.44,23.681,25.836,4.082,24.737,18.945,MISFIRE,1.0,1.0,1.0,1.0,1.0,1.0,0.0,0.0,0.0
46.6,TAKEOFF,92.77,65.3,1165.0,27.67,97.148,1.125,6162.29,79.95,581.57,5.187,66.26,23.597,25.855,4.139,24.6,18.915,6159.06,79.7,579.44,5.229,66.24,23.499,25.832,4.213,24.677,18.956,MISFIRE,1.0,1.0,1.0,1.0,1.0,1.0,0.0,0.0,0.0
46.7,TAKEOFF,92.78,65.31,1167.5,27.66,97.139,1.125,6162.92,79.95,581.56,5.187,66.25,23.601,25.856,4.139,24.6,18.918,6157.55,80.24,584.51,5.156,66.29,23.627,25.742,4.164,24.594,19.132,MISFIRE,1.0,1.0,1.0,1.0,1.0,1.0,0.0,0.0,0.0
46.8,TAKEOFF,92.8,65.32,1170.0,27.66,97.13,1.1249,6163.55,79.95,581.55,5.188,66.24,23.604,25.856,4.139,24.6,18.92,6163.22,79.57,581.57,5.228,66.5,23.575,25.873,4.142,24.622,18.877,MISFIRE,1.0,1.0,1.0,1.0,1.0,1.0,0.0,0.0,0.0
46.9,TAKEOFF,92.82,65.33,1172.5,27.65,97.121,1.1248,6164.18,79.95,581.55,5.188,66.24,23.608,25.856,4.139,24.6,18.923,6164.06,80.43,582.71,5.228,66.68,23.682,25.817,4.164,24.635,18.718,MISFIRE,1.0,1.0,1.0,1.0,1.0,1.0,0.0,0.0,0.0
47.0,TAKEOFF,92.83,65.34,1175.0,27.65,97.113,1.1247,6164.81,79.95,581.54,5.189,66.23,23.612,25.857,4.139,24.6,18.925,6169.91,80.29,583.9,5.155,66.05,23.64,25.824,4.125,24.469,18.995,MISFIRE,1.0,1.0,1.0,1.0,1.0,1.0,0.0,0.0,0.0
47.1,TAKEOFF,92.85,65.35,1177.5,27.64,97.104,1.1246,6165.44,79.95,581.53,5.189,66.22,23.616,25.857,4.139,24.6,18.928,6157.03,80.21,581.19,5.247,66.46,23.645,25.845,4.143,24.508,18.975,MISFIRE,1.0,1.0,1.0,1.0,1.0,1.0,0.0,0.0,0.0
47.2,TAKEOFF,92.87,65.36,1180.0,27.64,97.095,1.1245,6166.07,79.95,581.52,5.189,66.22,23.619,25.857,4.14,24.6,18.93,6161.77,79.76,581.86,5.18,65.54,23.597,25.85,4.048,24.449,18.933,MISFIRE,1.0,1.0,1.0,1.0,1.0,1.0,0.0,0.0,0.0
47.3,TAKEOFF,92.88,65.37,1182.5,27.63,97.086,1.1245,6166.71,79.95,581.52,5.19,66.21,23.623,25.858,4.14,24.6,18.933,6159.78,79.23,582.83,5.194,65.6,23.465,25.827,4.115,24.677,18.972,MISFIRE,1.0,1.0,1.0,1.0,1.0,1.0,0.0,0.0,0.0
47.4,TAKEOFF,92.9,65.39,1185.0,27.63,97.078,1.1244,6167.34,79.95,581.51,5.19,66.2,23.627,25.858,4.14,24.6,18.935,6172.95,79.82,583.28,5.2,66.03,23.712,25.832,4.22,24.535,18.857,MISFIRE,1.0,1.0,1.0,1.0,1.0,1.0,0.0,0.0,0.0
47.5,TAKEOFF,92.92,65.4,1187.5,27.62,97.069,1.1243,6167.98,79.95,581.51,5.19,66.19,23.631,25.858,4.14,24.6,18.938,6161.46,79.59,581.84,5.168,65.6,23.679,25.975,4.2,24.632,18.837,MISFIRE,1.0,1.0,1.0,1.0,1.0,1.0,0.0,0.0,0.0
47.6,TAKEOFF,92.93,65.41,1190.0,27.62,97.06,1.1242,6168.61,79.95,581.5,5.191,66.19,23.634,25.859,4.14,24.6,18.94,6163.23,80.02,577.47,5.149,66.81,23.731,25.803,4.165,24.626,18.884,MISFIRE,1.0,1.0,1.0,1.0,1.0,1.0,0.0,0.0,0.0
47.7,TAKEOFF,92.95,65.42,1192.5,27.61,97.051,1.1241,6169.25,79.95,581.5,5.191,66.18,23.638,25.859,4.14,24.6,18.943,6180.11,79.2,581.25,5.219,66.26,23.784,25.851,4.122,24.602,18.975,MISFIRE,1.0,1.0,1.0,1.0,1.0,1.0,0.0,0.0,0.0
47.8,TAKEOFF,92.97,65.43,1195.0,27.61,97.043,1.124,6169.89,79.95,581.49,5.192,66.17,23.642,25.859,4.14,24.6,18.945,6158.19,79.44,581.91,5.178,66.41,23.57,25.881,3.985,24.554,19.075,MISFIRE,1.0,1.0,1.0,1.0,1.0,1.0,0.0,0.0,0.0
47.9,TAKEOFF,92.98,65.44,1197.5,27.6,97.034,1.124,6170.53,79.95,581.49,5.192,66.17,23.645,25.86,4.141,24.6,18.948,6170.13,79.13,583.93,5.178,66.32,23.53,25.781,4.226,24.566,18.995,MISFIRE,1.0,1.0,1.0,1.0,1.0,1.0,0.0,0.0,0.0
48.0,TAKEOFF,93.0,65.45,1200.0,27.6,97.025,1.1239,6171.16,79.95,581.49,5.192,66.16,23.649,25.86,4.141,24.6,18.95,6169.81,80.19,582.75,5.24,66.26,23.699,25.775,4.159,24.665,18.886,MISFIRE,1.0,1.0,1.0,1.0,1.0,1.0,0.0,0.0,0.0
48.1,TAKEOFF,93.02,65.46,1202.5,27.59,97.016,1.1238,6171.8,79.95,581.49,5.193,66.15,23.653,25.86,4.141,24.6,18.953,6173.56,80.36,580.25,5.172,65.63,23.554,25.837,4.138,24.57,19.046,MISFIRE,1.0,1.0,1.0,1.0,1.0,1.0,0.0,0.0,0.0
48.2,TAKEOFF,93.03,65.47,1205.0,27.59,97.007,1.1237,6172.45,79.95,581.48,5.193,66.15,23.657,25.861,4.141,24.6,18.955,6171.23,80.5,581.28,5.165,66.25,23.538,25.868,4.182,24.535,18.904,MISFIRE,1.0,1.0,1.0,1.0,1.0,1.0,0.0,0.0,0.0
48.3,TAKEOFF,93.05,65.48,1207.5,27.58,96.999,1.1236,6173.09,79.95,581.48,5.193,66.14,23.66,25.861,4.141,24.6,18.958,6167.25,80.59,581.84,5.199,66.4,23.712,25.824,4.04,24.54,18.859,MISFIRE,1.0,1.0,1.0,1.0,1.0,1.0,0.0,0.0,0.0
48.4,TAKEOFF,93.07,65.49,1210.0,27.58,96.99,1.1235,6173.73,79.95,581.48,5.194,66.13,23.664,25.861,4.141,24.6,18.96,6182.92,80.38,580.72,5.233,66.25,23.616,25.87,4.148,24.494,18.933,MISFIRE,1.0,1.0,1.0,1.0,1.0,1.0,0.0,0.0,0.0
48.5,TAKEOFF,93.08,65.5,1212.5,27.57,96.981,1.1235,6174.37,79.95,581.48,5.194,66.13,23.668,25.862,4.141,24.6,18.963,6167.29,80.09,580.75,5.183,66.12,23.698,25.897,4.112,24.663,18.851,MISFIRE,1.0,1.0,1.0,1.0,1.0,1.0,0.0,0.0,0.0
48.6,TAKEOFF,93.1,65.52,1215.0,27.57,96.972,1.1234,6175.01,79.95,581.48,5.195,66.12,23.672,25.862,4.142,24.6,18.965,6180.29,80.24,579.09,5.134,65.63,23.57,25.889,4.14,24.567,19.076,MISFIRE,1.0,1.0,1.0,1.0,1.0,1.0,0.0,0.0,0.0
48.7,TAKEOFF,93.12,65.53,1217.5,27.56,96.964,1.1233,6175.66,79.95,581.48,5.195,66.11,23.675,25.862,4.142,24.6,18.968,6180.71,79.42,581.66,5.183,66.21,23.737,25.92,4.182,24.66,18.929,MISFIRE,1.0,1.0,1.0,1.0,1.0,1.0,0.0,0.0,0.0
48.8,TAKEOFF,93.13,65.54,1220.0,27.56,96.955,1.1232,6176.3,79.95,581.48,5.195,66.1,23.679,25.863,4.142,24.6,18.97,6177.25,80.17,580.82,5.238,66.12,23.723,25.849,4.133,24.675,18.942,MISFIRE,1.0,1.0,1.0,1.0,1.0,1.0,0.0,0.0,0.0
48.9,TAKEOFF,93.15,65.55,1222.5,27.55,96.946,1.1231,6176.94,79.95,581.49,5.196,66.1,23.683,25.863,4.142,24.6,18.973,6181.72,79.81,583.22,5.169,66.05,23.757,25.862,4.153,24.627,18.905,MISFIRE,1.0,1.0,1.0,1.0,1.0,1.0,0.0,0.0,0.0
49.0,TAKEOFF,93.17,65.56,1225.0,27.55,96.937,1.1231,6177.59,79.95,581.49,5.196,66.09,23.687,25.863,4.142,24.6,18.975,6183.37,79.51,580.11,5.265,66.15,23.611,25.858,4.118,24.556,18.862,MISFIRE,1.0,1.0,1.0,1.0,1.0,1.0,0.0,0.0,0.0
49.1,TAKEOFF,93.18,65.57,1227.5,27.54,96.929,1.123,6178.23,79.95,581.49,5.197,66.08,23.69,25.864,4.142,24.6,18.978,6182.27,79.69,581.91,5.193,65.91,23.731,25.923,4.101,24.642,19.013,MISFIRE,1.0,1.0,1.0,1.0,1.0,1.0,0.0,0.0,0.0
49.2,TAKEOFF,93.2,65.58,1230.0,27.54,96.92,1.1229,6178.88,79.95,581.49,5.197,66.08,23.694,25.864,4.143,24.6,18.98,6181.39,80.33,580.93,5.169,66.02,23.721,25.881,4.12,24.652,18.926,MISFIRE,1.0,1.0,1.0,1.0,1.0,1.0,0.0,0.0,0.0
49.3,TAKEOFF,93.22,65.59,1232.5,27.53,96.911,1.1228,6179.52,79.95,581.5,5.197,66.07,23.698,25.864,4.143,24.6,18.983,6175.62,80.34,582.05,5.182,66.28,23.464,25.834,4.14,24.627,18.955,MISFIRE,1.0,1.0,1.0,1.0,1.0,1.0,0.0,0.0,0.0
49.4,TAKEOFF,93.23,65.6,1235.0,27.53,96.902,1.1227,6180.17,79.95,581.5,5.198,66.06,23.702,25.865,4.143,24.6,18.985,6175.36,79.68,583.08,5.138,65.52,23.595,25.815,4.141,24.6,18.787,MISFIRE,1.0,1.0,1.0,1.0,1.0,1.0,0.0,0.0,0.0
49.5,TAKEOFF,93.25,65.61,1237.5,27.52,96.894,1.1226,6180.82,79.95,581.5,5.198,66.06,23.705,25.865,4.143,24.6,18.988,6180.3,79.69,580.79,5.232,65.63,23.764,25.941,4.114,24.558,19.005,MISFIRE,1.0,1.0,1.0,1.0,1.0,1.0,0.0,0.0,0.0
49.6,TAKEOFF,93.27,65.62,1240.0,27.52,96.885,1.1226,6181.46,79.95,581.51,5.199,66.05,23.709,25.865,4.143,24.6,18.99,6184.65,79.44,582.8,5.227,65.98,23.57,25.787,4.15,24.586,19.05,MISFIRE,1.0,1.0,1.0,1.0,1.0,1.0,0.0,0.0,0.0
49.7,TAKEOFF,93.28,65.63,1242.5,27.51,96.876,1.1225,6182.11,79.95,581.51,5.199,66.04,23.713,25.866,4.143,24.6,18.993,6174.31,80.67,583.43,5.234,65.93,23.909,25.899,4.118,24.703,18.974,MISFIRE,1.0,1.0,1.0,1.0,1.0,1.0,0.0,0.0,0.0
49.8,TAKEOFF,93.3,65.65,1245.0,27.51,96.867,1.1224,6182.76,79.95,581.52,5.199,66.04,23.717,25.866,4.143,24.6,18.995,6179.93,79.9,579.91,5.22,66.29,23.793,25.863,4.159,24.57,18.974,MISFIRE,1.0,1.0,1.0,1.0,1.0,1.0,0.0,0.0,0.0
49.9,TAKEOFF,93.32,65.66,1247.5,27.5,96.859,1.1223,6183.4,79.94,581.53,5.2,66.03,23.72,25.866,4.144,24.6,18.998,6178.98,81.22,582.5,5.219,66.09,23.731,25.869,4.181,24.576,18.937,MISFIRE,1.0,1.0,1.0,1.0,1.0,1.0,0.0,0.0,0.0
50.0,TAKEOFF,93.33,65.67,1250.0,27.5,96.85,1.1222,6184.05,79.94,581.53,5.2,66.02,23.724,25.867,4.144,24.6,19.0,6188.67,80.36,579.71,5.214,65.46,23.818,25.878,4.109,24.549,19.218,MISFIRE,1.0,1.0,1.0,1.0,1.0,1.0,0.0,0.0,0.0
50.1,TAKEOFF,93.35,65.68,1252.5,27.49,96.841,1.1221,6184.7,79.94,581.54,5.2,66.01,23.728,25.867,4.144,24.6,19.003,6180.12,79.9,581.54,5.171,65.78,23.601,25.916,4.019,24.636,18.99,MISFIRE,1.0,1.0,1.0,1.0,1.0,1.0,0.0,0.0,0.0
50.2,TAKEOFF,93.37,65.69,1255.0,27.49,96.832,1.1221,6185.35,79.94,581.54,5.201,66.01,23.732,25.867,4.144,24.6,19.005,6188.89,79.3,580.86,5.174,66.16,23.696,25.912,4.133,24.614,18.975,MISFIRE,1.0,1.0,1.0,1.0,1.0,1.0,0.0,0.0,0.0
50.3,TAKEOFF,93.38,65.7,1257.5,27.48,96.824,1.122,6186.0,79.94,581.55,5.201,66.0,23.735,25.868,4.144,24.6,19.008,6185.66,80.48,582.23,5.17,65.65,23.633,25.883,4.274,24.676,18.987,MISFIRE,1.0,1.0,1.0,1.0,1.0,1.0,0.0,0.0,0.0
50.4,TAKEOFF,93.4,65.71,1260.0,27.48,96.815,1.1219,6186.64,79.94,581.56,5.202,65.99,23.739,25.868,4.144,24.6,19.01,6190.47,79.28,581.06,5.22,66.31,23.756,25.849,4.227,24.616,19.047,MISFIRE,1.0,1.0,1.0,1.0,1.0,1.0,0.0,0.0,0.0
50.5,TAKEOFF,93.42,65.72,1262.5,27.47,96.806,1.1218,6187.29,79.94,581.57,5.202,65.99,23.743,25.868,4.144,24.6,19.013,6187.78,79.89,580.72,5.209,66.2,23.896,25.911,4.145,24.504,19.087,MISFIRE,1.0,1.0,1.0,1.0,1.0,1.0,0.0,0.0,0.0
50.6,TAKEOFF,93.43,65.73,1265.0,27.47,96.797,1.1217,6187.94,79.94,581.58,5.202,65.98,23.747,25.869,4.145,24.6,19.015,6188.66,79.0,582.15,5.19,65.89,23.746,25.959,4.062,24.584,19.011,MISFIRE,1.0,1.0,1.0,1.0,1.0,1.0,0.0,0.0,0.0
50.7,TAKEOFF,93.45,65.74,1267.5,27.46,96.789,1.1216,6188.59,79.94,581.59,5.203,65.97,23.75,25.869,4.145,24.6,19.018,6187.48,79.93,584.54,5.196,66.1,23.688,25.957,4.206,24.589,18.695,MISFIRE,1.0,1.0,1.0,1.0,1.0,1.0,0.0,0.0,0.0
50.8,TAKEOFF,93.47,65.75,1270.0,27.46,96.78,1.1216,6189.24,79.94,581.59,5.203,65.97,23.754,25.869,4.145,24.6,19.02,6193.43,79.19,582.27,5.177,66.35,23.562,25.871,4.168,24.673,19.122,MISFIRE,1.0,1.0,1.0,1.0,1.0,1.0,0.0,0.0,0.0
50.9,TAKEOFF,93.48,65.76,1272.5,27.45,96.771,1.1215,6189.89,79.94,581.6,5.204,65.96,23.758,25.87,4.145,24.6,19.023,6196.58,79.7,582.23,5.192,65.8,23.895,25.87,4.144,24.66,19.188,MISFIRE,1.0,1.0,1.0,1.0,1.0,1.0,0.0,0.0,0.0
51.0,TAKEOFF,93.5,65.78,1275.0,27.45,96.762,1.1214,6190.54,79.94,581.61,5.204,65.95,23.762,25.87,4.145,24.6,19.025,6194.8,78.11,581.45,5.17,65.86,23.821,25.82,4.159,24.737,19.125,MISFIRE,1.0,1.0,1.0,1.0,1.0,1.0,0.0,0.0,0.0
51.1,TAKEOFF,93.52,65.79,1277.5,27.44,96.754,1.1213,6191.19,79.94,581.62,5.204,65.95,23.765,25.87,4.145,24.6,19.028,6191.75,79.89,580.28,5.219,65.55,23.764,25.867,4.074,24.651,18.928,MISFIRE,1.0,1.0,1.0,1.0,1.0,1.0,0.0,0.0,0.0
51.2,TAKEOFF,93.53,65.8,1280.0,27.44,96.745,1.1212,6191.84,79.94,581.63,5.205,65.94,23.769,25.871,4.146,24.6,19.03,6201.26,79.38,581.7,5.158,65.95,23.794,25.902,4.145,24.686,19.044,MISFIRE,1.0,1.0,1.0,1.0,1.0,1.0,0.0,0.0,0.0
51.3,TAKEOFF,93.55,65.81,1282.5,27.43,96.736,1.1212,6192.49,79.94,581.65,5.205,65.93,23.773,25.871,4.146,24.6,19.033,6193.62,80.95,582.94,5.188,65.99,23.786,25.887,4.099,24.699,19.063,MISFIRE,1.0,1.0,1.0,1.0,1.0,1.0,0.0,0.0,0.0
51.4,TAKEOFF,93.57,65.82,1285.0,27.43,96.727,1.1211,6193.14,79.94,581.66,5.206,65.92,23.777,25.871,4.146,24.6,19.035,6200.13,80.47,581.95,5.219,65.66,23.866,25.922,4.136,24.597,18.999,MISFIRE,1.0,1.0,1.0,1.0,1.0,1.0,0.0,0.0,0.0
51.5,TAKEOFF,93.58,65.83,1287.5,27.42,96.719,1.121,6193.79,79.94,581.67,5.206,65.92,23.78,25.872,4.146,24.6,19.038,6189.12,80.59,580.66,5.173,66.02,23.571,25.847,4.092,24.734,19.049,MISFIRE,1.0,1.0,1.0,1.0,1.0,1.0,0.0,0.0,0.0
51.6,TAKEOFF,93.6,65.84,1290.0,27.42,96.71,1.1209,6194.44,79.94,581.68,5.206,65.91,23.784,25.872,4.146,24.6,19.04,6188.54,80.08,581.77,5.252,65.86,23.592,25.882,4.156,24.58,19.052,MISFIRE,1.0,1.0,1.0,1.0,1.0,1.0,0.0,0.0,0.0
51.7,TAKEOFF,93.62,65.85,1292.5,27.41,96.701,1.1208,6195.09,79.94,581.69,5.207,65.9,23.788,25.872,4.146,24.6,19.043,6191.25,80.11,581.91,5.202,65.76,23.994,25.828,4.211,24.587,19.146,MISFIRE,1.0,1.0,1.0,1.0,1.0,1.0,0.0,0.0,0.0
51.8,TAKEOFF,93.63,65.86,1295.0,27.41,96.692,1.1207,6195.74,79.94,581.7,5.207,65.9,23.792,25.873,4.146,24.6,19.045,6198.21,79.17,579.11,5.226,65.55,23.748,25.817,4.256,24.547,19.223,MISFIRE,1.0,1.0,1.0,1.0,1.0,1.0,0.0,0.0,0.0
51.9,TAKEOFF,93.65,65.87,1297.5,27.4,96.684,1.1207,6196.39,79.94,581.72,5.207,65.89,23.795,25.873,4.147,24.6,19.048,6198.2,79.78,583.85,5.204,65.86,23.954,25.884,4.209,24.587,19.066,MISFIRE,1.0,1.0,1.0,1.0,1.0,1.0,0.0,0.0,0.0
52.0,TAKEOFF,93.67,65.88,1300.0,27.4,96.675,1.1206,6197.04,79.94,581.73,5.208,65.88,23.799,25.873,4.147,24.6,19.05,6204.24,79.97,579.36,5.2,65.54,23.814,25.855,4.224,24.55,19.047,MISFIRE,1.0,1.0,1.0,1.0,1.0,1.0,0.0,0.0,0.0
52.1,TAKEOFF,93.68,65.89,1302.5,27.39,96.666,1.1205,6197.69,79.94,581.74,5.208,65.88,23.803,25.874,4.147,24.6,19.053,6195.1,80.06,581.49,5.201,65.82,23.733,25.918,4.143,24.632,19.092,MISFIRE,1.0,1.0,1.0,1.0,1.0,1.0,0.0,0.0,0.0
52.2,TAKEOFF,93.7,65.91,1305.0,27.39,96.658,1.1204,6198.34,79.94,581.76,5.209,65.87,23.807,25.874,4.147,24.6,19.055,6197.12,79.22,577.33,5.221,65.6,23.644,25.877,4.037,24.651,19.039,MISFIRE,1.0,1.0,1.0,1.0,1.0,1.0,0.0,0.0,0.0
52.3,TAKEOFF,93.72,65.92,1307.5,27.38,96.649,1.1203,6198.99,79.94,581.77,5.209,65.86,23.81,25.874,4.147,24.6,19.058,6197.64,80.32,579.97,5.212,65.85,23.733,25.905,4.055,24.704,18.873,MISFIRE,1.0,1.0,1.0,1.0,1.0,1.0,0.0,0.0,0.0
52.4,TAKEOFF,93.73,65.93,1310.0,27.38,96.64,1.1202,6199.64,79.94,581.79,5.209,65.86,23.814,25.875,4.147,24.6,19.06,6202.5,78.94,580.35,5.17,65.88,23.727,25.959,4.204,24.598,19.173,MISFIRE,1.0,1.0,1.0,1.0,1.0,1.0,0.0,0.0,0.0
52.5,TAKEOFF,93.75,65.94,1312.5,27.37,96.631,1.1202,6200.29,79.94,581.8,5.21,65.85,23.818,25.875,4.148,24.6,19.063,6205.33,79.31,581.4,5.255,65.96,23.88,25.957,4.17,24.568,19.15,MISFIRE,1.0,1.0,1.0,1.0,1.0,1.0,0.0,0.0,0.0
52.6,TAKEOFF,93.77,65.95,1315.0,27.37,96.623,1.1201,6200.94,79.94,581.81,5.21,65.84,23.822,25.875,4.148,24.6,19.065,6205.71,79.63,583.11,5.222,65.39,23.941,25.866,4.115,24.61,19.067,MISFIRE,1.0,1.0,1.0,1.0,1.0,1.0,0.0,0.0,0.0
52.7,TAKEOFF,93.78,65.96,1317.5,27.36,96.614,1.12,6201.59,79.94,581.83,5.211,65.84,23.825,25.876,4.148,24.6,19.068,6202.01,79.65,581.51,5.176,65.84,23.792,25.879,4.143,24.648,19.193,MISFIRE,1.0,1.0,1.0,1.0,1.0,1.0,0.0,0.0,0.0
52.8,TAKEOFF,93.8,65.97,1320.0,27.36,96.605,1.1199,6202.24,79.94,581.85,5.211,65.83,23.829,25.876,4.148,24.6,19.07,6205.48,81.16,581.76,5.214,65.71,23.845,25.958,4.183,24.574,19.091,MISFIRE,1.0,1.0,1.0,1.0,1.0,1.0,0.0,0.0,0.0
52.9,TAKEOFF,93.82,65.98,1322.5,27.35,96.596,1.1198,6202.89,79.94,581.86,5.211,65.82,23.833,25.876,4.148,24.6,19.073,6204.92,79.13,581.18,5.194,65.89,23.821,25.876,4.231,24.586,19.041,MISFIRE,1.0,1.0,1.0,1.0,1.0,1.0,0.0,0.0,0.0
53.0,TAKEOFF,93.83,65.99,1325.0,27.35,96.588,1.1197,6203.54,79.94,581.88,5.212,65.82,23.837,25.877,4.148,24.6,19.075,6211.6,80.11,582.64,5.228,65.63,23.829,25.873,4.097,24.712,19.243,MISFIRE,1.0,1.0,1.0,1.0,1.0,1.0,0.0,0.0,0.0
53.1,TAKEOFF,93.85,66.0,1327.5,27.34,96.579,1.1197,6204.2,79.94,581.89,5.212,65.81,23.84,25.877,4.148,24.6,19.078,6202.77,79.69,582.35,5.207,65.96,23.721,25.911,4.208,24.616,19.118,MISFIRE,1.0,1.0,1.0,1.0,1.0,1.0,0.0,0.0,0.0
53.2,TAKEOFF,93.87,66.01,1330.0,27.34,96.57,1.1196,6204.85,79.94,581.91,5.213,65.8,23.844,25.877,4.149,24.6,19.08,6199.31,79.75,583.1,5.193,65.64,23.802,25.906,4.152,24.63,19.008,MISFIRE,1.0,1.0,1.0,1.0,1.0,1.0,0.0,0.0,0.0
53.3,TAKEOFF,93.88,66.02,1332.5,27.33,96.562,1.1195,6205.5,79.94,581.93,5.213,65.8,23.848,25.878,4.149,24.6,19.083,6205.9,80.19,582.67,5.248,65.75,23.973,25.936,4.184,24.655,18.917,MISFIRE,1.0,1.0,1.0,1.0,1.0,1.0,0.0,0.0,0.0
53.4,TAKEOFF,93.9,66.04,1335.0,27.33,96.553,1.1194,6206.15,79.94,581.94,5.213,65.79,23.852,25.878,4.149,24.6,19.085,6205.33,81.27,582.85,5.163,65.86,23.707,25.864,4.208,24.52,19.233,MISFIRE,1.0,1.0,1.0,1.0,1.0,1.0,0.0,0.0,0.0
53.5,TAKEOFF,93.92,66.05,1337.5,27.32,96.544,1.1193,6206.8,79.94,581.96,5.214,65.78,23.855,25.878,4.149,24.6,19.088,6212.58,80.13,582.9,5.158,65.61,23.916,25.896,4.184,24.626,19.153,MISFIRE,1.0,1.0,1.0,1.0,1.0,1.0,0.0,0.0,0.0
53.6,TAKEOFF,93.93,66.06,1340.0,27.32,96.535,1.1193,6207.45,79.94,581.98,5.214,65.77,23.859,25.879,4.149,24.6,19.09,6196.17,78.63,585.18,5.23,66.1,23.878,25.892,4.121,24.581,19.223,MISFIRE,1.0,1.0,1.0,1.0,1.0,1.0,0.0,0.0,0.0
53.7,TAKEOFF,93.95,66.07,1342.5,27.31,96.527,1.1192,6208.1,79.94,582.0,5.214,65.77,23.863,25.879,4.149,24.6,19.093,6206.41,79.27,580.09,5.248,66.19,24.044,25.838,4.155,24.595,18.987,MISFIRE,1.0,1.0,1.0,1.0,1.0,1.0,0.0,0.0,0.0
53.8,TAKEOFF,93.97,66.08,1345.0,27.31,96.518,1.1191,6208.75,79.94,582.01,5.215,65.76,23.867,25.879,4.15,24.6,19.095,6207.51,79.82,583.6,5.209,65.41,23.891,25.951,4.174,24.656,19.159,MISFIRE,1.0,1.0,1.0,1.0,1.0,1.0,0.0,0.0,0.0
53.9,TAKEOFF,93.98,66.09,1347.5,27.3,96.509,1.119,6209.4,79.94,582.03,5.215,65.75,23.87,25.88,4.15,24.6,19.098,6207.73,78.77,582.51,5.216,65.84,23.821,25.915,4.17,24.563,19.085,MISFIRE,1.0,1.0,1.0,1.0,1.0,1.0,0.0,0.0,0.0
54.0,TAKEOFF,94.0,66.1,1350.0,27.3,96.5,1.1189,6210.06,79.94,582.05,5.216,65.75,23.874,25.88,4.15,24.6,19.1,6203.26,80.28,581.76,5.292,65.27,23.725,25.874,4.13,24.638,19.087,MISFIRE,1.0,1.0,1.0,1.0,1.0,1.0,0.0,0.0,0.0
54.1,TAKEOFF,94.02,66.11,1352.5,27.29,96.492,1.1188,6210.71,79.94,582.07,5.216,65.74,23.878,25.88,4.15,24.6,19.103,6204.22,80.03,582.82,5.206,66.04,23.857,25.903,4.076,24.67,18.817,MISFIRE,1.0,1.0,1.0,1.0,1.0,1.0,0.0,0.0,0.0
54.2,TAKEOFF,94.03,66.12,1355.0,27.29,96.483,1.1188,6211.36,79.94,582.09,5.216,65.73,23.882,25.881,4.15,24.6,19.105,6215.4,79.72,582.73,5.252,66.35,24.036,25.914,4.192,24.636,18.928,MISFIRE,1.0,1.0,1.0,1.0,1.0,1.0,0.0,0.0,0.0
54.3,TAKEOFF,94.05,66.13,1357.5,27.28,96.474,1.1187,6212.01,79.94,582.11,5.217,65.73,23.885,25.881,4.15,24.6,19.108,6204.89,79.09,581.44,5.202,65.9,23.803,25.804,4.164,24.522,18.975,MISFIRE,1.0,1.0,1.0,1.0,1.0,1.0,0.0,0.0,0.0
54.4,TAKEOFF,94.07,66.14,1360.0,27.28,96.466,1.1186,6212.66,79.94,582.13,5.217,65.72,23.889,25.881,4.15,24.6,19.11,6212.88,80.14,583.07,5.218,65.24,23.986,25.848,4.178,24.575,19.03,MISFIRE,1.0,1.0,1.0,1.0,1.0,1.0,0.0,0.0,0.0
54.5,TAKEOFF,94.08,66.15,1362.5,27.27,96.457,1.1185,6213.31,79.94,582.15,5.218,65.71,23.893,25.882,4.151,24.6,19.113,6221.95,79.25,580.11,5.278,65.86,23.887,25.859,4.255,24.55,19.208,MISFIRE,1.0,1.0,1.0,1.0,1.0,1.0,0.0,0.0,0.0
54.6,TAKEOFF,94.1,66.17,1365.0,27.27,96.448,1.1184,6213.96,79.94,582.17,5.218,65.71,23.897,25.882,4.151,24.6,19.115,6215.88,79.98,583.31,5.197,65.97,23.928,25.82,4.171,24.579,19.064,MISFIRE,1.0,1.0,1.0,1.0,1.0,1.0,0.0,0.0,0.0
54.7,TAKEOFF,94.12,66.18,1367.5,27.26,96.439,1.1183,6214.61,79.94,582.19,5.218,65.7,23.9,25.882,4.151,24.6,19.118,6217.97,80.68,581.03,5.258,65.6,23.925,25.897,4.136,24.601,18.987,MISFIRE,1.0,1.0,1.0,1.0,1.0,1.0,0.0,0.0,0.0
54.8,TAKEOFF,94.13,66.19,1370.0,27.26,96.431,1.1183,6215.27,79.94,582.21,5.219,65.69,23.904,25.883,4.151,24.6,19.12,6213.99,79.57,580.95,5.267,65.17,24.04,25.97,4.221,24.742,19.1,MISFIRE,1.0,1.0,1.0,1.0,1.0,1.0,0.0,0.0,0.0
54.9,TAKEOFF,94.15,66.2,1372.5,27.25,96.422,1.1182,6215.92,79.94,582.23,5.219,65.69,23.908,25.883,4.151,24.6,19.123,6224.27,79.03,582.56,5.198,66.16,23.976,25.947,4.141,24.58,19.2,MISFIRE,1.0,1.0,1.0,1.0,1.0,1.0,0.0,0.0,0.0
55.0,TAKEOFF,94.17,66.21,1375.0,27.25,96.413,1.1181,6216.57,79.94,582.25,5.22,65.68,23.912,25.883,4.151,24.6,19.125,6214.53,80.06,582.88,5.253,65.6,23.833,25.865,4.286,24.561,19.151,MISFIRE,1.0,1.0,1.0,1.0,1.0,1.0,0.0,0.0,0.0
55.1,TAKEOFF,94.18,66.22,1377.5,27.24,96.405,1.118,6217.22,79.94,582.27,5.22,65.67,23.915,25.884,4.151,24.6,19.128,6208.14,79.59,585.7,5.216,65.57,23.866,25.815,4.189,24.591,19.17,MISFIRE,1.0,1.0,1.0,1.0,1.0,1.0,0.0,0.0,0.0
55.2,TAKEOFF,94.2,66.23,1380.0,27.24,96.396,1.1179,6217.87,79.94,582.29,5.22,65.67,23.919,25.884,4.152,24.6,19.13,6219.13,79.52,584.1,5.265,65.79,23.992,25.833,4.104,24.666,19.25,MISFIRE,1.0,1.0,1.0,1.0,1.0,1.0,0.0,0.0,0.0
55.3,TAKEOFF,94.22,66.24,1382.5,27.23,96.387,1.1179,6218.52,79.94,582.31,5.221,65.66,23.923,25.884,4.152,24.6,19.133,6201.88,80.18,582.83,5.227,64.99,23.845,25.845,4.074,24.631,18.957,MISFIRE,1.0,1.0,1.0,1.0,1.0,1.0,0.0,0.0,0.0
55.4,TAKEOFF,94.23,66.25,1385.0,27.23,96.378,1.1178,6219.17,79.94,582.33,5.221,65.65,23.926,25.885,4.152,24.6,19.135,6211.08,79.86,583.58,5.194,66.22,24.11,25.864,4.152,24.669,19.031,MISFIRE,1.0,1.0,1.0,1.0,1.0,1.0,0.0,0.0,0.0
55.5,TAKEOFF,94.25,66.26,1387.5,27.22,96.37,1.1177,6219.83,79.94,582.35,5.222,65.65,23.93,25.885,4.152,24.6,19.138,6214.19,79.23,584.39,5.226,65.88,23.902,25.966,4.07,24.606,19.053,MISFIRE,1.0,1.0,1.0,1.0,1.0,1.0,0.0,0.0,0.0
55.6,TAKEOFF,94.27,66.27,1390.0,27.22,96.361,1.1176,6220.48,79.94,582.37,5.222,65.64,23.934,25.885,4.152,24.6,19.14,6224.35,80.55,582.44,5.217,65.53,23.909,25.832,4.123,24.583,19.098,MISFIRE,1.0,1.0,1.0,1.0,1.0,1.0,0.0,0.0,0.0
55.7,TAKEOFF,94.28,66.28,1392.5,27.21,96.352,1.1175,6221.13,79.94,582.4,5.222,65.63,23.938,25.886,4.152,24.6,19.143,6224.73,80.39,583.05,5.215,65.8,24.032,25.936,4.165,24.626,19.036,MISFIRE,1.0,1.0,1.0,1.0,1.0,1.0,0.0,0.0,0.0
55.8,TAKEOFF,94.3,66.3,1395.0,27.21,96.344,1.1174,6221.78,79.94,582.42,5.223,65.63,23.941,25.886,4.153,24.6,19.145,6219.33,79.22,583.69,5.264,66.06,23.924,25.951,4.075,24.583,19.028,MISFIRE,1.0,1.0,1.0,1.0,1.0,1.0,0.0,0.0,0.0
55.9,TAKEOFF,94.32,66.31,1397.5,27.2,96.335,1.1174,6222.43,79.94,582.44,5.223,65.62,23.945,25.886,4.153,24.6,19.148,6221.38,80.06,581.56,5.254,65.25,24.056,25.918,4.092,24.589,19.096,MISFIRE,1.0,1.0,1.0,1.0,1.0,1.0,0.0,0.0,0.0
56.0,TAKEOFF,94.33,66.32,1400.0,27.2,96.326,1.1173,6223.08,79.94,582.46,5.223,65.61,23.949,25.887,4.153,24.6,19.15,6221.83,79.93,584.46,5.229,65.94,23.954,25.851,4.087,24.559,19.131,MISFIRE,1.0,1.0,1.0,1.0,1.0,1.0,0.0,0.0,0.0
56.1,TAKEOFF,94.35,66.33,1402.5,27.19,96.318,1.1172,6223.73,79.94,582.49,5.224,65.61,23.953,25.887,4.153,24.6,19.153,6226.24,80.52,584.25,5.183,65.99,24.026,25.918,4.146,24.555,19.099,MISFIRE,1.0,1.0,1.0,1.0,1.0,1.0,0.0,0.0,0.0
56.2,TAKEOFF,94.37,66.34,1405.0,27.19,96.309,1.1171,6224.39,79.93,582.51,5.224,65.6,23.956,25.887,4.153,24.6,19.155,6225.61,80.14,580.64,5.252,65.7,23.994,25.97,4.131,24.565,19.129,MISFIRE,1.0,1.0,1.0,1.0,1.0,1.0,0.0,0.0,0.0
56.3,TAKEOFF,94.38,66.35,1407.5,27.18,96.3,1.117,6225.04,79.93,582.53,5.225,65.59,23.96,25.888,4.153,24.6,19.158,6221.73,79.31,581.7,5.266,65.48,23.994,25.829,4.098,24.581,19.383,MISFIRE,1.0,1.0,1.0,1.0,1.0,1.0,0.0,0.0,0.0
56.4,TAKEOFF,94.4,66.36,1410.0,27.18,96.291,1.1169,6225.69,79.93,582.56,5.225,65.59,23.964,25.888,4.153,24.6,19.16,6216.38,80.18,580.7,5.213,65.42,23.968,25.983,4.062,24.664,19.115,MISFIRE,1.0,1.0,1.0,1.0,1.0,1.0,0.0,0.0,0.0
56.5,TAKEOFF,94.42,66.37,1412.5,27.17,96.283,1.1169,6226.34,79.93,582.58,5.225,65.58,23.968,25.888,4.154,24.6,19.163,6219.57,80.07,583.36,5.185,65.6,24.071,25.858,4.137,24.626,19.111,MISFIRE,1.0,1.0,1.0,1.0,1.0,1.0,0.0,0.0,0.0
56.6,TAKEOFF,94.43,66.38,1415.0,27.17,96.274,1.1168,6226.99,79.93,582.6,5.226,65.57,23.971,25.889,4.154,24.6,19.165,6234.69,80.51,582.52,5.224,65.6,23.922,25.897,4.239,24.582,19.279,MISFIRE,1.0,1.0,1.0,1.0,1.0,1.0,0.0,0.0,0.0
56.7,TAKEOFF,94.45,66.39,1417.5,27.16,96.265,1.1167,6227.64,79.93,582.63,5.226,65.57,23.975,25.889,4.154,24.6,19.168,6215.13,80.49,581.1,5.253,65.57,23.948,25.869,4.213,24.58,19.314,MISFIRE,1.0,1.0,1.0,1.0,1.0,1.0,0.0,0.0,0.0
56.8,TAKEOFF,94.47,66.4,1420.0,27.16,96.257,1.1166,6228.29,79.93,582.65,5.227,65.56,23.979,25.889,4.154,24.6,19.17,6222.22,79.66,583.25,5.217,65.51,23.938,25.888,4.224,24.645,19.149,MISFIRE,1.0,1.0,1.0,1.0,1.0,1.0,0.0,0.0,0.0
56.9,TAKEOFF,94.48,66.41,1422.5,27.15,96.248,1.1165,6228.94,79.93,582.68,5.227,65.55,23.983,25.89,4.154,24.6,19.173,6229.49,80.76,582.3,5.261,65.84,23.939,25.952,4.166,24.638,19.128,MISFIRE,1.0,1.0,1.0,1.0,1.0,1.0,0.0,0.0,0.0
57.0,TAKEOFF,94.5,66.43,1425.0,27.15,96.239,1.1165,6229.6,79.93,582.7,5.227,65.55,23.986,25.89,4.154,24.6,19.175,6235.56,79.82,582.82,5.207,66.1,23.985,25.902,4.122,24.617,19.142,MISFIRE,1.0,1.0,1.0,1.0,1.0,1.0,0.0,0.0,0.0
57.1,TAKEOFF,94.52,66.44,1427.5,27.14,96.231,1.1164,6230.25,79.93,582.72,5.228,65.54,23.99,25.89,4.155,24.6,19.178,6235.78,79.5,581.85,5.209,65.63,24.041,25.922,4.17,24.7,19.079,MISFIRE,1.0,1.0,1.0,1.0,1.0,1.0,0.0,0.0,0.0
57.2,TAKEOFF,94.53,66.45,1430.0,27.14,96.222,1.1163,6230.9,79.93,582.75,5.228,65.53,23.994,25.891,4.155,24.6,19.18,6235.09,80.0,584.74,5.214,65.53,23.988,25.873,4.196,24.56,19.32,MISFIRE,1.0,1.0,1.0,1.0,1.0,1.0,0.0,0.0,0.0
57.3,TAKEOFF,94.55,66.46,1432.5,27.13,96.213,1.1162,6231.55,79.93,582.77,5.229,65.53,23.998,25.891,4.155,24.6,19.183,6231.65,79.46,583.0,5.214,65.67,23.986,25.901,4.159,24.6,19.268,MISFIRE,1.0,1.0,1.0,1.0,1.0,1.0,0.0,0.0,0.0
57.4,TAKEOFF,94.57,66.47,1435.0,27.13,96.205,1.1161,6232.2,79.93,582.8,5.229,65.52,24.001,25.891,4.155,24.6,19.185,6237.34,80.05,580.26,5.208,65.46,24.163,25.827,4.172,24.654,19.086,MISFIRE,1.0,1.0,1.0,1.0,1.0,1.0,0.0,0.0,0.0
57.5,TAKEOFF,94.58,66.48,1437.5,27.12,96.196,1.116,6232.85,79.93,582.82,5.229,65.51,24.005,25.892,4.155,24.6,19.188,6232.45,79.28,584.87,5.216,65.47,23.812,25.903,4.138,24.544,19.165,MISFIRE,1.0,1.0,1.0,1.0,1.0,1.0,0.0,0.0,0.0
57.6,TAKEOFF,94.6,66.49,1440.0,27.12,96.187,1.116,6233.5,79.93,582.85,5.23,65.51,24.009,25.892,4.155,24.6,19.19,6233.89,80.01,582.59,5.247,65.13,24.048,25.959,4.188,24.578,19.158,MISFIRE,1.0,1.0,1.0,1.0,1.0,1.0,0.0,0.0,0.0
57.7,TAKEOFF,94.62,66.5,1442.5,27.11,96.178,1.1159,6234.15,79.93,582.87,5.23,65.5,24.013,25.892,4.155,24.6,19.193,6244.14,80.38,582.46,5.219,64.78,23.941,25.943,4.083,24.59,19.304,MISFIRE,1.0,1.0,1.0,1.0,1.0,1.0,0.0,0.0,0.0
57.8,TAKEOFF,94.63,66.51,1445.0,27.11,96.17,1.1158,6234.81,79.93,582.9,5.23,65.49,24.016,25.893,4.156,24.6,19.195,6233.44,79.5,583.9,5.188,65.1,23.944,25.966,4.125,24.672,19.087,MISFIRE,1.0,1.0,1.0,1.0,1.0,1.0,0.0,0.0,0.0
57.9,TAKEOFF,94.65,66.52,1447.5,27.1,96.161,1.1157,6235.46,79.93,582.92,5.231,65.49,24.02,25.893,4.156,24.6,19.198,6238.69,80.31,582.34,5.218,65.24,24.169,25.828,4.235,24.569,19.148,MISFIRE,1.0,1.0,1.0,1.0,1.0,1.0,0.0,0.0,0.0
58.0,TAKEOFF,94.67,66.53,1450.0,27.1,96.152,1.1156,6236.11,79.93,582.95,5.231,65.48,24.024,25.893,4.156,24.6,19.2,6235.39,79.84,583.7,5.256,65.49,24.282,25.866,4.107,24.578,19.198,MISFIRE,1.0,1.0,1.0,1.0,1.0,1.0,0.0,0.0,0.0
58.1,TAKEOFF,94.68,66.54,1452.5,27.09,96.144,1.1155,6236.76,79.93,582.98,5.232,65.47,24.028,25.894,4.156,24.6,19.203,6241.58,79.99,584.2,5.238,65.23,23.83,25.836,4.238,24.554,19.302,MISFIRE,1.0,1.0,1.0,1.0,1.0,1.0,0.0,0.0,0.0
58.2,TAKEOFF,94.7,66.56,1455.0,27.09,96.135,1.1155,6237.41,79.93,583.0,5.232,65.47,24.031,25.894,4.156,24.6,19.205,6239.84,79.57,583.39,5.251,65.24,23.924,25.98,4.183,24.619,19.142,MISFIRE,1.0,1.0,1.0,1.0,1.0,1.0,0.0,0.0,0.0
58.3,TAKEOFF,94.72,66.57,1457.5,27.08,96.126,1.1154,6238.06,79.93,583.03,5.232,65.46,24.035,25.894,4.156,24.6,19.208,6231.7,79.1,584.84,5.216,65.2,24.095,25.804,4.16,24.649,19.087,MISFIRE,1.0,1.0,1.0,1.0,1.0,1.0,0.0,0.0,0.0
58.4,TAKEOFF,94.73,66.58,1460.0,27.08,96.118,1.1153,6238.71,79.93,583.06,5.233,65.45,24.039,25.895,4.156,24.6,19.21,6240.65,80.01,583.61,5.222,65.52,24.05,25.831,4.132,24.589,19.018,MISFIRE,1.0,1.0,1.0,1.0,1.0,1.0,0.0,0.0,0.0
58.5,TAKEOFF,94.75,66.59,1462.5,27.07,96.109,1.1152,6239.36,79.93,583.08,5.233,65.45,24.043,25.895,4.157,24.6,19.213,6238.77,79.8,584.3,5.222,65.44,24.112,25.912,4.288,24.597,19.348,MISFIRE,1.0,1.0,1.0,1.0,1.0,1.0,0.0,0.0,0.0
58.6,TAKEOFF,94.77,66.6,1465.0,27.07,96.1,1.1151,6240.02,79.93,583.11,5.234,65.44,24.046,25.895,4.157,24.6,19.215,6237.7,79.17,585.41,5.247,65.11,23.864,25.846,4.261,24.692,19.531,MISFIRE,1.0,1.0,1.0,1.0,1.0,1.0,0.0,0.0,0.0
58.7,TAKEOFF,94.78,66.61,1467.5,27.06,96.092,1.1151,6240.67,79.93,583.14,5.234,65.43,24.05,25.896,4.157,24.6,19.218,6248.7,80.45,583.69,5.266,65.59,24.062,25.865,4.181,24.5,19.04,MISFIRE,1.0,1.0,1.0,1.0,1.0,1.0,0.0,0.0,0.0
58.8,TAKEOFF,94.8,66.62,1470.0,27.06,96.083,1.115,6241.32,79.93,583.16,5.234,65.43,24.054,25.896,4.157,24.6,19.22,6244.37,80.23,583.91,5.238,65.0,24.236,25.869,4.166,24.54,19.281,MISFIRE,1.0,1.0,1.0,1.0,1.0,1.0,0.0,0.0,0.0
58.9,TAKEOFF,94.82,66.63,1472.5,27.05,96.074,1.1149,6241.97,79.93,583.19,5.235,65.42,24.058,25.896,4.157,24.6,19.223,6243.86,79.85,585.41,5.23,66.0,24.081,25.901,4.158,24.508,19.332,MISFIRE,1.0,1.0,1.0,1.0,1.0,1.0,0.0,0.0,0.0
59.0,TAKEOFF,94.83,66.64,1475.0,27.05,96.066,1.1148,6242.62,79.93,583.22,5.235,65.41,24.061,25.897,4.157,24.6,19.225,6239.77,80.12,582.63,5.228,65.47,24.001,25.914,4.137,24.571,19.103,MISFIRE,1.0,1.0,1.0,1.0,1.0,1.0,0.0,0.0,0.0
59.1,TAKEOFF,94.85,66.65,1477.5,27.04,96.057,1.1147,6243.27,79.93,583.24,5.236,65.41,24.065,25.897,4.158,24.6,19.228,6233.56,79.56,582.77,5.236,65.51,24.07,25.853,4.203,24.5,19.289,MISFIRE,1.0,1.0,1.0,1.0,1.0,1.0,0.0,0.0,0.0
59.2,TAKEOFF,94.87,66.66,1480.0,27.04,96.048,1.1146,6243.92,79.93,583.27,5.236,65.4,24.069,25.897,4.158,24.6,19.23,6238.37,79.54,582.77,5.226,65.4,24.122,25.885,4.142,24.621,19.363,MISFIRE,1.0,1.0,1.0,1.0,1.0,1.0,0.0,0.0,0.0
59.3,TAKEOFF,94.88,66.67,1482.5,27.03,96.04,1.1146,6244.57,79.93,583.3,5.236,65.39,24.073,25.898,4.158,24.6,19.233,6240.11,80.81,581.32,5.259,65.78,24.166,25.872,4.116,24.509,19.219,MISFIRE,1.0,1.0,1.0,1.0,1.0,1.0,0.0,0.0,0.0
59.4,TAKEOFF,94.9,66.69,1485.0,27.03,96.031,1.1145,6245.22,79.93,583.33,5.237,65.39,24.076,25.898,4.158,24.6,19.235,6246.73,79.95,583.64,5.215,64.88,24.004,25.823,4.21,24.517,19.168,MISFIRE,1.0,1.0,1.0,1.0,1.0,1.0,0.0,0.0,0.0
59.5,TAKEOFF,94.92,66.7,1487.5,27.02,96.022,1.1144,6245.88,79.93,583.35,5.237,65.38,24.08,25.898,4.158,24.6,19.238,6248.12,80.37,582.05,5.257,65.55,24.195,25.864,4.177,24.65,19.171,MISFIRE,1.0,1.0,1.0,1.0,1.0,1.0,0.0,0.0,0.0
59.6,TAKEOFF,94.93,66.71,1490.0,27.02,96.013,1.1143,6246.53,79.93,583.38,5.237,65.37,24.084,25.899,4.158,24.6,19.24,6250.14,78.89,584.22,5.28,65.35,24.036,25.985,4.224,24.644,19.164,MISFIRE,1.0,1.0,1.0,1.0,1.0,1.0,0.0,0.0,0.0
59.7,TAKEOFF,94.95,66.72,1492.5,27.01,96.005,1.1142,6247.18,79.93,583.41,5.238,65.37,24.088,25.899,4.158,24.6,19.243,6247.78,80.37,582.44,5.184,65.14,24.012,25.91,4.073,24.597,19.174,MISFIRE,1.0,1.0,1.0,1.0,1.0,1.0,0.0,0.0,0.0
59.8,TAKEOFF,94.97,66.73,1495.0,27.01,95.996,1.1141,6247.83,79.93,583.44,5.238,65.36,24.091,25.899,4.159,24.6,19.245,6247.88,79.75,584.71,5.218,65.18,24.123,25.883,4.2,24.519,19.251,MISFIRE,1.0,1.0,1.0,1.0,1.0,1.0,0.0,0.0,0.0
59.9,TAKEOFF,94.98,66.74,1497.5,27.0,95.987,1.1141,6248.48,79.93,583.47,5.239,65.35,24.095,25.9,4.159,24.6,19.248,6258.27,79.85,582.65,5.266,65.89,23.98,25.85,4.207,24.521,19.265,MISFIRE,1.0,1.0,1.0,1.0,1.0,1.0,0.0,0.0,0.0
60.0,CLIMB,85.0,60.25,1500.0,27.0,95.979,1.114,6228.52,79.93,583.23,5.228,65.35,21.936,25.7,4.105,24.6,17.75,6223.0,80.34,583.64,5.213,64.9,22.08,25.648,4.002,24.521,17.802,MISFIRE,1.0,1.0,1.0,1.0,1.0,1.0,0.0,0.0,0.0
60.1,CLIMB,84.99,60.24,1507.08,26.99,95.954,1.1138,6209.54,79.93,582.99,5.219,65.34,21.934,25.7,4.103,24.6,17.749,6212.91,80.59,584.45,5.224,64.49,21.951,25.638,4.185,24.618,18.016,MISFIRE,1.0,1.0,1.0,1.0,1.0,1.0,0.0,0.0,0.0
60.2,CLIMB,84.98,60.24,1514.17,26.97,95.93,1.1135,6191.48,79.93,582.76,5.209,65.33,21.933,25.7,4.101,24.6,17.747,6192.21,80.28,583.17,5.211,64.71,21.853,25.678,4.13,24.649,17.897,MISFIRE,1.0,1.0,1.0,1.0,1.0,1.0,0.0,0.0,0.0
60.3,CLIMB,84.97,60.23,1521.25,26.96,95.905,1.1133,6174.3,79.93,582.53,5.2,65.33,21.932,25.7,4.099,24.6,17.746,6182.8,80.09,583.21,5.211,65.3,21.928,25.753,4.132,24.564,17.865,MISFIRE,1.0,1.0,1.0,1.0,1.0,1.0,0.0,0.0,0.0
60.4,CLIMB,84.97,60.23,1528.33,26.94,95.881,1.1131,6157.97,79.93,582.3,5.192,65.32,21.93,25.699,4.098,24.6,17.745,6153.07,79.95,578.95,5.208,65.6,22.096,25.661,4.19,24.623,17.676,MISFIRE,1.0,1.0,1.0,1.0,1.0,1.0,0.0,0.0,0.0
60.5,CLIMB,84.96,60.22,1535.42,26.93,95.856,1.1128,6142.42,79.93,582.08,5.184,65.31,21.929,25.699,4.096,24.6,17.744,6138.38,79.24,585.05,5.152,65.97,21.765,25.742,4.091,24.498,17.715,MISFIRE,1.0,1.0,1.0,1.0,1.0,1.0,0.0,0.0,0.0
60.6,CLIMB,84.95,60.22,1542.5,26.91,95.831,1.1126,6127.63,79.92,581.85,5.176,65.31,21.927,25.699,4.095,24.6,17.742,6129.27,79.63,581.15,5.2,64.81,22.055,25.672,4.17,24.614,17.633,MISFIRE,1.0,1.0,1.0,1.0,1.0,1.0,0.0,0.0,0.0
60.7,CLIMB,84.94,60.21,1549.58,26.9,95.807,1.1124,6113.56,79.92,581.64,5.169,65.3,21.926,25.699,4.093,24.6,17.741,6112.43,81.13,578.51,5.14,65.07,21.779,25.703,4.119,24.636,17.861,MISFIRE,1.0,1.0,1.0,1.0,1.0,1.0,0.0,0.0,0.0
60.8,CLIMB,84.93,60.21,1556.67,26.89,95.782,1.1121,6100.18,79.92,581.42,5.162,65.29,21.925,25.699,4.092,24.6,17.74,6103.5,79.5,580.49,5.122,65.4,21.907,25.715,4.142,24.545,17.63,MISFIRE,1.0,1.0,1.0,1.0,1.0,1.0,0.0,0.0,0.0
60.9,CLIMB,84.92,60.2,1563.75,26.87,95.758,1.1119,6087.44,79.92,581.2,5.156,65.29,21.923,25.698,4.09,24.6,17.739,6084.26,79.49,583.5,5.218,65.15,22.006,25.802,4.114,24.511,17.695,MISFIRE,1.0,1.0,1.0,1.0,1.0,1.0,0.0,0.0,0.0
61.0,CLIMB,84.92,60.2,1570.83,26.86,95.733,1.1117,6075.31,79.92,580.99,5.149,65.28,21.922,25.698,4.089,24.6,17.737,6070.59,79.95,579.6,5.136,65.41,22.002,25.683,4.176,24.515,17.734,MISFIRE,1.0,1.0,1.0,1.0,1.0,1.0,0.0,0.0,0.0
61.1,CLIMB,84.91,60.19,1577.92,26.84,95.709,1.1114,6063.77,79.92,580.78,5.144,65.27,21.92,25.698,4.088,24.6,17.736,6066.27,80.21,580.82,5.154,65.29,21.985,25.688,3.996,24.626,17.657,MISFIRE,1.0,1.0,1.0,1.0,1.0,1.0,0.0,0.0,0.0
61.2,CLIMB,84.9,60.18,1585.0,26.83,95.684,1.1112,6052.79,79.92,580.58,5.138,65.27,21.919,25.698,4.087,24.6,17.735,6050.79,80.58,579.95,5.138,65.12,22.026,25.735,4.124,24.615,17.708,MISFIRE,1.0,1.0,1.0,1.0,1.0,1.0,0.0,0.0,0.0
61.3,CLIMB,84.89,60.18,1592.08,26.82,95.66,1.111,6042.33,79.92,580.37,5.133,65.26,21.918,25.698,4.086,24.6,17.734,6043.72,80.55,578.28,5.127,64.85,21.854,25.643,4.107,24.606,17.714,MISFIRE,1.0,1.0,1.0,1.0,1.0,1.0,0.0,0.0,0.0
61.4,CLIMB,84.88,60.17,1599.17,26.8,95.635,1.1107,6032.37,79.92,580.17,5.127,65.25,21.916,25.698,4.085,24.6,17.732,6028.83,80.0,577.98,5.111,65.2,21.921,25.679,4.102,24.66,17.763,MISFIRE,1.0,1.0,1.0,1.0,1.0,1.0,0.0,0.0,0.0
61.5,CLIMB,84.87,60.17,1606.25,26.79,95.611,1.1105,6022.89,79.92,579.97,5.123,65.24,21.915,25.697,4.084,24.6,17.731,6023.84,79.67,579.89,5.103,65.48,21.638,25.681,4.066,24.551,17.92,MISFIRE,1.0,1.0,1.0,1.0,1.0,1.0,0.0,0.0,0.0
61.6,CLIMB,84.87,60.16,1613.33,26.77,95.587,1.1103,6013.86,79.92,579.77,5.118,65.24,21.913,25.697,4.083,24.6,17.73,6015.59,79.98,580.63,5.061,65.16,21.915,25.776,4.074,24.587,17.709,MISFIRE,1.0,1.0,1.0,1.0,1.0,1.0,0.0,0.0,0.0
61.7,CLIMB,84.86,60.16,1620.42,26.76,95.562,1.11,6005.26,79.92,579.58,5.113,65.23,21.912,25.697,4.082,24.6,17.729,6007.21,78.51,579.78,5.106,65.2,21.693,25.64,4.02,24.565,17.73,MISFIRE,1.0,1.0,1.0,1.0,1.0,1.0,0.0,0.0,0.0
61.8,CLIMB,84.85,60.15,1627.5,26.74,95.538,1.1098,5997.07,79.92,579.38,5.109,65.22,21.911,25.697,4.081,24.6,17.727,5992.16,80.06,581.32,5.102,64.82,21.895,25.654,4.159,24.601,17.732,MISFIRE,1.0,1.0,1.0,1.0,1.0,1.0,0.0,0.0,0.0
61.9,CLIMB,84.84,60.15,1634.58,26.73,95.513,1.1096,5989.27,79.91,579.19,5.105,65.22,21.909,25.697,4.08,24.6,17.726,5986.77,79.84,583.09,5.123,65.52,21.922,25.743,4.109,24.53,17.655,MISFIRE,1.0,1.0,1.0,1.0,1.0,1.0,0.0,0.0,0.0
62.0,CLIMB,84.83,60.14,1641.67,26.72,95.489,1.1093,5981.84,79.91,579.0,5.102,65.21,21.908,25.697,4.079,24.6,17.725,5985.56,79.93,582.07,5.137,65.21,21.702,25.753,4.025,24.591,17.757,MISFIRE,1.0,1.0,1.0,1.0,1.0,1.0,0.0,0.0,0.0
62.1,CLIMB,84.82,60.14,1648.75,26.7,95.464,1.1091,5974.75,79.91,578.82,5.098,65.2,21.906,25.697,4.079,24.6,17.724,5965.03,80.76,580.35,5.14,65.56,21.803,25.629,4.188,24.585,17.98,MISFIRE,1.0,1.0,1.0,1.0,1.0,1.0,0.0,0.0,0.0
62.2,CLIMB,84.82,60.13,1655.83,26.69,95.44,1.1089,5968.0,79.91,578.63,5.094,65.2,21.905,25.696,4.078,24.6,17.722,5968.76,80.09,579.3,5.078,65.61,21.785,25.655,4.155,24.516,17.775,MISFIRE,1.0,1.0,1.0,1.0,1.0,1.0,0.0,0.0,0.0
62.3,CLIMB,84.81,60.13,1662.92,26.67,95.415,1.1086,5961.57,79.91,578.45,5.091,65.19,21.904,25.696,4.077,24.6,17.721,5954.71,79.42,580.53,5.114,65.01,21.81,25.697,4.093,24.578,17.637,MISFIRE,1.0,1.0,1.0,1.0,1.0,1.0,0.0,0.0,0.0
62.4,CLIMB,84.8,60.12,1670.0,26.66,95.391,1.1084,5955.43,79.91,578.27,5.088,65.18,21.902,25.696,4.077,24.6,17.72,5957.93,78.99,578.55,5.053,64.82,21.975,25.732,4.128,24.619,17.681,MISFIRE,1.0,1.0,1.0,1.0,1.0,1.0,0.0,0.0,0.0
62.5,CLIMB,84.79,60.11,1677.08,26.65,95.367,1.1082,5949.58,79.91,578.09,5.085,65.18,21.901,25.696,4.076,24.6,17.719,5960.44,79.69,579.29,5.045,65.22,22.04,25.623,4.025,24.579,17.626,MISFIRE,1.0,1.0,1.0,1.0,1.0,1.0,0.0,0.0,0.0
62.6,CLIMB,84.78,60.11,1684.17,26.63,95.342,1.108,5944.0,79.91,577.92,5.082,65.17,21.899,25.696,4.075,24.6,17.717,5948.05,80.21,577.67,5.099,65.4,21.951,25.738,4.069,24.561,17.742,MISFIRE,1.0,1.0,1.0,1.0,1.0,1.0,0.0,0.0,0.0
62.7,CLIMB,84.77,60.1,1691.25,26.62,95.318,1.1077,5938.68,79.91,577.75,5.079,65.16,21.898,25.695,4.075,24.6,17.716,5943.2,80.28,573.23,5.08,65.1,21.756,25.647,4.059,24.52,17.783,MISFIRE,1.0,1.0,1.0,1.0,1.0,1.0,0.0,0.0,0.0
62.8,CLIMB,84.77,60.1,1698.33,26.6,95.293,1.1075,5933.6,79.91,577.57,5.077,65.15,21.896,25.695,4.074,24.6,17.715,5924.76,80.36,575.73,5.039,65.14,21.685,25.669,3.988,24.533,17.508,MISFIRE,1.0,1.0,1.0,1.0,1.0,1.0,0.0,0.0,0.0
62.9,CLIMB,84.76,60.09,1705.42,26.59,95.269,1.1073,5928.76,79.91,577.4,5.074,65.15,21.895,25.695,4.074,24.6,17.714,5926.97,80.17,574.82,5.062,65.51,21.807,25.608,4.033,24.603,17.725,MISFIRE,1.0,1.0,1.0,1.0,1.0,1.0,0.0,0.0,0.0
63.0,CLIMB,84.75,60.09,1712.5,26.57,95.245,1.107,5924.13,79.91,577.24,5.072,65.14,21.894,25.695,4.073,24.6,17.712,5921.98,80.53,576.25,5.12,64.95,21.88,25.713,4.088,24.62,17.579,MISFIRE,1.0,1.0,1.0,1.0,1.0,1.0,0.0,0.0,0.0
63.1,CLIMB,84.74,60.08,1719.58,26.56,95.22,1.1068,5919.72,79.91,577.07,5.07,65.13,21.892,25.695,4.073,24.6,17.711,5921.87,80.32,576.99,5.093,65.12,21.801,25.716,4.036,24.56,17.764,MISFIRE,1.0,1.0,1.0,1.0,1.0,1.0,0.0,0.0,0.0
63.2,CLIMB,84.73,60.08,1726.67,26.55,95.196,1.1066,5915.5,79.91,576.91,5.068,65.13,21.891,25.695,4.072,24.6,17.71,5918.28,79.52,576.92,5.081,64.88,21.597,25.724,4.073,24.592,17.775,MISFIRE,1.0,1.0,1.0,1.0,1.0,1.0,0.0,0.0,0.0
63.3,CLIMB,84.72,60.07,1733.75,26.53,95.171,1.1063,5911.47,79.91,576.74,5.066,65.12,21.889,25.694,4.072,24.6,17.709,5906.0,79.7,576.84,5.049,65.34,21.875,25.676,3.986,24.527,17.619,MISFIRE,1.0,1.0,1.0,1.0,1.0,1.0,0.0,0.0,0.0
63.4,CLIMB,84.72,60.07,1740.83,26.52,95.147,1.1061,5907.63,79.9,576.58,5.064,65.11,21.888,25.694,4.071,24.6,17.707,5909.62,80.51,576.38,5.044,65.18,22.005,25.647,4.079,24.558,17.546,MISFIRE,1.0,1.0,1.0,1.0,1.0,1.0,0.0,0.0,0.0
63.5,CLIMB,84.71,60.06,1747.92,26.5,95.123,1.1059,5903.95,79.9,576.43,5.062,65.11,21.887,25.694,4.071,24.6,17.706,5904.43,79.12,574.79,5.026,65.11,22.068,25.805,4.074,24.524,17.634,MISFIRE,1.0,1.0,1.0,1.0,1.0,1.0,0.0,0.0,0.0
63.6,CLIMB,84.7,60.05,1755.0,26.49,95.098,1.1056,5900.44,79.9,576.27,5.06,65.1,21.885,25.694,4.07,24.6,17.705,5896.09,81.01,578.09,5.133,65.32,21.902,25.608,4.077,24.673,17.659,MISFIRE,1.0,1.0,1.0,1.0,1.0,1.0,0.0,0.0,0.0
63.7,CLIMB,84.69,60.05,1762.08,26.48,95.074,1.1054,5897.07,79.9,576.11,5.058,65.09,21.884,25.694,4.07,24.6,17.704,5903.56,79.09,578.49,4.985,65.3,21.7,25.741,3.969,24.591,17.82,MISFIRE,1.0,1.0,1.0,1.0,1.0,1.0,0.0,0.0,0.0
63.8,CLIMB,84.68,60.04,1769.17,26.46,95.05,1.1052,5893.86,79.9,575.96,5.057,65.08,21.882,25.694,4.07,24.6,17.702,5892.0,79.61,575.29,5.029,64.66,21.997,25.686,4.01,24.505,17.599,MISFIRE,1.0,1.0,1.0,1.0,1.0,1.0,0.0,0.0,0.0
63.9,CLIMB,84.67,60.04,1776.25,26.45,95.025,1.105,5890.79,79.9,575.81,5.055,65.08,21.881,25.694,4.069,24.6,17.701,5892.35,79.55,577.24,5.095,65.24,21.766,25.682,4.065,24.611,17.697,MISFIRE,1.0,1.0,1.0,1.0,1.0,1.0,0.0,0.0,0.0
64.0,CLIMB,84.67,60.03,1783.33,26.43,95.001,1.1047,5887.84,79.9,575.66,5.054,65.07,21.88,25.693,4.069,24.6,17.7,5888.99,79.51,575.57,5.063,65.5,21.755,25.728,4.056,24.598,17.796,MISFIRE,1.0,1.0,1.0,1.0,1.0,1.0,0.0,0.0,0.0
64.1,CLIMB,84.66,60.03,1790.42,26.42,94.977,1.1045,5885.03,79.9,575.51,5.052,65.06,21.878,25.693,4.069,24.6,17.699,5877.11,79.92,573.15,5.09,64.48,21.817,25.699,4.077,24.639,17.615,MISFIRE,1.0,1.0,1.0,1.0,1.0,1.0,0.0,0.0,0.0
64.2,CLIMB,84.65,60.02,1797.5,26.4,94.952,1.1043,5882.33,79.9,575.37,5.051,65.06,21.877,25.693,4.068,24.6,17.697,5880.68,80.05,574.57,5.067,65.1,21.853,25.638,4.073,24.639,17.7,MISFIRE,1.0,1.0,1.0,1.0,1.0,1.0,0.0,0.0,0.0
64.3,CLIMB,84.64,60.02,1804.58,26.39,94.928,1.104,5879.74,79.9,575.22,5.05,65.05,21.875,25.693,4.068,24.6,17.696,5881.87,79.84,574.11,5.075,65.33,22.011,25.685,4.004,24.663,17.713,MISFIRE,1.0,1.0,1.0,1.0,1.0,1.0,0.0,0.0,0.0
64.4,CLIMB,84.63,60.01,1811.67,26.38,94.904,1.1038,5877.27,79.9,575.08,5.049,65.04,21.874,25.693,4.068,24.6,17.695,5883.24,80.16,573.83,5.119,64.87,21.926,25.634,4.022,24.65,17.526,MISFIRE,1.0,1.0,1.0,1.0,1.0,1.0,0.0,0.0,0.0
64.5,CLIMB,84.62,60.01,1818.75,26.36,94.88,1.1036,5874.89,79.9,574.94,5.047,65.03,21.873,25.692,4.068,24.6,17.694,5869.61,79.89,573.2,5.042,65.13,21.967,25.702,4.09,24.655,17.677,MISFIRE,1.0,1.0,1.0,1.0,1.0,1.0,0.0,0.0,0.0
64.6,CLIMB,84.62,60.0,1825.83,26.35,94.855,1.1033,5872.61,79.9,574.8,5.046,65.03,21.871,25.692,4.067,24.6,17.692,5869.85,79.81,576.1,5.034,65.04,21.901,25.679,4.107,24.561,17.782,MISFIRE,1.0,1.0,1.0,1.0,1.0,1.0,0.0,0.0,0.0
64.7,CLIMB,84.61,60.0,1832.92,26.33,94.831,1.1031,5870.43,79.9,574.66,5.045,65.02,21.87,25.692,4.067,24.6,17.691,5872.54,79.93,573.08,5.055,64.71,21.85,25.742,4.101,24.595,17.76,MISFIRE,1.0,1.0,1.0,1.0,1.0,1.0,0.0,0.0,0.0
64.8,CLIMB,84.6,59.99,1840.0,26.32,94.807,1.1029,5868.33,79.9,574.52,5.044,65.01,21.868,25.692,4.067,24.6,17.69,5865.71,79.68,574.46,5.002,65.08,21.695,25.645,4.006,24.485,17.713,MISFIRE,1.0,1.0,1.0,1.0,1.0,1.0,0.0,0.0,0.0
64.9,CLIMB,84.59,59.98,1847.08,26.31,94.782,1.1027,5866.31,79.9,574.39,5.043,65.01,21.867,25.692,4.067,24.6,17.689,5865.17,79.66,576.42,5.023,65.28,21.895,25.715,4.04,24.491,17.747,MISFIRE,1.0,1.0,1.0,1.0,1.0,1.0,0.0,0.0,0.0
65.0,CLIMB,84.58,59.98,1854.17,26.29,94.758,1.1024,5864.38,79.89,574.26,5.042,65.0,21.866,25.692,4.066,24.6,17.687,5867.29,80.28,575.25,4.978,65.4,21.877,25.633,4.084,24.517,17.645,MISFIRE,1.0,1.0,1.0,1.0,1.0,1.0,0.0,0.0,0.0
65.1,CLIMB,84.57,59.97,1861.25,26.28,94.734,1.1022,5862.52,79.89,574.12,5.041,64.99,21.864,25.691,4.066,24.6,17.686,5856.39,79.27,576.01,4.982,64.93,21.731,25.69,4.059,24.582,17.646,MISFIRE,1.0,1.0,1.0,1.0,1.0,1.0,0.0,0.0,0.0
65.2,CLIMB,84.57,59.97,1868.33,26.26,94.71,1.102,5860.73,79.89,573.99,5.04,64.98,21.863,25.691,4.066,24.6,17.685,5863.93,80.29,574.04,5.061,65.26,21.77,25.691,4.136,24.578,17.644,MISFIRE,1.0,1.0,1.0,1.0,1.0,1.0,0.0,0.0,0.0
65.3,CLIMB,84.56,59.96,1875.42,26.25,94.685,1.1017,5859.01,79.89,573.87,5.04,64.98,21.861,25.691,4.066,24.6,17.684,5852.35,79.54,574.0,5.044,65.24,21.913,25.671,4.022,24.608,17.663,MISFIRE,1.0,1.0,1.0,1.0,1.0,1.0,0.0,0.0,0.0
65.4,CLIMB,84.55,59.96,1882.5,26.23,94.661,1.1015,5857.35,79.89,573.74,5.039,64.97,21.86,25.691,4.065,24.6,17.682,5856.03,80.48,572.67,5.026,64.77,21.706,25.668,3.996,24.588,17.736,MISFIRE,1.0,1.0,1.0,1.0,1.0,1.0,0.0,0.0,0.0
65.5,CLIMB,84.54,59.95,1889.58,26.22,94.637,1.1013,5855.75,79.89,573.61,5.038,64.96,21.858,25.691,4.065,24.6,17.681,5856.84,79.91,574.35,5.082,65.47,21.89,25.668,4.14,24.514,17.581,MISFIRE,1.0,1.0,1.0,1.0,1.0,1.0,0.0,0.0,0.0
65.6,CLIMB,84.53,59.95,1896.67,26.21,94.613,1.101,5854.22,79.89,573.49,5.037,64.95,21.857,25.691,4.065,24.6,17.68,5851.06,79.43,575.33,4.999,65.14,21.853,25.752,4.097,24.51,17.804,MISFIRE,1.0,1.0,1.0,1.0,1.0,1.0,0.0,0.0,0.0
65.7,CLIMB,84.52,59.94,1903.75,26.19,94.589,1.1008,5852.73,79.89,573.36,5.036,64.95,21.856,25.691,4.065,24.6,17.679,5859.27,80.14,574.71,5.101,64.93,21.939,25.704,4.067,24.623,17.659,MISFIRE,1.0,1.0,1.0,1.0,1.0,1.0,0.0,0.0,0.0
65.8,CLIMB,84.52,59.94,1910.83,26.18,94.564,1.1006,5851.3,79.89,573.24,5.036,64.94,21.854,25.69,4.065,24.6,17.677,5843.24,79.84,572.38,5.036,64.67,21.852,25.704,4.018,24.576,17.669,MISFIRE,1.0,1.0,1.0,1.0,1.0,1.0,0.0,0.0,0.0
65.9,CLIMB,84.51,59.93,1917.92,26.16,94.54,1.1004,5849.92,79.89,573.12,5.035,64.93,21.853,25.69,4.064,24.6,17.676,5849.02,80.4,572.6,5.046,65.25,21.792,25.683,4.042,24.652,17.735,MISFIRE,1.0,1.0,1.0,1.0,1.0,1.0,0.0,0.0,0.0
66.0,CLIMB,84.5,59.92,1925.0,26.15,94.516,1.1001,5848.59,79.89,573.0,5.035,64.93,21.851,25.69,4.064,24.6,17.675,5848.87,79.32,571.65,5.085,64.99,21.643,25.712,3.957,24.606,17.636,MISFIRE,1.0,1.0,1.0,1.0,1.0,1.0,0.0,0.0,0.0
66.1,CLIMB,84.49,59.92,1932.08,26.14,94.492,1.0999,5847.3,79.89,572.88,5.034,64.92,21.85,25.69,4.064,24.6,17.674,5852.47,79.4,573.01,5.061,65.1,21.81,25.724,3.962,24.565,17.805,MISFIRE,1.0,1.0,1.0,1.0,1.0,1.0,0.0,0.0,0.0
66.2,CLIMB,84.48,59.91,1939.17,26.12,94.468,1.0997,5846.06,79.89,572.77,5.033,64.91,21.849,25.69,4.064,24.6,17.672,5844.9,80.1,572.13,5.074,65.01,21.822,25.668,4.007,24.597,17.474,MISFIRE,1.0,1.0,1.0,1.0,1.0,1.0,0.0,0.0,0.0
66.3,CLIMB,84.47,59.91,1946.25,26.11,94.443,1.0994,5844.85,79.89,572.65,5.033,64.9,21.847,25.689,4.064,24.6,17.671,5835.7,79.17,574.34,5.081,65.25,21.769,25.697,4.072,24.55,17.705,MISFIRE,1.0,1.0,1.0,1.0,1.0,1.0,0.0,0.0,0.0
66.4,CLIMB,84.47,59.9,1953.33,26.09,94.419,1.0992,5843.69,79.89,572.54,5.032,64.9,21.846,25.689,4.064,24.6,17.67,5843.44,79.84,572.38,4.985,64.09,21.898,25.654,4.111,24.618,17.583,MISFIRE,1.0,1.0,1.0,1.0,1.0,1.0,0.0,0.0,0.0
66.5,CLIMB,84.46,59.9,1960.42,26.08,94.395,1.099,5842.56,79.89,572.42,5.032,64.89,21.844,25.689,4.063,24.6,17.669,5842.54,79.65,572.99,5.078,65.59,21.751,25.692,4.109,24.655,17.504,MISFIRE,1.0,1.0,1.0,1.0,1.0,1.0,0.0,0.0,0.0
66.6,CLIMB,84.45,59.89,1967.5,26.06,94.371,1.0987,5841.47,79.88,572.31,5.031,64.88,21.843,25.689,4.063,24.6,17.667,5834.36,80.62,571.09,4.998,64.94,21.66,25.681,4.057,24.642,17.812,MISFIRE,1.0,1.0,1.0,1.0,1.0,1.0,0.0,0.0,0.0
66.7,CLIMB,84.44,59.89,1974.58,26.05,94.347,1.0985,5840.4,79.88,572.2,5.031,64.87,21.842,25.689,4.063,24.6,17.666,5837.96,80.45,573.24,4.98,65.41,21.747,25.728,4.115,24.599,17.537,MISFIRE,1.0,1.0,1.0,1.0,1.0,1.0,0.0,0.0,0.0
66.8,CLIMB,84.43,59.88,1981.67,26.04,94.323,1.0983,5839.37,79.88,572.09,5.03,64.87,21.84,25.689,4.063,24.6,17.665,5840.74,79.77,572.94,4.989,65.24,21.877,25.624,4.074,24.576,17.777,MISFIRE,1.0,1.0,1.0,1.0,1.0,1.0,0.0,0.0,0.0
66.9,CLIMB,84.42,59.88,1988.75,26.02,94.298,1.0981,5838.37,79.88,571.99,5.03,64.86,21.839,25.688,4.063,24.6,17.664,5840.68,79.86,571.78,5.072,65.03,21.804,25.619,4.136,24.6,17.556,MISFIRE,1.0,1.0,1.0,1.0,1.0,1.0,0.0,0.0,0.0
67.0,CLIMB,84.42,59.87,1995.83,26.01,94.274,1.0978,5837.4,79.88,571.88,5.029,64.85,21.837,25.688,4.063,24.6,17.662,5838.16,80.48,574.58,5.026,65.27,21.87,25.651,4.046,24.588,17.628,MISFIRE,1.0,1.0,1.0,1.0,1.0,1.0,0.0,0.0,0.0
67.1,CLIMB,84.41,59.87,2002.92,25.99,94.25,1.0976,5836.46,79.88,571.77,5.029,64.84,21.836,25.688,4.063,24.6,17.661,5831.33,79.81,572.75,5.051,64.82,21.638,25.779,3.996,24.633,17.782,MISFIRE,1.0,1.0,1.0,1.0,1.0,1.0,0.0,0.0,0.0
67.2,CLIMB,84.4,59.86,2010.0,25.98,94.226,1.0974,5835.54,79.88,571.67,5.028,64.84,21.835,25.688,4.062,24.6,17.66,5838.33,80.33,574.35,4.985,64.27,21.864,25.712,4.049,24.662,17.597,MISFIRE,1.0,1.0,1.0,1.0,1.0,1.0,0.0,0.0,0.0
67.3,CLIMB,84.39,59.85,2017.08,25.97,94.202,1.0971,5834.65,79.88,571.57,5.028,64.83,21.833,25.688,4.062,24.6,17.659,5835.49,80.96,571.17,5.033,64.57,21.892,25.715,4.005,24.457,17.677,MISFIRE,1.0,1.0,1.0,1.0,1.0,1.0,0.0,0.0,0.0
67.4,CLIMB,84.38,59.85,2024.17,25.95,94.178,1.0969,5833.77,79.88,571.46,5.028,64.82,21.832,25.688,4.062,24.6,17.657,5834.12,80.12,572.14,5.066,65.05,21.778,25.723,4.094,24.584,17.702,MISFIRE,1.0,1.0,1.0,1.0,1.0,1.0,0.0,0.0,0.0
67.5,CLIMB,84.37,59.84,2031.25,25.94,94.154,1.0967,5832.92,79.88,571.36,5.027,64.81,21.83,25.688,4.062,24.6,17.656,5834.59,79.81,569.8,5.046,65.16,21.931,25.681,4.13,24.6,17.619,MISFIRE,1.0,1.0,1.0,1.0,1.0,1.0,0.0,0.0,0.0
67.6,CLIMB,84.37,59.84,2038.33,25.92,94.13,1.0965,5832.1,79.88,571.26,5.027,64.81,21.829,25.687,4.062,24.6,17.655,5828.34,79.79,569.4,4.992,65.15,21.907,25.684,4.081,24.531,17.772,MISFIRE,1.0,1.0,1.0,1.0,1.0,1.0,0.0,0.0,0.0
67.7,CLIMB,84.36,59.83,2045.42,25.91,94.106,1.0962,5831.29,79.88,571.16,5.026,64.8,21.827,25.687,4.062,24.6,17.654,5824.94,79.46,572.01,4.999,65.49,21.759,25.63,4.098,24.618,17.597,MISFIRE,1.0,1.0,1.0,1.0,1.0,1.0,0.0,0.0,0.0
67.8,CLIMB,84.35,59.83,2052.5,25.89,94.081,1.096,5830.5,79.88,571.07,5.026,64.79,21.826,25.687,4.062,24.6,17.652,5830.09,79.51,572.67,5.085,65.25,21.825,25.633,4.081,24.585,17.573,MISFIRE,1.0,1.0,1.0,1.0,1.0,1.0,0.0,0.0,0.0
67.9,CLIMB,84.34,59.82,2059.58,25.88,94.057,1.0958,5829.73,79.88,570.97,5.026,64.78,21.825,25.687,4.062,24.6,17.651,5845.39,80.14,571.91,5.068,64.46,21.827,25.778,4.133,24.645,17.756,MISFIRE,1.0,1.0,1.0,1.0,1.0,1.0,0.0,0.0,0.0
68.0,CLIMB,84.33,59.82,2066.67,25.87,94.033,1.0955,5828.97,79.88,570.87,5.025,64.78,21.823,25.687,4.061,24.6,17.65,5834.29,79.42,571.89,5.008,64.75,21.92,25.697,4.027,24.633,17.811,MISFIRE,1.0,1.0,1.0,1.0,1.0,1.0,0.0,0.0,0.0
68.1,CLIMB,84.32,59.81,2073.75,25.85,94.009,1.0953,5828.23,79.88,570.78,5.025,64.77,21.822,25.686,4.061,24.6,17.649,5834.27,80.08,571.03,5.077,64.45,21.79,25.732,4.005,24.624,17.75,MISFIRE,1.0,1.0,1.0,1.0,1.0,1.0,0.0,0.0,0.0
68.2,CLIMB,84.32,59.81,2080.83,25.84,93.985,1.0951,5827.51,79.87,570.69,5.025,64.76,21.82,25.686,4.061,24.6,17.647,5833.84,79.45,571.34,5.01,64.62,21.899,25.674,4.083,24.615,17.682,MISFIRE,1.0,1.0,1.0,1.0,1.0,1.0,0.0,0.0,0.0
68.3,CLIMB,84.31,59.8,2087.92,25.82,93.961,1.0949,5826.8,79.87,570.59,5.024,64.75,21.819,25.686,4.061,24.6,17.646,5826.27,79.89,569.63,5.049,64.56,21.923,25.696,4.082,24.681,17.665,MISFIRE,1.0,1.0,1.0,1.0,1.0,1.0,0.0,0.0,0.0
68.4,CLIMB,84.3,59.79,2095.0,25.81,93.937,1.0946,5826.1,79.87,570.5,5.024,64.75,21.818,25.686,4.061,24.6,17.645,5833.17,79.13,573.38,5.041,64.62,21.686,25.646,4.026,24.492,17.711,MISFIRE,1.0,1.0,1.0,1.0,1.0,1.0,0.0,0.0,0.0
68.5,CLIMB,84.29,59.79,2102.08,25.8,93.913,1.0944,5825.42,79.87,570.41,5.024,64.74,21.816,25.686,4.061,24.6,17.644,5833.01,79.97,573.04,5.01,64.78,21.774,25.661,4.015,24.655,17.561,MISFIRE,1.0,1.0,1.0,1.0,1.0,1.0,0.0,0.0,0.0
68.6,CLIMB,84.28,59.78,2109.17,25.78,93.889,1.0942,5824.75,79.87,570.32,5.024,64.73,21.815,25.686,4.061,24.6,17.642,5831.61,79.87,572.15,5.024,64.68,21.778,25.723,4.131,24.545,17.577,MISFIRE,1.0,1.0,1.0,1.0,1.0,1.0,0.0,0.0,0.0
68.7,CLIMB,84.27,59.78,2116.25,25.77,93.865,1.0939,5824.1,79.87,570.23,5.023,64.72,21.813,25.685,4.061,24.6,17.641,5823.73,80.27,569.31,4.957,64.18,21.823,25.624,4.025,24.7,17.582,MISFIRE,1.0,1.0,1.0,1.0,1.0,1.0,0.0,0.0,0.0
68.8,CLIMB,84.27,59.77,2123.33,25.75,93.841,1.0937,5823.45,79.87,570.14,5.023,64.71,21.812,25.685,4.061,24.6,17.64,5827.94,79.95,570.52,4.983,64.33,21.824,25.626,4.093,24.627,17.552,MISFIRE,1.0,1.0,1.0,1.0,1.0,1.0,0.0,0.0,0.0
68.9,CLIMB,84.26,59.77,2130.42,25.74,93.817,1.0935,5822.81,79.87,570.06,5.023,64.71,21.811,25.685,4.06,24.6,17.639,5834.66,80.5,571.42,5.01,64.8,21.901,25.756,4.024,24.61,17.576,MISFIRE,1.0,1.0,1.0,1.0,1.0,1.0,0.0,0.0,0.0
69.0,CLIMB,84.25,59.76,2137.5,25.72,93.793,1.0933,5822.19,79.87,569.97,5.022,64.7,21.809,25.685,4.06,24.6,17.637,5820.6,79.26,571.85,4.967,64.48,22.042,25.675,4.034,24.66,17.669,MISFIRE,1.0,1.0,1.0,1.0,1.0,1.0,0.0,0.0,0.0
69.1,CLIMB,84.24,59.76,2144.58,25.71,93.769,1.093,5821.57,79.87,569.89,5.022,64.69,21.808,25.685,4.06,24.6,17.636,5818.15,80.47,568.27,5.026,65.36,21.7,25.728,4.091,24.622,17.675,MISFIRE,1.0,1.0,1.0,1.0,1.0,1.0,0.0,0.0,0.0
69.2,CLIMB,84.23,59.75,2151.67,25.7,93.745,1.0928,5820.97,79.87,569.8,5.022,64.68,21.806,25.685,4.06,24.6,17.635,5817.55,79.17,569.02,5.033,64.81,21.904,25.593,4.126,24.68,17.71,MISFIRE,1.0,1.0,1.0,1.0,1.0,1.0,0.0,0.0,0.0
69.3,CLIMB,84.22,59.75,2158.75,25.68,93.721,1.0926,5820.37,79.87,569.72,5.022,64.68,21.805,25.684,4.06,24.6,17.634,5823.84,80.29,569.18,4.999,64.66,21.804,25.684,4.166,24.658,17.642,MISFIRE,1.0,1.0,1.0,1.0,1.0,1.0,0.0,0.0,0.0
69.4,CLIMB,84.22,59.74,2165.83,25.67,93.697,1.0923,5819.78,79.87,569.64,5.021,64.67,21.803,25.684,4.06,24.6,17.632,5823.31,79.22,568.67,5.011,64.88,21.67,25.674,4.023,24.672,17.598,MISFIRE,1.0,1.0,1.0,1.0,1.0,1.0,0.0,0.0,0.0
69.5,CLIMB,84.21,59.74,2172.92,25.65,93.673,1.0921,5819.2,79.87,569.55,5.021,64.66,21.802,25.684,4.06,24.6,17.631,5826.95,81.0,569.14,5.02,64.94,21.832,25.629,4.096,24.578,17.523,MISFIRE,1.0,1.0,1.0,1.0,1.0,1.0,0.0,0.0,0.0
69.6,CLIMB,84.2,59.73,2180.0,25.64,93.649,1.0919,5818.62,79.87,569.47,5.021,64.65,21.801,25.684,4.06,24.6,17.63,5820.17,80.4,568.28,5.021,64.77,21.67,25.65,4.089,24.61,17.514,MISFIRE,1.0,1.0,1.0,1.0,1.0,1.0,0.0,0.0,0.0
69.7,CLIMB,84.19,59.72,2187.08,25.63,93.625,1.0917,5818.06,79.86,569.39,5.021,64.65,21.799,25.684,4.06,24.6,17.629,5817.9,79.42,568.53,5.029,64.96,21.758,25.643,4.061,24.622,17.56,MISFIRE,1.0,1.0,1.0,1.0,1.0,1.0,0.0,0.0,0.0
69.8,CLIMB,84.18,59.72,2194.17,25.61,93.601,1.0914,5817.5,79.86,569.31,5.02,64.64,21.798,25.684,4.06,24.6,17.627,5820.56,79.34,567.99,5.04,64.97,21.794,25.66,4.156,24.629,17.508,MISFIRE,1.0,1.0,1.0,1.0,1.0,1.0,0.0,0.0,0.0
69.9,CLIMB,84.17,59.71,2201.25,25.6,93.577,1.0912,5816.94,79.86,569.24,5.02,64.63,21.796,25.683,4.059,24.6,17.626,5810.26,79.21,568.65,5.003,64.41,21.89,25.687,4.08,24.605,17.631,MISFIRE,1.0,1.0,1.0,1.0,1.0,1.0,0.0,0.0,0.0
70.0,CLIMB,84.17,59.71,2208.33,25.58,93.553,1.091,5816.4,79.86,569.16,5.02,64.62,21.795,25.683,4.059,24.6,17.625,5820.64,79.94,568.37,5.028,64.6,21.683,25.71,4.048,24.613,17.638,MISFIRE,1.0,1.0,1.0,1.0,1.0,1.0,0.0,0.0,0.0
70.1,CLIMB,84.16,59.7,2215.42,25.57,93.529,1.0908,5815.85,79.86,569.08,5.02,64.61,21.794,25.683,4.059,24.6,17.624,5807.05,79.62,569.99,5.018,64.74,21.716,25.692,4.016,24.532,17.669,MISFIRE,1.0,1.0,1.0,1.0,1.0,1.0,0.0,0.0,0.0
70.2,CLIMB,84.15,59.7,2222.5,25.55,93.505,1.0905,5815.32,79.86,569.01,5.02,64.61,21.792,25.683,4.059,24.6,17.622,5802.93,79.75,567.69,4.972,64.3,21.683,25.661,4.043,24.521,17.533,MISFIRE,1.0,1.0,1.0,1.0,1.0,1.0,0.0,0.0,0.0
70.3,CLIMB,84.14,59.69,2229.58,25.54,93.481,1.0903,5814.79,79.86,568.93,5.019,64.6,21.791,25.683,4.059,24.6,17.621,5816.75,80.2,571.2,4.984,64.23,21.66,25.707,4.116,24.713,17.601,MISFIRE,1.0,1.0,1.0,1.0,1.0,1.0,0.0,0.0,0.0
70.4,CLIMB,84.13,59.69,2236.67,25.53,93.457,1.0901,5814.26,79.86,568.86,5.019,64.59,21.789,25.683,4.059,24.6,17.62,5815.19,79.8,568.17,4.992,64.64,21.894,25.651,4.026,24.63,17.512,MISFIRE,1.0,1.0,1.0,1.0,1.0,1.0,0.0,0.0,0.0
70.5,CLIMB,84.12,59.68,2243.75,25.51,93.434,1.0898,5813.74,79.86,568.78,5.019,64.58,21.788,25.683,4.059,24.6,17.619,5816.09,80.2,569.25,4.981,64.38,21.888,25.654,4.064,24.631,17.561,MISFIRE,1.0,1.0,1.0,1.0,1.0,1.0,0.0,0.0,0.0
70.6,CLIMB,84.12,59.68,2250.83,25.5,93.41,1.0896,5813.22,79.86,568.71,5.019,64.57,21.787,25.682,4.059,24.6,17.617,5811.67,79.8,564.85,5.002,65.16,21.767,25.659,4.006,24.578,17.531,MISFIRE,1.0,1.0,1.0,1.0,1.0,1.0,0.0,0.0,0.0
70.7,CLIMB,84.11,59.67,2257.92,25.48,93.386,1.0894,5812.71,79.86,568.64,5.018,64.57,21.785,25.682,4.059,24.6,17.616,5807.74,79.92,570.91,4.992,64.28,21.875,25.679,4.097,24.622,17.671,MISFIRE,1.0,1.0,1.0,1.0,1.0,1.0,0.0,0.0,0.0
70.8,CLIMB,84.1,59.66,2265.0,25.47,93.362,1.0892,5812.2,79.86,568.57,5.018,64.56,21.784,25.682,4.059,24.6,17.615,5817.87,79.64,567.43,5.04,64.23,21.838,25.704,4.045,24.616,17.778,MISFIRE,1.0,1.0,1.0,1.0,1.0,1.0,0.0,0.0,0.0
70.9,CLIMB,84.09,59.66,2272.08,25.46,93.338,1.0889,5811.7,79.86,568.5,5.018,64.55,21.782,25.682,4.058,24.6,17.614,5816.24,80.32,572.14,5.018,63.93,21.825,25.744,4.035,24.646,17.459,MISFIRE,1.0,1.0,1.0,1.0,1.0,1.0,0.0,0.0,0.0
71.0,CLIMB,84.08,59.65,2279.17,25.44,93.314,1.0887,5811.2,79.86,568.43,5.018,64.54,21.781,25.682,4.058,24.6,17.612,5809.03,79.62,567.36,4.955,64.21,21.753,25.722,4.049,24.539,17.7,MISFIRE,1.0,1.0,1.0,1.0,1.0,1.0,0.0,0.0,0.0
71.1,CLIMB,84.07,59.65,2286.25,25.43,93.29,1.0885,5810.7,79.86,568.36,5.018,64.54,21.779,25.681,4.058,24.6,17.611,5813.08,79.8,569.55,4.968,64.79,21.826,25.685,4.055,24.529,17.558,MISFIRE,1.0,1.0,1.0,1.0,1.0,1.0,0.0,0.0,0.0
71.2,CLIMB,84.07,59.64,2293.33,25.41,93.266,1.0883,5810.2,79.86,568.29,5.017,64.53,21.778,25.681,4.058,24.6,17.61,5796.65,80.49,569.57,5.042,64.79,21.698,25.708,4.032,24.661,17.469,MISFIRE,1.0,1.0,1.0,1.0,1.0,1.0,0.0,0.0,0.0
71.3,CLIMB,84.06,59.64,2300.42,25.4,93.242,1.088,5809.71,79.85,568.22,5.017,64.52,21.777,25.681,4.058,24.6,17.609,5806.23,80.22,567.06,5.024,64.62,21.859,25.676,4.028,24.521,17.674,MISFIRE,1.0,1.0,1.0,1.0,1.0,1.0,0.0,0.0,0.0
71.4,CLIMB,84.05,59.63,2307.5,25.38,93.219,1.0878,5809.23,79.85,568.15,5.017,64.51,21.775,25.681,4.058,24.6,17.607,5807.52,79.77,565.7,5.017,65.03,21.796,25.705,3.965,24.623,17.603,MISFIRE,1.0,1.0,1.0,1.0,1.0,1.0,0.0,0.0,0.0
71.5,CLIMB,84.04,59.63,2314.58,25.37,93.195,1.0876,5808.74,79.85,568.09,5.017,64.5,21.774,25.681,4.058,24.6,17.606,5816.01,80.31,569.71,4.982,64.43,21.732,25.691,4.053,24.601,17.581,MISFIRE,1.0,1.0,1.0,1.0,1.0,1.0,0.0,0.0,0.0
71.6,CLIMB,84.03,59.62,2321.67,25.36,93.171,1.0873,5808.26,79.85,568.02,5.017,64.5,21.772,25.681,4.058,24.6,17.605,5812.09,79.61,569.04,5.012,64.4,21.914,25.683,4.067,24.591,17.639,MISFIRE,1.0,1.0,1.0,1.0,1.0,1.0,0.0,0.0,0.0
71.7,CLIMB,84.02,59.62,2328.75,25.34,93.147,1.0871,5807.78,79.85,567.96,5.017,64.49,21.771,25.68,4.058,24.6,17.604,5813.35,80.53,568.02,5.024,64.54,21.885,25.658,4.114,24.557,17.809,MISFIRE,1.0,1.0,1.0,1.0,1.0,1.0,0.0,0.0,0.0
71.8,CLIMB,84.02,59.61,2335.83,25.33,93.123,1.0869,5807.3,79.85,567.89,5.016,64.48,21.77,25.68,4.058,24.6,17.602,5806.45,80.26,567.48,5.012,64.33,21.832,25.673,4.093,24.636,17.685,MISFIRE,1.0,1.0,1.0,1.0,1.0,1.0,0.0,0.0,0.0
71.9,CLIMB,84.01,59.61,2342.92,25.31,93.099,1.0867,5806.83,79.85,567.83,5.016,64.47,21.768,25.68,4.058,24.6,17.601,5798.08,80.7,569.04,4.976,64.15,21.745,25.703,4.029,24.635,17.525,MISFIRE,1.0,1.0,1.0,1.0,1.0,1.0,0.0,0.0,0.0
72.0,CLIMB,84.0,59.6,2350.0,25.3,93.075,1.0864,5806.35,79.85,567.77,5.016,64.46,21.767,25.68,4.057,24.6,17.6,5812.72,80.23,568.62,5.001,64.65,21.604,25.705,4.078,24.566,17.466,MISFIRE,1.0,1.0,1.0,1.0,1.0,1.0,0.0,0.0,0.0
72.1,CLIMB,83.99,59.59,2357.08,25.29,93.052,1.0862,5805.88,79.85,567.7,5.016,64.46,21.765,25.68,4.057,24.6,17.599,5811.04,79.97,567.93,5.005,64.85,21.586,25.725,4.022,24.612,17.647,MISFIRE,1.0,1.0,1.0,1.0,1.0,1.0,0.0,0.0,0.0
72.2,CLIMB,83.98,59.59,2364.17,25.27,93.028,1.086,5805.41,79.85,567.64,5.016,64.45,21.764,25.68,4.057,24.6,17.597,5802.81,79.54,567.93,5.036,64.03,21.551,25.689,4.023,24.577,17.507,MISFIRE,1.0,1.0,1.0,1.0,1.0,1.0,0.0,0.0,0.0
72.3,CLIMB,83.97,59.58,2371.25,25.26,93.004,1.0858,5804.95,79.85,567.58,5.015,64.44,21.762,25.68,4.057,24.6,17.596,5809.47,80.26,567.65,5.048,64.2,21.472,25.589,4.052,24.606,17.63,MISFIRE,1.0,1.0,1.0,1.0,1.0,1.0,0.0,0.0,0.0
72.4,CLIMB,83.97,59.58,2378.33,25.24,92.98,1.0855,5804.48,79.85,567.52,5.015,64.43,21.761,25.679,4.057,24.6,17.595,5805.9,80.24,566.6,4.978,63.76,21.723,25.763,3.976,24.517,17.605,MISFIRE,1.0,1.0,1.0,1.0,1.0,1.0,0.0,0.0,0.0
72.5,CLIMB,83.96,59.57,2385.42,25.23,92.956,1.0853,5804.02,79.85,567.46,5.015,64.42,21.76,25.679,4.057,24.6,17.594,5800.72,79.02,563.58,5.002,64.14,21.642,25.641,4.062,24.583,17.799,MISFIRE,1.0,1.0,1.0,1.0,1.0,1.0,0.0,0.0,0.0
72.6,CLIMB,83.95,59.57,2392.5,25.21,92.933,1.0851,5803.56,79.85,567.4,5.015,64.42,21.758,25.679,4.057,24.6,17.593,5806.49,80.03,568.42,5.023,64.32,21.659,25.645,4.106,24.597,17.461,MISFIRE,1.0,1.0,1.0,1.0,1.0,1.0,0.0,0.0,0.0
72.7,CLIMB,83.94,59.56,2399.58,25.2,92.909,1.0849,5803.1,79.85,567.34,5.015,64.41,21.757,25.679,4.057,24.6,17.591,5796.81,79.39,566.04,4.957,64.41,21.775,25.693,4.137,24.607,17.504,MISFIRE,1.0,1.0,1.0,1.0,1.0,1.0,0.0,0.0,0.0
72.8,CLIMB,83.93,59.56,2406.67,25.19,92.885,1.0846,5802.64,79.84,567.28,5.014,64.4,21.755,25.679,4.057,24.6,17.59,5809.77,79.83,566.97,5.009,64.2,21.804,25.71,3.993,24.676,17.597,MISFIRE,1.0,1.0,1.0,1.0,1.0,1.0,0.0,0.0,0.0
72.9,CLIMB,83.92,59.55,2413.75,25.17,92.861,1.0844,5802.18,79.84,567.22,5.014,64.39,21.754,25.678,4.057,24.6,17.589,5796.7,80.1,567.27,4.984,64.0,21.928,25.693,4.094,24.596,17.565,MISFIRE,1.0,1.0,1.0,1.0,1.0,1.0,0.0,0.0,0.0
73.0,CLIMB,83.92,59.55,2420.83,25.16,92.838,1.0842,5801.72,79.84,567.17,5.014,64.38,21.753,25.678,4.057,24.6,17.587,5799.5,79.68,565.73,5.006,64.51,21.712,25.668,4.065,24.533,17.753,MISFIRE,1.0,1.0,1.0,1.0,1.0,1.0,0.0,0.0,0.0
73.1,CLIMB,83.91,59.54,2427.92,25.14,92.814,1.084,5801.27,79.84,567.11,5.014,64.37,21.751,25.678,4.056,24.6,17.586,5805.39,79.23,562.67,5.018,64.61,21.762,25.729,4.169,24.541,17.522,MISFIRE,1.0,1.0,1.0,1.0,1.0,1.0,0.0,0.0,0.0
73.2,CLIMB,83.9,59.53,2435.0,25.13,92.79,1.0837,5800.82,79.84,567.05,5.014,64.37,21.75,25.678,4.056,24.6,17.585,5806.8,79.45,569.04,4.996,64.2,21.853,25.672,4.016,24.562,17.492,MISFIRE,1.0,1.0,1.0,1.0,1.0,1.0,0.0,0.0,0.0
73.3,CLIMB,83.89,59.53,2442.08,25.12,92.766,1.0835,5800.36,79.84,567.0,5.014,64.36,21.748,25.678,4.056,24.6,17.584,5797.31,80.43,570.12,4.94,64.51,21.832,25.792,4.13,24.628,17.551,MISFIRE,1.0,1.0,1.0,1.0,1.0,1.0,0.0,0.0,0.0
73.4,CLIMB,83.88,59.52,2449.17,25.1,92.743,1.0833,5799.91,79.84,566.94,5.013,64.35,21.747,25.678,4.056,24.6,17.582,5803.35,79.16,567.67,4.984,64.34,21.635,25.717,3.999,24.574,17.685,MISFIRE,1.0,1.0,1.0,1.0,1.0,1.0,0.0,0.0,0.0
73.5,CLIMB,83.87,59.52,2456.25,25.09,92.719,1.083,5799.46,79.84,566.89,5.013,64.34,21.746,25.677,4.056,24.6,17.581,5803.19,80.45,569.23,4.984,64.6,21.839,25.732,4.065,24.488,17.622,MISFIRE,1.0,1.0,1.0,1.0,1.0,1.0,0.0,0.0,0.0
73.6,CLIMB,83.87,59.51,2463.33,25.07,92.695,1.0828,5799.01,79.84,566.83,5.013,64.33,21.744,25.677,4.056,24.6,17.58,5799.63,80.52,565.53,5.012,64.01,21.715,25.612,4.018,24.604,17.494,MISFIRE,1.0,1.0,1.0,1.0,1.0,1.0,0.0,0.0,0.0
73.7,CLIMB,83.86,59.51,2470.42,25.06,92.671,1.0826,5798.56,79.84,566.78,5.013,64.33,21.743,25.677,4.056,24.6,17.579,5798.03,80.62,568.61,5.021,64.68,21.744,25.637,4.109,24.583,17.502,MISFIRE,1.0,1.0,1.0,1.0,1.0,1.0,0.0,0.0,0.0
73.8,CLIMB,83.85,59.5,2477.5,25.04,92.648,1.0824,5798.12,79.84,566.73,5.013,64.32,21.741,25.677,4.056,24.6,17.578,5792.01,79.25,566.57,4.992,64.64,21.673,25.677,4.001,24.64,17.762,MISFIRE,1.0,1.0,1.0,1.0,1.0,1.0,0.0,0.0,0.0
73.9,CLIMB,83.84,59.5,2484.58,25.03,92.624,1.0821,5797.67,79.84,566.67,5.013,64.31,21.74,25.677,4.056,24.6,17.576,5801.98,79.65,568.45,5.061,64.52,21.64,25.698,4.051,24.577,17.731,MISFIRE,1.0,1.0,1.0,1.0,1.0,1.0,0.0,0.0,0.0
74.0,CLIMB,83.83,59.49,2491.67,25.02,92.6,1.0819,5797.22,79.84,566.62,5.012,64.3,21.738,25.677,4.056,24.6,17.575,5796.54,79.95,565.97,5.026,64.55,21.691,25.667,4.137,24.623,17.818,MISFIRE,1.0,1.0,1.0,1.0,1.0,1.0,0.0,0.0,0.0
74.1,CLIMB,83.82,59.49,2498.75,25.0,92.576,1.0817,5796.78,79.84,566.57,5.012,64.29,21.737,25.677,4.056,24.6,17.574,5790.5,80.4,566.79,5.002,63.88,21.795,25.658,4.099,24.552,17.318,MISFIRE,1.0,1.0,1.0,1.0,1.0,1.0,0.0,0.0,0.0
74.2,CLIMB,83.82,59.48,2505.83,24.99,92.553,1.0815,5796.34,79.84,566.52,5.012,64.28,21.736,25.676,4.055,24.6,17.572,5788.18,79.81,567.64,5.017,64.2,21.558,25.703,4.064,24.515,17.465,MISFIRE,1.0,1.0,1.0,1.0,1.0,1.0,0.0,0.0,0.0
74.3,CLIMB,83.81,59.48,2512.92,24.97,92.529,1.0812,5795.89,79.83,566.47,5.012,64.28,21.734,25.676,4.055,24.6,17.571,5797.61,79.54,568.0,5.024,63.95,21.678,25.652,4.017,24.589,17.669,MISFIRE,1.0,1.0,1.0,1.0,1.0,1.0,0.0,0.0,0.0
74.4,CLIMB,83.8,59.47,2520.0,24.96,92.505,1.081,5795.45,79.83,566.42,5.012,64.27,21.733,25.676,4.055,24.6,17.57,5790.75,79.99,567.27,5.008,64.23,21.727,25.698,3.986,24.575,17.564,MISFIRE,1.0,1.0,1.0,1.0,1.0,1.0,0.0,0.0,0.0
74.5,CLIMB,83.79,59.46,2527.08,24.95,92.482,1.0808,5795.01,79.83,566.37,5.012,64.26,21.731,25.676,4.055,24.6,17.569,5788.22,80.35,565.99,4.966,64.22,22.027,25.818,4.068,24.645,17.58,MISFIRE,1.0,1.0,1.0,1.0,1.0,1.0,0.0,0.0,0.0
74.6,CLIMB,83.78,59.46,2534.17,24.93,92.458,1.0806,5794.57,79.83,566.32,5.011,64.25,21.73,25.676,4.055,24.6,17.567,5795.36,79.45,567.82,5.052,63.72,21.851,25.666,3.968,24.554,17.559,MISFIRE,1.0,1.0,1.0,1.0,1.0,1.0,0.0,0.0,0.0
74.7,CLIMB,83.77,59.45,2541.25,24.92,92.434,1.0803,5794.12,79.83,566.27,5.011,64.24,21.729,25.675,4.055,24.6,17.566,5799.26,80.21,565.82,5.03,64.58,21.627,25.639,3.948,24.583,17.602,MISFIRE,1.0,1.0,1.0,1.0,1.0,1.0,0.0,0.0,0.0
74.8,CLIMB,83.77,59.45,2548.33,24.9,92.411,1.0801,5793.68,79.83,566.22,5.011,64.23,21.727,25.675,4.055,24.6,17.565,5792.66,79.87,565.67,5.078,64.32,21.916,25.665,4.069,24.587,17.451,MISFIRE,1.0,1.0,1.0,1.0,1.0,1.0,0.0,0.0,0.0
74.9,CLIMB,83.76,59.44,2555.42,24.89,92.387,1.0799,5793.24,79.83,566.17,5.011,64.23,21.726,25.675,4.055,24.6,17.564,5800.49,79.21,564.88,4.976,63.79,21.813,25.606,4.048,24.51,17.635,MISFIRE,1.0,1.0,1.0,1.0,1.0,1.0,0.0,0.0,0.0
75.0,CLIMB,83.75,59.44,2562.5,24.88,92.363,1.0797,5792.8,79.83,566.13,5.011,64.22,21.724,25.675,4.055,24.6,17.562,5789.72,80.58,566.43,5.007,64.65,21.682,25.742,4.122,24.653,17.595,MISFIRE,1.0,1.0,1.0,1.0,1.0,1.0,0.0,0.0,0.0
75.1,CLIMB,83.74,59.43,2569.58,24.86,92.34,1.0794,5792.36,79.83,566.08,5.011,64.21,21.723,25.675,4.055,24.6,17.561,5785.9,79.85,569.32,5.009,64.13,21.721,25.632,4.078,24.63,17.507,MISFIRE,1.0,1.0,1.0,1.0,1.0,1.0,0.0,0.0,0.0
75.2,CLIMB,83.73,59.43,2576.67,24.85,92.316,1.0792,5791.93,79.83,566.03,5.01,64.2,21.721,25.675,4.055,24.6,17.56,5790.59,79.76,567.35,5.018,64.7,21.863,25.649,4.063,24.561,17.646,MISFIRE,1.0,1.0,1.0,1.0,1.0,1.0,0.0,0.0,0.0
75.3,CLIMB,83.72,59.42,2583.75,24.83,92.293,1.079,5791.49,79.83,565.99,5.01,64.19,21.72,25.674,4.055,24.6,17.559,5789.17,78.84,569.76,5.039,63.95,21.766,25.678,4.066,24.513,17.622,MISFIRE,1.0,1.0,1.0,1.0,1.0,1.0,0.0,0.0,0.0
75.4,CLIMB,83.72,59.42,2590.83,24.82,92.269,1.0788,5791.05,79.83,565.94,5.01,64.18,21.719,25.674,4.054,24.6,17.558,5806.06,79.68,564.43,5.008,64.45,21.808,25.725,4.033,24.563,17.491,MISFIRE,1.0,1.0,1.0,1.0,1.0,1.0,0.0,0.0,0.0
75.5,CLIMB,83.71,59.41,2597.92,24.8,92.245,1.0785,5790.61,79.83,565.89,5.01,64.18,21.717,25.674,4.054,24.6,17.556,5792.96,79.07,565.39,5.039,64.07,21.791,25.722,4.047,24.621,17.646,MISFIRE,1.0,1.0,1.0,1.0,1.0,1.0,0.0,0.0,0.0
75.6,CLIMB,83.7,59.41,2605.0,24.79,92.222,1.0783,5790.18,79.83,565.85,5.01,64.17,21.716,25.674,4.054,24.6,17.555,5796.24,80.87,568.28,4.994,64.42,21.805,25.721,4.024,24.526,17.393,MISFIRE,1.0,1.0,1.0,1.0,1.0,1.0,0.0,0.0,0.0
75.7,CLIMB,83.69,59.4,2612.08,24.78,92.198,1.0781,5789.74,79.83,565.8,5.01,64.16,21.714,25.674,4.054,24.6,17.554,5787.32,79.22,566.66,5.005,63.97,21.735,25.675,4.083,24.641,17.336,MISFIRE,1.0,1.0,1.0,1.0,1.0,1.0,0.0,0.0,0.0
75.8,CLIMB,83.68,59.39,2619.17,24.76,92.175,1.0779,5789.3,79.82,565.76,5.009,64.15,21.713,25.674,4.054,24.6,17.553,5792.99,79.0,567.09,4.955,64.02,21.519,25.697,4.012,24.631,17.661,MISFIRE,1.0,1.0,1.0,1.0,1.0,1.0,0.0,0.0,0.0
75.9,CLIMB,83.67,59.39,2626.25,24.75,92.151,1.0776,5788.87,79.82,565.72,5.009,64.14,21.712,25.674,4.054,24.6,17.551,5789.36,79.68,563.16,4.99,64.3,21.677,25.653,4.044,24.597,17.653,MISFIRE,1.0,1.0,1.0,1.0,1.0,1.0,0.0,0.0,0.0
76.0,CLIMB,83.67,59.38,2633.33,24.73,92.127,1.0774,5788.43,79.82,565.67,5.009,64.13,21.71,25.673,4.054,24.6,17.55,5788.49,80.54,563.56,5.083,63.95,21.588,25.712,4.072,24.624,17.47,MISFIRE,1.0,1.0,1.0,1.0,1.0,1.0,0.0,0.0,0.0
76.1,CLIMB,83.66,59.38,2640.42,24.72,92.104,1.0772,5788.0,79.82,565.63,5.009,64.13,21.709,25.673,4.054,24.6,17.549,5791.24,80.17,567.58,5.0,64.17,21.787,25.719,4.086,24.595,17.526,MISFIRE,1.0,1.0,1.0,1.0,1.0,1.0,0.0,0.0,0.0
76.2,CLIMB,83.65,59.37,2647.5,24.71,92.08,1.077,5787.56,79.82,565.59,5.009,64.12,21.707,25.673,4.054,24.6,17.547,5788.67,80.17,567.12,5.033,64.28,21.911,25.629,4.098,24.597,17.612,MISFIRE,1.0,1.0,1.0,1.0,1.0,1.0,0.0,0.0,0.0
76.3,CLIMB,83.64,59.37,2654.58,24.69,92.057,1.0767,5787.13,79.82,565.54,5.009,64.11,21.706,25.673,4.054,24.6,17.546,5784.19,79.33,565.04,4.961,64.07,21.656,25.741,4.08,24.537,17.36,MISFIRE,1.0,1.0,1.0,1.0,1.0,1.0,0.0,0.0,0.0
76.4,CLIMB,83.63,59.36,2661.67,24.68,92.033,1.0765,5786.69,79.82,565.5,5.008,64.1,21.704,25.673,4.054,24.6,17.545,5792.28,80.21,564.73,5.084,64.21,21.722,25.592,4.124,24.54,17.612,MISFIRE,1.0,1.0,1.0,1.0,1.0,1.0,0.0,0.0,0.0
76.5,CLIMB,83.62,59.36,2668.75,24.66,92.009,1.0763,5786.26,79.82,565.46,5.008,64.09,21.703,25.672,4.053,24.6,17.544,5795.96,79.33,563.84,4.996,64.0,21.735,25.686,4.102,24.548,17.719,MISFIRE,1.0,1.0,1.0,1.0,1.0,1.0,0.0,0.0,0.0
76.6,CLIMB,83.62,59.35,2675.83,24.65,91.986,1.0761,5785.82,79.82,565.42,5.008,64.08,21.702,25.672,4.053,24.6,17.543,5794.73,80.03,565.76,5.016,64.67,21.506,25.704,4.06,24.606,17.574,MISFIRE,1.0,1.0,1.0,1.0,1.0,1.0,0.0,0.0,0.0
76.7,CLIMB,83.61,59.35,2682.92,24.63,91.962,1.0758,5785.39,79.82,565.38,5.008,64.07,21.7,25.672,4.053,24.6,17.541,5778.69,79.91,567.3,4.978,64.37,21.852,25.631,4.035,24.68,17.575,MISFIRE,1.0,1.0,1.0,1.0,1.0,1.0,0.0,0.0,0.0
76.8,CLIMB,83.6,59.34,2690.0,24.62,91.939,1.0756,5784.96,79.82,565.34,5.008,64.07,21.699,25.672,4.053,24.6,17.54,5784.77,80.05,566.97,5.021,64.01,21.794,25.681,4.087,24.611,17.525,MISFIRE,1.0,1.0,1.0,1.0,1.0,1.0,0.0,0.0,0.0
76.9,CLIMB,83.59,59.33,2697.08,24.61,91.915,1.0754,5784.52,79.82,565.3,5.008,64.06,21.697,25.672,4.053,24.6,17.539,5794.06,79.56,564.5,4.939,64.43,21.875,25.623,3.985,24.593,17.529,MISFIRE,1.0,1.0,1.0,1.0,1.0,1.0,0.0,0.0,0.0
77.0,CLIMB,83.58,59.33,2704.17,24.59,91.892,1.0752,5784.09,79.82,565.26,5.007,64.05,21.696,25.672,4.053,24.6,17.538,5774.73,79.44,564.8,5.042,64.69,21.767,25.7,4.036,24.563,17.406,MISFIRE,1.0,1.0,1.0,1.0,1.0,1.0,0.0,0.0,0.0
77.1,CLIMB,83.58,59.32,2711.25,24.58,91.868,1.075,5783.66,79.82,565.22,5.007,64.04,21.694,25.672,4.053,24.6,17.536,5786.95,79.77,567.7,5.021,64.46,21.616,25.68,4.097,24.647,17.611,MISFIRE,1.0,1.0,1.0,1.0,1.0,1.0,0.0,0.0,0.0
77.2,CLIMB,83.57,59.32,2718.33,24.56,91.845,1.0747,5783.22,79.81,565.18,5.007,64.03,21.693,25.671,4.053,24.6,17.535,5781.72,79.43,566.73,5.034,63.84,21.661,25.745,4.125,24.597,17.436,MISFIRE,1.0,1.0,1.0,1.0,1.0,1.0,0.0,0.0,0.0
77.3,CLIMB,83.56,59.31,2725.42,24.55,91.821,1.0745,5782.79,79.81,565.14,5.007,64.02,21.692,25.671,4.053,24.6,17.534,5782.44,80.24,565.16,5.012,64.1,21.779,25.709,4.106,24.625,17.491,MISFIRE,1.0,1.0,1.0,1.0,1.0,1.0,0.0,0.0,0.0
77.4,CLIMB,83.55,59.31,2732.5,24.54,91.798,1.0743,5782.36,79.81,565.1,5.007,64.01,21.69,25.671,4.053,24.6,17.533,5776.7,79.33,563.01,5.048,64.35,21.754,25.64,3.996,24.614,17.613,MISFIRE,1.0,1.0,1.0,1.0,1.0,1.0,0.0,0.0,0.0
77.5,CLIMB,83.54,59.3,2739.58,24.52,91.774,1.0741,5781.93,79.81,565.06,5.007,64.01,21.689,25.671,4.053,24.6,17.531,5783.37,79.52,562.38,4.99,64.27,21.539,25.678,4.057,24.615,17.463,MISFIRE,1.0,1.0,1.0,1.0,1.0,1.0,0.0,0.0,0.0
77.6,CLIMB,83.53,59.3,2746.67,24.51,91.751,1.0738,5781.49,79.81,565.02,5.006,64.0,21.687,25.671,4.053,24.6,17.53,5776.07,80.29,563.61,4.975,63.89,21.632,25.616,4.073,24.632,17.606,MISFIRE,1.0,1.0,1.0,1.0,1.0,1.0,0.0,0.0,0.0
77.7,CLIMB,83.53,59.29,2753.75,24.49,91.727,1.0736,5781.06,79.81,564.98,5.006,63.99,21.686,25.671,4.052,24.6,17.529,5781.13,79.7,566.08,4.945,64.28,21.655,25.734,4.158,24.648,17.47,MISFIRE,1.0,1.0,1.0,1.0,1.0,1.0,0.0,0.0,0.0
77.8,CLIMB,83.52,59.29,2760.83,24.48,91.704,1.0734,5780.63,79.81,564.95,5.006,63.98,21.685,25.67,4.052,24.6,17.528,5783.76,79.57,564.93,5.016,64.03,21.547,25.657,4.075,24.635,17.512,MISFIRE,1.0,1.0,1.0,1.0,1.0,1.0,0.0,0.0,0.0
77.9,CLIMB,83.51,59.28,2767.92,24.46,91.68,1.0732,5780.2,79.81,564.91,5.006,63.97,21.683,25.67,4.052,24.6,17.526,5784.53,80.32,562.05,5.03,63.68,21.622,25.786,4.054,24.651,17.379,MISFIRE,1.0,1.0,1.0,1.0,1.0,1.0,0.0,0.0,0.0
78.0,CLIMB,83.5,59.28,2775.0,24.45,91.657,1.0729,5779.77,79.81,564.87,5.006,63.96,21.682,25.67,4.052,24.6,17.525,5777.99,79.66,564.07,5.021,64.17,21.633,25.721,3.956,24.638,17.399,MISFIRE,1.0,1.0,1.0,1.0,1.0,1.0,0.0,0.0,0.0
78.1,CLIMB,83.49,59.27,2782.08,24.44,91.633,1.0727,5779.33,79.81,564.84,5.006,63.95,21.68,25.67,4.052,24.6,17.524,5784.13,80.3,566.66,4.988,63.72,21.745,25.594,4.038,24.62,17.647,MISFIRE,1.0,1.0,1.0,1.0,1.0,1.0,0.0,0.0,0.0
78.2,CLIMB,83.48,59.26,2789.17,24.42,91.61,1.0725,5778.9,79.81,564.8,5.005,63.95,21.679,25.67,4.052,24.6,17.523,5782.98,79.66,565.14,5.03,63.82,21.771,25.611,4.072,24.582,17.576,MISFIRE,1.0,1.0,1.0,1.0,1.0,1.0,0.0,0.0,0.0
78.3,CLIMB,83.48,59.26,2796.25,24.41,91.587,1.0723,5778.47,79.81,564.76,5.005,63.94,21.677,25.669,4.052,24.6,17.521,5785.43,80.56,567.19,5.028,63.71,21.707,25.699,4.062,24.642,17.585,MISFIRE,1.0,1.0,1.0,1.0,1.0,1.0,0.0,0.0,0.0
78.4,CLIMB,83.47,59.25,2803.33,24.39,91.563,1.072,5778.04,79.81,564.73,5.005,63.93,21.676,25.669,4.052,24.6,17.52,5780.47,80.19,561.58,5.032,63.82,21.458,25.658,4.158,24.636,17.481,MISFIRE,1.0,1.0,1.0,1.0,1.0,1.0,0.0,0.0,0.0
78.5,CLIMB,83.46,59.25,2810.42,24.38,91.54,1.0718,5777.61,79.81,564.69,5.005,63.92,21.675,25.669,4.052,24.6,17.519,5777.93,79.02,566.17,4.958,63.58,21.683,25.71,3.988,24.594,17.545,MISFIRE,1.0,1.0,1.0,1.0,1.0,1.0,0.0,0.0,0.0
78.6,CLIMB,83.45,59.24,2817.5,24.37,91.516,1.0716,5777.18,79.81,564.66,5.005,63.91,21.673,25.669,4.052,24.6,17.518,5778.2,80.72,565.23,5.002,64.06,21.682,25.739,3.995,24.515,17.486,MISFIRE,1.0,1.0,1.0,1.0,1.0,1.0,0.0,0.0,0.0
78.7,CLIMB,83.44,59.24,2824.58,24.35,91.493,1.0714,5776.75,79.8,564.62,5.005,63.9,21.672,25.669,4.052,24.6,17.516,5781.44,80.87,566.38,4.999,64.17,21.805,25.716,4.037,24.554,17.557,MISFIRE,1.0,1.0,1.0,1.0,1.0,1.0,0.0,0.0,0.0
78.8,CLIMB,83.43,59.23,2831.67,24.34,91.469,1.0712,5776.32,79.8,564.59,5.004,63.89,21.67,25.669,4.051,24.6,17.515,5773.22,79.55,564.66,5.003,63.45,21.733,25.704,4.056,24.61,17.593,MISFIRE,1.0,1.0,1.0,1.0,1.0,1.0,0.0,0.0,0.0
78.9,CLIMB,83.43,59.23,2838.75,24.32,91.446,1.0709,5775.88,79.8,564.55,5.004,63.89,21.669,25.669,4.051,24.6,17.514,5779.04,80.15,565.04,5.039,64.13,21.656,25.691,4.075,24.433,17.647,MISFIRE,1.0,1.0,1.0,1.0,1.0,1.0,0.0,0.0,0.0
79.0,CLIMB,83.42,59.22,2845.83,24.31,91.423,1.0707,5775.45,79.8,564.52,5.004,63.88,21.668,25.668,4.051,24.6,17.513,5761.18,80.01,567.92,5.018,63.81,21.695,25.557,4.024,24.734,17.586,MISFIRE,1.0,1.0,1.0,1.0,1.0,1.0,0.0,0.0,0.0
79.1,CLIMB,83.41,59.22,2852.92,24.29,91.399,1.0705,5775.02,79.8,564.49,5.004,63.87,21.666,25.668,4.051,24.6,17.511,5783.0,79.58,563.53,5.042,63.96,21.758,25.631,3.995,24.637,17.398,MISFIRE,1.0,1.0,1.0,1.0,1.0,1.0,0.0,0.0,0.0
79.2,CLIMB,83.4,59.21,2860.0,24.28,91.376,1.0703,5774.59,79.8,564.45,5.004,63.86,21.665,25.668,4.051,24.6,17.51,5778.12,79.53,565.93,5.039,64.09,21.775,25.632,4.088,24.668,17.599,MISFIRE,1.0,1.0,1.0,1.0,1.0,1.0,0.0,0.0,0.0
79.3,CLIMB,83.39,59.2,2867.08,24.27,91.352,1.07,5774.16,79.8,564.42,5.004,63.85,21.663,25.668,4.051,24.6,17.509,5773.21,79.93,565.75,5.003,64.43,21.502,25.66,4.023,24.646,17.481,MISFIRE,1.0,1.0,1.0,1.0,1.0,1.0,0.0,0.0,0.0
79.4,CLIMB,83.38,59.2,2874.17,24.25,91.329,1.0698,5773.73,79.8,564.39,5.003,63.84,21.662,25.668,4.051,24.6,17.508,5764.98,80.2,563.92,5.041,63.84,21.622,25.735,3.996,24.68,17.612,MISFIRE,1.0,1.0,1.0,1.0,1.0,1.0,0.0,0.0,0.0
79.5,CLIMB,83.38,59.19,2881.25,24.24,91.306,1.0696,5773.3,79.8,564.35,5.003,63.83,21.66,25.668,4.051,24.6,17.506,5766.95,79.01,564.28,4.998,63.72,21.523,25.682,3.988,24.534,17.29,MISFIRE,1.0,1.0,1.0,1.0,1.0,1.0,0.0,0.0,0.0
79.6,CLIMB,83.37,59.19,2888.33,24.22,91.282,1.0694,5772.87,79.8,564.32,5.003,63.82,21.659,25.667,4.051,24.6,17.505,5778.99,79.78,563.92,5.073,64.3,21.753,25.694,3.947,24.588,17.637,MISFIRE,1.0,1.0,1.0,1.0,1.0,1.0,0.0,0.0,0.0
79.7,CLIMB,83.36,59.18,2895.42,24.21,91.259,1.0691,5772.44,79.8,564.29,5.003,63.82,21.658,25.667,4.051,24.6,17.504,5770.94,79.34,565.17,5.013,63.81,21.603,25.662,4.022,24.604,17.446,MISFIRE,1.0,1.0,1.0,1.0,1.0,1.0,0.0,0.0,0.0
79.8,CLIMB,83.35,59.18,2902.5,24.2,91.236,1.0689,5772.01,79.8,564.26,5.003,63.81,21.656,25.667,4.051,24.6,17.503,5765.09,80.93,566.81,4.989,64.12,21.596,25.632,4.05,24.531,17.355,MISFIRE,1.0,1.0,1.0,1.0,1.0,1.0,0.0,0.0,0.0
79.9,CLIMB,83.34,59.17,2909.58,24.18,91.212,1.0687,5771.58,79.8,564.22,5.003,63.8,21.655,25.667,4.051,24.6,17.501,5773.16,79.59,561.15,5.028,64.17,21.615,25.683,4.053,24.603,17.571,MISFIRE,1.0,1.0,1.0,1.0,1.0,1.0,0.0,0.0,0.0
80.0,CLIMB,83.33,59.17,2916.67,24.17,91.189,1.0685,5771.15,79.8,564.19,5.003,63.79,21.653,25.667,4.05,24.6,17.5,5762.51,79.07,562.81,5.015,63.5,21.76,25.623,4.095,24.603,17.351,MISFIRE,1.0,1.0,1.0,1.0,1.0,1.0,0.0,0.0,0.0
80.1,CLIMB,83.33,59.16,2923.75,24.15,91.166,1.0683,5770.72,79.79,564.16,5.002,63.78,21.652,25.666,4.05,24.6,17.499,5773.55,79.7,564.39,4.928,64.04,21.591,25.716,4.081,24.564,17.663,MISFIRE,1.0,1.0,1.0,1.0,1.0,1.0,0.0,0.0,0.0
80.2,CLIMB,83.32,59.16,2930.83,24.14,91.142,1.068,5770.29,79.79,564.13,5.002,63.77,21.65,25.666,4.05,24.6,17.498,5764.81,80.08,562.73,5.023,64.27,21.714,25.709,4.042,24.574,17.472,MISFIRE,1.0,1.0,1.0,1.0,1.0,1.0,0.0,0.0,0.0
80.3,CLIMB,83.31,59.15,2937.92,24.12,91.119,1.0678,5769.86,79.79,564.1,5.002,63.76,21.649,25.666,4.05,24.6,17.496,5770.27,79.48,565.76,4.991,63.65,21.661,25.699,4.007,24.708,17.668,MISFIRE,1.0,1.0,1.0,1.0,1.0,1.0,0.0,0.0,0.0
80.4,CLIMB,83.3,59.15,2945.0,24.11,91.096,1.0676,5769.43,79.79,564.07,5.002,63.75,21.648,25.666,4.05,24.6,17.495,5772.41,78.71,566.07,5.012,63.79,21.661,25.593,4.029,24.623,17.36,MISFIRE,1.0,1.0,1.0,1.0,1.0,1.0,0.0,0.0,0.0
80.5,CLIMB,83.29,59.14,2952.08,24.1,91.072,1.0674,5769.0,79.79,564.04,5.002,63.74,21.646,25.666,4.05,24.6,17.494,5771.95,79.49,564.66,4.984,64.15,21.797,25.67,4.026,24.683,17.527,MISFIRE,1.0,1.0,1.0,1.0,1.0,1.0,0.0,0.0,0.0
80.6,CLIMB,83.28,59.13,2959.17,24.08,91.049,1.0671,5768.57,79.79,564.01,5.002,63.74,21.645,25.666,4.05,24.6,17.493,5768.65,80.05,564.14,4.991,64.22,21.585,25.67,4.048,24.595,17.506,MISFIRE,1.0,1.0,1.0,1.0,1.0,1.0,0.0,0.0,0.0
80.7,CLIMB,83.28,59.13,2966.25,24.07,91.026,1.0669,5768.14,79.79,563.98,5.001,63.73,21.643,25.666,4.05,24.6,17.491,5773.26,79.99,565.49,5.015,63.69,21.746,25.649,4.06,24.521,17.501,MISFIRE,1.0,1.0,1.0,1.0,1.0,1.0,0.0,0.0,0.0
80.8,CLIMB,83.27,59.12,2973.33,24.05,91.002,1.0667,5767.71,79.79,563.95,5.001,63.72,21.642,25.665,4.05,24.6,17.49,5764.33,79.52,565.63,5.011,64.3,21.528,25.729,4.037,24.612,17.4,MISFIRE,1.0,1.0,1.0,1.0,1.0,1.0,0.0,0.0,0.0
80.9,CLIMB,83.26,59.12,2980.42,24.04,90.979,1.0665,5767.28,79.79,563.92,5.001,63.71,21.641,25.665,4.05,24.6,17.489,5770.28,79.76,564.15,5.039,63.4,21.65,25.628,3.967,24.61,17.531,MISFIRE,1.0,1.0,1.0,1.0,1.0,1.0,0.0,0.0,0.0
81.0,CLIMB,83.25,59.11,2987.5,24.03,90.956,1.0663,5766.86,79.79,563.89,5.001,63.7,21.639,25.665,4.05,24.6,17.488,5760.25,79.56,563.68,5.01,63.62,21.655,25.724,4.063,24.487,17.544,MISFIRE,1.0,1.0,1.0,1.0,1.0,1.0,0.0,0.0,0.0
81.1,CLIMB,83.24,59.11,2994.58,24.01,90.932,1.066,5766.43,79.79,563.86,5.001,63.69,21.638,25.665,4.049,24.6,17.486,5769.98,79.39,560.97,5.005,64.13,21.742,25.747,4.02,24.634,17.437,MISFIRE,1.0,1.0,1.0,1.0,1.0,1.0,0.0,0.0,0.0
81.2,CLIMB,83.23,59.1,3001.67,24.0,90.909,1.0658,5766.0,79.79,563.83,5.001,63.68,21.636,25.665,4.049,24.6,17.485,5774.24,78.92,563.02,5.046,63.4,21.616,25.702,3.955,24.628,17.56,MISFIRE,1.0,1.0,1.0,1.0,1.0,1.0,0.0,0.0,0.0
81.3,CLIMB,83.23,59.1,3008.75,23.98,90.886,1.0656,5765.57,79.79,563.8,5.0,63.67,21.635,25.665,4.049,24.6,17.484,5771.51,80.42,561.46,5.004,63.79,21.568,25.67,3.932,24.571,17.515,MISFIRE,1.0,1.0,1.0,1.0,1.0,1.0,0.0,0.0,0.0
81.4,CLIMB,83.22,59.09,3015.83,23.97,90.863,1.0654,5765.14,79.79,563.77,5.0,63.66,21.633,25.664,4.049,24.6,17.483,5767.49,80.11,564.48,5.043,63.92,21.767,25.645,4.066,24.57,17.363,MISFIRE,1.0,1.0,1.0,1.0,1.0,1.0,0.0,0.0,0.0
81.5,CLIMB,83.21,59.09,3022.92,23.95,90.839,1.0651,5764.71,79.78,563.74,5.0,63.66,21.632,25.664,4.049,24.6,17.481,5770.34,80.13,563.79,5.037,63.93,21.555,25.689,4.062,24.552,17.597,MISFIRE,1.0,1.0,1.0,1.0,1.0,1.0,0.0,0.0,0.0
81.6,CLIMB,83.2,59.08,3030.0,23.94,90.816,1.0649,5764.28,79.78,563.71,5.0,63.65,21.631,25.664,4.049,24.6,17.48,5761.21,80.06,562.81,5.035,63.8,21.589,25.702,4.049,24.549,17.393,MISFIRE,1.0,1.0,1.0,1.0,1.0,1.0,0.0,0.0,0.0
81.7,CLIMB,83.19,59.07,3037.08,23.93,90.793,1.0647,5763.85,79.78,563.68,5.0,63.64,21.629,25.664,4.049,24.6,17.479,5761.02,79.79,562.2,4.969,64.06,21.56,25.747,4.128,24.626,17.393,MISFIRE,1.0,1.0,1.0,1.0,1.0,1.0,0.0,0.0,0.0
81.8,CLIMB,83.18,59.07,3044.17,23.91,90.77,1.0645,5763.42,79.78,563.66,5.0,63.63,21.628,25.664,4.049,24.6,17.478,5767.72,80.1,562.37,5.046,63.39,21.69,25.662,4.014,24.615,17.447,MISFIRE,1.0,1.0,1.0,1.0,1.0,1.0,0.0,0.0,0.0
81.9,CLIMB,83.18,59.06,3051.25,23.9,90.746,1.0643,5762.99,79.78,563.63,4.999,63.62,21.626,25.663,4.049,24.6,17.476,5758.81,79.1,565.83,5.015,63.43,21.555,25.627,4.055,24.584,16.983,MISFIRE,1.0,1.0,1.0,1.0,1.0,1.0,0.0,0.0,0.0
82.0,CLIMB,83.17,59.06,3058.33,23.88,90.723,1.064,5762.56,79.78,563.6,4.999,63.61,21.625,25.663,4.049,24.6,17.475,5757.94,79.62,563.79,5.025,63.58,21.683,25.653,4.037,24.621,17.479,MISFIRE,1.0,1.0,1.0,1.0,1.0,1.0,0.0,0.0,0.0
82.1,CLIMB,83.16,59.05,3065.42,23.87,90.7,1.0638,5762.13,79.78,563.57,4.999,63.6,21.623,25.663,4.049,24.6,17.474,5765.85,79.83,560.88,4.947,63.35,21.477,25.603,3.973,24.581,17.489,MISFIRE,1.0,1.0,1.0,1.0,1.0,1.0,0.0,0.0,0.0
82.2,CLIMB,83.15,59.05,3072.5,23.86,90.677,1.0636,5761.71,79.78,563.55,4.999,63.59,21.622,25.663,4.049,24.6,17.473,5775.88,80.35,563.31,4.949,63.99,21.511,25.643,4.044,24.565,17.673,MISFIRE,1.0,1.0,1.0,1.0,1.0,1.0,0.0,0.0,0.0
82.3,CLIMB,83.14,59.04,3079.58,23.84,90.654,1.0634,5761.28,79.78,563.52,4.999,63.58,21.621,25.663,4.048,24.6,17.471,5759.7,79.97,561.64,4.993,63.66,21.586,25.564,4.136,24.557,17.61,MISFIRE,1.0,1.0,1.0,1.0,1.0,1.0,0.0,0.0,0.0
82.4,CLIMB,83.13,59.04,3086.67,23.83,90.63,1.0631,5760.85,79.78,563.49,4.999,63.57,21.619,25.663,4.048,24.6,17.47,5756.55,80.83,563.8,4.987,63.4,21.733,25.664,4.084,24.597,17.583,MISFIRE,1.0,1.0,1.0,1.0,1.0,1.0,0.0,0.0,0.0
82.5,CLIMB,83.13,59.03,3093.75,23.81,90.607,1.0629,5760.42,79.78,563.47,4.999,63.57,21.618,25.663,4.048,24.6,17.469,5769.56,80.28,561.94,5.012,63.2,21.433,25.66,4.032,24.664,17.454,MISFIRE,1.0,1.0,1.0,1.0,1.0,1.0,0.0,0.0,0.0
82.6,CLIMB,83.12,59.03,3100.83,23.8,90.584,1.0627,5759.99,79.78,563.44,4.998,63.56,21.616,25.662,4.048,24.6,17.468,5761.62,79.76,562.78,5.041,63.49,21.615,25.666,4.019,24.54,17.358,MISFIRE,1.0,1.0,1.0,1.0,1.0,1.0,0.0,0.0,0.0
82.7,CLIMB,83.11,59.02,3107.92,23.78,90.561,1.0625,5759.56,79.78,563.41,4.998,63.55,21.615,25.662,4.048,24.6,17.466,5753.02,80.48,562.84,5.003,63.86,21.495,25.645,4.091,24.555,17.429,MISFIRE,1.0,1.0,1.0,1.0,1.0,1.0,0.0,0.0,0.0
82.8,CLIMB,83.1,59.02,3115.0,23.77,90.538,1.0623,5759.13,79.78,563.39,4.998,63.54,21.614,25.662,4.048,24.6,17.465,5763.29,79.9,562.89,5.007,63.53,21.535,25.686,4.124,24.624,17.311,MISFIRE,1.0,1.0,1.0,1.0,1.0,1.0,0.0,0.0,0.0
82.9,CLIMB,83.09,59.01,3122.08,23.76,90.514,1.062,5758.7,79.77,563.36,4.998,63.53,21.612,25.662,4.048,24.6,17.464,5754.32,79.69,562.97,5.053,63.98,21.594,25.669,4.052,24.52,17.198,MISFIRE,1.0,1.0,1.0,1.0,1.0,1.0,0.0,0.0,0.0
83.0,CLIMB,83.08,59.0,3129.17,23.74,90.491,1.0618,5758.28,79.77,563.33,4.998,63.52,21.611,25.662,4.048,24.6,17.463,5758.5,79.42,565.6,4.992,63.81,21.422,25.517,3.971,24.648,17.455,MISFIRE,1.0,1.0,1.0,1.0,1.0,1.0,0.0,0.0,0.0
83.1,CLIMB,83.08,59.0,3136.25,23.73,90.468,1.0616,5757.85,79.77,563.31,4.998,63.51,21.609,25.662,4.048,24.6,17.461,5755.68,79.35,562.0,4.995,63.76,21.505,25.668,4.0,24.494,17.375,MISFIRE,1.0,1.0,1.0,1.0,1.0,1.0,0.0,0.0,0.0
83.2,CLIMB,83.07,58.99,3143.33,23.71,90.445,1.0614,5757.42,79.77,563.28,4.997,63.5,21.608,25.661,4.048,24.6,17.46,5759.14,80.09,562.54,4.963,63.74,21.568,25.714,4.035,24.638,17.45,MISFIRE,1.0,1.0,1.0,1.0,1.0,1.0,0.0,0.0,0.0
83.3,CLIMB,83.06,58.99,3150.42,23.7,90.422,1.0612,5756.99,79.77,563.26,4.997,63.49,21.606,25.661,4.048,24.6,17.459,5759.94,80.17,564.11,5.032,63.43,21.709,25.697,4.006,24.592,17.491,MISFIRE,1.0,1.0,1.0,1.0,1.0,1.0,0.0,0.0,0.0
83.4,CLIMB,83.05,58.98,3157.5,23.69,90.399,1.0609,5756.56,79.77,563.23,4.997,63.48,21.605,25.661,4.048,24.6,17.458,5758.33,79.18,561.58,4.995,63.43,21.587,25.596,4.029,24.562,17.563,MISFIRE,1.0,1.0,1.0,1.0,1.0,1.0,0.0,0.0,0.0
83.5,CLIMB,83.04,58.98,3164.58,23.67,90.376,1.0607,5756.13,79.77,563.21,4.997,63.47,21.604,25.661,4.047,24.6,17.456,5760.47,80.17,564.27,5.028,63.29,21.562,25.729,4.012,24.535,17.406,MISFIRE,1.0,1.0,1.0,1.0,1.0,1.0,0.0,0.0,0.0
83.6,CLIMB,83.03,58.97,3171.67,23.66,90.352,1.0605,5755.71,79.77,563.18,4.997,63.47,21.602,25.661,4.047,24.6,17.455,5757.36,80.36,565.29,5.034,63.99,21.895,25.686,4.097,24.564,17.494,MISFIRE,1.0,1.0,1.0,1.0,1.0,1.0,0.0,0.0,0.0
83.7,CLIMB,83.03,58.97,3178.75,23.64,90.329,1.0603,5755.28,79.77,563.16,4.997,63.46,21.601,25.66,4.047,24.6,17.454,5755.34,79.32,562.63,5.013,63.6,21.519,25.585,4.077,24.641,17.479,MISFIRE,1.0,1.0,1.0,1.0,1.0,1.0,0.0,0.0,0.0
83.8,CLIMB,83.02,58.96,3185.83,23.63,90.306,1.0601,5754.85,79.77,563.13,4.996,63.45,21.599,25.66,4.047,24.6,17.453,5754.46,78.48,562.45,4.97,63.1,21.533,25.587,3.969,24.645,17.444,MISFIRE,1.0,1.0,1.0,1.0,1.0,1.0,0.0,0.0,0.0
83.9,CLIMB,83.01,58.96,3192.92,23.61,90.283,1.0598,5754.42,79.77,563.11,4.996,63.44,21.598,25.66,4.047,24.6,17.451,5752.54,80.03,563.3,4.96,63.26,21.598,25.83,4.079,24.594,17.372,MISFIRE,1.0,1.0,1.0,1.0,1.0,1.0,0.0,0.0,0.0
84.0,CLIMB,83.0,58.95,3200.0,23.6,90.26,1.0596,5753.99,79.77,563.08,4.996,63.43,21.596,25.66,4.047,24.6,17.45,5751.68,80.06,563.93,5.017,63.0,21.406,25.647,4.075,24.689,17.366,MISFIRE,1.0,1.0,1.0,1.0,1.0,1.0,0.0,0.0,0.0
84.1,CLIMB,82.99,58.94,3207.08,23.59,90.237,1.0594,5753.56,79.77,563.06,4.996,63.42,21.595,25.66,4.047,24.6,17.449,5761.04,78.93,563.45,4.989,63.79,21.502,25.626,4.079,24.54,17.595,MISFIRE,1.0,1.0,1.0,1.0,1.0,1.0,0.0,0.0,0.0
84.2,CLIMB,82.98,58.94,3214.17,23.57,90.214,1.0592,5753.14,79.77,563.03,4.996,63.41,21.594,25.66,4.047,24.6,17.448,5746.94,79.55,562.21,4.991,63.51,21.504,25.628,4.064,24.59,17.424,MISFIRE,1.0,1.0,1.0,1.0,1.0,1.0,0.0,0.0,0.0
84.3,CLIMB,82.98,58.93,3221.25,23.56,90.191,1.059,5752.71,79.76,563.01,4.996,63.4,21.592,25.66,4.047,24.6,17.446,5752.25,79.49,566.55,4.955,63.39,21.767,25.627,4.007,24.52,17.453,MISFIRE,1.0,1.0,1.0,1.0,1.0,1.0,0.0,0.0,0.0
84.4,CLIMB,82.97,58.93,3228.33,23.54,90.168,1.0587,5752.28,79.76,562.98,4.996,63.39,21.591,25.659,4.047,24.6,17.445,5746.69,79.29,563.79,4.979,62.9,21.595,25.646,4.078,24.646,17.426,MISFIRE,1.0,1.0,1.0,1.0,1.0,1.0,0.0,0.0,0.0
84.5,CLIMB,82.96,58.92,3235.42,23.53,90.145,1.0585,5751.85,79.76,562.96,4.995,63.38,21.589,25.659,4.047,24.6,17.444,5749.13,79.78,563.42,4.998,63.13,21.631,25.626,4.093,24.544,17.491,MISFIRE,1.0,1.0,1.0,1.0,1.0,1.0,0.0,0.0,0.0
84.6,CLIMB,82.95,58.92,3242.5,23.52,90.121,1.0583,5751.42,79.76,562.94,4.995,63.37,21.588,25.659,4.046,24.6,17.443,5746.02,79.82,561.93,4.945,63.07,21.592,25.696,4.049,24.6,17.354,MISFIRE,1.0,1.0,1.0,1.0,1.0,1.0,0.0,0.0,0.0
84.7,CLIMB,82.94,58.91,3249.58,23.5,90.098,1.0581,5750.99,79.76,562.91,4.995,63.36,21.586,25.659,4.046,24.6,17.441,5750.8,80.03,562.45,4.977,63.4,21.325,25.62,4.045,24.609,17.489,MISFIRE,1.0,1.0,1.0,1.0,1.0,1.0,0.0,0.0,0.0
84.8,CLIMB,82.93,58.91,3256.67,23.49,90.075,1.0578,5750.57,79.76,562.89,4.995,63.36,21.585,25.659,4.046,24.6,17.44,5743.2,80.69,562.64,4.987,63.55,21.711,25.683,4.028,24.622,17.357,MISFIRE,1.0,1.0,1.0,1.0,1.0,1.0,0.0,0.0,0.0
84.9,CLIMB,82.93,58.9,3263.75,23.47,90.052,1.0576,5750.14,79.76,562.87,4.995,63.35,21.584,25.659,4.046,24.6,17.439,5750.0,78.6,563.75,5.039,63.17,21.523,25.629,4.084,24.637,17.41,MISFIRE,1.0,1.0,1.0,1.0,1.0,1.0,0.0,0.0,0.0
85.0,CLIMB,82.92,58.9,3270.83,23.46,90.029,1.0574,5749.71,79.76,562.84,4.995,63.34,21.582,25.658,4.046,24.6,17.438,5750.19,78.76,564.26,4.985,63.12,21.48,25.613,4.098,24.626,17.34,MISFIRE,1.0,1.0,1.0,1.0,1.0,1.0,0.0,0.0,0.0
85.1,CLIMB,82.91,58.89,3277.92,23.44,90.006,1.0572,5749.28,79.76,562.82,4.994,63.33,21.581,25.658,4.046,24.6,17.436,5756.74,80.41,565.21,5.018,63.22,21.409,25.626,4.022,24.669,17.332,MISFIRE,1.0,1.0,1.0,1.0,1.0,1.0,0.0,0.0,0.0
85.2,CLIMB,82.9,58.89,3285.0,23.43,89.983,1.057,5748.85,79.76,562.8,4.994,63.32,21.579,25.658,4.046,24.6,17.435,5748.19,80.23,563.53,4.979,63.59,21.509,25.746,4.068,24.567,17.485,MISFIRE,1.0,1.0,1.0,1.0,1.0,1.0,0.0,0.0,0.0
85.3,CLIMB,82.89,58.88,3292.08,23.42,89.96,1.0567,5748.43,79.76,562.77,4.994,63.31,21.578,25.658,4.046,24.6,17.434,5744.52,79.8,564.46,4.994,63.5,21.607,25.694,4.012,24.684,17.594,MISFIRE,1.0,1.0,1.0,1.0,1.0,1.0,0.0,0.0,0.0
85.4,CLIMB,82.88,58.87,3299.17,23.4,89.937,1.0565,5748.0,79.76,562.75,4.994,63.3,21.576,25.658,4.046,24.6,17.433,5753.47,78.48,562.96,5.012,63.1,21.6,25.599,4.003,24.561,17.476,MISFIRE,1.0,1.0,1.0,1.0,1.0,1.0,0.0,0.0,0.0
85.5,CLIMB,82.88,58.87,3306.25,23.39,89.914,1.0563,5747.57,79.76,562.73,4.994,63.29,21.575,25.658,4.046,24.6,17.431,5734.69,80.1,564.67,4.971,63.51,21.65,25.722,4.021,24.57,17.419,MISFIRE,1.0,1.0,1.0,1.0,1.0,1.0,0.0,0.0,0.0
85.6,CLIMB,82.87,58.86,3313.33,23.37,89.891,1.0561,5747.14,79.76,562.71,4.994,63.28,21.574,25.657,4.046,24.6,17.43,5743.09,79.77,561.52,4.962,62.97,21.72,25.663,3.99,24.589,17.58,MISFIRE,1.0,1.0,1.0,1.0,1.0,1.0,0.0,0.0,0.0
85.7,CLIMB,82.86,58.86,3320.42,23.36,89.868,1.0559,5746.72,79.75,562.68,4.994,63.27,21.572,25.657,4.046,24.6,17.429,5746.28,80.39,562.36,5.042,63.34,21.467,25.74,4.078,24.458,17.389,MISFIRE,1.0,1.0,1.0,1.0,1.0,1.0,0.0,0.0,0.0
85.8,CLIMB,82.85,58.85,3327.5,23.35,89.845,1.0556,5746.29,79.75,562.66,4.993,63.26,21.571,25.657,4.045,24.6,17.428,5745.97,79.19,564.57,4.987,63.05,21.776,25.671,4.031,24.611,17.303,MISFIRE,1.0,1.0,1.0,1.0,1.0,1.0,0.0,0.0,0.0
85.9,CLIMB,82.84,58.85,3334.58,23.33,89.822,1.0554,5745.86,79.75,562.64,4.993,63.25,21.569,25.657,4.045,24.6,17.426,5748.28,80.03,561.63,4.922,63.37,21.778,25.69,4.023,24.618,17.181,MISFIRE,1.0,1.0,1.0,1.0,1.0,1.0,0.0,0.0,0.0
86.0,CLIMB,82.83,58.84,3341.67,23.32,89.799,1.0552,5745.43,79.75,562.62,4.993,63.24,21.568,25.657,4.045,24.6,17.425,5749.39,79.69,565.01,4.965,63.35,21.544,25.712,4.114,24.596,17.283,MISFIRE,1.0,1.0,1.0,1.0,1.0,1.0,0.0,0.0,0.0
86.1,CLIMB,82.83,58.84,3348.75,23.3,89.776,1.055,5745.0,79.75,562.59,4.993,63.23,21.566,25.657,4.045,24.6,17.424,5742.32,80.9,561.16,4.978,62.94,21.604,25.62,4.06,24.688,17.462,MISFIRE,1.0,1.0,1.0,1.0,1.0,1.0,0.0,0.0,0.0
86.2,CLIMB,82.82,58.83,3355.83,23.29,89.753,1.0548,5744.58,79.75,562.57,4.993,63.22,21.565,25.656,4.045,24.6,17.423,5738.82,78.72,562.59,4.999,63.27,21.761,25.688,4.089,24.572,17.453,MISFIRE,1.0,1.0,1.0,1.0,1.0,1.0,0.0,0.0,0.0
86.3,CLIMB,82.81,58.83,3362.92,23.27,89.73,1.0545,5744.15,79.75,562.55,4.993,63.22,21.564,25.656,4.045,24.6,17.421,5737.64,79.82,561.04,4.971,63.07,21.665,25.67,4.042,24.598,17.563,MISFIRE,1.0,1.0,1.0,1.0,1.0,1.0,0.0,0.0,0.0
86.4,CLIMB,82.8,58.82,3370.0,23.26,89.707,1.0543,5743.72,79.75,562.53,4.992,63.21,21.562,25.656,4.045,24.6,17.42,5741.98,80.29,563.08,5.013,63.47,21.526,25.75,3.9,24.627,17.482,MISFIRE,1.0,1.0,1.0,1.0,1.0,1.0,0.0,0.0,0.0
86.5,CLIMB,82.79,58.81,3377.08,23.25,89.684,1.0541,5743.29,79.75,562.51,4.992,63.2,21.561,25.656,4.045,24.6,17.419,5738.54,79.13,561.48,4.943,63.07,21.697,25.617,4.047,24.642,17.515,MISFIRE,1.0,1.0,1.0,1.0,1.0,1.0,0.0,0.0,0.0
86.6,CLIMB,82.78,58.81,3384.17,23.23,89.661,1.0539,5742.87,79.75,562.49,4.992,63.19,21.559,25.656,4.045,24.6,17.418,5741.43,80.26,562.11,4.993,63.51,21.508,25.732,3.977,24.586,17.359,MISFIRE,1.0,1.0,1.0,1.0,1.0,1.0,0.0,0.0,0.0
86.7,CLIMB,82.78,58.8,3391.25,23.22,89.638,1.0537,5742.44,79.75,562.46,4.992,63.18,21.558,25.655,4.045,24.6,17.416,5741.04,79.45,562.17,5.006,63.48,21.63,25.64,4.084,24.644,17.328,MISFIRE,1.0,1.0,1.0,1.0,1.0,1.0,0.0,0.0,0.0
86.8,CLIMB,82.77,58.8,3398.33,23.2,89.615,1.0535,5742.01,79.75,562.44,4.992,63.17,21.557,25.655,4.045,24.6,17.415,5738.28,79.5,560.79,5.046,63.27,21.567,25.599,3.908,24.6,17.386,MISFIRE,1.0,1.0,1.0,1.0,1.0,1.0,0.0,0.0,0.0
86.9,CLIMB,82.76,58.79,3405.42,23.19,89.592,1.0532,5741.58,79.75,562.42,4.992,63.16,21.555,25.655,4.045,24.6,17.414,5739.49,79.08,563.33,5.014,63.47,21.412,25.699,4.076,24.547,17.381,MISFIRE,1.0,1.0,1.0,1.0,1.0,1.0,0.0,0.0,0.0
87.0,CLIMB,82.75,58.79,3412.5,23.18,89.569,1.053,5741.16,79.74,562.4,4.992,63.15,21.554,25.655,4.044,24.6,17.413,5751.41,79.25,563.28,4.964,63.45,21.499,25.642,4.039,24.554,17.538,MISFIRE,1.0,1.0,1.0,1.0,1.0,1.0,0.0,0.0,0.0
87.1,CLIMB,82.74,58.78,3419.58,23.16,89.547,1.0528,5740.73,79.74,562.38,4.991,63.14,21.552,25.655,4.044,24.6,17.411,5737.99,80.23,562.85,5.004,63.8,21.567,25.638,4.077,24.577,17.405,MISFIRE,1.0,1.0,1.0,1.0,1.0,1.0,0.0,0.0,0.0
87.2,CLIMB,82.73,58.78,3426.67,23.15,89.524,1.0526,5740.3,79.74,562.36,4.991,63.13,21.551,25.655,4.044,24.6,17.41,5741.27,80.27,563.87,4.963,62.98,21.643,25.537,4.053,24.608,17.343,MISFIRE,1.0,1.0,1.0,1.0,1.0,1.0,0.0,0.0,0.0
87.3,CLIMB,82.73,58.77,3433.75,23.13,89.501,1.0524,5739.87,79.74,562.34,4.991,63.12,21.549,25.655,4.044,24.6,17.409,5729.14,79.96,563.39,4.97,63.23,21.486,25.634,4.011,24.551,17.38,MISFIRE,1.0,1.0,1.0,1.0,1.0,1.0,0.0,0.0,0.0
87.4,CLIMB,82.72,58.77,3440.83,23.12,89.478,1.0521,5739.45,79.74,562.32,4.991,63.11,21.548,25.654,4.044,24.6,17.408,5738.24,80.49,565.12,5.001,62.73,21.57,25.618,4.007,24.563,17.429,MISFIRE,1.0,1.0,1.0,1.0,1.0,1.0,0.0,0.0,0.0
87.5,CLIMB,82.71,58.76,3447.92,23.1,89.455,1.0519,5739.02,79.74,562.3,4.991,63.1,21.547,25.654,4.044,24.6,17.406,5738.84,79.84,564.78,4.972,62.95,21.335,25.664,4.044,24.564,17.377,MISFIRE,1.0,1.0,1.0,1.0,1.0,1.0,0.0,0.0,0.0
87.6,CLIMB,82.7,58.76,3455.0,23.09,89.432,1.0517,5738.59,79.74,562.28,4.991,63.09,21.545,25.654,4.044,24.6,17.405,5739.44,80.01,562.56,4.99,63.07,21.496,25.683,4.031,24.595,17.22,MISFIRE,1.0,1.0,1.0,1.0,1.0,1.0,0.0,0.0,0.0
87.7,CLIMB,82.69,58.75,3462.08,23.08,89.409,1.0515,5738.17,79.74,562.26,4.99,63.08,21.544,25.654,4.044,24.6,17.404,5734.11,80.96,564.65,5.038,63.3,21.411,25.703,3.986,24.599,17.23,MISFIRE,1.0,1.0,1.0,1.0,1.0,1.0,0.0,0.0,0.0
87.8,CLIMB,82.68,58.74,3469.17,23.06,89.386,1.0513,5737.74,79.74,562.23,4.99,63.07,21.542,25.654,4.044,24.6,17.403,5728.35,79.29,561.86,5.025,63.23,21.594,25.705,4.013,24.601,17.335,MISFIRE,1.0,1.0,1.0,1.0,1.0,1.0,0.0,0.0,0.0
87.9,CLIMB,82.68,58.74,3476.25,23.05,89.363,1.051,5737.31,79.74,562.21,4.99,63.06,21.541,25.654,4.044,24.6,17.401,5743.08,79.66,562.2,4.985,63.4,21.578,25.751,4.018,24.508,17.401,MISFIRE,1.0,1.0,1.0,1.0,1.0,1.0,0.0,0.0,0.0
88.0,CLIMB,82.67,58.73,3483.33,23.03,89.341,1.0508,5736.88,79.74,562.19,4.99,63.06,21.539,25.653,4.044,24.6,17.4,5733.67,79.79,561.17,4.966,63.4,21.415,25.668,4.049,24.473,17.372,MISFIRE,1.0,1.0,1.0,1.0,1.0,1.0,0.0,0.0,0.0
88.1,CLIMB,82.66,58.73,3490.42,23.02,89.318,1.0506,5736.46,79.74,562.17,4.99,63.05,21.538,25.653,4.043,24.6,17.399,5739.28,79.35,563.2,4.989,62.75,21.678,25.689,4.066,24.545,17.446,MISFIRE,1.0,1.0,1.0,1.0,1.0,1.0,0.0,0.0,0.0
88.2,CLIMB,82.65,58.72,3497.5,23.01,89.295,1.0504,5736.03,79.74,562.15,4.99,63.04,21.537,25.653,4.043,24.6,17.398,5732.61,79.7,563.31,5.014,63.2,21.568,25.62,4.065,24.513,17.392,MISFIRE,1.0,1.0,1.0,1.0,1.0,1.0,0.0,0.0,0.0
88.3,CLIMB,82.64,58.72,3504.58,22.99,89.272,1.0502,5735.6,79.74,562.13,4.989,63.03,21.535,25.653,4.043,24.6,17.396,5730.34,80.15,565.85,5.01,63.25,21.441,25.701,4.012,24.628,17.474,MISFIRE,1.0,1.0,1.0,1.0,1.0,1.0,0.0,0.0,0.0
88.4,CLIMB,82.63,58.71,3511.67,22.98,89.249,1.05,5735.18,79.73,562.11,4.989,63.02,21.534,25.653,4.043,24.6,17.395,5741.17,79.13,562.08,5.048,63.24,21.565,25.653,4.054,24.659,17.343,MISFIRE,1.0,1.0,1.0,1.0,1.0,1.0,0.0,0.0,0.0
88.5,CLIMB,82.63,58.71,3518.75,22.96,89.226,1.0497,5734.75,79.73,562.09,4.989,63.01,21.532,25.652,4.043,24.6,17.394,5745.95,80.31,560.21,4.947,62.52,21.499,25.643,4.05,24.456,17.359,MISFIRE,1.0,1.0,1.0,1.0,1.0,1.0,0.0,0.0,0.0
88.6,CLIMB,82.62,58.7,3525.83,22.95,89.203,1.0495,5734.32,79.73,562.07,4.989,63.0,21.531,25.652,4.043,24.6,17.393,5727.36,79.44,561.75,4.94,62.92,21.563,25.736,3.999,24.565,17.431,MISFIRE,1.0,1.0,1.0,1.0,1.0,1.0,0.0,0.0,0.0
88.7,CLIMB,82.61,58.7,3532.92,22.93,89.181,1.0493,5733.89,79.73,562.05,4.989,62.99,21.529,25.652,4.043,24.6,17.391,5735.65,80.34,562.5,4.956,63.25,21.508,25.73,4.038,24.644,17.486,MISFIRE,1.0,1.0,1.0,1.0,1.0,1.0,0.0,0.0,0.0
88.8,CLIMB,82.6,58.69,3540.0,22.92,89.158,1.0491,5733.47,79.73,562.04,4.989,62.98,21.528,25.652,4.043,24.6,17.39,5737.21,79.67,563.97,4.948,63.63,21.405,25.611,4.101,24.632,17.441,MISFIRE,1.0,1.0,1.0,1.0,1.0,1.0,0.0,0.0,0.0
88.9,CLIMB,82.59,58.68,3547.08,22.91,89.135,1.0489,5733.04,79.73,562.02,4.989,62.97,21.527,25.652,4.043,24.6,17.389,5731.17,80.51,562.99,4.978,62.19,21.648,25.668,4.043,24.542,17.275,MISFIRE,1.0,1.0,1.0,1.0,1.0,1.0,0.0,0.0,0.0
89.0,CLIMB,82.58,58.68,3554.17,22.89,89.112,1.0486,5732.61,79.73,562.0,4.988,62.96,21.525,25.652,4.043,24.6,17.388,5734.47,78.57,561.03,4.985,62.55,21.557,25.627,3.969,24.575,17.372,MISFIRE,1.0,1.0,1.0,1.0,1.0,1.0,0.0,0.0,0.0
89.1,CLIMB,82.58,58.67,3561.25,22.88,89.089,1.0484,5732.19,79.73,561.98,4.988,62.95,21.524,25.652,4.043,24.6,17.386,5723.57,80.27,561.01,5.062,62.77,21.452,25.568,4.014,24.526,17.492,MISFIRE,1.0,1.0,1.0,1.0,1.0,1.0,0.0,0.0,0.0
89.2,CLIMB,82.57,58.67,3568.33,22.86,89.066,1.0482,5731.76,79.73,561.96,4.988,62.94,21.522,25.651,4.043,24.6,17.385,5743.65,79.83,562.59,5.008,62.57,21.578,25.675,4.039,24.571,17.299,MISFIRE,1.0,1.0,1.0,1.0,1.0,1.0,0.0,0.0,0.0
89.3,CLIMB,82.56,58.66,3575.42,22.85,89.044,1.048,5731.33,79.73,561.94,4.988,62.93,21.521,25.651,4.042,24.6,17.384,5731.68,80.8,563.34,5.015,63.15,21.517,25.654,4.051,24.592,17.389,MISFIRE,1.0,1.0,1.0,1.0,1.0,1.0,0.0,0.0,0.0
89.4,CLIMB,82.55,58.66,3582.5,22.84,89.021,1.0478,5730.91,79.73,561.92,4.988,62.92,21.519,25.651,4.042,24.6,17.383,5726.9,79.77,563.55,5.095,63.12,21.593,25.688,4.056,24.597,17.301,MISFIRE,1.0,1.0,1.0,1.0,1.0,1.0,0.0,0.0,0.0
89.5,CLIMB,82.54,58.65,3589.58,22.82,88.998,1.0475,5730.48,79.73,561.9,4.988,62.91,21.518,25.651,4.042,24.6,17.381,5724.78,79.99,560.37,4.947,63.15,21.639,25.626,4.057,24.587,17.321,MISFIRE,1.0,1.0,1.0,1.0,1.0,1.0,0.0,0.0,0.0
89.6,CLIMB,82.53,58.65,3596.67,22.81,88.975,1.0473,5730.05,79.73,561.88,4.987,62.9,21.517,25.651,4.042,24.6,17.38,5739.8,79.86,564.07,5.004,62.85,21.53,25.605,4.022,24.51,17.538,MISFIRE,1.0,1.0,1.0,1.0,1.0,1.0,0.0,0.0,0.0
89.7,CLIMB,82.53,58.64,3603.75,22.79,88.953,1.0471,5729.63,79.72,561.86,4.987,62.89,21.515,25.651,4.042,24.6,17.379,5727.04,79.59,560.75,4.999,63.6,21.416,25.634,4.023,24.533,17.371,MISFIRE,1.0,1.0,1.0,1.0,1.0,1.0,0.0,0.0,0.0
89.8,CLIMB,82.52,58.64,3610.83,22.78,88.93,1.0469,5729.2,79.72,561.84,4.987,62.88,21.514,25.65,4.042,24.6,17.378,5728.67,79.65,561.9,4.957,62.87,21.497,25.706,3.981,24.535,17.356,MISFIRE,1.0,1.0,1.0,1.0,1.0,1.0,0.0,0.0,0.0
89.9,CLIMB,82.51,58.63,3617.92,22.76,88.907,1.0467,5728.77,79.72,561.82,4.987,62.87,21.512,25.65,4.042,24.6,17.376,5726.84,80.08,564.28,4.984,62.63,21.443,25.707,3.974,24.588,17.344,MISFIRE,1.0,1.0,1.0,1.0,1.0,1.0,0.0,0.0,0.0
90.0,CLIMB,82.5,58.63,3625.0,22.75,88.884,1.0465,5728.35,79.72,561.81,4.987,62.86,21.511,25.65,4.042,24.6,17.375,5738.12,79.3,565.06,4.963,62.3,21.461,25.622,4.025,24.604,17.186,MISFIRE,1.0,1.0,1.0,1.0,1.0,1.0,0.0,0.0,0.0
90.1,CLIMB,82.49,58.62,3632.08,22.74,88.862,1.0462,5727.92,79.72,561.79,4.987,62.85,21.509,25.65,4.042,24.6,17.374,5730.56,79.16,562.36,4.965,62.77,21.532,25.594,3.998,24.503,17.413,MISFIRE,1.0,1.0,1.0,1.0,1.0,1.0,0.0,0.0,0.0
90.2,CLIMB,82.48,58.61,3639.17,22.72,88.839,1.046,5727.49,79.72,561.77,4.987,62.84,21.508,25.65,4.042,24.6,17.373,5730.23,79.11,560.36,5.018,62.81,21.552,25.676,4.093,24.591,17.369,MISFIRE,1.0,1.0,1.0,1.0,1.0,1.0,0.0,0.0,0.0
90.3,CLIMB,82.48,58.61,3646.25,22.71,88.816,1.0458,5727.07,79.72,561.75,4.986,62.83,21.507,25.649,4.042,24.6,17.371,5720.18,79.37,563.45,5.025,62.76,21.55,25.676,4.036,24.55,17.325,MISFIRE,1.0,1.0,1.0,1.0,1.0,1.0,0.0,0.0,0.0
90.4,CLIMB,82.47,58.6,3653.33,22.69,88.793,1.0456,5726.64,79.72,561.73,4.986,62.82,21.505,25.649,4.041,24.6,17.37,5725.38,79.03,562.54,4.983,62.75,21.533,25.625,4.08,24.617,17.356,MISFIRE,1.0,1.0,1.0,1.0,1.0,1.0,0.0,0.0,0.0
90.5,CLIMB,82.46,58.6,3660.42,22.68,88.771,1.0454,5726.21,79.72,561.71,4.986,62.81,21.504,25.649,4.041,24.6,17.369,5731.01,79.99,560.57,4.962,62.53,21.713,25.631,4.083,24.565,17.475,MISFIRE,1.0,1.0,1.0,1.0,1.0,1.0,0.0,0.0,0.0
90.6,CLIMB,82.45,58.59,3667.5,22.67,88.748,1.0452,5725.79,79.72,561.69,4.986,62.81,21.502,25.649,4.041,24.6,17.368,5727.94,79.72,560.58,5.007,63.27,21.411,25.633,4.114,24.578,17.394,MISFIRE,1.0,1.0,1.0,1.0,1.0,1.0,0.0,0.0,0.0
90.7,CLIMB,82.44,58.59,3674.58,22.65,88.725,1.0449,5725.36,79.72,561.68,4.986,62.8,21.501,25.649,4.041,24.6,17.366,5722.42,79.65,560.07,4.939,62.61,21.611,25.733,4.083,24.6,17.459,MISFIRE,1.0,1.0,1.0,1.0,1.0,1.0,0.0,0.0,0.0
90.8,CLIMB,82.43,58.58,3681.67,22.64,88.702,1.0447,5724.93,79.72,561.66,4.986,62.79,21.499,25.649,4.041,24.6,17.365,5729.82,79.98,563.84,5.003,62.83,21.694,25.567,4.01,24.533,17.239,MISFIRE,1.0,1.0,1.0,1.0,1.0,1.0,0.0,0.0,0.0
90.9,CLIMB,82.43,58.58,3688.75,22.62,88.68,1.0445,5724.51,79.72,561.64,4.986,62.78,21.498,25.649,4.041,24.6,17.364,5722.71,78.83,561.18,4.993,63.19,21.301,25.737,4.07,24.696,17.385,MISFIRE,1.0,1.0,1.0,1.0,1.0,1.0,0.0,0.0,0.0
91.0,CLIMB,82.42,58.57,3695.83,22.61,88.657,1.0443,5724.08,79.71,561.62,4.985,62.77,21.497,25.648,4.041,24.6,17.363,5727.52,79.43,563.29,5.02,62.97,21.543,25.634,3.961,24.622,17.475,MISFIRE,1.0,1.0,1.0,1.0,1.0,1.0,0.0,0.0,0.0
91.1,CLIMB,82.41,58.57,3702.92,22.59,88.634,1.0441,5723.66,79.71,561.6,4.985,62.76,21.495,25.648,4.041,24.6,17.361,5730.6,80.35,559.15,4.987,62.78,21.484,25.686,4.019,24.649,17.382,MISFIRE,1.0,1.0,1.0,1.0,1.0,1.0,0.0,0.0,0.0
91.2,CLIMB,82.4,58.56,3710.0,22.58,88.612,1.0439,5723.23,79.71,561.58,4.985,62.75,21.494,25.648,4.041,24.6,17.36,5718.9,79.48,560.72,4.945,63.02,21.651,25.607,3.993,24.578,17.426,MISFIRE,1.0,1.0,1.0,1.0,1.0,1.0,0.0,0.0,0.0
91.3,CLIMB,82.39,58.55,3717.08,22.57,88.589,1.0436,5722.8,79.71,561.57,4.985,62.74,21.492,25.648,4.041,24.6,17.359,5724.49,79.87,562.91,4.999,62.95,21.425,25.699,4.094,24.64,17.592,MISFIRE,1.0,1.0,1.0,1.0,1.0,1.0,0.0,0.0,0.0
91.4,CLIMB,82.38,58.55,3724.17,22.55,88.566,1.0434,5722.38,79.71,561.55,4.985,62.73,21.491,25.648,4.041,24.6,17.358,5728.96,80.3,560.99,5.009,62.96,21.635,25.596,4.112,24.655,17.618,MISFIRE,1.0,1.0,1.0,1.0,1.0,1.0,0.0,0.0,0.0
91.5,CLIMB,82.38,58.54,3731.25,22.54,88.544,1.0432,5721.95,79.71,561.53,4.985,62.72,21.489,25.648,4.041,24.6,17.356,5715.9,78.8,560.31,5.005,62.35,21.81,25.658,3.954,24.602,17.301,MISFIRE,1.0,1.0,1.0,1.0,1.0,1.0,0.0,0.0,0.0
91.6,CLIMB,82.37,58.54,3738.33,22.52,88.521,1.043,5721.52,79.71,561.51,4.984,62.71,21.488,25.647,4.04,24.6,17.355,5714.62,79.51,558.75,4.981,62.56,21.507,25.64,4.008,24.631,17.353,MISFIRE,1.0,1.0,1.0,1.0,1.0,1.0,0.0,0.0,0.0
91.7,CLIMB,82.36,58.53,3745.42,22.51,88.498,1.0428,5721.1,79.71,561.49,4.984,62.7,21.487,25.647,4.04,24.6,17.354,5724.32,79.18,564.33,4.976,62.99,21.416,25.721,4.123,24.645,17.356,MISFIRE,1.0,1.0,1.0,1.0,1.0,1.0,0.0,0.0,0.0
91.8,CLIMB,82.35,58.53,3752.5,22.5,88.476,1.0425,5720.67,79.71,561.48,4.984,62.69,21.485,25.647,4.04,24.6,17.353,5721.68,79.56,562.44,4.937,62.37,21.761,25.65,4.054,24.579,17.366,MISFIRE,1.0,1.0,1.0,1.0,1.0,1.0,0.0,0.0,0.0
91.9,CLIMB,82.34,58.52,3759.58,22.48,88.453,1.0423,5720.25,79.71,561.46,4.984,62.68,21.484,25.647,4.04,24.6,17.351,5710.32,80.34,560.96,5.02,62.52,21.476,25.677,4.074,24.753,17.485,MISFIRE,1.0,1.0,1.0,1.0,1.0,1.0,0.0,0.0,0.0
92.0,CLIMB,82.33,58.52,3766.67,22.47,88.43,1.0421,5719.82,79.71,561.44,4.984,62.67,21.482,25.647,4.04,24.6,17.35,5716.57,79.08,562.46,4.976,62.74,21.527,25.606,4.056,24.655,17.231,MISFIRE,1.0,1.0,1.0,1.0,1.0,1.0,0.0,0.0,0.0
92.1,CLIMB,82.33,58.51,3773.75,22.45,88.408,1.0419,5719.39,79.71,561.42,4.984,62.66,21.481,25.647,4.04,24.6,17.349,5730.63,79.15,559.7,4.947,62.49,21.466,25.619,4.092,24.577,17.325,MISFIRE,1.0,1.0,1.0,1.0,1.0,1.0,0.0,0.0,0.0
92.2,CLIMB,82.32,58.51,3780.83,22.44,88.385,1.0417,5718.97,79.71,561.41,4.984,62.65,21.479,25.646,4.04,24.6,17.348,5711.1,79.38,561.36,5.013,63.0,21.521,25.664,4.031,24.611,17.411,MISFIRE,1.0,1.0,1.0,1.0,1.0,1.0,0.0,0.0,0.0
92.3,CLIMB,82.31,58.5,3787.92,22.42,88.363,1.0415,5718.54,79.7,561.39,4.983,62.64,21.478,25.646,4.04,24.6,17.346,5719.26,79.63,561.42,4.922,62.74,21.376,25.714,3.974,24.59,17.437,MISFIRE,1.0,1.0,1.0,1.0,1.0,1.0,0.0,0.0,0.0
92.4,CLIMB,82.3,58.5,3795.0,22.41,88.34,1.0412,5718.12,79.7,561.37,4.983,62.63,21.476,25.646,4.04,24.6,17.345,5715.74,79.93,560.37,5.0,62.67,21.472,25.685,4.024,24.616,17.471,MISFIRE,1.0,1.0,1.0,1.0,1.0,1.0,0.0,0.0,0.0
92.5,CLIMB,82.29,58.49,3802.08,22.4,88.317,1.041,5717.69,79.7,561.35,4.983,62.62,21.475,25.646,4.04,24.6,17.344,5725.22,79.51,563.81,4.947,62.98,21.433,25.569,4.021,24.59,17.504,MISFIRE,1.0,1.0,1.0,1.0,1.0,1.0,0.0,0.0,0.0
92.6,CLIMB,82.28,58.48,3809.17,22.38,88.295,1.0408,5717.26,79.7,561.34,4.983,62.61,21.474,25.646,4.04,24.6,17.343,5719.58,79.96,562.15,4.961,62.27,21.318,25.722,4.014,24.65,17.327,MISFIRE,1.0,1.0,1.0,1.0,1.0,1.0,0.0,0.0,0.0
92.7,CLIMB,82.28,58.48,3816.25,22.37,88.272,1.0406,5716.84,79.7,561.32,4.983,62.6,21.472,25.646,4.04,24.6,17.341,5719.25,79.91,560.87,4.985,62.28,21.469,25.682,4.034,24.644,17.274,MISFIRE,1.0,1.0,1.0,1.0,1.0,1.0,0.0,0.0,0.0
92.8,CLIMB,82.27,58.47,3823.33,22.35,88.25,1.0404,5716.41,79.7,561.3,4.983,62.59,21.471,25.645,4.039,24.6,17.34,5719.73,80.27,560.0,5.005,62.28,21.47,25.641,4.069,24.597,17.179,MISFIRE,1.0,1.0,1.0,1.0,1.0,1.0,0.0,0.0,0.0
92.9,CLIMB,82.26,58.47,3830.42,22.34,88.227,1.0402,5715.99,79.7,561.28,4.982,62.58,21.469,25.645,4.039,24.6,17.339,5718.63,79.53,561.56,4.955,63.28,21.38,25.664,4.08,24.54,17.286,MISFIRE,1.0,1.0,1.0,1.0,1.0,1.0,0.0,0.0,0.0
93.0,CLIMB,82.25,58.46,3837.5,22.33,88.204,1.0399,5715.56,79.7,561.27,4.982,62.57,21.468,25.645,4.039,24.6,17.338,5719.97,79.47,562.83,4.9,61.99,21.366,25.657,4.027,24.589,17.337,MISFIRE,1.0,1.0,1.0,1.0,1.0,1.0,0.0,0.0,0.0
93.1,CLIMB,82.24,58.46,3844.58,22.31,88.182,1.0397,5715.13,79.7,561.25,4.982,62.56,21.466,25.645,4.039,24.6,17.336,5718.9,79.27,562.35,4.991,62.44,21.392,25.588,4.057,24.599,17.253,MISFIRE,1.0,1.0,1.0,1.0,1.0,1.0,0.0,0.0,0.0
93.2,CLIMB,82.23,58.45,3851.67,22.3,88.159,1.0395,5714.71,79.7,561.23,4.982,62.55,21.465,25.645,4.039,24.6,17.335,5715.69,80.26,560.35,4.982,62.4,21.366,25.566,4.082,24.581,17.658,MISFIRE,1.0,1.0,1.0,1.0,1.0,1.0,0.0,0.0,0.0
93.3,CLIMB,82.23,58.45,3858.75,22.28,88.137,1.0393,5714.28,79.7,561.22,4.982,62.54,21.464,25.645,4.039,24.6,17.334,5715.93,79.39,560.02,4.976,62.29,21.471,25.601,4.031,24.615,17.461,MISFIRE,1.0,1.0,1.0,1.0,1.0,1.0,0.0,0.0,0.0
93.4,CLIMB,82.22,58.44,3865.83,22.27,88.114,1.0391,5713.86,79.7,561.2,4.982,62.53,21.462,25.644,4.039,24.6,17.333,5714.97,79.23,561.26,4.955,62.47,21.629,25.772,3.955,24.579,17.197,MISFIRE,1.0,1.0,1.0,1.0,1.0,1.0,0.0,0.0,0.0
93.5,CLIMB,82.21,58.44,3872.92,22.25,88.092,1.0389,5713.43,79.7,561.18,4.982,62.52,21.461,25.644,4.039,24.6,17.331,5711.45,79.67,562.02,5.032,62.38,21.629,25.593,4.042,24.606,17.399,MISFIRE,1.0,1.0,1.0,1.0,1.0,1.0,0.0,0.0,0.0
93.6,CLIMB,82.2,58.43,3880.0,22.24,88.069,1.0387,5713.01,79.69,561.17,4.981,62.51,21.459,25.644,4.039,24.6,17.33,5714.17,79.83,561.8,4.92,61.85,21.604,25.645,3.977,24.657,17.267,MISFIRE,1.0,1.0,1.0,1.0,1.0,1.0,0.0,0.0,0.0
93.7,CLIMB,82.19,58.42,3887.08,22.23,88.046,1.0384,5712.58,79.69,561.15,4.981,62.5,21.458,25.644,4.039,24.6,17.329,5712.16,80.24,560.41,5.013,62.39,21.57,25.657,4.025,24.553,17.38,MISFIRE,1.0,1.0,1.0,1.0,1.0,1.0,0.0,0.0,0.0
93.8,CLIMB,82.18,58.42,3894.17,22.21,88.024,1.0382,5712.15,79.69,561.13,4.981,62.49,21.456,25.644,4.039,24.6,17.328,5714.35,79.13,562.18,5.021,62.89,21.605,25.579,3.977,24.61,17.477,MISFIRE,1.0,1.0,1.0,1.0,1.0,1.0,0.0,0.0,0.0
93.9,CLIMB,82.18,58.41,3901.25,22.2,88.001,1.038,5711.73,79.69,561.11,4.981,62.48,21.455,25.644,4.038,24.6,17.326,5708.42,79.9,560.96,4.995,62.6,21.337,25.7,4.062,24.739,17.212,MISFIRE,1.0,1.0,1.0,1.0,1.0,1.0,0.0,0.0,0.0
94.0,CLIMB,82.17,58.41,3908.33,22.18,87.979,1.0378,5711.3,79.69,561.1,4.981,62.47,21.454,25.643,4.038,24.6,17.325,5711.55,79.34,560.17,4.995,62.49,21.362,25.68,4.08,24.548,17.148,MISFIRE,1.0,1.0,1.0,1.0,1.0,1.0,0.0,0.0,0.0
94.1,CLIMB,82.16,58.4,3915.42,22.17,87.956,1.0376,5710.88,79.69,561.08,4.981,62.46,21.452,25.643,4.038,24.6,17.324,5710.48,78.79,558.48,4.962,62.56,21.635,25.7,4.018,24.564,17.301,MISFIRE,1.0,1.0,1.0,1.0,1.0,1.0,0.0,0.0,0.0
94.2,CLIMB,82.15,58.4,3922.5,22.16,87.934,1.0374,5710.45,79.69,561.06,4.98,62.45,21.451,25.643,4.038,24.6,17.323,5708.45,80.01,560.38,4.958,62.56,21.383,25.611,4.102,24.657,17.248,MISFIRE,1.0,1.0,1.0,1.0,1.0,1.0,0.0,0.0,0.0
94.3,CLIMB,82.14,58.39,3929.58,22.14,87.911,1.0371,5710.03,79.69,561.05,4.98,62.44,21.449,25.643,4.038,24.6,17.321,5711.17,80.06,559.6,4.94,62.79,21.307,25.657,4.132,24.537,17.262,MISFIRE,1.0,1.0,1.0,1.0,1.0,1.0,0.0,0.0,0.0
94.4,CLIMB,82.13,58.39,3936.67,22.13,87.889,1.0369,5709.6,79.69,561.03,4.98,62.43,21.448,25.643,4.038,24.6,17.32,5713.13,80.44,561.68,5.017,62.41,21.319,25.599,3.961,24.686,17.529,MISFIRE,1.0,1.0,1.0,1.0,1.0,1.0,0.0,0.0,0.0
94.5,CLIMB,82.13,58.38,3943.75,22.11,87.866,1.0367,5709.18,79.69,561.01,4.98,62.42,21.446,25.643,4.038,24.6,17.319,5707.42,80.15,562.69,4.914,62.62,21.555,25.669,4.004,24.588,17.486,MISFIRE,1.0,1.0,1.0,1.0,1.0,1.0,0.0,0.0,0.0
94.6,CLIMB,82.12,58.38,3950.83,22.1,87.844,1.0365,5708.75,79.69,561.0,4.98,62.41,21.445,25.642,4.038,24.6,17.318,5704.83,79.77,559.34,4.977,61.86,21.616,25.617,4.01,24.551,17.361,MISFIRE,1.0,1.0,1.0,1.0,1.0,1.0,0.0,0.0,0.0
94.7,CLIMB,82.11,58.37,3957.92,22.08,87.821,1.0363,5708.32,79.69,560.98,4.98,62.4,21.444,25.642,4.038,24.6,17.316,5712.72,79.49,562.99,4.943,63.08,21.442,25.619,4.093,24.672,17.265,MISFIRE,1.0,1.0,1.0,1.0,1.0,1.0,0.0,0.0,0.0
94.8,CLIMB,82.1,58.37,3965.0,22.07,87.799,1.0361,5707.9,79.69,560.96,4.98,62.39,21.442,25.642,4.038,24.6,17.315,5714.0,79.21,560.5,4.996,62.73,21.412,25.601,4.104,24.609,17.197,MISFIRE,1.0,1.0,1.0,1.0,1.0,1.0,0.0,0.0,0.0
94.9,CLIMB,82.09,58.36,3972.08,22.06,87.776,1.0358,5707.47,79.68,560.95,4.979,62.38,21.441,25.642,4.038,24.6,17.314,5705.39,79.41,562.75,4.944,62.48,21.52,25.707,4.01,24.629,17.244,MISFIRE,1.0,1.0,1.0,1.0,1.0,1.0,0.0,0.0,0.0
95.0,CLIMB,82.08,58.35,3979.17,22.04,87.754,1.0356,5707.05,79.68,560.93,4.979,62.37,21.439,25.642,4.038,24.6,17.313,5705.21,78.95,559.96,5.026,61.88,21.494,25.654,4.088,24.579,17.158,MISFIRE,1.0,1.0,1.0,1.0,1.0,1.0,0.0,0.0,0.0
95.1,CLIMB,82.08,58.35,3986.25,22.03,87.731,1.0354,5706.62,79.68,560.92,4.979,62.36,21.438,25.642,4.037,24.6,17.311,5699.5,80.47,557.62,4.94,62.48,21.46,25.615,4.016,24.65,17.379,MISFIRE,1.0,1.0,1.0,1.0,1.0,1.0,0.0,0.0,0.0
95.2,CLIMB,82.07,58.34,3993.33,22.01,87.709,1.0352,5706.2,79.68,560.9,4.979,62.35,21.436,25.641,4.037,24.6,17.31,5704.29,78.6,559.41,4.936,62.64,21.344,25.634,3.987,24.609,17.269,MISFIRE,1.0,1.0,1.0,1.0,1.0,1.0,0.0,0.0,0.0
95.3,CLIMB,82.06,58.34,4000.42,22.0,87.687,1.035,5705.77,79.68,560.88,4.979,62.34,21.435,25.641,4.037,24.6,17.309,5705.02,79.58,560.05,4.999,62.4,21.583,25.725,4.036,24.589,17.265,MISFIRE,1.0,1.0,1.0,1.0,1.0,1.0,0.0,0.0,0.0
95.4,CLIMB,82.05,58.33,4007.5,21.99,87.664,1.0348,5705.35,79.68,560.87,4.979,62.33,21.434,25.641,4.037,24.6,17.308,5708.88,79.76,562.42,5.033,62.07,21.569,25.65,3.979,24.619,17.283,MISFIRE,1.0,1.0,1.0,1.0,1.0,1.0,0.0,0.0,0.0
95.5,CLIMB,82.04,58.33,4014.58,21.97,87.642,1.0346,5704.92,79.68,560.85,4.979,62.32,21.432,25.641,4.037,24.6,17.306,5699.92,79.55,558.4,4.962,62.23,21.337,25.532,4.086,24.679,17.339,MISFIRE,1.0,1.0,1.0,1.0,1.0,1.0,0.0,0.0,0.0
95.6,CLIMB,82.03,58.32,4021.67,21.96,87.619,1.0343,5704.5,79.68,560.83,4.978,62.31,21.431,25.641,4.037,24.6,17.305,5702.3,79.82,560.45,4.976,62.4,21.36,25.592,4.113,24.535,17.393,MISFIRE,1.0,1.0,1.0,1.0,1.0,1.0,0.0,0.0,0.0
95.7,CLIMB,82.03,58.32,4028.75,21.94,87.597,1.0341,5704.07,79.68,560.82,4.978,62.3,21.429,25.641,4.037,24.6,17.304,5694.41,79.43,560.28,4.957,62.37,21.33,25.672,4.054,24.559,17.455,MISFIRE,1.0,1.0,1.0,1.0,1.0,1.0,0.0,0.0,0.0
95.8,CLIMB,82.02,58.31,4035.83,21.93,87.574,1.0339,5703.65,79.68,560.8,4.978,62.29,21.428,25.64,4.037,24.6,17.303,5706.48,80.03,562.58,4.957,62.05,21.445,25.714,3.995,24.56,17.321,MISFIRE,1.0,1.0,1.0,1.0,1.0,1.0,0.0,0.0,0.0
95.9,CLIMB,82.01,58.31,4042.92,21.91,87.552,1.0337,5703.22,79.68,560.79,4.978,62.28,21.426,25.64,4.037,24.6,17.301,5702.58,80.75,559.88,4.977,62.0,21.478,25.667,4.078,24.597,17.389,MISFIRE,1.0,1.0,1.0,1.0,1.0,1.0,0.0,0.0,0.0
96.0,CLIMB,82.0,58.3,4050.0,21.9,87.53,1.0335,5702.8,79.68,560.77,4.978,62.27,21.425,25.64,4.037,24.6,17.3,5713.34,80.3,561.28,5.027,62.21,21.492,25.56,3.995,24.575,17.147,MISFIRE,1.0,1.0,1.0,1.0,1.0,1.0,0.0,0.0,0.0
96.1,CLIMB,81.99,58.29,4057.08,21.89,87.507,1.0333,5702.37,79.68,560.75,4.978,62.26,21.423,25.64,4.037,24.6,17.299,5694.68,78.44,560.93,4.992,62.36,21.305,25.671,3.987,24.654,17.283,MISFIRE,1.0,1.0,1.0,1.0,1.0,1.0,0.0,0.0,0.0
96.2,CLIMB,81.98,58.29,4064.17,21.87,87.485,1.033,5701.95,79.67,560.74,4.977,62.25,21.422,25.64,4.037,24.6,17.298,5703.18,80.19,563.55,4.977,62.22,21.381,25.638,4.031,24.658,17.369,MISFIRE,1.0,1.0,1.0,1.0,1.0,1.0,0.0,0.0,0.0
96.3,CLIMB,81.98,58.28,4071.25,21.86,87.462,1.0328,5701.52,79.67,560.72,4.977,62.24,21.421,25.64,4.036,24.6,17.296,5696.88,79.66,559.49,4.957,62.71,21.367,25.652,4.06,24.567,17.088,MISFIRE,1.0,1.0,1.0,1.0,1.0,1.0,0.0,0.0,0.0
96.4,CLIMB,81.97,58.28,4078.33,21.84,87.44,1.0326,5701.1,79.67,560.71,4.977,62.23,21.419,25.639,4.036,24.6,17.295,5693.02,80.23,562.19,4.981,62.14,21.434,25.599,3.963,24.614,17.601,MISFIRE,1.0,1.0,1.0,1.0,1.0,1.0,0.0,0.0,0.0
96.5,CLIMB,81.96,58.27,4085.42,21.83,87.418,1.0324,5700.67,79.67,560.69,4.977,62.22,21.418,25.639,4.036,24.6,17.294,5697.48,79.23,559.06,4.99,62.14,21.334,25.688,4.059,24.634,17.348,MISFIRE,1.0,1.0,1.0,1.0,1.0,1.0,0.0,0.0,0.0
96.6,CLIMB,81.95,58.27,4092.5,21.82,87.395,1.0322,5700.25,79.67,560.67,4.977,62.21,21.416,25.639,4.036,24.6,17.293,5706.13,79.85,562.77,4.978,61.9,21.373,25.675,4.049,24.582,17.235,MISFIRE,1.0,1.0,1.0,1.0,1.0,1.0,0.0,0.0,0.0
96.7,CLIMB,81.94,58.26,4099.58,21.8,87.373,1.032,5699.82,79.67,560.66,4.977,62.2,21.415,25.639,4.036,24.6,17.291,5708.34,80.68,562.86,4.918,62.69,21.386,25.671,3.995,24.62,17.328,MISFIRE,1.0,1.0,1.0,1.0,1.0,1.0,0.0,0.0,0.0
96.8,CLIMB,81.93,58.26,4106.67,21.79,87.351,1.0318,5699.4,79.67,560.64,4.977,62.19,21.413,25.639,4.036,24.6,17.29,5701.41,79.39,560.48,4.987,61.87,21.409,25.692,4.049,24.605,17.255,MISFIRE,1.0,1.0,1.0,1.0,1.0,1.0,0.0,0.0,0.0
96.9,CLIMB,81.93,58.25,4113.75,21.77,87.328,1.0315,5698.97,79.67,560.63,4.976,62.18,21.412,25.639,4.036,24.6,17.289,5702.47,79.58,559.59,4.972,62.46,21.52,25.555,3.981,24.634,17.278,MISFIRE,1.0,1.0,1.0,1.0,1.0,1.0,0.0,0.0,0.0
97.0,CLIMB,81.92,58.25,4120.83,21.76,87.306,1.0313,5698.55,79.67,560.61,4.976,62.17,21.411,25.638,4.036,24.6,17.288,5695.76,79.85,562.64,5.026,62.25,21.204,25.616,4.049,24.656,17.32,MISFIRE,1.0,1.0,1.0,1.0,1.0,1.0,0.0,0.0,0.0
97.1,CLIMB,81.91,58.24,4127.92,21.74,87.283,1.0311,5698.12,79.67,560.59,4.976,62.16,21.409,25.638,4.036,24.6,17.286,5697.47,79.63,560.54,4.982,62.59,21.396,25.635,4.106,24.649,17.153,MISFIRE,1.0,1.0,1.0,1.0,1.0,1.0,0.0,0.0,0.0
97.2,CLIMB,81.9,58.24,4135.0,21.73,87.261,1.0309,5697.7,79.67,560.58,4.976,62.15,21.408,25.638,4.036,24.6,17.285,5691.29,80.11,559.98,4.961,61.97,21.361,25.532,4.015,24.574,17.266,MISFIRE,1.0,1.0,1.0,1.0,1.0,1.0,0.0,0.0,0.0
97.3,CLIMB,81.89,58.23,4142.08,21.72,87.239,1.0307,5697.27,79.67,560.56,4.976,62.14,21.406,25.638,4.036,24.6,17.284,5690.62,80.27,560.22,4.98,61.76,21.405,25.597,4.069,24.597,17.29,MISFIRE,1.0,1.0,1.0,1.0,1.0,1.0,0.0,0.0,0.0
97.4,CLIMB,81.88,58.22,4149.17,21.7,87.216,1.0305,5696.85,79.67,560.55,4.976,62.13,21.405,25.638,4.035,24.6,17.283,5688.36,79.47,561.54,5.011,61.37,21.596,25.585,4.084,24.519,17.313,MISFIRE,1.0,1.0,1.0,1.0,1.0,1.0,0.0,0.0,0.0
97.5,CLIMB,81.88,58.22,4156.25,21.69,87.194,1.0303,5696.42,79.66,560.53,4.976,62.12,21.403,25.638,4.035,24.6,17.281,5701.41,79.2,561.07,4.986,61.57,21.379,25.564,4.007,24.48,17.251,MISFIRE,1.0,1.0,1.0,1.0,1.0,1.0,0.0,0.0,0.0
97.6,CLIMB,81.87,58.21,4163.33,21.67,87.172,1.03,5696.0,79.66,560.52,4.975,62.11,21.402,25.637,4.035,24.6,17.28,5704.35,79.05,560.35,4.942,61.77,21.373,25.574,4.046,24.582,17.503,MISFIRE,1.0,1.0,1.0,1.0,1.0,1.0,0.0,0.0,0.0
97.7,CLIMB,81.86,58.21,4170.42,21.66,87.15,1.0298,5695.57,79.66,560.5,4.975,62.1,21.401,25.637,4.035,24.6,17.279,5689.68,80.27,561.92,4.967,62.17,21.223,25.692,4.009,24.572,17.203,MISFIRE,1.0,1.0,1.0,1.0,1.0,1.0,0.0,0.0,0.0
97.8,CLIMB,81.85,58.2,4177.5,21.65,87.127,1.0296,5695.15,79.66,560.48,4.975,62.09,21.399,25.637,4.035,24.6,17.278,5692.49,80.04,559.11,4.885,61.78,21.176,25.511,4.006,24.585,17.182,MISFIRE,1.0,1.0,1.0,1.0,1.0,1.0,0.0,0.0,0.0
97.9,CLIMB,81.84,58.2,4184.58,21.63,87.105,1.0294,5694.73,79.66,560.47,4.975,62.08,21.398,25.637,4.035,24.6,17.276,5695.71,79.23,561.69,4.948,61.97,21.5,25.688,4.038,24.567,17.335,MISFIRE,1.0,1.0,1.0,1.0,1.0,1.0,0.0,0.0,0.0
98.0,CLIMB,81.83,58.19,4191.67,21.62,87.083,1.0292,5694.3,79.66,560.45,4.975,62.07,21.396,25.637,4.035,24.6,17.275,5690.84,79.12,558.98,5.011,62.03,21.36,25.566,4.017,24.592,17.172,MISFIRE,1.0,1.0,1.0,1.0,1.0,1.0,0.0,0.0,0.0
98.1,CLIMB,81.83,58.19,4198.75,21.6,87.06,1.029,5693.88,79.66,560.44,4.975,62.06,21.395,25.637,4.035,24.6,17.274,5691.33,79.57,559.1,5.024,62.64,21.243,25.65,4.028,24.645,17.254,MISFIRE,1.0,1.0,1.0,1.0,1.0,1.0,0.0,0.0,0.0
98.2,CLIMB,81.82,58.18,4205.83,21.59,87.038,1.0288,5693.45,79.66,560.42,4.975,62.04,21.393,25.636,4.035,24.6,17.273,5687.08,80.52,561.72,4.967,62.38,21.305,25.621,3.943,24.611,17.244,MISFIRE,1.0,1.0,1.0,1.0,1.0,1.0,0.0,0.0,0.0
98.3,CLIMB,81.81,58.18,4212.92,21.57,87.016,1.0285,5693.03,79.66,560.41,4.974,62.03,21.392,25.636,4.035,24.6,17.271,5691.82,78.82,559.14,5.005,62.03,21.321,25.568,4.063,24.587,17.203,MISFIRE,1.0,1.0,1.0,1.0,1.0,1.0,0.0,0.0,0.0
98.4,CLIMB,81.8,58.17,4220.0,21.56,86.994,1.0283,5692.6,79.66,560.39,4.974,62.02,21.39,25.636,4.035,24.6,17.27,5694.59,80.13,558.82,5.0,61.84,21.364,25.646,4.049,24.554,17.335,MISFIRE,1.0,1.0,1.0,1.0,1.0,1.0,0.0,0.0,0.0
98.5,CLIMB,81.79,58.16,4227.08,21.55,86.971,1.0281,5692.18,79.66,560.38,4.974,62.01,21.389,25.636,4.035,24.6,17.269,5696.33,80.08,558.6,4.942,61.85,21.241,25.609,4.094,24.61,17.166,MISFIRE,1.0,1.0,1.0,1.0,1.0,1.0,0.0,0.0,0.0
98.6,CLIMB,81.78,58.16,4234.17,21.53,86.949,1.0279,5691.75,79.66,560.36,4.974,62.0,21.388,25.636,4.034,24.6,17.268,5693.99,80.89,560.49,4.929,62.42,21.498,25.644,4.012,24.549,17.316,MISFIRE,1.0,1.0,1.0,1.0,1.0,1.0,0.0,0.0,0.0
98.7,CLIMB,81.78,58.15,4241.25,21.52,86.927,1.0277,5691.33,79.65,560.34,4.974,61.99,21.386,25.636,4.034,24.6,17.266,5692.04,79.16,560.33,4.94,62.13,21.391,25.616,4.042,24.564,17.236,MISFIRE,1.0,1.0,1.0,1.0,1.0,1.0,0.0,0.0,0.0
98.8,CLIMB,81.77,58.15,4248.33,21.5,86.905,1.0275,5690.91,79.65,560.33,4.974,61.98,21.385,25.635,4.034,24.6,17.265,5675.46,80.27,561.51,4.98,62.26,21.49,25.621,3.966,24.613,17.451,MISFIRE,1.0,1.0,1.0,1.0,1.0,1.0,0.0,0.0,0.0
98.9,CLIMB,81.76,58.14,4255.42,21.49,86.882,1.0273,5690.48,79.65,560.31,4.973,61.97,21.383,25.635,4.034,24.6,17.264,5687.91,79.23,560.08,4.893,62.63,21.49,25.678,3.969,24.586,17.215,MISFIRE,1.0,1.0,1.0,1.0,1.0,1.0,0.0,0.0,0.0
99.0,CLIMB,81.75,58.14,4262.5,21.48,86.86,1.0271,5690.06,79.65,560.3,4.973,61.96,21.382,25.635,4.034,24.6,17.263,5695.79,79.49,560.42,4.956,62.18,21.55,25.618,4.031,24.641,17.281,MISFIRE,1.0,1.0,1.0,1.0,1.0,1.0,0.0,0.0,0.0
99.1,CLIMB,81.74,58.13,4269.58,21.46,86.838,1.0268,5689.63,79.65,560.28,4.973,61.95,21.38,25.635,4.034,24.6,17.261,5682.43,79.93,560.22,4.996,62.05,21.356,25.697,4.066,24.521,17.305,MISFIRE,1.0,1.0,1.0,1.0,1.0,1.0,0.0,0.0,0.0
99.2,CLIMB,81.73,58.13,4276.67,21.45,86.816,1.0266,5689.21,79.65,560.27,4.973,61.94,21.379,25.635,4.034,24.6,17.26,5687.38,79.07,559.09,4.925,61.96,21.4,25.636,3.994,24.57,17.223,MISFIRE,1.0,1.0,1.0,1.0,1.0,1.0,0.0,0.0,0.0
99.3,CLIMB,81.73,58.12,4283.75,21.43,86.793,1.0264,5688.78,79.65,560.25,4.973,61.93,21.378,25.635,4.034,24.6,17.259,5686.49,79.83,560.48,5.037,62.25,21.43,25.555,4.02,24.601,17.206,MISFIRE,1.0,1.0,1.0,1.0,1.0,1.0,0.0,0.0,0.0
99.4,CLIMB,81.72,58.12,4290.83,21.42,86.771,1.0262,5688.36,79.65,560.24,4.973,61.92,21.376,25.634,4.034,24.6,17.258,5688.13,79.63,560.14,4.966,61.8,21.67,25.577,3.987,24.638,17.237,MISFIRE,1.0,1.0,1.0,1.0,1.0,1.0,0.0,0.0,0.0
99.5,CLIMB,81.71,58.11,4297.92,21.4,86.749,1.026,5687.94,79.65,560.22,4.973,61.91,21.375,25.634,4.034,24.6,17.256,5695.75,79.38,559.06,4.971,61.86,21.382,25.68,3.94,24.489,17.145,MISFIRE,1.0,1.0,1.0,1.0,1.0,1.0,0.0,0.0,0.0
99.6,CLIMB,81.7,58.11,4305.0,21.39,86.727,1.0258,5687.51,79.65,560.21,4.972,61.9,21.373,25.634,4.034,24.6,17.255,5685.91,78.88,560.21,5.01,61.92,21.277,25.513,4.059,24.578,17.224,MISFIRE,1.0,1.0,1.0,1.0,1.0,1.0,0.0,0.0,0.0
99.7,CLIMB,81.69,58.1,4312.08,21.38,86.705,1.0256,5687.09,79.65,560.19,4.972,61.89,21.372,25.634,4.034,24.6,17.254,5684.07,79.76,559.17,5.025,62.03,21.413,25.602,4.034,24.612,17.228,MISFIRE,1.0,1.0,1.0,1.0,1.0,1.0,0.0,0.0,0.0
99.8,CLIMB,81.68,58.09,4319.17,21.36,86.682,1.0253,5686.66,79.65,560.18,4.972,61.88,21.37,25.634,4.033,24.6,17.253,5689.23,80.34,562.17,4.974,61.48,21.324,25.591,3.976,24.561,17.292,MISFIRE,1.0,1.0,1.0,1.0,1.0,1.0,0.0,0.0,0.0
99.9,CLIMB,81.68,58.09,4326.25,21.35,86.66,1.0251,5686.24,79.65,560.16,4.972,61.87,21.369,25.634,4.033,24.6,17.251,5687.14,80.04,556.79,4.952,61.99,21.429,25.593,4.062,24.565,17.211,MISFIRE,1.0,1.0,1.0,1.0,1.0,1.0,0.0,0.0,0.0
100.0,CLIMB,81.67,58.08,4333.33,21.33,86.638,1.0249,5685.81,79.64,560.15,4.972,61.86,21.367,25.633,4.033,24.6,17.25,5681.05,79.77,559.98,4.948,62.19,21.442,25.734,4.109,24.615,17.386,MISFIRE,1.0,1.0,1.0,1.0,1.0,1.0,0.0,0.0,0.0
100.1,CLIMB,81.66,58.08,4340.42,21.32,86.616,1.0247,5685.39,79.64,560.13,4.972,61.85,21.366,25.633,4.033,24.6,17.249,5683.73,79.63,561.86,4.942,61.16,21.325,25.687,4.026,24.658,17.315,MISFIRE,1.0,1.0,1.0,1.0,1.0,1.0,0.0,0.0,0.0
100.2,CLIMB,81.65,58.07,4347.5,21.31,86.594,1.0245,5684.97,79.64,560.12,4.972,61.84,21.365,25.633,4.033,24.6,17.248,5683.76,80.24,558.36,4.96,61.13,21.445,25.565,4.12,24.633,17.174,MISFIRE,1.0,1.0,1.0,1.0,1.0,1.0,0.0,0.0,0.0
100.3,CLIMB,81.64,58.07,4354.58,21.29,86.571,1.0243,5684.54,79.64,560.1,4.971,61.83,21.363,25.633,4.033,24.6,17.246,5691.24,79.43,560.02,4.984,61.72,21.491,25.679,3.902,24.686,17.257,MISFIRE,1.0,1.0,1.0,1.0,1.0,1.0,0.0,0.0,0.0
100.4,CLIMB,81.63,58.06,4361.67,21.28,86.549,1.0241,5684.12,79.64,560.09,4.971,61.82,21.362,25.633,4.033,24.6,17.245,5678.01,79.1,560.43,4.969,61.85,21.446,25.599,4.047,24.658,17.212,MISFIRE,1.0,1.0,1.0,1.0,1.0,1.0,0.0,0.0,0.0
100.5,CLIMB,81.63,58.06,4368.75,21.26,86.527,1.0239,5683.69,79.64,560.07,4.971,61.81,21.36,25.633,4.033,24.6,17.244,5682.27,80.04,556.67,4.969,62.25,21.333,25.643,4.064,24.575,17.335,MISFIRE,1.0,1.0,1.0,1.0,1.0,1.0,0.0,0.0,0.0
100.6,CLIMB,81.62,58.05,4375.83,21.25,86.505,1.0236,5683.27,79.64,560.05,4.971,61.8,21.359,25.632,4.033,24.6,17.243,5674.72,79.59,560.19,4.985,61.8,21.526,25.613,4.03,24.649,17.124,MISFIRE,1.0,1.0,1.0,1.0,1.0,1.0,0.0,0.0,0.0
100.7,CLIMB,81.61,58.05,4382.92,21.23,86.483,1.0234,5682.85,79.64,560.04,4.971,61.79,21.357,25.632,4.033,24.6,17.241,5684.26,79.56,560.34,4.929,62.16,21.464,25.58,4.121,24.715,17.227,MISFIRE,1.0,1.0,1.0,1.0,1.0,1.0,0.0,0.0,0.0
100.8,CLIMB,81.6,58.04,4390.0,21.22,86.461,1.0232,5682.42,79.64,560.02,4.971,61.78,21.356,25.632,4.033,24.6,17.24,5682.32,79.41,561.39,4.994,61.19,21.476,25.716,3.934,24.557,17.384,MISFIRE,1.0,1.0,1.0,1.0,1.0,1.0,0.0,0.0,0.0
100.9,CLIMB,81.59,58.03,4397.08,21.21,86.439,1.023,5682.0,79.64,560.01,4.971,61.76,21.355,25.632,4.032,24.6,17.239,5686.99,80.11,559.21,4.982,62.26,21.225,25.612,4.007,24.565,17.31,MISFIRE,1.0,1.0,1.0,1.0,1.0,1.0,0.0,0.0,0.0
101.0,CLIMB,81.58,58.03,4404.17,21.19,86.416,1.0228,5681.58,79.64,559.99,4.97,61.75,21.353,25.632,4.032,24.6,17.238,5679.88,80.07,557.84,4.918,61.9,21.421,25.65,4.089,24.573,17.141,MISFIRE,1.0,1.0,1.0,1.0,1.0,1.0,0.0,0.0,0.0
101.1,CLIMB,81.58,58.02,4411.25,21.18,86.394,1.0226,5681.15,79.64,559.98,4.97,61.74,21.352,25.632,4.032,24.6,17.236,5675.0,79.32,558.9,4.994,61.52,21.241,25.549,3.958,24.668,17.187,MISFIRE,1.0,1.0,1.0,1.0,1.0,1.0,0.0,0.0,0.0
101.2,CLIMB,81.57,58.02,4418.33,21.16,86.372,1.0224,5680.73,79.63,559.96,4.97,61.73,21.35,25.631,4.032,24.6,17.235,5681.44,79.87,557.66,4.901,61.75,21.404,25.613,3.997,24.673,17.327,MISFIRE,1.0,1.0,1.0,1.0,1.0,1.0,0.0,0.0,0.0
101.3,CLIMB,81.56,58.01,4425.42,21.15,86.35,1.0222,5680.3,79.63,559.95,4.97,61.72,21.349,25.631,4.032,24.6,17.234,5679.81,79.54,558.34,4.984,61.86,21.381,25.582,4.011,24.564,17.169,MISFIRE,1.0,1.0,1.0,1.0,1.0,1.0,0.0,0.0,0.0
101.4,CLIMB,81.55,58.01,4432.5,21.14,86.328,1.0219,5679.88,79.63,559.93,4.97,61.71,21.347,25.631,4.032,24.6,17.233,5682.61,79.08,560.21,4.984,61.33,21.444,25.614,4.016,24.645,17.302,MISFIRE,1.0,1.0,1.0,1.0,1.0,1.0,0.0,0.0,0.0
101.5,CLIMB,81.54,58.0,4439.58,21.12,86.306,1.0217,5679.46,79.63,559.92,4.97,61.7,21.346,25.631,4.032,24.6,17.231,5677.22,79.84,556.77,4.888,62.38,21.417,25.691,4.0,24.565,17.14,MISFIRE,1.0,1.0,1.0,1.0,1.0,1.0,0.0,0.0,0.0
101.6,CLIMB,81.53,58.0,4446.67,21.11,86.284,1.0215,5679.03,79.63,559.9,4.969,61.69,21.344,25.631,4.032,24.6,17.23,5671.96,78.95,558.22,4.957,61.43,21.219,25.689,4.042,24.631,17.123,MISFIRE,1.0,1.0,1.0,1.0,1.0,1.0,0.0,0.0,0.0
101.7,CLIMB,81.53,57.99,4453.75,21.09,86.262,1.0213,5678.61,79.63,559.89,4.969,61.68,21.343,25.631,4.032,24.6,17.229,5676.25,78.94,558.03,4.958,61.67,21.361,25.574,3.998,24.652,17.373,MISFIRE,1.0,1.0,1.0,1.0,1.0,1.0,0.0,0.0,0.0
101.8,CLIMB,81.52,57.99,4460.83,21.08,86.24,1.0211,5678.19,79.63,559.88,4.969,61.67,21.342,25.63,4.032,24.6,17.228,5676.95,79.89,562.85,4.981,62.1,21.388,25.669,4.036,24.67,17.329,MISFIRE,1.0,1.0,1.0,1.0,1.0,1.0,0.0,0.0,0.0
101.9,CLIMB,81.51,57.98,4467.92,21.06,86.218,1.0209,5677.76,79.63,559.86,4.969,61.66,21.34,25.63,4.032,24.6,17.226,5682.93,79.27,561.77,4.963,61.7,21.276,25.665,4.1,24.647,17.126,MISFIRE,1.0,1.0,1.0,1.0,1.0,1.0,0.0,0.0,0.0
102.0,CLIMB,81.5,57.98,4475.0,21.05,86.196,1.0207,5677.34,79.63,559.85,4.969,61.65,21.339,25.63,4.032,24.6,17.225,5676.29,79.71,560.35,4.953,61.35,21.423,25.633,4.021,24.554,17.081,MISFIRE,1.0,1.0,1.0,1.0,1.0,1.0,0.0,0.0,0.0
102.1,CLIMB,81.49,57.97,4482.08,21.04,86.174,1.0205,5676.92,79.63,559.83,4.969,61.64,21.337,25.63,4.031,24.6,17.224,5672.38,79.77,560.23,4.943,61.92,21.371,25.549,4.025,24.546,17.275,MISFIRE,1.0,1.0,1.0,1.0,1.0,1.0,0.0,0.0,0.0
102.2,CLIMB,81.48,57.96,4489.17,21.02,86.151,1.0202,5676.49,79.63,559.82,4.969,61.63,21.336,25.63,4.031,24.6,17.223,5675.03,79.75,559.84,4.964,61.64,21.377,25.664,4.047,24.591,17.173,MISFIRE,1.0,1.0,1.0,1.0,1.0,1.0,0.0,0.0,0.0
102.3,CLIMB,81.48,57.96,4496.25,21.01,86.129,1.02,5676.07,79.63,559.8,4.968,61.62,21.334,25.63,4.031,24.6,17.221,5675.18,79.2,559.19,4.878,61.66,21.424,25.581,4.008,24.501,17.227,MISFIRE,1.0,1.0,1.0,1.0,1.0,1.0,0.0,0.0,0.0
102.4,CLIMB,81.47,57.95,4503.33,20.99,86.107,1.0198,5675.65,79.62,559.79,4.968,61.61,21.333,25.629,4.031,24.6,17.22,5666.09,80.47,561.59,4.972,61.46,21.335,25.676,4.033,24.657,17.271,MISFIRE,1.0,1.0,1.0,1.0,1.0,1.0,0.0,0.0,0.0
102.5,CLIMB,81.46,57.95,4510.42,20.98,86.085,1.0196,5675.22,79.62,559.77,4.968,61.6,21.332,25.629,4.031,24.6,17.219,5675.71,80.19,561.0,4.913,61.53,21.116,25.629,4.008,24.561,17.164,MISFIRE,1.0,1.0,1.0,1.0,1.0,1.0,0.0,0.0,0.0
102.6,CLIMB,81.45,57.94,4517.5,20.97,86.063,1.0194,5674.8,79.62,559.76,4.968,61.59,21.33,25.629,4.031,24.6,17.218,5671.83,80.05,559.78,4.945,61.37,21.348,25.552,4.073,24.619,17.295,MISFIRE,1.0,1.0,1.0,1.0,1.0,1.0,0.0,0.0,0.0
102.7,CLIMB,81.44,57.94,4524.58,20.95,86.041,1.0192,5674.37,79.62,559.74,4.968,61.58,21.329,25.629,4.031,24.6,17.216,5662.99,78.73,557.62,4.978,61.26,21.204,25.619,4.046,24.688,17.153,MISFIRE,1.0,1.0,1.0,1.0,1.0,1.0,0.0,0.0,0.0
102.8,CLIMB,81.43,57.93,4531.67,20.94,86.019,1.019,5673.95,79.62,559.73,4.968,61.57,21.327,25.629,4.031,24.6,17.215,5682.59,79.51,559.18,4.992,61.24,21.371,25.589,4.079,24.595,17.237,MISFIRE,1.0,1.0,1.0,1.0,1.0,1.0,0.0,0.0,0.0
102.9,CLIMB,81.43,57.93,4538.75,20.92,85.997,1.0188,5673.53,79.62,559.71,4.968,61.55,21.326,25.629,4.031,24.6,17.214,5673.25,77.96,561.5,4.987,61.73,21.322,25.669,4.092,24.708,17.258,MISFIRE,1.0,1.0,1.0,1.0,1.0,1.0,0.0,0.0,0.0
103.0,CLIMB,81.42,57.92,4545.83,20.91,85.975,1.0185,5673.11,79.62,559.7,4.967,61.54,21.324,25.628,4.031,24.6,17.213,5673.43,78.9,559.17,4.984,61.12,21.418,25.541,4.036,24.664,17.094,MISFIRE,1.0,1.0,1.0,1.0,1.0,1.0,0.0,0.0,0.0
103.1,CLIMB,81.41,57.92,4552.92,20.89,85.953,1.0183,5672.68,79.62,559.68,4.967,61.53,21.323,25.628,4.031,24.6,17.211,5673.59,78.59,561.96,4.949,61.57,21.417,25.644,4.041,24.517,17.015,MISFIRE,1.0,1.0,1.0,1.0,1.0,1.0,0.0,0.0,0.0
103.2,CLIMB,81.4,57.91,4560.0,20.88,85.931,1.0181,5672.26,79.62,559.67,4.967,61.52,21.321,25.628,4.031,24.6,17.21,5672.36,79.68,560.77,5.006,61.88,21.328,25.692,4.036,24.6,17.245,MISFIRE,1.0,1.0,1.0,1.0,1.0,1.0,0.0,0.0,0.0
103.3,CLIMB,81.39,57.9,4567.08,20.87,85.909,1.0179,5671.84,79.62,559.65,4.967,61.51,21.32,25.628,4.03,24.6,17.209,5676.79,79.99,560.58,4.961,61.72,21.196,25.646,4.038,24.616,17.145,MISFIRE,1.0,1.0,1.0,1.0,1.0,1.0,0.0,0.0,0.0
103.4,CLIMB,81.38,57.9,4574.17,20.85,85.887,1.0177,5671.41,79.62,559.64,4.967,61.5,21.319,25.628,4.03,24.6,17.208,5671.87,80.03,557.98,4.934,61.46,21.476,25.67,3.984,24.536,17.382,MISFIRE,1.0,1.0,1.0,1.0,1.0,1.0,0.0,0.0,0.0
103.5,CLIMB,81.38,57.89,4581.25,20.84,85.865,1.0175,5670.99,79.62,559.62,4.967,61.49,21.317,25.628,4.03,24.6,17.206,5670.85,79.59,559.71,4.972,61.7,21.305,25.694,4.137,24.625,17.267,MISFIRE,1.0,1.0,1.0,1.0,1.0,1.0,0.0,0.0,0.0
103.6,CLIMB,81.37,57.89,4588.33,20.82,85.843,1.0173,5670.57,79.62,559.61,4.967,61.48,21.316,25.627,4.03,24.6,17.205,5666.15,80.11,558.91,4.926,61.61,21.19,25.576,4.006,24.618,17.121,MISFIRE,1.0,1.0,1.0,1.0,1.0,1.0,0.0,0.0,0.0
103.7,CLIMB,81.36,57.88,4595.42,20.81,85.821,1.0171,5670.14,79.61,559.59,4.966,61.47,21.314,25.627,4.03,24.6,17.204,5664.43,79.43,561.86,4.941,61.24,21.451,25.655,3.993,24.664,16.978,MISFIRE,1.0,1.0,1.0,1.0,1.0,1.0,0.0,0.0,0.0
103.8,CLIMB,81.35,57.88,4602.5,20.8,85.799,1.0169,5669.72,79.61,559.58,4.966,61.46,21.313,25.627,4.03,24.6,17.203,5677.61,79.61,560.05,4.919,61.56,21.269,25.667,3.993,24.597,17.324,MISFIRE,1.0,1.0,1.0,1.0,1.0,1.0,0.0,0.0,0.0
103.9,CLIMB,81.34,57.87,4609.58,20.78,85.777,1.0166,5669.3,79.61,559.56,4.966,61.45,21.311,25.627,4.03,24.6,17.201,5679.01,79.57,558.17,4.955,60.77,21.422,25.653,4.033,24.642,17.23,MISFIRE,1.0,1.0,1.0,1.0,1.0,1.0,0.0,0.0,0.0
104.0,CLIMB,81.33,57.87,4616.67,20.77,85.755,1.0164,5668.87,79.61,559.55,4.966,61.44,21.31,25.627,4.03,24.6,17.2,5672.37,80.41,558.28,5.006,61.35,21.403,25.646,4.01,24.612,17.076,MISFIRE,1.0,1.0,1.0,1.0,1.0,1.0,0.0,0.0,0.0
104.1,CLIMB,81.33,57.86,4623.75,20.75,85.733,1.0162,5668.45,79.61,559.54,4.966,61.43,21.308,25.627,4.03,24.6,17.199,5672.67,79.74,558.88,4.958,61.16,21.258,25.622,4.059,24.654,17.234,MISFIRE,1.0,1.0,1.0,1.0,1.0,1.0,0.0,0.0,0.0
104.2,CLIMB,81.32,57.86,4630.83,20.74,85.712,1.016,5668.03,79.61,559.52,4.966,61.42,21.307,25.626,4.03,24.6,17.198,5664.34,79.95,556.51,4.982,61.1,21.539,25.664,4.025,24.613,17.34,MISFIRE,1.0,1.0,1.0,1.0,1.0,1.0,0.0,0.0,0.0
104.3,CLIMB,81.31,57.85,4637.92,20.72,85.69,1.0158,5667.6,79.61,559.51,4.966,61.41,21.306,25.626,4.03,24.6,17.196,5667.59,79.64,559.97,4.995,61.75,21.328,25.588,4.029,24.489,17.335,MISFIRE,1.0,1.0,1.0,1.0,1.0,1.0,0.0,0.0,0.0
104.4,CLIMB,81.3,57.85,4645.0,20.71,85.668,1.0156,5667.18,79.61,559.49,4.965,61.4,21.304,25.626,4.029,24.6,17.195,5671.38,79.71,556.29,4.944,61.69,21.375,25.61,3.982,24.643,17.128,MISFIRE,1.0,1.0,1.0,1.0,1.0,1.0,0.0,0.0,0.0
104.5,CLIMB,81.29,57.84,4652.08,20.7,85.646,1.0154,5666.76,79.61,559.48,4.965,61.38,21.303,25.626,4.029,24.6,17.194,5668.89,79.52,557.44,4.965,61.38,21.265,25.618,3.994,24.617,17.016,MISFIRE,1.0,1.0,1.0,1.0,1.0,1.0,0.0,0.0,0.0
104.6,CLIMB,81.28,57.83,4659.17,20.68,85.624,1.0152,5666.34,79.61,559.46,4.965,61.37,21.301,25.626,4.029,24.6,17.193,5681.69,78.32,559.46,4.933,61.2,21.485,25.672,3.994,24.554,17.286,MISFIRE,1.0,1.0,1.0,1.0,1.0,1.0,0.0,0.0,0.0
104.7,CLIMB,81.28,57.83,4666.25,20.67,85.602,1.015,5665.91,79.61,559.45,4.965,61.36,21.3,25.626,4.029,24.6,17.191,5665.65,79.29,560.69,5.014,61.58,21.267,25.603,3.983,24.646,17.16,MISFIRE,1.0,1.0,1.0,1.0,1.0,1.0,0.0,0.0,0.0
104.8,CLIMB,81.27,57.82,4673.33,20.65,85.58,1.0147,5665.49,79.61,559.43,4.965,61.35,21.298,25.625,4.029,24.6,17.19,5657.09,80.09,559.61,4.98,61.31,21.502,25.719,4.057,24.578,17.079,MISFIRE,1.0,1.0,1.0,1.0,1.0,1.0,0.0,0.0,0.0
104.9,CLIMB,81.26,57.82,4680.42,20.64,85.558,1.0145,5665.07,79.6,559.42,4.965,61.34,21.297,25.625,4.029,24.6,17.189,5668.81,80.16,557.74,5.006,62.16,21.474,25.718,3.952,24.6,17.16,MISFIRE,1.0,1.0,1.0,1.0,1.0,1.0,0.0,0.0,0.0
105.0,CLIMB,81.25,57.81,4687.5,20.63,85.536,1.0143,5664.64,79.6,559.4,4.965,61.33,21.296,25.625,4.029,24.6,17.188,5661.97,79.88,560.35,5.022,61.34,21.255,25.552,4.092,24.451,17.238,MISFIRE,1.0,1.0,1.0,1.0,1.0,1.0,0.0,0.0,0.0
105.1,CLIMB,81.24,57.81,4694.58,20.61,85.514,1.0141,5664.22,79.6,559.39,4.964,61.32,21.294,25.625,4.029,24.6,17.186,5673.98,79.64,557.66,4.969,61.3,21.379,25.562,4.031,24.613,17.111,MISFIRE,1.0,1.0,1.0,1.0,1.0,1.0,0.0,0.0,0.0
105.2,CLIMB,81.23,57.8,4701.67,20.6,85.492,1.0139,5663.8,79.6,559.38,4.964,61.31,21.293,25.625,4.029,24.6,17.185,5668.69,78.96,557.02,5.013,60.89,21.184,25.626,3.998,24.558,17.073,MISFIRE,1.0,1.0,1.0,1.0,1.0,1.0,0.0,0.0,0.0
105.3,CLIMB,81.23,57.8,4708.75,20.58,85.471,1.0137,5663.38,79.6,559.36,4.964,61.3,21.291,25.625,4.029,24.6,17.184,5655.17,79.71,556.3,4.899,60.86,21.239,25.653,4.04,24.551,17.201,MISFIRE,1.0,1.0,1.0,1.0,1.0,1.0,0.0,0.0,0.0
105.4,CLIMB,81.22,57.79,4715.83,20.57,85.449,1.0135,5662.95,79.6,559.35,4.964,61.29,21.29,25.624,4.029,24.6,17.183,5669.85,79.01,561.6,4.986,61.8,21.091,25.708,4.094,24.529,17.209,MISFIRE,1.0,1.0,1.0,1.0,1.0,1.0,0.0,0.0,0.0
105.5,CLIMB,81.21,57.79,4722.92,20.55,85.427,1.0133,5662.53,79.6,559.33,4.964,61.28,21.288,25.624,4.029,24.6,17.181,5667.54,79.78,559.91,4.984,61.28,21.237,25.635,4.011,24.687,17.25,MISFIRE,1.0,1.0,1.0,1.0,1.0,1.0,0.0,0.0,0.0
105.6,CLIMB,81.2,57.78,4730.0,20.54,85.405,1.0131,5662.11,79.6,559.32,4.964,61.27,21.287,25.624,4.028,24.6,17.18,5657.05,80.5,556.8,4.972,61.04,21.358,25.594,4.024,24.663,17.218,MISFIRE,1.0,1.0,1.0,1.0,1.0,1.0,0.0,0.0,0.0
105.7,CLIMB,81.19,57.77,4737.08,20.53,85.383,1.0129,5661.69,79.6,559.3,4.963,61.26,21.285,25.624,4.028,24.6,17.179,5664.3,79.16,561.11,4.935,61.41,21.369,25.597,4.007,24.614,16.981,MISFIRE,1.0,1.0,1.0,1.0,1.0,1.0,0.0,0.0,0.0
105.8,CLIMB,81.18,57.77,4744.17,20.51,85.361,1.0126,5661.26,79.6,559.29,4.963,61.25,21.284,25.624,4.028,24.6,17.178,5662.18,79.24,559.31,4.96,61.63,21.278,25.69,4.019,24.634,17.202,MISFIRE,1.0,1.0,1.0,1.0,1.0,1.0,0.0,0.0,0.0
105.9,CLIMB,81.18,57.76,4751.25,20.5,85.339,1.0124,5660.84,79.6,559.27,4.963,61.23,21.283,25.624,4.028,24.6,17.176,5657.46,80.7,560.27,5.02,61.31,21.307,25.611,4.085,24.514,17.304,MISFIRE,1.0,1.0,1.0,1.0,1.0,1.0,0.0,0.0,0.0
106.0,CLIMB,81.17,57.76,4758.33,20.48,85.318,1.0122,5660.42,79.6,559.26,4.963,61.22,21.281,25.623,4.028,24.6,17.175,5654.94,79.67,560.32,5.01,61.63,21.325,25.55,4.031,24.592,17.236,MISFIRE,1.0,1.0,1.0,1.0,1.0,1.0,0.0,0.0,0.0
106.1,CLIMB,81.16,57.75,4765.42,20.47,85.296,1.012,5660.0,79.59,559.25,4.963,61.21,21.28,25.623,4.028,24.6,17.174,5664.6,79.31,559.57,4.917,61.2,21.323,25.667,3.987,24.536,17.229,MISFIRE,1.0,1.0,1.0,1.0,1.0,1.0,0.0,0.0,0.0
106.2,CLIMB,81.15,57.75,4772.5,20.46,85.274,1.0118,5659.57,79.59,559.23,4.963,61.2,21.278,25.623,4.028,24.6,17.173,5656.22,79.89,561.13,4.961,60.74,21.354,25.634,3.926,24.636,17.014,MISFIRE,1.0,1.0,1.0,1.0,1.0,1.0,0.0,0.0,0.0
106.3,CLIMB,81.14,57.74,4779.58,20.44,85.252,1.0116,5659.15,79.59,559.22,4.963,61.19,21.277,25.623,4.028,24.6,17.171,5656.31,80.83,559.16,4.989,61.33,21.323,25.653,4.043,24.541,17.085,MISFIRE,1.0,1.0,1.0,1.0,1.0,1.0,0.0,0.0,0.0
106.4,CLIMB,81.13,57.74,4786.67,20.43,85.23,1.0114,5658.73,79.59,559.2,4.962,61.18,21.275,25.623,4.028,24.6,17.17,5659.67,78.91,558.21,4.953,61.63,21.064,25.536,4.05,24.653,17.185,MISFIRE,1.0,1.0,1.0,1.0,1.0,1.0,0.0,0.0,0.0
106.5,CLIMB,81.13,57.73,4793.75,20.41,85.208,1.0112,5658.31,79.59,559.19,4.962,61.17,21.274,25.623,4.028,24.6,17.169,5658.6,79.76,557.89,4.988,61.42,21.135,25.739,4.054,24.593,17.163,MISFIRE,1.0,1.0,1.0,1.0,1.0,1.0,0.0,0.0,0.0
106.6,CLIMB,81.12,57.73,4800.83,20.4,85.187,1.011,5657.88,79.59,559.17,4.962,61.16,21.272,25.622,4.028,24.6,17.168,5664.69,79.38,559.91,4.974,61.3,21.177,25.576,3.955,24.646,17.208,MISFIRE,1.0,1.0,1.0,1.0,1.0,1.0,0.0,0.0,0.0
106.7,CLIMB,81.11,57.72,4807.92,20.38,85.165,1.0108,5657.46,79.59,559.16,4.962,61.15,21.271,25.622,4.028,24.6,17.166,5660.57,80.24,558.3,4.874,61.19,21.418,25.661,4.059,24.624,17.234,MISFIRE,1.0,1.0,1.0,1.0,1.0,1.0,0.0,0.0,0.0
106.8,CLIMB,81.1,57.72,4815.0,20.37,85.143,1.0105,5657.04,79.59,559.14,4.962,61.14,21.27,25.622,4.027,24.6,17.165,5649.6,79.45,559.32,5.022,61.09,21.185,25.535,3.998,24.637,17.205,MISFIRE,1.0,1.0,1.0,1.0,1.0,1.0,0.0,0.0,0.0
106.9,CLIMB,81.09,57.71,4822.08,20.36,85.121,1.0103,5656.62,79.59,559.13,4.962,61.13,21.268,25.622,4.027,24.6,17.164,5659.73,80.03,560.25,4.951,61.05,21.187,25.598,3.952,24.586,17.077,MISFIRE,1.0,1.0,1.0,1.0,1.0,1.0,0.0,0.0,0.0
107.0,CLIMB,81.08,57.7,4829.17,20.34,85.099,1.0101,5656.19,79.59,559.12,4.962,61.12,21.267,25.622,4.027,24.6,17.163,5656.45,79.95,558.68,4.967,61.0,21.303,25.666,4.008,24.654,17.142,MISFIRE,1.0,1.0,1.0,1.0,1.0,1.0,0.0,0.0,0.0
107.1,CLIMB,81.08,57.7,4836.25,20.33,85.078,1.0099,5655.77,79.59,559.1,4.961,61.1,21.265,25.622,4.027,24.6,17.161,5653.3,78.34,559.85,4.953,61.36,21.292,25.598,4.07,24.553,17.082,MISFIRE,1.0,1.0,1.0,1.0,1.0,1.0,0.0,0.0,0.0
107.2,CLIMB,81.07,57.69,4843.33,20.31,85.056,1.0097,5655.35,79.59,559.09,4.961,61.09,21.264,25.621,4.027,24.6,17.16,5664.62,79.93,561.48,4.947,61.05,21.257,25.644,4.058,24.575,17.255,MISFIRE,1.0,1.0,1.0,1.0,1.0,1.0,0.0,0.0,0.0
107.3,CLIMB,81.06,57.69,4850.42,20.3,85.034,1.0095,5654.93,79.58,559.07,4.961,61.08,21.262,25.621,4.027,24.6,17.159,5655.71,79.63,557.29,4.946,61.12,21.179,25.608,4.071,24.588,17.117,MISFIRE,1.0,1.0,1.0,1.0,1.0,1.0,0.0,0.0,0.0
107.4,CLIMB,81.05,57.68,4857.5,20.29,85.012,1.0093,5654.5,79.58,559.06,4.961,61.07,21.261,25.621,4.027,24.6,17.158,5652.28,79.48,561.62,4.855,61.14,21.178,25.64,3.962,24.706,17.189,MISFIRE,1.0,1.0,1.0,1.0,1.0,1.0,0.0,0.0,0.0
107.5,CLIMB,81.04,57.68,4864.58,20.27,84.991,1.0091,5654.08,79.58,559.04,4.961,61.06,21.259,25.621,4.027,24.6,17.156,5662.62,79.63,559.15,4.969,60.73,21.26,25.618,3.985,24.581,17.267,MISFIRE,1.0,1.0,1.0,1.0,1.0,1.0,0.0,0.0,0.0
107.6,CLIMB,81.03,57.67,4871.67,20.26,84.969,1.0089,5653.66,79.58,559.03,4.961,61.05,21.258,25.621,4.027,24.6,17.155,5653.77,79.59,559.43,4.952,61.48,21.33,25.685,4.09,24.541,17.164,MISFIRE,1.0,1.0,1.0,1.0,1.0,1.0,0.0,0.0,0.0
107.7,CLIMB,81.03,57.67,4878.75,20.24,84.947,1.0087,5653.24,79.58,559.01,4.961,61.04,21.257,25.621,4.027,24.6,17.154,5646.26,78.58,560.7,4.964,61.48,21.116,25.584,4.08,24.606,17.266,MISFIRE,1.0,1.0,1.0,1.0,1.0,1.0,0.0,0.0,0.0
107.8,CLIMB,81.02,57.66,4885.83,20.23,84.925,1.0084,5652.82,79.58,559.0,4.96,61.03,21.255,25.62,4.027,24.6,17.153,5659.58,80.76,559.84,4.988,61.48,21.28,25.621,4.039,24.642,17.104,MISFIRE,1.0,1.0,1.0,1.0,1.0,1.0,0.0,0.0,0.0
107.9,CLIMB,81.01,57.66,4892.92,20.21,84.904,1.0082,5652.39,79.58,558.99,4.96,61.02,21.254,25.62,4.026,24.6,17.151,5650.64,79.93,558.57,4.976,61.06,21.315,25.694,4.003,24.6,17.089,MISFIRE,1.0,1.0,1.0,1.0,1.0,1.0,0.0,0.0,0.0
108.0,CLIMB,81.0,57.65,4900.0,20.2,84.882,1.008,5651.97,79.58,558.97,4.96,61.01,21.252,25.62,4.026,24.6,17.15,5646.21,79.4,558.91,5.012,60.92,21.371,25.738,4.009,24.613,16.999,MISFIRE,1.0,1.0,1.0,1.0,1.0,1.0,0.0,0.0,0.0
108.1,CLIMB,80.99,57.64,4907.08,20.19,84.86,1.0078,5651.55,79.58,558.96,4.96,61.0,21.251,25.62,4.026,24.6,17.149,5654.99,78.51,556.02,4.89,61.35,21.209,25.604,4.06,24.811,17.291,MISFIRE,1.0,1.0,1.0,1.0,1.0,1.0,0.0,0.0,0.0
108.2,CLIMB,80.98,57.64,4914.17,20.17,84.838,1.0076,5651.13,79.58,558.94,4.96,60.98,21.249,25.62,4.026,24.6,17.148,5651.39,80.06,557.84,4.935,61.22,21.334,25.553,4.009,24.586,17.151,MISFIRE,1.0,1.0,1.0,1.0,1.0,1.0,0.0,0.0,0.0
108.3,CLIMB,80.98,57.63,4921.25,20.16,84.817,1.0074,5650.71,79.58,558.93,4.96,60.97,21.248,25.62,4.026,24.6,17.146,5653.3,79.84,562.5,4.95,60.68,21.22,25.595,4.011,24.563,17.04,MISFIRE,1.0,1.0,1.0,1.0,1.0,1.0,0.0,0.0,0.0
108.4,CLIMB,80.97,57.63,4928.33,20.14,84.795,1.0072,5650.28,79.58,558.91,4.96,60.96,21.246,25.619,4.026,24.6,17.145,5657.67,79.72,559.79,4.93,60.39,21.341,25.651,3.968,24.607,17.087,MISFIRE,1.0,1.0,1.0,1.0,1.0,1.0,0.0,0.0,0.0
108.5,CLIMB,80.96,57.62,4935.42,20.13,84.773,1.007,5649.86,79.57,558.9,4.959,60.95,21.245,25.619,4.026,24.6,17.144,5647.81,79.6,559.36,4.924,61.54,21.506,25.545,4.052,24.587,17.091,MISFIRE,1.0,1.0,1.0,1.0,1.0,1.0,0.0,0.0,0.0
108.6,CLIMB,80.95,57.62,4942.5,20.12,84.752,1.0068,5649.44,79.57,558.89,4.959,60.94,21.244,25.619,4.026,24.6,17.143,5651.65,79.25,559.89,4.959,60.65,21.185,25.704,4.018,24.6,17.046,MISFIRE,1.0,1.0,1.0,1.0,1.0,1.0,0.0,0.0,0.0
108.7,CLIMB,80.94,57.61,4949.58,20.1,84.73,1.0066,5649.02,79.57,558.87,4.959,60.93,21.242,25.619,4.026,24.6,17.141,5638.12,79.41,560.53,4.905,60.79,21.123,25.691,3.945,24.545,17.279,MISFIRE,1.0,1.0,1.0,1.0,1.0,1.0,0.0,0.0,0.0
108.8,CLIMB,80.93,57.61,4956.67,20.09,84.708,1.0064,5648.6,79.57,558.86,4.959,60.92,21.241,25.619,4.026,24.6,17.14,5640.41,79.62,559.11,4.972,60.93,21.351,25.595,4.009,24.562,17.247,MISFIRE,1.0,1.0,1.0,1.0,1.0,1.0,0.0,0.0,0.0
108.9,CLIMB,80.93,57.6,4963.75,20.07,84.687,1.0061,5648.17,79.57,558.84,4.959,60.91,21.239,25.619,4.026,24.6,17.139,5651.85,79.59,561.57,4.983,60.55,21.366,25.617,4.02,24.631,17.144,MISFIRE,1.0,1.0,1.0,1.0,1.0,1.0,0.0,0.0,0.0
109.0,CLIMB,80.92,57.6,4970.83,20.06,84.665,1.0059,5647.75,79.57,558.83,4.959,60.9,21.238,25.618,4.026,24.6,17.138,5648.37,80.2,560.5,4.911,61.0,21.082,25.627,4.021,24.638,17.057,MISFIRE,1.0,1.0,1.0,1.0,1.0,1.0,0.0,0.0,0.0
109.1,CLIMB,80.91,57.59,4977.92,20.04,84.643,1.0057,5647.33,79.57,558.81,4.959,60.89,21.236,25.618,4.025,24.6,17.136,5643.47,79.26,558.32,5.014,60.92,21.124,25.68,4.067,24.668,17.08,MISFIRE,1.0,1.0,1.0,1.0,1.0,1.0,0.0,0.0,0.0
109.2,CLIMB,80.9,57.59,4985.0,20.03,84.622,1.0055,5646.91,79.57,558.8,4.958,60.88,21.235,25.618,4.025,24.6,17.135,5651.91,78.96,558.39,5.008,60.55,21.242,25.612,4.121,24.653,17.141,MISFIRE,1.0,1.0,1.0,1.0,1.0,1.0,0.0,0.0,0.0
109.3,CLIMB,80.89,57.58,4992.08,20.02,84.6,1.0053,5646.49,79.57,558.79,4.958,60.86,21.233,25.618,4.025,24.6,17.134,5646.29,79.56,558.98,4.967,61.13,21.42,25.605,3.996,24.578,17.131,MISFIRE,1.0,1.0,1.0,1.0,1.0,1.0,0.0,0.0,0.0
109.4,CLIMB,80.88,57.57,4999.17,20.0,84.578,1.0051,5646.07,79.57,558.77,4.958,60.85,21.232,25.618,4.025,24.6,17.133,5650.44,79.12,558.15,4.954,60.38,21.155,25.598,4.025,24.546,17.224,MISFIRE,1.0,1.0,1.0,1.0,1.0,1.0,0.0,0.0,0.0
109.5,CLIMB,80.88,57.57,5006.25,19.99,84.557,1.0049,5645.64,79.57,558.76,4.958,60.84,21.231,25.618,4.025,24.6,17.131,5646.68,79.51,557.94,4.952,60.96,21.139,25.717,3.989,24.533,17.112,MISFIRE,1.0,1.0,1.0,1.0,1.0,1.0,0.0,0.0,0.0
109.6,CLIMB,80.87,57.56,5013.33,19.97,84.535,1.0047,5645.22,79.56,558.74,4.958,60.83,21.229,25.617,4.025,24.6,17.13,5645.07,80.26,560.7,4.938,61.18,21.367,25.635,4.043,24.69,17.227,MISFIRE,1.0,1.0,1.0,1.0,1.0,1.0,0.0,0.0,0.0
109.7,CLIMB,80.86,57.56,5020.42,19.96,84.513,1.0045,5644.8,79.56,558.73,4.958,60.82,21.228,25.617,4.025,24.6,17.129,5629.13,79.54,560.63,4.928,61.0,21.145,25.516,4.069,24.602,17.18,MISFIRE,1.0,1.0,1.0,1.0,1.0,1.0,0.0,0.0,0.0
109.8,CLIMB,80.85,57.55,5027.5,19.95,84.492,1.0043,5644.38,79.56,558.71,4.958,60.81,21.226,25.617,4.025,24.6,17.128,5639.74,79.54,558.53,4.928,60.44,21.407,25.594,3.939,24.638,16.933,MISFIRE,1.0,1.0,1.0,1.0,1.0,1.0,0.0,0.0,0.0
109.9,CLIMB,80.84,57.55,5034.58,19.93,84.47,1.0041,5643.96,79.56,558.7,4.957,60.8,21.225,25.617,4.025,24.6,17.126,5647.14,79.61,558.75,4.975,61.05,21.032,25.679,4.007,24.652,17.329,MISFIRE,1.0,1.0,1.0,1.0,1.0,1.0,0.0,0.0,0.0
110.0,CLIMB,80.83,57.54,5041.67,19.92,84.448,1.0038,5643.54,79.56,558.69,4.957,60.79,21.223,25.617,4.025,24.6,17.125,5646.78,79.64,560.27,4.945,60.59,21.071,25.677,3.997,24.518,17.205,MISFIRE,1.0,1.0,1.0,1.0,1.0,1.0,0.0,0.0,0.0
110.1,CLIMB,80.83,57.54,5048.75,19.9,84.427,1.0036,5643.12,79.56,558.67,4.957,60.78,21.222,25.617,4.025,24.6,17.124,5638.46,78.84,557.78,4.991,60.81,21.177,25.695,4.093,24.595,17.299,MISFIRE,1.0,1.0,1.0,1.0,1.0,1.0,0.0,0.0,0.0
110.2,CLIMB,80.82,57.53,5055.83,19.89,84.405,1.0034,5642.69,79.56,558.66,4.957,60.77,21.22,25.616,4.025,24.6,17.123,5638.98,79.66,560.07,4.947,61.11,21.112,25.674,4.14,24.624,17.21,MISFIRE,1.0,1.0,1.0,1.0,1.0,1.0,0.0,0.0,0.0
110.3,CLIMB,80.81,57.53,5062.92,19.87,84.384,1.0032,5642.27,79.56,558.64,4.957,60.75,21.219,25.616,4.024,24.6,17.121,5643.42,78.92,561.15,4.968,60.29,21.157,25.622,4.049,24.582,17.073,MISFIRE,1.0,1.0,1.0,1.0,1.0,1.0,0.0,0.0,0.0
110.4,CLIMB,80.8,57.52,5070.0,19.86,84.362,1.003,5641.85,79.56,558.63,4.957,60.74,21.218,25.616,4.024,24.6,17.12,5643.6,79.31,561.06,4.885,60.4,21.105,25.601,3.998,24.695,17.165,MISFIRE,1.0,1.0,1.0,1.0,1.0,1.0,0.0,0.0,0.0
110.5,CLIMB,80.79,57.51,5077.08,19.85,84.34,1.0028,5641.43,79.56,558.62,4.957,60.73,21.216,25.616,4.024,24.6,17.119,5641.72,79.06,558.48,4.969,60.69,21.131,25.517,3.938,24.679,17.04,MISFIRE,1.0,1.0,1.0,1.0,1.0,1.0,0.0,0.0,0.0
110.6,CLIMB,80.78,57.51,5084.17,19.83,84.319,1.0026,5641.01,79.56,558.6,4.956,60.72,21.215,25.616,4.024,24.6,17.118,5642.53,78.83,558.36,4.923,60.75,21.095,25.587,4.062,24.63,17.213,MISFIRE,1.0,1.0,1.0,1.0,1.0,1.0,0.0,0.0,0.0
110.7,CLIMB,80.78,57.5,5091.25,19.82,84.297,1.0024,5640.59,79.56,558.59,4.956,60.71,21.213,25.616,4.024,24.6,17.116,5636.36,78.87,560.04,4.945,60.54,21.34,25.716,3.998,24.637,17.061,MISFIRE,1.0,1.0,1.0,1.0,1.0,1.0,0.0,0.0,0.0
110.8,CLIMB,80.77,57.5,5098.33,19.8,84.276,1.0022,5640.17,79.55,558.57,4.956,60.7,21.212,25.615,4.024,24.6,17.115,5646.6,80.4,557.78,4.919,60.71,21.262,25.605,4.011,24.604,17.132,MISFIRE,1.0,1.0,1.0,1.0,1.0,1.0,0.0,0.0,0.0
110.9,CLIMB,80.76,57.49,5105.42,19.79,84.254,1.002,5639.74,79.55,558.56,4.956,60.69,21.21,25.615,4.024,24.6,17.114,5634.68,79.63,558.97,4.895,61.07,21.086,25.716,4.087,24.599,17.327,MISFIRE,1.0,1.0,1.0,1.0,1.0,1.0,0.0,0.0,0.0
111.0,CLIMB,80.75,57.49,5112.5,19.78,84.233,1.0018,5639.32,79.55,558.54,4.956,60.68,21.209,25.615,4.024,24.6,17.113,5638.97,79.26,559.09,4.956,61.17,21.287,25.524,4.056,24.607,17.213,MISFIRE,1.0,1.0,1.0,1.0,1.0,1.0,0.0,0.0,0.0
111.1,CLIMB,80.74,57.48,5119.58,19.76,84.211,1.0016,5638.9,79.55,558.53,4.956,60.67,21.207,25.615,4.024,24.6,17.111,5640.8,79.51,557.83,4.945,60.74,20.997,25.587,3.987,24.572,17.201,MISFIRE,1.0,1.0,1.0,1.0,1.0,1.0,0.0,0.0,0.0
111.2,CLIMB,80.73,57.48,5126.67,19.75,84.189,1.0013,5638.48,79.55,558.52,4.956,60.66,21.206,25.615,4.024,24.6,17.11,5641.22,79.54,557.55,4.952,61.07,21.246,25.623,4.032,24.701,17.172,MISFIRE,1.0,1.0,1.0,1.0,1.0,1.0,0.0,0.0,0.0
111.3,CLIMB,80.73,57.47,5133.75,19.73,84.168,1.0011,5638.06,79.55,558.5,4.955,60.64,21.205,25.615,4.024,24.6,17.109,5643.16,78.46,560.02,4.972,60.49,21.44,25.609,4.089,24.493,17.047,MISFIRE,1.0,1.0,1.0,1.0,1.0,1.0,0.0,0.0,0.0
111.4,CLIMB,80.72,57.47,5140.83,19.72,84.146,1.0009,5637.64,79.55,558.49,4.955,60.63,21.203,25.614,4.023,24.6,17.108,5637.0,79.48,557.38,5.009,60.22,21.185,25.624,4.043,24.624,17.119,MISFIRE,1.0,1.0,1.0,1.0,1.0,1.0,0.0,0.0,0.0
111.5,CLIMB,80.71,57.46,5147.92,19.7,84.125,1.0007,5637.22,79.55,558.47,4.955,60.62,21.202,25.614,4.023,24.6,17.106,5636.66,80.21,558.46,4.964,60.55,21.19,25.59,3.984,24.516,17.139,MISFIRE,1.0,1.0,1.0,1.0,1.0,1.0,0.0,0.0,0.0
111.6,CLIMB,80.7,57.46,5155.0,19.69,84.103,1.0005,5636.8,79.55,558.46,4.955,60.61,21.2,25.614,4.023,24.6,17.105,5641.12,80.2,560.82,4.952,60.63,21.084,25.503,4.108,24.639,17.158,MISFIRE,1.0,1.0,1.0,1.0,1.0,1.0,0.0,0.0,0.0
111.7,CLIMB,80.69,57.45,5162.08,19.68,84.082,1.0003,5636.37,79.55,558.45,4.955,60.6,21.199,25.614,4.023,24.6,17.104,5629.74,80.17,553.83,4.989,60.46,21.236,25.574,4.127,24.556,17.388,MISFIRE,1.0,1.0,1.0,1.0,1.0,1.0,0.0,0.0,0.0
111.8,CLIMB,80.68,57.44,5169.17,19.66,84.06,1.0001,5635.95,79.55,558.43,4.955,60.59,21.197,25.614,4.023,24.6,17.103,5639.63,79.49,556.66,4.933,60.3,21.253,25.626,3.983,24.615,17.04,MISFIRE,1.0,1.0,1.0,1.0,1.0,1.0,0.0,0.0,0.0
111.9,CLIMB,80.68,57.44,5176.25,19.65,84.039,0.9999,5635.53,79.55,558.42,4.955,60.58,21.196,25.614,4.023,24.6,17.101,5634.25,79.83,560.06,4.936,60.17,21.174,25.644,4.03,24.501,16.983,MISFIRE,1.0,1.0,1.0,1.0,1.0,1.0,0.0,0.0,0.0
112.0,CLIMB,80.67,57.43,5183.33,19.63,84.017,0.9997,5635.11,79.54,558.4,4.954,60.57,21.194,25.613,4.023,24.6,17.1,5636.13,79.9,559.54,4.997,60.25,21.109,25.611,4.002,24.554,16.921,MISFIRE,1.0,1.0,1.0,1.0,1.0,1.0,0.0,0.0,0.0
112.1,CLIMB,80.66,57.43,5190.42,19.62,83.996,0.9995,5634.69,79.54,558.39,4.954,60.56,21.193,25.613,4.023,24.6,17.099,5636.74,79.86,555.22,4.928,60.6,21.182,25.497,3.985,24.543,16.949,MISFIRE,1.0,1.0,1.0,1.0,1.0,1.0,0.0,0.0,0.0
112.2,CLIMB,80.65,57.42,5197.5,19.61,83.974,0.9993,5634.27,79.54,558.37,4.954,60.54,21.192,25.613,4.023,24.6,17.098,5634.57,79.68,558.56,4.94,60.86,21.309,25.607,4.015,24.536,17.234,MISFIRE,1.0,1.0,1.0,1.0,1.0,1.0,0.0,0.0,0.0
112.3,CLIMB,80.64,57.42,5204.58,19.59,83.953,0.9991,5633.85,79.54,558.36,4.954,60.53,21.19,25.613,4.023,24.6,17.096,5631.51,80.15,556.69,4.97,60.97,21.234,25.669,4.009,24.651,17.061,MISFIRE,1.0,1.0,1.0,1.0,1.0,1.0,0.0,0.0,0.0
112.4,CLIMB,80.63,57.41,5211.67,19.58,83.931,0.9989,5633.43,79.54,558.35,4.954,60.52,21.189,25.613,4.023,24.6,17.095,5630.95,78.25,558.08,4.931,60.83,21.038,25.651,4.003,24.613,17.301,MISFIRE,1.0,1.0,1.0,1.0,1.0,1.0,0.0,0.0,0.0
112.5,CLIMB,80.63,57.41,5218.75,19.56,83.91,0.9987,5633.01,79.54,558.33,4.954,60.51,21.187,25.613,4.023,24.6,17.094,5641.68,79.73,560.01,4.946,60.46,21.114,25.689,3.998,24.549,17.142,MISFIRE,1.0,1.0,1.0,1.0,1.0,1.0,0.0,0.0,0.0
112.6,CLIMB,80.62,57.4,5225.83,19.55,83.888,0.9984,5632.58,79.54,558.32,4.954,60.5,21.186,25.612,4.022,24.6,17.093,5642.28,78.71,560.05,4.953,60.09,21.098,25.626,3.947,24.565,17.279,MISFIRE,1.0,1.0,1.0,1.0,1.0,1.0,0.0,0.0,0.0
112.7,CLIMB,80.61,57.4,5232.92,19.53,83.867,0.9982,5632.16,79.54,558.3,4.953,60.49,21.184,25.612,4.022,24.6,17.091,5630.74,80.1,558.39,4.964,60.9,21.221,25.444,4.019,24.579,16.986,MISFIRE,1.0,1.0,1.0,1.0,1.0,1.0,0.0,0.0,0.0
112.8,CLIMB,80.6,57.39,5240.0,19.52,83.845,0.998,5631.74,79.54,558.29,4.953,60.48,21.183,25.612,4.022,24.6,17.09,5636.1,80.21,557.08,4.915,60.21,21.064,25.587,4.037,24.618,17.052,MISFIRE,1.0,1.0,1.0,1.0,1.0,1.0,0.0,0.0,0.0
112.9,CLIMB,80.59,57.38,5247.08,19.51,83.824,0.9978,5631.32,79.54,558.28,4.953,60.47,21.181,25.612,4.022,24.6,17.089,5635.65,80.42,557.78,4.965,60.15,21.309,25.575,3.958,24.558,17.124,MISFIRE,1.0,1.0,1.0,1.0,1.0,1.0,0.0,0.0,0.0
113.0,CLIMB,80.58,57.38,5254.17,19.49,83.802,0.9976,5630.9,79.54,558.26,4.953,60.45,21.18,25.612,4.022,24.6,17.088,5631.34,79.64,560.97,4.955,60.87,21.219,25.567,4.041,24.655,16.873,MISFIRE,1.0,1.0,1.0,1.0,1.0,1.0,0.0,0.0,0.0
113.1,CLIMB,80.58,57.37,5261.25,19.48,83.781,0.9974,5630.48,79.54,558.25,4.953,60.44,21.179,25.612,4.022,24.6,17.086,5629.43,79.54,557.86,4.973,60.1,21.036,25.622,3.985,24.668,17.064,MISFIRE,1.0,1.0,1.0,1.0,1.0,1.0,0.0,0.0,0.0
113.2,CLIMB,80.57,57.37,5268.33,19.46,83.76,0.9972,5630.06,79.53,558.23,4.953,60.43,21.177,25.611,4.022,24.6,17.085,5634.3,79.38,555.95,4.909,60.91,21.213,25.553,3.976,24.655,17.066,MISFIRE,1.0,1.0,1.0,1.0,1.0,1.0,0.0,0.0,0.0
113.3,CLIMB,80.56,57.36,5275.42,19.45,83.738,0.997,5629.64,79.53,558.22,4.953,60.42,21.176,25.611,4.022,24.6,17.084,5634.14,79.56,557.81,4.934,60.0,21.218,25.531,4.03,24.613,17.009,MISFIRE,1.0,1.0,1.0,1.0,1.0,1.0,0.0,0.0,0.0
113.4,CLIMB,80.55,57.36,5282.5,19.44,83.717,0.9968,5629.22,79.53,558.21,4.952,60.41,21.174,25.611,4.022,24.6,17.083,5626.34,79.55,557.99,4.957,60.44,21.063,25.544,4.023,24.545,17.148,MISFIRE,1.0,1.0,1.0,1.0,1.0,1.0,0.0,0.0,0.0
113.5,CLIMB,80.54,57.35,5289.58,19.42,83.695,0.9966,5628.8,79.53,558.19,4.952,60.4,21.173,25.611,4.022,24.6,17.081,5623.71,79.18,556.34,4.943,60.79,21.226,25.54,3.956,24.597,17.213,MISFIRE,1.0,1.0,1.0,1.0,1.0,1.0,0.0,0.0,0.0
113.6,CLIMB,80.53,57.35,5296.67,19.41,83.674,0.9964,5628.38,79.53,558.18,4.952,60.39,21.171,25.611,4.022,24.6,17.08,5628.74,78.62,558.29,4.976,59.72,21.048,25.545,4.072,24.59,17.17,MISFIRE,1.0,1.0,1.0,1.0,1.0,1.0,0.0,0.0,0.0
113.7,CLIMB,80.53,57.34,5303.75,19.39,83.652,0.9962,5627.96,79.53,558.16,4.952,60.38,21.17,25.611,4.022,24.6,17.079,5627.12,79.87,555.94,4.896,59.88,21.184,25.603,4.016,24.61,17.065,MISFIRE,1.0,1.0,1.0,1.0,1.0,1.0,0.0,0.0,0.0
113.8,CLIMB,80.52,57.34,5310.83,19.38,83.631,0.996,5627.54,79.53,558.15,4.952,60.37,21.168,25.61,4.021,24.6,17.078,5634.88,79.14,559.24,4.949,60.39,21.224,25.652,3.944,24.504,17.189,MISFIRE,1.0,1.0,1.0,1.0,1.0,1.0,0.0,0.0,0.0
113.9,CLIMB,80.51,57.33,5317.92,19.36,83.61,0.9958,5627.12,79.53,558.13,4.952,60.35,21.167,25.61,4.021,24.6,17.076,5625.37,79.79,558.49,4.922,60.5,21.084,25.621,4.002,24.676,17.051,MISFIRE,1.0,1.0,1.0,1.0,1.0,1.0,0.0,0.0,0.0
114.0,CLIMB,80.5,57.33,5325.0,19.35,83.588,0.9955,5626.69,79.53,558.12,4.952,60.34,21.165,25.61,4.021,24.6,17.075,5628.0,79.99,555.27,4.923,60.24,21.111,25.617,4.008,24.506,16.957,MISFIRE,1.0,1.0,1.0,1.0,1.0,1.0,0.0,0.0,0.0
114.1,CLIMB,80.49,57.32,5332.08,19.34,83.567,0.9953,5626.27,79.53,558.11,4.951,60.33,21.164,25.61,4.021,24.6,17.074,5626.4,79.95,559.06,4.951,60.0,21.256,25.607,3.974,24.495,17.145,MISFIRE,1.0,1.0,1.0,1.0,1.0,1.0,0.0,0.0,0.0
114.2,CLIMB,80.48,57.31,5339.17,19.32,83.545,0.9951,5625.85,79.53,558.09,4.951,60.32,21.163,25.61,4.021,24.6,17.073,5631.15,79.67,559.23,4.957,60.34,21.265,25.622,4.059,24.583,17.056,MISFIRE,1.0,1.0,1.0,1.0,1.0,1.0,0.0,0.0,0.0
114.3,CLIMB,80.48,57.31,5346.25,19.31,83.524,0.9949,5625.43,79.52,558.08,4.951,60.31,21.161,25.61,4.021,24.6,17.071,5635.32,80.22,558.46,4.925,60.43,21.244,25.589,4.032,24.566,17.037,MISFIRE,1.0,1.0,1.0,1.0,1.0,1.0,0.0,0.0,0.0
114.4,CLIMB,80.47,57.3,5353.33,19.29,83.503,0.9947,5625.01,79.52,558.06,4.951,60.3,21.16,25.609,4.021,24.6,17.07,5628.85,79.31,558.87,4.937,60.01,21.214,25.524,4.077,24.613,17.086,MISFIRE,1.0,1.0,1.0,1.0,1.0,1.0,0.0,0.0,0.0
114.5,CLIMB,80.46,57.3,5360.42,19.28,83.481,0.9945,5624.59,79.52,558.05,4.951,60.29,21.158,25.609,4.021,24.6,17.069,5624.97,79.18,557.99,4.942,59.73,21.186,25.607,3.907,24.534,17.343,MISFIRE,1.0,1.0,1.0,1.0,1.0,1.0,0.0,0.0,0.0
114.6,CLIMB,80.45,57.29,5367.5,19.27,83.46,0.9943,5624.17,79.52,558.04,4.951,60.28,21.157,25.609,4.021,24.6,17.068,5626.88,79.27,558.44,4.987,59.6,21.051,25.601,3.891,24.493,17.027,MISFIRE,1.0,1.0,1.0,1.0,1.0,1.0,0.0,0.0,0.0
114.7,CLIMB,80.44,57.29,5374.58,19.25,83.439,0.9941,5623.75,79.52,558.02,4.951,60.26,21.155,25.609,4.021,24.6,17.066,5626.85,79.22,555.57,4.952,60.75,21.052,25.565,4.068,24.552,17.019,MISFIRE,1.0,1.0,1.0,1.0,1.0,1.0,0.0,0.0,0.0
114.8,CLIMB,80.43,57.28,5381.67,19.24,83.417,0.9939,5623.33,79.52,558.01,4.95,60.25,21.154,25.609,4.021,24.6,17.065,5626.47,79.52,557.49,4.959,60.48,21.178,25.56,4.05,24.6,17.023,MISFIRE,1.0,1.0,1.0,1.0,1.0,1.0,0.0,0.0,0.0
114.9,CLIMB,80.43,57.28,5388.75,19.22,83.396,0.9937,5622.91,79.52,557.99,4.95,60.24,21.152,25.609,4.021,24.6,17.064,5620.27,79.18,557.04,4.953,60.13,21.269,25.542,4.004,24.556,17.106,MISFIRE,1.0,1.0,1.0,1.0,1.0,1.0,0.0,0.0,0.0
115.0,CLIMB,80.42,57.27,5395.83,19.21,83.374,0.9935,5622.49,79.52,557.98,4.95,60.23,21.151,25.608,4.02,24.6,17.063,5624.59,79.64,558.74,4.927,60.05,21.061,25.647,4.019,24.633,17.123,MISFIRE,1.0,1.0,1.0,1.0,1.0,1.0,0.0,0.0,0.0
115.1,CLIMB,80.41,57.27,5402.92,19.19,83.353,0.9933,5622.07,79.52,557.97,4.95,60.22,21.15,25.608,4.02,24.6,17.061,5619.65,79.93,556.34,4.924,60.53,21.189,25.582,3.977,24.678,17.033,MISFIRE,1.0,1.0,1.0,1.0,1.0,1.0,0.0,0.0,0.0
115.2,CLIMB,80.4,57.26,5410.0,19.18,83.332,0.9931,5621.65,79.52,557.95,4.95,60.21,21.148,25.608,4.02,24.6,17.06,5626.62,78.43,559.03,4.962,60.08,21.018,25.682,4.05,24.583,17.191,MISFIRE,1.0,1.0,1.0,1.0,1.0,1.0,0.0,0.0,0.0
115.3,CLIMB,80.39,57.25,5417.08,19.17,83.31,0.9929,5621.23,79.52,557.94,4.95,60.2,21.147,25.608,4.02,24.6,17.059,5618.06,79.46,559.43,4.945,60.39,21.171,25.63,3.988,24.675,17.108,MISFIRE,1.0,1.0,1.0,1.0,1.0,1.0,0.0,0.0,0.0
115.4,CLIMB,80.38,57.25,5424.17,19.15,83.289,0.9927,5620.81,79.52,557.92,4.95,60.19,21.145,25.608,4.02,24.6,17.058,5621.44,79.55,558.56,4.911,59.99,21.092,25.638,3.941,24.566,16.984,MISFIRE,1.0,1.0,1.0,1.0,1.0,1.0,0.0,0.0,0.0
115.5,CLIMB,80.38,57.24,5431.25,19.14,83.268,0.9925,5620.39,79.51,557.91,4.949,60.17,21.144,25.608,4.02,24.6,17.056,5617.2,79.36,556.83,4.93,59.82,21.014,25.549,3.961,24.636,17.022,MISFIRE,1.0,1.0,1.0,1.0,1.0,1.0,0.0,0.0,0.0
115.6,CLIMB,80.37,57.24,5438.33,19.12,83.247,0.9922,5619.97,79.51,557.9,4.949,60.16,21.142,25.607,4.02,24.6,17.055,5618.65,80.06,558.38,4.926,60.11,21.238,25.616,3.948,24.673,17.064,MISFIRE,1.0,1.0,1.0,1.0,1.0,1.0,0.0,0.0,0.0
115.7,CLIMB,80.36,57.23,5445.42,19.11,83.225,0.992,5619.55,79.51,557.88,4.949,60.15,21.141,25.607,4.02,24.6,17.054,5617.83,79.18,558.71,4.94,59.79,21.313,25.542,4.066,24.583,16.987,MISFIRE,1.0,1.0,1.0,1.0,1.0,1.0,0.0,0.0,0.0
115.8,CLIMB,80.35,57.23,5452.5,19.1,83.204,0.9918,5619.13,79.51,557.87,4.949,60.14,21.139,25.607,4.02,24.6,17.053,5621.27,79.56,559.13,4.942,60.19,21.263,25.619,4.003,24.556,17.305,MISFIRE,1.0,1.0,1.0,1.0,1.0,1.0,0.0,0.0,0.0
115.9,CLIMB,80.34,57.22,5459.58,19.08,83.183,0.9916,5618.71,79.51,557.85,4.949,60.13,21.138,25.607,4.02,24.6,17.051,5616.98,78.92,557.39,4.963,60.48,21.082,25.619,4.065,24.62,17.174,MISFIRE,1.0,1.0,1.0,1.0,1.0,1.0,0.0,0.0,0.0
116.0,CLIMB,80.33,57.22,5466.67,19.07,83.161,0.9914,5618.29,79.51,557.84,4.949,60.12,21.137,25.607,4.02,24.6,17.05,5616.17,78.56,557.22,4.947,60.44,21.062,25.598,3.995,24.657,17.114,MISFIRE,1.0,1.0,1.0,1.0,1.0,1.0,0.0,0.0,0.0
116.1,CLIMB,80.33,57.21,5473.75,19.05,83.14,0.9912,5617.87,79.51,557.83,4.949,60.11,21.135,25.607,4.019,24.6,17.049,5617.66,80.09,559.95,4.95,60.36,21.07,25.581,4.044,24.628,17.034,MISFIRE,1.0,1.0,1.0,1.0,1.0,1.0,0.0,0.0,0.0
116.2,CLIMB,80.32,57.21,5480.83,19.04,83.119,0.991,5617.45,79.51,557.81,4.948,60.09,21.134,25.606,4.019,24.6,17.048,5618.63,79.55,556.9,4.851,59.74,21.065,25.632,4.013,24.716,17.081,MISFIRE,1.0,1.0,1.0,1.0,1.0,1.0,0.0,0.0,0.0
116.3,CLIMB,80.31,57.2,5487.92,19.02,83.098,0.9908,5617.03,79.51,557.8,4.948,60.08,21.132,25.606,4.019,24.6,17.046,5614.66,80.1,555.79,4.947,59.7,21.018,25.54,4.036,24.534,17.081,MISFIRE,1.0,1.0,1.0,1.0,1.0,1.0,0.0,0.0,0.0
116.4,CLIMB,80.3,57.2,5495.0,19.01,83.076,0.9906,5616.61,79.51,557.78,4.948,60.07,21.131,25.606,4.019,24.6,17.045,5610.87,79.3,557.81,4.935,59.77,21.1,25.599,3.996,24.497,17.101,MISFIRE,1.0,1.0,1.0,1.0,1.0,1.0,0.0,0.0,0.0
116.5,CLIMB,80.29,57.19,5502.08,19.0,83.055,0.9904,5616.19,79.51,557.77,4.948,60.06,21.129,25.606,4.019,24.6,17.044,5612.86,79.58,557.94,4.967,60.38,21.163,25.662,4.0,24.49,16.972,MISFIRE,1.0,1.0,1.0,1.0,1.0,1.0,0.0,0.0,0.0
116.6,CLIMB,80.28,57.18,5509.17,18.98,83.034,0.9902,5615.77,79.5,557.75,4.948,60.05,21.128,25.606,4.019,24.6,17.043,5612.29,79.67,559.36,4.942,59.55,21.265,25.665,4.114,24.632,16.895,MISFIRE,1.0,1.0,1.0,1.0,1.0,1.0,0.0,0.0,0.0
116.7,CLIMB,80.28,57.18,5516.25,18.97,83.012,0.99,5615.35,79.5,557.74,4.948,60.04,21.126,25.606,4.019,24.6,17.041,5616.6,79.61,558.33,4.937,59.98,21.146,25.625,3.909,24.515,17.025,MISFIRE,1.0,1.0,1.0,1.0,1.0,1.0,0.0,0.0,0.0
116.8,CLIMB,80.27,57.17,5523.33,18.95,82.991,0.9898,5614.93,79.5,557.73,4.948,60.03,21.125,25.605,4.019,24.6,17.04,5620.58,79.48,556.45,4.892,59.5,21.196,25.567,4.026,24.544,17.048,MISFIRE,1.0,1.0,1.0,1.0,1.0,1.0,0.0,0.0,0.0
116.9,CLIMB,80.26,57.17,5530.42,18.94,82.97,0.9896,5614.51,79.5,557.71,4.948,60.01,21.123,25.605,4.019,24.6,17.039,5618.29,80.39,556.61,4.993,59.93,21.041,25.571,4.091,24.55,17.121,MISFIRE,1.0,1.0,1.0,1.0,1.0,1.0,0.0,0.0,0.0
117.0,CLIMB,80.25,57.16,5537.5,18.93,82.949,0.9894,5614.09,79.5,557.7,4.947,60.0,21.122,25.605,4.019,24.6,17.038,5616.09,79.04,554.96,5.005,59.95,21.216,25.62,3.989,24.564,17.076,MISFIRE,1.0,1.0,1.0,1.0,1.0,1.0,0.0,0.0,0.0
117.1,CLIMB,80.24,57.16,5544.58,18.91,82.928,0.9892,5613.67,79.5,557.68,4.947,59.99,21.121,25.605,4.019,24.6,17.036,5614.31,79.21,555.64,4.903,59.85,21.039,25.607,3.982,24.681,16.98,MISFIRE,1.0,1.0,1.0,1.0,1.0,1.0,0.0,0.0,0.0
117.2,CLIMB,80.23,57.15,5551.67,18.9,82.906,0.989,5613.25,79.5,557.67,4.947,59.98,21.119,25.605,4.019,24.6,17.035,5607.39,80.06,557.37,4.962,60.08,21.105,25.591,3.974,24.567,16.965,MISFIRE,1.0,1.0,1.0,1.0,1.0,1.0,0.0,0.0,0.0
117.3,CLIMB,80.23,57.15,5558.75,18.88,82.885,0.9888,5612.83,79.5,557.66,4.947,59.97,21.118,25.605,4.018,24.6,17.034,5612.9,79.57,557.96,4.954,59.63,21.246,25.574,3.998,24.61,16.975,MISFIRE,1.0,1.0,1.0,1.0,1.0,1.0,0.0,0.0,0.0
117.4,CLIMB,80.22,57.14,5565.83,18.87,82.864,0.9885,5612.41,79.5,557.64,4.947,59.96,21.116,25.604,4.018,24.6,17.033,5607.85,80.06,556.97,5.011,60.19,21.021,25.664,3.956,24.563,17.148,MISFIRE,1.0,1.0,1.0,1.0,1.0,1.0,0.0,0.0,0.0
117.5,CLIMB,80.21,57.14,5572.92,18.85,82.843,0.9883,5611.99,79.5,557.63,4.947,59.95,21.115,25.604,4.018,24.6,17.031,5617.4,79.83,554.8,4.922,60.18,21.164,25.633,4.122,24.627,16.964,MISFIRE,1.0,1.0,1.0,1.0,1.0,1.0,0.0,0.0,0.0
117.6,CLIMB,80.2,57.13,5580.0,18.84,82.821,0.9881,5611.57,79.5,557.61,4.947,59.94,21.113,25.604,4.018,24.6,17.03,5619.52,80.44,559.29,4.944,60.34,21.181,25.51,3.991,24.57,17.177,MISFIRE,1.0,1.0,1.0,1.0,1.0,1.0,0.0,0.0,0.0
117.7,CLIMB,80.19,57.12,5587.08,18.83,82.8,0.9879,5611.15,79.49,557.6,4.946,59.92,21.112,25.604,4.018,24.6,17.029,5611.26,79.79,558.8,4.883,59.85,20.993,25.679,4.0,24.585,17.069,MISFIRE,1.0,1.0,1.0,1.0,1.0,1.0,0.0,0.0,0.0
117.8,CLIMB,80.18,57.12,5594.17,18.81,82.779,0.9877,5610.73,79.49,557.59,4.946,59.91,21.11,25.604,4.018,24.6,17.028,5612.8,79.88,557.08,4.928,60.17,21.159,25.662,4.087,24.73,17.129,MISFIRE,1.0,1.0,1.0,1.0,1.0,1.0,0.0,0.0,0.0
117.9,CLIMB,80.18,57.11,5601.25,18.8,82.758,0.9875,5610.31,79.49,557.57,4.946,59.9,21.109,25.604,4.018,24.6,17.026,5606.71,79.33,557.52,4.932,60.15,20.977,25.607,4.05,24.585,16.981,MISFIRE,1.0,1.0,1.0,1.0,1.0,1.0,0.0,0.0,0.0
118.0,CLIMB,80.17,57.11,5608.33,18.78,82.737,0.9873,5609.89,79.49,557.56,4.946,59.89,21.108,25.603,4.018,24.6,17.025,5618.13,78.91,557.87,4.968,59.74,21.243,25.553,4.003,24.624,17.115,MISFIRE,1.0,1.0,1.0,1.0,1.0,1.0,0.0,0.0,0.0
118.1,CLIMB,80.16,57.1,5615.42,18.77,82.716,0.9871,5609.47,79.49,557.54,4.946,59.88,21.106,25.603,4.018,24.6,17.024,5617.26,80.06,557.48,4.928,59.95,21.111,25.569,4.079,24.595,17.066,MISFIRE,1.0,1.0,1.0,1.0,1.0,1.0,0.0,0.0,0.0
118.2,CLIMB,80.15,57.1,5622.5,18.76,82.694,0.9869,5609.05,79.49,557.53,4.946,59.87,21.105,25.603,4.018,24.6,17.023,5605.65,80.18,557.0,4.993,59.83,21.289,25.531,4.025,24.637,17.065,MISFIRE,1.0,1.0,1.0,1.0,1.0,1.0,0.0,0.0,0.0
118.3,CLIMB,80.14,57.09,5629.58,18.74,82.673,0.9867,5608.63,79.49,557.52,4.946,59.86,21.103,25.603,4.018,24.6,17.021,5615.49,80.29,555.19,4.948,59.41,21.131,25.591,3.97,24.681,17.087,MISFIRE,1.0,1.0,1.0,1.0,1.0,1.0,0.0,0.0,0.0
118.4,CLIMB,80.13,57.09,5636.67,18.73,82.652,0.9865,5608.21,79.49,557.5,4.945,59.84,21.102,25.603,4.018,24.6,17.02,5608.23,78.94,558.69,4.953,59.97,21.202,25.524,3.976,24.592,17.076,MISFIRE,1.0,1.0,1.0,1.0,1.0,1.0,0.0,0.0,0.0
118.5,CLIMB,80.13,57.08,5643.75,18.71,82.631,0.9863,5607.79,79.49,557.49,4.945,59.83,21.1,25.603,4.017,24.6,17.019,5613.07,79.42,556.42,4.942,59.45,21.146,25.567,4.086,24.555,16.946,MISFIRE,1.0,1.0,1.0,1.0,1.0,1.0,0.0,0.0,0.0
118.6,CLIMB,80.12,57.08,5650.83,18.7,82.61,0.9861,5607.37,79.49,557.47,4.945,59.82,21.099,25.602,4.017,24.6,17.018,5605.26,78.85,558.0,4.912,59.96,21.166,25.646,3.967,24.624,17.084,MISFIRE,1.0,1.0,1.0,1.0,1.0,1.0,0.0,0.0,0.0
118.7,CLIMB,80.11,57.07,5657.92,18.68,82.589,0.9859,5606.96,79.49,557.46,4.945,59.81,21.097,25.602,4.017,24.6,17.016,5603.58,77.87,558.18,4.99,60.31,21.104,25.557,3.977,24.661,17.009,MISFIRE,1.0,1.0,1.0,1.0,1.0,1.0,0.0,0.0,0.0
118.8,CLIMB,80.1,57.07,5665.0,18.67,82.567,0.9857,5606.54,79.49,557.45,4.945,59.8,21.096,25.602,4.017,24.6,17.015,5610.57,80.25,556.26,4.927,60.03,21.16,25.608,3.978,24.614,17.165,MISFIRE,1.0,1.0,1.0,1.0,1.0,1.0,0.0,0.0,0.0
118.9,CLIMB,80.09,57.06,5672.08,18.66,82.546,0.9855,5606.12,79.48,557.43,4.945,59.79,21.094,25.602,4.017,24.6,17.014,5609.71,79.33,558.64,4.951,59.62,21.18,25.62,3.989,24.58,16.978,MISFIRE,1.0,1.0,1.0,1.0,1.0,1.0,0.0,0.0,0.0
119.0,CLIMB,80.08,57.05,5679.17,18.64,82.525,0.9853,5605.7,79.48,557.42,4.945,59.77,21.093,25.602,4.017,24.6,17.013,5610.32,78.5,556.91,4.961,59.42,21.123,25.536,4.01,24.61,17.051,MISFIRE,1.0,1.0,1.0,1.0,1.0,1.0,0.0,0.0,0.0
119.1,CLIMB,80.08,57.05,5686.25,18.63,82.504,0.9851,5605.28,79.48,557.4,4.944,59.76,21.092,25.602,4.017,24.6,17.011,5606.08,79.6,555.89,4.916,59.87,21.023,25.584,4.081,24.606,17.203,MISFIRE,1.0,1.0,1.0,1.0,1.0,1.0,0.0,0.0,0.0
119.2,CLIMB,80.07,57.04,5693.33,18.61,82.483,0.9849,5604.86,79.48,557.39,4.944,59.75,21.09,25.601,4.017,24.6,17.01,5615.19,79.59,557.55,4.915,59.34,21.155,25.588,4.111,24.597,16.866,MISFIRE,1.0,1.0,1.0,1.0,1.0,1.0,0.0,0.0,0.0
119.3,CLIMB,80.06,57.04,5700.42,18.6,82.462,0.9847,5604.44,79.48,557.38,4.944,59.74,21.089,25.601,4.017,24.6,17.009,5605.5,79.73,557.05,4.918,59.39,21.252,25.577,3.955,24.75,16.967,MISFIRE,1.0,1.0,1.0,1.0,1.0,1.0,0.0,0.0,0.0
119.4,CLIMB,80.05,57.03,5707.5,18.59,82.441,0.9845,5604.02,79.48,557.36,4.944,59.73,21.087,25.601,4.017,24.6,17.008,5612.74,79.92,558.94,4.894,59.42,21.159,25.66,4.038,24.559,16.928,MISFIRE,1.0,1.0,1.0,1.0,1.0,1.0,0.0,0.0,0.0
119.5,CLIMB,80.04,57.03,5714.58,18.57,82.42,0.9843,5603.6,79.48,557.35,4.944,59.72,21.086,25.601,4.017,24.6,17.006,5612.88,79.32,555.75,4.95,60.08,21.191,25.627,4.016,24.597,16.761,MISFIRE,1.0,1.0,1.0,1.0,1.0,1.0,0.0,0.0,0.0
119.6,CLIMB,80.03,57.02,5721.67,18.56,82.399,0.984,5603.18,79.48,557.33,4.944,59.71,21.084,25.601,4.016,24.6,17.005,5613.45,79.11,558.52,4.971,59.16,21.022,25.646,4.002,24.63,16.923,MISFIRE,1.0,1.0,1.0,1.0,1.0,1.0,0.0,0.0,0.0
119.7,CLIMB,80.03,57.02,5728.75,18.54,82.377,0.9838,5602.76,79.48,557.32,4.944,59.69,21.083,25.601,4.016,24.6,17.004,5601.9,79.58,558.54,4.944,59.63,21.083,25.678,4.018,24.568,17.093,MISFIRE,1.0,1.0,1.0,1.0,1.0,1.0,0.0,0.0,0.0
119.8,CLIMB,80.02,57.01,5735.83,18.53,82.356,0.9836,5602.34,79.48,557.31,4.943,59.68,21.081,25.6,4.016,24.6,17.003,5594.92,80.41,555.72,4.962,59.43,21.145,25.618,3.971,24.642,17.036,MISFIRE,1.0,1.0,1.0,1.0,1.0,1.0,0.0,0.0,0.0
119.9,CLIMB,80.01,57.01,5742.92,18.51,82.335,0.9834,5601.92,79.48,557.29,4.943,59.67,21.08,25.6,4.016,24.6,17.001,5599.55,78.91,555.71,4.968,59.98,21.159,25.592,3.994,24.594,16.824,MISFIRE,1.0,1.0,1.0,1.0,1.0,1.0,0.0,0.0,0.0
120.0,CLIMB,80.0,57.0,5750.0,18.5,82.314,0.9832,5601.5,79.47,557.28,4.943,59.66,21.078,25.6,4.016,24.6,17.0,5612.16,79.53,558.64,4.915,59.86,20.92,25.595,4.068,24.585,16.995,MISFIRE,1.0,1.0,1.0,1.0,1.0,1.0,0.0,0.0,0.0
120.1,CLIMB,79.99,56.99,5757.08,18.49,82.293,0.983,5601.09,79.47,557.26,4.943,59.65,21.077,25.6,4.016,24.6,16.999,5607.77,78.7,558.36,4.934,59.69,21.121,25.595,4.071,24.519,17.142,MISFIRE,1.0,1.0,1.0,1.0,1.0,1.0,0.0,0.0,0.0
120.2,CLIMB,79.98,56.99,5764.17,18.47,82.272,0.9828,5600.67,79.47,557.25,4.943,59.64,21.076,25.6,4.016,24.6,16.998,5596.53,79.41,556.22,4.895,59.86,21.029,25.608,3.966,24.546,17.058,MISFIRE,1.0,1.0,1.0,1.0,1.0,1.0,0.0,0.0,0.0
120.3,CLIMB,79.98,56.98,5771.25,18.46,82.251,0.9826,5600.25,79.47,557.24,4.943,59.63,21.074,25.6,4.016,24.6,16.996,5597.69,79.04,557.42,4.991,59.54,21.126,25.597,3.98,24.669,16.957,MISFIRE,1.0,1.0,1.0,1.0,1.0,1.0,0.0,0.0,0.0
120.4,CLIMB,79.97,56.98,5778.33,18.44,82.23,0.9824,5599.83,79.47,557.22,4.943,59.61,21.073,25.599,4.016,24.6,16.995,5592.76,79.32,556.15,4.959,59.71,20.92,25.499,3.944,24.514,17.061,MISFIRE,1.0,1.0,1.0,1.0,1.0,1.0,0.0,0.0,0.0
120.5,CLIMB,79.96,56.97,5785.42,18.43,82.209,0.9822,5599.41,79.47,557.21,4.942,59.6,21.071,25.599,4.016,24.6,16.994,5605.98,79.0,557.79,4.929,59.87,21.184,25.548,4.092,24.524,17.193,MISFIRE,1.0,1.0,1.0,1.0,1.0,1.0,0.0,0.0,0.0
120.6,CLIMB,79.95,56.97,5792.5,18.42,82.188,0.982,5598.99,79.47,557.19,4.942,59.59,21.07,25.599,4.016,24.6,16.993,5598.83,79.68,556.23,4.944,59.84,21.06,25.675,3.977,24.65,17.02,MISFIRE,1.0,1.0,1.0,1.0,1.0,1.0,0.0,0.0,0.0
120.7,CLIMB,79.94,56.96,5799.58,18.4,82.167,0.9818,5598.57,79.47,557.18,4.942,59.58,21.068,25.599,4.016,24.6,16.991,5598.69,79.69,557.44,4.941,58.85,21.227,25.485,3.956,24.64,17.054,MISFIRE,1.0,1.0,1.0,1.0,1.0,1.0,0.0,0.0,0.0
120.8,CLIMB,79.93,56.96,5806.67,18.39,82.146,0.9816,5598.15,79.47,557.17,4.942,59.57,21.067,25.599,4.015,24.6,16.99,5604.26,79.71,555.98,4.908,59.5,21.127,25.528,4.028,24.478,17.161,MISFIRE,1.0,1.0,1.0,1.0,1.0,1.0,0.0,0.0,0.0
120.9,CLIMB,79.93,56.95,5813.75,18.37,82.125,0.9814,5597.73,79.47,557.15,4.942,59.56,21.065,25.599,4.015,24.6,16.989,5598.29,79.39,557.73,4.901,59.2,20.862,25.544,4.059,24.577,16.962,MISFIRE,1.0,1.0,1.0,1.0,1.0,1.0,0.0,0.0,0.0
121.0,CLIMB,79.92,56.95,5820.83,18.36,82.104,0.9812,5597.31,79.47,557.14,4.942,59.54,21.064,25.598,4.015,24.6,16.988,5601.56,79.23,553.82,4.929,59.17,20.989,25.657,3.982,24.636,16.991,MISFIRE,1.0,1.0,1.0,1.0,1.0,1.0,0.0,0.0,0.0
121.1,CLIMB,79.91,56.94,5827.92,18.34,82.083,0.981,5596.9,79.46,557.12,4.942,59.53,21.062,25.598,4.015,24.6,16.986,5604.62,79.19,555.74,4.972,59.95,21.125,25.577,4.021,24.561,17.129,MISFIRE,1.0,1.0,1.0,1.0,1.0,1.0,0.0,0.0,0.0
121.2,CLIMB,79.9,56.94,5835.0,18.33,82.062,0.9808,5596.48,79.46,557.11,4.942,59.52,21.061,25.598,4.015,24.6,16.985,5597.53,79.99,559.31,4.96,59.65,21.178,25.652,3.936,24.542,16.99,MISFIRE,1.0,1.0,1.0,1.0,1.0,1.0,0.0,0.0,0.0
121.3,CLIMB,79.89,56.93,5842.08,18.32,82.041,0.9806,5596.06,79.46,557.1,4.941,59.51,21.06,25.598,4.015,24.6,16.984,5602.78,78.5,556.35,4.949,59.72,21.124,25.598,4.002,24.555,17.245,MISFIRE,1.0,1.0,1.0,1.0,1.0,1.0,0.0,0.0,0.0
121.4,CLIMB,79.88,56.92,5849.17,18.3,82.02,0.9804,5595.64,79.46,557.08,4.941,59.5,21.058,25.598,4.015,24.6,16.983,5596.8,79.73,558.65,4.903,59.53,20.827,25.609,3.991,24.636,16.962,MISFIRE,1.0,1.0,1.0,1.0,1.0,1.0,0.0,0.0,0.0
121.5,CLIMB,79.88,56.92,5856.25,18.29,81.999,0.9802,5595.22,79.46,557.07,4.941,59.49,21.057,25.598,4.015,24.6,16.981,5589.2,78.77,559.32,4.951,59.09,20.901,25.673,4.083,24.605,17.2,MISFIRE,1.0,1.0,1.0,1.0,1.0,1.0,0.0,0.0,0.0
121.6,CLIMB,79.87,56.91,5863.33,18.27,81.978,0.98,5594.8,79.46,557.05,4.941,59.47,21.055,25.597,4.015,24.6,16.98,5590.73,78.59,557.46,4.983,59.68,21.094,25.636,4.058,24.485,17.097,MISFIRE,1.0,1.0,1.0,1.0,1.0,1.0,0.0,0.0,0.0
121.7,CLIMB,79.86,56.91,5870.42,18.26,81.957,0.9798,5594.38,79.46,557.04,4.941,59.46,21.054,25.597,4.015,24.6,16.979,5589.39,79.13,557.63,4.984,59.32,20.882,25.658,3.992,24.575,16.909,MISFIRE,1.0,1.0,1.0,1.0,1.0,1.0,0.0,0.0,0.0
121.8,CLIMB,79.85,56.9,5877.5,18.25,81.936,0.9796,5593.96,79.46,557.03,4.941,59.45,21.052,25.597,4.015,24.6,16.978,5593.12,79.66,556.72,4.975,59.58,21.144,25.596,3.939,24.682,17.013,MISFIRE,1.0,1.0,1.0,1.0,1.0,1.0,0.0,0.0,0.0
121.9,CLIMB,79.84,56.9,5884.58,18.23,81.915,0.9794,5593.55,79.46,557.01,4.941,59.44,21.051,25.597,4.015,24.6,16.976,5593.97,79.08,558.95,4.929,59.33,21.157,25.575,4.044,24.532,16.823,MISFIRE,1.0,1.0,1.0,1.0,1.0,1.0,0.0,0.0,0.0
122.0,CLIMB,79.83,56.89,5891.67,18.22,81.894,0.9792,5593.13,79.46,557.0,4.94,59.43,21.049,25.597,4.014,24.6,16.975,5584.95,79.65,557.2,4.95,59.71,21.026,25.637,4.015,24.625,16.954,MISFIRE,1.0,1.0,1.0,1.0,1.0,1.0,0.0,0.0,0.0
122.1,CLIMB,79.83,56.89,5898.75,18.2,81.873,0.979,5592.71,79.46,556.98,4.94,59.42,21.048,25.597,4.014,24.6,16.974,5590.35,79.7,558.16,4.919,58.8,21.1,25.694,3.957,24.633,17.104,MISFIRE,1.0,1.0,1.0,1.0,1.0,1.0,0.0,0.0,0.0
122.2,CLIMB,79.82,56.88,5905.83,18.19,81.852,0.9788,5592.29,79.45,556.97,4.94,59.4,21.046,25.596,4.014,24.6,16.973,5589.96,78.87,557.58,4.944,59.37,20.985,25.646,3.957,24.586,17.072,MISFIRE,1.0,1.0,1.0,1.0,1.0,1.0,0.0,0.0,0.0
122.3,CLIMB,79.81,56.88,5912.92,18.17,81.831,0.9786,5591.87,79.45,556.96,4.94,59.39,21.045,25.596,4.014,24.6,16.971,5591.06,78.42,555.8,4.979,59.32,21.059,25.515,3.991,24.596,16.89,MISFIRE,1.0,1.0,1.0,1.0,1.0,1.0,0.0,0.0,0.0
122.4,CLIMB,79.8,56.87,5920.0,18.16,81.81,0.9783,5591.45,79.45,556.94,4.94,59.38,21.044,25.596,4.014,24.6,16.97,5581.72,79.85,555.07,4.947,59.05,21.159,25.658,4.03,24.589,16.988,MISFIRE,1.0,1.0,1.0,1.0,1.0,1.0,0.0,0.0,0.0
122.5,CLIMB,79.79,56.86,5927.08,18.15,81.789,0.9781,5591.03,79.45,556.93,4.94,59.37,21.042,25.596,4.014,24.6,16.969,5576.14,79.75,557.39,4.91,59.5,21.133,25.549,4.014,24.592,16.895,MISFIRE,1.0,1.0,1.0,1.0,1.0,1.0,0.0,0.0,0.0
122.6,CLIMB,79.78,56.86,5934.17,18.13,81.768,0.9779,5590.62,79.45,556.91,4.94,59.36,21.041,25.596,4.014,24.6,16.968,5587.6,79.58,554.57,4.972,59.61,21.083,25.574,3.957,24.617,16.948,MISFIRE,1.0,1.0,1.0,1.0,1.0,1.0,0.0,0.0,0.0
122.7,CLIMB,79.78,56.85,5941.25,18.12,81.747,0.9777,5590.2,79.45,556.9,4.939,59.35,21.039,25.596,4.014,24.6,16.966,5585.24,79.64,556.12,4.953,59.31,21.089,25.59,3.997,24.553,17.095,MISFIRE,1.0,1.0,1.0,1.0,1.0,1.0,0.0,0.0,0.0
122.8,CLIMB,79.77,56.85,5948.33,18.1,81.726,0.9775,5589.78,79.45,556.89,4.939,59.33,21.038,25.595,4.014,24.6,16.965,5585.81,79.39,555.41,4.96,59.03,21.045,25.531,4.078,24.566,16.992,MISFIRE,1.0,1.0,1.0,1.0,1.0,1.0,0.0,0.0,0.0
122.9,CLIMB,79.76,56.84,5955.42,18.09,81.705,0.9773,5589.36,79.45,556.87,4.939,59.32,21.036,25.595,4.014,24.6,16.964,5592.55,80.04,558.99,4.964,59.42,20.978,25.641,4.015,24.602,17.028,MISFIRE,1.0,1.0,1.0,1.0,1.0,1.0,0.0,0.0,0.0
123.0,CLIMB,79.75,56.84,5962.5,18.08,81.685,0.9771,5588.94,79.45,556.86,4.939,59.31,21.035,25.595,4.014,24.6,16.963,5582.86,80.43,556.18,4.934,59.77,21.016,25.574,4.005,24.534,17.034,MISFIRE,1.0,1.0,1.0,1.0,1.0,1.0,0.0,0.0,0.0
123.1,CLIMB,79.74,56.83,5969.58,18.06,81.664,0.9769,5588.52,79.45,556.84,4.939,59.3,21.033,25.595,4.014,24.6,16.961,5586.67,79.63,556.2,4.922,59.59,21.173,25.46,4.046,24.654,17.127,MISFIRE,1.0,1.0,1.0,1.0,1.0,1.0,0.0,0.0,0.0
123.2,CLIMB,79.73,56.83,5976.67,18.05,81.643,0.9767,5588.11,79.45,556.83,4.939,59.29,21.032,25.595,4.013,24.6,16.96,5581.06,79.41,557.07,4.979,59.83,21.022,25.487,3.969,24.615,16.801,MISFIRE,1.0,1.0,1.0,1.0,1.0,1.0,0.0,0.0,0.0
123.3,CLIMB,79.73,56.82,5983.75,18.03,81.622,0.9765,5587.69,79.44,556.82,4.939,59.28,21.03,25.595,4.013,24.6,16.959,5586.02,79.83,557.35,4.891,59.15,20.94,25.636,4.065,24.563,16.919,MISFIRE,1.0,1.0,1.0,1.0,1.0,1.0,0.0,0.0,0.0
123.4,CLIMB,79.72,56.82,5990.83,18.02,81.601,0.9763,5587.27,79.44,556.8,4.938,59.26,21.029,25.594,4.013,24.6,16.958,5586.46,79.27,557.58,4.928,59.24,21.07,25.516,3.962,24.626,17.106,MISFIRE,1.0,1.0,1.0,1.0,1.0,1.0,0.0,0.0,0.0
123.5,CLIMB,79.71,56.81,5997.92,18.0,81.58,0.9761,5586.85,79.44,556.79,4.938,59.25,21.028,25.594,4.013,24.6,16.956,5588.18,79.17,559.12,4.912,59.76,21.057,25.506,4.164,24.594,16.936,MISFIRE,1.0,1.0,1.0,1.0,1.0,1.0,0.0,0.0,0.0
123.6,CLIMB,79.7,56.81,6005.0,17.99,81.559,0.9759,5586.43,79.44,556.77,4.938,59.24,21.026,25.594,4.013,24.6,16.955,5583.86,79.61,557.06,4.905,59.42,21.114,25.523,4.101,24.575,16.935,MISFIRE,1.0,1.0,1.0,1.0,1.0,1.0,0.0,0.0,0.0
123.7,CLIMB,79.69,56.8,6012.08,17.98,81.538,0.9757,5586.01,79.44,556.76,4.938,59.23,21.025,25.594,4.013,24.6,16.954,5582.33,79.1,556.35,4.892,59.66,21.085,25.586,4.098,24.585,16.8,MISFIRE,1.0,1.0,1.0,1.0,1.0,1.0,0.0,0.0,0.0
123.8,CLIMB,79.68,56.79,6019.17,17.96,81.517,0.9755,5585.6,79.44,556.75,4.938,59.22,21.023,25.594,4.013,24.6,16.953,5586.74,80.08,556.1,4.936,59.47,21.103,25.609,4.079,24.654,17.062,MISFIRE,1.0,1.0,1.0,1.0,1.0,1.0,0.0,0.0,0.0
123.9,CLIMB,79.68,56.79,6026.25,17.95,81.497,0.9753,5585.18,79.44,556.73,4.938,59.21,21.022,25.594,4.013,24.6,16.951,5582.6,79.29,556.34,4.906,59.33,20.914,25.629,4.025,24.535,16.975,MISFIRE,1.0,1.0,1.0,1.0,1.0,1.0,0.0,0.0,0.0
124.0,CLIMB,79.67,56.78,6033.33,17.93,81.476,0.9751,5584.76,79.44,556.72,4.938,59.19,21.02,25.593,4.013,24.6,16.95,5582.7,79.54,556.35,4.95,58.98,20.94,25.681,4.033,24.621,17.043,MISFIRE,1.0,1.0,1.0,1.0,1.0,1.0,0.0,0.0,0.0
124.1,CLIMB,79.66,56.78,6040.42,17.92,81.455,0.9749,5584.34,79.44,556.7,4.937,59.18,21.019,25.593,4.013,24.6,16.949,5584.15,79.47,554.7,4.923,59.45,21.099,25.552,4.013,24.528,16.833,MISFIRE,1.0,1.0,1.0,1.0,1.0,1.0,0.0,0.0,0.0
124.2,CLIMB,79.65,56.77,6047.5,17.91,81.434,0.9747,5583.92,79.44,556.69,4.937,59.17,21.017,25.593,4.013,24.6,16.948,5588.3,79.76,557.32,4.91,59.27,21.113,25.631,3.925,24.588,17.021,MISFIRE,1.0,1.0,1.0,1.0,1.0,1.0,0.0,0.0,0.0
124.3,CLIMB,79.64,56.77,6054.58,17.89,81.413,0.9745,5583.51,79.44,556.68,4.937,59.16,21.016,25.593,4.012,24.6,16.946,5583.46,79.23,555.41,4.935,59.34,20.97,25.615,4.068,24.656,16.966,MISFIRE,1.0,1.0,1.0,1.0,1.0,1.0,0.0,0.0,0.0
124.4,CLIMB,79.63,56.76,6061.67,17.88,81.392,0.9743,5583.09,79.43,556.66,4.937,59.15,21.014,25.593,4.012,24.6,16.945,5582.8,79.44,555.09,4.925,58.66,21.136,25.672,4.023,24.541,17.002,MISFIRE,1.0,1.0,1.0,1.0,1.0,1.0,0.0,0.0,0.0
124.5,CLIMB,79.63,56.76,6068.75,17.86,81.371,0.9741,5582.67,79.43,556.65,4.937,59.14,21.013,25.593,4.012,24.6,16.944,5585.22,79.25,555.82,4.91,58.86,20.997,25.644,4.043,24.667,17.059,MISFIRE,1.0,1.0,1.0,1.0,1.0,1.0,0.0,0.0,0.0
124.6,CLIMB,79.62,56.75,6075.83,17.85,81.351,0.9739,5582.25,79.43,556.63,4.937,59.12,21.012,25.592,4.012,24.6,16.943,5578.54,79.97,554.83,4.958,59.19,20.951,25.642,4.005,24.59,16.946,MISFIRE,1.0,1.0,1.0,1.0,1.0,1.0,0.0,0.0,0.0
124.7,CLIMB,79.61,56.75,6082.92,17.83,81.33,0.9737,5581.83,79.43,556.62,4.937,59.11,21.01,25.592,4.012,24.6,16.941,5584.81,78.66,554.11,4.906,59.01,20.96,25.566,3.976,24.625,16.763,MISFIRE,1.0,1.0,1.0,1.0,1.0,1.0,0.0,0.0,0.0
124.8,CLIMB,79.6,56.74,6090.0,17.82,81.309,0.9735,5581.42,79.43,556.61,4.937,59.1,21.009,25.592,4.012,24.6,16.94,5589.79,79.07,556.46,4.938,58.42,21.143,25.692,4.039,24.644,16.94,MISFIRE,1.0,1.0,1.0,1.0,1.0,1.0,0.0,0.0,0.0
124.9,CLIMB,79.59,56.73,6097.08,17.81,81.288,0.9733,5581.0,79.43,556.59,4.936,59.09,21.007,25.592,4.012,24.6,16.939,5577.49,78.96,555.16,4.943,59.08,20.94,25.706,4.018,24.681,17.008,MISFIRE,1.0,1.0,1.0,1.0,1.0,1.0,0.0,0.0,0.0
125.0,CLIMB,79.58,56.73,6104.17,17.79,81.267,0.9731,5580.58,79.43,556.58,4.936,59.08,21.006,25.592,4.012,24.6,16.938,5581.57,80.14,556.1,4.906,59.04,21.065,25.569,4.052,24.606,17.009,MISFIRE,1.0,1.0,1.0,1.0,1.0,1.0,0.0,0.0,0.0
125.1,CLIMB,79.58,56.72,6111.25,17.78,81.247,0.9729,5580.16,79.43,556.56,4.936,59.07,21.004,25.592,4.012,24.6,16.936,5578.16,79.44,554.64,4.912,59.04,20.894,25.582,3.936,24.534,16.854,MISFIRE,1.0,1.0,1.0,1.0,1.0,1.0,0.0,0.0,0.0
125.2,CLIMB,79.57,56.72,6118.33,17.76,81.226,0.9727,5579.74,79.43,556.55,4.936,59.05,21.003,25.591,4.012,24.6,16.935,5585.22,78.76,559.67,4.92,59.44,20.891,25.601,4.035,24.676,16.882,MISFIRE,1.0,1.0,1.0,1.0,1.0,1.0,0.0,0.0,0.0
125.3,CLIMB,79.56,56.71,6125.42,17.75,81.205,0.9725,5579.33,79.43,556.54,4.936,59.04,21.001,25.591,4.012,24.6,16.934,5590.01,78.96,556.92,4.932,59.13,21.179,25.583,4.157,24.61,16.906,MISFIRE,1.0,1.0,1.0,1.0,1.0,1.0,0.0,0.0,0.0
125.4,CLIMB,79.55,56.71,6132.5,17.74,81.184,0.9723,5578.91,79.43,556.52,4.936,59.03,21.0,25.591,4.012,24.6,16.933,5580.48,79.51,553.16,4.952,59.21,20.81,25.761,4.033,24.57,16.977,MISFIRE,1.0,1.0,1.0,1.0,1.0,1.0,0.0,0.0,0.0
125.5,CLIMB,79.54,56.7,6139.58,17.72,81.163,0.9721,5578.49,79.42,556.51,4.936,59.02,20.998,25.591,4.011,24.6,16.931,5574.73,79.62,558.89,4.908,58.71,20.915,25.62,4.016,24.657,16.997,MISFIRE,1.0,1.0,1.0,1.0,1.0,1.0,0.0,0.0,0.0
125.6,CLIMB,79.53,56.7,6146.67,17.71,81.143,0.9719,5578.07,79.42,556.49,4.935,59.01,20.997,25.591,4.011,24.6,16.93,5580.35,78.95,557.15,4.937,58.71,21.122,25.611,3.982,24.656,16.912,MISFIRE,1.0,1.0,1.0,1.0,1.0,1.0,0.0,0.0,0.0
125.7,CLIMB,79.53,56.69,6153.75,17.69,81.122,0.9717,5577.65,79.42,556.48,4.935,58.99,20.996,25.591,4.011,24.6,16.929,5578.4,80.1,556.48,4.967,58.74,21.001,25.637,3.995,24.646,16.929,MISFIRE,1.0,1.0,1.0,1.0,1.0,1.0,0.0,0.0,0.0
125.8,CLIMB,79.52,56.69,6160.83,17.68,81.101,0.9715,5577.24,79.42,556.47,4.935,58.98,20.994,25.59,4.011,24.6,16.928,5575.3,79.45,557.74,4.978,58.61,20.993,25.591,3.941,24.566,17.166,MISFIRE,1.0,1.0,1.0,1.0,1.0,1.0,0.0,0.0,0.0
125.9,CLIMB,79.51,56.68,6167.92,17.66,81.08,0.9713,5576.82,79.42,556.45,4.935,58.97,20.993,25.59,4.011,24.6,16.926,5574.2,78.97,555.3,4.912,58.31,21.104,25.669,3.939,24.605,16.955,MISFIRE,1.0,1.0,1.0,1.0,1.0,1.0,0.0,0.0,0.0
126.0,CLIMB,79.5,56.68,6175.0,17.65,81.06,0.9711,5576.4,79.42,556.44,4.935,58.96,20.991,25.59,4.011,24.6,16.925,5578.29,79.65,556.76,4.933,59.34,20.95,25.581,4.053,24.556,16.808,MISFIRE,1.0,1.0,1.0,1.0,1.0,1.0,0.0,0.0,0.0
126.1,CLIMB,79.49,56.67,6182.08,17.64,81.039,0.9709,5575.98,79.42,556.42,4.935,58.95,20.99,25.59,4.011,24.6,16.924,5580.63,79.55,557.47,4.964,59.7,20.905,25.656,4.037,24.644,16.885,MISFIRE,1.0,1.0,1.0,1.0,1.0,1.0,0.0,0.0,0.0
126.2,CLIMB,79.48,56.66,6189.17,17.62,81.018,0.9707,5575.57,79.42,556.41,4.935,58.94,20.988,25.59,4.011,24.6,16.923,5577.26,79.87,555.77,4.897,58.7,21.004,25.587,3.949,24.643,16.836,MISFIRE,1.0,1.0,1.0,1.0,1.0,1.0,0.0,0.0,0.0
126.3,CLIMB,79.48,56.66,6196.25,17.61,80.997,0.9705,5575.15,79.42,556.4,4.934,58.92,20.987,25.59,4.011,24.6,16.921,5585.72,79.14,556.59,5.003,58.37,20.977,25.55,4.11,24.574,16.899,MISFIRE,1.0,1.0,1.0,1.0,1.0,1.0,0.0,0.0,0.0
126.4,CLIMB,79.47,56.65,6203.33,17.59,80.977,0.9703,5574.73,79.42,556.38,4.934,58.91,20.985,25.589,4.011,24.6,16.92,5579.61,79.98,557.82,4.914,58.85,20.994,25.583,4.077,24.619,16.934,MISFIRE,1.0,1.0,1.0,1.0,1.0,1.0,0.0,0.0,0.0
126.5,CLIMB,79.46,56.65,6210.42,17.58,80.956,0.9701,5574.31,79.42,556.37,4.934,58.9,20.984,25.589,4.011,24.6,16.919,5580.89,78.89,556.67,4.91,58.93,20.975,25.589,4.103,24.67,16.795,MISFIRE,1.0,1.0,1.0,1.0,1.0,1.0,0.0,0.0,0.0
126.6,CLIMB,79.45,56.64,6217.5,17.57,80.935,0.9699,5573.9,79.41,556.35,4.934,58.89,20.982,25.589,4.011,24.6,16.918,5579.94,80.32,556.94,4.926,58.89,20.974,25.603,4.092,24.689,16.901,MISFIRE,1.0,1.0,1.0,1.0,1.0,1.0,0.0,0.0,0.0
126.7,CLIMB,79.44,56.64,6224.58,17.55,80.915,0.9697,5573.48,79.41,556.34,4.934,58.88,20.981,25.589,4.01,24.6,16.916,5575.54,79.29,557.34,4.92,59.11,21.108,25.556,4.026,24.666,16.899,MISFIRE,1.0,1.0,1.0,1.0,1.0,1.0,0.0,0.0,0.0
126.8,CLIMB,79.43,56.63,6231.67,17.54,80.894,0.9695,5573.06,79.41,556.33,4.934,58.86,20.979,25.589,4.01,24.6,16.915,5580.8,78.88,557.68,4.951,58.91,21.022,25.606,4.045,24.629,16.827,MISFIRE,1.0,1.0,1.0,1.0,1.0,1.0,0.0,0.0,0.0
126.9,CLIMB,79.43,56.63,6238.75,17.52,80.873,0.9693,5572.64,79.41,556.31,4.934,58.85,20.978,25.589,4.01,24.6,16.914,5572.61,79.17,557.19,4.931,59.07,21.112,25.644,4.032,24.631,16.923,MISFIRE,1.0,1.0,1.0,1.0,1.0,1.0,0.0,0.0,0.0
127.0,CLIMB,79.42,56.62,6245.83,17.51,80.852,0.9691,5572.23,79.41,556.3,4.933,58.84,20.977,25.588,4.01,24.6,16.913,5570.19,79.05,556.36,4.906,58.75,20.954,25.638,3.988,24.563,16.998,MISFIRE,1.0,1.0,1.0,1.0,1.0,1.0,0.0,0.0,0.0
127.1,CLIMB,79.41,56.62,6252.92,17.49,80.832,0.9689,5571.81,79.41,556.28,4.933,58.83,20.975,25.588,4.01,24.6,16.911,5570.01,80.17,555.27,4.941,58.63,20.899,25.723,4.053,24.557,17.006,MISFIRE,1.0,1.0,1.0,1.0,1.0,1.0,0.0,0.0,0.0
127.2,CLIMB,79.4,56.61,6260.0,17.48,80.811,0.9687,5571.39,79.41,556.27,4.933,58.82,20.974,25.588,4.01,24.6,16.91,5567.32,79.7,556.6,4.857,58.24,20.805,25.716,4.009,24.544,16.997,MISFIRE,1.0,1.0,1.0,1.0,1.0,1.0,0.0,0.0,0.0
127.3,CLIMB,79.39,56.6,6267.08,17.47,80.79,0.9685,5570.97,79.41,556.26,4.933,58.81,20.972,25.588,4.01,24.6,16.909,5576.87,79.39,555.11,4.931,58.5,20.896,25.695,3.982,24.556,16.777,MISFIRE,1.0,1.0,1.0,1.0,1.0,1.0,0.0,0.0,0.0
127.4,CLIMB,79.38,56.6,6274.17,17.45,80.77,0.9683,5570.56,79.41,556.24,4.933,58.79,20.971,25.588,4.01,24.6,16.908,5571.9,79.68,557.87,4.976,58.7,20.89,25.619,3.97,24.603,16.993,MISFIRE,1.0,1.0,1.0,1.0,1.0,1.0,0.0,0.0,0.0
127.5,CLIMB,79.38,56.59,6281.25,17.44,80.749,0.9681,5570.14,79.41,556.23,4.933,58.78,20.969,25.588,4.01,24.6,16.906,5566.34,79.17,557.45,4.962,58.59,21.116,25.475,3.948,24.627,16.856,MISFIRE,1.0,1.0,1.0,1.0,1.0,1.0,0.0,0.0,0.0
127.6,CLIMB,79.37,56.59,6288.33,17.42,80.728,0.9679,5569.72,79.41,556.21,4.933,58.77,20.968,25.587,4.01,24.6,16.905,5560.84,79.4,556.9,4.92,59.02,20.972,25.605,3.957,24.721,16.897,MISFIRE,1.0,1.0,1.0,1.0,1.0,1.0,0.0,0.0,0.0
127.7,CLIMB,79.36,56.58,6295.42,17.41,80.708,0.9677,5569.3,79.4,556.2,4.933,58.76,20.966,25.587,4.01,24.6,16.904,5566.4,79.3,556.98,4.963,58.97,20.854,25.588,4.053,24.63,16.991,MISFIRE,1.0,1.0,1.0,1.0,1.0,1.0,0.0,0.0,0.0
127.8,CLIMB,79.35,56.58,6302.5,17.4,80.687,0.9675,5568.89,79.4,556.19,4.932,58.75,20.965,25.587,4.01,24.6,16.903,5568.16,79.97,557.5,4.916,58.31,21.034,25.577,3.976,24.612,16.922,MISFIRE,1.0,1.0,1.0,1.0,1.0,1.0,0.0,0.0,0.0
127.9,CLIMB,79.34,56.57,6309.58,17.38,80.666,0.9673,5568.47,79.4,556.17,4.932,58.73,20.963,25.587,4.009,24.6,16.901,5566.72,78.96,554.64,4.918,58.85,21.065,25.56,4.0,24.572,16.917,MISFIRE,1.0,1.0,1.0,1.0,1.0,1.0,0.0,0.0,0.0
128.0,CLIMB,79.33,56.57,6316.67,17.37,80.646,0.9671,5568.05,79.4,556.16,4.932,58.72,20.962,25.587,4.009,24.6,16.9,5567.23,79.19,556.74,4.968,59.73,20.886,25.629,3.997,24.514,17.004,MISFIRE,1.0,1.0,1.0,1.0,1.0,1.0,0.0,0.0,0.0
128.1,CLIMB,79.33,56.56,6323.75,17.35,80.625,0.9669,5567.64,79.4,556.14,4.932,58.71,20.961,25.587,4.009,24.6,16.899,5572.46,80.03,556.3,4.912,58.42,20.918,25.614,4.045,24.517,16.754,MISFIRE,1.0,1.0,1.0,1.0,1.0,1.0,0.0,0.0,0.0
128.2,CLIMB,79.32,56.56,6330.83,17.34,80.604,0.9667,5567.22,79.4,556.13,4.932,58.7,20.959,25.586,4.009,24.6,16.898,5572.23,79.65,556.33,4.946,58.97,21.028,25.507,3.987,24.688,17.219,MISFIRE,1.0,1.0,1.0,1.0,1.0,1.0,0.0,0.0,0.0
128.3,CLIMB,79.31,56.55,6337.92,17.32,80.584,0.9665,5566.8,79.4,556.12,4.932,58.69,20.958,25.586,4.009,24.6,16.896,5562.92,78.96,556.16,4.937,59.14,21.046,25.685,4.112,24.606,16.86,MISFIRE,1.0,1.0,1.0,1.0,1.0,1.0,0.0,0.0,0.0
128.4,CLIMB,79.3,56.55,6345.0,17.31,80.563,0.9663,5566.38,79.4,556.1,4.932,58.67,20.956,25.586,4.009,24.6,16.895,5562.89,79.54,557.52,4.991,58.68,20.949,25.513,4.044,24.62,16.788,MISFIRE,1.0,1.0,1.0,1.0,1.0,1.0,0.0,0.0,0.0
128.5,CLIMB,79.29,56.54,6352.08,17.3,80.543,0.9661,5565.97,79.4,556.09,4.931,58.66,20.955,25.586,4.009,24.6,16.894,5573.91,79.61,554.85,4.895,58.41,20.946,25.611,4.063,24.66,16.977,MISFIRE,1.0,1.0,1.0,1.0,1.0,1.0,0.0,0.0,0.0
128.6,CLIMB,79.28,56.53,6359.17,17.28,80.522,0.9659,5565.55,79.4,556.07,4.931,58.65,20.953,25.586,4.009,24.6,16.893,5561.66,78.86,556.19,4.965,58.91,20.927,25.578,3.921,24.55,16.808,MISFIRE,1.0,1.0,1.0,1.0,1.0,1.0,0.0,0.0,0.0
128.7,CLIMB,79.28,56.53,6366.25,17.27,80.501,0.9657,5565.13,79.4,556.06,4.931,58.64,20.952,25.586,4.009,24.6,16.891,5562.93,79.22,559.47,4.947,58.53,20.98,25.553,4.062,24.617,16.88,MISFIRE,1.0,1.0,1.0,1.0,1.0,1.0,0.0,0.0,0.0
128.8,CLIMB,79.27,56.52,6373.33,17.25,80.481,0.9655,5564.72,79.39,556.05,4.931,58.63,20.95,25.585,4.009,24.6,16.89,5569.03,79.34,553.84,4.918,58.1,20.914,25.491,4.012,24.51,16.733,MISFIRE,1.0,1.0,1.0,1.0,1.0,1.0,0.0,0.0,0.0
128.9,CLIMB,79.26,56.52,6380.42,17.24,80.46,0.9653,5564.3,79.39,556.03,4.931,58.62,20.949,25.585,4.009,24.6,16.889,5567.14,79.03,557.72,4.909,58.76,20.944,25.62,4.067,24.592,17.016,MISFIRE,1.0,1.0,1.0,1.0,1.0,1.0,0.0,0.0,0.0
129.0,CLIMB,79.25,56.51,6387.5,17.23,80.44,0.9651,5563.88,79.39,556.02,4.931,58.6,20.947,25.585,4.008,24.6,16.888,5569.85,78.95,555.87,4.945,58.35,20.927,25.522,3.981,24.582,16.973,MISFIRE,1.0,1.0,1.0,1.0,1.0,1.0,0.0,0.0,0.0
129.1,CLIMB,79.24,56.51,6394.58,17.21,80.419,0.9649,5563.46,79.39,556.0,4.931,58.59,20.946,25.585,4.008,24.6,16.886,5558.36,78.94,554.79,4.977,58.5,20.968,25.483,4.051,24.687,17.121,MISFIRE,1.0,1.0,1.0,1.0,1.0,1.0,0.0,0.0,0.0
129.2,CLIMB,79.23,56.5,6401.67,17.2,80.398,0.9647,5563.05,79.39,555.99,4.93,58.58,20.944,25.585,4.008,24.6,16.885,5571.49,79.58,555.53,4.987,58.38,20.97,25.558,3.995,24.663,16.871,MISFIRE,1.0,1.0,1.0,1.0,1.0,1.0,0.0,0.0,0.0
129.3,CLIMB,79.23,56.5,6408.75,17.18,80.378,0.9645,5562.63,79.39,555.98,4.93,58.57,20.943,25.585,4.008,24.6,16.884,5561.92,79.55,553.05,4.895,58.99,21.026,25.542,3.982,24.7,16.953,MISFIRE,1.0,1.0,1.0,1.0,1.0,1.0,0.0,0.0,0.0
129.4,CLIMB,79.22,56.49,6415.83,17.17,80.357,0.9643,5562.21,79.39,555.96,4.93,58.56,20.942,25.584,4.008,24.6,16.883,5561.39,78.57,555.44,4.911,58.51,20.785,25.515,4.074,24.63,16.769,MISFIRE,1.0,1.0,1.0,1.0,1.0,1.0,0.0,0.0,0.0
129.5,CLIMB,79.21,56.49,6422.92,17.15,80.337,0.9641,5561.8,79.39,555.95,4.93,58.54,20.94,25.584,4.008,24.6,16.881,5559.41,79.88,558.37,4.885,58.73,21.066,25.499,4.019,24.603,16.963,MISFIRE,1.0,1.0,1.0,1.0,1.0,1.0,0.0,0.0,0.0
129.6,CLIMB,79.2,56.48,6430.0,17.14,80.316,0.9639,5561.38,79.39,555.93,4.93,58.53,20.939,25.584,4.008,24.6,16.88,5561.0,79.35,555.64,4.932,58.36,20.883,25.521,3.99,24.556,16.793,MISFIRE,1.0,1.0,1.0,1.0,1.0,1.0,0.0,0.0,0.0
129.7,CLIMB,79.19,56.47,6437.08,17.13,80.296,0.9637,5560.96,79.39,555.92,4.93,58.52,20.937,25.584,4.008,24.6,16.879,5567.19,79.32,556.67,4.887,58.71,21.108,25.542,4.052,24.586,16.834,MISFIRE,1.0,1.0,1.0,1.0,1.0,1.0,0.0,0.0,0.0
129.8,CLIMB,79.18,56.47,6444.17,17.11,80.275,0.9635,5560.55,79.39,555.91,4.93,58.51,20.936,25.584,4.008,24.6,16.878,5560.86,79.41,553.8,4.958,58.68,20.881,25.579,3.979,24.599,16.798,MISFIRE,1.0,1.0,1.0,1.0,1.0,1.0,0.0,0.0,0.0
129.9,CLIMB,79.18,56.46,6451.25,17.1,80.254,0.9633,5560.13,79.38,555.89,4.93,58.5,20.934,25.584,4.008,24.6,16.876,5560.59,79.16,554.92,4.921,58.63,20.82,25.564,4.078,24.664,16.944,MISFIRE,1.0,1.0,1.0,1.0,1.0,1.0,0.0,0.0,0.0
130.0,CLIMB,79.17,56.46,6458.33,17.08,80.234,0.9631,5559.71,79.38,555.88,4.929,58.48,20.933,25.583,4.008,24.6,16.875,5565.1,78.4,555.56,4.982,58.18,21.069,25.57,3.934,24.693,16.557,MISFIRE,1.0,1.0,1.0,1.0,1.0,1.0,0.0,0.0,0.0
130.1,CLIMB,79.16,56.45,6465.42,17.07,80.213,0.9629,5559.3,79.38,555.86,4.929,58.47,20.931,25.583,4.008,24.6,16.874,5554.4,80.17,555.95,4.972,58.18,21.019,25.614,4.012,24.567,16.754,MISFIRE,1.0,1.0,1.0,1.0,1.0,1.0,0.0,0.0,0.0
130.2,CLIMB,79.15,56.45,6472.5,17.06,80.193,0.9627,5558.88,79.38,555.85,4.929,58.46,20.93,25.583,4.007,24.6,16.873,5558.93,79.78,552.78,4.901,58.59,20.907,25.49,4.088,24.623,16.747,MISFIRE,1.0,1.0,1.0,1.0,1.0,1.0,0.0,0.0,0.0
130.3,CLIMB,79.14,56.44,6479.58,17.04,80.172,0.9625,5558.46,79.38,555.84,4.929,58.45,20.928,25.583,4.007,24.6,16.871,5562.79,79.32,552.46,4.852,58.68,21.095,25.7,4.005,24.568,16.832,MISFIRE,1.0,1.0,1.0,1.0,1.0,1.0,0.0,0.0,0.0
130.4,CLIMB,79.13,56.44,6486.67,17.03,80.152,0.9623,5558.05,79.38,555.82,4.929,58.44,20.927,25.583,4.007,24.6,16.87,5560.06,78.93,555.78,4.943,58.85,20.766,25.631,4.004,24.616,16.954,MISFIRE,1.0,1.0,1.0,1.0,1.0,1.0,0.0,0.0,0.0
130.5,CLIMB,79.13,56.43,6493.75,17.01,80.131,0.9621,5557.63,79.38,555.81,4.929,58.42,20.925,25.583,4.007,24.6,16.869,5557.84,79.01,554.39,4.911,58.59,20.839,25.545,4.095,24.59,16.916,MISFIRE,1.0,1.0,1.0,1.0,1.0,1.0,0.0,0.0,0.0
130.6,CLIMB,79.12,56.43,6500.83,17.0,80.111,0.9619,5557.21,79.38,555.79,4.929,58.41,20.924,25.582,4.007,24.6,16.868,5563.41,79.52,555.24,4.937,58.31,20.9,25.651,3.954,24.601,16.956,MISFIRE,1.0,1.0,1.0,1.0,1.0,1.0,0.0,0.0,0.0
130.7,CLIMB,79.11,56.42,6507.92,16.98,80.09,0.9617,5556.8,79.38,555.78,4.928,58.4,20.923,25.582,4.007,24.6,16.866,5553.09,79.7,555.36,4.948,58.51,20.959,25.601,3.968,24.546,16.833,MISFIRE,1.0,1.0,1.0,1.0,1.0,1.0,0.0,0.0,0.0
130.8,CLIMB,79.1,56.42,6515.0,16.97,80.07,0.9615,5556.38,79.38,555.77,4.928,58.39,20.921,25.582,4.007,24.6,16.865,5558.52,79.73,556.09,4.941,58.58,20.886,25.517,3.984,24.63,16.801,MISFIRE,1.0,1.0,1.0,1.0,1.0,1.0,0.0,0.0,0.0
130.9,CLIMB,79.09,56.41,6522.08,16.96,80.049,0.9613,5555.96,79.38,555.75,4.928,58.38,20.92,25.582,4.007,24.6,16.864,5551.86,79.35,553.07,4.917,58.85,21.052,25.633,4.017,24.59,16.94,MISFIRE,1.0,1.0,1.0,1.0,1.0,1.0,0.0,0.0,0.0
131.0,CLIMB,79.08,56.4,6529.17,16.94,80.029,0.9611,5555.55,79.37,555.74,4.928,58.36,20.918,25.582,4.007,24.6,16.863,5555.12,80.63,557.76,4.938,57.65,20.892,25.544,3.928,24.605,16.682,MISFIRE,1.0,1.0,1.0,1.0,1.0,1.0,0.0,0.0,0.0
131.1,CLIMB,79.08,56.4,6536.25,16.93,80.008,0.9609,5555.13,79.37,555.72,4.928,58.35,20.917,25.582,4.007,24.6,16.861,5549.1,78.9,556.8,4.918,58.44,20.843,25.691,4.022,24.627,16.914,MISFIRE,1.0,1.0,1.0,1.0,1.0,1.0,0.0,0.0,0.0
131.2,CLIMB,79.07,56.39,6543.33,16.91,79.988,0.9607,5554.71,79.37,555.71,4.928,58.34,20.915,25.581,4.007,24.6,16.86,5551.14,79.44,557.24,4.968,57.99,21.015,25.626,3.994,24.611,16.855,MISFIRE,1.0,1.0,1.0,1.0,1.0,1.0,0.0,0.0,0.0
131.3,CLIMB,79.06,56.39,6550.42,16.9,79.967,0.9605,5554.3,79.37,555.7,4.928,58.33,20.914,25.581,4.007,24.6,16.859,5555.59,79.29,556.06,4.974,58.0,21.023,25.584,4.022,24.577,16.834,MISFIRE,1.0,1.0,1.0,1.0,1.0,1.0,0.0,0.0,0.0
131.4,CLIMB,79.05,56.38,6557.5,16.89,79.947,0.9603,5553.88,79.37,555.68,4.927,58.32,20.912,25.581,4.006,24.6,16.858,5553.59,78.58,557.86,4.984,58.55,20.921,25.618,4.105,24.656,16.741,MISFIRE,1.0,1.0,1.0,1.0,1.0,1.0,0.0,0.0,0.0
131.5,CLIMB,79.04,56.38,6564.58,16.87,79.926,0.9601,5553.46,79.37,555.67,4.927,58.3,20.911,25.581,4.006,24.6,16.856,5553.54,79.46,553.24,4.937,58.45,21.021,25.626,3.968,24.515,16.908,MISFIRE,1.0,1.0,1.0,1.0,1.0,1.0,0.0,0.0,0.0
131.6,CLIMB,79.03,56.37,6571.67,16.86,79.906,0.9599,5553.05,79.37,555.65,4.927,58.29,20.909,25.581,4.006,24.6,16.855,5551.32,78.93,553.96,4.943,58.22,20.846,25.663,4.054,24.607,16.84,MISFIRE,1.0,1.0,1.0,1.0,1.0,1.0,0.0,0.0,0.0
131.7,CLIMB,79.03,56.37,6578.75,16.84,79.886,0.9597,5552.63,79.37,555.64,4.927,58.28,20.908,25.581,4.006,24.6,16.854,5552.35,79.53,555.14,4.88,58.28,20.748,25.655,3.994,24.542,16.828,MISFIRE,1.0,1.0,1.0,1.0,1.0,1.0,0.0,0.0,0.0
131.8,CLIMB,79.02,56.36,6585.83,16.83,79.865,0.9595,5552.22,79.37,555.63,4.927,58.27,20.906,25.58,4.006,24.6,16.853,5558.97,78.69,555.28,4.948,57.75,21.003,25.636,3.969,24.485,16.883,MISFIRE,1.0,1.0,1.0,1.0,1.0,1.0,0.0,0.0,0.0
131.9,CLIMB,79.01,56.36,6592.92,16.81,79.845,0.9593,5551.8,79.37,555.61,4.927,58.26,20.905,25.58,4.006,24.6,16.851,5556.19,79.89,557.59,4.881,58.7,21.101,25.609,4.031,24.539,16.807,MISFIRE,1.0,1.0,1.0,1.0,1.0,1.0,0.0,0.0,0.0
132.0,CLIMB,79.0,56.35,6600.0,16.8,79.824,0.9591,5551.38,79.36,555.6,4.927,58.24,20.904,25.58,4.006,24.6,16.85,5556.35,79.35,556.06,4.894,58.77,20.852,25.539,3.971,24.656,16.828,MISFIRE,1.0,1.0,1.0,1.0,1.0,1.0,0.0,0.0,0.0
132.1,CLIMB,78.99,56.34,6607.08,16.79,79.804,0.9589,5550.97,79.36,555.58,4.927,58.23,20.902,25.58,4.006,24.6,16.849,5554.8,79.84,555.25,4.891,57.96,20.906,25.534,3.979,24.708,16.872,MISFIRE,1.0,1.0,1.0,1.0,1.0,1.0,0.0,0.0,0.0
132.2,CLIMB,78.98,56.34,6614.17,16.77,79.783,0.9587,5550.55,79.36,555.57,4.926,58.22,20.901,25.58,4.006,24.6,16.848,5544.43,79.84,555.59,4.918,57.99,20.805,25.575,4.015,24.705,16.906,MISFIRE,1.0,1.0,1.0,1.0,1.0,1.0,0.0,0.0,0.0
132.3,CLIMB,78.98,56.33,6621.25,16.76,79.763,0.9585,5550.13,79.36,555.56,4.926,58.21,20.899,25.58,4.006,24.6,16.846,5549.41,79.96,556.68,4.946,58.38,21.176,25.59,3.931,24.576,16.868,MISFIRE,1.0,1.0,1.0,1.0,1.0,1.0,0.0,0.0,0.0
132.4,CLIMB,78.97,56.33,6628.33,16.74,79.743,0.9583,5549.72,79.36,555.54,4.926,58.2,20.898,25.579,4.006,24.6,16.845,5553.67,78.75,553.56,4.962,57.84,20.897,25.575,4.025,24.613,16.897,MISFIRE,1.0,1.0,1.0,1.0,1.0,1.0,0.0,0.0,0.0
132.5,CLIMB,78.96,56.32,6635.42,16.73,79.722,0.9581,5549.3,79.36,555.53,4.926,58.18,20.896,25.579,4.006,24.6,16.844,5553.55,79.65,553.65,4.932,57.77,20.842,25.548,4.092,24.588,16.738,MISFIRE,1.0,1.0,1.0,1.0,1.0,1.0,0.0,0.0,0.0
132.6,CLIMB,78.95,56.32,6642.5,16.72,79.702,0.9579,5548.89,79.36,555.51,4.926,58.17,20.895,25.579,4.005,24.6,16.843,5549.96,79.9,557.66,4.949,58.5,20.801,25.561,3.9,24.579,16.912,MISFIRE,1.0,1.0,1.0,1.0,1.0,1.0,0.0,0.0,0.0
132.7,CLIMB,78.94,56.31,6649.58,16.7,79.681,0.9577,5548.47,79.36,555.5,4.926,58.16,20.893,25.579,4.005,24.6,16.841,5551.18,79.11,554.61,4.962,57.99,20.699,25.577,3.96,24.636,16.879,MISFIRE,1.0,1.0,1.0,1.0,1.0,1.0,0.0,0.0,0.0
132.8,CLIMB,78.93,56.31,6656.67,16.69,79.661,0.9575,5548.05,79.36,555.49,4.926,58.15,20.892,25.579,4.005,24.6,16.84,5546.01,79.56,555.25,4.964,58.16,20.733,25.59,4.024,24.591,16.858,MISFIRE,1.0,1.0,1.0,1.0,1.0,1.0,0.0,0.0,0.0
132.9,CLIMB,78.93,56.3,6663.75,16.67,79.641,0.9573,5547.64,79.36,555.47,4.925,58.13,20.89,25.579,4.005,24.6,16.839,5552.05,80.32,554.95,4.924,58.44,20.79,25.42,4.016,24.639,16.771,MISFIRE,1.0,1.0,1.0,1.0,1.0,1.0,0.0,0.0,0.0
133.0,CLIMB,78.92,56.3,6670.83,16.66,79.62,0.9571,5547.22,79.36,555.46,4.925,58.12,20.889,25.578,4.005,24.6,16.838,5547.05,79.38,557.14,4.882,58.37,20.966,25.562,4.008,24.611,16.982,MISFIRE,1.0,1.0,1.0,1.0,1.0,1.0,0.0,0.0,0.0
133.1,CLIMB,78.91,56.29,6677.92,16.64,79.6,0.9569,5546.8,79.35,555.44,4.925,58.11,20.887,25.578,4.005,24.6,16.836,5536.74,79.06,555.64,4.877,57.71,20.892,25.565,4.002,24.563,16.995,MISFIRE,1.0,1.0,1.0,1.0,1.0,1.0,0.0,0.0,0.0
133.2,CLIMB,78.9,56.29,6685.0,16.63,79.579,0.9567,5546.39,79.35,555.43,4.925,58.1,20.886,25.578,4.005,24.6,16.835,5538.94,79.02,555.51,4.931,57.77,20.996,25.529,4.01,24.568,16.741,MISFIRE,1.0,1.0,1.0,1.0,1.0,1.0,0.0,0.0,0.0
133.3,CLIMB,78.89,56.28,6692.08,16.62,79.559,0.9565,5545.97,79.35,555.42,4.925,58.09,20.885,25.578,4.005,24.6,16.834,5544.15,79.76,558.06,4.91,58.17,20.9,25.57,4.069,24.633,16.938,MISFIRE,1.0,1.0,1.0,1.0,1.0,1.0,0.0,0.0,0.0
133.4,CLIMB,78.88,56.27,6699.17,16.6,79.539,0.9563,5545.56,79.35,555.4,4.925,58.07,20.883,25.578,4.005,24.6,16.833,5542.57,78.78,556.62,4.932,58.3,20.734,25.579,4.012,24.587,16.979,MISFIRE,1.0,1.0,1.0,1.0,1.0,1.0,0.0,0.0,0.0
133.5,CLIMB,78.88,56.27,6706.25,16.59,79.518,0.9561,5545.14,79.35,555.39,4.925,58.06,20.882,25.578,4.005,24.6,16.831,5534.64,79.55,554.83,4.967,58.15,20.996,25.588,4.003,24.62,16.901,MISFIRE,1.0,1.0,1.0,1.0,1.0,1.0,0.0,0.0,0.0
133.6,CLIMB,78.87,56.26,6713.33,16.57,79.498,0.9559,5544.73,79.35,555.37,4.924,58.05,20.88,25.577,4.005,24.6,16.83,5545.1,79.28,555.08,4.901,58.48,20.881,25.592,3.982,24.681,16.942,MISFIRE,1.0,1.0,1.0,1.0,1.0,1.0,0.0,0.0,0.0
133.7,CLIMB,78.86,56.26,6720.42,16.56,79.478,0.9557,5544.31,79.35,555.36,4.924,58.04,20.879,25.577,4.004,24.6,16.829,5548.91,80.4,557.86,4.932,57.87,20.948,25.636,4.023,24.602,16.855,MISFIRE,1.0,1.0,1.0,1.0,1.0,1.0,0.0,0.0,0.0
133.8,CLIMB,78.85,56.25,6727.5,16.55,79.457,0.9555,5543.89,79.35,555.35,4.924,58.03,20.877,25.577,4.004,24.6,16.828,5544.71,79.43,555.29,4.924,58.36,21.14,25.599,3.982,24.624,16.734,MISFIRE,1.0,1.0,1.0,1.0,1.0,1.0,0.0,0.0,0.0
133.9,CLIMB,78.84,56.25,6734.58,16.53,79.437,0.9553,5543.48,79.35,555.33,4.924,58.01,20.876,25.577,4.004,24.6,16.826,5548.17,79.29,555.3,4.931,57.95,20.906,25.474,3.995,24.592,16.707,MISFIRE,1.0,1.0,1.0,1.0,1.0,1.0,0.0,0.0,0.0
134.0,CLIMB,78.83,56.24,6741.67,16.52,79.417,0.9551,5543.06,79.35,555.32,4.924,58.0,20.874,25.577,4.004,24.6,16.825,5541.13,79.12,554.85,4.896,57.47,21.04,25.519,3.88,24.714,16.716,MISFIRE,1.0,1.0,1.0,1.0,1.0,1.0,0.0,0.0,0.0
134.1,CLIMB,78.83,56.24,6748.75,16.5,79.396,0.9549,5542.65,79.35,555.3,4.924,57.99,20.873,25.577,4.004,24.6,16.824,5540.16,79.43,554.04,4.927,57.81,20.695,25.569,4.003,24.578,16.96,MISFIRE,1.0,1.0,1.0,1.0,1.0,1.0,0.0,0.0,0.0
134.2,CLIMB,78.82,56.23,6755.83,16.49,79.376,0.9547,5542.23,79.34,555.29,4.924,57.98,20.871,25.576,4.004,24.6,16.823,5535.76,79.37,557.56,4.929,57.59,20.922,25.576,3.947,24.572,16.885,MISFIRE,1.0,1.0,1.0,1.0,1.0,1.0,0.0,0.0,0.0
134.3,CLIMB,78.81,56.23,6762.92,16.47,79.356,0.9545,5541.81,79.34,555.28,4.924,57.96,20.87,25.576,4.004,24.6,16.821,5544.4,79.54,555.51,4.944,57.8,20.92,25.556,4.008,24.546,16.984,MISFIRE,1.0,1.0,1.0,1.0,1.0,1.0,0.0,0.0,0.0
134.4,CLIMB,78.8,56.22,6770.0,16.46,79.335,0.9543,5541.4,79.34,555.26,4.923,57.95,20.868,25.576,4.004,24.6,16.82,5544.41,80.03,555.19,4.897,58.14,20.957,25.521,3.984,24.555,16.581,MISFIRE,1.0,1.0,1.0,1.0,1.0,1.0,0.0,0.0,0.0
134.5,CLIMB,78.79,56.21,6777.08,16.45,79.315,0.9541,5540.98,79.34,555.25,4.923,57.94,20.867,25.576,4.004,24.6,16.819,5532.97,79.71,553.72,4.915,57.82,20.9,25.628,3.919,24.533,16.945,MISFIRE,1.0,1.0,1.0,1.0,1.0,1.0,0.0,0.0,0.0
134.6,CLIMB,78.78,56.21,6784.17,16.43,79.295,0.9539,5540.57,79.34,555.23,4.923,57.93,20.866,25.576,4.004,24.6,16.818,5550.51,79.52,556.96,4.909,57.73,20.707,25.614,4.025,24.601,16.756,MISFIRE,1.0,1.0,1.0,1.0,1.0,1.0,0.0,0.0,0.0
134.7,CLIMB,78.78,56.2,6791.25,16.42,79.274,0.9537,5540.15,79.34,555.22,4.923,57.92,20.864,25.576,4.004,24.6,16.816,5543.07,79.57,554.92,4.872,57.63,20.886,25.568,4.064,24.561,16.793,MISFIRE,1.0,1.0,1.0,1.0,1.0,1.0,0.0,0.0,0.0
134.8,CLIMB,78.77,56.2,6798.33,16.4,79.254,0.9535,5539.74,79.34,555.21,4.923,57.9,20.863,25.575,4.004,24.6,16.815,5538.73,79.66,555.67,4.895,58.09,20.858,25.572,4.036,24.635,16.798,MISFIRE,1.0,1.0,1.0,1.0,1.0,1.0,0.0,0.0,0.0
134.9,CLIMB,78.76,56.19,6805.42,16.39,79.234,0.9533,5539.32,79.34,555.19,4.923,57.89,20.861,25.575,4.003,24.6,16.814,5541.72,79.28,554.69,4.931,57.24,20.835,25.532,3.996,24.689,16.831,MISFIRE,1.0,1.0,1.0,1.0,1.0,1.0,0.0,0.0,0.0
135.0,CLIMB,78.75,56.19,6812.5,16.38,79.214,0.9531,5538.9,79.34,555.18,4.923,57.88,20.86,25.575,4.003,24.6,16.813,5544.75,79.43,556.27,4.896,57.81,20.809,25.607,3.973,24.582,16.689,MISFIRE,1.0,1.0,1.0,1.0,1.0,1.0,0.0,0.0,0.0
135.1,CLIMB,78.74,56.18,6819.58,16.36,79.193,0.9529,5538.49,79.34,555.16,4.922,57.87,20.858,25.575,4.003,24.6,16.811,5536.2,79.06,555.98,4.889,58.21,20.88,25.476,4.106,24.646,16.713,MISFIRE,1.0,1.0,1.0,1.0,1.0,1.0,0.0,0.0,0.0
135.2,CLIMB,78.73,56.18,6826.67,16.35,79.173,0.9527,5538.07,79.33,555.15,4.922,57.86,20.857,25.575,4.003,24.6,16.81,5534.17,80.3,556.27,4.857,57.98,20.883,25.491,3.987,24.611,16.735,MISFIRE,1.0,1.0,1.0,1.0,1.0,1.0,0.0,0.0,0.0
135.3,CLIMB,78.73,56.17,6833.75,16.33,79.153,0.9525,5537.66,79.33,555.13,4.922,57.84,20.855,25.575,4.003,24.6,16.809,5542.06,79.34,556.39,4.897,58.28,20.836,25.596,3.997,24.626,16.717,MISFIRE,1.0,1.0,1.0,1.0,1.0,1.0,0.0,0.0,0.0
135.4,CLIMB,78.72,56.17,6840.83,16.32,79.133,0.9523,5537.24,79.33,555.12,4.922,57.83,20.854,25.574,4.003,24.6,16.808,5539.91,78.73,552.5,4.958,58.36,21.101,25.534,4.087,24.568,16.833,MISFIRE,1.0,1.0,1.0,1.0,1.0,1.0,0.0,0.0,0.0
135.5,CLIMB,78.71,56.16,6847.92,16.3,79.112,0.9522,5536.83,79.33,555.11,4.922,57.82,20.852,25.574,4.003,24.6,16.806,5539.19,79.33,556.34,4.95,57.74,20.86,25.658,4.065,24.568,16.704,MISFIRE,1.0,1.0,1.0,1.0,1.0,1.0,0.0,0.0,0.0
135.6,CLIMB,78.7,56.16,6855.0,16.29,79.092,0.952,5536.41,79.33,555.09,4.922,57.81,20.851,25.574,4.003,24.6,16.805,5539.69,79.42,554.94,4.942,57.71,21.013,25.603,3.996,24.544,16.736,MISFIRE,1.0,1.0,1.0,1.0,1.0,1.0,0.0,0.0,0.0
135.7,CLIMB,78.69,56.15,6862.08,16.28,79.072,0.9518,5536.0,79.33,555.08,4.922,57.79,20.849,25.574,4.003,24.6,16.804,5538.8,78.65,555.49,4.923,58.23,20.625,25.607,3.982,24.635,16.699,MISFIRE,1.0,1.0,1.0,1.0,1.0,1.0,0.0,0.0,0.0
135.8,CLIMB,78.68,56.14,6869.17,16.26,79.052,0.9516,5535.58,79.33,555.06,4.922,57.78,20.848,25.574,4.003,24.6,16.803,5537.96,79.41,556.5,4.907,57.62,21.001,25.621,3.965,24.52,16.864,MISFIRE,1.0,1.0,1.0,1.0,1.0,1.0,0.0,0.0,0.0
135.9,CLIMB,78.68,56.14,6876.25,16.25,79.031,0.9514,5535.17,79.33,555.05,4.921,57.77,20.846,25.574,4.003,24.6,16.801,5534.79,79.06,557.07,4.908,57.71,20.83,25.649,3.993,24.588,16.717,MISFIRE,1.0,1.0,1.0,1.0,1.0,1.0,0.0,0.0,0.0
136.0,CLIMB,78.67,56.13,6883.33,16.23,79.011,0.9512,5534.75,79.33,555.04,4.921,57.76,20.845,25.573,4.003,24.6,16.8,5535.27,80.48,555.64,4.931,57.41,20.908,25.603,4.021,24.522,16.808,MISFIRE,1.0,1.0,1.0,1.0,1.0,1.0,0.0,0.0,0.0
136.1,CLIMB,78.66,56.13,6890.42,16.22,78.991,0.951,5534.33,79.33,555.02,4.921,57.75,20.844,25.573,4.002,24.6,16.799,5538.39,80.1,555.73,4.935,57.61,20.851,25.516,3.978,24.554,16.894,MISFIRE,1.0,1.0,1.0,1.0,1.0,1.0,0.0,0.0,0.0
136.2,CLIMB,78.65,56.12,6897.5,16.21,78.971,0.9508,5533.92,79.33,555.01,4.921,57.73,20.842,25.573,4.002,24.6,16.798,5536.0,79.65,557.32,4.91,57.95,20.948,25.601,4.009,24.683,16.767,MISFIRE,1.0,1.0,1.0,1.0,1.0,1.0,0.0,0.0,0.0
136.3,CLIMB,78.64,56.12,6904.58,16.19,78.95,0.9506,5533.5,79.32,554.99,4.921,57.72,20.841,25.573,4.002,24.6,16.796,5529.16,79.13,555.09,4.938,58.2,20.899,25.612,3.981,24.59,16.734,MISFIRE,1.0,1.0,1.0,1.0,1.0,1.0,0.0,0.0,0.0
136.4,CLIMB,78.63,56.11,6911.67,16.18,78.93,0.9504,5533.09,79.32,554.98,4.921,57.71,20.839,25.573,4.002,24.6,16.795,5532.55,79.86,556.79,4.907,57.92,20.736,25.643,4.07,24.609,16.989,MISFIRE,1.0,1.0,1.0,1.0,1.0,1.0,0.0,0.0,0.0
136.5,CLIMB,78.63,56.11,6918.75,16.16,78.91,0.9502,5532.67,79.32,554.97,4.921,57.7,20.838,25.573,4.002,24.6,16.794,5531.92,78.46,555.24,4.916,57.9,20.857,25.594,3.986,24.639,16.798,MISFIRE,1.0,1.0,1.0,1.0,1.0,1.0,0.0,0.0,0.0
136.6,CLIMB,78.62,56.1,6925.83,16.15,78.89,0.95,5532.26,79.32,554.95,4.92,57.68,20.836,25.572,4.002,24.6,16.793,5535.45,78.97,555.02,4.968,57.91,20.737,25.582,4.03,24.627,16.862,MISFIRE,1.0,1.0,1.0,1.0,1.0,1.0,0.0,0.0,0.0
136.7,CLIMB,78.61,56.1,6932.92,16.13,78.87,0.9498,5531.84,79.32,554.94,4.92,57.67,20.835,25.572,4.002,24.6,16.791,5536.16,79.65,554.36,4.932,57.53,20.794,25.587,3.95,24.566,16.762,MISFIRE,1.0,1.0,1.0,1.0,1.0,1.0,0.0,0.0,0.0
136.8,CLIMB,78.6,56.09,6940.0,16.12,78.849,0.9496,5531.43,79.32,554.92,4.92,57.66,20.833,25.572,4.002,24.6,16.79,5530.48,78.81,555.35,4.907,58.12,20.84,25.567,4.009,24.611,16.876,MISFIRE,1.0,1.0,1.0,1.0,1.0,1.0,0.0,0.0,0.0
136.9,CLIMB,78.59,56.08,6947.08,16.11,78.829,0.9494,5531.01,79.32,554.91,4.92,57.65,20.832,25.572,4.002,24.6,16.789,5531.77,79.45,552.98,4.866,57.78,20.832,25.602,4.015,24.575,16.699,MISFIRE,1.0,1.0,1.0,1.0,1.0,1.0,0.0,0.0,0.0
137.0,CLIMB,78.58,56.08,6954.17,16.09,78.809,0.9492,5530.6,79.32,554.9,4.92,57.64,20.83,25.572,4.002,24.6,16.788,5533.64,79.46,553.18,4.897,57.59,20.775,25.586,3.963,24.747,16.858,MISFIRE,1.0,1.0,1.0,1.0,1.0,1.0,0.0,0.0,0.0
137.1,CLIMB,78.58,56.07,6961.25,16.08,78.789,0.949,5530.18,79.32,554.88,4.92,57.62,20.829,25.572,4.002,24.6,16.786,5528.08,79.66,556.56,4.9,57.56,20.591,25.624,3.92,24.57,16.755,MISFIRE,1.0,1.0,1.0,1.0,1.0,1.0,0.0,0.0,0.0
137.2,CLIMB,78.57,56.07,6968.33,16.06,78.769,0.9488,5529.77,79.32,554.87,4.92,57.61,20.827,25.571,4.002,24.6,16.785,5534.0,79.08,559.03,4.948,57.53,20.763,25.634,4.042,24.552,16.731,MISFIRE,1.0,1.0,1.0,1.0,1.0,1.0,0.0,0.0,0.0
137.3,CLIMB,78.56,56.06,6975.42,16.05,78.749,0.9486,5529.35,79.31,554.85,4.92,57.6,20.826,25.571,4.001,24.6,16.784,5533.69,80.6,554.59,4.955,56.99,20.857,25.658,3.971,24.69,16.648,MISFIRE,1.0,1.0,1.0,1.0,1.0,1.0,0.0,0.0,0.0
137.4,CLIMB,78.55,56.06,6982.5,16.04,78.728,0.9484,5528.94,79.31,554.84,4.919,57.59,20.825,25.571,4.001,24.6,16.783,5533.56,79.65,556.51,4.933,57.82,20.781,25.601,3.989,24.545,16.695,MISFIRE,1.0,1.0,1.0,1.0,1.0,1.0,0.0,0.0,0.0
137.5,CLIMB,78.54,56.05,6989.58,16.02,78.708,0.9482,5528.52,79.31,554.83,4.919,57.57,20.823,25.571,4.001,24.6,16.781,5528.07,79.2,553.12,4.919,58.31,20.834,25.612,4.056,24.597,16.933,MISFIRE,1.0,1.0,1.0,1.0,1.0,1.0,0.0,0.0,0.0
137.6,CLIMB,78.53,56.05,6996.67,16.01,78.688,0.948,5528.11,79.31,554.81,4.919,57.56,20.822,25.571,4.001,24.6,16.78,5529.63,78.77,555.3,4.946,57.61,20.524,25.661,3.932,24.636,16.737,MISFIRE,1.0,1.0,1.0,1.0,1.0,1.0,0.0,0.0,0.0
137.7,CLIMB,78.53,56.04,7003.75,15.99,78.668,0.9478,5527.69,79.31,554.8,4.919,57.55,20.82,25.571,4.001,24.6,16.779,5527.32,78.89,553.93,4.886,57.55,20.781,25.674,4.041,24.622,16.758,MISFIRE,1.0,1.0,1.0,1.0,1.0,1.0,0.0,0.0,0.0
137.8,CLIMB,78.52,56.04,7010.83,15.98,78.648,0.9476,5527.28,79.31,554.78,4.919,57.54,20.819,25.57,4.001,24.6,16.778,5526.65,80.04,555.93,4.943,57.5,20.764,25.638,4.028,24.667,16.671,MISFIRE,1.0,1.0,1.0,1.0,1.0,1.0,0.0,0.0,0.0
137.9,CLIMB,78.51,56.03,7017.92,15.96,78.628,0.9474,5526.86,79.31,554.77,4.919,57.53,20.817,25.57,4.001,24.6,16.776,5531.93,80.06,555.87,4.91,57.45,20.776,25.453,3.964,24.625,16.787,MISFIRE,1.0,1.0,1.0,1.0,1.0,1.0,0.0,0.0,0.0
138.0,CLIMB,78.5,56.03,7025.0,15.95,78.608,0.9472,5526.45,79.31,554.76,4.919,57.51,20.816,25.57,4.001,24.6,16.775,5529.4,79.88,553.41,4.89,57.77,20.794,25.525,4.016,24.562,16.868,MISFIRE,1.0,1.0,1.0,1.0,1.0,1.0,0.0,0.0,0.0
138.1,CLIMB,78.49,56.02,7032.08,15.94,78.588,0.947,5526.03,79.31,554.74,4.918,57.5,20.814,25.57,4.001,24.6,16.774,5523.79,79.11,555.12,4.921,57.47,20.879,25.61,4.103,24.588,16.951,MISFIRE,1.0,1.0,1.0,1.0,1.0,1.0,0.0,0.0,0.0
138.2,CLIMB,78.48,56.01,7039.17,15.92,78.567,0.9468,5525.62,79.31,554.73,4.918,57.49,20.813,25.57,4.001,24.6,16.773,5521.53,79.54,554.31,4.896,57.51,20.8,25.524,4.03,24.683,16.711,MISFIRE,1.0,1.0,1.0,1.0,1.0,1.0,0.0,0.0,0.0
138.3,CLIMB,78.48,56.01,7046.25,15.91,78.547,0.9466,5525.2,79.31,554.71,4.918,57.48,20.811,25.57,4.001,24.6,16.771,5526.73,79.37,554.24,4.908,57.44,20.975,25.622,3.992,24.597,16.946,MISFIRE,1.0,1.0,1.0,1.0,1.0,1.0,0.0,0.0,0.0
138.4,CLIMB,78.47,56.0,7053.33,15.89,78.527,0.9465,5524.79,79.3,554.7,4.918,57.46,20.81,25.569,4.001,24.6,16.77,5523.9,79.73,552.7,4.929,57.47,20.664,25.668,4.032,24.628,16.722,MISFIRE,1.0,1.0,1.0,1.0,1.0,1.0,0.0,0.0,0.0
138.5,CLIMB,78.46,56.0,7060.42,15.88,78.507,0.9463,5524.37,79.3,554.69,4.918,57.45,20.808,25.569,4.0,24.6,16.769,5523.75,79.66,553.82,4.878,57.33,20.786,25.518,3.99,24.671,16.786,MISFIRE,1.0,1.0,1.0,1.0,1.0,1.0,0.0,0.0,0.0
138.6,CLIMB,78.45,55.99,7067.5,15.87,78.487,0.9461,5523.96,79.3,554.67,4.918,57.44,20.807,25.569,4.0,24.6,16.768,5524.82,79.8,556.7,4.896,57.36,20.759,25.478,4.021,24.672,16.649,MISFIRE,1.0,1.0,1.0,1.0,1.0,1.0,0.0,0.0,0.0
138.7,CLIMB,78.44,55.99,7074.58,15.85,78.467,0.9459,5523.54,79.3,554.66,4.918,57.43,20.805,25.569,4.0,24.6,16.766,5521.8,78.94,553.36,4.904,57.12,20.962,25.585,3.993,24.619,16.745,MISFIRE,1.0,1.0,1.0,1.0,1.0,1.0,0.0,0.0,0.0
138.8,CLIMB,78.43,55.98,7081.67,15.84,78.447,0.9457,5523.13,79.3,554.64,4.917,57.41,20.804,25.569,4.0,24.6,16.765,5513.98,78.85,551.11,4.918,57.8,20.643,25.469,4.019,24.613,16.839,MISFIRE,1.0,1.0,1.0,1.0,1.0,1.0,0.0,0.0,0.0
138.9,CLIMB,78.43,55.98,7088.75,15.82,78.427,0.9455,5522.71,79.3,554.63,4.917,57.4,20.803,25.569,4.0,24.6,16.764,5519.85,79.03,556.7,4.92,57.29,20.875,25.624,3.918,24.635,16.731,MISFIRE,1.0,1.0,1.0,1.0,1.0,1.0,0.0,0.0,0.0
139.0,CLIMB,78.42,55.97,7095.83,15.81,78.407,0.9453,5522.3,79.3,554.62,4.917,57.39,20.801,25.568,4.0,24.6,16.763,5524.52,78.73,554.71,4.89,57.25,20.764,25.528,4.024,24.583,16.797,MISFIRE,1.0,1.0,1.0,1.0,1.0,1.0,0.0,0.0,0.0
139.1,CLIMB,78.41,55.97,7102.92,15.79,78.387,0.9451,5521.88,79.3,554.6,4.917,57.38,20.8,25.568,4.0,24.6,16.761,5519.77,79.09,553.38,4.861,57.94,20.822,25.553,4.004,24.61,16.717,MISFIRE,1.0,1.0,1.0,1.0,1.0,1.0,0.0,0.0,0.0
139.2,CLIMB,78.4,55.96,7110.0,15.78,78.367,0.9449,5521.47,79.3,554.59,4.917,57.37,20.798,25.568,4.0,24.6,16.76,5517.47,78.54,556.12,4.878,57.88,20.973,25.59,4.011,24.508,16.838,MISFIRE,1.0,1.0,1.0,1.0,1.0,1.0,0.0,0.0,0.0
139.3,CLIMB,78.39,55.95,7117.08,15.77,78.346,0.9447,5521.06,79.3,554.57,4.917,57.35,20.797,25.568,4.0,24.6,16.759,5526.8,78.36,554.24,4.915,57.19,20.758,25.606,4.052,24.526,16.717,MISFIRE,1.0,1.0,1.0,1.0,1.0,1.0,0.0,0.0,0.0
139.4,CLIMB,78.38,55.95,7124.17,15.75,78.326,0.9445,5520.64,79.29,554.56,4.917,57.34,20.795,25.568,4.0,24.6,16.758,5519.26,78.97,556.18,4.886,57.12,20.603,25.56,4.038,24.537,16.706,MISFIRE,1.0,1.0,1.0,1.0,1.0,1.0,0.0,0.0,0.0
139.5,CLIMB,78.38,55.94,7131.25,15.74,78.306,0.9443,5520.23,79.29,554.54,4.917,57.33,20.794,25.568,4.0,24.6,16.756,5532.09,79.16,555.88,4.836,57.86,20.836,25.515,3.962,24.613,16.706,MISFIRE,1.0,1.0,1.0,1.0,1.0,1.0,0.0,0.0,0.0
139.6,CLIMB,78.37,55.94,7138.33,15.72,78.286,0.9441,5519.81,79.29,554.53,4.916,57.32,20.792,25.567,3.999,24.6,16.755,5523.33,79.21,554.25,4.901,57.45,20.883,25.612,3.93,24.692,16.642,MISFIRE,1.0,1.0,1.0,1.0,1.0,1.0,0.0,0.0,0.0
139.7,CLIMB,78.36,55.93,7145.42,15.71,78.266,0.9439,5519.4,79.29,554.52,4.916,57.3,20.791,25.567,3.999,24.6,16.754,5524.21,78.99,554.56,4.929,56.96,20.785,25.556,3.977,24.543,16.871,MISFIRE,1.0,1.0,1.0,1.0,1.0,1.0,0.0,0.0,0.0
139.8,CLIMB,78.35,55.93,7152.5,15.7,78.246,0.9437,5518.98,79.29,554.5,4.916,57.29,20.789,25.567,3.999,24.6,16.753,5527.16,79.04,555.56,4.93,57.42,20.847,25.602,4.054,24.651,16.828,MISFIRE,1.0,1.0,1.0,1.0,1.0,1.0,0.0,0.0,0.0
139.9,CLIMB,78.34,55.92,7159.58,15.68,78.226,0.9435,5518.57,79.29,554.49,4.916,57.28,20.788,25.567,3.999,24.6,16.751,5509.66,78.35,553.63,4.932,57.15,20.867,25.653,3.915,24.558,16.738,MISFIRE,1.0,1.0,1.0,1.0,1.0,1.0,0.0,0.0,0.0
140.0,CLIMB,78.33,55.92,7166.67,15.67,78.206,0.9433,5518.15,79.29,554.47,4.916,57.27,20.786,25.567,3.999,24.6,16.75,5522.35,79.51,555.03,4.918,57.51,20.569,25.554,3.906,24.597,16.523,MISFIRE,1.0,1.0,1.0,1.0,1.0,1.0,0.0,0.0,0.0
140.1,CLIMB,78.33,55.91,7173.75,15.65,78.186,0.9431,5517.74,79.29,554.46,4.916,57.25,20.785,25.567,3.999,24.6,16.749,5524.03,79.2,553.74,4.891,57.28,20.895,25.639,3.933,24.706,17.015,MISFIRE,1.0,1.0,1.0,1.0,1.0,1.0,0.0,0.0,0.0
140.2,CLIMB,78.32,55.91,7180.83,15.64,78.166,0.9429,5517.32,79.29,554.45,4.916,57.24,20.783,25.566,3.999,24.6,16.748,5517.65,79.4,551.32,4.892,57.01,20.882,25.59,4.018,24.613,16.728,MISFIRE,1.0,1.0,1.0,1.0,1.0,1.0,0.0,0.0,0.0
140.3,CLIMB,78.31,55.9,7187.92,15.62,78.146,0.9427,5516.91,79.29,554.43,4.915,57.23,20.782,25.566,3.999,24.6,16.746,5503.41,79.8,557.28,4.879,57.87,20.825,25.658,3.958,24.609,16.612,MISFIRE,1.0,1.0,1.0,1.0,1.0,1.0,0.0,0.0,0.0
140.4,CLIMB,78.3,55.9,7195.0,15.61,78.126,0.9425,5516.5,79.29,554.42,4.915,57.22,20.78,25.566,3.999,24.6,16.745,5515.77,78.13,553.5,4.925,56.88,20.717,25.609,3.863,24.6,16.825,MISFIRE,1.0,1.0,1.0,1.0,1.0,1.0,0.0,0.0,0.0
140.5,CLIMB,78.29,55.89,7202.08,15.6,78.106,0.9423,5516.08,79.28,554.4,4.915,57.2,20.779,25.566,3.999,24.6,16.744,5518.09,78.84,558.75,4.873,56.9,20.854,25.54,4.075,24.625,16.666,MISFIRE,1.0,1.0,1.0,1.0,1.0,1.0,0.0,0.0,0.0
140.6,CLIMB,78.28,55.88,7209.17,15.58,78.086,0.9422,5515.67,79.28,554.39,4.915,57.19,20.778,25.566,3.999,24.6,16.743,5510.8,78.55,553.08,4.909,58.12,20.834,25.593,4.016,24.616,16.987,MISFIRE,1.0,1.0,1.0,1.0,1.0,1.0,0.0,0.0,0.0
140.7,CLIMB,78.28,55.88,7216.25,15.57,78.066,0.942,5515.25,79.28,554.38,4.915,57.18,20.776,25.566,3.999,24.6,16.741,5518.89,78.84,553.89,4.916,57.4,20.766,25.593,3.954,24.578,16.885,MISFIRE,1.0,1.0,1.0,1.0,1.0,1.0,0.0,0.0,0.0
140.8,CLIMB,78.27,55.87,7223.33,15.55,78.046,0.9418,5514.84,79.28,554.36,4.915,57.17,20.775,25.565,3.998,24.6,16.74,5508.0,79.75,554.6,4.926,57.14,20.785,25.543,3.941,24.605,16.751,MISFIRE,1.0,1.0,1.0,1.0,1.0,1.0,0.0,0.0,0.0
140.9,CLIMB,78.26,55.87,7230.42,15.54,78.026,0.9416,5514.42,79.28,554.35,4.915,57.16,20.773,25.565,3.998,24.6,16.739,5513.43,79.93,553.83,4.913,56.91,20.76,25.622,4.004,24.556,16.757,MISFIRE,1.0,1.0,1.0,1.0,1.0,1.0,0.0,0.0,0.0
141.0,CLIMB,78.25,55.86,7237.5,15.53,78.006,0.9414,5514.01,79.28,554.33,4.915,57.14,20.772,25.565,3.998,24.6,16.738,5520.42,79.3,553.47,4.983,57.04,20.758,25.573,4.04,24.589,16.843,MISFIRE,1.0,1.0,1.0,1.0,1.0,1.0,0.0,0.0,0.0
141.1,CLIMB,78.24,55.86,7244.58,15.51,77.986,0.9412,5513.6,79.28,554.32,4.914,57.13,20.77,25.565,3.998,24.6,16.736,5506.37,79.22,552.63,4.943,57.13,20.922,25.583,3.952,24.585,16.694,MISFIRE,1.0,1.0,1.0,1.0,1.0,1.0,0.0,0.0,0.0
141.2,CLIMB,78.23,55.85,7251.67,15.5,77.966,0.941,5513.18,79.28,554.31,4.914,57.12,20.769,25.565,3.998,24.6,16.735,5521.82,79.62,556.38,4.878,56.67,20.748,25.572,3.959,24.619,16.855,MISFIRE,1.0,1.0,1.0,1.0,1.0,1.0,0.0,0.0,0.0
141.3,CLIMB,78.23,55.85,7258.75,15.48,77.946,0.9408,5512.77,79.28,554.29,4.914,57.11,20.767,25.565,3.998,24.6,16.734,5513.48,80.02,553.83,4.869,56.95,20.882,25.576,3.997,24.633,16.846,MISFIRE,1.0,1.0,1.0,1.0,1.0,1.0,0.0,0.0,0.0
141.4,CLIMB,78.22,55.84,7265.83,15.47,77.926,0.9406,5512.35,79.28,554.28,4.914,57.09,20.766,25.564,3.998,24.6,16.733,5501.79,79.53,557.01,4.936,57.06,20.916,25.564,3.972,24.624,16.715,MISFIRE,1.0,1.0,1.0,1.0,1.0,1.0,0.0,0.0,0.0
141.5,CLIMB,78.21,55.84,7272.92,15.45,77.907,0.9404,5511.94,79.27,554.26,4.914,57.08,20.764,25.564,3.998,24.6,16.731,5512.61,79.66,553.99,4.883,57.04,20.912,25.534,4.05,24.579,16.781,MISFIRE,1.0,1.0,1.0,1.0,1.0,1.0,0.0,0.0,0.0
141.6,CLIMB,78.2,55.83,7280.0,15.44,77.887,0.9402,5511.53,79.27,554.25,4.914,57.07,20.763,25.564,3.998,24.6,16.73,5508.56,79.29,554.37,4.84,56.97,20.608,25.633,3.949,24.674,16.751,MISFIRE,1.0,1.0,1.0,1.0,1.0,1.0,0.0,0.0,0.0
141.7,CLIMB,78.19,55.82,7287.08,15.43,77.867,0.94,5511.11,79.27,554.24,4.914,57.06,20.761,25.564,3.998,24.6,16.729,5512.31,79.77,554.88,4.907,56.45,20.838,25.544,3.994,24.482,16.698,MISFIRE,1.0,1.0,1.0,1.0,1.0,1.0,0.0,0.0,0.0
141.8,CLIMB,78.18,55.82,7294.17,15.41,77.847,0.9398,5510.7,79.27,554.22,4.913,57.04,20.76,25.564,3.998,24.6,16.728,5515.91,79.45,555.45,4.925,57.51,20.735,25.582,3.925,24.631,16.721,MISFIRE,1.0,1.0,1.0,1.0,1.0,1.0,0.0,0.0,0.0
141.9,CLIMB,78.18,55.81,7301.25,15.4,77.827,0.9396,5510.28,79.27,554.21,4.913,57.03,20.758,25.564,3.998,24.6,16.726,5510.16,79.88,556.02,4.882,56.73,20.8,25.522,4.004,24.521,16.918,MISFIRE,1.0,1.0,1.0,1.0,1.0,1.0,0.0,0.0,0.0
142.0,CLIMB,78.17,55.81,7308.33,15.38,77.807,0.9394,5509.87,79.27,554.19,4.913,57.02,20.757,25.563,3.997,24.6,16.725,5506.55,79.54,554.2,4.901,56.97,20.842,25.53,3.896,24.617,16.756,MISFIRE,1.0,1.0,1.0,1.0,1.0,1.0,0.0,0.0,0.0
142.1,CLIMB,78.16,55.8,7315.42,15.37,77.787,0.9392,5509.46,79.27,554.18,4.913,57.01,20.756,25.563,3.997,24.6,16.724,5500.18,78.07,555.57,4.889,57.35,20.731,25.547,4.052,24.625,16.628,MISFIRE,1.0,1.0,1.0,1.0,1.0,1.0,0.0,0.0,0.0
142.2,CLIMB,78.15,55.8,7322.5,15.36,77.767,0.939,5509.04,79.27,554.16,4.913,56.99,20.754,25.563,3.997,24.6,16.723,5504.59,78.54,555.57,4.949,57.05,20.73,25.538,3.949,24.562,16.83,MISFIRE,1.0,1.0,1.0,1.0,1.0,1.0,0.0,0.0,0.0
142.3,CLIMB,78.14,55.79,7329.58,15.34,77.747,0.9388,5508.63,79.27,554.15,4.913,56.98,20.753,25.563,3.997,24.6,16.721,5512.42,79.62,553.29,4.892,56.93,20.801,25.557,3.903,24.591,16.65,MISFIRE,1.0,1.0,1.0,1.0,1.0,1.0,0.0,0.0,0.0
142.4,CLIMB,78.13,55.79,7336.67,15.33,77.727,0.9387,5508.21,79.27,554.14,4.913,56.97,20.751,25.563,3.997,24.6,16.72,5509.58,79.06,555.23,4.918,56.57,20.672,25.604,3.994,24.636,16.958,MISFIRE,1.0,1.0,1.0,1.0,1.0,1.0,0.0,0.0,0.0
142.5,CLIMB,78.13,55.78,7343.75,15.31,77.707,0.9385,5507.8,79.26,554.12,4.913,56.96,20.75,25.563,3.997,24.6,16.719,5503.29,79.14,553.57,4.894,56.78,20.806,25.538,4.006,24.602,16.636,MISFIRE,1.0,1.0,1.0,1.0,1.0,1.0,0.0,0.0,0.0
142.6,CLIMB,78.12,55.78,7350.83,15.3,77.687,0.9383,5507.39,79.26,554.11,4.912,56.94,20.748,25.562,3.997,24.6,16.718,5509.68,79.31,549.43,4.912,56.22,21.005,25.536,3.946,24.562,16.741,MISFIRE,1.0,1.0,1.0,1.0,1.0,1.0,0.0,0.0,0.0
142.7,CLIMB,78.11,55.77,7357.92,15.28,77.668,0.9381,5506.97,79.26,554.09,4.912,56.93,20.747,25.562,3.997,24.6,16.716,5513.43,78.71,553.19,4.942,56.4,20.692,25.541,3.958,24.604,16.629,MISFIRE,1.0,1.0,1.0,1.0,1.0,1.0,0.0,0.0,0.0
142.8,CLIMB,78.1,55.77,7365.0,15.27,77.648,0.9379,5506.56,79.26,554.08,4.912,56.92,20.745,25.562,3.997,24.6,16.715,5510.46,78.71,554.3,4.914,56.79,20.867,25.584,3.981,24.499,16.805,MISFIRE,1.0,1.0,1.0,1.0,1.0,1.0,0.0,0.0,0.0
142.9,CLIMB,78.09,55.76,7372.08,15.26,77.628,0.9377,5506.14,79.26,554.07,4.912,56.91,20.744,25.562,3.997,24.6,16.714,5510.23,80.17,551.57,4.949,56.69,20.747,25.643,4.057,24.553,16.786,MISFIRE,1.0,1.0,1.0,1.0,1.0,1.0,0.0,0.0,0.0
143.0,CLIMB,78.08,55.75,7379.17,15.24,77.608,0.9375,5505.73,79.26,554.05,4.912,56.89,20.742,25.562,3.997,24.6,16.713,5497.1,78.38,551.55,4.894,56.96,20.692,25.586,3.871,24.719,16.884,MISFIRE,1.0,1.0,1.0,1.0,1.0,1.0,0.0,0.0,0.0
143.1,CLIMB,78.08,55.75,7386.25,15.23,77.588,0.9373,5505.32,79.26,554.04,4.912,56.88,20.741,25.562,3.997,24.6,16.711,5491.78,78.25,550.39,4.914,56.78,20.793,25.611,3.953,24.637,16.756,MISFIRE,1.0,1.0,1.0,1.0,1.0,1.0,0.0,0.0,0.0
143.2,CLIMB,78.07,55.74,7393.33,15.21,77.568,0.9371,5504.9,79.26,554.02,4.912,56.87,20.739,25.561,3.996,24.6,16.71,5511.43,78.75,552.8,4.895,57.02,20.756,25.636,4.031,24.627,16.691,MISFIRE,1.0,1.0,1.0,1.0,1.0,1.0,0.0,0.0,0.0
143.3,CLIMB,78.06,55.74,7400.42,15.2,77.548,0.9369,5504.49,79.26,554.01,4.911,56.86,20.738,25.561,3.996,24.6,16.709,5502.54,78.98,551.35,4.913,56.37,20.806,25.553,3.96,24.648,16.593,MISFIRE,1.0,1.0,1.0,1.0,1.0,1.0,0.0,0.0,0.0
143.4,CLIMB,78.05,55.73,7407.5,15.19,77.529,0.9367,5504.08,79.26,554.0,4.911,56.84,20.736,25.561,3.996,24.6,16.708,5493.17,79.53,552.67,4.906,56.55,20.725,25.588,3.974,24.652,16.644,MISFIRE,1.0,1.0,1.0,1.0,1.0,1.0,0.0,0.0,0.0
143.5,CLIMB,78.04,55.73,7414.58,15.17,77.509,0.9365,5503.66,79.26,553.98,4.911,56.83,20.735,25.561,3.996,24.6,16.706,5505.9,79.04,555.43,4.903,55.99,20.651,25.582,4.04,24.643,16.582,MISFIRE,1.0,1.0,1.0,1.0,1.0,1.0,0.0,0.0,0.0
143.6,CLIMB,78.03,55.72,7421.67,15.16,77.489,0.9363,5503.25,79.25,553.97,4.911,56.82,20.733,25.561,3.996,24.6,16.705,5502.68,78.9,554.19,4.898,56.34,20.764,25.597,4.016,24.568,16.663,MISFIRE,1.0,1.0,1.0,1.0,1.0,1.0,0.0,0.0,0.0
143.7,CLIMB,78.03,55.72,7428.75,15.14,77.469,0.9361,5502.83,79.25,553.95,4.911,56.81,20.732,25.561,3.996,24.6,16.704,5501.24,78.77,553.8,4.882,56.99,20.678,25.625,3.971,24.577,16.82,MISFIRE,1.0,1.0,1.0,1.0,1.0,1.0,0.0,0.0,0.0
143.8,CLIMB,78.02,55.71,7435.83,15.13,77.449,0.9359,5502.42,79.25,553.94,4.911,56.79,20.731,25.56,3.996,24.6,16.703,5498.3,79.61,552.35,4.922,57.22,20.564,25.613,3.935,24.607,16.723,MISFIRE,1.0,1.0,1.0,1.0,1.0,1.0,0.0,0.0,0.0
143.9,CLIMB,78.01,55.71,7442.92,15.11,77.429,0.9357,5502.01,79.25,553.93,4.911,56.78,20.729,25.56,3.996,24.6,16.701,5517.1,77.97,552.97,4.914,57.05,20.69,25.592,3.982,24.541,16.497,MISFIRE,1.0,1.0,1.0,1.0,1.0,1.0,0.0,0.0,0.0
144.0,CLIMB,78.0,55.7,7450.0,15.1,77.41,0.9356,5501.59,79.25,553.91,4.911,56.77,20.728,25.56,3.996,24.6,16.7,5502.03,78.98,555.08,4.907,56.63,20.6,25.611,3.963,24.54,16.64,MISFIRE,1.0,1.0,1.0,1.0,1.0,1.0,0.0,0.0,0.0
144.1,CLIMB,77.99,55.69,7457.08,15.09,77.39,0.9354,5501.18,79.25,553.9,4.91,56.76,20.726,25.56,3.996,24.6,16.699,5500.13,79.04,553.65,4.887,56.92,20.867,25.593,4.068,24.684,16.793,MISFIRE,1.0,1.0,1.0,1.0,1.0,1.0,0.0,0.0,0.0
144.2,CLIMB,77.98,55.69,7464.17,15.07,77.37,0.9352,5500.77,79.25,553.88,4.91,56.74,20.725,25.56,3.996,24.6,16.698,5495.37,79.67,553.3,4.931,56.63,20.714,25.566,4.021,24.601,16.826,MISFIRE,1.0,1.0,1.0,1.0,1.0,1.0,0.0,0.0,0.0
144.3,CLIMB,77.98,55.68,7471.25,15.06,77.35,0.935,5500.35,79.25,553.87,4.91,56.73,20.723,25.56,3.996,24.6,16.696,5511.88,78.91,557.38,4.921,56.8,20.789,25.491,4.008,24.651,16.851,MISFIRE,1.0,1.0,1.0,1.0,1.0,1.0,0.0,0.0,0.0
144.4,CLIMB,77.97,55.68,7478.33,15.04,77.33,0.9348,5499.94,79.25,553.85,4.91,56.72,20.722,25.559,3.995,24.6,16.695,5500.09,79.37,554.22,4.941,56.71,20.58,25.585,3.974,24.656,16.556,MISFIRE,1.0,1.0,1.0,1.0,1.0,1.0,0.0,0.0,0.0
144.5,CLIMB,77.96,55.67,7485.42,15.03,77.311,0.9346,5499.53,79.25,553.84,4.91,56.71,20.72,25.559,3.995,24.6,16.694,5505.39,79.03,551.73,4.894,56.32,20.843,25.575,4.101,24.522,16.635,MISFIRE,1.0,1.0,1.0,1.0,1.0,1.0,0.0,0.0,0.0
144.6,CLIMB,77.95,55.67,7492.5,15.02,77.291,0.9344,5499.11,79.24,553.83,4.91,56.69,20.719,25.559,3.995,24.6,16.693,5504.01,78.79,555.42,4.889,57.03,20.729,25.518,4.006,24.578,16.718,MISFIRE,1.0,1.0,1.0,1.0,1.0,1.0,0.0,0.0,0.0
144.7,CLIMB,77.94,55.66,7499.58,15.0,77.271,0.9342,5498.7,79.24,553.81,4.91,56.68,20.717,25.559,3.995,24.6,16.691,5492.87,78.77,555.67,4.962,56.6,20.851,25.565,3.973,24.659,16.695,MISFIRE,1.0,1.0,1.0,1.0,1.0,1.0,0.0,0.0,0.0
144.8,CLIMB,77.93,55.66,7506.67,14.99,77.251,0.934,5498.29,79.24,553.8,4.909,56.67,20.716,25.559,3.995,24.6,16.69,5488.09,79.41,554.73,4.949,57.11,20.746,25.589,4.015,24.548,16.755,MISFIRE,1.0,1.0,1.0,1.0,1.0,1.0,0.0,0.0,0.0
144.9,CLIMB,77.93,55.65,7513.75,14.97,77.231,0.9338,5497.87,79.24,553.78,4.909,56.66,20.714,25.559,3.995,24.6,16.689,5494.14,78.74,551.54,4.898,56.43,20.599,25.518,4.022,24.651,16.79,MISFIRE,1.0,1.0,1.0,1.0,1.0,1.0,0.0,0.0,0.0
145.0,CLIMB,77.92,55.65,7520.83,14.96,77.212,0.9336,5497.46,79.24,553.77,4.909,56.64,20.713,25.558,3.995,24.6,16.688,5497.88,78.79,554.01,4.945,56.41,20.711,25.553,4.011,24.562,16.682,MISFIRE,1.0,1.0,1.0,1.0,1.0,1.0,0.0,0.0,0.0
145.1,CLIMB,77.91,55.64,7527.92,14.94,77.192,0.9334,5497.05,79.24,553.76,4.909,56.63,20.711,25.558,3.995,24.6,16.686,5500.33,79.63,554.54,4.926,56.49,20.656,25.555,3.946,24.608,16.801,MISFIRE,1.0,1.0,1.0,1.0,1.0,1.0,0.0,0.0,0.0
145.2,CLIMB,77.9,55.64,7535.0,14.93,77.172,0.9332,5496.63,79.24,553.74,4.909,56.62,20.71,25.558,3.995,24.6,16.685,5485.78,79.34,553.88,4.891,56.21,20.83,25.594,3.97,24.632,16.824,MISFIRE,1.0,1.0,1.0,1.0,1.0,1.0,0.0,0.0,0.0
145.3,CLIMB,77.89,55.63,7542.08,14.92,77.152,0.933,5496.22,79.24,553.73,4.909,56.61,20.708,25.558,3.995,24.6,16.684,5494.91,79.18,550.58,4.908,56.98,20.603,25.501,3.972,24.685,16.695,MISFIRE,1.0,1.0,1.0,1.0,1.0,1.0,0.0,0.0,0.0
145.4,CLIMB,77.88,55.62,7549.17,14.9,77.133,0.9328,5495.81,79.24,553.71,4.909,56.59,20.707,25.558,3.995,24.6,16.683,5480.48,79.69,553.65,4.866,56.73,20.717,25.503,3.95,24.647,16.937,MISFIRE,1.0,1.0,1.0,1.0,1.0,1.0,0.0,0.0,0.0
145.5,CLIMB,77.88,55.62,7556.25,14.89,77.113,0.9327,5495.39,79.24,553.7,4.909,56.58,20.706,25.558,3.994,24.6,16.681,5488.94,78.78,554.52,4.947,56.81,20.798,25.54,4.028,24.562,16.781,MISFIRE,1.0,1.0,1.0,1.0,1.0,1.0,0.0,0.0,0.0
145.6,CLIMB,77.87,55.61,7563.33,14.87,77.093,0.9325,5494.98,79.23,553.69,4.908,56.57,20.704,25.557,3.994,24.6,16.68,5499.57,79.96,553.41,4.936,56.1,20.691,25.588,3.947,24.649,16.569,MISFIRE,1.0,1.0,1.0,1.0,1.0,1.0,0.0,0.0,0.0
145.7,CLIMB,77.86,55.61,7570.42,14.86,77.073,0.9323,5494.57,79.23,553.67,4.908,56.56,20.703,25.557,3.994,24.6,16.679,5491.72,78.89,552.2,4.921,55.92,20.746,25.493,3.974,24.673,16.727,MISFIRE,1.0,1.0,1.0,1.0,1.0,1.0,0.0,0.0,0.0
145.8,CLIMB,77.85,55.6,7577.5,14.85,77.054,0.9321,5494.15,79.23,553.66,4.908,56.54,20.701,25.557,3.994,24.6,16.678,5496.19,80.07,552.62,4.893,57.02,20.76,25.574,4.014,24.56,16.632,MISFIRE,1.0,1.0,1.0,1.0,1.0,1.0,0.0,0.0,0.0
145.9,CLIMB,77.84,55.6,7584.58,14.83,77.034,0.9319,5493.74,79.23,553.64,4.908,56.53,20.7,25.557,3.994,24.6,16.676,5497.47,79.14,554.18,4.954,56.4,20.7,25.57,4.015,24.672,16.657,MISFIRE,1.0,1.0,1.0,1.0,1.0,1.0,0.0,0.0,0.0
146.0,CLIMB,77.83,55.59,7591.67,14.82,77.014,0.9317,5493.33,79.23,553.63,4.908,56.52,20.698,25.557,3.994,24.6,16.675,5502.22,79.28,554.8,4.936,56.88,20.915,25.571,3.981,24.605,16.773,MISFIRE,1.0,1.0,1.0,1.0,1.0,1.0,0.0,0.0,0.0
146.1,CLIMB,77.83,55.59,7598.75,14.8,76.995,0.9315,5492.91,79.23,553.62,4.908,56.51,20.697,25.557,3.994,24.6,16.674,5482.39,79.2,553.57,4.935,56.35,20.47,25.527,3.909,24.651,16.595,MISFIRE,1.0,1.0,1.0,1.0,1.0,1.0,0.0,0.0,0.0
146.2,CLIMB,77.82,55.58,7605.83,14.79,76.975,0.9313,5492.5,79.23,553.6,4.908,56.49,20.695,25.556,3.994,24.6,16.673,5486.95,79.47,551.79,4.991,56.25,20.962,25.648,4.011,24.599,16.511,MISFIRE,1.0,1.0,1.0,1.0,1.0,1.0,0.0,0.0,0.0
146.3,CLIMB,77.81,55.58,7612.92,14.77,76.955,0.9311,5492.09,79.23,553.59,4.908,56.48,20.694,25.556,3.994,24.6,16.671,5497.67,78.77,554.25,4.902,56.68,20.594,25.529,3.987,24.564,16.568,MISFIRE,1.0,1.0,1.0,1.0,1.0,1.0,0.0,0.0,0.0
146.4,CLIMB,77.8,55.57,7620.0,14.76,76.935,0.9309,5491.68,79.23,553.57,4.907,56.47,20.692,25.556,3.994,24.6,16.67,5497.04,78.93,550.01,4.94,56.7,20.787,25.476,3.935,24.615,16.746,MISFIRE,1.0,1.0,1.0,1.0,1.0,1.0,0.0,0.0,0.0
146.5,CLIMB,77.79,55.56,7627.08,14.75,76.916,0.9307,5491.26,79.23,553.56,4.907,56.46,20.691,25.556,3.994,24.6,16.669,5497.14,79.15,553.34,4.9,56.66,20.747,25.589,3.952,24.699,16.666,MISFIRE,1.0,1.0,1.0,1.0,1.0,1.0,0.0,0.0,0.0
146.6,CLIMB,77.78,55.56,7634.17,14.73,76.896,0.9305,5490.85,79.22,553.54,4.907,56.44,20.689,25.556,3.994,24.6,16.668,5496.6,79.56,553.89,4.874,56.31,20.68,25.543,3.942,24.6,16.847,MISFIRE,1.0,1.0,1.0,1.0,1.0,1.0,0.0,0.0,0.0
146.7,CLIMB,77.78,55.55,7641.25,14.72,76.876,0.9303,5490.44,79.22,553.53,4.907,56.43,20.688,25.556,3.993,24.6,16.666,5486.14,79.56,551.6,4.913,56.54,20.767,25.545,3.937,24.7,16.629,MISFIRE,1.0,1.0,1.0,1.0,1.0,1.0,0.0,0.0,0.0
146.8,CLIMB,77.77,55.55,7648.33,14.7,76.857,0.9302,5490.02,79.22,553.52,4.907,56.42,20.686,25.555,3.993,24.6,16.665,5488.33,79.68,554.36,4.989,56.38,20.533,25.519,3.961,24.605,16.773,MISFIRE,1.0,1.0,1.0,1.0,1.0,1.0,0.0,0.0,0.0
146.9,CLIMB,77.76,55.54,7655.42,14.69,76.837,0.93,5489.61,79.22,553.5,4.907,56.41,20.685,25.555,3.993,24.6,16.664,5488.47,78.73,554.68,4.937,56.4,20.738,25.512,3.901,24.567,16.653,MISFIRE,1.0,1.0,1.0,1.0,1.0,1.0,0.0,0.0,0.0
147.0,CLIMB,77.75,55.54,7662.5,14.68,76.817,0.9298,5489.2,79.22,553.49,4.907,56.39,20.683,25.555,3.993,24.6,16.663,5498.84,78.88,553.49,4.918,56.8,20.418,25.608,3.998,24.668,16.68,MISFIRE,1.0,1.0,1.0,1.0,1.0,1.0,0.0,0.0,0.0
147.1,CLIMB,77.74,55.53,7669.58,14.66,76.798,0.9296,5488.78,79.22,553.47,4.906,56.38,20.682,25.555,3.993,24.6,16.661,5493.48,79.27,556.32,4.912,55.86,20.817,25.57,3.935,24.63,16.623,MISFIRE,1.0,1.0,1.0,1.0,1.0,1.0,0.0,0.0,0.0
147.2,CLIMB,77.73,55.53,7676.67,14.65,76.778,0.9294,5488.37,79.22,553.46,4.906,56.37,20.68,25.555,3.993,24.6,16.66,5481.9,79.08,552.82,4.949,55.98,20.666,25.599,3.988,24.595,16.62,MISFIRE,1.0,1.0,1.0,1.0,1.0,1.0,0.0,0.0,0.0
147.3,CLIMB,77.73,55.52,7683.75,14.63,76.758,0.9292,5487.96,79.22,553.45,4.906,56.36,20.679,25.555,3.993,24.6,16.659,5480.18,78.81,553.64,4.903,56.56,20.801,25.581,3.938,24.569,16.797,MISFIRE,1.0,1.0,1.0,1.0,1.0,1.0,0.0,0.0,0.0
147.4,CLIMB,77.72,55.52,7690.83,14.62,76.739,0.929,5487.55,79.22,553.43,4.906,56.34,20.678,25.554,3.993,24.6,16.658,5496.62,78.7,552.68,4.908,56.28,20.791,25.594,3.921,24.496,16.639,MISFIRE,1.0,1.0,1.0,1.0,1.0,1.0,0.0,0.0,0.0
147.5,CLIMB,77.71,55.51,7697.92,14.6,76.719,0.9288,5487.13,79.22,553.42,4.906,56.33,20.676,25.554,3.993,24.6,16.656,5485.51,78.04,553.65,4.864,56.23,20.654,25.508,4.042,24.599,16.548,MISFIRE,1.0,1.0,1.0,1.0,1.0,1.0,0.0,0.0,0.0
147.6,CLIMB,77.7,55.51,7705.0,14.59,76.7,0.9286,5486.72,79.21,553.4,4.906,56.32,20.675,25.554,3.993,24.6,16.655,5480.77,78.6,554.63,4.891,56.48,20.778,25.558,3.996,24.598,16.658,MISFIRE,1.0,1.0,1.0,1.0,1.0,1.0,0.0,0.0,0.0
147.7,CLIMB,77.69,55.5,7712.08,14.58,76.68,0.9284,5486.31,79.21,553.39,4.906,56.31,20.673,25.554,3.993,24.6,16.654,5489.39,80.25,551.05,4.914,56.46,20.736,25.591,3.96,24.583,16.78,MISFIRE,1.0,1.0,1.0,1.0,1.0,1.0,0.0,0.0,0.0
147.8,CLIMB,77.68,55.49,7719.17,14.56,76.66,0.9282,5485.9,79.21,553.38,4.906,56.29,20.672,25.554,3.993,24.6,16.653,5485.69,79.52,549.51,4.926,56.19,20.891,25.544,3.987,24.65,16.91,MISFIRE,1.0,1.0,1.0,1.0,1.0,1.0,0.0,0.0,0.0
147.9,CLIMB,77.68,55.49,7726.25,14.55,76.641,0.928,5485.48,79.21,553.36,4.905,56.28,20.67,25.554,3.992,24.6,16.651,5480.3,79.51,554.0,4.894,56.24,20.809,25.531,4.031,24.65,16.928,MISFIRE,1.0,1.0,1.0,1.0,1.0,1.0,0.0,0.0,0.0
148.0,CLIMB,77.67,55.48,7733.33,14.53,76.621,0.9278,5485.07,79.21,553.35,4.905,56.27,20.669,25.553,3.992,24.6,16.65,5486.23,78.42,551.14,4.891,56.07,20.676,25.492,3.893,24.637,16.852,MISFIRE,1.0,1.0,1.0,1.0,1.0,1.0,0.0,0.0,0.0
148.1,CLIMB,77.66,55.48,7740.42,14.52,76.601,0.9277,5484.66,79.21,553.33,4.905,56.26,20.667,25.553,3.992,24.6,16.649,5476.8,78.88,553.54,4.929,56.1,20.584,25.577,4.055,24.63,16.723,MISFIRE,1.0,1.0,1.0,1.0,1.0,1.0,0.0,0.0,0.0
148.2,CLIMB,77.65,55.47,7747.5,14.51,76.582,0.9275,5484.24,79.21,553.32,4.905,56.24,20.666,25.553,3.992,24.6,16.648,5489.1,79.68,551.66,4.897,56.55,20.675,25.634,3.982,24.623,16.851,MISFIRE,1.0,1.0,1.0,1.0,1.0,1.0,0.0,0.0,0.0
148.3,CLIMB,77.64,55.47,7754.58,14.49,76.562,0.9273,5483.83,79.21,553.3,4.905,56.23,20.664,25.553,3.992,24.6,16.646,5487.05,79.95,554.94,4.875,56.47,20.605,25.61,4.108,24.512,16.612,MISFIRE,1.0,1.0,1.0,1.0,1.0,1.0,0.0,0.0,0.0
148.4,CLIMB,77.63,55.46,7761.67,14.48,76.543,0.9271,5483.42,79.21,553.29,4.905,56.22,20.663,25.553,3.992,24.6,16.645,5477.23,79.23,554.42,4.873,55.87,20.617,25.473,3.974,24.748,16.526,MISFIRE,1.0,1.0,1.0,1.0,1.0,1.0,0.0,0.0,0.0
148.5,CLIMB,77.63,55.46,7768.75,14.46,76.523,0.9269,5483.01,79.21,553.28,4.905,56.2,20.661,25.553,3.992,24.6,16.644,5473.17,79.15,553.59,4.942,55.8,20.784,25.627,3.962,24.678,16.905,MISFIRE,1.0,1.0,1.0,1.0,1.0,1.0,0.0,0.0,0.0
148.6,CLIMB,77.62,55.45,7775.83,14.45,76.503,0.9267,5482.59,79.21,553.26,4.904,56.19,20.66,25.552,3.992,24.6,16.643,5475.58,79.19,553.53,4.882,56.07,20.416,25.462,4.033,24.629,16.534,MISFIRE,1.0,1.0,1.0,1.0,1.0,1.0,0.0,0.0,0.0
148.7,CLIMB,77.61,55.45,7782.92,14.43,76.484,0.9265,5482.18,79.2,553.25,4.904,56.18,20.658,25.552,3.992,24.6,16.641,5486.03,79.72,553.84,4.961,55.99,20.689,25.543,4.048,24.58,16.709,MISFIRE,1.0,1.0,1.0,1.0,1.0,1.0,0.0,0.0,0.0
148.8,CLIMB,77.6,55.44,7790.0,14.42,76.464,0.9263,5481.77,79.2,553.23,4.904,56.17,20.657,25.552,3.992,24.6,16.64,5485.2,79.98,554.55,4.903,56.57,20.885,25.532,3.941,24.515,16.625,MISFIRE,1.0,1.0,1.0,1.0,1.0,1.0,0.0,0.0,0.0
148.9,CLIMB,77.59,55.43,7797.08,14.41,76.445,0.9261,5481.36,79.2,553.22,4.904,56.15,20.655,25.552,3.992,24.6,16.639,5479.63,78.8,552.83,4.912,55.99,20.677,25.482,3.995,24.604,16.59,MISFIRE,1.0,1.0,1.0,1.0,1.0,1.0,0.0,0.0,0.0
149.0,CLIMB,77.58,55.43,7804.17,14.39,76.425,0.9259,5480.94,79.2,553.21,4.904,56.14,20.654,25.552,3.992,24.6,16.638,5474.66,80.02,552.65,4.929,56.26,20.559,25.595,4.04,24.652,16.684,MISFIRE,1.0,1.0,1.0,1.0,1.0,1.0,0.0,0.0,0.0
149.1,CLIMB,77.58,55.42,7811.25,14.38,76.406,0.9257,5480.53,79.2,553.19,4.904,56.13,20.652,25.552,3.991,24.6,16.636,5485.52,78.14,551.54,4.903,56.35,20.628,25.612,3.924,24.517,16.657,MISFIRE,1.0,1.0,1.0,1.0,1.0,1.0,0.0,0.0,0.0
149.2,CLIMB,77.57,55.42,7818.33,14.36,76.386,0.9255,5480.12,79.2,553.18,4.904,56.12,20.651,25.551,3.991,24.6,16.635,5486.61,78.83,551.65,4.896,55.41,20.575,25.507,3.979,24.605,16.508,MISFIRE,1.0,1.0,1.0,1.0,1.0,1.0,0.0,0.0,0.0
149.3,CLIMB,77.56,55.41,7825.42,14.35,76.366,0.9254,5479.71,79.2,553.16,4.904,56.1,20.65,25.551,3.991,24.6,16.634,5474.23,78.95,552.71,4.887,56.39,20.79,25.516,3.938,24.658,16.528,MISFIRE,1.0,1.0,1.0,1.0,1.0,1.0,0.0,0.0,0.0
149.4,CLIMB,77.55,55.41,7832.5,14.34,76.347,0.9252,5479.3,79.2,553.15,4.903,56.09,20.648,25.551,3.991,24.6,16.633,5480.15,79.1,554.51,4.893,56.15,20.71,25.489,3.994,24.548,16.741,MISFIRE,1.0,1.0,1.0,1.0,1.0,1.0,0.0,0.0,0.0
149.5,CLIMB,77.54,55.4,7839.58,14.32,76.327,0.925,5478.88,79.2,553.13,4.903,56.08,20.647,25.551,3.991,24.6,16.631,5474.73,78.77,553.73,4.933,56.11,20.685,25.507,3.971,24.686,16.748,MISFIRE,1.0,1.0,1.0,1.0,1.0,1.0,0.0,0.0,0.0
149.6,CLIMB,77.53,55.4,7846.67,14.31,76.308,0.9248,5478.47,79.2,553.12,4.903,56.07,20.645,25.551,3.991,24.6,16.63,5488.57,78.71,555.03,4.82,55.63,20.634,25.619,4.009,24.577,16.783,MISFIRE,1.0,1.0,1.0,1.0,1.0,1.0,0.0,0.0,0.0
149.7,CLIMB,77.53,55.39,7853.75,14.29,76.288,0.9246,5478.06,79.19,553.11,4.903,56.05,20.644,25.551,3.991,24.6,16.629,5487.45,78.12,553.56,4.882,56.47,20.642,25.531,4.015,24.599,16.76,MISFIRE,1.0,1.0,1.0,1.0,1.0,1.0,0.0,0.0,0.0
149.8,CLIMB,77.52,55.39,7860.83,14.28,76.269,0.9244,5477.65,79.19,553.09,4.903,56.04,20.642,25.55,3.991,24.6,16.628,5480.49,79.93,553.92,4.922,56.08,20.634,25.536,4.019,24.599,16.618,MISFIRE,1.0,1.0,1.0,1.0,1.0,1.0,0.0,0.0,0.0
149.9,CLIMB,77.51,55.38,7867.92,14.26,76.249,0.9242,5477.23,79.19,553.08,4.903,56.03,20.641,25.55,3.991,24.6,16.626,5478.42,79.43,552.46,4.899,55.72,20.662,25.498,4.041,24.655,16.634,MISFIRE,1.0,1.0,1.0,1.0,1.0,1.0,0.0,0.0,0.0
150.0,CLIMB,77.5,55.38,7875.0,14.25,76.23,0.924,5476.82,79.19,553.06,4.903,56.01,20.639,25.55,3.991,24.6,16.625,5477.45,78.78,553.93,4.866,55.99,20.677,25.528,3.985,24.621,16.614,MISFIRE,1.0,1.0,1.0,1.0,1.0,1.0,0.0,0.0,0.0
150.1,CLIMB,77.49,55.37,7882.08,14.24,76.21,0.9238,5476.41,79.19,553.05,4.902,56.0,20.638,25.55,3.991,24.6,16.624,5474.76,78.77,553.2,4.846,55.58,20.625,25.561,4.035,24.552,16.671,MISFIRE,1.0,1.0,1.0,1.0,1.0,1.0,0.0,0.0,0.0
150.2,CLIMB,77.48,55.36,7889.17,14.22,76.191,0.9236,5476.0,79.19,553.04,4.902,55.99,20.636,25.55,3.991,24.6,16.623,5481.83,79.26,551.77,4.894,56.17,20.727,25.563,4.057,24.628,16.628,MISFIRE,1.0,1.0,1.0,1.0,1.0,1.0,0.0,0.0,0.0
150.3,CLIMB,77.48,55.36,7896.25,14.21,76.171,0.9234,5475.58,79.19,553.02,4.902,55.98,20.635,25.55,3.99,24.6,16.621,5470.44,78.96,549.9,4.882,55.58,20.56,25.534,3.943,24.632,16.554,MISFIRE,1.0,1.0,1.0,1.0,1.0,1.0,0.0,0.0,0.0
150.4,CLIMB,77.47,55.35,7903.33,14.19,76.152,0.9233,5475.17,79.19,553.01,4.902,55.96,20.633,25.549,3.99,24.6,16.62,5471.67,79.72,554.75,4.847,56.62,20.627,25.462,3.989,24.583,16.558,MISFIRE,1.0,1.0,1.0,1.0,1.0,1.0,0.0,0.0,0.0
150.5,CLIMB,77.46,55.35,7910.42,14.18,76.132,0.9231,5474.76,79.19,552.99,4.902,55.95,20.632,25.549,3.99,24.6,16.619,5475.86,79.84,553.27,4.877,56.13,20.614,25.536,3.889,24.589,16.61,MISFIRE,1.0,1.0,1.0,1.0,1.0,1.0,0.0,0.0,0.0
150.6,CLIMB,77.45,55.34,7917.5,14.17,76.113,0.9229,5474.35,79.19,552.98,4.902,55.94,20.63,25.549,3.99,24.6,16.618,5473.34,79.45,552.66,4.87,55.88,20.836,25.645,4.04,24.534,16.445,MISFIRE,1.0,1.0,1.0,1.0,1.0,1.0,0.0,0.0,0.0
150.7,CLIMB,77.44,55.34,7924.58,14.15,76.093,0.9227,5473.94,79.18,552.97,4.902,55.93,20.629,25.549,3.99,24.6,16.616,5473.39,78.69,553.34,4.909,55.79,20.511,25.522,4.046,24.626,16.645,MISFIRE,1.0,1.0,1.0,1.0,1.0,1.0,0.0,0.0,0.0
150.8,CLIMB,77.43,55.33,7931.67,14.14,76.074,0.9225,5473.52,79.18,552.95,4.902,55.91,20.627,25.549,3.99,24.6,16.615,5470.1,79.61,550.6,4.868,55.91,20.566,25.48,4.032,24.575,16.689,MISFIRE,1.0,1.0,1.0,1.0,1.0,1.0,0.0,0.0,0.0
150.9,CLIMB,77.43,55.33,7938.75,14.12,76.054,0.9223,5473.11,79.18,552.94,4.901,55.9,20.626,25.549,3.99,24.6,16.614,5473.28,77.99,555.66,4.901,55.82,20.643,25.545,4.028,24.596,16.688,MISFIRE,1.0,1.0,1.0,1.0,1.0,1.0,0.0,0.0,0.0
151.0,CLIMB,77.42,55.32,7945.83,14.11,76.035,0.9221,5472.7,79.18,552.92,4.901,55.89,20.624,25.548,3.99,24.6,16.613,5476.92,78.36,552.61,4.918,56.24,20.658,25.657,3.97,24.543,16.64,MISFIRE,1.0,1.0,1.0,1.0,1.0,1.0,0.0,0.0,0.0
151.1,CLIMB,77.41,55.32,7952.92,14.09,76.015,0.9219,5472.29,79.18,552.91,4.901,55.88,20.623,25.548,3.99,24.6,16.611,5470.54,78.84,553.3,4.925,56.32,20.569,25.638,4.022,24.666,16.574,MISFIRE,1.0,1.0,1.0,1.0,1.0,1.0,0.0,0.0,0.0
151.2,CLIMB,77.4,55.31,7960.0,14.08,75.996,0.9217,5471.88,79.18,552.89,4.901,55.86,20.622,25.548,3.99,24.6,16.61,5462.1,78.53,552.59,4.897,55.49,20.476,25.63,3.958,24.638,16.466,MISFIRE,1.0,1.0,1.0,1.0,1.0,1.0,0.0,0.0,0.0
151.3,CLIMB,77.39,55.3,7967.08,14.07,75.977,0.9215,5471.46,79.18,552.88,4.901,55.85,20.62,25.548,3.99,24.6,16.609,5472.59,79.67,553.88,4.905,56.12,20.59,25.454,4.01,24.605,16.616,MISFIRE,1.0,1.0,1.0,1.0,1.0,1.0,0.0,0.0,0.0
151.4,CLIMB,77.38,55.3,7974.17,14.05,75.957,0.9213,5471.05,79.18,552.87,4.901,55.84,20.619,25.548,3.989,24.6,16.608,5463.06,78.64,553.65,4.869,55.87,20.559,25.589,3.932,24.574,16.624,MISFIRE,1.0,1.0,1.0,1.0,1.0,1.0,0.0,0.0,0.0
151.5,CLIMB,77.38,55.29,7981.25,14.04,75.938,0.9212,5470.64,79.18,552.85,4.901,55.82,20.617,25.548,3.989,24.6,16.606,5479.05,79.58,552.63,4.875,55.67,20.736,25.561,3.975,24.581,16.42,MISFIRE,1.0,1.0,1.0,1.0,1.0,1.0,0.0,0.0,0.0
151.6,CLIMB,77.37,55.29,7988.33,14.02,75.918,0.921,5470.23,79.18,552.84,4.901,55.81,20.616,25.547,3.989,24.6,16.605,5467.26,78.62,553.41,4.942,55.99,20.407,25.523,3.99,24.613,16.625,MISFIRE,1.0,1.0,1.0,1.0,1.0,1.0,0.0,0.0,0.0
151.7,CLIMB,77.36,55.28,7995.42,14.01,75.899,0.9208,5469.82,79.17,552.82,4.9,55.8,20.614,25.547,3.989,24.6,16.604,5466.9,78.91,552.44,4.913,55.85,20.575,25.515,3.968,24.604,16.659,MISFIRE,1.0,1.0,1.0,1.0,1.0,1.0,0.0,0.0,0.0
151.8,CLIMB,77.35,55.28,8002.5,14.0,75.879,0.9206,5469.41,79.17,552.81,4.9,55.79,20.613,25.547,3.989,24.6,16.603,5466.04,78.77,553.89,4.851,55.45,20.612,25.512,3.887,24.649,16.533,MISFIRE,1.0,1.0,1.0,1.0,1.0,1.0,0.0,0.0,0.0
151.9,CLIMB,77.34,55.27,8009.58,13.98,75.86,0.9204,5468.99,79.17,552.8,4.9,55.77,20.611,25.547,3.989,24.6,16.601,5475.7,78.78,554.45,4.97,55.76,20.688,25.442,4.018,24.614,16.542,MISFIRE,1.0,1.0,1.0,1.0,1.0,1.0,0.0,0.0,0.0
152.0,CLIMB,77.33,55.27,8016.67,13.97,75.841,0.9202,5468.58,79.17,552.78,4.9,55.76,20.61,25.547,3.989,24.6,16.6,5460.34,78.78,553.53,4.946,55.6,20.584,25.517,4.036,24.625,16.568,MISFIRE,1.0,1.0,1.0,1.0,1.0,1.0,0.0,0.0,0.0
152.1,CLIMB,77.33,55.26,8023.75,13.95,75.821,0.92,5468.17,79.17,552.77,4.9,55.75,20.608,25.547,3.989,24.6,16.599,5463.87,79.1,551.63,4.839,55.97,20.592,25.457,3.903,24.637,16.626,MISFIRE,1.0,1.0,1.0,1.0,1.0,1.0,0.0,0.0,0.0
152.2,CLIMB,77.32,55.26,8030.83,13.94,75.802,0.9198,5467.76,79.17,552.75,4.9,55.74,20.607,25.546,3.989,24.6,16.598,5468.12,79.55,552.73,4.896,55.7,20.503,25.548,4.089,24.617,16.543,MISFIRE,1.0,1.0,1.0,1.0,1.0,1.0,0.0,0.0,0.0
152.3,CLIMB,77.31,55.25,8037.92,13.92,75.782,0.9196,5467.35,79.17,552.74,4.9,55.72,20.605,25.546,3.989,24.6,16.596,5470.55,79.04,552.11,4.899,55.73,20.593,25.57,3.975,24.524,16.616,MISFIRE,1.0,1.0,1.0,1.0,1.0,1.0,0.0,0.0,0.0
152.4,CLIMB,77.3,55.25,8045.0,13.91,75.763,0.9194,5466.93,79.17,552.72,4.899,55.71,20.604,25.546,3.989,24.6,16.595,5467.59,79.28,550.35,4.908,56.33,20.684,25.568,3.944,24.672,16.561,MISFIRE,1.0,1.0,1.0,1.0,1.0,1.0,0.0,0.0,0.0
152.5,CLIMB,77.29,55.24,8052.08,13.9,75.744,0.9193,5466.52,79.17,552.71,4.899,55.7,20.602,25.546,3.989,24.6,16.594,5469.64,77.92,550.98,4.883,55.96,20.632,25.575,3.943,24.63,16.811,MISFIRE,1.0,1.0,1.0,1.0,1.0,1.0,0.0,0.0,0.0
152.6,CLIMB,77.28,55.23,8059.17,13.88,75.724,0.9191,5466.11,79.17,552.7,4.899,55.68,20.601,25.546,3.988,24.6,16.593,5473.8,79.48,553.58,4.881,55.84,20.515,25.504,3.915,24.689,16.646,MISFIRE,1.0,1.0,1.0,1.0,1.0,1.0,0.0,0.0,0.0
152.7,CLIMB,77.28,55.23,8066.25,13.87,75.705,0.9189,5465.7,79.16,552.68,4.899,55.67,20.599,25.546,3.988,24.6,16.591,5469.38,79.25,554.51,4.883,55.64,20.57,25.622,3.967,24.54,16.483,MISFIRE,1.0,1.0,1.0,1.0,1.0,1.0,0.0,0.0,0.0
152.8,CLIMB,77.27,55.22,8073.33,13.85,75.685,0.9187,5465.29,79.16,552.67,4.899,55.66,20.598,25.545,3.988,24.6,16.59,5470.61,79.01,554.69,4.897,55.35,20.576,25.553,3.99,24.61,16.496,MISFIRE,1.0,1.0,1.0,1.0,1.0,1.0,0.0,0.0,0.0
152.9,CLIMB,77.26,55.22,8080.42,13.84,75.666,0.9185,5464.88,79.16,552.65,4.899,55.65,20.596,25.545,3.988,24.6,16.589,5470.69,78.58,551.35,4.894,55.47,20.396,25.594,4.003,24.616,16.654,MISFIRE,1.0,1.0,1.0,1.0,1.0,1.0,0.0,0.0,0.0
153.0,CLIMB,77.25,55.21,8087.5,13.83,75.647,0.9183,5464.46,79.16,552.64,4.899,55.63,20.595,25.545,3.988,24.6,16.588,5460.14,78.61,554.0,4.907,55.05,20.581,25.683,4.001,24.593,16.68,MISFIRE,1.0,1.0,1.0,1.0,1.0,1.0,0.0,0.0,0.0
153.1,CLIMB,77.24,55.21,8094.58,13.81,75.627,0.9181,5464.05,79.16,552.63,4.899,55.62,20.593,25.545,3.988,24.6,16.586,5460.1,79.32,554.16,4.928,55.66,20.705,25.563,4.041,24.585,16.504,MISFIRE,1.0,1.0,1.0,1.0,1.0,1.0,0.0,0.0,0.0
153.2,CLIMB,77.23,55.2,8101.67,13.8,75.608,0.9179,5463.64,79.16,552.61,4.898,55.61,20.592,25.545,3.988,24.6,16.585,5456.4,79.23,552.6,4.945,55.82,20.556,25.6,3.923,24.649,16.534,MISFIRE,1.0,1.0,1.0,1.0,1.0,1.0,0.0,0.0,0.0
153.3,CLIMB,77.23,55.2,8108.75,13.78,75.589,0.9177,5463.23,79.16,552.6,4.898,55.59,20.591,25.545,3.988,24.6,16.584,5464.74,79.23,552.57,4.87,55.33,20.644,25.598,4.032,24.598,16.745,MISFIRE,1.0,1.0,1.0,1.0,1.0,1.0,0.0,0.0,0.0
153.4,CLIMB,77.22,55.19,8115.83,13.77,75.569,0.9175,5462.82,79.16,552.58,4.898,55.58,20.589,25.544,3.988,24.6,16.583,5471.55,78.88,554.65,4.911,56.04,20.616,25.6,3.964,24.566,16.58,MISFIRE,1.0,1.0,1.0,1.0,1.0,1.0,0.0,0.0,0.0
153.5,CLIMB,77.21,55.19,8122.92,13.75,75.55,0.9174,5462.41,79.16,552.57,4.898,55.57,20.588,25.544,3.988,24.6,16.581,5468.87,79.74,553.07,4.849,56.36,20.631,25.607,4.051,24.636,16.638,MISFIRE,1.0,1.0,1.0,1.0,1.0,1.0,0.0,0.0,0.0
153.6,CLIMB,77.2,55.18,8130.0,13.74,75.531,0.9172,5462.0,79.16,552.55,4.898,55.56,20.586,25.544,3.988,24.6,16.58,5475.35,78.49,551.55,4.842,55.12,20.554,25.52,4.032,24.603,16.57,MISFIRE,1.0,1.0,1.0,1.0,1.0,1.0,0.0,0.0,0.0
153.7,CLIMB,77.19,55.17,8137.08,13.73,75.511,0.917,5461.58,79.15,552.54,4.898,55.54,20.585,25.544,3.988,24.6,16.579,5451.45,79.31,550.51,4.902,55.66,20.546,25.616,4.054,24.613,16.497,MISFIRE,1.0,1.0,1.0,1.0,1.0,1.0,0.0,0.0,0.0
153.8,CLIMB,77.18,55.17,8144.17,13.71,75.492,0.9168,5461.17,79.15,552.53,4.898,55.53,20.583,25.544,3.987,24.6,16.578,5469.14,79.38,551.56,4.873,55.52,20.597,25.512,3.989,24.593,16.578,MISFIRE,1.0,1.0,1.0,1.0,1.0,1.0,0.0,0.0,0.0
153.9,CLIMB,77.18,55.16,8151.25,13.7,75.473,0.9166,5460.76,79.15,552.51,4.897,55.52,20.582,25.544,3.987,24.6,16.576,5466.91,78.94,553.17,4.892,55.78,20.372,25.583,3.998,24.537,16.388,MISFIRE,1.0,1.0,1.0,1.0,1.0,1.0,0.0,0.0,0.0
154.0,CLIMB,77.17,55.16,8158.33,13.68,75.453,0.9164,5460.35,79.15,552.5,4.897,55.51,20.58,25.543,3.987,24.6,16.575,5463.96,79.72,552.5,4.861,55.38,20.552,25.579,4.051,24.581,16.528,MISFIRE,1.0,1.0,1.0,1.0,1.0,1.0,0.0,0.0,0.0
154.1,CLIMB,77.16,55.15,8165.42,13.67,75.434,0.9162,5459.94,79.15,552.48,4.897,55.49,20.579,25.543,3.987,24.6,16.574,5457.9,78.88,552.8,4.917,55.9,20.522,25.525,4.046,24.58,16.692,MISFIRE,1.0,1.0,1.0,1.0,1.0,1.0,0.0,0.0,0.0
154.2,CLIMB,77.15,55.15,8172.5,13.66,75.415,0.916,5459.53,79.15,552.47,4.897,55.48,20.577,25.543,3.987,24.6,16.573,5458.36,78.62,552.24,4.889,55.22,20.393,25.641,3.963,24.637,16.488,MISFIRE,1.0,1.0,1.0,1.0,1.0,1.0,0.0,0.0,0.0
154.3,CLIMB,77.14,55.14,8179.58,13.64,75.395,0.9158,5459.12,79.15,552.46,4.897,55.47,20.576,25.543,3.987,24.6,16.571,5457.24,79.35,550.24,4.911,55.47,20.597,25.488,4.048,24.577,16.686,MISFIRE,1.0,1.0,1.0,1.0,1.0,1.0,0.0,0.0,0.0
154.4,CLIMB,77.13,55.14,8186.67,13.63,75.376,0.9157,5458.71,79.15,552.44,4.897,55.45,20.574,25.543,3.987,24.6,16.57,5459.84,79.05,551.96,4.82,55.97,20.483,25.585,3.906,24.624,16.556,MISFIRE,1.0,1.0,1.0,1.0,1.0,1.0,0.0,0.0,0.0
154.5,CLIMB,77.13,55.13,8193.75,13.61,75.357,0.9155,5458.29,79.15,552.43,4.897,55.44,20.573,25.543,3.987,24.6,16.569,5453.43,79.28,551.2,4.99,55.24,20.549,25.578,3.95,24.691,16.599,MISFIRE,1.0,1.0,1.0,1.0,1.0,1.0,0.0,0.0,0.0
154.6,CLIMB,77.12,55.13,8200.83,13.6,75.337,0.9153,5457.88,79.15,552.41,4.897,55.43,20.571,25.542,3.987,24.6,16.568,5455.37,79.98,556.33,4.845,55.7,20.621,25.535,4.013,24.618,16.397,MISFIRE,1.0,1.0,1.0,1.0,1.0,1.0,0.0,0.0,0.0
154.7,CLIMB,77.11,55.12,8207.92,13.58,75.318,0.9151,5457.47,79.14,552.4,4.896,55.42,20.57,25.542,3.987,24.6,16.566,5452.98,79.36,553.97,4.828,55.58,20.584,25.445,4.062,24.574,16.546,MISFIRE,1.0,1.0,1.0,1.0,1.0,1.0,0.0,0.0,0.0
154.8,CLIMB,77.1,55.12,8215.0,13.57,75.299,0.9149,5457.06,79.14,552.38,4.896,55.4,20.568,25.542,3.987,24.6,16.565,5459.01,79.06,552.19,4.845,55.33,20.54,25.58,4.021,24.647,16.643,MISFIRE,1.0,1.0,1.0,1.0,1.0,1.0,0.0,0.0,0.0
154.9,CLIMB,77.09,55.11,8222.08,13.56,75.28,0.9147,5456.65,79.14,552.37,4.896,55.39,20.567,25.542,3.987,24.6,16.564,5460.34,78.88,552.43,4.908,55.18,20.52,25.574,3.933,24.509,16.447,MISFIRE,1.0,1.0,1.0,1.0,1.0,1.0,0.0,0.0,0.0
155.0,CLIMB,77.08,55.1,8229.17,13.54,75.26,0.9145,5456.24,79.14,552.36,4.896,55.38,20.565,25.542,3.986,24.6,16.563,5452.34,79.01,552.12,4.944,55.54,20.675,25.602,4.016,24.635,16.317,MISFIRE,1.0,1.0,1.0,1.0,1.0,1.0,0.0,0.0,0.0
155.1,CLIMB,77.08,55.1,8236.25,13.53,75.241,0.9143,5455.83,79.14,552.34,4.896,55.36,20.564,25.542,3.986,24.6,16.561,5446.78,79.66,551.03,4.828,55.4,20.573,25.536,3.996,24.637,16.625,MISFIRE,1.0,1.0,1.0,1.0,1.0,1.0,0.0,0.0,0.0
155.2,CLIMB,77.07,55.09,8243.33,13.51,75.222,0.9141,5455.42,79.14,552.33,4.896,55.35,20.562,25.541,3.986,24.6,16.56,5457.24,79.96,553.0,4.861,55.61,20.501,25.512,3.952,24.637,16.593,MISFIRE,1.0,1.0,1.0,1.0,1.0,1.0,0.0,0.0,0.0
155.3,CLIMB,77.06,55.09,8250.42,13.5,75.203,0.914,5455.01,79.14,552.31,4.896,55.34,20.561,25.541,3.986,24.6,16.559,5451.55,79.82,553.61,4.93,55.76,20.565,25.527,3.976,24.58,16.499,MISFIRE,1.0,1.0,1.0,1.0,1.0,1.0,0.0,0.0,0.0
155.4,CLIMB,77.05,55.08,8257.5,13.49,75.183,0.9138,5454.59,79.14,552.3,4.896,55.33,20.559,25.541,3.986,24.6,16.558,5457.16,78.63,550.88,4.888,55.84,20.538,25.51,4.1,24.717,16.314,MISFIRE,1.0,1.0,1.0,1.0,1.0,1.0,0.0,0.0,0.0
155.5,CLIMB,77.04,55.08,8264.58,13.47,75.164,0.9136,5454.18,79.14,552.29,4.895,55.31,20.558,25.541,3.986,24.6,16.556,5466.56,79.15,551.92,4.889,55.61,20.49,25.515,4.001,24.571,16.679,MISFIRE,1.0,1.0,1.0,1.0,1.0,1.0,0.0,0.0,0.0
155.6,CLIMB,77.03,55.07,8271.67,13.46,75.145,0.9134,5453.77,79.14,552.27,4.895,55.3,20.557,25.541,3.986,24.6,16.555,5448.06,79.19,554.84,4.867,55.22,20.443,25.539,4.048,24.612,16.675,MISFIRE,1.0,1.0,1.0,1.0,1.0,1.0,0.0,0.0,0.0
155.7,CLIMB,77.03,55.07,8278.75,13.44,75.126,0.9132,5453.36,79.13,552.26,4.895,55.29,20.555,25.541,3.986,24.6,16.554,5460.16,80.02,550.88,4.888,55.61,20.635,25.518,4.032,24.518,16.524,MISFIRE,1.0,1.0,1.0,1.0,1.0,1.0,0.0,0.0,0.0
155.8,CLIMB,77.02,55.06,8285.83,13.43,75.106,0.913,5452.95,79.13,552.24,4.895,55.27,20.554,25.54,3.986,24.6,16.553,5447.64,79.39,550.29,4.88,55.73,20.62,25.511,4.047,24.568,16.566,MISFIRE,1.0,1.0,1.0,1.0,1.0,1.0,0.0,0.0,0.0
155.9,CLIMB,77.01,55.06,8292.92,13.41,75.087,0.9128,5452.54,79.13,552.23,4.895,55.26,20.552,25.54,3.986,24.6,16.551,5456.48,79.36,551.94,4.899,54.84,20.416,25.536,3.965,24.56,16.56,MISFIRE,1.0,1.0,1.0,1.0,1.0,1.0,0.0,0.0,0.0
156.0,CLIMB,77.0,55.05,8300.0,13.4,75.068,0.9126,5452.13,79.13,552.21,4.895,55.25,20.551,25.54,3.986,24.6,16.55,5457.64,78.31,554.95,4.921,54.93,20.66,25.506,3.965,24.671,16.53,MISFIRE,1.0,1.0,1.0,1.0,1.0,1.0,0.0,0.0,0.0
156.1,CLIMB,76.99,55.04,8307.08,13.39,75.049,0.9124,5451.72,79.13,552.2,4.895,55.24,20.549,25.54,3.986,24.6,16.549,5451.07,80.13,551.42,4.95,54.92,20.451,25.59,4.037,24.652,16.421,MISFIRE,1.0,1.0,1.0,1.0,1.0,1.0,0.0,0.0,0.0
156.2,CLIMB,76.98,55.04,8314.17,13.37,75.03,0.9123,5451.31,79.13,552.19,4.894,55.22,20.548,25.54,3.985,24.6,16.548,5456.43,79.47,553.22,4.92,55.43,20.605,25.705,3.888,24.571,16.547,MISFIRE,1.0,1.0,1.0,1.0,1.0,1.0,0.0,0.0,0.0
156.3,CLIMB,76.98,55.03,8321.25,13.36,75.01,0.9121,5450.9,79.13,552.17,4.894,55.21,20.546,25.54,3.985,24.6,16.546,5454.5,78.17,552.31,4.87,55.39,20.445,25.569,3.956,24.521,16.521,MISFIRE,1.0,1.0,1.0,1.0,1.0,1.0,0.0,0.0,0.0
156.4,CLIMB,76.97,55.03,8328.33,13.34,74.991,0.9119,5450.48,79.13,552.16,4.894,55.2,20.545,25.539,3.985,24.6,16.545,5435.73,78.68,550.94,4.878,55.56,20.662,25.613,3.977,24.595,16.434,MISFIRE,1.0,1.0,1.0,1.0,1.0,1.0,0.0,0.0,0.0
156.5,CLIMB,76.96,55.02,8335.42,13.33,74.972,0.9117,5450.07,79.13,552.14,4.894,55.18,20.543,25.539,3.985,24.6,16.544,5454.84,78.48,554.81,4.909,55.08,20.466,25.526,3.926,24.597,16.57,MISFIRE,1.0,1.0,1.0,1.0,1.0,1.0,0.0,0.0,0.0
156.6,CLIMB,76.95,55.02,8342.5,13.32,74.953,0.9115,5449.66,79.13,552.13,4.894,55.17,20.542,25.539,3.985,24.6,16.543,5446.62,79.54,553.76,4.834,55.54,20.552,25.533,3.923,24.627,16.499,MISFIRE,1.0,1.0,1.0,1.0,1.0,1.0,0.0,0.0,0.0
156.7,CLIMB,76.94,55.01,8349.58,13.3,74.934,0.9113,5449.25,79.12,552.12,4.894,55.16,20.54,25.539,3.985,24.6,16.541,5457.57,79.65,552.49,4.867,54.89,20.618,25.577,4.018,24.638,16.422,MISFIRE,1.0,1.0,1.0,1.0,1.0,1.0,0.0,0.0,0.0
156.8,CLIMB,76.93,55.01,8356.67,13.29,74.914,0.9111,5448.84,79.12,552.1,4.894,55.15,20.539,25.539,3.985,24.6,16.54,5448.91,78.96,552.0,4.897,54.99,20.577,25.516,4.006,24.537,16.436,MISFIRE,1.0,1.0,1.0,1.0,1.0,1.0,0.0,0.0,0.0
156.9,CLIMB,76.93,55.0,8363.75,13.27,74.895,0.9109,5448.43,79.12,552.09,4.894,55.13,20.537,25.539,3.985,24.6,16.539,5444.58,78.47,552.92,4.871,54.86,20.471,25.571,3.974,24.619,16.573,MISFIRE,1.0,1.0,1.0,1.0,1.0,1.0,0.0,0.0,0.0
157.0,CLIMB,76.92,55.0,8370.83,13.26,74.876,0.9108,5448.02,79.12,552.07,4.893,55.12,20.536,25.538,3.985,24.6,16.538,5445.99,78.52,554.19,4.914,54.75,20.276,25.51,3.961,24.632,16.579,MISFIRE,1.0,1.0,1.0,1.0,1.0,1.0,0.0,0.0,0.0
157.1,CLIMB,76.91,54.99,8377.92,13.24,74.857,0.9106,5447.61,79.12,552.06,4.893,55.11,20.534,25.538,3.985,24.6,16.536,5442.81,79.41,550.36,4.824,54.78,20.603,25.478,4.029,24.661,16.631,MISFIRE,1.0,1.0,1.0,1.0,1.0,1.0,0.0,0.0,0.0
157.2,CLIMB,76.9,54.99,8385.0,13.23,74.838,0.9104,5447.2,79.12,552.04,4.893,55.09,20.533,25.538,3.985,24.6,16.535,5442.57,78.83,550.59,4.891,54.87,20.582,25.441,3.961,24.592,16.502,MISFIRE,1.0,1.0,1.0,1.0,1.0,1.0,0.0,0.0,0.0
157.3,CLIMB,76.89,54.98,8392.08,13.22,74.819,0.9102,5446.79,79.12,552.03,4.893,55.08,20.531,25.538,3.985,24.6,16.534,5448.3,78.91,553.9,4.922,54.6,20.552,25.493,3.976,24.565,16.628,MISFIRE,1.0,1.0,1.0,1.0,1.0,1.0,0.0,0.0,0.0
157.4,CLIMB,76.88,54.97,8399.17,13.2,74.799,0.91,5446.38,79.12,552.02,4.893,55.07,20.53,25.538,3.984,24.6,16.533,5445.93,78.48,553.77,4.935,54.81,20.527,25.551,3.989,24.646,16.387,MISFIRE,1.0,1.0,1.0,1.0,1.0,1.0,0.0,0.0,0.0
157.5,CLIMB,76.88,54.97,8406.25,13.19,74.78,0.9098,5445.97,79.12,552.0,4.893,55.06,20.528,25.538,3.984,24.6,16.531,5449.2,79.44,550.77,4.887,54.79,20.503,25.573,4.006,24.617,16.347,MISFIRE,1.0,1.0,1.0,1.0,1.0,1.0,0.0,0.0,0.0
157.6,CLIMB,76.87,54.96,8413.33,13.17,74.761,0.9096,5445.56,79.11,551.99,4.893,55.04,20.527,25.537,3.984,24.6,16.53,5443.03,77.7,552.08,4.859,55.21,20.517,25.498,3.95,24.526,16.506,MISFIRE,1.0,1.0,1.0,1.0,1.0,1.0,0.0,0.0,0.0
157.7,CLIMB,76.86,54.96,8420.42,13.16,74.742,0.9094,5445.15,79.11,551.97,4.893,55.03,20.525,25.537,3.984,24.6,16.529,5446.88,79.96,552.84,4.837,54.94,20.499,25.522,3.947,24.648,16.366,MISFIRE,1.0,1.0,1.0,1.0,1.0,1.0,0.0,0.0,0.0
157.8,CLIMB,76.85,54.95,8427.5,13.15,74.723,0.9092,5444.74,79.11,551.96,4.892,55.02,20.524,25.537,3.984,24.6,16.528,5442.27,79.02,555.64,4.953,54.82,20.44,25.532,4.004,24.655,16.303,MISFIRE,1.0,1.0,1.0,1.0,1.0,1.0,0.0,0.0,0.0
157.9,CLIMB,76.84,54.95,8434.58,13.13,74.704,0.9091,5444.32,79.11,551.94,4.892,55.0,20.522,25.537,3.984,24.6,16.526,5449.57,79.0,552.53,4.868,55.05,20.495,25.488,3.972,24.58,16.588,MISFIRE,1.0,1.0,1.0,1.0,1.0,1.0,0.0,0.0,0.0
158.0,CLIMB,76.83,54.94,8441.67,13.12,74.685,0.9089,5443.91,79.11,551.93,4.892,54.99,20.521,25.537,3.984,24.6,16.525,5446.67,78.28,552.49,4.935,55.19,20.383,25.562,4.05,24.537,16.469,MISFIRE,1.0,1.0,1.0,1.0,1.0,1.0,0.0,0.0,0.0
158.1,CLIMB,76.83,54.94,8448.75,13.1,74.666,0.9087,5443.5,79.11,551.92,4.892,54.98,20.52,25.537,3.984,24.6,16.524,5446.81,79.82,552.31,4.902,55.16,20.6,25.482,3.988,24.663,16.625,MISFIRE,1.0,1.0,1.0,1.0,1.0,1.0,0.0,0.0,0.0
158.2,CLIMB,76.82,54.93,8455.83,13.09,74.646,0.9085,5443.09,79.11,551.9,4.892,54.97,20.518,25.536,3.984,24.6,16.523,5446.95,79.23,553.6,4.896,54.69,20.353,25.531,4.003,24.596,16.545,MISFIRE,1.0,1.0,1.0,1.0,1.0,1.0,0.0,0.0,0.0
158.3,CLIMB,76.81,54.93,8462.92,13.07,74.627,0.9083,5442.68,79.11,551.89,4.892,54.95,20.517,25.536,3.984,24.6,16.521,5450.3,79.23,553.41,4.904,55.07,20.299,25.607,4.053,24.591,16.327,MISFIRE,1.0,1.0,1.0,1.0,1.0,1.0,0.0,0.0,0.0
158.4,CLIMB,76.8,54.92,8470.0,13.06,74.608,0.9081,5442.27,79.11,551.87,4.892,54.94,20.515,25.536,3.984,24.6,16.52,5438.22,78.71,551.95,4.828,54.59,20.386,25.591,4.107,24.57,16.653,MISFIRE,1.0,1.0,1.0,1.0,1.0,1.0,0.0,0.0,0.0
158.5,CLIMB,76.79,54.91,8477.08,13.05,74.589,0.9079,5441.86,79.11,551.86,4.891,54.93,20.514,25.536,3.984,24.6,16.519,5441.11,79.98,550.54,4.858,54.61,20.513,25.557,3.98,24.626,16.493,MISFIRE,1.0,1.0,1.0,1.0,1.0,1.0,0.0,0.0,0.0
158.6,CLIMB,76.78,54.91,8484.17,13.03,74.57,0.9077,5441.45,79.1,551.85,4.891,54.91,20.512,25.536,3.983,24.6,16.518,5445.88,79.05,551.9,4.842,55.24,20.58,25.627,4.022,24.611,16.536,MISFIRE,1.0,1.0,1.0,1.0,1.0,1.0,0.0,0.0,0.0
158.7,CLIMB,76.78,54.9,8491.25,13.02,74.551,0.9076,5441.04,79.1,551.83,4.891,54.9,20.511,25.536,3.983,24.6,16.516,5439.26,80.03,554.23,4.909,54.79,20.453,25.496,4.077,24.494,16.604,MISFIRE,1.0,1.0,1.0,1.0,1.0,1.0,0.0,0.0,0.0
158.8,CLIMB,76.77,54.9,8498.33,13.0,74.532,0.9074,5440.63,79.1,551.82,4.891,54.89,20.509,25.535,3.983,24.6,16.515,5443.8,78.14,551.83,4.908,55.52,20.566,25.549,4.0,24.513,16.655,MISFIRE,1.0,1.0,1.0,1.0,1.0,1.0,0.0,0.0,0.0
158.9,CLIMB,76.76,54.89,8505.42,12.99,74.513,0.9072,5440.22,79.1,551.8,4.891,54.88,20.508,25.535,3.983,24.6,16.514,5437.96,79.08,551.61,4.894,55.46,20.5,25.66,4.025,24.615,16.565,MISFIRE,1.0,1.0,1.0,1.0,1.0,1.0,0.0,0.0,0.0
159.0,CLIMB,76.75,54.89,8512.5,12.98,74.494,0.907,5439.81,79.1,551.79,4.891,54.86,20.506,25.535,3.983,24.6,16.513,5428.71,78.7,553.36,4.922,54.79,20.377,25.429,3.976,24.586,16.523,MISFIRE,1.0,1.0,1.0,1.0,1.0,1.0,0.0,0.0,0.0
159.1,CLIMB,76.74,54.88,8519.58,12.96,74.475,0.9068,5439.4,79.1,551.77,4.891,54.85,20.505,25.535,3.983,24.6,16.511,5440.28,78.77,550.47,4.878,54.49,20.36,25.52,3.915,24.561,16.525,MISFIRE,1.0,1.0,1.0,1.0,1.0,1.0,0.0,0.0,0.0
159.2,CLIMB,76.73,54.88,8526.67,12.95,74.456,0.9066,5438.99,79.1,551.76,4.891,54.84,20.503,25.535,3.983,24.6,16.51,5428.99,78.9,554.01,4.923,54.92,20.633,25.507,3.941,24.619,16.585,MISFIRE,1.0,1.0,1.0,1.0,1.0,1.0,0.0,0.0,0.0
159.3,CLIMB,76.73,54.87,8533.75,12.93,74.437,0.9064,5438.58,79.1,551.75,4.89,54.82,20.502,25.535,3.983,24.6,16.509,5436.3,78.55,551.02,4.871,54.51,20.538,25.493,3.89,24.578,16.559,MISFIRE,1.0,1.0,1.0,1.0,1.0,1.0,0.0,0.0,0.0
159.4,CLIMB,76.72,54.87,8540.83,12.92,74.417,0.9062,5438.17,79.1,551.73,4.89,54.81,20.5,25.534,3.983,24.6,16.508,5437.15,79.9,551.53,4.879,54.69,20.475,25.497,3.968,24.508,16.581,MISFIRE,1.0,1.0,1.0,1.0,1.0,1.0,0.0,0.0,0.0
159.5,CLIMB,76.71,54.86,8547.92,12.9,74.398,0.9061,5437.76,79.1,551.72,4.89,54.8,20.499,25.534,3.983,24.6,16.506,5441.6,79.87,550.68,4.928,54.6,20.581,25.552,3.926,24.613,16.345,MISFIRE,1.0,1.0,1.0,1.0,1.0,1.0,0.0,0.0,0.0
159.6,CLIMB,76.7,54.86,8555.0,12.89,74.379,0.9059,5437.35,79.09,551.7,4.89,54.79,20.497,25.534,3.983,24.6,16.505,5431.61,79.33,553.75,4.902,54.75,20.452,25.55,3.975,24.617,16.447,MISFIRE,1.0,1.0,1.0,1.0,1.0,1.0,0.0,0.0,0.0
159.7,CLIMB,76.69,54.85,8562.08,12.88,74.36,0.9057,5436.94,79.09,551.69,4.89,54.77,20.496,25.534,3.982,24.6,16.504,5438.88,79.5,551.23,4.914,54.99,20.639,25.557,3.937,24.566,16.538,MISFIRE,1.0,1.0,1.0,1.0,1.0,1.0,0.0,0.0,0.0
159.8,CLIMB,76.68,54.84,8569.17,12.86,74.341,0.9055,5436.53,79.09,551.67,4.89,54.76,20.494,25.534,3.982,24.6,16.503,5436.47,79.43,553.17,4.853,55.05,20.513,25.53,4.01,24.607,16.365,MISFIRE,1.0,1.0,1.0,1.0,1.0,1.0,0.0,0.0,0.0
159.9,CLIMB,76.68,54.84,8576.25,12.85,74.322,0.9053,5436.12,79.09,551.66,4.89,54.75,20.493,25.534,3.982,24.6,16.501,5439.16,79.85,553.79,4.903,54.59,20.69,25.602,4.013,24.575,16.584,MISFIRE,1.0,1.0,1.0,1.0,1.0,1.0,0.0,0.0,0.0
160.0,CLIMB,76.67,54.83,8583.33,12.83,74.303,0.9051,5435.71,79.09,551.65,4.89,54.73,20.491,25.533,3.982,24.6,16.5,5438.07,78.49,551.01,4.895,55.38,20.574,25.516,3.951,24.554,16.564,MISFIRE,1.0,1.0,1.0,1.0,1.0,1.0,0.0,0.0,0.0
160.1,CLIMB,76.66,54.83,8590.42,12.82,74.284,0.9049,5435.3,79.09,551.63,4.889,54.72,20.49,25.533,3.982,24.6,16.499,5434.36,79.75,552.83,4.921,54.23,20.527,25.494,4.004,24.617,16.297,MISFIRE,1.0,1.0,1.0,1.0,1.0,1.0,0.0,0.0,0.0
160.2,CLIMB,76.65,54.82,8597.5,12.81,74.265,0.9048,5434.89,79.09,551.62,4.889,54.71,20.488,25.533,3.982,24.6,16.498,5438.65,78.66,551.11,4.951,54.52,20.476,25.572,4.032,24.546,16.35,MISFIRE,1.0,1.0,1.0,1.0,1.0,1.0,0.0,0.0,0.0
160.3,CLIMB,76.64,54.82,8604.58,12.79,74.246,0.9046,5434.48,79.09,551.6,4.889,54.69,20.487,25.533,3.982,24.6,16.496,5438.22,79.53,551.47,4.922,54.7,20.52,25.503,3.972,24.594,16.536,MISFIRE,1.0,1.0,1.0,1.0,1.0,1.0,0.0,0.0,0.0
160.4,CLIMB,76.63,54.81,8611.67,12.78,74.227,0.9044,5434.07,79.09,551.59,4.889,54.68,20.485,25.533,3.982,24.6,16.495,5439.15,79.8,550.6,4.899,54.15,20.437,25.598,3.998,24.558,16.437,MISFIRE,1.0,1.0,1.0,1.0,1.0,1.0,0.0,0.0,0.0
160.5,CLIMB,76.63,54.81,8618.75,12.76,74.208,0.9042,5433.66,79.09,551.58,4.889,54.67,20.484,25.533,3.982,24.6,16.494,5437.65,79.48,551.69,4.878,54.44,20.507,25.507,3.995,24.506,16.705,MISFIRE,1.0,1.0,1.0,1.0,1.0,1.0,0.0,0.0,0.0
160.6,CLIMB,76.62,54.8,8625.83,12.75,74.189,0.904,5433.25,79.08,551.56,4.889,54.66,20.482,25.532,3.982,24.6,16.493,5430.72,78.74,551.76,4.931,55.1,20.432,25.608,3.905,24.646,16.475,MISFIRE,1.0,1.0,1.0,1.0,1.0,1.0,0.0,0.0,0.0
160.7,CLIMB,76.61,54.8,8632.92,12.73,74.17,0.9038,5432.84,79.08,551.55,4.889,54.64,20.481,25.532,3.982,24.6,16.491,5429.7,79.17,551.52,4.891,54.69,20.486,25.571,3.991,24.621,16.33,MISFIRE,1.0,1.0,1.0,1.0,1.0,1.0,0.0,0.0,0.0
160.8,CLIMB,76.6,54.79,8640.0,12.72,74.151,0.9036,5432.43,79.08,551.53,4.888,54.63,20.479,25.532,3.982,24.6,16.49,5430.32,78.4,552.11,4.909,54.8,20.542,25.558,3.996,24.519,16.424,MISFIRE,1.0,1.0,1.0,1.0,1.0,1.0,0.0,0.0,0.0
160.9,CLIMB,76.59,54.78,8647.08,12.71,74.132,0.9034,5432.02,79.08,551.52,4.888,54.62,20.478,25.532,3.981,24.6,16.489,5427.48,78.59,550.77,4.823,54.38,20.422,25.598,3.98,24.556,16.217,MISFIRE,1.0,1.0,1.0,1.0,1.0,1.0,0.0,0.0,0.0
161.0,CLIMB,76.58,54.78,8654.17,12.69,74.113,0.9033,5431.61,79.08,551.5,4.888,54.6,20.477,25.532,3.981,24.6,16.488,5433.7,78.26,550.39,4.853,54.91,20.58,25.614,3.98,24.619,16.341,MISFIRE,1.0,1.0,1.0,1.0,1.0,1.0,0.0,0.0,0.0
161.1,CLIMB,76.58,54.77,8661.25,12.68,74.094,0.9031,5431.2,79.08,551.49,4.888,54.59,20.475,25.532,3.981,24.6,16.486,5433.31,79.47,551.97,4.878,54.5,20.561,25.588,3.984,24.624,16.413,MISFIRE,1.0,1.0,1.0,1.0,1.0,1.0,0.0,0.0,0.0
161.2,CLIMB,76.57,54.77,8668.33,12.66,74.075,0.9029,5430.79,79.08,551.48,4.888,54.58,20.474,25.531,3.981,24.6,16.485,5431.91,79.13,555.2,4.874,54.69,20.428,25.595,3.923,24.633,16.542,MISFIRE,1.0,1.0,1.0,1.0,1.0,1.0,0.0,0.0,0.0
161.3,CLIMB,76.56,54.76,8675.42,12.65,74.056,0.9027,5430.38,79.08,551.46,4.888,54.56,20.472,25.531,3.981,24.6,16.484,5423.63,78.66,550.66,4.904,54.53,20.449,25.404,3.963,24.586,16.409,MISFIRE,1.0,1.0,1.0,1.0,1.0,1.0,0.0,0.0,0.0
161.4,CLIMB,76.55,54.76,8682.5,12.64,74.037,0.9025,5429.97,79.08,551.45,4.888,54.55,20.471,25.531,3.981,24.6,16.483,5432.8,78.12,549.59,4.856,54.42,20.662,25.469,3.966,24.589,16.446,MISFIRE,1.0,1.0,1.0,1.0,1.0,1.0,0.0,0.0,0.0
161.5,CLIMB,76.54,54.75,8689.58,12.62,74.019,0.9023,5429.56,79.08,551.43,4.888,54.54,20.469,25.531,3.981,24.6,16.481,5435.59,79.62,551.89,4.901,54.02,20.57,25.524,4.003,24.659,16.499,MISFIRE,1.0,1.0,1.0,1.0,1.0,1.0,0.0,0.0,0.0
161.6,CLIMB,76.53,54.75,8696.67,12.61,74.0,0.9021,5429.15,79.07,551.42,4.887,54.53,20.468,25.531,3.981,24.6,16.48,5429.37,79.9,552.06,4.839,54.59,20.524,25.478,3.947,24.643,16.611,MISFIRE,1.0,1.0,1.0,1.0,1.0,1.0,0.0,0.0,0.0
161.7,CLIMB,76.53,54.74,8703.75,12.59,73.981,0.902,5428.74,79.07,551.4,4.887,54.51,20.466,25.531,3.981,24.6,16.479,5438.02,78.8,552.14,4.86,54.66,20.584,25.582,4.053,24.711,16.541,MISFIRE,1.0,1.0,1.0,1.0,1.0,1.0,0.0,0.0,0.0
161.8,CLIMB,76.52,54.74,8710.83,12.58,73.962,0.9018,5428.33,79.07,551.39,4.887,54.5,20.465,25.53,3.981,24.6,16.478,5425.58,78.88,552.4,4.864,54.69,20.437,25.515,3.996,24.57,16.439,MISFIRE,1.0,1.0,1.0,1.0,1.0,1.0,0.0,0.0,0.0
161.9,CLIMB,76.51,54.73,8717.92,12.56,73.943,0.9016,5427.92,79.07,551.38,4.887,54.49,20.463,25.53,3.981,24.6,16.476,5426.77,79.35,550.26,4.901,54.38,20.367,25.469,3.998,24.574,16.405,MISFIRE,1.0,1.0,1.0,1.0,1.0,1.0,0.0,0.0,0.0
162.0,CLIMB,76.5,54.73,8725.0,12.55,73.924,0.9014,5427.51,79.07,551.36,4.887,54.47,20.462,25.53,3.981,24.6,16.475,5434.36,80.03,549.61,4.872,54.33,20.515,25.498,3.941,24.597,16.554,MISFIRE,1.0,1.0,1.0,1.0,1.0,1.0,0.0,0.0,0.0
162.1,CLIMB,76.49,54.72,8732.08,12.54,73.905,0.9012,5427.1,79.07,551.35,4.887,54.46,20.46,25.53,3.98,24.6,16.474,5427.09,79.56,550.96,4.878,54.36,20.498,25.565,3.994,24.623,16.558,MISFIRE,1.0,1.0,1.0,1.0,1.0,1.0,0.0,0.0,0.0
162.2,CLIMB,76.48,54.71,8739.17,12.52,73.886,0.901,5426.69,79.07,551.33,4.887,54.45,20.459,25.53,3.98,24.6,16.473,5431.26,79.82,552.42,4.849,54.38,20.381,25.463,3.992,24.469,16.528,MISFIRE,1.0,1.0,1.0,1.0,1.0,1.0,0.0,0.0,0.0
162.3,CLIMB,76.48,54.71,8746.25,12.51,73.867,0.9008,5426.28,79.07,551.32,4.887,54.43,20.457,25.53,3.98,24.6,16.471,5425.58,79.4,550.53,4.87,54.73,20.537,25.578,3.988,24.511,16.615,MISFIRE,1.0,1.0,1.0,1.0,1.0,1.0,0.0,0.0,0.0
162.4,CLIMB,76.47,54.7,8753.33,12.49,73.848,0.9007,5425.87,79.07,551.3,4.886,54.42,20.456,25.529,3.98,24.6,16.47,5426.63,78.61,550.54,4.888,54.56,20.483,25.468,3.845,24.538,16.398,MISFIRE,1.0,1.0,1.0,1.0,1.0,1.0,0.0,0.0,0.0
162.5,CLIMB,76.46,54.7,8760.42,12.48,73.829,0.9005,5425.47,79.06,551.29,4.886,54.41,20.454,25.529,3.98,24.6,16.469,5427.04,79.23,552.12,4.89,54.44,20.437,25.517,4.004,24.629,16.618,MISFIRE,1.0,1.0,1.0,1.0,1.0,1.0,0.0,0.0,0.0
162.6,CLIMB,76.45,54.69,8767.5,12.47,73.81,0.9003,5425.06,79.06,551.28,4.886,54.4,20.453,25.529,3.98,24.6,16.468,5431.19,79.48,553.14,4.934,54.29,20.337,25.524,4.01,24.541,16.65,MISFIRE,1.0,1.0,1.0,1.0,1.0,1.0,0.0,0.0,0.0
162.7,CLIMB,76.44,54.69,8774.58,12.45,73.791,0.9001,5424.65,79.06,551.26,4.886,54.38,20.451,25.529,3.98,24.6,16.466,5426.52,78.72,550.03,4.88,54.51,20.275,25.541,3.998,24.651,16.305,MISFIRE,1.0,1.0,1.0,1.0,1.0,1.0,0.0,0.0,0.0
162.8,CLIMB,76.43,54.68,8781.67,12.44,73.773,0.8999,5424.24,79.06,551.25,4.886,54.37,20.45,25.529,3.98,24.6,16.465,5416.18,79.4,554.05,4.906,54.13,20.462,25.517,3.975,24.635,16.538,MISFIRE,1.0,1.0,1.0,1.0,1.0,1.0,0.0,0.0,0.0
162.9,CLIMB,76.43,54.68,8788.75,12.42,73.754,0.8997,5423.83,79.06,551.23,4.886,54.36,20.448,25.529,3.98,24.6,16.464,5409.85,78.88,549.01,4.874,54.3,20.517,25.485,4.007,24.558,16.292,MISFIRE,1.0,1.0,1.0,1.0,1.0,1.0,0.0,0.0,0.0
163.0,CLIMB,76.42,54.67,8795.83,12.41,73.735,0.8995,5423.42,79.06,551.22,4.886,54.34,20.447,25.528,3.98,24.6,16.463,5425.86,79.17,553.35,4.901,54.31,20.456,25.547,3.993,24.559,16.524,MISFIRE,1.0,1.0,1.0,1.0,1.0,1.0,0.0,0.0,0.0
163.1,CLIMB,76.41,54.67,8802.92,12.39,73.716,0.8994,5423.01,79.06,551.21,4.886,54.33,20.445,25.528,3.98,24.6,16.461,5421.81,79.96,552.81,4.865,54.26,20.579,25.567,4.008,24.601,16.394,MISFIRE,1.0,1.0,1.0,1.0,1.0,1.0,0.0,0.0,0.0
163.2,CLIMB,76.4,54.66,8810.0,12.38,73.697,0.8992,5422.6,79.06,551.19,4.885,54.32,20.444,25.528,3.98,24.6,16.46,5432.54,79.58,552.38,4.897,53.99,20.451,25.576,3.961,24.55,16.443,MISFIRE,1.0,1.0,1.0,1.0,1.0,1.0,0.0,0.0,0.0
163.3,CLIMB,76.39,54.65,8817.08,12.37,73.678,0.899,5422.19,79.06,551.18,4.885,54.3,20.442,25.528,3.979,24.6,16.459,5422.29,79.61,550.69,4.855,54.31,20.425,25.491,4.037,24.69,16.33,MISFIRE,1.0,1.0,1.0,1.0,1.0,1.0,0.0,0.0,0.0
163.4,CLIMB,76.38,54.65,8824.17,12.35,73.659,0.8988,5421.78,79.06,551.16,4.885,54.29,20.441,25.528,3.979,24.6,16.458,5416.55,78.16,551.47,4.923,53.97,20.455,25.549,4.014,24.576,16.48,MISFIRE,1.0,1.0,1.0,1.0,1.0,1.0,0.0,0.0,0.0
163.5,CLIMB,76.38,54.64,8831.25,12.34,73.641,0.8986,5421.37,79.05,551.15,4.885,54.28,20.439,25.528,3.979,24.6,16.456,5426.63,79.44,551.75,4.9,54.49,20.457,25.537,4.096,24.672,16.449,MISFIRE,1.0,1.0,1.0,1.0,1.0,1.0,0.0,0.0,0.0
163.6,CLIMB,76.37,54.64,8838.33,12.32,73.622,0.8984,5420.96,79.05,551.13,4.885,54.27,20.438,25.527,3.979,24.6,16.455,5427.37,79.14,551.01,4.832,54.71,20.375,25.417,3.966,24.613,16.375,MISFIRE,1.0,1.0,1.0,1.0,1.0,1.0,0.0,0.0,0.0
163.7,CLIMB,76.36,54.63,8845.42,12.31,73.603,0.8982,5420.55,79.05,551.12,4.885,54.25,20.436,25.527,3.979,24.6,16.454,5418.96,79.35,550.95,4.904,54.46,20.417,25.503,3.987,24.591,16.486,MISFIRE,1.0,1.0,1.0,1.0,1.0,1.0,0.0,0.0,0.0
163.8,CLIMB,76.35,54.63,8852.5,12.3,73.584,0.8981,5420.14,79.05,551.11,4.885,54.24,20.435,25.527,3.979,24.6,16.453,5421.27,78.64,551.78,4.876,54.2,20.295,25.583,4.032,24.592,16.455,MISFIRE,1.0,1.0,1.0,1.0,1.0,1.0,0.0,0.0,0.0
163.9,CLIMB,76.34,54.62,8859.58,12.28,73.565,0.8979,5419.73,79.05,551.09,4.884,54.23,20.433,25.527,3.979,24.6,16.451,5413.89,79.83,551.22,4.875,54.37,20.481,25.557,3.963,24.652,16.543,MISFIRE,1.0,1.0,1.0,1.0,1.0,1.0,0.0,0.0,0.0
164.0,CLIMB,76.33,54.62,8866.67,12.27,73.546,0.8977,5419.32,79.05,551.08,4.884,54.21,20.432,25.527,3.979,24.6,16.45,5413.64,78.67,550.65,4.866,54.64,20.476,25.514,4.017,24.641,16.469,MISFIRE,1.0,1.0,1.0,1.0,1.0,1.0,0.0,0.0,0.0
164.1,CLIMB,76.33,54.61,8873.75,12.25,73.528,0.8975,5418.92,79.05,551.06,4.884,54.2,20.431,25.527,3.979,24.6,16.449,5425.48,78.36,552.3,4.893,54.35,20.46,25.497,4.051,24.543,16.501,MISFIRE,1.0,1.0,1.0,1.0,1.0,1.0,0.0,0.0,0.0
164.2,CLIMB,76.32,54.61,8880.83,12.24,73.509,0.8973,5418.51,79.05,551.05,4.884,54.19,20.429,25.526,3.979,24.6,16.448,5422.94,78.68,552.27,4.904,54.39,20.601,25.495,3.979,24.628,16.485,MISFIRE,1.0,1.0,1.0,1.0,1.0,1.0,0.0,0.0,0.0
164.3,CLIMB,76.31,54.6,8887.92,12.22,73.49,0.8971,5418.1,79.05,551.03,4.884,54.17,20.428,25.526,3.979,24.6,16.446,5427.01,78.3,551.64,4.848,53.91,20.318,25.435,4.011,24.614,16.55,MISFIRE,1.0,1.0,1.0,1.0,1.0,1.0,0.0,0.0,0.0
164.4,CLIMB,76.3,54.6,8895.0,12.21,73.471,0.8969,5417.69,79.05,551.02,4.884,54.16,20.426,25.526,3.979,24.6,16.445,5413.41,78.48,550.27,4.922,54.16,20.666,25.567,3.982,24.668,16.467,MISFIRE,1.0,1.0,1.0,1.0,1.0,1.0,0.0,0.0,0.0
164.5,CLIMB,76.29,54.59,8902.08,12.2,73.452,0.8968,5417.28,79.04,551.01,4.884,54.15,20.425,25.526,3.978,24.6,16.444,5421.75,79.27,551.15,4.858,53.72,20.324,25.539,3.977,24.618,16.524,MISFIRE,1.0,1.0,1.0,1.0,1.0,1.0,0.0,0.0,0.0
164.6,CLIMB,76.28,54.58,8909.17,12.18,73.433,0.8966,5416.87,79.04,550.99,4.884,54.14,20.423,25.526,3.978,24.6,16.443,5420.2,78.96,550.84,4.881,54.16,20.449,25.527,4.021,24.562,16.555,MISFIRE,1.0,1.0,1.0,1.0,1.0,1.0,0.0,0.0,0.0
164.7,CLIMB,76.28,54.58,8916.25,12.17,73.415,0.8964,5416.46,79.04,550.98,4.883,54.12,20.422,25.526,3.978,24.6,16.441,5414.68,79.04,552.29,4.878,54.32,20.481,25.58,3.998,24.593,16.513,MISFIRE,1.0,1.0,1.0,1.0,1.0,1.0,0.0,0.0,0.0
164.8,CLIMB,76.27,54.57,8923.33,12.15,73.396,0.8962,5416.05,79.04,550.96,4.883,54.11,20.42,25.525,3.978,24.6,16.44,5412.29,79.27,548.98,4.893,53.69,20.623,25.546,3.999,24.565,16.414,MISFIRE,1.0,1.0,1.0,1.0,1.0,1.0,0.0,0.0,0.0
164.9,CLIMB,76.26,54.57,8930.42,12.14,73.377,0.896,5415.64,79.04,550.95,4.883,54.1,20.419,25.525,3.978,24.6,16.439,5422.74,80.05,551.72,4.895,54.66,20.428,25.497,4.0,24.666,16.534,MISFIRE,1.0,1.0,1.0,1.0,1.0,1.0,0.0,0.0,0.0
165.0,CLIMB,76.25,54.56,8937.5,12.13,73.358,0.8958,5415.23,79.04,550.93,4.883,54.08,20.417,25.525,3.978,24.6,16.438,5412.23,79.01,554.06,4.882,54.13,20.409,25.555,3.977,24.583,16.474,MISFIRE,1.0,1.0,1.0,1.0,1.0,1.0,0.0,0.0,0.0
165.1,CLIMB,76.24,54.56,8944.58,12.11,73.34,0.8957,5414.83,79.04,550.92,4.883,54.07,20.416,25.525,3.978,24.6,16.436,5421.29,79.03,553.28,4.876,54.2,20.315,25.579,3.933,24.517,16.432,MISFIRE,1.0,1.0,1.0,1.0,1.0,1.0,0.0,0.0,0.0
165.2,CLIMB,76.23,54.55,8951.67,12.1,73.321,0.8955,5414.42,79.04,550.91,4.883,54.06,20.414,25.525,3.978,24.6,16.435,5412.32,79.05,551.2,4.879,54.19,20.644,25.583,3.911,24.599,16.479,MISFIRE,1.0,1.0,1.0,1.0,1.0,1.0,0.0,0.0,0.0
165.3,CLIMB,76.23,54.55,8958.75,12.08,73.302,0.8953,5414.01,79.04,550.89,4.883,54.04,20.413,25.525,3.978,24.6,16.434,5421.41,79.52,551.53,4.845,53.83,20.18,25.514,4.023,24.662,16.521,MISFIRE,1.0,1.0,1.0,1.0,1.0,1.0,0.0,0.0,0.0
165.4,CLIMB,76.22,54.54,8965.83,12.07,73.283,0.8951,5413.6,79.04,550.88,4.883,54.03,20.411,25.524,3.978,24.6,16.433,5418.96,78.92,550.69,4.865,54.12,20.443,25.475,3.951,24.697,16.358,MISFIRE,1.0,1.0,1.0,1.0,1.0,1.0,0.0,0.0,0.0
165.5,CLIMB,76.21,54.54,8972.92,12.05,73.265,0.8949,5413.19,79.03,550.86,4.882,54.02,20.41,25.524,3.978,24.6,16.431,5411.21,78.87,553.39,4.901,54.15,20.488,25.487,4.001,24.578,16.536,MISFIRE,1.0,1.0,1.0,1.0,1.0,1.0,0.0,0.0,0.0
165.6,CLIMB,76.2,54.53,8980.0,12.04,73.246,0.8947,5412.78,79.03,550.85,4.882,54.0,20.408,25.524,3.978,24.6,16.43,5411.28,79.28,552.0,4.875,53.75,20.403,25.522,3.913,24.66,16.337,MISFIRE,1.0,1.0,1.0,1.0,1.0,1.0,0.0,0.0,0.0
165.7,CLIMB,76.19,54.52,8987.08,12.03,73.227,0.8945,5412.37,79.03,550.83,4.882,53.99,20.407,25.524,3.977,24.6,16.429,5410.98,79.26,550.5,4.851,54.16,20.219,25.45,4.057,24.632,16.42,MISFIRE,1.0,1.0,1.0,1.0,1.0,1.0,0.0,0.0,0.0
165.8,CLIMB,76.18,54.52,8994.17,12.01,73.208,0.8944,5411.96,79.03,550.82,4.882,53.98,20.405,25.524,3.977,24.6,16.428,5412.22,79.26,550.66,4.865,54.0,20.485,25.582,3.972,24.624,16.331,MISFIRE,1.0,1.0,1.0,1.0,1.0,1.0,0.0,0.0,0.0
165.9,CLIMB,76.18,54.51,9001.25,12.0,73.19,0.8942,5411.55,79.03,550.81,4.882,53.97,20.404,25.524,3.977,24.6,16.426,5416.41,79.13,549.84,4.849,54.12,20.514,25.52,3.961,24.661,16.484,MISFIRE,1.0,1.0,1.0,1.0,1.0,1.0,0.0,0.0,0.0
166.0,CLIMB,76.17,54.51,9008.33,11.98,73.171,0.894,5411.15,79.03,550.79,4.882,53.95,20.402,25.523,3.977,24.6,16.425,5414.15,79.59,551.62,4.878,54.79,20.403,25.421,3.925,24.585,16.448,MISFIRE,1.0,1.0,1.0,1.0,1.0,1.0,0.0,0.0,0.0
166.1,CLIMB,76.16,54.5,9015.42,11.97,73.152,0.8938,5410.74,79.03,550.78,4.882,53.94,20.401,25.523,3.977,24.6,16.424,5402.86,78.96,550.49,4.868,54.12,20.4,25.539,3.937,24.635,16.507,MISFIRE,1.0,1.0,1.0,1.0,1.0,1.0,0.0,0.0,0.0
166.2,CLIMB,76.15,54.5,9022.5,11.96,73.133,0.8936,5410.33,79.03,550.76,4.882,53.93,20.399,25.523,3.977,24.6,16.423,5407.83,79.4,548.46,4.821,53.41,20.383,25.557,3.93,24.659,16.232,MISFIRE,1.0,1.0,1.0,1.0,1.0,1.0,0.0,0.0,0.0
166.3,CLIMB,76.14,54.49,9029.58,11.94,73.115,0.8934,5409.92,79.03,550.75,4.881,53.91,20.398,25.523,3.977,24.6,16.421,5411.41,79.37,550.71,4.873,54.09,20.435,25.538,3.894,24.457,16.553,MISFIRE,1.0,1.0,1.0,1.0,1.0,1.0,0.0,0.0,0.0
166.4,CLIMB,76.13,54.49,9036.67,11.93,73.096,0.8933,5409.51,79.02,550.73,4.881,53.9,20.396,25.523,3.977,24.6,16.42,5400.2,79.07,548.76,4.908,53.45,20.373,25.554,4.02,24.547,16.337,MISFIRE,1.0,1.0,1.0,1.0,1.0,1.0,0.0,0.0,0.0
166.5,CLIMB,76.13,54.48,9043.75,11.91,73.077,0.8931,5409.1,79.02,550.72,4.881,53.89,20.395,25.523,3.977,24.6,16.419,5416.45,78.94,551.92,4.877,54.2,20.369,25.498,3.936,24.645,16.404,MISFIRE,1.0,1.0,1.0,1.0,1.0,1.0,0.0,0.0,0.0
166.6,CLIMB,76.12,54.48,9050.83,11.9,73.059,0.8929,5408.69,79.02,550.71,4.881,53.87,20.393,25.522,3.977,24.6,16.418,5410.69,78.58,549.05,4.928,54.5,20.506,25.55,3.999,24.573,16.353,MISFIRE,1.0,1.0,1.0,1.0,1.0,1.0,0.0,0.0,0.0
166.7,CLIMB,76.11,54.47,9057.92,11.88,73.04,0.8927,5408.28,79.02,550.69,4.881,53.86,20.392,25.522,3.977,24.6,16.416,5404.1,80.24,550.95,4.873,54.02,20.394,25.486,4.073,24.63,16.369,MISFIRE,1.0,1.0,1.0,1.0,1.0,1.0,0.0,0.0,0.0
166.8,CLIMB,76.1,54.47,9065.0,11.87,73.021,0.8925,5407.88,79.02,550.68,4.881,53.85,20.39,25.522,3.977,24.6,16.415,5410.01,78.78,551.74,4.859,54.2,20.406,25.507,3.96,24.697,16.536,MISFIRE,1.0,1.0,1.0,1.0,1.0,1.0,0.0,0.0,0.0
166.9,CLIMB,76.09,54.46,9072.08,11.86,73.002,0.8923,5407.47,79.02,550.66,4.881,53.83,20.389,25.522,3.976,24.6,16.414,5406.07,79.02,553.2,4.893,53.63,20.453,25.493,3.938,24.555,16.403,MISFIRE,1.0,1.0,1.0,1.0,1.0,1.0,0.0,0.0,0.0
167.0,CLIMB,76.08,54.45,9079.17,11.84,72.984,0.8921,5407.06,79.02,550.65,4.88,53.82,20.387,25.522,3.976,24.6,16.413,5401.26,78.69,549.93,4.849,53.93,20.322,25.546,3.978,24.536,16.233,MISFIRE,1.0,1.0,1.0,1.0,1.0,1.0,0.0,0.0,0.0
167.1,CLIMB,76.08,54.45,9086.25,11.83,72.965,0.892,5406.65,79.02,550.63,4.88,53.81,20.386,25.522,3.976,24.6,16.411,5405.79,78.82,550.74,4.861,53.93,20.433,25.549,3.945,24.607,16.518,MISFIRE,1.0,1.0,1.0,1.0,1.0,1.0,0.0,0.0,0.0
167.2,CLIMB,76.07,54.44,9093.33,11.81,72.946,0.8918,5406.24,79.02,550.62,4.88,53.79,20.384,25.521,3.976,24.6,16.41,5400.19,79.0,550.02,4.935,54.02,20.413,25.453,3.979,24.65,16.436,MISFIRE,1.0,1.0,1.0,1.0,1.0,1.0,0.0,0.0,0.0
167.3,CLIMB,76.06,54.44,9100.42,11.8,72.928,0.8916,5405.83,79.02,550.61,4.88,53.78,20.383,25.521,3.976,24.6,16.409,5402.0,79.06,549.05,4.886,53.89,20.491,25.539,3.935,24.592,16.376,MISFIRE,1.0,1.0,1.0,1.0,1.0,1.0,0.0,0.0,0.0
167.4,CLIMB,76.05,54.43,9107.5,11.79,72.909,0.8914,5405.42,79.01,550.59,4.88,53.77,20.381,25.521,3.976,24.6,16.408,5400.62,78.69,549.68,4.923,53.26,20.502,25.486,3.93,24.653,16.209,MISFIRE,1.0,1.0,1.0,1.0,1.0,1.0,0.0,0.0,0.0
167.5,CLIMB,76.04,54.43,9114.58,11.77,72.89,0.8912,5405.02,79.01,550.58,4.88,53.76,20.38,25.521,3.976,24.6,16.406,5403.68,79.94,550.38,4.835,54.22,20.358,25.568,3.925,24.553,16.375,MISFIRE,1.0,1.0,1.0,1.0,1.0,1.0,0.0,0.0,0.0
167.6,CLIMB,76.03,54.42,9121.67,11.76,72.872,0.891,5404.61,79.01,550.56,4.88,53.74,20.379,25.521,3.976,24.6,16.405,5404.68,78.74,548.1,4.893,53.87,20.415,25.506,3.932,24.638,16.352,MISFIRE,1.0,1.0,1.0,1.0,1.0,1.0,0.0,0.0,0.0
167.7,CLIMB,76.03,54.42,9128.75,11.74,72.853,0.8909,5404.2,79.01,550.55,4.88,53.73,20.377,25.521,3.976,24.6,16.404,5402.75,78.79,554.31,4.826,53.78,20.29,25.532,4.01,24.629,16.18,MISFIRE,1.0,1.0,1.0,1.0,1.0,1.0,0.0,0.0,0.0
167.8,CLIMB,76.02,54.41,9135.83,11.73,72.834,0.8907,5403.79,79.01,550.53,4.879,53.72,20.376,25.52,3.976,24.6,16.403,5403.3,79.55,549.82,4.919,53.75,20.441,25.494,3.874,24.596,16.399,MISFIRE,1.0,1.0,1.0,1.0,1.0,1.0,0.0,0.0,0.0
167.9,CLIMB,76.01,54.41,9142.92,11.71,72.816,0.8905,5403.38,79.01,550.52,4.879,53.7,20.374,25.52,3.976,24.6,16.401,5406.43,79.25,548.5,4.894,54.36,20.363,25.496,4.061,24.578,16.291,MISFIRE,1.0,1.0,1.0,1.0,1.0,1.0,0.0,0.0,0.0
168.0,CLIMB,76.0,54.4,9150.0,11.7,72.797,0.8903,5402.97,79.01,550.51,4.879,53.69,20.373,25.52,3.975,24.6,16.4,5397.22,79.19,548.74,4.867,53.9,20.317,25.488,3.911,24.628,16.347,MISFIRE,1.0,1.0,1.0,1.0,1.0,1.0,0.0,0.0,0.0
168.1,CLIMB,75.99,54.39,9157.08,11.69,72.779,0.8901,5402.57,79.01,550.49,4.879,53.68,20.371,25.52,3.975,24.6,16.399,5405.81,79.14,549.53,4.818,53.09,20.243,25.703,3.982,24.596,16.515,MISFIRE,1.0,1.0,1.0,1.0,1.0,1.0,0.0,0.0,0.0
168.2,CLIMB,75.98,54.39,9164.17,11.67,72.76,0.8899,5402.16,79.01,550.48,4.879,53.66,20.37,25.52,3.975,24.6,16.398,5403.07,79.51,549.6,4.907,53.66,20.348,25.569,3.944,24.628,16.365,MISFIRE,1.0,1.0,1.0,1.0,1.0,1.0,0.0,0.0,0.0
168.3,CLIMB,75.98,54.38,9171.25,11.66,72.741,0.8898,5401.75,79.0,550.46,4.879,53.65,20.368,25.52,3.975,24.6,16.396,5403.84,79.11,550.37,4.891,53.25,20.282,25.575,3.992,24.588,16.353,MISFIRE,1.0,1.0,1.0,1.0,1.0,1.0,0.0,0.0,0.0
168.4,CLIMB,75.97,54.38,9178.33,11.64,72.723,0.8896,5401.34,79.0,550.45,4.879,53.64,20.367,25.519,3.975,24.6,16.395,5412.83,79.49,549.63,4.871,53.83,20.647,25.531,3.976,24.529,16.405,MISFIRE,1.0,1.0,1.0,1.0,1.0,1.0,0.0,0.0,0.0
168.5,CLIMB,75.96,54.37,9185.42,11.63,72.704,0.8894,5400.93,79.0,550.44,4.879,53.62,20.365,25.519,3.975,24.6,16.394,5402.46,78.12,552.3,4.915,53.61,20.455,25.423,3.996,24.548,16.392,MISFIRE,1.0,1.0,1.0,1.0,1.0,1.0,0.0,0.0,0.0
168.6,CLIMB,75.95,54.37,9192.5,11.62,72.685,0.8892,5400.52,79.0,550.42,4.878,53.61,20.364,25.519,3.975,24.6,16.393,5405.51,78.02,549.27,4.908,53.41,20.597,25.542,4.027,24.653,16.504,MISFIRE,1.0,1.0,1.0,1.0,1.0,1.0,0.0,0.0,0.0
168.7,CLIMB,75.94,54.36,9199.58,11.6,72.667,0.889,5400.12,79.0,550.41,4.878,53.6,20.362,25.519,3.975,24.6,16.391,5403.33,78.31,552.22,4.865,53.76,20.551,25.5,3.992,24.553,16.329,MISFIRE,1.0,1.0,1.0,1.0,1.0,1.0,0.0,0.0,0.0
168.8,CLIMB,75.93,54.36,9206.67,11.59,72.648,0.8888,5399.71,79.0,550.39,4.878,53.58,20.361,25.519,3.975,24.6,16.39,5398.04,79.08,547.4,4.814,53.3,20.389,25.62,3.942,24.6,16.31,MISFIRE,1.0,1.0,1.0,1.0,1.0,1.0,0.0,0.0,0.0
168.9,CLIMB,75.93,54.35,9213.75,11.57,72.63,0.8887,5399.3,79.0,550.38,4.878,53.57,20.359,25.519,3.975,24.6,16.389,5401.95,78.82,549.68,4.841,53.63,20.197,25.518,4.069,24.607,16.345,MISFIRE,1.0,1.0,1.0,1.0,1.0,1.0,0.0,0.0,0.0
169.0,CLIMB,75.92,54.35,9220.83,11.56,72.611,0.8885,5398.89,79.0,550.36,4.878,53.56,20.358,25.518,3.975,24.6,16.388,5388.5,78.45,550.57,4.888,53.85,20.446,25.525,4.011,24.663,16.406,MISFIRE,1.0,1.0,1.0,1.0,1.0,1.0,0.0,0.0,0.0
169.1,CLIMB,75.91,54.34,9227.92,11.54,72.592,0.8883,5398.48,79.0,550.35,4.878,53.55,20.356,25.518,3.975,24.6,16.386,5394.88,78.75,553.95,4.865,53.68,20.175,25.55,4.058,24.537,16.282,MISFIRE,1.0,1.0,1.0,1.0,1.0,1.0,0.0,0.0,0.0
169.2,CLIMB,75.9,54.34,9235.0,11.53,72.574,0.8881,5398.08,79.0,550.34,4.878,53.53,20.355,25.518,3.974,24.6,16.385,5402.93,78.82,551.1,4.898,53.53,20.283,25.524,3.951,24.635,16.357,MISFIRE,1.0,1.0,1.0,1.0,1.0,1.0,0.0,0.0,0.0
169.3,CLIMB,75.89,54.33,9242.08,11.52,72.555,0.8879,5397.67,78.99,550.32,4.878,53.52,20.353,25.518,3.974,24.6,16.384,5398.86,79.03,550.19,4.885,53.3,20.11,25.642,3.925,24.529,16.262,MISFIRE,1.0,1.0,1.0,1.0,1.0,1.0,0.0,0.0,0.0
169.4,CLIMB,75.88,54.32,9249.17,11.5,72.537,0.8877,5397.26,78.99,550.31,4.877,53.51,20.352,25.518,3.974,24.6,16.383,5397.09,79.01,550.23,4.849,53.6,20.344,25.608,4.019,24.537,16.367,MISFIRE,1.0,1.0,1.0,1.0,1.0,1.0,0.0,0.0,0.0
169.5,CLIMB,75.88,54.32,9256.25,11.49,72.518,0.8876,5396.85,78.99,550.29,4.877,53.49,20.35,25.518,3.974,24.6,16.381,5393.68,78.64,550.6,4.918,53.58,20.373,25.543,3.964,24.631,16.246,MISFIRE,1.0,1.0,1.0,1.0,1.0,1.0,0.0,0.0,0.0
169.6,CLIMB,75.87,54.31,9263.33,11.47,72.5,0.8874,5396.44,78.99,550.28,4.877,53.48,20.349,25.517,3.974,24.6,16.38,5390.67,80.03,550.57,4.905,53.24,20.35,25.548,3.994,24.695,16.348,MISFIRE,1.0,1.0,1.0,1.0,1.0,1.0,0.0,0.0,0.0
169.7,CLIMB,75.86,54.31,9270.42,11.46,72.481,0.8872,5396.04,78.99,550.26,4.877,53.47,20.347,25.517,3.974,24.6,16.379,5389.23,79.37,552.85,4.856,53.73,20.301,25.442,3.97,24.585,16.416,MISFIRE,1.0,1.0,1.0,1.0,1.0,1.0,0.0,0.0,0.0
169.8,CLIMB,75.85,54.3,9277.5,11.45,72.463,0.887,5395.63,78.99,550.25,4.877,53.45,20.346,25.517,3.974,24.6,16.378,5394.95,78.96,549.83,4.884,53.49,20.361,25.48,3.989,24.557,16.379,MISFIRE,1.0,1.0,1.0,1.0,1.0,1.0,0.0,0.0,0.0
169.9,CLIMB,75.84,54.3,9284.58,11.43,72.444,0.8868,5395.22,78.99,550.23,4.877,53.44,20.344,25.517,3.974,24.6,16.376,5394.91,79.8,553.28,4.924,52.96,20.414,25.561,3.97,24.593,16.165,MISFIRE,1.0,1.0,1.0,1.0,1.0,1.0,0.0,0.0,0.0
170.0,CLIMB,75.83,54.29,9291.67,11.42,72.425,0.8866,5394.81,78.99,550.22,4.877,53.43,20.343,25.517,3.974,24.6,16.375,5393.47,79.12,550.11,4.925,53.96,20.264,25.469,4.001,24.672,16.302,MISFIRE,1.0,1.0,1.0,1.0,1.0,1.0,0.0,0.0,0.0
170.1,CLIMB,75.83,54.29,9298.75,11.4,72.407,0.8865,5394.4,78.99,550.21,4.876,53.41,20.341,25.517,3.974,24.6,16.374,5395.55,79.17,550.84,4.858,53.08,20.315,25.503,3.955,24.552,16.535,MISFIRE,1.0,1.0,1.0,1.0,1.0,1.0,0.0,0.0,0.0
170.2,CLIMB,75.82,54.28,9305.83,11.39,72.388,0.8863,5394.0,78.99,550.19,4.876,53.4,20.34,25.516,3.974,24.6,16.373,5389.67,78.87,548.87,4.903,53.62,20.36,25.547,3.966,24.624,16.242,MISFIRE,1.0,1.0,1.0,1.0,1.0,1.0,0.0,0.0,0.0
170.3,CLIMB,75.81,54.28,9312.92,11.37,72.37,0.8861,5393.59,78.98,550.18,4.876,53.39,20.338,25.516,3.974,24.6,16.371,5398.81,78.88,553.42,4.868,53.33,20.373,25.48,4.011,24.544,16.306,MISFIRE,1.0,1.0,1.0,1.0,1.0,1.0,0.0,0.0,0.0
170.4,CLIMB,75.8,54.27,9320.0,11.36,72.351,0.8859,5393.18,78.98,550.16,4.876,53.37,20.337,25.516,3.973,24.6,16.37,5391.95,79.42,549.59,4.861,53.47,20.249,25.416,3.928,24.581,16.262,MISFIRE,1.0,1.0,1.0,1.0,1.0,1.0,0.0,0.0,0.0
170.5,CLIMB,75.79,54.26,9327.08,11.35,72.333,0.8857,5392.77,78.98,550.15,4.876,53.36,20.335,25.516,3.973,24.6,16.369,5389.46,79.7,552.8,4.826,53.43,20.42,25.631,3.951,24.567,16.453,MISFIRE,1.0,1.0,1.0,1.0,1.0,1.0,0.0,0.0,0.0
170.6,CLIMB,75.78,54.26,9334.17,11.33,72.314,0.8855,5392.36,78.98,550.13,4.876,53.35,20.334,25.516,3.973,24.6,16.368,5391.42,79.21,549.6,4.854,53.67,20.228,25.461,3.988,24.579,16.277,MISFIRE,1.0,1.0,1.0,1.0,1.0,1.0,0.0,0.0,0.0
170.7,CLIMB,75.78,54.25,9341.25,11.32,72.296,0.8854,5391.96,78.98,550.12,4.876,53.33,20.332,25.516,3.973,24.6,16.366,5394.12,79.49,547.93,4.909,52.75,20.332,25.624,3.996,24.614,16.365,MISFIRE,1.0,1.0,1.0,1.0,1.0,1.0,0.0,0.0,0.0
170.8,CLIMB,75.77,54.25,9348.33,11.3,72.277,0.8852,5391.55,78.98,550.11,4.876,53.32,20.331,25.515,3.973,24.6,16.365,5391.95,79.67,549.08,4.788,53.47,20.322,25.434,4.098,24.584,16.31,MISFIRE,1.0,1.0,1.0,1.0,1.0,1.0,0.0,0.0,0.0
170.9,CLIMB,75.76,54.24,9355.42,11.29,72.259,0.885,5391.14,78.98,550.09,4.875,53.31,20.329,25.515,3.973,24.6,16.364,5387.69,79.1,548.87,4.872,52.81,20.478,25.507,4.044,24.616,16.194,MISFIRE,1.0,1.0,1.0,1.0,1.0,1.0,0.0,0.0,0.0
171.0,CLIMB,75.75,54.24,9362.5,11.28,72.24,0.8848,5390.73,78.98,550.08,4.875,53.29,20.328,25.515,3.973,24.6,16.363,5391.57,78.94,547.48,4.9,53.35,20.337,25.459,3.862,24.614,16.281,MISFIRE,1.0,1.0,1.0,1.0,1.0,1.0,0.0,0.0,0.0
171.1,CLIMB,75.74,54.23,9369.58,11.26,72.222,0.8846,5390.33,78.98,550.06,4.875,53.28,20.326,25.515,3.973,24.6,16.361,5386.48,79.12,550.83,4.911,53.6,20.364,25.423,4.03,24.691,16.193,MISFIRE,1.0,1.0,1.0,1.0,1.0,1.0,0.0,0.0,0.0
171.2,CLIMB,75.73,54.23,9376.67,11.25,72.203,0.8845,5389.92,78.97,550.05,4.875,53.27,20.325,25.515,3.973,24.6,16.36,5389.26,78.1,550.98,4.893,52.83,20.323,25.545,4.044,24.629,16.353,MISFIRE,1.0,1.0,1.0,1.0,1.0,1.0,0.0,0.0,0.0
171.3,CLIMB,75.73,54.22,9383.75,11.23,72.185,0.8843,5389.51,78.97,550.03,4.875,53.26,20.323,25.515,3.973,24.6,16.359,5391.72,79.71,553.2,4.876,52.45,20.309,25.597,3.985,24.581,16.556,MISFIRE,1.0,1.0,1.0,1.0,1.0,1.0,0.0,0.0,0.0
171.4,CLIMB,75.72,54.22,9390.83,11.22,72.166,0.8841,5389.1,78.97,550.02,4.875,53.24,20.322,25.514,3.973,24.6,16.358,5389.56,79.08,548.86,4.86,52.71,20.233,25.524,4.017,24.614,16.357,MISFIRE,1.0,1.0,1.0,1.0,1.0,1.0,0.0,0.0,0.0
171.5,CLIMB,75.71,54.21,9397.92,11.2,72.148,0.8839,5388.7,78.97,550.01,4.875,53.23,20.32,25.514,3.973,24.6,16.356,5384.89,78.79,549.02,4.846,53.12,20.374,25.499,3.977,24.622,16.432,MISFIRE,1.0,1.0,1.0,1.0,1.0,1.0,0.0,0.0,0.0
171.6,CLIMB,75.7,54.21,9405.0,11.19,72.129,0.8837,5388.29,78.97,549.99,4.875,53.22,20.319,25.514,3.972,24.6,16.355,5385.78,78.82,549.89,4.899,53.55,20.189,25.556,3.997,24.538,16.32,MISFIRE,1.0,1.0,1.0,1.0,1.0,1.0,0.0,0.0,0.0
171.7,CLIMB,75.69,54.2,9412.08,11.18,72.111,0.8835,5387.88,78.97,549.98,4.874,53.2,20.317,25.514,3.972,24.6,16.354,5397.4,78.79,548.91,4.9,53.08,20.151,25.509,3.962,24.571,16.452,MISFIRE,1.0,1.0,1.0,1.0,1.0,1.0,0.0,0.0,0.0
171.8,CLIMB,75.68,54.19,9419.17,11.16,72.092,0.8834,5387.47,78.97,549.96,4.874,53.19,20.316,25.514,3.972,24.6,16.353,5387.57,78.44,548.43,4.897,52.94,20.253,25.554,3.974,24.661,16.499,MISFIRE,1.0,1.0,1.0,1.0,1.0,1.0,0.0,0.0,0.0
171.9,CLIMB,75.68,54.19,9426.25,11.15,72.074,0.8832,5387.06,78.97,549.95,4.874,53.18,20.314,25.514,3.972,24.6,16.351,5380.87,79.18,552.56,4.867,52.9,20.429,25.58,4.006,24.728,16.196,MISFIRE,1.0,1.0,1.0,1.0,1.0,1.0,0.0,0.0,0.0
172.0,CLIMB,75.67,54.18,9433.33,11.13,72.056,0.883,5386.66,78.97,549.93,4.874,53.16,20.313,25.513,3.972,24.6,16.35,5384.03,78.71,549.59,4.888,52.89,20.333,25.466,3.978,24.593,16.316,MISFIRE,1.0,1.0,1.0,1.0,1.0,1.0,0.0,0.0,0.0
172.1,CLIMB,75.66,54.18,9440.42,11.12,72.037,0.8828,5386.25,78.97,549.92,4.874,53.15,20.312,25.513,3.972,24.6,16.349,5382.02,79.23,549.74,4.874,53.04,20.354,25.556,3.967,24.589,16.409,MISFIRE,1.0,1.0,1.0,1.0,1.0,1.0,0.0,0.0,0.0
172.2,CLIMB,75.65,54.17,9447.5,11.11,72.019,0.8826,5385.84,78.96,549.91,4.874,53.14,20.31,25.513,3.972,24.6,16.348,5389.34,78.9,551.83,4.898,53.21,20.375,25.57,4.073,24.488,16.236,MISFIRE,1.0,1.0,1.0,1.0,1.0,1.0,0.0,0.0,0.0
172.3,CLIMB,75.64,54.17,9454.58,11.09,72.0,0.8825,5385.43,78.96,549.89,4.874,53.12,20.309,25.513,3.972,24.6,16.346,5375.83,79.99,550.08,4.877,53.42,20.323,25.525,3.894,24.649,16.276,MISFIRE,1.0,1.0,1.0,1.0,1.0,1.0,0.0,0.0,0.0
172.4,CLIMB,75.63,54.16,9461.67,11.08,71.982,0.8823,5385.03,78.96,549.88,4.874,53.11,20.307,25.513,3.972,24.6,16.345,5382.57,78.91,549.13,4.891,54.03,20.341,25.492,4.024,24.605,16.16,MISFIRE,1.0,1.0,1.0,1.0,1.0,1.0,0.0,0.0,0.0
172.5,CLIMB,75.63,54.16,9468.75,11.06,71.963,0.8821,5384.62,78.96,549.86,4.873,53.1,20.306,25.513,3.972,24.6,16.344,5389.29,78.73,549.47,4.905,53.12,20.325,25.46,3.975,24.535,16.369,MISFIRE,1.0,1.0,1.0,1.0,1.0,1.0,0.0,0.0,0.0
172.6,CLIMB,75.62,54.15,9475.83,11.05,71.945,0.8819,5384.21,78.96,549.85,4.873,53.08,20.304,25.512,3.972,24.6,16.343,5384.62,78.92,551.77,4.858,53.22,20.112,25.522,3.882,24.58,16.315,MISFIRE,1.0,1.0,1.0,1.0,1.0,1.0,0.0,0.0,0.0
172.7,CLIMB,75.61,54.15,9482.92,11.03,71.927,0.8817,5383.81,78.96,549.83,4.873,53.07,20.303,25.512,3.972,24.6,16.341,5378.61,79.45,551.13,4.883,52.9,20.175,25.496,4.012,24.523,16.509,MISFIRE,1.0,1.0,1.0,1.0,1.0,1.0,0.0,0.0,0.0
172.8,CLIMB,75.6,54.14,9490.0,11.02,71.908,0.8815,5383.4,78.96,549.82,4.873,53.06,20.301,25.512,3.971,24.6,16.34,5383.79,79.24,549.5,4.85,53.05,20.359,25.526,3.959,24.6,16.303,MISFIRE,1.0,1.0,1.0,1.0,1.0,1.0,0.0,0.0,0.0
172.9,CLIMB,75.59,54.13,9497.08,11.01,71.89,0.8814,5382.99,78.96,549.81,4.873,53.04,20.3,25.512,3.971,24.6,16.339,5395.27,79.52,548.5,4.887,52.98,20.314,25.51,4.036,24.641,16.273,MISFIRE,1.0,1.0,1.0,1.0,1.0,1.0,0.0,0.0,0.0
173.0,CLIMB,75.58,54.13,9504.17,10.99,71.871,0.8812,5382.58,78.96,549.79,4.873,53.03,20.298,25.512,3.971,24.6,16.338,5387.13,79.11,549.51,4.895,53.34,20.36,25.459,4.05,24.573,16.336,MISFIRE,1.0,1.0,1.0,1.0,1.0,1.0,0.0,0.0,0.0
173.1,CLIMB,75.58,54.12,9511.25,10.98,71.853,0.881,5382.18,78.95,549.78,4.873,53.02,20.297,25.512,3.971,24.6,16.336,5382.31,79.05,549.47,4.895,53.09,20.43,25.535,4.011,24.565,16.344,MISFIRE,1.0,1.0,1.0,1.0,1.0,1.0,0.0,0.0,0.0
173.2,CLIMB,75.57,54.12,9518.33,10.96,71.835,0.8808,5381.77,78.95,549.76,4.872,53.0,20.295,25.511,3.971,24.6,16.335,5384.42,79.32,550.48,4.874,52.64,20.288,25.432,4.034,24.623,16.25,MISFIRE,1.0,1.0,1.0,1.0,1.0,1.0,0.0,0.0,0.0
173.3,CLIMB,75.56,54.11,9525.42,10.95,71.816,0.8806,5381.36,78.95,549.75,4.872,52.99,20.294,25.511,3.971,24.6,16.334,5384.77,78.72,551.35,4.862,52.71,20.308,25.525,3.993,24.624,16.378,MISFIRE,1.0,1.0,1.0,1.0,1.0,1.0,0.0,0.0,0.0
173.4,CLIMB,75.55,54.11,9532.5,10.94,71.798,0.8805,5380.95,78.95,549.73,4.872,52.98,20.292,25.511,3.971,24.6,16.333,5381.88,78.49,548.01,4.894,53.48,20.341,25.457,3.975,24.612,16.323,MISFIRE,1.0,1.0,1.0,1.0,1.0,1.0,0.0,0.0,0.0
173.5,CLIMB,75.54,54.1,9539.58,10.92,71.779,0.8803,5380.55,78.95,549.72,4.872,52.96,20.291,25.511,3.971,24.6,16.331,5380.85,79.09,551.73,4.893,52.98,20.331,25.581,3.926,24.639,16.532,MISFIRE,1.0,1.0,1.0,1.0,1.0,1.0,0.0,0.0,0.0
173.6,CLIMB,75.53,54.1,9546.67,10.91,71.761,0.8801,5380.14,78.95,549.71,4.872,52.95,20.289,25.511,3.971,24.6,16.33,5377.04,79.25,551.86,4.881,52.61,20.312,25.5,3.892,24.547,16.426,MISFIRE,1.0,1.0,1.0,1.0,1.0,1.0,0.0,0.0,0.0
173.7,CLIMB,75.53,54.09,9553.75,10.89,71.743,0.8799,5379.73,78.95,549.69,4.872,52.94,20.288,25.511,3.971,24.6,16.329,5371.21,79.54,547.2,4.914,53.21,20.399,25.515,4.001,24.551,16.345,MISFIRE,1.0,1.0,1.0,1.0,1.0,1.0,0.0,0.0,0.0
173.8,CLIMB,75.52,54.09,9560.83,10.88,71.724,0.8797,5379.33,78.95,549.68,4.872,52.92,20.286,25.51,3.971,24.6,16.328,5379.81,78.68,549.42,4.845,52.5,20.474,25.427,3.979,24.609,16.345,MISFIRE,1.0,1.0,1.0,1.0,1.0,1.0,0.0,0.0,0.0
173.9,CLIMB,75.51,54.08,9567.92,10.86,71.706,0.8795,5378.92,78.95,549.66,4.872,52.91,20.285,25.51,3.971,24.6,16.326,5374.22,78.25,547.76,4.888,52.78,20.391,25.49,3.864,24.617,16.313,MISFIRE,1.0,1.0,1.0,1.0,1.0,1.0,0.0,0.0,0.0
174.0,CLIMB,75.5,54.08,9575.0,10.85,71.688,0.8794,5378.51,78.95,549.65,4.871,52.9,20.283,25.51,3.97,24.6,16.325,5378.55,78.82,547.72,4.876,52.91,20.362,25.485,4.03,24.564,16.321,MISFIRE,1.0,1.0,1.0,1.0,1.0,1.0,0.0,0.0,0.0
174.1,CLIMB,75.49,54.07,9582.08,10.84,71.669,0.8792,5378.1,78.94,549.63,4.871,52.88,20.282,25.51,3.97,24.6,16.324,5377.42,78.93,549.2,4.806,53.33,20.207,25.528,3.922,24.669,16.408,MISFIRE,1.0,1.0,1.0,1.0,1.0,1.0,0.0,0.0,0.0
174.2,CLIMB,75.48,54.06,9589.17,10.82,71.651,0.879,5377.7,78.94,549.62,4.871,52.87,20.28,25.51,3.97,24.6,16.323,5378.39,78.58,549.17,4.875,52.91,20.219,25.515,3.997,24.56,16.321,MISFIRE,1.0,1.0,1.0,1.0,1.0,1.0,0.0,0.0,0.0
174.3,CLIMB,75.48,54.06,9596.25,10.81,71.633,0.8788,5377.29,78.94,549.61,4.871,52.86,20.279,25.51,3.97,24.6,16.321,5373.79,78.07,550.05,4.862,52.87,20.174,25.464,3.907,24.673,16.138,MISFIRE,1.0,1.0,1.0,1.0,1.0,1.0,0.0,0.0,0.0
174.4,CLIMB,75.47,54.05,9603.33,10.79,71.614,0.8786,5376.88,78.94,549.59,4.871,52.84,20.277,25.509,3.97,24.6,16.32,5382.97,79.08,550.08,4.862,52.31,20.339,25.444,3.968,24.573,16.253,MISFIRE,1.0,1.0,1.0,1.0,1.0,1.0,0.0,0.0,0.0
174.5,CLIMB,75.46,54.05,9610.42,10.78,71.596,0.8785,5376.48,78.94,549.58,4.871,52.83,20.276,25.509,3.97,24.6,16.319,5371.18,77.9,550.14,4.852,52.44,20.324,25.537,3.98,24.576,16.228,MISFIRE,1.0,1.0,1.0,1.0,1.0,1.0,0.0,0.0,0.0
174.6,CLIMB,75.45,54.04,9617.5,10.77,71.578,0.8783,5376.07,78.94,549.56,4.871,52.82,20.274,25.509,3.97,24.6,16.318,5376.14,77.81,547.76,4.851,52.89,20.232,25.493,4.047,24.592,16.582,MISFIRE,1.0,1.0,1.0,1.0,1.0,1.0,0.0,0.0,0.0
174.7,CLIMB,75.44,54.04,9624.58,10.75,71.559,0.8781,5375.66,78.94,549.55,4.871,52.8,20.273,25.509,3.97,24.6,16.316,5368.58,79.64,548.43,4.916,52.81,20.418,25.552,3.915,24.58,16.352,MISFIRE,1.0,1.0,1.0,1.0,1.0,1.0,0.0,0.0,0.0
174.8,CLIMB,75.43,54.03,9631.67,10.74,71.541,0.8779,5375.25,78.94,549.53,4.87,52.79,20.271,25.509,3.97,24.6,16.315,5368.92,79.18,549.81,4.82,53.33,20.261,25.432,4.027,24.669,16.142,MISFIRE,1.0,1.0,1.0,1.0,1.0,1.0,0.0,0.0,0.0
174.9,CLIMB,75.43,54.03,9638.75,10.72,71.523,0.8777,5374.85,78.94,549.52,4.87,52.78,20.27,25.509,3.97,24.6,16.314,5369.63,78.5,551.44,4.896,52.99,20.249,25.433,4.005,24.629,16.217,MISFIRE,1.0,1.0,1.0,1.0,1.0,1.0,0.0,0.0,0.0
175.0,CLIMB,75.42,54.02,9645.83,10.71,71.504,0.8776,5374.44,78.93,549.51,4.87,52.77,20.268,25.508,3.97,24.6,16.313,5364.75,78.96,550.46,4.858,52.62,20.083,25.501,3.997,24.618,16.429,MISFIRE,1.0,1.0,1.0,1.0,1.0,1.0,0.0,0.0,0.0
175.1,CLIMB,75.41,54.02,9652.92,10.69,71.486,0.8774,5374.03,78.93,549.49,4.87,52.75,20.267,25.508,3.97,24.6,16.311,5369.54,78.94,549.36,4.887,52.79,20.163,25.583,3.935,24.58,16.253,MISFIRE,1.0,1.0,1.0,1.0,1.0,1.0,0.0,0.0,0.0
175.2,CLIMB,75.4,54.01,9660.0,10.68,71.468,0.8772,5373.63,78.93,549.48,4.87,52.74,20.265,25.508,3.969,24.6,16.31,5365.68,78.28,547.81,4.859,52.52,20.349,25.454,3.937,24.675,16.342,MISFIRE,1.0,1.0,1.0,1.0,1.0,1.0,0.0,0.0,0.0
175.3,CLIMB,75.39,54.0,9667.08,10.67,71.45,0.877,5373.22,78.93,549.46,4.87,52.73,20.264,25.508,3.969,24.6,16.309,5372.83,78.89,549.11,4.847,52.43,20.271,25.55,3.938,24.59,16.254,MISFIRE,1.0,1.0,1.0,1.0,1.0,1.0,0.0,0.0,0.0
175.4,CLIMB,75.38,54.0,9674.17,10.65,71.431,0.8768,5372.81,78.93,549.45,4.87,52.71,20.262,25.508,3.969,24.6,16.308,5377.56,78.38,549.39,4.845,53.28,20.184,25.572,3.996,24.679,16.444,MISFIRE,1.0,1.0,1.0,1.0,1.0,1.0,0.0,0.0,0.0
175.5,CLIMB,75.38,53.99,9681.25,10.64,71.413,0.8766,5372.41,78.93,549.43,4.87,52.7,20.261,25.508,3.969,24.6,16.306,5364.81,79.45,549.01,4.822,52.31,20.157,25.5,3.93,24.662,16.275,MISFIRE,1.0,1.0,1.0,1.0,1.0,1.0,0.0,0.0,0.0
175.6,CLIMB,75.37,53.99,9688.33,10.62,71.395,0.8765,5372.0,78.93,549.42,4.869,52.69,20.259,25.507,3.969,24.6,16.305,5369.19,78.18,550.36,4.882,52.44,20.246,25.592,4.01,24.665,16.253,MISFIRE,1.0,1.0,1.0,1.0,1.0,1.0,0.0,0.0,0.0
175.7,CLIMB,75.36,53.98,9695.42,10.61,71.376,0.8763,5371.59,78.93,549.4,4.869,52.67,20.258,25.507,3.969,24.6,16.304,5367.25,78.67,550.33,4.895,52.31,20.086,25.493,4.034,24.628,16.212,MISFIRE,1.0,1.0,1.0,1.0,1.0,1.0,0.0,0.0,0.0
175.8,CLIMB,75.35,53.98,9702.5,10.6,71.358,0.8761,5371.19,78.93,549.39,4.869,52.66,20.256,25.507,3.969,24.6,16.303,5369.86,78.8,551.08,4.803,52.86,20.26,25.402,3.913,24.64,16.039,MISFIRE,1.0,1.0,1.0,1.0,1.0,1.0,0.0,0.0,0.0
175.9,CLIMB,75.34,53.97,9709.58,10.58,71.34,0.8759,5370.78,78.93,549.38,4.869,52.65,20.255,25.507,3.969,24.6,16.301,5376.0,79.1,548.27,4.841,52.22,20.274,25.482,3.953,24.744,16.284,MISFIRE,1.0,1.0,1.0,1.0,1.0,1.0,0.0,0.0,0.0
176.0,CLIMB,75.33,53.97,9716.67,10.57,71.322,0.8757,5370.37,78.92,549.36,4.869,52.63,20.253,25.507,3.969,24.6,16.3,5362.11,79.15,548.14,4.922,53.05,20.111,25.453,4.076,24.55,16.404,MISFIRE,1.0,1.0,1.0,1.0,1.0,1.0,0.0,0.0,0.0
176.1,CLIMB,75.33,53.96,9723.75,10.55,71.303,0.8756,5369.97,78.92,549.35,4.869,52.62,20.252,25.507,3.969,24.6,16.299,5371.39,78.6,550.91,4.844,52.78,20.403,25.349,4.017,24.548,16.295,MISFIRE,1.0,1.0,1.0,1.0,1.0,1.0,0.0,0.0,0.0
176.2,CLIMB,75.32,53.96,9730.83,10.54,71.285,0.8754,5369.56,78.92,549.33,4.869,52.61,20.25,25.506,3.969,24.6,16.298,5380.24,78.16,549.23,4.91,52.59,20.222,25.481,3.968,24.606,16.341,MISFIRE,1.0,1.0,1.0,1.0,1.0,1.0,0.0,0.0,0.0
176.3,CLIMB,75.31,53.95,9737.92,10.52,71.267,0.8752,5369.15,78.92,549.32,4.869,52.59,20.249,25.506,3.969,24.6,16.296,5365.78,79.55,550.04,4.891,52.35,20.169,25.517,3.989,24.628,16.133,MISFIRE,1.0,1.0,1.0,1.0,1.0,1.0,0.0,0.0,0.0
176.4,CLIMB,75.3,53.95,9745.0,10.51,71.249,0.875,5368.75,78.92,549.3,4.868,52.58,20.247,25.506,3.968,24.6,16.295,5364.32,78.7,550.38,4.876,52.42,20.067,25.496,3.923,24.633,16.158,MISFIRE,1.0,1.0,1.0,1.0,1.0,1.0,0.0,0.0,0.0
176.5,CLIMB,75.29,53.94,9752.08,10.5,71.23,0.8748,5368.34,78.92,549.29,4.868,52.57,20.246,25.506,3.968,24.6,16.294,5364.74,79.29,546.87,4.839,52.11,20.379,25.432,3.977,24.604,16.316,MISFIRE,1.0,1.0,1.0,1.0,1.0,1.0,0.0,0.0,0.0
176.6,CLIMB,75.28,53.93,9759.17,10.48,71.212,0.8747,5367.93,78.92,549.28,4.868,52.55,20.244,25.506,3.968,24.6,16.293,5366.43,78.73,549.99,4.866,52.49,20.134,25.481,3.95,24.668,16.302,MISFIRE,1.0,1.0,1.0,1.0,1.0,1.0,0.0,0.0,0.0
176.7,CLIMB,75.28,53.93,9766.25,10.47,71.194,0.8745,5367.53,78.92,549.26,4.868,52.54,20.243,25.506,3.968,24.6,16.291,5366.92,79.42,552.25,4.853,53.07,20.211,25.581,3.993,24.543,16.263,MISFIRE,1.0,1.0,1.0,1.0,1.0,1.0,0.0,0.0,0.0
176.8,CLIMB,75.27,53.92,9773.33,10.45,71.176,0.8743,5367.12,78.92,549.25,4.868,52.53,20.241,25.505,3.968,24.6,16.29,5367.14,77.78,549.96,4.873,52.21,20.208,25.494,4.022,24.644,16.279,MISFIRE,1.0,1.0,1.0,1.0,1.0,1.0,0.0,0.0,0.0
176.9,CLIMB,75.26,53.92,9780.42,10.44,71.157,0.8741,5366.71,78.91,549.23,4.868,52.51,20.24,25.505,3.968,24.6,16.289,5362.39,79.55,552.18,4.933,52.71,20.235,25.36,4.045,24.625,16.381,MISFIRE,1.0,1.0,1.0,1.0,1.0,1.0,0.0,0.0,0.0
177.0,CLIMB,75.25,53.91,9787.5,10.43,71.139,0.8739,5366.31,78.91,549.22,4.868,52.5,20.238,25.505,3.968,24.6,16.288,5362.09,78.76,549.92,4.818,52.85,20.281,25.547,3.987,24.685,16.326,MISFIRE,1.0,1.0,1.0,1.0,1.0,1.0,0.0,0.0,0.0
177.1,CLIMB,75.24,53.91,9794.58,10.41,71.121,0.8738,5365.9,78.91,549.2,4.867,52.49,20.237,25.505,3.968,24.6,16.286,5363.88,78.59,550.43,4.801,52.17,20.267,25.563,3.939,24.566,16.335,MISFIRE,1.0,1.0,1.0,1.0,1.0,1.0,0.0,0.0,0.0
177.2,CLIMB,75.23,53.9,9801.67,10.4,71.103,0.8736,5365.49,78.91,549.19,4.867,52.47,20.235,25.505,3.968,24.6,16.285,5367.76,79.76,550.49,4.906,52.17,20.151,25.508,3.991,24.602,16.354,MISFIRE,1.0,1.0,1.0,1.0,1.0,1.0,0.0,0.0,0.0
177.3,CLIMB,75.23,53.9,9808.75,10.38,71.085,0.8734,5365.09,78.91,549.18,4.867,52.46,20.234,25.505,3.968,24.6,16.284,5358.33,78.58,546.93,4.869,52.52,20.178,25.558,3.899,24.622,16.17,MISFIRE,1.0,1.0,1.0,1.0,1.0,1.0,0.0,0.0,0.0
177.4,CLIMB,75.22,53.89,9815.83,10.37,71.066,0.8732,5364.68,78.91,549.16,4.867,52.45,20.232,25.504,3.968,24.6,16.283,5361.46,78.79,547.93,4.891,52.45,20.353,25.511,4.047,24.573,16.186,MISFIRE,1.0,1.0,1.0,1.0,1.0,1.0,0.0,0.0,0.0
177.5,CLIMB,75.21,53.89,9822.92,10.35,71.048,0.873,5364.28,78.91,549.15,4.867,52.43,20.231,25.504,3.968,24.6,16.281,5368.52,79.65,549.89,4.861,52.15,20.168,25.489,3.963,24.594,16.282,MISFIRE,1.0,1.0,1.0,1.0,1.0,1.0,0.0,0.0,0.0
177.6,CLIMB,75.2,53.88,9830.0,10.34,71.03,0.8729,5363.87,78.91,549.13,4.867,52.42,20.229,25.504,3.967,24.6,16.28,5358.49,79.68,549.18,4.869,52.58,20.185,25.543,3.981,24.572,16.264,MISFIRE,1.0,1.0,1.0,1.0,1.0,1.0,0.0,0.0,0.0
177.7,CLIMB,75.19,53.87,9837.08,10.33,71.012,0.8727,5363.46,78.91,549.12,4.867,52.41,20.228,25.504,3.967,24.6,16.279,5362.09,78.76,547.45,4.872,52.66,20.272,25.54,3.931,24.646,16.208,MISFIRE,1.0,1.0,1.0,1.0,1.0,1.0,0.0,0.0,0.0
177.8,CLIMB,75.18,53.87,9844.17,10.31,70.994,0.8725,5363.06,78.91,549.1,4.867,52.39,20.226,25.504,3.967,24.6,16.278,5361.51,79.33,547.53,4.827,52.7,20.364,25.439,3.944,24.55,16.227,MISFIRE,1.0,1.0,1.0,1.0,1.0,1.0,0.0,0.0,0.0
177.9,CLIMB,75.18,53.86,9851.25,10.3,70.976,0.8723,5362.65,78.9,549.09,4.866,52.38,20.225,25.504,3.967,24.6,16.276,5370.53,79.36,549.41,4.852,52.28,20.262,25.569,4.056,24.65,16.394,MISFIRE,1.0,1.0,1.0,1.0,1.0,1.0,0.0,0.0,0.0
178.0,CLIMB,75.17,53.86,9858.33,10.28,70.957,0.8721,5362.24,78.9,549.07,4.866,52.37,20.223,25.503,3.967,24.6,16.275,5358.82,79.1,550.61,4.884,51.68,20.308,25.64,4.08,24.625,16.348,MISFIRE,1.0,1.0,1.0,1.0,1.0,1.0,0.0,0.0,0.0
178.1,CLIMB,75.16,53.85,9865.42,10.27,70.939,0.872,5361.84,78.9,549.06,4.866,52.35,20.222,25.503,3.967,24.6,16.274,5366.52,79.18,546.4,4.837,52.43,20.211,25.422,3.968,24.63,16.406,MISFIRE,1.0,1.0,1.0,1.0,1.0,1.0,0.0,0.0,0.0
178.2,CLIMB,75.15,53.85,9872.5,10.26,70.921,0.8718,5361.43,78.9,549.05,4.866,52.34,20.22,25.503,3.967,24.6,16.273,5361.89,79.81,548.98,4.867,52.43,20.112,25.507,3.858,24.647,16.331,MISFIRE,1.0,1.0,1.0,1.0,1.0,1.0,0.0,0.0,0.0
178.3,CLIMB,75.14,53.84,9879.58,10.24,70.903,0.8716,5361.02,78.9,549.03,4.866,52.33,20.219,25.503,3.967,24.6,16.271,5368.74,79.08,548.19,4.866,52.58,20.22,25.501,3.974,24.593,16.213,MISFIRE,1.0,1.0,1.0,1.0,1.0,1.0,0.0,0.0,0.0
178.4,CLIMB,75.13,53.84,9886.67,10.23,70.885,0.8714,5360.62,78.9,549.02,4.866,52.31,20.217,25.503,3.967,24.6,16.27,5370.88,79.41,549.57,4.903,52.36,20.282,25.519,3.99,24.593,16.206,MISFIRE,1.0,1.0,1.0,1.0,1.0,1.0,0.0,0.0,0.0
178.5,CLIMB,75.13,53.83,9893.75,10.21,70.867,0.8712,5360.21,78.9,549.0,4.866,52.3,20.216,25.503,3.967,24.6,16.269,5361.6,79.59,547.24,4.82,52.37,20.136,25.451,4.029,24.52,16.191,MISFIRE,1.0,1.0,1.0,1.0,1.0,1.0,0.0,0.0,0.0
178.6,CLIMB,75.12,53.83,9900.83,10.2,70.849,0.8711,5359.81,78.9,548.99,4.866,52.29,20.214,25.502,3.967,24.6,16.268,5359.96,78.06,549.5,4.815,51.74,20.274,25.478,3.973,24.606,16.345,MISFIRE,1.0,1.0,1.0,1.0,1.0,1.0,0.0,0.0,0.0
178.7,CLIMB,75.11,53.82,9907.92,10.18,70.83,0.8709,5359.4,78.9,548.97,4.865,52.27,20.213,25.502,3.967,24.6,16.266,5363.92,78.69,549.84,4.858,52.05,20.205,25.494,3.983,24.554,16.245,MISFIRE,1.0,1.0,1.0,1.0,1.0,1.0,0.0,0.0,0.0
178.8,CLIMB,75.1,53.82,9915.0,10.17,70.812,0.8707,5358.99,78.89,548.96,4.865,52.26,20.211,25.502,3.966,24.6,16.265,5362.08,79.34,546.47,4.869,52.68,20.272,25.453,3.968,24.623,16.411,MISFIRE,1.0,1.0,1.0,1.0,1.0,1.0,0.0,0.0,0.0
178.9,CLIMB,75.09,53.81,9922.08,10.16,70.794,0.8705,5358.59,78.89,548.95,4.865,52.25,20.21,25.502,3.966,24.6,16.264,5358.36,77.96,548.86,4.853,52.32,20.203,25.523,3.945,24.632,16.166,MISFIRE,1.0,1.0,1.0,1.0,1.0,1.0,0.0,0.0,0.0
179.0,CLIMB,75.08,53.8,9929.17,10.14,70.776,0.8704,5358.18,78.89,548.93,4.865,52.23,20.208,25.502,3.966,24.6,16.263,5350.71,79.43,549.22,4.88,52.35,20.239,25.494,3.964,24.636,16.261,MISFIRE,1.0,1.0,1.0,1.0,1.0,1.0,0.0,0.0,0.0
179.1,CLIMB,75.08,53.8,9936.25,10.13,70.758,0.8702,5357.78,78.89,548.92,4.865,52.22,20.207,25.502,3.966,24.6,16.261,5356.27,78.3,552.16,4.835,51.67,20.321,25.503,4.012,24.564,16.42,MISFIRE,1.0,1.0,1.0,1.0,1.0,1.0,0.0,0.0,0.0
179.2,CLIMB,75.07,53.79,9943.33,10.11,70.74,0.87,5357.37,78.89,548.9,4.865,52.21,20.206,25.501,3.966,24.6,16.26,5350.85,78.34,548.99,4.856,52.68,20.083,25.546,4.033,24.65,16.242,MISFIRE,1.0,1.0,1.0,1.0,1.0,1.0,0.0,0.0,0.0
179.3,CLIMB,75.06,53.79,9950.42,10.1,70.722,0.8698,5356.96,78.89,548.89,4.865,52.19,20.204,25.501,3.966,24.6,16.259,5353.65,78.34,547.63,4.844,52.18,20.189,25.569,4.064,24.613,16.149,MISFIRE,1.0,1.0,1.0,1.0,1.0,1.0,0.0,0.0,0.0
179.4,CLIMB,75.05,53.78,9957.5,10.09,70.704,0.8696,5356.56,78.89,548.87,4.865,52.18,20.203,25.501,3.966,24.6,16.258,5364.6,78.28,547.94,4.879,51.98,20.193,25.581,3.961,24.615,15.985,MISFIRE,1.0,1.0,1.0,1.0,1.0,1.0,0.0,0.0,0.0
179.5,CLIMB,75.04,53.78,9964.58,10.07,70.685,0.8695,5356.15,78.89,548.86,4.864,52.17,20.201,25.501,3.966,24.6,16.256,5347.59,78.86,547.18,4.883,52.12,20.035,25.499,3.882,24.523,16.241,MISFIRE,1.0,1.0,1.0,1.0,1.0,1.0,0.0,0.0,0.0
179.6,CLIMB,75.03,53.77,9971.67,10.06,70.667,0.8693,5355.75,78.89,548.84,4.864,52.15,20.2,25.501,3.966,24.6,16.255,5352.53,78.69,549.25,4.842,51.93,20.17,25.477,3.94,24.543,16.313,MISFIRE,1.0,1.0,1.0,1.0,1.0,1.0,0.0,0.0,0.0
179.7,CLIMB,75.03,53.77,9978.75,10.04,70.649,0.8691,5355.34,78.88,548.83,4.864,52.14,20.198,25.501,3.966,24.6,16.254,5351.76,78.95,548.1,4.854,52.73,20.218,25.506,3.975,24.479,16.374,MISFIRE,1.0,1.0,1.0,1.0,1.0,1.0,0.0,0.0,0.0
179.8,CLIMB,75.02,53.76,9985.83,10.03,70.631,0.8689,5354.93,78.88,548.82,4.864,52.13,20.197,25.5,3.966,24.6,16.253,5356.25,78.0,548.29,4.867,51.86,20.276,25.479,4.006,24.526,16.374,MISFIRE,1.0,1.0,1.0,1.0,1.0,1.0,0.0,0.0,0.0
179.9,CLIMB,75.01,53.76,9992.92,10.01,70.613,0.8687,5354.53,78.88,548.8,4.864,52.11,20.195,25.5,3.965,24.6,16.251,5352.74,78.69,550.63,4.817,51.67,20.189,25.544,4.001,24.569,16.165,MISFIRE,1.0,1.0,1.0,1.0,1.0,1.0,0.0,0.0,0.0
180.0,CLIMB,75.0,53.75,10000.0,10.0,70.595,0.8686,5354.12,78.88,548.79,4.864,52.1,20.194,25.5,3.965,24.6,16.25,5360.47,78.42,548.93,4.857,51.45,20.168,25.504,3.976,24.666,16.239,MISFIRE,1.0,1.0,1.0,1.0,1.0,1.0,0.0,0.0,0.0
