timestamp_s,mission_phase,throttle_pct,engine_load_pct,altitude_ft,ambient_temperature_c,ambient_pressure_kpa,air_density_kg_m3,true_rpm,true_cht_c,true_egt_c,true_oil_pressure_bar,true_oil_temperature_c,true_fuel_flow_lph,true_injection_timing_deg,true_vibration_mm_s,true_battery_voltage_v,true_alternator_current_a,rpm,cht_c,egt_c,oil_pressure_bar,oil_temperature_c,fuel_flow_lph,injection_timing_deg,vibration_mm_s,battery_voltage_v,alternator_current_a,fault_type,fault_severity,cooling_health,injector_health,lubrication_health,mechanical_health,misfire_severity,sensor_drift_cht_c,sensor_drift_egt_c,sensor_drift_oil_pressure_bar
0.0,TAKEOFF,85.0,60.25,0.0,30.0,101.325,1.1644,2701.04,80.0,402.66,3.384,69.99,20.809,25.7,1.252,24.324,16.578,2694.08,79.77,401.1,3.365,69.27,20.832,25.629,1.28,24.412,16.646,NORMAL,0.0,1.0,1.0,1.0,1.0,0.0,0.0,0.0,0.0
0.1,TAKEOFF,85.02,60.26,2.5,30.0,101.316,1.1643,2892.06,80.01,405.28,3.482,69.98,20.813,25.7,1.271,24.347,16.677,2895.17,79.95,401.1,3.479,69.39,20.761,25.637,1.304,24.456,16.821,NORMAL,0.0,1.0,1.0,1.0,1.0,0.0,0.0,0.0,0.0
0.2,TAKEOFF,85.03,60.27,5.0,29.99,101.307,1.1642,3073.57,80.01,407.87,3.575,69.97,20.816,25.701,1.29,24.369,16.772,3071.32,80.11,405.48,3.584,70.12,20.858,25.652,1.251,24.461,16.745,NORMAL,0.0,1.0,1.0,1.0,1.0,0.0,0.0,0.0,0.0
0.3,TAKEOFF,85.05,60.28,7.5,29.98,101.298,1.1641,3246.04,80.01,410.43,3.664,69.96,20.82,25.701,1.307,24.39,16.862,3243.52,80.05,409.94,3.69,70.11,20.982,25.677,1.336,24.376,16.949,NORMAL,0.0,1.0,1.0,1.0,1.0,0.0,0.0,0.0,0.0
0.4,TAKEOFF,85.07,60.29,10.0,29.98,101.288,1.1641,3409.92,80.01,412.95,3.748,69.95,20.823,25.701,1.323,24.409,16.948,3404.2,79.38,414.41,3.706,69.79,20.824,25.68,1.376,24.365,16.754,NORMAL,0.0,1.0,1.0,1.0,1.0,0.0,0.0,0.0,0.0
0.5,TAKEOFF,85.08,60.3,12.5,29.98,101.279,1.164,3565.64,80.01,415.45,3.828,69.94,20.827,25.702,1.339,24.428,17.03,3567.97,79.61,414.17,3.849,70.01,20.943,25.681,1.425,24.349,17.091,NORMAL,0.0,1.0,1.0,1.0,1.0,0.0,0.0,0.0,0.0
0.6,TAKEOFF,85.1,60.31,15.0,29.97,101.27,1.1639,3713.62,80.02,417.92,3.904,69.93,20.83,25.702,1.354,24.446,17.108,3706.13,79.56,418.36,3.963,69.68,20.791,25.715,1.365,24.499,17.199,NORMAL,0.0,1.0,1.0,1.0,1.0,0.0,0.0,0.0,0.0
0.7,TAKEOFF,85.12,60.33,17.5,29.96,101.261,1.1638,3854.23,80.02,420.35,3.976,69.93,20.834,25.702,1.368,24.463,17.182,3855.79,79.73,422.81,4.019,69.61,20.947,25.726,1.344,24.537,17.127,NORMAL,0.0,1.0,1.0,1.0,1.0,0.0,0.0,0.0,0.0
0.8,TAKEOFF,85.13,60.34,20.0,29.96,101.252,1.1637,3987.85,80.02,422.76,4.044,69.92,20.838,25.703,1.381,24.479,17.253,3987.04,79.59,421.41,3.995,70.4,20.986,25.711,1.339,24.418,17.136,NORMAL,0.0,1.0,1.0,1.0,1.0,0.0,0.0,0.0,0.0
0.9,TAKEOFF,85.15,60.35,22.5,29.95,101.243,1.1636,4114.82,80.02,425.13,4.109,69.91,20.841,25.703,1.394,24.494,17.32,4107.84,79.93,426.77,4.108,69.36,20.788,25.825,1.415,24.487,17.406,NORMAL,0.0,1.0,1.0,1.0,1.0,0.0,0.0,0.0,0.0
1.0,TAKEOFF,85.17,60.36,25.0,29.95,101.234,1.1635,4235.48,80.02,427.48,4.171,69.9,20.845,25.703,1.406,24.508,17.384,4232.62,79.73,425.93,4.158,69.76,20.884,25.699,1.352,24.481,17.381,NORMAL,0.0,1.0,1.0,1.0,1.0,0.0,0.0,0.0,0.0
1.1,TAKEOFF,85.18,60.37,27.5,29.95,101.224,1.1635,4350.15,80.02,429.8,4.23,69.89,20.848,25.704,1.418,24.522,17.445,4351.84,80.03,429.28,4.213,70.34,20.919,25.699,1.425,24.579,17.412,NORMAL,0.0,1.0,1.0,1.0,1.0,0.0,0.0,0.0,0.0
1.2,TAKEOFF,85.2,60.38,30.0,29.94,101.215,1.1634,4459.12,80.02,432.08,4.286,69.88,20.852,25.704,1.429,24.535,17.504,4457.52,79.25,433.01,4.256,70.13,20.763,25.73,1.397,24.451,17.534,NORMAL,0.0,1.0,1.0,1.0,1.0,0.0,0.0,0.0,0.0
1.3,TAKEOFF,85.22,60.39,32.5,29.93,101.206,1.1633,4562.68,80.03,434.35,4.339,69.87,20.855,25.704,1.439,24.548,17.559,4573.07,79.74,433.59,4.336,70.06,20.791,25.738,1.38,24.483,17.475,NORMAL,0.0,1.0,1.0,1.0,1.0,0.0,0.0,0.0,0.0
1.4,TAKEOFF,85.23,60.4,35.0,29.93,101.197,1.1632,4661.09,80.03,436.58,4.39,69.86,20.859,25.705,1.449,24.559,17.612,4658.64,80.5,436.68,4.335,70.45,20.699,25.709,1.444,24.538,17.785,NORMAL,0.0,1.0,1.0,1.0,1.0,0.0,0.0,0.0,0.0
1.5,TAKEOFF,85.25,60.41,37.5,29.93,101.188,1.1631,4754.62,80.03,438.78,4.438,69.85,20.863,25.705,1.459,24.571,17.662,4754.69,79.65,441.07,4.438,70.18,21.017,25.607,1.424,24.648,17.821,NORMAL,0.0,1.0,1.0,1.0,1.0,0.0,0.0,0.0,0.0
1.6,TAKEOFF,85.27,60.42,40.0,29.92,101.179,1.163,4843.51,80.03,440.96,4.483,69.84,20.866,25.705,1.468,24.581,17.71,4846.39,79.95,438.07,4.431,69.65,20.781,25.739,1.566,24.618,17.858,NORMAL,0.0,1.0,1.0,1.0,1.0,0.0,0.0,0.0,0.0
1.7,TAKEOFF,85.28,60.43,42.5,29.91,101.17,1.1629,4928.0,80.03,443.12,4.527,69.83,20.87,25.706,1.476,24.591,17.756,4928.3,79.75,444.3,4.535,69.53,20.749,25.753,1.432,24.579,17.712,NORMAL,0.0,1.0,1.0,1.0,1.0,0.0,0.0,0.0,0.0
1.8,TAKEOFF,85.3,60.45,45.0,29.91,101.16,1.1629,5008.29,80.03,445.24,4.568,69.82,20.873,25.706,1.484,24.6,17.795,5006.63,79.94,444.0,4.605,69.47,20.798,25.813,1.489,24.563,17.873,NORMAL,0.0,1.0,1.0,1.0,1.0,0.0,0.0,0.0,0.0
1.9,TAKEOFF,85.32,60.46,47.5,29.91,101.151,1.1628,5084.61,80.03,447.34,4.607,69.81,20.877,25.706,1.492,24.6,17.797,5081.61,79.65,446.13,4.625,70.0,20.957,25.637,1.559,24.631,17.653,NORMAL,0.0,1.0,1.0,1.0,1.0,0.0,0.0,0.0,0.0
2.0,TAKEOFF,85.33,60.47,50.0,29.9,101.142,1.1627,5157.15,80.03,449.41,4.644,69.81,20.88,25.707,1.499,24.6,17.8,5154.55,81.17,449.32,4.612,69.9,20.975,25.701,1.43,24.678,17.644,NORMAL,0.0,1.0,1.0,1.0,1.0,0.0,0.0,0.0,0.0
2.1,TAKEOFF,85.35,60.48,52.5,29.89,101.133,1.1626,5226.1,80.03,451.46,4.68,69.8,20.884,25.707,1.506,24.6,17.802,5229.52,80.19,451.56,4.65,69.76,20.814,25.718,1.487,24.657,17.675,NORMAL,0.0,1.0,1.0,1.0,1.0,0.0,0.0,0.0,0.0
2.2,TAKEOFF,85.37,60.49,55.0,29.89,101.124,1.1625,5291.64,80.03,453.49,4.713,69.79,20.888,25.707,1.513,24.6,17.805,5293.69,80.72,453.2,4.726,70.35,20.897,25.619,1.61,24.583,17.764,NORMAL,0.0,1.0,1.0,1.0,1.0,0.0,0.0,0.0,0.0
2.3,TAKEOFF,85.38,60.5,57.5,29.89,101.115,1.1624,5353.93,80.04,455.48,4.745,69.78,20.891,25.708,1.519,24.6,17.808,5346.08,79.88,454.19,4.749,69.61,20.901,25.7,1.562,24.728,17.706,NORMAL,0.0,1.0,1.0,1.0,1.0,0.0,0.0,0.0,0.0
2.4,TAKEOFF,85.4,60.51,60.0,29.88,101.106,1.1623,5413.15,80.04,457.46,4.776,69.77,20.895,25.708,1.525,24.6,17.81,5412.8,79.39,457.58,4.691,69.63,21.02,25.67,1.53,24.648,17.549,NORMAL,0.0,1.0,1.0,1.0,1.0,0.0,0.0,0.0,0.0
2.5,TAKEOFF,85.42,60.52,62.5,29.88,101.096,1.1623,5469.45,80.04,459.41,4.805,69.76,20.898,25.708,1.531,24.6,17.812,5470.67,80.53,461.38,4.828,69.69,20.905,25.763,1.567,24.57,17.834,NORMAL,0.0,1.0,1.0,1.0,1.0,0.0,0.0,0.0,0.0
2.6,TAKEOFF,85.43,60.53,65.0,29.87,101.087,1.1622,5522.96,80.04,461.33,4.832,69.75,20.902,25.709,1.537,24.6,17.815,5525.75,80.02,459.77,4.797,69.79,20.912,25.615,1.474,24.613,17.882,NORMAL,0.0,1.0,1.0,1.0,1.0,0.0,0.0,0.0,0.0
2.7,TAKEOFF,85.45,60.54,67.5,29.86,101.078,1.1621,5573.84,80.04,463.24,4.858,69.74,20.905,25.709,1.542,24.6,17.818,5577.83,80.38,462.25,4.861,69.7,20.889,25.739,1.608,24.584,17.771,NORMAL,0.0,1.0,1.0,1.0,1.0,0.0,0.0,0.0,0.0
2.8,TAKEOFF,85.47,60.55,70.0,29.86,101.069,1.162,5622.21,80.04,465.12,4.883,69.73,20.909,25.709,1.547,24.6,17.82,5620.34,79.81,470.33,4.888,69.41,20.9,25.809,1.519,24.596,17.821,NORMAL,0.0,1.0,1.0,1.0,1.0,0.0,0.0,0.0,0.0
2.9,TAKEOFF,85.48,60.56,72.5,29.86,101.06,1.1619,5668.2,80.04,466.97,4.907,69.72,20.913,25.71,1.551,24.6,17.822,5665.19,79.8,465.01,4.924,69.9,20.914,25.642,1.556,24.612,17.81,NORMAL,0.0,1.0,1.0,1.0,1.0,0.0,0.0,0.0,0.0
3.0,TAKEOFF,85.5,60.58,75.0,29.85,101.051,1.1618,5711.92,80.04,468.81,4.929,69.71,20.916,25.71,1.556,24.6,17.825,5706.84,80.39,471.51,4.957,69.51,20.94,25.695,1.617,24.563,17.893,NORMAL,0.0,1.0,1.0,1.0,1.0,0.0,0.0,0.0,0.0
3.1,TAKEOFF,85.52,60.59,77.5,29.84,101.042,1.1617,5753.5,80.04,470.62,4.951,69.71,20.92,25.71,1.56,24.6,17.828,5752.34,80.12,472.92,4.958,69.61,20.914,25.807,1.571,24.613,17.689,NORMAL,0.0,1.0,1.0,1.0,1.0,0.0,0.0,0.0,0.0
3.2,TAKEOFF,85.53,60.6,80.0,29.84,101.032,1.1616,5793.03,80.04,472.41,4.971,69.7,20.923,25.711,1.564,24.6,17.83,5797.01,79.45,470.45,4.985,69.93,20.852,25.753,1.574,24.625,17.831,NORMAL,0.0,1.0,1.0,1.0,1.0,0.0,0.0,0.0,0.0
3.3,TAKEOFF,85.55,60.61,82.5,29.84,101.023,1.1616,5830.62,80.04,474.17,4.99,69.69,20.927,25.711,1.568,24.6,17.832,5827.37,79.17,475.54,4.953,69.83,20.985,25.792,1.527,24.573,17.994,NORMAL,0.0,1.0,1.0,1.0,1.0,0.0,0.0,0.0,0.0
3.4,TAKEOFF,85.57,60.62,85.0,29.83,101.014,1.1615,5866.37,80.04,475.92,5.009,69.68,20.93,25.711,1.572,24.6,17.835,5875.82,79.65,476.69,5.005,69.47,20.88,25.727,1.613,24.569,17.801,NORMAL,0.0,1.0,1.0,1.0,1.0,0.0,0.0,0.0,0.0
3.5,TAKEOFF,85.58,60.63,87.5,29.82,101.005,1.1614,5900.37,80.04,477.64,5.026,69.67,20.934,25.712,1.575,24.6,17.837,5898.79,79.82,476.34,5.03,69.41,20.813,25.707,1.667,24.614,17.845,NORMAL,0.0,1.0,1.0,1.0,1.0,0.0,0.0,0.0,0.0
3.6,TAKEOFF,85.6,60.64,90.0,29.82,100.996,1.1613,5932.71,80.04,479.35,5.043,69.66,20.938,25.712,1.578,24.6,17.84,5936.57,79.97,480.47,5.01,69.67,20.971,25.729,1.513,24.54,17.777,NORMAL,0.0,1.0,1.0,1.0,1.0,0.0,0.0,0.0,0.0
3.7,TAKEOFF,85.62,60.65,92.5,29.82,100.987,1.1612,5963.46,80.04,481.03,5.059,69.65,20.941,25.712,1.582,24.6,17.843,5967.58,80.84,480.5,5.016,69.31,20.986,25.658,1.532,24.571,17.87,NORMAL,0.0,1.0,1.0,1.0,1.0,0.0,0.0,0.0,0.0
3.8,TAKEOFF,85.63,60.66,95.0,29.81,100.978,1.1611,5992.72,80.04,482.69,5.074,69.64,20.945,25.713,1.585,24.6,17.845,5995.6,80.32,480.91,5.086,69.69,21.062,25.662,1.58,24.577,17.74,NORMAL,0.0,1.0,1.0,1.0,1.0,0.0,0.0,0.0,0.0
3.9,TAKEOFF,85.65,60.67,97.5,29.8,100.969,1.161,6020.54,80.04,484.33,5.088,69.63,20.948,25.713,1.587,24.6,17.848,6020.5,79.89,482.32,5.128,69.46,21.115,25.665,1.631,24.514,17.764,NORMAL,0.0,1.0,1.0,1.0,1.0,0.0,0.0,0.0,0.0
4.0,TAKEOFF,85.67,60.68,100.0,29.8,100.959,1.161,6047.02,80.04,485.95,5.102,69.62,20.952,25.713,1.59,24.6,17.85,6045.83,80.01,485.84,5.07,69.68,21.122,25.743,1.623,24.545,17.973,NORMAL,0.0,1.0,1.0,1.0,1.0,0.0,0.0,0.0,0.0
4.1,TAKEOFF,85.68,60.69,102.5,29.8,100.95,1.1609,6072.2,80.04,487.55,5.115,69.61,20.955,25.714,1.593,24.6,17.852,6073.04,79.71,486.35,5.1,69.59,20.9,25.642,1.585,24.59,17.762,NORMAL,0.0,1.0,1.0,1.0,1.0,0.0,0.0,0.0,0.0
4.2,TAKEOFF,85.7,60.71,105.0,29.79,100.941,1.1608,6096.17,80.04,489.14,5.127,69.61,20.959,25.714,1.595,24.6,17.855,6108.09,79.97,486.69,5.078,69.88,21.01,25.778,1.579,24.653,17.827,NORMAL,0.0,1.0,1.0,1.0,1.0,0.0,0.0,0.0,0.0
4.3,TAKEOFF,85.72,60.72,107.5,29.79,100.932,1.1607,6118.97,80.04,490.7,5.139,69.6,20.963,25.714,1.598,24.6,17.858,6113.24,79.61,490.15,5.143,69.86,21.002,25.769,1.53,24.589,17.875,NORMAL,0.0,1.0,1.0,1.0,1.0,0.0,0.0,0.0,0.0
4.4,TAKEOFF,85.73,60.73,110.0,29.78,100.923,1.1606,6140.67,80.04,492.24,5.15,69.59,20.966,25.715,1.6,24.6,17.86,6143.7,79.84,492.65,5.187,69.39,21.098,25.716,1.596,24.625,17.903,NORMAL,0.0,1.0,1.0,1.0,1.0,0.0,0.0,0.0,0.0
4.5,TAKEOFF,85.75,60.74,112.5,29.77,100.914,1.1605,6161.32,80.04,493.77,5.161,69.58,20.97,25.715,1.602,24.6,17.863,6160.12,79.98,496.81,5.136,69.4,21.109,25.722,1.508,24.638,17.818,NORMAL,0.0,1.0,1.0,1.0,1.0,0.0,0.0,0.0,0.0
4.6,TAKEOFF,85.77,60.75,115.0,29.77,100.905,1.1604,6180.97,80.04,495.28,5.171,69.57,20.973,25.715,1.604,24.6,17.865,6178.95,80.32,496.15,5.117,69.55,20.854,25.776,1.52,24.581,17.908,NORMAL,0.0,1.0,1.0,1.0,1.0,0.0,0.0,0.0,0.0
4.7,TAKEOFF,85.78,60.76,117.5,29.77,100.896,1.1604,6199.68,80.04,496.76,5.181,69.56,20.977,25.716,1.606,24.6,17.867,6204.14,80.36,498.6,5.19,69.68,21.028,25.764,1.573,24.594,17.922,NORMAL,0.0,1.0,1.0,1.0,1.0,0.0,0.0,0.0,0.0
4.8,TAKEOFF,85.8,60.77,120.0,29.76,100.887,1.1603,6217.49,80.04,498.23,5.19,69.55,20.98,25.716,1.608,24.6,17.87,6211.99,79.68,499.87,5.239,69.57,21.036,25.652,1.692,24.627,17.805,NORMAL,0.0,1.0,1.0,1.0,1.0,0.0,0.0,0.0,0.0
4.9,TAKEOFF,85.82,60.78,122.5,29.75,100.877,1.1602,6234.44,80.04,499.69,5.199,69.54,20.984,25.716,1.61,24.6,17.872,6224.3,80.34,501.09,5.198,69.35,21.045,25.68,1.632,24.572,17.727,NORMAL,0.0,1.0,1.0,1.0,1.0,0.0,0.0,0.0,0.0
5.0,TAKEOFF,85.83,60.79,125.0,29.75,100.868,1.1601,6250.59,80.04,501.12,5.207,69.53,20.988,25.717,1.611,24.6,17.875,6246.88,80.0,500.17,5.231,69.3,20.94,25.719,1.573,24.621,17.867,NORMAL,0.0,1.0,1.0,1.0,1.0,0.0,0.0,0.0,0.0
5.1,TAKEOFF,85.85,60.8,127.5,29.75,100.859,1.16,6265.96,80.04,502.54,5.215,69.52,20.991,25.717,1.613,24.6,17.877,6259.64,80.22,501.47,5.178,69.96,20.978,25.736,1.605,24.559,17.918,NORMAL,0.0,1.0,1.0,1.0,1.0,0.0,0.0,0.0,0.0
5.2,TAKEOFF,85.87,60.81,130.0,29.74,100.85,1.1599,6280.6,80.04,503.94,5.223,69.52,20.995,25.717,1.615,24.6,17.88,6277.85,80.07,503.5,5.248,69.01,21.004,25.592,1.624,24.647,17.933,NORMAL,0.0,1.0,1.0,1.0,1.0,0.0,0.0,0.0,0.0
5.3,TAKEOFF,85.88,60.82,132.5,29.73,100.841,1.1598,6294.55,80.04,505.32,5.23,69.51,20.998,25.718,1.616,24.6,17.883,6306.14,80.36,504.97,5.265,69.87,21.121,25.673,1.635,24.591,18.042,NORMAL,0.0,1.0,1.0,1.0,1.0,0.0,0.0,0.0,0.0
5.4,TAKEOFF,85.9,60.84,135.0,29.73,100.832,1.1598,6307.83,80.04,506.69,5.237,69.5,21.002,25.718,1.617,24.6,17.885,6309.88,79.91,506.15,5.287,69.61,20.924,25.68,1.661,24.604,17.618,NORMAL,0.0,1.0,1.0,1.0,1.0,0.0,0.0,0.0,0.0
5.5,TAKEOFF,85.92,60.85,137.5,29.73,100.823,1.1597,6320.49,80.04,508.04,5.243,69.49,21.005,25.718,1.619,24.6,17.888,6314.62,80.96,505.22,5.246,69.22,21.015,25.787,1.507,24.562,17.732,NORMAL,0.0,1.0,1.0,1.0,1.0,0.0,0.0,0.0,0.0
5.6,TAKEOFF,85.93,60.86,140.0,29.72,100.814,1.1596,6332.55,80.04,509.37,5.25,69.48,21.009,25.719,1.62,24.6,17.89,6337.31,80.07,510.41,5.207,69.6,20.986,25.707,1.663,24.477,17.899,NORMAL,0.0,1.0,1.0,1.0,1.0,0.0,0.0,0.0,0.0
5.7,TAKEOFF,85.95,60.87,142.5,29.71,100.805,1.1595,6344.04,80.04,510.69,5.256,69.47,21.013,25.719,1.621,24.6,17.892,6338.53,80.41,510.35,5.251,69.39,21.061,25.785,1.563,24.565,17.841,NORMAL,0.0,1.0,1.0,1.0,1.0,0.0,0.0,0.0,0.0
5.8,TAKEOFF,85.97,60.88,145.0,29.71,100.795,1.1594,6355.0,80.04,511.99,5.261,69.46,21.016,25.719,1.623,24.6,17.895,6347.63,79.29,513.43,5.259,69.3,21.183,25.709,1.603,24.614,17.963,NORMAL,0.0,1.0,1.0,1.0,1.0,0.0,0.0,0.0,0.0
5.9,TAKEOFF,85.98,60.89,147.5,29.71,100.786,1.1593,6365.45,80.04,513.27,5.267,69.45,21.02,25.72,1.624,24.6,17.898,6359.8,80.12,515.51,5.227,69.65,21.033,25.764,1.686,24.683,17.901,NORMAL,0.0,1.0,1.0,1.0,1.0,0.0,0.0,0.0,0.0
6.0,TAKEOFF,86.0,60.9,150.0,29.7,100.777,1.1593,6375.4,80.04,514.54,5.272,69.44,21.023,25.72,1.625,24.6,17.9,6376.88,79.89,516.93,5.228,69.26,21.043,25.65,1.563,24.625,17.829,NORMAL,0.0,1.0,1.0,1.0,1.0,0.0,0.0,0.0,0.0
6.1,TAKEOFF,86.02,60.91,152.5,29.7,100.768,1.1592,6384.9,80.04,515.8,5.277,69.44,21.027,25.72,1.626,24.6,17.902,6379.6,80.02,516.27,5.256,69.85,21.133,25.795,1.584,24.739,17.924,NORMAL,0.0,1.0,1.0,1.0,1.0,0.0,0.0,0.0,0.0
6.2,TAKEOFF,86.03,60.92,155.0,29.69,100.759,1.1591,6393.96,80.04,517.04,5.281,69.43,21.03,25.721,1.627,24.6,17.905,6392.87,80.06,517.09,5.321,69.6,20.87,25.78,1.653,24.605,17.995,NORMAL,0.0,1.0,1.0,1.0,1.0,0.0,0.0,0.0,0.0
6.3,TAKEOFF,86.05,60.93,157.5,29.68,100.75,1.159,6402.61,80.04,518.26,5.286,69.42,21.034,25.721,1.628,24.6,17.907,6408.05,80.13,518.56,5.334,69.35,20.879,25.759,1.685,24.625,17.703,NORMAL,0.0,1.0,1.0,1.0,1.0,0.0,0.0,0.0,0.0
6.4,TAKEOFF,86.07,60.94,160.0,29.68,100.741,1.1589,6410.85,80.04,519.47,5.29,69.41,21.038,25.721,1.629,24.6,17.91,6406.17,79.85,518.13,5.257,69.24,21.018,25.647,1.695,24.626,17.931,NORMAL,0.0,1.0,1.0,1.0,1.0,0.0,0.0,0.0,0.0
6.5,TAKEOFF,86.08,60.95,162.5,29.68,100.732,1.1588,6418.72,80.04,520.67,5.294,69.4,21.041,25.722,1.63,24.6,17.913,6419.03,80.19,520.18,5.32,68.97,21.017,25.726,1.613,24.596,17.909,NORMAL,0.0,1.0,1.0,1.0,1.0,0.0,0.0,0.0,0.0
6.6,TAKEOFF,86.1,60.96,165.0,29.67,100.723,1.1587,6426.24,80.04,521.85,5.298,69.39,21.045,25.722,1.63,24.6,17.915,6427.45,80.42,521.77,5.272,69.02,21.085,25.805,1.656,24.671,17.958,NORMAL,0.0,1.0,1.0,1.0,1.0,0.0,0.0,0.0,0.0
6.7,TAKEOFF,86.12,60.98,167.5,29.66,100.714,1.1587,6433.41,80.04,523.01,5.302,69.38,21.048,25.722,1.631,24.6,17.918,6434.19,79.91,523.61,5.277,69.42,21.06,25.733,1.632,24.657,17.906,NORMAL,0.0,1.0,1.0,1.0,1.0,0.0,0.0,0.0,0.0
6.8,TAKEOFF,86.13,60.99,170.0,29.66,100.704,1.1586,6440.27,80.04,524.17,5.306,69.37,21.052,25.723,1.632,24.6,17.92,6436.55,80.13,522.86,5.229,69.56,21.09,25.715,1.665,24.532,17.862,NORMAL,0.0,1.0,1.0,1.0,1.0,0.0,0.0,0.0,0.0
6.9,TAKEOFF,86.15,61.0,172.5,29.66,100.695,1.1585,6446.81,80.04,525.3,5.309,69.36,21.056,25.723,1.633,24.6,17.922,6442.94,79.94,525.61,5.284,69.44,20.897,25.764,1.7,24.526,17.804,NORMAL,0.0,1.0,1.0,1.0,1.0,0.0,0.0,0.0,0.0
7.0,TAKEOFF,86.17,61.01,175.0,29.65,100.686,1.1584,6453.07,80.04,526.43,5.312,69.36,21.059,25.723,1.633,24.6,17.925,6462.17,80.26,523.7,5.305,69.55,21.099,25.706,1.599,24.541,17.907,NORMAL,0.0,1.0,1.0,1.0,1.0,0.0,0.0,0.0,0.0
7.1,TAKEOFF,86.18,61.02,177.5,29.64,100.677,1.1583,6459.05,80.04,527.54,5.316,69.35,21.063,25.724,1.634,24.6,17.928,6459.49,80.19,526.97,5.344,69.03,20.914,25.784,1.567,24.655,17.834,NORMAL,0.0,1.0,1.0,1.0,1.0,0.0,0.0,0.0,0.0
7.2,TAKEOFF,86.2,61.03,180.0,29.64,100.668,1.1582,6464.77,80.04,528.64,5.319,69.34,21.066,25.724,1.635,24.6,17.93,6466.08,80.69,528.9,5.292,69.48,21.168,25.816,1.65,24.629,18.16,NORMAL,0.0,1.0,1.0,1.0,1.0,0.0,0.0,0.0,0.0
7.3,TAKEOFF,86.22,61.04,182.5,29.64,100.659,1.1581,6470.24,80.04,529.72,5.321,69.33,21.07,25.724,1.635,24.6,17.932,6460.01,80.09,529.12,5.361,69.49,20.977,25.759,1.642,24.512,17.814,NORMAL,0.0,1.0,1.0,1.0,1.0,0.0,0.0,0.0,0.0
7.4,TAKEOFF,86.23,61.05,185.0,29.63,100.65,1.1581,6475.47,80.04,530.79,5.324,69.32,21.073,25.725,1.636,24.6,17.935,6479.1,80.09,527.69,5.304,69.77,20.992,25.701,1.676,24.641,18.123,NORMAL,0.0,1.0,1.0,1.0,1.0,0.0,0.0,0.0,0.0
7.5,TAKEOFF,86.25,61.06,187.5,29.62,100.641,1.158,6480.47,80.04,531.85,5.327,69.31,21.077,25.725,1.637,24.6,17.938,6483.78,80.08,531.12,5.335,69.06,21.072,25.761,1.668,24.483,18.046,NORMAL,0.0,1.0,1.0,1.0,1.0,0.0,0.0,0.0,0.0
7.6,TAKEOFF,86.27,61.07,190.0,29.62,100.632,1.1579,6485.27,80.04,532.9,5.329,69.3,21.081,25.725,1.637,24.6,17.94,6483.58,80.67,532.38,5.252,69.58,20.99,25.779,1.566,24.614,18.122,NORMAL,0.0,1.0,1.0,1.0,1.0,0.0,0.0,0.0,0.0
7.7,TAKEOFF,86.28,61.08,192.5,29.62,100.623,1.1578,6489.86,80.04,533.93,5.332,69.29,21.084,25.726,1.638,24.6,17.943,6487.64,80.28,533.3,5.335,69.5,21.055,25.658,1.567,24.556,18.03,NORMAL,0.0,1.0,1.0,1.0,1.0,0.0,0.0,0.0,0.0
7.8,TAKEOFF,86.3,61.09,195.0,29.61,100.613,1.1577,6494.25,80.04,534.95,5.334,69.29,21.088,25.726,1.638,24.6,17.945,6490.3,80.03,533.12,5.343,69.36,21.011,25.734,1.649,24.627,18.016,NORMAL,0.0,1.0,1.0,1.0,1.0,0.0,0.0,0.0,0.0
7.9,TAKEOFF,86.32,61.11,197.5,29.61,100.604,1.1576,6498.47,80.04,535.96,5.336,69.28,21.091,25.726,1.639,24.6,17.947,6491.03,79.92,535.12,5.339,69.54,21.094,25.763,1.767,24.575,17.912,NORMAL,0.0,1.0,1.0,1.0,1.0,0.0,0.0,0.0,0.0
8.0,TAKEOFF,86.33,61.12,200.0,29.6,100.595,1.1575,6502.5,80.04,536.96,5.338,69.27,21.095,25.727,1.639,24.6,17.95,6499.64,80.86,536.21,5.337,68.83,21.216,25.779,1.563,24.592,17.92,NORMAL,0.0,1.0,1.0,1.0,1.0,0.0,0.0,0.0,0.0
8.1,TAKEOFF,86.35,61.13,202.5,29.59,100.586,1.1575,6506.38,80.04,537.94,5.341,69.26,21.098,25.727,1.64,24.6,17.953,6511.63,79.55,539.12,5.336,69.39,21.032,25.666,1.514,24.58,17.772,NORMAL,0.0,1.0,1.0,1.0,1.0,0.0,0.0,0.0,0.0
8.2,TAKEOFF,86.37,61.14,205.0,29.59,100.577,1.1574,6510.1,80.04,538.91,5.343,69.25,21.102,25.727,1.64,24.6,17.955,6510.81,79.88,539.47,5.37,69.65,21.2,25.718,1.603,24.589,17.916,NORMAL,0.0,1.0,1.0,1.0,1.0,0.0,0.0,0.0,0.0
8.3,TAKEOFF,86.38,61.15,207.5,29.59,100.568,1.1573,6513.66,80.04,539.87,5.344,69.24,21.106,25.728,1.641,24.6,17.957,6517.75,80.45,538.77,5.348,68.77,21.285,25.728,1.58,24.559,18.02,NORMAL,0.0,1.0,1.0,1.0,1.0,0.0,0.0,0.0,0.0
8.4,TAKEOFF,86.4,61.16,210.0,29.58,100.559,1.1572,6517.09,80.04,540.82,5.346,69.23,21.109,25.728,1.641,24.6,17.96,6509.27,81.0,541.33,5.263,69.56,21.198,25.782,1.619,24.575,18.086,NORMAL,0.0,1.0,1.0,1.0,1.0,0.0,0.0,0.0,0.0
8.5,TAKEOFF,86.42,61.17,212.5,29.57,100.55,1.1571,6520.38,80.04,541.76,5.348,69.22,21.113,25.728,1.641,24.6,17.962,6524.7,78.87,543.48,5.359,68.57,21.27,25.648,1.646,24.734,18.118,NORMAL,0.0,1.0,1.0,1.0,1.0,0.0,0.0,0.0,0.0
8.6,TAKEOFF,86.43,61.18,215.0,29.57,100.541,1.157,6523.54,80.04,542.69,5.35,69.22,21.116,25.729,1.642,24.6,17.965,6531.8,80.87,541.1,5.371,68.88,21.052,25.73,1.686,24.598,17.76,NORMAL,0.0,1.0,1.0,1.0,1.0,0.0,0.0,0.0,0.0
8.7,TAKEOFF,86.45,61.19,217.5,29.57,100.532,1.1569,6526.58,80.04,543.6,5.351,69.21,21.12,25.729,1.642,24.6,17.968,6523.2,80.32,545.68,5.392,68.92,21.048,25.717,1.625,24.565,17.954,NORMAL,0.0,1.0,1.0,1.0,1.0,0.0,0.0,0.0,0.0
8.8,TAKEOFF,86.47,61.2,220.0,29.56,100.523,1.1569,6529.51,80.04,544.51,5.353,69.2,21.123,25.729,1.643,24.6,17.97,6529.97,79.19,541.48,5.411,69.19,21.167,25.721,1.653,24.554,17.924,NORMAL,0.0,1.0,1.0,1.0,1.0,0.0,0.0,0.0,0.0
8.9,TAKEOFF,86.48,61.21,222.5,29.55,100.514,1.1568,6532.32,80.04,545.4,5.354,69.19,21.127,25.73,1.643,24.6,17.973,6534.45,79.91,543.59,5.353,69.64,21.134,25.691,1.721,24.633,18.091,NORMAL,0.0,1.0,1.0,1.0,1.0,0.0,0.0,0.0,0.0
9.0,TAKEOFF,86.5,61.23,225.0,29.55,100.504,1.1567,6535.03,80.04,546.29,5.356,69.18,21.131,25.73,1.643,24.6,17.975,6538.69,80.09,545.75,5.366,69.09,21.139,25.804,1.709,24.637,18.001,NORMAL,0.0,1.0,1.0,1.0,1.0,0.0,0.0,0.0,0.0
9.1,TAKEOFF,86.52,61.24,227.5,29.55,100.495,1.1566,6537.65,80.04,547.16,5.357,69.17,21.134,25.73,1.644,24.6,17.977,6543.19,80.06,548.47,5.386,69.38,21.052,25.717,1.634,24.541,18.017,NORMAL,0.0,1.0,1.0,1.0,1.0,0.0,0.0,0.0,0.0
9.2,TAKEOFF,86.53,61.25,230.0,29.54,100.486,1.1565,6540.17,80.04,548.02,5.359,69.16,21.138,25.731,1.644,24.6,17.98,6539.13,79.91,547.86,5.345,69.4,20.964,25.645,1.541,24.713,17.936,NORMAL,0.0,1.0,1.0,1.0,1.0,0.0,0.0,0.0,0.0
9.3,TAKEOFF,86.55,61.26,232.5,29.54,100.477,1.1564,6542.59,80.04,548.87,5.36,69.15,21.141,25.731,1.644,24.6,17.982,6544.77,79.81,549.08,5.335,69.45,21.161,25.726,1.622,24.665,18.041,NORMAL,0.0,1.0,1.0,1.0,1.0,0.0,0.0,0.0,0.0
9.4,TAKEOFF,86.57,61.27,235.0,29.53,100.468,1.1563,6544.94,80.04,549.72,5.361,69.15,21.145,25.731,1.645,24.6,17.985,6552.61,81.37,552.13,5.353,68.89,21.256,25.695,1.569,24.671,18.095,NORMAL,0.0,1.0,1.0,1.0,1.0,0.0,0.0,0.0,0.0
9.5,TAKEOFF,86.58,61.28,237.5,29.53,100.459,1.1563,6547.2,80.04,550.55,5.363,69.14,21.148,25.732,1.645,24.6,17.987,6543.87,80.19,549.92,5.409,68.87,21.263,25.587,1.646,24.56,17.943,NORMAL,0.0,1.0,1.0,1.0,1.0,0.0,0.0,0.0,0.0
9.6,TAKEOFF,86.6,61.29,240.0,29.52,100.45,1.1562,6549.39,80.04,551.37,5.364,69.13,21.152,25.732,1.645,24.6,17.99,6548.77,78.87,551.2,5.397,68.73,20.841,25.704,1.646,24.65,18.131,NORMAL,0.0,1.0,1.0,1.0,1.0,0.0,0.0,0.0,0.0
9.7,TAKEOFF,86.62,61.3,242.5,29.52,100.441,1.1561,6551.5,80.04,552.18,5.365,69.12,21.156,25.732,1.646,24.6,17.992,6558.12,80.05,549.18,5.404,69.01,21.1,25.789,1.628,24.595,17.976,NORMAL,0.0,1.0,1.0,1.0,1.0,0.0,0.0,0.0,0.0
9.8,TAKEOFF,86.63,61.31,245.0,29.51,100.432,1.156,6553.55,80.04,552.98,5.366,69.11,21.159,25.733,1.646,24.6,17.995,6548.83,79.56,554.24,5.385,69.02,21.271,25.826,1.646,24.663,18.167,NORMAL,0.0,1.0,1.0,1.0,1.0,0.0,0.0,0.0,0.0
9.9,TAKEOFF,86.65,61.32,247.5,29.51,100.423,1.1559,6555.53,80.04,553.78,5.367,69.1,21.163,25.733,1.646,24.6,17.997,6555.24,79.76,554.44,5.365,69.4,21.186,25.791,1.623,24.592,17.953,NORMAL,0.0,1.0,1.0,1.0,1.0,0.0,0.0,0.0,0.0
10.0,TAKEOFF,86.67,61.33,250.0,29.5,100.414,1.1558,6557.44,80.04,554.56,5.368,69.09,21.166,25.733,1.646,24.6,18.0,6557.02,80.19,553.97,5.378,68.98,21.192,25.627,1.572,24.586,17.928,NORMAL,0.0,1.0,1.0,1.0,1.0,0.0,0.0,0.0,0.0
10.1,TAKEOFF,86.68,61.34,252.5,29.5,100.405,1.1557,6559.3,80.04,555.34,5.369,69.08,21.17,25.734,1.647,24.6,18.002,6563.31,80.89,555.74,5.39,69.36,21.172,25.784,1.604,24.699,18.129,NORMAL,0.0,1.0,1.0,1.0,1.0,0.0,0.0,0.0,0.0
10.2,TAKEOFF,86.7,61.36,255.0,29.49,100.396,1.1557,6561.1,80.04,556.1,5.37,69.08,21.173,25.734,1.647,24.6,18.005,6552.76,80.02,557.52,5.342,69.1,21.181,25.716,1.716,24.568,18.061,NORMAL,0.0,1.0,1.0,1.0,1.0,0.0,0.0,0.0,0.0
10.3,TAKEOFF,86.72,61.37,257.5,29.48,100.387,1.1556,6562.85,80.04,556.86,5.371,69.07,21.177,25.734,1.647,24.6,18.008,6561.54,79.9,556.57,5.36,69.22,21.022,25.759,1.593,24.638,17.962,NORMAL,0.0,1.0,1.0,1.0,1.0,0.0,0.0,0.0,0.0
10.4,TAKEOFF,86.73,61.38,260.0,29.48,100.377,1.1555,6564.54,80.04,557.6,5.372,69.06,21.181,25.735,1.647,24.6,18.01,6565.57,79.45,555.62,5.388,68.99,21.261,25.856,1.663,24.602,18.086,NORMAL,0.0,1.0,1.0,1.0,1.0,0.0,0.0,0.0,0.0
10.5,TAKEOFF,86.75,61.39,262.5,29.48,100.368,1.1554,6566.19,80.04,558.34,5.373,69.05,21.184,25.735,1.648,24.6,18.013,6575.46,80.33,558.5,5.376,68.63,21.217,25.813,1.612,24.603,18.185,NORMAL,0.0,1.0,1.0,1.0,1.0,0.0,0.0,0.0,0.0
10.6,TAKEOFF,86.77,61.4,265.0,29.47,100.359,1.1553,6567.8,80.04,559.07,5.374,69.04,21.188,25.735,1.648,24.6,18.015,6567.92,81.17,558.23,5.386,69.14,21.384,25.789,1.668,24.608,18.04,NORMAL,0.0,1.0,1.0,1.0,1.0,0.0,0.0,0.0,0.0
10.7,TAKEOFF,86.78,61.41,267.5,29.46,100.35,1.1552,6569.35,80.04,559.79,5.375,69.03,21.191,25.736,1.648,24.6,18.017,6572.92,79.44,558.71,5.343,68.66,21.148,25.744,1.613,24.674,18.044,NORMAL,0.0,1.0,1.0,1.0,1.0,0.0,0.0,0.0,0.0
10.8,TAKEOFF,86.8,61.42,270.0,29.46,100.341,1.1551,6570.87,80.04,560.51,5.376,69.02,21.195,25.736,1.648,24.6,18.02,6580.41,80.52,559.06,5.388,68.43,21.2,25.756,1.663,24.505,17.905,NORMAL,0.0,1.0,1.0,1.0,1.0,0.0,0.0,0.0,0.0
10.9,TAKEOFF,86.82,61.43,272.5,29.46,100.332,1.1551,6572.35,80.04,561.21,5.376,69.02,21.198,25.736,1.649,24.6,18.023,6573.55,79.09,559.09,5.385,69.14,21.246,25.703,1.635,24.607,17.937,NORMAL,0.0,1.0,1.0,1.0,1.0,0.0,0.0,0.0,0.0
11.0,TAKEOFF,86.83,61.44,275.0,29.45,100.323,1.155,6573.79,80.04,561.91,5.377,69.01,21.202,25.737,1.649,24.6,18.025,6560.51,80.42,559.27,5.419,68.24,21.124,25.788,1.616,24.512,18.039,NORMAL,0.0,1.0,1.0,1.0,1.0,0.0,0.0,0.0,0.0
11.1,TAKEOFF,86.85,61.45,277.5,29.45,100.314,1.1549,6575.2,80.04,562.59,5.378,69.0,21.206,25.737,1.649,24.6,18.027,6578.35,79.43,563.37,5.351,68.84,21.279,25.829,1.602,24.593,18.26,NORMAL,0.0,1.0,1.0,1.0,1.0,0.0,0.0,0.0,0.0
11.2,TAKEOFF,86.87,61.46,280.0,29.44,100.305,1.1548,6576.57,80.04,563.27,5.379,68.99,21.209,25.737,1.649,24.6,18.03,6579.18,80.08,563.64,5.417,69.03,21.155,25.812,1.752,24.607,18.023,NORMAL,0.0,1.0,1.0,1.0,1.0,0.0,0.0,0.0,0.0
11.3,TAKEOFF,86.88,61.47,282.5,29.44,100.296,1.1547,6577.91,80.04,563.95,5.38,68.98,21.213,25.738,1.65,24.6,18.032,6577.5,80.27,561.08,5.355,69.04,21.187,25.794,1.653,24.577,17.859,NORMAL,0.0,1.0,1.0,1.0,1.0,0.0,0.0,0.0,0.0
11.4,TAKEOFF,86.9,61.48,285.0,29.43,100.287,1.1546,6579.21,80.04,564.61,5.38,68.97,21.216,25.738,1.65,24.6,18.035,6582.58,79.7,563.74,5.399,69.26,21.213,25.68,1.692,24.641,18.112,NORMAL,0.0,1.0,1.0,1.0,1.0,0.0,0.0,0.0,0.0
11.5,TAKEOFF,86.92,61.5,287.5,29.43,100.278,1.1546,6580.49,80.04,565.27,5.381,68.96,21.22,25.738,1.65,24.6,18.037,6578.42,80.68,565.84,5.36,69.46,21.216,25.729,1.661,24.582,17.985,NORMAL,0.0,1.0,1.0,1.0,1.0,0.0,0.0,0.0,0.0
11.6,TAKEOFF,86.93,61.51,290.0,29.42,100.269,1.1545,6581.75,80.04,565.91,5.382,68.96,21.223,25.739,1.65,24.6,18.04,6590.47,80.12,564.2,5.384,69.09,21.101,25.789,1.638,24.527,18.227,NORMAL,0.0,1.0,1.0,1.0,1.0,0.0,0.0,0.0,0.0
11.7,TAKEOFF,86.95,61.52,292.5,29.42,100.26,1.1544,6582.97,80.04,566.55,5.382,68.95,21.227,25.739,1.65,24.6,18.042,6574.88,80.41,568.03,5.385,68.93,21.183,25.673,1.577,24.603,17.903,NORMAL,0.0,1.0,1.0,1.0,1.0,0.0,0.0,0.0,0.0
11.8,TAKEOFF,86.97,61.53,295.0,29.41,100.251,1.1543,6584.17,80.04,567.19,5.383,68.94,21.231,25.739,1.651,24.6,18.045,6586.95,79.06,566.19,5.381,69.15,21.228,25.72,1.695,24.648,17.954,NORMAL,0.0,1.0,1.0,1.0,1.0,0.0,0.0,0.0,0.0
11.9,TAKEOFF,86.98,61.54,297.5,29.41,100.242,1.1542,6585.35,80.04,567.81,5.384,68.93,21.234,25.74,1.651,24.6,18.047,6578.74,80.45,566.69,5.365,68.88,21.35,25.708,1.616,24.591,17.995,NORMAL,0.0,1.0,1.0,1.0,1.0,0.0,0.0,0.0,0.0
12.0,TAKEOFF,87.0,61.55,300.0,29.4,100.232,1.1541,6586.51,80.04,568.43,5.384,68.92,21.238,25.74,1.651,24.6,18.05,6582.4,79.51,567.49,5.427,68.81,21.218,25.788,1.649,24.584,17.859,NORMAL,0.0,1.0,1.0,1.0,1.0,0.0,0.0,0.0,0.0
12.1,TAKEOFF,87.02,61.56,302.5,29.4,100.223,1.154,6587.64,80.04,569.04,5.385,68.91,21.241,25.74,1.651,24.6,18.053,6582.16,80.04,568.57,5.423,69.23,21.232,25.787,1.709,24.523,17.998,NORMAL,0.0,1.0,1.0,1.0,1.0,0.0,0.0,0.0,0.0
12.2,TAKEOFF,87.03,61.57,305.0,29.39,100.214,1.154,6588.76,80.04,569.65,5.386,68.9,21.245,25.741,1.651,24.6,18.055,6591.43,80.02,570.9,5.328,69.43,21.295,25.842,1.6,24.598,18.166,NORMAL,0.0,1.0,1.0,1.0,1.0,0.0,0.0,0.0,0.0
12.3,TAKEOFF,87.05,61.58,307.5,29.39,100.205,1.1539,6589.85,80.04,570.24,5.386,68.9,21.248,25.741,1.652,24.6,18.057,6586.37,79.55,568.8,5.48,68.77,21.308,25.759,1.696,24.653,18.243,NORMAL,0.0,1.0,1.0,1.0,1.0,0.0,0.0,0.0,0.0
12.4,TAKEOFF,87.07,61.59,310.0,29.38,100.196,1.1538,6590.93,80.03,570.83,5.387,68.89,21.252,25.741,1.652,24.6,18.06,6589.96,79.52,570.68,5.368,69.43,21.152,25.679,1.67,24.631,18.102,NORMAL,0.0,1.0,1.0,1.0,1.0,0.0,0.0,0.0,0.0
12.5,TAKEOFF,87.08,61.6,312.5,29.38,100.187,1.1537,6591.99,80.03,571.42,5.388,68.88,21.256,25.742,1.652,24.6,18.062,6591.4,79.23,571.72,5.409,69.25,21.342,25.727,1.745,24.581,17.833,NORMAL,0.0,1.0,1.0,1.0,1.0,0.0,0.0,0.0,0.0
12.6,TAKEOFF,87.1,61.61,315.0,29.37,100.178,1.1536,6593.03,80.03,571.99,5.388,68.87,21.259,25.742,1.652,24.6,18.065,6601.0,79.95,572.39,5.399,68.65,21.262,25.805,1.599,24.592,18.135,NORMAL,0.0,1.0,1.0,1.0,1.0,0.0,0.0,0.0,0.0
12.7,TAKEOFF,87.12,61.63,317.5,29.37,100.169,1.1535,6594.06,80.03,572.56,5.389,68.86,21.263,25.742,1.652,24.6,18.067,6598.75,81.06,575.04,5.412,68.21,21.195,25.789,1.656,24.594,18.084,NORMAL,0.0,1.0,1.0,1.0,1.0,0.0,0.0,0.0,0.0
12.8,TAKEOFF,87.13,61.64,320.0,29.36,100.16,1.1534,6595.07,80.03,573.13,5.389,68.85,21.266,25.743,1.653,24.6,18.07,6600.02,79.37,574.64,5.398,69.04,21.097,25.735,1.72,24.65,17.971,NORMAL,0.0,1.0,1.0,1.0,1.0,0.0,0.0,0.0,0.0
12.9,TAKEOFF,87.15,61.65,322.5,29.36,100.151,1.1534,6596.07,80.03,573.68,5.39,68.85,21.27,25.743,1.653,24.6,18.072,6590.3,80.06,572.26,5.414,68.97,21.345,25.768,1.622,24.563,18.08,NORMAL,0.0,1.0,1.0,1.0,1.0,0.0,0.0,0.0,0.0
13.0,TAKEOFF,87.17,61.66,325.0,29.35,100.142,1.1533,6597.05,80.03,574.23,5.391,68.84,21.273,25.743,1.653,24.6,18.075,6600.43,79.97,574.33,5.406,69.42,21.409,25.74,1.664,24.64,17.944,NORMAL,0.0,1.0,1.0,1.0,1.0,0.0,0.0,0.0,0.0
13.1,TAKEOFF,87.18,61.67,327.5,29.35,100.133,1.1532,6598.02,80.03,574.78,5.391,68.83,21.277,25.744,1.653,24.6,18.078,6598.04,80.11,575.77,5.398,68.86,21.417,25.734,1.687,24.6,18.216,NORMAL,0.0,1.0,1.0,1.0,1.0,0.0,0.0,0.0,0.0
13.2,TAKEOFF,87.2,61.68,330.0,29.34,100.124,1.1531,6598.98,80.03,575.31,5.392,68.82,21.281,25.744,1.653,24.6,18.08,6604.34,79.61,572.87,5.376,68.66,21.354,25.686,1.642,24.646,18.135,NORMAL,0.0,1.0,1.0,1.0,1.0,0.0,0.0,0.0,0.0
13.3,TAKEOFF,87.22,61.69,332.5,29.34,100.115,1.153,6599.93,80.03,575.85,5.392,68.81,21.284,25.744,1.654,24.6,18.082,6603.09,80.11,575.77,5.382,68.78,21.222,25.745,1.703,24.598,18.023,NORMAL,0.0,1.0,1.0,1.0,1.0,0.0,0.0,0.0,0.0
13.4,TAKEOFF,87.23,61.7,335.0,29.33,100.106,1.1529,6600.87,80.03,576.37,5.393,68.8,21.288,25.745,1.654,24.6,18.085,6597.78,80.1,577.99,5.364,68.88,21.337,25.705,1.685,24.605,18.246,NORMAL,0.0,1.0,1.0,1.0,1.0,0.0,0.0,0.0,0.0
13.5,TAKEOFF,87.25,61.71,337.5,29.33,100.097,1.1528,6601.8,80.03,576.89,5.393,68.79,21.291,25.745,1.654,24.6,18.087,6610.24,80.31,576.11,5.368,68.92,21.147,25.744,1.568,24.445,17.92,NORMAL,0.0,1.0,1.0,1.0,1.0,0.0,0.0,0.0,0.0
13.6,TAKEOFF,87.27,61.72,340.0,29.32,100.088,1.1528,6602.71,80.03,577.4,5.394,68.79,21.295,25.745,1.654,24.6,18.09,6599.04,78.85,578.53,5.396,68.22,21.293,25.789,1.678,24.566,17.989,NORMAL,0.0,1.0,1.0,1.0,1.0,0.0,0.0,0.0,0.0
13.7,TAKEOFF,87.28,61.73,342.5,29.32,100.079,1.1527,6603.62,80.03,577.91,5.394,68.78,21.298,25.746,1.654,24.6,18.093,6607.03,80.3,577.74,5.358,69.15,21.294,25.777,1.711,24.599,18.018,NORMAL,0.0,1.0,1.0,1.0,1.0,0.0,0.0,0.0,0.0
13.8,TAKEOFF,87.3,61.74,345.0,29.31,100.07,1.1526,6604.52,80.03,578.41,5.395,68.77,21.302,25.746,1.654,24.6,18.095,6603.34,80.55,579.46,5.379,68.26,21.381,25.747,1.643,24.674,18.066,NORMAL,0.0,1.0,1.0,1.0,1.0,0.0,0.0,0.0,0.0
13.9,TAKEOFF,87.32,61.76,347.5,29.31,100.061,1.1525,6605.41,80.03,578.91,5.396,68.76,21.306,25.746,1.655,24.6,18.098,6607.22,80.38,578.81,5.412,69.48,21.296,25.765,1.64,24.603,18.085,NORMAL,0.0,1.0,1.0,1.0,1.0,0.0,0.0,0.0,0.0
14.0,TAKEOFF,87.33,61.77,350.0,29.3,100.052,1.1524,6606.29,80.03,579.4,5.396,68.75,21.309,25.747,1.655,24.6,18.1,6605.89,80.61,580.77,5.387,68.77,21.272,25.812,1.614,24.607,18.152,NORMAL,0.0,1.0,1.0,1.0,1.0,0.0,0.0,0.0,0.0
14.1,TAKEOFF,87.35,61.78,352.5,29.3,100.042,1.1523,6607.17,80.03,579.88,5.397,68.74,21.313,25.747,1.655,24.6,18.102,6615.25,80.24,579.18,5.38,68.36,21.221,25.745,1.614,24.636,18.115,NORMAL,0.0,1.0,1.0,1.0,1.0,0.0,0.0,0.0,0.0
14.2,TAKEOFF,87.37,61.79,355.0,29.29,100.033,1.1523,6608.04,80.03,580.36,5.397,68.74,21.316,25.747,1.655,24.6,18.105,6602.07,79.99,580.83,5.394,68.04,21.287,25.72,1.641,24.663,18.172,NORMAL,0.0,1.0,1.0,1.0,1.0,0.0,0.0,0.0,0.0
14.3,TAKEOFF,87.38,61.8,357.5,29.29,100.024,1.1522,6608.9,80.03,580.83,5.398,68.73,21.32,25.748,1.655,24.6,18.107,6609.75,80.27,582.44,5.465,68.63,21.204,25.688,1.694,24.529,18.048,NORMAL,0.0,1.0,1.0,1.0,1.0,0.0,0.0,0.0,0.0
14.4,TAKEOFF,87.4,61.81,360.0,29.28,100.015,1.1521,6609.75,80.03,581.3,5.398,68.72,21.323,25.748,1.655,24.6,18.11,6607.41,79.93,580.0,5.418,68.91,21.257,25.694,1.652,24.57,18.255,NORMAL,0.0,1.0,1.0,1.0,1.0,0.0,0.0,0.0,0.0
14.5,TAKEOFF,87.42,61.82,362.5,29.28,100.006,1.152,6610.6,80.03,581.76,5.399,68.71,21.327,25.748,1.656,24.6,18.112,6600.71,79.87,581.24,5.363,68.88,21.198,25.633,1.629,24.609,18.146,NORMAL,0.0,1.0,1.0,1.0,1.0,0.0,0.0,0.0,0.0
14.6,TAKEOFF,87.43,61.83,365.0,29.27,99.997,1.1519,6611.44,80.03,582.22,5.399,68.7,21.331,25.749,1.656,24.6,18.115,6611.86,79.97,582.91,5.4,68.76,21.362,25.796,1.634,24.572,18.166,NORMAL,0.0,1.0,1.0,1.0,1.0,0.0,0.0,0.0,0.0
14.7,TAKEOFF,87.45,61.84,367.5,29.27,99.988,1.1518,6612.28,80.03,582.67,5.4,68.69,21.334,25.749,1.656,24.6,18.117,6613.35,79.62,583.09,5.4,68.43,21.689,25.715,1.715,24.572,18.207,NORMAL,0.0,1.0,1.0,1.0,1.0,0.0,0.0,0.0,0.0
14.8,TAKEOFF,87.47,61.85,370.0,29.26,99.979,1.1517,6613.11,80.03,583.12,5.4,68.69,21.338,25.749,1.656,24.6,18.12,6622.65,80.68,584.61,5.392,68.75,21.2,25.766,1.58,24.587,18.001,NORMAL,0.0,1.0,1.0,1.0,1.0,0.0,0.0,0.0,0.0
14.9,TAKEOFF,87.48,61.86,372.5,29.26,99.97,1.1517,6613.93,80.03,583.56,5.401,68.68,21.341,25.75,1.656,24.6,18.122,6613.78,80.19,584.23,5.418,69.0,21.236,25.727,1.629,24.613,18.155,NORMAL,0.0,1.0,1.0,1.0,1.0,0.0,0.0,0.0,0.0
15.0,TAKEOFF,87.5,61.88,375.0,29.25,99.961,1.1516,6614.76,80.03,584.0,5.401,68.67,21.345,25.75,1.656,24.6,18.125,6613.16,80.63,582.32,5.431,68.69,21.384,25.738,1.621,24.569,18.201,NORMAL,0.0,1.0,1.0,1.0,1.0,0.0,0.0,0.0,0.0
15.1,TAKEOFF,87.52,61.89,377.5,29.25,99.952,1.1515,6615.57,80.03,584.43,5.402,68.66,21.348,25.75,1.657,24.6,18.127,6622.16,80.57,582.4,5.463,68.56,21.344,25.788,1.717,24.613,18.214,NORMAL,0.0,1.0,1.0,1.0,1.0,0.0,0.0,0.0,0.0
15.2,TAKEOFF,87.53,61.9,380.0,29.24,99.943,1.1514,6616.38,80.03,584.86,5.402,68.65,21.352,25.751,1.657,24.6,18.13,6619.69,79.34,585.59,5.388,68.93,21.707,25.741,1.596,24.575,18.087,NORMAL,0.0,1.0,1.0,1.0,1.0,0.0,0.0,0.0,0.0
15.3,TAKEOFF,87.55,61.91,382.5,29.24,99.934,1.1513,6617.19,80.03,585.28,5.403,68.64,21.356,25.751,1.657,24.6,18.133,6612.02,80.79,586.89,5.433,68.9,21.454,25.765,1.612,24.613,18.159,NORMAL,0.0,1.0,1.0,1.0,1.0,0.0,0.0,0.0,0.0
15.4,TAKEOFF,87.57,61.92,385.0,29.23,99.925,1.1512,6618.0,80.03,585.69,5.403,68.63,21.359,25.751,1.657,24.6,18.135,6617.35,80.21,583.28,5.419,68.38,21.366,25.717,1.704,24.572,18.194,NORMAL,0.0,1.0,1.0,1.0,1.0,0.0,0.0,0.0,0.0
15.5,TAKEOFF,87.58,61.93,387.5,29.23,99.916,1.1511,6618.8,80.03,586.11,5.403,68.63,21.363,25.752,1.657,24.6,18.137,6620.51,80.85,585.76,5.376,68.76,21.448,25.867,1.703,24.556,18.153,NORMAL,0.0,1.0,1.0,1.0,1.0,0.0,0.0,0.0,0.0
15.6,TAKEOFF,87.6,61.94,390.0,29.22,99.907,1.1511,6619.59,80.03,586.52,5.404,68.62,21.366,25.752,1.657,24.6,18.14,6614.37,80.57,587.46,5.46,68.62,21.316,25.682,1.678,24.566,18.15,NORMAL,0.0,1.0,1.0,1.0,1.0,0.0,0.0,0.0,0.0
15.7,TAKEOFF,87.62,61.95,392.5,29.22,99.898,1.151,6620.39,80.03,586.92,5.404,68.61,21.37,25.752,1.658,24.6,18.142,6625.96,80.78,587.1,5.369,68.32,21.411,25.632,1.689,24.603,18.067,NORMAL,0.0,1.0,1.0,1.0,1.0,0.0,0.0,0.0,0.0
15.8,TAKEOFF,87.63,61.96,395.0,29.21,99.889,1.1509,6621.18,80.03,587.32,5.405,68.6,21.373,25.753,1.658,24.6,18.145,6619.64,79.59,586.44,5.38,69.0,21.257,25.724,1.667,24.632,18.107,NORMAL,0.0,1.0,1.0,1.0,1.0,0.0,0.0,0.0,0.0
15.9,TAKEOFF,87.65,61.97,397.5,29.21,99.88,1.1508,6621.97,80.03,587.71,5.405,68.59,21.377,25.753,1.658,24.6,18.148,6620.56,80.24,586.75,5.426,68.87,21.428,25.772,1.708,24.568,18.124,NORMAL,0.0,1.0,1.0,1.0,1.0,0.0,0.0,0.0,0.0
16.0,TAKEOFF,87.67,61.98,400.0,29.2,99.871,1.1507,6622.75,80.03,588.1,5.406,68.58,21.381,25.753,1.658,24.6,18.15,6620.54,81.4,586.35,5.42,68.21,21.489,25.688,1.604,24.506,18.191,NORMAL,0.0,1.0,1.0,1.0,1.0,0.0,0.0,0.0,0.0
16.1,TAKEOFF,87.68,61.99,402.5,29.2,99.862,1.1506,6623.53,80.03,588.49,5.406,68.58,21.384,25.754,1.658,24.6,18.152,6627.26,79.82,584.35,5.39,68.08,21.293,25.762,1.743,24.636,18.185,NORMAL,0.0,1.0,1.0,1.0,1.0,0.0,0.0,0.0,0.0
16.2,TAKEOFF,87.7,62.0,405.0,29.19,99.853,1.1506,6624.31,80.03,588.87,5.407,68.57,21.388,25.754,1.658,24.6,18.155,6623.71,80.29,590.13,5.407,68.75,21.429,25.77,1.627,24.63,18.051,NORMAL,0.0,1.0,1.0,1.0,1.0,0.0,0.0,0.0,0.0
16.3,TAKEOFF,87.72,62.02,407.5,29.19,99.844,1.1505,6625.09,80.03,589.25,5.407,68.56,21.391,25.754,1.659,24.6,18.157,6628.29,80.45,589.23,5.39,68.18,21.401,25.833,1.623,24.584,18.193,NORMAL,0.0,1.0,1.0,1.0,1.0,0.0,0.0,0.0,0.0
16.4,TAKEOFF,87.73,62.03,410.0,29.18,99.835,1.1504,6625.86,80.03,589.62,5.408,68.55,21.395,25.755,1.659,24.6,18.16,6629.26,80.65,590.05,5.407,68.91,21.407,25.86,1.629,24.602,18.16,NORMAL,0.0,1.0,1.0,1.0,1.0,0.0,0.0,0.0,0.0
16.5,TAKEOFF,87.75,62.04,412.5,29.18,99.826,1.1503,6626.63,80.03,589.99,5.408,68.54,21.398,25.755,1.659,24.6,18.163,6623.82,79.43,590.45,5.419,68.63,21.465,25.826,1.615,24.651,18.204,NORMAL,0.0,1.0,1.0,1.0,1.0,0.0,0.0,0.0,0.0
16.6,TAKEOFF,87.77,62.05,415.0,29.17,99.817,1.1502,6627.4,80.03,590.35,5.409,68.54,21.402,25.755,1.659,24.6,18.165,6626.1,79.85,586.45,5.368,68.54,21.429,25.786,1.626,24.6,18.217,NORMAL,0.0,1.0,1.0,1.0,1.0,0.0,0.0,0.0,0.0
16.7,TAKEOFF,87.78,62.06,417.5,29.17,99.808,1.1501,6628.17,80.03,590.71,5.409,68.53,21.406,25.756,1.659,24.6,18.168,6630.8,79.61,592.24,5.425,68.32,21.334,25.754,1.717,24.607,18.271,NORMAL,0.0,1.0,1.0,1.0,1.0,0.0,0.0,0.0,0.0
16.8,TAKEOFF,87.8,62.07,420.0,29.16,99.799,1.15,6628.94,80.03,591.07,5.41,68.52,21.409,25.756,1.659,24.6,18.17,6628.16,80.39,591.44,5.427,68.04,21.325,25.764,1.527,24.618,18.262,NORMAL,0.0,1.0,1.0,1.0,1.0,0.0,0.0,0.0,0.0
16.9,TAKEOFF,87.82,62.08,422.5,29.16,99.79,1.15,6629.7,80.03,591.42,5.41,68.51,21.413,25.756,1.66,24.6,18.172,6622.47,80.42,588.41,5.403,68.68,21.463,25.686,1.585,24.559,18.19,NORMAL,0.0,1.0,1.0,1.0,1.0,0.0,0.0,0.0,0.0
17.0,TAKEOFF,87.83,62.09,425.0,29.15,99.781,1.1499,6630.46,80.03,591.77,5.411,68.5,21.416,25.757,1.66,24.6,18.175,6633.66,80.05,591.37,5.441,68.68,21.565,25.783,1.705,24.522,18.151,NORMAL,0.0,1.0,1.0,1.0,1.0,0.0,0.0,0.0,0.0
17.1,TAKEOFF,87.85,62.1,427.5,29.15,99.772,1.1498,6631.22,80.03,592.11,5.411,68.49,21.42,25.757,1.66,24.6,18.177,6623.15,79.78,593.09,5.425,68.94,21.545,25.872,1.607,24.586,18.193,NORMAL,0.0,1.0,1.0,1.0,1.0,0.0,0.0,0.0,0.0
17.2,TAKEOFF,87.87,62.11,430.0,29.14,99.763,1.1497,6631.98,80.03,592.45,5.411,68.49,21.423,25.757,1.66,24.6,18.18,6628.11,79.85,592.51,5.43,68.68,21.395,25.862,1.608,24.534,18.079,NORMAL,0.0,1.0,1.0,1.0,1.0,0.0,0.0,0.0,0.0
17.3,TAKEOFF,87.88,62.12,432.5,29.14,99.754,1.1496,6632.74,80.03,592.79,5.412,68.48,21.427,25.758,1.66,24.6,18.182,6627.4,78.92,593.05,5.416,68.82,21.406,25.815,1.697,24.472,18.328,NORMAL,0.0,1.0,1.0,1.0,1.0,0.0,0.0,0.0,0.0
17.4,TAKEOFF,87.9,62.13,435.0,29.13,99.745,1.1495,6633.5,80.03,593.13,5.412,68.47,21.431,25.758,1.66,24.6,18.185,6624.28,80.84,593.82,5.394,68.41,21.367,25.728,1.556,24.599,18.191,NORMAL,0.0,1.0,1.0,1.0,1.0,0.0,0.0,0.0,0.0
17.5,TAKEOFF,87.92,62.15,437.5,29.12,99.736,1.1495,6634.25,80.03,593.46,5.413,68.46,21.434,25.758,1.661,24.6,18.188,6633.38,80.35,594.8,5.367,68.25,21.406,25.726,1.701,24.558,18.173,NORMAL,0.0,1.0,1.0,1.0,1.0,0.0,0.0,0.0,0.0
17.6,TAKEOFF,87.93,62.16,440.0,29.12,99.727,1.1494,6635.01,80.03,593.78,5.413,68.45,21.438,25.759,1.661,24.6,18.19,6625.87,80.16,594.97,5.41,68.36,21.384,25.804,1.632,24.661,18.176,NORMAL,0.0,1.0,1.0,1.0,1.0,0.0,0.0,0.0,0.0
17.7,TAKEOFF,87.95,62.17,442.5,29.12,99.718,1.1493,6635.76,80.03,594.1,5.414,68.44,21.441,25.759,1.661,24.6,18.193,6637.87,79.72,591.97,5.378,68.46,21.444,25.817,1.646,24.609,18.305,NORMAL,0.0,1.0,1.0,1.0,1.0,0.0,0.0,0.0,0.0
17.8,TAKEOFF,87.97,62.18,445.0,29.11,99.709,1.1492,6636.51,80.03,594.42,5.414,68.44,21.445,25.759,1.661,24.6,18.195,6644.04,80.48,594.47,5.421,68.64,21.383,25.817,1.612,24.621,18.266,NORMAL,0.0,1.0,1.0,1.0,1.0,0.0,0.0,0.0,0.0
17.9,TAKEOFF,87.98,62.19,447.5,29.11,99.7,1.1491,6637.26,80.03,594.74,5.415,68.43,21.448,25.76,1.661,24.6,18.197,6638.51,79.62,595.95,5.432,68.69,21.606,25.76,1.598,24.544,18.245,NORMAL,0.0,1.0,1.0,1.0,1.0,0.0,0.0,0.0,0.0
18.0,TAKEOFF,88.0,62.2,450.0,29.1,99.691,1.149,6638.01,80.03,595.05,5.415,68.42,21.452,25.76,1.661,24.6,18.2,6639.99,79.68,594.71,5.453,68.17,21.416,25.783,1.661,24.567,18.147,NORMAL,0.0,1.0,1.0,1.0,1.0,0.0,0.0,0.0,0.0
18.1,TAKEOFF,88.02,62.21,452.5,29.09,99.682,1.1489,6638.76,80.03,595.36,5.416,68.41,21.456,25.76,1.662,24.6,18.203,6633.2,81.53,594.87,5.428,68.63,21.333,25.799,1.653,24.643,18.28,NORMAL,0.0,1.0,1.0,1.0,1.0,0.0,0.0,0.0,0.0
18.2,TAKEOFF,88.03,62.22,455.0,29.09,99.673,1.1489,6639.5,80.03,595.66,5.416,68.4,21.459,25.761,1.662,24.6,18.205,6636.46,79.91,596.61,5.421,68.22,21.512,25.824,1.607,24.553,18.16,NORMAL,0.0,1.0,1.0,1.0,1.0,0.0,0.0,0.0,0.0
18.3,TAKEOFF,88.05,62.23,457.5,29.09,99.664,1.1488,6640.25,80.03,595.97,5.416,68.4,21.463,25.761,1.662,24.6,18.207,6639.19,80.21,595.61,5.447,68.4,21.635,25.725,1.7,24.552,18.345,NORMAL,0.0,1.0,1.0,1.0,1.0,0.0,0.0,0.0,0.0
18.4,TAKEOFF,88.07,62.24,460.0,29.08,99.655,1.1487,6640.99,80.03,596.27,5.417,68.39,21.466,25.761,1.662,24.6,18.21,6637.79,80.2,595.29,5.445,68.74,21.357,25.777,1.66,24.698,18.233,NORMAL,0.0,1.0,1.0,1.0,1.0,0.0,0.0,0.0,0.0
18.5,TAKEOFF,88.08,62.25,462.5,29.07,99.646,1.1486,6641.74,80.03,596.56,5.417,68.38,21.47,25.762,1.662,24.6,18.212,6633.78,79.6,598.69,5.428,68.36,21.422,25.698,1.634,24.576,18.158,NORMAL,0.0,1.0,1.0,1.0,1.0,0.0,0.0,0.0,0.0
18.6,TAKEOFF,88.1,62.27,465.0,29.07,99.637,1.1485,6642.48,80.03,596.85,5.418,68.37,21.473,25.762,1.662,24.6,18.215,6644.59,80.44,596.12,5.396,68.58,21.499,25.85,1.703,24.569,18.259,NORMAL,0.0,1.0,1.0,1.0,1.0,0.0,0.0,0.0,0.0
18.7,TAKEOFF,88.12,62.28,467.5,29.07,99.628,1.1484,6643.23,80.03,597.14,5.418,68.36,21.477,25.762,1.663,24.6,18.218,6648.54,79.89,596.9,5.4,68.47,21.583,25.751,1.646,24.564,18.386,NORMAL,0.0,1.0,1.0,1.0,1.0,0.0,0.0,0.0,0.0
18.8,TAKEOFF,88.13,62.29,470.0,29.06,99.619,1.1483,6643.97,80.03,597.43,5.419,68.35,21.481,25.763,1.663,24.6,18.22,6645.61,79.28,597.56,5.447,67.76,21.45,25.734,1.652,24.619,18.164,NORMAL,0.0,1.0,1.0,1.0,1.0,0.0,0.0,0.0,0.0
18.9,TAKEOFF,88.15,62.3,472.5,29.05,99.61,1.1483,6644.71,80.03,597.71,5.419,68.35,21.484,25.763,1.663,24.6,18.223,6643.14,81.47,597.32,5.406,68.31,21.421,25.746,1.612,24.58,18.145,NORMAL,0.0,1.0,1.0,1.0,1.0,0.0,0.0,0.0,0.0
19.0,TAKEOFF,88.17,62.31,475.0,29.05,99.601,1.1482,6645.45,80.03,597.99,5.42,68.34,21.488,25.763,1.663,24.6,18.225,6636.34,80.03,599.09,5.402,68.39,21.357,25.793,1.74,24.578,18.237,NORMAL,0.0,1.0,1.0,1.0,1.0,0.0,0.0,0.0,0.0
19.1,TAKEOFF,88.18,62.32,477.5,29.05,99.592,1.1481,6646.19,80.03,598.27,5.42,68.33,21.491,25.764,1.663,24.6,18.227,6653.32,79.69,599.22,5.451,67.92,21.447,25.689,1.648,24.59,18.382,NORMAL,0.0,1.0,1.0,1.0,1.0,0.0,0.0,0.0,0.0
19.2,TAKEOFF,88.2,62.33,480.0,29.04,99.583,1.148,6646.93,80.03,598.54,5.42,68.32,21.495,25.764,1.663,24.6,18.23,6647.81,80.18,597.75,5.404,68.47,21.359,25.796,1.712,24.618,18.24,NORMAL,0.0,1.0,1.0,1.0,1.0,0.0,0.0,0.0,0.0
19.3,TAKEOFF,88.22,62.34,482.5,29.04,99.574,1.1479,6647.67,80.03,598.81,5.421,68.31,21.498,25.764,1.663,24.6,18.233,6651.73,80.42,596.71,5.489,68.22,21.324,25.713,1.649,24.606,18.313,NORMAL,0.0,1.0,1.0,1.0,1.0,0.0,0.0,0.0,0.0
19.4,TAKEOFF,88.23,62.35,485.0,29.03,99.565,1.1478,6648.41,80.03,599.08,5.421,68.31,21.502,25.765,1.664,24.6,18.235,6650.55,80.17,599.36,5.354,68.03,21.565,25.781,1.703,24.588,18.233,NORMAL,0.0,1.0,1.0,1.0,1.0,0.0,0.0,0.0,0.0
19.5,TAKEOFF,88.25,62.36,487.5,29.02,99.556,1.1478,6649.15,80.03,599.35,5.422,68.3,21.506,25.765,1.664,24.6,18.237,6646.77,80.19,601.75,5.432,67.82,21.551,25.858,1.718,24.548,18.254,NORMAL,0.0,1.0,1.0,1.0,1.0,0.0,0.0,0.0,0.0
19.6,TAKEOFF,88.27,62.37,490.0,29.02,99.547,1.1477,6649.89,80.03,599.61,5.422,68.29,21.509,25.765,1.664,24.6,18.24,6654.22,80.59,600.42,5.411,67.89,21.484,25.769,1.616,24.625,18.096,NORMAL,0.0,1.0,1.0,1.0,1.0,0.0,0.0,0.0,0.0
19.7,TAKEOFF,88.28,62.38,492.5,29.02,99.538,1.1476,6650.62,80.03,599.87,5.423,68.28,21.513,25.766,1.664,24.6,18.242,6652.04,80.76,599.14,5.462,68.02,21.257,25.8,1.607,24.626,18.168,NORMAL,0.0,1.0,1.0,1.0,1.0,0.0,0.0,0.0,0.0
19.8,TAKEOFF,88.3,62.4,495.0,29.01,99.529,1.1475,6651.36,80.03,600.13,5.423,68.27,21.516,25.766,1.664,24.6,18.245,6654.66,80.63,601.04,5.434,68.54,21.422,25.689,1.713,24.568,18.28,NORMAL,0.0,1.0,1.0,1.0,1.0,0.0,0.0,0.0,0.0
19.9,TAKEOFF,88.32,62.41,497.5,29.0,99.52,1.1474,6652.1,80.03,600.38,5.424,68.27,21.52,25.766,1.664,24.6,18.248,6654.07,80.63,599.02,5.421,68.71,21.591,25.825,1.599,24.594,18.287,NORMAL,0.0,1.0,1.0,1.0,1.0,0.0,0.0,0.0,0.0
20.0,TAKEOFF,88.33,62.42,500.0,29.0,99.511,1.1473,6652.83,80.03,600.63,5.424,68.26,21.523,25.767,1.665,24.6,18.25,6657.36,80.44,603.11,5.406,68.04,21.7,25.801,1.661,24.647,18.39,NORMAL,0.0,1.0,1.0,1.0,1.0,0.0,0.0,0.0,0.0
20.1,TAKEOFF,88.35,62.43,502.5,28.99,99.502,1.1472,6653.57,80.03,600.88,5.425,68.25,21.527,25.767,1.665,24.6,18.253,6651.6,79.37,600.67,5.372,68.77,21.583,25.717,1.638,24.605,18.314,NORMAL,0.0,1.0,1.0,1.0,1.0,0.0,0.0,0.0,0.0
20.2,TAKEOFF,88.37,62.44,505.0,28.99,99.493,1.1472,6654.3,80.03,601.13,5.425,68.24,21.531,25.767,1.665,24.6,18.255,6650.56,80.28,603.04,5.461,68.72,21.773,25.648,1.595,24.691,18.275,NORMAL,0.0,1.0,1.0,1.0,1.0,0.0,0.0,0.0,0.0
20.3,TAKEOFF,88.38,62.45,507.5,28.98,99.484,1.1471,6655.04,80.03,601.37,5.425,68.23,21.534,25.768,1.665,24.6,18.258,6654.56,80.47,600.6,5.461,68.28,21.454,25.832,1.711,24.652,18.035,NORMAL,0.0,1.0,1.0,1.0,1.0,0.0,0.0,0.0,0.0
20.4,TAKEOFF,88.4,62.46,510.0,28.98,99.475,1.147,6655.77,80.03,601.61,5.426,68.22,21.538,25.768,1.665,24.6,18.26,6663.26,80.36,602.72,5.478,68.08,21.624,25.857,1.622,24.607,18.42,NORMAL,0.0,1.0,1.0,1.0,1.0,0.0,0.0,0.0,0.0
20.5,TAKEOFF,88.42,62.47,512.5,28.97,99.466,1.1469,6656.51,80.03,601.85,5.426,68.22,21.541,25.768,1.665,24.6,18.263,6655.4,80.09,600.3,5.458,68.72,21.507,25.72,1.701,24.561,18.167,NORMAL,0.0,1.0,1.0,1.0,1.0,0.0,0.0,0.0,0.0
20.6,TAKEOFF,88.43,62.48,515.0,28.97,99.457,1.1468,6657.24,80.03,602.09,5.427,68.21,21.545,25.769,1.666,24.6,18.265,6661.3,80.26,601.26,5.361,68.12,21.611,25.751,1.671,24.58,18.096,NORMAL,0.0,1.0,1.0,1.0,1.0,0.0,0.0,0.0,0.0
20.7,TAKEOFF,88.45,62.49,517.5,28.96,99.448,1.1467,6657.98,80.03,602.32,5.427,68.2,21.548,25.769,1.666,24.6,18.268,6652.88,79.99,602.32,5.404,68.29,21.627,25.811,1.661,24.6,18.219,NORMAL,0.0,1.0,1.0,1.0,1.0,0.0,0.0,0.0,0.0
20.8,TAKEOFF,88.47,62.5,520.0,28.96,99.439,1.1467,6658.71,80.03,602.56,5.428,68.19,21.552,25.769,1.666,24.6,18.27,6657.77,79.28,601.16,5.391,68.04,21.351,25.761,1.719,24.597,18.362,NORMAL,0.0,1.0,1.0,1.0,1.0,0.0,0.0,0.0,0.0
20.9,TAKEOFF,88.48,62.51,522.5,28.95,99.43,1.1466,6659.44,80.03,602.78,5.428,68.18,21.556,25.77,1.666,24.6,18.273,6663.62,80.75,602.76,5.418,68.5,21.665,25.77,1.73,24.629,18.285,NORMAL,0.0,1.0,1.0,1.0,1.0,0.0,0.0,0.0,0.0
21.0,TAKEOFF,88.5,62.52,525.0,28.95,99.421,1.1465,6660.18,80.03,603.01,5.429,68.18,21.559,25.77,1.666,24.6,18.275,6662.22,79.66,603.89,5.443,67.9,21.655,25.79,1.694,24.61,18.352,NORMAL,0.0,1.0,1.0,1.0,1.0,0.0,0.0,0.0,0.0
21.1,TAKEOFF,88.52,62.54,527.5,28.95,99.412,1.1464,6660.91,80.03,603.24,5.429,68.17,21.563,25.77,1.666,24.6,18.277,6658.21,79.98,601.27,5.436,68.38,21.504,25.752,1.685,24.585,18.288,NORMAL,0.0,1.0,1.0,1.0,1.0,0.0,0.0,0.0,0.0
21.2,TAKEOFF,88.53,62.55,530.0,28.94,99.403,1.1463,6661.64,80.03,603.46,5.429,68.16,21.566,25.771,1.667,24.6,18.28,6658.32,79.7,605.7,5.441,68.48,21.5,25.875,1.671,24.572,18.155,NORMAL,0.0,1.0,1.0,1.0,1.0,0.0,0.0,0.0,0.0
21.3,TAKEOFF,88.55,62.56,532.5,28.93,99.394,1.1462,6662.38,80.03,603.68,5.43,68.15,21.57,25.771,1.667,24.6,18.282,6670.1,80.19,603.08,5.46,67.92,21.586,25.811,1.682,24.538,18.372,NORMAL,0.0,1.0,1.0,1.0,1.0,0.0,0.0,0.0,0.0
21.4,TAKEOFF,88.57,62.57,535.0,28.93,99.385,1.1461,6663.11,80.03,603.89,5.43,68.14,21.573,25.771,1.667,24.6,18.285,6660.71,80.25,606.8,5.474,68.03,21.55,25.8,1.751,24.596,18.342,NORMAL,0.0,1.0,1.0,1.0,1.0,0.0,0.0,0.0,0.0
21.5,TAKEOFF,88.58,62.58,537.5,28.92,99.376,1.1461,6663.84,80.03,604.11,5.431,68.14,21.577,25.772,1.667,24.6,18.288,6663.46,79.67,603.31,5.4,67.78,21.598,25.769,1.683,24.622,18.277,NORMAL,0.0,1.0,1.0,1.0,1.0,0.0,0.0,0.0,0.0
21.6,TAKEOFF,88.6,62.59,540.0,28.92,99.367,1.146,6664.57,80.03,604.32,5.431,68.13,21.581,25.772,1.667,24.6,18.29,6664.93,80.28,602.03,5.399,67.82,21.516,25.747,1.665,24.572,18.214,NORMAL,0.0,1.0,1.0,1.0,1.0,0.0,0.0,0.0,0.0
21.7,TAKEOFF,88.62,62.6,542.5,28.91,99.358,1.1459,6665.31,80.03,604.53,5.432,68.12,21.584,25.772,1.667,24.6,18.293,6661.95,79.49,605.71,5.426,68.03,21.527,25.792,1.648,24.64,18.321,NORMAL,0.0,1.0,1.0,1.0,1.0,0.0,0.0,0.0,0.0
21.8,TAKEOFF,88.63,62.61,545.0,28.91,99.349,1.1458,6666.04,80.03,604.74,5.432,68.11,21.588,25.773,1.667,24.6,18.295,6672.74,80.14,603.39,5.457,68.5,21.524,25.726,1.715,24.624,18.332,NORMAL,0.0,1.0,1.0,1.0,1.0,0.0,0.0,0.0,0.0
21.9,TAKEOFF,88.65,62.62,547.5,28.9,99.34,1.1457,6666.77,80.03,604.95,5.433,68.1,21.591,25.773,1.668,24.6,18.297,6669.55,80.03,606.28,5.455,67.74,21.584,25.82,1.74,24.644,18.181,NORMAL,0.0,1.0,1.0,1.0,1.0,0.0,0.0,0.0,0.0
22.0,TAKEOFF,88.67,62.63,550.0,28.9,99.331,1.1456,6667.5,80.03,605.15,5.433,68.1,21.595,25.773,1.668,24.6,18.3,6673.21,79.93,606.77,5.432,67.95,21.553,25.76,1.634,24.61,18.141,NORMAL,0.0,1.0,1.0,1.0,1.0,0.0,0.0,0.0,0.0
22.1,TAKEOFF,88.68,62.64,552.5,28.89,99.322,1.1456,6668.23,80.03,605.36,5.433,68.09,21.598,25.774,1.668,24.6,18.303,6665.03,79.82,605.88,5.467,68.23,21.642,25.837,1.59,24.585,18.098,NORMAL,0.0,1.0,1.0,1.0,1.0,0.0,0.0,0.0,0.0
22.2,TAKEOFF,88.7,62.66,555.0,28.89,99.313,1.1455,6668.96,80.03,605.56,5.434,68.08,21.602,25.774,1.668,24.6,18.305,6670.93,79.64,603.69,5.474,67.95,21.61,25.798,1.629,24.488,18.261,NORMAL,0.0,1.0,1.0,1.0,1.0,0.0,0.0,0.0,0.0
22.3,TAKEOFF,88.72,62.67,557.5,28.88,99.304,1.1454,6669.69,80.03,605.76,5.434,68.07,21.606,25.774,1.668,24.6,18.307,6667.58,79.88,604.82,5.442,68.36,21.594,25.797,1.632,24.578,18.178,NORMAL,0.0,1.0,1.0,1.0,1.0,0.0,0.0,0.0,0.0
22.4,TAKEOFF,88.73,62.68,560.0,28.88,99.295,1.1453,6670.42,80.03,605.95,5.435,68.06,21.609,25.775,1.668,24.6,18.31,6679.86,80.56,607.69,5.43,68.0,21.506,25.773,1.816,24.612,18.174,NORMAL,0.0,1.0,1.0,1.0,1.0,0.0,0.0,0.0,0.0
22.5,TAKEOFF,88.75,62.69,562.5,28.87,99.286,1.1452,6671.15,80.03,606.15,5.435,68.06,21.613,25.775,1.669,24.6,18.313,6663.24,79.76,604.19,5.473,67.87,21.621,25.769,1.639,24.621,18.253,NORMAL,0.0,1.0,1.0,1.0,1.0,0.0,0.0,0.0,0.0
22.6,TAKEOFF,88.77,62.7,565.0,28.87,99.277,1.1451,6671.89,80.03,606.34,5.436,68.05,21.616,25.775,1.669,24.6,18.315,6673.31,79.79,607.82,5.46,67.7,21.622,25.743,1.694,24.711,18.224,NORMAL,0.0,1.0,1.0,1.0,1.0,0.0,0.0,0.0,0.0
22.7,TAKEOFF,88.78,62.71,567.5,28.86,99.268,1.145,6672.62,80.03,606.53,5.436,68.04,21.62,25.776,1.669,24.6,18.318,6668.36,80.77,607.46,5.4,68.0,21.554,25.793,1.741,24.594,18.355,NORMAL,0.0,1.0,1.0,1.0,1.0,0.0,0.0,0.0,0.0
22.8,TAKEOFF,88.8,62.72,570.0,28.86,99.259,1.145,6673.35,80.03,606.72,5.437,68.03,21.623,25.776,1.669,24.6,18.32,6663.43,79.87,605.13,5.415,68.27,21.724,25.725,1.72,24.563,18.295,NORMAL,0.0,1.0,1.0,1.0,1.0,0.0,0.0,0.0,0.0
22.9,TAKEOFF,88.82,62.73,572.5,28.85,99.25,1.1449,6674.08,80.03,606.91,5.437,68.02,21.627,25.776,1.669,24.6,18.323,6671.49,79.37,607.48,5.437,68.15,21.719,25.793,1.6,24.64,18.498,NORMAL,0.0,1.0,1.0,1.0,1.0,0.0,0.0,0.0,0.0
23.0,TAKEOFF,88.83,62.74,575.0,28.85,99.241,1.1448,6674.81,80.03,607.09,5.437,68.02,21.631,25.777,1.669,24.6,18.325,6678.11,80.17,604.52,5.431,68.14,21.56,25.771,1.586,24.646,18.299,NORMAL,0.0,1.0,1.0,1.0,1.0,0.0,0.0,0.0,0.0
23.1,TAKEOFF,88.85,62.75,577.5,28.84,99.232,1.1447,6675.54,80.03,607.28,5.438,68.01,21.634,25.777,1.67,24.6,18.328,6675.45,80.1,606.95,5.479,68.32,21.711,25.758,1.671,24.653,18.388,NORMAL,0.0,1.0,1.0,1.0,1.0,0.0,0.0,0.0,0.0
23.2,TAKEOFF,88.87,62.76,580.0,28.84,99.223,1.1446,6676.27,80.02,607.46,5.438,68.0,21.638,25.777,1.67,24.6,18.33,6675.05,80.7,607.11,5.417,68.16,21.655,25.723,1.648,24.603,18.114,NORMAL,0.0,1.0,1.0,1.0,1.0,0.0,0.0,0.0,0.0
23.3,TAKEOFF,88.88,62.77,582.5,28.83,99.214,1.1445,6677.0,80.02,607.64,5.439,67.99,21.641,25.778,1.67,24.6,18.332,6674.95,79.16,607.32,5.409,68.16,21.695,25.818,1.672,24.6,18.096,NORMAL,0.0,1.0,1.0,1.0,1.0,0.0,0.0,0.0,0.0
23.4,TAKEOFF,88.9,62.79,585.0,28.83,99.205,1.1445,6677.73,80.02,607.82,5.439,67.98,21.645,25.778,1.67,24.6,18.335,6673.76,80.07,606.85,5.448,68.1,21.577,25.783,1.647,24.538,18.42,NORMAL,0.0,1.0,1.0,1.0,1.0,0.0,0.0,0.0,0.0
23.5,TAKEOFF,88.92,62.8,587.5,28.82,99.196,1.1444,6678.46,80.02,607.99,5.44,67.98,21.648,25.778,1.67,24.6,18.337,6681.19,80.18,605.8,5.466,68.46,21.534,25.757,1.649,24.555,18.388,NORMAL,0.0,1.0,1.0,1.0,1.0,0.0,0.0,0.0,0.0
23.6,TAKEOFF,88.93,62.81,590.0,28.82,99.188,1.1443,6679.19,80.02,608.17,5.44,67.97,21.652,25.779,1.67,24.6,18.34,6678.83,80.44,608.92,5.37,68.29,21.576,25.745,1.72,24.637,18.299,NORMAL,0.0,1.0,1.0,1.0,1.0,0.0,0.0,0.0,0.0
23.7,TAKEOFF,88.95,62.82,592.5,28.81,99.179,1.1442,6679.92,80.02,608.34,5.44,67.96,21.656,25.779,1.671,24.6,18.343,6676.82,79.35,608.16,5.403,67.83,21.582,25.778,1.775,24.583,18.396,NORMAL,0.0,1.0,1.0,1.0,1.0,0.0,0.0,0.0,0.0
23.8,TAKEOFF,88.97,62.83,595.0,28.81,99.17,1.1441,6680.65,80.02,608.51,5.441,67.95,21.659,25.779,1.671,24.6,18.345,6674.04,80.1,608.59,5.443,68.27,21.653,25.797,1.674,24.626,18.387,NORMAL,0.0,1.0,1.0,1.0,1.0,0.0,0.0,0.0,0.0
23.9,TAKEOFF,88.98,62.84,597.5,28.8,99.161,1.144,6681.38,80.02,608.68,5.441,67.95,21.663,25.78,1.671,24.6,18.348,6676.16,79.66,607.56,5.404,68.24,21.77,25.719,1.582,24.51,18.365,NORMAL,0.0,1.0,1.0,1.0,1.0,0.0,0.0,0.0,0.0
24.0,TAKEOFF,89.0,62.85,600.0,28.8,99.152,1.144,6682.11,80.02,608.85,5.442,67.94,21.666,25.78,1.671,24.6,18.35,6686.82,79.21,607.94,5.528,67.55,21.805,25.705,1.646,24.549,18.337,NORMAL,0.0,1.0,1.0,1.0,1.0,0.0,0.0,0.0,0.0
24.1,TAKEOFF,89.02,62.86,602.5,28.79,99.143,1.1439,6682.83,80.02,609.02,5.442,67.93,21.67,25.78,1.671,24.6,18.352,6687.6,80.08,608.88,5.47,67.41,21.839,25.847,1.768,24.565,18.366,NORMAL,0.0,1.0,1.0,1.0,1.0,0.0,0.0,0.0,0.0
24.2,TAKEOFF,89.03,62.87,605.0,28.79,99.134,1.1438,6683.56,80.02,609.18,5.443,67.92,21.673,25.781,1.671,24.6,18.355,6686.37,80.96,609.6,5.426,67.91,21.651,25.879,1.627,24.57,18.44,NORMAL,0.0,1.0,1.0,1.0,1.0,0.0,0.0,0.0,0.0
24.3,TAKEOFF,89.05,62.88,607.5,28.78,99.125,1.1437,6684.29,80.02,609.34,5.443,67.91,21.677,25.781,1.671,24.6,18.358,6686.48,79.87,607.5,5.451,68.07,21.616,25.845,1.651,24.544,18.474,NORMAL,0.0,1.0,1.0,1.0,1.0,0.0,0.0,0.0,0.0
24.4,TAKEOFF,89.07,62.89,610.0,28.78,99.116,1.1436,6685.02,80.02,609.51,5.444,67.91,21.681,25.781,1.672,24.6,18.36,6683.68,80.44,612.06,5.47,68.23,21.749,25.796,1.642,24.664,18.556,NORMAL,0.0,1.0,1.0,1.0,1.0,0.0,0.0,0.0,0.0
24.5,TAKEOFF,89.08,62.9,612.5,28.77,99.107,1.1435,6685.75,80.02,609.67,5.444,67.9,21.684,25.782,1.672,24.6,18.363,6685.71,80.69,610.37,5.399,68.59,21.729,25.78,1.679,24.591,18.405,NORMAL,0.0,1.0,1.0,1.0,1.0,0.0,0.0,0.0,0.0
24.6,TAKEOFF,89.1,62.92,615.0,28.77,99.098,1.1434,6686.48,80.02,609.83,5.444,67.89,21.688,25.782,1.672,24.6,18.365,6688.88,80.57,609.51,5.447,68.25,21.835,25.753,1.775,24.559,18.384,NORMAL,0.0,1.0,1.0,1.0,1.0,0.0,0.0,0.0,0.0
24.7,TAKEOFF,89.12,62.93,617.5,28.76,99.089,1.1434,6687.21,80.02,609.98,5.445,67.88,21.691,25.782,1.672,24.6,18.367,6695.8,79.55,610.13,5.442,67.8,21.785,25.71,1.635,24.697,18.253,NORMAL,0.0,1.0,1.0,1.0,1.0,0.0,0.0,0.0,0.0
24.8,TAKEOFF,89.13,62.94,620.0,28.76,99.08,1.1433,6687.94,80.02,610.14,5.445,67.87,21.695,25.783,1.672,24.6,18.37,6685.16,80.38,611.9,5.444,68.02,21.735,25.747,1.685,24.618,18.429,NORMAL,0.0,1.0,1.0,1.0,1.0,0.0,0.0,0.0,0.0
24.9,TAKEOFF,89.15,62.95,622.5,28.75,99.071,1.1432,6688.67,80.02,610.29,5.446,67.87,21.698,25.783,1.672,24.6,18.373,6685.31,80.09,609.29,5.446,67.74,21.752,25.793,1.606,24.77,18.423,NORMAL,0.0,1.0,1.0,1.0,1.0,0.0,0.0,0.0,0.0
25.0,TAKEOFF,89.17,62.96,625.0,28.75,99.062,1.1431,6689.4,80.02,610.45,5.446,67.86,21.702,25.783,1.673,24.6,18.375,6691.68,80.0,609.73,5.449,67.34,21.642,25.799,1.678,24.576,18.335,NORMAL,0.0,1.0,1.0,1.0,1.0,0.0,0.0,0.0,0.0
25.1,TAKEOFF,89.18,62.97,627.5,28.74,99.053,1.143,6690.13,80.02,610.6,5.447,67.85,21.706,25.784,1.673,24.6,18.378,6682.0,79.04,610.54,5.471,68.1,21.781,25.626,1.615,24.594,18.586,NORMAL,0.0,1.0,1.0,1.0,1.0,0.0,0.0,0.0,0.0
25.2,TAKEOFF,89.2,62.98,630.0,28.74,99.044,1.1429,6690.86,80.02,610.75,5.447,67.84,21.709,25.784,1.673,24.6,18.38,6687.02,79.81,610.26,5.474,68.35,21.794,25.756,1.742,24.605,18.373,NORMAL,0.0,1.0,1.0,1.0,1.0,0.0,0.0,0.0,0.0
25.3,TAKEOFF,89.22,62.99,632.5,28.73,99.035,1.1429,6691.58,80.02,610.9,5.448,67.84,21.713,25.784,1.673,24.6,18.383,6692.73,80.76,611.63,5.475,67.92,21.599,25.768,1.648,24.592,18.457,NORMAL,0.0,1.0,1.0,1.0,1.0,0.0,0.0,0.0,0.0
25.4,TAKEOFF,89.23,63.0,635.0,28.73,99.026,1.1428,6692.31,80.02,611.04,5.448,67.83,21.716,25.785,1.673,24.6,18.385,6699.25,79.54,611.83,5.441,68.2,21.69,25.792,1.643,24.545,18.502,NORMAL,0.0,1.0,1.0,1.0,1.0,0.0,0.0,0.0,0.0
25.5,TAKEOFF,89.25,63.01,637.5,28.72,99.017,1.1427,6693.04,80.02,611.19,5.448,67.82,21.72,25.785,1.673,24.6,18.388,6689.39,79.69,610.36,5.512,68.17,21.588,25.702,1.759,24.675,18.452,NORMAL,0.0,1.0,1.0,1.0,1.0,0.0,0.0,0.0,0.0
25.6,TAKEOFF,89.27,63.02,640.0,28.72,99.008,1.1426,6693.77,80.02,611.34,5.449,67.81,21.723,25.785,1.674,24.6,18.39,6694.39,80.69,610.94,5.444,68.0,21.619,25.801,1.598,24.565,18.423,NORMAL,0.0,1.0,1.0,1.0,1.0,0.0,0.0,0.0,0.0
25.7,TAKEOFF,89.28,63.03,642.5,28.71,99.0,1.1425,6694.5,80.02,611.48,5.449,67.8,21.727,25.786,1.674,24.6,18.393,6695.8,80.08,611.44,5.502,67.72,21.693,25.867,1.699,24.606,18.372,NORMAL,0.0,1.0,1.0,1.0,1.0,0.0,0.0,0.0,0.0
25.8,TAKEOFF,89.3,63.05,645.0,28.71,98.991,1.1424,6695.23,80.02,611.62,5.45,67.8,21.731,25.786,1.674,24.6,18.395,6698.49,81.09,610.22,5.444,67.87,21.781,25.805,1.734,24.509,18.303,NORMAL,0.0,1.0,1.0,1.0,1.0,0.0,0.0,0.0,0.0
25.9,TAKEOFF,89.32,63.06,647.5,28.7,98.982,1.1423,6695.96,80.02,611.76,5.45,67.79,21.734,25.786,1.674,24.6,18.398,6701.65,79.39,613.95,5.446,68.07,21.835,25.788,1.687,24.593,18.447,NORMAL,0.0,1.0,1.0,1.0,1.0,0.0,0.0,0.0,0.0
26.0,TAKEOFF,89.33,63.07,650.0,28.7,98.973,1.1423,6696.69,80.02,611.9,5.451,67.78,21.738,25.787,1.674,24.6,18.4,6702.58,80.27,610.86,5.463,68.1,21.869,25.765,1.722,24.615,18.347,NORMAL,0.0,1.0,1.0,1.0,1.0,0.0,0.0,0.0,0.0
26.1,TAKEOFF,89.35,63.08,652.5,28.69,98.964,1.1422,6697.41,80.02,612.04,5.451,67.77,21.741,25.787,1.674,24.6,18.403,6698.96,79.77,613.97,5.404,67.73,21.684,25.747,1.607,24.665,18.554,NORMAL,0.0,1.0,1.0,1.0,1.0,0.0,0.0,0.0,0.0
26.2,TAKEOFF,89.37,63.09,655.0,28.69,98.955,1.1421,6698.14,80.02,612.18,5.452,67.76,21.745,25.787,1.675,24.6,18.405,6707.71,79.3,610.55,5.404,67.81,21.853,25.876,1.729,24.62,18.24,NORMAL,0.0,1.0,1.0,1.0,1.0,0.0,0.0,0.0,0.0
26.3,TAKEOFF,89.38,63.1,657.5,28.68,98.946,1.142,6698.87,80.02,612.31,5.452,67.76,21.748,25.788,1.675,24.6,18.408,6695.35,80.36,614.0,5.481,67.78,21.688,25.777,1.692,24.643,18.341,NORMAL,0.0,1.0,1.0,1.0,1.0,0.0,0.0,0.0,0.0
26.4,TAKEOFF,89.4,63.11,660.0,28.68,98.937,1.1419,6699.6,80.02,612.45,5.452,67.75,21.752,25.788,1.675,24.6,18.41,6694.6,80.11,614.67,5.427,67.15,21.818,25.762,1.686,24.64,18.236,NORMAL,0.0,1.0,1.0,1.0,1.0,0.0,0.0,0.0,0.0
26.5,TAKEOFF,89.42,63.12,662.5,28.67,98.928,1.1418,6700.33,80.02,612.58,5.453,67.74,21.756,25.788,1.675,24.6,18.413,6696.66,79.77,613.89,5.462,67.85,21.541,25.807,1.64,24.71,18.289,NORMAL,0.0,1.0,1.0,1.0,1.0,0.0,0.0,0.0,0.0
26.6,TAKEOFF,89.43,63.13,665.0,28.67,98.919,1.1418,6701.06,80.02,612.72,5.453,67.73,21.759,25.789,1.675,24.6,18.415,6710.29,80.18,613.24,5.428,67.54,21.619,25.725,1.672,24.626,18.446,NORMAL,0.0,1.0,1.0,1.0,1.0,0.0,0.0,0.0,0.0
26.7,TAKEOFF,89.45,63.14,667.5,28.66,98.91,1.1417,6701.79,80.02,612.85,5.454,67.73,21.763,25.789,1.675,24.6,18.418,6700.19,79.8,614.84,5.409,67.62,21.821,25.718,1.647,24.571,18.775,NORMAL,0.0,1.0,1.0,1.0,1.0,0.0,0.0,0.0,0.0
26.8,TAKEOFF,89.47,63.15,670.0,28.66,98.901,1.1416,6702.51,80.02,612.98,5.454,67.72,21.766,25.789,1.675,24.6,18.42,6696.42,80.61,612.05,5.434,67.55,21.722,25.767,1.653,24.638,18.518,NORMAL,0.0,1.0,1.0,1.0,1.0,0.0,0.0,0.0,0.0
26.9,TAKEOFF,89.48,63.16,672.5,28.65,98.892,1.1415,6703.24,80.02,613.11,5.455,67.71,21.77,25.79,1.676,24.6,18.423,6707.83,80.42,613.13,5.462,67.43,21.706,25.824,1.703,24.752,18.557,NORMAL,0.0,1.0,1.0,1.0,1.0,0.0,0.0,0.0,0.0
27.0,TAKEOFF,89.5,63.18,675.0,28.65,98.883,1.1414,6703.97,80.02,613.23,5.455,67.7,21.773,25.79,1.676,24.6,18.425,6699.42,80.4,612.38,5.488,67.83,21.817,25.715,1.697,24.578,18.547,NORMAL,0.0,1.0,1.0,1.0,1.0,0.0,0.0,0.0,0.0
27.1,TAKEOFF,89.52,63.19,677.5,28.64,98.874,1.1413,6704.7,80.02,613.36,5.455,67.69,21.777,25.79,1.676,24.6,18.428,6702.22,80.4,611.76,5.418,67.32,21.74,25.728,1.731,24.648,18.426,NORMAL,0.0,1.0,1.0,1.0,1.0,0.0,0.0,0.0,0.0
27.2,TAKEOFF,89.53,63.2,680.0,28.64,98.865,1.1413,6705.43,80.02,613.49,5.456,67.69,21.781,25.791,1.676,24.6,18.43,6705.01,81.23,615.0,5.414,67.6,21.755,25.761,1.693,24.71,18.406,NORMAL,0.0,1.0,1.0,1.0,1.0,0.0,0.0,0.0,0.0
27.3,TAKEOFF,89.55,63.21,682.5,28.63,98.857,1.1412,6706.16,80.02,613.61,5.456,67.68,21.784,25.791,1.676,24.6,18.433,6699.07,79.4,614.59,5.42,67.72,21.853,25.806,1.636,24.579,18.285,NORMAL,0.0,1.0,1.0,1.0,1.0,0.0,0.0,0.0,0.0
27.4,TAKEOFF,89.57,63.22,685.0,28.63,98.848,1.1411,6706.88,80.02,613.74,5.457,67.67,21.788,25.791,1.676,24.6,18.435,6701.24,80.44,612.54,5.477,68.31,21.887,25.82,1.721,24.451,18.471,NORMAL,0.0,1.0,1.0,1.0,1.0,0.0,0.0,0.0,0.0
27.5,TAKEOFF,89.58,63.23,687.5,28.62,98.839,1.141,6707.61,80.02,613.86,5.457,67.66,21.791,25.792,1.677,24.6,18.438,6709.12,79.42,616.55,5.452,67.48,21.919,25.764,1.66,24.639,18.311,NORMAL,0.0,1.0,1.0,1.0,1.0,0.0,0.0,0.0,0.0
27.6,TAKEOFF,89.6,63.24,690.0,28.62,98.83,1.1409,6708.34,80.02,613.98,5.458,67.66,21.795,25.792,1.677,24.6,18.44,6713.83,79.41,613.85,5.516,67.2,21.682,25.816,1.721,24.595,18.547,NORMAL,0.0,1.0,1.0,1.0,1.0,0.0,0.0,0.0,0.0
27.7,TAKEOFF,89.62,63.25,692.5,28.61,98.821,1.1408,6709.07,80.02,614.1,5.458,67.65,21.798,25.792,1.677,24.6,18.443,6705.44,80.06,613.05,5.517,68.01,21.797,25.844,1.633,24.565,18.476,NORMAL,0.0,1.0,1.0,1.0,1.0,0.0,0.0,0.0,0.0
27.8,TAKEOFF,89.63,63.26,695.0,28.61,98.812,1.1407,6709.8,80.02,614.22,5.459,67.64,21.802,25.793,1.677,24.6,18.445,6699.41,80.0,615.05,5.455,67.96,21.733,25.851,1.701,24.646,18.641,NORMAL,0.0,1.0,1.0,1.0,1.0,0.0,0.0,0.0,0.0
27.9,TAKEOFF,89.65,63.27,697.5,28.6,98.803,1.1407,6710.52,80.02,614.34,5.459,67.63,21.806,25.793,1.677,24.6,18.448,6706.05,80.13,614.03,5.426,67.15,21.723,25.814,1.673,24.686,18.458,NORMAL,0.0,1.0,1.0,1.0,1.0,0.0,0.0,0.0,0.0
28.0,TAKEOFF,89.67,63.28,700.0,28.6,98.794,1.1406,6711.25,80.02,614.46,5.459,67.63,21.809,25.793,1.677,24.6,18.45,6702.11,78.52,616.44,5.454,67.71,21.744,25.803,1.744,24.493,18.587,NORMAL,0.0,1.0,1.0,1.0,1.0,0.0,0.0,0.0,0.0
28.1,TAKEOFF,89.68,63.29,702.5,28.59,98.785,1.1405,6711.98,80.02,614.57,5.46,67.62,21.813,25.794,1.678,24.6,18.453,6706.32,80.25,613.35,5.415,67.56,21.78,25.798,1.734,24.603,18.353,NORMAL,0.0,1.0,1.0,1.0,1.0,0.0,0.0,0.0,0.0
28.2,TAKEOFF,89.7,63.31,705.0,28.59,98.776,1.1404,6712.71,80.02,614.69,5.46,67.61,21.816,25.794,1.678,24.6,18.455,6711.09,79.94,617.0,5.466,67.45,21.841,25.785,1.682,24.594,18.428,NORMAL,0.0,1.0,1.0,1.0,1.0,0.0,0.0,0.0,0.0
28.3,TAKEOFF,89.72,63.32,707.5,28.58,98.767,1.1403,6713.44,80.02,614.8,5.461,67.6,21.82,25.794,1.678,24.6,18.458,6715.42,79.87,613.55,5.454,67.48,21.838,25.839,1.68,24.649,18.656,NORMAL,0.0,1.0,1.0,1.0,1.0,0.0,0.0,0.0,0.0
28.4,TAKEOFF,89.73,63.33,710.0,28.58,98.758,1.1402,6714.16,80.02,614.92,5.461,67.59,21.823,25.795,1.678,24.6,18.46,6715.76,79.67,614.58,5.497,67.54,21.822,25.825,1.691,24.558,18.492,NORMAL,0.0,1.0,1.0,1.0,1.0,0.0,0.0,0.0,0.0
28.5,TAKEOFF,89.75,63.34,712.5,28.57,98.749,1.1402,6714.89,80.02,615.03,5.462,67.59,21.827,25.795,1.678,24.6,18.463,6710.74,80.41,615.31,5.469,67.88,21.81,25.919,1.766,24.58,18.542,NORMAL,0.0,1.0,1.0,1.0,1.0,0.0,0.0,0.0,0.0
28.6,TAKEOFF,89.77,63.35,715.0,28.57,98.74,1.1401,6715.62,80.02,615.14,5.462,67.58,21.831,25.795,1.678,24.6,18.465,6719.19,80.33,615.77,5.478,68.12,21.895,25.765,1.638,24.541,18.354,NORMAL,0.0,1.0,1.0,1.0,1.0,0.0,0.0,0.0,0.0
28.7,TAKEOFF,89.78,63.36,717.5,28.56,98.732,1.14,6716.35,80.02,615.25,5.463,67.57,21.834,25.796,1.679,24.6,18.468,6717.07,79.82,617.26,5.467,68.0,21.854,25.8,1.754,24.556,18.585,NORMAL,0.0,1.0,1.0,1.0,1.0,0.0,0.0,0.0,0.0
28.8,TAKEOFF,89.8,63.37,720.0,28.56,98.723,1.1399,6717.08,80.02,615.36,5.463,67.56,21.838,25.796,1.679,24.6,18.47,6713.89,79.4,614.32,5.423,67.29,21.866,25.858,1.717,24.684,18.356,NORMAL,0.0,1.0,1.0,1.0,1.0,0.0,0.0,0.0,0.0
28.9,TAKEOFF,89.82,63.38,722.5,28.55,98.714,1.1398,6717.8,80.02,615.47,5.463,67.56,21.841,25.796,1.679,24.6,18.473,6718.38,80.69,614.07,5.509,67.32,21.896,25.829,1.769,24.638,18.412,NORMAL,0.0,1.0,1.0,1.0,1.0,0.0,0.0,0.0,0.0
29.0,TAKEOFF,89.83,63.39,725.0,28.55,98.705,1.1397,6718.53,80.02,615.58,5.464,67.55,21.845,25.797,1.679,24.6,18.475,6721.95,80.41,615.78,5.44,67.09,21.738,25.842,1.711,24.58,18.691,NORMAL,0.0,1.0,1.0,1.0,1.0,0.0,0.0,0.0,0.0
29.1,TAKEOFF,89.85,63.4,727.5,28.54,98.696,1.1397,6719.26,80.02,615.69,5.464,67.54,21.848,25.797,1.679,24.6,18.478,6725.11,79.74,614.66,5.481,67.49,21.821,25.822,1.656,24.569,18.424,NORMAL,0.0,1.0,1.0,1.0,1.0,0.0,0.0,0.0,0.0
29.2,TAKEOFF,89.87,63.41,730.0,28.54,98.687,1.1396,6719.99,80.02,615.8,5.465,67.53,21.852,25.797,1.679,24.6,18.48,6722.72,79.85,618.96,5.484,67.62,21.847,25.773,1.744,24.66,18.427,NORMAL,0.0,1.0,1.0,1.0,1.0,0.0,0.0,0.0,0.0
29.3,TAKEOFF,89.88,63.42,732.5,28.53,98.678,1.1395,6720.72,80.02,615.9,5.465,67.53,21.856,25.798,1.679,24.6,18.483,6712.11,79.66,613.44,5.471,67.31,21.761,25.879,1.689,24.603,18.689,NORMAL,0.0,1.0,1.0,1.0,1.0,0.0,0.0,0.0,0.0
29.4,TAKEOFF,89.9,63.44,735.0,28.53,98.669,1.1394,6721.44,80.02,616.01,5.466,67.52,21.859,25.798,1.68,24.6,18.485,6723.95,80.46,616.6,5.486,66.81,21.636,25.861,1.643,24.61,18.524,NORMAL,0.0,1.0,1.0,1.0,1.0,0.0,0.0,0.0,0.0
29.5,TAKEOFF,89.92,63.45,737.5,28.52,98.66,1.1393,6722.17,80.02,616.11,5.466,67.51,21.863,25.798,1.68,24.6,18.488,6718.39,79.54,617.44,5.445,67.94,21.974,25.788,1.726,24.552,18.421,NORMAL,0.0,1.0,1.0,1.0,1.0,0.0,0.0,0.0,0.0
29.6,TAKEOFF,89.93,63.46,740.0,28.52,98.651,1.1392,6722.9,80.02,616.21,5.466,67.5,21.866,25.799,1.68,24.6,18.49,6727.82,80.94,615.29,5.427,67.05,21.948,25.808,1.724,24.641,18.515,NORMAL,0.0,1.0,1.0,1.0,1.0,0.0,0.0,0.0,0.0
29.7,TAKEOFF,89.95,63.47,742.5,28.51,98.642,1.1392,6723.63,80.02,616.32,5.467,67.49,21.87,25.799,1.68,24.6,18.493,6723.44,80.99,616.77,5.505,67.33,21.733,25.805,1.658,24.647,18.471,NORMAL,0.0,1.0,1.0,1.0,1.0,0.0,0.0,0.0,0.0
29.8,TAKEOFF,89.97,63.48,745.0,28.51,98.633,1.1391,6724.36,80.02,616.42,5.467,67.49,21.873,25.799,1.68,24.6,18.495,6718.5,80.41,616.53,5.494,67.75,21.928,25.883,1.688,24.638,18.58,NORMAL,0.0,1.0,1.0,1.0,1.0,0.0,0.0,0.0,0.0
29.9,TAKEOFF,89.98,63.49,747.5,28.5,98.625,1.139,6725.08,80.02,616.52,5.468,67.48,21.877,25.8,1.68,24.6,18.498,6726.23,79.77,615.7,5.465,68.08,21.856,25.851,1.728,24.593,18.418,NORMAL,0.0,1.0,1.0,1.0,1.0,0.0,0.0,0.0,0.0
30.0,TAKEOFF,90.0,63.5,750.0,28.5,98.616,1.1389,6725.81,80.02,616.62,5.468,67.47,21.881,25.8,1.681,24.6,18.5,6724.02,78.86,615.99,5.52,67.22,21.706,25.753,1.643,24.597,18.4,NORMAL,0.0,1.0,1.0,1.0,1.0,0.0,0.0,0.0,0.0
30.1,TAKEOFF,90.02,63.51,752.5,28.49,98.607,1.1388,6726.54,80.02,616.72,5.469,67.46,21.884,25.8,1.681,24.6,18.503,6729.31,78.71,615.51,5.491,67.39,21.896,25.747,1.706,24.541,18.676,NORMAL,0.0,1.0,1.0,1.0,1.0,0.0,0.0,0.0,0.0
30.2,TAKEOFF,90.03,63.52,755.0,28.49,98.598,1.1387,6727.27,80.02,616.82,5.469,67.46,21.888,25.801,1.681,24.6,18.505,6730.9,81.17,617.65,5.422,67.39,21.81,25.81,1.768,24.582,18.361,NORMAL,0.0,1.0,1.0,1.0,1.0,0.0,0.0,0.0,0.0
30.3,TAKEOFF,90.05,63.53,757.5,28.48,98.589,1.1386,6727.99,80.02,616.92,5.47,67.45,21.891,25.801,1.681,24.6,18.508,6724.85,80.12,615.78,5.505,67.63,21.748,25.804,1.592,24.625,18.487,NORMAL,0.0,1.0,1.0,1.0,1.0,0.0,0.0,0.0,0.0
30.4,TAKEOFF,90.07,63.54,760.0,28.48,98.58,1.1386,6728.72,80.02,617.02,5.47,67.44,21.895,25.801,1.681,24.6,18.51,6734.9,80.29,616.59,5.454,67.03,22.108,25.734,1.776,24.555,18.622,NORMAL,0.0,1.0,1.0,1.0,1.0,0.0,0.0,0.0,0.0
30.5,TAKEOFF,90.08,63.55,762.5,28.47,98.571,1.1385,6729.45,80.02,617.11,5.47,67.43,21.898,25.802,1.681,24.6,18.513,6727.07,80.58,618.13,5.468,67.74,21.87,25.903,1.714,24.569,18.401,NORMAL,0.0,1.0,1.0,1.0,1.0,0.0,0.0,0.0,0.0
30.6,TAKEOFF,90.1,63.57,765.0,28.47,98.562,1.1384,6730.18,80.02,617.21,5.471,67.43,21.902,25.802,1.682,24.6,18.515,6734.59,79.67,615.9,5.482,67.1,21.883,25.863,1.722,24.543,18.505,NORMAL,0.0,1.0,1.0,1.0,1.0,0.0,0.0,0.0,0.0
30.7,TAKEOFF,90.12,63.58,767.5,28.46,98.553,1.1383,6730.91,80.02,617.3,5.471,67.42,21.906,25.802,1.682,24.6,18.518,6718.23,80.08,618.72,5.461,67.31,21.888,25.877,1.67,24.537,18.486,NORMAL,0.0,1.0,1.0,1.0,1.0,0.0,0.0,0.0,0.0
30.8,TAKEOFF,90.13,63.59,770.0,28.46,98.544,1.1382,6731.63,80.02,617.4,5.472,67.41,21.909,25.803,1.682,24.6,18.52,6728.94,79.72,619.14,5.446,67.47,21.948,25.84,1.674,24.661,18.288,NORMAL,0.0,1.0,1.0,1.0,1.0,0.0,0.0,0.0,0.0
30.9,TAKEOFF,90.15,63.6,772.5,28.45,98.536,1.1381,6732.36,80.02,617.49,5.472,67.4,21.913,25.803,1.682,24.6,18.523,6730.18,80.97,617.74,5.483,67.41,21.82,25.742,1.698,24.646,18.647,NORMAL,0.0,1.0,1.0,1.0,1.0,0.0,0.0,0.0,0.0
31.0,TAKEOFF,90.17,63.61,775.0,28.45,98.527,1.1381,6733.09,80.02,617.59,5.473,67.4,21.916,25.803,1.682,24.6,18.525,6744.35,79.83,616.11,5.463,67.29,21.874,25.969,1.704,24.641,18.457,NORMAL,0.0,1.0,1.0,1.0,1.0,0.0,0.0,0.0,0.0
31.1,TAKEOFF,90.18,63.62,777.5,28.44,98.518,1.138,6733.82,80.02,617.68,5.473,67.39,21.92,25.804,1.682,24.6,18.528,6735.52,80.15,616.74,5.509,67.18,21.973,25.779,1.604,24.576,18.503,NORMAL,0.0,1.0,1.0,1.0,1.0,0.0,0.0,0.0,0.0
31.2,TAKEOFF,90.2,63.63,780.0,28.44,98.509,1.1379,6734.54,80.02,617.77,5.474,67.38,21.923,25.804,1.682,24.6,18.53,6740.5,80.11,618.37,5.438,67.64,21.881,25.781,1.69,24.626,18.615,NORMAL,0.0,1.0,1.0,1.0,1.0,0.0,0.0,0.0,0.0
31.3,TAKEOFF,90.22,63.64,782.5,28.43,98.5,1.1378,6735.27,80.02,617.86,5.474,67.37,21.927,25.804,1.683,24.6,18.533,6729.32,80.38,615.87,5.486,67.3,21.843,25.703,1.644,24.61,18.57,NORMAL,0.0,1.0,1.0,1.0,1.0,0.0,0.0,0.0,0.0
31.4,TAKEOFF,90.23,63.65,785.0,28.43,98.491,1.1377,6736.0,80.02,617.95,5.474,67.37,21.931,25.805,1.683,24.6,18.535,6734.44,80.28,618.54,5.454,67.53,21.841,25.882,1.758,24.619,18.563,NORMAL,0.0,1.0,1.0,1.0,1.0,0.0,0.0,0.0,0.0
31.5,TAKEOFF,90.25,63.66,787.5,28.42,98.482,1.1376,6736.73,80.02,618.04,5.475,67.36,21.934,25.805,1.683,24.6,18.538,6737.63,79.87,618.55,5.435,66.97,21.913,25.821,1.627,24.641,18.612,NORMAL,0.0,1.0,1.0,1.0,1.0,0.0,0.0,0.0,0.0
31.6,TAKEOFF,90.27,63.67,790.0,28.42,98.473,1.1376,6737.45,80.02,618.13,5.475,67.35,21.938,25.805,1.683,24.6,18.54,6739.67,79.85,617.57,5.48,66.96,22.066,25.753,1.708,24.67,18.584,NORMAL,0.0,1.0,1.0,1.0,1.0,0.0,0.0,0.0,0.0
31.7,TAKEOFF,90.28,63.68,792.5,28.41,98.464,1.1375,6738.18,80.02,618.22,5.476,67.34,21.941,25.806,1.683,24.6,18.543,6740.75,80.98,616.69,5.498,67.26,22.152,25.813,1.625,24.569,18.717,NORMAL,0.0,1.0,1.0,1.0,1.0,0.0,0.0,0.0,0.0
31.8,TAKEOFF,90.3,63.7,795.0,28.41,98.455,1.1374,6738.91,80.02,618.31,5.476,67.34,21.945,25.806,1.683,24.6,18.545,6744.15,79.69,617.7,5.476,67.02,21.864,25.798,1.738,24.579,18.525,NORMAL,0.0,1.0,1.0,1.0,1.0,0.0,0.0,0.0,0.0
31.9,TAKEOFF,90.32,63.71,797.5,28.4,98.447,1.1373,6739.64,80.02,618.4,5.477,67.33,21.948,25.806,1.684,24.6,18.548,6729.83,79.23,618.3,5.498,67.59,21.943,25.848,1.738,24.613,18.508,NORMAL,0.0,1.0,1.0,1.0,1.0,0.0,0.0,0.0,0.0
32.0,TAKEOFF,90.33,63.72,800.0,28.4,98.438,1.1372,6740.36,80.02,618.48,5.477,67.32,21.952,25.807,1.684,24.6,18.55,6734.05,80.48,621.07,5.489,67.45,21.78,25.792,1.696,24.685,18.621,NORMAL,0.0,1.0,1.0,1.0,1.0,0.0,0.0,0.0,0.0
32.1,TAKEOFF,90.35,63.73,802.5,28.39,98.429,1.1371,6741.09,80.02,618.57,5.477,67.31,21.956,25.807,1.684,24.6,18.553,6744.03,80.11,616.31,5.483,67.33,21.986,25.824,1.609,24.593,18.527,NORMAL,0.0,1.0,1.0,1.0,1.0,0.0,0.0,0.0,0.0
32.2,TAKEOFF,90.37,63.74,805.0,28.39,98.42,1.1371,6741.82,80.02,618.66,5.478,67.31,21.959,25.807,1.684,24.6,18.555,6740.08,80.63,620.87,5.497,66.92,21.95,25.889,1.685,24.586,18.483,NORMAL,0.0,1.0,1.0,1.0,1.0,0.0,0.0,0.0,0.0
32.3,TAKEOFF,90.38,63.75,807.5,28.38,98.411,1.137,6742.55,80.02,618.74,5.478,67.3,21.963,25.808,1.684,24.6,18.558,6741.74,80.04,619.11,5.481,67.63,22.015,25.815,1.747,24.571,18.463,NORMAL,0.0,1.0,1.0,1.0,1.0,0.0,0.0,0.0,0.0
32.4,TAKEOFF,90.4,63.76,810.0,28.38,98.402,1.1369,6743.27,80.02,618.83,5.479,67.29,21.966,25.808,1.684,24.6,18.56,6732.33,80.17,617.58,5.474,67.57,22.036,25.748,1.662,24.572,18.658,NORMAL,0.0,1.0,1.0,1.0,1.0,0.0,0.0,0.0,0.0
32.5,TAKEOFF,90.42,63.77,812.5,28.37,98.393,1.1368,6744.0,80.02,618.91,5.479,67.28,21.97,25.808,1.685,24.6,18.563,6737.73,80.47,617.56,5.419,67.45,21.991,25.737,1.677,24.598,18.714,NORMAL,0.0,1.0,1.0,1.0,1.0,0.0,0.0,0.0,0.0
32.6,TAKEOFF,90.43,63.78,815.0,28.37,98.384,1.1367,6744.73,80.02,618.99,5.48,67.28,21.973,25.809,1.685,24.6,18.565,6741.1,79.86,617.17,5.472,67.17,22.105,25.869,1.726,24.522,18.481,NORMAL,0.0,1.0,1.0,1.0,1.0,0.0,0.0,0.0,0.0
32.7,TAKEOFF,90.45,63.79,817.5,28.36,98.375,1.1366,6745.46,80.02,619.08,5.48,67.27,21.977,25.809,1.685,24.6,18.568,6741.15,80.67,618.96,5.462,66.85,22.124,25.77,1.627,24.579,18.634,NORMAL,0.0,1.0,1.0,1.0,1.0,0.0,0.0,0.0,0.0
32.8,TAKEOFF,90.47,63.8,820.0,28.36,98.367,1.1365,6746.18,80.02,619.16,5.481,67.26,21.981,25.809,1.685,24.6,18.57,6751.59,80.77,621.44,5.522,66.65,22.07,25.898,1.722,24.634,18.534,NORMAL,0.0,1.0,1.0,1.0,1.0,0.0,0.0,0.0,0.0
32.9,TAKEOFF,90.48,63.81,822.5,28.35,98.358,1.1365,6746.91,80.02,619.24,5.481,67.25,21.984,25.81,1.685,24.6,18.573,6752.55,79.63,622.14,5.532,67.34,21.981,25.835,1.702,24.578,18.527,NORMAL,0.0,1.0,1.0,1.0,1.0,0.0,0.0,0.0,0.0
33.0,TAKEOFF,90.5,63.83,825.0,28.35,98.349,1.1364,6747.64,80.02,619.32,5.481,67.25,21.988,25.81,1.685,24.6,18.575,6746.29,79.68,618.83,5.47,67.33,22.068,25.681,1.766,24.644,18.487,NORMAL,0.0,1.0,1.0,1.0,1.0,0.0,0.0,0.0,0.0
33.1,TAKEOFF,90.52,63.84,827.5,28.34,98.34,1.1363,6748.36,80.02,619.41,5.482,67.24,21.991,25.81,1.686,24.6,18.578,6755.08,80.75,618.29,5.484,67.17,22.031,25.846,1.764,24.585,18.513,NORMAL,0.0,1.0,1.0,1.0,1.0,0.0,0.0,0.0,0.0
33.2,TAKEOFF,90.53,63.85,830.0,28.34,98.331,1.1362,6749.09,80.02,619.49,5.482,67.23,21.995,25.811,1.686,24.6,18.58,6744.36,79.94,617.78,5.465,66.89,22.137,25.81,1.739,24.53,18.689,NORMAL,0.0,1.0,1.0,1.0,1.0,0.0,0.0,0.0,0.0
33.3,TAKEOFF,90.55,63.86,832.5,28.33,98.322,1.1361,6749.82,80.02,619.57,5.483,67.22,21.998,25.811,1.686,24.6,18.583,6756.16,80.5,618.98,5.48,67.32,22.106,25.851,1.64,24.623,18.568,NORMAL,0.0,1.0,1.0,1.0,1.0,0.0,0.0,0.0,0.0
33.4,TAKEOFF,90.57,63.87,835.0,28.33,98.313,1.136,6750.55,80.02,619.65,5.483,67.22,22.002,25.811,1.686,24.6,18.585,6758.84,80.76,618.22,5.451,67.14,21.936,25.825,1.724,24.655,18.781,NORMAL,0.0,1.0,1.0,1.0,1.0,0.0,0.0,0.0,0.0
33.5,TAKEOFF,90.58,63.88,837.5,28.32,98.304,1.136,6751.27,80.02,619.72,5.484,67.21,22.006,25.812,1.686,24.6,18.588,6753.91,79.79,621.41,5.478,67.26,21.848,25.87,1.672,24.587,18.624,NORMAL,0.0,1.0,1.0,1.0,1.0,0.0,0.0,0.0,0.0
33.6,TAKEOFF,90.6,63.89,840.0,28.32,98.295,1.1359,6752.0,80.02,619.8,5.484,67.2,22.009,25.812,1.686,24.6,18.59,6749.9,79.74,617.86,5.496,67.74,21.987,25.822,1.68,24.597,18.479,NORMAL,0.0,1.0,1.0,1.0,1.0,0.0,0.0,0.0,0.0
33.7,TAKEOFF,90.62,63.9,842.5,28.31,98.287,1.1358,6752.73,80.02,619.88,5.484,67.19,22.013,25.812,1.686,24.6,18.593,6744.4,79.54,619.77,5.494,67.02,22.049,25.79,1.734,24.601,18.675,NORMAL,0.0,1.0,1.0,1.0,1.0,0.0,0.0,0.0,0.0
33.8,TAKEOFF,90.63,63.91,845.0,28.31,98.278,1.1357,6753.46,80.02,619.96,5.485,67.19,22.016,25.813,1.687,24.6,18.595,6759.15,80.89,619.86,5.496,67.14,22.125,25.853,1.619,24.634,18.482,NORMAL,0.0,1.0,1.0,1.0,1.0,0.0,0.0,0.0,0.0
33.9,TAKEOFF,90.65,63.92,847.5,28.3,98.269,1.1356,6754.18,80.02,620.04,5.485,67.18,22.02,25.813,1.687,24.6,18.598,6747.43,80.67,622.86,5.45,67.15,22.059,25.852,1.692,24.638,18.626,NORMAL,0.0,1.0,1.0,1.0,1.0,0.0,0.0,0.0,0.0
34.0,TAKEOFF,90.67,63.93,850.0,28.3,98.26,1.1355,6754.91,80.02,620.11,5.486,67.17,22.023,25.813,1.687,24.6,18.6,6760.4,79.79,620.02,5.508,67.37,21.921,25.863,1.678,24.542,18.534,NORMAL,0.0,1.0,1.0,1.0,1.0,0.0,0.0,0.0,0.0
34.1,TAKEOFF,90.68,63.94,852.5,28.29,98.251,1.1355,6755.64,80.02,620.19,5.486,67.16,22.027,25.814,1.687,24.6,18.603,6758.35,80.44,619.46,5.519,66.74,22.078,25.88,1.726,24.599,18.596,NORMAL,0.0,1.0,1.0,1.0,1.0,0.0,0.0,0.0,0.0
34.2,TAKEOFF,90.7,63.96,855.0,28.29,98.242,1.1354,6756.36,80.02,620.26,5.487,67.16,22.031,25.814,1.687,24.6,18.605,6761.33,79.74,621.01,5.505,67.17,21.975,25.779,1.639,24.584,18.604,NORMAL,0.0,1.0,1.0,1.0,1.0,0.0,0.0,0.0,0.0
34.3,TAKEOFF,90.72,63.97,857.5,28.28,98.233,1.1353,6757.09,80.02,620.34,5.487,67.15,22.034,25.814,1.687,24.6,18.608,6760.87,79.71,621.4,5.518,67.47,22.243,25.873,1.683,24.658,18.581,NORMAL,0.0,1.0,1.0,1.0,1.0,0.0,0.0,0.0,0.0
34.4,TAKEOFF,90.73,63.98,860.0,28.28,98.224,1.1352,6757.82,80.02,620.42,5.488,67.14,22.038,25.815,1.688,24.6,18.61,6759.15,79.48,618.76,5.503,66.61,21.967,25.847,1.698,24.494,18.511,NORMAL,0.0,1.0,1.0,1.0,1.0,0.0,0.0,0.0,0.0
34.5,TAKEOFF,90.75,63.99,862.5,28.27,98.216,1.1351,6758.54,80.02,620.49,5.488,67.13,22.041,25.815,1.688,24.6,18.613,6750.17,79.89,621.35,5.51,67.28,21.993,25.802,1.721,24.632,18.635,NORMAL,0.0,1.0,1.0,1.0,1.0,0.0,0.0,0.0,0.0
34.6,TAKEOFF,90.77,64.0,865.0,28.27,98.207,1.135,6759.27,80.02,620.56,5.488,67.13,22.045,25.815,1.688,24.6,18.615,6757.18,79.88,620.06,5.497,67.0,22.077,25.792,1.703,24.602,18.607,NORMAL,0.0,1.0,1.0,1.0,1.0,0.0,0.0,0.0,0.0
34.7,TAKEOFF,90.78,64.01,867.5,28.26,98.198,1.135,6760.0,80.02,620.64,5.489,67.12,22.048,25.816,1.688,24.6,18.618,6761.5,80.25,623.28,5.474,67.12,22.129,25.792,1.725,24.588,18.703,NORMAL,0.0,1.0,1.0,1.0,1.0,0.0,0.0,0.0,0.0
34.8,TAKEOFF,90.8,64.02,870.0,28.26,98.189,1.1349,6760.73,80.02,620.71,5.489,67.11,22.052,25.816,1.688,24.6,18.62,6757.61,80.33,619.9,5.524,66.67,22.045,25.748,1.653,24.59,18.597,NORMAL,0.0,1.0,1.0,1.0,1.0,0.0,0.0,0.0,0.0
34.9,TAKEOFF,90.82,64.03,872.5,28.25,98.18,1.1348,6761.45,80.02,620.78,5.49,67.1,22.056,25.816,1.688,24.6,18.623,6756.25,79.54,621.23,5.499,66.78,22.08,25.776,1.781,24.505,18.598,NORMAL,0.0,1.0,1.0,1.0,1.0,0.0,0.0,0.0,0.0
35.0,TAKEOFF,90.83,64.04,875.0,28.25,98.171,1.1347,6762.18,80.02,620.86,5.49,67.1,22.059,25.817,1.689,24.6,18.625,6766.37,80.19,620.88,5.522,67.1,21.845,25.766,1.724,24.63,18.593,NORMAL,0.0,1.0,1.0,1.0,1.0,0.0,0.0,0.0,0.0
35.1,TAKEOFF,90.85,64.05,877.5,28.24,98.162,1.1346,6762.91,80.02,620.93,5.491,67.09,22.063,25.817,1.689,24.6,18.628,6761.73,79.54,622.57,5.472,66.88,22.221,25.817,1.73,24.603,18.719,NORMAL,0.0,1.0,1.0,1.0,1.0,0.0,0.0,0.0,0.0
35.2,TAKEOFF,90.87,64.06,880.0,28.24,98.153,1.1345,6763.63,80.02,621.0,5.491,67.08,22.066,25.817,1.689,24.6,18.63,6766.61,79.76,624.82,5.509,66.82,22.094,25.784,1.685,24.593,18.519,NORMAL,0.0,1.0,1.0,1.0,1.0,0.0,0.0,0.0,0.0
35.3,TAKEOFF,90.88,64.07,882.5,28.23,98.145,1.1345,6764.36,80.02,621.07,5.491,67.07,22.07,25.818,1.689,24.6,18.633,6759.63,79.16,622.22,5.523,67.03,22.082,25.834,1.716,24.643,18.659,NORMAL,0.0,1.0,1.0,1.0,1.0,0.0,0.0,0.0,0.0
35.4,TAKEOFF,90.9,64.09,885.0,28.23,98.136,1.1344,6765.09,80.02,621.14,5.492,67.07,22.073,25.818,1.689,24.6,18.635,6760.62,80.85,621.69,5.504,67.4,22.265,25.859,1.675,24.583,18.699,NORMAL,0.0,1.0,1.0,1.0,1.0,0.0,0.0,0.0,0.0
35.5,TAKEOFF,90.92,64.1,887.5,28.22,98.127,1.1343,6765.81,80.02,621.21,5.492,67.06,22.077,25.818,1.689,24.6,18.638,6764.13,79.92,623.38,5.508,66.75,22.138,25.885,1.744,24.702,18.647,NORMAL,0.0,1.0,1.0,1.0,1.0,0.0,0.0,0.0,0.0
35.6,TAKEOFF,90.93,64.11,890.0,28.22,98.118,1.1342,6766.54,80.02,621.28,5.493,67.05,22.081,25.819,1.69,24.6,18.64,6764.96,78.68,620.88,5.485,67.14,22.104,25.872,1.718,24.565,18.761,NORMAL,0.0,1.0,1.0,1.0,1.0,0.0,0.0,0.0,0.0
35.7,TAKEOFF,90.95,64.12,892.5,28.21,98.109,1.1341,6767.27,80.02,621.35,5.493,67.04,22.084,25.819,1.69,24.6,18.643,6767.44,79.19,622.96,5.466,67.03,22.015,25.858,1.718,24.617,18.635,NORMAL,0.0,1.0,1.0,1.0,1.0,0.0,0.0,0.0,0.0
35.8,TAKEOFF,90.97,64.13,895.0,28.21,98.1,1.134,6768.0,80.02,621.42,5.494,67.04,22.088,25.819,1.69,24.6,18.645,6773.77,79.59,620.21,5.506,67.68,22.132,25.771,1.706,24.628,18.517,NORMAL,0.0,1.0,1.0,1.0,1.0,0.0,0.0,0.0,0.0
35.9,TAKEOFF,90.98,64.14,897.5,28.2,98.091,1.134,6768.72,80.02,621.49,5.494,67.03,22.091,25.82,1.69,24.6,18.648,6767.85,79.77,618.95,5.499,67.06,22.249,25.732,1.774,24.526,18.758,NORMAL,0.0,1.0,1.0,1.0,1.0,0.0,0.0,0.0,0.0
36.0,TAKEOFF,91.0,64.15,900.0,28.2,98.083,1.1339,6769.45,80.02,621.56,5.495,67.02,22.095,25.82,1.69,24.6,18.65,6762.97,80.27,621.09,5.494,66.97,21.918,25.786,1.677,24.5,18.589,NORMAL,0.0,1.0,1.0,1.0,1.0,0.0,0.0,0.0,0.0
36.1,TAKEOFF,91.02,64.16,902.5,28.19,98.074,1.1338,6770.18,80.02,621.63,5.495,67.02,22.098,25.82,1.69,24.6,18.653,6772.13,80.36,620.71,5.48,66.98,22.071,25.809,1.704,24.555,18.607,NORMAL,0.0,1.0,1.0,1.0,1.0,0.0,0.0,0.0,0.0
36.2,TAKEOFF,91.03,64.17,905.0,28.19,98.065,1.1337,6770.9,80.02,621.69,5.495,67.01,22.102,25.821,1.69,24.6,18.655,6767.7,80.37,621.31,5.447,67.33,22.263,25.741,1.745,24.642,18.63,NORMAL,0.0,1.0,1.0,1.0,1.0,0.0,0.0,0.0,0.0
36.3,TAKEOFF,91.05,64.18,907.5,28.18,98.056,1.1336,6771.63,80.02,621.76,5.496,67.0,22.105,25.821,1.691,24.6,18.658,6770.98,79.23,625.96,5.53,67.33,22.153,25.825,1.697,24.681,18.774,NORMAL,0.0,1.0,1.0,1.0,1.0,0.0,0.0,0.0,0.0
36.4,TAKEOFF,91.07,64.19,910.0,28.18,98.047,1.1335,6772.36,80.02,621.83,5.496,66.99,22.109,25.821,1.691,24.6,18.66,6771.42,80.33,620.47,5.485,66.42,22.043,25.761,1.664,24.573,18.678,NORMAL,0.0,1.0,1.0,1.0,1.0,0.0,0.0,0.0,0.0
36.5,TAKEOFF,91.08,64.2,912.5,28.17,98.038,1.1335,6773.08,80.02,621.9,5.497,66.99,22.113,25.822,1.691,24.6,18.663,6777.29,80.05,622.04,5.519,66.43,22.209,25.8,1.653,24.602,18.82,NORMAL,0.0,1.0,1.0,1.0,1.0,0.0,0.0,0.0,0.0
36.6,TAKEOFF,91.1,64.22,915.0,28.17,98.029,1.1334,6773.81,80.02,621.96,5.497,66.98,22.116,25.822,1.691,24.6,18.665,6774.63,79.48,622.19,5.478,66.79,22.008,25.778,1.649,24.682,18.745,NORMAL,0.0,1.0,1.0,1.0,1.0,0.0,0.0,0.0,0.0
36.7,TAKEOFF,91.12,64.23,917.5,28.16,98.021,1.1333,6774.54,80.02,622.03,5.498,66.97,22.12,25.822,1.691,24.6,18.668,6776.78,80.37,622.48,5.526,66.85,22.254,25.825,1.622,24.52,18.627,NORMAL,0.0,1.0,1.0,1.0,1.0,0.0,0.0,0.0,0.0
36.8,TAKEOFF,91.13,64.24,920.0,28.16,98.012,1.1332,6775.26,80.02,622.1,5.498,66.96,22.123,25.823,1.691,24.6,18.67,6764.24,79.48,624.79,5.499,67.22,22.08,25.837,1.743,24.631,18.662,NORMAL,0.0,1.0,1.0,1.0,1.0,0.0,0.0,0.0,0.0
36.9,TAKEOFF,91.15,64.25,922.5,28.15,98.003,1.1331,6775.99,80.02,622.16,5.498,66.96,22.127,25.823,1.692,24.6,18.673,6777.18,78.94,622.21,5.522,67.45,22.192,25.817,1.608,24.621,18.589,NORMAL,0.0,1.0,1.0,1.0,1.0,0.0,0.0,0.0,0.0
37.0,TAKEOFF,91.17,64.26,925.0,28.15,97.994,1.133,6776.72,80.02,622.23,5.499,66.95,22.13,25.823,1.692,24.6,18.675,6781.05,80.72,619.81,5.48,66.88,22.0,25.801,1.773,24.57,18.6,NORMAL,0.0,1.0,1.0,1.0,1.0,0.0,0.0,0.0,0.0
37.1,TAKEOFF,91.18,64.27,927.5,28.14,97.985,1.1329,6777.44,80.02,622.29,5.499,66.94,22.134,25.824,1.692,24.6,18.678,6781.87,79.55,623.96,5.468,66.52,22.215,25.808,1.602,24.547,18.659,NORMAL,0.0,1.0,1.0,1.0,1.0,0.0,0.0,0.0,0.0
37.2,TAKEOFF,91.2,64.28,930.0,28.14,97.976,1.1329,6778.17,80.02,622.36,5.5,66.93,22.138,25.824,1.692,24.6,18.68,6784.52,79.61,621.39,5.47,66.93,22.079,25.818,1.65,24.564,18.589,NORMAL,0.0,1.0,1.0,1.0,1.0,0.0,0.0,0.0,0.0
37.3,TAKEOFF,91.22,64.29,932.5,28.13,97.967,1.1328,6778.9,80.02,622.42,5.5,66.93,22.141,25.824,1.692,24.6,18.683,6774.34,80.15,621.85,5.528,66.58,22.139,25.716,1.766,24.624,18.658,NORMAL,0.0,1.0,1.0,1.0,1.0,0.0,0.0,0.0,0.0
37.4,TAKEOFF,91.23,64.3,935.0,28.13,97.959,1.1327,6779.62,80.02,622.48,5.501,66.92,22.145,25.825,1.692,24.6,18.685,6782.6,79.8,623.46,5.52,67.15,22.137,25.825,1.622,24.653,18.765,NORMAL,0.0,1.0,1.0,1.0,1.0,0.0,0.0,0.0,0.0
37.5,TAKEOFF,91.25,64.31,937.5,28.12,97.95,1.1326,6780.35,80.02,622.55,5.501,66.91,22.148,25.825,1.693,24.6,18.688,6775.35,80.75,621.85,5.488,67.12,22.052,25.822,1.707,24.61,18.762,NORMAL,0.0,1.0,1.0,1.0,1.0,0.0,0.0,0.0,0.0
37.6,TAKEOFF,91.27,64.32,940.0,28.12,97.941,1.1325,6781.08,80.02,622.61,5.502,66.91,22.152,25.825,1.693,24.6,18.69,6774.97,79.48,621.44,5.567,67.17,22.179,25.737,1.671,24.613,18.704,NORMAL,0.0,1.0,1.0,1.0,1.0,0.0,0.0,0.0,0.0
37.7,TAKEOFF,91.28,64.33,942.5,28.11,97.932,1.1324,6781.8,80.02,622.67,5.502,66.9,22.155,25.826,1.693,24.6,18.693,6779.0,80.06,625.5,5.518,66.91,22.298,25.835,1.745,24.583,18.655,NORMAL,0.0,1.0,1.0,1.0,1.0,0.0,0.0,0.0,0.0
37.8,TAKEOFF,91.3,64.35,945.0,28.11,97.923,1.1324,6782.53,80.02,622.74,5.502,66.89,22.159,25.826,1.693,24.6,18.695,6778.64,80.43,623.29,5.481,66.97,22.232,25.867,1.675,24.653,18.499,NORMAL,0.0,1.0,1.0,1.0,1.0,0.0,0.0,0.0,0.0
37.9,TAKEOFF,91.32,64.36,947.5,28.1,97.914,1.1323,6783.26,80.02,622.8,5.503,66.88,22.163,25.826,1.693,24.6,18.698,6780.59,80.63,623.61,5.525,66.54,22.193,25.856,1.717,24.743,18.689,NORMAL,0.0,1.0,1.0,1.0,1.0,0.0,0.0,0.0,0.0
38.0,TAKEOFF,91.33,64.37,950.0,28.1,97.906,1.1322,6783.98,80.02,622.86,5.503,66.88,22.166,25.827,1.693,24.6,18.7,6782.78,80.42,622.65,5.468,67.29,22.369,25.89,1.691,24.625,18.762,NORMAL,0.0,1.0,1.0,1.0,1.0,0.0,0.0,0.0,0.0
38.1,TAKEOFF,91.35,64.38,952.5,28.09,97.897,1.1321,6784.71,80.02,622.92,5.504,66.87,22.17,25.827,1.693,24.6,18.703,6784.73,79.59,624.13,5.56,66.8,22.142,25.786,1.623,24.593,18.841,NORMAL,0.0,1.0,1.0,1.0,1.0,0.0,0.0,0.0,0.0
38.2,TAKEOFF,91.37,64.39,955.0,28.09,97.888,1.132,6785.44,80.02,622.99,5.504,66.86,22.173,25.827,1.694,24.6,18.705,6792.04,80.31,622.78,5.531,66.74,22.191,25.913,1.691,24.634,18.697,NORMAL,0.0,1.0,1.0,1.0,1.0,0.0,0.0,0.0,0.0
38.3,TAKEOFF,91.38,64.4,957.5,28.08,97.879,1.1319,6786.16,80.02,623.05,5.505,66.85,22.177,25.828,1.694,24.6,18.708,6792.45,80.72,622.63,5.471,67.2,22.25,25.889,1.685,24.596,18.755,NORMAL,0.0,1.0,1.0,1.0,1.0,0.0,0.0,0.0,0.0
38.4,TAKEOFF,91.4,64.41,960.0,28.08,97.87,1.1319,6786.89,80.02,623.11,5.505,66.85,22.18,25.828,1.694,24.6,18.71,6792.32,79.94,625.09,5.51,66.3,22.079,25.71,1.651,24.609,18.745,NORMAL,0.0,1.0,1.0,1.0,1.0,0.0,0.0,0.0,0.0
38.5,TAKEOFF,91.42,64.42,962.5,28.07,97.861,1.1318,6787.62,80.02,623.17,5.505,66.84,22.184,25.828,1.694,24.6,18.713,6780.28,79.79,620.59,5.484,66.62,22.314,25.872,1.647,24.656,18.779,NORMAL,0.0,1.0,1.0,1.0,1.0,0.0,0.0,0.0,0.0
38.6,TAKEOFF,91.43,64.43,965.0,28.07,97.852,1.1317,6788.34,80.02,623.23,5.506,66.83,22.188,25.829,1.694,24.6,18.715,6791.74,80.54,623.01,5.532,66.73,22.218,25.89,1.717,24.566,18.658,NORMAL,0.0,1.0,1.0,1.0,1.0,0.0,0.0,0.0,0.0
38.7,TAKEOFF,91.45,64.44,967.5,28.06,97.844,1.1316,6789.07,80.02,623.29,5.506,66.82,22.191,25.829,1.694,24.6,18.718,6794.8,79.44,623.65,5.51,66.83,22.19,25.821,1.652,24.616,18.6,NORMAL,0.0,1.0,1.0,1.0,1.0,0.0,0.0,0.0,0.0
38.8,TAKEOFF,91.47,64.45,970.0,28.06,97.835,1.1315,6789.8,80.02,623.35,5.507,66.82,22.195,25.829,1.695,24.6,18.72,6793.94,80.35,623.0,5.495,66.41,22.122,25.892,1.638,24.582,18.765,NORMAL,0.0,1.0,1.0,1.0,1.0,0.0,0.0,0.0,0.0
38.9,TAKEOFF,91.48,64.46,972.5,28.05,97.826,1.1314,6790.52,80.02,623.41,5.507,66.81,22.198,25.83,1.695,24.6,18.723,6781.43,80.21,622.13,5.462,66.82,22.186,25.814,1.668,24.668,18.568,NORMAL,0.0,1.0,1.0,1.0,1.0,0.0,0.0,0.0,0.0
39.0,TAKEOFF,91.5,64.48,975.0,28.05,97.817,1.1314,6791.25,80.02,623.47,5.508,66.8,22.202,25.83,1.695,24.6,18.725,6802.59,80.6,622.66,5.534,67.23,22.089,25.833,1.722,24.64,18.742,NORMAL,0.0,1.0,1.0,1.0,1.0,0.0,0.0,0.0,0.0
39.1,TAKEOFF,91.52,64.49,977.5,28.04,97.808,1.1313,6791.97,80.02,623.53,5.508,66.8,22.205,25.83,1.695,24.6,18.728,6790.61,79.62,623.71,5.521,66.53,22.264,25.743,1.653,24.591,18.781,NORMAL,0.0,1.0,1.0,1.0,1.0,0.0,0.0,0.0,0.0
39.2,TAKEOFF,91.53,64.5,980.0,28.04,97.799,1.1312,6792.7,80.02,623.59,5.509,66.79,22.209,25.831,1.695,24.6,18.73,6799.13,80.05,623.65,5.481,66.4,22.213,25.863,1.629,24.54,18.731,NORMAL,0.0,1.0,1.0,1.0,1.0,0.0,0.0,0.0,0.0
39.3,TAKEOFF,91.55,64.51,982.5,28.03,97.791,1.1311,6793.43,80.02,623.65,5.509,66.78,22.213,25.831,1.695,24.6,18.733,6788.11,79.93,622.17,5.519,67.05,22.204,25.805,1.804,24.665,18.684,NORMAL,0.0,1.0,1.0,1.0,1.0,0.0,0.0,0.0,0.0
39.4,TAKEOFF,91.57,64.52,985.0,28.03,97.782,1.131,6794.15,80.02,623.71,5.509,66.77,22.216,25.831,1.696,24.6,18.735,6796.63,80.39,624.6,5.516,66.77,22.281,25.863,1.723,24.695,18.949,NORMAL,0.0,1.0,1.0,1.0,1.0,0.0,0.0,0.0,0.0
39.5,TAKEOFF,91.58,64.53,987.5,28.02,97.773,1.1309,6794.88,80.02,623.77,5.51,66.77,22.22,25.832,1.696,24.6,18.738,6794.72,80.78,624.9,5.536,67.0,22.242,25.828,1.627,24.536,18.788,NORMAL,0.0,1.0,1.0,1.0,1.0,0.0,0.0,0.0,0.0
39.6,TAKEOFF,91.6,64.54,990.0,28.02,97.764,1.1309,6795.61,80.02,623.82,5.51,66.76,22.223,25.832,1.696,24.6,18.74,6794.08,79.42,624.24,5.592,66.57,22.246,25.72,1.713,24.589,18.847,NORMAL,0.0,1.0,1.0,1.0,1.0,0.0,0.0,0.0,0.0
39.7,TAKEOFF,91.62,64.55,992.5,28.01,97.755,1.1308,6796.33,80.03,623.88,5.511,66.75,22.227,25.832,1.696,24.6,18.743,6793.17,80.13,622.13,5.487,67.04,22.157,25.747,1.601,24.585,18.77,NORMAL,0.0,1.0,1.0,1.0,1.0,0.0,0.0,0.0,0.0
39.8,TAKEOFF,91.63,64.56,995.0,28.01,97.746,1.1307,6797.06,80.03,623.94,5.511,66.75,22.23,25.833,1.696,24.6,18.745,6796.93,80.4,621.61,5.45,67.57,22.317,25.856,1.642,24.69,18.835,NORMAL,0.0,1.0,1.0,1.0,1.0,0.0,0.0,0.0,0.0
39.9,TAKEOFF,91.65,64.57,997.5,28.0,97.738,1.1306,6797.79,80.03,624.0,5.512,66.74,22.234,25.833,1.696,24.6,18.748,6801.07,80.01,624.84,5.478,66.85,22.296,25.841,1.689,24.642,18.796,NORMAL,0.0,1.0,1.0,1.0,1.0,0.0,0.0,0.0,0.0
40.0,TAKEOFF,91.67,64.58,1000.0,28.0,97.729,1.1305,6798.51,80.03,624.06,5.512,66.73,22.238,25.833,1.697,24.6,18.75,6794.63,80.91,623.46,5.532,66.56,22.212,25.9,1.689,24.65,18.679,NORMAL,0.0,1.0,1.0,1.0,1.0,0.0,0.0,0.0,0.0
40.1,TAKEOFF,91.68,64.59,1002.5,27.99,97.72,1.1304,6799.24,80.03,624.11,5.512,66.72,22.241,25.834,1.697,24.6,18.753,6796.89,80.67,622.86,5.541,66.61,22.169,25.905,1.6,24.579,18.788,NORMAL,0.0,1.0,1.0,1.0,1.0,0.0,0.0,0.0,0.0
40.2,TAKEOFF,91.7,64.61,1005.0,27.99,97.711,1.1304,6799.96,80.03,624.17,5.513,66.72,22.245,25.834,1.697,24.6,18.755,6802.74,80.28,626.1,5.529,66.3,22.371,25.704,1.681,24.573,18.59,NORMAL,0.0,1.0,1.0,1.0,1.0,0.0,0.0,0.0,0.0
40.3,TAKEOFF,91.72,64.62,1007.5,27.98,97.702,1.1303,6800.69,80.03,624.23,5.513,66.71,22.248,25.834,1.697,24.6,18.758,6802.44,79.34,622.99,5.48,66.79,22.11,25.754,1.717,24.658,18.589,NORMAL,0.0,1.0,1.0,1.0,1.0,0.0,0.0,0.0,0.0
40.4,TAKEOFF,91.73,64.63,1010.0,27.98,97.693,1.1302,6801.42,80.03,624.28,5.514,66.7,22.252,25.835,1.697,24.6,18.76,6805.38,79.91,622.24,5.496,66.92,22.216,25.819,1.821,24.612,18.69,NORMAL,0.0,1.0,1.0,1.0,1.0,0.0,0.0,0.0,0.0
40.5,TAKEOFF,91.75,64.64,1012.5,27.97,97.685,1.1301,6802.14,80.03,624.34,5.514,66.69,22.255,25.835,1.697,24.6,18.763,6811.37,79.79,625.32,5.497,66.55,22.211,25.823,1.637,24.698,18.702,NORMAL,0.0,1.0,1.0,1.0,1.0,0.0,0.0,0.0,0.0
40.6,TAKEOFF,91.77,64.65,1015.0,27.97,97.676,1.13,6802.87,80.03,624.4,5.515,66.69,22.259,25.835,1.697,24.6,18.765,6804.54,79.71,623.77,5.534,67.1,22.214,25.816,1.745,24.538,18.652,NORMAL,0.0,1.0,1.0,1.0,1.0,0.0,0.0,0.0,0.0
40.7,TAKEOFF,91.78,64.66,1017.5,27.96,97.667,1.1299,6803.6,80.03,624.45,5.515,66.68,22.263,25.836,1.698,24.6,18.768,6797.38,78.98,623.09,5.567,66.48,22.284,25.849,1.724,24.591,18.68,NORMAL,0.0,1.0,1.0,1.0,1.0,0.0,0.0,0.0,0.0
40.8,TAKEOFF,91.8,64.67,1020.0,27.96,97.658,1.1299,6804.32,80.03,624.51,5.516,66.67,22.266,25.836,1.698,24.6,18.77,6803.72,79.44,624.49,5.489,66.71,22.212,25.844,1.66,24.569,18.754,NORMAL,0.0,1.0,1.0,1.0,1.0,0.0,0.0,0.0,0.0
40.9,TAKEOFF,91.82,64.68,1022.5,27.95,97.649,1.1298,6805.05,80.03,624.56,5.516,66.67,22.27,25.836,1.698,24.6,18.773,6802.39,80.3,622.97,5.471,67.06,22.142,25.811,1.687,24.613,18.857,NORMAL,0.0,1.0,1.0,1.0,1.0,0.0,0.0,0.0,0.0
41.0,TAKEOFF,91.83,64.69,1025.0,27.95,97.641,1.1297,6805.77,80.03,624.62,5.516,66.66,22.273,25.837,1.698,24.6,18.775,6808.76,79.95,626.85,5.499,67.32,22.212,25.812,1.749,24.543,18.462,NORMAL,0.0,1.0,1.0,1.0,1.0,0.0,0.0,0.0,0.0
41.1,TAKEOFF,91.85,64.7,1027.5,27.94,97.632,1.1296,6806.5,80.03,624.67,5.517,66.65,22.277,25.837,1.698,24.6,18.778,6806.31,79.67,624.29,5.501,66.92,22.388,25.852,1.722,24.58,18.863,NORMAL,0.0,1.0,1.0,1.0,1.0,0.0,0.0,0.0,0.0
41.2,TAKEOFF,91.87,64.71,1030.0,27.94,97.623,1.1295,6807.23,80.03,624.73,5.517,66.64,22.28,25.837,1.698,24.6,18.78,6813.47,80.02,625.11,5.51,66.73,22.332,25.832,1.71,24.599,18.715,NORMAL,0.0,1.0,1.0,1.0,1.0,0.0,0.0,0.0,0.0
41.3,TAKEOFF,91.88,64.72,1032.5,27.93,97.614,1.1294,6807.95,80.03,624.78,5.518,66.64,22.284,25.838,1.699,24.6,18.783,6799.55,79.95,627.06,5.529,66.51,22.344,25.822,1.72,24.672,18.727,NORMAL,0.0,1.0,1.0,1.0,1.0,0.0,0.0,0.0,0.0
41.4,TAKEOFF,91.9,64.74,1035.0,27.93,97.605,1.1294,6808.68,80.03,624.84,5.518,66.63,22.288,25.838,1.699,24.6,18.785,6803.3,79.94,623.68,5.523,66.3,22.426,25.855,1.799,24.475,18.66,NORMAL,0.0,1.0,1.0,1.0,1.0,0.0,0.0,0.0,0.0
41.5,TAKEOFF,91.92,64.75,1037.5,27.92,97.596,1.1293,6809.4,80.03,624.89,5.519,66.62,22.291,25.838,1.699,24.6,18.788,6814.54,80.3,621.32,5.525,66.48,22.374,25.859,1.696,24.599,18.901,NORMAL,0.0,1.0,1.0,1.0,1.0,0.0,0.0,0.0,0.0
41.6,TAKEOFF,91.93,64.76,1040.0,27.92,97.588,1.1292,6810.13,80.03,624.95,5.519,66.62,22.295,25.839,1.699,24.6,18.79,6817.77,79.48,623.43,5.545,66.41,22.323,25.896,1.703,24.597,18.741,NORMAL,0.0,1.0,1.0,1.0,1.0,0.0,0.0,0.0,0.0
41.7,TAKEOFF,91.95,64.77,1042.5,27.91,97.579,1.1291,6810.86,80.03,625.0,5.519,66.61,22.298,25.839,1.699,24.6,18.793,6817.17,79.8,623.86,5.541,66.87,22.165,25.862,1.688,24.506,18.917,NORMAL,0.0,1.0,1.0,1.0,1.0,0.0,0.0,0.0,0.0
41.8,TAKEOFF,91.97,64.78,1045.0,27.91,97.57,1.129,6811.58,80.03,625.06,5.52,66.6,22.302,25.839,1.699,24.6,18.795,6816.42,80.3,623.85,5.522,66.27,22.278,25.885,1.644,24.551,18.914,NORMAL,0.0,1.0,1.0,1.0,1.0,0.0,0.0,0.0,0.0
41.9,TAKEOFF,91.98,64.79,1047.5,27.9,97.561,1.1289,6812.31,80.03,625.11,5.52,66.59,22.305,25.84,1.7,24.6,18.798,6805.39,79.73,628.09,5.512,66.46,22.273,25.849,1.652,24.591,18.898,NORMAL,0.0,1.0,1.0,1.0,1.0,0.0,0.0,0.0,0.0
42.0,TAKEOFF,92.0,64.8,1050.0,27.9,97.552,1.1289,6813.03,80.03,625.16,5.521,66.59,22.309,25.84,1.7,24.6,18.8,6812.7,79.93,624.4,5.529,66.3,22.396,25.818,1.701,24.564,18.822,NORMAL,0.0,1.0,1.0,1.0,1.0,0.0,0.0,0.0,0.0
42.1,TAKEOFF,92.02,64.81,1052.5,27.89,97.544,1.1288,6813.76,80.03,625.22,5.521,66.58,22.313,25.84,1.7,24.6,18.803,6813.34,80.18,626.29,5.492,66.6,22.239,25.848,1.696,24.559,18.593,NORMAL,0.0,1.0,1.0,1.0,1.0,0.0,0.0,0.0,0.0
42.2,TAKEOFF,92.03,64.82,1055.0,27.89,97.535,1.1287,6814.49,80.03,625.27,5.522,66.57,22.316,25.841,1.7,24.6,18.805,6810.16,79.93,623.09,5.478,66.93,22.19,25.821,1.673,24.592,18.65,NORMAL,0.0,1.0,1.0,1.0,1.0,0.0,0.0,0.0,0.0
42.3,TAKEOFF,92.05,64.83,1057.5,27.88,97.526,1.1286,6815.21,80.03,625.32,5.522,66.57,22.32,25.841,1.7,24.6,18.808,6813.37,80.45,628.91,5.522,66.56,22.368,25.844,1.683,24.526,18.702,NORMAL,0.0,1.0,1.0,1.0,1.0,0.0,0.0,0.0,0.0
42.4,TAKEOFF,92.07,64.84,1060.0,27.88,97.517,1.1285,6815.94,80.03,625.38,5.522,66.56,22.323,25.841,1.7,24.6,18.81,6812.36,80.11,624.4,5.578,67.18,22.518,25.826,1.678,24.559,18.922,NORMAL,0.0,1.0,1.0,1.0,1.0,0.0,0.0,0.0,0.0
42.5,TAKEOFF,92.08,64.85,1062.5,27.87,97.508,1.1284,6816.66,80.03,625.43,5.523,66.55,22.327,25.842,1.7,24.6,18.813,6817.68,80.27,626.7,5.507,66.22,22.304,25.842,1.617,24.613,18.939,NORMAL,0.0,1.0,1.0,1.0,1.0,0.0,0.0,0.0,0.0
42.6,TAKEOFF,92.1,64.87,1065.0,27.87,97.499,1.1284,6817.39,80.03,625.48,5.523,66.54,22.33,25.842,1.701,24.6,18.815,6823.55,79.9,624.26,5.519,66.4,22.32,25.867,1.611,24.584,18.861,NORMAL,0.0,1.0,1.0,1.0,1.0,0.0,0.0,0.0,0.0
42.7,TAKEOFF,92.12,64.88,1067.5,27.86,97.491,1.1283,6818.12,80.03,625.53,5.524,66.54,22.334,25.842,1.701,24.6,18.818,6817.47,80.24,627.16,5.543,66.5,22.401,25.905,1.744,24.664,18.755,NORMAL,0.0,1.0,1.0,1.0,1.0,0.0,0.0,0.0,0.0
42.8,TAKEOFF,92.13,64.89,1070.0,27.86,97.482,1.1282,6818.84,80.03,625.59,5.524,66.53,22.338,25.843,1.701,24.6,18.82,6811.61,80.28,625.38,5.533,66.69,22.284,25.845,1.579,24.575,18.76,NORMAL,0.0,1.0,1.0,1.0,1.0,0.0,0.0,0.0,0.0
42.9,TAKEOFF,92.15,64.9,1072.5,27.85,97.473,1.1281,6819.57,80.03,625.64,5.525,66.52,22.341,25.843,1.701,24.6,18.823,6816.56,80.05,623.69,5.546,66.67,22.401,25.86,1.709,24.568,18.803,NORMAL,0.0,1.0,1.0,1.0,1.0,0.0,0.0,0.0,0.0
43.0,TAKEOFF,92.17,64.91,1075.0,27.85,97.464,1.128,6820.29,80.03,625.69,5.525,66.52,22.345,25.843,1.701,24.6,18.825,6811.6,79.9,624.82,5.513,66.22,22.279,25.811,1.701,24.638,18.709,NORMAL,0.0,1.0,1.0,1.0,1.0,0.0,0.0,0.0,0.0
43.1,TAKEOFF,92.18,64.92,1077.5,27.84,97.455,1.1279,6821.02,80.03,625.74,5.526,66.51,22.348,25.844,1.701,24.6,18.828,6818.04,80.4,624.73,5.511,66.45,22.475,25.807,1.664,24.574,18.848,NORMAL,0.0,1.0,1.0,1.0,1.0,0.0,0.0,0.0,0.0
43.2,TAKEOFF,92.2,64.93,1080.0,27.84,97.447,1.1279,6821.75,80.03,625.79,5.526,66.5,22.352,25.844,1.702,24.6,18.83,6816.92,81.01,627.3,5.526,67.26,22.368,25.833,1.666,24.575,18.784,NORMAL,0.0,1.0,1.0,1.0,1.0,0.0,0.0,0.0,0.0
43.3,TAKEOFF,92.22,64.94,1082.5,27.83,97.438,1.1278,6822.47,80.03,625.85,5.526,66.49,22.355,25.844,1.702,24.6,18.833,6832.06,79.97,623.63,5.535,66.24,22.407,25.761,1.682,24.591,18.971,NORMAL,0.0,1.0,1.0,1.0,1.0,0.0,0.0,0.0,0.0
43.4,TAKEOFF,92.23,64.95,1085.0,27.83,97.429,1.1277,6823.2,80.03,625.9,5.527,66.49,22.359,25.845,1.702,24.6,18.835,6822.07,80.2,626.92,5.468,66.31,22.46,25.877,1.688,24.506,18.849,NORMAL,0.0,1.0,1.0,1.0,1.0,0.0,0.0,0.0,0.0
43.5,TAKEOFF,92.25,64.96,1087.5,27.82,97.42,1.1276,6823.92,80.03,625.95,5.527,66.48,22.362,25.845,1.702,24.6,18.838,6823.57,80.46,628.66,5.497,66.12,22.405,25.886,1.781,24.7,18.769,NORMAL,0.0,1.0,1.0,1.0,1.0,0.0,0.0,0.0,0.0
43.6,TAKEOFF,92.27,64.97,1090.0,27.82,97.411,1.1275,6824.65,80.03,626.0,5.528,66.47,22.366,25.845,1.702,24.6,18.84,6824.48,79.91,625.6,5.508,66.57,22.313,25.913,1.662,24.607,19.005,NORMAL,0.0,1.0,1.0,1.0,1.0,0.0,0.0,0.0,0.0
43.7,TAKEOFF,92.28,64.98,1092.5,27.81,97.403,1.1274,6825.37,80.03,626.05,5.528,66.47,22.37,25.846,1.702,24.6,18.843,6817.57,80.06,625.91,5.592,66.3,22.293,25.852,1.667,24.556,18.937,NORMAL,0.0,1.0,1.0,1.0,1.0,0.0,0.0,0.0,0.0
43.8,TAKEOFF,92.3,65.0,1095.0,27.81,97.394,1.1274,6826.1,80.03,626.1,5.529,66.46,22.373,25.846,1.703,24.6,18.845,6823.73,79.74,625.22,5.492,66.68,22.243,25.774,1.706,24.575,18.813,NORMAL,0.0,1.0,1.0,1.0,1.0,0.0,0.0,0.0,0.0
43.9,TAKEOFF,92.32,65.01,1097.5,27.8,97.385,1.1273,6826.83,80.03,626.15,5.529,66.45,22.377,25.846,1.703,24.6,18.848,6825.77,79.38,625.68,5.469,66.36,22.521,25.765,1.663,24.735,18.895,NORMAL,0.0,1.0,1.0,1.0,1.0,0.0,0.0,0.0,0.0
44.0,TAKEOFF,92.33,65.02,1100.0,27.8,97.376,1.1272,6827.55,80.03,626.2,5.529,66.45,22.38,25.847,1.703,24.6,18.85,6819.63,79.91,626.65,5.51,66.47,22.471,25.887,1.705,24.584,18.793,NORMAL,0.0,1.0,1.0,1.0,1.0,0.0,0.0,0.0,0.0
44.1,TAKEOFF,92.35,65.03,1102.5,27.79,97.367,1.1271,6828.28,80.03,626.25,5.53,66.44,22.384,25.847,1.703,24.6,18.853,6829.13,80.02,625.06,5.56,66.17,22.373,25.79,1.75,24.619,18.809,NORMAL,0.0,1.0,1.0,1.0,1.0,0.0,0.0,0.0,0.0
44.2,TAKEOFF,92.37,65.04,1105.0,27.79,97.359,1.127,6829.0,80.03,626.31,5.53,66.43,22.387,25.847,1.703,24.6,18.855,6829.87,79.9,628.52,5.553,67.27,22.368,25.832,1.665,24.622,18.897,NORMAL,0.0,1.0,1.0,1.0,1.0,0.0,0.0,0.0,0.0
44.3,TAKEOFF,92.38,65.05,1107.5,27.78,97.35,1.127,6829.73,80.03,626.36,5.531,66.42,22.391,25.848,1.703,24.6,18.858,6833.21,79.49,627.97,5.496,66.12,22.39,25.855,1.763,24.591,18.707,NORMAL,0.0,1.0,1.0,1.0,1.0,0.0,0.0,0.0,0.0
44.4,TAKEOFF,92.4,65.06,1110.0,27.78,97.341,1.1269,6830.45,80.03,626.41,5.531,66.42,22.395,25.848,1.704,24.6,18.86,6823.6,79.83,625.85,5.484,66.1,22.386,25.743,1.617,24.62,18.75,NORMAL,0.0,1.0,1.0,1.0,1.0,0.0,0.0,0.0,0.0
44.5,TAKEOFF,92.42,65.07,1112.5,27.77,97.332,1.1268,6831.18,80.03,626.46,5.532,66.41,22.398,25.848,1.704,24.6,18.863,6831.65,80.55,625.48,5.498,66.57,22.351,25.839,1.671,24.547,18.804,NORMAL,0.0,1.0,1.0,1.0,1.0,0.0,0.0,0.0,0.0
44.6,TAKEOFF,92.43,65.08,1115.0,27.77,97.323,1.1267,6831.91,80.03,626.51,5.532,66.4,22.402,25.849,1.704,24.6,18.865,6833.5,79.22,628.73,5.544,66.25,22.362,25.79,1.734,24.626,18.774,NORMAL,0.0,1.0,1.0,1.0,1.0,0.0,0.0,0.0,0.0
44.7,TAKEOFF,92.45,65.09,1117.5,27.76,97.315,1.1266,6832.63,80.03,626.56,5.533,66.4,22.405,25.849,1.704,24.6,18.868,6822.71,79.67,628.81,5.536,66.54,22.303,25.785,1.714,24.649,18.805,NORMAL,0.0,1.0,1.0,1.0,1.0,0.0,0.0,0.0,0.0
44.8,TAKEOFF,92.47,65.1,1120.0,27.76,97.306,1.1265,6833.36,80.03,626.61,5.533,66.39,22.409,25.849,1.704,24.6,18.87,6830.14,79.69,627.99,5.518,66.42,22.438,25.876,1.76,24.558,18.81,NORMAL,0.0,1.0,1.0,1.0,1.0,0.0,0.0,0.0,0.0
44.9,TAKEOFF,92.48,65.11,1122.5,27.75,97.297,1.1265,6834.08,80.03,626.65,5.533,66.38,22.412,25.85,1.704,24.6,18.873,6834.32,80.21,627.47,5.531,66.58,22.287,25.851,1.783,24.594,18.727,NORMAL,0.0,1.0,1.0,1.0,1.0,0.0,0.0,0.0,0.0
45.0,TAKEOFF,92.5,65.13,1125.0,27.75,97.288,1.1264,6834.81,80.03,626.7,5.534,66.37,22.416,25.85,1.704,24.6,18.875,6836.57,80.1,629.23,5.56,66.55,22.516,25.862,1.696,24.545,18.894,NORMAL,0.0,1.0,1.0,1.0,1.0,0.0,0.0,0.0,0.0
45.1,TAKEOFF,92.52,65.14,1127.5,27.74,97.28,1.1263,6835.53,80.03,626.75,5.534,66.37,22.42,25.85,1.705,24.6,18.878,6836.11,79.77,626.32,5.556,66.33,22.414,25.871,1.718,24.618,18.979,NORMAL,0.0,1.0,1.0,1.0,1.0,0.0,0.0,0.0,0.0
45.2,TAKEOFF,92.53,65.15,1130.0,27.74,97.271,1.1262,6836.26,80.03,626.8,5.535,66.36,22.423,25.851,1.705,24.6,18.88,6833.4,80.32,626.18,5.606,66.61,22.395,25.839,1.721,24.565,18.889,NORMAL,0.0,1.0,1.0,1.0,1.0,0.0,0.0,0.0,0.0
45.3,TAKEOFF,92.55,65.16,1132.5,27.73,97.262,1.1261,6836.98,80.03,626.85,5.535,66.35,22.427,25.851,1.705,24.6,18.883,6840.61,79.64,625.24,5.468,65.93,22.584,25.783,1.653,24.608,18.8,NORMAL,0.0,1.0,1.0,1.0,1.0,0.0,0.0,0.0,0.0
45.4,TAKEOFF,92.57,65.17,1135.0,27.73,97.253,1.126,6837.71,80.03,626.9,5.536,66.35,22.43,25.851,1.705,24.6,18.885,6842.69,80.71,625.55,5.49,66.44,22.396,25.843,1.726,24.636,18.97,NORMAL,0.0,1.0,1.0,1.0,1.0,0.0,0.0,0.0,0.0
45.5,TAKEOFF,92.58,65.18,1137.5,27.72,97.244,1.126,6838.44,80.03,626.95,5.536,66.34,22.434,25.852,1.705,24.6,18.888,6838.14,80.79,627.9,5.48,66.55,22.385,25.799,1.686,24.595,18.762,NORMAL,0.0,1.0,1.0,1.0,1.0,0.0,0.0,0.0,0.0
45.6,TAKEOFF,92.6,65.19,1140.0,27.72,97.236,1.1259,6839.16,80.03,627.0,5.536,66.33,22.437,25.852,1.705,24.6,18.89,6838.76,80.16,627.88,5.601,66.32,22.354,25.883,1.63,24.564,18.873,NORMAL,0.0,1.0,1.0,1.0,1.0,0.0,0.0,0.0,0.0
45.7,TAKEOFF,92.62,65.2,1142.5,27.71,97.227,1.1258,6839.89,80.03,627.05,5.537,66.33,22.441,25.852,1.706,24.6,18.893,6845.0,80.28,628.44,5.582,66.32,22.387,25.913,1.815,24.667,18.79,NORMAL,0.0,1.0,1.0,1.0,1.0,0.0,0.0,0.0,0.0
45.8,TAKEOFF,92.63,65.21,1145.0,27.71,97.218,1.1257,6840.61,80.03,627.1,5.537,66.32,22.445,25.853,1.706,24.6,18.895,6840.16,80.17,625.94,5.603,66.25,22.398,25.892,1.721,24.626,19.017,NORMAL,0.0,1.0,1.0,1.0,1.0,0.0,0.0,0.0,0.0
45.9,TAKEOFF,92.65,65.22,1147.5,27.7,97.209,1.1256,6841.34,80.03,627.14,5.538,66.31,22.448,25.853,1.706,24.6,18.898,6844.32,79.21,626.26,5.566,66.37,22.467,25.872,1.665,24.561,18.999,NORMAL,0.0,1.0,1.0,1.0,1.0,0.0,0.0,0.0,0.0
46.0,TAKEOFF,92.67,65.23,1150.0,27.7,97.2,1.1255,6842.06,80.03,627.19,5.538,66.3,22.452,25.853,1.706,24.6,18.9,6839.97,80.62,629.67,5.524,66.33,22.525,25.852,1.753,24.569,19.012,NORMAL,0.0,1.0,1.0,1.0,1.0,0.0,0.0,0.0,0.0
46.1,TAKEOFF,92.68,65.24,1152.5,27.69,97.192,1.1255,6842.79,80.03,627.24,5.539,66.3,22.455,25.854,1.706,24.6,18.903,6837.17,79.33,629.4,5.571,66.33,22.411,25.923,1.755,24.608,18.794,NORMAL,0.0,1.0,1.0,1.0,1.0,0.0,0.0,0.0,0.0
46.2,TAKEOFF,92.7,65.26,1155.0,27.69,97.183,1.1254,6843.51,80.03,627.29,5.539,66.29,22.459,25.854,1.706,24.6,18.905,6845.07,79.7,625.77,5.531,66.59,22.428,25.795,1.702,24.599,18.904,NORMAL,0.0,1.0,1.0,1.0,1.0,0.0,0.0,0.0,0.0
46.3,TAKEOFF,92.72,65.27,1157.5,27.68,97.174,1.1253,6844.24,80.03,627.34,5.539,66.28,22.462,25.854,1.707,24.6,18.908,6845.51,80.23,628.61,5.522,66.42,22.63,25.79,1.736,24.61,19.036,NORMAL,0.0,1.0,1.0,1.0,1.0,0.0,0.0,0.0,0.0
46.4,TAKEOFF,92.73,65.28,1160.0,27.68,97.165,1.1252,6844.96,80.03,627.39,5.54,66.28,22.466,25.855,1.707,24.6,18.91,6845.46,79.94,626.42,5.534,66.41,22.713,25.83,1.698,24.53,18.975,NORMAL,0.0,1.0,1.0,1.0,1.0,0.0,0.0,0.0,0.0
46.5,TAKEOFF,92.75,65.29,1162.5,27.67,97.157,1.1251,6845.69,80.03,627.43,5.54,66.27,22.47,25.855,1.707,24.6,18.913,6842.03,79.86,629.23,5.525,66.3,22.526,25.82,1.677,24.581,18.994,NORMAL,0.0,1.0,1.0,1.0,1.0,0.0,0.0,0.0,0.0
46.6,TAKEOFF,92.77,65.3,1165.0,27.67,97.148,1.125,6846.41,80.03,627.48,5.541,66.26,22.473,25.855,1.707,24.6,18.915,6849.72,79.34,627.57,5.458,66.21,22.576,25.832,1.658,24.477,18.815,NORMAL,0.0,1.0,1.0,1.0,1.0,0.0,0.0,0.0,0.0
46.7,TAKEOFF,92.78,65.31,1167.5,27.66,97.139,1.125,6847.14,80.03,627.53,5.541,66.26,22.477,25.856,1.707,24.6,18.918,6839.75,79.46,624.22,5.495,66.32,22.377,25.878,1.706,24.589,18.776,NORMAL,0.0,1.0,1.0,1.0,1.0,0.0,0.0,0.0,0.0
46.8,TAKEOFF,92.8,65.32,1170.0,27.66,97.13,1.1249,6847.87,80.03,627.58,5.542,66.25,22.48,25.856,1.707,24.6,18.92,6859.04,80.86,626.06,5.538,66.26,22.503,25.82,1.639,24.589,19.013,NORMAL,0.0,1.0,1.0,1.0,1.0,0.0,0.0,0.0,0.0
46.9,TAKEOFF,92.82,65.33,1172.5,27.65,97.121,1.1248,6848.59,80.03,627.62,5.542,66.24,22.484,25.856,1.708,24.6,18.923,6859.84,79.93,628.66,5.562,66.95,22.43,25.874,1.688,24.535,18.841,NORMAL,0.0,1.0,1.0,1.0,1.0,0.0,0.0,0.0,0.0
47.0,TAKEOFF,92.83,65.34,1175.0,27.65,97.113,1.1247,6849.32,80.03,627.67,5.543,66.23,22.487,25.857,1.708,24.6,18.925,6852.25,79.9,628.59,5.491,66.4,22.44,25.91,1.773,24.635,18.951,NORMAL,0.0,1.0,1.0,1.0,1.0,0.0,0.0,0.0,0.0
47.1,TAKEOFF,92.85,65.35,1177.5,27.64,97.104,1.1246,6850.04,80.03,627.72,5.543,66.23,22.491,25.857,1.708,24.6,18.928,6853.05,79.65,631.16,5.557,66.06,22.332,25.795,1.688,24.635,18.861,NORMAL,0.0,1.0,1.0,1.0,1.0,0.0,0.0,0.0,0.0
47.2,TAKEOFF,92.87,65.36,1180.0,27.64,97.095,1.1245,6850.77,80.03,627.77,5.543,66.22,22.495,25.857,1.708,24.6,18.93,6844.01,79.59,628.09,5.573,66.55,22.519,25.944,1.759,24.547,18.813,NORMAL,0.0,1.0,1.0,1.0,1.0,0.0,0.0,0.0,0.0
47.3,TAKEOFF,92.88,65.37,1182.5,27.63,97.086,1.1245,6851.49,80.03,627.81,5.544,66.21,22.498,25.858,1.708,24.6,18.933,6856.67,79.63,628.24,5.507,66.16,22.498,25.887,1.73,24.581,18.886,NORMAL,0.0,1.0,1.0,1.0,1.0,0.0,0.0,0.0,0.0
47.4,TAKEOFF,92.9,65.39,1185.0,27.63,97.078,1.1244,6852.22,80.03,627.86,5.544,66.21,22.502,25.858,1.708,24.6,18.935,6850.49,79.94,625.54,5.54,65.82,22.504,25.854,1.744,24.58,19.125,NORMAL,0.0,1.0,1.0,1.0,1.0,0.0,0.0,0.0,0.0
47.5,TAKEOFF,92.92,65.4,1187.5,27.62,97.069,1.1243,6852.94,80.03,627.91,5.545,66.2,22.505,25.858,1.708,24.6,18.938,6854.95,80.67,627.0,5.582,66.41,22.517,25.883,1.669,24.611,18.931,NORMAL,0.0,1.0,1.0,1.0,1.0,0.0,0.0,0.0,0.0
47.6,TAKEOFF,92.93,65.41,1190.0,27.62,97.06,1.1242,6853.67,80.03,627.95,5.545,66.19,22.509,25.859,1.709,24.6,18.94,6851.43,80.29,627.62,5.6,65.74,22.325,25.887,1.682,24.567,18.897,NORMAL,0.0,1.0,1.0,1.0,1.0,0.0,0.0,0.0,0.0
47.7,TAKEOFF,92.95,65.42,1192.5,27.61,97.051,1.1241,6854.39,80.03,628.0,5.546,66.19,22.512,25.859,1.709,24.6,18.943,6850.74,79.46,628.31,5.623,65.98,22.496,25.96,1.653,24.608,18.962,NORMAL,0.0,1.0,1.0,1.0,1.0,0.0,0.0,0.0,0.0
47.8,TAKEOFF,92.97,65.43,1195.0,27.61,97.043,1.124,6855.12,80.03,628.05,5.546,66.18,22.516,25.859,1.709,24.6,18.945,6860.24,80.33,628.14,5.496,66.14,22.27,25.98,1.634,24.652,19.016,NORMAL,0.0,1.0,1.0,1.0,1.0,0.0,0.0,0.0,0.0
47.9,TAKEOFF,92.98,65.44,1197.5,27.6,97.034,1.124,6855.84,80.03,628.09,5.546,66.17,22.52,25.86,1.709,24.6,18.948,6853.85,79.1,625.95,5.535,65.78,22.433,25.889,1.754,24.605,18.886,NORMAL,0.0,1.0,1.0,1.0,1.0,0.0,0.0,0.0,0.0
48.0,TAKEOFF,93.0,65.45,1200.0,27.6,97.025,1.1239,6856.57,80.03,628.14,5.547,66.16,22.523,25.86,1.709,24.6,18.95,6870.19,79.97,627.76,5.519,66.1,22.61,25.816,1.659,24.668,19.097,NORMAL,0.0,1.0,1.0,1.0,1.0,0.0,0.0,0.0,0.0
48.1,TAKEOFF,93.02,65.46,1202.5,27.59,97.016,1.1238,6857.29,80.03,628.19,5.547,66.16,22.527,25.86,1.709,24.6,18.953,6854.55,80.64,630.32,5.557,66.36,22.448,25.903,1.728,24.588,18.998,NORMAL,0.0,1.0,1.0,1.0,1.0,0.0,0.0,0.0,0.0
48.2,TAKEOFF,93.03,65.47,1205.0,27.59,97.007,1.1237,6858.02,80.03,628.23,5.548,66.15,22.53,25.861,1.71,24.6,18.955,6859.27,79.35,629.82,5.523,66.52,22.748,25.832,1.741,24.624,18.869,NORMAL,0.0,1.0,1.0,1.0,1.0,0.0,0.0,0.0,0.0
48.3,TAKEOFF,93.05,65.48,1207.5,27.58,96.999,1.1236,6858.74,80.03,628.28,5.548,66.14,22.534,25.861,1.71,24.6,18.958,6865.11,80.71,629.3,5.527,65.87,22.483,25.808,1.735,24.468,19.057,NORMAL,0.0,1.0,1.0,1.0,1.0,0.0,0.0,0.0,0.0
48.4,TAKEOFF,93.07,65.49,1210.0,27.58,96.99,1.1235,6859.47,80.03,628.33,5.549,66.14,22.537,25.861,1.71,24.6,18.96,6857.86,79.99,626.45,5.525,65.99,22.826,25.869,1.725,24.593,19.172,NORMAL,0.0,1.0,1.0,1.0,1.0,0.0,0.0,0.0,0.0
48.5,TAKEOFF,93.08,65.5,1212.5,27.57,96.981,1.1235,6860.19,80.03,628.37,5.549,66.13,22.541,25.862,1.71,24.6,18.963,6869.54,80.34,629.17,5.523,65.99,22.203,25.817,1.715,24.644,18.866,NORMAL,0.0,1.0,1.0,1.0,1.0,0.0,0.0,0.0,0.0
48.6,TAKEOFF,93.1,65.52,1215.0,27.57,96.972,1.1234,6860.92,80.03,628.42,5.549,66.12,22.545,25.862,1.71,24.6,18.965,6864.79,79.32,627.79,5.572,66.58,22.521,25.935,1.664,24.656,19.044,NORMAL,0.0,1.0,1.0,1.0,1.0,0.0,0.0,0.0,0.0
48.7,TAKEOFF,93.12,65.53,1217.5,27.56,96.964,1.1233,6861.64,80.03,628.47,5.55,66.12,22.548,25.862,1.71,24.6,18.968,6867.61,80.24,628.68,5.55,66.18,22.596,25.826,1.674,24.685,18.982,NORMAL,0.0,1.0,1.0,1.0,1.0,0.0,0.0,0.0,0.0
48.8,TAKEOFF,93.13,65.54,1220.0,27.56,96.955,1.1232,6862.37,80.03,628.51,5.55,66.11,22.552,25.863,1.711,24.6,18.97,6857.03,79.7,625.96,5.533,66.26,22.476,25.923,1.705,24.608,18.843,NORMAL,0.0,1.0,1.0,1.0,1.0,0.0,0.0,0.0,0.0
48.9,TAKEOFF,93.15,65.55,1222.5,27.55,96.946,1.1231,6863.09,80.03,628.56,5.551,66.1,22.555,25.863,1.711,24.6,18.973,6861.72,79.57,628.08,5.508,66.1,22.598,25.946,1.711,24.505,19.02,NORMAL,0.0,1.0,1.0,1.0,1.0,0.0,0.0,0.0,0.0
49.0,TAKEOFF,93.17,65.56,1225.0,27.55,96.937,1.1231,6863.82,80.03,628.6,5.551,66.1,22.559,25.863,1.711,24.6,18.975,6861.91,80.15,628.47,5.539,66.13,22.592,25.86,1.714,24.641,18.843,NORMAL,0.0,1.0,1.0,1.0,1.0,0.0,0.0,0.0,0.0
49.1,TAKEOFF,93.18,65.57,1227.5,27.54,96.929,1.123,6864.54,80.03,628.65,5.552,66.09,22.562,25.864,1.711,24.6,18.978,6863.06,80.52,629.9,5.565,66.1,22.646,25.859,1.694,24.604,19.023,NORMAL,0.0,1.0,1.0,1.0,1.0,0.0,0.0,0.0,0.0
49.2,TAKEOFF,93.2,65.58,1230.0,27.54,96.92,1.1229,6865.27,80.03,628.69,5.552,66.08,22.566,25.864,1.711,24.6,18.98,6866.49,80.37,628.2,5.534,66.08,22.419,25.79,1.684,24.651,18.979,NORMAL,0.0,1.0,1.0,1.0,1.0,0.0,0.0,0.0,0.0
49.3,TAKEOFF,93.22,65.59,1232.5,27.53,96.911,1.1228,6865.99,80.03,628.74,5.553,66.07,22.569,25.864,1.711,24.6,18.983,6869.25,80.52,626.42,5.564,66.28,22.628,25.835,1.649,24.657,18.986,NORMAL,0.0,1.0,1.0,1.0,1.0,0.0,0.0,0.0,0.0
49.4,TAKEOFF,93.23,65.6,1235.0,27.53,96.902,1.1227,6866.72,80.03,628.79,5.553,66.07,22.573,25.865,1.711,24.6,18.985,6857.02,79.29,626.4,5.562,65.98,22.596,25.87,1.605,24.611,19.078,NORMAL,0.0,1.0,1.0,1.0,1.0,0.0,0.0,0.0,0.0
49.5,TAKEOFF,93.25,65.61,1237.5,27.52,96.894,1.1226,6867.44,80.03,628.83,5.553,66.06,22.577,25.865,1.712,24.6,18.988,6858.4,79.83,629.6,5.522,66.49,22.396,25.941,1.722,24.583,18.947,NORMAL,0.0,1.0,1.0,1.0,1.0,0.0,0.0,0.0,0.0
49.6,TAKEOFF,93.27,65.62,1240.0,27.52,96.885,1.1226,6868.17,80.03,628.88,5.554,66.05,22.58,25.865,1.712,24.6,18.99,6867.04,79.78,627.59,5.536,66.19,22.722,25.93,1.707,24.5,18.889,NORMAL,0.0,1.0,1.0,1.0,1.0,0.0,0.0,0.0,0.0
49.7,TAKEOFF,93.28,65.63,1242.5,27.51,96.876,1.1225,6868.89,80.03,628.92,5.554,66.05,22.584,25.866,1.712,24.6,18.993,6866.51,80.13,624.75,5.584,66.4,22.535,25.841,1.726,24.608,19.143,NORMAL,0.0,1.0,1.0,1.0,1.0,0.0,0.0,0.0,0.0
49.8,TAKEOFF,93.3,65.65,1245.0,27.51,96.867,1.1224,6869.62,80.03,628.97,5.555,66.04,22.587,25.866,1.712,24.6,18.995,6871.67,79.16,629.73,5.562,65.87,22.521,25.843,1.774,24.6,19.077,NORMAL,0.0,1.0,1.0,1.0,1.0,0.0,0.0,0.0,0.0
49.9,TAKEOFF,93.32,65.66,1247.5,27.5,96.859,1.1223,6870.34,80.03,629.01,5.555,66.03,22.591,25.866,1.712,24.6,18.998,6861.35,80.55,627.89,5.577,66.57,22.516,25.937,1.76,24.641,19.004,NORMAL,0.0,1.0,1.0,1.0,1.0,0.0,0.0,0.0,0.0
50.0,TAKEOFF,93.33,65.67,1250.0,27.5,96.85,1.1222,6871.07,80.03,629.06,5.556,66.03,22.594,25.867,1.712,24.6,19.0,6870.38,79.95,629.21,5.543,65.85,22.683,25.909,1.763,24.636,18.862,NORMAL,0.0,1.0,1.0,1.0,1.0,0.0,0.0,0.0,0.0
50.1,TAKEOFF,93.35,65.68,1252.5,27.49,96.841,1.1221,6871.79,80.03,629.1,5.556,66.02,22.598,25.867,1.713,24.6,19.003,6872.42,80.04,630.29,5.483,65.84,22.712,25.804,1.75,24.527,18.987,NORMAL,0.0,1.0,1.0,1.0,1.0,0.0,0.0,0.0,0.0
50.2,TAKEOFF,93.37,65.69,1255.0,27.49,96.832,1.1221,6872.52,80.03,629.15,5.556,66.01,22.602,25.867,1.713,24.6,19.005,6866.12,80.6,629.8,5.586,65.81,22.477,25.882,1.724,24.641,19.209,NORMAL,0.0,1.0,1.0,1.0,1.0,0.0,0.0,0.0,0.0
50.3,TAKEOFF,93.38,65.7,1257.5,27.48,96.824,1.122,6873.24,80.03,629.19,5.557,66.01,22.605,25.868,1.713,24.6,19.008,6866.84,79.87,630.84,5.541,66.13,22.661,25.867,1.742,24.585,19.078,NORMAL,0.0,1.0,1.0,1.0,1.0,0.0,0.0,0.0,0.0
50.4,TAKEOFF,93.4,65.71,1260.0,27.48,96.815,1.1219,6873.97,80.03,629.24,5.557,66.0,22.609,25.868,1.713,24.6,19.01,6869.81,79.45,629.4,5.546,65.99,22.5,25.882,1.778,24.615,19.021,NORMAL,0.0,1.0,1.0,1.0,1.0,0.0,0.0,0.0,0.0
50.5,TAKEOFF,93.42,65.72,1262.5,27.47,96.806,1.1218,6874.69,80.04,629.28,5.558,65.99,22.612,25.868,1.713,24.6,19.013,6870.45,79.63,630.38,5.568,66.34,22.549,25.883,1.794,24.586,18.97,NORMAL,0.0,1.0,1.0,1.0,1.0,0.0,0.0,0.0,0.0
50.6,TAKEOFF,93.43,65.73,1265.0,27.47,96.797,1.1217,6875.42,80.04,629.33,5.558,65.99,22.616,25.869,1.713,24.6,19.015,6868.76,80.51,627.58,5.541,65.38,22.799,25.802,1.697,24.539,18.986,NORMAL,0.0,1.0,1.0,1.0,1.0,0.0,0.0,0.0,0.0
50.7,TAKEOFF,93.45,65.74,1267.5,27.46,96.789,1.1216,6876.14,80.04,629.37,5.559,65.98,22.619,25.869,1.714,24.6,19.018,6876.23,80.82,628.33,5.571,65.75,22.863,25.9,1.698,24.551,18.947,NORMAL,0.0,1.0,1.0,1.0,1.0,0.0,0.0,0.0,0.0
50.8,TAKEOFF,93.47,65.75,1270.0,27.46,96.78,1.1216,6876.87,80.04,629.42,5.559,65.97,22.623,25.869,1.714,24.6,19.02,6876.51,79.85,629.12,5.604,66.28,22.708,25.956,1.652,24.617,19.012,NORMAL,0.0,1.0,1.0,1.0,1.0,0.0,0.0,0.0,0.0
50.9,TAKEOFF,93.48,65.76,1272.5,27.45,96.771,1.1215,6877.59,80.04,629.46,5.559,65.97,22.627,25.87,1.714,24.6,19.023,6875.43,79.95,630.31,5.558,65.81,22.614,25.938,1.745,24.643,18.974,NORMAL,0.0,1.0,1.0,1.0,1.0,0.0,0.0,0.0,0.0
51.0,TAKEOFF,93.5,65.78,1275.0,27.45,96.762,1.1214,6878.31,80.04,629.51,5.56,65.96,22.63,25.87,1.714,24.6,19.025,6876.74,80.75,628.92,5.584,65.92,22.583,25.793,1.742,24.589,19.022,NORMAL,0.0,1.0,1.0,1.0,1.0,0.0,0.0,0.0,0.0
51.1,TAKEOFF,93.52,65.79,1277.5,27.44,96.754,1.1213,6879.04,80.04,629.55,5.56,65.95,22.634,25.87,1.714,24.6,19.028,6876.41,78.85,628.2,5.508,66.06,22.71,25.92,1.734,24.621,19.01,NORMAL,0.0,1.0,1.0,1.0,1.0,0.0,0.0,0.0,0.0
51.2,TAKEOFF,93.53,65.8,1280.0,27.44,96.745,1.1212,6879.76,80.04,629.6,5.561,65.94,22.637,25.871,1.714,24.6,19.03,6875.01,80.2,628.32,5.561,65.81,22.628,25.894,1.716,24.647,19.014,NORMAL,0.0,1.0,1.0,1.0,1.0,0.0,0.0,0.0,0.0
51.3,TAKEOFF,93.55,65.81,1282.5,27.43,96.736,1.1212,6880.49,80.04,629.64,5.561,65.94,22.641,25.871,1.715,24.6,19.033,6885.4,79.7,629.73,5.577,65.88,22.677,25.855,1.769,24.576,19.0,NORMAL,0.0,1.0,1.0,1.0,1.0,0.0,0.0,0.0,0.0
51.4,TAKEOFF,93.57,65.82,1285.0,27.43,96.727,1.1211,6881.21,80.04,629.69,5.562,65.93,22.644,25.871,1.715,24.6,19.035,6877.69,79.14,630.71,5.544,66.2,22.562,25.835,1.658,24.671,18.92,NORMAL,0.0,1.0,1.0,1.0,1.0,0.0,0.0,0.0,0.0
51.5,TAKEOFF,93.58,65.83,1287.5,27.42,96.719,1.121,6881.94,80.04,629.73,5.562,65.92,22.648,25.872,1.715,24.6,19.038,6880.27,80.13,629.97,5.544,65.98,22.73,25.884,1.719,24.546,19.054,NORMAL,0.0,1.0,1.0,1.0,1.0,0.0,0.0,0.0,0.0
51.6,TAKEOFF,93.6,65.84,1290.0,27.42,96.71,1.1209,6882.66,80.04,629.77,5.562,65.92,22.652,25.872,1.715,24.6,19.04,6883.55,79.44,629.75,5.586,65.86,22.612,25.891,1.692,24.653,19.023,NORMAL,0.0,1.0,1.0,1.0,1.0,0.0,0.0,0.0,0.0
51.7,TAKEOFF,93.62,65.85,1292.5,27.41,96.701,1.1208,6883.39,80.04,629.82,5.563,65.91,22.655,25.872,1.715,24.6,19.043,6879.51,79.53,629.52,5.573,65.76,22.551,25.807,1.596,24.62,19.0,NORMAL,0.0,1.0,1.0,1.0,1.0,0.0,0.0,0.0,0.0
51.8,TAKEOFF,93.63,65.86,1295.0,27.41,96.692,1.1207,6884.11,80.04,629.86,5.563,65.9,22.659,25.873,1.715,24.6,19.045,6887.11,79.92,630.67,5.565,65.4,22.726,25.893,1.791,24.649,19.114,NORMAL,0.0,1.0,1.0,1.0,1.0,0.0,0.0,0.0,0.0
51.9,TAKEOFF,93.65,65.87,1297.5,27.4,96.684,1.1207,6884.84,80.04,629.91,5.564,65.9,22.662,25.873,1.715,24.6,19.048,6878.95,79.87,629.24,5.533,65.56,22.709,25.964,1.703,24.61,18.859,NORMAL,0.0,1.0,1.0,1.0,1.0,0.0,0.0,0.0,0.0
52.0,TAKEOFF,93.67,65.88,1300.0,27.4,96.675,1.1206,6885.56,80.04,629.95,5.564,65.89,22.666,25.873,1.716,24.6,19.05,6881.38,80.27,629.31,5.507,65.81,22.669,25.911,1.714,24.607,19.024,NORMAL,0.0,1.0,1.0,1.0,1.0,0.0,0.0,0.0,0.0
52.1,TAKEOFF,93.68,65.89,1302.5,27.39,96.666,1.1205,6886.29,80.04,630.0,5.565,65.88,22.669,25.874,1.716,24.6,19.053,6887.21,79.8,629.49,5.577,65.78,22.76,25.857,1.759,24.632,19.08,NORMAL,0.0,1.0,1.0,1.0,1.0,0.0,0.0,0.0,0.0
52.2,TAKEOFF,93.7,65.91,1305.0,27.39,96.658,1.1204,6887.01,80.04,630.04,5.565,65.88,22.673,25.874,1.716,24.6,19.055,6889.76,80.08,630.92,5.608,65.84,22.633,25.884,1.71,24.528,19.179,NORMAL,0.0,1.0,1.0,1.0,1.0,0.0,0.0,0.0,0.0
52.3,TAKEOFF,93.72,65.92,1307.5,27.38,96.649,1.1203,6887.73,80.04,630.08,5.566,65.87,22.677,25.874,1.716,24.6,19.058,6893.78,79.8,627.68,5.577,65.85,22.569,25.894,1.624,24.562,19.015,NORMAL,0.0,1.0,1.0,1.0,1.0,0.0,0.0,0.0,0.0
52.4,TAKEOFF,93.73,65.93,1310.0,27.38,96.64,1.1202,6888.46,80.04,630.13,5.566,65.86,22.68,25.875,1.716,24.6,19.06,6895.22,80.73,629.29,5.556,65.75,22.737,25.881,1.678,24.701,19.086,NORMAL,0.0,1.0,1.0,1.0,1.0,0.0,0.0,0.0,0.0
52.5,TAKEOFF,93.75,65.94,1312.5,27.37,96.631,1.1202,6889.18,80.04,630.17,5.566,65.86,22.684,25.875,1.716,24.6,19.063,6890.69,80.29,629.34,5.581,65.6,22.777,25.938,1.747,24.601,19.089,NORMAL,0.0,1.0,1.0,1.0,1.0,0.0,0.0,0.0,0.0
52.6,TAKEOFF,93.77,65.95,1315.0,27.37,96.623,1.1201,6889.91,80.04,630.21,5.567,65.85,22.687,25.875,1.717,24.6,19.065,6893.21,80.03,629.07,5.516,65.9,22.542,25.875,1.783,24.599,19.146,NORMAL,0.0,1.0,1.0,1.0,1.0,0.0,0.0,0.0,0.0
52.7,TAKEOFF,93.78,65.96,1317.5,27.36,96.614,1.12,6890.63,80.04,630.26,5.567,65.84,22.691,25.876,1.717,24.6,19.068,6882.09,78.74,628.35,5.544,66.2,22.858,25.822,1.725,24.657,18.956,NORMAL,0.0,1.0,1.0,1.0,1.0,0.0,0.0,0.0,0.0
52.8,TAKEOFF,93.8,65.97,1320.0,27.36,96.605,1.1199,6891.36,80.04,630.3,5.568,65.84,22.694,25.876,1.717,24.6,19.07,6887.03,79.98,630.02,5.582,66.08,22.862,25.891,1.735,24.645,19.122,NORMAL,0.0,1.0,1.0,1.0,1.0,0.0,0.0,0.0,0.0
52.9,TAKEOFF,93.82,65.98,1322.5,27.35,96.596,1.1198,6892.08,80.04,630.35,5.568,65.83,22.698,25.876,1.717,24.6,19.073,6887.6,80.25,630.99,5.609,66.0,22.798,25.984,1.731,24.578,19.111,NORMAL,0.0,1.0,1.0,1.0,1.0,0.0,0.0,0.0,0.0
53.0,TAKEOFF,93.83,65.99,1325.0,27.35,96.588,1.1197,6892.81,80.04,630.39,5.569,65.82,22.702,25.877,1.717,24.6,19.075,6899.93,80.17,630.63,5.563,65.54,22.786,25.92,1.791,24.485,19.185,NORMAL,0.0,1.0,1.0,1.0,1.0,0.0,0.0,0.0,0.0
53.1,TAKEOFF,93.85,66.0,1327.5,27.34,96.579,1.1197,6893.53,80.04,630.43,5.569,65.82,22.705,25.877,1.717,24.6,19.078,6899.38,79.67,631.77,5.536,65.92,22.675,25.899,1.637,24.558,19.133,NORMAL,0.0,1.0,1.0,1.0,1.0,0.0,0.0,0.0,0.0
53.2,TAKEOFF,93.87,66.01,1330.0,27.34,96.57,1.1196,6894.25,80.04,630.48,5.569,65.81,22.709,25.877,1.718,24.6,19.08,6894.54,79.86,629.08,5.622,65.91,22.659,25.877,1.777,24.678,19.227,NORMAL,0.0,1.0,1.0,1.0,1.0,0.0,0.0,0.0,0.0
53.3,TAKEOFF,93.88,66.02,1332.5,27.33,96.562,1.1195,6894.98,80.04,630.52,5.57,65.8,22.712,25.878,1.718,24.6,19.083,6899.97,79.42,631.41,5.581,65.26,22.64,25.82,1.75,24.54,19.18,NORMAL,0.0,1.0,1.0,1.0,1.0,0.0,0.0,0.0,0.0
53.4,TAKEOFF,93.9,66.04,1335.0,27.33,96.553,1.1194,6895.7,80.04,630.56,5.57,65.79,22.716,25.878,1.718,24.6,19.085,6893.44,80.48,631.54,5.59,65.73,22.674,25.891,1.7,24.587,19.036,NORMAL,0.0,1.0,1.0,1.0,1.0,0.0,0.0,0.0,0.0
53.5,TAKEOFF,93.92,66.05,1337.5,27.32,96.544,1.1193,6896.43,80.04,630.61,5.571,65.79,22.719,25.878,1.718,24.6,19.088,6900.69,80.34,631.6,5.58,65.55,22.55,25.841,1.736,24.589,19.161,NORMAL,0.0,1.0,1.0,1.0,1.0,0.0,0.0,0.0,0.0
53.6,TAKEOFF,93.93,66.06,1340.0,27.32,96.535,1.1193,6897.15,80.04,630.65,5.571,65.78,22.723,25.879,1.718,24.6,19.09,6896.39,80.53,631.99,5.561,65.37,22.74,25.956,1.766,24.641,19.225,NORMAL,0.0,1.0,1.0,1.0,1.0,0.0,0.0,0.0,0.0
53.7,TAKEOFF,93.95,66.07,1342.5,27.31,96.527,1.1192,6897.88,80.04,630.69,5.572,65.77,22.726,25.879,1.718,24.6,19.093,6900.26,80.74,631.83,5.56,65.69,22.8,25.848,1.806,24.639,19.11,NORMAL,0.0,1.0,1.0,1.0,1.0,0.0,0.0,0.0,0.0
53.8,TAKEOFF,93.97,66.08,1345.0,27.31,96.518,1.1191,6898.6,80.04,630.74,5.572,65.77,22.73,25.879,1.718,24.6,19.095,6896.85,80.5,628.39,5.563,66.06,22.689,25.861,1.73,24.591,18.981,NORMAL,0.0,1.0,1.0,1.0,1.0,0.0,0.0,0.0,0.0
53.9,TAKEOFF,93.98,66.09,1347.5,27.3,96.509,1.119,6899.32,80.04,630.78,5.572,65.76,22.734,25.88,1.719,24.6,19.098,6895.22,80.23,630.41,5.558,65.77,22.683,25.916,1.79,24.568,18.976,NORMAL,0.0,1.0,1.0,1.0,1.0,0.0,0.0,0.0,0.0
54.0,TAKEOFF,94.0,66.1,1350.0,27.3,96.5,1.1189,6900.05,80.04,630.82,5.573,65.75,22.737,25.88,1.719,24.6,19.1,6906.5,79.85,630.97,5.596,65.92,22.789,25.944,1.695,24.504,19.128,NORMAL,0.0,1.0,1.0,1.0,1.0,0.0,0.0,0.0,0.0
54.1,TAKEOFF,94.02,66.11,1352.5,27.29,96.492,1.1188,6900.77,80.04,630.87,5.573,65.75,22.741,25.88,1.719,24.6,19.103,6896.39,81.09,631.07,5.606,66.34,22.566,25.827,1.717,24.557,19.133,NORMAL,0.0,1.0,1.0,1.0,1.0,0.0,0.0,0.0,0.0
54.2,TAKEOFF,94.03,66.12,1355.0,27.29,96.483,1.1188,6901.5,80.04,630.91,5.574,65.74,22.744,25.881,1.719,24.6,19.105,6900.62,81.04,631.09,5.591,65.24,22.598,25.759,1.719,24.68,19.189,NORMAL,0.0,1.0,1.0,1.0,1.0,0.0,0.0,0.0,0.0
54.3,TAKEOFF,94.05,66.13,1357.5,27.28,96.474,1.1187,6902.22,80.04,630.95,5.574,65.73,22.748,25.881,1.719,24.6,19.108,6900.49,79.95,633.82,5.622,66.25,22.925,25.876,1.624,24.633,18.912,NORMAL,0.0,1.0,1.0,1.0,1.0,0.0,0.0,0.0,0.0
54.4,TAKEOFF,94.07,66.14,1360.0,27.28,96.466,1.1186,6902.95,80.04,631.0,5.575,65.73,22.751,25.881,1.719,24.6,19.11,6897.56,80.13,630.3,5.588,65.54,22.781,25.822,1.752,24.622,19.047,NORMAL,0.0,1.0,1.0,1.0,1.0,0.0,0.0,0.0,0.0
54.5,TAKEOFF,94.08,66.15,1362.5,27.27,96.457,1.1185,6903.67,80.04,631.04,5.575,65.72,22.755,25.882,1.72,24.6,19.113,6904.31,80.71,629.78,5.587,65.94,22.793,25.919,1.7,24.628,19.186,NORMAL,0.0,1.0,1.0,1.0,1.0,0.0,0.0,0.0,0.0
54.6,TAKEOFF,94.1,66.17,1365.0,27.27,96.448,1.1184,6904.39,80.04,631.08,5.575,65.71,22.759,25.882,1.72,24.6,19.115,6905.09,79.82,631.56,5.552,65.81,22.901,25.948,1.718,24.68,19.026,NORMAL,0.0,1.0,1.0,1.0,1.0,0.0,0.0,0.0,0.0
54.7,TAKEOFF,94.12,66.18,1367.5,27.26,96.439,1.1183,6905.12,80.04,631.13,5.576,65.71,22.762,25.882,1.72,24.6,19.118,6905.08,80.16,630.78,5.589,65.52,22.809,25.867,1.719,24.507,19.182,NORMAL,0.0,1.0,1.0,1.0,1.0,0.0,0.0,0.0,0.0
54.8,TAKEOFF,94.13,66.19,1370.0,27.26,96.431,1.1183,6905.84,80.04,631.17,5.576,65.7,22.766,25.883,1.72,24.6,19.12,6903.93,80.4,629.35,5.583,65.63,22.67,25.855,1.725,24.604,18.959,NORMAL,0.0,1.0,1.0,1.0,1.0,0.0,0.0,0.0,0.0
54.9,TAKEOFF,94.15,66.2,1372.5,27.25,96.422,1.1182,6906.57,80.04,631.21,5.577,65.69,22.769,25.883,1.72,24.6,19.123,6902.99,80.04,634.56,5.634,65.68,22.788,25.912,1.789,24.596,19.219,NORMAL,0.0,1.0,1.0,1.0,1.0,0.0,0.0,0.0,0.0
55.0,TAKEOFF,94.17,66.21,1375.0,27.25,96.413,1.1181,6907.29,80.04,631.26,5.577,65.69,22.773,25.883,1.72,24.6,19.125,6905.13,79.62,629.99,5.543,65.87,22.737,25.967,1.66,24.689,19.059,NORMAL,0.0,1.0,1.0,1.0,1.0,0.0,0.0,0.0,0.0
55.1,TAKEOFF,94.18,66.22,1377.5,27.24,96.405,1.118,6908.01,80.04,631.3,5.578,65.68,22.776,25.884,1.721,24.6,19.128,6902.02,80.04,630.81,5.607,65.69,22.819,25.937,1.753,24.575,19.178,NORMAL,0.0,1.0,1.0,1.0,1.0,0.0,0.0,0.0,0.0
55.2,TAKEOFF,94.2,66.23,1380.0,27.24,96.396,1.1179,6908.74,80.04,631.34,5.578,65.67,22.78,25.884,1.721,24.6,19.13,6902.11,80.69,630.4,5.537,65.72,22.816,25.803,1.789,24.67,19.199,NORMAL,0.0,1.0,1.0,1.0,1.0,0.0,0.0,0.0,0.0
55.3,TAKEOFF,94.22,66.24,1382.5,27.23,96.387,1.1179,6909.46,80.04,631.38,5.579,65.67,22.784,25.884,1.721,24.6,19.133,6912.67,80.2,630.91,5.586,65.17,22.767,25.925,1.764,24.52,19.44,NORMAL,0.0,1.0,1.0,1.0,1.0,0.0,0.0,0.0,0.0
55.4,TAKEOFF,94.23,66.25,1385.0,27.23,96.378,1.1178,6910.19,80.04,631.43,5.579,65.66,22.787,25.885,1.721,24.6,19.135,6915.02,80.19,632.85,5.553,65.32,22.672,25.922,1.734,24.625,19.287,NORMAL,0.0,1.0,1.0,1.0,1.0,0.0,0.0,0.0,0.0
55.5,TAKEOFF,94.25,66.26,1387.5,27.22,96.37,1.1177,6910.91,80.04,631.47,5.579,65.65,22.791,25.885,1.721,24.6,19.138,6913.4,80.16,633.48,5.614,65.32,22.802,25.936,1.673,24.587,19.21,NORMAL,0.0,1.0,1.0,1.0,1.0,0.0,0.0,0.0,0.0
55.6,TAKEOFF,94.27,66.27,1390.0,27.22,96.361,1.1176,6911.64,80.04,631.51,5.58,65.65,22.794,25.885,1.721,24.6,19.14,6912.4,79.92,632.87,5.54,65.83,22.881,25.906,1.705,24.682,19.2,NORMAL,0.0,1.0,1.0,1.0,1.0,0.0,0.0,0.0,0.0
55.7,TAKEOFF,94.28,66.28,1392.5,27.21,96.352,1.1175,6912.36,80.04,631.56,5.58,65.64,22.798,25.886,1.722,24.6,19.143,6917.0,79.81,631.29,5.565,65.92,22.711,25.92,1.732,24.717,19.093,NORMAL,0.0,1.0,1.0,1.0,1.0,0.0,0.0,0.0,0.0
55.8,TAKEOFF,94.3,66.3,1395.0,27.21,96.344,1.1174,6913.08,80.04,631.6,5.581,65.63,22.801,25.886,1.722,24.6,19.145,6910.45,80.13,633.03,5.601,66.08,22.795,25.833,1.694,24.574,19.209,NORMAL,0.0,1.0,1.0,1.0,1.0,0.0,0.0,0.0,0.0
55.9,TAKEOFF,94.32,66.31,1397.5,27.2,96.335,1.1174,6913.81,80.04,631.64,5.581,65.63,22.805,25.886,1.722,24.6,19.148,6908.4,80.35,629.87,5.533,65.47,22.773,25.952,1.77,24.605,18.976,NORMAL,0.0,1.0,1.0,1.0,1.0,0.0,0.0,0.0,0.0
56.0,TAKEOFF,94.33,66.32,1400.0,27.2,96.326,1.1173,6914.53,80.04,631.68,5.582,65.62,22.809,25.887,1.722,24.6,19.15,6910.14,80.32,630.66,5.601,65.72,22.914,25.896,1.702,24.608,19.065,NORMAL,0.0,1.0,1.0,1.0,1.0,0.0,0.0,0.0,0.0
56.1,TAKEOFF,94.35,66.33,1402.5,27.19,96.318,1.1172,6915.26,80.04,631.73,5.582,65.61,22.812,25.887,1.722,24.6,19.153,6912.5,80.95,630.84,5.606,66.0,22.798,25.994,1.663,24.631,19.048,NORMAL,0.0,1.0,1.0,1.0,1.0,0.0,0.0,0.0,0.0
56.2,TAKEOFF,94.37,66.34,1405.0,27.19,96.309,1.1171,6915.98,80.04,631.77,5.582,65.61,22.816,25.887,1.722,24.6,19.155,6916.73,80.76,629.98,5.591,65.72,22.882,25.881,1.679,24.656,19.232,NORMAL,0.0,1.0,1.0,1.0,1.0,0.0,0.0,0.0,0.0
56.3,TAKEOFF,94.38,66.35,1407.5,27.18,96.3,1.117,6916.7,80.04,631.81,5.583,65.6,22.819,25.888,1.722,24.6,19.158,6918.71,79.59,629.19,5.621,65.5,23.007,25.85,1.593,24.636,19.083,NORMAL,0.0,1.0,1.0,1.0,1.0,0.0,0.0,0.0,0.0
56.4,TAKEOFF,94.4,66.36,1410.0,27.18,96.291,1.1169,6917.43,80.04,631.85,5.583,65.59,22.823,25.888,1.723,24.6,19.16,6917.09,79.81,627.35,5.521,65.69,22.697,25.928,1.637,24.646,19.047,NORMAL,0.0,1.0,1.0,1.0,1.0,0.0,0.0,0.0,0.0
56.5,TAKEOFF,94.42,66.37,1412.5,27.17,96.283,1.1169,6918.15,80.04,631.9,5.584,65.59,22.826,25.888,1.723,24.6,19.163,6916.94,79.73,635.91,5.565,65.14,22.952,25.92,1.724,24.543,19.149,NORMAL,0.0,1.0,1.0,1.0,1.0,0.0,0.0,0.0,0.0
56.6,TAKEOFF,94.43,66.38,1415.0,27.17,96.274,1.1168,6918.87,80.04,631.94,5.584,65.58,22.83,25.889,1.723,24.6,19.165,6914.29,80.72,631.87,5.623,65.66,22.809,25.902,1.73,24.639,19.235,NORMAL,0.0,1.0,1.0,1.0,1.0,0.0,0.0,0.0,0.0
56.7,TAKEOFF,94.45,66.39,1417.5,27.16,96.265,1.1167,6919.6,80.04,631.98,5.585,65.57,22.834,25.889,1.723,24.6,19.168,6921.17,79.42,632.21,5.626,65.33,22.819,25.915,1.673,24.577,19.142,NORMAL,0.0,1.0,1.0,1.0,1.0,0.0,0.0,0.0,0.0
56.8,TAKEOFF,94.47,66.4,1420.0,27.16,96.257,1.1166,6920.32,80.04,632.02,5.585,65.57,22.837,25.889,1.723,24.6,19.17,6912.05,80.57,629.72,5.602,65.36,22.897,25.811,1.715,24.668,19.29,NORMAL,0.0,1.0,1.0,1.0,1.0,0.0,0.0,0.0,0.0
56.9,TAKEOFF,94.48,66.41,1422.5,27.15,96.248,1.1165,6921.05,80.04,632.07,5.585,65.56,22.841,25.89,1.723,24.6,19.173,6913.25,80.0,632.44,5.599,65.57,22.992,25.901,1.668,24.586,19.296,NORMAL,0.0,1.0,1.0,1.0,1.0,0.0,0.0,0.0,0.0
57.0,TAKEOFF,94.5,66.43,1425.0,27.15,96.239,1.1165,6921.77,80.04,632.11,5.586,65.55,22.844,25.89,1.724,24.6,19.175,6925.86,79.62,632.93,5.626,65.92,22.943,25.815,1.673,24.656,19.079,NORMAL,0.0,1.0,1.0,1.0,1.0,0.0,0.0,0.0,0.0
57.1,TAKEOFF,94.52,66.44,1427.5,27.14,96.231,1.1164,6922.49,80.05,632.15,5.586,65.55,22.848,25.89,1.724,24.6,19.178,6922.33,80.47,634.77,5.549,65.01,22.978,25.786,1.639,24.652,19.393,NORMAL,0.0,1.0,1.0,1.0,1.0,0.0,0.0,0.0,0.0
57.2,TAKEOFF,94.53,66.45,1430.0,27.14,96.222,1.1163,6923.22,80.05,632.19,5.587,65.54,22.851,25.891,1.724,24.6,19.18,6916.31,79.87,631.32,5.612,65.83,22.833,25.909,1.664,24.667,19.132,NORMAL,0.0,1.0,1.0,1.0,1.0,0.0,0.0,0.0,0.0
57.3,TAKEOFF,94.55,66.46,1432.5,27.13,96.213,1.1162,6923.94,80.05,632.24,5.587,65.53,22.855,25.891,1.724,24.6,19.183,6925.5,79.25,634.0,5.6,66.21,22.992,25.943,1.743,24.52,19.267,NORMAL,0.0,1.0,1.0,1.0,1.0,0.0,0.0,0.0,0.0
57.4,TAKEOFF,94.57,66.47,1435.0,27.13,96.205,1.1161,6924.67,80.05,632.28,5.588,65.53,22.858,25.891,1.724,24.6,19.185,6926.97,79.48,631.82,5.594,65.22,22.88,25.876,1.692,24.57,19.183,NORMAL,0.0,1.0,1.0,1.0,1.0,0.0,0.0,0.0,0.0
57.5,TAKEOFF,94.58,66.48,1437.5,27.12,96.196,1.116,6925.39,80.05,632.32,5.588,65.52,22.862,25.892,1.724,24.6,19.188,6926.67,79.28,630.59,5.596,65.02,22.839,25.898,1.807,24.577,19.466,NORMAL,0.0,1.0,1.0,1.0,1.0,0.0,0.0,0.0,0.0
57.6,TAKEOFF,94.6,66.49,1440.0,27.12,96.187,1.116,6926.11,80.05,632.36,5.588,65.51,22.866,25.892,1.725,24.6,19.19,6927.73,80.58,630.75,5.565,65.71,22.886,25.882,1.799,24.545,19.181,NORMAL,0.0,1.0,1.0,1.0,1.0,0.0,0.0,0.0,0.0
57.7,TAKEOFF,94.62,66.5,1442.5,27.11,96.178,1.1159,6926.84,80.05,632.4,5.589,65.51,22.869,25.892,1.725,24.6,19.193,6923.8,79.77,631.43,5.543,65.64,22.834,25.895,1.709,24.533,19.217,NORMAL,0.0,1.0,1.0,1.0,1.0,0.0,0.0,0.0,0.0
57.8,TAKEOFF,94.63,66.51,1445.0,27.11,96.17,1.1158,6927.56,80.05,632.45,5.589,65.5,22.873,25.893,1.725,24.6,19.195,6929.71,80.2,634.24,5.612,65.61,22.828,25.905,1.618,24.596,19.212,NORMAL,0.0,1.0,1.0,1.0,1.0,0.0,0.0,0.0,0.0
57.9,TAKEOFF,94.65,66.52,1447.5,27.1,96.161,1.1157,6928.28,80.05,632.49,5.59,65.49,22.876,25.893,1.725,24.6,19.198,6943.47,79.81,632.92,5.56,65.39,22.844,25.854,1.703,24.626,19.177,NORMAL,0.0,1.0,1.0,1.0,1.0,0.0,0.0,0.0,0.0
58.0,TAKEOFF,94.67,66.53,1450.0,27.1,96.152,1.1156,6929.01,80.05,632.53,5.59,65.49,22.88,25.893,1.725,24.6,19.2,6924.83,79.76,630.48,5.603,65.63,22.932,25.912,1.67,24.634,19.144,NORMAL,0.0,1.0,1.0,1.0,1.0,0.0,0.0,0.0,0.0
58.1,TAKEOFF,94.68,66.54,1452.5,27.09,96.144,1.1155,6929.73,80.05,632.57,5.591,65.48,22.883,25.894,1.725,24.6,19.203,6932.67,79.79,630.32,5.601,66.02,22.904,25.885,1.687,24.583,19.084,NORMAL,0.0,1.0,1.0,1.0,1.0,0.0,0.0,0.0,0.0
58.2,TAKEOFF,94.7,66.56,1455.0,27.09,96.135,1.1155,6930.46,80.05,632.61,5.591,65.47,22.887,25.894,1.725,24.6,19.205,6937.32,80.9,630.78,5.578,65.73,22.92,25.953,1.747,24.673,19.308,NORMAL,0.0,1.0,1.0,1.0,1.0,0.0,0.0,0.0,0.0
58.3,TAKEOFF,94.72,66.57,1457.5,27.08,96.126,1.1154,6931.18,80.05,632.66,5.592,65.47,22.891,25.894,1.726,24.6,19.208,6924.06,79.96,634.79,5.59,65.49,22.854,25.927,1.768,24.65,19.313,NORMAL,0.0,1.0,1.0,1.0,1.0,0.0,0.0,0.0,0.0
58.4,TAKEOFF,94.73,66.58,1460.0,27.08,96.118,1.1153,6931.9,80.05,632.7,5.592,65.46,22.894,25.895,1.726,24.6,19.21,6940.61,79.88,631.56,5.606,65.62,22.951,25.915,1.792,24.632,19.082,NORMAL,0.0,1.0,1.0,1.0,1.0,0.0,0.0,0.0,0.0
58.5,TAKEOFF,94.75,66.59,1462.5,27.07,96.109,1.1152,6932.63,80.05,632.74,5.592,65.45,22.898,25.895,1.726,24.6,19.213,6940.12,80.93,632.01,5.631,65.82,22.852,25.888,1.725,24.554,19.323,NORMAL,0.0,1.0,1.0,1.0,1.0,0.0,0.0,0.0,0.0
58.6,TAKEOFF,94.77,66.6,1465.0,27.07,96.1,1.1151,6933.35,80.05,632.78,5.593,65.45,22.901,25.895,1.726,24.6,19.215,6935.72,79.87,631.98,5.555,65.19,23.124,25.791,1.706,24.659,19.241,NORMAL,0.0,1.0,1.0,1.0,1.0,0.0,0.0,0.0,0.0
58.7,TAKEOFF,94.78,66.61,1467.5,27.06,96.092,1.1151,6934.07,80.05,632.82,5.593,65.44,22.905,25.896,1.726,24.6,19.218,6941.81,80.42,633.75,5.602,65.93,22.845,25.966,1.762,24.612,19.219,NORMAL,0.0,1.0,1.0,1.0,1.0,0.0,0.0,0.0,0.0
58.8,TAKEOFF,94.8,66.62,1470.0,27.06,96.083,1.115,6934.8,80.05,632.87,5.594,65.43,22.908,25.896,1.726,24.6,19.22,6930.65,79.53,630.93,5.564,65.58,22.894,25.824,1.738,24.618,19.294,NORMAL,0.0,1.0,1.0,1.0,1.0,0.0,0.0,0.0,0.0
58.9,TAKEOFF,94.82,66.63,1472.5,27.05,96.074,1.1149,6935.52,80.05,632.91,5.594,65.43,22.912,25.896,1.727,24.6,19.223,6940.03,79.82,632.85,5.655,65.06,22.976,25.837,1.697,24.682,19.324,NORMAL,0.0,1.0,1.0,1.0,1.0,0.0,0.0,0.0,0.0
59.0,TAKEOFF,94.83,66.64,1475.0,27.05,96.066,1.1148,6936.24,80.05,632.95,5.595,65.42,22.916,25.897,1.727,24.6,19.225,6937.62,80.79,632.82,5.567,65.25,22.984,25.936,1.75,24.654,19.349,NORMAL,0.0,1.0,1.0,1.0,1.0,0.0,0.0,0.0,0.0
59.1,TAKEOFF,94.85,66.65,1477.5,27.04,96.057,1.1147,6936.97,80.05,632.99,5.595,65.41,22.919,25.897,1.727,24.6,19.228,6941.53,79.93,633.53,5.591,65.78,22.99,25.994,1.789,24.628,19.237,NORMAL,0.0,1.0,1.0,1.0,1.0,0.0,0.0,0.0,0.0
59.2,TAKEOFF,94.87,66.66,1480.0,27.04,96.048,1.1146,6937.69,80.05,633.03,5.595,65.41,22.923,25.897,1.727,24.6,19.23,6939.25,79.83,634.76,5.577,65.44,22.9,25.811,1.616,24.612,19.167,NORMAL,0.0,1.0,1.0,1.0,1.0,0.0,0.0,0.0,0.0
59.3,TAKEOFF,94.88,66.67,1482.5,27.03,96.04,1.1146,6938.41,80.05,633.08,5.596,65.4,22.926,25.898,1.727,24.6,19.233,6943.73,79.31,633.86,5.521,65.79,22.999,25.828,1.763,24.567,19.305,NORMAL,0.0,1.0,1.0,1.0,1.0,0.0,0.0,0.0,0.0
59.4,TAKEOFF,94.9,66.69,1485.0,27.03,96.031,1.1145,6939.14,80.05,633.12,5.596,65.39,22.93,25.898,1.727,24.6,19.235,6940.99,80.14,631.58,5.6,65.47,22.729,25.977,1.797,24.612,19.212,NORMAL,0.0,1.0,1.0,1.0,1.0,0.0,0.0,0.0,0.0
59.5,TAKEOFF,94.92,66.7,1487.5,27.02,96.022,1.1144,6939.86,80.05,633.16,5.597,65.39,22.933,25.898,1.728,24.6,19.238,6922.94,79.32,633.98,5.611,64.93,23.103,25.904,1.72,24.686,19.078,NORMAL,0.0,1.0,1.0,1.0,1.0,0.0,0.0,0.0,0.0
59.6,TAKEOFF,94.93,66.71,1490.0,27.02,96.013,1.1143,6940.58,80.05,633.2,5.597,65.38,22.937,25.899,1.728,24.6,19.24,6948.42,79.15,631.25,5.627,65.74,23.022,25.96,1.796,24.586,19.116,NORMAL,0.0,1.0,1.0,1.0,1.0,0.0,0.0,0.0,0.0
59.7,TAKEOFF,94.95,66.72,1492.5,27.01,96.005,1.1142,6941.31,80.05,633.24,5.598,65.37,22.941,25.899,1.728,24.6,19.243,6949.84,79.53,634.7,5.544,65.68,23.054,25.93,1.704,24.645,19.214,NORMAL,0.0,1.0,1.0,1.0,1.0,0.0,0.0,0.0,0.0
59.8,TAKEOFF,94.97,66.73,1495.0,27.01,95.996,1.1141,6942.03,80.05,633.29,5.598,65.37,22.944,25.899,1.728,24.6,19.245,6942.11,78.98,631.59,5.613,65.43,23.056,25.895,1.712,24.656,19.163,NORMAL,0.0,1.0,1.0,1.0,1.0,0.0,0.0,0.0,0.0
59.9,TAKEOFF,94.98,66.74,1497.5,27.0,95.987,1.1141,6942.76,80.05,633.33,5.598,65.36,22.948,25.9,1.728,24.6,19.248,6947.31,80.02,632.2,5.618,65.09,23.103,25.901,1.823,24.658,19.207,NORMAL,0.0,1.0,1.0,1.0,1.0,0.0,0.0,0.0,0.0
60.0,CLIMB,85.0,60.25,1500.0,27.0,95.979,1.114,6920.58,80.05,633.08,5.587,65.35,20.891,25.7,1.674,24.6,17.75,6915.34,79.82,632.6,5.658,65.15,20.898,25.738,1.676,24.574,17.68,NORMAL,0.0,1.0,1.0,1.0,1.0,0.0,0.0,0.0,0.0
60.1,CLIMB,84.99,60.24,1507.08,26.99,95.954,1.1138,6899.48,80.05,632.83,5.576,65.35,20.89,25.7,1.672,24.6,17.749,6898.55,80.22,632.89,5.548,65.15,21.018,25.731,1.687,24.633,17.833,NORMAL,0.0,1.0,1.0,1.0,1.0,0.0,0.0,0.0,0.0
60.2,CLIMB,84.98,60.24,1514.17,26.97,95.93,1.1135,6879.42,80.05,632.59,5.566,65.34,20.889,25.7,1.67,24.6,17.747,6876.36,80.03,633.54,5.626,65.59,20.898,25.758,1.662,24.587,17.96,NORMAL,0.0,1.0,1.0,1.0,1.0,0.0,0.0,0.0,0.0
60.3,CLIMB,84.97,60.23,1521.25,26.96,95.905,1.1133,6860.34,80.05,632.35,5.556,65.33,20.887,25.7,1.668,24.6,17.746,6866.39,80.75,632.96,5.54,65.3,20.934,25.699,1.746,24.623,17.718,NORMAL,0.0,1.0,1.0,1.0,1.0,0.0,0.0,0.0,0.0
60.4,CLIMB,84.97,60.23,1528.33,26.94,95.881,1.1131,6842.18,80.05,632.11,5.547,65.33,20.886,25.699,1.666,24.6,17.745,6839.97,80.2,631.58,5.532,65.25,20.786,25.688,1.662,24.542,17.766,NORMAL,0.0,1.0,1.0,1.0,1.0,0.0,0.0,0.0,0.0
60.5,CLIMB,84.96,60.22,1535.42,26.93,95.856,1.1128,6824.91,80.05,631.88,5.538,65.32,20.885,25.699,1.664,24.6,17.744,6819.71,79.36,631.21,5.552,64.39,20.837,25.722,1.61,24.651,17.616,NORMAL,0.0,1.0,1.0,1.0,1.0,0.0,0.0,0.0,0.0
60.6,CLIMB,84.95,60.22,1542.5,26.91,95.831,1.1126,6808.48,80.05,631.65,5.529,65.31,20.883,25.699,1.663,24.6,17.742,6809.29,79.44,630.08,5.511,65.21,20.776,25.673,1.666,24.687,17.846,NORMAL,0.0,1.0,1.0,1.0,1.0,0.0,0.0,0.0,0.0
60.7,CLIMB,84.94,60.21,1549.58,26.9,95.807,1.1124,6792.85,80.05,631.42,5.521,65.31,20.882,25.699,1.661,24.6,17.741,6791.47,79.9,633.07,5.54,65.72,20.805,25.71,1.626,24.659,17.718,NORMAL,0.0,1.0,1.0,1.0,1.0,0.0,0.0,0.0,0.0
60.8,CLIMB,84.93,60.21,1556.67,26.89,95.782,1.1121,6777.97,80.04,631.19,5.514,65.3,20.881,25.699,1.659,24.6,17.74,6779.47,81.05,629.27,5.53,65.25,20.786,25.658,1.59,24.635,17.619,NORMAL,0.0,1.0,1.0,1.0,1.0,0.0,0.0,0.0,0.0
60.9,CLIMB,84.92,60.2,1563.75,26.87,95.758,1.1119,6763.82,80.04,630.97,5.506,65.29,20.879,25.698,1.658,24.6,17.739,6765.2,79.72,629.68,5.449,65.53,20.815,25.792,1.59,24.58,17.517,NORMAL,0.0,1.0,1.0,1.0,1.0,0.0,0.0,0.0,0.0
61.0,CLIMB,84.92,60.2,1570.83,26.86,95.733,1.1117,6750.35,80.04,630.75,5.499,65.29,20.878,25.698,1.657,24.6,17.737,6752.68,80.05,629.05,5.463,65.37,20.814,25.747,1.6,24.468,17.734,NORMAL,0.0,1.0,1.0,1.0,1.0,0.0,0.0,0.0,0.0
61.1,CLIMB,84.91,60.19,1577.92,26.84,95.709,1.1114,6737.52,80.04,630.53,5.493,65.28,20.877,25.698,1.655,24.6,17.736,6734.64,79.82,629.83,5.514,65.57,20.762,25.667,1.623,24.653,17.683,NORMAL,0.0,1.0,1.0,1.0,1.0,0.0,0.0,0.0,0.0
61.2,CLIMB,84.9,60.18,1585.0,26.83,95.684,1.1112,6725.32,80.04,630.32,5.486,65.27,20.875,25.698,1.654,24.6,17.735,6717.41,79.29,630.18,5.44,65.37,20.782,25.675,1.618,24.556,17.713,NORMAL,0.0,1.0,1.0,1.0,1.0,0.0,0.0,0.0,0.0
61.3,CLIMB,84.89,60.18,1592.08,26.82,95.66,1.111,6713.7,80.04,630.1,5.48,65.27,20.874,25.698,1.653,24.6,17.734,6705.96,79.53,628.8,5.453,65.94,20.713,25.707,1.586,24.533,17.837,NORMAL,0.0,1.0,1.0,1.0,1.0,0.0,0.0,0.0,0.0
61.4,CLIMB,84.88,60.17,1599.17,26.8,95.635,1.1107,6702.63,80.04,629.89,5.475,65.26,20.873,25.698,1.652,24.6,17.732,6701.41,80.48,628.54,5.469,65.33,20.859,25.744,1.693,24.608,17.638,NORMAL,0.0,1.0,1.0,1.0,1.0,0.0,0.0,0.0,0.0
61.5,CLIMB,84.87,60.17,1606.25,26.79,95.611,1.1105,6692.1,80.04,629.69,5.469,65.25,20.871,25.697,1.651,24.6,17.731,6692.82,79.75,628.62,5.436,65.11,20.912,25.579,1.686,24.566,17.644,NORMAL,0.0,1.0,1.0,1.0,1.0,0.0,0.0,0.0,0.0
61.6,CLIMB,84.87,60.16,1613.33,26.77,95.587,1.1103,6682.07,80.04,629.48,5.464,65.25,20.87,25.697,1.65,24.6,17.73,6691.49,81.14,629.61,5.44,65.05,20.886,25.677,1.643,24.593,17.792,NORMAL,0.0,1.0,1.0,1.0,1.0,0.0,0.0,0.0,0.0
61.7,CLIMB,84.86,60.16,1620.42,26.76,95.562,1.11,6672.52,80.04,629.28,5.459,65.24,20.869,25.697,1.649,24.6,17.729,6663.9,80.43,630.63,5.441,65.61,20.858,25.796,1.644,24.558,17.66,NORMAL,0.0,1.0,1.0,1.0,1.0,0.0,0.0,0.0,0.0
61.8,CLIMB,84.85,60.15,1627.5,26.74,95.538,1.1098,6663.42,80.04,629.08,5.455,65.23,20.867,25.697,1.648,24.6,17.727,6661.54,79.61,629.37,5.407,64.94,20.881,25.664,1.69,24.519,17.91,NORMAL,0.0,1.0,1.0,1.0,1.0,0.0,0.0,0.0,0.0
61.9,CLIMB,84.84,60.15,1634.58,26.73,95.513,1.1096,6654.75,80.04,628.88,5.45,65.23,20.866,25.697,1.647,24.6,17.726,6659.51,80.47,629.15,5.387,65.24,20.923,25.742,1.631,24.569,17.857,NORMAL,0.0,1.0,1.0,1.0,1.0,0.0,0.0,0.0,0.0
62.0,CLIMB,84.83,60.14,1641.67,26.72,95.489,1.1093,6646.49,80.04,628.68,5.446,65.22,20.864,25.697,1.646,24.6,17.725,6644.73,80.25,629.07,5.389,65.13,20.921,25.761,1.631,24.63,17.588,NORMAL,0.0,1.0,1.0,1.0,1.0,0.0,0.0,0.0,0.0
62.1,CLIMB,84.82,60.14,1648.75,26.7,95.464,1.1091,6638.62,80.04,628.49,5.442,65.21,20.863,25.697,1.645,24.6,17.724,6637.89,79.76,627.02,5.394,64.77,21.0,25.617,1.589,24.538,17.86,NORMAL,0.0,1.0,1.0,1.0,1.0,0.0,0.0,0.0,0.0
62.2,CLIMB,84.82,60.13,1655.83,26.69,95.44,1.1089,6631.11,80.04,628.3,5.438,65.21,20.862,25.696,1.644,24.6,17.722,6634.22,80.53,627.84,5.441,65.26,20.908,25.738,1.709,24.564,17.769,NORMAL,0.0,1.0,1.0,1.0,1.0,0.0,0.0,0.0,0.0
62.3,CLIMB,84.81,60.13,1662.92,26.67,95.415,1.1086,6623.96,80.04,628.11,5.435,65.2,20.86,25.696,1.643,24.6,17.721,6627.44,80.2,629.75,5.381,65.51,20.747,25.642,1.602,24.53,17.722,NORMAL,0.0,1.0,1.0,1.0,1.0,0.0,0.0,0.0,0.0
62.4,CLIMB,84.8,60.12,1670.0,26.66,95.391,1.1084,6617.15,80.04,627.92,5.431,65.19,20.859,25.696,1.643,24.6,17.72,6617.55,80.06,629.74,5.406,65.24,20.897,25.694,1.641,24.571,17.669,NORMAL,0.0,1.0,1.0,1.0,1.0,0.0,0.0,0.0,0.0
62.5,CLIMB,84.79,60.11,1677.08,26.65,95.367,1.1082,6610.65,80.04,627.73,5.428,65.19,20.858,25.696,1.642,24.6,17.719,6618.37,80.6,626.19,5.431,65.61,20.863,25.643,1.601,24.67,17.715,NORMAL,0.0,1.0,1.0,1.0,1.0,0.0,0.0,0.0,0.0
62.6,CLIMB,84.78,60.11,1684.17,26.63,95.342,1.108,6604.45,80.04,627.55,5.425,65.18,20.856,25.696,1.641,24.6,17.717,6605.99,80.08,626.74,5.383,64.69,20.935,25.627,1.629,24.607,17.819,NORMAL,0.0,1.0,1.0,1.0,1.0,0.0,0.0,0.0,0.0
62.7,CLIMB,84.77,60.1,1691.25,26.62,95.318,1.1077,6598.53,80.04,627.37,5.422,65.17,20.855,25.695,1.641,24.6,17.716,6586.29,79.59,628.37,5.422,65.07,20.909,25.648,1.639,24.552,17.739,NORMAL,0.0,1.0,1.0,1.0,1.0,0.0,0.0,0.0,0.0
62.8,CLIMB,84.77,60.1,1698.33,26.6,95.293,1.1075,6592.89,80.04,627.19,5.419,65.17,20.854,25.695,1.64,24.6,17.715,6593.19,79.5,627.26,5.438,65.42,20.688,25.76,1.678,24.614,17.81,NORMAL,0.0,1.0,1.0,1.0,1.0,0.0,0.0,0.0,0.0
62.9,CLIMB,84.76,60.09,1705.42,26.59,95.269,1.1073,6587.51,80.04,627.01,5.416,65.16,20.852,25.695,1.639,24.6,17.714,6591.66,80.33,625.33,5.406,65.39,20.775,25.821,1.695,24.65,17.697,NORMAL,0.0,1.0,1.0,1.0,1.0,0.0,0.0,0.0,0.0
63.0,CLIMB,84.75,60.09,1712.5,26.57,95.245,1.107,6582.37,80.03,626.84,5.413,65.15,20.851,25.695,1.639,24.6,17.712,6581.37,81.34,627.47,5.409,65.08,20.807,25.676,1.684,24.582,17.716,NORMAL,0.0,1.0,1.0,1.0,1.0,0.0,0.0,0.0,0.0
63.1,CLIMB,84.74,60.08,1719.58,26.56,95.22,1.1068,6577.46,80.03,626.67,5.411,65.14,20.85,25.695,1.638,24.6,17.711,6577.85,78.23,627.04,5.422,65.31,20.947,25.648,1.634,24.648,17.738,NORMAL,0.0,1.0,1.0,1.0,1.0,0.0,0.0,0.0,0.0
63.2,CLIMB,84.73,60.08,1726.67,26.55,95.196,1.1066,6572.78,80.03,626.49,5.408,65.14,20.848,25.695,1.638,24.6,17.71,6571.76,78.98,626.61,5.348,64.79,20.881,25.688,1.647,24.674,17.694,NORMAL,0.0,1.0,1.0,1.0,1.0,0.0,0.0,0.0,0.0
63.3,CLIMB,84.72,60.07,1733.75,26.53,95.171,1.1063,6568.3,80.03,626.33,5.406,65.13,20.847,25.694,1.637,24.6,17.709,6569.1,80.31,627.2,5.422,64.97,20.833,25.676,1.607,24.572,17.669,NORMAL,0.0,1.0,1.0,1.0,1.0,0.0,0.0,0.0,0.0
63.4,CLIMB,84.72,60.07,1740.83,26.52,95.147,1.1061,6564.03,80.03,626.16,5.404,65.12,20.846,25.694,1.637,24.6,17.707,6570.49,80.45,625.54,5.396,65.2,20.906,25.702,1.708,24.649,17.626,NORMAL,0.0,1.0,1.0,1.0,1.0,0.0,0.0,0.0,0.0
63.5,CLIMB,84.71,60.06,1747.92,26.5,95.123,1.1059,6559.94,80.03,625.99,5.402,65.12,20.844,25.694,1.636,24.6,17.706,6559.64,80.52,628.47,5.332,64.95,20.817,25.722,1.75,24.585,17.945,NORMAL,0.0,1.0,1.0,1.0,1.0,0.0,0.0,0.0,0.0
63.6,CLIMB,84.7,60.05,1755.0,26.49,95.098,1.1056,6556.04,80.03,625.83,5.4,65.11,20.843,25.694,1.636,24.6,17.705,6562.19,79.6,626.14,5.364,65.06,20.843,25.826,1.688,24.546,17.761,NORMAL,0.0,1.0,1.0,1.0,1.0,0.0,0.0,0.0,0.0
63.7,CLIMB,84.69,60.05,1762.08,26.48,95.074,1.1054,6552.31,80.03,625.67,5.398,65.1,20.842,25.694,1.636,24.6,17.704,6565.8,79.98,624.96,5.389,65.29,20.899,25.664,1.627,24.625,17.897,NORMAL,0.0,1.0,1.0,1.0,1.0,0.0,0.0,0.0,0.0
63.8,CLIMB,84.68,60.04,1769.17,26.46,95.05,1.1052,6548.73,80.03,625.51,5.396,65.1,20.84,25.694,1.635,24.6,17.702,6554.41,79.15,628.05,5.384,65.38,20.929,25.667,1.584,24.644,17.641,NORMAL,0.0,1.0,1.0,1.0,1.0,0.0,0.0,0.0,0.0
63.9,CLIMB,84.67,60.04,1776.25,26.45,95.025,1.105,6545.32,80.03,625.35,5.395,65.09,20.839,25.694,1.635,24.6,17.701,6544.75,79.68,627.67,5.418,65.51,20.573,25.679,1.721,24.636,17.691,NORMAL,0.0,1.0,1.0,1.0,1.0,0.0,0.0,0.0,0.0
64.0,CLIMB,84.67,60.03,1783.33,26.43,95.001,1.1047,6542.05,80.03,625.2,5.393,65.08,20.838,25.693,1.634,24.6,17.7,6547.88,79.77,625.73,5.438,65.12,20.854,25.716,1.583,24.479,17.692,NORMAL,0.0,1.0,1.0,1.0,1.0,0.0,0.0,0.0,0.0
64.1,CLIMB,84.66,60.03,1790.42,26.42,94.977,1.1045,6538.92,80.03,625.04,5.391,65.07,20.836,25.693,1.634,24.6,17.699,6549.52,80.37,627.28,5.375,65.32,20.676,25.756,1.651,24.566,17.689,NORMAL,0.0,1.0,1.0,1.0,1.0,0.0,0.0,0.0,0.0
64.2,CLIMB,84.65,60.02,1797.5,26.4,94.952,1.1043,6535.92,80.03,624.89,5.39,65.07,20.835,25.693,1.634,24.6,17.697,6535.84,78.99,622.25,5.417,65.44,20.644,25.714,1.698,24.643,17.645,NORMAL,0.0,1.0,1.0,1.0,1.0,0.0,0.0,0.0,0.0
64.3,CLIMB,84.64,60.02,1804.58,26.39,94.928,1.104,6533.05,80.03,624.74,5.389,65.06,20.834,25.693,1.633,24.6,17.696,6530.79,80.01,626.07,5.436,65.55,20.804,25.75,1.7,24.644,17.747,NORMAL,0.0,1.0,1.0,1.0,1.0,0.0,0.0,0.0,0.0
64.4,CLIMB,84.63,60.01,1811.67,26.38,94.904,1.1038,6530.29,80.03,624.59,5.387,65.05,20.832,25.693,1.633,24.6,17.695,6530.43,80.22,623.18,5.356,64.45,20.821,25.69,1.543,24.549,17.698,NORMAL,0.0,1.0,1.0,1.0,1.0,0.0,0.0,0.0,0.0
64.5,CLIMB,84.62,60.01,1818.75,26.36,94.88,1.1036,6527.66,80.03,624.44,5.386,65.05,20.831,25.692,1.633,24.6,17.694,6530.69,80.82,624.88,5.387,65.21,20.728,25.75,1.655,24.608,17.624,NORMAL,0.0,1.0,1.0,1.0,1.0,0.0,0.0,0.0,0.0
64.6,CLIMB,84.62,60.0,1825.83,26.35,94.855,1.1033,6525.12,80.03,624.3,5.385,65.04,20.83,25.692,1.633,24.6,17.692,6528.23,80.08,624.24,5.376,65.22,20.893,25.69,1.537,24.658,17.761,NORMAL,0.0,1.0,1.0,1.0,1.0,0.0,0.0,0.0,0.0
64.7,CLIMB,84.61,60.0,1832.92,26.33,94.831,1.1031,6522.7,80.03,624.15,5.383,65.03,20.828,25.692,1.632,24.6,17.691,6523.08,80.7,624.81,5.421,64.99,21.083,25.769,1.643,24.587,17.689,NORMAL,0.0,1.0,1.0,1.0,1.0,0.0,0.0,0.0,0.0
64.8,CLIMB,84.6,59.99,1840.0,26.32,94.807,1.1029,6520.36,80.03,624.01,5.382,65.02,20.827,25.692,1.632,24.6,17.69,6525.92,80.18,625.21,5.412,64.93,21.021,25.698,1.622,24.739,17.712,NORMAL,0.0,1.0,1.0,1.0,1.0,0.0,0.0,0.0,0.0
64.9,CLIMB,84.59,59.98,1847.08,26.31,94.782,1.1027,6518.13,80.03,623.87,5.381,65.02,20.826,25.692,1.632,24.6,17.689,6515.71,79.75,621.67,5.376,64.57,20.864,25.791,1.665,24.523,17.708,NORMAL,0.0,1.0,1.0,1.0,1.0,0.0,0.0,0.0,0.0
65.0,CLIMB,84.58,59.98,1854.17,26.29,94.758,1.1024,6515.97,80.03,623.73,5.38,65.01,20.824,25.692,1.631,24.6,17.687,6521.95,80.33,622.5,5.38,65.59,20.715,25.678,1.617,24.672,17.695,NORMAL,0.0,1.0,1.0,1.0,1.0,0.0,0.0,0.0,0.0
65.1,CLIMB,84.57,59.97,1861.25,26.28,94.734,1.1022,6513.91,80.03,623.59,5.379,65.0,20.823,25.691,1.631,24.6,17.686,6510.56,80.22,623.4,5.379,64.66,21.018,25.704,1.639,24.557,17.876,NORMAL,0.0,1.0,1.0,1.0,1.0,0.0,0.0,0.0,0.0
65.2,CLIMB,84.57,59.97,1868.33,26.26,94.71,1.102,6511.92,80.03,623.46,5.378,65.0,20.822,25.691,1.631,24.6,17.685,6507.3,80.49,626.79,5.403,64.54,20.721,25.733,1.584,24.491,17.624,NORMAL,0.0,1.0,1.0,1.0,1.0,0.0,0.0,0.0,0.0
65.3,CLIMB,84.56,59.96,1875.42,26.25,94.685,1.1017,6510.01,80.03,623.32,5.377,64.99,20.82,25.691,1.631,24.6,17.684,6503.08,80.15,624.65,5.398,64.98,20.782,25.714,1.659,24.554,17.646,NORMAL,0.0,1.0,1.0,1.0,1.0,0.0,0.0,0.0,0.0
65.4,CLIMB,84.55,59.96,1882.5,26.23,94.661,1.1015,6508.17,80.03,623.19,5.376,64.98,20.819,25.691,1.63,24.6,17.682,6508.42,79.95,621.98,5.363,64.73,20.939,25.786,1.602,24.752,17.664,NORMAL,0.0,1.0,1.0,1.0,1.0,0.0,0.0,0.0,0.0
65.5,CLIMB,84.54,59.95,1889.58,26.22,94.637,1.1013,6506.39,80.02,623.06,5.375,64.97,20.818,25.691,1.63,24.6,17.681,6506.87,80.19,623.35,5.388,64.99,20.726,25.716,1.653,24.63,17.818,NORMAL,0.0,1.0,1.0,1.0,1.0,0.0,0.0,0.0,0.0
65.6,CLIMB,84.53,59.95,1896.67,26.21,94.613,1.101,6504.68,80.02,622.93,5.375,64.97,20.816,25.691,1.63,24.6,17.68,6511.51,80.65,625.76,5.379,65.02,20.672,25.621,1.602,24.546,17.764,NORMAL,0.0,1.0,1.0,1.0,1.0,0.0,0.0,0.0,0.0
65.7,CLIMB,84.52,59.94,1903.75,26.19,94.589,1.1008,6503.04,80.02,622.8,5.374,64.96,20.815,25.691,1.63,24.6,17.679,6507.0,79.81,624.27,5.354,65.13,20.941,25.67,1.586,24.664,17.501,NORMAL,0.0,1.0,1.0,1.0,1.0,0.0,0.0,0.0,0.0
65.8,CLIMB,84.52,59.94,1910.83,26.18,94.564,1.1006,6501.45,80.02,622.67,5.373,64.95,20.814,25.69,1.63,24.6,17.677,6503.99,79.4,620.88,5.421,65.1,20.864,25.745,1.726,24.623,17.605,NORMAL,0.0,1.0,1.0,1.0,1.0,0.0,0.0,0.0,0.0
65.9,CLIMB,84.51,59.93,1917.92,26.16,94.54,1.1004,6499.92,80.02,622.55,5.372,64.94,20.812,25.69,1.629,24.6,17.676,6497.1,80.19,621.84,5.371,64.56,20.851,25.63,1.59,24.582,17.67,NORMAL,0.0,1.0,1.0,1.0,1.0,0.0,0.0,0.0,0.0
66.0,CLIMB,84.5,59.92,1925.0,26.15,94.516,1.1001,6498.43,80.02,622.42,5.372,64.94,20.811,25.69,1.629,24.6,17.675,6495.44,79.94,622.65,5.363,64.99,21.024,25.751,1.552,24.609,17.757,NORMAL,0.0,1.0,1.0,1.0,1.0,0.0,0.0,0.0,0.0
66.1,CLIMB,84.49,59.92,1932.08,26.14,94.492,1.0999,6497.0,80.02,622.3,5.371,64.93,20.81,25.69,1.629,24.6,17.674,6488.6,80.37,619.97,5.376,65.16,20.795,25.788,1.674,24.589,17.878,NORMAL,0.0,1.0,1.0,1.0,1.0,0.0,0.0,0.0,0.0
66.2,CLIMB,84.48,59.91,1939.17,26.12,94.468,1.0997,6495.62,80.02,622.18,5.37,64.92,20.808,25.69,1.629,24.6,17.672,6490.08,79.87,622.24,5.368,64.79,20.868,25.68,1.601,24.586,17.754,NORMAL,0.0,1.0,1.0,1.0,1.0,0.0,0.0,0.0,0.0
66.3,CLIMB,84.47,59.91,1946.25,26.11,94.443,1.0994,6494.28,80.02,622.06,5.37,64.92,20.807,25.689,1.629,24.6,17.671,6503.27,80.09,619.62,5.315,65.04,20.706,25.668,1.576,24.612,17.651,NORMAL,0.0,1.0,1.0,1.0,1.0,0.0,0.0,0.0,0.0
66.4,CLIMB,84.47,59.9,1953.33,26.09,94.419,1.0992,6492.99,80.02,621.94,5.369,64.91,20.806,25.689,1.629,24.6,17.67,6490.05,79.97,622.55,5.345,64.77,20.84,25.657,1.569,24.629,17.733,NORMAL,0.0,1.0,1.0,1.0,1.0,0.0,0.0,0.0,0.0
66.5,CLIMB,84.46,59.9,1960.42,26.08,94.395,1.099,6491.73,80.02,621.82,5.368,64.9,20.804,25.689,1.628,24.6,17.669,6485.46,80.12,621.69,5.356,64.69,20.72,25.743,1.619,24.548,17.675,NORMAL,0.0,1.0,1.0,1.0,1.0,0.0,0.0,0.0,0.0
66.6,CLIMB,84.45,59.89,1967.5,26.06,94.371,1.0987,6490.52,80.02,621.7,5.368,64.89,20.803,25.689,1.628,24.6,17.667,6493.99,79.04,621.12,5.368,64.71,20.719,25.671,1.726,24.546,17.54,NORMAL,0.0,1.0,1.0,1.0,1.0,0.0,0.0,0.0,0.0
66.7,CLIMB,84.44,59.89,1974.58,26.05,94.347,1.0985,6489.34,80.02,621.59,5.367,64.89,20.801,25.689,1.628,24.6,17.666,6478.42,80.05,620.94,5.412,65.41,20.78,25.66,1.684,24.492,17.686,NORMAL,0.0,1.0,1.0,1.0,1.0,0.0,0.0,0.0,0.0
66.8,CLIMB,84.43,59.88,1981.67,26.04,94.323,1.0983,6488.19,80.02,621.47,5.367,64.88,20.8,25.689,1.628,24.6,17.665,6484.14,80.28,621.04,5.345,65.01,20.886,25.694,1.687,24.523,17.48,NORMAL,0.0,1.0,1.0,1.0,1.0,0.0,0.0,0.0,0.0
66.9,CLIMB,84.42,59.88,1988.75,26.02,94.298,1.0981,6487.08,80.02,621.36,5.366,64.87,20.799,25.688,1.628,24.6,17.664,6489.98,79.52,621.56,5.322,64.74,20.919,25.604,1.629,24.576,17.659,NORMAL,0.0,1.0,1.0,1.0,1.0,0.0,0.0,0.0,0.0
67.0,CLIMB,84.42,59.87,1995.83,26.01,94.274,1.0978,6486.0,80.02,621.25,5.366,64.86,20.797,25.688,1.628,24.6,17.662,6486.08,79.58,623.6,5.318,65.01,20.769,25.677,1.595,24.656,17.782,NORMAL,0.0,1.0,1.0,1.0,1.0,0.0,0.0,0.0,0.0
67.1,CLIMB,84.41,59.87,2002.92,25.99,94.25,1.0976,6484.95,80.02,621.14,5.365,64.86,20.796,25.688,1.627,24.6,17.661,6487.82,79.68,622.55,5.383,65.02,20.72,25.593,1.621,24.629,17.555,NORMAL,0.0,1.0,1.0,1.0,1.0,0.0,0.0,0.0,0.0
67.2,CLIMB,84.4,59.86,2010.0,25.98,94.226,1.0974,6483.93,80.02,621.03,5.365,64.85,20.795,25.688,1.627,24.6,17.66,6484.78,79.02,619.83,5.4,65.33,20.729,25.712,1.604,24.598,17.594,NORMAL,0.0,1.0,1.0,1.0,1.0,0.0,0.0,0.0,0.0
67.3,CLIMB,84.39,59.85,2017.08,25.97,94.202,1.0971,6482.94,80.02,620.92,5.364,64.84,20.793,25.688,1.627,24.6,17.659,6479.96,80.25,622.35,5.336,64.29,20.848,25.613,1.684,24.588,17.654,NORMAL,0.0,1.0,1.0,1.0,1.0,0.0,0.0,0.0,0.0
67.4,CLIMB,84.38,59.85,2024.17,25.95,94.178,1.0969,6481.97,80.02,620.82,5.364,64.83,20.792,25.688,1.627,24.6,17.657,6482.83,79.16,621.27,5.383,64.62,20.647,25.695,1.549,24.619,17.58,NORMAL,0.0,1.0,1.0,1.0,1.0,0.0,0.0,0.0,0.0
67.5,CLIMB,84.37,59.84,2031.25,25.94,94.154,1.0967,6481.03,80.02,620.71,5.363,64.83,20.791,25.688,1.627,24.6,17.656,6480.09,79.9,622.14,5.401,64.44,20.717,25.656,1.647,24.602,17.646,NORMAL,0.0,1.0,1.0,1.0,1.0,0.0,0.0,0.0,0.0
67.6,CLIMB,84.37,59.84,2038.33,25.92,94.13,1.0965,6480.11,80.02,620.61,5.363,64.82,20.789,25.687,1.627,24.6,17.655,6477.41,79.68,621.0,5.384,65.06,20.546,25.624,1.596,24.528,17.489,NORMAL,0.0,1.0,1.0,1.0,1.0,0.0,0.0,0.0,0.0
67.7,CLIMB,84.36,59.83,2045.42,25.91,94.106,1.0962,6479.21,80.02,620.5,5.363,64.81,20.788,25.687,1.627,24.6,17.654,6474.48,79.11,620.58,5.383,64.57,20.727,25.657,1.734,24.613,17.489,NORMAL,0.0,1.0,1.0,1.0,1.0,0.0,0.0,0.0,0.0
67.8,CLIMB,84.35,59.83,2052.5,25.89,94.081,1.096,6478.33,80.02,620.4,5.362,64.8,20.787,25.687,1.626,24.6,17.652,6477.25,79.37,620.42,5.434,64.49,20.918,25.67,1.66,24.579,17.689,NORMAL,0.0,1.0,1.0,1.0,1.0,0.0,0.0,0.0,0.0
67.9,CLIMB,84.34,59.82,2059.58,25.88,94.057,1.0958,6477.47,80.02,620.3,5.362,64.8,20.785,25.687,1.626,24.6,17.651,6474.73,79.58,619.06,5.335,64.31,20.687,25.707,1.702,24.605,17.684,NORMAL,0.0,1.0,1.0,1.0,1.0,0.0,0.0,0.0,0.0
68.0,CLIMB,84.33,59.82,2066.67,25.87,94.033,1.0955,6476.63,80.02,620.2,5.361,64.79,20.784,25.687,1.626,24.6,17.65,6476.02,80.89,620.47,5.344,64.61,20.89,25.734,1.682,24.578,17.581,NORMAL,0.0,1.0,1.0,1.0,1.0,0.0,0.0,0.0,0.0
68.1,CLIMB,84.32,59.81,2073.75,25.85,94.009,1.0953,6475.81,80.01,620.1,5.361,64.78,20.783,25.686,1.626,24.6,17.649,6481.78,80.46,620.58,5.348,64.71,20.745,25.683,1.668,24.594,17.676,NORMAL,0.0,1.0,1.0,1.0,1.0,0.0,0.0,0.0,0.0
68.2,CLIMB,84.32,59.81,2080.83,25.84,93.985,1.0951,6475.01,80.01,620.0,5.361,64.77,20.781,25.686,1.626,24.6,17.647,6478.0,79.86,619.64,5.343,64.73,20.789,25.716,1.604,24.552,17.704,NORMAL,0.0,1.0,1.0,1.0,1.0,0.0,0.0,0.0,0.0
68.3,CLIMB,84.31,59.8,2087.92,25.82,93.961,1.0949,6474.22,80.01,619.91,5.36,64.77,20.78,25.686,1.626,24.6,17.646,6473.11,80.2,620.69,5.358,65.13,20.82,25.654,1.58,24.576,17.566,NORMAL,0.0,1.0,1.0,1.0,1.0,0.0,0.0,0.0,0.0
68.4,CLIMB,84.3,59.79,2095.0,25.81,93.937,1.0946,6473.45,80.01,619.81,5.36,64.76,20.779,25.686,1.626,24.6,17.645,6464.56,80.48,620.47,5.388,65.14,20.735,25.698,1.593,24.602,17.566,NORMAL,0.0,1.0,1.0,1.0,1.0,0.0,0.0,0.0,0.0
68.5,CLIMB,84.29,59.79,2102.08,25.8,93.913,1.0944,6472.69,80.01,619.71,5.36,64.75,20.777,25.686,1.626,24.6,17.644,6464.78,80.43,620.6,5.357,64.69,20.802,25.695,1.63,24.538,17.756,NORMAL,0.0,1.0,1.0,1.0,1.0,0.0,0.0,0.0,0.0
68.6,CLIMB,84.28,59.78,2109.17,25.78,93.889,1.0942,6471.95,80.01,619.62,5.359,64.74,20.776,25.686,1.625,24.6,17.642,6481.18,80.12,620.96,5.415,64.59,20.765,25.81,1.627,24.71,17.597,NORMAL,0.0,1.0,1.0,1.0,1.0,0.0,0.0,0.0,0.0
68.7,CLIMB,84.27,59.78,2116.25,25.77,93.865,1.0939,6471.22,80.01,619.53,5.359,64.74,20.775,25.685,1.625,24.6,17.641,6474.36,79.52,618.96,5.429,64.79,20.769,25.693,1.623,24.769,17.655,NORMAL,0.0,1.0,1.0,1.0,1.0,0.0,0.0,0.0,0.0
68.8,CLIMB,84.27,59.77,2123.33,25.75,93.841,1.0937,6470.5,80.01,619.44,5.359,64.73,20.773,25.685,1.625,24.6,17.64,6466.21,79.33,620.2,5.331,64.56,20.615,25.714,1.619,24.632,17.622,NORMAL,0.0,1.0,1.0,1.0,1.0,0.0,0.0,0.0,0.0
68.9,CLIMB,84.26,59.77,2130.42,25.74,93.817,1.0935,6469.79,80.01,619.34,5.358,64.72,20.772,25.685,1.625,24.6,17.639,6467.1,79.47,620.98,5.365,64.61,20.905,25.65,1.751,24.586,17.602,NORMAL,0.0,1.0,1.0,1.0,1.0,0.0,0.0,0.0,0.0
69.0,CLIMB,84.25,59.76,2137.5,25.72,93.793,1.0933,6469.1,80.01,619.25,5.358,64.71,20.771,25.685,1.625,24.6,17.637,6476.42,79.72,617.47,5.356,64.4,20.823,25.645,1.608,24.642,17.402,NORMAL,0.0,1.0,1.0,1.0,1.0,0.0,0.0,0.0,0.0
69.1,CLIMB,84.24,59.76,2144.58,25.71,93.769,1.093,6468.41,80.01,619.17,5.358,64.7,20.769,25.685,1.625,24.6,17.636,6470.6,79.64,620.5,5.365,65.81,20.71,25.726,1.659,24.613,17.602,NORMAL,0.0,1.0,1.0,1.0,1.0,0.0,0.0,0.0,0.0
69.2,CLIMB,84.23,59.75,2151.67,25.7,93.745,1.0928,6467.74,80.01,619.08,5.358,64.7,20.768,25.685,1.625,24.6,17.635,6465.33,80.02,620.12,5.382,64.18,20.814,25.758,1.65,24.603,17.857,NORMAL,0.0,1.0,1.0,1.0,1.0,0.0,0.0,0.0,0.0
69.3,CLIMB,84.22,59.75,2158.75,25.68,93.721,1.0926,6467.08,80.01,618.99,5.357,64.69,20.767,25.684,1.625,24.6,17.634,6459.52,79.96,619.75,5.374,64.49,20.855,25.594,1.622,24.543,17.679,NORMAL,0.0,1.0,1.0,1.0,1.0,0.0,0.0,0.0,0.0
69.4,CLIMB,84.22,59.74,2165.83,25.67,93.697,1.0923,6466.42,80.01,618.9,5.357,64.68,20.765,25.684,1.625,24.6,17.632,6464.5,80.36,619.14,5.396,64.4,20.868,25.686,1.63,24.633,17.727,NORMAL,0.0,1.0,1.0,1.0,1.0,0.0,0.0,0.0,0.0
69.5,CLIMB,84.21,59.74,2172.92,25.65,93.673,1.0921,6465.78,80.01,618.82,5.357,64.67,20.764,25.684,1.624,24.6,17.631,6462.4,80.94,617.12,5.336,64.41,20.646,25.731,1.647,24.633,17.548,NORMAL,0.0,1.0,1.0,1.0,1.0,0.0,0.0,0.0,0.0
69.6,CLIMB,84.2,59.73,2180.0,25.64,93.649,1.0919,6465.14,80.01,618.73,5.356,64.67,20.763,25.684,1.624,24.6,17.63,6471.29,80.15,622.26,5.327,64.09,20.644,25.634,1.662,24.615,17.463,NORMAL,0.0,1.0,1.0,1.0,1.0,0.0,0.0,0.0,0.0
69.7,CLIMB,84.19,59.72,2187.08,25.63,93.625,1.0917,6464.51,80.01,618.65,5.356,64.66,20.761,25.684,1.624,24.6,17.629,6469.19,80.24,620.78,5.373,64.57,20.689,25.693,1.624,24.569,17.76,NORMAL,0.0,1.0,1.0,1.0,1.0,0.0,0.0,0.0,0.0
69.8,CLIMB,84.18,59.72,2194.17,25.61,93.601,1.0914,6463.89,80.01,618.57,5.356,64.65,20.76,25.684,1.624,24.6,17.627,6467.08,79.8,618.05,5.324,64.66,20.688,25.679,1.631,24.508,17.638,NORMAL,0.0,1.0,1.0,1.0,1.0,0.0,0.0,0.0,0.0
69.9,CLIMB,84.17,59.71,2201.25,25.6,93.577,1.0912,6463.27,80.01,618.49,5.356,64.64,20.758,25.683,1.624,24.6,17.626,6460.49,80.16,619.27,5.387,64.67,20.877,25.691,1.616,24.571,17.494,NORMAL,0.0,1.0,1.0,1.0,1.0,0.0,0.0,0.0,0.0
70.0,CLIMB,84.17,59.71,2208.33,25.58,93.553,1.091,6462.66,80.01,618.41,5.355,64.64,20.757,25.683,1.624,24.6,17.625,6461.98,79.39,618.15,5.403,64.67,20.714,25.643,1.577,24.557,17.479,NORMAL,0.0,1.0,1.0,1.0,1.0,0.0,0.0,0.0,0.0
70.1,CLIMB,84.16,59.7,2215.42,25.57,93.529,1.0908,6462.06,80.01,618.33,5.355,64.63,20.756,25.683,1.624,24.6,17.624,6459.35,80.54,619.12,5.418,64.7,20.693,25.773,1.711,24.548,17.698,NORMAL,0.0,1.0,1.0,1.0,1.0,0.0,0.0,0.0,0.0
70.2,CLIMB,84.15,59.7,2222.5,25.55,93.505,1.0905,6461.46,80.01,618.25,5.355,64.62,20.754,25.683,1.624,24.6,17.622,6453.23,79.59,622.77,5.35,64.26,20.839,25.777,1.685,24.644,17.548,NORMAL,0.0,1.0,1.0,1.0,1.0,0.0,0.0,0.0,0.0
70.3,CLIMB,84.14,59.69,2229.58,25.54,93.481,1.0903,6460.87,80.01,618.17,5.355,64.61,20.753,25.683,1.624,24.6,17.621,6461.69,79.76,619.35,5.357,64.62,20.67,25.751,1.67,24.593,17.617,NORMAL,0.0,1.0,1.0,1.0,1.0,0.0,0.0,0.0,0.0
70.4,CLIMB,84.13,59.69,2236.67,25.53,93.457,1.0901,6460.29,80.01,618.09,5.354,64.6,20.752,25.683,1.624,24.6,17.62,6464.05,80.06,615.2,5.36,65.11,20.658,25.575,1.652,24.612,17.809,NORMAL,0.0,1.0,1.0,1.0,1.0,0.0,0.0,0.0,0.0
70.5,CLIMB,84.12,59.68,2243.75,25.51,93.434,1.0898,6459.71,80.01,618.01,5.354,64.6,20.75,25.683,1.623,24.6,17.619,6459.69,79.82,618.44,5.387,64.21,20.834,25.624,1.582,24.665,17.649,NORMAL,0.0,1.0,1.0,1.0,1.0,0.0,0.0,0.0,0.0
70.6,CLIMB,84.12,59.68,2250.83,25.5,93.41,1.0896,6459.14,80.0,617.94,5.354,64.59,20.749,25.682,1.623,24.6,17.617,6455.21,79.74,618.39,5.342,64.4,20.711,25.734,1.594,24.577,17.58,NORMAL,0.0,1.0,1.0,1.0,1.0,0.0,0.0,0.0,0.0
70.7,CLIMB,84.11,59.67,2257.92,25.48,93.386,1.0894,6458.57,80.0,617.86,5.354,64.58,20.748,25.682,1.623,24.6,17.616,6468.73,79.17,617.95,5.388,64.63,20.825,25.723,1.603,24.593,17.646,NORMAL,0.0,1.0,1.0,1.0,1.0,0.0,0.0,0.0,0.0
70.8,CLIMB,84.1,59.66,2265.0,25.47,93.362,1.0892,6458.0,80.0,617.79,5.354,64.57,20.746,25.682,1.623,24.6,17.615,6456.62,80.69,614.43,5.405,64.7,20.894,25.718,1.58,24.539,17.519,NORMAL,0.0,1.0,1.0,1.0,1.0,0.0,0.0,0.0,0.0
70.9,CLIMB,84.09,59.66,2272.08,25.46,93.338,1.0889,6457.44,80.0,617.71,5.353,64.56,20.745,25.682,1.623,24.6,17.614,6466.05,79.99,617.5,5.333,65.0,20.726,25.694,1.623,24.685,17.528,NORMAL,0.0,1.0,1.0,1.0,1.0,0.0,0.0,0.0,0.0
71.0,CLIMB,84.08,59.65,2279.17,25.44,93.314,1.0887,6456.88,80.0,617.64,5.353,64.56,20.744,25.682,1.623,24.6,17.612,6456.66,79.83,615.49,5.348,64.22,20.717,25.711,1.529,24.678,17.696,NORMAL,0.0,1.0,1.0,1.0,1.0,0.0,0.0,0.0,0.0
71.1,CLIMB,84.07,59.65,2286.25,25.43,93.29,1.0885,6456.33,80.0,617.57,5.353,64.55,20.742,25.681,1.623,24.6,17.611,6450.15,78.82,615.97,5.358,65.22,20.748,25.679,1.625,24.629,17.481,NORMAL,0.0,1.0,1.0,1.0,1.0,0.0,0.0,0.0,0.0
71.2,CLIMB,84.07,59.64,2293.33,25.41,93.266,1.0883,6455.78,80.0,617.49,5.353,64.54,20.741,25.681,1.623,24.6,17.61,6459.79,80.06,614.88,5.374,64.29,20.794,25.749,1.572,24.579,17.76,NORMAL,0.0,1.0,1.0,1.0,1.0,0.0,0.0,0.0,0.0
71.3,CLIMB,84.06,59.64,2300.42,25.4,93.242,1.088,6455.24,80.0,617.42,5.352,64.53,20.74,25.681,1.623,24.6,17.609,6454.07,79.8,615.46,5.374,65.03,20.738,25.742,1.723,24.583,17.549,NORMAL,0.0,1.0,1.0,1.0,1.0,0.0,0.0,0.0,0.0
71.4,CLIMB,84.05,59.63,2307.5,25.38,93.219,1.0878,6454.69,80.0,617.35,5.352,64.53,20.738,25.681,1.623,24.6,17.607,6451.92,80.05,618.32,5.377,64.12,20.795,25.638,1.677,24.569,17.603,NORMAL,0.0,1.0,1.0,1.0,1.0,0.0,0.0,0.0,0.0
71.5,CLIMB,84.04,59.63,2314.58,25.37,93.195,1.0876,6454.16,80.0,617.28,5.352,64.52,20.737,25.681,1.622,24.6,17.606,6451.83,79.29,616.67,5.351,64.51,20.716,25.696,1.604,24.604,17.419,NORMAL,0.0,1.0,1.0,1.0,1.0,0.0,0.0,0.0,0.0
71.6,CLIMB,84.03,59.62,2321.67,25.36,93.171,1.0873,6453.62,80.0,617.21,5.352,64.51,20.736,25.681,1.622,24.6,17.605,6446.87,79.68,617.45,5.314,64.86,20.773,25.658,1.609,24.599,17.642,NORMAL,0.0,1.0,1.0,1.0,1.0,0.0,0.0,0.0,0.0
71.7,CLIMB,84.02,59.62,2328.75,25.34,93.147,1.0871,6453.09,80.0,617.15,5.352,64.5,20.734,25.68,1.622,24.6,17.604,6457.4,79.49,619.38,5.372,64.47,20.654,25.691,1.559,24.61,17.661,NORMAL,0.0,1.0,1.0,1.0,1.0,0.0,0.0,0.0,0.0
71.8,CLIMB,84.02,59.61,2335.83,25.33,93.123,1.0869,6452.56,80.0,617.08,5.351,64.49,20.733,25.68,1.622,24.6,17.602,6452.63,80.09,615.64,5.336,64.16,20.712,25.61,1.606,24.659,17.62,NORMAL,0.0,1.0,1.0,1.0,1.0,0.0,0.0,0.0,0.0
71.9,CLIMB,84.01,59.61,2342.92,25.31,93.099,1.0867,6452.03,80.0,617.01,5.351,64.49,20.732,25.68,1.622,24.6,17.601,6454.21,79.89,615.56,5.405,64.72,20.663,25.797,1.588,24.591,17.347,NORMAL,0.0,1.0,1.0,1.0,1.0,0.0,0.0,0.0,0.0
72.0,CLIMB,84.0,59.6,2350.0,25.3,93.075,1.0864,6451.5,80.0,616.95,5.351,64.48,20.73,25.68,1.622,24.6,17.6,6454.44,80.52,619.02,5.371,64.22,20.749,25.709,1.656,24.563,17.726,NORMAL,0.0,1.0,1.0,1.0,1.0,0.0,0.0,0.0,0.0
72.1,CLIMB,83.99,59.59,2357.08,25.29,93.052,1.0862,6450.98,80.0,616.88,5.351,64.47,20.729,25.68,1.622,24.6,17.599,6453.94,80.35,616.64,5.431,64.38,21.025,25.623,1.631,24.635,17.613,NORMAL,0.0,1.0,1.0,1.0,1.0,0.0,0.0,0.0,0.0
72.2,CLIMB,83.98,59.59,2364.17,25.27,93.028,1.086,6450.46,80.0,616.81,5.351,64.46,20.728,25.68,1.622,24.6,17.597,6448.4,79.49,617.42,5.333,64.44,20.92,25.696,1.644,24.65,17.65,NORMAL,0.0,1.0,1.0,1.0,1.0,0.0,0.0,0.0,0.0
72.3,CLIMB,83.97,59.58,2371.25,25.26,93.004,1.0858,6449.94,80.0,616.75,5.35,64.45,20.726,25.68,1.622,24.6,17.596,6455.48,79.8,617.26,5.314,65.4,20.625,25.645,1.633,24.484,17.81,NORMAL,0.0,1.0,1.0,1.0,1.0,0.0,0.0,0.0,0.0
72.4,CLIMB,83.97,59.58,2378.33,25.24,92.98,1.0855,6449.42,80.0,616.69,5.35,64.45,20.725,25.679,1.622,24.6,17.595,6453.33,79.32,619.58,5.341,64.67,20.751,25.716,1.706,24.51,17.558,NORMAL,0.0,1.0,1.0,1.0,1.0,0.0,0.0,0.0,0.0
72.5,CLIMB,83.96,59.57,2385.42,25.23,92.956,1.0853,6448.91,80.0,616.62,5.35,64.44,20.723,25.679,1.621,24.6,17.594,6453.83,79.99,617.53,5.319,64.47,20.67,25.653,1.625,24.676,17.703,NORMAL,0.0,1.0,1.0,1.0,1.0,0.0,0.0,0.0,0.0
72.6,CLIMB,83.95,59.57,2392.5,25.21,92.933,1.0851,6448.4,80.0,616.56,5.35,64.43,20.722,25.679,1.621,24.6,17.593,6462.61,80.35,617.33,5.348,64.4,20.605,25.765,1.546,24.621,17.488,NORMAL,0.0,1.0,1.0,1.0,1.0,0.0,0.0,0.0,0.0
72.7,CLIMB,83.94,59.56,2399.58,25.2,92.909,1.0849,6447.88,80.0,616.5,5.35,64.42,20.721,25.679,1.621,24.6,17.591,6448.99,79.93,616.47,5.352,64.34,20.809,25.69,1.709,24.592,17.652,NORMAL,0.0,1.0,1.0,1.0,1.0,0.0,0.0,0.0,0.0
72.8,CLIMB,83.93,59.56,2406.67,25.19,92.885,1.0846,6447.37,80.0,616.44,5.349,64.41,20.719,25.679,1.621,24.6,17.59,6442.94,80.13,613.31,5.348,64.7,20.608,25.732,1.501,24.656,17.638,NORMAL,0.0,1.0,1.0,1.0,1.0,0.0,0.0,0.0,0.0
72.9,CLIMB,83.92,59.55,2413.75,25.17,92.861,1.0844,6446.87,80.0,616.38,5.349,64.41,20.718,25.678,1.621,24.6,17.589,6430.79,80.73,614.73,5.406,64.57,20.789,25.477,1.674,24.55,17.727,NORMAL,0.0,1.0,1.0,1.0,1.0,0.0,0.0,0.0,0.0
73.0,CLIMB,83.92,59.55,2420.83,25.16,92.838,1.0842,6446.36,80.0,616.32,5.349,64.4,20.717,25.678,1.621,24.6,17.587,6443.4,79.39,614.97,5.357,65.02,20.682,25.726,1.659,24.564,17.442,NORMAL,0.0,1.0,1.0,1.0,1.0,0.0,0.0,0.0,0.0
73.1,CLIMB,83.91,59.54,2427.92,25.14,92.814,1.084,6445.85,79.99,616.26,5.349,64.39,20.715,25.678,1.621,24.6,17.586,6447.12,81.34,616.12,5.383,64.15,20.787,25.654,1.55,24.543,17.477,NORMAL,0.0,1.0,1.0,1.0,1.0,0.0,0.0,0.0,0.0
73.2,CLIMB,83.9,59.53,2435.0,25.13,92.79,1.0837,6445.35,79.99,616.2,5.349,64.38,20.714,25.678,1.621,24.6,17.585,6447.55,79.97,614.46,5.375,64.1,20.746,25.59,1.575,24.592,17.711,NORMAL,0.0,1.0,1.0,1.0,1.0,0.0,0.0,0.0,0.0
73.3,CLIMB,83.89,59.53,2442.08,25.12,92.766,1.0835,6444.85,79.99,616.14,5.348,64.37,20.713,25.678,1.621,24.6,17.584,6447.17,79.12,615.62,5.341,64.53,20.75,25.732,1.595,24.693,17.619,NORMAL,0.0,1.0,1.0,1.0,1.0,0.0,0.0,0.0,0.0
73.4,CLIMB,83.88,59.52,2449.17,25.1,92.743,1.0833,6444.35,79.99,616.08,5.348,64.37,20.711,25.678,1.621,24.6,17.582,6449.83,80.19,615.48,5.398,64.25,20.739,25.642,1.531,24.647,17.643,NORMAL,0.0,1.0,1.0,1.0,1.0,0.0,0.0,0.0,0.0
73.5,CLIMB,83.87,59.52,2456.25,25.09,92.719,1.083,6443.85,79.99,616.02,5.348,64.36,20.71,25.677,1.621,24.6,17.581,6445.62,79.82,614.35,5.371,63.99,20.762,25.679,1.62,24.607,17.453,NORMAL,0.0,1.0,1.0,1.0,1.0,0.0,0.0,0.0,0.0
73.6,CLIMB,83.87,59.51,2463.33,25.07,92.695,1.0828,6443.35,79.99,615.97,5.348,64.35,20.709,25.677,1.62,24.6,17.58,6443.59,80.22,614.81,5.289,64.25,20.764,25.67,1.582,24.554,17.642,NORMAL,0.0,1.0,1.0,1.0,1.0,0.0,0.0,0.0,0.0
73.7,CLIMB,83.86,59.51,2470.42,25.06,92.671,1.0826,6442.85,79.99,615.91,5.348,64.34,20.707,25.677,1.62,24.6,17.579,6440.44,80.31,617.32,5.381,63.82,20.52,25.716,1.612,24.624,17.651,NORMAL,0.0,1.0,1.0,1.0,1.0,0.0,0.0,0.0,0.0
73.8,CLIMB,83.85,59.5,2477.5,25.04,92.648,1.0824,6442.35,79.99,615.85,5.347,64.33,20.706,25.677,1.62,24.6,17.578,6432.07,80.72,616.01,5.302,64.49,20.931,25.646,1.502,24.676,17.623,NORMAL,0.0,1.0,1.0,1.0,1.0,0.0,0.0,0.0,0.0
73.9,CLIMB,83.84,59.5,2484.58,25.03,92.624,1.0821,6441.86,79.99,615.8,5.347,64.32,20.705,25.677,1.62,24.6,17.576,6440.74,79.82,614.07,5.387,64.06,20.889,25.712,1.679,24.577,17.513,NORMAL,0.0,1.0,1.0,1.0,1.0,0.0,0.0,0.0,0.0
74.0,CLIMB,83.83,59.49,2491.67,25.02,92.6,1.0819,6441.36,79.99,615.74,5.347,64.32,20.703,25.677,1.62,24.6,17.575,6438.57,79.6,616.12,5.324,64.58,20.699,25.704,1.624,24.492,17.524,NORMAL,0.0,1.0,1.0,1.0,1.0,0.0,0.0,0.0,0.0
74.1,CLIMB,83.82,59.49,2498.75,25.0,92.576,1.0817,6440.87,79.99,615.69,5.347,64.31,20.702,25.677,1.62,24.6,17.574,6431.94,79.92,617.15,5.356,64.48,20.512,25.618,1.583,24.581,17.504,NORMAL,0.0,1.0,1.0,1.0,1.0,0.0,0.0,0.0,0.0
74.2,CLIMB,83.82,59.48,2505.83,24.99,92.553,1.0815,6440.37,79.99,615.64,5.347,64.3,20.701,25.676,1.62,24.6,17.572,6437.32,79.06,615.96,5.32,64.74,20.731,25.754,1.605,24.613,17.774,NORMAL,0.0,1.0,1.0,1.0,1.0,0.0,0.0,0.0,0.0
74.3,CLIMB,83.81,59.48,2512.92,24.97,92.529,1.0812,6439.88,79.99,615.58,5.346,64.29,20.699,25.676,1.62,24.6,17.571,6445.5,79.93,615.0,5.325,63.52,20.506,25.735,1.614,24.59,17.475,NORMAL,0.0,1.0,1.0,1.0,1.0,0.0,0.0,0.0,0.0
74.4,CLIMB,83.8,59.47,2520.0,24.96,92.505,1.081,6439.39,79.99,615.53,5.346,64.28,20.698,25.676,1.62,24.6,17.57,6440.85,79.96,616.82,5.398,64.46,20.74,25.684,1.667,24.57,17.497,NORMAL,0.0,1.0,1.0,1.0,1.0,0.0,0.0,0.0,0.0
74.5,CLIMB,83.79,59.46,2527.08,24.95,92.482,1.0808,6438.9,79.99,615.48,5.346,64.28,20.697,25.676,1.62,24.6,17.569,6435.31,79.71,615.14,5.293,64.12,20.635,25.704,1.539,24.662,17.48,NORMAL,0.0,1.0,1.0,1.0,1.0,0.0,0.0,0.0,0.0
74.6,CLIMB,83.78,59.46,2534.17,24.93,92.458,1.0806,6438.41,79.99,615.43,5.346,64.27,20.695,25.676,1.62,24.6,17.567,6435.03,80.29,615.1,5.343,64.09,20.68,25.726,1.545,24.608,17.499,NORMAL,0.0,1.0,1.0,1.0,1.0,0.0,0.0,0.0,0.0
74.7,CLIMB,83.77,59.45,2541.25,24.92,92.434,1.0803,6437.92,79.99,615.37,5.346,64.26,20.694,25.675,1.619,24.6,17.566,6439.59,79.23,615.71,5.308,64.18,20.666,25.647,1.528,24.638,17.56,NORMAL,0.0,1.0,1.0,1.0,1.0,0.0,0.0,0.0,0.0
74.8,CLIMB,83.77,59.45,2548.33,24.9,92.411,1.0801,6437.43,79.99,615.32,5.345,64.25,20.692,25.675,1.619,24.6,17.565,6432.64,80.15,616.9,5.355,64.15,20.54,25.701,1.693,24.566,17.385,NORMAL,0.0,1.0,1.0,1.0,1.0,0.0,0.0,0.0,0.0
74.9,CLIMB,83.76,59.44,2555.42,24.89,92.387,1.0799,6436.94,79.99,615.27,5.345,64.24,20.691,25.675,1.619,24.6,17.564,6441.92,79.49,614.65,5.382,64.78,20.698,25.628,1.573,24.555,17.395,NORMAL,0.0,1.0,1.0,1.0,1.0,0.0,0.0,0.0,0.0
75.0,CLIMB,83.75,59.44,2562.5,24.88,92.363,1.0797,6436.45,79.99,615.22,5.345,64.23,20.69,25.675,1.619,24.6,17.562,6446.69,80.31,615.14,5.347,64.49,20.744,25.731,1.632,24.683,17.577,NORMAL,0.0,1.0,1.0,1.0,1.0,0.0,0.0,0.0,0.0
75.1,CLIMB,83.74,59.43,2569.58,24.86,92.34,1.0794,6435.96,79.99,615.17,5.345,64.23,20.688,25.675,1.619,24.6,17.561,6440.33,79.65,616.06,5.354,64.2,20.631,25.701,1.605,24.6,17.521,NORMAL,0.0,1.0,1.0,1.0,1.0,0.0,0.0,0.0,0.0
75.2,CLIMB,83.73,59.43,2576.67,24.85,92.316,1.0792,6435.47,79.99,615.12,5.345,64.22,20.687,25.675,1.619,24.6,17.56,6430.47,80.1,614.6,5.296,63.89,20.618,25.676,1.646,24.671,17.669,NORMAL,0.0,1.0,1.0,1.0,1.0,0.0,0.0,0.0,0.0
75.3,CLIMB,83.72,59.42,2583.75,24.83,92.293,1.079,6434.99,79.99,615.08,5.345,64.21,20.686,25.674,1.619,24.6,17.559,6431.67,79.89,615.61,5.339,64.13,20.525,25.702,1.808,24.566,17.549,NORMAL,0.0,1.0,1.0,1.0,1.0,0.0,0.0,0.0,0.0
75.4,CLIMB,83.72,59.42,2590.83,24.82,92.269,1.0788,6434.5,79.98,615.03,5.344,64.2,20.684,25.674,1.619,24.6,17.558,6433.24,79.85,613.81,5.374,63.69,20.762,25.707,1.627,24.584,17.602,NORMAL,0.0,1.0,1.0,1.0,1.0,0.0,0.0,0.0,0.0
75.5,CLIMB,83.71,59.41,2597.92,24.8,92.245,1.0785,6434.01,79.98,614.98,5.344,64.19,20.683,25.674,1.619,24.6,17.556,6428.14,79.29,614.08,5.377,64.64,20.519,25.689,1.611,24.524,17.416,NORMAL,0.0,1.0,1.0,1.0,1.0,0.0,0.0,0.0,0.0
75.6,CLIMB,83.7,59.41,2605.0,24.79,92.222,1.0783,6433.53,79.98,614.93,5.344,64.18,20.682,25.674,1.619,24.6,17.555,6438.25,80.84,615.25,5.339,63.99,20.902,25.682,1.588,24.586,17.553,NORMAL,0.0,1.0,1.0,1.0,1.0,0.0,0.0,0.0,0.0
75.7,CLIMB,83.69,59.4,2612.08,24.78,92.198,1.0781,6433.04,79.98,614.88,5.344,64.18,20.68,25.674,1.619,24.6,17.554,6428.05,80.2,614.82,5.296,64.03,20.661,25.699,1.644,24.589,17.477,NORMAL,0.0,1.0,1.0,1.0,1.0,0.0,0.0,0.0,0.0
75.8,CLIMB,83.68,59.39,2619.17,24.76,92.175,1.0779,6432.56,79.98,614.84,5.344,64.17,20.679,25.674,1.618,24.6,17.553,6440.75,79.93,615.0,5.354,64.33,20.563,25.676,1.586,24.67,17.611,NORMAL,0.0,1.0,1.0,1.0,1.0,0.0,0.0,0.0,0.0
75.9,CLIMB,83.67,59.39,2626.25,24.75,92.151,1.0776,6432.07,79.98,614.79,5.343,64.16,20.678,25.674,1.618,24.6,17.551,6430.63,79.83,614.97,5.366,64.1,20.536,25.61,1.634,24.561,17.588,NORMAL,0.0,1.0,1.0,1.0,1.0,0.0,0.0,0.0,0.0
76.0,CLIMB,83.67,59.38,2633.33,24.73,92.127,1.0774,6431.59,79.98,614.75,5.343,64.15,20.676,25.673,1.618,24.6,17.55,6438.4,80.25,615.71,5.363,63.71,20.613,25.667,1.682,24.563,17.592,NORMAL,0.0,1.0,1.0,1.0,1.0,0.0,0.0,0.0,0.0
76.1,CLIMB,83.66,59.38,2640.42,24.72,92.104,1.0772,6431.11,79.98,614.7,5.343,64.14,20.675,25.673,1.618,24.6,17.549,6422.38,79.98,613.95,5.339,63.98,20.67,25.619,1.546,24.551,17.524,NORMAL,0.0,1.0,1.0,1.0,1.0,0.0,0.0,0.0,0.0
76.2,CLIMB,83.65,59.37,2647.5,24.71,92.08,1.077,6430.62,79.98,614.65,5.343,64.13,20.674,25.673,1.618,24.6,17.547,6436.51,80.21,617.68,5.339,64.32,20.633,25.697,1.606,24.637,17.5,NORMAL,0.0,1.0,1.0,1.0,1.0,0.0,0.0,0.0,0.0
76.3,CLIMB,83.64,59.37,2654.58,24.69,92.057,1.0767,6430.14,79.98,614.61,5.343,64.13,20.672,25.673,1.618,24.6,17.546,6431.05,80.37,616.16,5.301,63.73,20.674,25.62,1.635,24.601,17.643,NORMAL,0.0,1.0,1.0,1.0,1.0,0.0,0.0,0.0,0.0
76.4,CLIMB,83.63,59.36,2661.67,24.68,92.033,1.0765,6429.66,79.98,614.57,5.342,64.12,20.671,25.673,1.618,24.6,17.545,6419.04,80.61,614.15,5.333,64.16,20.675,25.648,1.639,24.553,17.506,NORMAL,0.0,1.0,1.0,1.0,1.0,0.0,0.0,0.0,0.0
76.5,CLIMB,83.62,59.36,2668.75,24.66,92.009,1.0763,6429.17,79.98,614.52,5.342,64.11,20.67,25.672,1.618,24.6,17.544,6427.8,80.93,612.65,5.372,64.13,20.752,25.728,1.639,24.7,17.391,NORMAL,0.0,1.0,1.0,1.0,1.0,0.0,0.0,0.0,0.0
76.6,CLIMB,83.62,59.35,2675.83,24.65,91.986,1.0761,6428.69,79.98,614.48,5.342,64.1,20.668,25.672,1.618,24.6,17.543,6427.82,79.53,613.12,5.307,63.84,20.679,25.668,1.594,24.486,17.585,NORMAL,0.0,1.0,1.0,1.0,1.0,0.0,0.0,0.0,0.0
76.7,CLIMB,83.61,59.35,2682.92,24.63,91.962,1.0758,6428.21,79.98,614.43,5.342,64.09,20.667,25.672,1.618,24.6,17.541,6432.28,80.01,615.37,5.359,64.32,20.541,25.699,1.641,24.538,17.632,NORMAL,0.0,1.0,1.0,1.0,1.0,0.0,0.0,0.0,0.0
76.8,CLIMB,83.6,59.34,2690.0,24.62,91.939,1.0756,6427.73,79.98,614.39,5.342,64.08,20.665,25.672,1.617,24.6,17.54,6432.89,79.31,617.49,5.305,63.8,20.622,25.725,1.542,24.637,17.364,NORMAL,0.0,1.0,1.0,1.0,1.0,0.0,0.0,0.0,0.0
76.9,CLIMB,83.59,59.33,2697.08,24.61,91.915,1.0754,6427.25,79.98,614.35,5.342,64.07,20.664,25.672,1.617,24.6,17.539,6425.36,79.08,613.3,5.292,64.12,20.718,25.734,1.574,24.528,17.674,NORMAL,0.0,1.0,1.0,1.0,1.0,0.0,0.0,0.0,0.0
77.0,CLIMB,83.58,59.33,2704.17,24.59,91.892,1.0752,6426.77,79.98,614.31,5.341,64.07,20.663,25.672,1.617,24.6,17.538,6417.29,80.45,616.5,5.304,64.33,20.702,25.558,1.697,24.675,17.654,NORMAL,0.0,1.0,1.0,1.0,1.0,0.0,0.0,0.0,0.0
77.1,CLIMB,83.58,59.32,2711.25,24.58,91.868,1.075,6426.28,79.98,614.27,5.341,64.06,20.661,25.672,1.617,24.6,17.536,6432.97,80.29,613.69,5.415,64.08,20.695,25.611,1.609,24.632,17.574,NORMAL,0.0,1.0,1.0,1.0,1.0,0.0,0.0,0.0,0.0
77.2,CLIMB,83.57,59.32,2718.33,24.56,91.845,1.0747,6425.8,79.98,614.22,5.341,64.05,20.66,25.671,1.617,24.6,17.535,6428.49,80.23,612.89,5.356,64.34,20.622,25.643,1.6,24.581,17.537,NORMAL,0.0,1.0,1.0,1.0,1.0,0.0,0.0,0.0,0.0
77.3,CLIMB,83.56,59.31,2725.42,24.55,91.821,1.0745,6425.32,79.98,614.18,5.341,64.04,20.659,25.671,1.617,24.6,17.534,6420.02,79.63,614.18,5.346,64.2,20.512,25.74,1.63,24.54,17.35,NORMAL,0.0,1.0,1.0,1.0,1.0,0.0,0.0,0.0,0.0
77.4,CLIMB,83.55,59.31,2732.5,24.54,91.798,1.0743,6424.84,79.98,614.14,5.341,64.03,20.657,25.671,1.617,24.6,17.533,6428.82,79.42,615.04,5.368,64.08,20.681,25.649,1.666,24.615,17.635,NORMAL,0.0,1.0,1.0,1.0,1.0,0.0,0.0,0.0,0.0
77.5,CLIMB,83.54,59.3,2739.58,24.52,91.774,1.0741,6424.36,79.98,614.1,5.34,64.02,20.656,25.671,1.617,24.6,17.531,6423.28,79.43,613.4,5.334,63.71,20.735,25.693,1.657,24.622,17.58,NORMAL,0.0,1.0,1.0,1.0,1.0,0.0,0.0,0.0,0.0
77.6,CLIMB,83.53,59.3,2746.67,24.51,91.751,1.0738,6423.88,79.98,614.06,5.34,64.01,20.655,25.671,1.617,24.6,17.53,6427.29,79.37,612.03,5.364,63.88,20.696,25.648,1.604,24.57,17.481,NORMAL,0.0,1.0,1.0,1.0,1.0,0.0,0.0,0.0,0.0
77.7,CLIMB,83.53,59.29,2753.75,24.49,91.727,1.0736,6423.4,79.97,614.02,5.34,64.01,20.653,25.671,1.617,24.6,17.529,6414.61,79.83,613.19,5.354,64.26,20.716,25.635,1.536,24.585,17.396,NORMAL,0.0,1.0,1.0,1.0,1.0,0.0,0.0,0.0,0.0
77.8,CLIMB,83.52,59.29,2760.83,24.48,91.704,1.0734,6422.92,79.97,613.98,5.34,64.0,20.652,25.67,1.617,24.6,17.528,6429.6,79.61,616.38,5.321,63.9,20.686,25.707,1.642,24.564,17.696,NORMAL,0.0,1.0,1.0,1.0,1.0,0.0,0.0,0.0,0.0
77.9,CLIMB,83.51,59.28,2767.92,24.46,91.68,1.0732,6422.44,79.97,613.94,5.34,63.99,20.651,25.67,1.616,24.6,17.526,6437.98,80.19,615.86,5.319,63.59,20.71,25.779,1.748,24.615,17.433,NORMAL,0.0,1.0,1.0,1.0,1.0,0.0,0.0,0.0,0.0
78.0,CLIMB,83.5,59.28,2775.0,24.45,91.657,1.0729,6421.96,79.97,613.9,5.34,63.98,20.649,25.67,1.616,24.6,17.525,6426.06,80.28,612.89,5.289,63.96,20.573,25.718,1.611,24.615,17.45,NORMAL,0.0,1.0,1.0,1.0,1.0,0.0,0.0,0.0,0.0
78.1,CLIMB,83.49,59.27,2782.08,24.44,91.633,1.0727,6421.48,79.97,613.86,5.339,63.97,20.648,25.67,1.616,24.6,17.524,6430.8,80.33,614.59,5.335,64.23,20.695,25.744,1.59,24.615,17.522,NORMAL,0.0,1.0,1.0,1.0,1.0,0.0,0.0,0.0,0.0
78.2,CLIMB,83.48,59.26,2789.17,24.42,91.61,1.0725,6421.0,79.97,613.83,5.339,63.96,20.647,25.67,1.616,24.6,17.523,6425.69,79.56,613.35,5.322,64.0,20.81,25.64,1.729,24.522,17.493,NORMAL,0.0,1.0,1.0,1.0,1.0,0.0,0.0,0.0,0.0
78.3,CLIMB,83.48,59.26,2796.25,24.41,91.587,1.0723,6420.52,79.97,613.79,5.339,63.95,20.645,25.669,1.616,24.6,17.521,6418.37,80.04,613.31,5.339,63.78,20.449,25.683,1.645,24.609,17.507,NORMAL,0.0,1.0,1.0,1.0,1.0,0.0,0.0,0.0,0.0
78.4,CLIMB,83.47,59.25,2803.33,24.39,91.563,1.072,6420.04,79.97,613.75,5.339,63.95,20.644,25.669,1.616,24.6,17.52,6416.12,79.31,612.96,5.359,63.59,20.771,25.559,1.618,24.537,17.483,NORMAL,0.0,1.0,1.0,1.0,1.0,0.0,0.0,0.0,0.0
78.5,CLIMB,83.46,59.25,2810.42,24.38,91.54,1.0718,6419.57,79.97,613.71,5.339,63.94,20.643,25.669,1.616,24.6,17.519,6414.37,78.37,611.08,5.361,63.67,20.657,25.629,1.645,24.599,17.647,NORMAL,0.0,1.0,1.0,1.0,1.0,0.0,0.0,0.0,0.0
78.6,CLIMB,83.45,59.24,2817.5,24.37,91.516,1.0716,6419.09,79.97,613.68,5.338,63.93,20.641,25.669,1.616,24.6,17.518,6419.41,79.73,615.6,5.267,63.82,20.556,25.633,1.578,24.56,17.288,NORMAL,0.0,1.0,1.0,1.0,1.0,0.0,0.0,0.0,0.0
78.7,CLIMB,83.44,59.24,2824.58,24.35,91.493,1.0714,6418.61,79.97,613.64,5.338,63.92,20.64,25.669,1.616,24.6,17.516,6411.89,79.94,612.64,5.327,63.75,20.568,25.702,1.652,24.606,17.624,NORMAL,0.0,1.0,1.0,1.0,1.0,0.0,0.0,0.0,0.0
78.8,CLIMB,83.43,59.23,2831.67,24.34,91.469,1.0712,6418.13,79.97,613.6,5.338,63.91,20.638,25.669,1.616,24.6,17.515,6420.7,79.48,616.03,5.326,62.97,20.659,25.702,1.618,24.59,17.486,NORMAL,0.0,1.0,1.0,1.0,1.0,0.0,0.0,0.0,0.0
78.9,CLIMB,83.43,59.23,2838.75,24.32,91.446,1.0709,6417.65,79.97,613.57,5.338,63.9,20.637,25.669,1.616,24.6,17.514,6411.62,80.05,613.2,5.345,63.55,20.482,25.663,1.579,24.669,17.535,NORMAL,0.0,1.0,1.0,1.0,1.0,0.0,0.0,0.0,0.0
79.0,CLIMB,83.42,59.22,2845.83,24.31,91.423,1.0707,6417.17,79.97,613.53,5.338,63.89,20.636,25.668,1.615,24.6,17.513,6430.84,79.99,615.87,5.384,63.94,20.72,25.586,1.655,24.528,17.574,NORMAL,0.0,1.0,1.0,1.0,1.0,0.0,0.0,0.0,0.0
79.1,CLIMB,83.41,59.22,2852.92,24.29,91.399,1.0705,6416.69,79.97,613.49,5.338,63.89,20.634,25.668,1.615,24.6,17.511,6419.46,79.51,612.15,5.329,63.59,20.577,25.726,1.67,24.614,17.479,NORMAL,0.0,1.0,1.0,1.0,1.0,0.0,0.0,0.0,0.0
79.2,CLIMB,83.4,59.21,2860.0,24.28,91.376,1.0703,6416.21,79.97,613.46,5.337,63.88,20.633,25.668,1.615,24.6,17.51,6418.09,79.51,611.79,5.325,64.12,20.608,25.689,1.595,24.56,17.551,NORMAL,0.0,1.0,1.0,1.0,1.0,0.0,0.0,0.0,0.0
79.3,CLIMB,83.39,59.2,2867.08,24.27,91.352,1.07,6415.74,79.97,613.42,5.337,63.87,20.632,25.668,1.615,24.6,17.509,6411.17,80.89,612.32,5.336,63.84,20.779,25.617,1.686,24.563,17.38,NORMAL,0.0,1.0,1.0,1.0,1.0,0.0,0.0,0.0,0.0
79.4,CLIMB,83.38,59.2,2874.17,24.25,91.329,1.0698,6415.26,79.97,613.39,5.337,63.86,20.63,25.668,1.615,24.6,17.508,6410.22,79.99,614.76,5.353,64.41,20.672,25.604,1.584,24.637,17.395,NORMAL,0.0,1.0,1.0,1.0,1.0,0.0,0.0,0.0,0.0
79.5,CLIMB,83.38,59.19,2881.25,24.24,91.306,1.0696,6414.78,79.97,613.35,5.337,63.85,20.629,25.668,1.615,24.6,17.506,6415.69,80.02,615.73,5.335,63.9,20.723,25.635,1.642,24.628,17.444,NORMAL,0.0,1.0,1.0,1.0,1.0,0.0,0.0,0.0,0.0
79.6,CLIMB,83.37,59.19,2888.33,24.22,91.282,1.0694,6414.3,79.97,613.32,5.337,63.84,20.628,25.667,1.615,24.6,17.505,6411.21,80.16,612.86,5.378,63.92,20.701,25.656,1.688,24.593,17.576,NORMAL,0.0,1.0,1.0,1.0,1.0,0.0,0.0,0.0,0.0
79.7,CLIMB,83.36,59.18,2895.42,24.21,91.259,1.0691,6413.82,79.97,613.28,5.337,63.83,20.626,25.667,1.615,24.6,17.504,6410.49,79.41,611.83,5.354,64.05,20.583,25.711,1.678,24.625,17.45,NORMAL,0.0,1.0,1.0,1.0,1.0,0.0,0.0,0.0,0.0
79.8,CLIMB,83.35,59.18,2902.5,24.2,91.236,1.0689,6413.35,79.97,613.25,5.336,63.82,20.625,25.667,1.615,24.6,17.503,6411.94,79.22,612.18,5.305,63.83,20.696,25.64,1.69,24.565,17.427,NORMAL,0.0,1.0,1.0,1.0,1.0,0.0,0.0,0.0,0.0
79.9,CLIMB,83.34,59.17,2909.58,24.18,91.212,1.0687,6412.87,79.96,613.22,5.336,63.82,20.624,25.667,1.615,24.6,17.501,6406.94,80.14,614.93,5.287,64.25,20.581,25.683,1.53,24.575,17.545,NORMAL,0.0,1.0,1.0,1.0,1.0,0.0,0.0,0.0,0.0
80.0,CLIMB,83.33,59.17,2916.67,24.17,91.189,1.0685,6412.39,79.96,613.18,5.336,63.81,20.622,25.667,1.615,24.6,17.5,6410.27,80.75,612.01,5.304,63.48,20.519,25.63,1.594,24.623,17.469,NORMAL,0.0,1.0,1.0,1.0,1.0,0.0,0.0,0.0,0.0
80.1,CLIMB,83.33,59.16,2923.75,24.15,91.166,1.0683,6411.91,79.96,613.15,5.336,63.8,20.621,25.666,1.614,24.6,17.499,6412.32,79.34,614.77,5.325,63.18,20.891,25.708,1.521,24.656,17.368,NORMAL,0.0,1.0,1.0,1.0,1.0,0.0,0.0,0.0,0.0
80.2,CLIMB,83.32,59.16,2930.83,24.14,91.142,1.068,6411.44,79.96,613.12,5.336,63.79,20.62,25.666,1.614,24.6,17.498,6411.36,79.49,615.32,5.356,63.98,20.696,25.72,1.647,24.636,17.591,NORMAL,0.0,1.0,1.0,1.0,1.0,0.0,0.0,0.0,0.0
80.3,CLIMB,83.31,59.15,2937.92,24.12,91.119,1.0678,6410.96,79.96,613.08,5.335,63.78,20.618,25.666,1.614,24.6,17.496,6415.52,80.34,612.3,5.369,63.52,20.761,25.694,1.589,24.628,17.577,NORMAL,0.0,1.0,1.0,1.0,1.0,0.0,0.0,0.0,0.0
80.4,CLIMB,83.3,59.15,2945.0,24.11,91.096,1.0676,6410.48,79.96,613.05,5.335,63.77,20.617,25.666,1.614,24.6,17.495,6416.24,80.6,614.91,5.314,64.17,20.485,25.675,1.631,24.596,17.68,NORMAL,0.0,1.0,1.0,1.0,1.0,0.0,0.0,0.0,0.0
80.5,CLIMB,83.29,59.14,2952.08,24.1,91.072,1.0674,6410.0,79.96,613.02,5.335,63.76,20.615,25.666,1.614,24.6,17.494,6402.89,80.45,611.88,5.339,63.68,20.518,25.644,1.592,24.586,17.503,NORMAL,0.0,1.0,1.0,1.0,1.0,0.0,0.0,0.0,0.0
80.6,CLIMB,83.28,59.13,2959.17,24.08,91.049,1.0671,6409.53,79.96,612.99,5.335,63.75,20.614,25.666,1.614,24.6,17.493,6405.74,79.77,614.48,5.363,63.75,20.463,25.69,1.63,24.582,17.379,NORMAL,0.0,1.0,1.0,1.0,1.0,0.0,0.0,0.0,0.0
80.7,CLIMB,83.28,59.13,2966.25,24.07,91.026,1.0669,6409.05,79.96,612.95,5.335,63.75,20.613,25.666,1.614,24.6,17.491,6406.0,80.61,611.68,5.36,64.32,20.541,25.681,1.603,24.513,17.519,NORMAL,0.0,1.0,1.0,1.0,1.0,0.0,0.0,0.0,0.0
80.8,CLIMB,83.27,59.12,2973.33,24.05,91.002,1.0667,6408.57,79.96,612.92,5.335,63.74,20.611,25.665,1.614,24.6,17.49,6413.2,79.83,612.71,5.317,64.03,20.657,25.69,1.642,24.534,17.566,NORMAL,0.0,1.0,1.0,1.0,1.0,0.0,0.0,0.0,0.0
80.9,CLIMB,83.26,59.12,2980.42,24.04,90.979,1.0665,6408.09,79.96,612.89,5.334,63.73,20.61,25.665,1.614,24.6,17.489,6406.08,79.69,611.53,5.343,63.65,20.704,25.724,1.618,24.599,17.533,NORMAL,0.0,1.0,1.0,1.0,1.0,0.0,0.0,0.0,0.0
81.0,CLIMB,83.25,59.11,2987.5,24.03,90.956,1.0663,6407.62,79.96,612.86,5.334,63.72,20.609,25.665,1.614,24.6,17.488,6410.64,80.21,613.36,5.307,63.76,20.549,25.712,1.613,24.681,17.466,NORMAL,0.0,1.0,1.0,1.0,1.0,0.0,0.0,0.0,0.0
81.1,CLIMB,83.24,59.11,2994.58,24.01,90.932,1.066,6407.14,79.96,612.83,5.334,63.71,20.607,25.665,1.614,24.6,17.486,6405.63,80.7,610.4,5.377,64.12,20.499,25.588,1.572,24.605,17.647,NORMAL,0.0,1.0,1.0,1.0,1.0,0.0,0.0,0.0,0.0
81.2,CLIMB,83.23,59.1,3001.67,24.0,90.909,1.0658,6406.66,79.96,612.8,5.334,63.7,20.606,25.665,1.613,24.6,17.485,6409.27,79.82,611.31,5.377,64.02,20.486,25.606,1.659,24.564,17.622,NORMAL,0.0,1.0,1.0,1.0,1.0,0.0,0.0,0.0,0.0
81.3,CLIMB,83.23,59.1,3008.75,23.98,90.886,1.0656,6406.19,79.96,612.77,5.334,63.69,20.605,25.665,1.613,24.6,17.484,6407.76,79.92,612.36,5.34,63.47,20.655,25.635,1.658,24.594,17.494,NORMAL,0.0,1.0,1.0,1.0,1.0,0.0,0.0,0.0,0.0
81.4,CLIMB,83.22,59.09,3015.83,23.97,90.863,1.0654,6405.71,79.96,612.74,5.334,63.68,20.603,25.664,1.613,24.6,17.483,6399.58,81.06,611.9,5.355,63.64,20.502,25.627,1.613,24.499,17.402,NORMAL,0.0,1.0,1.0,1.0,1.0,0.0,0.0,0.0,0.0
81.5,CLIMB,83.21,59.09,3022.92,23.95,90.839,1.0651,6405.23,79.96,612.7,5.333,63.67,20.602,25.664,1.613,24.6,17.481,6406.03,79.85,616.54,5.356,63.7,20.583,25.691,1.638,24.589,17.407,NORMAL,0.0,1.0,1.0,1.0,1.0,0.0,0.0,0.0,0.0
81.6,CLIMB,83.2,59.08,3030.0,23.94,90.816,1.0649,6404.76,79.96,612.67,5.333,63.67,20.601,25.664,1.613,24.6,17.48,6398.34,80.29,611.65,5.346,63.5,20.608,25.741,1.577,24.645,17.456,NORMAL,0.0,1.0,1.0,1.0,1.0,0.0,0.0,0.0,0.0
81.7,CLIMB,83.19,59.07,3037.08,23.93,90.793,1.0647,6404.28,79.96,612.64,5.333,63.66,20.599,25.664,1.613,24.6,17.479,6406.96,79.33,613.0,5.325,63.76,20.607,25.677,1.595,24.641,17.433,NORMAL,0.0,1.0,1.0,1.0,1.0,0.0,0.0,0.0,0.0
81.8,CLIMB,83.18,59.07,3044.17,23.91,90.77,1.0645,6403.8,79.96,612.61,5.333,63.65,20.598,25.664,1.613,24.6,17.478,6409.21,79.52,611.55,5.301,63.84,20.718,25.678,1.656,24.601,17.423,NORMAL,0.0,1.0,1.0,1.0,1.0,0.0,0.0,0.0,0.0
81.9,CLIMB,83.18,59.06,3051.25,23.9,90.746,1.0643,6403.33,79.96,612.59,5.333,63.64,20.596,25.663,1.613,24.6,17.476,6401.43,79.43,616.6,5.339,63.77,20.579,25.681,1.584,24.637,17.451,NORMAL,0.0,1.0,1.0,1.0,1.0,0.0,0.0,0.0,0.0
82.0,CLIMB,83.17,59.06,3058.33,23.88,90.723,1.064,6402.85,79.95,612.56,5.332,63.63,20.595,25.663,1.613,24.6,17.475,6403.13,80.75,611.94,5.323,63.49,20.507,25.604,1.666,24.658,17.394,NORMAL,0.0,1.0,1.0,1.0,1.0,0.0,0.0,0.0,0.0
82.1,CLIMB,83.16,59.05,3065.42,23.87,90.7,1.0638,6402.37,79.95,612.53,5.332,63.62,20.594,25.663,1.613,24.6,17.474,6399.92,79.23,611.13,5.368,63.38,20.65,25.755,1.517,24.658,17.645,NORMAL,0.0,1.0,1.0,1.0,1.0,0.0,0.0,0.0,0.0
82.2,CLIMB,83.15,59.05,3072.5,23.86,90.677,1.0636,6401.9,79.95,612.5,5.332,63.61,20.592,25.663,1.613,24.6,17.473,6402.0,79.97,611.43,5.398,63.33,20.688,25.641,1.702,24.591,17.418,NORMAL,0.0,1.0,1.0,1.0,1.0,0.0,0.0,0.0,0.0
82.3,CLIMB,83.14,59.04,3079.58,23.84,90.654,1.0634,6401.42,79.95,612.47,5.332,63.6,20.591,25.663,1.612,24.6,17.471,6396.07,79.83,611.19,5.369,63.46,20.687,25.657,1.648,24.581,17.339,NORMAL,0.0,1.0,1.0,1.0,1.0,0.0,0.0,0.0,0.0
82.4,CLIMB,83.13,59.04,3086.67,23.83,90.63,1.0631,6400.94,79.95,612.44,5.332,63.59,20.59,25.663,1.612,24.6,17.47,6397.5,79.99,610.13,5.305,63.23,20.483,25.691,1.656,24.568,17.313,NORMAL,0.0,1.0,1.0,1.0,1.0,0.0,0.0,0.0,0.0
82.5,CLIMB,83.13,59.03,3093.75,23.81,90.607,1.0629,6400.47,79.95,612.41,5.332,63.58,20.588,25.663,1.612,24.6,17.469,6402.2,80.84,611.23,5.317,63.56,20.465,25.643,1.728,24.679,17.538,NORMAL,0.0,1.0,1.0,1.0,1.0,0.0,0.0,0.0,0.0
82.6,CLIMB,83.12,59.03,3100.83,23.8,90.584,1.0627,6399.99,79.95,612.38,5.331,63.58,20.587,25.662,1.612,24.6,17.468,6396.54,81.51,610.5,5.381,63.03,20.632,25.657,1.596,24.657,17.469,NORMAL,0.0,1.0,1.0,1.0,1.0,0.0,0.0,0.0,0.0
82.7,CLIMB,83.11,59.02,3107.92,23.78,90.561,1.0625,6399.51,79.95,612.35,5.331,63.57,20.586,25.662,1.612,24.6,17.466,6406.22,79.72,613.03,5.329,64.01,20.382,25.699,1.661,24.64,17.493,NORMAL,0.0,1.0,1.0,1.0,1.0,0.0,0.0,0.0,0.0
82.8,CLIMB,83.1,59.02,3115.0,23.77,90.538,1.0623,6399.04,79.95,612.33,5.331,63.56,20.584,25.662,1.612,24.6,17.465,6391.38,80.08,614.66,5.29,63.27,20.46,25.625,1.645,24.537,17.559,NORMAL,0.0,1.0,1.0,1.0,1.0,0.0,0.0,0.0,0.0
82.9,CLIMB,83.09,59.01,3122.08,23.76,90.514,1.062,6398.56,79.95,612.3,5.331,63.55,20.583,25.662,1.612,24.6,17.464,6390.72,79.96,612.17,5.324,62.83,20.571,25.614,1.566,24.63,17.487,NORMAL,0.0,1.0,1.0,1.0,1.0,0.0,0.0,0.0,0.0
83.0,CLIMB,83.08,59.0,3129.17,23.74,90.491,1.0618,6398.08,79.95,612.27,5.331,63.54,20.582,25.662,1.612,24.6,17.463,6394.49,80.45,610.26,5.375,63.55,20.618,25.678,1.546,24.621,17.466,NORMAL,0.0,1.0,1.0,1.0,1.0,0.0,0.0,0.0,0.0
83.1,CLIMB,83.08,59.0,3136.25,23.73,90.468,1.0616,6397.61,79.95,612.24,5.331,63.53,20.58,25.662,1.612,24.6,17.461,6401.97,79.5,612.68,5.307,63.18,20.505,25.74,1.593,24.603,17.493,NORMAL,0.0,1.0,1.0,1.0,1.0,0.0,0.0,0.0,0.0
83.2,CLIMB,83.07,58.99,3143.33,23.71,90.445,1.0614,6397.13,79.95,612.22,5.33,63.52,20.579,25.661,1.612,24.6,17.46,6391.49,79.86,612.12,5.367,63.43,20.598,25.678,1.685,24.578,17.376,NORMAL,0.0,1.0,1.0,1.0,1.0,0.0,0.0,0.0,0.0
83.3,CLIMB,83.06,58.99,3150.42,23.7,90.422,1.0612,6396.66,79.95,612.19,5.33,63.51,20.578,25.661,1.612,24.6,17.459,6394.47,80.22,612.13,5.308,63.65,20.592,25.676,1.689,24.564,17.573,NORMAL,0.0,1.0,1.0,1.0,1.0,0.0,0.0,0.0,0.0
83.4,CLIMB,83.05,58.98,3157.5,23.69,90.399,1.0609,6396.18,79.95,612.16,5.33,63.5,20.576,25.661,1.611,24.6,17.458,6392.46,79.93,613.78,5.34,63.49,20.639,25.583,1.638,24.623,17.371,NORMAL,0.0,1.0,1.0,1.0,1.0,0.0,0.0,0.0,0.0
83.5,CLIMB,83.04,58.98,3164.58,23.67,90.376,1.0607,6395.7,79.95,612.14,5.33,63.49,20.575,25.661,1.611,24.6,17.456,6390.81,79.09,612.03,5.39,63.34,20.698,25.655,1.654,24.607,17.298,NORMAL,0.0,1.0,1.0,1.0,1.0,0.0,0.0,0.0,0.0
83.6,CLIMB,83.03,58.97,3171.67,23.66,90.352,1.0605,6395.23,79.95,612.11,5.33,63.49,20.573,25.661,1.611,24.6,17.455,6391.07,80.2,613.08,5.346,63.71,20.535,25.615,1.576,24.65,17.548,NORMAL,0.0,1.0,1.0,1.0,1.0,0.0,0.0,0.0,0.0
83.7,CLIMB,83.03,58.97,3178.75,23.64,90.329,1.0603,6394.75,79.95,612.08,5.329,63.48,20.572,25.66,1.611,24.6,17.454,6386.27,79.91,614.01,5.306,63.55,20.585,25.698,1.57,24.581,17.369,NORMAL,0.0,1.0,1.0,1.0,1.0,0.0,0.0,0.0,0.0
83.8,CLIMB,83.02,58.96,3185.83,23.63,90.306,1.0601,6394.28,79.95,612.06,5.329,63.47,20.571,25.66,1.611,24.6,17.453,6395.66,79.53,612.13,5.34,63.85,20.651,25.701,1.603,24.622,17.359,NORMAL,0.0,1.0,1.0,1.0,1.0,0.0,0.0,0.0,0.0
83.9,CLIMB,83.01,58.96,3192.92,23.61,90.283,1.0598,6393.8,79.95,612.03,5.329,63.46,20.569,25.66,1.611,24.6,17.451,6389.54,79.76,613.91,5.327,63.57,20.493,25.683,1.65,24.672,17.501,NORMAL,0.0,1.0,1.0,1.0,1.0,0.0,0.0,0.0,0.0
84.0,CLIMB,83.0,58.95,3200.0,23.6,90.26,1.0596,6393.32,79.95,612.0,5.329,63.45,20.568,25.66,1.611,24.6,17.45,6392.45,80.46,611.52,5.344,63.48,20.543,25.646,1.541,24.529,17.558,NORMAL,0.0,1.0,1.0,1.0,1.0,0.0,0.0,0.0,0.0
84.1,CLIMB,82.99,58.94,3207.08,23.59,90.237,1.0594,6392.85,79.94,611.98,5.329,63.44,20.567,25.66,1.611,24.6,17.449,6392.23,80.59,610.34,5.287,63.58,20.685,25.702,1.617,24.604,17.353,NORMAL,0.0,1.0,1.0,1.0,1.0,0.0,0.0,0.0,0.0
84.2,CLIMB,82.98,58.94,3214.17,23.57,90.214,1.0592,6392.37,79.94,611.95,5.329,63.43,20.565,25.66,1.611,24.6,17.448,6395.86,80.66,613.39,5.368,63.61,20.526,25.672,1.531,24.626,17.366,NORMAL,0.0,1.0,1.0,1.0,1.0,0.0,0.0,0.0,0.0
84.3,CLIMB,82.98,58.93,3221.25,23.56,90.191,1.059,6391.9,79.94,611.93,5.328,63.42,20.564,25.66,1.611,24.6,17.446,6387.95,80.07,614.38,5.307,63.63,20.515,25.686,1.567,24.66,17.407,NORMAL,0.0,1.0,1.0,1.0,1.0,0.0,0.0,0.0,0.0
84.4,CLIMB,82.97,58.93,3228.33,23.54,90.168,1.0587,6391.42,79.94,611.9,5.328,63.41,20.563,25.659,1.611,24.6,17.445,6395.85,79.73,609.91,5.26,63.54,20.497,25.594,1.69,24.577,17.522,NORMAL,0.0,1.0,1.0,1.0,1.0,0.0,0.0,0.0,0.0
84.5,CLIMB,82.96,58.92,3235.42,23.53,90.145,1.0585,6390.95,79.94,611.87,5.328,63.4,20.561,25.659,1.61,24.6,17.444,6386.83,78.9,611.46,5.304,63.07,20.497,25.643,1.598,24.62,17.383,NORMAL,0.0,1.0,1.0,1.0,1.0,0.0,0.0,0.0,0.0
84.6,CLIMB,82.95,58.92,3242.5,23.52,90.121,1.0583,6390.47,79.94,611.85,5.328,63.39,20.56,25.659,1.61,24.6,17.443,6385.43,79.86,612.64,5.357,63.66,20.745,25.646,1.58,24.554,17.508,NORMAL,0.0,1.0,1.0,1.0,1.0,0.0,0.0,0.0,0.0
84.7,CLIMB,82.94,58.91,3249.58,23.5,90.098,1.0581,6389.99,79.94,611.82,5.328,63.38,20.559,25.659,1.61,24.6,17.441,6394.6,80.49,612.68,5.357,63.1,20.468,25.639,1.638,24.595,17.729,NORMAL,0.0,1.0,1.0,1.0,1.0,0.0,0.0,0.0,0.0
84.8,CLIMB,82.93,58.91,3256.67,23.49,90.075,1.0578,6389.52,79.94,611.8,5.328,63.38,20.557,25.659,1.61,24.6,17.44,6402.13,79.93,610.64,5.355,63.34,20.58,25.685,1.555,24.629,17.245,NORMAL,0.0,1.0,1.0,1.0,1.0,0.0,0.0,0.0,0.0
84.9,CLIMB,82.93,58.9,3263.75,23.47,90.052,1.0576,6389.04,79.94,611.77,5.327,63.37,20.556,25.659,1.61,24.6,17.439,6379.43,80.02,611.54,5.272,62.98,20.588,25.644,1.552,24.626,17.64,NORMAL,0.0,1.0,1.0,1.0,1.0,0.0,0.0,0.0,0.0
85.0,CLIMB,82.92,58.9,3270.83,23.46,90.029,1.0574,6388.57,79.94,611.75,5.327,63.36,20.554,25.658,1.61,24.6,17.438,6390.05,79.24,607.94,5.334,63.78,20.467,25.619,1.673,24.595,17.372,NORMAL,0.0,1.0,1.0,1.0,1.0,0.0,0.0,0.0,0.0
85.1,CLIMB,82.91,58.89,3277.92,23.44,90.006,1.0572,6388.09,79.94,611.72,5.327,63.35,20.553,25.658,1.61,24.6,17.436,6382.8,80.12,612.1,5.318,63.63,20.793,25.625,1.689,24.696,17.458,NORMAL,0.0,1.0,1.0,1.0,1.0,0.0,0.0,0.0,0.0
85.2,CLIMB,82.9,58.89,3285.0,23.43,89.983,1.057,6387.62,79.94,611.7,5.327,63.34,20.552,25.658,1.61,24.6,17.435,6390.71,79.79,611.85,5.27,63.23,20.455,25.744,1.66,24.634,17.385,NORMAL,0.0,1.0,1.0,1.0,1.0,0.0,0.0,0.0,0.0
85.3,CLIMB,82.89,58.88,3292.08,23.42,89.96,1.0567,6387.14,79.94,611.67,5.327,63.33,20.55,25.658,1.61,24.6,17.434,6381.21,80.26,611.15,5.337,63.46,20.405,25.634,1.645,24.67,17.527,NORMAL,0.0,1.0,1.0,1.0,1.0,0.0,0.0,0.0,0.0
85.4,CLIMB,82.88,58.87,3299.17,23.4,89.937,1.0565,6386.67,79.94,611.65,5.326,63.32,20.549,25.658,1.61,24.6,17.433,6380.05,79.6,614.16,5.337,63.12,20.668,25.672,1.591,24.591,17.399,NORMAL,0.0,1.0,1.0,1.0,1.0,0.0,0.0,0.0,0.0
85.5,CLIMB,82.88,58.87,3306.25,23.39,89.914,1.0563,6386.19,79.94,611.63,5.326,63.31,20.548,25.658,1.61,24.6,17.431,6388.09,80.23,611.45,5.346,63.57,20.472,25.585,1.626,24.515,17.403,NORMAL,0.0,1.0,1.0,1.0,1.0,0.0,0.0,0.0,0.0
85.6,CLIMB,82.87,58.86,3313.33,23.37,89.891,1.0561,6385.71,79.94,611.6,5.326,63.3,20.546,25.657,1.609,24.6,17.43,6390.54,79.76,610.52,5.314,63.21,20.667,25.666,1.668,24.631,17.531,NORMAL,0.0,1.0,1.0,1.0,1.0,0.0,0.0,0.0,0.0
85.7,CLIMB,82.86,58.86,3320.42,23.36,89.868,1.0559,6385.24,79.94,611.58,5.326,63.29,20.545,25.657,1.609,24.6,17.429,6391.77,80.21,612.86,5.294,63.32,20.332,25.648,1.523,24.599,17.336,NORMAL,0.0,1.0,1.0,1.0,1.0,0.0,0.0,0.0,0.0
85.8,CLIMB,82.85,58.85,3327.5,23.35,89.845,1.0556,6384.76,79.94,611.55,5.326,63.28,20.544,25.657,1.609,24.6,17.428,6382.31,79.91,613.55,5.376,63.52,20.507,25.59,1.633,24.597,17.518,NORMAL,0.0,1.0,1.0,1.0,1.0,0.0,0.0,0.0,0.0
85.9,CLIMB,82.84,58.85,3334.58,23.33,89.822,1.0554,6384.29,79.94,611.53,5.326,63.27,20.542,25.657,1.609,24.6,17.426,6387.46,79.13,610.56,5.283,63.12,20.528,25.653,1.584,24.546,17.393,NORMAL,0.0,1.0,1.0,1.0,1.0,0.0,0.0,0.0,0.0
86.0,CLIMB,82.83,58.84,3341.67,23.32,89.799,1.0552,6383.81,79.94,611.51,5.325,63.26,20.541,25.657,1.609,24.6,17.425,6383.46,79.77,611.69,5.304,63.07,20.521,25.603,1.619,24.646,17.398,NORMAL,0.0,1.0,1.0,1.0,1.0,0.0,0.0,0.0,0.0
86.1,CLIMB,82.83,58.84,3348.75,23.3,89.776,1.055,6383.34,79.93,611.48,5.325,63.26,20.54,25.657,1.609,24.6,17.424,6387.65,79.42,610.82,5.3,63.26,20.64,25.606,1.674,24.603,17.423,NORMAL,0.0,1.0,1.0,1.0,1.0,0.0,0.0,0.0,0.0
86.2,CLIMB,82.82,58.83,3355.83,23.29,89.753,1.0548,6382.86,79.93,611.46,5.325,63.25,20.538,25.656,1.609,24.6,17.423,6379.34,79.67,609.26,5.329,63.23,20.637,25.594,1.74,24.525,17.462,NORMAL,0.0,1.0,1.0,1.0,1.0,0.0,0.0,0.0,0.0
86.3,CLIMB,82.81,58.83,3362.92,23.27,89.73,1.0545,6382.39,79.93,611.44,5.325,63.24,20.537,25.656,1.609,24.6,17.421,6384.16,79.15,612.22,5.301,63.37,20.446,25.674,1.568,24.595,17.467,NORMAL,0.0,1.0,1.0,1.0,1.0,0.0,0.0,0.0,0.0
86.4,CLIMB,82.8,58.82,3370.0,23.26,89.707,1.0543,6381.91,79.93,611.41,5.325,63.23,20.535,25.656,1.609,24.6,17.42,6373.15,80.41,611.59,5.297,63.32,20.41,25.641,1.588,24.581,17.46,NORMAL,0.0,1.0,1.0,1.0,1.0,0.0,0.0,0.0,0.0
86.5,CLIMB,82.79,58.81,3377.08,23.25,89.684,1.0541,6381.44,79.93,611.39,5.325,63.22,20.534,25.656,1.609,24.6,17.419,6370.89,79.74,609.29,5.291,63.68,20.537,25.603,1.67,24.54,17.344,NORMAL,0.0,1.0,1.0,1.0,1.0,0.0,0.0,0.0,0.0
86.6,CLIMB,82.78,58.81,3384.17,23.23,89.661,1.0539,6380.96,79.93,611.37,5.324,63.21,20.533,25.656,1.609,24.6,17.418,6372.26,79.99,612.35,5.366,63.35,20.553,25.53,1.644,24.614,17.427,NORMAL,0.0,1.0,1.0,1.0,1.0,0.0,0.0,0.0,0.0
86.7,CLIMB,82.78,58.8,3391.25,23.22,89.638,1.0537,6380.49,79.93,611.34,5.324,63.2,20.531,25.655,1.608,24.6,17.416,6376.54,80.02,610.97,5.3,63.22,20.457,25.695,1.621,24.652,17.327,NORMAL,0.0,1.0,1.0,1.0,1.0,0.0,0.0,0.0,0.0
86.8,CLIMB,82.77,58.8,3398.33,23.2,89.615,1.0535,6380.01,79.93,611.32,5.324,63.19,20.53,25.655,1.608,24.6,17.415,6378.03,79.56,613.44,5.329,63.28,20.484,25.674,1.559,24.544,17.327,NORMAL,0.0,1.0,1.0,1.0,1.0,0.0,0.0,0.0,0.0
86.9,CLIMB,82.76,58.79,3405.42,23.19,89.592,1.0532,6379.54,79.93,611.3,5.324,63.18,20.529,25.655,1.608,24.6,17.414,6376.54,79.56,611.05,5.341,63.65,20.528,25.67,1.6,24.491,17.524,NORMAL,0.0,1.0,1.0,1.0,1.0,0.0,0.0,0.0,0.0
87.0,CLIMB,82.75,58.79,3412.5,23.18,89.569,1.053,6379.06,79.93,611.28,5.324,63.17,20.527,25.655,1.608,24.6,17.413,6375.5,79.45,613.27,5.318,63.3,20.621,25.64,1.54,24.539,17.398,NORMAL,0.0,1.0,1.0,1.0,1.0,0.0,0.0,0.0,0.0
87.1,CLIMB,82.74,58.78,3419.58,23.16,89.547,1.0528,6378.59,79.93,611.25,5.324,63.16,20.526,25.655,1.608,24.6,17.411,6380.59,79.95,612.51,5.356,63.18,20.516,25.562,1.617,24.611,17.477,NORMAL,0.0,1.0,1.0,1.0,1.0,0.0,0.0,0.0,0.0
87.2,CLIMB,82.73,58.78,3426.67,23.15,89.524,1.0526,6378.11,79.93,611.23,5.323,63.15,20.525,25.655,1.608,24.6,17.41,6385.18,79.56,611.43,5.32,63.54,20.601,25.76,1.581,24.61,17.577,NORMAL,0.0,1.0,1.0,1.0,1.0,0.0,0.0,0.0,0.0
87.3,CLIMB,82.73,58.77,3433.75,23.13,89.501,1.0524,6377.64,79.93,611.21,5.323,63.14,20.523,25.655,1.608,24.6,17.409,6364.47,80.42,609.42,5.335,63.38,20.438,25.685,1.621,24.658,17.255,NORMAL,0.0,1.0,1.0,1.0,1.0,0.0,0.0,0.0,0.0
87.4,CLIMB,82.72,58.77,3440.83,23.12,89.478,1.0521,6377.16,79.93,611.19,5.323,63.13,20.522,25.654,1.608,24.6,17.408,6376.47,79.3,611.16,5.336,63.19,20.32,25.637,1.626,24.571,17.464,NORMAL,0.0,1.0,1.0,1.0,1.0,0.0,0.0,0.0,0.0
87.5,CLIMB,82.71,58.76,3447.92,23.1,89.455,1.0519,6376.69,79.93,611.16,5.323,63.12,20.52,25.654,1.608,24.6,17.406,6375.32,78.78,613.59,5.355,63.05,20.547,25.66,1.632,24.672,17.594,NORMAL,0.0,1.0,1.0,1.0,1.0,0.0,0.0,0.0,0.0
87.6,CLIMB,82.7,58.76,3455.0,23.09,89.432,1.0517,6376.21,79.93,611.14,5.323,63.11,20.519,25.654,1.608,24.6,17.405,6376.85,79.51,610.2,5.316,63.32,20.391,25.553,1.67,24.53,17.298,NORMAL,0.0,1.0,1.0,1.0,1.0,0.0,0.0,0.0,0.0
87.7,CLIMB,82.69,58.75,3462.08,23.08,89.409,1.0515,6375.74,79.93,611.12,5.323,63.11,20.518,25.654,1.608,24.6,17.404,6379.78,79.66,610.86,5.322,62.72,20.334,25.651,1.554,24.558,17.382,NORMAL,0.0,1.0,1.0,1.0,1.0,0.0,0.0,0.0,0.0
87.8,CLIMB,82.68,58.74,3469.17,23.06,89.386,1.0513,6375.26,79.93,611.1,5.322,63.1,20.516,25.654,1.607,24.6,17.403,6377.34,80.57,614.79,5.374,63.06,20.54,25.715,1.646,24.676,17.334,NORMAL,0.0,1.0,1.0,1.0,1.0,0.0,0.0,0.0,0.0
87.9,CLIMB,82.68,58.74,3476.25,23.05,89.363,1.051,6374.79,79.93,611.08,5.322,63.09,20.515,25.654,1.607,24.6,17.401,6383.55,79.24,611.07,5.327,62.82,20.547,25.523,1.643,24.587,17.401,NORMAL,0.0,1.0,1.0,1.0,1.0,0.0,0.0,0.0,0.0
88.0,CLIMB,82.67,58.73,3483.33,23.03,89.341,1.0508,6374.32,79.92,611.06,5.322,63.08,20.514,25.653,1.607,24.6,17.4,6380.78,80.85,612.03,5.282,63.39,20.501,25.597,1.585,24.636,17.574,NORMAL,0.0,1.0,1.0,1.0,1.0,0.0,0.0,0.0,0.0
88.1,CLIMB,82.66,58.73,3490.42,23.02,89.318,1.0506,6373.84,79.92,611.03,5.322,63.07,20.512,25.653,1.607,24.6,17.399,6375.21,80.44,609.19,5.305,63.26,20.421,25.713,1.577,24.629,17.485,NORMAL,0.0,1.0,1.0,1.0,1.0,0.0,0.0,0.0,0.0
88.2,CLIMB,82.65,58.72,3497.5,23.01,89.295,1.0504,6373.37,79.92,611.01,5.322,63.06,20.511,25.653,1.607,24.6,17.398,6372.78,78.94,612.8,5.318,63.64,20.399,25.689,1.559,24.613,17.297,NORMAL,0.0,1.0,1.0,1.0,1.0,0.0,0.0,0.0,0.0
88.3,CLIMB,82.64,58.72,3504.58,22.99,89.272,1.0502,6372.89,79.92,610.99,5.321,63.05,20.51,25.653,1.607,24.6,17.396,6374.83,79.76,611.1,5.31,63.03,20.599,25.66,1.499,24.578,17.307,NORMAL,0.0,1.0,1.0,1.0,1.0,0.0,0.0,0.0,0.0
88.4,CLIMB,82.63,58.71,3511.67,22.98,89.249,1.05,6372.42,79.92,610.97,5.321,63.04,20.508,25.653,1.607,24.6,17.395,6375.61,80.23,612.59,5.351,63.26,20.491,25.724,1.606,24.503,17.576,NORMAL,0.0,1.0,1.0,1.0,1.0,0.0,0.0,0.0,0.0
88.5,CLIMB,82.63,58.71,3518.75,22.96,89.226,1.0497,6371.94,79.92,610.95,5.321,63.03,20.507,25.652,1.607,24.6,17.394,6375.81,79.77,611.74,5.339,63.06,20.487,25.619,1.559,24.622,17.322,NORMAL,0.0,1.0,1.0,1.0,1.0,0.0,0.0,0.0,0.0
88.6,CLIMB,82.62,58.7,3525.83,22.95,89.203,1.0495,6371.47,79.92,610.93,5.321,63.02,20.506,25.652,1.607,24.6,17.393,6371.35,80.94,609.74,5.321,62.9,20.424,25.599,1.562,24.558,17.365,NORMAL,0.0,1.0,1.0,1.0,1.0,0.0,0.0,0.0,0.0
88.7,CLIMB,82.61,58.7,3532.92,22.93,89.181,1.0493,6370.99,79.92,610.91,5.321,63.01,20.504,25.652,1.607,24.6,17.391,6365.34,79.27,609.78,5.292,62.61,20.675,25.711,1.681,24.618,17.589,NORMAL,0.0,1.0,1.0,1.0,1.0,0.0,0.0,0.0,0.0
88.8,CLIMB,82.6,58.69,3540.0,22.92,89.158,1.0491,6370.52,79.92,610.88,5.321,63.0,20.503,25.652,1.607,24.6,17.39,6366.94,78.84,613.19,5.347,62.6,20.4,25.696,1.584,24.533,17.448,NORMAL,0.0,1.0,1.0,1.0,1.0,0.0,0.0,0.0,0.0
88.9,CLIMB,82.59,58.68,3547.08,22.91,89.135,1.0489,6370.05,79.92,610.86,5.32,62.99,20.501,25.652,1.606,24.6,17.389,6375.94,79.34,609.78,5.331,62.85,20.456,25.631,1.51,24.547,17.279,NORMAL,0.0,1.0,1.0,1.0,1.0,0.0,0.0,0.0,0.0
89.0,CLIMB,82.58,58.68,3554.17,22.89,89.112,1.0486,6369.57,79.92,610.84,5.32,62.98,20.5,25.652,1.606,24.6,17.388,6362.7,81.07,613.6,5.37,62.98,20.535,25.62,1.653,24.615,17.57,NORMAL,0.0,1.0,1.0,1.0,1.0,0.0,0.0,0.0,0.0
89.1,CLIMB,82.58,58.67,3561.25,22.88,89.089,1.0484,6369.1,79.92,610.82,5.32,62.97,20.499,25.652,1.606,24.6,17.386,6365.49,80.06,612.61,5.293,63.02,20.516,25.693,1.671,24.555,17.38,NORMAL,0.0,1.0,1.0,1.0,1.0,0.0,0.0,0.0,0.0
89.2,CLIMB,82.57,58.67,3568.33,22.86,89.066,1.0482,6368.62,79.92,610.8,5.32,62.96,20.497,25.651,1.606,24.6,17.385,6374.03,79.03,609.76,5.316,62.92,20.591,25.655,1.646,24.597,17.454,NORMAL,0.0,1.0,1.0,1.0,1.0,0.0,0.0,0.0,0.0
89.3,CLIMB,82.56,58.66,3575.42,22.85,89.044,1.048,6368.15,79.92,610.78,5.32,62.95,20.496,25.651,1.606,24.6,17.384,6364.37,79.77,610.05,5.322,63.24,20.582,25.598,1.549,24.64,17.246,NORMAL,0.0,1.0,1.0,1.0,1.0,0.0,0.0,0.0,0.0
89.4,CLIMB,82.55,58.66,3582.5,22.84,89.021,1.0478,6367.67,79.92,610.76,5.32,62.94,20.495,25.651,1.606,24.6,17.383,6361.77,80.26,609.65,5.356,63.02,20.271,25.622,1.632,24.536,17.415,NORMAL,0.0,1.0,1.0,1.0,1.0,0.0,0.0,0.0,0.0
89.5,CLIMB,82.54,58.65,3589.58,22.82,88.998,1.0475,6367.2,79.92,610.74,5.319,62.93,20.493,25.651,1.606,24.6,17.381,6362.5,80.4,611.43,5.283,62.88,20.555,25.692,1.57,24.562,17.321,NORMAL,0.0,1.0,1.0,1.0,1.0,0.0,0.0,0.0,0.0
89.6,CLIMB,82.53,58.65,3596.67,22.81,88.975,1.0473,6366.73,79.92,610.72,5.319,62.92,20.492,25.651,1.606,24.6,17.38,6362.24,80.82,608.77,5.307,62.79,20.42,25.659,1.722,24.51,17.263,NORMAL,0.0,1.0,1.0,1.0,1.0,0.0,0.0,0.0,0.0
89.7,CLIMB,82.53,58.64,3603.75,22.79,88.953,1.0471,6366.25,79.92,610.7,5.319,62.92,20.491,25.651,1.606,24.6,17.379,6364.45,80.34,612.84,5.305,62.93,20.513,25.633,1.602,24.537,17.466,NORMAL,0.0,1.0,1.0,1.0,1.0,0.0,0.0,0.0,0.0
89.8,CLIMB,82.52,58.64,3610.83,22.78,88.93,1.0469,6365.78,79.92,610.68,5.319,62.91,20.489,25.65,1.606,24.6,17.378,6361.31,80.0,609.86,5.352,62.48,20.598,25.577,1.58,24.636,17.238,NORMAL,0.0,1.0,1.0,1.0,1.0,0.0,0.0,0.0,0.0
89.9,CLIMB,82.51,58.63,3617.92,22.76,88.907,1.0467,6365.3,79.92,610.66,5.319,62.9,20.488,25.65,1.606,24.6,17.376,6366.74,79.69,610.91,5.281,62.57,20.503,25.575,1.611,24.552,17.585,NORMAL,0.0,1.0,1.0,1.0,1.0,0.0,0.0,0.0,0.0
90.0,CLIMB,82.5,58.63,3625.0,22.75,88.884,1.0465,6364.83,79.91,610.64,5.319,62.89,20.486,25.65,1.605,24.6,17.375,6370.69,80.06,610.06,5.305,63.55,20.476,25.612,1.627,24.653,17.425,NORMAL,0.0,1.0,1.0,1.0,1.0,0.0,0.0,0.0,0.0
90.1,CLIMB,82.49,58.62,3632.08,22.74,88.862,1.0462,6364.36,79.91,610.62,5.318,62.88,20.485,25.65,1.605,24.6,17.374,6364.6,80.65,608.6,5.308,62.34,20.503,25.68,1.575,24.55,17.397,NORMAL,0.0,1.0,1.0,1.0,1.0,0.0,0.0,0.0,0.0
90.2,CLIMB,82.48,58.61,3639.17,22.72,88.839,1.046,6363.88,79.91,610.6,5.318,62.87,20.484,25.65,1.605,24.6,17.373,6354.48,79.72,609.11,5.321,63.22,20.472,25.626,1.482,24.597,17.263,NORMAL,0.0,1.0,1.0,1.0,1.0,0.0,0.0,0.0,0.0
90.3,CLIMB,82.48,58.61,3646.25,22.71,88.816,1.0458,6363.41,79.91,610.58,5.318,62.86,20.482,25.649,1.605,24.6,17.371,6357.98,79.44,608.28,5.344,63.63,20.546,25.627,1.568,24.605,17.417,NORMAL,0.0,1.0,1.0,1.0,1.0,0.0,0.0,0.0,0.0
90.4,CLIMB,82.47,58.6,3653.33,22.69,88.793,1.0456,6362.93,79.91,610.56,5.318,62.85,20.481,25.649,1.605,24.6,17.37,6359.32,79.58,612.04,5.297,63.13,20.402,25.617,1.544,24.592,17.285,NORMAL,0.0,1.0,1.0,1.0,1.0,0.0,0.0,0.0,0.0
90.5,CLIMB,82.46,58.6,3660.42,22.68,88.771,1.0454,6362.46,79.91,610.54,5.318,62.84,20.48,25.649,1.605,24.6,17.369,6368.0,80.05,610.52,5.312,62.43,20.631,25.664,1.62,24.636,17.299,NORMAL,0.0,1.0,1.0,1.0,1.0,0.0,0.0,0.0,0.0
90.6,CLIMB,82.45,58.59,3667.5,22.67,88.748,1.0452,6361.99,79.91,610.52,5.318,62.83,20.478,25.649,1.605,24.6,17.368,6361.01,79.55,610.06,5.336,62.92,20.488,25.63,1.676,24.584,17.424,NORMAL,0.0,1.0,1.0,1.0,1.0,0.0,0.0,0.0,0.0
90.7,CLIMB,82.44,58.59,3674.58,22.65,88.725,1.0449,6361.51,79.91,610.5,5.317,62.82,20.477,25.649,1.605,24.6,17.366,6365.17,80.38,610.15,5.324,62.75,20.586,25.609,1.675,24.6,17.537,NORMAL,0.0,1.0,1.0,1.0,1.0,0.0,0.0,0.0,0.0
90.8,CLIMB,82.43,58.58,3681.67,22.64,88.702,1.0447,6361.04,79.91,610.48,5.317,62.81,20.476,25.649,1.605,24.6,17.365,6361.14,79.64,610.66,5.251,62.49,20.411,25.675,1.699,24.55,17.124,NORMAL,0.0,1.0,1.0,1.0,1.0,0.0,0.0,0.0,0.0
90.9,CLIMB,82.43,58.58,3688.75,22.62,88.68,1.0445,6360.56,79.91,610.46,5.317,62.8,20.474,25.649,1.605,24.6,17.364,6360.23,79.92,610.8,5.26,63.15,20.302,25.68,1.53,24.599,17.338,NORMAL,0.0,1.0,1.0,1.0,1.0,0.0,0.0,0.0,0.0
91.0,CLIMB,82.42,58.57,3695.83,22.61,88.657,1.0443,6360.09,79.91,610.44,5.317,62.79,20.473,25.648,1.605,24.6,17.363,6350.71,79.6,608.63,5.337,62.08,20.556,25.626,1.661,24.652,17.384,NORMAL,0.0,1.0,1.0,1.0,1.0,0.0,0.0,0.0,0.0
91.1,CLIMB,82.41,58.57,3702.92,22.59,88.634,1.0441,6359.62,79.91,610.42,5.317,62.78,20.472,25.648,1.604,24.6,17.361,6360.01,79.28,611.64,5.344,62.15,20.405,25.686,1.645,24.519,17.367,NORMAL,0.0,1.0,1.0,1.0,1.0,0.0,0.0,0.0,0.0
91.2,CLIMB,82.4,58.56,3710.0,22.58,88.612,1.0439,6359.14,79.91,610.4,5.317,62.77,20.47,25.648,1.604,24.6,17.36,6356.99,80.39,609.85,5.335,62.15,20.546,25.654,1.552,24.609,17.273,NORMAL,0.0,1.0,1.0,1.0,1.0,0.0,0.0,0.0,0.0
91.3,CLIMB,82.39,58.55,3717.08,22.57,88.589,1.0436,6358.67,79.91,610.38,5.316,62.76,20.469,25.648,1.604,24.6,17.359,6363.24,79.75,612.07,5.312,62.68,20.393,25.686,1.589,24.564,17.377,NORMAL,0.0,1.0,1.0,1.0,1.0,0.0,0.0,0.0,0.0
91.4,CLIMB,82.38,58.55,3724.17,22.55,88.566,1.0434,6358.2,79.91,610.36,5.316,62.75,20.467,25.648,1.604,24.6,17.358,6369.85,80.27,611.22,5.262,62.77,20.463,25.617,1.621,24.64,17.556,NORMAL,0.0,1.0,1.0,1.0,1.0,0.0,0.0,0.0,0.0
91.5,CLIMB,82.38,58.54,3731.25,22.54,88.544,1.0432,6357.72,79.91,610.34,5.316,62.74,20.466,25.648,1.604,24.6,17.356,6351.39,80.49,611.74,5.336,62.54,20.561,25.627,1.671,24.556,17.369,NORMAL,0.0,1.0,1.0,1.0,1.0,0.0,0.0,0.0,0.0
91.6,CLIMB,82.37,58.54,3738.33,22.52,88.521,1.043,6357.25,79.91,610.32,5.316,62.73,20.465,25.647,1.604,24.6,17.355,6362.46,79.3,612.19,5.288,62.79,20.302,25.623,1.588,24.588,17.328,NORMAL,0.0,1.0,1.0,1.0,1.0,0.0,0.0,0.0,0.0
91.7,CLIMB,82.36,58.53,3745.42,22.51,88.498,1.0428,6356.78,79.91,610.3,5.316,62.72,20.463,25.647,1.604,24.6,17.354,6353.19,79.37,608.99,5.315,63.12,20.3,25.638,1.657,24.625,17.443,NORMAL,0.0,1.0,1.0,1.0,1.0,0.0,0.0,0.0,0.0
91.8,CLIMB,82.35,58.53,3752.5,22.5,88.476,1.0425,6356.3,79.9,610.29,5.316,62.71,20.462,25.647,1.604,24.6,17.353,6354.1,79.18,612.52,5.307,62.07,20.228,25.556,1.561,24.62,17.479,NORMAL,0.0,1.0,1.0,1.0,1.0,0.0,0.0,0.0,0.0
91.9,CLIMB,82.34,58.52,3759.58,22.48,88.453,1.0423,6355.83,79.9,610.27,5.315,62.7,20.461,25.647,1.604,24.6,17.351,6357.77,79.85,608.12,5.261,62.01,20.383,25.665,1.517,24.536,17.438,NORMAL,0.0,1.0,1.0,1.0,1.0,0.0,0.0,0.0,0.0
92.0,CLIMB,82.33,58.52,3766.67,22.47,88.43,1.0421,6355.36,79.9,610.25,5.315,62.69,20.459,25.647,1.604,24.6,17.35,6357.77,80.37,610.56,5.305,62.97,20.431,25.711,1.585,24.57,17.352,NORMAL,0.0,1.0,1.0,1.0,1.0,0.0,0.0,0.0,0.0
92.1,CLIMB,82.33,58.51,3773.75,22.45,88.408,1.0419,6354.88,79.9,610.23,5.315,62.68,20.458,25.647,1.604,24.6,17.349,6354.48,79.65,611.86,5.296,62.29,20.276,25.633,1.601,24.576,17.309,NORMAL,0.0,1.0,1.0,1.0,1.0,0.0,0.0,0.0,0.0
92.2,CLIMB,82.32,58.51,3780.83,22.44,88.385,1.0417,6354.41,79.9,610.21,5.315,62.67,20.457,25.646,1.603,24.6,17.348,6358.17,79.77,606.98,5.411,62.93,20.499,25.654,1.61,24.549,17.422,NORMAL,0.0,1.0,1.0,1.0,1.0,0.0,0.0,0.0,0.0
92.3,CLIMB,82.31,58.5,3787.92,22.42,88.363,1.0415,6353.93,79.9,610.19,5.315,62.66,20.455,25.646,1.603,24.6,17.346,6356.58,80.26,610.36,5.341,62.03,20.559,25.559,1.584,24.672,17.348,NORMAL,0.0,1.0,1.0,1.0,1.0,0.0,0.0,0.0,0.0
92.4,CLIMB,82.3,58.5,3795.0,22.41,88.34,1.0412,6353.46,79.9,610.17,5.314,62.65,20.454,25.646,1.603,24.6,17.345,6350.69,79.97,610.7,5.264,62.65,20.6,25.663,1.689,24.555,17.513,NORMAL,0.0,1.0,1.0,1.0,1.0,0.0,0.0,0.0,0.0
92.5,CLIMB,82.29,58.49,3802.08,22.4,88.317,1.041,6352.99,79.9,610.15,5.314,62.64,20.452,25.646,1.603,24.6,17.344,6346.71,80.0,611.53,5.266,62.33,20.449,25.773,1.494,24.672,17.315,NORMAL,0.0,1.0,1.0,1.0,1.0,0.0,0.0,0.0,0.0
92.6,CLIMB,82.28,58.48,3809.17,22.38,88.295,1.0408,6352.51,79.9,610.13,5.314,62.63,20.451,25.646,1.603,24.6,17.343,6351.77,80.07,607.6,5.351,62.77,20.564,25.63,1.622,24.562,17.552,NORMAL,0.0,1.0,1.0,1.0,1.0,0.0,0.0,0.0,0.0
92.7,CLIMB,82.28,58.48,3816.25,22.37,88.272,1.0406,6352.04,79.9,610.12,5.314,62.62,20.45,25.646,1.603,24.6,17.341,6347.31,79.06,610.69,5.329,62.44,20.554,25.684,1.615,24.654,17.436,NORMAL,0.0,1.0,1.0,1.0,1.0,0.0,0.0,0.0,0.0
92.8,CLIMB,82.27,58.47,3823.33,22.35,88.25,1.0404,6351.57,79.9,610.1,5.314,62.61,20.448,25.645,1.603,24.6,17.34,6349.88,80.55,610.59,5.333,62.17,20.661,25.674,1.608,24.577,17.203,NORMAL,0.0,1.0,1.0,1.0,1.0,0.0,0.0,0.0,0.0
92.9,CLIMB,82.26,58.47,3830.42,22.34,88.227,1.0402,6351.1,79.9,610.08,5.314,62.6,20.447,25.645,1.603,24.6,17.339,6352.64,79.66,612.44,5.314,62.23,20.29,25.554,1.711,24.623,17.423,NORMAL,0.0,1.0,1.0,1.0,1.0,0.0,0.0,0.0,0.0
93.0,CLIMB,82.25,58.46,3837.5,22.33,88.204,1.0399,6350.62,79.9,610.06,5.313,62.59,20.446,25.645,1.603,24.6,17.338,6347.33,79.76,610.74,5.311,62.5,20.55,25.701,1.665,24.563,17.419,NORMAL,0.0,1.0,1.0,1.0,1.0,0.0,0.0,0.0,0.0
93.1,CLIMB,82.24,58.46,3844.58,22.31,88.182,1.0397,6350.15,79.9,610.04,5.313,62.58,20.444,25.645,1.603,24.6,17.336,6353.26,79.34,609.38,5.36,62.77,20.406,25.652,1.539,24.637,17.265,NORMAL,0.0,1.0,1.0,1.0,1.0,0.0,0.0,0.0,0.0
93.2,CLIMB,82.23,58.45,3851.67,22.3,88.159,1.0395,6349.68,79.9,610.02,5.313,62.57,20.443,25.645,1.603,24.6,17.335,6348.57,80.29,610.57,5.294,62.41,20.403,25.639,1.582,24.649,17.386,NORMAL,0.0,1.0,1.0,1.0,1.0,0.0,0.0,0.0,0.0
93.3,CLIMB,82.23,58.45,3858.75,22.28,88.137,1.0393,6349.2,79.9,610.0,5.313,62.56,20.442,25.645,1.602,24.6,17.334,6352.24,79.91,610.66,5.333,62.33,20.475,25.583,1.629,24.691,17.176,NORMAL,0.0,1.0,1.0,1.0,1.0,0.0,0.0,0.0,0.0
93.4,CLIMB,82.22,58.44,3865.83,22.27,88.114,1.0391,6348.73,79.9,609.99,5.313,62.55,20.44,25.644,1.602,24.6,17.333,6352.08,79.77,609.97,5.242,62.37,20.324,25.571,1.613,24.625,17.403,NORMAL,0.0,1.0,1.0,1.0,1.0,0.0,0.0,0.0,0.0
93.5,CLIMB,82.21,58.44,3872.92,22.25,88.092,1.0389,6348.26,79.9,609.97,5.313,62.54,20.439,25.644,1.602,24.6,17.331,6343.72,79.5,608.24,5.266,62.51,20.384,25.649,1.605,24.582,17.313,NORMAL,0.0,1.0,1.0,1.0,1.0,0.0,0.0,0.0,0.0
93.6,CLIMB,82.2,58.43,3880.0,22.24,88.069,1.0387,6347.78,79.9,609.95,5.312,62.54,20.437,25.644,1.602,24.6,17.33,6339.21,80.28,607.66,5.335,62.63,20.575,25.672,1.67,24.576,17.405,NORMAL,0.0,1.0,1.0,1.0,1.0,0.0,0.0,0.0,0.0
93.7,CLIMB,82.19,58.42,3887.08,22.23,88.046,1.0384,6347.31,79.89,609.93,5.312,62.53,20.436,25.644,1.602,24.6,17.329,6347.43,79.36,607.67,5.292,62.51,20.344,25.672,1.585,24.563,17.285,NORMAL,0.0,1.0,1.0,1.0,1.0,0.0,0.0,0.0,0.0
93.8,CLIMB,82.18,58.42,3894.17,22.21,88.024,1.0382,6346.84,79.89,609.91,5.312,62.52,20.435,25.644,1.602,24.6,17.328,6351.79,80.1,608.24,5.325,62.24,20.392,25.64,1.573,24.554,17.318,NORMAL,0.0,1.0,1.0,1.0,1.0,0.0,0.0,0.0,0.0
93.9,CLIMB,82.18,58.41,3901.25,22.2,88.001,1.038,6346.37,79.89,609.9,5.312,62.51,20.433,25.644,1.602,24.6,17.326,6357.62,80.55,610.54,5.328,62.66,20.423,25.66,1.497,24.668,17.241,NORMAL,0.0,1.0,1.0,1.0,1.0,0.0,0.0,0.0,0.0
94.0,CLIMB,82.17,58.41,3908.33,22.18,87.979,1.0378,6345.89,79.89,609.88,5.312,62.5,20.432,25.643,1.602,24.6,17.325,6336.13,79.71,609.53,5.312,62.61,20.453,25.608,1.546,24.636,17.469,NORMAL,0.0,1.0,1.0,1.0,1.0,0.0,0.0,0.0,0.0
94.1,CLIMB,82.16,58.4,3915.42,22.17,87.956,1.0376,6345.42,79.89,609.86,5.312,62.49,20.431,25.643,1.602,24.6,17.324,6346.43,80.05,608.98,5.314,62.24,20.564,25.674,1.624,24.583,17.239,NORMAL,0.0,1.0,1.0,1.0,1.0,0.0,0.0,0.0,0.0
94.2,CLIMB,82.15,58.4,3922.5,22.16,87.934,1.0374,6344.95,79.89,609.84,5.311,62.48,20.429,25.643,1.602,24.6,17.323,6342.46,79.8,609.23,5.29,62.77,20.314,25.645,1.747,24.582,17.268,NORMAL,0.0,1.0,1.0,1.0,1.0,0.0,0.0,0.0,0.0
94.3,CLIMB,82.14,58.39,3929.58,22.14,87.911,1.0371,6344.47,79.89,609.82,5.311,62.47,20.428,25.643,1.602,24.6,17.321,6342.26,79.35,607.02,5.326,62.9,20.28,25.63,1.622,24.601,17.293,NORMAL,0.0,1.0,1.0,1.0,1.0,0.0,0.0,0.0,0.0
94.4,CLIMB,82.13,58.39,3936.67,22.13,87.889,1.0369,6344.0,79.89,609.8,5.311,62.46,20.427,25.643,1.601,24.6,17.32,6344.52,80.51,612.6,5.328,62.72,20.392,25.658,1.584,24.661,17.359,NORMAL,0.0,1.0,1.0,1.0,1.0,0.0,0.0,0.0,0.0
94.5,CLIMB,82.13,58.38,3943.75,22.11,87.866,1.0367,6343.53,79.89,609.79,5.311,62.45,20.425,25.643,1.601,24.6,17.319,6346.71,79.64,609.07,5.31,62.55,20.363,25.605,1.611,24.572,17.356,NORMAL,0.0,1.0,1.0,1.0,1.0,0.0,0.0,0.0,0.0
94.6,CLIMB,82.12,58.38,3950.83,22.1,87.844,1.0365,6343.06,79.89,609.77,5.311,62.44,20.424,25.642,1.601,24.6,17.318,6341.58,80.18,608.01,5.321,62.84,20.332,25.642,1.523,24.559,17.491,NORMAL,0.0,1.0,1.0,1.0,1.0,0.0,0.0,0.0,0.0
94.7,CLIMB,82.11,58.37,3957.92,22.08,87.821,1.0363,6342.58,79.89,609.75,5.311,62.43,20.422,25.642,1.601,24.6,17.316,6342.11,79.57,612.57,5.347,62.95,20.315,25.642,1.571,24.54,17.203,NORMAL,0.0,1.0,1.0,1.0,1.0,0.0,0.0,0.0,0.0
94.8,CLIMB,82.1,58.37,3965.0,22.07,87.799,1.0361,6342.11,79.89,609.73,5.31,62.42,20.421,25.642,1.601,24.6,17.315,6348.38,79.81,610.7,5.344,62.68,20.493,25.632,1.555,24.621,17.278,NORMAL,0.0,1.0,1.0,1.0,1.0,0.0,0.0,0.0,0.0
94.9,CLIMB,82.09,58.36,3972.08,22.06,87.776,1.0358,6341.64,79.89,609.72,5.31,62.41,20.42,25.642,1.601,24.6,17.314,6340.09,79.83,609.05,5.301,62.4,20.426,25.598,1.668,24.619,17.239,NORMAL,0.0,1.0,1.0,1.0,1.0,0.0,0.0,0.0,0.0
95.0,CLIMB,82.08,58.35,3979.17,22.04,87.754,1.0356,6341.17,79.89,609.7,5.31,62.4,20.418,25.642,1.601,24.6,17.313,6336.75,80.01,610.32,5.308,62.52,20.339,25.68,1.61,24.631,17.153,NORMAL,0.0,1.0,1.0,1.0,1.0,0.0,0.0,0.0,0.0
95.1,CLIMB,82.08,58.35,3986.25,22.03,87.731,1.0354,6340.69,79.89,609.68,5.31,62.39,20.417,25.642,1.601,24.6,17.311,6339.94,79.92,609.21,5.322,62.17,20.393,25.548,1.639,24.603,17.389,NORMAL,0.0,1.0,1.0,1.0,1.0,0.0,0.0,0.0,0.0
95.2,CLIMB,82.07,58.34,3993.33,22.01,87.709,1.0352,6340.22,79.89,609.66,5.31,62.38,20.416,25.641,1.601,24.6,17.31,6335.27,79.37,609.26,5.311,62.36,20.242,25.59,1.61,24.631,17.282,NORMAL,0.0,1.0,1.0,1.0,1.0,0.0,0.0,0.0,0.0
95.3,CLIMB,82.06,58.34,4000.42,22.0,87.687,1.035,6339.75,79.89,609.65,5.31,62.37,20.414,25.641,1.601,24.6,17.309,6343.98,79.57,609.65,5.355,62.58,20.611,25.637,1.599,24.671,17.361,NORMAL,0.0,1.0,1.0,1.0,1.0,0.0,0.0,0.0,0.0
95.4,CLIMB,82.05,58.33,4007.5,21.99,87.664,1.0348,6339.27,79.89,609.63,5.309,62.36,20.413,25.641,1.601,24.6,17.308,6338.45,80.24,608.11,5.314,62.28,20.407,25.668,1.549,24.542,17.192,NORMAL,0.0,1.0,1.0,1.0,1.0,0.0,0.0,0.0,0.0
95.5,CLIMB,82.04,58.33,4014.58,21.97,87.642,1.0346,6338.8,79.88,609.61,5.309,62.35,20.412,25.641,1.6,24.6,17.306,6335.78,79.53,608.43,5.379,62.84,20.443,25.538,1.595,24.533,17.246,NORMAL,0.0,1.0,1.0,1.0,1.0,0.0,0.0,0.0,0.0
95.6,CLIMB,82.03,58.32,4021.67,21.96,87.619,1.0343,6338.33,79.88,609.59,5.309,62.34,20.41,25.641,1.6,24.6,17.305,6337.32,80.0,608.18,5.346,62.51,20.65,25.646,1.604,24.651,17.373,NORMAL,0.0,1.0,1.0,1.0,1.0,0.0,0.0,0.0,0.0
95.7,CLIMB,82.03,58.32,4028.75,21.94,87.597,1.0341,6337.86,79.88,609.57,5.309,62.33,20.409,25.641,1.6,24.6,17.304,6330.31,80.35,606.97,5.352,61.83,20.466,25.583,1.631,24.661,17.287,NORMAL,0.0,1.0,1.0,1.0,1.0,0.0,0.0,0.0,0.0
95.8,CLIMB,82.02,58.31,4035.83,21.93,87.574,1.0339,6337.39,79.88,609.56,5.309,62.32,20.407,25.64,1.6,24.6,17.303,6332.58,79.9,610.63,5.309,62.5,20.31,25.611,1.684,24.653,17.34,NORMAL,0.0,1.0,1.0,1.0,1.0,0.0,0.0,0.0,0.0
95.9,CLIMB,82.01,58.31,4042.92,21.91,87.552,1.0337,6336.91,79.88,609.54,5.309,62.31,20.406,25.64,1.6,24.6,17.301,6338.41,79.68,610.65,5.311,62.11,20.338,25.664,1.669,24.588,17.269,NORMAL,0.0,1.0,1.0,1.0,1.0,0.0,0.0,0.0,0.0
96.0,CLIMB,82.0,58.3,4050.0,21.9,87.53,1.0335,6336.44,79.88,609.52,5.308,62.3,20.405,25.64,1.6,24.6,17.3,6346.18,79.56,609.76,5.305,61.94,20.386,25.608,1.622,24.596,17.26,NORMAL,0.0,1.0,1.0,1.0,1.0,0.0,0.0,0.0,0.0
96.1,CLIMB,81.99,58.29,4057.08,21.89,87.507,1.0333,6335.97,79.88,609.51,5.308,62.29,20.403,25.64,1.6,24.6,17.299,6332.29,80.67,608.85,5.371,62.1,20.334,25.601,1.615,24.648,17.399,NORMAL,0.0,1.0,1.0,1.0,1.0,0.0,0.0,0.0,0.0
96.2,CLIMB,81.98,58.29,4064.17,21.87,87.485,1.033,6335.5,79.88,609.49,5.308,62.28,20.402,25.64,1.6,24.6,17.298,6344.22,79.89,612.19,5.325,62.65,20.218,25.591,1.564,24.635,17.374,NORMAL,0.0,1.0,1.0,1.0,1.0,0.0,0.0,0.0,0.0
96.3,CLIMB,81.98,58.28,4071.25,21.86,87.462,1.0328,6335.02,79.88,609.47,5.308,62.27,20.401,25.64,1.6,24.6,17.296,6334.97,80.16,608.64,5.287,62.84,20.467,25.612,1.656,24.643,17.266,NORMAL,0.0,1.0,1.0,1.0,1.0,0.0,0.0,0.0,0.0
96.4,CLIMB,81.97,58.28,4078.33,21.84,87.44,1.0326,6334.55,79.88,609.45,5.308,62.26,20.399,25.639,1.6,24.6,17.295,6338.39,79.32,609.51,5.31,62.05,20.55,25.696,1.566,24.67,17.239,NORMAL,0.0,1.0,1.0,1.0,1.0,0.0,0.0,0.0,0.0
96.5,CLIMB,81.96,58.27,4085.42,21.83,87.418,1.0324,6334.08,79.88,609.44,5.308,62.25,20.398,25.639,1.6,24.6,17.294,6337.35,79.8,610.98,5.256,62.35,20.363,25.72,1.496,24.65,17.256,NORMAL,0.0,1.0,1.0,1.0,1.0,0.0,0.0,0.0,0.0
96.6,CLIMB,81.95,58.27,4092.5,21.82,87.395,1.0322,6333.61,79.88,609.42,5.307,62.23,20.396,25.639,1.6,24.6,17.293,6338.87,80.57,609.51,5.345,62.32,20.164,25.665,1.603,24.564,17.213,NORMAL,0.0,1.0,1.0,1.0,1.0,0.0,0.0,0.0,0.0
96.7,CLIMB,81.94,58.26,4099.58,21.8,87.373,1.032,6333.14,79.88,609.4,5.307,62.22,20.395,25.639,1.599,24.6,17.291,6328.09,80.65,608.31,5.301,61.89,20.489,25.649,1.668,24.558,17.293,NORMAL,0.0,1.0,1.0,1.0,1.0,0.0,0.0,0.0,0.0
96.8,CLIMB,81.93,58.26,4106.67,21.79,87.351,1.0318,6332.66,79.88,609.38,5.307,62.21,20.394,25.639,1.599,24.6,17.29,6332.0,80.24,609.36,5.317,62.36,20.451,25.647,1.533,24.562,17.39,NORMAL,0.0,1.0,1.0,1.0,1.0,0.0,0.0,0.0,0.0
96.9,CLIMB,81.93,58.25,4113.75,21.77,87.328,1.0315,6332.19,79.88,609.37,5.307,62.2,20.392,25.639,1.599,24.6,17.289,6329.4,79.98,607.21,5.313,62.13,20.437,25.784,1.746,24.567,17.428,NORMAL,0.0,1.0,1.0,1.0,1.0,0.0,0.0,0.0,0.0
97.0,CLIMB,81.92,58.25,4120.83,21.76,87.306,1.0313,6331.72,79.88,609.35,5.307,62.19,20.391,25.638,1.599,24.6,17.288,6331.94,79.11,607.18,5.309,62.04,20.397,25.609,1.519,24.708,17.226,NORMAL,0.0,1.0,1.0,1.0,1.0,0.0,0.0,0.0,0.0
97.1,CLIMB,81.91,58.24,4127.92,21.74,87.283,1.0311,6331.25,79.88,609.33,5.307,62.18,20.39,25.638,1.599,24.6,17.286,6333.14,80.52,612.97,5.292,62.52,20.414,25.664,1.604,24.663,17.297,NORMAL,0.0,1.0,1.0,1.0,1.0,0.0,0.0,0.0,0.0
97.2,CLIMB,81.9,58.24,4135.0,21.73,87.261,1.0309,6330.78,79.88,609.32,5.306,62.17,20.388,25.638,1.599,24.6,17.285,6331.77,79.88,610.3,5.319,61.83,20.406,25.624,1.563,24.556,17.175,NORMAL,0.0,1.0,1.0,1.0,1.0,0.0,0.0,0.0,0.0
97.3,CLIMB,81.89,58.23,4142.08,21.72,87.239,1.0307,6330.3,79.87,609.3,5.306,62.16,20.387,25.638,1.599,24.6,17.284,6340.25,80.06,608.0,5.278,61.93,20.395,25.586,1.523,24.597,17.381,NORMAL,0.0,1.0,1.0,1.0,1.0,0.0,0.0,0.0,0.0
97.4,CLIMB,81.88,58.22,4149.17,21.7,87.216,1.0305,6329.83,79.87,609.28,5.306,62.15,20.386,25.638,1.599,24.6,17.283,6323.29,79.77,608.21,5.308,62.05,20.385,25.567,1.633,24.604,17.411,NORMAL,0.0,1.0,1.0,1.0,1.0,0.0,0.0,0.0,0.0
97.5,CLIMB,81.88,58.22,4156.25,21.69,87.194,1.0303,6329.36,79.87,609.27,5.306,62.14,20.384,25.638,1.599,24.6,17.281,6323.96,80.92,608.3,5.367,61.76,20.327,25.608,1.586,24.573,17.254,NORMAL,0.0,1.0,1.0,1.0,1.0,0.0,0.0,0.0,0.0
97.6,CLIMB,81.87,58.21,4163.33,21.67,87.172,1.03,6328.89,79.87,609.25,5.306,62.13,20.383,25.637,1.599,24.6,17.28,6336.07,79.36,610.37,5.338,62.22,20.433,25.558,1.608,24.546,17.236,NORMAL,0.0,1.0,1.0,1.0,1.0,0.0,0.0,0.0,0.0
97.7,CLIMB,81.86,58.21,4170.42,21.66,87.15,1.0298,6328.42,79.87,609.23,5.306,62.12,20.381,25.637,1.599,24.6,17.279,6322.57,79.96,607.54,5.234,62.97,20.29,25.619,1.668,24.585,17.305,NORMAL,0.0,1.0,1.0,1.0,1.0,0.0,0.0,0.0,0.0
97.8,CLIMB,81.85,58.2,4177.5,21.65,87.127,1.0296,6327.94,79.87,609.21,5.305,62.11,20.38,25.637,1.598,24.6,17.278,6325.44,80.31,609.66,5.284,61.9,20.541,25.629,1.685,24.598,17.153,NORMAL,0.0,1.0,1.0,1.0,1.0,0.0,0.0,0.0,0.0
97.9,CLIMB,81.84,58.2,4184.58,21.63,87.105,1.0294,6327.47,79.87,609.2,5.305,62.1,20.379,25.637,1.598,24.6,17.276,6329.68,79.87,608.65,5.27,62.28,20.358,25.626,1.631,24.54,17.21,NORMAL,0.0,1.0,1.0,1.0,1.0,0.0,0.0,0.0,0.0
98.0,CLIMB,81.83,58.19,4191.67,21.62,87.083,1.0292,6327.0,79.87,609.18,5.305,62.09,20.377,25.637,1.598,24.6,17.275,6330.32,80.16,610.58,5.284,61.99,20.399,25.632,1.667,24.597,17.267,NORMAL,0.0,1.0,1.0,1.0,1.0,0.0,0.0,0.0,0.0
98.1,CLIMB,81.83,58.19,4198.75,21.6,87.06,1.029,6326.53,79.87,609.16,5.305,62.08,20.376,25.637,1.598,24.6,17.274,6337.07,80.25,612.0,5.313,62.09,20.229,25.601,1.573,24.624,17.378,NORMAL,0.0,1.0,1.0,1.0,1.0,0.0,0.0,0.0,0.0
98.2,CLIMB,81.82,58.18,4205.83,21.59,87.038,1.0288,6326.06,79.87,609.15,5.305,62.07,20.375,25.636,1.598,24.6,17.273,6327.36,79.97,607.0,5.306,61.6,20.263,25.656,1.547,24.486,17.257,NORMAL,0.0,1.0,1.0,1.0,1.0,0.0,0.0,0.0,0.0
98.3,CLIMB,81.81,58.18,4212.92,21.57,87.016,1.0285,6325.59,79.87,609.13,5.305,62.06,20.373,25.636,1.598,24.6,17.271,6331.29,80.37,607.14,5.308,62.18,20.36,25.645,1.484,24.617,17.411,NORMAL,0.0,1.0,1.0,1.0,1.0,0.0,0.0,0.0,0.0
98.4,CLIMB,81.8,58.17,4220.0,21.56,86.994,1.0283,6325.11,79.87,609.11,5.304,62.05,20.372,25.636,1.598,24.6,17.27,6328.05,79.82,611.3,5.261,62.36,20.444,25.629,1.668,24.744,17.176,NORMAL,0.0,1.0,1.0,1.0,1.0,0.0,0.0,0.0,0.0
98.5,CLIMB,81.79,58.16,4227.08,21.55,86.971,1.0281,6324.64,79.87,609.1,5.304,62.04,20.371,25.636,1.598,24.6,17.269,6332.76,80.01,611.0,5.272,62.0,20.254,25.608,1.675,24.464,17.46,NORMAL,0.0,1.0,1.0,1.0,1.0,0.0,0.0,0.0,0.0
98.6,CLIMB,81.78,58.16,4234.17,21.53,86.949,1.0279,6324.17,79.87,609.08,5.304,62.03,20.369,25.636,1.598,24.6,17.268,6318.53,79.82,606.93,5.314,62.03,20.547,25.567,1.592,24.607,17.262,NORMAL,0.0,1.0,1.0,1.0,1.0,0.0,0.0,0.0,0.0
98.7,CLIMB,81.78,58.15,4241.25,21.52,86.927,1.0277,6323.7,79.87,609.06,5.304,62.02,20.368,25.636,1.598,24.6,17.266,6320.97,79.73,608.78,5.281,61.76,20.605,25.614,1.532,24.613,17.233,NORMAL,0.0,1.0,1.0,1.0,1.0,0.0,0.0,0.0,0.0
98.8,CLIMB,81.77,58.15,4248.33,21.5,86.905,1.0275,6323.23,79.87,609.05,5.304,62.01,20.366,25.635,1.598,24.6,17.265,6326.9,79.25,608.76,5.273,62.13,20.479,25.62,1.659,24.688,17.196,NORMAL,0.0,1.0,1.0,1.0,1.0,0.0,0.0,0.0,0.0
98.9,CLIMB,81.76,58.14,4255.42,21.49,86.882,1.0273,6322.76,79.87,609.03,5.304,62.0,20.365,25.635,1.597,24.6,17.264,6323.21,79.51,609.85,5.364,62.12,20.311,25.538,1.627,24.585,17.445,NORMAL,0.0,1.0,1.0,1.0,1.0,0.0,0.0,0.0,0.0
99.0,CLIMB,81.75,58.14,4262.5,21.48,86.86,1.0271,6322.28,79.86,609.01,5.303,61.99,20.364,25.635,1.597,24.6,17.263,6311.56,80.05,609.95,5.292,62.02,20.196,25.631,1.592,24.658,17.204,NORMAL,0.0,1.0,1.0,1.0,1.0,0.0,0.0,0.0,0.0
99.1,CLIMB,81.74,58.13,4269.58,21.46,86.838,1.0268,6321.81,79.86,609.0,5.303,61.98,20.362,25.635,1.597,24.6,17.261,6323.27,79.11,610.35,5.347,61.51,20.349,25.632,1.613,24.611,17.43,NORMAL,0.0,1.0,1.0,1.0,1.0,0.0,0.0,0.0,0.0
99.2,CLIMB,81.73,58.13,4276.67,21.45,86.816,1.0266,6321.34,79.86,608.98,5.303,61.97,20.361,25.635,1.597,24.6,17.26,6319.6,80.17,607.99,5.293,62.32,20.634,25.602,1.634,24.609,17.247,NORMAL,0.0,1.0,1.0,1.0,1.0,0.0,0.0,0.0,0.0
99.3,CLIMB,81.73,58.12,4283.75,21.43,86.793,1.0264,6320.87,79.86,608.96,5.303,61.96,20.36,25.635,1.597,24.6,17.259,6323.65,79.39,608.86,5.373,61.98,20.248,25.641,1.588,24.571,17.279,NORMAL,0.0,1.0,1.0,1.0,1.0,0.0,0.0,0.0,0.0
99.4,CLIMB,81.72,58.12,4290.83,21.42,86.771,1.0262,6320.4,79.86,608.95,5.303,61.95,20.358,25.634,1.597,24.6,17.258,6314.77,79.7,608.07,5.331,61.71,20.363,25.586,1.624,24.536,17.253,NORMAL,0.0,1.0,1.0,1.0,1.0,0.0,0.0,0.0,0.0
99.5,CLIMB,81.71,58.11,4297.92,21.4,86.749,1.026,6319.93,79.86,608.93,5.303,61.94,20.357,25.634,1.597,24.6,17.256,6319.97,79.72,609.02,5.319,61.87,20.358,25.603,1.623,24.605,17.305,NORMAL,0.0,1.0,1.0,1.0,1.0,0.0,0.0,0.0,0.0
99.6,CLIMB,81.7,58.11,4305.0,21.39,86.727,1.0258,6319.46,79.86,608.91,5.302,61.93,20.355,25.634,1.597,24.6,17.255,6319.63,79.85,610.02,5.209,62.19,20.349,25.723,1.608,24.47,17.413,NORMAL,0.0,1.0,1.0,1.0,1.0,0.0,0.0,0.0,0.0
99.7,CLIMB,81.69,58.1,4312.08,21.38,86.705,1.0256,6318.99,79.86,608.9,5.302,61.92,20.354,25.634,1.597,24.6,17.254,6311.37,79.91,606.65,5.339,61.9,20.394,25.661,1.596,24.605,17.3,NORMAL,0.0,1.0,1.0,1.0,1.0,0.0,0.0,0.0,0.0
99.8,CLIMB,81.68,58.09,4319.17,21.36,86.682,1.0253,6318.51,79.86,608.88,5.302,61.91,20.353,25.634,1.597,24.6,17.253,6317.59,79.62,606.4,5.274,61.88,20.22,25.577,1.589,24.592,17.447,NORMAL,0.0,1.0,1.0,1.0,1.0,0.0,0.0,0.0,0.0
99.9,CLIMB,81.68,58.09,4326.25,21.35,86.66,1.0251,6318.04,79.86,608.86,5.302,61.9,20.351,25.634,1.597,24.6,17.251,6314.25,80.12,607.56,5.3,61.8,20.482,25.623,1.567,24.594,17.249,NORMAL,0.0,1.0,1.0,1.0,1.0,0.0,0.0,0.0,0.0
100.0,CLIMB,81.67,58.08,4333.33,21.33,86.638,1.0249,6317.57,79.86,608.85,5.302,61.89,20.35,25.633,1.596,24.6,17.25,6317.96,79.62,611.32,5.336,61.61,20.364,25.657,1.654,24.599,17.333,NORMAL,0.0,1.0,1.0,1.0,1.0,0.0,0.0,0.0,0.0
100.1,CLIMB,81.66,58.08,4340.42,21.32,86.616,1.0247,6317.1,79.86,608.83,5.302,61.88,20.349,25.633,1.596,24.6,17.249,6310.09,80.31,607.77,5.338,61.54,20.332,25.638,1.619,24.631,17.195,NORMAL,0.0,1.0,1.0,1.0,1.0,0.0,0.0,0.0,0.0
100.2,CLIMB,81.65,58.07,4347.5,21.31,86.594,1.0245,6316.63,79.86,608.82,5.301,61.87,20.347,25.633,1.596,24.6,17.248,6324.65,80.13,608.48,5.283,61.75,20.14,25.635,1.552,24.671,17.132,NORMAL,0.0,1.0,1.0,1.0,1.0,0.0,0.0,0.0,0.0
100.3,CLIMB,81.64,58.07,4354.58,21.29,86.571,1.0243,6316.16,79.86,608.8,5.301,61.86,20.346,25.633,1.596,24.6,17.246,6319.28,80.62,607.64,5.32,62.12,20.275,25.611,1.479,24.672,17.054,NORMAL,0.0,1.0,1.0,1.0,1.0,0.0,0.0,0.0,0.0
100.4,CLIMB,81.63,58.06,4361.67,21.28,86.549,1.0241,6315.69,79.86,608.78,5.301,61.85,20.345,25.633,1.596,24.6,17.245,6307.65,79.18,606.84,5.284,61.56,20.339,25.623,1.648,24.574,17.355,NORMAL,0.0,1.0,1.0,1.0,1.0,0.0,0.0,0.0,0.0
100.5,CLIMB,81.63,58.06,4368.75,21.26,86.527,1.0239,6315.22,79.86,608.77,5.301,61.84,20.343,25.633,1.596,24.6,17.244,6322.36,79.99,609.88,5.272,61.88,20.474,25.695,1.584,24.606,17.071,NORMAL,0.0,1.0,1.0,1.0,1.0,0.0,0.0,0.0,0.0
100.6,CLIMB,81.62,58.05,4375.83,21.25,86.505,1.0236,6314.75,79.86,608.75,5.301,61.83,20.342,25.632,1.596,24.6,17.243,6313.1,80.34,606.18,5.302,61.62,20.337,25.661,1.608,24.628,17.206,NORMAL,0.0,1.0,1.0,1.0,1.0,0.0,0.0,0.0,0.0
100.7,CLIMB,81.61,58.05,4382.92,21.23,86.483,1.0234,6314.27,79.86,608.73,5.301,61.81,20.34,25.632,1.596,24.6,17.241,6311.01,79.5,609.15,5.308,62.47,20.241,25.574,1.611,24.547,17.273,NORMAL,0.0,1.0,1.0,1.0,1.0,0.0,0.0,0.0,0.0
100.8,CLIMB,81.6,58.04,4390.0,21.22,86.461,1.0232,6313.8,79.85,608.72,5.301,61.8,20.339,25.632,1.596,24.6,17.24,6317.71,79.93,608.67,5.315,62.01,20.339,25.628,1.609,24.559,17.354,NORMAL,0.0,1.0,1.0,1.0,1.0,0.0,0.0,0.0,0.0
100.9,CLIMB,81.59,58.03,4397.08,21.21,86.439,1.023,6313.33,79.85,608.7,5.3,61.79,20.338,25.632,1.596,24.6,17.239,6314.25,79.71,610.09,5.322,61.83,20.267,25.589,1.64,24.596,17.264,NORMAL,0.0,1.0,1.0,1.0,1.0,0.0,0.0,0.0,0.0
101.0,CLIMB,81.58,58.03,4404.17,21.19,86.416,1.0228,6312.86,79.85,608.68,5.3,61.78,20.336,25.632,1.596,24.6,17.238,6305.03,81.14,610.04,5.296,62.16,20.279,25.595,1.492,24.54,17.128,NORMAL,0.0,1.0,1.0,1.0,1.0,0.0,0.0,0.0,0.0
101.1,CLIMB,81.58,58.02,4411.25,21.18,86.394,1.0226,6312.39,79.85,608.67,5.3,61.77,20.335,25.632,1.595,24.6,17.236,6311.72,80.04,612.44,5.278,61.64,20.367,25.566,1.545,24.593,17.058,NORMAL,0.0,1.0,1.0,1.0,1.0,0.0,0.0,0.0,0.0
101.2,CLIMB,81.57,58.02,4418.33,21.16,86.372,1.0224,6311.92,79.85,608.65,5.3,61.76,20.334,25.631,1.595,24.6,17.235,6302.4,79.97,607.53,5.324,61.49,20.273,25.58,1.652,24.583,17.243,NORMAL,0.0,1.0,1.0,1.0,1.0,0.0,0.0,0.0,0.0
101.3,CLIMB,81.56,58.01,4425.42,21.15,86.35,1.0222,6311.45,79.85,608.64,5.3,61.75,20.332,25.631,1.595,24.6,17.234,6316.78,79.72,608.46,5.331,61.39,20.56,25.643,1.511,24.672,17.108,NORMAL,0.0,1.0,1.0,1.0,1.0,0.0,0.0,0.0,0.0
101.4,CLIMB,81.55,58.01,4432.5,21.14,86.328,1.0219,6310.98,79.85,608.62,5.3,61.74,20.331,25.631,1.595,24.6,17.233,6311.19,80.54,610.74,5.32,61.85,20.208,25.571,1.628,24.629,17.298,NORMAL,0.0,1.0,1.0,1.0,1.0,0.0,0.0,0.0,0.0
101.5,CLIMB,81.54,58.0,4439.58,21.12,86.306,1.0217,6310.51,79.85,608.6,5.299,61.73,20.329,25.631,1.595,24.6,17.231,6302.52,79.78,607.21,5.379,61.75,20.28,25.71,1.553,24.592,17.151,NORMAL,0.0,1.0,1.0,1.0,1.0,0.0,0.0,0.0,0.0
101.6,CLIMB,81.53,58.0,4446.67,21.11,86.284,1.0215,6310.04,79.85,608.59,5.299,61.72,20.328,25.631,1.595,24.6,17.23,6307.93,80.65,614.12,5.315,61.2,20.451,25.65,1.629,24.642,17.254,NORMAL,0.0,1.0,1.0,1.0,1.0,0.0,0.0,0.0,0.0
101.7,CLIMB,81.53,57.99,4453.75,21.09,86.262,1.0213,6309.57,79.85,608.57,5.299,61.71,20.327,25.631,1.595,24.6,17.229,6307.4,80.56,604.67,5.335,62.47,20.508,25.598,1.549,24.592,17.275,NORMAL,0.0,1.0,1.0,1.0,1.0,0.0,0.0,0.0,0.0
101.8,CLIMB,81.52,57.99,4460.83,21.08,86.24,1.0211,6309.1,79.85,608.56,5.299,61.7,20.325,25.63,1.595,24.6,17.228,6306.55,79.6,608.81,5.293,61.89,20.177,25.527,1.592,24.631,17.266,NORMAL,0.0,1.0,1.0,1.0,1.0,0.0,0.0,0.0,0.0
101.9,CLIMB,81.51,57.98,4467.92,21.06,86.218,1.0209,6308.63,79.85,608.54,5.299,61.69,20.324,25.63,1.595,24.6,17.226,6306.66,79.45,610.66,5.274,61.46,20.216,25.578,1.598,24.608,17.199,NORMAL,0.0,1.0,1.0,1.0,1.0,0.0,0.0,0.0,0.0
102.0,CLIMB,81.5,57.98,4475.0,21.05,86.196,1.0207,6308.15,79.85,608.52,5.299,61.68,20.323,25.63,1.595,24.6,17.225,6308.54,79.74,606.9,5.278,61.75,20.39,25.658,1.628,24.556,17.414,NORMAL,0.0,1.0,1.0,1.0,1.0,0.0,0.0,0.0,0.0
102.1,CLIMB,81.49,57.97,4482.08,21.04,86.174,1.0205,6307.68,79.85,608.51,5.298,61.67,20.321,25.63,1.595,24.6,17.224,6304.05,79.79,605.7,5.273,61.44,20.345,25.704,1.559,24.659,17.293,NORMAL,0.0,1.0,1.0,1.0,1.0,0.0,0.0,0.0,0.0
102.2,CLIMB,81.48,57.96,4489.17,21.02,86.151,1.0202,6307.21,79.85,608.49,5.298,61.66,20.32,25.63,1.594,24.6,17.223,6310.88,80.36,608.64,5.292,61.28,20.298,25.499,1.569,24.539,17.269,NORMAL,0.0,1.0,1.0,1.0,1.0,0.0,0.0,0.0,0.0
102.3,CLIMB,81.48,57.96,4496.25,21.01,86.129,1.02,6306.74,79.85,608.47,5.298,61.65,20.318,25.63,1.594,24.6,17.221,6316.17,80.27,609.56,5.279,61.08,20.225,25.724,1.565,24.669,17.182,NORMAL,0.0,1.0,1.0,1.0,1.0,0.0,0.0,0.0,0.0
102.4,CLIMB,81.47,57.95,4503.33,20.99,86.107,1.0198,6306.27,79.84,608.46,5.298,61.64,20.317,25.629,1.594,24.6,17.22,6302.47,80.27,609.68,5.307,61.89,20.399,25.634,1.489,24.639,17.086,NORMAL,0.0,1.0,1.0,1.0,1.0,0.0,0.0,0.0,0.0
102.5,CLIMB,81.46,57.95,4510.42,20.98,86.085,1.0196,6305.8,79.84,608.44,5.298,61.63,20.316,25.629,1.594,24.6,17.219,6304.37,79.71,609.16,5.302,61.62,20.408,25.548,1.716,24.607,17.362,NORMAL,0.0,1.0,1.0,1.0,1.0,0.0,0.0,0.0,0.0
102.6,CLIMB,81.45,57.94,4517.5,20.97,86.063,1.0194,6305.33,79.84,608.43,5.298,61.62,20.314,25.629,1.594,24.6,17.218,6316.79,80.1,607.82,5.279,61.5,20.291,25.716,1.549,24.541,17.216,NORMAL,0.0,1.0,1.0,1.0,1.0,0.0,0.0,0.0,0.0
102.7,CLIMB,81.44,57.94,4524.58,20.95,86.041,1.0192,6304.86,79.84,608.41,5.297,61.61,20.313,25.629,1.594,24.6,17.216,6302.04,79.84,607.64,5.266,61.47,20.321,25.661,1.628,24.64,17.179,NORMAL,0.0,1.0,1.0,1.0,1.0,0.0,0.0,0.0,0.0
102.8,CLIMB,81.43,57.93,4531.67,20.94,86.019,1.019,6304.39,79.84,608.39,5.297,61.6,20.312,25.629,1.594,24.6,17.215,6293.49,81.85,607.99,5.298,61.14,20.136,25.578,1.547,24.546,17.062,NORMAL,0.0,1.0,1.0,1.0,1.0,0.0,0.0,0.0,0.0
102.9,CLIMB,81.43,57.93,4538.75,20.92,85.997,1.0188,6303.92,79.84,608.38,5.297,61.58,20.31,25.629,1.594,24.6,17.214,6301.75,79.75,608.48,5.351,60.96,20.284,25.746,1.586,24.606,17.204,NORMAL,0.0,1.0,1.0,1.0,1.0,0.0,0.0,0.0,0.0
103.0,CLIMB,81.42,57.92,4545.83,20.91,85.975,1.0185,6303.45,79.84,608.36,5.297,61.57,20.309,25.628,1.594,24.6,17.213,6303.22,78.85,611.88,5.263,61.67,20.285,25.63,1.622,24.536,17.084,NORMAL,0.0,1.0,1.0,1.0,1.0,0.0,0.0,0.0,0.0
103.1,CLIMB,81.41,57.92,4552.92,20.89,85.953,1.0183,6302.98,79.84,608.35,5.297,61.56,20.308,25.628,1.594,24.6,17.211,6299.52,79.83,608.69,5.329,61.57,20.365,25.628,1.49,24.59,17.466,NORMAL,0.0,1.0,1.0,1.0,1.0,0.0,0.0,0.0,0.0
103.2,CLIMB,81.4,57.91,4560.0,20.88,85.931,1.0181,6302.51,79.84,608.33,5.297,61.55,20.306,25.628,1.594,24.6,17.21,6309.95,79.21,607.99,5.294,62.1,20.304,25.471,1.568,24.584,17.225,NORMAL,0.0,1.0,1.0,1.0,1.0,0.0,0.0,0.0,0.0
103.3,CLIMB,81.39,57.9,4567.08,20.87,85.909,1.0179,6302.04,79.84,608.31,5.296,61.54,20.305,25.628,1.593,24.6,17.209,6301.04,79.58,607.48,5.312,61.72,20.275,25.653,1.56,24.577,17.118,NORMAL,0.0,1.0,1.0,1.0,1.0,0.0,0.0,0.0,0.0
103.4,CLIMB,81.38,57.9,4574.17,20.85,85.887,1.0177,6301.57,79.84,608.3,5.296,61.53,20.303,25.628,1.593,24.6,17.208,6300.41,79.0,608.31,5.336,62.04,20.5,25.585,1.566,24.605,17.184,NORMAL,0.0,1.0,1.0,1.0,1.0,0.0,0.0,0.0,0.0
103.5,CLIMB,81.38,57.89,4581.25,20.84,85.865,1.0175,6301.1,79.84,608.28,5.296,61.52,20.302,25.628,1.593,24.6,17.206,6292.81,79.4,606.25,5.344,61.74,20.28,25.603,1.64,24.47,17.203,NORMAL,0.0,1.0,1.0,1.0,1.0,0.0,0.0,0.0,0.0
103.6,CLIMB,81.37,57.89,4588.33,20.82,85.843,1.0173,6300.63,79.84,608.27,5.296,61.51,20.301,25.627,1.593,24.6,17.205,6304.15,79.6,607.54,5.306,60.8,20.356,25.628,1.631,24.53,17.336,NORMAL,0.0,1.0,1.0,1.0,1.0,0.0,0.0,0.0,0.0
103.7,CLIMB,81.36,57.88,4595.42,20.81,85.821,1.0171,6300.16,79.84,608.25,5.296,61.5,20.299,25.627,1.593,24.6,17.204,6300.84,79.25,605.79,5.268,61.37,20.31,25.743,1.591,24.558,17.347,NORMAL,0.0,1.0,1.0,1.0,1.0,0.0,0.0,0.0,0.0
103.8,CLIMB,81.35,57.88,4602.5,20.8,85.799,1.0169,6299.69,79.84,608.24,5.296,61.49,20.298,25.627,1.593,24.6,17.203,6300.56,79.92,607.95,5.321,61.22,20.201,25.604,1.531,24.503,17.115,NORMAL,0.0,1.0,1.0,1.0,1.0,0.0,0.0,0.0,0.0
103.9,CLIMB,81.34,57.87,4609.58,20.78,85.777,1.0166,6299.22,79.84,608.22,5.295,61.48,20.297,25.627,1.593,24.6,17.201,6297.07,80.08,611.55,5.276,61.78,20.285,25.623,1.517,24.572,17.267,NORMAL,0.0,1.0,1.0,1.0,1.0,0.0,0.0,0.0,0.0
104.0,CLIMB,81.33,57.87,4616.67,20.77,85.755,1.0164,6298.75,79.84,608.2,5.295,61.47,20.295,25.627,1.593,24.6,17.2,6296.48,80.47,609.17,5.265,61.18,20.243,25.687,1.538,24.602,17.432,NORMAL,0.0,1.0,1.0,1.0,1.0,0.0,0.0,0.0,0.0
104.1,CLIMB,81.33,57.86,4623.75,20.75,85.733,1.0162,6298.28,79.83,608.19,5.295,61.46,20.294,25.627,1.593,24.6,17.199,6298.68,79.51,606.12,5.353,61.45,20.298,25.596,1.606,24.555,17.33,NORMAL,0.0,1.0,1.0,1.0,1.0,0.0,0.0,0.0,0.0
104.2,CLIMB,81.32,57.86,4630.83,20.74,85.712,1.016,6297.81,79.83,608.17,5.295,61.45,20.292,25.626,1.593,24.6,17.198,6303.02,79.56,611.67,5.249,61.16,20.249,25.686,1.516,24.572,17.137,NORMAL,0.0,1.0,1.0,1.0,1.0,0.0,0.0,0.0,0.0
104.3,CLIMB,81.31,57.85,4637.92,20.72,85.69,1.0158,6297.34,79.83,608.16,5.295,61.44,20.291,25.626,1.593,24.6,17.196,6296.5,79.76,608.86,5.299,61.52,20.258,25.559,1.56,24.607,17.237,NORMAL,0.0,1.0,1.0,1.0,1.0,0.0,0.0,0.0,0.0
104.4,CLIMB,81.3,57.85,4645.0,20.71,85.668,1.0156,6296.87,79.83,608.14,5.295,61.43,20.29,25.626,1.592,24.6,17.195,6303.74,80.22,609.7,5.295,61.2,20.386,25.662,1.622,24.567,17.184,NORMAL,0.0,1.0,1.0,1.0,1.0,0.0,0.0,0.0,0.0
104.5,CLIMB,81.29,57.84,4652.08,20.7,85.646,1.0154,6296.4,79.83,608.12,5.294,61.42,20.288,25.626,1.592,24.6,17.194,6293.54,79.44,608.58,5.372,61.01,20.156,25.647,1.607,24.611,17.123,NORMAL,0.0,1.0,1.0,1.0,1.0,0.0,0.0,0.0,0.0
104.6,CLIMB,81.28,57.83,4659.17,20.68,85.624,1.0152,6295.93,79.83,608.11,5.294,61.4,20.287,25.626,1.592,24.6,17.193,6292.19,80.27,607.15,5.266,61.28,20.358,25.631,1.661,24.574,17.169,NORMAL,0.0,1.0,1.0,1.0,1.0,0.0,0.0,0.0,0.0
104.7,CLIMB,81.28,57.83,4666.25,20.67,85.602,1.015,6295.46,79.83,608.09,5.294,61.39,20.286,25.626,1.592,24.6,17.191,6292.16,79.34,610.97,5.313,61.18,20.157,25.618,1.629,24.544,17.257,NORMAL,0.0,1.0,1.0,1.0,1.0,0.0,0.0,0.0,0.0
104.8,CLIMB,81.27,57.82,4673.33,20.65,85.58,1.0147,6294.99,79.83,608.08,5.294,61.38,20.284,25.625,1.592,24.6,17.19,6289.41,80.24,608.89,5.263,61.71,20.315,25.567,1.589,24.727,17.33,NORMAL,0.0,1.0,1.0,1.0,1.0,0.0,0.0,0.0,0.0
104.9,CLIMB,81.26,57.82,4680.42,20.64,85.558,1.0145,6294.52,79.83,608.06,5.294,61.37,20.283,25.625,1.592,24.6,17.189,6285.87,80.35,609.34,5.333,61.22,20.346,25.556,1.67,24.66,17.159,NORMAL,0.0,1.0,1.0,1.0,1.0,0.0,0.0,0.0,0.0
105.0,CLIMB,81.25,57.81,4687.5,20.63,85.536,1.0143,6294.05,79.83,608.05,5.294,61.36,20.281,25.625,1.592,24.6,17.188,6301.99,79.23,608.1,5.293,61.48,20.251,25.557,1.538,24.524,17.175,NORMAL,0.0,1.0,1.0,1.0,1.0,0.0,0.0,0.0,0.0
105.1,CLIMB,81.24,57.81,4694.58,20.61,85.514,1.0141,6293.58,79.83,608.03,5.293,61.35,20.28,25.625,1.592,24.6,17.186,6295.22,80.53,608.23,5.321,61.12,20.443,25.554,1.64,24.613,17.081,NORMAL,0.0,1.0,1.0,1.0,1.0,0.0,0.0,0.0,0.0
105.2,CLIMB,81.23,57.8,4701.67,20.6,85.492,1.0139,6293.11,79.83,608.01,5.293,61.34,20.279,25.625,1.592,24.6,17.185,6303.17,79.66,607.63,5.35,61.69,20.391,25.571,1.59,24.686,17.104,NORMAL,0.0,1.0,1.0,1.0,1.0,0.0,0.0,0.0,0.0
105.3,CLIMB,81.23,57.8,4708.75,20.58,85.471,1.0137,6292.64,79.83,608.0,5.293,61.33,20.277,25.625,1.592,24.6,17.184,6289.6,80.03,607.22,5.297,61.98,20.306,25.603,1.489,24.504,17.215,NORMAL,0.0,1.0,1.0,1.0,1.0,0.0,0.0,0.0,0.0
105.4,CLIMB,81.22,57.79,4715.83,20.57,85.449,1.0135,6292.17,79.83,607.98,5.293,61.32,20.276,25.624,1.592,24.6,17.183,6289.39,80.11,609.15,5.308,61.4,20.414,25.619,1.615,24.579,17.084,NORMAL,0.0,1.0,1.0,1.0,1.0,0.0,0.0,0.0,0.0
105.5,CLIMB,81.21,57.79,4722.92,20.55,85.427,1.0133,6291.7,79.83,607.97,5.293,61.31,20.275,25.624,1.591,24.6,17.181,6294.83,79.54,608.42,5.284,60.65,20.306,25.634,1.603,24.633,17.262,NORMAL,0.0,1.0,1.0,1.0,1.0,0.0,0.0,0.0,0.0
105.6,CLIMB,81.2,57.78,4730.0,20.54,85.405,1.0131,6291.23,79.83,607.95,5.293,61.3,20.273,25.624,1.591,24.6,17.18,6299.3,80.1,609.63,5.251,61.02,20.389,25.595,1.634,24.627,17.219,NORMAL,0.0,1.0,1.0,1.0,1.0,0.0,0.0,0.0,0.0
105.7,CLIMB,81.19,57.77,4737.08,20.53,85.383,1.0129,6290.76,79.83,607.94,5.293,61.29,20.272,25.624,1.591,24.6,17.179,6298.1,79.73,607.6,5.276,61.05,20.375,25.591,1.537,24.656,17.025,NORMAL,0.0,1.0,1.0,1.0,1.0,0.0,0.0,0.0,0.0
105.8,CLIMB,81.18,57.77,4744.17,20.51,85.361,1.0126,6290.29,79.82,607.92,5.292,61.28,20.27,25.624,1.591,24.6,17.178,6286.09,79.32,609.02,5.275,61.4,20.349,25.714,1.606,24.664,17.133,NORMAL,0.0,1.0,1.0,1.0,1.0,0.0,0.0,0.0,0.0
105.9,CLIMB,81.18,57.76,4751.25,20.5,85.339,1.0124,6289.82,79.82,607.9,5.292,61.27,20.269,25.624,1.591,24.6,17.176,6282.26,79.75,608.18,5.336,60.93,20.266,25.535,1.693,24.647,17.098,NORMAL,0.0,1.0,1.0,1.0,1.0,0.0,0.0,0.0,0.0
106.0,CLIMB,81.17,57.76,4758.33,20.48,85.318,1.0122,6289.35,79.82,607.89,5.292,61.26,20.268,25.623,1.591,24.6,17.175,6279.63,80.11,608.57,5.285,61.58,20.156,25.621,1.591,24.613,17.202,NORMAL,0.0,1.0,1.0,1.0,1.0,0.0,0.0,0.0,0.0
106.1,CLIMB,81.16,57.75,4765.42,20.47,85.296,1.012,6288.88,79.82,607.87,5.292,61.24,20.266,25.623,1.591,24.6,17.174,6292.68,80.87,607.66,5.308,61.61,20.212,25.649,1.586,24.652,17.172,NORMAL,0.0,1.0,1.0,1.0,1.0,0.0,0.0,0.0,0.0
106.2,CLIMB,81.15,57.75,4772.5,20.46,85.274,1.0118,6288.41,79.82,607.86,5.292,61.23,20.265,25.623,1.591,24.6,17.173,6299.07,79.94,610.08,5.356,61.18,20.187,25.613,1.636,24.603,17.192,NORMAL,0.0,1.0,1.0,1.0,1.0,0.0,0.0,0.0,0.0
106.3,CLIMB,81.14,57.74,4779.58,20.44,85.252,1.0116,6287.94,79.82,607.84,5.292,61.22,20.264,25.623,1.591,24.6,17.171,6283.26,79.6,606.11,5.32,61.63,20.365,25.697,1.496,24.571,17.085,NORMAL,0.0,1.0,1.0,1.0,1.0,0.0,0.0,0.0,0.0
106.4,CLIMB,81.13,57.74,4786.67,20.43,85.23,1.0114,6287.48,79.82,607.83,5.291,61.21,20.262,25.623,1.591,24.6,17.17,6290.98,79.77,610.97,5.289,60.83,20.359,25.592,1.63,24.623,17.289,NORMAL,0.0,1.0,1.0,1.0,1.0,0.0,0.0,0.0,0.0
106.5,CLIMB,81.13,57.73,4793.75,20.41,85.208,1.0112,6287.01,79.82,607.81,5.291,61.2,20.261,25.623,1.591,24.6,17.169,6291.54,79.91,605.64,5.269,61.5,20.306,25.562,1.658,24.505,17.154,NORMAL,0.0,1.0,1.0,1.0,1.0,0.0,0.0,0.0,0.0
106.6,CLIMB,81.12,57.73,4800.83,20.4,85.187,1.011,6286.54,79.82,607.79,5.291,61.19,20.259,25.622,1.59,24.6,17.168,6288.16,80.3,607.32,5.259,61.04,20.142,25.669,1.593,24.599,17.144,NORMAL,0.0,1.0,1.0,1.0,1.0,0.0,0.0,0.0,0.0
106.7,CLIMB,81.11,57.72,4807.92,20.38,85.165,1.0108,6286.07,79.82,607.78,5.291,61.18,20.258,25.622,1.59,24.6,17.166,6280.89,79.74,606.56,5.286,61.14,20.397,25.693,1.66,24.625,17.183,NORMAL,0.0,1.0,1.0,1.0,1.0,0.0,0.0,0.0,0.0
106.8,CLIMB,81.1,57.72,4815.0,20.37,85.143,1.0105,6285.6,79.82,607.76,5.291,61.17,20.257,25.622,1.59,24.6,17.165,6285.11,79.65,605.63,5.297,61.49,20.126,25.607,1.641,24.529,17.235,NORMAL,0.0,1.0,1.0,1.0,1.0,0.0,0.0,0.0,0.0
106.9,CLIMB,81.09,57.71,4822.08,20.36,85.121,1.0103,6285.13,79.82,607.75,5.291,61.16,20.255,25.622,1.59,24.6,17.164,6284.33,80.28,607.63,5.317,61.34,20.085,25.591,1.573,24.579,17.319,NORMAL,0.0,1.0,1.0,1.0,1.0,0.0,0.0,0.0,0.0
107.0,CLIMB,81.08,57.7,4829.17,20.34,85.099,1.0101,6284.66,79.82,607.73,5.29,61.15,20.254,25.622,1.59,24.6,17.163,6290.5,79.65,606.45,5.367,61.49,20.202,25.528,1.638,24.67,17.131,NORMAL,0.0,1.0,1.0,1.0,1.0,0.0,0.0,0.0,0.0
107.1,CLIMB,81.08,57.7,4836.25,20.33,85.078,1.0099,6284.19,79.82,607.72,5.29,61.14,20.253,25.622,1.59,24.6,17.161,6278.69,79.57,609.55,5.314,60.8,20.305,25.506,1.523,24.549,17.341,NORMAL,0.0,1.0,1.0,1.0,1.0,0.0,0.0,0.0,0.0
107.2,CLIMB,81.07,57.69,4843.33,20.31,85.056,1.0097,6283.72,79.82,607.7,5.29,61.13,20.251,25.621,1.59,24.6,17.16,6292.68,79.57,609.54,5.309,61.15,20.406,25.628,1.584,24.653,17.256,NORMAL,0.0,1.0,1.0,1.0,1.0,0.0,0.0,0.0,0.0
107.3,CLIMB,81.06,57.69,4850.42,20.3,85.034,1.0095,6283.25,79.82,607.68,5.29,61.12,20.25,25.621,1.59,24.6,17.159,6292.38,80.62,607.06,5.246,60.69,20.416,25.671,1.594,24.642,17.21,NORMAL,0.0,1.0,1.0,1.0,1.0,0.0,0.0,0.0,0.0
107.4,CLIMB,81.05,57.68,4857.5,20.29,85.012,1.0093,6282.78,79.81,607.67,5.29,61.1,20.248,25.621,1.59,24.6,17.158,6285.67,80.36,607.71,5.288,61.42,20.339,25.639,1.526,24.56,17.15,NORMAL,0.0,1.0,1.0,1.0,1.0,0.0,0.0,0.0,0.0
107.5,CLIMB,81.04,57.68,4864.58,20.27,84.991,1.0091,6282.31,79.81,607.65,5.29,61.09,20.247,25.621,1.59,24.6,17.156,6284.95,80.17,607.8,5.304,61.74,20.289,25.607,1.558,24.598,17.057,NORMAL,0.0,1.0,1.0,1.0,1.0,0.0,0.0,0.0,0.0
107.6,CLIMB,81.03,57.67,4871.67,20.26,84.969,1.0089,6281.85,79.81,607.64,5.289,61.08,20.246,25.621,1.59,24.6,17.155,6281.42,79.3,608.55,5.27,61.52,20.223,25.63,1.604,24.577,17.323,NORMAL,0.0,1.0,1.0,1.0,1.0,0.0,0.0,0.0,0.0
107.7,CLIMB,81.03,57.67,4878.75,20.24,84.947,1.0087,6281.38,79.81,607.62,5.289,61.07,20.244,25.621,1.589,24.6,17.154,6278.93,80.49,607.52,5.299,60.97,20.137,25.644,1.598,24.636,17.195,NORMAL,0.0,1.0,1.0,1.0,1.0,0.0,0.0,0.0,0.0
107.8,CLIMB,81.02,57.66,4885.83,20.23,84.925,1.0084,6280.91,79.81,607.61,5.289,61.06,20.243,25.62,1.589,24.6,17.153,6281.15,79.58,610.95,5.252,61.64,20.311,25.688,1.61,24.587,17.134,NORMAL,0.0,1.0,1.0,1.0,1.0,0.0,0.0,0.0,0.0
107.9,CLIMB,81.01,57.66,4892.92,20.21,84.904,1.0082,6280.44,79.81,607.59,5.289,61.05,20.242,25.62,1.589,24.6,17.151,6279.71,79.92,606.16,5.337,61.02,20.149,25.583,1.572,24.546,17.105,NORMAL,0.0,1.0,1.0,1.0,1.0,0.0,0.0,0.0,0.0
108.0,CLIMB,81.0,57.65,4900.0,20.2,84.882,1.008,6279.97,79.81,607.58,5.289,61.04,20.24,25.62,1.589,24.6,17.15,6281.19,79.46,606.23,5.241,61.35,20.125,25.54,1.611,24.579,17.295,NORMAL,0.0,1.0,1.0,1.0,1.0,0.0,0.0,0.0,0.0
108.1,CLIMB,80.99,57.64,4907.08,20.19,84.86,1.0078,6279.5,79.81,607.56,5.289,61.03,20.239,25.62,1.589,24.6,17.149,6271.93,80.27,607.9,5.297,60.95,20.328,25.596,1.566,24.531,17.201,NORMAL,0.0,1.0,1.0,1.0,1.0,0.0,0.0,0.0,0.0
108.2,CLIMB,80.98,57.64,4914.17,20.17,84.838,1.0076,6279.03,79.81,607.54,5.289,61.02,20.237,25.62,1.589,24.6,17.148,6278.37,79.66,607.83,5.376,60.89,20.157,25.676,1.603,24.643,17.341,NORMAL,0.0,1.0,1.0,1.0,1.0,0.0,0.0,0.0,0.0
108.3,CLIMB,80.98,57.63,4921.25,20.16,84.817,1.0074,6278.56,79.81,607.53,5.288,61.01,20.236,25.62,1.589,24.6,17.146,6278.05,79.47,607.23,5.261,60.71,20.147,25.737,1.586,24.595,17.144,NORMAL,0.0,1.0,1.0,1.0,1.0,0.0,0.0,0.0,0.0
108.4,CLIMB,80.97,57.63,4928.33,20.14,84.795,1.0072,6278.09,79.81,607.51,5.288,61.0,20.235,25.619,1.589,24.6,17.145,6280.63,80.7,608.15,5.311,60.97,19.994,25.638,1.575,24.61,17.198,NORMAL,0.0,1.0,1.0,1.0,1.0,0.0,0.0,0.0,0.0
108.5,CLIMB,80.96,57.62,4935.42,20.13,84.773,1.007,6277.62,79.81,607.5,5.288,60.99,20.233,25.619,1.589,24.6,17.144,6275.2,79.22,606.07,5.273,61.87,20.155,25.621,1.667,24.697,17.11,NORMAL,0.0,1.0,1.0,1.0,1.0,0.0,0.0,0.0,0.0
108.6,CLIMB,80.95,57.62,4942.5,20.12,84.752,1.0068,6277.16,79.81,607.48,5.288,60.97,20.232,25.619,1.589,24.6,17.143,6280.52,80.01,608.85,5.27,60.25,20.202,25.703,1.581,24.628,17.114,NORMAL,0.0,1.0,1.0,1.0,1.0,0.0,0.0,0.0,0.0
108.7,CLIMB,80.94,57.61,4949.58,20.1,84.73,1.0066,6276.69,79.81,607.47,5.288,60.96,20.231,25.619,1.589,24.6,17.141,6268.93,80.84,605.06,5.255,60.84,20.012,25.58,1.55,24.55,17.022,NORMAL,0.0,1.0,1.0,1.0,1.0,0.0,0.0,0.0,0.0
108.8,CLIMB,80.93,57.61,4956.67,20.09,84.708,1.0064,6276.22,79.81,607.45,5.288,60.95,20.229,25.619,1.588,24.6,17.14,6277.48,80.51,606.52,5.298,60.76,20.24,25.689,1.611,24.601,17.152,NORMAL,0.0,1.0,1.0,1.0,1.0,0.0,0.0,0.0,0.0
108.9,CLIMB,80.93,57.6,4963.75,20.07,84.687,1.0061,6275.75,79.81,607.44,5.287,60.94,20.228,25.619,1.588,24.6,17.139,6273.62,79.64,608.81,5.3,61.35,20.083,25.664,1.53,24.582,17.185,NORMAL,0.0,1.0,1.0,1.0,1.0,0.0,0.0,0.0,0.0
109.0,CLIMB,80.92,57.6,4970.83,20.06,84.665,1.0059,6275.28,79.8,607.42,5.287,60.93,20.226,25.618,1.588,24.6,17.138,6276.26,80.36,605.58,5.255,60.86,20.239,25.654,1.58,24.606,17.217,NORMAL,0.0,1.0,1.0,1.0,1.0,0.0,0.0,0.0,0.0
109.1,CLIMB,80.91,57.59,4977.92,20.04,84.643,1.0057,6274.81,79.8,607.41,5.287,60.92,20.225,25.618,1.588,24.6,17.136,6274.62,79.99,606.81,5.313,60.97,20.255,25.597,1.551,24.613,17.14,NORMAL,0.0,1.0,1.0,1.0,1.0,0.0,0.0,0.0,0.0
109.2,CLIMB,80.9,57.59,4985.0,20.03,84.622,1.0055,6274.34,79.8,607.39,5.287,60.91,20.224,25.618,1.588,24.6,17.135,6273.16,79.61,606.76,5.278,60.82,20.191,25.624,1.628,24.61,16.985,NORMAL,0.0,1.0,1.0,1.0,1.0,0.0,0.0,0.0,0.0
109.3,CLIMB,80.89,57.58,4992.08,20.02,84.6,1.0053,6273.88,79.8,607.37,5.287,60.9,20.222,25.618,1.588,24.6,17.134,6271.95,80.67,608.88,5.273,61.09,20.486,25.538,1.567,24.586,17.153,NORMAL,0.0,1.0,1.0,1.0,1.0,0.0,0.0,0.0,0.0
109.4,CLIMB,80.88,57.57,4999.17,20.0,84.578,1.0051,6273.41,79.8,607.36,5.287,60.89,20.221,25.618,1.588,24.6,17.133,6265.45,80.09,605.47,5.3,61.29,20.166,25.723,1.557,24.591,17.269,NORMAL,0.0,1.0,1.0,1.0,1.0,0.0,0.0,0.0,0.0
109.5,CLIMB,80.88,57.57,5006.25,19.99,84.557,1.0049,6272.94,79.8,607.34,5.286,60.88,20.22,25.618,1.588,24.6,17.131,6273.37,78.85,611.16,5.268,60.79,20.304,25.533,1.602,24.568,17.23,NORMAL,0.0,1.0,1.0,1.0,1.0,0.0,0.0,0.0,0.0
109.6,CLIMB,80.87,57.56,5013.33,19.97,84.535,1.0047,6272.47,79.8,607.33,5.286,60.87,20.218,25.617,1.588,24.6,17.13,6267.29,79.48,608.47,5.284,60.78,20.314,25.74,1.55,24.581,17.3,NORMAL,0.0,1.0,1.0,1.0,1.0,0.0,0.0,0.0,0.0
109.7,CLIMB,80.86,57.56,5020.42,19.96,84.513,1.0045,6272.0,79.8,607.31,5.286,60.85,20.217,25.617,1.588,24.6,17.129,6272.44,79.91,608.69,5.301,60.65,20.15,25.646,1.588,24.623,16.925,NORMAL,0.0,1.0,1.0,1.0,1.0,0.0,0.0,0.0,0.0
109.8,CLIMB,80.85,57.55,5027.5,19.95,84.492,1.0043,6271.53,79.8,607.3,5.286,60.84,20.215,25.617,1.588,24.6,17.128,6275.21,79.93,605.66,5.298,61.16,20.249,25.601,1.654,24.54,17.138,NORMAL,0.0,1.0,1.0,1.0,1.0,0.0,0.0,0.0,0.0
109.9,CLIMB,80.84,57.55,5034.58,19.93,84.47,1.0041,6271.06,79.8,607.28,5.286,60.83,20.214,25.617,1.587,24.6,17.126,6284.24,79.16,607.65,5.334,60.62,20.034,25.61,1.608,24.514,17.216,NORMAL,0.0,1.0,1.0,1.0,1.0,0.0,0.0,0.0,0.0
110.0,CLIMB,80.83,57.54,5041.67,19.92,84.448,1.0038,6270.6,79.8,607.27,5.286,60.82,20.213,25.617,1.587,24.6,17.125,6268.03,80.0,609.0,5.257,61.26,20.132,25.659,1.569,24.723,17.014,NORMAL,0.0,1.0,1.0,1.0,1.0,0.0,0.0,0.0,0.0
110.1,CLIMB,80.83,57.54,5048.75,19.9,84.427,1.0036,6270.13,79.8,607.25,5.285,60.81,20.211,25.617,1.587,24.6,17.124,6280.55,79.75,605.09,5.28,60.27,20.378,25.529,1.562,24.53,17.249,NORMAL,0.0,1.0,1.0,1.0,1.0,0.0,0.0,0.0,0.0
110.2,CLIMB,80.82,57.53,5055.83,19.89,84.405,1.0034,6269.66,79.8,607.24,5.285,60.8,20.21,25.616,1.587,24.6,17.123,6267.32,79.63,606.01,5.273,61.17,20.144,25.622,1.548,24.54,17.036,NORMAL,0.0,1.0,1.0,1.0,1.0,0.0,0.0,0.0,0.0
110.3,CLIMB,80.81,57.53,5062.92,19.87,84.384,1.0032,6269.19,79.8,607.22,5.285,60.79,20.209,25.616,1.587,24.6,17.121,6271.62,79.1,604.85,5.26,60.75,20.091,25.574,1.635,24.625,17.055,NORMAL,0.0,1.0,1.0,1.0,1.0,0.0,0.0,0.0,0.0
110.4,CLIMB,80.8,57.52,5070.0,19.86,84.362,1.003,6268.72,79.8,607.2,5.285,60.78,20.207,25.616,1.587,24.6,17.12,6272.77,79.4,606.99,5.287,60.92,20.125,25.628,1.592,24.611,17.187,NORMAL,0.0,1.0,1.0,1.0,1.0,0.0,0.0,0.0,0.0
110.5,CLIMB,80.79,57.51,5077.08,19.85,84.34,1.0028,6268.25,79.8,607.19,5.285,60.77,20.206,25.616,1.587,24.6,17.119,6271.33,79.79,608.48,5.294,60.7,20.377,25.589,1.66,24.51,17.075,NORMAL,0.0,1.0,1.0,1.0,1.0,0.0,0.0,0.0,0.0
110.6,CLIMB,80.78,57.51,5084.17,19.83,84.319,1.0026,6267.79,79.79,607.17,5.285,60.76,20.204,25.616,1.587,24.6,17.118,6266.78,80.72,607.31,5.3,60.68,20.309,25.619,1.636,24.486,16.988,NORMAL,0.0,1.0,1.0,1.0,1.0,0.0,0.0,0.0,0.0
110.7,CLIMB,80.78,57.5,5091.25,19.82,84.297,1.0024,6267.32,79.79,607.16,5.285,60.74,20.203,25.616,1.587,24.6,17.116,6266.36,79.84,605.76,5.285,60.77,20.248,25.659,1.546,24.597,17.131,NORMAL,0.0,1.0,1.0,1.0,1.0,0.0,0.0,0.0,0.0
110.8,CLIMB,80.77,57.5,5098.33,19.8,84.276,1.0022,6266.85,79.79,607.14,5.284,60.73,20.202,25.615,1.587,24.6,17.115,6272.4,80.15,606.36,5.291,60.52,20.178,25.537,1.67,24.712,17.11,NORMAL,0.0,1.0,1.0,1.0,1.0,0.0,0.0,0.0,0.0
110.9,CLIMB,80.76,57.49,5105.42,19.79,84.254,1.002,6266.38,79.79,607.13,5.284,60.72,20.2,25.615,1.587,24.6,17.114,6259.44,79.84,607.35,5.301,61.18,20.294,25.649,1.555,24.608,17.092,NORMAL,0.0,1.0,1.0,1.0,1.0,0.0,0.0,0.0,0.0
111.0,CLIMB,80.75,57.49,5112.5,19.78,84.233,1.0018,6265.91,79.79,607.11,5.284,60.71,20.199,25.615,1.586,24.6,17.113,6274.13,80.23,606.59,5.294,60.98,20.216,25.579,1.659,24.66,17.054,NORMAL,0.0,1.0,1.0,1.0,1.0,0.0,0.0,0.0,0.0
111.1,CLIMB,80.74,57.48,5119.58,19.76,84.211,1.0016,6265.45,79.79,607.1,5.284,60.7,20.198,25.615,1.586,24.6,17.111,6260.93,79.43,606.41,5.263,60.31,20.167,25.61,1.534,24.612,17.13,NORMAL,0.0,1.0,1.0,1.0,1.0,0.0,0.0,0.0,0.0
111.2,CLIMB,80.73,57.48,5126.67,19.75,84.189,1.0013,6264.98,79.79,607.08,5.284,60.69,20.196,25.615,1.586,24.6,17.11,6267.51,80.25,606.24,5.285,60.51,20.211,25.638,1.65,24.701,17.03,NORMAL,0.0,1.0,1.0,1.0,1.0,0.0,0.0,0.0,0.0
111.3,CLIMB,80.73,57.47,5133.75,19.73,84.168,1.0011,6264.51,79.79,607.07,5.284,60.68,20.195,25.615,1.586,24.6,17.109,6268.93,80.1,605.53,5.306,60.74,20.228,25.643,1.561,24.675,17.07,NORMAL,0.0,1.0,1.0,1.0,1.0,0.0,0.0,0.0,0.0
111.4,CLIMB,80.72,57.47,5140.83,19.72,84.146,1.0009,6264.04,79.79,607.05,5.283,60.67,20.193,25.614,1.586,24.6,17.108,6263.28,79.27,608.04,5.301,60.74,20.259,25.679,1.577,24.558,17.087,NORMAL,0.0,1.0,1.0,1.0,1.0,0.0,0.0,0.0,0.0
111.5,CLIMB,80.71,57.46,5147.92,19.7,84.125,1.0007,6263.57,79.79,607.04,5.283,60.66,20.192,25.614,1.586,24.6,17.106,6252.97,80.53,603.76,5.319,60.57,20.172,25.602,1.551,24.597,17.156,NORMAL,0.0,1.0,1.0,1.0,1.0,0.0,0.0,0.0,0.0
111.6,CLIMB,80.7,57.46,5155.0,19.69,84.103,1.0005,6263.11,79.79,607.02,5.283,60.65,20.191,25.614,1.586,24.6,17.105,6257.83,79.97,609.41,5.352,60.67,20.227,25.721,1.622,24.658,17.137,NORMAL,0.0,1.0,1.0,1.0,1.0,0.0,0.0,0.0,0.0
111.7,CLIMB,80.69,57.45,5162.08,19.68,84.082,1.0003,6262.64,79.79,607.0,5.283,60.63,20.189,25.614,1.586,24.6,17.104,6267.18,79.42,609.28,5.259,60.42,20.137,25.643,1.497,24.639,17.139,NORMAL,0.0,1.0,1.0,1.0,1.0,0.0,0.0,0.0,0.0
111.8,CLIMB,80.68,57.44,5169.17,19.66,84.06,1.0001,6262.17,79.79,606.99,5.283,60.62,20.188,25.614,1.586,24.6,17.103,6255.7,80.23,607.04,5.282,60.43,20.157,25.564,1.641,24.677,17.226,NORMAL,0.0,1.0,1.0,1.0,1.0,0.0,0.0,0.0,0.0
111.9,CLIMB,80.68,57.44,5176.25,19.65,84.039,0.9999,6261.7,79.79,606.97,5.283,60.61,20.187,25.614,1.586,24.6,17.101,6256.67,80.09,607.78,5.263,61.38,20.099,25.684,1.654,24.614,17.325,NORMAL,0.0,1.0,1.0,1.0,1.0,0.0,0.0,0.0,0.0
112.0,CLIMB,80.67,57.43,5183.33,19.63,84.017,0.9997,6261.23,79.79,606.96,5.282,60.6,20.185,25.613,1.586,24.6,17.1,6268.41,79.67,607.81,5.259,60.58,20.093,25.711,1.574,24.548,17.206,NORMAL,0.0,1.0,1.0,1.0,1.0,0.0,0.0,0.0,0.0
112.1,CLIMB,80.66,57.43,5190.42,19.62,83.996,0.9995,6260.77,79.78,606.94,5.282,60.59,20.184,25.613,1.585,24.6,17.099,6261.93,79.67,606.4,5.323,60.46,20.283,25.652,1.597,24.602,17.301,NORMAL,0.0,1.0,1.0,1.0,1.0,0.0,0.0,0.0,0.0
112.2,CLIMB,80.65,57.42,5197.5,19.61,83.974,0.9993,6260.3,79.78,606.93,5.282,60.58,20.182,25.613,1.585,24.6,17.098,6259.47,79.63,609.0,5.265,60.82,20.014,25.678,1.626,24.619,17.162,NORMAL,0.0,1.0,1.0,1.0,1.0,0.0,0.0,0.0,0.0
112.3,CLIMB,80.64,57.42,5204.58,19.59,83.953,0.9991,6259.83,79.78,606.91,5.282,60.57,20.181,25.613,1.585,24.6,17.096,6268.13,79.65,609.5,5.354,60.27,20.199,25.619,1.517,24.564,17.264,NORMAL,0.0,1.0,1.0,1.0,1.0,0.0,0.0,0.0,0.0
112.4,CLIMB,80.63,57.41,5211.67,19.58,83.931,0.9989,6259.36,79.78,606.9,5.282,60.56,20.18,25.613,1.585,24.6,17.095,6265.58,80.27,606.14,5.229,60.75,20.203,25.685,1.539,24.59,17.033,NORMAL,0.0,1.0,1.0,1.0,1.0,0.0,0.0,0.0,0.0
112.5,CLIMB,80.63,57.41,5218.75,19.56,83.91,0.9987,6258.9,79.78,606.88,5.282,60.55,20.178,25.613,1.585,24.6,17.094,6257.07,80.34,606.69,5.275,60.76,20.066,25.669,1.594,24.581,17.148,NORMAL,0.0,1.0,1.0,1.0,1.0,0.0,0.0,0.0,0.0
112.6,CLIMB,80.62,57.4,5225.83,19.55,83.888,0.9984,6258.43,79.78,606.87,5.281,60.53,20.177,25.612,1.585,24.6,17.093,6255.88,79.15,608.04,5.256,61.15,20.232,25.588,1.56,24.641,16.97,NORMAL,0.0,1.0,1.0,1.0,1.0,0.0,0.0,0.0,0.0
112.7,CLIMB,80.61,57.4,5232.92,19.53,83.867,0.9982,6257.96,79.78,606.85,5.281,60.52,20.176,25.612,1.585,24.6,17.091,6255.25,80.38,603.3,5.292,60.04,20.233,25.574,1.639,24.557,17.108,NORMAL,0.0,1.0,1.0,1.0,1.0,0.0,0.0,0.0,0.0
112.8,CLIMB,80.6,57.39,5240.0,19.52,83.845,0.998,6257.49,79.78,606.84,5.281,60.51,20.174,25.612,1.585,24.6,17.09,6249.79,80.0,605.6,5.285,60.08,20.286,25.725,1.459,24.589,17.01,NORMAL,0.0,1.0,1.0,1.0,1.0,0.0,0.0,0.0,0.0
112.9,CLIMB,80.59,57.38,5247.08,19.51,83.824,0.9978,6257.02,79.78,606.82,5.281,60.5,20.173,25.612,1.585,24.6,17.089,6252.69,79.74,607.33,5.292,60.17,20.308,25.514,1.542,24.603,17.087,NORMAL,0.0,1.0,1.0,1.0,1.0,0.0,0.0,0.0,0.0
113.0,CLIMB,80.58,57.38,5254.17,19.49,83.802,0.9976,6256.56,79.78,606.8,5.281,60.49,20.171,25.612,1.585,24.6,17.088,6257.38,78.82,609.14,5.233,60.85,20.142,25.561,1.559,24.626,17.128,NORMAL,0.0,1.0,1.0,1.0,1.0,0.0,0.0,0.0,0.0
113.1,CLIMB,80.58,57.37,5261.25,19.48,83.781,0.9974,6256.09,79.78,606.79,5.281,60.48,20.17,25.612,1.585,24.6,17.086,6259.49,79.76,605.69,5.253,60.66,20.053,25.577,1.489,24.587,17.178,NORMAL,0.0,1.0,1.0,1.0,1.0,0.0,0.0,0.0,0.0
113.2,CLIMB,80.57,57.37,5268.33,19.46,83.76,0.9972,6255.62,79.78,606.77,5.281,60.47,20.169,25.611,1.585,24.6,17.085,6246.34,79.89,604.66,5.275,60.34,20.226,25.674,1.667,24.571,17.039,NORMAL,0.0,1.0,1.0,1.0,1.0,0.0,0.0,0.0,0.0
113.3,CLIMB,80.56,57.36,5275.42,19.45,83.738,0.997,6255.15,79.78,606.76,5.28,60.46,20.167,25.611,1.584,24.6,17.084,6252.8,79.65,608.87,5.261,60.42,20.025,25.566,1.6,24.659,16.903,NORMAL,0.0,1.0,1.0,1.0,1.0,0.0,0.0,0.0,0.0
113.4,CLIMB,80.55,57.36,5282.5,19.44,83.717,0.9968,6254.69,79.78,606.74,5.28,60.45,20.166,25.611,1.584,24.6,17.083,6259.23,79.78,607.3,5.293,60.03,20.136,25.606,1.604,24.679,17.185,NORMAL,0.0,1.0,1.0,1.0,1.0,0.0,0.0,0.0,0.0
113.5,CLIMB,80.54,57.35,5289.58,19.42,83.695,0.9966,6254.22,79.78,606.73,5.28,60.43,20.165,25.611,1.584,24.6,17.081,6253.33,79.94,605.9,5.242,60.58,20.216,25.689,1.673,24.604,16.804,NORMAL,0.0,1.0,1.0,1.0,1.0,0.0,0.0,0.0,0.0
113.6,CLIMB,80.53,57.35,5296.67,19.41,83.674,0.9964,6253.75,79.78,606.71,5.28,60.42,20.163,25.611,1.584,24.6,17.08,6257.02,80.13,606.89,5.255,60.37,20.192,25.638,1.632,24.588,16.967,NORMAL,0.0,1.0,1.0,1.0,1.0,0.0,0.0,0.0,0.0
113.7,CLIMB,80.53,57.34,5303.75,19.39,83.652,0.9962,6253.28,79.77,606.7,5.28,60.41,20.162,25.611,1.584,24.6,17.079,6253.55,79.0,606.51,5.274,60.38,20.111,25.59,1.472,24.583,17.084,NORMAL,0.0,1.0,1.0,1.0,1.0,0.0,0.0,0.0,0.0
113.8,CLIMB,80.52,57.34,5310.83,19.38,83.631,0.996,6252.82,79.77,606.68,5.28,60.4,20.16,25.61,1.584,24.6,17.078,6254.83,79.44,607.37,5.344,59.81,20.22,25.673,1.605,24.618,17.038,NORMAL,0.0,1.0,1.0,1.0,1.0,0.0,0.0,0.0,0.0
113.9,CLIMB,80.51,57.33,5317.92,19.36,83.61,0.9958,6252.35,79.77,606.67,5.279,60.39,20.159,25.61,1.584,24.6,17.076,6250.18,80.03,608.07,5.304,59.87,20.195,25.646,1.513,24.567,17.122,NORMAL,0.0,1.0,1.0,1.0,1.0,0.0,0.0,0.0,0.0
114.0,CLIMB,80.5,57.33,5325.0,19.35,83.588,0.9955,6251.88,79.77,606.65,5.279,60.38,20.158,25.61,1.584,24.6,17.075,6258.14,79.73,606.73,5.264,60.7,20.125,25.614,1.6,24.567,16.999,NORMAL,0.0,1.0,1.0,1.0,1.0,0.0,0.0,0.0,0.0
114.1,CLIMB,80.49,57.32,5332.08,19.34,83.567,0.9953,6251.42,79.77,606.64,5.279,60.37,20.156,25.61,1.584,24.6,17.074,6254.44,78.76,602.8,5.314,60.26,20.103,25.582,1.5,24.571,17.179,NORMAL,0.0,1.0,1.0,1.0,1.0,0.0,0.0,0.0,0.0
114.2,CLIMB,80.48,57.31,5339.17,19.32,83.545,0.9951,6250.95,79.77,606.62,5.279,60.36,20.155,25.61,1.584,24.6,17.073,6250.15,79.88,607.24,5.229,59.91,20.254,25.609,1.6,24.629,17.01,NORMAL,0.0,1.0,1.0,1.0,1.0,0.0,0.0,0.0,0.0
114.3,CLIMB,80.48,57.31,5346.25,19.31,83.524,0.9949,6250.48,79.77,606.61,5.279,60.35,20.153,25.61,1.584,24.6,17.071,6248.34,80.02,605.69,5.278,60.68,20.025,25.584,1.568,24.629,17.14,NORMAL,0.0,1.0,1.0,1.0,1.0,0.0,0.0,0.0,0.0
114.4,CLIMB,80.47,57.3,5353.33,19.29,83.503,0.9947,6250.01,79.77,606.59,5.279,60.33,20.152,25.609,1.583,24.6,17.07,6248.0,79.27,606.6,5.294,60.6,20.288,25.546,1.667,24.731,17.051,NORMAL,0.0,1.0,1.0,1.0,1.0,0.0,0.0,0.0,0.0
114.5,CLIMB,80.46,57.3,5360.42,19.28,83.481,0.9945,6249.55,79.77,606.58,5.278,60.32,20.151,25.609,1.583,24.6,17.069,6253.85,79.79,609.04,5.284,59.93,20.062,25.643,1.655,24.62,16.945,NORMAL,0.0,1.0,1.0,1.0,1.0,0.0,0.0,0.0,0.0
114.6,CLIMB,80.45,57.29,5367.5,19.27,83.46,0.9943,6249.08,79.77,606.56,5.278,60.31,20.149,25.609,1.583,24.6,17.068,6256.69,80.01,607.37,5.328,60.11,20.168,25.54,1.481,24.634,17.22,NORMAL,0.0,1.0,1.0,1.0,1.0,0.0,0.0,0.0,0.0
114.7,CLIMB,80.44,57.29,5374.58,19.25,83.439,0.9941,6248.61,79.77,606.54,5.278,60.3,20.148,25.609,1.583,24.6,17.066,6251.77,79.6,608.18,5.275,60.38,20.124,25.562,1.617,24.611,17.117,NORMAL,0.0,1.0,1.0,1.0,1.0,0.0,0.0,0.0,0.0
114.8,CLIMB,80.43,57.28,5381.67,19.24,83.417,0.9939,6248.15,79.77,606.53,5.278,60.29,20.147,25.609,1.583,24.6,17.065,6247.39,79.43,609.8,5.232,59.85,19.974,25.634,1.548,24.562,17.134,NORMAL,0.0,1.0,1.0,1.0,1.0,0.0,0.0,0.0,0.0
114.9,CLIMB,80.43,57.28,5388.75,19.22,83.396,0.9937,6247.68,79.77,606.51,5.278,60.28,20.145,25.609,1.583,24.6,17.064,6247.18,80.19,605.15,5.214,60.19,20.199,25.642,1.639,24.625,17.12,NORMAL,0.0,1.0,1.0,1.0,1.0,0.0,0.0,0.0,0.0
115.0,CLIMB,80.42,57.27,5395.83,19.21,83.374,0.9935,6247.21,79.77,606.5,5.278,60.27,20.144,25.608,1.583,24.6,17.063,6249.2,79.52,607.52,5.264,60.28,20.108,25.612,1.597,24.559,16.931,NORMAL,0.0,1.0,1.0,1.0,1.0,0.0,0.0,0.0,0.0
115.1,CLIMB,80.41,57.27,5402.92,19.19,83.353,0.9933,6246.74,79.77,606.48,5.278,60.26,20.142,25.608,1.583,24.6,17.061,6242.06,80.32,606.96,5.215,60.3,20.152,25.556,1.532,24.592,17.015,NORMAL,0.0,1.0,1.0,1.0,1.0,0.0,0.0,0.0,0.0
115.2,CLIMB,80.4,57.26,5410.0,19.18,83.332,0.9931,6246.28,79.76,606.47,5.277,60.24,20.141,25.608,1.583,24.6,17.06,6239.77,80.47,608.64,5.273,60.9,20.079,25.596,1.552,24.648,17.079,NORMAL,0.0,1.0,1.0,1.0,1.0,0.0,0.0,0.0,0.0
115.3,CLIMB,80.39,57.25,5417.08,19.17,83.31,0.9929,6245.81,79.76,606.45,5.277,60.23,20.14,25.608,1.583,24.6,17.059,6241.43,80.36,606.59,5.243,60.25,20.256,25.494,1.577,24.625,16.994,NORMAL,0.0,1.0,1.0,1.0,1.0,0.0,0.0,0.0,0.0
115.4,CLIMB,80.38,57.25,5424.17,19.15,83.289,0.9927,6245.34,79.76,606.44,5.277,60.22,20.138,25.608,1.583,24.6,17.058,6241.3,80.01,609.17,5.282,60.45,20.114,25.601,1.569,24.549,17.094,NORMAL,0.0,1.0,1.0,1.0,1.0,0.0,0.0,0.0,0.0
115.5,CLIMB,80.38,57.24,5431.25,19.14,83.268,0.9925,6244.88,79.76,606.42,5.277,60.21,20.137,25.608,1.582,24.6,17.056,6238.56,80.66,606.74,5.275,60.13,20.032,25.542,1.55,24.686,16.927,NORMAL,0.0,1.0,1.0,1.0,1.0,0.0,0.0,0.0,0.0
115.6,CLIMB,80.37,57.24,5438.33,19.12,83.247,0.9922,6244.41,79.76,606.41,5.277,60.2,20.136,25.607,1.582,24.6,17.055,6244.76,79.76,604.35,5.249,60.01,20.166,25.607,1.503,24.585,17.137,NORMAL,0.0,1.0,1.0,1.0,1.0,0.0,0.0,0.0,0.0
115.7,CLIMB,80.36,57.23,5445.42,19.11,83.225,0.992,6243.94,79.76,606.39,5.277,60.19,20.134,25.607,1.582,24.6,17.054,6243.39,80.05,607.77,5.275,59.85,20.048,25.523,1.56,24.655,16.937,NORMAL,0.0,1.0,1.0,1.0,1.0,0.0,0.0,0.0,0.0
115.8,CLIMB,80.35,57.23,5452.5,19.1,83.204,0.9918,6243.48,79.76,606.38,5.276,60.18,20.133,25.607,1.582,24.6,17.053,6239.93,79.9,606.79,5.239,60.24,20.015,25.622,1.642,24.554,16.994,NORMAL,0.0,1.0,1.0,1.0,1.0,0.0,0.0,0.0,0.0
115.9,CLIMB,80.34,57.22,5459.58,19.08,83.183,0.9916,6243.01,79.76,606.36,5.276,60.17,20.131,25.607,1.582,24.6,17.051,6237.43,79.9,607.1,5.251,60.32,20.197,25.635,1.518,24.563,17.19,NORMAL,0.0,1.0,1.0,1.0,1.0,0.0,0.0,0.0,0.0
116.0,CLIMB,80.33,57.22,5466.67,19.07,83.161,0.9914,6242.54,79.76,606.35,5.276,60.15,20.13,25.607,1.582,24.6,17.05,6246.21,79.91,606.27,5.254,60.2,20.165,25.546,1.6,24.513,17.142,NORMAL,0.0,1.0,1.0,1.0,1.0,0.0,0.0,0.0,0.0
116.1,CLIMB,80.33,57.21,5473.75,19.05,83.14,0.9912,6242.08,79.76,606.33,5.276,60.14,20.129,25.607,1.582,24.6,17.049,6252.36,79.98,607.01,5.289,60.34,20.177,25.658,1.459,24.651,17.158,NORMAL,0.0,1.0,1.0,1.0,1.0,0.0,0.0,0.0,0.0
116.2,CLIMB,80.32,57.21,5480.83,19.04,83.119,0.991,6241.61,79.76,606.32,5.276,60.13,20.127,25.606,1.582,24.6,17.048,6242.51,79.5,605.73,5.273,60.27,20.126,25.65,1.597,24.637,17.156,NORMAL,0.0,1.0,1.0,1.0,1.0,0.0,0.0,0.0,0.0
116.3,CLIMB,80.31,57.2,5487.92,19.02,83.098,0.9908,6241.14,79.76,606.3,5.276,60.12,20.126,25.606,1.582,24.6,17.046,6251.87,80.89,608.61,5.283,60.52,20.219,25.591,1.569,24.579,16.896,NORMAL,0.0,1.0,1.0,1.0,1.0,0.0,0.0,0.0,0.0
116.4,CLIMB,80.3,57.2,5495.0,19.01,83.076,0.9906,6240.68,79.76,606.29,5.276,60.11,20.124,25.606,1.582,24.6,17.045,6236.13,79.06,605.03,5.255,60.39,20.117,25.618,1.617,24.589,17.153,NORMAL,0.0,1.0,1.0,1.0,1.0,0.0,0.0,0.0,0.0
116.5,CLIMB,80.29,57.19,5502.08,19.0,83.055,0.9904,6240.21,79.76,606.27,5.275,60.1,20.123,25.606,1.582,24.6,17.044,6245.39,79.37,605.26,5.274,59.52,20.096,25.673,1.542,24.647,16.945,NORMAL,0.0,1.0,1.0,1.0,1.0,0.0,0.0,0.0,0.0
116.6,CLIMB,80.28,57.18,5509.17,18.98,83.034,0.9902,6239.74,79.76,606.25,5.275,60.09,20.122,25.606,1.581,24.6,17.043,6235.58,79.57,605.79,5.328,59.92,20.206,25.666,1.61,24.545,17.056,NORMAL,0.0,1.0,1.0,1.0,1.0,0.0,0.0,0.0,0.0
116.7,CLIMB,80.28,57.18,5516.25,18.97,83.012,0.99,6239.28,79.75,606.24,5.275,60.08,20.12,25.606,1.581,24.6,17.041,6251.03,79.19,608.2,5.243,60.01,19.997,25.622,1.507,24.626,17.021,NORMAL,0.0,1.0,1.0,1.0,1.0,0.0,0.0,0.0,0.0
116.8,CLIMB,80.27,57.17,5523.33,18.95,82.991,0.9898,6238.81,79.75,606.22,5.275,60.06,20.119,25.605,1.581,24.6,17.04,6244.63,79.99,607.26,5.214,59.88,20.227,25.635,1.546,24.505,17.011,NORMAL,0.0,1.0,1.0,1.0,1.0,0.0,0.0,0.0,0.0
116.9,CLIMB,80.26,57.17,5530.42,18.94,82.97,0.9896,6238.34,79.75,606.21,5.275,60.05,20.118,25.605,1.581,24.6,17.039,6237.44,79.37,605.26,5.294,60.27,20.123,25.594,1.621,24.6,16.934,NORMAL,0.0,1.0,1.0,1.0,1.0,0.0,0.0,0.0,0.0
117.0,CLIMB,80.25,57.16,5537.5,18.93,82.949,0.9894,6237.88,79.75,606.19,5.275,60.04,20.116,25.605,1.581,24.6,17.038,6229.66,79.38,606.73,5.252,60.06,20.25,25.593,1.607,24.637,16.951,NORMAL,0.0,1.0,1.0,1.0,1.0,0.0,0.0,0.0,0.0
117.1,CLIMB,80.24,57.16,5544.58,18.91,82.928,0.9892,6237.41,79.75,606.18,5.274,60.03,20.115,25.605,1.581,24.6,17.036,6234.26,80.32,607.26,5.292,60.29,20.06,25.621,1.65,24.548,17.098,NORMAL,0.0,1.0,1.0,1.0,1.0,0.0,0.0,0.0,0.0
117.2,CLIMB,80.23,57.15,5551.67,18.9,82.906,0.989,6236.94,79.75,606.16,5.274,60.02,20.113,25.605,1.581,24.6,17.035,6234.71,79.4,606.92,5.297,59.72,20.099,25.562,1.549,24.655,17.277,NORMAL,0.0,1.0,1.0,1.0,1.0,0.0,0.0,0.0,0.0
117.3,CLIMB,80.23,57.15,5558.75,18.88,82.885,0.9888,6236.48,79.75,606.15,5.274,60.01,20.112,25.605,1.581,24.6,17.034,6235.76,80.26,607.48,5.304,59.56,20.126,25.549,1.585,24.539,17.014,NORMAL,0.0,1.0,1.0,1.0,1.0,0.0,0.0,0.0,0.0
117.4,CLIMB,80.22,57.14,5565.83,18.87,82.864,0.9885,6236.01,79.75,606.13,5.274,60.0,20.111,25.604,1.581,24.6,17.033,6237.12,80.16,606.5,5.302,59.83,20.027,25.606,1.595,24.649,17.084,NORMAL,0.0,1.0,1.0,1.0,1.0,0.0,0.0,0.0,0.0
117.5,CLIMB,80.21,57.14,5572.92,18.85,82.843,0.9883,6235.54,79.75,606.12,5.274,59.98,20.109,25.604,1.581,24.6,17.031,6235.55,80.17,605.85,5.232,59.59,20.134,25.649,1.54,24.553,17.111,NORMAL,0.0,1.0,1.0,1.0,1.0,0.0,0.0,0.0,0.0
117.6,CLIMB,80.2,57.13,5580.0,18.84,82.821,0.9881,6235.08,79.75,606.1,5.274,59.97,20.108,25.604,1.581,24.6,17.03,6239.31,80.0,604.16,5.283,59.68,20.232,25.655,1.605,24.576,16.751,NORMAL,0.0,1.0,1.0,1.0,1.0,0.0,0.0,0.0,0.0
117.7,CLIMB,80.19,57.12,5587.08,18.83,82.8,0.9879,6234.61,79.75,606.09,5.273,59.96,20.107,25.604,1.58,24.6,17.029,6237.08,79.8,604.89,5.29,60.42,20.067,25.599,1.507,24.598,17.054,NORMAL,0.0,1.0,1.0,1.0,1.0,0.0,0.0,0.0,0.0
117.8,CLIMB,80.18,57.12,5594.17,18.81,82.779,0.9877,6234.15,79.75,606.07,5.273,59.95,20.105,25.604,1.58,24.6,17.028,6234.0,79.18,607.69,5.227,59.91,20.012,25.561,1.531,24.682,16.983,NORMAL,0.0,1.0,1.0,1.0,1.0,0.0,0.0,0.0,0.0
117.9,CLIMB,80.18,57.11,5601.25,18.8,82.758,0.9875,6233.68,79.75,606.06,5.273,59.94,20.104,25.604,1.58,24.6,17.026,6230.91,79.96,605.49,5.217,59.85,19.889,25.585,1.607,24.562,16.959,NORMAL,0.0,1.0,1.0,1.0,1.0,0.0,0.0,0.0,0.0
118.0,CLIMB,80.17,57.11,5608.33,18.78,82.737,0.9873,6233.21,79.75,606.04,5.273,59.93,20.102,25.603,1.58,24.6,17.025,6231.94,79.99,604.64,5.255,60.05,20.009,25.609,1.575,24.649,17.074,NORMAL,0.0,1.0,1.0,1.0,1.0,0.0,0.0,0.0,0.0
118.1,CLIMB,80.16,57.1,5615.42,18.77,82.716,0.9871,6232.75,79.75,606.03,5.273,59.92,20.101,25.603,1.58,24.6,17.024,6231.94,79.23,605.06,5.233,59.66,20.383,25.659,1.615,24.545,17.074,NORMAL,0.0,1.0,1.0,1.0,1.0,0.0,0.0,0.0,0.0
118.2,CLIMB,80.15,57.1,5622.5,18.76,82.694,0.9869,6232.28,79.74,606.01,5.273,59.9,20.1,25.603,1.58,24.6,17.023,6234.22,79.49,608.26,5.254,59.62,20.244,25.543,1.619,24.497,17.129,NORMAL,0.0,1.0,1.0,1.0,1.0,0.0,0.0,0.0,0.0
118.3,CLIMB,80.14,57.09,5629.58,18.74,82.673,0.9867,6231.81,79.74,606.0,5.273,59.89,20.098,25.603,1.58,24.6,17.021,6222.04,79.97,604.75,5.241,60.17,20.153,25.623,1.573,24.591,17.056,NORMAL,0.0,1.0,1.0,1.0,1.0,0.0,0.0,0.0,0.0
118.4,CLIMB,80.13,57.09,5636.67,18.73,82.652,0.9865,6231.35,79.74,605.98,5.272,59.88,20.097,25.603,1.58,24.6,17.02,6223.6,79.57,604.02,5.312,59.94,20.257,25.655,1.537,24.614,17.07,NORMAL,0.0,1.0,1.0,1.0,1.0,0.0,0.0,0.0,0.0
118.5,CLIMB,80.13,57.08,5643.75,18.71,82.631,0.9863,6230.88,79.74,605.96,5.272,59.87,20.095,25.603,1.58,24.6,17.019,6218.91,79.96,606.9,5.298,60.36,20.122,25.682,1.593,24.535,17.035,NORMAL,0.0,1.0,1.0,1.0,1.0,0.0,0.0,0.0,0.0
118.6,CLIMB,80.12,57.08,5650.83,18.7,82.61,0.9861,6230.42,79.74,605.95,5.272,59.86,20.094,25.602,1.58,24.6,17.018,6229.1,79.19,605.54,5.311,59.5,20.08,25.635,1.626,24.649,17.226,NORMAL,0.0,1.0,1.0,1.0,1.0,0.0,0.0,0.0,0.0
118.7,CLIMB,80.11,57.07,5657.92,18.68,82.589,0.9859,6229.95,79.74,605.93,5.272,59.85,20.093,25.602,1.58,24.6,17.016,6232.52,80.28,605.33,5.295,59.62,19.997,25.572,1.645,24.575,16.935,NORMAL,0.0,1.0,1.0,1.0,1.0,0.0,0.0,0.0,0.0
118.8,CLIMB,80.1,57.07,5665.0,18.67,82.567,0.9857,6229.48,79.74,605.92,5.272,59.84,20.091,25.602,1.579,24.6,17.015,6227.24,79.21,607.6,5.281,59.87,20.079,25.66,1.534,24.649,16.917,NORMAL,0.0,1.0,1.0,1.0,1.0,0.0,0.0,0.0,0.0
118.9,CLIMB,80.09,57.06,5672.08,18.66,82.546,0.9855,6229.02,79.74,605.9,5.272,59.82,20.09,25.602,1.579,24.6,17.014,6228.04,79.43,607.06,5.275,59.72,20.126,25.474,1.593,24.55,17.035,NORMAL,0.0,1.0,1.0,1.0,1.0,0.0,0.0,0.0,0.0
119.0,CLIMB,80.08,57.05,5679.17,18.64,82.525,0.9853,6228.55,79.74,605.89,5.271,59.81,20.089,25.602,1.579,24.6,17.013,6234.69,79.22,604.72,5.21,60.31,19.789,25.606,1.583,24.502,16.904,NORMAL,0.0,1.0,1.0,1.0,1.0,0.0,0.0,0.0,0.0
119.1,CLIMB,80.08,57.05,5686.25,18.63,82.504,0.9851,6228.09,79.74,605.87,5.271,59.8,20.087,25.602,1.579,24.6,17.011,6230.61,80.74,606.65,5.289,59.93,20.111,25.576,1.627,24.596,17.037,NORMAL,0.0,1.0,1.0,1.0,1.0,0.0,0.0,0.0,0.0
119.2,CLIMB,80.07,57.04,5693.33,18.61,82.483,0.9849,6227.62,79.74,605.86,5.271,59.79,20.086,25.601,1.579,24.6,17.01,6227.76,79.66,608.32,5.251,60.19,19.967,25.594,1.591,24.579,17.06,NORMAL,0.0,1.0,1.0,1.0,1.0,0.0,0.0,0.0,0.0
119.3,CLIMB,80.06,57.04,5700.42,18.6,82.462,0.9847,6227.15,79.74,605.84,5.271,59.78,20.084,25.601,1.579,24.6,17.009,6223.73,80.28,608.1,5.279,59.97,20.166,25.621,1.531,24.586,17.076,NORMAL,0.0,1.0,1.0,1.0,1.0,0.0,0.0,0.0,0.0
119.4,CLIMB,80.05,57.03,5707.5,18.59,82.441,0.9845,6226.69,79.74,605.83,5.271,59.77,20.083,25.601,1.579,24.6,17.008,6225.66,80.1,605.43,5.272,59.58,20.095,25.584,1.582,24.616,16.892,NORMAL,0.0,1.0,1.0,1.0,1.0,0.0,0.0,0.0,0.0
119.5,CLIMB,80.04,57.03,5714.58,18.57,82.42,0.9843,6226.22,79.74,605.81,5.271,59.76,20.082,25.601,1.579,24.6,17.006,6229.05,79.55,604.07,5.306,59.82,20.23,25.6,1.523,24.556,16.999,NORMAL,0.0,1.0,1.0,1.0,1.0,0.0,0.0,0.0,0.0
119.6,CLIMB,80.03,57.02,5721.67,18.56,82.399,0.984,6225.76,79.74,605.8,5.271,59.74,20.08,25.601,1.579,24.6,17.005,6221.12,80.06,604.49,5.249,59.44,20.173,25.637,1.528,24.561,16.957,NORMAL,0.0,1.0,1.0,1.0,1.0,0.0,0.0,0.0,0.0
119.7,CLIMB,80.03,57.02,5728.75,18.54,82.377,0.9838,6225.29,79.73,605.78,5.27,59.73,20.079,25.601,1.579,24.6,17.004,6226.26,79.13,605.25,5.264,58.91,19.945,25.538,1.543,24.567,17.083,NORMAL,0.0,1.0,1.0,1.0,1.0,0.0,0.0,0.0,0.0
119.8,CLIMB,80.02,57.01,5735.83,18.53,82.356,0.9836,6224.83,79.73,605.77,5.27,59.72,20.077,25.6,1.579,24.6,17.003,6224.14,79.54,603.74,5.266,60.07,20.065,25.604,1.499,24.559,16.946,NORMAL,0.0,1.0,1.0,1.0,1.0,0.0,0.0,0.0,0.0
119.9,CLIMB,80.01,57.01,5742.92,18.51,82.335,0.9834,6224.36,79.73,605.75,5.27,59.71,20.076,25.6,1.578,24.6,17.001,6228.44,78.79,603.55,5.255,59.89,20.027,25.58,1.653,24.583,16.973,NORMAL,0.0,1.0,1.0,1.0,1.0,0.0,0.0,0.0,0.0
120.0,CLIMB,80.0,57.0,5750.0,18.5,82.314,0.9832,6223.89,79.73,605.74,5.27,59.7,20.075,25.6,1.578,24.6,17.0,6225.65,79.57,605.23,5.288,59.9,20.313,25.571,1.56,24.624,17.019,NORMAL,0.0,1.0,1.0,1.0,1.0,0.0,0.0,0.0,0.0
120.1,CLIMB,79.99,56.99,5757.08,18.49,82.293,0.983,6223.43,79.73,605.72,5.27,59.69,20.073,25.6,1.578,24.6,16.999,6224.79,78.92,604.13,5.275,59.37,20.103,25.661,1.598,24.626,17.015,NORMAL,0.0,1.0,1.0,1.0,1.0,0.0,0.0,0.0,0.0
120.2,CLIMB,79.98,56.99,5764.17,18.47,82.272,0.9828,6222.96,79.73,605.71,5.27,59.68,20.072,25.6,1.578,24.6,16.998,6218.4,80.08,604.59,5.321,60.26,20.094,25.59,1.658,24.644,16.991,NORMAL,0.0,1.0,1.0,1.0,1.0,0.0,0.0,0.0,0.0
120.3,CLIMB,79.98,56.98,5771.25,18.46,82.251,0.9826,6222.5,79.73,605.69,5.269,59.66,20.071,25.6,1.578,24.6,16.996,6219.91,79.76,607.11,5.272,59.03,20.008,25.62,1.547,24.667,16.991,NORMAL,0.0,1.0,1.0,1.0,1.0,0.0,0.0,0.0,0.0
120.4,CLIMB,79.97,56.98,5778.33,18.44,82.23,0.9824,6222.03,79.73,605.68,5.269,59.65,20.069,25.599,1.578,24.6,16.995,6215.34,78.98,606.67,5.269,59.63,20.033,25.592,1.639,24.562,17.01,NORMAL,0.0,1.0,1.0,1.0,1.0,0.0,0.0,0.0,0.0
120.5,CLIMB,79.96,56.97,5785.42,18.43,82.209,0.9822,6221.57,79.73,605.66,5.269,59.64,20.068,25.599,1.578,24.6,16.994,6226.28,80.02,605.55,5.261,59.35,19.743,25.574,1.627,24.681,17.018,NORMAL,0.0,1.0,1.0,1.0,1.0,0.0,0.0,0.0,0.0
120.6,CLIMB,79.95,56.97,5792.5,18.42,82.188,0.982,6221.1,79.73,605.65,5.269,59.63,20.066,25.599,1.578,24.6,16.993,6218.61,79.42,604.44,5.256,59.98,20.079,25.623,1.518,24.644,17.09,NORMAL,0.0,1.0,1.0,1.0,1.0,0.0,0.0,0.0,0.0
120.7,CLIMB,79.94,56.96,5799.58,18.4,82.167,0.9818,6220.64,79.73,605.63,5.269,59.62,20.065,25.599,1.578,24.6,16.991,6216.61,80.28,606.87,5.253,59.64,19.995,25.586,1.503,24.647,16.857,NORMAL,0.0,1.0,1.0,1.0,1.0,0.0,0.0,0.0,0.0
120.8,CLIMB,79.93,56.96,5806.67,18.39,82.146,0.9816,6220.17,79.73,605.61,5.269,59.61,20.064,25.599,1.578,24.6,16.99,6231.99,79.35,605.04,5.259,59.73,20.065,25.593,1.571,24.529,16.999,NORMAL,0.0,1.0,1.0,1.0,1.0,0.0,0.0,0.0,0.0
120.9,CLIMB,79.93,56.95,5813.75,18.37,82.125,0.9814,6219.7,79.73,605.6,5.268,59.6,20.062,25.599,1.578,24.6,16.989,6217.18,79.92,605.94,5.226,60.23,19.894,25.542,1.512,24.607,16.946,NORMAL,0.0,1.0,1.0,1.0,1.0,0.0,0.0,0.0,0.0
121.0,CLIMB,79.92,56.95,5820.83,18.36,82.104,0.9812,6219.24,79.73,605.58,5.268,59.58,20.061,25.598,1.577,24.6,16.988,6230.07,79.87,610.03,5.245,59.8,20.161,25.605,1.611,24.622,16.903,NORMAL,0.0,1.0,1.0,1.0,1.0,0.0,0.0,0.0,0.0
121.1,CLIMB,79.91,56.94,5827.92,18.34,82.083,0.981,6218.77,79.73,605.57,5.268,59.57,20.06,25.598,1.577,24.6,16.986,6218.79,80.63,604.98,5.23,59.5,19.946,25.55,1.576,24.601,16.957,NORMAL,0.0,1.0,1.0,1.0,1.0,0.0,0.0,0.0,0.0
121.2,CLIMB,79.9,56.94,5835.0,18.33,82.062,0.9808,6218.31,79.72,605.55,5.268,59.56,20.058,25.598,1.577,24.6,16.985,6221.55,80.22,603.02,5.291,59.29,20.058,25.568,1.494,24.587,16.906,NORMAL,0.0,1.0,1.0,1.0,1.0,0.0,0.0,0.0,0.0
121.3,CLIMB,79.89,56.93,5842.08,18.32,82.041,0.9806,6217.84,79.72,605.54,5.268,59.55,20.057,25.598,1.577,24.6,16.984,6205.97,79.93,604.84,5.241,59.43,20.034,25.581,1.703,24.693,17.035,NORMAL,0.0,1.0,1.0,1.0,1.0,0.0,0.0,0.0,0.0
121.4,CLIMB,79.88,56.92,5849.17,18.3,82.02,0.9804,6217.38,79.72,605.52,5.268,59.54,20.055,25.598,1.577,24.6,16.983,6221.39,80.33,604.09,5.208,59.76,20.124,25.666,1.581,24.574,16.991,NORMAL,0.0,1.0,1.0,1.0,1.0,0.0,0.0,0.0,0.0
121.5,CLIMB,79.88,56.92,5856.25,18.29,81.999,0.9802,6216.91,79.72,605.51,5.268,59.53,20.054,25.598,1.577,24.6,16.981,6216.95,79.54,607.12,5.22,59.43,20.168,25.624,1.656,24.577,17.062,NORMAL,0.0,1.0,1.0,1.0,1.0,0.0,0.0,0.0,0.0
121.6,CLIMB,79.87,56.91,5863.33,18.27,81.978,0.98,6216.45,79.72,605.49,5.267,59.51,20.053,25.597,1.577,24.6,16.98,6216.84,79.86,606.73,5.259,59.56,19.994,25.625,1.608,24.575,17.005,NORMAL,0.0,1.0,1.0,1.0,1.0,0.0,0.0,0.0,0.0
121.7,CLIMB,79.86,56.91,5870.42,18.26,81.957,0.9798,6215.98,79.72,605.48,5.267,59.5,20.051,25.597,1.577,24.6,16.979,6216.68,81.33,608.43,5.238,59.45,20.04,25.656,1.617,24.678,16.918,NORMAL,0.0,1.0,1.0,1.0,1.0,0.0,0.0,0.0,0.0
121.8,CLIMB,79.85,56.9,5877.5,18.25,81.936,0.9796,6215.52,79.72,605.46,5.267,59.49,20.05,25.597,1.577,24.6,16.978,6224.07,79.79,605.33,5.212,59.68,20.069,25.664,1.641,24.547,16.94,NORMAL,0.0,1.0,1.0,1.0,1.0,0.0,0.0,0.0,0.0
121.9,CLIMB,79.84,56.9,5884.58,18.23,81.915,0.9794,6215.05,79.72,605.45,5.267,59.48,20.048,25.597,1.577,24.6,16.976,6215.35,80.9,606.05,5.272,59.54,20.005,25.632,1.68,24.563,17.181,NORMAL,0.0,1.0,1.0,1.0,1.0,0.0,0.0,0.0,0.0
122.0,CLIMB,79.83,56.89,5891.67,18.22,81.894,0.9792,6214.59,79.72,605.43,5.267,59.47,20.047,25.597,1.577,24.6,16.975,6210.56,79.05,604.87,5.294,59.49,19.883,25.605,1.574,24.592,16.997,NORMAL,0.0,1.0,1.0,1.0,1.0,0.0,0.0,0.0,0.0
122.1,CLIMB,79.83,56.89,5898.75,18.2,81.873,0.979,6214.12,79.72,605.42,5.267,59.46,20.046,25.597,1.577,24.6,16.974,6206.24,79.3,607.67,5.276,59.49,20.147,25.633,1.638,24.612,16.914,NORMAL,0.0,1.0,1.0,1.0,1.0,0.0,0.0,0.0,0.0
122.2,CLIMB,79.82,56.88,5905.83,18.19,81.852,0.9788,6213.66,79.72,605.4,5.266,59.45,20.044,25.596,1.576,24.6,16.973,6218.46,79.89,606.34,5.285,59.76,20.083,25.629,1.551,24.568,16.958,NORMAL,0.0,1.0,1.0,1.0,1.0,0.0,0.0,0.0,0.0
122.3,CLIMB,79.81,56.88,5912.92,18.17,81.831,0.9786,6213.19,79.72,605.39,5.266,59.43,20.043,25.596,1.576,24.6,16.971,6211.41,79.15,606.61,5.334,59.27,20.003,25.514,1.616,24.579,16.961,NORMAL,0.0,1.0,1.0,1.0,1.0,0.0,0.0,0.0,0.0
122.4,CLIMB,79.8,56.87,5920.0,18.16,81.81,0.9783,6212.73,79.72,605.37,5.266,59.42,20.041,25.596,1.576,24.6,16.97,6219.35,79.61,602.05,5.298,59.52,20.134,25.539,1.594,24.548,16.737,NORMAL,0.0,1.0,1.0,1.0,1.0,0.0,0.0,0.0,0.0
122.5,CLIMB,79.79,56.86,5927.08,18.15,81.789,0.9781,6212.26,79.72,605.36,5.266,59.41,20.04,25.596,1.576,24.6,16.969,6221.27,80.16,605.63,5.242,59.29,20.107,25.571,1.535,24.595,17.082,NORMAL,0.0,1.0,1.0,1.0,1.0,0.0,0.0,0.0,0.0
122.6,CLIMB,79.78,56.86,5934.17,18.13,81.768,0.9779,6211.8,79.71,605.34,5.266,59.4,20.039,25.596,1.576,24.6,16.968,6215.93,80.59,606.95,5.27,59.43,19.937,25.641,1.48,24.649,17.04,NORMAL,0.0,1.0,1.0,1.0,1.0,0.0,0.0,0.0,0.0
122.7,CLIMB,79.78,56.85,5941.25,18.12,81.747,0.9777,6211.33,79.71,605.33,5.266,59.39,20.037,25.596,1.576,24.6,16.966,6205.19,80.74,605.82,5.258,59.97,20.016,25.587,1.587,24.642,17.052,NORMAL,0.0,1.0,1.0,1.0,1.0,0.0,0.0,0.0,0.0
122.8,CLIMB,79.77,56.85,5948.33,18.1,81.726,0.9775,6210.87,79.71,605.31,5.266,59.38,20.036,25.595,1.576,24.6,16.965,6208.09,78.9,603.84,5.319,59.77,19.969,25.512,1.605,24.611,17.105,NORMAL,0.0,1.0,1.0,1.0,1.0,0.0,0.0,0.0,0.0
122.9,CLIMB,79.76,56.84,5955.42,18.09,81.705,0.9773,6210.4,79.71,605.3,5.265,59.36,20.035,25.595,1.576,24.6,16.964,6214.89,78.69,605.98,5.297,59.63,20.091,25.583,1.59,24.635,16.932,NORMAL,0.0,1.0,1.0,1.0,1.0,0.0,0.0,0.0,0.0
123.0,CLIMB,79.75,56.84,5962.5,18.08,81.685,0.9771,6209.94,79.71,605.28,5.265,59.35,20.033,25.595,1.576,24.6,16.963,6206.17,78.82,606.3,5.264,58.8,20.173,25.638,1.608,24.636,16.734,NORMAL,0.0,1.0,1.0,1.0,1.0,0.0,0.0,0.0,0.0
123.1,CLIMB,79.74,56.83,5969.58,18.06,81.664,0.9769,6209.47,79.71,605.26,5.265,59.34,20.032,25.595,1.576,24.6,16.961,6218.32,79.11,605.12,5.301,59.6,20.228,25.636,1.66,24.599,17.028,NORMAL,0.0,1.0,1.0,1.0,1.0,0.0,0.0,0.0,0.0
123.2,CLIMB,79.73,56.83,5976.67,18.05,81.643,0.9767,6209.01,79.71,605.25,5.265,59.33,20.03,25.595,1.576,24.6,16.96,6214.8,79.66,602.29,5.259,59.59,19.987,25.577,1.62,24.497,16.79,NORMAL,0.0,1.0,1.0,1.0,1.0,0.0,0.0,0.0,0.0
123.3,CLIMB,79.73,56.82,5983.75,18.03,81.622,0.9765,6208.54,79.71,605.23,5.265,59.32,20.029,25.595,1.575,24.6,16.959,6211.3,79.64,605.84,5.239,59.51,19.997,25.659,1.649,24.623,16.829,NORMAL,0.0,1.0,1.0,1.0,1.0,0.0,0.0,0.0,0.0
123.4,CLIMB,79.72,56.82,5990.83,18.02,81.601,0.9763,6208.08,79.71,605.22,5.265,59.31,20.028,25.594,1.575,24.6,16.958,6196.14,79.49,603.13,5.241,59.14,20.19,25.589,1.53,24.598,16.838,NORMAL,0.0,1.0,1.0,1.0,1.0,0.0,0.0,0.0,0.0
123.5,CLIMB,79.71,56.81,5997.92,18.0,81.58,0.9761,6207.61,79.71,605.2,5.264,59.29,20.026,25.594,1.575,24.6,16.956,6201.8,80.23,605.18,5.281,59.31,20.064,25.526,1.642,24.645,16.931,NORMAL,0.0,1.0,1.0,1.0,1.0,0.0,0.0,0.0,0.0
123.6,CLIMB,79.7,56.81,6005.0,17.99,81.559,0.9759,6207.15,79.71,605.19,5.264,59.28,20.025,25.594,1.575,24.6,16.955,6204.82,79.84,602.5,5.279,59.33,20.179,25.628,1.52,24.598,16.752,NORMAL,0.0,1.0,1.0,1.0,1.0,0.0,0.0,0.0,0.0
123.7,CLIMB,79.69,56.8,6012.08,17.98,81.538,0.9757,6206.68,79.71,605.17,5.264,59.27,20.023,25.594,1.575,24.6,16.954,6208.0,79.68,605.13,5.307,59.0,20.036,25.548,1.559,24.54,16.946,NORMAL,0.0,1.0,1.0,1.0,1.0,0.0,0.0,0.0,0.0
123.8,CLIMB,79.68,56.79,6019.17,17.96,81.517,0.9755,6206.22,79.71,605.16,5.264,59.26,20.022,25.594,1.575,24.6,16.953,6208.85,80.22,603.71,5.239,59.33,20.072,25.666,1.589,24.621,16.899,NORMAL,0.0,1.0,1.0,1.0,1.0,0.0,0.0,0.0,0.0
123.9,CLIMB,79.68,56.79,6026.25,17.95,81.497,0.9753,6205.75,79.71,605.14,5.264,59.25,20.021,25.594,1.575,24.6,16.951,6210.75,80.25,603.22,5.21,58.79,19.868,25.569,1.505,24.577,16.923,NORMAL,0.0,1.0,1.0,1.0,1.0,0.0,0.0,0.0,0.0
124.0,CLIMB,79.67,56.78,6033.33,17.93,81.476,0.9751,6205.29,79.7,605.13,5.264,59.24,20.019,25.593,1.575,24.6,16.95,6199.66,79.07,604.56,5.287,59.55,20.161,25.627,1.648,24.592,16.978,NORMAL,0.0,1.0,1.0,1.0,1.0,0.0,0.0,0.0,0.0
124.1,CLIMB,79.66,56.78,6040.42,17.92,81.455,0.9749,6204.82,79.7,605.11,5.264,59.22,20.018,25.593,1.575,24.6,16.949,6210.29,80.63,603.52,5.246,59.09,19.996,25.538,1.546,24.597,16.908,NORMAL,0.0,1.0,1.0,1.0,1.0,0.0,0.0,0.0,0.0
124.2,CLIMB,79.65,56.77,6047.5,17.91,81.434,0.9747,6204.36,79.7,605.1,5.263,59.21,20.017,25.593,1.575,24.6,16.948,6194.73,80.35,603.73,5.266,59.0,19.93,25.589,1.672,24.703,16.787,NORMAL,0.0,1.0,1.0,1.0,1.0,0.0,0.0,0.0,0.0
124.3,CLIMB,79.64,56.77,6054.58,17.89,81.413,0.9745,6203.89,79.7,605.08,5.263,59.2,20.015,25.593,1.575,24.6,16.946,6203.95,80.14,606.78,5.281,59.31,20.114,25.545,1.562,24.672,16.837,NORMAL,0.0,1.0,1.0,1.0,1.0,0.0,0.0,0.0,0.0
124.4,CLIMB,79.63,56.76,6061.67,17.88,81.392,0.9743,6203.43,79.7,605.07,5.263,59.19,20.014,25.593,1.574,24.6,16.945,6204.21,79.57,604.54,5.325,59.41,20.02,25.564,1.549,24.561,16.896,NORMAL,0.0,1.0,1.0,1.0,1.0,0.0,0.0,0.0,0.0
124.5,CLIMB,79.63,56.76,6068.75,17.86,81.371,0.9741,6202.97,79.7,605.05,5.263,59.18,20.012,25.593,1.574,24.6,16.944,6203.77,79.49,604.51,5.233,59.2,19.971,25.532,1.538,24.554,16.93,NORMAL,0.0,1.0,1.0,1.0,1.0,0.0,0.0,0.0,0.0
124.6,CLIMB,79.62,56.75,6075.83,17.85,81.351,0.9739,6202.5,79.7,605.04,5.263,59.17,20.011,25.592,1.574,24.6,16.943,6200.97,80.77,605.2,5.276,59.01,20.053,25.623,1.502,24.498,16.846,NORMAL,0.0,1.0,1.0,1.0,1.0,0.0,0.0,0.0,0.0
124.7,CLIMB,79.61,56.75,6082.92,17.83,81.33,0.9737,6202.04,79.7,605.02,5.263,59.15,20.01,25.592,1.574,24.6,16.941,6200.18,80.24,607.94,5.266,59.5,20.045,25.58,1.593,24.667,16.842,NORMAL,0.0,1.0,1.0,1.0,1.0,0.0,0.0,0.0,0.0
124.8,CLIMB,79.6,56.74,6090.0,17.82,81.309,0.9735,6201.57,79.7,605.01,5.262,59.14,20.008,25.592,1.574,24.6,16.94,6200.38,80.16,604.02,5.243,59.3,19.99,25.552,1.57,24.585,16.885,NORMAL,0.0,1.0,1.0,1.0,1.0,0.0,0.0,0.0,0.0
124.9,CLIMB,79.59,56.73,6097.08,17.81,81.288,0.9733,6201.11,79.7,604.99,5.262,59.13,20.007,25.592,1.574,24.6,16.939,6198.15,79.19,603.19,5.294,58.73,19.889,25.563,1.672,24.666,16.943,NORMAL,0.0,1.0,1.0,1.0,1.0,0.0,0.0,0.0,0.0
125.0,CLIMB,79.58,56.73,6104.17,17.79,81.267,0.9731,6200.64,79.7,604.98,5.262,59.12,20.005,25.592,1.574,24.6,16.938,6198.82,79.42,603.78,5.279,59.25,20.115,25.666,1.521,24.633,16.996,NORMAL,0.0,1.0,1.0,1.0,1.0,0.0,0.0,0.0,0.0
125.1,CLIMB,79.58,56.72,6111.25,17.78,81.247,0.9729,6200.18,79.7,604.96,5.262,59.11,20.004,25.592,1.574,24.6,16.936,6196.75,79.8,605.76,5.217,58.9,19.907,25.611,1.548,24.57,16.786,NORMAL,0.0,1.0,1.0,1.0,1.0,0.0,0.0,0.0,0.0
125.2,CLIMB,79.57,56.72,6118.33,17.76,81.226,0.9727,6199.71,79.7,604.95,5.262,59.1,20.003,25.591,1.574,24.6,16.935,6202.03,80.09,604.03,5.285,59.08,20.203,25.576,1.532,24.597,17.075,NORMAL,0.0,1.0,1.0,1.0,1.0,0.0,0.0,0.0,0.0
125.3,CLIMB,79.56,56.71,6125.42,17.75,81.205,0.9725,6199.25,79.7,604.93,5.262,59.08,20.001,25.591,1.574,24.6,16.934,6212.26,79.64,606.12,5.225,59.04,19.941,25.561,1.561,24.652,16.887,NORMAL,0.0,1.0,1.0,1.0,1.0,0.0,0.0,0.0,0.0
125.4,CLIMB,79.55,56.71,6132.5,17.74,81.184,0.9723,6198.79,79.7,604.92,5.262,59.07,20.0,25.591,1.574,24.6,16.933,6198.84,79.71,603.8,5.255,58.73,20.052,25.536,1.589,24.715,16.74,NORMAL,0.0,1.0,1.0,1.0,1.0,0.0,0.0,0.0,0.0
125.5,CLIMB,79.54,56.7,6139.58,17.72,81.163,0.9721,6198.32,79.69,604.9,5.261,59.06,19.999,25.591,1.573,24.6,16.931,6212.08,79.45,604.47,5.255,59.15,19.865,25.567,1.595,24.535,16.987,NORMAL,0.0,1.0,1.0,1.0,1.0,0.0,0.0,0.0,0.0
125.6,CLIMB,79.53,56.7,6146.67,17.71,81.143,0.9719,6197.86,79.69,604.88,5.261,59.05,19.997,25.591,1.573,24.6,16.93,6197.17,79.92,604.29,5.247,59.29,19.996,25.702,1.566,24.581,16.936,NORMAL,0.0,1.0,1.0,1.0,1.0,0.0,0.0,0.0,0.0
125.7,CLIMB,79.53,56.69,6153.75,17.69,81.122,0.9717,6197.39,79.69,604.87,5.261,59.04,19.996,25.591,1.573,24.6,16.929,6196.22,80.13,606.09,5.296,58.77,20.19,25.538,1.655,24.664,16.857,NORMAL,0.0,1.0,1.0,1.0,1.0,0.0,0.0,0.0,0.0
125.8,CLIMB,79.52,56.69,6160.83,17.68,81.101,0.9715,6196.93,79.69,604.85,5.261,59.03,19.994,25.59,1.573,24.6,16.928,6200.17,79.84,605.43,5.254,58.85,20.136,25.574,1.574,24.697,16.977,NORMAL,0.0,1.0,1.0,1.0,1.0,0.0,0.0,0.0,0.0
125.9,CLIMB,79.51,56.68,6167.92,17.66,81.08,0.9713,6196.47,79.69,604.84,5.261,59.01,19.993,25.59,1.573,24.6,16.926,6202.59,80.31,604.4,5.299,59.19,19.948,25.572,1.631,24.524,16.895,NORMAL,0.0,1.0,1.0,1.0,1.0,0.0,0.0,0.0,0.0
126.0,CLIMB,79.5,56.68,6175.0,17.65,81.06,0.9711,6196.0,79.69,604.82,5.261,59.0,19.992,25.59,1.573,24.6,16.925,6192.65,79.3,603.24,5.272,58.64,20.138,25.559,1.549,24.597,16.98,NORMAL,0.0,1.0,1.0,1.0,1.0,0.0,0.0,0.0,0.0
126.1,CLIMB,79.49,56.67,6182.08,17.64,81.039,0.9709,6195.54,79.69,604.81,5.26,58.99,19.99,25.59,1.573,24.6,16.924,6200.59,79.49,605.42,5.23,59.23,19.945,25.657,1.659,24.555,16.921,NORMAL,0.0,1.0,1.0,1.0,1.0,0.0,0.0,0.0,0.0
126.2,CLIMB,79.48,56.66,6189.17,17.62,81.018,0.9707,6195.07,79.69,604.79,5.26,58.98,19.989,25.59,1.573,24.6,16.923,6197.99,79.63,606.97,5.289,59.29,19.903,25.661,1.497,24.546,16.961,NORMAL,0.0,1.0,1.0,1.0,1.0,0.0,0.0,0.0,0.0
126.3,CLIMB,79.48,56.66,6196.25,17.61,80.997,0.9705,6194.61,79.69,604.78,5.26,58.97,19.987,25.59,1.573,24.6,16.921,6194.24,80.19,603.98,5.201,58.92,19.843,25.499,1.543,24.614,16.914,NORMAL,0.0,1.0,1.0,1.0,1.0,0.0,0.0,0.0,0.0
126.4,CLIMB,79.47,56.65,6203.33,17.59,80.977,0.9703,6194.15,79.69,604.76,5.26,58.95,19.986,25.589,1.573,24.6,16.92,6198.06,79.61,601.62,5.236,58.69,19.925,25.54,1.54,24.553,16.967,NORMAL,0.0,1.0,1.0,1.0,1.0,0.0,0.0,0.0,0.0
126.5,CLIMB,79.46,56.65,6210.42,17.58,80.956,0.9701,6193.68,79.69,604.75,5.26,58.94,19.985,25.589,1.573,24.6,16.919,6198.63,79.72,601.55,5.271,59.01,19.853,25.654,1.633,24.603,16.884,NORMAL,0.0,1.0,1.0,1.0,1.0,0.0,0.0,0.0,0.0
126.6,CLIMB,79.45,56.64,6217.5,17.57,80.935,0.9699,6193.22,79.69,604.73,5.26,58.93,19.983,25.589,1.572,24.6,16.918,6191.38,80.04,605.33,5.233,59.19,20.118,25.607,1.546,24.619,16.848,NORMAL,0.0,1.0,1.0,1.0,1.0,0.0,0.0,0.0,0.0
126.7,CLIMB,79.44,56.64,6224.58,17.55,80.915,0.9697,6192.75,79.69,604.72,5.26,58.92,19.982,25.589,1.572,24.6,16.916,6199.01,79.41,604.53,5.311,58.99,20.081,25.55,1.552,24.6,16.863,NORMAL,0.0,1.0,1.0,1.0,1.0,0.0,0.0,0.0,0.0
126.8,CLIMB,79.43,56.63,6231.67,17.54,80.894,0.9695,6192.29,79.69,604.7,5.259,58.91,19.98,25.589,1.572,24.6,16.915,6197.66,79.61,604.42,5.245,59.11,19.849,25.53,1.589,24.492,16.829,NORMAL,0.0,1.0,1.0,1.0,1.0,0.0,0.0,0.0,0.0
126.9,CLIMB,79.43,56.63,6238.75,17.52,80.873,0.9693,6191.83,79.68,604.69,5.259,58.9,19.979,25.589,1.572,24.6,16.914,6188.11,79.53,603.25,5.256,58.92,19.846,25.551,1.523,24.539,16.858,NORMAL,0.0,1.0,1.0,1.0,1.0,0.0,0.0,0.0,0.0
127.0,CLIMB,79.42,56.62,6245.83,17.51,80.852,0.9691,6191.36,79.68,604.67,5.259,58.88,19.978,25.588,1.572,24.6,16.913,6192.65,79.61,603.23,5.229,58.93,20.012,25.668,1.535,24.599,17.022,NORMAL,0.0,1.0,1.0,1.0,1.0,0.0,0.0,0.0,0.0
127.1,CLIMB,79.41,56.62,6252.92,17.49,80.832,0.9689,6190.9,79.68,604.66,5.259,58.87,19.976,25.588,1.572,24.6,16.911,6189.92,79.53,602.7,5.289,58.83,19.897,25.681,1.537,24.616,16.918,NORMAL,0.0,1.0,1.0,1.0,1.0,0.0,0.0,0.0,0.0
127.2,CLIMB,79.4,56.61,6260.0,17.48,80.811,0.9687,6190.43,79.68,604.64,5.259,58.86,19.975,25.588,1.572,24.6,16.91,6190.78,79.32,605.44,5.254,58.78,20.036,25.643,1.515,24.591,16.836,NORMAL,0.0,1.0,1.0,1.0,1.0,0.0,0.0,0.0,0.0
127.3,CLIMB,79.39,56.6,6267.08,17.47,80.79,0.9685,6189.97,79.68,604.63,5.259,58.85,19.974,25.588,1.572,24.6,16.909,6197.66,79.71,604.88,5.251,58.64,19.989,25.66,1.533,24.607,17.226,NORMAL,0.0,1.0,1.0,1.0,1.0,0.0,0.0,0.0,0.0
127.4,CLIMB,79.38,56.6,6274.17,17.45,80.77,0.9683,6189.51,79.68,604.61,5.258,58.84,19.972,25.588,1.572,24.6,16.908,6183.77,79.95,603.58,5.204,59.14,19.903,25.569,1.562,24.64,16.786,NORMAL,0.0,1.0,1.0,1.0,1.0,0.0,0.0,0.0,0.0
127.5,CLIMB,79.38,56.59,6281.25,17.44,80.749,0.9681,6189.04,79.68,604.6,5.258,58.83,19.971,25.588,1.572,24.6,16.906,6188.56,79.56,607.03,5.245,58.63,19.937,25.585,1.615,24.549,16.926,NORMAL,0.0,1.0,1.0,1.0,1.0,0.0,0.0,0.0,0.0
127.6,CLIMB,79.37,56.59,6288.33,17.42,80.728,0.9679,6188.58,79.68,604.58,5.258,58.81,19.969,25.587,1.572,24.6,16.905,6191.09,79.86,604.94,5.263,58.84,19.899,25.584,1.604,24.523,17.022,NORMAL,0.0,1.0,1.0,1.0,1.0,0.0,0.0,0.0,0.0
127.7,CLIMB,79.36,56.58,6295.42,17.41,80.708,0.9677,6188.12,79.68,604.57,5.258,58.8,19.968,25.587,1.571,24.6,16.904,6190.11,79.56,601.88,5.257,59.32,19.955,25.578,1.641,24.663,17.002,NORMAL,0.0,1.0,1.0,1.0,1.0,0.0,0.0,0.0,0.0
127.8,CLIMB,79.35,56.58,6302.5,17.4,80.687,0.9675,6187.65,79.68,604.55,5.258,58.79,19.967,25.587,1.571,24.6,16.903,6195.12,79.48,606.01,5.285,58.92,20.172,25.608,1.593,24.57,16.995,NORMAL,0.0,1.0,1.0,1.0,1.0,0.0,0.0,0.0,0.0
127.9,CLIMB,79.34,56.57,6309.58,17.38,80.666,0.9673,6187.19,79.68,604.53,5.258,58.78,19.965,25.587,1.571,24.6,16.901,6184.38,80.24,605.64,5.254,58.41,19.916,25.596,1.605,24.554,16.721,NORMAL,0.0,1.0,1.0,1.0,1.0,0.0,0.0,0.0,0.0
128.0,CLIMB,79.33,56.57,6316.67,17.37,80.646,0.9671,6186.72,79.68,604.52,5.258,58.77,19.964,25.587,1.571,24.6,16.9,6184.03,79.64,606.0,5.242,59.24,19.963,25.58,1.509,24.557,16.922,NORMAL,0.0,1.0,1.0,1.0,1.0,0.0,0.0,0.0,0.0
128.1,CLIMB,79.33,56.56,6323.75,17.35,80.625,0.9669,6186.26,79.68,604.5,5.257,58.75,19.962,25.587,1.571,24.6,16.899,6188.31,80.52,605.85,5.233,58.79,20.014,25.631,1.588,24.553,17.009,NORMAL,0.0,1.0,1.0,1.0,1.0,0.0,0.0,0.0,0.0
128.2,CLIMB,79.32,56.56,6330.83,17.34,80.604,0.9667,6185.8,79.68,604.49,5.257,58.74,19.961,25.586,1.571,24.6,16.898,6189.65,79.76,604.17,5.262,58.74,19.952,25.574,1.573,24.482,16.835,NORMAL,0.0,1.0,1.0,1.0,1.0,0.0,0.0,0.0,0.0
128.3,CLIMB,79.31,56.55,6337.92,17.32,80.584,0.9665,6185.33,79.67,604.47,5.257,58.73,19.96,25.586,1.571,24.6,16.896,6184.61,79.24,605.2,5.187,58.67,20.018,25.59,1.575,24.576,16.936,NORMAL,0.0,1.0,1.0,1.0,1.0,0.0,0.0,0.0,0.0
128.4,CLIMB,79.3,56.55,6345.0,17.31,80.563,0.9663,6184.87,79.67,604.46,5.257,58.72,19.958,25.586,1.571,24.6,16.895,6181.73,80.35,605.32,5.25,58.35,19.933,25.568,1.53,24.698,16.916,NORMAL,0.0,1.0,1.0,1.0,1.0,0.0,0.0,0.0,0.0
128.5,CLIMB,79.29,56.54,6352.08,17.3,80.543,0.9661,6184.41,79.67,604.44,5.257,58.71,19.957,25.586,1.571,24.6,16.894,6181.27,79.8,603.78,5.223,58.14,19.909,25.511,1.574,24.671,16.895,NORMAL,0.0,1.0,1.0,1.0,1.0,0.0,0.0,0.0,0.0
128.6,CLIMB,79.28,56.53,6359.17,17.28,80.522,0.9659,6183.94,79.67,604.43,5.257,58.69,19.955,25.586,1.571,24.6,16.893,6182.25,79.36,605.22,5.267,58.84,19.994,25.596,1.579,24.594,16.828,NORMAL,0.0,1.0,1.0,1.0,1.0,0.0,0.0,0.0,0.0
128.7,CLIMB,79.28,56.53,6366.25,17.27,80.501,0.9657,6183.48,79.67,604.41,5.257,58.68,19.954,25.586,1.571,24.6,16.891,6181.88,79.08,605.03,5.291,59.02,19.988,25.604,1.5,24.673,16.841,NORMAL,0.0,1.0,1.0,1.0,1.0,0.0,0.0,0.0,0.0
128.8,CLIMB,79.27,56.52,6373.33,17.25,80.481,0.9655,6183.02,79.67,604.4,5.256,58.67,19.953,25.585,1.57,24.6,16.89,6187.91,78.51,604.5,5.248,58.42,20.018,25.539,1.504,24.486,16.875,NORMAL,0.0,1.0,1.0,1.0,1.0,0.0,0.0,0.0,0.0
128.9,CLIMB,79.26,56.52,6380.42,17.24,80.46,0.9653,6182.55,79.67,604.38,5.256,58.66,19.951,25.585,1.57,24.6,16.889,6166.29,79.04,604.48,5.246,58.38,19.979,25.581,1.58,24.649,16.833,NORMAL,0.0,1.0,1.0,1.0,1.0,0.0,0.0,0.0,0.0
129.0,CLIMB,79.25,56.51,6387.5,17.23,80.44,0.9651,6182.09,79.67,604.37,5.256,58.65,19.95,25.585,1.57,24.6,16.888,6176.95,79.42,604.52,5.206,58.24,19.915,25.471,1.501,24.628,16.772,NORMAL,0.0,1.0,1.0,1.0,1.0,0.0,0.0,0.0,0.0
129.1,CLIMB,79.24,56.51,6394.58,17.21,80.419,0.9649,6181.63,79.67,604.35,5.256,58.64,19.949,25.585,1.57,24.6,16.886,6169.58,80.56,605.45,5.263,58.73,19.937,25.575,1.677,24.629,16.985,NORMAL,0.0,1.0,1.0,1.0,1.0,0.0,0.0,0.0,0.0
129.2,CLIMB,79.23,56.5,6401.67,17.2,80.398,0.9647,6181.16,79.67,604.34,5.256,58.62,19.947,25.585,1.57,24.6,16.885,6182.21,80.3,604.27,5.252,58.3,19.895,25.661,1.641,24.549,16.961,NORMAL,0.0,1.0,1.0,1.0,1.0,0.0,0.0,0.0,0.0
129.3,CLIMB,79.23,56.5,6408.75,17.18,80.378,0.9645,6180.7,79.67,604.32,5.256,58.61,19.946,25.585,1.57,24.6,16.884,6179.76,79.04,604.44,5.258,58.89,19.864,25.528,1.503,24.632,16.798,NORMAL,0.0,1.0,1.0,1.0,1.0,0.0,0.0,0.0,0.0
129.4,CLIMB,79.22,56.49,6415.83,17.17,80.357,0.9643,6180.24,79.67,604.31,5.255,58.6,19.944,25.584,1.57,24.6,16.883,6172.52,79.16,604.8,5.251,58.59,19.832,25.617,1.618,24.642,16.906,NORMAL,0.0,1.0,1.0,1.0,1.0,0.0,0.0,0.0,0.0
129.5,CLIMB,79.21,56.49,6422.92,17.15,80.337,0.9641,6179.77,79.67,604.29,5.255,58.59,19.943,25.584,1.57,24.6,16.881,6184.04,80.04,605.81,5.278,58.2,19.834,25.607,1.572,24.666,16.838,NORMAL,0.0,1.0,1.0,1.0,1.0,0.0,0.0,0.0,0.0
129.6,CLIMB,79.2,56.48,6430.0,17.14,80.316,0.9639,6179.31,79.67,604.28,5.255,58.58,19.942,25.584,1.57,24.6,16.88,6177.99,79.71,605.02,5.258,58.32,19.983,25.563,1.549,24.663,16.811,NORMAL,0.0,1.0,1.0,1.0,1.0,0.0,0.0,0.0,0.0
129.7,CLIMB,79.19,56.47,6437.08,17.13,80.296,0.9637,6178.85,79.66,604.26,5.255,58.56,19.94,25.584,1.57,24.6,16.879,6176.48,80.09,600.58,5.19,58.19,19.982,25.61,1.533,24.606,16.965,NORMAL,0.0,1.0,1.0,1.0,1.0,0.0,0.0,0.0,0.0
129.8,CLIMB,79.18,56.47,6444.17,17.11,80.275,0.9635,6178.38,79.66,604.25,5.255,58.55,19.939,25.584,1.57,24.6,16.878,6183.26,80.74,601.36,5.243,58.43,20.088,25.602,1.606,24.588,17.086,NORMAL,0.0,1.0,1.0,1.0,1.0,0.0,0.0,0.0,0.0
129.9,CLIMB,79.18,56.46,6451.25,17.1,80.254,0.9633,6177.92,79.66,604.23,5.255,58.54,19.937,25.584,1.57,24.6,16.876,6167.33,79.83,604.78,5.26,58.14,19.961,25.664,1.544,24.577,16.919,NORMAL,0.0,1.0,1.0,1.0,1.0,0.0,0.0,0.0,0.0
130.0,CLIMB,79.17,56.46,6458.33,17.08,80.234,0.9631,6177.46,79.66,604.22,5.255,58.53,19.936,25.583,1.569,24.6,16.875,6168.74,80.02,605.68,5.287,57.92,20.078,25.557,1.484,24.676,16.921,NORMAL,0.0,1.0,1.0,1.0,1.0,0.0,0.0,0.0,0.0
130.1,CLIMB,79.16,56.45,6465.42,17.07,80.213,0.9629,6177.0,79.66,604.2,5.254,58.52,19.935,25.583,1.569,24.6,16.874,6173.98,78.81,606.2,5.262,58.2,19.985,25.581,1.634,24.586,16.874,NORMAL,0.0,1.0,1.0,1.0,1.0,0.0,0.0,0.0,0.0
130.2,CLIMB,79.15,56.45,6472.5,17.06,80.193,0.9627,6176.53,79.66,604.18,5.254,58.5,19.933,25.583,1.569,24.6,16.873,6174.78,80.65,605.4,5.257,58.48,19.906,25.537,1.517,24.607,16.803,NORMAL,0.0,1.0,1.0,1.0,1.0,0.0,0.0,0.0,0.0
130.3,CLIMB,79.14,56.44,6479.58,17.04,80.172,0.9625,6176.07,79.66,604.17,5.254,58.49,19.932,25.583,1.569,24.6,16.871,6175.42,80.3,602.71,5.205,58.45,19.881,25.585,1.607,24.631,16.832,NORMAL,0.0,1.0,1.0,1.0,1.0,0.0,0.0,0.0,0.0
130.4,CLIMB,79.13,56.44,6486.67,17.03,80.152,0.9623,6175.61,79.66,604.15,5.254,58.48,19.93,25.583,1.569,24.6,16.87,6175.9,79.71,603.96,5.26,58.56,19.97,25.585,1.59,24.612,16.771,NORMAL,0.0,1.0,1.0,1.0,1.0,0.0,0.0,0.0,0.0
130.5,CLIMB,79.13,56.43,6493.75,17.01,80.131,0.9621,6175.14,79.66,604.14,5.254,58.47,19.929,25.583,1.569,24.6,16.869,6182.73,79.59,601.84,5.23,58.69,20.009,25.618,1.557,24.592,16.645,NORMAL,0.0,1.0,1.0,1.0,1.0,0.0,0.0,0.0,0.0
130.6,CLIMB,79.12,56.43,6500.83,17.0,80.111,0.9619,6174.68,79.66,604.12,5.254,58.46,19.928,25.582,1.569,24.6,16.868,6173.24,79.99,602.76,5.245,58.44,20.003,25.63,1.635,24.653,16.837,NORMAL,0.0,1.0,1.0,1.0,1.0,0.0,0.0,0.0,0.0
130.7,CLIMB,79.11,56.42,6507.92,16.98,80.09,0.9617,6174.22,79.66,604.11,5.253,58.44,19.926,25.582,1.569,24.6,16.866,6171.59,80.07,603.05,5.25,58.22,20.041,25.623,1.472,24.587,16.756,NORMAL,0.0,1.0,1.0,1.0,1.0,0.0,0.0,0.0,0.0
130.8,CLIMB,79.1,56.42,6515.0,16.97,80.07,0.9615,6173.76,79.66,604.09,5.253,58.43,19.925,25.582,1.569,24.6,16.865,6167.16,80.41,604.65,5.249,58.96,19.876,25.591,1.617,24.625,16.759,NORMAL,0.0,1.0,1.0,1.0,1.0,0.0,0.0,0.0,0.0
130.9,CLIMB,79.09,56.41,6522.08,16.96,80.049,0.9613,6173.29,79.66,604.08,5.253,58.42,19.923,25.582,1.569,24.6,16.864,6178.43,79.13,603.54,5.23,58.2,19.893,25.66,1.566,24.606,16.856,NORMAL,0.0,1.0,1.0,1.0,1.0,0.0,0.0,0.0,0.0
131.0,CLIMB,79.08,56.4,6529.17,16.94,80.029,0.9611,6172.83,79.66,604.06,5.253,58.41,19.922,25.582,1.569,24.6,16.863,6166.97,80.08,603.58,5.269,58.48,20.066,25.689,1.55,24.641,16.961,NORMAL,0.0,1.0,1.0,1.0,1.0,0.0,0.0,0.0,0.0
131.1,CLIMB,79.08,56.4,6536.25,16.93,80.008,0.9609,6172.37,79.65,604.05,5.253,58.4,19.921,25.582,1.568,24.6,16.861,6170.89,79.47,604.07,5.228,58.4,19.871,25.644,1.636,24.604,16.896,NORMAL,0.0,1.0,1.0,1.0,1.0,0.0,0.0,0.0,0.0
131.2,CLIMB,79.07,56.39,6543.33,16.91,79.988,0.9607,6171.9,79.65,604.03,5.253,58.39,19.919,25.581,1.568,24.6,16.86,6174.75,79.97,603.76,5.21,58.67,19.911,25.542,1.655,24.592,16.776,NORMAL,0.0,1.0,1.0,1.0,1.0,0.0,0.0,0.0,0.0
131.3,CLIMB,79.06,56.39,6550.42,16.9,79.967,0.9605,6171.44,79.65,604.02,5.253,58.37,19.918,25.581,1.568,24.6,16.859,6182.51,80.04,604.23,5.28,58.06,19.876,25.551,1.587,24.589,16.837,NORMAL,0.0,1.0,1.0,1.0,1.0,0.0,0.0,0.0,0.0
131.4,CLIMB,79.05,56.38,6557.5,16.89,79.947,0.9603,6170.98,79.65,604.0,5.252,58.36,19.917,25.581,1.568,24.6,16.858,6169.37,79.66,603.81,5.22,58.26,19.914,25.557,1.581,24.651,16.914,NORMAL,0.0,1.0,1.0,1.0,1.0,0.0,0.0,0.0,0.0
131.5,CLIMB,79.04,56.38,6564.58,16.87,79.926,0.9601,6170.52,79.65,603.99,5.252,58.35,19.915,25.581,1.568,24.6,16.856,6172.37,79.6,603.93,5.246,58.23,19.926,25.632,1.513,24.605,16.733,NORMAL,0.0,1.0,1.0,1.0,1.0,0.0,0.0,0.0,0.0
131.6,CLIMB,79.03,56.37,6571.67,16.86,79.906,0.9599,6170.05,79.65,603.97,5.252,58.34,19.914,25.581,1.568,24.6,16.855,6174.05,79.93,604.43,5.29,58.32,19.872,25.613,1.503,24.603,16.734,NORMAL,0.0,1.0,1.0,1.0,1.0,0.0,0.0,0.0,0.0
131.7,CLIMB,79.03,56.37,6578.75,16.84,79.886,0.9597,6169.59,79.65,603.96,5.252,58.33,19.912,25.581,1.568,24.6,16.854,6176.53,79.31,605.82,5.261,58.29,19.892,25.472,1.646,24.604,17.017,NORMAL,0.0,1.0,1.0,1.0,1.0,0.0,0.0,0.0,0.0
131.8,CLIMB,79.02,56.36,6585.83,16.83,79.865,0.9595,6169.13,79.65,603.94,5.252,58.31,19.911,25.58,1.568,24.6,16.853,6172.5,80.1,603.75,5.257,58.36,19.838,25.634,1.535,24.503,16.794,NORMAL,0.0,1.0,1.0,1.0,1.0,0.0,0.0,0.0,0.0
131.9,CLIMB,79.01,56.36,6592.92,16.81,79.845,0.9593,6168.67,79.65,603.93,5.252,58.3,19.91,25.58,1.568,24.6,16.851,6161.09,79.26,602.59,5.21,58.77,19.877,25.531,1.623,24.654,16.942,NORMAL,0.0,1.0,1.0,1.0,1.0,0.0,0.0,0.0,0.0
132.0,CLIMB,79.0,56.35,6600.0,16.8,79.824,0.9591,6168.2,79.65,603.91,5.251,58.29,19.908,25.58,1.568,24.6,16.85,6171.56,79.96,605.07,5.225,58.31,19.734,25.657,1.557,24.631,16.706,NORMAL,0.0,1.0,1.0,1.0,1.0,0.0,0.0,0.0,0.0
132.1,CLIMB,78.99,56.34,6607.08,16.79,79.804,0.9589,6167.74,79.65,603.9,5.251,58.28,19.907,25.58,1.568,24.6,16.849,6167.64,79.75,602.08,5.277,58.37,19.851,25.543,1.618,24.691,16.968,NORMAL,0.0,1.0,1.0,1.0,1.0,0.0,0.0,0.0,0.0
132.2,CLIMB,78.98,56.34,6614.17,16.77,79.783,0.9587,6167.28,79.65,603.88,5.251,58.27,19.905,25.58,1.567,24.6,16.848,6169.87,79.52,604.73,5.205,57.76,19.991,25.547,1.586,24.636,16.869,NORMAL,0.0,1.0,1.0,1.0,1.0,0.0,0.0,0.0,0.0
132.3,CLIMB,78.98,56.33,6621.25,16.76,79.763,0.9585,6166.82,79.65,603.86,5.251,58.25,19.904,25.58,1.567,24.6,16.846,6170.12,79.02,604.6,5.22,58.33,19.854,25.576,1.639,24.519,16.756,NORMAL,0.0,1.0,1.0,1.0,1.0,0.0,0.0,0.0,0.0
132.4,CLIMB,78.97,56.33,6628.33,16.74,79.743,0.9583,6166.35,79.64,603.85,5.251,58.24,19.903,25.579,1.567,24.6,16.845,6168.29,79.8,602.79,5.268,57.96,19.93,25.532,1.52,24.64,16.816,NORMAL,0.0,1.0,1.0,1.0,1.0,0.0,0.0,0.0,0.0
132.5,CLIMB,78.96,56.32,6635.42,16.73,79.722,0.9581,6165.89,79.64,603.83,5.251,58.23,19.901,25.579,1.567,24.6,16.844,6164.82,79.95,604.51,5.27,58.13,19.93,25.542,1.63,24.579,16.863,NORMAL,0.0,1.0,1.0,1.0,1.0,0.0,0.0,0.0,0.0
132.6,CLIMB,78.95,56.32,6642.5,16.72,79.702,0.9579,6165.43,79.64,603.82,5.251,58.22,19.9,25.579,1.567,24.6,16.843,6157.84,79.69,603.9,5.318,58.61,19.94,25.577,1.601,24.594,16.866,NORMAL,0.0,1.0,1.0,1.0,1.0,0.0,0.0,0.0,0.0
132.7,CLIMB,78.94,56.31,6649.58,16.7,79.681,0.9577,6164.97,79.64,603.8,5.25,58.21,19.898,25.579,1.567,24.6,16.841,6163.93,79.04,605.54,5.208,58.42,19.849,25.634,1.656,24.661,16.891,NORMAL,0.0,1.0,1.0,1.0,1.0,0.0,0.0,0.0,0.0
132.8,CLIMB,78.93,56.31,6656.67,16.69,79.661,0.9575,6164.5,79.64,603.79,5.25,58.19,19.897,25.579,1.567,24.6,16.84,6164.77,78.82,603.13,5.241,58.21,19.963,25.475,1.612,24.672,16.98,NORMAL,0.0,1.0,1.0,1.0,1.0,0.0,0.0,0.0,0.0
132.9,CLIMB,78.93,56.3,6663.75,16.67,79.641,0.9573,6164.04,79.64,603.77,5.25,58.18,19.896,25.579,1.567,24.6,16.839,6154.2,80.56,603.58,5.272,58.43,19.872,25.502,1.58,24.565,16.992,NORMAL,0.0,1.0,1.0,1.0,1.0,0.0,0.0,0.0,0.0
133.0,CLIMB,78.92,56.3,6670.83,16.66,79.62,0.9571,6163.58,79.64,603.76,5.25,58.17,19.894,25.578,1.567,24.6,16.838,6161.05,78.57,604.86,5.186,57.5,20.005,25.554,1.574,24.572,17.109,NORMAL,0.0,1.0,1.0,1.0,1.0,0.0,0.0,0.0,0.0
133.1,CLIMB,78.91,56.29,6677.92,16.64,79.6,0.9569,6163.12,79.64,603.74,5.25,58.16,19.893,25.578,1.567,24.6,16.836,6169.06,79.18,602.4,5.309,57.95,19.852,25.535,1.585,24.524,16.953,NORMAL,0.0,1.0,1.0,1.0,1.0,0.0,0.0,0.0,0.0
133.2,CLIMB,78.9,56.29,6685.0,16.63,79.579,0.9567,6162.65,79.64,603.73,5.25,58.14,19.891,25.578,1.567,24.6,16.835,6161.9,79.27,602.46,5.236,58.33,19.756,25.554,1.6,24.463,16.953,NORMAL,0.0,1.0,1.0,1.0,1.0,0.0,0.0,0.0,0.0
133.3,CLIMB,78.89,56.28,6692.08,16.62,79.559,0.9565,6162.19,79.64,603.71,5.25,58.13,19.89,25.578,1.566,24.6,16.834,6163.56,79.7,604.22,5.239,58.14,19.886,25.589,1.512,24.567,16.888,NORMAL,0.0,1.0,1.0,1.0,1.0,0.0,0.0,0.0,0.0
133.4,CLIMB,78.88,56.27,6699.17,16.6,79.539,0.9563,6161.73,79.64,603.7,5.249,58.12,19.889,25.578,1.566,24.6,16.833,6164.27,79.31,602.62,5.267,58.07,20.123,25.608,1.523,24.613,16.728,NORMAL,0.0,1.0,1.0,1.0,1.0,0.0,0.0,0.0,0.0
133.5,CLIMB,78.88,56.27,6706.25,16.59,79.518,0.9561,6161.27,79.64,603.68,5.249,58.11,19.887,25.578,1.566,24.6,16.831,6155.95,79.96,604.71,5.208,57.98,19.925,25.558,1.548,24.521,16.864,NORMAL,0.0,1.0,1.0,1.0,1.0,0.0,0.0,0.0,0.0
133.6,CLIMB,78.87,56.26,6713.33,16.57,79.498,0.9559,6160.81,79.64,603.67,5.249,58.1,19.886,25.577,1.566,24.6,16.83,6164.29,79.25,602.37,5.222,58.11,20.041,25.591,1.603,24.604,16.802,NORMAL,0.0,1.0,1.0,1.0,1.0,0.0,0.0,0.0,0.0
133.7,CLIMB,78.86,56.26,6720.42,16.56,79.478,0.9557,6160.34,79.64,603.65,5.249,58.08,19.884,25.577,1.566,24.6,16.829,6169.16,80.12,604.0,5.244,58.13,19.904,25.654,1.581,24.598,16.843,NORMAL,0.0,1.0,1.0,1.0,1.0,0.0,0.0,0.0,0.0
133.8,CLIMB,78.85,56.25,6727.5,16.55,79.457,0.9555,6159.88,79.63,603.64,5.249,58.07,19.883,25.577,1.566,24.6,16.828,6160.61,79.9,605.01,5.301,58.11,19.998,25.567,1.616,24.649,16.81,NORMAL,0.0,1.0,1.0,1.0,1.0,0.0,0.0,0.0,0.0
133.9,CLIMB,78.84,56.25,6734.58,16.53,79.437,0.9553,6159.42,79.63,603.62,5.249,58.06,19.882,25.577,1.566,24.6,16.826,6159.82,79.01,602.03,5.231,58.24,19.945,25.538,1.509,24.628,16.978,NORMAL,0.0,1.0,1.0,1.0,1.0,0.0,0.0,0.0,0.0
134.0,CLIMB,78.83,56.24,6741.67,16.52,79.417,0.9551,6158.96,79.63,603.61,5.248,58.05,19.88,25.577,1.566,24.6,16.825,6158.71,79.4,604.81,5.24,58.28,19.823,25.601,1.487,24.563,16.737,NORMAL,0.0,1.0,1.0,1.0,1.0,0.0,0.0,0.0,0.0
134.1,CLIMB,78.83,56.24,6748.75,16.5,79.396,0.9549,6158.5,79.63,603.59,5.248,58.04,19.879,25.577,1.566,24.6,16.824,6158.67,79.18,603.73,5.248,57.79,19.902,25.5,1.554,24.539,16.893,NORMAL,0.0,1.0,1.0,1.0,1.0,0.0,0.0,0.0,0.0
134.2,CLIMB,78.82,56.23,6755.83,16.49,79.376,0.9547,6158.03,79.63,603.58,5.248,58.02,19.878,25.576,1.566,24.6,16.823,6159.74,79.85,602.68,5.246,57.67,19.897,25.587,1.522,24.553,16.699,NORMAL,0.0,1.0,1.0,1.0,1.0,0.0,0.0,0.0,0.0
134.3,CLIMB,78.81,56.23,6762.92,16.47,79.356,0.9545,6157.57,79.63,603.56,5.248,58.01,19.876,25.576,1.566,24.6,16.821,6159.92,79.7,602.55,5.219,58.24,19.973,25.584,1.572,24.593,16.909,NORMAL,0.0,1.0,1.0,1.0,1.0,0.0,0.0,0.0,0.0
134.4,CLIMB,78.8,56.22,6770.0,16.46,79.335,0.9543,6157.11,79.63,603.54,5.248,58.0,19.875,25.576,1.565,24.6,16.82,6164.64,79.87,604.69,5.276,57.64,20.006,25.621,1.533,24.595,16.744,NORMAL,0.0,1.0,1.0,1.0,1.0,0.0,0.0,0.0,0.0
134.5,CLIMB,78.79,56.21,6777.08,16.45,79.315,0.9541,6156.65,79.63,603.53,5.248,57.99,19.873,25.576,1.565,24.6,16.819,6154.35,79.18,602.57,5.24,57.92,19.77,25.622,1.59,24.619,16.902,NORMAL,0.0,1.0,1.0,1.0,1.0,0.0,0.0,0.0,0.0
134.6,CLIMB,78.78,56.21,6784.17,16.43,79.295,0.9539,6156.19,79.63,603.51,5.248,57.98,19.872,25.576,1.565,24.6,16.818,6160.36,80.24,604.77,5.234,57.72,19.814,25.66,1.595,24.656,16.805,NORMAL,0.0,1.0,1.0,1.0,1.0,0.0,0.0,0.0,0.0
134.7,CLIMB,78.78,56.2,6791.25,16.42,79.274,0.9537,6155.72,79.63,603.5,5.247,57.96,19.871,25.576,1.565,24.6,16.816,6155.68,79.91,603.15,5.294,58.23,19.895,25.589,1.639,24.606,16.866,NORMAL,0.0,1.0,1.0,1.0,1.0,0.0,0.0,0.0,0.0
134.8,CLIMB,78.77,56.2,6798.33,16.4,79.254,0.9535,6155.26,79.63,603.48,5.247,57.95,19.869,25.575,1.565,24.6,16.815,6163.01,79.36,603.44,5.2,57.97,19.958,25.605,1.571,24.576,17.036,NORMAL,0.0,1.0,1.0,1.0,1.0,0.0,0.0,0.0,0.0
134.9,CLIMB,78.76,56.19,6805.42,16.39,79.234,0.9533,6154.8,79.63,603.47,5.247,57.94,19.868,25.575,1.565,24.6,16.814,6152.99,79.6,603.96,5.246,57.7,20.026,25.682,1.578,24.546,16.792,NORMAL,0.0,1.0,1.0,1.0,1.0,0.0,0.0,0.0,0.0
135.0,CLIMB,78.75,56.19,6812.5,16.38,79.214,0.9531,6154.34,79.63,603.45,5.247,57.93,19.866,25.575,1.565,24.6,16.813,6148.83,80.03,604.1,5.237,58.46,19.84,25.628,1.593,24.494,16.7,NORMAL,0.0,1.0,1.0,1.0,1.0,0.0,0.0,0.0,0.0
135.1,CLIMB,78.74,56.18,6819.58,16.36,79.193,0.9529,6153.88,79.62,603.44,5.247,57.92,19.865,25.575,1.565,24.6,16.811,6152.95,79.49,602.88,5.262,57.44,19.918,25.6,1.594,24.548,16.848,NORMAL,0.0,1.0,1.0,1.0,1.0,0.0,0.0,0.0,0.0
135.2,CLIMB,78.73,56.18,6826.67,16.35,79.173,0.9527,6153.41,79.62,603.42,5.247,57.9,19.864,25.575,1.565,24.6,16.81,6152.94,79.02,605.72,5.249,57.4,19.748,25.599,1.587,24.595,16.77,NORMAL,0.0,1.0,1.0,1.0,1.0,0.0,0.0,0.0,0.0
135.3,CLIMB,78.73,56.17,6833.75,16.33,79.153,0.9525,6152.95,79.62,603.41,5.247,57.89,19.862,25.575,1.565,24.6,16.809,6146.13,79.6,603.83,5.239,58.27,19.864,25.594,1.53,24.705,16.807,NORMAL,0.0,1.0,1.0,1.0,1.0,0.0,0.0,0.0,0.0
135.4,CLIMB,78.72,56.17,6840.83,16.32,79.133,0.9523,6152.49,79.62,603.39,5.246,57.88,19.861,25.574,1.565,24.6,16.808,6155.86,79.9,604.61,5.294,58.15,19.678,25.562,1.569,24.622,16.854,NORMAL,0.0,1.0,1.0,1.0,1.0,0.0,0.0,0.0,0.0
135.5,CLIMB,78.71,56.16,6847.92,16.3,79.112,0.9522,6152.03,79.62,603.38,5.246,57.87,19.859,25.574,1.564,24.6,16.806,6157.49,79.32,607.8,5.226,57.41,19.874,25.558,1.551,24.578,16.911,NORMAL,0.0,1.0,1.0,1.0,1.0,0.0,0.0,0.0,0.0
135.6,CLIMB,78.7,56.16,6855.0,16.29,79.092,0.952,6151.57,79.62,603.36,5.246,57.85,19.858,25.574,1.564,24.6,16.805,6157.97,79.39,602.97,5.253,57.78,19.803,25.624,1.505,24.541,16.754,NORMAL,0.0,1.0,1.0,1.0,1.0,0.0,0.0,0.0,0.0
135.7,CLIMB,78.69,56.15,6862.08,16.28,79.072,0.9518,6151.11,79.62,603.35,5.246,57.84,19.857,25.574,1.564,24.6,16.804,6151.5,79.24,601.81,5.211,57.61,20.061,25.621,1.554,24.483,16.921,NORMAL,0.0,1.0,1.0,1.0,1.0,0.0,0.0,0.0,0.0
135.8,CLIMB,78.68,56.14,6869.17,16.26,79.052,0.9516,6150.65,79.62,603.33,5.246,57.83,19.855,25.574,1.564,24.6,16.803,6151.2,79.18,605.95,5.293,57.81,19.873,25.677,1.553,24.609,16.564,NORMAL,0.0,1.0,1.0,1.0,1.0,0.0,0.0,0.0,0.0
135.9,CLIMB,78.68,56.14,6876.25,16.25,79.031,0.9514,6150.18,79.62,603.32,5.246,57.82,19.854,25.574,1.564,24.6,16.801,6156.48,78.67,604.42,5.153,57.32,19.841,25.549,1.676,24.583,16.789,NORMAL,0.0,1.0,1.0,1.0,1.0,0.0,0.0,0.0,0.0
136.0,CLIMB,78.67,56.13,6883.33,16.23,79.011,0.9512,6149.72,79.62,603.3,5.245,57.81,19.852,25.573,1.564,24.6,16.8,6145.06,79.86,604.27,5.236,57.8,19.896,25.697,1.512,24.627,16.769,NORMAL,0.0,1.0,1.0,1.0,1.0,0.0,0.0,0.0,0.0
136.1,CLIMB,78.66,56.13,6890.42,16.22,78.991,0.951,6149.26,79.62,603.29,5.245,57.79,19.851,25.573,1.564,24.6,16.799,6152.01,79.27,607.14,5.251,57.99,19.925,25.629,1.603,24.661,16.977,NORMAL,0.0,1.0,1.0,1.0,1.0,0.0,0.0,0.0,0.0
136.2,CLIMB,78.65,56.12,6897.5,16.21,78.971,0.9508,6148.8,79.62,603.27,5.245,57.78,19.85,25.573,1.564,24.6,16.798,6146.57,79.81,603.07,5.246,57.94,19.805,25.624,1.616,24.605,17.003,NORMAL,0.0,1.0,1.0,1.0,1.0,0.0,0.0,0.0,0.0
136.3,CLIMB,78.64,56.12,6904.58,16.19,78.95,0.9506,6148.34,79.62,603.25,5.245,57.77,19.848,25.573,1.564,24.6,16.796,6144.49,80.11,603.35,5.27,57.84,19.861,25.6,1.645,24.682,16.735,NORMAL,0.0,1.0,1.0,1.0,1.0,0.0,0.0,0.0,0.0
136.4,CLIMB,78.63,56.11,6911.67,16.18,78.93,0.9504,6147.88,79.62,603.24,5.245,57.76,19.847,25.573,1.564,24.6,16.795,6140.13,80.18,604.67,5.231,58.03,19.886,25.612,1.533,24.567,16.813,NORMAL,0.0,1.0,1.0,1.0,1.0,0.0,0.0,0.0,0.0
136.5,CLIMB,78.63,56.11,6918.75,16.16,78.91,0.9502,6147.41,79.61,603.22,5.245,57.75,19.845,25.573,1.564,24.6,16.794,6145.23,79.27,603.44,5.285,57.88,19.855,25.525,1.563,24.625,16.894,NORMAL,0.0,1.0,1.0,1.0,1.0,0.0,0.0,0.0,0.0
136.6,CLIMB,78.62,56.1,6925.83,16.15,78.89,0.95,6146.95,79.61,603.21,5.245,57.73,19.844,25.572,1.564,24.6,16.793,6144.61,79.57,601.88,5.231,57.59,19.752,25.554,1.608,24.627,16.767,NORMAL,0.0,1.0,1.0,1.0,1.0,0.0,0.0,0.0,0.0
136.7,CLIMB,78.61,56.1,6932.92,16.13,78.87,0.9498,6146.49,79.61,603.19,5.244,57.72,19.843,25.572,1.563,24.6,16.791,6153.92,79.18,601.89,5.261,57.61,19.863,25.568,1.513,24.516,16.685,NORMAL,0.0,1.0,1.0,1.0,1.0,0.0,0.0,0.0,0.0
136.8,CLIMB,78.6,56.09,6940.0,16.12,78.849,0.9496,6146.03,79.61,603.18,5.244,57.71,19.841,25.572,1.563,24.6,16.79,6148.3,79.14,604.36,5.244,57.94,19.835,25.561,1.603,24.555,16.579,NORMAL,0.0,1.0,1.0,1.0,1.0,0.0,0.0,0.0,0.0
136.9,CLIMB,78.59,56.08,6947.08,16.11,78.829,0.9494,6145.57,79.61,603.16,5.244,57.7,19.84,25.572,1.563,24.6,16.789,6142.66,79.89,602.57,5.278,57.11,19.818,25.615,1.595,24.532,16.715,NORMAL,0.0,1.0,1.0,1.0,1.0,0.0,0.0,0.0,0.0
137.0,CLIMB,78.58,56.08,6954.17,16.09,78.809,0.9492,6145.11,79.61,603.15,5.244,57.68,19.838,25.572,1.563,24.6,16.788,6138.38,79.19,602.59,5.242,57.2,19.832,25.578,1.565,24.582,16.896,NORMAL,0.0,1.0,1.0,1.0,1.0,0.0,0.0,0.0,0.0
137.1,CLIMB,78.58,56.07,6961.25,16.08,78.789,0.949,6144.65,79.61,603.13,5.244,57.67,19.837,25.572,1.563,24.6,16.786,6133.27,78.77,605.92,5.239,57.81,19.749,25.556,1.46,24.608,16.935,NORMAL,0.0,1.0,1.0,1.0,1.0,0.0,0.0,0.0,0.0
137.2,CLIMB,78.57,56.07,6968.33,16.06,78.769,0.9488,6144.19,79.61,603.12,5.244,57.66,19.836,25.571,1.563,24.6,16.785,6144.52,79.36,600.75,5.275,57.64,20.039,25.603,1.642,24.605,16.812,NORMAL,0.0,1.0,1.0,1.0,1.0,0.0,0.0,0.0,0.0
137.3,CLIMB,78.56,56.06,6975.42,16.05,78.749,0.9486,6143.72,79.61,603.1,5.244,57.65,19.834,25.571,1.563,24.6,16.784,6151.04,79.05,604.98,5.26,57.52,19.81,25.524,1.634,24.639,16.817,NORMAL,0.0,1.0,1.0,1.0,1.0,0.0,0.0,0.0,0.0
137.4,CLIMB,78.55,56.06,6982.5,16.04,78.728,0.9484,6143.26,79.61,603.09,5.243,57.64,19.833,25.571,1.563,24.6,16.783,6148.43,79.45,603.52,5.257,57.66,19.957,25.519,1.547,24.642,16.79,NORMAL,0.0,1.0,1.0,1.0,1.0,0.0,0.0,0.0,0.0
137.5,CLIMB,78.54,56.05,6989.58,16.02,78.708,0.9482,6142.8,79.61,603.07,5.243,57.62,19.831,25.571,1.563,24.6,16.781,6137.28,79.17,604.98,5.274,57.66,19.868,25.45,1.519,24.62,16.832,NORMAL,0.0,1.0,1.0,1.0,1.0,0.0,0.0,0.0,0.0
137.6,CLIMB,78.53,56.05,6996.67,16.01,78.688,0.948,6142.34,79.61,603.06,5.243,57.61,19.83,25.571,1.563,24.6,16.78,6141.8,79.32,600.51,5.264,57.82,19.911,25.499,1.482,24.711,16.702,NORMAL,0.0,1.0,1.0,1.0,1.0,0.0,0.0,0.0,0.0
137.7,CLIMB,78.53,56.04,7003.75,15.99,78.668,0.9478,6141.88,79.61,603.04,5.243,57.6,19.829,25.571,1.563,24.6,16.779,6150.97,78.79,606.9,5.267,57.36,19.869,25.525,1.594,24.534,16.801,NORMAL,0.0,1.0,1.0,1.0,1.0,0.0,0.0,0.0,0.0
137.8,CLIMB,78.52,56.04,7010.83,15.98,78.648,0.9476,6141.42,79.6,603.03,5.243,57.59,19.827,25.57,1.562,24.6,16.778,6143.11,79.76,600.21,5.324,57.74,19.689,25.581,1.504,24.582,16.729,NORMAL,0.0,1.0,1.0,1.0,1.0,0.0,0.0,0.0,0.0
137.9,CLIMB,78.51,56.03,7017.92,15.96,78.628,0.9474,6140.96,79.6,603.01,5.243,57.57,19.826,25.57,1.562,24.6,16.776,6145.5,79.92,602.78,5.242,58.13,19.876,25.436,1.505,24.575,16.664,NORMAL,0.0,1.0,1.0,1.0,1.0,0.0,0.0,0.0,0.0
138.0,CLIMB,78.5,56.03,7025.0,15.95,78.608,0.9472,6140.5,79.6,603.0,5.242,57.56,19.824,25.57,1.562,24.6,16.775,6150.84,78.85,602.27,5.266,57.57,19.804,25.582,1.596,24.591,16.732,NORMAL,0.0,1.0,1.0,1.0,1.0,0.0,0.0,0.0,0.0
138.1,CLIMB,78.49,56.02,7032.08,15.94,78.588,0.947,6140.04,79.6,602.98,5.242,57.55,19.823,25.57,1.562,24.6,16.774,6136.29,79.34,601.07,5.269,57.92,19.858,25.541,1.587,24.644,16.759,NORMAL,0.0,1.0,1.0,1.0,1.0,0.0,0.0,0.0,0.0
138.2,CLIMB,78.48,56.01,7039.17,15.92,78.567,0.9468,6139.58,79.6,602.96,5.242,57.54,19.822,25.57,1.562,24.6,16.773,6138.49,79.66,603.59,5.272,57.31,19.806,25.639,1.506,24.703,16.587,NORMAL,0.0,1.0,1.0,1.0,1.0,0.0,0.0,0.0,0.0
138.3,CLIMB,78.48,56.01,7046.25,15.91,78.547,0.9466,6139.11,79.6,602.95,5.242,57.53,19.82,25.57,1.562,24.6,16.771,6143.43,78.6,602.8,5.239,57.37,19.813,25.594,1.627,24.59,16.778,NORMAL,0.0,1.0,1.0,1.0,1.0,0.0,0.0,0.0,0.0
138.4,CLIMB,78.47,56.0,7053.33,15.89,78.527,0.9465,6138.65,79.6,602.93,5.242,57.51,19.819,25.569,1.562,24.6,16.77,6142.56,79.32,602.33,5.244,57.22,19.831,25.634,1.528,24.624,16.584,NORMAL,0.0,1.0,1.0,1.0,1.0,0.0,0.0,0.0,0.0
138.5,CLIMB,78.46,56.0,7060.42,15.88,78.507,0.9463,6138.19,79.6,602.92,5.242,57.5,19.818,25.569,1.562,24.6,16.769,6137.02,80.1,603.65,5.199,57.55,19.72,25.518,1.537,24.584,16.796,NORMAL,0.0,1.0,1.0,1.0,1.0,0.0,0.0,0.0,0.0
138.6,CLIMB,78.45,55.99,7067.5,15.87,78.487,0.9461,6137.73,79.6,602.9,5.242,57.49,19.816,25.569,1.562,24.6,16.768,6137.68,79.43,601.07,5.278,57.7,19.88,25.53,1.498,24.684,16.713,NORMAL,0.0,1.0,1.0,1.0,1.0,0.0,0.0,0.0,0.0
138.7,CLIMB,78.44,55.99,7074.58,15.85,78.467,0.9459,6137.27,79.6,602.89,5.241,57.48,19.815,25.569,1.562,24.6,16.766,6139.11,79.67,602.98,5.29,57.22,19.718,25.56,1.633,24.682,16.75,NORMAL,0.0,1.0,1.0,1.0,1.0,0.0,0.0,0.0,0.0
138.8,CLIMB,78.43,55.98,7081.67,15.84,78.447,0.9457,6136.81,79.6,602.87,5.241,57.46,19.813,25.569,1.562,24.6,16.765,6147.53,79.5,604.4,5.232,57.56,20.038,25.55,1.545,24.579,16.827,NORMAL,0.0,1.0,1.0,1.0,1.0,0.0,0.0,0.0,0.0
138.9,CLIMB,78.43,55.98,7088.75,15.82,78.427,0.9455,6136.35,79.6,602.86,5.241,57.45,19.812,25.569,1.561,24.6,16.764,6136.47,80.07,603.33,5.195,57.32,19.811,25.558,1.509,24.61,16.668,NORMAL,0.0,1.0,1.0,1.0,1.0,0.0,0.0,0.0,0.0
139.0,CLIMB,78.42,55.97,7095.83,15.81,78.407,0.9453,6135.89,79.6,602.84,5.241,57.44,19.811,25.568,1.561,24.6,16.763,6135.45,79.39,602.12,5.276,57.45,19.931,25.546,1.598,24.592,16.781,NORMAL,0.0,1.0,1.0,1.0,1.0,0.0,0.0,0.0,0.0
139.1,CLIMB,78.41,55.97,7102.92,15.79,78.387,0.9451,6135.43,79.59,602.83,5.241,57.43,19.809,25.568,1.561,24.6,16.761,6152.68,79.64,605.97,5.287,57.39,19.888,25.581,1.575,24.714,16.643,NORMAL,0.0,1.0,1.0,1.0,1.0,0.0,0.0,0.0,0.0
139.2,CLIMB,78.4,55.96,7110.0,15.78,78.367,0.9449,6134.97,79.59,602.81,5.241,57.42,19.808,25.568,1.561,24.6,16.76,6145.9,80.23,604.25,5.239,57.14,19.84,25.556,1.575,24.579,16.77,NORMAL,0.0,1.0,1.0,1.0,1.0,0.0,0.0,0.0,0.0
139.3,CLIMB,78.39,55.95,7117.08,15.77,78.346,0.9447,6134.51,79.59,602.8,5.241,57.4,19.806,25.568,1.561,24.6,16.759,6139.13,79.6,600.75,5.264,57.7,19.996,25.51,1.601,24.675,16.727,NORMAL,0.0,1.0,1.0,1.0,1.0,0.0,0.0,0.0,0.0
139.4,CLIMB,78.38,55.95,7124.17,15.75,78.326,0.9445,6134.05,79.59,602.78,5.24,57.39,19.805,25.568,1.561,24.6,16.758,6123.14,81.05,602.42,5.199,57.45,19.828,25.566,1.465,24.565,16.659,NORMAL,0.0,1.0,1.0,1.0,1.0,0.0,0.0,0.0,0.0
139.5,CLIMB,78.38,55.94,7131.25,15.74,78.306,0.9443,6133.58,79.59,602.77,5.24,57.38,19.804,25.568,1.561,24.6,16.756,6137.16,79.05,602.66,5.251,57.4,19.741,25.636,1.606,24.534,16.754,NORMAL,0.0,1.0,1.0,1.0,1.0,0.0,0.0,0.0,0.0
139.6,CLIMB,78.37,55.94,7138.33,15.72,78.286,0.9441,6133.12,79.59,602.75,5.24,57.37,19.802,25.567,1.561,24.6,16.755,6131.83,79.64,605.65,5.216,57.52,19.941,25.555,1.588,24.544,16.721,NORMAL,0.0,1.0,1.0,1.0,1.0,0.0,0.0,0.0,0.0
139.7,CLIMB,78.36,55.93,7145.42,15.71,78.266,0.9439,6132.66,79.59,602.74,5.24,57.35,19.801,25.567,1.561,24.6,16.754,6122.97,79.63,601.61,5.28,57.22,19.79,25.62,1.65,24.611,16.816,NORMAL,0.0,1.0,1.0,1.0,1.0,0.0,0.0,0.0,0.0
139.8,CLIMB,78.35,55.93,7152.5,15.7,78.246,0.9437,6132.2,79.59,602.72,5.24,57.34,19.799,25.567,1.561,24.6,16.753,6136.57,79.44,603.28,5.247,57.19,19.715,25.581,1.573,24.563,16.776,NORMAL,0.0,1.0,1.0,1.0,1.0,0.0,0.0,0.0,0.0
139.9,CLIMB,78.34,55.92,7159.58,15.68,78.226,0.9435,6131.74,79.59,602.7,5.24,57.33,19.798,25.567,1.561,24.6,16.751,6129.4,79.31,603.05,5.235,57.74,19.762,25.656,1.564,24.645,16.865,NORMAL,0.0,1.0,1.0,1.0,1.0,0.0,0.0,0.0,0.0
140.0,CLIMB,78.33,55.92,7166.67,15.67,78.206,0.9433,6131.28,79.59,602.69,5.239,57.32,19.797,25.567,1.56,24.6,16.75,6130.93,79.7,604.37,5.219,57.51,19.555,25.518,1.507,24.592,16.698,NORMAL,0.0,1.0,1.0,1.0,1.0,0.0,0.0,0.0,0.0
140.1,CLIMB,78.33,55.91,7173.75,15.65,78.186,0.9431,6130.82,79.59,602.67,5.239,57.3,19.795,25.567,1.56,24.6,16.749,6131.96,79.84,600.7,5.315,57.36,19.792,25.529,1.497,24.535,16.916,NORMAL,0.0,1.0,1.0,1.0,1.0,0.0,0.0,0.0,0.0
140.2,CLIMB,78.32,55.91,7180.83,15.64,78.166,0.9429,6130.36,79.59,602.66,5.239,57.29,19.794,25.566,1.56,24.6,16.748,6122.9,79.16,601.43,5.263,57.54,19.773,25.673,1.568,24.666,16.712,NORMAL,0.0,1.0,1.0,1.0,1.0,0.0,0.0,0.0,0.0
140.3,CLIMB,78.31,55.9,7187.92,15.62,78.146,0.9427,6129.9,79.59,602.64,5.239,57.28,19.792,25.566,1.56,24.6,16.746,6127.78,79.82,602.75,5.26,57.57,19.647,25.522,1.648,24.642,16.885,NORMAL,0.0,1.0,1.0,1.0,1.0,0.0,0.0,0.0,0.0
140.4,CLIMB,78.3,55.9,7195.0,15.61,78.126,0.9425,6129.44,79.58,602.63,5.239,57.27,19.791,25.566,1.56,24.6,16.745,6125.53,79.78,601.17,5.307,57.18,19.727,25.63,1.562,24.541,16.699,NORMAL,0.0,1.0,1.0,1.0,1.0,0.0,0.0,0.0,0.0
140.5,CLIMB,78.29,55.89,7202.08,15.6,78.106,0.9423,6128.98,79.58,602.61,5.239,57.26,19.79,25.566,1.56,24.6,16.744,6133.43,79.11,600.67,5.232,57.4,19.925,25.547,1.643,24.624,16.8,NORMAL,0.0,1.0,1.0,1.0,1.0,0.0,0.0,0.0,0.0
140.6,CLIMB,78.28,55.88,7209.17,15.58,78.086,0.9422,6128.52,79.58,602.6,5.239,57.24,19.788,25.566,1.56,24.6,16.743,6131.9,79.26,601.21,5.29,56.95,19.895,25.597,1.484,24.63,16.711,NORMAL,0.0,1.0,1.0,1.0,1.0,0.0,0.0,0.0,0.0
140.7,CLIMB,78.28,55.88,7216.25,15.57,78.066,0.942,6128.06,79.58,602.58,5.238,57.23,19.787,25.566,1.56,24.6,16.741,6129.25,78.83,602.78,5.284,57.34,19.797,25.415,1.63,24.559,16.698,NORMAL,0.0,1.0,1.0,1.0,1.0,0.0,0.0,0.0,0.0
140.8,CLIMB,78.27,55.87,7223.33,15.55,78.046,0.9418,6127.6,79.58,602.57,5.238,57.22,19.785,25.565,1.56,24.6,16.74,6134.18,79.4,603.8,5.28,57.58,19.624,25.552,1.564,24.593,16.739,NORMAL,0.0,1.0,1.0,1.0,1.0,0.0,0.0,0.0,0.0
140.9,CLIMB,78.26,55.87,7230.42,15.54,78.026,0.9416,6127.14,79.58,602.55,5.238,57.21,19.784,25.565,1.56,24.6,16.739,6120.37,78.88,602.96,5.224,57.0,19.754,25.569,1.539,24.693,16.779,NORMAL,0.0,1.0,1.0,1.0,1.0,0.0,0.0,0.0,0.0
141.0,CLIMB,78.25,55.86,7237.5,15.53,78.006,0.9414,6126.68,79.58,602.54,5.238,57.19,19.783,25.565,1.56,24.6,16.738,6119.66,79.47,602.2,5.268,56.88,19.967,25.499,1.566,24.698,16.659,NORMAL,0.0,1.0,1.0,1.0,1.0,0.0,0.0,0.0,0.0
141.1,CLIMB,78.24,55.86,7244.58,15.51,77.986,0.9412,6126.22,79.58,602.52,5.238,57.18,19.781,25.565,1.559,24.6,16.736,6128.74,79.06,599.98,5.224,57.52,19.734,25.621,1.523,24.621,16.707,NORMAL,0.0,1.0,1.0,1.0,1.0,0.0,0.0,0.0,0.0
141.2,CLIMB,78.23,55.85,7251.67,15.5,77.966,0.941,6125.76,79.58,602.51,5.238,57.17,19.78,25.565,1.559,24.6,16.735,6121.94,79.06,604.07,5.225,57.69,19.828,25.492,1.564,24.546,16.852,NORMAL,0.0,1.0,1.0,1.0,1.0,0.0,0.0,0.0,0.0
141.3,CLIMB,78.23,55.85,7258.75,15.48,77.946,0.9408,6125.3,79.58,602.49,5.238,57.16,19.778,25.565,1.559,24.6,16.734,6127.2,79.89,604.15,5.277,57.67,19.619,25.612,1.514,24.6,16.751,NORMAL,0.0,1.0,1.0,1.0,1.0,0.0,0.0,0.0,0.0
141.4,CLIMB,78.22,55.84,7265.83,15.47,77.926,0.9406,6124.84,79.58,602.48,5.237,57.14,19.777,25.564,1.559,24.6,16.733,6120.06,79.81,602.55,5.248,57.06,19.924,25.565,1.631,24.609,16.711,NORMAL,0.0,1.0,1.0,1.0,1.0,0.0,0.0,0.0,0.0
141.5,CLIMB,78.21,55.84,7272.92,15.45,77.907,0.9404,6124.38,79.58,602.46,5.237,57.13,19.776,25.564,1.559,24.6,16.731,6127.61,79.64,602.08,5.224,57.24,19.859,25.627,1.535,24.648,16.798,NORMAL,0.0,1.0,1.0,1.0,1.0,0.0,0.0,0.0,0.0
141.6,CLIMB,78.2,55.83,7280.0,15.44,77.887,0.9402,6123.92,79.58,602.44,5.237,57.12,19.774,25.564,1.559,24.6,16.73,6126.68,79.47,600.44,5.235,56.95,19.861,25.508,1.586,24.71,16.752,NORMAL,0.0,1.0,1.0,1.0,1.0,0.0,0.0,0.0,0.0
141.7,CLIMB,78.19,55.82,7287.08,15.43,77.867,0.94,6123.46,79.57,602.43,5.237,57.11,19.773,25.564,1.559,24.6,16.729,6120.66,79.54,600.75,5.236,56.7,19.792,25.62,1.59,24.648,16.772,NORMAL,0.0,1.0,1.0,1.0,1.0,0.0,0.0,0.0,0.0
141.8,CLIMB,78.18,55.82,7294.17,15.41,77.847,0.9398,6123.0,79.57,602.41,5.237,57.1,19.771,25.564,1.559,24.6,16.728,6114.37,78.65,602.98,5.213,57.38,19.574,25.582,1.474,24.641,16.76,NORMAL,0.0,1.0,1.0,1.0,1.0,0.0,0.0,0.0,0.0
141.9,CLIMB,78.18,55.81,7301.25,15.4,77.827,0.9396,6122.54,79.57,602.4,5.237,57.08,19.77,25.564,1.559,24.6,16.726,6117.17,78.77,602.57,5.249,56.98,19.859,25.547,1.53,24.609,16.744,NORMAL,0.0,1.0,1.0,1.0,1.0,0.0,0.0,0.0,0.0
142.0,CLIMB,78.17,55.81,7308.33,15.38,77.807,0.9394,6122.08,79.57,602.38,5.237,57.07,19.769,25.563,1.559,24.6,16.725,6123.26,80.43,601.41,5.251,56.51,19.536,25.511,1.468,24.563,16.586,NORMAL,0.0,1.0,1.0,1.0,1.0,0.0,0.0,0.0,0.0
142.1,CLIMB,78.16,55.8,7315.42,15.37,77.787,0.9392,6121.62,79.57,602.37,5.236,57.06,19.767,25.563,1.559,24.6,16.724,6120.23,79.62,602.61,5.277,57.89,19.726,25.529,1.574,24.567,16.697,NORMAL,0.0,1.0,1.0,1.0,1.0,0.0,0.0,0.0,0.0
142.2,CLIMB,78.15,55.8,7322.5,15.36,77.767,0.939,6121.16,79.57,602.35,5.236,57.05,19.766,25.563,1.558,24.6,16.723,6115.51,79.4,600.99,5.237,57.27,19.549,25.57,1.565,24.631,16.675,NORMAL,0.0,1.0,1.0,1.0,1.0,0.0,0.0,0.0,0.0
142.3,CLIMB,78.14,55.79,7329.58,15.34,77.747,0.9388,6120.7,79.57,602.34,5.236,57.03,19.764,25.563,1.558,24.6,16.721,6112.9,79.54,606.05,5.253,57.15,19.709,25.617,1.508,24.687,16.622,NORMAL,0.0,1.0,1.0,1.0,1.0,0.0,0.0,0.0,0.0
142.4,CLIMB,78.13,55.79,7336.67,15.33,77.727,0.9387,6120.24,79.57,602.32,5.236,57.02,19.763,25.563,1.558,24.6,16.72,6121.95,79.99,602.21,5.257,56.63,19.772,25.495,1.55,24.66,16.669,NORMAL,0.0,1.0,1.0,1.0,1.0,0.0,0.0,0.0,0.0
142.5,CLIMB,78.13,55.78,7343.75,15.31,77.707,0.9385,6119.78,79.57,602.31,5.236,57.01,19.762,25.563,1.558,24.6,16.719,6120.91,79.5,602.84,5.254,57.17,19.94,25.583,1.564,24.554,16.807,NORMAL,0.0,1.0,1.0,1.0,1.0,0.0,0.0,0.0,0.0
142.6,CLIMB,78.12,55.78,7350.83,15.3,77.687,0.9383,6119.32,79.57,602.29,5.236,57.0,19.76,25.562,1.558,24.6,16.718,6116.97,80.55,602.8,5.261,57.3,19.763,25.543,1.634,24.575,16.591,NORMAL,0.0,1.0,1.0,1.0,1.0,0.0,0.0,0.0,0.0
142.7,CLIMB,78.11,55.77,7357.92,15.28,77.668,0.9381,6118.86,79.57,602.28,5.235,56.98,19.759,25.562,1.558,24.6,16.716,6117.36,78.91,602.02,5.227,56.92,19.495,25.568,1.561,24.576,16.851,NORMAL,0.0,1.0,1.0,1.0,1.0,0.0,0.0,0.0,0.0
142.8,CLIMB,78.1,55.77,7365.0,15.27,77.648,0.9379,6118.4,79.57,602.26,5.235,56.97,19.757,25.562,1.558,24.6,16.715,6127.82,78.87,601.8,5.303,57.03,19.727,25.577,1.545,24.607,16.785,NORMAL,0.0,1.0,1.0,1.0,1.0,0.0,0.0,0.0,0.0
142.9,CLIMB,78.09,55.76,7372.08,15.26,77.628,0.9377,6117.94,79.57,602.25,5.235,56.96,19.756,25.562,1.558,24.6,16.714,6114.73,79.85,602.62,5.187,57.33,19.759,25.554,1.568,24.638,16.789,NORMAL,0.0,1.0,1.0,1.0,1.0,0.0,0.0,0.0,0.0
143.0,CLIMB,78.08,55.75,7379.17,15.24,77.608,0.9375,6117.48,79.56,602.23,5.235,56.95,19.755,25.562,1.558,24.6,16.713,6109.61,79.02,601.45,5.264,57.11,19.844,25.534,1.608,24.673,16.593,NORMAL,0.0,1.0,1.0,1.0,1.0,0.0,0.0,0.0,0.0
143.1,CLIMB,78.08,55.75,7386.25,15.23,77.588,0.9373,6117.02,79.56,602.22,5.235,56.93,19.753,25.562,1.558,24.6,16.711,6106.71,79.76,601.47,5.304,56.72,19.951,25.504,1.647,24.564,16.807,NORMAL,0.0,1.0,1.0,1.0,1.0,0.0,0.0,0.0,0.0
143.2,CLIMB,78.07,55.74,7393.33,15.21,77.568,0.9371,6116.56,79.56,602.2,5.235,56.92,19.752,25.561,1.558,24.6,16.71,6115.21,79.49,602.79,5.259,57.02,19.83,25.578,1.666,24.529,16.773,NORMAL,0.0,1.0,1.0,1.0,1.0,0.0,0.0,0.0,0.0
143.3,CLIMB,78.06,55.74,7400.42,15.2,77.548,0.9369,6116.1,79.56,602.18,5.235,56.91,19.75,25.561,1.558,24.6,16.709,6114.14,80.01,604.93,5.252,56.99,19.808,25.552,1.515,24.646,16.755,NORMAL,0.0,1.0,1.0,1.0,1.0,0.0,0.0,0.0,0.0
143.4,CLIMB,78.05,55.73,7407.5,15.19,77.529,0.9367,6115.64,79.56,602.17,5.234,56.9,19.749,25.561,1.557,24.6,16.708,6112.1,79.49,604.64,5.265,56.93,19.719,25.594,1.495,24.553,16.679,NORMAL,0.0,1.0,1.0,1.0,1.0,0.0,0.0,0.0,0.0
143.5,CLIMB,78.04,55.73,7414.58,15.17,77.509,0.9365,6115.18,79.56,602.15,5.234,56.88,19.748,25.561,1.557,24.6,16.706,6123.94,78.84,602.15,5.293,56.68,19.819,25.523,1.531,24.588,16.709,NORMAL,0.0,1.0,1.0,1.0,1.0,0.0,0.0,0.0,0.0
143.6,CLIMB,78.03,55.72,7421.67,15.16,77.489,0.9363,6114.72,79.56,602.14,5.234,56.87,19.746,25.561,1.557,24.6,16.705,6122.85,79.39,601.41,5.228,57.35,19.763,25.608,1.563,24.579,16.677,NORMAL,0.0,1.0,1.0,1.0,1.0,0.0,0.0,0.0,0.0
143.7,CLIMB,78.03,55.72,7428.75,15.14,77.469,0.9361,6114.26,79.56,602.12,5.234,56.86,19.745,25.561,1.557,24.6,16.704,6123.67,79.67,602.31,5.202,56.51,19.761,25.603,1.535,24.594,16.673,NORMAL,0.0,1.0,1.0,1.0,1.0,0.0,0.0,0.0,0.0
143.8,CLIMB,78.02,55.71,7435.83,15.13,77.449,0.9359,6113.8,79.56,602.11,5.234,56.85,19.743,25.56,1.557,24.6,16.703,6112.42,79.74,602.26,5.222,56.7,19.677,25.506,1.556,24.571,16.833,NORMAL,0.0,1.0,1.0,1.0,1.0,0.0,0.0,0.0,0.0
143.9,CLIMB,78.01,55.71,7442.92,15.11,77.429,0.9357,6113.34,79.56,602.09,5.234,56.83,19.742,25.56,1.557,24.6,16.701,6112.06,79.09,603.45,5.199,56.8,19.694,25.468,1.603,24.514,17.002,NORMAL,0.0,1.0,1.0,1.0,1.0,0.0,0.0,0.0,0.0
144.0,CLIMB,78.0,55.7,7450.0,15.1,77.41,0.9356,6112.88,79.56,602.08,5.234,56.82,19.741,25.56,1.557,24.6,16.7,6123.56,79.26,601.12,5.253,57.07,19.718,25.566,1.554,24.676,16.811,NORMAL,0.0,1.0,1.0,1.0,1.0,0.0,0.0,0.0,0.0
144.1,CLIMB,77.99,55.69,7457.08,15.09,77.39,0.9354,6112.42,79.56,602.06,5.233,56.81,19.739,25.56,1.557,24.6,16.699,6109.98,79.5,602.24,5.259,56.9,19.703,25.5,1.582,24.609,16.738,NORMAL,0.0,1.0,1.0,1.0,1.0,0.0,0.0,0.0,0.0
144.2,CLIMB,77.98,55.69,7464.17,15.07,77.37,0.9352,6111.96,79.56,602.05,5.233,56.8,19.738,25.56,1.557,24.6,16.698,6118.38,79.63,601.42,5.272,57.33,19.771,25.54,1.49,24.54,16.74,NORMAL,0.0,1.0,1.0,1.0,1.0,0.0,0.0,0.0,0.0
144.3,CLIMB,77.98,55.68,7471.25,15.06,77.35,0.935,6111.5,79.55,602.03,5.233,56.78,19.736,25.56,1.557,24.6,16.696,6107.82,79.93,600.48,5.215,56.69,19.763,25.511,1.526,24.516,16.832,NORMAL,0.0,1.0,1.0,1.0,1.0,0.0,0.0,0.0,0.0
144.4,CLIMB,77.97,55.68,7478.33,15.04,77.33,0.9348,6111.04,79.55,602.02,5.233,56.77,19.735,25.559,1.557,24.6,16.695,6105.58,79.57,599.85,5.254,56.92,19.884,25.542,1.651,24.554,16.42,NORMAL,0.0,1.0,1.0,1.0,1.0,0.0,0.0,0.0,0.0
144.5,CLIMB,77.96,55.67,7485.42,15.03,77.311,0.9346,6110.59,79.55,602.0,5.233,56.76,19.734,25.559,1.556,24.6,16.694,6114.14,79.7,603.05,5.246,56.27,19.761,25.579,1.481,24.569,16.669,NORMAL,0.0,1.0,1.0,1.0,1.0,0.0,0.0,0.0,0.0
144.6,CLIMB,77.95,55.67,7492.5,15.02,77.291,0.9344,6110.13,79.55,601.99,5.233,56.75,19.732,25.559,1.556,24.6,16.693,6105.97,79.87,603.02,5.171,56.34,19.909,25.46,1.558,24.649,16.624,NORMAL,0.0,1.0,1.0,1.0,1.0,0.0,0.0,0.0,0.0
144.7,CLIMB,77.94,55.66,7499.58,15.0,77.271,0.9342,6109.67,79.55,601.97,5.233,56.74,19.731,25.559,1.556,24.6,16.691,6117.72,79.18,603.12,5.249,56.68,19.786,25.589,1.552,24.63,16.755,NORMAL,0.0,1.0,1.0,1.0,1.0,0.0,0.0,0.0,0.0
144.8,CLIMB,77.93,55.66,7506.67,14.99,77.251,0.934,6109.21,79.55,601.95,5.232,56.72,19.729,25.559,1.556,24.6,16.69,6117.98,79.38,601.15,5.24,56.89,19.746,25.614,1.451,24.58,16.763,NORMAL,0.0,1.0,1.0,1.0,1.0,0.0,0.0,0.0,0.0
144.9,CLIMB,77.93,55.65,7513.75,14.97,77.231,0.9338,6108.75,79.55,601.94,5.232,56.71,19.728,25.559,1.556,24.6,16.689,6109.52,78.75,603.84,5.256,56.78,19.743,25.504,1.598,24.634,16.846,NORMAL,0.0,1.0,1.0,1.0,1.0,0.0,0.0,0.0,0.0
145.0,CLIMB,77.92,55.65,7520.83,14.96,77.212,0.9336,6108.29,79.55,601.92,5.232,56.7,19.727,25.558,1.556,24.6,16.688,6108.62,78.88,600.92,5.21,56.4,19.572,25.524,1.582,24.567,16.582,NORMAL,0.0,1.0,1.0,1.0,1.0,0.0,0.0,0.0,0.0
145.1,CLIMB,77.91,55.64,7527.92,14.94,77.192,0.9334,6107.83,79.55,601.91,5.232,56.69,19.725,25.558,1.556,24.6,16.686,6105.12,79.22,600.17,5.2,56.62,19.677,25.623,1.577,24.534,16.852,NORMAL,0.0,1.0,1.0,1.0,1.0,0.0,0.0,0.0,0.0
145.2,CLIMB,77.9,55.64,7535.0,14.93,77.172,0.9332,6107.37,79.55,601.89,5.232,56.67,19.724,25.558,1.556,24.6,16.685,6106.29,79.85,602.85,5.241,56.25,19.767,25.584,1.636,24.544,16.747,NORMAL,0.0,1.0,1.0,1.0,1.0,0.0,0.0,0.0,0.0
145.3,CLIMB,77.89,55.63,7542.08,14.92,77.152,0.933,6106.91,79.55,601.88,5.232,56.66,19.722,25.558,1.556,24.6,16.684,6113.19,79.79,603.18,5.227,57.37,19.75,25.566,1.555,24.64,16.903,NORMAL,0.0,1.0,1.0,1.0,1.0,0.0,0.0,0.0,0.0
145.4,CLIMB,77.88,55.62,7549.17,14.9,77.133,0.9328,6106.45,79.55,601.86,5.231,56.65,19.721,25.558,1.556,24.6,16.683,6115.03,79.37,601.11,5.253,56.9,19.735,25.502,1.589,24.706,16.683,NORMAL,0.0,1.0,1.0,1.0,1.0,0.0,0.0,0.0,0.0
145.5,CLIMB,77.88,55.62,7556.25,14.89,77.113,0.9327,6105.99,79.55,601.85,5.231,56.64,19.72,25.558,1.556,24.6,16.681,6103.12,80.33,602.47,5.195,56.96,19.815,25.596,1.594,24.562,16.784,NORMAL,0.0,1.0,1.0,1.0,1.0,0.0,0.0,0.0,0.0
145.6,CLIMB,77.87,55.61,7563.33,14.87,77.093,0.9325,6105.53,79.54,601.83,5.231,56.62,19.718,25.557,1.555,24.6,16.68,6105.05,79.87,601.03,5.246,56.83,19.552,25.551,1.615,24.549,16.69,NORMAL,0.0,1.0,1.0,1.0,1.0,0.0,0.0,0.0,0.0
145.7,CLIMB,77.86,55.61,7570.42,14.86,77.073,0.9323,6105.07,79.54,601.82,5.231,56.61,19.717,25.557,1.555,24.6,16.679,6113.19,79.26,602.85,5.235,56.61,19.791,25.557,1.558,24.581,16.628,NORMAL,0.0,1.0,1.0,1.0,1.0,0.0,0.0,0.0,0.0
145.8,CLIMB,77.85,55.6,7577.5,14.85,77.054,0.9321,6104.62,79.54,601.8,5.231,56.6,19.715,25.557,1.555,24.6,16.678,6111.22,79.23,601.0,5.209,56.23,19.69,25.506,1.495,24.539,16.729,NORMAL,0.0,1.0,1.0,1.0,1.0,0.0,0.0,0.0,0.0
145.9,CLIMB,77.84,55.6,7584.58,14.83,77.034,0.9319,6104.16,79.54,601.79,5.231,56.59,19.714,25.557,1.555,24.6,16.676,6098.67,79.28,601.85,5.183,56.3,19.699,25.526,1.59,24.637,16.722,NORMAL,0.0,1.0,1.0,1.0,1.0,0.0,0.0,0.0,0.0
146.0,CLIMB,77.83,55.59,7591.67,14.82,77.014,0.9317,6103.7,79.54,601.77,5.231,56.57,19.713,25.557,1.555,24.6,16.675,6105.07,79.68,603.56,5.211,56.97,19.8,25.616,1.536,24.631,16.479,NORMAL,0.0,1.0,1.0,1.0,1.0,0.0,0.0,0.0,0.0
146.1,CLIMB,77.83,55.59,7598.75,14.8,76.995,0.9315,6103.24,79.54,601.76,5.23,56.56,19.711,25.557,1.555,24.6,16.674,6099.54,78.97,601.59,5.229,56.48,19.642,25.537,1.548,24.56,16.747,NORMAL,0.0,1.0,1.0,1.0,1.0,0.0,0.0,0.0,0.0
146.2,CLIMB,77.82,55.58,7605.83,14.79,76.975,0.9313,6102.78,79.54,601.74,5.23,56.55,19.71,25.556,1.555,24.6,16.673,6102.48,78.95,601.32,5.235,56.15,19.709,25.564,1.498,24.639,16.747,NORMAL,0.0,1.0,1.0,1.0,1.0,0.0,0.0,0.0,0.0
146.3,CLIMB,77.81,55.58,7612.92,14.77,76.955,0.9311,6102.32,79.54,601.72,5.23,56.54,19.708,25.556,1.555,24.6,16.671,6107.07,79.34,599.2,5.239,56.66,19.764,25.576,1.526,24.524,16.664,NORMAL,0.0,1.0,1.0,1.0,1.0,0.0,0.0,0.0,0.0
146.4,CLIMB,77.8,55.57,7620.0,14.76,76.935,0.9309,6101.86,79.54,601.71,5.23,56.52,19.707,25.556,1.555,24.6,16.67,6101.85,79.62,599.54,5.192,56.75,19.742,25.507,1.529,24.667,16.731,NORMAL,0.0,1.0,1.0,1.0,1.0,0.0,0.0,0.0,0.0
146.5,CLIMB,77.79,55.56,7627.08,14.75,76.916,0.9307,6101.4,79.54,601.69,5.23,56.51,19.706,25.556,1.555,24.6,16.669,6091.54,80.1,600.54,5.28,55.97,19.598,25.487,1.594,24.588,16.741,NORMAL,0.0,1.0,1.0,1.0,1.0,0.0,0.0,0.0,0.0
146.6,CLIMB,77.78,55.56,7634.17,14.73,76.896,0.9305,6100.94,79.54,601.68,5.23,56.5,19.704,25.556,1.555,24.6,16.668,6099.56,80.03,606.85,5.249,56.56,19.667,25.582,1.534,24.588,16.59,NORMAL,0.0,1.0,1.0,1.0,1.0,0.0,0.0,0.0,0.0
146.7,CLIMB,77.78,55.55,7641.25,14.72,76.876,0.9303,6100.48,79.54,601.66,5.23,56.49,19.703,25.556,1.554,24.6,16.666,6098.8,79.47,600.49,5.185,56.15,19.823,25.515,1.478,24.597,16.612,NORMAL,0.0,1.0,1.0,1.0,1.0,0.0,0.0,0.0,0.0
146.8,CLIMB,77.77,55.55,7648.33,14.7,76.857,0.9302,6100.03,79.54,601.65,5.229,56.47,19.701,25.555,1.554,24.6,16.665,6102.55,79.08,599.75,5.238,56.24,19.91,25.556,1.503,24.646,16.643,NORMAL,0.0,1.0,1.0,1.0,1.0,0.0,0.0,0.0,0.0
146.9,CLIMB,77.76,55.54,7655.42,14.69,76.837,0.93,6099.57,79.53,601.63,5.229,56.46,19.7,25.555,1.554,24.6,16.664,6093.58,79.75,599.38,5.224,56.11,19.466,25.545,1.481,24.593,16.591,NORMAL,0.0,1.0,1.0,1.0,1.0,0.0,0.0,0.0,0.0
147.0,CLIMB,77.75,55.54,7662.5,14.68,76.817,0.9298,6099.11,79.53,601.62,5.229,56.45,19.699,25.555,1.554,24.6,16.663,6097.29,79.53,599.99,5.266,56.36,19.67,25.654,1.606,24.675,16.73,NORMAL,0.0,1.0,1.0,1.0,1.0,0.0,0.0,0.0,0.0
147.1,CLIMB,77.74,55.53,7669.58,14.66,76.798,0.9296,6098.65,79.53,601.6,5.229,56.44,19.697,25.555,1.554,24.6,16.661,6106.66,78.87,605.55,5.246,56.62,19.524,25.565,1.616,24.561,16.626,NORMAL,0.0,1.0,1.0,1.0,1.0,0.0,0.0,0.0,0.0
147.2,CLIMB,77.73,55.53,7676.67,14.65,76.778,0.9294,6098.19,79.53,601.59,5.229,56.42,19.696,25.555,1.554,24.6,16.66,6100.38,79.57,601.53,5.253,56.4,19.7,25.639,1.551,24.542,16.636,NORMAL,0.0,1.0,1.0,1.0,1.0,0.0,0.0,0.0,0.0
147.3,CLIMB,77.73,55.52,7683.75,14.63,76.758,0.9292,6097.73,79.53,601.57,5.229,56.41,19.694,25.555,1.554,24.6,16.659,6096.96,79.2,602.2,5.167,56.27,19.857,25.538,1.535,24.573,16.637,NORMAL,0.0,1.0,1.0,1.0,1.0,0.0,0.0,0.0,0.0
147.4,CLIMB,77.72,55.52,7690.83,14.62,76.739,0.929,6097.27,79.53,601.56,5.229,56.4,19.693,25.554,1.554,24.6,16.658,6101.25,80.37,599.8,5.235,56.65,19.775,25.499,1.532,24.631,16.556,NORMAL,0.0,1.0,1.0,1.0,1.0,0.0,0.0,0.0,0.0
147.5,CLIMB,77.71,55.51,7697.92,14.6,76.719,0.9288,6096.82,79.53,601.54,5.228,56.39,19.692,25.554,1.554,24.6,16.656,6091.68,79.63,600.05,5.214,56.14,19.611,25.521,1.491,24.537,16.771,NORMAL,0.0,1.0,1.0,1.0,1.0,0.0,0.0,0.0,0.0
147.6,CLIMB,77.7,55.51,7705.0,14.59,76.7,0.9286,6096.36,79.53,601.53,5.228,56.37,19.69,25.554,1.554,24.6,16.655,6094.79,79.61,600.77,5.194,56.06,19.745,25.573,1.426,24.596,16.756,NORMAL,0.0,1.0,1.0,1.0,1.0,0.0,0.0,0.0,0.0
147.7,CLIMB,77.69,55.5,7712.08,14.58,76.68,0.9284,6095.9,79.53,601.51,5.228,56.36,19.689,25.554,1.554,24.6,16.654,6091.55,78.71,600.59,5.244,57.21,19.931,25.469,1.54,24.616,16.528,NORMAL,0.0,1.0,1.0,1.0,1.0,0.0,0.0,0.0,0.0
147.8,CLIMB,77.68,55.49,7719.17,14.56,76.66,0.9282,6095.44,79.53,601.49,5.228,56.35,19.687,25.554,1.553,24.6,16.653,6093.55,79.75,601.42,5.259,56.66,19.825,25.549,1.532,24.632,16.477,NORMAL,0.0,1.0,1.0,1.0,1.0,0.0,0.0,0.0,0.0
147.9,CLIMB,77.68,55.49,7726.25,14.55,76.641,0.928,6094.98,79.53,601.48,5.228,56.33,19.686,25.554,1.553,24.6,16.651,6088.44,79.39,600.33,5.2,56.08,19.621,25.584,1.56,24.562,16.644,NORMAL,0.0,1.0,1.0,1.0,1.0,0.0,0.0,0.0,0.0
148.0,CLIMB,77.67,55.48,7733.33,14.53,76.621,0.9278,6094.52,79.53,601.46,5.228,56.32,19.684,25.553,1.553,24.6,16.65,6094.27,79.87,604.53,5.236,56.43,19.693,25.656,1.537,24.558,16.594,NORMAL,0.0,1.0,1.0,1.0,1.0,0.0,0.0,0.0,0.0
148.1,CLIMB,77.66,55.48,7740.42,14.52,76.601,0.9277,6094.06,79.53,601.45,5.227,56.31,19.683,25.553,1.553,24.6,16.649,6090.99,79.14,602.39,5.241,56.11,19.655,25.573,1.594,24.497,16.622,NORMAL,0.0,1.0,1.0,1.0,1.0,0.0,0.0,0.0,0.0
148.2,CLIMB,77.65,55.47,7747.5,14.51,76.582,0.9275,6093.61,79.52,601.43,5.227,56.3,19.682,25.553,1.553,24.6,16.648,6090.6,80.29,600.05,5.207,56.6,19.689,25.559,1.646,24.566,16.554,NORMAL,0.0,1.0,1.0,1.0,1.0,0.0,0.0,0.0,0.0
148.3,CLIMB,77.64,55.47,7754.58,14.49,76.562,0.9273,6093.15,79.52,601.42,5.227,56.28,19.68,25.553,1.553,24.6,16.646,6093.41,80.26,599.17,5.259,56.16,19.624,25.569,1.587,24.562,16.599,NORMAL,0.0,1.0,1.0,1.0,1.0,0.0,0.0,0.0,0.0
148.4,CLIMB,77.63,55.46,7761.67,14.48,76.543,0.9271,6092.69,79.52,601.4,5.227,56.27,19.679,25.553,1.553,24.6,16.645,6098.77,79.33,600.96,5.221,56.31,19.722,25.564,1.533,24.565,16.599,NORMAL,0.0,1.0,1.0,1.0,1.0,0.0,0.0,0.0,0.0
148.5,CLIMB,77.63,55.46,7768.75,14.46,76.523,0.9269,6092.23,79.52,601.39,5.227,56.26,19.677,25.553,1.553,24.6,16.644,6089.93,79.2,600.23,5.206,56.72,19.773,25.58,1.517,24.511,16.619,NORMAL,0.0,1.0,1.0,1.0,1.0,0.0,0.0,0.0,0.0
148.6,CLIMB,77.62,55.45,7775.83,14.45,76.503,0.9267,6091.77,79.52,601.37,5.227,56.25,19.676,25.552,1.553,24.6,16.643,6089.44,80.1,601.91,5.259,56.32,19.547,25.538,1.497,24.647,16.489,NORMAL,0.0,1.0,1.0,1.0,1.0,0.0,0.0,0.0,0.0
148.7,CLIMB,77.61,55.45,7782.92,14.43,76.484,0.9265,6091.31,79.52,601.36,5.227,56.23,19.675,25.552,1.553,24.6,16.641,6090.42,79.89,600.35,5.188,56.64,19.514,25.636,1.619,24.659,16.506,NORMAL,0.0,1.0,1.0,1.0,1.0,0.0,0.0,0.0,0.0
148.8,CLIMB,77.6,55.44,7790.0,14.42,76.464,0.9263,6090.86,79.52,601.34,5.226,56.22,19.673,25.552,1.553,24.6,16.64,6091.58,79.81,602.19,5.144,56.45,19.649,25.536,1.565,24.517,16.703,NORMAL,0.0,1.0,1.0,1.0,1.0,0.0,0.0,0.0,0.0
148.9,CLIMB,77.59,55.43,7797.08,14.41,76.445,0.9261,6090.4,79.52,601.33,5.226,56.21,19.672,25.552,1.553,24.6,16.639,6086.51,79.05,602.53,5.242,56.0,19.594,25.592,1.579,24.643,16.579,NORMAL,0.0,1.0,1.0,1.0,1.0,0.0,0.0,0.0,0.0
149.0,CLIMB,77.58,55.43,7804.17,14.39,76.425,0.9259,6089.94,79.52,601.31,5.226,56.2,19.67,25.552,1.552,24.6,16.638,6092.74,79.32,602.22,5.253,55.87,19.647,25.517,1.544,24.557,16.666,NORMAL,0.0,1.0,1.0,1.0,1.0,0.0,0.0,0.0,0.0
149.1,CLIMB,77.58,55.42,7811.25,14.38,76.406,0.9257,6089.48,79.52,601.3,5.226,56.18,19.669,25.552,1.552,24.6,16.636,6081.3,79.35,598.03,5.232,56.28,19.656,25.507,1.522,24.649,16.578,NORMAL,0.0,1.0,1.0,1.0,1.0,0.0,0.0,0.0,0.0
149.2,CLIMB,77.57,55.42,7818.33,14.36,76.386,0.9255,6089.02,79.52,601.28,5.226,56.17,19.668,25.551,1.552,24.6,16.635,6087.33,79.68,601.64,5.277,56.33,19.572,25.605,1.618,24.638,16.762,NORMAL,0.0,1.0,1.0,1.0,1.0,0.0,0.0,0.0,0.0
149.3,CLIMB,77.56,55.41,7825.42,14.35,76.366,0.9254,6088.56,79.52,601.26,5.226,56.16,19.666,25.551,1.552,24.6,16.634,6091.47,79.67,602.17,5.239,56.46,19.492,25.548,1.556,24.534,16.585,NORMAL,0.0,1.0,1.0,1.0,1.0,0.0,0.0,0.0,0.0
149.4,CLIMB,77.55,55.41,7832.5,14.34,76.347,0.9252,6088.11,79.51,601.25,5.226,56.15,19.665,25.551,1.552,24.6,16.633,6086.57,79.68,603.22,5.215,56.04,19.678,25.605,1.557,24.601,16.689,NORMAL,0.0,1.0,1.0,1.0,1.0,0.0,0.0,0.0,0.0
149.5,CLIMB,77.54,55.4,7839.58,14.32,76.327,0.925,6087.65,79.51,601.23,5.225,56.13,19.663,25.551,1.552,24.6,16.631,6097.22,79.11,602.76,5.237,56.12,19.51,25.611,1.597,24.61,16.526,NORMAL,0.0,1.0,1.0,1.0,1.0,0.0,0.0,0.0,0.0
149.6,CLIMB,77.53,55.4,7846.67,14.31,76.308,0.9248,6087.19,79.51,601.22,5.225,56.12,19.662,25.551,1.552,24.6,16.63,6076.48,80.16,600.75,5.197,56.56,19.578,25.431,1.495,24.555,16.662,NORMAL,0.0,1.0,1.0,1.0,1.0,0.0,0.0,0.0,0.0
149.7,CLIMB,77.53,55.39,7853.75,14.29,76.288,0.9246,6086.73,79.51,601.2,5.225,56.11,19.661,25.551,1.552,24.6,16.629,6076.49,78.76,601.11,5.211,56.13,19.845,25.62,1.54,24.625,16.708,NORMAL,0.0,1.0,1.0,1.0,1.0,0.0,0.0,0.0,0.0
149.8,CLIMB,77.52,55.39,7860.83,14.28,76.269,0.9244,6086.27,79.51,601.19,5.225,56.1,19.659,25.55,1.552,24.6,16.628,6085.06,79.97,602.93,5.236,55.85,19.701,25.634,1.458,24.648,16.336,NORMAL,0.0,1.0,1.0,1.0,1.0,0.0,0.0,0.0,0.0
149.9,CLIMB,77.51,55.38,7867.92,14.26,76.249,0.9242,6085.82,79.51,601.17,5.225,56.08,19.658,25.55,1.552,24.6,16.626,6085.49,79.49,598.93,5.191,55.83,19.558,25.597,1.551,24.647,16.705,NORMAL,0.0,1.0,1.0,1.0,1.0,0.0,0.0,0.0,0.0
150.0,CLIMB,77.5,55.38,7875.0,14.25,76.23,0.924,6085.36,79.51,601.16,5.225,56.07,19.656,25.55,1.552,24.6,16.625,6096.7,78.8,602.96,5.22,55.88,19.724,25.505,1.524,24.554,16.634,NORMAL,0.0,1.0,1.0,1.0,1.0,0.0,0.0,0.0,0.0
150.1,CLIMB,77.49,55.37,7882.08,14.24,76.21,0.9238,6084.9,79.51,601.14,5.225,56.06,19.655,25.55,1.551,24.6,16.624,6081.53,79.48,604.45,5.246,56.22,19.455,25.59,1.68,24.629,16.664,NORMAL,0.0,1.0,1.0,1.0,1.0,0.0,0.0,0.0,0.0
150.2,CLIMB,77.48,55.36,7889.17,14.22,76.191,0.9236,6084.44,79.51,601.13,5.224,56.05,19.654,25.55,1.551,24.6,16.623,6083.09,79.03,601.86,5.173,56.41,19.485,25.493,1.642,24.564,16.532,NORMAL,0.0,1.0,1.0,1.0,1.0,0.0,0.0,0.0,0.0
150.3,CLIMB,77.48,55.36,7896.25,14.21,76.171,0.9234,6083.98,79.51,601.11,5.224,56.03,19.652,25.55,1.551,24.6,16.621,6078.51,80.06,601.44,5.21,56.7,19.562,25.497,1.588,24.639,16.536,NORMAL,0.0,1.0,1.0,1.0,1.0,0.0,0.0,0.0,0.0
150.4,CLIMB,77.47,55.35,7903.33,14.19,76.152,0.9233,6083.53,79.51,601.1,5.224,56.02,19.651,25.549,1.551,24.6,16.62,6078.56,79.86,599.31,5.24,56.65,19.562,25.575,1.52,24.61,16.629,NORMAL,0.0,1.0,1.0,1.0,1.0,0.0,0.0,0.0,0.0
150.5,CLIMB,77.46,55.35,7910.42,14.18,76.132,0.9231,6083.07,79.51,601.08,5.224,56.01,19.649,25.549,1.551,24.6,16.619,6076.57,78.91,601.28,5.217,55.43,19.628,25.515,1.522,24.567,16.683,NORMAL,0.0,1.0,1.0,1.0,1.0,0.0,0.0,0.0,0.0
150.6,CLIMB,77.45,55.34,7917.5,14.17,76.113,0.9229,6082.61,79.51,601.06,5.224,55.99,19.648,25.549,1.551,24.6,16.618,6079.76,79.46,598.95,5.263,56.1,19.664,25.533,1.589,24.576,16.63,NORMAL,0.0,1.0,1.0,1.0,1.0,0.0,0.0,0.0,0.0
150.7,CLIMB,77.44,55.34,7924.58,14.15,76.093,0.9227,6082.15,79.5,601.05,5.224,55.98,19.647,25.549,1.551,24.6,16.616,6080.3,80.33,601.79,5.25,55.84,19.761,25.517,1.575,24.667,16.579,NORMAL,0.0,1.0,1.0,1.0,1.0,0.0,0.0,0.0,0.0
150.8,CLIMB,77.43,55.33,7931.67,14.14,76.074,0.9225,6081.69,79.5,601.03,5.224,55.97,19.645,25.549,1.551,24.6,16.615,6082.85,80.27,603.84,5.205,55.9,19.681,25.525,1.402,24.521,16.446,NORMAL,0.0,1.0,1.0,1.0,1.0,0.0,0.0,0.0,0.0
150.9,CLIMB,77.43,55.33,7938.75,14.12,76.054,0.9223,6081.24,79.5,601.02,5.223,55.96,19.644,25.549,1.551,24.6,16.614,6079.13,79.35,599.61,5.258,56.16,19.504,25.531,1.54,24.52,16.583,NORMAL,0.0,1.0,1.0,1.0,1.0,0.0,0.0,0.0,0.0
151.0,CLIMB,77.42,55.32,7945.83,14.11,76.035,0.9221,6080.78,79.5,601.0,5.223,55.94,19.642,25.548,1.551,24.6,16.613,6074.49,79.4,600.51,5.24,55.68,19.758,25.58,1.51,24.631,16.677,NORMAL,0.0,1.0,1.0,1.0,1.0,0.0,0.0,0.0,0.0
151.1,CLIMB,77.41,55.32,7952.92,14.09,76.015,0.9219,6080.32,79.5,600.99,5.223,55.93,19.641,25.548,1.551,24.6,16.611,6084.48,79.9,600.53,5.235,55.62,19.653,25.573,1.633,24.626,16.507,NORMAL,0.0,1.0,1.0,1.0,1.0,0.0,0.0,0.0,0.0
151.2,CLIMB,77.4,55.31,7960.0,14.08,75.996,0.9217,6079.86,79.5,600.97,5.223,55.92,19.64,25.548,1.55,24.6,16.61,6083.19,79.92,601.48,5.158,55.73,19.569,25.537,1.502,24.574,16.611,NORMAL,0.0,1.0,1.0,1.0,1.0,0.0,0.0,0.0,0.0
151.3,CLIMB,77.39,55.3,7967.08,14.07,75.977,0.9215,6079.41,79.5,600.96,5.223,55.91,19.638,25.548,1.55,24.6,16.609,6076.66,79.23,599.96,5.236,55.63,19.611,25.531,1.544,24.58,16.541,NORMAL,0.0,1.0,1.0,1.0,1.0,0.0,0.0,0.0,0.0
151.4,CLIMB,77.38,55.3,7974.17,14.05,75.957,0.9213,6078.95,79.5,600.94,5.223,55.89,19.637,25.548,1.55,24.6,16.608,6074.4,79.07,602.26,5.214,56.25,19.591,25.526,1.56,24.61,16.668,NORMAL,0.0,1.0,1.0,1.0,1.0,0.0,0.0,0.0,0.0
151.5,CLIMB,77.38,55.29,7981.25,14.04,75.938,0.9212,6078.49,79.5,600.93,5.223,55.88,19.635,25.548,1.55,24.6,16.606,6067.77,79.89,599.82,5.19,56.09,19.67,25.451,1.487,24.586,16.765,NORMAL,0.0,1.0,1.0,1.0,1.0,0.0,0.0,0.0,0.0
151.6,CLIMB,77.37,55.29,7988.33,14.02,75.918,0.921,6078.03,79.5,600.91,5.222,55.87,19.634,25.547,1.55,24.6,16.605,6075.33,78.93,601.62,5.186,55.74,19.649,25.516,1.463,24.662,16.49,NORMAL,0.0,1.0,1.0,1.0,1.0,0.0,0.0,0.0,0.0
151.7,CLIMB,77.36,55.28,7995.42,14.01,75.899,0.9208,6077.57,79.5,600.9,5.222,55.86,19.633,25.547,1.55,24.6,16.604,6072.12,79.48,602.11,5.224,55.88,19.694,25.635,1.612,24.606,16.498,NORMAL,0.0,1.0,1.0,1.0,1.0,0.0,0.0,0.0,0.0
151.8,CLIMB,77.35,55.28,8002.5,14.0,75.879,0.9206,6077.12,79.5,600.88,5.222,55.84,19.631,25.547,1.55,24.6,16.603,6072.88,78.71,599.88,5.202,56.2,19.682,25.585,1.547,24.608,16.544,NORMAL,0.0,1.0,1.0,1.0,1.0,0.0,0.0,0.0,0.0
151.9,CLIMB,77.34,55.27,8009.58,13.98,75.86,0.9204,6076.66,79.49,600.86,5.222,55.83,19.63,25.547,1.55,24.6,16.601,6088.62,78.55,603.66,5.192,56.08,19.604,25.557,1.602,24.604,16.715,NORMAL,0.0,1.0,1.0,1.0,1.0,0.0,0.0,0.0,0.0
152.0,CLIMB,77.33,55.27,8016.67,13.97,75.841,0.9202,6076.2,79.49,600.85,5.222,55.82,19.628,25.547,1.55,24.6,16.6,6081.97,79.9,603.13,5.22,55.95,19.577,25.546,1.58,24.572,16.524,NORMAL,0.0,1.0,1.0,1.0,1.0,0.0,0.0,0.0,0.0
152.1,CLIMB,77.33,55.26,8023.75,13.95,75.821,0.92,6075.74,79.49,600.83,5.222,55.81,19.627,25.547,1.55,24.6,16.599,6080.24,79.8,600.08,5.245,55.78,19.602,25.56,1.487,24.657,16.673,NORMAL,0.0,1.0,1.0,1.0,1.0,0.0,0.0,0.0,0.0
152.2,CLIMB,77.32,55.26,8030.83,13.94,75.802,0.9198,6075.29,79.49,600.82,5.221,55.79,19.625,25.546,1.55,24.6,16.598,6072.32,80.68,601.51,5.207,55.42,19.524,25.564,1.642,24.602,16.528,NORMAL,0.0,1.0,1.0,1.0,1.0,0.0,0.0,0.0,0.0
152.3,CLIMB,77.31,55.25,8037.92,13.92,75.782,0.9196,6074.83,79.49,600.8,5.221,55.78,19.624,25.546,1.549,24.6,16.596,6071.44,79.77,604.13,5.25,55.45,19.632,25.58,1.565,24.575,16.465,NORMAL,0.0,1.0,1.0,1.0,1.0,0.0,0.0,0.0,0.0
152.4,CLIMB,77.3,55.25,8045.0,13.91,75.763,0.9194,6074.37,79.49,600.79,5.221,55.77,19.623,25.546,1.549,24.6,16.595,6077.66,79.85,597.74,5.215,55.67,19.502,25.525,1.495,24.658,16.641,NORMAL,0.0,1.0,1.0,1.0,1.0,0.0,0.0,0.0,0.0
152.5,CLIMB,77.29,55.24,8052.08,13.9,75.744,0.9193,6073.91,79.49,600.77,5.221,55.75,19.621,25.546,1.549,24.6,16.594,6066.78,80.3,599.15,5.228,56.2,19.654,25.584,1.604,24.648,16.596,NORMAL,0.0,1.0,1.0,1.0,1.0,0.0,0.0,0.0,0.0
152.6,CLIMB,77.28,55.23,8059.17,13.88,75.724,0.9191,6073.46,79.49,600.76,5.221,55.74,19.62,25.546,1.549,24.6,16.593,6062.75,79.25,601.18,5.161,55.53,19.466,25.552,1.58,24.627,16.711,NORMAL,0.0,1.0,1.0,1.0,1.0,0.0,0.0,0.0,0.0
152.7,CLIMB,77.28,55.23,8066.25,13.87,75.705,0.9189,6073.0,79.49,600.74,5.221,55.73,19.618,25.546,1.549,24.6,16.591,6077.21,79.06,599.49,5.2,56.11,19.536,25.53,1.511,24.658,16.512,NORMAL,0.0,1.0,1.0,1.0,1.0,0.0,0.0,0.0,0.0
152.8,CLIMB,77.27,55.22,8073.33,13.85,75.685,0.9187,6072.54,79.49,600.73,5.221,55.72,19.617,25.545,1.549,24.6,16.59,6074.2,78.26,599.46,5.236,55.19,19.61,25.607,1.507,24.599,16.559,NORMAL,0.0,1.0,1.0,1.0,1.0,0.0,0.0,0.0,0.0
152.9,CLIMB,77.26,55.22,8080.42,13.84,75.666,0.9185,6072.09,79.49,600.71,5.22,55.7,19.616,25.545,1.549,24.6,16.589,6068.8,79.78,603.01,5.252,55.77,19.576,25.604,1.576,24.642,16.621,NORMAL,0.0,1.0,1.0,1.0,1.0,0.0,0.0,0.0,0.0
153.0,CLIMB,77.25,55.21,8087.5,13.83,75.647,0.9183,6071.63,79.49,600.7,5.22,55.69,19.614,25.545,1.549,24.6,16.588,6075.11,80.03,602.21,5.183,55.56,19.626,25.564,1.496,24.581,16.621,NORMAL,0.0,1.0,1.0,1.0,1.0,0.0,0.0,0.0,0.0
153.1,CLIMB,77.24,55.21,8094.58,13.81,75.627,0.9181,6071.17,79.49,600.68,5.22,55.68,19.613,25.545,1.549,24.6,16.586,6070.1,79.69,601.42,5.21,55.85,19.492,25.546,1.483,24.661,16.482,NORMAL,0.0,1.0,1.0,1.0,1.0,0.0,0.0,0.0,0.0
153.2,CLIMB,77.23,55.2,8101.67,13.8,75.608,0.9179,6070.71,79.48,600.66,5.22,55.67,19.611,25.545,1.549,24.6,16.585,6076.05,79.55,601.57,5.249,55.84,19.602,25.552,1.648,24.636,16.733,NORMAL,0.0,1.0,1.0,1.0,1.0,0.0,0.0,0.0,0.0
153.3,CLIMB,77.23,55.2,8108.75,13.78,75.589,0.9177,6070.26,79.48,600.65,5.22,55.65,19.61,25.545,1.549,24.6,16.584,6075.81,79.38,599.18,5.267,55.43,19.521,25.477,1.552,24.686,16.489,NORMAL,0.0,1.0,1.0,1.0,1.0,0.0,0.0,0.0,0.0
153.4,CLIMB,77.22,55.19,8115.83,13.77,75.569,0.9175,6069.8,79.48,600.63,5.22,55.64,19.609,25.544,1.549,24.6,16.583,6069.94,79.36,599.45,5.219,55.4,19.718,25.51,1.447,24.656,16.618,NORMAL,0.0,1.0,1.0,1.0,1.0,0.0,0.0,0.0,0.0
153.5,CLIMB,77.21,55.19,8122.92,13.75,75.55,0.9174,6069.34,79.48,600.62,5.22,55.63,19.607,25.544,1.548,24.6,16.581,6066.82,79.72,600.24,5.293,55.41,19.526,25.529,1.557,24.532,16.584,NORMAL,0.0,1.0,1.0,1.0,1.0,0.0,0.0,0.0,0.0
153.6,CLIMB,77.2,55.18,8130.0,13.74,75.531,0.9172,6068.88,79.48,600.6,5.219,55.61,19.606,25.544,1.548,24.6,16.58,6075.13,79.09,603.04,5.283,55.38,19.535,25.588,1.563,24.597,16.686,NORMAL,0.0,1.0,1.0,1.0,1.0,0.0,0.0,0.0,0.0
153.7,CLIMB,77.19,55.17,8137.08,13.73,75.511,0.917,6068.43,79.48,600.59,5.219,55.6,19.604,25.544,1.548,24.6,16.579,6064.48,79.81,602.09,5.174,55.55,19.61,25.471,1.521,24.589,16.493,NORMAL,0.0,1.0,1.0,1.0,1.0,0.0,0.0,0.0,0.0
153.8,CLIMB,77.18,55.17,8144.17,13.71,75.492,0.9168,6067.97,79.48,600.57,5.219,55.59,19.603,25.544,1.548,24.6,16.578,6058.7,79.51,598.35,5.2,55.3,19.65,25.502,1.502,24.655,16.496,NORMAL,0.0,1.0,1.0,1.0,1.0,0.0,0.0,0.0,0.0
153.9,CLIMB,77.18,55.16,8151.25,13.7,75.473,0.9166,6067.51,79.48,600.56,5.219,55.58,19.602,25.544,1.548,24.6,16.576,6071.67,79.72,599.37,5.246,55.31,19.686,25.576,1.611,24.638,16.505,NORMAL,0.0,1.0,1.0,1.0,1.0,0.0,0.0,0.0,0.0
154.0,CLIMB,77.17,55.16,8158.33,13.68,75.453,0.9164,6067.06,79.48,600.54,5.219,55.56,19.6,25.543,1.548,24.6,16.575,6062.97,79.35,601.92,5.232,55.33,19.602,25.617,1.572,24.637,16.613,NORMAL,0.0,1.0,1.0,1.0,1.0,0.0,0.0,0.0,0.0
154.1,CLIMB,77.16,55.15,8165.42,13.67,75.434,0.9162,6066.6,79.48,600.53,5.219,55.55,19.599,25.543,1.548,24.6,16.574,6068.63,78.59,599.52,5.236,55.59,19.617,25.496,1.579,24.634,16.534,NORMAL,0.0,1.0,1.0,1.0,1.0,0.0,0.0,0.0,0.0
154.2,CLIMB,77.15,55.15,8172.5,13.66,75.415,0.916,6066.14,79.48,600.51,5.219,55.54,19.597,25.543,1.548,24.6,16.573,6061.42,79.82,601.45,5.218,55.19,19.606,25.644,1.584,24.57,16.65,NORMAL,0.0,1.0,1.0,1.0,1.0,0.0,0.0,0.0,0.0
154.3,CLIMB,77.14,55.14,8179.58,13.64,75.395,0.9158,6065.69,79.48,600.5,5.218,55.53,19.596,25.543,1.548,24.6,16.571,6076.09,79.32,598.24,5.254,55.41,19.533,25.552,1.634,24.527,16.53,NORMAL,0.0,1.0,1.0,1.0,1.0,0.0,0.0,0.0,0.0
154.4,CLIMB,77.13,55.14,8186.67,13.63,75.376,0.9157,6065.23,79.47,600.48,5.218,55.51,19.595,25.543,1.548,24.6,16.57,6058.22,79.04,600.65,5.211,55.08,19.569,25.524,1.607,24.664,16.785,NORMAL,0.0,1.0,1.0,1.0,1.0,0.0,0.0,0.0,0.0
154.5,CLIMB,77.13,55.13,8193.75,13.61,75.357,0.9155,6064.77,79.47,600.46,5.218,55.5,19.593,25.543,1.548,24.6,16.569,6066.14,79.43,599.9,5.229,55.94,19.567,25.53,1.571,24.494,16.513,NORMAL,0.0,1.0,1.0,1.0,1.0,0.0,0.0,0.0,0.0
154.6,CLIMB,77.12,55.13,8200.83,13.6,75.337,0.9153,6064.31,79.47,600.45,5.218,55.49,19.592,25.542,1.547,24.6,16.568,6057.93,79.26,600.4,5.23,55.28,19.479,25.567,1.51,24.611,16.379,NORMAL,0.0,1.0,1.0,1.0,1.0,0.0,0.0,0.0,0.0
154.7,CLIMB,77.11,55.12,8207.92,13.58,75.318,0.9151,6063.86,79.47,600.43,5.218,55.47,19.59,25.542,1.547,24.6,16.566,6065.65,79.12,599.18,5.212,55.09,19.509,25.479,1.595,24.676,16.67,NORMAL,0.0,1.0,1.0,1.0,1.0,0.0,0.0,0.0,0.0
154.8,CLIMB,77.1,55.12,8215.0,13.57,75.299,0.9149,6063.4,79.47,600.42,5.218,55.46,19.589,25.542,1.547,24.6,16.565,6060.83,80.26,600.75,5.25,55.79,19.595,25.574,1.584,24.616,16.534,NORMAL,0.0,1.0,1.0,1.0,1.0,0.0,0.0,0.0,0.0
154.9,CLIMB,77.09,55.11,8222.08,13.56,75.28,0.9147,6062.94,79.47,600.4,5.218,55.45,19.587,25.542,1.547,24.6,16.564,6064.19,80.14,597.09,5.194,55.31,19.666,25.524,1.498,24.669,16.548,NORMAL,0.0,1.0,1.0,1.0,1.0,0.0,0.0,0.0,0.0
155.0,CLIMB,77.08,55.1,8229.17,13.54,75.26,0.9145,6062.49,79.47,600.39,5.217,55.44,19.586,25.542,1.547,24.6,16.563,6061.86,79.36,599.63,5.276,55.54,19.716,25.497,1.559,24.718,16.569,NORMAL,0.0,1.0,1.0,1.0,1.0,0.0,0.0,0.0,0.0
155.1,CLIMB,77.08,55.1,8236.25,13.53,75.241,0.9143,6062.03,79.47,600.37,5.217,55.42,19.585,25.542,1.547,24.6,16.561,6066.5,78.38,599.27,5.173,55.55,19.59,25.489,1.592,24.572,16.543,NORMAL,0.0,1.0,1.0,1.0,1.0,0.0,0.0,0.0,0.0
155.2,CLIMB,77.07,55.09,8243.33,13.51,75.222,0.9141,6061.57,79.47,600.36,5.217,55.41,19.583,25.541,1.547,24.6,16.56,6053.13,79.63,599.24,5.313,55.6,19.601,25.566,1.583,24.641,16.515,NORMAL,0.0,1.0,1.0,1.0,1.0,0.0,0.0,0.0,0.0
155.3,CLIMB,77.06,55.09,8250.42,13.5,75.203,0.914,6061.12,79.47,600.34,5.217,55.4,19.582,25.541,1.547,24.6,16.559,6057.17,80.18,599.39,5.216,55.14,19.482,25.579,1.572,24.646,16.426,NORMAL,0.0,1.0,1.0,1.0,1.0,0.0,0.0,0.0,0.0
155.4,CLIMB,77.05,55.08,8257.5,13.49,75.183,0.9138,6060.66,79.47,600.33,5.217,55.39,19.58,25.541,1.547,24.6,16.558,6070.07,78.78,601.17,5.205,56.02,19.58,25.509,1.541,24.627,16.698,NORMAL,0.0,1.0,1.0,1.0,1.0,0.0,0.0,0.0,0.0
155.5,CLIMB,77.04,55.08,8264.58,13.47,75.164,0.9136,6060.2,79.47,600.31,5.217,55.37,19.579,25.541,1.547,24.6,16.556,6065.56,79.87,601.27,5.213,54.87,19.703,25.53,1.515,24.597,16.579,NORMAL,0.0,1.0,1.0,1.0,1.0,0.0,0.0,0.0,0.0
155.6,CLIMB,77.03,55.07,8271.67,13.46,75.145,0.9134,6059.75,79.46,600.29,5.217,55.36,19.578,25.541,1.547,24.6,16.555,6065.92,80.17,598.49,5.227,55.3,19.635,25.499,1.536,24.575,16.399,NORMAL,0.0,1.0,1.0,1.0,1.0,0.0,0.0,0.0,0.0
155.7,CLIMB,77.03,55.07,8278.75,13.44,75.126,0.9132,6059.29,79.46,600.28,5.216,55.35,19.576,25.541,1.546,24.6,16.554,6060.29,79.89,598.36,5.257,55.46,19.427,25.619,1.575,24.615,16.526,NORMAL,0.0,1.0,1.0,1.0,1.0,0.0,0.0,0.0,0.0
155.8,CLIMB,77.02,55.06,8285.83,13.43,75.106,0.913,6058.83,79.46,600.26,5.216,55.33,19.575,25.54,1.546,24.6,16.553,6060.49,79.69,599.58,5.227,55.51,19.466,25.61,1.526,24.585,16.754,NORMAL,0.0,1.0,1.0,1.0,1.0,0.0,0.0,0.0,0.0
155.9,CLIMB,77.01,55.06,8292.92,13.41,75.087,0.9128,6058.38,79.46,600.25,5.216,55.32,19.573,25.54,1.546,24.6,16.551,6059.74,79.66,598.55,5.22,55.73,19.562,25.515,1.51,24.592,16.47,NORMAL,0.0,1.0,1.0,1.0,1.0,0.0,0.0,0.0,0.0
156.0,CLIMB,77.0,55.05,8300.0,13.4,75.068,0.9126,6057.92,79.46,600.23,5.216,55.31,19.572,25.54,1.546,24.6,16.55,6070.53,79.9,599.03,5.199,55.88,19.594,25.518,1.618,24.609,16.583,NORMAL,0.0,1.0,1.0,1.0,1.0,0.0,0.0,0.0,0.0
156.1,CLIMB,76.99,55.04,8307.08,13.39,75.049,0.9124,6057.46,79.46,600.22,5.216,55.3,19.571,25.54,1.546,24.6,16.549,6063.59,79.65,602.38,5.224,55.3,19.77,25.53,1.506,24.519,16.591,NORMAL,0.0,1.0,1.0,1.0,1.0,0.0,0.0,0.0,0.0
156.2,CLIMB,76.98,55.04,8314.17,13.37,75.03,0.9123,6057.01,79.46,600.2,5.216,55.28,19.569,25.54,1.546,24.6,16.548,6059.03,79.08,600.95,5.212,55.04,19.685,25.538,1.559,24.619,16.559,NORMAL,0.0,1.0,1.0,1.0,1.0,0.0,0.0,0.0,0.0
156.3,CLIMB,76.98,55.03,8321.25,13.36,75.01,0.9121,6056.55,79.46,600.19,5.215,55.27,19.568,25.54,1.546,24.6,16.546,6056.64,79.23,599.83,5.267,55.03,19.575,25.584,1.552,24.599,16.593,NORMAL,0.0,1.0,1.0,1.0,1.0,0.0,0.0,0.0,0.0
156.4,CLIMB,76.97,55.03,8328.33,13.34,74.991,0.9119,6056.09,79.46,600.17,5.215,55.26,19.566,25.539,1.546,24.6,16.545,6058.41,79.2,601.05,5.231,55.54,19.574,25.479,1.502,24.553,16.385,NORMAL,0.0,1.0,1.0,1.0,1.0,0.0,0.0,0.0,0.0
156.5,CLIMB,76.96,55.02,8335.42,13.33,74.972,0.9117,6055.64,79.46,600.16,5.215,55.24,19.565,25.539,1.546,24.6,16.544,6065.07,80.31,601.58,5.221,55.9,19.496,25.655,1.597,24.679,16.384,NORMAL,0.0,1.0,1.0,1.0,1.0,0.0,0.0,0.0,0.0
156.6,CLIMB,76.95,55.02,8342.5,13.32,74.953,0.9115,6055.18,79.46,600.14,5.215,55.23,19.564,25.539,1.546,24.6,16.543,6058.26,80.44,600.52,5.22,55.46,19.386,25.507,1.586,24.605,16.42,NORMAL,0.0,1.0,1.0,1.0,1.0,0.0,0.0,0.0,0.0
156.7,CLIMB,76.94,55.01,8349.58,13.3,74.934,0.9113,6054.72,79.46,600.13,5.215,55.22,19.562,25.539,1.546,24.6,16.541,6054.28,79.53,601.86,5.215,55.05,19.582,25.552,1.608,24.669,16.495,NORMAL,0.0,1.0,1.0,1.0,1.0,0.0,0.0,0.0,0.0
156.8,CLIMB,76.93,55.01,8356.67,13.29,74.914,0.9111,6054.27,79.45,600.11,5.215,55.21,19.561,25.539,1.545,24.6,16.54,6067.22,79.35,603.47,5.189,55.29,19.413,25.588,1.544,24.661,16.502,NORMAL,0.0,1.0,1.0,1.0,1.0,0.0,0.0,0.0,0.0
156.9,CLIMB,76.93,55.0,8363.75,13.27,74.895,0.9109,6053.81,79.45,600.09,5.215,55.19,19.559,25.539,1.545,24.6,16.539,6054.33,79.03,601.23,5.254,55.12,19.377,25.621,1.626,24.622,16.506,NORMAL,0.0,1.0,1.0,1.0,1.0,0.0,0.0,0.0,0.0
157.0,CLIMB,76.92,55.0,8370.83,13.26,74.876,0.9108,6053.36,79.45,600.08,5.214,55.18,19.558,25.538,1.545,24.6,16.538,6057.76,79.7,599.63,5.206,54.75,19.611,25.525,1.525,24.623,16.388,NORMAL,0.0,1.0,1.0,1.0,1.0,0.0,0.0,0.0,0.0
157.1,CLIMB,76.91,54.99,8377.92,13.24,74.857,0.9106,6052.9,79.45,600.06,5.214,55.17,19.556,25.538,1.545,24.6,16.536,6064.91,78.36,598.38,5.176,55.37,19.6,25.568,1.594,24.693,16.51,NORMAL,0.0,1.0,1.0,1.0,1.0,0.0,0.0,0.0,0.0
157.2,CLIMB,76.9,54.99,8385.0,13.23,74.838,0.9104,6052.44,79.45,600.05,5.214,55.15,19.555,25.538,1.545,24.6,16.535,6052.5,78.66,600.85,5.222,54.85,19.555,25.485,1.589,24.633,16.572,NORMAL,0.0,1.0,1.0,1.0,1.0,0.0,0.0,0.0,0.0
157.3,CLIMB,76.89,54.98,8392.08,13.22,74.819,0.9102,6051.99,79.45,600.03,5.214,55.14,19.554,25.538,1.545,24.6,16.534,6046.89,79.22,599.42,5.179,54.84,19.489,25.445,1.557,24.56,16.35,NORMAL,0.0,1.0,1.0,1.0,1.0,0.0,0.0,0.0,0.0
157.4,CLIMB,76.88,54.97,8399.17,13.2,74.799,0.91,6051.53,79.45,600.02,5.214,55.13,19.552,25.538,1.545,24.6,16.533,6060.1,78.87,603.07,5.24,55.14,19.558,25.601,1.572,24.573,16.37,NORMAL,0.0,1.0,1.0,1.0,1.0,0.0,0.0,0.0,0.0
157.5,CLIMB,76.88,54.97,8406.25,13.19,74.78,0.9098,6051.07,79.45,600.0,5.214,55.12,19.551,25.538,1.545,24.6,16.531,6049.53,78.32,600.33,5.197,55.68,19.637,25.556,1.593,24.526,16.528,NORMAL,0.0,1.0,1.0,1.0,1.0,0.0,0.0,0.0,0.0
157.6,CLIMB,76.87,54.96,8413.33,13.17,74.761,0.9096,6050.62,79.45,599.99,5.214,55.1,19.549,25.537,1.545,24.6,16.53,6051.33,79.43,600.22,5.208,55.56,19.683,25.611,1.558,24.599,16.535,NORMAL,0.0,1.0,1.0,1.0,1.0,0.0,0.0,0.0,0.0
157.7,CLIMB,76.86,54.96,8420.42,13.16,74.742,0.9094,6050.16,79.45,599.97,5.213,55.09,19.548,25.537,1.545,24.6,16.529,6048.9,79.29,599.45,5.215,55.18,19.4,25.515,1.497,24.597,16.352,NORMAL,0.0,1.0,1.0,1.0,1.0,0.0,0.0,0.0,0.0
157.8,CLIMB,76.85,54.95,8427.5,13.15,74.723,0.9092,6049.71,79.45,599.96,5.213,55.08,19.547,25.537,1.545,24.6,16.528,6051.4,79.4,599.54,5.225,55.12,19.432,25.574,1.542,24.59,16.626,NORMAL,0.0,1.0,1.0,1.0,1.0,0.0,0.0,0.0,0.0
157.9,CLIMB,76.84,54.95,8434.58,13.13,74.704,0.9091,6049.25,79.45,599.94,5.213,55.06,19.545,25.537,1.545,24.6,16.526,6060.0,79.12,599.92,5.26,55.28,19.731,25.46,1.491,24.571,16.567,NORMAL,0.0,1.0,1.0,1.0,1.0,0.0,0.0,0.0,0.0
158.0,CLIMB,76.83,54.94,8441.67,13.12,74.685,0.9089,6048.79,79.45,599.92,5.213,55.05,19.544,25.537,1.544,24.6,16.525,6043.8,79.72,601.7,5.206,55.13,19.517,25.559,1.505,24.59,16.552,NORMAL,0.0,1.0,1.0,1.0,1.0,0.0,0.0,0.0,0.0
158.1,CLIMB,76.83,54.94,8448.75,13.1,74.666,0.9087,6048.34,79.44,599.91,5.213,55.04,19.542,25.537,1.544,24.6,16.524,6044.02,78.58,598.14,5.205,54.61,19.558,25.441,1.555,24.611,16.463,NORMAL,0.0,1.0,1.0,1.0,1.0,0.0,0.0,0.0,0.0
158.2,CLIMB,76.82,54.93,8455.83,13.09,74.646,0.9085,6047.88,79.44,599.89,5.213,55.03,19.541,25.536,1.544,24.6,16.523,6045.27,78.75,601.23,5.251,54.85,19.569,25.55,1.459,24.564,16.502,NORMAL,0.0,1.0,1.0,1.0,1.0,0.0,0.0,0.0,0.0
158.3,CLIMB,76.81,54.93,8462.92,13.07,74.627,0.9083,6047.43,79.44,599.88,5.213,55.01,19.54,25.536,1.544,24.6,16.521,6043.55,80.01,600.19,5.193,54.91,19.525,25.679,1.537,24.639,16.511,NORMAL,0.0,1.0,1.0,1.0,1.0,0.0,0.0,0.0,0.0
158.4,CLIMB,76.8,54.92,8470.0,13.06,74.608,0.9081,6046.97,79.44,599.86,5.212,55.0,19.538,25.536,1.544,24.6,16.52,6043.97,79.76,600.16,5.195,54.55,19.516,25.503,1.624,24.671,16.487,NORMAL,0.0,1.0,1.0,1.0,1.0,0.0,0.0,0.0,0.0
158.5,CLIMB,76.79,54.91,8477.08,13.05,74.589,0.9079,6046.51,79.44,599.85,5.212,54.99,19.537,25.536,1.544,24.6,16.519,6039.27,80.06,601.95,5.244,55.11,19.402,25.633,1.514,24.649,16.492,NORMAL,0.0,1.0,1.0,1.0,1.0,0.0,0.0,0.0,0.0
158.6,CLIMB,76.78,54.91,8484.17,13.03,74.57,0.9077,6046.06,79.44,599.83,5.212,54.97,19.535,25.536,1.544,24.6,16.518,6037.55,79.56,599.45,5.192,54.85,19.534,25.557,1.569,24.606,16.356,NORMAL,0.0,1.0,1.0,1.0,1.0,0.0,0.0,0.0,0.0
158.7,CLIMB,76.78,54.9,8491.25,13.02,74.551,0.9076,6045.6,79.44,599.82,5.212,54.96,19.534,25.536,1.544,24.6,16.516,6050.01,79.63,598.54,5.215,54.77,19.644,25.567,1.563,24.613,16.383,NORMAL,0.0,1.0,1.0,1.0,1.0,0.0,0.0,0.0,0.0
158.8,CLIMB,76.77,54.9,8498.33,13.0,74.532,0.9074,6045.15,79.44,599.8,5.212,54.95,19.533,25.535,1.544,24.6,16.515,6045.28,78.74,599.44,5.196,54.38,19.518,25.506,1.427,24.661,16.465,NORMAL,0.0,1.0,1.0,1.0,1.0,0.0,0.0,0.0,0.0
158.9,CLIMB,76.76,54.89,8505.42,12.99,74.513,0.9072,6044.69,79.44,599.79,5.212,54.94,19.531,25.535,1.544,24.6,16.514,6052.18,79.08,598.92,5.232,55.07,19.438,25.544,1.612,24.513,16.506,NORMAL,0.0,1.0,1.0,1.0,1.0,0.0,0.0,0.0,0.0
159.0,CLIMB,76.75,54.89,8512.5,12.98,74.494,0.907,6044.23,79.44,599.77,5.212,54.92,19.53,25.535,1.544,24.6,16.513,6048.19,78.74,601.52,5.195,55.02,19.497,25.632,1.611,24.682,16.446,NORMAL,0.0,1.0,1.0,1.0,1.0,0.0,0.0,0.0,0.0
159.1,CLIMB,76.74,54.88,8519.58,12.96,74.475,0.9068,6043.78,79.44,599.75,5.211,54.91,19.528,25.535,1.543,24.6,16.511,6045.7,79.75,598.27,5.222,54.83,19.438,25.52,1.562,24.679,16.511,NORMAL,0.0,1.0,1.0,1.0,1.0,0.0,0.0,0.0,0.0
159.2,CLIMB,76.73,54.88,8526.67,12.95,74.456,0.9066,6043.32,79.44,599.74,5.211,54.9,19.527,25.535,1.543,24.6,16.51,6042.59,79.5,601.68,5.214,54.94,19.521,25.616,1.532,24.624,16.514,NORMAL,0.0,1.0,1.0,1.0,1.0,0.0,0.0,0.0,0.0
159.3,CLIMB,76.73,54.87,8533.75,12.93,74.437,0.9064,6042.87,79.43,599.72,5.211,54.88,19.525,25.535,1.543,24.6,16.509,6050.07,79.39,599.88,5.248,54.77,19.424,25.442,1.52,24.61,16.38,NORMAL,0.0,1.0,1.0,1.0,1.0,0.0,0.0,0.0,0.0
159.4,CLIMB,76.72,54.87,8540.83,12.92,74.417,0.9062,6042.41,79.43,599.71,5.211,54.87,19.524,25.534,1.543,24.6,16.508,6040.21,79.45,598.33,5.158,54.66,19.579,25.509,1.538,24.589,16.385,NORMAL,0.0,1.0,1.0,1.0,1.0,0.0,0.0,0.0,0.0
159.5,CLIMB,76.71,54.86,8547.92,12.9,74.398,0.9061,6041.96,79.43,599.69,5.211,54.86,19.523,25.534,1.543,24.6,16.506,6040.72,79.46,598.23,5.2,54.87,19.429,25.586,1.536,24.736,16.58,NORMAL,0.0,1.0,1.0,1.0,1.0,0.0,0.0,0.0,0.0
159.6,CLIMB,76.7,54.86,8555.0,12.89,74.379,0.9059,6041.5,79.43,599.68,5.211,54.85,19.521,25.534,1.543,24.6,16.505,6041.58,79.13,598.65,5.175,55.09,19.716,25.524,1.545,24.601,16.481,NORMAL,0.0,1.0,1.0,1.0,1.0,0.0,0.0,0.0,0.0
159.7,CLIMB,76.69,54.85,8562.08,12.88,74.36,0.9057,6041.04,79.43,599.66,5.211,54.83,19.52,25.534,1.543,24.6,16.504,6043.32,79.17,598.79,5.208,54.92,19.664,25.606,1.619,24.663,16.392,NORMAL,0.0,1.0,1.0,1.0,1.0,0.0,0.0,0.0,0.0
159.8,CLIMB,76.68,54.84,8569.17,12.86,74.341,0.9055,6040.59,79.43,599.65,5.21,54.82,19.518,25.534,1.543,24.6,16.503,6042.89,79.22,600.11,5.2,55.21,19.386,25.512,1.571,24.649,16.484,NORMAL,0.0,1.0,1.0,1.0,1.0,0.0,0.0,0.0,0.0
159.9,CLIMB,76.68,54.84,8576.25,12.85,74.322,0.9053,6040.13,79.43,599.63,5.21,54.81,19.517,25.534,1.543,24.6,16.501,6036.16,80.32,600.03,5.24,54.47,19.441,25.447,1.532,24.584,16.562,NORMAL,0.0,1.0,1.0,1.0,1.0,0.0,0.0,0.0,0.0
160.0,CLIMB,76.67,54.83,8583.33,12.83,74.303,0.9051,6039.68,79.43,599.62,5.21,54.79,19.516,25.533,1.543,24.6,16.5,6038.28,79.77,597.91,5.217,54.87,19.494,25.581,1.499,24.536,16.449,NORMAL,0.0,1.0,1.0,1.0,1.0,0.0,0.0,0.0,0.0
160.1,CLIMB,76.66,54.83,8590.42,12.82,74.284,0.9049,6039.22,79.43,599.6,5.21,54.78,19.514,25.533,1.543,24.6,16.499,6036.86,78.63,599.97,5.208,54.66,19.551,25.53,1.528,24.607,16.72,NORMAL,0.0,1.0,1.0,1.0,1.0,0.0,0.0,0.0,0.0
160.2,CLIMB,76.65,54.82,8597.5,12.81,74.265,0.9048,6038.77,79.43,599.58,5.21,54.77,19.513,25.533,1.542,24.6,16.498,6036.63,79.25,600.96,5.223,54.31,19.408,25.535,1.511,24.555,16.708,NORMAL,0.0,1.0,1.0,1.0,1.0,0.0,0.0,0.0,0.0
160.3,CLIMB,76.64,54.82,8604.58,12.79,74.246,0.9046,6038.31,79.43,599.57,5.21,54.76,19.511,25.533,1.542,24.6,16.496,6031.87,79.6,600.14,5.165,54.39,19.578,25.537,1.524,24.612,16.569,NORMAL,0.0,1.0,1.0,1.0,1.0,0.0,0.0,0.0,0.0
160.4,CLIMB,76.63,54.81,8611.67,12.78,74.227,0.9044,6037.85,79.43,599.55,5.21,54.74,19.51,25.533,1.542,24.6,16.495,6025.19,78.63,596.59,5.223,55.33,19.485,25.405,1.508,24.636,16.569,NORMAL,0.0,1.0,1.0,1.0,1.0,0.0,0.0,0.0,0.0
160.5,CLIMB,76.63,54.81,8618.75,12.76,74.208,0.9042,6037.4,79.42,599.54,5.209,54.73,19.509,25.533,1.542,24.6,16.494,6033.63,79.32,598.42,5.26,54.79,19.275,25.568,1.533,24.547,16.608,NORMAL,0.0,1.0,1.0,1.0,1.0,0.0,0.0,0.0,0.0
160.6,CLIMB,76.62,54.8,8625.83,12.75,74.189,0.904,6036.94,79.42,599.52,5.209,54.72,19.507,25.532,1.542,24.6,16.493,6044.66,79.4,599.46,5.181,54.66,19.463,25.512,1.559,24.534,16.533,NORMAL,0.0,1.0,1.0,1.0,1.0,0.0,0.0,0.0,0.0
160.7,CLIMB,76.61,54.8,8632.92,12.73,74.17,0.9038,6036.49,79.42,599.51,5.209,54.7,19.506,25.532,1.542,24.6,16.491,6033.97,78.75,599.15,5.189,54.81,19.474,25.553,1.49,24.556,16.425,NORMAL,0.0,1.0,1.0,1.0,1.0,0.0,0.0,0.0,0.0
160.8,CLIMB,76.6,54.79,8640.0,12.72,74.151,0.9036,6036.03,79.42,599.49,5.209,54.69,19.504,25.532,1.542,24.6,16.49,6035.67,79.86,598.36,5.172,54.68,19.495,25.606,1.489,24.475,16.367,NORMAL,0.0,1.0,1.0,1.0,1.0,0.0,0.0,0.0,0.0
160.9,CLIMB,76.59,54.78,8647.08,12.71,74.132,0.9034,6035.58,79.42,599.48,5.209,54.68,19.503,25.532,1.542,24.6,16.489,6029.95,80.05,601.42,5.205,54.45,19.416,25.542,1.525,24.537,16.432,NORMAL,0.0,1.0,1.0,1.0,1.0,0.0,0.0,0.0,0.0
161.0,CLIMB,76.58,54.78,8654.17,12.69,74.113,0.9033,6035.12,79.42,599.46,5.209,54.67,19.501,25.532,1.542,24.6,16.488,6024.67,79.83,601.03,5.219,55.25,19.541,25.449,1.565,24.633,16.55,NORMAL,0.0,1.0,1.0,1.0,1.0,0.0,0.0,0.0,0.0
161.1,CLIMB,76.58,54.77,8661.25,12.68,74.094,0.9031,6034.67,79.42,599.45,5.209,54.65,19.5,25.532,1.542,24.6,16.486,6034.46,79.58,599.78,5.23,54.22,19.508,25.555,1.505,24.577,16.396,NORMAL,0.0,1.0,1.0,1.0,1.0,0.0,0.0,0.0,0.0
161.2,CLIMB,76.57,54.77,8668.33,12.66,74.075,0.9029,6034.21,79.42,599.43,5.208,54.64,19.499,25.531,1.542,24.6,16.485,6041.38,80.22,600.03,5.194,54.94,19.37,25.436,1.504,24.636,16.502,NORMAL,0.0,1.0,1.0,1.0,1.0,0.0,0.0,0.0,0.0
161.3,CLIMB,76.56,54.76,8675.42,12.65,74.056,0.9027,6033.76,79.42,599.41,5.208,54.63,19.497,25.531,1.541,24.6,16.484,6035.64,79.98,598.77,5.182,54.7,19.466,25.47,1.625,24.532,16.388,NORMAL,0.0,1.0,1.0,1.0,1.0,0.0,0.0,0.0,0.0
161.4,CLIMB,76.55,54.76,8682.5,12.64,74.037,0.9025,6033.3,79.42,599.4,5.208,54.61,19.496,25.531,1.541,24.6,16.483,6031.78,79.04,600.96,5.153,54.17,19.445,25.568,1.544,24.681,16.392,NORMAL,0.0,1.0,1.0,1.0,1.0,0.0,0.0,0.0,0.0
161.5,CLIMB,76.54,54.75,8689.58,12.62,74.019,0.9023,6032.85,79.42,599.38,5.208,54.6,19.494,25.531,1.541,24.6,16.481,6039.25,80.48,602.01,5.243,54.61,19.478,25.47,1.507,24.606,16.575,NORMAL,0.0,1.0,1.0,1.0,1.0,0.0,0.0,0.0,0.0
161.6,CLIMB,76.53,54.75,8696.67,12.61,74.0,0.9021,6032.39,79.42,599.37,5.208,54.59,19.493,25.531,1.541,24.6,16.48,6037.82,78.99,598.59,5.187,54.67,19.491,25.542,1.489,24.669,16.653,NORMAL,0.0,1.0,1.0,1.0,1.0,0.0,0.0,0.0,0.0
161.7,CLIMB,76.53,54.74,8703.75,12.59,73.981,0.902,6031.94,79.41,599.35,5.208,54.58,19.492,25.531,1.541,24.6,16.479,6034.97,79.34,601.78,5.213,54.36,19.391,25.598,1.544,24.613,16.401,NORMAL,0.0,1.0,1.0,1.0,1.0,0.0,0.0,0.0,0.0
161.8,CLIMB,76.52,54.74,8710.83,12.58,73.962,0.9018,6031.48,79.41,599.34,5.208,54.56,19.49,25.53,1.541,24.6,16.478,6037.28,79.62,597.93,5.235,54.57,19.695,25.51,1.587,24.589,16.44,NORMAL,0.0,1.0,1.0,1.0,1.0,0.0,0.0,0.0,0.0
161.9,CLIMB,76.51,54.73,8717.92,12.56,73.943,0.9016,6031.03,79.41,599.32,5.207,54.55,19.489,25.53,1.541,24.6,16.476,6030.38,80.03,600.35,5.241,54.8,19.414,25.586,1.572,24.517,16.387,NORMAL,0.0,1.0,1.0,1.0,1.0,0.0,0.0,0.0,0.0
162.0,CLIMB,76.5,54.73,8725.0,12.55,73.924,0.9014,6030.57,79.41,599.31,5.207,54.54,19.487,25.53,1.541,24.6,16.475,6027.33,79.02,598.98,5.222,54.5,19.401,25.557,1.488,24.614,16.53,NORMAL,0.0,1.0,1.0,1.0,1.0,0.0,0.0,0.0,0.0
162.1,CLIMB,76.49,54.72,8732.08,12.54,73.905,0.9012,6030.11,79.41,599.29,5.207,54.52,19.486,25.53,1.541,24.6,16.474,6034.92,79.75,599.28,5.182,54.18,19.518,25.512,1.533,24.559,16.595,NORMAL,0.0,1.0,1.0,1.0,1.0,0.0,0.0,0.0,0.0
162.2,CLIMB,76.48,54.71,8739.17,12.52,73.886,0.901,6029.66,79.41,599.28,5.207,54.51,19.485,25.53,1.541,24.6,16.473,6033.27,80.62,599.35,5.267,54.04,19.694,25.493,1.525,24.493,16.335,NORMAL,0.0,1.0,1.0,1.0,1.0,0.0,0.0,0.0,0.0
162.3,CLIMB,76.48,54.71,8746.25,12.51,73.867,0.9008,6029.2,79.41,599.26,5.207,54.5,19.483,25.53,1.541,24.6,16.471,6032.81,79.27,599.06,5.199,54.14,19.448,25.532,1.464,24.531,16.637,NORMAL,0.0,1.0,1.0,1.0,1.0,0.0,0.0,0.0,0.0
162.4,CLIMB,76.47,54.7,8753.33,12.49,73.848,0.9007,6028.75,79.41,599.24,5.207,54.48,19.482,25.529,1.541,24.6,16.47,6027.02,78.55,598.97,5.259,53.95,19.312,25.491,1.506,24.62,16.44,NORMAL,0.0,1.0,1.0,1.0,1.0,0.0,0.0,0.0,0.0
162.5,CLIMB,76.46,54.7,8760.42,12.48,73.829,0.9005,6028.29,79.41,599.23,5.207,54.47,19.48,25.529,1.54,24.6,16.469,6027.7,80.11,597.79,5.159,54.57,19.59,25.491,1.546,24.681,16.648,NORMAL,0.0,1.0,1.0,1.0,1.0,0.0,0.0,0.0,0.0
162.6,CLIMB,76.45,54.69,8767.5,12.47,73.81,0.9003,6027.84,79.41,599.21,5.206,54.46,19.479,25.529,1.54,24.6,16.468,6019.94,79.38,601.79,5.18,53.99,19.56,25.381,1.585,24.586,16.412,NORMAL,0.0,1.0,1.0,1.0,1.0,0.0,0.0,0.0,0.0
162.7,CLIMB,76.44,54.69,8774.58,12.45,73.791,0.9001,6027.38,79.41,599.2,5.206,54.45,19.477,25.529,1.54,24.6,16.466,6027.68,79.45,600.45,5.168,54.3,19.464,25.599,1.523,24.588,16.512,NORMAL,0.0,1.0,1.0,1.0,1.0,0.0,0.0,0.0,0.0
162.8,CLIMB,76.43,54.68,8781.67,12.44,73.773,0.8999,6026.93,79.41,599.18,5.206,54.43,19.476,25.529,1.54,24.6,16.465,6015.42,79.62,598.02,5.216,54.5,19.497,25.523,1.627,24.66,16.568,NORMAL,0.0,1.0,1.0,1.0,1.0,0.0,0.0,0.0,0.0
162.9,CLIMB,76.43,54.68,8788.75,12.42,73.754,0.8997,6026.47,79.4,599.17,5.206,54.42,19.475,25.529,1.54,24.6,16.464,6024.92,79.29,599.54,5.22,54.08,19.597,25.625,1.584,24.68,16.441,NORMAL,0.0,1.0,1.0,1.0,1.0,0.0,0.0,0.0,0.0
163.0,CLIMB,76.42,54.67,8795.83,12.41,73.735,0.8995,6026.02,79.4,599.15,5.206,54.41,19.473,25.528,1.54,24.6,16.463,6025.63,78.83,601.06,5.212,54.54,19.566,25.574,1.482,24.683,16.488,NORMAL,0.0,1.0,1.0,1.0,1.0,0.0,0.0,0.0,0.0
163.1,CLIMB,76.41,54.67,8802.92,12.39,73.716,0.8994,6025.56,79.4,599.14,5.206,54.39,19.472,25.528,1.54,24.6,16.461,6027.24,78.83,596.75,5.245,54.3,19.601,25.573,1.632,24.599,16.522,NORMAL,0.0,1.0,1.0,1.0,1.0,0.0,0.0,0.0,0.0
163.2,CLIMB,76.4,54.66,8810.0,12.38,73.697,0.8992,6025.11,79.4,599.12,5.206,54.38,19.47,25.528,1.54,24.6,16.46,6033.41,79.73,598.78,5.236,54.11,19.554,25.554,1.519,24.533,16.347,NORMAL,0.0,1.0,1.0,1.0,1.0,0.0,0.0,0.0,0.0
163.3,CLIMB,76.39,54.65,8817.08,12.37,73.678,0.899,6024.66,79.4,599.11,5.205,54.37,19.469,25.528,1.54,24.6,16.459,6029.81,79.99,597.86,5.221,54.4,19.324,25.533,1.55,24.582,16.505,NORMAL,0.0,1.0,1.0,1.0,1.0,0.0,0.0,0.0,0.0
163.4,CLIMB,76.38,54.65,8824.17,12.35,73.659,0.8988,6024.2,79.4,599.09,5.205,54.36,19.468,25.528,1.54,24.6,16.458,6018.26,78.6,600.31,5.213,53.69,19.565,25.464,1.581,24.607,16.526,NORMAL,0.0,1.0,1.0,1.0,1.0,0.0,0.0,0.0,0.0
163.5,CLIMB,76.38,54.64,8831.25,12.34,73.641,0.8986,6023.75,79.4,599.07,5.205,54.34,19.466,25.528,1.54,24.6,16.456,6027.27,79.84,598.41,5.202,54.34,19.608,25.467,1.545,24.59,16.624,NORMAL,0.0,1.0,1.0,1.0,1.0,0.0,0.0,0.0,0.0
163.6,CLIMB,76.37,54.64,8838.33,12.32,73.622,0.8984,6023.29,79.4,599.06,5.205,54.33,19.465,25.527,1.539,24.6,16.455,6029.22,79.9,601.58,5.142,53.98,19.485,25.568,1.548,24.589,16.525,NORMAL,0.0,1.0,1.0,1.0,1.0,0.0,0.0,0.0,0.0
163.7,CLIMB,76.36,54.63,8845.42,12.31,73.603,0.8982,6022.84,79.4,599.04,5.205,54.32,19.463,25.527,1.539,24.6,16.454,6024.22,79.05,599.47,5.199,54.43,19.579,25.468,1.507,24.596,16.468,NORMAL,0.0,1.0,1.0,1.0,1.0,0.0,0.0,0.0,0.0
163.8,CLIMB,76.35,54.63,8852.5,12.3,73.584,0.8981,6022.38,79.4,599.03,5.205,54.3,19.462,25.527,1.539,24.6,16.453,6028.79,78.61,601.96,5.166,54.85,19.373,25.586,1.594,24.545,16.268,NORMAL,0.0,1.0,1.0,1.0,1.0,0.0,0.0,0.0,0.0
163.9,CLIMB,76.34,54.62,8859.58,12.28,73.565,0.8979,6021.93,79.4,599.01,5.204,54.29,19.46,25.527,1.539,24.6,16.451,6034.4,79.51,599.82,5.208,54.15,19.542,25.531,1.51,24.565,16.381,NORMAL,0.0,1.0,1.0,1.0,1.0,0.0,0.0,0.0,0.0
164.0,CLIMB,76.33,54.62,8866.67,12.27,73.546,0.8977,6021.47,79.4,599.0,5.204,54.28,19.459,25.527,1.539,24.6,16.45,6022.92,80.17,599.25,5.238,54.62,19.481,25.54,1.656,24.57,16.568,NORMAL,0.0,1.0,1.0,1.0,1.0,0.0,0.0,0.0,0.0
164.1,CLIMB,76.33,54.61,8873.75,12.25,73.528,0.8975,6021.02,79.39,598.98,5.204,54.26,19.458,25.527,1.539,24.6,16.449,6012.81,79.38,600.42,5.228,53.91,19.545,25.596,1.492,24.572,16.544,NORMAL,0.0,1.0,1.0,1.0,1.0,0.0,0.0,0.0,0.0
164.2,CLIMB,76.32,54.61,8880.83,12.24,73.509,0.8973,6020.56,79.39,598.97,5.204,54.25,19.456,25.526,1.539,24.6,16.448,6015.81,79.81,600.79,5.253,53.96,19.344,25.485,1.557,24.645,16.688,NORMAL,0.0,1.0,1.0,1.0,1.0,0.0,0.0,0.0,0.0
164.3,CLIMB,76.31,54.6,8887.92,12.22,73.49,0.8971,6020.11,79.39,598.95,5.204,54.24,19.455,25.526,1.539,24.6,16.446,6022.64,79.6,598.3,5.226,54.3,19.498,25.472,1.543,24.545,16.312,NORMAL,0.0,1.0,1.0,1.0,1.0,0.0,0.0,0.0,0.0
164.4,CLIMB,76.3,54.6,8895.0,12.21,73.471,0.8969,6019.65,79.39,598.93,5.204,54.23,19.453,25.526,1.539,24.6,16.445,6022.61,78.77,600.76,5.182,54.2,19.519,25.638,1.5,24.65,16.492,NORMAL,0.0,1.0,1.0,1.0,1.0,0.0,0.0,0.0,0.0
164.5,CLIMB,76.29,54.59,8902.08,12.2,73.452,0.8968,6019.2,79.39,598.92,5.204,54.21,19.452,25.526,1.539,24.6,16.444,6015.99,79.19,597.65,5.243,53.78,19.539,25.495,1.526,24.623,16.519,NORMAL,0.0,1.0,1.0,1.0,1.0,0.0,0.0,0.0,0.0
164.6,CLIMB,76.28,54.58,8909.17,12.18,73.433,0.8966,6018.74,79.39,598.9,5.203,54.2,19.451,25.526,1.539,24.6,16.443,6024.04,78.92,600.03,5.206,54.11,19.518,25.475,1.576,24.567,16.503,NORMAL,0.0,1.0,1.0,1.0,1.0,0.0,0.0,0.0,0.0
164.7,CLIMB,76.28,54.58,8916.25,12.17,73.415,0.8964,6018.29,79.39,598.89,5.203,54.19,19.449,25.526,1.538,24.6,16.441,6021.2,80.3,598.89,5.167,54.38,19.437,25.607,1.55,24.632,16.403,NORMAL,0.0,1.0,1.0,1.0,1.0,0.0,0.0,0.0,0.0
164.8,CLIMB,76.27,54.57,8923.33,12.15,73.396,0.8962,6017.84,79.39,598.87,5.203,54.17,19.448,25.525,1.538,24.6,16.44,6020.22,79.79,601.46,5.185,53.68,19.492,25.469,1.625,24.633,16.562,NORMAL,0.0,1.0,1.0,1.0,1.0,0.0,0.0,0.0,0.0
164.9,CLIMB,76.26,54.57,8930.42,12.14,73.377,0.896,6017.38,79.39,598.86,5.203,54.16,19.446,25.525,1.538,24.6,16.439,6016.02,79.25,600.42,5.244,53.93,19.332,25.528,1.529,24.589,16.588,NORMAL,0.0,1.0,1.0,1.0,1.0,0.0,0.0,0.0,0.0
165.0,CLIMB,76.25,54.56,8937.5,12.13,73.358,0.8958,6016.93,79.39,598.84,5.203,54.15,19.445,25.525,1.538,24.6,16.438,6008.69,78.3,600.12,5.161,54.56,19.387,25.48,1.498,24.576,16.45,NORMAL,0.0,1.0,1.0,1.0,1.0,0.0,0.0,0.0,0.0
165.1,CLIMB,76.24,54.56,8944.58,12.11,73.34,0.8957,6016.47,79.39,598.83,5.203,54.13,19.443,25.525,1.538,24.6,16.436,6013.42,79.05,600.92,5.191,53.49,19.326,25.438,1.522,24.626,16.554,NORMAL,0.0,1.0,1.0,1.0,1.0,0.0,0.0,0.0,0.0
165.2,CLIMB,76.23,54.55,8951.67,12.1,73.321,0.8955,6016.02,79.38,598.81,5.203,54.12,19.442,25.525,1.538,24.6,16.435,6019.74,79.44,598.08,5.197,54.01,19.236,25.611,1.524,24.589,16.372,NORMAL,0.0,1.0,1.0,1.0,1.0,0.0,0.0,0.0,0.0
165.3,CLIMB,76.23,54.55,8958.75,12.08,73.302,0.8953,6015.56,79.38,598.8,5.202,54.11,19.441,25.525,1.538,24.6,16.434,6016.85,79.41,600.81,5.218,54.08,19.381,25.495,1.592,24.585,16.569,NORMAL,0.0,1.0,1.0,1.0,1.0,0.0,0.0,0.0,0.0
165.4,CLIMB,76.22,54.54,8965.83,12.07,73.283,0.8951,6015.11,79.38,598.78,5.202,54.1,19.439,25.524,1.538,24.6,16.433,6017.31,79.86,599.39,5.212,54.23,19.487,25.535,1.624,24.712,16.473,NORMAL,0.0,1.0,1.0,1.0,1.0,0.0,0.0,0.0,0.0
165.5,CLIMB,76.21,54.54,8972.92,12.05,73.265,0.8949,6014.65,79.38,598.76,5.202,54.08,19.438,25.524,1.538,24.6,16.431,6012.17,79.75,596.21,5.246,54.5,19.371,25.574,1.499,24.618,16.497,NORMAL,0.0,1.0,1.0,1.0,1.0,0.0,0.0,0.0,0.0
165.6,CLIMB,76.2,54.53,8980.0,12.04,73.246,0.8947,6014.2,79.38,598.75,5.202,54.07,19.436,25.524,1.538,24.6,16.43,6012.4,79.79,597.3,5.189,54.08,19.314,25.588,1.555,24.576,16.356,NORMAL,0.0,1.0,1.0,1.0,1.0,0.0,0.0,0.0,0.0
165.7,CLIMB,76.19,54.52,8987.08,12.03,73.227,0.8945,6013.75,79.38,598.73,5.202,54.06,19.435,25.524,1.538,24.6,16.429,6013.3,79.67,599.03,5.213,54.26,19.564,25.428,1.557,24.608,16.449,NORMAL,0.0,1.0,1.0,1.0,1.0,0.0,0.0,0.0,0.0
165.8,CLIMB,76.18,54.52,8994.17,12.01,73.208,0.8944,6013.29,79.38,598.72,5.202,54.04,19.434,25.524,1.537,24.6,16.428,6022.43,78.39,599.16,5.223,54.4,19.395,25.507,1.511,24.561,16.379,NORMAL,0.0,1.0,1.0,1.0,1.0,0.0,0.0,0.0,0.0
165.9,CLIMB,76.18,54.51,9001.25,12.0,73.19,0.8942,6012.84,79.38,598.7,5.202,54.03,19.432,25.524,1.537,24.6,16.426,6012.05,80.16,600.33,5.252,53.56,19.471,25.561,1.528,24.612,16.464,NORMAL,0.0,1.0,1.0,1.0,1.0,0.0,0.0,0.0,0.0
166.0,CLIMB,76.17,54.51,9008.33,11.98,73.171,0.894,6012.38,79.38,598.69,5.201,54.02,19.431,25.523,1.537,24.6,16.425,6015.56,79.1,599.18,5.192,54.03,19.464,25.551,1.604,24.611,16.305,NORMAL,0.0,1.0,1.0,1.0,1.0,0.0,0.0,0.0,0.0
166.1,CLIMB,76.16,54.5,9015.42,11.97,73.152,0.8938,6011.93,79.38,598.67,5.201,54.0,19.429,25.523,1.537,24.6,16.424,6016.25,78.61,601.04,5.216,54.15,19.457,25.577,1.565,24.567,16.451,NORMAL,0.0,1.0,1.0,1.0,1.0,0.0,0.0,0.0,0.0
166.2,CLIMB,76.15,54.5,9022.5,11.96,73.133,0.8936,6011.48,79.38,598.66,5.201,53.99,19.428,25.523,1.537,24.6,16.423,6012.77,79.03,599.54,5.188,54.53,19.427,25.575,1.48,24.576,16.311,NORMAL,0.0,1.0,1.0,1.0,1.0,0.0,0.0,0.0,0.0
166.3,CLIMB,76.14,54.49,9029.58,11.94,73.115,0.8934,6011.02,79.38,598.64,5.201,53.98,19.427,25.523,1.537,24.6,16.421,6017.63,79.54,598.98,5.213,53.95,19.317,25.448,1.588,24.658,16.336,NORMAL,0.0,1.0,1.0,1.0,1.0,0.0,0.0,0.0,0.0
166.4,CLIMB,76.13,54.49,9036.67,11.93,73.096,0.8933,6010.57,79.37,598.62,5.201,53.96,19.425,25.523,1.537,24.6,16.42,6013.66,80.4,600.7,5.21,53.83,19.458,25.559,1.53,24.626,16.394,NORMAL,0.0,1.0,1.0,1.0,1.0,0.0,0.0,0.0,0.0
166.5,CLIMB,76.13,54.48,9043.75,11.91,73.077,0.8931,6010.11,79.37,598.61,5.201,53.95,19.424,25.523,1.537,24.6,16.419,6007.35,79.99,595.98,5.181,53.71,19.334,25.458,1.477,24.6,16.47,NORMAL,0.0,1.0,1.0,1.0,1.0,0.0,0.0,0.0,0.0
166.6,CLIMB,76.12,54.48,9050.83,11.9,73.059,0.8929,6009.66,79.37,598.59,5.201,53.94,19.422,25.522,1.537,24.6,16.418,6010.42,79.39,598.24,5.146,53.81,19.389,25.516,1.497,24.57,16.485,NORMAL,0.0,1.0,1.0,1.0,1.0,0.0,0.0,0.0,0.0
166.7,CLIMB,76.11,54.47,9057.92,11.88,73.04,0.8927,6009.21,79.37,598.58,5.2,53.93,19.421,25.522,1.537,24.6,16.416,6010.4,79.26,599.3,5.164,53.5,19.526,25.473,1.536,24.599,16.464,NORMAL,0.0,1.0,1.0,1.0,1.0,0.0,0.0,0.0,0.0
166.8,CLIMB,76.1,54.47,9065.0,11.87,73.021,0.8925,6008.75,79.37,598.56,5.2,53.91,19.419,25.522,1.537,24.6,16.415,6020.29,79.24,599.64,5.219,54.34,19.447,25.565,1.563,24.599,16.417,NORMAL,0.0,1.0,1.0,1.0,1.0,0.0,0.0,0.0,0.0
166.9,CLIMB,76.09,54.46,9072.08,11.86,73.002,0.8923,6008.3,79.37,598.55,5.2,53.9,19.418,25.522,1.537,24.6,16.414,6001.21,79.05,599.32,5.183,54.05,19.32,25.574,1.593,24.614,16.398,NORMAL,0.0,1.0,1.0,1.0,1.0,0.0,0.0,0.0,0.0
167.0,CLIMB,76.08,54.45,9079.17,11.84,72.984,0.8921,6007.84,79.37,598.53,5.2,53.89,19.417,25.522,1.536,24.6,16.413,6005.55,79.89,597.74,5.19,54.41,19.351,25.482,1.474,24.609,16.606,NORMAL,0.0,1.0,1.0,1.0,1.0,0.0,0.0,0.0,0.0
167.1,CLIMB,76.08,54.45,9086.25,11.83,72.965,0.892,6007.39,79.37,598.52,5.2,53.87,19.415,25.522,1.536,24.6,16.411,6002.56,79.47,599.63,5.183,53.68,19.497,25.561,1.633,24.568,16.341,NORMAL,0.0,1.0,1.0,1.0,1.0,0.0,0.0,0.0,0.0
167.2,CLIMB,76.07,54.44,9093.33,11.81,72.946,0.8918,6006.94,79.37,598.5,5.2,53.86,19.414,25.521,1.536,24.6,16.41,6002.88,79.98,598.91,5.2,54.15,19.377,25.501,1.586,24.616,16.554,NORMAL,0.0,1.0,1.0,1.0,1.0,0.0,0.0,0.0,0.0
167.3,CLIMB,76.06,54.44,9100.42,11.8,72.928,0.8916,6006.48,79.37,598.49,5.2,53.85,19.412,25.521,1.536,24.6,16.409,6023.97,79.32,597.1,5.159,53.58,19.387,25.517,1.563,24.561,16.44,NORMAL,0.0,1.0,1.0,1.0,1.0,0.0,0.0,0.0,0.0
167.4,CLIMB,76.05,54.43,9107.5,11.79,72.909,0.8914,6006.03,79.37,598.47,5.199,53.83,19.411,25.521,1.536,24.6,16.408,6010.9,79.34,602.42,5.22,53.69,19.511,25.501,1.527,24.645,16.431,NORMAL,0.0,1.0,1.0,1.0,1.0,0.0,0.0,0.0,0.0
167.5,CLIMB,76.04,54.43,9114.58,11.77,72.89,0.8912,6005.57,79.37,598.45,5.199,53.82,19.41,25.521,1.536,24.6,16.406,6010.34,79.76,599.57,5.212,54.05,19.37,25.495,1.592,24.528,16.387,NORMAL,0.0,1.0,1.0,1.0,1.0,0.0,0.0,0.0,0.0
167.6,CLIMB,76.03,54.42,9121.67,11.76,72.872,0.891,6005.12,79.36,598.44,5.199,53.81,19.408,25.521,1.536,24.6,16.405,6004.82,79.35,596.19,5.127,53.76,19.56,25.419,1.515,24.534,16.515,NORMAL,0.0,1.0,1.0,1.0,1.0,0.0,0.0,0.0,0.0
167.7,CLIMB,76.03,54.42,9128.75,11.74,72.853,0.8909,6004.67,79.36,598.42,5.199,53.79,19.407,25.521,1.536,24.6,16.404,6000.76,78.95,599.18,5.183,53.83,19.48,25.487,1.598,24.574,16.359,NORMAL,0.0,1.0,1.0,1.0,1.0,0.0,0.0,0.0,0.0
167.8,CLIMB,76.02,54.41,9135.83,11.73,72.834,0.8907,6004.21,79.36,598.41,5.199,53.78,19.405,25.52,1.536,24.6,16.403,6005.09,79.57,597.19,5.13,54.25,19.337,25.479,1.484,24.526,16.266,NORMAL,0.0,1.0,1.0,1.0,1.0,0.0,0.0,0.0,0.0
167.9,CLIMB,76.01,54.41,9142.92,11.71,72.816,0.8905,6003.76,79.36,598.39,5.199,53.77,19.404,25.52,1.536,24.6,16.401,6008.27,79.66,600.02,5.201,53.06,19.498,25.632,1.443,24.534,16.367,NORMAL,0.0,1.0,1.0,1.0,1.0,0.0,0.0,0.0,0.0
168.0,CLIMB,76.0,54.4,9150.0,11.7,72.797,0.8903,6003.3,79.36,598.38,5.199,53.76,19.402,25.52,1.536,24.6,16.4,6011.01,78.6,598.57,5.205,53.42,19.486,25.5,1.497,24.607,16.55,NORMAL,0.0,1.0,1.0,1.0,1.0,0.0,0.0,0.0,0.0
168.1,CLIMB,75.99,54.39,9157.08,11.69,72.779,0.8901,6002.85,79.36,598.36,5.198,53.74,19.401,25.52,1.535,24.6,16.399,5997.44,79.24,596.52,5.232,53.65,19.355,25.561,1.522,24.628,16.41,NORMAL,0.0,1.0,1.0,1.0,1.0,0.0,0.0,0.0,0.0
168.2,CLIMB,75.98,54.39,9164.17,11.67,72.76,0.8899,6002.4,79.36,598.35,5.198,53.73,19.4,25.52,1.535,24.6,16.398,5999.68,79.81,599.71,5.205,53.19,19.422,25.532,1.586,24.552,16.37,NORMAL,0.0,1.0,1.0,1.0,1.0,0.0,0.0,0.0,0.0
168.3,CLIMB,75.98,54.38,9171.25,11.66,72.741,0.8898,6001.94,79.36,598.33,5.198,53.72,19.398,25.52,1.535,24.6,16.396,6000.58,79.26,596.98,5.186,54.09,19.515,25.516,1.554,24.671,16.524,NORMAL,0.0,1.0,1.0,1.0,1.0,0.0,0.0,0.0,0.0
168.4,CLIMB,75.97,54.38,9178.33,11.64,72.723,0.8896,6001.49,79.36,598.31,5.198,53.7,19.397,25.519,1.535,24.6,16.395,5993.41,78.98,598.42,5.144,53.47,19.413,25.546,1.597,24.616,16.701,NORMAL,0.0,1.0,1.0,1.0,1.0,0.0,0.0,0.0,0.0
168.5,CLIMB,75.96,54.37,9185.42,11.63,72.704,0.8894,6001.04,79.36,598.3,5.198,53.69,19.395,25.519,1.535,24.6,16.394,6004.05,79.85,598.81,5.203,53.86,19.262,25.488,1.52,24.543,16.345,NORMAL,0.0,1.0,1.0,1.0,1.0,0.0,0.0,0.0,0.0
168.6,CLIMB,75.95,54.37,9192.5,11.62,72.685,0.8892,6000.58,79.36,598.28,5.198,53.68,19.394,25.519,1.535,24.6,16.393,6005.59,79.48,599.53,5.193,53.49,19.459,25.509,1.542,24.583,16.44,NORMAL,0.0,1.0,1.0,1.0,1.0,0.0,0.0,0.0,0.0
168.7,CLIMB,75.94,54.36,9199.58,11.6,72.667,0.889,6000.13,79.36,598.27,5.198,53.66,19.393,25.519,1.535,24.6,16.391,6008.03,78.66,596.82,5.159,54.36,19.351,25.517,1.573,24.634,16.509,NORMAL,0.0,1.0,1.0,1.0,1.0,0.0,0.0,0.0,0.0
168.8,CLIMB,75.93,54.36,9206.67,11.59,72.648,0.8888,5999.68,79.35,598.25,5.197,53.65,19.391,25.519,1.535,24.6,16.39,5998.22,78.65,598.86,5.196,53.96,19.244,25.545,1.561,24.66,16.51,NORMAL,0.0,1.0,1.0,1.0,1.0,0.0,0.0,0.0,0.0
168.9,CLIMB,75.93,54.35,9213.75,11.57,72.63,0.8887,5999.22,79.35,598.24,5.197,53.64,19.39,25.519,1.535,24.6,16.389,6005.27,77.95,594.27,5.204,53.3,19.254,25.472,1.495,24.636,16.385,NORMAL,0.0,1.0,1.0,1.0,1.0,0.0,0.0,0.0,0.0
169.0,CLIMB,75.92,54.35,9220.83,11.56,72.611,0.8885,5998.77,79.35,598.22,5.197,53.62,19.388,25.518,1.535,24.6,16.388,6005.8,78.87,599.12,5.193,53.36,19.284,25.586,1.549,24.595,16.311,NORMAL,0.0,1.0,1.0,1.0,1.0,0.0,0.0,0.0,0.0
169.1,CLIMB,75.91,54.34,9227.92,11.54,72.592,0.8883,5998.32,79.35,598.21,5.197,53.61,19.387,25.518,1.535,24.6,16.386,6006.72,80.15,598.32,5.201,53.84,19.43,25.541,1.466,24.584,16.36,NORMAL,0.0,1.0,1.0,1.0,1.0,0.0,0.0,0.0,0.0
169.2,CLIMB,75.9,54.34,9235.0,11.53,72.574,0.8881,5997.86,79.35,598.19,5.197,53.6,19.385,25.518,1.534,24.6,16.385,5987.58,79.63,598.74,5.213,54.08,19.299,25.484,1.568,24.533,16.399,NORMAL,0.0,1.0,1.0,1.0,1.0,0.0,0.0,0.0,0.0
169.3,CLIMB,75.89,54.33,9242.08,11.52,72.555,0.8879,5997.41,79.35,598.17,5.197,53.59,19.384,25.518,1.534,24.6,16.384,5995.32,79.37,600.22,5.145,53.77,19.377,25.527,1.579,24.579,16.323,NORMAL,0.0,1.0,1.0,1.0,1.0,0.0,0.0,0.0,0.0
169.4,CLIMB,75.88,54.32,9249.17,11.5,72.537,0.8877,5996.96,79.35,598.16,5.197,53.57,19.383,25.518,1.534,24.6,16.383,5990.61,79.37,600.13,5.179,53.53,19.514,25.509,1.531,24.547,16.378,NORMAL,0.0,1.0,1.0,1.0,1.0,0.0,0.0,0.0,0.0
169.5,CLIMB,75.88,54.32,9256.25,11.49,72.518,0.8876,5996.5,79.35,598.14,5.196,53.56,19.381,25.518,1.534,24.6,16.381,6002.95,79.94,600.86,5.252,53.19,19.45,25.536,1.516,24.588,16.263,NORMAL,0.0,1.0,1.0,1.0,1.0,0.0,0.0,0.0,0.0
169.6,CLIMB,75.87,54.31,9263.33,11.47,72.5,0.8874,5996.05,79.35,598.13,5.196,53.55,19.38,25.517,1.534,24.6,16.38,5985.26,79.0,600.11,5.196,53.25,19.377,25.47,1.488,24.61,16.476,NORMAL,0.0,1.0,1.0,1.0,1.0,0.0,0.0,0.0,0.0
169.7,CLIMB,75.86,54.31,9270.42,11.46,72.481,0.8872,5995.59,79.35,598.11,5.196,53.53,19.378,25.517,1.534,24.6,16.379,5997.61,79.72,595.89,5.249,53.1,19.458,25.623,1.551,24.551,16.444,NORMAL,0.0,1.0,1.0,1.0,1.0,0.0,0.0,0.0,0.0
169.8,CLIMB,75.85,54.3,9277.5,11.45,72.463,0.887,5995.14,79.35,598.1,5.196,53.52,19.377,25.517,1.534,24.6,16.378,5991.28,79.24,595.9,5.167,53.82,19.492,25.512,1.503,24.634,16.47,NORMAL,0.0,1.0,1.0,1.0,1.0,0.0,0.0,0.0,0.0
169.9,CLIMB,75.84,54.3,9284.58,11.43,72.444,0.8868,5994.69,79.34,598.08,5.196,53.51,19.376,25.517,1.534,24.6,16.376,6002.51,79.58,596.85,5.194,53.76,19.423,25.548,1.51,24.636,16.383,NORMAL,0.0,1.0,1.0,1.0,1.0,0.0,0.0,0.0,0.0
170.0,CLIMB,75.83,54.29,9291.67,11.42,72.425,0.8866,5994.24,79.34,598.07,5.196,53.49,19.374,25.517,1.534,24.6,16.375,6002.84,79.2,597.61,5.209,53.24,19.51,25.517,1.556,24.637,16.316,NORMAL,0.0,1.0,1.0,1.0,1.0,0.0,0.0,0.0,0.0
170.1,CLIMB,75.83,54.29,9298.75,11.4,72.407,0.8865,5993.78,79.34,598.05,5.196,53.48,19.373,25.517,1.534,24.6,16.374,5997.28,79.26,596.23,5.231,53.98,19.399,25.545,1.471,24.627,16.275,NORMAL,0.0,1.0,1.0,1.0,1.0,0.0,0.0,0.0,0.0
170.2,CLIMB,75.82,54.28,9305.83,11.39,72.388,0.8863,5993.33,79.34,598.03,5.195,53.47,19.371,25.516,1.534,24.6,16.373,5988.58,78.64,601.2,5.193,53.26,19.541,25.591,1.595,24.686,16.415,NORMAL,0.0,1.0,1.0,1.0,1.0,0.0,0.0,0.0,0.0
170.3,CLIMB,75.81,54.28,9312.92,11.37,72.37,0.8861,5992.88,79.34,598.02,5.195,53.45,19.37,25.516,1.533,24.6,16.371,5995.17,77.92,597.55,5.179,53.63,19.417,25.603,1.5,24.592,16.269,NORMAL,0.0,1.0,1.0,1.0,1.0,0.0,0.0,0.0,0.0
170.4,CLIMB,75.8,54.27,9320.0,11.36,72.351,0.8859,5992.42,79.34,598.0,5.195,53.44,19.368,25.516,1.533,24.6,16.37,5999.15,79.88,598.66,5.165,53.06,19.441,25.465,1.559,24.556,16.549,NORMAL,0.0,1.0,1.0,1.0,1.0,0.0,0.0,0.0,0.0
170.5,CLIMB,75.79,54.26,9327.08,11.35,72.333,0.8857,5991.97,79.34,597.99,5.195,53.43,19.367,25.516,1.533,24.6,16.369,5985.28,80.47,598.65,5.192,53.73,19.333,25.533,1.625,24.507,16.373,NORMAL,0.0,1.0,1.0,1.0,1.0,0.0,0.0,0.0,0.0
170.6,CLIMB,75.78,54.26,9334.17,11.33,72.314,0.8855,5991.52,79.34,597.97,5.195,53.41,19.366,25.516,1.533,24.6,16.368,5992.52,78.59,597.88,5.215,53.19,19.351,25.425,1.489,24.587,16.078,NORMAL,0.0,1.0,1.0,1.0,1.0,0.0,0.0,0.0,0.0
170.7,CLIMB,75.78,54.25,9341.25,11.32,72.296,0.8854,5991.06,79.34,597.96,5.195,53.4,19.364,25.516,1.533,24.6,16.366,5994.08,78.81,596.87,5.233,52.84,19.455,25.587,1.54,24.555,16.419,NORMAL,0.0,1.0,1.0,1.0,1.0,0.0,0.0,0.0,0.0
170.8,CLIMB,75.77,54.25,9348.33,11.3,72.277,0.8852,5990.61,79.34,597.94,5.195,53.39,19.363,25.515,1.533,24.6,16.365,5987.17,78.44,597.73,5.201,53.06,19.447,25.539,1.6,24.631,16.197,NORMAL,0.0,1.0,1.0,1.0,1.0,0.0,0.0,0.0,0.0
170.9,CLIMB,75.76,54.24,9355.42,11.29,72.259,0.885,5990.16,79.34,597.93,5.194,53.38,19.361,25.515,1.533,24.6,16.364,5984.4,78.7,598.32,5.219,53.54,19.39,25.576,1.456,24.525,16.36,NORMAL,0.0,1.0,1.0,1.0,1.0,0.0,0.0,0.0,0.0
171.0,CLIMB,75.75,54.24,9362.5,11.28,72.24,0.8848,5989.7,79.34,597.91,5.194,53.36,19.36,25.515,1.533,24.6,16.363,5998.61,79.45,599.48,5.181,53.54,19.361,25.501,1.614,24.557,16.371,NORMAL,0.0,1.0,1.0,1.0,1.0,0.0,0.0,0.0,0.0
171.1,CLIMB,75.74,54.23,9369.58,11.26,72.222,0.8846,5989.25,79.33,597.89,5.194,53.35,19.358,25.515,1.533,24.6,16.361,5989.29,79.58,597.29,5.185,53.43,19.433,25.461,1.528,24.626,16.405,NORMAL,0.0,1.0,1.0,1.0,1.0,0.0,0.0,0.0,0.0
171.2,CLIMB,75.73,54.23,9376.67,11.25,72.203,0.8845,5988.8,79.33,597.88,5.194,53.34,19.357,25.515,1.533,24.6,16.36,5984.98,79.06,598.47,5.173,53.38,19.37,25.49,1.547,24.598,16.377,NORMAL,0.0,1.0,1.0,1.0,1.0,0.0,0.0,0.0,0.0
171.3,CLIMB,75.73,54.22,9383.75,11.23,72.185,0.8843,5988.34,79.33,597.86,5.194,53.32,19.356,25.515,1.533,24.6,16.359,5988.84,79.57,597.51,5.16,53.01,19.567,25.488,1.546,24.589,16.567,NORMAL,0.0,1.0,1.0,1.0,1.0,0.0,0.0,0.0,0.0
171.4,CLIMB,75.72,54.22,9390.83,11.22,72.166,0.8841,5987.89,79.33,597.85,5.194,53.31,19.354,25.514,1.533,24.6,16.358,5985.64,78.93,596.09,5.178,53.4,19.378,25.539,1.49,24.655,16.424,NORMAL,0.0,1.0,1.0,1.0,1.0,0.0,0.0,0.0,0.0
171.5,CLIMB,75.71,54.21,9397.92,11.2,72.148,0.8839,5987.44,79.33,597.83,5.194,53.3,19.353,25.514,1.532,24.6,16.356,5991.08,79.77,598.14,5.168,52.79,19.366,25.554,1.603,24.662,16.382,NORMAL,0.0,1.0,1.0,1.0,1.0,0.0,0.0,0.0,0.0
171.6,CLIMB,75.7,54.21,9405.0,11.19,72.129,0.8837,5986.99,79.33,597.82,5.193,53.28,19.351,25.514,1.532,24.6,16.355,5984.73,79.86,597.75,5.254,53.24,19.358,25.56,1.485,24.604,16.275,NORMAL,0.0,1.0,1.0,1.0,1.0,0.0,0.0,0.0,0.0
171.7,CLIMB,75.69,54.2,9412.08,11.18,72.111,0.8835,5986.53,79.33,597.8,5.193,53.27,19.35,25.514,1.532,24.6,16.354,5984.16,80.85,598.28,5.217,53.26,19.375,25.53,1.496,24.593,16.477,NORMAL,0.0,1.0,1.0,1.0,1.0,0.0,0.0,0.0,0.0
171.8,CLIMB,75.68,54.19,9419.17,11.16,72.092,0.8834,5986.08,79.33,597.79,5.193,53.26,19.349,25.514,1.532,24.6,16.353,5989.66,80.44,598.79,5.265,53.08,19.389,25.563,1.516,24.604,16.267,NORMAL,0.0,1.0,1.0,1.0,1.0,0.0,0.0,0.0,0.0
171.9,CLIMB,75.68,54.19,9426.25,11.15,72.074,0.8832,5985.63,79.33,597.77,5.193,53.24,19.347,25.514,1.532,24.6,16.351,5985.46,78.79,598.08,5.231,53.53,19.162,25.563,1.523,24.508,16.245,NORMAL,0.0,1.0,1.0,1.0,1.0,0.0,0.0,0.0,0.0
172.0,CLIMB,75.67,54.18,9433.33,11.13,72.056,0.883,5985.17,79.33,597.76,5.193,53.23,19.346,25.513,1.532,24.6,16.35,5980.67,80.4,596.2,5.202,52.81,19.447,25.542,1.536,24.586,16.229,NORMAL,0.0,1.0,1.0,1.0,1.0,0.0,0.0,0.0,0.0
172.1,CLIMB,75.66,54.18,9440.42,11.12,72.037,0.8828,5984.72,79.33,597.74,5.193,53.22,19.344,25.513,1.532,24.6,16.349,5990.63,79.68,600.06,5.234,53.14,19.143,25.463,1.548,24.624,16.439,NORMAL,0.0,1.0,1.0,1.0,1.0,0.0,0.0,0.0,0.0
172.2,CLIMB,75.65,54.17,9447.5,11.11,72.019,0.8826,5984.27,79.33,597.72,5.193,53.2,19.343,25.513,1.532,24.6,16.348,5976.01,79.21,597.64,5.196,52.95,19.227,25.545,1.473,24.602,16.31,NORMAL,0.0,1.0,1.0,1.0,1.0,0.0,0.0,0.0,0.0
172.3,CLIMB,75.64,54.17,9454.58,11.09,72.0,0.8825,5983.82,79.32,597.71,5.192,53.19,19.341,25.513,1.532,24.6,16.346,5985.69,79.45,595.91,5.208,53.16,19.273,25.558,1.598,24.648,16.287,NORMAL,0.0,1.0,1.0,1.0,1.0,0.0,0.0,0.0,0.0
172.4,CLIMB,75.63,54.16,9461.67,11.08,71.982,0.8823,5983.36,79.32,597.69,5.192,53.18,19.34,25.513,1.532,24.6,16.345,5983.46,78.5,597.14,5.178,53.17,19.414,25.458,1.527,24.559,16.405,NORMAL,0.0,1.0,1.0,1.0,1.0,0.0,0.0,0.0,0.0
172.5,CLIMB,75.63,54.16,9468.75,11.06,71.963,0.8821,5982.91,79.32,597.68,5.192,53.16,19.339,25.513,1.532,24.6,16.344,5984.12,79.02,597.47,5.229,53.01,19.228,25.461,1.457,24.572,16.49,NORMAL,0.0,1.0,1.0,1.0,1.0,0.0,0.0,0.0,0.0
172.6,CLIMB,75.62,54.15,9475.83,11.05,71.945,0.8819,5982.46,79.32,597.66,5.192,53.15,19.337,25.512,1.531,24.6,16.343,5978.29,79.83,595.27,5.136,53.1,19.2,25.535,1.581,24.66,16.409,NORMAL,0.0,1.0,1.0,1.0,1.0,0.0,0.0,0.0,0.0
172.7,CLIMB,75.61,54.15,9482.92,11.03,71.927,0.8817,5982.01,79.32,597.65,5.192,53.14,19.336,25.512,1.531,24.6,16.341,5971.16,79.41,600.94,5.226,53.38,19.369,25.477,1.547,24.606,16.431,NORMAL,0.0,1.0,1.0,1.0,1.0,0.0,0.0,0.0,0.0
172.8,CLIMB,75.6,54.14,9490.0,11.02,71.908,0.8815,5981.55,79.32,597.63,5.192,53.13,19.334,25.512,1.531,24.6,16.34,5973.99,79.24,598.16,5.174,53.32,19.237,25.568,1.551,24.547,16.487,NORMAL,0.0,1.0,1.0,1.0,1.0,0.0,0.0,0.0,0.0
172.9,CLIMB,75.59,54.13,9497.08,11.01,71.89,0.8814,5981.1,79.32,597.62,5.192,53.11,19.333,25.512,1.531,24.6,16.339,5973.59,79.86,596.22,5.205,53.31,19.409,25.568,1.462,24.576,16.441,NORMAL,0.0,1.0,1.0,1.0,1.0,0.0,0.0,0.0,0.0
173.0,CLIMB,75.58,54.13,9504.17,10.99,71.871,0.8812,5980.65,79.32,597.6,5.191,53.1,19.332,25.512,1.531,24.6,16.338,5975.0,80.7,596.47,5.147,53.2,19.19,25.476,1.571,24.618,16.398,NORMAL,0.0,1.0,1.0,1.0,1.0,0.0,0.0,0.0,0.0
173.1,CLIMB,75.58,54.12,9511.25,10.98,71.853,0.881,5980.2,79.32,597.58,5.191,53.09,19.33,25.512,1.531,24.6,16.336,5987.37,79.74,597.66,5.214,53.47,19.22,25.498,1.49,24.665,16.287,NORMAL,0.0,1.0,1.0,1.0,1.0,0.0,0.0,0.0,0.0
173.2,CLIMB,75.57,54.12,9518.33,10.96,71.835,0.8808,5979.74,79.32,597.57,5.191,53.07,19.329,25.511,1.531,24.6,16.335,5976.02,80.03,596.61,5.236,53.3,19.441,25.482,1.472,24.545,16.239,NORMAL,0.0,1.0,1.0,1.0,1.0,0.0,0.0,0.0,0.0
173.3,CLIMB,75.56,54.11,9525.42,10.95,71.816,0.8806,5979.29,79.32,597.55,5.191,53.06,19.327,25.511,1.531,24.6,16.334,5982.18,79.49,598.39,5.169,53.05,19.43,25.374,1.54,24.585,16.239,NORMAL,0.0,1.0,1.0,1.0,1.0,0.0,0.0,0.0,0.0
173.4,CLIMB,75.55,54.11,9532.5,10.94,71.798,0.8805,5978.84,79.31,597.54,5.191,53.05,19.326,25.511,1.531,24.6,16.333,5976.52,79.89,598.58,5.153,52.61,19.207,25.491,1.461,24.639,16.411,NORMAL,0.0,1.0,1.0,1.0,1.0,0.0,0.0,0.0,0.0
173.5,CLIMB,75.54,54.1,9539.58,10.92,71.779,0.8803,5978.39,79.31,597.52,5.191,53.03,19.324,25.511,1.531,24.6,16.331,5981.99,80.3,599.08,5.211,53.27,19.284,25.527,1.5,24.542,16.381,NORMAL,0.0,1.0,1.0,1.0,1.0,0.0,0.0,0.0,0.0
173.6,CLIMB,75.53,54.1,9546.67,10.91,71.761,0.8801,5977.93,79.31,597.51,5.191,53.02,19.323,25.511,1.531,24.6,16.33,5984.65,79.34,598.8,5.22,52.4,19.299,25.414,1.476,24.595,16.368,NORMAL,0.0,1.0,1.0,1.0,1.0,0.0,0.0,0.0,0.0
173.7,CLIMB,75.53,54.09,9553.75,10.89,71.743,0.8799,5977.48,79.31,597.49,5.19,53.01,19.322,25.511,1.53,24.6,16.329,5974.78,79.44,598.17,5.148,53.16,19.344,25.53,1.435,24.557,16.311,NORMAL,0.0,1.0,1.0,1.0,1.0,0.0,0.0,0.0,0.0
173.8,CLIMB,75.52,54.09,9560.83,10.88,71.724,0.8797,5977.03,79.31,597.47,5.19,52.99,19.32,25.51,1.53,24.6,16.328,5986.64,79.77,598.65,5.223,53.3,19.535,25.546,1.59,24.571,16.358,NORMAL,0.0,1.0,1.0,1.0,1.0,0.0,0.0,0.0,0.0
173.9,CLIMB,75.51,54.08,9567.92,10.86,71.706,0.8795,5976.58,79.31,597.46,5.19,52.98,19.319,25.51,1.53,24.6,16.326,5981.25,79.65,599.54,5.191,52.83,19.25,25.428,1.562,24.604,16.463,NORMAL,0.0,1.0,1.0,1.0,1.0,0.0,0.0,0.0,0.0
174.0,CLIMB,75.5,54.08,9575.0,10.85,71.688,0.8794,5976.12,79.31,597.44,5.19,52.97,19.317,25.51,1.53,24.6,16.325,5977.73,79.46,598.57,5.184,53.15,19.489,25.517,1.529,24.642,16.515,NORMAL,0.0,1.0,1.0,1.0,1.0,0.0,0.0,0.0,0.0
174.1,CLIMB,75.49,54.07,9582.08,10.84,71.669,0.8792,5975.67,79.31,597.43,5.19,52.95,19.316,25.51,1.53,24.6,16.324,5970.98,80.06,597.62,5.138,52.82,19.355,25.59,1.562,24.605,16.358,NORMAL,0.0,1.0,1.0,1.0,1.0,0.0,0.0,0.0,0.0
174.2,CLIMB,75.48,54.06,9589.17,10.82,71.651,0.879,5975.22,79.31,597.41,5.19,52.94,19.314,25.51,1.53,24.6,16.323,5971.26,78.52,595.93,5.216,52.65,19.351,25.538,1.502,24.631,16.28,NORMAL,0.0,1.0,1.0,1.0,1.0,0.0,0.0,0.0,0.0
174.3,CLIMB,75.48,54.06,9596.25,10.81,71.633,0.8788,5974.77,79.31,597.4,5.19,52.93,19.313,25.51,1.53,24.6,16.321,5971.58,79.33,599.54,5.188,52.83,19.247,25.469,1.589,24.6,16.306,NORMAL,0.0,1.0,1.0,1.0,1.0,0.0,0.0,0.0,0.0
174.4,CLIMB,75.47,54.05,9603.33,10.79,71.614,0.8786,5974.31,79.31,597.38,5.189,52.91,19.312,25.509,1.53,24.6,16.32,5982.78,79.26,599.46,5.178,52.34,19.295,25.52,1.526,24.656,16.209,NORMAL,0.0,1.0,1.0,1.0,1.0,0.0,0.0,0.0,0.0
174.5,CLIMB,75.46,54.05,9610.42,10.78,71.596,0.8785,5973.86,79.31,597.37,5.189,52.9,19.31,25.509,1.53,24.6,16.319,5980.89,78.33,596.1,5.178,53.14,19.135,25.42,1.468,24.673,16.173,NORMAL,0.0,1.0,1.0,1.0,1.0,0.0,0.0,0.0,0.0
174.6,CLIMB,75.45,54.04,9617.5,10.77,71.578,0.8783,5973.41,79.3,597.35,5.189,52.89,19.309,25.509,1.53,24.6,16.318,5974.78,79.54,592.87,5.216,53.08,19.326,25.539,1.479,24.549,16.219,NORMAL,0.0,1.0,1.0,1.0,1.0,0.0,0.0,0.0,0.0
174.7,CLIMB,75.44,54.04,9624.58,10.75,71.559,0.8781,5972.96,79.3,597.33,5.189,52.87,19.307,25.509,1.53,24.6,16.316,5970.06,79.69,599.08,5.207,52.82,19.235,25.51,1.554,24.552,16.357,NORMAL,0.0,1.0,1.0,1.0,1.0,0.0,0.0,0.0,0.0
174.8,CLIMB,75.43,54.03,9631.67,10.74,71.541,0.8779,5972.51,79.3,597.32,5.189,52.86,19.306,25.509,1.53,24.6,16.315,5971.92,78.58,595.67,5.193,53.49,19.271,25.472,1.582,24.604,16.185,NORMAL,0.0,1.0,1.0,1.0,1.0,0.0,0.0,0.0,0.0
174.9,CLIMB,75.43,54.03,9638.75,10.72,71.523,0.8777,5972.05,79.3,597.3,5.189,52.85,19.305,25.509,1.529,24.6,16.314,5964.59,79.43,592.64,5.213,52.88,19.518,25.393,1.49,24.591,16.492,NORMAL,0.0,1.0,1.0,1.0,1.0,0.0,0.0,0.0,0.0
175.0,CLIMB,75.42,54.02,9645.83,10.71,71.504,0.8776,5971.6,79.3,597.29,5.189,52.83,19.303,25.508,1.529,24.6,16.313,5971.72,78.65,596.05,5.241,52.56,19.33,25.515,1.533,24.597,16.411,NORMAL,0.0,1.0,1.0,1.0,1.0,0.0,0.0,0.0,0.0
175.1,CLIMB,75.41,54.02,9652.92,10.69,71.486,0.8774,5971.15,79.3,597.27,5.188,52.82,19.302,25.508,1.529,24.6,16.311,5966.04,79.11,598.4,5.225,53.13,19.17,25.506,1.514,24.606,16.258,NORMAL,0.0,1.0,1.0,1.0,1.0,0.0,0.0,0.0,0.0
175.2,CLIMB,75.4,54.01,9660.0,10.68,71.468,0.8772,5970.7,79.3,597.26,5.188,52.81,19.3,25.508,1.529,24.6,16.31,5966.6,80.32,596.13,5.189,52.96,19.262,25.449,1.549,24.588,16.52,NORMAL,0.0,1.0,1.0,1.0,1.0,0.0,0.0,0.0,0.0
175.3,CLIMB,75.39,54.0,9667.08,10.67,71.45,0.877,5970.25,79.3,597.24,5.188,52.8,19.299,25.508,1.529,24.6,16.309,5968.01,79.99,597.26,5.19,52.99,19.497,25.56,1.658,24.592,16.245,NORMAL,0.0,1.0,1.0,1.0,1.0,0.0,0.0,0.0,0.0
175.4,CLIMB,75.38,54.0,9674.17,10.65,71.431,0.8768,5969.79,79.3,597.23,5.188,52.78,19.297,25.508,1.529,24.6,16.308,5971.01,78.67,597.02,5.21,52.37,19.421,25.481,1.625,24.508,16.193,NORMAL,0.0,1.0,1.0,1.0,1.0,0.0,0.0,0.0,0.0
175.5,CLIMB,75.38,53.99,9681.25,10.64,71.413,0.8766,5969.34,79.3,597.21,5.188,52.77,19.296,25.508,1.529,24.6,16.306,5978.09,79.68,597.58,5.224,52.81,19.326,25.455,1.556,24.545,16.372,NORMAL,0.0,1.0,1.0,1.0,1.0,0.0,0.0,0.0,0.0
175.6,CLIMB,75.37,53.99,9688.33,10.62,71.395,0.8765,5968.89,79.3,597.19,5.188,52.76,19.295,25.507,1.529,24.6,16.305,5966.71,78.49,598.42,5.153,52.29,19.247,25.509,1.518,24.615,16.352,NORMAL,0.0,1.0,1.0,1.0,1.0,0.0,0.0,0.0,0.0
175.7,CLIMB,75.36,53.98,9695.42,10.61,71.376,0.8763,5968.44,79.29,597.18,5.188,52.74,19.293,25.507,1.529,24.6,16.304,5970.99,78.5,595.85,5.193,52.7,19.44,25.442,1.588,24.589,16.329,NORMAL,0.0,1.0,1.0,1.0,1.0,0.0,0.0,0.0,0.0
175.8,CLIMB,75.35,53.98,9702.5,10.6,71.358,0.8761,5967.99,79.29,597.16,5.187,52.73,19.292,25.507,1.529,24.6,16.303,5968.84,79.45,598.4,5.17,53.33,19.503,25.574,1.524,24.496,16.471,NORMAL,0.0,1.0,1.0,1.0,1.0,0.0,0.0,0.0,0.0
175.9,CLIMB,75.34,53.97,9709.58,10.58,71.34,0.8759,5967.53,79.29,597.15,5.187,52.72,19.29,25.507,1.529,24.6,16.301,5964.84,79.23,595.25,5.175,52.54,19.421,25.47,1.491,24.599,16.269,NORMAL,0.0,1.0,1.0,1.0,1.0,0.0,0.0,0.0,0.0
176.0,CLIMB,75.33,53.97,9716.67,10.57,71.322,0.8757,5967.08,79.29,597.13,5.187,52.7,19.289,25.507,1.528,24.6,16.3,5961.67,79.51,594.47,5.198,52.69,19.244,25.57,1.624,24.661,16.253,NORMAL,0.0,1.0,1.0,1.0,1.0,0.0,0.0,0.0,0.0
176.1,CLIMB,75.33,53.96,9723.75,10.55,71.303,0.8756,5966.63,79.29,597.12,5.187,52.69,19.287,25.507,1.528,24.6,16.299,5960.43,78.54,599.74,5.197,53.06,19.398,25.499,1.623,24.712,16.499,NORMAL,0.0,1.0,1.0,1.0,1.0,0.0,0.0,0.0,0.0
176.2,CLIMB,75.32,53.96,9730.83,10.54,71.285,0.8754,5966.18,79.29,597.1,5.187,52.68,19.286,25.506,1.528,24.6,16.298,5968.75,78.23,594.43,5.155,52.03,19.301,25.492,1.534,24.521,16.359,NORMAL,0.0,1.0,1.0,1.0,1.0,0.0,0.0,0.0,0.0
176.3,CLIMB,75.31,53.95,9737.92,10.52,71.267,0.8752,5965.73,79.29,597.09,5.187,52.66,19.285,25.506,1.528,24.6,16.296,5966.17,79.37,596.68,5.206,52.82,19.395,25.435,1.607,24.641,16.274,NORMAL,0.0,1.0,1.0,1.0,1.0,0.0,0.0,0.0,0.0
176.4,CLIMB,75.3,53.95,9745.0,10.51,71.249,0.875,5965.27,79.29,597.07,5.187,52.65,19.283,25.506,1.528,24.6,16.295,5962.91,79.64,596.4,5.167,52.72,19.344,25.535,1.513,24.534,16.261,NORMAL,0.0,1.0,1.0,1.0,1.0,0.0,0.0,0.0,0.0
176.5,CLIMB,75.29,53.94,9752.08,10.5,71.23,0.8748,5964.82,79.29,597.05,5.186,52.64,19.282,25.506,1.528,24.6,16.294,5964.49,78.96,598.37,5.129,52.91,19.364,25.432,1.54,24.599,16.206,NORMAL,0.0,1.0,1.0,1.0,1.0,0.0,0.0,0.0,0.0
176.6,CLIMB,75.28,53.93,9759.17,10.48,71.212,0.8747,5964.37,79.29,597.04,5.186,52.62,19.28,25.506,1.528,24.6,16.293,5955.21,78.87,598.58,5.208,52.4,19.143,25.641,1.453,24.628,16.309,NORMAL,0.0,1.0,1.0,1.0,1.0,0.0,0.0,0.0,0.0
176.7,CLIMB,75.28,53.93,9766.25,10.47,71.194,0.8745,5963.92,79.29,597.02,5.186,52.61,19.279,25.506,1.528,24.6,16.291,5963.87,80.1,594.94,5.163,52.69,19.066,25.413,1.422,24.6,16.452,NORMAL,0.0,1.0,1.0,1.0,1.0,0.0,0.0,0.0,0.0
176.8,CLIMB,75.27,53.92,9773.33,10.45,71.176,0.8743,5963.47,79.28,597.01,5.186,52.6,19.277,25.505,1.528,24.6,16.29,5965.95,78.68,598.9,5.214,52.39,19.178,25.496,1.599,24.637,16.292,NORMAL,0.0,1.0,1.0,1.0,1.0,0.0,0.0,0.0,0.0
176.9,CLIMB,75.26,53.92,9780.42,10.44,71.157,0.8741,5963.02,79.28,596.99,5.186,52.58,19.276,25.505,1.528,24.6,16.289,5958.63,79.36,595.71,5.18,52.47,19.221,25.488,1.556,24.653,16.233,NORMAL,0.0,1.0,1.0,1.0,1.0,0.0,0.0,0.0,0.0
177.0,CLIMB,75.25,53.91,9787.5,10.43,71.139,0.8739,5962.56,79.28,596.98,5.186,52.57,19.275,25.505,1.528,24.6,16.288,5966.3,78.99,599.65,5.14,52.23,19.095,25.523,1.583,24.677,16.315,NORMAL,0.0,1.0,1.0,1.0,1.0,0.0,0.0,0.0,0.0
177.1,CLIMB,75.24,53.91,9794.58,10.41,71.121,0.8738,5962.11,79.28,596.96,5.186,52.56,19.273,25.505,1.527,24.6,16.286,5959.38,79.12,598.54,5.117,52.56,19.333,25.524,1.477,24.622,16.413,NORMAL,0.0,1.0,1.0,1.0,1.0,0.0,0.0,0.0,0.0
177.2,CLIMB,75.23,53.9,9801.67,10.4,71.103,0.8736,5961.66,79.28,596.95,5.185,52.54,19.272,25.505,1.527,24.6,16.285,5953.84,78.74,594.17,5.167,52.33,19.3,25.521,1.597,24.588,16.319,NORMAL,0.0,1.0,1.0,1.0,1.0,0.0,0.0,0.0,0.0
177.3,CLIMB,75.23,53.9,9808.75,10.38,71.085,0.8734,5961.21,79.28,596.93,5.185,52.53,19.27,25.505,1.527,24.6,16.284,5959.04,79.99,595.21,5.231,52.18,19.326,25.492,1.658,24.598,16.337,NORMAL,0.0,1.0,1.0,1.0,1.0,0.0,0.0,0.0,0.0
177.4,CLIMB,75.22,53.89,9815.83,10.37,71.066,0.8732,5960.76,79.28,596.91,5.185,52.52,19.269,25.504,1.527,24.6,16.283,5966.42,79.28,598.21,5.148,51.89,19.149,25.515,1.528,24.563,16.312,NORMAL,0.0,1.0,1.0,1.0,1.0,0.0,0.0,0.0,0.0
177.5,CLIMB,75.21,53.89,9822.92,10.35,71.048,0.873,5960.31,79.28,596.9,5.185,52.5,19.268,25.504,1.527,24.6,16.281,5960.9,78.86,595.63,5.209,52.24,19.369,25.495,1.544,24.569,16.329,NORMAL,0.0,1.0,1.0,1.0,1.0,0.0,0.0,0.0,0.0
177.6,CLIMB,75.2,53.88,9830.0,10.34,71.03,0.8729,5959.85,79.28,596.88,5.185,52.49,19.266,25.504,1.527,24.6,16.28,5948.22,79.32,595.62,5.221,52.62,19.256,25.505,1.498,24.518,16.292,NORMAL,0.0,1.0,1.0,1.0,1.0,0.0,0.0,0.0,0.0
177.7,CLIMB,75.19,53.87,9837.08,10.33,71.012,0.8727,5959.4,79.28,596.87,5.185,52.48,19.265,25.504,1.527,24.6,16.279,5964.17,79.97,596.03,5.194,52.29,19.197,25.54,1.593,24.541,16.308,NORMAL,0.0,1.0,1.0,1.0,1.0,0.0,0.0,0.0,0.0
177.8,CLIMB,75.18,53.87,9844.17,10.31,70.994,0.8725,5958.95,79.28,596.85,5.185,52.46,19.263,25.504,1.527,24.6,16.278,5948.58,79.01,596.86,5.183,53.28,19.264,25.42,1.489,24.719,16.253,NORMAL,0.0,1.0,1.0,1.0,1.0,0.0,0.0,0.0,0.0
177.9,CLIMB,75.18,53.86,9851.25,10.3,70.976,0.8723,5958.5,79.28,596.84,5.184,52.45,19.262,25.504,1.527,24.6,16.276,5963.48,80.02,594.82,5.158,52.65,19.208,25.481,1.48,24.498,16.244,NORMAL,0.0,1.0,1.0,1.0,1.0,0.0,0.0,0.0,0.0
178.0,CLIMB,75.17,53.86,9858.33,10.28,70.957,0.8721,5958.05,79.27,596.82,5.184,52.44,19.26,25.503,1.527,24.6,16.275,5957.84,79.68,598.96,5.203,52.5,19.233,25.577,1.562,24.58,16.356,NORMAL,0.0,1.0,1.0,1.0,1.0,0.0,0.0,0.0,0.0
178.1,CLIMB,75.16,53.85,9865.42,10.27,70.939,0.872,5957.6,79.27,596.8,5.184,52.42,19.259,25.503,1.527,24.6,16.274,5953.04,79.3,596.35,5.178,52.49,19.315,25.537,1.465,24.535,16.493,NORMAL,0.0,1.0,1.0,1.0,1.0,0.0,0.0,0.0,0.0
178.2,CLIMB,75.15,53.85,9872.5,10.26,70.921,0.8718,5957.15,79.27,596.79,5.184,52.41,19.258,25.503,1.526,24.6,16.273,5959.56,79.56,597.16,5.236,52.06,19.29,25.571,1.537,24.657,16.187,NORMAL,0.0,1.0,1.0,1.0,1.0,0.0,0.0,0.0,0.0
178.3,CLIMB,75.14,53.84,9879.58,10.24,70.903,0.8716,5956.69,79.27,596.77,5.184,52.4,19.256,25.503,1.526,24.6,16.271,5953.71,79.29,595.29,5.155,52.44,19.136,25.46,1.454,24.532,16.091,NORMAL,0.0,1.0,1.0,1.0,1.0,0.0,0.0,0.0,0.0
178.4,CLIMB,75.13,53.84,9886.67,10.23,70.885,0.8714,5956.24,79.27,596.76,5.184,52.38,19.255,25.503,1.526,24.6,16.27,5955.93,79.2,595.86,5.207,52.21,19.513,25.57,1.544,24.67,16.352,NORMAL,0.0,1.0,1.0,1.0,1.0,0.0,0.0,0.0,0.0
178.5,CLIMB,75.13,53.83,9893.75,10.21,70.867,0.8712,5955.79,79.27,596.74,5.184,52.37,19.253,25.503,1.526,24.6,16.269,5958.92,79.68,597.11,5.181,52.74,19.384,25.476,1.61,24.585,16.337,NORMAL,0.0,1.0,1.0,1.0,1.0,0.0,0.0,0.0,0.0
178.6,CLIMB,75.12,53.83,9900.83,10.2,70.849,0.8711,5955.34,79.27,596.73,5.183,52.36,19.252,25.502,1.526,24.6,16.268,5955.34,79.74,596.72,5.212,52.56,19.327,25.539,1.583,24.617,16.276,NORMAL,0.0,1.0,1.0,1.0,1.0,0.0,0.0,0.0,0.0
178.7,CLIMB,75.11,53.82,9907.92,10.18,70.83,0.8709,5954.89,79.27,596.71,5.183,52.34,19.25,25.502,1.526,24.6,16.266,5963.27,78.62,599.22,5.19,52.31,19.32,25.453,1.548,24.625,16.117,NORMAL,0.0,1.0,1.0,1.0,1.0,0.0,0.0,0.0,0.0
178.8,CLIMB,75.1,53.82,9915.0,10.17,70.812,0.8707,5954.44,79.27,596.7,5.183,52.33,19.249,25.502,1.526,24.6,16.265,5946.61,78.4,598.2,5.193,52.79,19.082,25.613,1.626,24.632,16.232,NORMAL,0.0,1.0,1.0,1.0,1.0,0.0,0.0,0.0,0.0
178.9,CLIMB,75.09,53.81,9922.08,10.16,70.794,0.8705,5953.99,79.27,596.68,5.183,52.32,19.248,25.502,1.526,24.6,16.264,5959.99,79.02,596.61,5.225,53.12,19.347,25.533,1.59,24.598,16.201,NORMAL,0.0,1.0,1.0,1.0,1.0,0.0,0.0,0.0,0.0
179.0,CLIMB,75.08,53.8,9929.17,10.14,70.776,0.8704,5953.54,79.27,596.66,5.183,52.3,19.246,25.502,1.526,24.6,16.263,5953.69,79.19,597.43,5.194,51.95,19.403,25.493,1.474,24.675,16.255,NORMAL,0.0,1.0,1.0,1.0,1.0,0.0,0.0,0.0,0.0
179.1,CLIMB,75.08,53.8,9936.25,10.13,70.758,0.8702,5953.08,79.26,596.65,5.183,52.29,19.245,25.502,1.526,24.6,16.261,5957.5,78.86,598.37,5.18,51.86,19.155,25.584,1.476,24.562,16.142,NORMAL,0.0,1.0,1.0,1.0,1.0,0.0,0.0,0.0,0.0
179.2,CLIMB,75.07,53.79,9943.33,10.11,70.74,0.87,5952.63,79.26,596.63,5.183,52.28,19.243,25.501,1.526,24.6,16.26,5954.83,79.49,598.71,5.202,52.53,19.231,25.526,1.485,24.607,16.172,NORMAL,0.0,1.0,1.0,1.0,1.0,0.0,0.0,0.0,0.0
179.3,CLIMB,75.06,53.79,9950.42,10.1,70.722,0.8698,5952.18,79.26,596.62,5.182,52.26,19.242,25.501,1.526,24.6,16.259,5951.47,79.37,594.69,5.212,52.16,19.312,25.469,1.487,24.691,16.177,NORMAL,0.0,1.0,1.0,1.0,1.0,0.0,0.0,0.0,0.0
179.4,CLIMB,75.05,53.78,9957.5,10.09,70.704,0.8696,5951.73,79.26,596.6,5.182,52.25,19.24,25.501,1.525,24.6,16.258,5951.08,79.71,596.39,5.17,53.0,19.236,25.578,1.448,24.642,16.316,NORMAL,0.0,1.0,1.0,1.0,1.0,0.0,0.0,0.0,0.0
179.5,CLIMB,75.04,53.78,9964.58,10.07,70.685,0.8695,5951.28,79.26,596.59,5.182,52.24,19.239,25.501,1.525,24.6,16.256,5963.42,78.46,597.09,5.189,52.47,19.154,25.585,1.49,24.552,16.239,NORMAL,0.0,1.0,1.0,1.0,1.0,0.0,0.0,0.0,0.0
179.6,CLIMB,75.03,53.77,9971.67,10.06,70.667,0.8693,5950.83,79.26,596.57,5.182,52.22,19.238,25.501,1.525,24.6,16.255,5956.01,79.4,599.86,5.214,52.2,19.328,25.498,1.472,24.609,16.334,NORMAL,0.0,1.0,1.0,1.0,1.0,0.0,0.0,0.0,0.0
179.7,CLIMB,75.03,53.77,9978.75,10.04,70.649,0.8691,5950.38,79.26,596.55,5.182,52.21,19.236,25.501,1.525,24.6,16.254,5953.88,79.25,594.37,5.198,52.1,19.3,25.505,1.539,24.554,16.062,NORMAL,0.0,1.0,1.0,1.0,1.0,0.0,0.0,0.0,0.0
179.8,CLIMB,75.02,53.76,9985.83,10.03,70.631,0.8689,5949.93,79.26,596.54,5.182,52.2,19.235,25.5,1.525,24.6,16.253,5953.5,79.41,598.2,5.171,52.21,19.274,25.556,1.588,24.543,16.16,NORMAL,0.0,1.0,1.0,1.0,1.0,0.0,0.0,0.0,0.0
179.9,CLIMB,75.01,53.76,9992.92,10.01,70.613,0.8687,5949.48,79.26,596.52,5.182,52.18,19.233,25.5,1.525,24.6,16.251,5951.83,79.71,594.41,5.199,52.61,19.189,25.536,1.515,24.574,16.359,NORMAL,0.0,1.0,1.0,1.0,1.0,0.0,0.0,0.0,0.0
180.0,CLIMB,75.0,53.75,10000.0,10.0,70.595,0.8686,5949.02,79.26,596.51,5.181,52.17,19.232,25.5,1.525,24.6,16.25,5951.09,79.42,596.88,5.179,52.5,19.182,25.427,1.561,24.546,16.38,NORMAL,0.0,1.0,1.0,1.0,1.0,0.0,0.0,0.0,0.0
