timestamp_s,mission_phase,throttle_pct,engine_load_pct,altitude_ft,ambient_temperature_c,ambient_pressure_kpa,air_density_kg_m3,true_rpm,true_cht_c,true_egt_c,true_oil_pressure_bar,true_oil_temperature_c,true_fuel_flow_lph,true_injection_timing_deg,true_vibration_mm_s,true_battery_voltage_v,true_alternator_current_a,rpm,cht_c,egt_c,oil_pressure_bar,oil_temperature_c,fuel_flow_lph,injection_timing_deg,vibration_mm_s,battery_voltage_v,alternator_current_a,fault_type,fault_severity,cooling_health,injector_health,lubrication_health,mechanical_health,misfire_severity,sensor_drift_cht_c,sensor_drift_egt_c,sensor_drift_oil_pressure_bar
0.0,TAKEOFF,85.0,60.25,0.0,30.0,101.325,1.1644,2701.04,80.0,402.66,3.384,69.99,20.809,25.7,1.252,24.324,16.578,2703.31,79.85,404.48,3.367,70.14,20.756,25.634,1.244,24.37,16.479,SENSOR_DRIFT,0.0,1.0,1.0,1.0,1.0,0.0,0.0,0.0,-0.0
0.1,TAKEOFF,85.02,60.26,2.5,30.0,101.316,1.1643,2892.06,80.01,405.28,3.482,69.98,20.813,25.7,1.271,24.347,16.677,2887.88,79.92,404.57,3.473,69.73,20.705,25.703,1.36,24.371,16.637,SENSOR_DRIFT,0.0,1.0,1.0,1.0,1.0,0.0,0.0,0.0,-0.0
0.2,TAKEOFF,85.03,60.27,5.0,29.99,101.307,1.1642,3073.57,80.01,407.87,3.575,69.97,20.816,25.701,1.29,24.369,16.772,3068.95,79.28,408.45,3.566,69.51,20.795,25.705,1.302,24.378,16.775,SENSOR_DRIFT,0.0,1.0,1.0,1.0,1.0,0.0,0.0,0.0,-0.0
0.3,TAKEOFF,85.05,60.28,7.5,29.98,101.298,1.1641,3246.04,80.01,410.43,3.664,69.96,20.82,25.701,1.307,24.39,16.862,3256.17,79.42,408.48,3.68,70.22,21.056,25.643,1.291,24.409,17.04,SENSOR_DRIFT,0.0,1.0,1.0,1.0,1.0,0.0,0.0,0.0,-0.0
0.4,TAKEOFF,85.07,60.29,10.0,29.98,101.288,1.1641,3409.92,80.01,412.95,3.748,69.95,20.823,25.701,1.323,24.409,16.948,3405.66,79.91,415.75,3.788,69.84,20.82,25.77,1.34,24.443,16.909,SENSOR_DRIFT,0.0,1.0,1.0,1.0,1.0,0.0,0.0,0.0,-0.0
0.5,TAKEOFF,85.08,60.3,12.5,29.98,101.279,1.164,3565.64,80.01,415.45,3.828,69.94,20.827,25.702,1.339,24.428,17.03,3565.67,79.86,416.12,3.811,70.17,20.609,25.733,1.258,24.409,16.931,SENSOR_DRIFT,0.0,1.0,1.0,1.0,1.0,0.0,0.0,0.0,-0.0
0.6,TAKEOFF,85.1,60.31,15.0,29.97,101.27,1.1639,3713.62,80.02,417.92,3.904,69.93,20.83,25.702,1.354,24.446,17.108,3712.93,79.94,418.48,3.884,70.09,21.08,25.61,1.365,24.485,16.922,SENSOR_DRIFT,0.0,1.0,1.0,1.0,1.0,0.0,0.0,0.0,-0.0
0.7,TAKEOFF,85.12,60.33,17.5,29.96,101.261,1.1638,3854.23,80.02,420.35,3.976,69.93,20.834,25.702,1.368,24.463,17.182,3850.65,79.63,417.44,3.992,70.02,20.766,25.62,1.313,24.494,17.26,SENSOR_DRIFT,0.0,1.0,1.0,1.0,1.0,0.0,0.0,0.0,-0.0
0.8,TAKEOFF,85.13,60.34,20.0,29.96,101.252,1.1637,3987.85,80.02,422.76,4.044,69.92,20.838,25.703,1.381,24.479,17.253,3988.62,80.47,421.86,4.021,69.79,20.707,25.773,1.393,24.455,17.372,SENSOR_DRIFT,0.0,1.0,1.0,1.0,1.0,0.0,0.0,0.0,-0.0
0.9,TAKEOFF,85.15,60.35,22.5,29.95,101.243,1.1636,4114.82,80.02,425.13,4.109,69.91,20.841,25.703,1.394,24.494,17.32,4110.92,80.61,424.06,4.086,69.95,20.838,25.631,1.435,24.431,17.288,SENSOR_DRIFT,0.0,1.0,1.0,1.0,1.0,0.0,0.0,0.0,-0.0
1.0,TAKEOFF,85.17,60.36,25.0,29.95,101.234,1.1635,4235.48,80.02,427.48,4.171,69.9,20.845,25.703,1.406,24.508,17.384,4232.78,80.66,428.23,4.135,69.99,20.872,25.624,1.358,24.492,17.345,SENSOR_DRIFT,0.0,1.0,1.0,1.0,1.0,0.0,0.0,0.0,-0.0
1.1,TAKEOFF,85.18,60.37,27.5,29.95,101.224,1.1635,4350.15,80.02,429.8,4.23,69.89,20.848,25.704,1.418,24.522,17.445,4351.6,79.69,426.75,4.243,69.69,20.752,25.614,1.393,24.521,17.456,SENSOR_DRIFT,0.0,1.0,1.0,1.0,1.0,0.0,0.0,0.0,-0.0
1.2,TAKEOFF,85.2,60.38,30.0,29.94,101.215,1.1634,4459.12,80.02,432.08,4.286,69.88,20.852,25.704,1.429,24.535,17.504,4466.12,80.22,430.3,4.268,69.69,20.632,25.769,1.508,24.44,17.448,SENSOR_DRIFT,0.0,1.0,1.0,1.0,1.0,0.0,0.0,0.0,-0.0
1.3,TAKEOFF,85.22,60.39,32.5,29.93,101.206,1.1633,4562.68,80.03,434.35,4.339,69.87,20.855,25.704,1.439,24.548,17.559,4566.27,79.81,433.65,4.346,70.16,20.828,25.784,1.514,24.488,17.54,SENSOR_DRIFT,0.0,1.0,1.0,1.0,1.0,0.0,0.0,0.0,-0.0
1.4,TAKEOFF,85.23,60.4,35.0,29.93,101.197,1.1632,4661.09,80.03,436.58,4.39,69.86,20.859,25.705,1.449,24.559,17.612,4662.07,79.66,436.68,4.368,69.45,20.79,25.786,1.4,24.559,17.663,SENSOR_DRIFT,0.0,1.0,1.0,1.0,1.0,0.0,0.0,0.0,-0.0
1.5,TAKEOFF,85.25,60.41,37.5,29.93,101.188,1.1631,4754.62,80.03,438.78,4.438,69.85,20.863,25.705,1.459,24.571,17.662,4748.65,79.6,437.96,4.432,69.99,20.796,25.681,1.516,24.548,17.779,SENSOR_DRIFT,0.0,1.0,1.0,1.0,1.0,0.0,0.0,0.0,-0.0
1.6,TAKEOFF,85.27,60.42,40.0,29.92,101.179,1.163,4843.51,80.03,440.96,4.483,69.84,20.866,25.705,1.468,24.581,17.71,4838.34,79.57,438.24,4.512,69.68,21.075,25.695,1.408,24.583,17.68,SENSOR_DRIFT,0.0,1.0,1.0,1.0,1.0,0.0,0.0,0.0,-0.0
1.7,TAKEOFF,85.28,60.43,42.5,29.91,101.17,1.1629,4928.0,80.03,443.12,4.527,69.83,20.87,25.706,1.476,24.591,17.756,4929.67,79.54,441.11,4.47,69.71,21.005,25.77,1.492,24.52,17.839,SENSOR_DRIFT,0.0,1.0,1.0,1.0,1.0,0.0,0.0,0.0,-0.0
1.8,TAKEOFF,85.3,60.45,45.0,29.91,101.16,1.1629,5008.29,80.03,445.24,4.568,69.82,20.873,25.706,1.484,24.6,17.795,5010.24,80.1,444.02,4.543,69.63,20.821,25.728,1.411,24.605,17.871,SENSOR_DRIFT,0.0,1.0,1.0,1.0,1.0,0.0,0.0,0.0,-0.0
1.9,TAKEOFF,85.32,60.46,47.5,29.91,101.151,1.1628,5084.61,80.03,447.34,4.607,69.81,20.877,25.706,1.492,24.6,17.797,5083.79,79.61,445.65,4.639,69.89,20.822,25.686,1.432,24.61,17.938,SENSOR_DRIFT,0.0,1.0,1.0,1.0,1.0,0.0,0.0,0.0,-0.0
2.0,TAKEOFF,85.33,60.47,50.0,29.9,101.142,1.1627,5157.15,80.03,449.41,4.644,69.81,20.88,25.707,1.499,24.6,17.8,5165.6,79.63,449.23,4.671,69.72,21.004,25.792,1.482,24.596,17.753,SENSOR_DRIFT,0.0,1.0,1.0,1.0,1.0,0.0,0.0,0.0,-0.0
2.1,TAKEOFF,85.35,60.48,52.5,29.89,101.133,1.1626,5226.1,80.03,451.46,4.68,69.8,20.884,25.707,1.506,24.6,17.802,5224.43,80.63,453.14,4.702,69.82,20.684,25.686,1.528,24.485,17.776,SENSOR_DRIFT,0.0,1.0,1.0,1.0,1.0,0.0,0.0,0.0,-0.0
2.2,TAKEOFF,85.37,60.49,55.0,29.89,101.124,1.1625,5291.64,80.03,453.49,4.713,69.79,20.888,25.707,1.513,24.6,17.805,5287.42,80.34,453.71,4.655,70.19,20.858,25.627,1.422,24.607,17.867,SENSOR_DRIFT,0.0,1.0,1.0,1.0,1.0,0.0,0.0,0.0,-0.0
2.3,TAKEOFF,85.38,60.5,57.5,29.89,101.115,1.1624,5353.93,80.04,455.48,4.745,69.78,20.891,25.708,1.519,24.6,17.808,5356.76,79.47,456.69,4.725,69.93,20.791,25.736,1.486,24.624,17.714,SENSOR_DRIFT,0.0,1.0,1.0,1.0,1.0,0.0,0.0,0.0,-0.0
2.4,TAKEOFF,85.4,60.51,60.0,29.88,101.106,1.1623,5413.15,80.04,457.46,4.776,69.77,20.895,25.708,1.525,24.6,17.81,5409.52,79.95,453.36,4.723,69.46,20.926,25.654,1.533,24.523,18.033,SENSOR_DRIFT,0.0,1.0,1.0,1.0,1.0,0.0,0.0,0.0,-0.0
2.5,TAKEOFF,85.42,60.52,62.5,29.88,101.096,1.1623,5469.45,80.04,459.41,4.805,69.76,20.898,25.708,1.531,24.6,17.812,5474.2,79.62,459.79,4.812,69.46,20.943,25.653,1.525,24.628,17.952,SENSOR_DRIFT,0.0,1.0,1.0,1.0,1.0,0.0,0.0,0.0,-0.0
2.6,TAKEOFF,85.43,60.53,65.0,29.87,101.087,1.1622,5522.96,80.04,461.33,4.832,69.75,20.902,25.709,1.537,24.6,17.815,5522.25,79.77,461.37,4.837,69.94,20.889,25.769,1.585,24.526,17.864,SENSOR_DRIFT,0.0,1.0,1.0,1.0,1.0,0.0,0.0,0.0,-0.0
2.7,TAKEOFF,85.45,60.54,67.5,29.86,101.078,1.1621,5573.84,80.04,463.24,4.858,69.74,20.905,25.709,1.542,24.6,17.818,5581.32,79.64,462.13,4.865,69.31,20.748,25.761,1.605,24.604,17.844,SENSOR_DRIFT,0.0,1.0,1.0,1.0,1.0,0.0,0.0,0.0,-0.0
2.8,TAKEOFF,85.47,60.55,70.0,29.86,101.069,1.162,5622.21,80.04,465.12,4.883,69.73,20.909,25.709,1.547,24.6,17.82,5618.66,80.68,464.69,4.915,69.63,21.058,25.734,1.59,24.632,17.925,SENSOR_DRIFT,0.0,1.0,1.0,1.0,1.0,0.0,0.0,0.0,-0.0
2.9,TAKEOFF,85.48,60.56,72.5,29.86,101.06,1.1619,5668.2,80.04,466.97,4.907,69.72,20.913,25.71,1.551,24.6,17.822,5675.95,79.78,465.71,4.923,69.08,20.927,25.599,1.52,24.577,17.934,SENSOR_DRIFT,0.0,1.0,1.0,1.0,1.0,0.0,0.0,0.0,-0.0
3.0,TAKEOFF,85.5,60.58,75.0,29.85,101.051,1.1618,5711.92,80.04,468.81,4.929,69.71,20.916,25.71,1.556,24.6,17.825,5712.74,79.11,470.47,4.887,69.53,21.008,25.646,1.534,24.628,17.821,SENSOR_DRIFT,0.0,1.0,1.0,1.0,1.0,0.0,0.0,0.0,-0.0
3.1,TAKEOFF,85.52,60.59,77.5,29.84,101.042,1.1617,5753.5,80.04,470.62,4.951,69.71,20.92,25.71,1.56,24.6,17.828,5749.21,80.16,470.96,4.919,69.97,20.871,25.683,1.631,24.555,17.825,SENSOR_DRIFT,0.0,1.0,1.0,1.0,1.0,0.0,0.0,0.0,-0.0
3.2,TAKEOFF,85.53,60.6,80.0,29.84,101.032,1.1616,5793.03,80.04,472.41,4.971,69.7,20.923,25.711,1.564,24.6,17.83,5801.79,80.1,472.32,4.987,69.49,20.993,25.741,1.676,24.595,17.964,SENSOR_DRIFT,0.0,1.0,1.0,1.0,1.0,0.0,0.0,0.0,-0.0
3.3,TAKEOFF,85.55,60.61,82.5,29.84,101.023,1.1616,5830.62,80.04,474.17,4.99,69.69,20.927,25.711,1.568,24.6,17.832,5834.2,80.34,475.63,5.043,69.71,20.836,25.706,1.626,24.62,17.704,SENSOR_DRIFT,0.0,1.0,1.0,1.0,1.0,0.0,0.0,0.0,-0.0
3.4,TAKEOFF,85.57,60.62,85.0,29.83,101.014,1.1615,5866.37,80.04,475.92,5.009,69.68,20.93,25.711,1.572,24.6,17.835,5867.8,80.48,474.93,4.947,69.45,20.863,25.718,1.596,24.623,17.851,SENSOR_DRIFT,0.0,1.0,1.0,1.0,1.0,0.0,0.0,0.0,-0.0
3.5,TAKEOFF,85.58,60.63,87.5,29.82,101.005,1.1614,5900.37,80.04,477.64,5.026,69.67,20.934,25.712,1.575,24.6,17.837,5898.65,79.32,480.69,5.027,70.34,21.124,25.691,1.579,24.648,17.766,SENSOR_DRIFT,0.0,1.0,1.0,1.0,1.0,0.0,0.0,0.0,-0.0
3.6,TAKEOFF,85.6,60.64,90.0,29.82,100.996,1.1613,5932.71,80.04,479.35,5.043,69.66,20.938,25.712,1.578,24.6,17.84,5938.56,81.02,482.02,5.022,69.41,20.965,25.701,1.628,24.562,17.905,SENSOR_DRIFT,0.0,1.0,1.0,1.0,1.0,0.0,0.0,0.0,-0.0
3.7,TAKEOFF,85.62,60.65,92.5,29.82,100.987,1.1612,5963.46,80.04,481.03,5.059,69.65,20.941,25.712,1.582,24.6,17.843,5967.77,80.46,478.59,5.017,69.54,21.097,25.678,1.477,24.575,17.934,SENSOR_DRIFT,0.0,1.0,1.0,1.0,1.0,0.0,0.0,0.0,-0.0
3.8,TAKEOFF,85.63,60.66,95.0,29.81,100.978,1.1611,5992.72,80.04,482.69,5.074,69.64,20.945,25.713,1.585,24.6,17.845,6000.71,80.69,480.42,5.019,69.55,20.915,25.693,1.522,24.625,17.863,SENSOR_DRIFT,0.0,1.0,1.0,1.0,1.0,0.0,0.0,0.0,-0.0
3.9,TAKEOFF,85.65,60.67,97.5,29.8,100.969,1.161,6020.54,80.04,484.33,5.088,69.63,20.948,25.713,1.587,24.6,17.848,6023.04,79.97,483.63,5.032,69.47,20.842,25.683,1.527,24.685,17.68,SENSOR_DRIFT,0.0,1.0,1.0,1.0,1.0,0.0,0.0,0.0,-0.0
4.0,TAKEOFF,85.67,60.68,100.0,29.8,100.959,1.161,6047.02,80.04,485.95,5.102,69.62,20.952,25.713,1.59,24.6,17.85,6040.22,79.62,486.53,5.048,69.74,20.993,25.774,1.574,24.609,17.918,SENSOR_DRIFT,0.0,1.0,1.0,1.0,1.0,0.0,0.0,0.0,-0.0
4.1,TAKEOFF,85.68,60.69,102.5,29.8,100.95,1.1609,6072.2,80.04,487.55,5.115,69.61,20.955,25.714,1.593,24.6,17.852,6074.14,80.05,489.99,5.085,69.12,20.964,25.716,1.619,24.519,17.804,SENSOR_DRIFT,0.0,1.0,1.0,1.0,1.0,0.0,0.0,0.0,-0.0
4.2,TAKEOFF,85.7,60.71,105.0,29.79,100.941,1.1608,6096.17,80.04,489.14,5.127,69.61,20.959,25.714,1.595,24.6,17.855,6097.24,79.62,488.68,5.052,70.13,20.822,25.829,1.559,24.57,17.985,SENSOR_DRIFT,0.0,1.0,1.0,1.0,1.0,0.0,0.0,0.0,-0.0
4.3,TAKEOFF,85.72,60.72,107.5,29.79,100.932,1.1607,6118.97,80.04,490.7,5.139,69.6,20.963,25.714,1.598,24.6,17.858,6120.17,79.33,489.6,5.15,69.82,21.038,25.753,1.591,24.687,17.792,SENSOR_DRIFT,0.0,1.0,1.0,1.0,1.0,0.0,0.0,0.0,-0.0
4.4,TAKEOFF,85.73,60.73,110.0,29.78,100.923,1.1606,6140.67,80.04,492.24,5.15,69.59,20.966,25.715,1.6,24.6,17.86,6134.15,80.24,491.67,5.118,69.13,21.032,25.664,1.533,24.629,17.857,SENSOR_DRIFT,0.0,1.0,1.0,1.0,1.0,0.0,0.0,0.0,-0.0
4.5,TAKEOFF,85.75,60.74,112.5,29.77,100.914,1.1605,6161.32,80.04,493.77,5.161,69.58,20.97,25.715,1.602,24.6,17.863,6158.53,80.36,495.78,5.137,69.85,20.902,25.691,1.688,24.619,17.959,SENSOR_DRIFT,0.0,1.0,1.0,1.0,1.0,0.0,0.0,0.0,-0.0
4.6,TAKEOFF,85.77,60.75,115.0,29.77,100.905,1.1604,6180.97,80.04,495.28,5.171,69.57,20.973,25.715,1.604,24.6,17.865,6179.18,80.48,492.68,5.216,69.61,20.867,25.773,1.733,24.506,17.799,SENSOR_DRIFT,0.0,1.0,1.0,1.0,1.0,0.0,0.0,0.0,-0.0
4.7,TAKEOFF,85.78,60.76,117.5,29.77,100.896,1.1604,6199.68,80.04,496.76,5.181,69.56,20.977,25.716,1.606,24.6,17.867,6205.38,78.66,494.56,5.216,69.69,20.901,25.704,1.652,24.621,17.877,SENSOR_DRIFT,0.0,1.0,1.0,1.0,1.0,0.0,0.0,0.0,-0.0
4.8,TAKEOFF,85.8,60.77,120.0,29.76,100.887,1.1603,6217.49,80.04,498.23,5.19,69.55,20.98,25.716,1.608,24.6,17.87,6210.0,80.5,500.6,5.2,69.92,21.126,25.715,1.526,24.637,17.991,SENSOR_DRIFT,0.0,1.0,1.0,1.0,1.0,0.0,0.0,0.0,-0.0
4.9,TAKEOFF,85.82,60.78,122.5,29.75,100.877,1.1602,6234.44,80.04,499.69,5.199,69.54,20.984,25.716,1.61,24.6,17.872,6233.43,80.62,499.34,5.175,69.75,20.745,25.752,1.639,24.63,17.778,SENSOR_DRIFT,0.0,1.0,1.0,1.0,1.0,0.0,0.0,0.0,-0.0
5.0,TAKEOFF,85.83,60.79,125.0,29.75,100.868,1.1601,6250.59,80.04,501.12,5.207,69.53,20.988,25.717,1.611,24.6,17.875,6256.05,80.31,502.68,5.196,69.69,21.177,25.615,1.594,24.51,17.934,SENSOR_DRIFT,0.0,1.0,1.0,1.0,1.0,0.0,0.0,0.0,-0.0
5.1,TAKEOFF,85.85,60.8,127.5,29.75,100.859,1.16,6265.96,80.04,502.54,5.215,69.52,20.991,25.717,1.613,24.6,17.877,6269.45,79.04,501.57,5.213,69.63,21.057,25.751,1.621,24.621,17.927,SENSOR_DRIFT,0.0,1.0,1.0,1.0,1.0,0.0,0.0,0.0,-0.0
5.2,TAKEOFF,85.87,60.81,130.0,29.74,100.85,1.1599,6280.6,80.04,503.94,5.223,69.52,20.995,25.717,1.615,24.6,17.88,6274.55,79.31,502.54,5.253,69.55,21.101,25.698,1.62,24.637,17.824,SENSOR_DRIFT,0.0,1.0,1.0,1.0,1.0,0.0,0.0,0.0,-0.0
5.3,TAKEOFF,85.88,60.82,132.5,29.73,100.841,1.1598,6294.55,80.04,505.32,5.23,69.51,20.998,25.718,1.616,24.6,17.883,6290.64,80.07,503.08,5.242,69.86,20.949,25.669,1.608,24.607,18.043,SENSOR_DRIFT,0.0,1.0,1.0,1.0,1.0,0.0,0.0,0.0,-0.0
5.4,TAKEOFF,85.9,60.84,135.0,29.73,100.832,1.1598,6307.83,80.04,506.69,5.237,69.5,21.002,25.718,1.617,24.6,17.885,6304.91,80.02,504.05,5.278,69.86,21.106,25.765,1.629,24.571,17.857,SENSOR_DRIFT,0.0,1.0,1.0,1.0,1.0,0.0,0.0,0.0,-0.0
5.5,TAKEOFF,85.92,60.85,137.5,29.73,100.823,1.1597,6320.49,80.04,508.04,5.243,69.49,21.005,25.718,1.619,24.6,17.888,6326.92,80.61,508.48,5.297,68.88,21.012,25.8,1.637,24.62,17.881,SENSOR_DRIFT,0.0,1.0,1.0,1.0,1.0,0.0,0.0,0.0,-0.0
5.6,TAKEOFF,85.93,60.86,140.0,29.72,100.814,1.1596,6332.55,80.04,509.37,5.25,69.48,21.009,25.719,1.62,24.6,17.89,6328.51,79.4,509.45,5.238,69.31,20.893,25.736,1.661,24.552,17.988,SENSOR_DRIFT,0.0,1.0,1.0,1.0,1.0,0.0,0.0,0.0,-0.0
5.7,TAKEOFF,85.95,60.87,142.5,29.71,100.805,1.1595,6344.04,80.04,510.69,5.256,69.47,21.013,25.719,1.621,24.6,17.892,6352.75,80.51,510.46,5.197,69.71,21.04,25.69,1.624,24.63,17.785,SENSOR_DRIFT,0.0,1.0,1.0,1.0,1.0,0.0,0.0,0.0,-0.0
5.8,TAKEOFF,85.97,60.88,145.0,29.71,100.795,1.1594,6355.0,80.04,511.99,5.261,69.46,21.016,25.719,1.623,24.6,17.895,6356.11,80.45,512.43,5.226,69.96,20.993,25.691,1.662,24.577,17.913,SENSOR_DRIFT,0.0,1.0,1.0,1.0,1.0,0.0,0.0,0.0,-0.0
5.9,TAKEOFF,85.98,60.89,147.5,29.71,100.786,1.1593,6365.45,80.04,513.27,5.267,69.45,21.02,25.72,1.624,24.6,17.898,6370.4,80.08,512.72,5.278,69.13,21.092,25.658,1.577,24.561,18.082,SENSOR_DRIFT,0.0,1.0,1.0,1.0,1.0,0.0,0.0,0.0,-0.0
6.0,TAKEOFF,86.0,60.9,150.0,29.7,100.777,1.1593,6375.4,80.04,514.54,5.272,69.44,21.023,25.72,1.625,24.6,17.9,6377.34,79.18,515.95,5.228,69.45,20.994,25.739,1.584,24.57,18.034,SENSOR_DRIFT,0.0,1.0,1.0,1.0,1.0,0.0,0.0,0.0,-0.0
6.1,TAKEOFF,86.02,60.91,152.5,29.7,100.768,1.1592,6384.9,80.04,515.8,5.277,69.44,21.027,25.72,1.626,24.6,17.902,6384.47,80.01,513.39,5.308,69.53,21.136,25.719,1.688,24.521,17.963,SENSOR_DRIFT,0.0,1.0,1.0,1.0,1.0,0.0,0.0,0.0,-0.0
6.2,TAKEOFF,86.03,60.92,155.0,29.69,100.759,1.1591,6393.96,80.04,517.04,5.281,69.43,21.03,25.721,1.627,24.6,17.905,6391.14,80.38,515.76,5.295,69.24,21.137,25.654,1.647,24.623,18.029,SENSOR_DRIFT,0.0,1.0,1.0,1.0,1.0,0.0,0.0,0.0,-0.0
6.3,TAKEOFF,86.05,60.93,157.5,29.68,100.75,1.159,6402.61,80.04,518.26,5.286,69.42,21.034,25.721,1.628,24.6,17.907,6399.32,80.15,516.29,5.305,69.71,21.098,25.828,1.632,24.702,17.979,SENSOR_DRIFT,0.0,1.0,1.0,1.0,1.0,0.0,0.0,0.0,-0.0
6.4,TAKEOFF,86.07,60.94,160.0,29.68,100.741,1.1589,6410.85,80.04,519.47,5.29,69.41,21.038,25.721,1.629,24.6,17.91,6412.54,80.06,519.91,5.332,69.67,20.952,25.708,1.684,24.544,18.012,SENSOR_DRIFT,0.0,1.0,1.0,1.0,1.0,0.0,0.0,0.0,-0.0
6.5,TAKEOFF,86.08,60.95,162.5,29.68,100.732,1.1588,6418.72,80.04,520.67,5.294,69.4,21.041,25.722,1.63,24.6,17.913,6416.31,79.89,521.06,5.33,69.31,21.041,25.662,1.586,24.553,18.01,SENSOR_DRIFT,0.0,1.0,1.0,1.0,1.0,0.0,0.0,0.0,-0.0
6.6,TAKEOFF,86.1,60.96,165.0,29.67,100.723,1.1587,6426.24,80.04,521.85,5.298,69.39,21.045,25.722,1.63,24.6,17.915,6421.49,81.01,526.04,5.272,69.29,21.049,25.727,1.748,24.614,17.869,SENSOR_DRIFT,0.0,1.0,1.0,1.0,1.0,0.0,0.0,0.0,-0.0
6.7,TAKEOFF,86.12,60.98,167.5,29.66,100.714,1.1587,6433.41,80.04,523.01,5.302,69.38,21.048,25.722,1.631,24.6,17.918,6450.35,79.63,522.17,5.322,70.07,21.032,25.755,1.69,24.537,17.901,SENSOR_DRIFT,0.0,1.0,1.0,1.0,1.0,0.0,0.0,0.0,-0.0
6.8,TAKEOFF,86.13,60.99,170.0,29.66,100.704,1.1586,6440.27,80.04,524.17,5.306,69.37,21.052,25.723,1.632,24.6,17.92,6448.76,80.0,525.93,5.297,69.66,21.06,25.689,1.629,24.638,17.89,SENSOR_DRIFT,0.0,1.0,1.0,1.0,1.0,0.0,0.0,0.0,-0.0
6.9,TAKEOFF,86.15,61.0,172.5,29.66,100.695,1.1585,6446.81,80.04,525.3,5.309,69.36,21.056,25.723,1.633,24.6,17.922,6454.59,80.36,528.11,5.28,69.54,20.836,25.719,1.546,24.625,17.774,SENSOR_DRIFT,0.0,1.0,1.0,1.0,1.0,0.0,0.0,0.0,-0.0
7.0,TAKEOFF,86.17,61.01,175.0,29.65,100.686,1.1584,6453.07,80.04,526.43,5.312,69.36,21.059,25.723,1.633,24.6,17.925,6441.75,79.38,525.51,5.261,69.56,21.266,25.656,1.648,24.541,18.009,SENSOR_DRIFT,0.0,1.0,1.0,1.0,1.0,0.0,0.0,0.0,-0.0
7.1,TAKEOFF,86.18,61.02,177.5,29.64,100.677,1.1583,6459.05,80.04,527.54,5.316,69.35,21.063,25.724,1.634,24.6,17.928,6454.77,80.9,528.55,5.29,69.03,20.884,25.67,1.603,24.618,17.968,SENSOR_DRIFT,0.0,1.0,1.0,1.0,1.0,0.0,0.0,0.0,-0.0
7.2,TAKEOFF,86.2,61.03,180.0,29.64,100.668,1.1582,6464.77,80.04,528.64,5.319,69.34,21.066,25.724,1.635,24.6,17.93,6461.32,79.94,528.4,5.341,69.54,21.007,25.654,1.598,24.655,18.018,SENSOR_DRIFT,0.0,1.0,1.0,1.0,1.0,0.0,0.0,0.0,-0.0
7.3,TAKEOFF,86.22,61.04,182.5,29.64,100.659,1.1581,6470.24,80.04,529.72,5.321,69.33,21.07,25.724,1.635,24.6,17.932,6461.39,78.63,530.08,5.354,69.69,21.053,25.702,1.569,24.568,17.865,SENSOR_DRIFT,0.0,1.0,1.0,1.0,1.0,0.0,0.0,0.0,-0.0
7.4,TAKEOFF,86.23,61.05,185.0,29.63,100.65,1.1581,6475.47,80.04,530.79,5.324,69.32,21.073,25.725,1.636,24.6,17.935,6478.96,79.78,532.95,5.341,69.26,21.12,25.76,1.645,24.537,17.955,SENSOR_DRIFT,0.0,1.0,1.0,1.0,1.0,0.0,0.0,0.0,-0.0
7.5,TAKEOFF,86.25,61.06,187.5,29.62,100.641,1.158,6480.47,80.04,531.85,5.327,69.31,21.077,25.725,1.637,24.6,17.938,6479.24,80.04,534.77,5.335,69.5,21.164,25.748,1.609,24.543,17.916,SENSOR_DRIFT,0.0,1.0,1.0,1.0,1.0,0.0,0.0,0.0,-0.0
7.6,TAKEOFF,86.27,61.07,190.0,29.62,100.632,1.1579,6485.27,80.04,532.9,5.329,69.3,21.081,25.725,1.637,24.6,17.94,6477.08,80.72,533.75,5.306,69.34,20.98,25.732,1.734,24.55,17.959,SENSOR_DRIFT,0.0,1.0,1.0,1.0,1.0,0.0,0.0,0.0,-0.0
7.7,TAKEOFF,86.28,61.08,192.5,29.62,100.623,1.1578,6489.86,80.04,533.93,5.332,69.29,21.084,25.726,1.638,24.6,17.943,6484.72,79.69,533.82,5.368,69.45,21.206,25.773,1.666,24.681,17.891,SENSOR_DRIFT,0.0,1.0,1.0,1.0,1.0,0.0,0.0,0.0,-0.0
7.8,TAKEOFF,86.3,61.09,195.0,29.61,100.613,1.1577,6494.25,80.04,534.95,5.334,69.29,21.088,25.726,1.638,24.6,17.945,6496.87,80.32,533.25,5.299,69.3,21.136,25.713,1.578,24.617,18.027,SENSOR_DRIFT,0.0,1.0,1.0,1.0,1.0,0.0,0.0,0.0,-0.0
7.9,TAKEOFF,86.32,61.11,197.5,29.61,100.604,1.1576,6498.47,80.04,535.96,5.336,69.28,21.091,25.726,1.639,24.6,17.947,6497.61,79.97,535.38,5.37,68.66,21.193,25.799,1.626,24.659,17.933,SENSOR_DRIFT,0.0,1.0,1.0,1.0,1.0,0.0,0.0,0.0,-0.0
8.0,TAKEOFF,86.33,61.12,200.0,29.6,100.595,1.1575,6502.5,80.04,536.96,5.338,69.27,21.095,25.727,1.639,24.6,17.95,6509.52,80.14,536.48,5.375,69.44,21.052,25.634,1.648,24.593,18.012,SENSOR_DRIFT,0.0,1.0,1.0,1.0,1.0,0.0,0.0,0.0,-0.0
8.1,TAKEOFF,86.35,61.13,202.5,29.59,100.586,1.1575,6506.38,80.04,537.94,5.341,69.26,21.098,25.727,1.64,24.6,17.953,6508.31,79.71,540.71,5.353,69.55,21.141,25.708,1.598,24.669,17.882,SENSOR_DRIFT,0.003,1.0,1.0,1.0,1.0,0.0,0.067,0.1,-0.002
8.2,TAKEOFF,86.37,61.14,205.0,29.59,100.577,1.1574,6510.1,80.04,538.91,5.343,69.25,21.102,25.727,1.64,24.6,17.955,6501.41,80.79,539.37,5.39,69.48,21.142,25.643,1.681,24.6,17.935,SENSOR_DRIFT,0.007,1.0,1.0,1.0,1.0,0.0,0.133,0.2,-0.003
8.3,TAKEOFF,86.38,61.15,207.5,29.59,100.568,1.1573,6513.66,80.04,539.87,5.344,69.24,21.106,25.728,1.641,24.6,17.957,6512.56,80.3,538.16,5.323,69.44,21.061,25.799,1.6,24.646,17.985,SENSOR_DRIFT,0.01,1.0,1.0,1.0,1.0,0.0,0.2,0.3,-0.005
8.4,TAKEOFF,86.4,61.16,210.0,29.58,100.559,1.1572,6517.09,80.04,540.82,5.346,69.23,21.109,25.728,1.641,24.6,17.96,6521.48,80.57,540.74,5.303,69.26,21.108,25.765,1.733,24.516,18.021,SENSOR_DRIFT,0.013,1.0,1.0,1.0,1.0,0.0,0.267,0.4,-0.007
8.5,TAKEOFF,86.42,61.17,212.5,29.57,100.55,1.1571,6520.38,80.04,541.76,5.348,69.22,21.113,25.728,1.641,24.6,17.962,6525.98,81.17,540.69,5.299,69.78,21.019,25.762,1.567,24.582,18.025,SENSOR_DRIFT,0.017,1.0,1.0,1.0,1.0,0.0,0.333,0.5,-0.008
8.6,TAKEOFF,86.43,61.18,215.0,29.57,100.541,1.157,6523.54,80.04,542.69,5.35,69.22,21.116,25.729,1.642,24.6,17.965,6533.81,80.09,543.22,5.368,68.86,21.057,25.716,1.676,24.56,18.139,SENSOR_DRIFT,0.02,1.0,1.0,1.0,1.0,0.0,0.4,0.6,-0.01
8.7,TAKEOFF,86.45,61.19,217.5,29.57,100.532,1.1569,6526.58,80.04,543.6,5.351,69.21,21.12,25.729,1.642,24.6,17.968,6522.43,81.21,543.73,5.302,69.14,21.009,25.719,1.585,24.614,17.86,SENSOR_DRIFT,0.023,1.0,1.0,1.0,1.0,0.0,0.467,0.7,-0.012
8.8,TAKEOFF,86.47,61.2,220.0,29.56,100.523,1.1569,6529.51,80.04,544.51,5.353,69.2,21.123,25.729,1.643,24.6,17.97,6529.07,81.65,546.99,5.335,68.76,21.096,25.637,1.657,24.552,18.022,SENSOR_DRIFT,0.027,1.0,1.0,1.0,1.0,0.0,0.533,0.8,-0.013
8.9,TAKEOFF,86.48,61.21,222.5,29.55,100.514,1.1568,6532.32,80.04,545.4,5.354,69.19,21.127,25.73,1.643,24.6,17.973,6527.84,80.81,547.86,5.409,69.33,21.079,25.719,1.643,24.512,17.91,SENSOR_DRIFT,0.03,1.0,1.0,1.0,1.0,0.0,0.6,0.9,-0.015
9.0,TAKEOFF,86.5,61.23,225.0,29.55,100.504,1.1567,6535.03,80.04,546.29,5.356,69.18,21.131,25.73,1.643,24.6,17.975,6537.82,80.34,546.94,5.343,69.94,21.251,25.812,1.6,24.592,17.984,SENSOR_DRIFT,0.033,1.0,1.0,1.0,1.0,0.0,0.667,1.0,-0.017
9.1,TAKEOFF,86.52,61.24,227.5,29.55,100.495,1.1566,6537.65,80.04,547.16,5.357,69.17,21.134,25.73,1.644,24.6,17.977,6533.21,79.99,547.6,5.356,69.51,21.051,25.725,1.623,24.629,17.943,SENSOR_DRIFT,0.037,1.0,1.0,1.0,1.0,0.0,0.733,1.1,-0.018
9.2,TAKEOFF,86.53,61.25,230.0,29.54,100.486,1.1565,6540.17,80.04,548.02,5.359,69.16,21.138,25.731,1.644,24.6,17.98,6539.72,81.01,548.93,5.367,69.01,21.053,25.778,1.635,24.68,17.909,SENSOR_DRIFT,0.04,1.0,1.0,1.0,1.0,0.0,0.8,1.2,-0.02
9.3,TAKEOFF,86.55,61.26,232.5,29.54,100.477,1.1564,6542.59,80.04,548.87,5.36,69.15,21.141,25.731,1.644,24.6,17.982,6551.55,81.16,549.0,5.343,69.29,21.243,25.681,1.655,24.461,17.998,SENSOR_DRIFT,0.043,1.0,1.0,1.0,1.0,0.0,0.867,1.3,-0.022
9.4,TAKEOFF,86.57,61.27,235.0,29.53,100.468,1.1563,6544.94,80.04,549.72,5.361,69.15,21.145,25.731,1.645,24.6,17.985,6540.31,81.13,550.86,5.316,69.18,21.163,25.781,1.718,24.576,18.037,SENSOR_DRIFT,0.047,1.0,1.0,1.0,1.0,0.0,0.933,1.4,-0.023
9.5,TAKEOFF,86.58,61.28,237.5,29.53,100.459,1.1563,6547.2,80.04,550.55,5.363,69.14,21.148,25.732,1.645,24.6,17.987,6555.12,80.61,550.74,5.336,69.15,21.11,25.642,1.687,24.561,17.922,SENSOR_DRIFT,0.05,1.0,1.0,1.0,1.0,0.0,1.0,1.5,-0.025
9.6,TAKEOFF,86.6,61.29,240.0,29.52,100.45,1.1562,6549.39,80.04,551.37,5.364,69.13,21.152,25.732,1.645,24.6,17.99,6553.67,80.99,550.81,5.276,69.38,21.237,25.765,1.649,24.561,18.006,SENSOR_DRIFT,0.053,1.0,1.0,1.0,1.0,0.0,1.067,1.6,-0.027
9.7,TAKEOFF,86.62,61.3,242.5,29.52,100.441,1.1561,6551.5,80.04,552.18,5.365,69.12,21.156,25.732,1.646,24.6,17.992,6550.31,80.94,553.83,5.345,68.72,20.955,25.708,1.675,24.47,17.918,SENSOR_DRIFT,0.057,1.0,1.0,1.0,1.0,0.0,1.133,1.7,-0.028
9.8,TAKEOFF,86.63,61.31,245.0,29.51,100.432,1.156,6553.55,80.04,552.98,5.366,69.11,21.159,25.733,1.646,24.6,17.995,6561.57,80.37,553.1,5.34,69.17,21.275,25.797,1.654,24.605,18.178,SENSOR_DRIFT,0.06,1.0,1.0,1.0,1.0,0.0,1.2,1.8,-0.03
9.9,TAKEOFF,86.65,61.32,247.5,29.51,100.423,1.1559,6555.53,80.04,553.78,5.367,69.1,21.163,25.733,1.646,24.6,17.997,6551.95,81.33,556.47,5.398,69.11,21.119,25.725,1.632,24.617,18.034,SENSOR_DRIFT,0.063,1.0,1.0,1.0,1.0,0.0,1.267,1.9,-0.032
10.0,TAKEOFF,86.67,61.33,250.0,29.5,100.414,1.1558,6557.44,80.04,554.56,5.368,69.09,21.166,25.733,1.646,24.6,18.0,6559.25,81.45,556.19,5.288,68.8,21.197,25.75,1.68,24.604,18.002,SENSOR_DRIFT,0.067,1.0,1.0,1.0,1.0,0.0,1.333,2.0,-0.033
10.1,TAKEOFF,86.68,61.34,252.5,29.5,100.405,1.1557,6559.3,80.04,555.34,5.369,69.08,21.17,25.734,1.647,24.6,18.002,6566.11,81.27,556.34,5.33,69.87,21.222,25.65,1.579,24.484,18.02,SENSOR_DRIFT,0.07,1.0,1.0,1.0,1.0,0.0,1.4,2.1,-0.035
10.2,TAKEOFF,86.7,61.36,255.0,29.49,100.396,1.1557,6561.1,80.04,556.1,5.37,69.08,21.173,25.734,1.647,24.6,18.005,6559.8,82.13,560.57,5.317,69.35,21.088,25.74,1.643,24.563,18.193,SENSOR_DRIFT,0.073,1.0,1.0,1.0,1.0,0.0,1.467,2.2,-0.037
10.3,TAKEOFF,86.72,61.37,257.5,29.48,100.387,1.1556,6562.85,80.04,556.86,5.371,69.07,21.177,25.734,1.647,24.6,18.008,6563.08,81.22,557.28,5.365,69.24,21.262,25.686,1.613,24.568,18.115,SENSOR_DRIFT,0.077,1.0,1.0,1.0,1.0,0.0,1.533,2.3,-0.038
10.4,TAKEOFF,86.73,61.38,260.0,29.48,100.377,1.1555,6564.54,80.04,557.6,5.372,69.06,21.181,25.735,1.647,24.6,18.01,6565.34,81.82,559.58,5.329,69.42,21.146,25.67,1.655,24.605,18.178,SENSOR_DRIFT,0.08,1.0,1.0,1.0,1.0,0.0,1.6,2.4,-0.04
10.5,TAKEOFF,86.75,61.39,262.5,29.48,100.368,1.1554,6566.19,80.04,558.34,5.373,69.05,21.184,25.735,1.648,24.6,18.013,6568.71,81.52,561.13,5.336,69.06,21.277,25.681,1.642,24.513,18.06,SENSOR_DRIFT,0.083,1.0,1.0,1.0,1.0,0.0,1.667,2.5,-0.042
10.6,TAKEOFF,86.77,61.4,265.0,29.47,100.359,1.1553,6567.8,80.04,559.07,5.374,69.04,21.188,25.735,1.648,24.6,18.015,6575.92,81.03,559.77,5.31,68.91,21.254,25.713,1.68,24.531,17.988,SENSOR_DRIFT,0.087,1.0,1.0,1.0,1.0,0.0,1.733,2.6,-0.043
10.7,TAKEOFF,86.78,61.41,267.5,29.46,100.35,1.1552,6569.35,80.04,559.79,5.375,69.03,21.191,25.736,1.648,24.6,18.017,6567.05,81.13,562.77,5.321,69.03,21.176,25.713,1.653,24.55,18.074,SENSOR_DRIFT,0.09,1.0,1.0,1.0,1.0,0.0,1.8,2.7,-0.045
10.8,TAKEOFF,86.8,61.42,270.0,29.46,100.341,1.1551,6570.87,80.04,560.51,5.376,69.02,21.195,25.736,1.648,24.6,18.02,6572.17,81.96,565.72,5.32,69.17,21.188,25.82,1.599,24.645,18.113,SENSOR_DRIFT,0.093,1.0,1.0,1.0,1.0,0.0,1.867,2.8,-0.047
10.9,TAKEOFF,86.82,61.43,272.5,29.46,100.332,1.1551,6572.35,80.04,561.21,5.376,69.02,21.198,25.736,1.649,24.6,18.023,6562.94,82.28,564.58,5.298,69.08,21.215,25.745,1.638,24.725,17.877,SENSOR_DRIFT,0.097,1.0,1.0,1.0,1.0,0.0,1.933,2.9,-0.048
11.0,TAKEOFF,86.83,61.44,275.0,29.45,100.323,1.155,6573.79,80.04,561.91,5.377,69.01,21.202,25.737,1.649,24.6,18.025,6580.03,82.7,564.41,5.365,68.96,21.169,25.724,1.639,24.589,17.992,SENSOR_DRIFT,0.1,1.0,1.0,1.0,1.0,0.0,2.0,3.0,-0.05
11.1,TAKEOFF,86.85,61.45,277.5,29.45,100.314,1.1549,6575.2,80.04,562.59,5.378,69.0,21.206,25.737,1.649,24.6,18.027,6577.37,82.13,564.61,5.305,68.88,21.328,25.757,1.617,24.583,18.191,SENSOR_DRIFT,0.103,1.0,1.0,1.0,1.0,0.0,2.067,3.1,-0.052
11.2,TAKEOFF,86.87,61.46,280.0,29.44,100.305,1.1548,6576.57,80.04,563.27,5.379,68.99,21.209,25.737,1.649,24.6,18.03,6573.26,82.68,566.36,5.258,69.08,21.102,25.802,1.637,24.589,18.233,SENSOR_DRIFT,0.107,1.0,1.0,1.0,1.0,0.0,2.133,3.2,-0.053
11.3,TAKEOFF,86.88,61.47,282.5,29.44,100.296,1.1547,6577.91,80.04,563.95,5.38,68.98,21.213,25.738,1.65,24.6,18.032,6575.96,81.58,565.91,5.353,69.02,21.315,25.687,1.685,24.608,18.003,SENSOR_DRIFT,0.11,1.0,1.0,1.0,1.0,0.0,2.2,3.3,-0.055
11.4,TAKEOFF,86.9,61.48,285.0,29.43,100.287,1.1546,6579.21,80.04,564.61,5.38,68.97,21.216,25.738,1.65,24.6,18.035,6583.62,82.13,567.57,5.339,68.65,21.004,25.803,1.691,24.606,17.992,SENSOR_DRIFT,0.113,1.0,1.0,1.0,1.0,0.0,2.267,3.4,-0.057
11.5,TAKEOFF,86.92,61.5,287.5,29.43,100.278,1.1546,6580.49,80.04,565.27,5.381,68.96,21.22,25.738,1.65,24.6,18.037,6570.23,82.84,567.05,5.351,68.97,21.478,25.704,1.749,24.548,18.001,SENSOR_DRIFT,0.117,1.0,1.0,1.0,1.0,0.0,2.333,3.5,-0.058
11.6,TAKEOFF,86.93,61.51,290.0,29.42,100.269,1.1545,6581.75,80.04,565.91,5.382,68.96,21.223,25.739,1.65,24.6,18.04,6576.1,82.53,569.91,5.351,68.83,21.256,25.691,1.694,24.63,18.062,SENSOR_DRIFT,0.12,1.0,1.0,1.0,1.0,0.0,2.4,3.6,-0.06
11.7,TAKEOFF,86.95,61.52,292.5,29.42,100.26,1.1544,6582.97,80.04,566.55,5.382,68.95,21.227,25.739,1.65,24.6,18.042,6583.84,82.63,570.14,5.313,68.43,21.31,25.667,1.632,24.656,18.026,SENSOR_DRIFT,0.123,1.0,1.0,1.0,1.0,0.0,2.467,3.7,-0.062
11.8,TAKEOFF,86.97,61.53,295.0,29.41,100.251,1.1543,6584.17,80.04,567.19,5.383,68.94,21.231,25.739,1.651,24.6,18.045,6576.65,82.31,569.24,5.365,68.85,21.169,25.723,1.742,24.564,17.907,SENSOR_DRIFT,0.127,1.0,1.0,1.0,1.0,0.0,2.533,3.8,-0.063
11.9,TAKEOFF,86.98,61.54,297.5,29.41,100.242,1.1542,6585.35,80.04,567.81,5.384,68.93,21.234,25.74,1.651,24.6,18.047,6586.96,82.03,571.37,5.341,69.52,21.357,25.707,1.69,24.627,17.935,SENSOR_DRIFT,0.13,1.0,1.0,1.0,1.0,0.0,2.6,3.9,-0.065
12.0,TAKEOFF,87.0,61.55,300.0,29.4,100.232,1.1541,6586.51,80.04,568.43,5.384,68.92,21.238,25.74,1.651,24.6,18.05,6577.79,82.54,573.41,5.306,68.91,21.156,25.72,1.669,24.576,17.907,SENSOR_DRIFT,0.133,1.0,1.0,1.0,1.0,0.0,2.667,4.0,-0.067
12.1,TAKEOFF,87.02,61.56,302.5,29.4,100.223,1.154,6587.64,80.04,569.04,5.385,68.91,21.241,25.74,1.651,24.6,18.053,6593.47,82.96,573.13,5.301,69.56,21.139,25.766,1.7,24.595,18.088,SENSOR_DRIFT,0.137,1.0,1.0,1.0,1.0,0.0,2.733,4.1,-0.068
12.2,TAKEOFF,87.03,61.57,305.0,29.39,100.214,1.154,6588.76,80.04,569.65,5.386,68.9,21.245,25.741,1.651,24.6,18.055,6579.21,82.22,576.48,5.336,69.09,21.26,25.808,1.621,24.645,17.965,SENSOR_DRIFT,0.14,1.0,1.0,1.0,1.0,0.0,2.8,4.2,-0.07
12.3,TAKEOFF,87.05,61.58,307.5,29.39,100.205,1.1539,6589.85,80.04,570.24,5.386,68.9,21.248,25.741,1.652,24.6,18.057,6593.66,82.89,575.37,5.312,68.96,21.212,25.74,1.671,24.582,18.278,SENSOR_DRIFT,0.143,1.0,1.0,1.0,1.0,0.0,2.867,4.3,-0.072
12.4,TAKEOFF,87.07,61.59,310.0,29.38,100.196,1.1538,6590.93,80.03,570.83,5.387,68.89,21.252,25.741,1.652,24.6,18.06,6590.16,82.51,576.83,5.298,68.71,21.012,25.8,1.677,24.65,18.061,SENSOR_DRIFT,0.147,1.0,1.0,1.0,1.0,0.0,2.933,4.4,-0.073
12.5,TAKEOFF,87.08,61.6,312.5,29.38,100.187,1.1537,6591.99,80.03,571.42,5.388,68.88,21.256,25.742,1.652,24.6,18.062,6587.24,83.64,577.04,5.306,68.69,21.398,25.67,1.668,24.62,18.025,SENSOR_DRIFT,0.15,1.0,1.0,1.0,1.0,0.0,3.0,4.5,-0.075
12.6,TAKEOFF,87.1,61.61,315.0,29.37,100.178,1.1536,6593.03,80.03,571.99,5.388,68.87,21.259,25.742,1.652,24.6,18.065,6604.07,82.86,579.1,5.32,69.33,21.145,25.745,1.706,24.608,18.023,SENSOR_DRIFT,0.153,1.0,1.0,1.0,1.0,0.0,3.067,4.6,-0.077
12.7,TAKEOFF,87.12,61.63,317.5,29.37,100.169,1.1535,6594.06,80.03,572.56,5.389,68.86,21.263,25.742,1.652,24.6,18.067,6584.9,83.91,577.42,5.297,68.94,21.254,25.712,1.703,24.624,18.082,SENSOR_DRIFT,0.157,1.0,1.0,1.0,1.0,0.0,3.133,4.7,-0.078
12.8,TAKEOFF,87.13,61.64,320.0,29.36,100.16,1.1534,6595.07,80.03,573.13,5.389,68.85,21.266,25.743,1.653,24.6,18.07,6600.1,83.48,576.35,5.265,68.8,21.375,25.765,1.689,24.602,18.156,SENSOR_DRIFT,0.16,1.0,1.0,1.0,1.0,0.0,3.2,4.8,-0.08
12.9,TAKEOFF,87.15,61.65,322.5,29.36,100.151,1.1534,6596.07,80.03,573.68,5.39,68.85,21.27,25.743,1.653,24.6,18.072,6599.63,83.24,576.15,5.306,68.31,21.276,25.815,1.686,24.565,17.91,SENSOR_DRIFT,0.163,1.0,1.0,1.0,1.0,0.0,3.267,4.9,-0.082
13.0,TAKEOFF,87.17,61.66,325.0,29.35,100.142,1.1533,6597.05,80.03,574.23,5.391,68.84,21.273,25.743,1.653,24.6,18.075,6589.87,82.92,575.36,5.324,68.97,21.277,25.711,1.637,24.631,18.092,SENSOR_DRIFT,0.167,1.0,1.0,1.0,1.0,0.0,3.333,5.0,-0.083
13.1,TAKEOFF,87.18,61.67,327.5,29.35,100.133,1.1532,6598.02,80.03,574.78,5.391,68.83,21.277,25.744,1.653,24.6,18.078,6595.39,83.73,578.37,5.282,68.69,21.274,25.753,1.635,24.663,18.016,SENSOR_DRIFT,0.17,1.0,1.0,1.0,1.0,0.0,3.4,5.1,-0.085
13.2,TAKEOFF,87.2,61.68,330.0,29.34,100.124,1.1531,6598.98,80.03,575.31,5.392,68.82,21.281,25.744,1.653,24.6,18.08,6603.92,83.67,578.66,5.332,68.81,21.188,25.737,1.659,24.636,18.078,SENSOR_DRIFT,0.173,1.0,1.0,1.0,1.0,0.0,3.467,5.2,-0.087
13.3,TAKEOFF,87.22,61.69,332.5,29.34,100.115,1.153,6599.93,80.03,575.85,5.392,68.81,21.284,25.744,1.654,24.6,18.082,6603.09,83.74,583.23,5.316,68.85,21.294,25.757,1.668,24.575,18.193,SENSOR_DRIFT,0.177,1.0,1.0,1.0,1.0,0.0,3.533,5.3,-0.088
13.4,TAKEOFF,87.23,61.7,335.0,29.33,100.106,1.1529,6600.87,80.03,576.37,5.393,68.8,21.288,25.745,1.654,24.6,18.085,6598.73,83.39,582.51,5.284,68.71,21.288,25.681,1.736,24.634,18.075,SENSOR_DRIFT,0.18,1.0,1.0,1.0,1.0,0.0,3.6,5.4,-0.09
13.5,TAKEOFF,87.25,61.71,337.5,29.33,100.097,1.1528,6601.8,80.03,576.89,5.393,68.79,21.291,25.745,1.654,24.6,18.087,6608.31,83.64,583.64,5.355,68.97,21.293,25.745,1.633,24.633,18.079,SENSOR_DRIFT,0.183,1.0,1.0,1.0,1.0,0.0,3.667,5.5,-0.092
13.6,TAKEOFF,87.27,61.72,340.0,29.32,100.088,1.1528,6602.71,80.03,577.4,5.394,68.79,21.295,25.745,1.654,24.6,18.09,6599.17,84.76,582.13,5.336,68.93,21.307,25.74,1.674,24.594,18.095,SENSOR_DRIFT,0.187,1.0,1.0,1.0,1.0,0.0,3.733,5.6,-0.093
13.7,TAKEOFF,87.28,61.73,342.5,29.32,100.079,1.1527,6603.62,80.03,577.91,5.394,68.78,21.298,25.746,1.654,24.6,18.093,6597.27,84.1,581.57,5.363,68.57,21.176,25.825,1.666,24.501,18.184,SENSOR_DRIFT,0.19,1.0,1.0,1.0,1.0,0.0,3.8,5.7,-0.095
13.8,TAKEOFF,87.3,61.74,345.0,29.31,100.07,1.1526,6604.52,80.03,578.41,5.395,68.77,21.302,25.746,1.654,24.6,18.095,6603.2,84.57,585.49,5.29,69.15,21.326,25.683,1.665,24.605,17.918,SENSOR_DRIFT,0.193,1.0,1.0,1.0,1.0,0.0,3.867,5.8,-0.097
13.9,TAKEOFF,87.32,61.76,347.5,29.31,100.061,1.1525,6605.41,80.03,578.91,5.396,68.76,21.306,25.746,1.655,24.6,18.098,6609.95,84.37,584.36,5.317,69.01,21.325,25.774,1.677,24.579,18.103,SENSOR_DRIFT,0.197,1.0,1.0,1.0,1.0,0.0,3.933,5.9,-0.098
14.0,TAKEOFF,87.33,61.77,350.0,29.3,100.052,1.1524,6606.29,80.03,579.4,5.396,68.75,21.309,25.747,1.655,24.6,18.1,6611.98,83.94,585.35,5.296,68.5,21.334,25.712,1.639,24.654,18.307,SENSOR_DRIFT,0.2,1.0,1.0,1.0,1.0,0.0,4.0,6.0,-0.1
14.1,TAKEOFF,87.35,61.78,352.5,29.3,100.042,1.1523,6607.17,80.03,579.88,5.397,68.74,21.313,25.747,1.655,24.6,18.102,6606.98,83.63,588.26,5.281,68.67,21.392,25.784,1.753,24.672,18.109,SENSOR_DRIFT,0.203,1.0,1.0,1.0,1.0,0.0,4.067,6.1,-0.102
14.2,TAKEOFF,87.37,61.79,355.0,29.29,100.033,1.1523,6608.04,80.03,580.36,5.397,68.74,21.316,25.747,1.655,24.6,18.105,6609.39,84.58,584.88,5.307,68.67,21.276,25.718,1.671,24.624,18.085,SENSOR_DRIFT,0.207,1.0,1.0,1.0,1.0,0.0,4.133,6.2,-0.103
14.3,TAKEOFF,87.38,61.8,357.5,29.29,100.024,1.1522,6608.9,80.03,580.83,5.398,68.73,21.32,25.748,1.655,24.6,18.107,6609.4,84.12,588.27,5.26,68.99,21.432,25.796,1.652,24.602,18.036,SENSOR_DRIFT,0.21,1.0,1.0,1.0,1.0,0.0,4.2,6.3,-0.105
14.4,TAKEOFF,87.4,61.81,360.0,29.28,100.015,1.1521,6609.75,80.03,581.3,5.398,68.72,21.323,25.748,1.655,24.6,18.11,6619.44,83.96,587.46,5.239,68.54,21.259,25.672,1.634,24.621,18.079,SENSOR_DRIFT,0.213,1.0,1.0,1.0,1.0,0.0,4.267,6.4,-0.107
14.5,TAKEOFF,87.42,61.82,362.5,29.28,100.006,1.152,6610.6,80.03,581.76,5.399,68.71,21.327,25.748,1.656,24.6,18.112,6609.94,84.06,587.41,5.303,68.67,21.253,25.765,1.616,24.659,18.037,SENSOR_DRIFT,0.217,1.0,1.0,1.0,1.0,0.0,4.333,6.5,-0.108
14.6,TAKEOFF,87.43,61.83,365.0,29.27,99.997,1.1519,6611.44,80.03,582.22,5.399,68.7,21.331,25.749,1.656,24.6,18.115,6608.38,85.18,588.79,5.274,68.82,21.418,25.815,1.677,24.593,18.117,SENSOR_DRIFT,0.22,1.0,1.0,1.0,1.0,0.0,4.4,6.6,-0.11
14.7,TAKEOFF,87.45,61.84,367.5,29.27,99.988,1.1518,6612.28,80.03,582.67,5.4,68.69,21.334,25.749,1.656,24.6,18.117,6612.03,84.63,587.84,5.312,68.86,21.285,25.77,1.682,24.636,18.254,SENSOR_DRIFT,0.223,1.0,1.0,1.0,1.0,0.0,4.467,6.7,-0.112
14.8,TAKEOFF,87.47,61.85,370.0,29.26,99.979,1.1517,6613.11,80.03,583.12,5.4,68.69,21.338,25.749,1.656,24.6,18.12,6613.55,84.21,586.64,5.273,68.65,21.243,25.732,1.678,24.661,18.122,SENSOR_DRIFT,0.227,1.0,1.0,1.0,1.0,0.0,4.533,6.8,-0.113
14.9,TAKEOFF,87.48,61.86,372.5,29.26,99.97,1.1517,6613.93,80.03,583.56,5.401,68.68,21.341,25.75,1.656,24.6,18.122,6603.05,84.41,589.45,5.272,68.61,21.382,25.749,1.7,24.582,17.95,SENSOR_DRIFT,0.23,1.0,1.0,1.0,1.0,0.0,4.6,6.9,-0.115
15.0,TAKEOFF,87.5,61.88,375.0,29.25,99.961,1.1516,6614.76,80.03,584.0,5.401,68.67,21.345,25.75,1.656,24.6,18.125,6618.69,83.9,592.54,5.349,68.29,21.18,25.708,1.665,24.492,18.1,SENSOR_DRIFT,0.233,1.0,1.0,1.0,1.0,0.0,4.667,7.0,-0.117
15.1,TAKEOFF,87.52,61.89,377.5,29.25,99.952,1.1515,6615.57,80.03,584.43,5.402,68.66,21.348,25.75,1.657,24.6,18.127,6614.79,84.93,592.24,5.264,68.72,21.34,25.803,1.8,24.61,17.988,SENSOR_DRIFT,0.237,1.0,1.0,1.0,1.0,0.0,4.733,7.1,-0.118
15.2,TAKEOFF,87.53,61.9,380.0,29.24,99.943,1.1514,6616.38,80.03,584.86,5.402,68.65,21.352,25.751,1.657,24.6,18.13,6619.42,84.83,590.98,5.244,68.91,21.449,25.77,1.645,24.514,18.05,SENSOR_DRIFT,0.24,1.0,1.0,1.0,1.0,0.0,4.8,7.2,-0.12
15.3,TAKEOFF,87.55,61.91,382.5,29.24,99.934,1.1513,6617.19,80.03,585.28,5.403,68.64,21.356,25.751,1.657,24.6,18.133,6617.07,84.61,592.63,5.282,68.7,21.259,25.786,1.769,24.549,18.061,SENSOR_DRIFT,0.243,1.0,1.0,1.0,1.0,0.0,4.867,7.3,-0.122
15.4,TAKEOFF,87.57,61.92,385.0,29.23,99.925,1.1512,6618.0,80.03,585.69,5.403,68.63,21.359,25.751,1.657,24.6,18.135,6621.42,85.5,593.06,5.234,68.5,21.461,25.758,1.628,24.693,18.269,SENSOR_DRIFT,0.247,1.0,1.0,1.0,1.0,0.0,4.933,7.4,-0.123
15.5,TAKEOFF,87.58,61.93,387.5,29.23,99.916,1.1511,6618.8,80.03,586.11,5.403,68.63,21.363,25.752,1.657,24.6,18.137,6626.6,84.66,592.13,5.275,68.48,21.425,25.733,1.632,24.646,18.192,SENSOR_DRIFT,0.25,1.0,1.0,1.0,1.0,0.0,5.0,7.5,-0.125
15.6,TAKEOFF,87.6,61.94,390.0,29.22,99.907,1.1511,6619.59,80.03,586.52,5.404,68.62,21.366,25.752,1.657,24.6,18.14,6614.7,85.12,594.35,5.29,68.9,21.141,25.788,1.676,24.642,18.125,SENSOR_DRIFT,0.253,1.0,1.0,1.0,1.0,0.0,5.067,7.6,-0.127
15.7,TAKEOFF,87.62,61.95,392.5,29.22,99.898,1.151,6620.39,80.03,586.92,5.404,68.61,21.37,25.752,1.658,24.6,18.142,6624.58,85.12,591.83,5.256,68.48,21.474,25.746,1.684,24.603,18.06,SENSOR_DRIFT,0.257,1.0,1.0,1.0,1.0,0.0,5.133,7.7,-0.128
15.8,TAKEOFF,87.63,61.96,395.0,29.21,99.889,1.1509,6621.18,80.03,587.32,5.405,68.6,21.373,25.753,1.658,24.6,18.145,6617.67,83.87,596.8,5.327,68.19,21.3,25.741,1.618,24.672,18.156,SENSOR_DRIFT,0.26,1.0,1.0,1.0,1.0,0.0,5.2,7.8,-0.13
15.9,TAKEOFF,87.65,61.97,397.5,29.21,99.88,1.1508,6621.97,80.03,587.71,5.405,68.59,21.377,25.753,1.658,24.6,18.148,6615.46,85.17,594.93,5.275,68.74,21.086,25.714,1.638,24.65,18.117,SENSOR_DRIFT,0.263,1.0,1.0,1.0,1.0,0.0,5.267,7.9,-0.132
16.0,TAKEOFF,87.67,61.98,400.0,29.2,99.871,1.1507,6622.75,80.03,588.1,5.406,68.58,21.381,25.753,1.658,24.6,18.15,6622.77,85.93,596.87,5.273,68.5,21.306,25.747,1.708,24.608,18.101,SENSOR_DRIFT,0.267,1.0,1.0,1.0,1.0,0.0,5.333,8.0,-0.133
16.1,TAKEOFF,87.68,61.99,402.5,29.2,99.862,1.1506,6623.53,80.03,588.49,5.406,68.58,21.384,25.754,1.658,24.6,18.152,6620.92,85.33,594.64,5.259,68.23,21.188,25.788,1.514,24.639,18.169,SENSOR_DRIFT,0.27,1.0,1.0,1.0,1.0,0.0,5.4,8.1,-0.135
16.2,TAKEOFF,87.7,62.0,405.0,29.19,99.853,1.1506,6624.31,80.03,588.87,5.407,68.57,21.388,25.754,1.658,24.6,18.155,6621.06,85.55,597.32,5.267,68.9,21.519,25.766,1.61,24.606,18.192,SENSOR_DRIFT,0.273,1.0,1.0,1.0,1.0,0.0,5.467,8.2,-0.137
16.3,TAKEOFF,87.72,62.02,407.5,29.19,99.844,1.1505,6625.09,80.03,589.25,5.407,68.56,21.391,25.754,1.659,24.6,18.157,6630.83,86.02,597.09,5.314,68.35,21.267,25.709,1.644,24.565,18.181,SENSOR_DRIFT,0.277,1.0,1.0,1.0,1.0,0.0,5.533,8.3,-0.138
16.4,TAKEOFF,87.73,62.03,410.0,29.18,99.835,1.1504,6625.86,80.03,589.62,5.408,68.55,21.395,25.755,1.659,24.6,18.16,6627.96,86.03,600.1,5.24,68.76,21.38,25.792,1.633,24.608,18.131,SENSOR_DRIFT,0.28,1.0,1.0,1.0,1.0,0.0,5.6,8.4,-0.14
16.5,TAKEOFF,87.75,62.04,412.5,29.18,99.826,1.1503,6626.63,80.03,589.99,5.408,68.54,21.398,25.755,1.659,24.6,18.163,6624.29,86.04,598.27,5.219,68.04,21.343,25.687,1.588,24.621,18.137,SENSOR_DRIFT,0.283,1.0,1.0,1.0,1.0,0.0,5.667,8.5,-0.142
16.6,TAKEOFF,87.77,62.05,415.0,29.17,99.817,1.1502,6627.4,80.03,590.35,5.409,68.54,21.402,25.755,1.659,24.6,18.165,6623.86,86.23,598.11,5.245,68.45,21.441,25.732,1.632,24.575,18.091,SENSOR_DRIFT,0.287,1.0,1.0,1.0,1.0,0.0,5.733,8.6,-0.143
16.7,TAKEOFF,87.78,62.06,417.5,29.17,99.808,1.1501,6628.17,80.03,590.71,5.409,68.53,21.406,25.756,1.659,24.6,18.168,6629.97,85.77,597.71,5.257,68.64,21.436,25.739,1.679,24.553,18.243,SENSOR_DRIFT,0.29,1.0,1.0,1.0,1.0,0.0,5.8,8.7,-0.145
16.8,TAKEOFF,87.8,62.07,420.0,29.16,99.799,1.15,6628.94,80.03,591.07,5.41,68.52,21.409,25.756,1.659,24.6,18.17,6629.39,85.77,601.21,5.248,68.8,21.555,25.65,1.737,24.573,18.183,SENSOR_DRIFT,0.293,1.0,1.0,1.0,1.0,0.0,5.867,8.8,-0.147
16.9,TAKEOFF,87.82,62.08,422.5,29.16,99.79,1.15,6629.7,80.03,591.42,5.41,68.51,21.413,25.756,1.66,24.6,18.172,6625.72,85.91,598.47,5.295,68.67,21.387,25.732,1.62,24.606,18.196,SENSOR_DRIFT,0.297,1.0,1.0,1.0,1.0,0.0,5.933,8.9,-0.148
17.0,TAKEOFF,87.83,62.09,425.0,29.15,99.781,1.1499,6630.46,80.03,591.77,5.411,68.5,21.416,25.757,1.66,24.6,18.175,6628.49,86.25,599.28,5.188,68.89,21.324,25.826,1.59,24.521,18.021,SENSOR_DRIFT,0.3,1.0,1.0,1.0,1.0,0.0,6.0,9.0,-0.15
17.1,TAKEOFF,87.85,62.1,427.5,29.15,99.772,1.1498,6631.22,80.03,592.11,5.411,68.49,21.42,25.757,1.66,24.6,18.177,6640.99,86.08,601.63,5.229,68.57,21.328,25.758,1.621,24.535,18.27,SENSOR_DRIFT,0.303,1.0,1.0,1.0,1.0,0.0,6.067,9.1,-0.152
17.2,TAKEOFF,87.87,62.11,430.0,29.14,99.763,1.1497,6631.98,80.03,592.45,5.411,68.49,21.423,25.757,1.66,24.6,18.18,6626.1,86.51,601.21,5.281,69.07,21.566,25.875,1.744,24.652,18.086,SENSOR_DRIFT,0.307,1.0,1.0,1.0,1.0,0.0,6.133,9.2,-0.153
17.3,TAKEOFF,87.88,62.12,432.5,29.14,99.754,1.1496,6632.74,80.03,592.79,5.412,68.48,21.427,25.758,1.66,24.6,18.182,6630.73,86.41,604.79,5.296,68.44,21.415,25.765,1.667,24.643,17.957,SENSOR_DRIFT,0.31,1.0,1.0,1.0,1.0,0.0,6.2,9.3,-0.155
17.4,TAKEOFF,87.9,62.13,435.0,29.13,99.745,1.1495,6633.5,80.03,593.13,5.412,68.47,21.431,25.758,1.66,24.6,18.185,6630.11,86.21,603.18,5.259,68.68,21.44,25.723,1.553,24.675,18.099,SENSOR_DRIFT,0.313,1.0,1.0,1.0,1.0,0.0,6.267,9.4,-0.157
17.5,TAKEOFF,87.92,62.15,437.5,29.12,99.736,1.1495,6634.25,80.03,593.46,5.413,68.46,21.434,25.758,1.661,24.6,18.188,6633.9,86.04,603.29,5.274,68.52,21.392,25.704,1.734,24.484,18.07,SENSOR_DRIFT,0.317,1.0,1.0,1.0,1.0,0.0,6.333,9.5,-0.158
17.6,TAKEOFF,87.93,62.16,440.0,29.12,99.727,1.1494,6635.01,80.03,593.78,5.413,68.45,21.438,25.759,1.661,24.6,18.19,6637.66,86.23,600.63,5.286,68.44,21.512,25.77,1.619,24.558,18.276,SENSOR_DRIFT,0.32,1.0,1.0,1.0,1.0,0.0,6.4,9.6,-0.16
17.7,TAKEOFF,87.95,62.17,442.5,29.12,99.718,1.1493,6635.76,80.03,594.1,5.414,68.44,21.441,25.759,1.661,24.6,18.193,6640.49,86.6,604.28,5.202,69.01,21.487,25.734,1.643,24.661,18.172,SENSOR_DRIFT,0.323,1.0,1.0,1.0,1.0,0.0,6.467,9.7,-0.162
17.8,TAKEOFF,87.97,62.18,445.0,29.11,99.709,1.1492,6636.51,80.03,594.42,5.414,68.44,21.445,25.759,1.661,24.6,18.195,6635.53,86.82,604.73,5.304,68.9,21.51,25.804,1.667,24.627,18.171,SENSOR_DRIFT,0.327,1.0,1.0,1.0,1.0,0.0,6.533,9.8,-0.163
17.9,TAKEOFF,87.98,62.19,447.5,29.11,99.7,1.1491,6637.26,80.03,594.74,5.415,68.43,21.448,25.76,1.661,24.6,18.197,6629.94,86.58,604.08,5.218,68.21,21.609,25.794,1.656,24.573,18.299,SENSOR_DRIFT,0.33,1.0,1.0,1.0,1.0,0.0,6.6,9.9,-0.165
18.0,TAKEOFF,88.0,62.2,450.0,29.1,99.691,1.149,6638.01,80.03,595.05,5.415,68.42,21.452,25.76,1.661,24.6,18.2,6628.19,86.59,606.44,5.273,68.52,21.514,25.694,1.65,24.572,18.32,SENSOR_DRIFT,0.333,1.0,1.0,1.0,1.0,0.0,6.667,10.0,-0.167
18.1,TAKEOFF,88.02,62.21,452.5,29.09,99.682,1.1489,6638.76,80.03,595.36,5.416,68.41,21.456,25.76,1.662,24.6,18.203,6642.37,87.03,606.31,5.214,68.43,21.258,25.848,1.692,24.647,18.205,SENSOR_DRIFT,0.337,1.0,1.0,1.0,1.0,0.0,6.733,10.1,-0.168
18.2,TAKEOFF,88.03,62.22,455.0,29.09,99.673,1.1489,6639.5,80.03,595.66,5.416,68.4,21.459,25.761,1.662,24.6,18.205,6644.09,86.84,604.13,5.235,67.75,21.552,25.829,1.602,24.62,18.273,SENSOR_DRIFT,0.34,1.0,1.0,1.0,1.0,0.0,6.8,10.2,-0.17
18.3,TAKEOFF,88.05,62.23,457.5,29.09,99.664,1.1488,6640.25,80.03,595.97,5.416,68.4,21.463,25.761,1.662,24.6,18.207,6636.55,87.53,603.49,5.239,67.64,21.442,25.758,1.661,24.601,18.361,SENSOR_DRIFT,0.343,1.0,1.0,1.0,1.0,0.0,6.867,10.3,-0.172
18.4,TAKEOFF,88.07,62.24,460.0,29.08,99.655,1.1487,6640.99,80.03,596.27,5.417,68.39,21.466,25.761,1.662,24.6,18.21,6645.95,86.46,605.97,5.295,68.28,21.452,25.688,1.694,24.598,18.259,SENSOR_DRIFT,0.347,1.0,1.0,1.0,1.0,0.0,6.933,10.4,-0.173
18.5,TAKEOFF,88.08,62.25,462.5,29.07,99.646,1.1486,6641.74,80.03,596.56,5.417,68.38,21.47,25.762,1.662,24.6,18.212,6643.91,86.6,607.03,5.225,67.75,21.364,25.665,1.751,24.563,18.263,SENSOR_DRIFT,0.35,1.0,1.0,1.0,1.0,0.0,7.0,10.5,-0.175
18.6,TAKEOFF,88.1,62.27,465.0,29.07,99.637,1.1485,6642.48,80.03,596.85,5.418,68.37,21.473,25.762,1.662,24.6,18.215,6641.97,87.78,608.72,5.23,68.09,21.401,25.867,1.668,24.523,18.228,SENSOR_DRIFT,0.353,1.0,1.0,1.0,1.0,0.0,7.067,10.6,-0.177
18.7,TAKEOFF,88.12,62.28,467.5,29.07,99.628,1.1484,6643.23,80.03,597.14,5.418,68.36,21.477,25.762,1.663,24.6,18.218,6638.16,87.04,610.61,5.213,68.27,21.502,25.763,1.679,24.651,18.236,SENSOR_DRIFT,0.357,1.0,1.0,1.0,1.0,0.0,7.133,10.7,-0.178
18.8,TAKEOFF,88.13,62.29,470.0,29.06,99.619,1.1483,6643.97,80.03,597.43,5.419,68.35,21.481,25.763,1.663,24.6,18.22,6644.34,86.47,606.75,5.209,68.59,21.268,25.676,1.623,24.641,18.21,SENSOR_DRIFT,0.36,1.0,1.0,1.0,1.0,0.0,7.2,10.8,-0.18
18.9,TAKEOFF,88.15,62.3,472.5,29.05,99.61,1.1483,6644.71,80.03,597.71,5.419,68.35,21.484,25.763,1.663,24.6,18.223,6649.45,86.09,611.05,5.233,68.49,21.558,25.735,1.632,24.578,18.28,SENSOR_DRIFT,0.363,1.0,1.0,1.0,1.0,0.0,7.267,10.9,-0.182
19.0,TAKEOFF,88.17,62.31,475.0,29.05,99.601,1.1482,6645.45,80.03,597.99,5.42,68.34,21.488,25.763,1.663,24.6,18.225,6650.83,87.7,607.48,5.256,68.71,21.502,25.771,1.731,24.566,18.075,SENSOR_DRIFT,0.367,1.0,1.0,1.0,1.0,0.0,7.333,11.0,-0.183
19.1,TAKEOFF,88.18,62.32,477.5,29.05,99.592,1.1481,6646.19,80.03,598.27,5.42,68.33,21.491,25.764,1.663,24.6,18.227,6645.14,87.85,610.67,5.187,68.42,21.623,25.793,1.686,24.602,18.161,SENSOR_DRIFT,0.37,1.0,1.0,1.0,1.0,0.0,7.4,11.1,-0.185
19.2,TAKEOFF,88.2,62.33,480.0,29.04,99.583,1.148,6646.93,80.03,598.54,5.42,68.32,21.495,25.764,1.663,24.6,18.23,6652.11,85.42,611.51,5.208,68.62,21.548,25.758,1.719,24.578,18.187,SENSOR_DRIFT,0.373,1.0,1.0,1.0,1.0,0.0,7.467,11.2,-0.187
19.3,TAKEOFF,88.22,62.34,482.5,29.04,99.574,1.1479,6647.67,80.03,598.81,5.421,68.31,21.498,25.764,1.663,24.6,18.233,6648.13,88.27,612.16,5.167,68.18,21.391,25.798,1.68,24.617,18.337,SENSOR_DRIFT,0.377,1.0,1.0,1.0,1.0,0.0,7.533,11.3,-0.188
19.4,TAKEOFF,88.23,62.35,485.0,29.03,99.565,1.1478,6648.41,80.03,599.08,5.421,68.31,21.502,25.765,1.664,24.6,18.235,6649.5,87.52,610.96,5.154,67.66,21.423,25.701,1.663,24.469,18.255,SENSOR_DRIFT,0.38,1.0,1.0,1.0,1.0,0.0,7.6,11.4,-0.19
19.5,TAKEOFF,88.25,62.36,487.5,29.02,99.556,1.1478,6649.15,80.03,599.35,5.422,68.3,21.506,25.765,1.664,24.6,18.237,6652.79,87.21,611.06,5.219,68.37,21.478,25.777,1.61,24.589,18.109,SENSOR_DRIFT,0.383,1.0,1.0,1.0,1.0,0.0,7.667,11.5,-0.192
19.6,TAKEOFF,88.27,62.37,490.0,29.02,99.547,1.1477,6649.89,80.03,599.61,5.422,68.29,21.509,25.765,1.664,24.6,18.24,6650.9,87.97,610.42,5.204,68.1,21.519,25.797,1.676,24.594,18.192,SENSOR_DRIFT,0.387,1.0,1.0,1.0,1.0,0.0,7.733,11.6,-0.193
19.7,TAKEOFF,88.28,62.38,492.5,29.02,99.538,1.1476,6650.62,80.03,599.87,5.423,68.28,21.513,25.766,1.664,24.6,18.242,6647.23,87.61,609.2,5.209,68.32,21.561,25.714,1.528,24.658,18.118,SENSOR_DRIFT,0.39,1.0,1.0,1.0,1.0,0.0,7.8,11.7,-0.195
19.8,TAKEOFF,88.3,62.4,495.0,29.01,99.529,1.1475,6651.36,80.03,600.13,5.423,68.27,21.516,25.766,1.664,24.6,18.245,6646.75,87.64,611.91,5.177,68.21,21.586,25.794,1.682,24.595,18.181,SENSOR_DRIFT,0.393,1.0,1.0,1.0,1.0,0.0,7.867,11.8,-0.197
19.9,TAKEOFF,88.32,62.41,497.5,29.0,99.52,1.1474,6652.1,80.03,600.38,5.424,68.27,21.52,25.766,1.664,24.6,18.248,6658.59,87.23,610.11,5.233,68.31,21.67,25.738,1.676,24.62,18.232,SENSOR_DRIFT,0.397,1.0,1.0,1.0,1.0,0.0,7.933,11.9,-0.198
20.0,TAKEOFF,88.33,62.42,500.0,29.0,99.511,1.1473,6652.83,80.03,600.63,5.424,68.26,21.523,25.767,1.665,24.6,18.25,6657.47,87.11,611.47,5.272,68.43,21.43,25.785,1.722,24.641,18.37,SENSOR_DRIFT,0.4,1.0,1.0,1.0,1.0,0.0,8.0,12.0,-0.2
20.1,TAKEOFF,88.35,62.43,502.5,28.99,99.502,1.1472,6653.57,80.03,600.88,5.425,68.25,21.527,25.767,1.665,24.6,18.253,6652.65,86.66,614.59,5.207,68.23,21.466,25.714,1.655,24.663,18.236,SENSOR_DRIFT,0.403,1.0,1.0,1.0,1.0,0.0,8.067,12.1,-0.202
20.2,TAKEOFF,88.37,62.44,505.0,28.99,99.493,1.1472,6654.3,80.03,601.13,5.425,68.24,21.531,25.767,1.665,24.6,18.255,6652.92,88.25,613.97,5.211,68.09,21.696,25.686,1.655,24.572,18.366,SENSOR_DRIFT,0.407,1.0,1.0,1.0,1.0,0.0,8.133,12.2,-0.203
20.3,TAKEOFF,88.38,62.45,507.5,28.98,99.484,1.1471,6655.04,80.03,601.37,5.425,68.23,21.534,25.768,1.665,24.6,18.258,6652.81,87.41,615.52,5.268,68.57,21.51,25.767,1.706,24.565,18.357,SENSOR_DRIFT,0.41,1.0,1.0,1.0,1.0,0.0,8.2,12.3,-0.205
20.4,TAKEOFF,88.4,62.46,510.0,28.98,99.475,1.147,6655.77,80.03,601.61,5.426,68.22,21.538,25.768,1.665,24.6,18.26,6659.11,87.76,614.0,5.181,68.57,21.471,25.768,1.648,24.58,18.309,SENSOR_DRIFT,0.413,1.0,1.0,1.0,1.0,0.0,8.267,12.4,-0.207
20.5,TAKEOFF,88.42,62.47,512.5,28.97,99.466,1.1469,6656.51,80.03,601.85,5.426,68.22,21.541,25.768,1.665,24.6,18.263,6652.05,88.26,613.38,5.224,68.14,21.463,25.696,1.587,24.574,18.352,SENSOR_DRIFT,0.417,1.0,1.0,1.0,1.0,0.0,8.333,12.5,-0.208
20.6,TAKEOFF,88.43,62.48,515.0,28.97,99.457,1.1468,6657.24,80.03,602.09,5.427,68.21,21.545,25.769,1.666,24.6,18.265,6651.72,88.5,613.03,5.226,67.74,21.431,25.785,1.645,24.539,18.225,SENSOR_DRIFT,0.42,1.0,1.0,1.0,1.0,0.0,8.4,12.6,-0.21
20.7,TAKEOFF,88.45,62.49,517.5,28.96,99.448,1.1467,6657.98,80.03,602.32,5.427,68.2,21.548,25.769,1.666,24.6,18.268,6657.5,89.51,615.15,5.214,67.53,21.513,25.774,1.731,24.623,18.231,SENSOR_DRIFT,0.423,1.0,1.0,1.0,1.0,0.0,8.467,12.7,-0.212
20.8,TAKEOFF,88.47,62.5,520.0,28.96,99.439,1.1467,6658.71,80.03,602.56,5.428,68.19,21.552,25.769,1.666,24.6,18.27,6656.64,88.86,615.93,5.275,68.5,21.676,25.81,1.804,24.641,18.261,SENSOR_DRIFT,0.427,1.0,1.0,1.0,1.0,0.0,8.533,12.8,-0.213
20.9,TAKEOFF,88.48,62.51,522.5,28.95,99.43,1.1466,6659.44,80.03,602.78,5.428,68.18,21.556,25.77,1.666,24.6,18.273,6651.33,88.75,616.66,5.223,68.57,21.562,25.847,1.625,24.584,18.309,SENSOR_DRIFT,0.43,1.0,1.0,1.0,1.0,0.0,8.6,12.9,-0.215
21.0,TAKEOFF,88.5,62.52,525.0,28.95,99.421,1.1465,6660.18,80.03,603.01,5.429,68.18,21.559,25.77,1.666,24.6,18.275,6659.6,88.89,617.13,5.259,67.96,21.43,25.701,1.762,24.462,18.272,SENSOR_DRIFT,0.433,1.0,1.0,1.0,1.0,0.0,8.667,13.0,-0.217
21.1,TAKEOFF,88.52,62.54,527.5,28.95,99.412,1.1464,6660.91,80.03,603.24,5.429,68.17,21.563,25.77,1.666,24.6,18.277,6666.32,88.76,615.95,5.178,68.12,21.579,25.731,1.686,24.622,18.114,SENSOR_DRIFT,0.437,1.0,1.0,1.0,1.0,0.0,8.733,13.1,-0.218
21.2,TAKEOFF,88.53,62.55,530.0,28.94,99.403,1.1463,6661.64,80.03,603.46,5.429,68.16,21.566,25.771,1.667,24.6,18.28,6668.28,88.6,616.5,5.234,68.09,21.675,25.8,1.639,24.747,18.228,SENSOR_DRIFT,0.44,1.0,1.0,1.0,1.0,0.0,8.8,13.2,-0.22
21.3,TAKEOFF,88.55,62.56,532.5,28.93,99.394,1.1462,6662.38,80.03,603.68,5.43,68.15,21.57,25.771,1.667,24.6,18.282,6658.38,89.07,618.24,5.208,68.11,21.717,25.713,1.604,24.658,18.093,SENSOR_DRIFT,0.443,1.0,1.0,1.0,1.0,0.0,8.867,13.3,-0.222
21.4,TAKEOFF,88.57,62.57,535.0,28.93,99.385,1.1461,6663.11,80.03,603.89,5.43,68.14,21.573,25.771,1.667,24.6,18.285,6661.32,88.22,616.36,5.187,67.93,21.488,25.684,1.672,24.563,18.184,SENSOR_DRIFT,0.447,1.0,1.0,1.0,1.0,0.0,8.933,13.4,-0.223
21.5,TAKEOFF,88.58,62.58,537.5,28.92,99.376,1.1461,6663.84,80.03,604.11,5.431,68.14,21.577,25.772,1.667,24.6,18.288,6666.31,88.3,617.74,5.204,68.22,21.666,25.758,1.614,24.575,18.324,SENSOR_DRIFT,0.45,1.0,1.0,1.0,1.0,0.0,9.0,13.5,-0.225
21.6,TAKEOFF,88.6,62.59,540.0,28.92,99.367,1.146,6664.57,80.03,604.32,5.431,68.13,21.581,25.772,1.667,24.6,18.29,6665.69,88.02,617.46,5.204,68.6,21.864,25.784,1.863,24.642,18.223,SENSOR_DRIFT,0.453,1.0,1.0,1.0,1.0,0.0,9.067,13.6,-0.227
21.7,TAKEOFF,88.62,62.6,542.5,28.91,99.358,1.1459,6665.31,80.03,604.53,5.432,68.12,21.584,25.772,1.667,24.6,18.293,6662.8,88.94,621.53,5.192,68.7,21.756,25.814,1.694,24.644,18.163,SENSOR_DRIFT,0.457,1.0,1.0,1.0,1.0,0.0,9.133,13.7,-0.228
21.8,TAKEOFF,88.63,62.61,545.0,28.91,99.349,1.1458,6666.04,80.03,604.74,5.432,68.11,21.588,25.773,1.667,24.6,18.295,6667.36,89.98,618.06,5.243,67.4,21.441,25.798,1.647,24.52,18.213,SENSOR_DRIFT,0.46,1.0,1.0,1.0,1.0,0.0,9.2,13.8,-0.23
21.9,TAKEOFF,88.65,62.62,547.5,28.9,99.34,1.1457,6666.77,80.03,604.95,5.433,68.1,21.591,25.773,1.668,24.6,18.297,6663.58,88.55,620.48,5.184,68.14,21.622,25.711,1.644,24.482,18.266,SENSOR_DRIFT,0.463,1.0,1.0,1.0,1.0,0.0,9.267,13.9,-0.232
22.0,TAKEOFF,88.67,62.63,550.0,28.9,99.331,1.1456,6667.5,80.03,605.15,5.433,68.1,21.595,25.773,1.668,24.6,18.3,6670.0,89.79,619.03,5.224,67.83,21.657,25.773,1.731,24.474,18.451,SENSOR_DRIFT,0.467,1.0,1.0,1.0,1.0,0.0,9.333,14.0,-0.233
22.1,TAKEOFF,88.68,62.64,552.5,28.89,99.322,1.1456,6668.23,80.03,605.36,5.433,68.09,21.598,25.774,1.668,24.6,18.303,6671.45,88.93,619.76,5.14,68.27,21.738,25.699,1.73,24.54,18.513,SENSOR_DRIFT,0.47,1.0,1.0,1.0,1.0,0.0,9.4,14.1,-0.235
22.2,TAKEOFF,88.7,62.66,555.0,28.89,99.313,1.1455,6668.96,80.03,605.56,5.434,68.08,21.602,25.774,1.668,24.6,18.305,6667.87,88.81,619.35,5.216,68.26,21.565,25.726,1.704,24.553,18.434,SENSOR_DRIFT,0.473,1.0,1.0,1.0,1.0,0.0,9.467,14.2,-0.237
22.3,TAKEOFF,88.72,62.67,557.5,28.88,99.304,1.1454,6669.69,80.03,605.76,5.434,68.07,21.606,25.774,1.668,24.6,18.307,6676.26,89.73,621.83,5.167,68.2,21.669,25.773,1.597,24.615,18.296,SENSOR_DRIFT,0.477,1.0,1.0,1.0,1.0,0.0,9.533,14.3,-0.238
22.4,TAKEOFF,88.73,62.68,560.0,28.88,99.295,1.1453,6670.42,80.03,605.95,5.435,68.06,21.609,25.775,1.668,24.6,18.31,6666.59,90.55,621.15,5.151,68.39,21.607,25.76,1.676,24.563,18.285,SENSOR_DRIFT,0.48,1.0,1.0,1.0,1.0,0.0,9.6,14.4,-0.24
22.5,TAKEOFF,88.75,62.69,562.5,28.87,99.286,1.1452,6671.15,80.03,606.15,5.435,68.06,21.613,25.775,1.669,24.6,18.313,6671.77,89.22,618.2,5.152,68.17,21.527,25.79,1.607,24.585,18.484,SENSOR_DRIFT,0.483,1.0,1.0,1.0,1.0,0.0,9.667,14.5,-0.242
22.6,TAKEOFF,88.77,62.7,565.0,28.87,99.277,1.1451,6671.89,80.03,606.34,5.436,68.05,21.616,25.775,1.669,24.6,18.315,6675.93,89.1,622.68,5.166,67.91,21.698,25.753,1.628,24.601,18.351,SENSOR_DRIFT,0.487,1.0,1.0,1.0,1.0,0.0,9.733,14.6,-0.243
22.7,TAKEOFF,88.78,62.71,567.5,28.86,99.268,1.145,6672.62,80.03,606.53,5.436,68.04,21.62,25.776,1.669,24.6,18.318,6669.26,89.84,620.51,5.19,68.17,21.426,25.748,1.674,24.693,18.316,SENSOR_DRIFT,0.49,1.0,1.0,1.0,1.0,0.0,9.8,14.7,-0.245
22.8,TAKEOFF,88.8,62.72,570.0,28.86,99.259,1.145,6673.35,80.03,606.72,5.437,68.03,21.623,25.776,1.669,24.6,18.32,6657.04,89.02,624.33,5.175,67.53,21.672,25.726,1.629,24.565,18.588,SENSOR_DRIFT,0.493,1.0,1.0,1.0,1.0,0.0,9.867,14.8,-0.247
22.9,TAKEOFF,88.82,62.73,572.5,28.85,99.25,1.1449,6674.08,80.03,606.91,5.437,68.02,21.627,25.776,1.669,24.6,18.323,6680.54,89.99,620.47,5.173,68.07,21.622,25.724,1.63,24.554,18.203,SENSOR_DRIFT,0.497,1.0,1.0,1.0,1.0,0.0,9.933,14.9,-0.248
23.0,TAKEOFF,88.83,62.74,575.0,28.85,99.241,1.1448,6674.81,80.03,607.09,5.437,68.02,21.631,25.777,1.669,24.6,18.325,6668.84,90.95,621.73,5.187,67.68,21.616,25.775,1.587,24.616,18.352,SENSOR_DRIFT,0.5,1.0,1.0,1.0,1.0,0.0,10.0,15.0,-0.25
23.1,TAKEOFF,88.85,62.75,577.5,28.84,99.232,1.1447,6675.54,80.03,607.28,5.438,68.01,21.634,25.777,1.67,24.6,18.328,6674.3,89.32,622.81,5.197,67.82,21.582,25.803,1.629,24.495,18.274,SENSOR_DRIFT,0.503,1.0,1.0,1.0,1.0,0.0,10.067,15.1,-0.252
23.2,TAKEOFF,88.87,62.76,580.0,28.84,99.223,1.1446,6676.27,80.02,607.46,5.438,68.0,21.638,25.777,1.67,24.6,18.33,6675.19,89.66,621.13,5.136,67.81,21.62,25.798,1.609,24.579,18.236,SENSOR_DRIFT,0.507,1.0,1.0,1.0,1.0,0.0,10.133,15.2,-0.253
23.3,TAKEOFF,88.88,62.77,582.5,28.83,99.214,1.1445,6677.0,80.02,607.64,5.439,67.99,21.641,25.778,1.67,24.6,18.332,6673.45,91.06,623.26,5.231,67.76,21.732,25.725,1.707,24.647,18.352,SENSOR_DRIFT,0.51,1.0,1.0,1.0,1.0,0.0,10.2,15.3,-0.255
23.4,TAKEOFF,88.9,62.79,585.0,28.83,99.205,1.1445,6677.73,80.02,607.82,5.439,67.98,21.645,25.778,1.67,24.6,18.335,6675.88,90.18,621.64,5.213,68.23,21.672,25.859,1.725,24.632,18.282,SENSOR_DRIFT,0.513,1.0,1.0,1.0,1.0,0.0,10.267,15.4,-0.257
23.5,TAKEOFF,88.92,62.8,587.5,28.82,99.196,1.1444,6678.46,80.02,607.99,5.44,67.98,21.648,25.778,1.67,24.6,18.337,6675.63,89.92,623.11,5.226,68.48,21.682,25.86,1.645,24.591,18.48,SENSOR_DRIFT,0.517,1.0,1.0,1.0,1.0,0.0,10.333,15.5,-0.258
23.6,TAKEOFF,88.93,62.81,590.0,28.82,99.188,1.1443,6679.19,80.02,608.17,5.44,67.97,21.652,25.779,1.67,24.6,18.34,6678.33,90.41,623.42,5.138,67.8,21.549,25.787,1.71,24.622,18.387,SENSOR_DRIFT,0.52,1.0,1.0,1.0,1.0,0.0,10.4,15.6,-0.26
23.7,TAKEOFF,88.95,62.82,592.5,28.81,99.179,1.1442,6679.92,80.02,608.34,5.44,67.96,21.656,25.779,1.671,24.6,18.343,6680.25,90.25,626.55,5.193,68.32,21.627,25.792,1.62,24.72,18.243,SENSOR_DRIFT,0.523,1.0,1.0,1.0,1.0,0.0,10.467,15.7,-0.262
23.8,TAKEOFF,88.97,62.83,595.0,28.81,99.17,1.1441,6680.65,80.02,608.51,5.441,67.95,21.659,25.779,1.671,24.6,18.345,6687.25,90.64,621.53,5.187,68.22,21.763,25.732,1.695,24.622,18.232,SENSOR_DRIFT,0.527,1.0,1.0,1.0,1.0,0.0,10.533,15.8,-0.263
23.9,TAKEOFF,88.98,62.84,597.5,28.8,99.161,1.144,6681.38,80.02,608.68,5.441,67.95,21.663,25.78,1.671,24.6,18.348,6678.74,90.08,625.59,5.163,68.16,21.731,25.815,1.606,24.634,18.334,SENSOR_DRIFT,0.53,1.0,1.0,1.0,1.0,0.0,10.6,15.9,-0.265
24.0,TAKEOFF,89.0,62.85,600.0,28.8,99.152,1.144,6682.11,80.02,608.85,5.442,67.94,21.666,25.78,1.671,24.6,18.35,6682.94,91.57,623.28,5.161,68.01,21.758,25.847,1.724,24.682,18.424,SENSOR_DRIFT,0.533,1.0,1.0,1.0,1.0,0.0,10.667,16.0,-0.267
24.1,TAKEOFF,89.02,62.86,602.5,28.79,99.143,1.1439,6682.83,80.02,609.02,5.442,67.93,21.67,25.78,1.671,24.6,18.352,6684.42,90.85,625.8,5.201,67.68,21.677,25.774,1.698,24.593,18.386,SENSOR_DRIFT,0.537,1.0,1.0,1.0,1.0,0.0,10.733,16.1,-0.268
24.2,TAKEOFF,89.03,62.87,605.0,28.79,99.134,1.1438,6683.56,80.02,609.18,5.443,67.92,21.673,25.781,1.671,24.6,18.355,6695.35,90.69,624.74,5.214,67.39,21.637,25.828,1.648,24.592,18.189,SENSOR_DRIFT,0.54,1.0,1.0,1.0,1.0,0.0,10.8,16.2,-0.27
24.3,TAKEOFF,89.05,62.88,607.5,28.78,99.125,1.1437,6684.29,80.02,609.34,5.443,67.91,21.677,25.781,1.671,24.6,18.358,6673.12,91.69,627.53,5.14,67.63,21.568,25.739,1.659,24.535,18.244,SENSOR_DRIFT,0.543,1.0,1.0,1.0,1.0,0.0,10.867,16.3,-0.272
24.4,TAKEOFF,89.07,62.89,610.0,28.78,99.116,1.1436,6685.02,80.02,609.51,5.444,67.91,21.681,25.781,1.672,24.6,18.36,6682.53,91.33,626.86,5.142,67.74,21.521,25.781,1.718,24.582,18.406,SENSOR_DRIFT,0.547,1.0,1.0,1.0,1.0,0.0,10.933,16.4,-0.273
24.5,TAKEOFF,89.08,62.9,612.5,28.77,99.107,1.1435,6685.75,80.02,609.67,5.444,67.9,21.684,25.782,1.672,24.6,18.363,6694.1,91.08,627.36,5.189,68.12,21.638,25.782,1.578,24.638,18.34,SENSOR_DRIFT,0.55,1.0,1.0,1.0,1.0,0.0,11.0,16.5,-0.275
24.6,TAKEOFF,89.1,62.92,615.0,28.77,99.098,1.1434,6686.48,80.02,609.83,5.444,67.89,21.688,25.782,1.672,24.6,18.365,6683.4,91.08,628.18,5.155,68.22,21.569,25.802,1.59,24.681,18.357,SENSOR_DRIFT,0.553,1.0,1.0,1.0,1.0,0.0,11.067,16.6,-0.277
24.7,TAKEOFF,89.12,62.93,617.5,28.76,99.089,1.1434,6687.21,80.02,609.98,5.445,67.88,21.691,25.782,1.672,24.6,18.367,6688.94,91.05,626.17,5.144,67.65,21.568,25.768,1.657,24.461,18.368,SENSOR_DRIFT,0.557,1.0,1.0,1.0,1.0,0.0,11.133,16.7,-0.278
24.8,TAKEOFF,89.13,62.94,620.0,28.76,99.08,1.1433,6687.94,80.02,610.14,5.445,67.87,21.695,25.783,1.672,24.6,18.37,6686.54,91.89,628.5,5.178,68.02,21.785,25.768,1.759,24.632,18.209,SENSOR_DRIFT,0.56,1.0,1.0,1.0,1.0,0.0,11.2,16.8,-0.28
24.9,TAKEOFF,89.15,62.95,622.5,28.75,99.071,1.1432,6688.67,80.02,610.29,5.446,67.87,21.698,25.783,1.672,24.6,18.373,6689.94,92.13,627.67,5.145,68.32,21.727,25.799,1.716,24.563,18.353,SENSOR_DRIFT,0.563,1.0,1.0,1.0,1.0,0.0,11.267,16.9,-0.282
25.0,TAKEOFF,89.17,62.96,625.0,28.75,99.062,1.1431,6689.4,80.02,610.45,5.446,67.86,21.702,25.783,1.673,24.6,18.375,6685.82,91.58,628.02,5.171,68.35,21.612,25.803,1.729,24.612,18.376,SENSOR_DRIFT,0.567,1.0,1.0,1.0,1.0,0.0,11.333,17.0,-0.283
25.1,TAKEOFF,89.18,62.97,627.5,28.74,99.053,1.143,6690.13,80.02,610.6,5.447,67.85,21.706,25.784,1.673,24.6,18.378,6686.74,91.05,626.88,5.148,67.79,21.707,25.735,1.741,24.572,18.389,SENSOR_DRIFT,0.57,1.0,1.0,1.0,1.0,0.0,11.4,17.1,-0.285
25.2,TAKEOFF,89.2,62.98,630.0,28.74,99.044,1.1429,6690.86,80.02,610.75,5.447,67.84,21.709,25.784,1.673,24.6,18.38,6700.1,92.36,629.12,5.156,67.89,21.798,25.925,1.646,24.612,18.409,SENSOR_DRIFT,0.573,1.0,1.0,1.0,1.0,0.0,11.467,17.2,-0.287
25.3,TAKEOFF,89.22,62.99,632.5,28.73,99.035,1.1429,6691.58,80.02,610.9,5.448,67.84,21.713,25.784,1.673,24.6,18.383,6688.44,91.48,631.01,5.177,67.81,21.746,25.684,1.641,24.514,18.278,SENSOR_DRIFT,0.577,1.0,1.0,1.0,1.0,0.0,11.533,17.3,-0.288
25.4,TAKEOFF,89.23,63.0,635.0,28.73,99.026,1.1428,6692.31,80.02,611.04,5.448,67.83,21.716,25.785,1.673,24.6,18.385,6694.61,92.29,628.93,5.184,67.83,21.684,25.842,1.683,24.708,18.54,SENSOR_DRIFT,0.58,1.0,1.0,1.0,1.0,0.0,11.6,17.4,-0.29
25.5,TAKEOFF,89.25,63.01,637.5,28.72,99.017,1.1427,6693.04,80.02,611.19,5.448,67.82,21.72,25.785,1.673,24.6,18.388,6696.82,91.96,627.17,5.184,67.97,21.848,25.812,1.681,24.714,18.399,SENSOR_DRIFT,0.583,1.0,1.0,1.0,1.0,0.0,11.667,17.5,-0.292
25.6,TAKEOFF,89.27,63.02,640.0,28.72,99.008,1.1426,6693.77,80.02,611.34,5.449,67.81,21.723,25.785,1.674,24.6,18.39,6697.06,91.02,626.88,5.173,68.03,21.738,25.777,1.703,24.601,18.389,SENSOR_DRIFT,0.587,1.0,1.0,1.0,1.0,0.0,11.733,17.6,-0.293
25.7,TAKEOFF,89.28,63.03,642.5,28.71,99.0,1.1425,6694.5,80.02,611.48,5.449,67.8,21.727,25.786,1.674,24.6,18.393,6696.26,91.33,627.39,5.135,67.67,21.88,25.803,1.72,24.586,18.259,SENSOR_DRIFT,0.59,1.0,1.0,1.0,1.0,0.0,11.8,17.7,-0.295
25.8,TAKEOFF,89.3,63.05,645.0,28.71,98.991,1.1424,6695.23,80.02,611.62,5.45,67.8,21.731,25.786,1.674,24.6,18.395,6700.87,91.5,630.71,5.132,67.95,21.625,25.878,1.699,24.486,18.47,SENSOR_DRIFT,0.593,1.0,1.0,1.0,1.0,0.0,11.867,17.8,-0.297
25.9,TAKEOFF,89.32,63.06,647.5,28.7,98.982,1.1423,6695.96,80.02,611.76,5.45,67.79,21.734,25.786,1.674,24.6,18.398,6699.56,91.94,629.06,5.126,67.78,21.706,25.776,1.624,24.56,18.318,SENSOR_DRIFT,0.597,1.0,1.0,1.0,1.0,0.0,11.933,17.9,-0.298
26.0,TAKEOFF,89.33,63.07,650.0,28.7,98.973,1.1423,6696.69,80.02,611.9,5.451,67.78,21.738,25.787,1.674,24.6,18.4,6694.54,91.18,633.51,5.149,68.01,21.695,25.731,1.646,24.555,18.258,SENSOR_DRIFT,0.6,1.0,1.0,1.0,1.0,0.0,12.0,18.0,-0.3
26.1,TAKEOFF,89.35,63.08,652.5,28.69,98.964,1.1422,6697.41,80.02,612.04,5.451,67.77,21.741,25.787,1.674,24.6,18.403,6704.23,92.69,627.58,5.187,67.65,22.004,25.768,1.618,24.527,18.338,SENSOR_DRIFT,0.603,1.0,1.0,1.0,1.0,0.0,12.067,18.1,-0.302
26.2,TAKEOFF,89.37,63.09,655.0,28.69,98.955,1.1421,6698.14,80.02,612.18,5.452,67.76,21.745,25.787,1.675,24.6,18.405,6696.92,92.35,631.35,5.134,67.5,21.816,25.747,1.642,24.564,18.62,SENSOR_DRIFT,0.607,1.0,1.0,1.0,1.0,0.0,12.133,18.2,-0.303
26.3,TAKEOFF,89.38,63.1,657.5,28.68,98.946,1.142,6698.87,80.02,612.31,5.452,67.76,21.748,25.788,1.675,24.6,18.408,6698.12,92.57,632.68,5.145,67.58,21.661,25.814,1.596,24.635,18.398,SENSOR_DRIFT,0.61,1.0,1.0,1.0,1.0,0.0,12.2,18.3,-0.305
26.4,TAKEOFF,89.4,63.11,660.0,28.68,98.937,1.1419,6699.6,80.02,612.45,5.452,67.75,21.752,25.788,1.675,24.6,18.41,6698.14,92.11,632.69,5.09,67.6,21.812,25.838,1.745,24.592,18.426,SENSOR_DRIFT,0.613,1.0,1.0,1.0,1.0,0.0,12.267,18.4,-0.307
26.5,TAKEOFF,89.42,63.12,662.5,28.67,98.928,1.1418,6700.33,80.02,612.58,5.453,67.74,21.756,25.788,1.675,24.6,18.413,6689.23,92.17,633.87,5.12,68.1,21.827,25.847,1.639,24.616,18.326,SENSOR_DRIFT,0.617,1.0,1.0,1.0,1.0,0.0,12.333,18.5,-0.308
26.6,TAKEOFF,89.43,63.13,665.0,28.67,98.919,1.1418,6701.06,80.02,612.72,5.453,67.73,21.759,25.789,1.675,24.6,18.415,6701.55,93.36,630.01,5.121,67.86,21.945,25.781,1.583,24.595,18.193,SENSOR_DRIFT,0.62,1.0,1.0,1.0,1.0,0.0,12.4,18.6,-0.31
26.7,TAKEOFF,89.45,63.14,667.5,28.66,98.91,1.1417,6701.79,80.02,612.85,5.454,67.73,21.763,25.789,1.675,24.6,18.418,6694.2,91.93,632.61,5.105,67.82,21.647,25.852,1.672,24.597,18.513,SENSOR_DRIFT,0.623,1.0,1.0,1.0,1.0,0.0,12.467,18.7,-0.312
26.8,TAKEOFF,89.47,63.15,670.0,28.66,98.901,1.1416,6702.51,80.02,612.98,5.454,67.72,21.766,25.789,1.675,24.6,18.42,6696.4,91.84,636.2,5.146,67.51,21.81,25.757,1.625,24.632,18.423,SENSOR_DRIFT,0.627,1.0,1.0,1.0,1.0,0.0,12.533,18.8,-0.313
26.9,TAKEOFF,89.48,63.16,672.5,28.65,98.892,1.1415,6703.24,80.02,613.11,5.455,67.71,21.77,25.79,1.676,24.6,18.423,6703.07,92.08,634.42,5.182,67.46,21.717,25.77,1.697,24.624,18.243,SENSOR_DRIFT,0.63,1.0,1.0,1.0,1.0,0.0,12.6,18.9,-0.315
27.0,TAKEOFF,89.5,63.18,675.0,28.65,98.883,1.1414,6703.97,80.02,613.23,5.455,67.7,21.773,25.79,1.676,24.6,18.425,6709.32,92.09,635.45,5.171,68.03,21.876,25.75,1.653,24.567,18.407,SENSOR_DRIFT,0.633,1.0,1.0,1.0,1.0,0.0,12.667,19.0,-0.317
27.1,TAKEOFF,89.52,63.19,677.5,28.64,98.874,1.1413,6704.7,80.02,613.36,5.455,67.69,21.777,25.79,1.676,24.6,18.428,6707.18,92.77,633.57,5.161,67.59,21.845,25.848,1.641,24.542,18.482,SENSOR_DRIFT,0.637,1.0,1.0,1.0,1.0,0.0,12.733,19.1,-0.318
27.2,TAKEOFF,89.53,63.2,680.0,28.64,98.865,1.1413,6705.43,80.02,613.49,5.456,67.69,21.781,25.791,1.676,24.6,18.43,6709.1,92.74,633.09,5.152,67.85,21.824,25.885,1.684,24.648,18.587,SENSOR_DRIFT,0.64,1.0,1.0,1.0,1.0,0.0,12.8,19.2,-0.32
27.3,TAKEOFF,89.55,63.21,682.5,28.63,98.857,1.1412,6706.16,80.02,613.61,5.456,67.68,21.784,25.791,1.676,24.6,18.433,6711.98,91.67,634.11,5.074,67.45,21.938,25.865,1.68,24.667,18.442,SENSOR_DRIFT,0.643,1.0,1.0,1.0,1.0,0.0,12.867,19.3,-0.322
27.4,TAKEOFF,89.57,63.22,685.0,28.63,98.848,1.1411,6706.88,80.02,613.74,5.457,67.67,21.788,25.791,1.676,24.6,18.435,6709.04,92.33,632.9,5.156,67.97,21.725,25.906,1.689,24.615,18.307,SENSOR_DRIFT,0.647,1.0,1.0,1.0,1.0,0.0,12.933,19.4,-0.323
27.5,TAKEOFF,89.58,63.23,687.5,28.62,98.839,1.141,6707.61,80.02,613.86,5.457,67.66,21.791,25.792,1.677,24.6,18.438,6703.66,93.55,634.09,5.172,67.56,21.823,25.816,1.722,24.653,18.167,SENSOR_DRIFT,0.65,1.0,1.0,1.0,1.0,0.0,13.0,19.5,-0.325
27.6,TAKEOFF,89.6,63.24,690.0,28.62,98.83,1.1409,6708.34,80.02,613.98,5.458,67.66,21.795,25.792,1.677,24.6,18.44,6704.13,93.19,632.17,5.164,67.71,21.849,25.843,1.702,24.553,18.446,SENSOR_DRIFT,0.653,1.0,1.0,1.0,1.0,0.0,13.067,19.6,-0.327
27.7,TAKEOFF,89.62,63.25,692.5,28.61,98.821,1.1408,6709.07,80.02,614.1,5.458,67.65,21.798,25.792,1.677,24.6,18.443,6713.75,93.51,631.73,5.137,67.74,21.81,25.829,1.619,24.578,18.32,SENSOR_DRIFT,0.657,1.0,1.0,1.0,1.0,0.0,13.133,19.7,-0.328
27.8,TAKEOFF,89.63,63.26,695.0,28.61,98.812,1.1407,6709.8,80.02,614.22,5.459,67.64,21.802,25.793,1.677,24.6,18.445,6715.17,93.02,635.82,5.184,67.83,21.855,25.834,1.63,24.615,18.363,SENSOR_DRIFT,0.66,1.0,1.0,1.0,1.0,0.0,13.2,19.8,-0.33
27.9,TAKEOFF,89.65,63.27,697.5,28.6,98.803,1.1407,6710.52,80.02,614.34,5.459,67.63,21.806,25.793,1.677,24.6,18.448,6709.88,94.2,635.48,5.146,67.93,21.862,25.77,1.636,24.622,18.533,SENSOR_DRIFT,0.663,1.0,1.0,1.0,1.0,0.0,13.267,19.9,-0.332
28.0,TAKEOFF,89.67,63.28,700.0,28.6,98.794,1.1406,6711.25,80.02,614.46,5.459,67.63,21.809,25.793,1.677,24.6,18.45,6711.43,93.83,633.25,5.129,67.68,21.901,25.786,1.622,24.564,18.494,SENSOR_DRIFT,0.667,1.0,1.0,1.0,1.0,0.0,13.333,20.0,-0.333
28.1,TAKEOFF,89.68,63.29,702.5,28.59,98.785,1.1405,6711.98,80.02,614.57,5.46,67.62,21.813,25.794,1.678,24.6,18.453,6708.17,93.82,633.73,5.14,67.01,21.75,25.76,1.733,24.593,18.652,SENSOR_DRIFT,0.67,1.0,1.0,1.0,1.0,0.0,13.4,20.1,-0.335
28.2,TAKEOFF,89.7,63.31,705.0,28.59,98.776,1.1404,6712.71,80.02,614.69,5.46,67.61,21.816,25.794,1.678,24.6,18.455,6710.08,92.87,632.84,5.126,67.4,21.767,25.766,1.73,24.637,18.519,SENSOR_DRIFT,0.673,1.0,1.0,1.0,1.0,0.0,13.467,20.2,-0.337
28.3,TAKEOFF,89.72,63.32,707.5,28.58,98.767,1.1403,6713.44,80.02,614.8,5.461,67.6,21.82,25.794,1.678,24.6,18.458,6720.39,94.07,634.84,5.131,66.99,21.857,25.791,1.749,24.592,18.205,SENSOR_DRIFT,0.677,1.0,1.0,1.0,1.0,0.0,13.533,20.3,-0.338
28.4,TAKEOFF,89.73,63.33,710.0,28.58,98.758,1.1402,6714.16,80.02,614.92,5.461,67.59,21.823,25.795,1.678,24.6,18.46,6707.98,93.53,634.24,5.141,67.59,21.815,25.733,1.677,24.603,18.405,SENSOR_DRIFT,0.68,1.0,1.0,1.0,1.0,0.0,13.6,20.4,-0.34
28.5,TAKEOFF,89.75,63.34,712.5,28.57,98.749,1.1402,6714.89,80.02,615.03,5.462,67.59,21.827,25.795,1.678,24.6,18.463,6709.47,94.52,632.4,5.084,67.34,21.703,25.869,1.661,24.66,18.499,SENSOR_DRIFT,0.683,1.0,1.0,1.0,1.0,0.0,13.667,20.5,-0.342
28.6,TAKEOFF,89.77,63.35,715.0,28.57,98.74,1.1401,6715.62,80.02,615.14,5.462,67.58,21.831,25.795,1.678,24.6,18.465,6712.48,94.09,634.86,5.065,67.18,21.682,25.77,1.669,24.678,18.566,SENSOR_DRIFT,0.687,1.0,1.0,1.0,1.0,0.0,13.733,20.6,-0.343
28.7,TAKEOFF,89.78,63.36,717.5,28.56,98.732,1.14,6716.35,80.02,615.25,5.463,67.57,21.834,25.796,1.679,24.6,18.468,6713.25,93.28,633.75,5.114,66.88,21.961,25.774,1.676,24.564,18.381,SENSOR_DRIFT,0.69,1.0,1.0,1.0,1.0,0.0,13.8,20.7,-0.345
28.8,TAKEOFF,89.8,63.37,720.0,28.56,98.723,1.1399,6717.08,80.02,615.36,5.463,67.56,21.838,25.796,1.679,24.6,18.47,6720.54,94.15,634.93,5.144,67.75,21.665,25.752,1.583,24.646,18.57,SENSOR_DRIFT,0.693,1.0,1.0,1.0,1.0,0.0,13.867,20.8,-0.347
28.9,TAKEOFF,89.82,63.38,722.5,28.55,98.714,1.1398,6717.8,80.02,615.47,5.463,67.56,21.841,25.796,1.679,24.6,18.473,6715.39,93.39,638.63,5.138,67.35,21.787,25.827,1.573,24.507,18.466,SENSOR_DRIFT,0.697,1.0,1.0,1.0,1.0,0.0,13.933,20.9,-0.348
29.0,TAKEOFF,89.83,63.39,725.0,28.55,98.705,1.1397,6718.53,80.02,615.58,5.464,67.55,21.845,25.797,1.679,24.6,18.475,6719.12,93.85,637.34,5.089,67.87,21.795,25.829,1.661,24.546,18.287,SENSOR_DRIFT,0.7,1.0,1.0,1.0,1.0,0.0,14.0,21.0,-0.35
29.1,TAKEOFF,89.85,63.4,727.5,28.54,98.696,1.1397,6719.26,80.02,615.69,5.464,67.54,21.848,25.797,1.679,24.6,18.478,6714.74,94.28,638.65,5.096,67.13,21.791,25.838,1.625,24.605,18.381,SENSOR_DRIFT,0.703,1.0,1.0,1.0,1.0,0.0,14.067,21.1,-0.352
29.2,TAKEOFF,89.87,63.41,730.0,28.54,98.687,1.1396,6719.99,80.02,615.8,5.465,67.53,21.852,25.797,1.679,24.6,18.48,6721.32,94.14,637.81,5.132,67.33,21.69,25.782,1.707,24.6,18.495,SENSOR_DRIFT,0.707,1.0,1.0,1.0,1.0,0.0,14.133,21.2,-0.353
29.3,TAKEOFF,89.88,63.42,732.5,28.53,98.678,1.1395,6720.72,80.02,615.9,5.465,67.53,21.856,25.798,1.679,24.6,18.483,6719.14,94.14,636.08,5.058,67.27,21.652,25.843,1.749,24.631,18.506,SENSOR_DRIFT,0.71,1.0,1.0,1.0,1.0,0.0,14.2,21.3,-0.355
29.4,TAKEOFF,89.9,63.44,735.0,28.53,98.669,1.1394,6721.44,80.02,616.01,5.466,67.52,21.859,25.798,1.68,24.6,18.485,6725.03,94.04,639.75,5.137,67.73,21.856,25.776,1.624,24.604,18.592,SENSOR_DRIFT,0.713,1.0,1.0,1.0,1.0,0.0,14.267,21.4,-0.357
29.5,TAKEOFF,89.92,63.45,737.5,28.52,98.66,1.1393,6722.17,80.02,616.11,5.466,67.51,21.863,25.798,1.68,24.6,18.488,6724.06,94.46,635.16,5.127,67.71,21.847,25.849,1.69,24.552,18.48,SENSOR_DRIFT,0.717,1.0,1.0,1.0,1.0,0.0,14.333,21.5,-0.358
29.6,TAKEOFF,89.93,63.46,740.0,28.52,98.651,1.1392,6722.9,80.02,616.21,5.466,67.5,21.866,25.799,1.68,24.6,18.49,6726.23,94.79,637.25,5.119,67.49,21.724,25.782,1.574,24.575,18.416,SENSOR_DRIFT,0.72,1.0,1.0,1.0,1.0,0.0,14.4,21.6,-0.36
29.7,TAKEOFF,89.95,63.47,742.5,28.51,98.642,1.1392,6723.63,80.02,616.32,5.467,67.49,21.87,25.799,1.68,24.6,18.493,6728.75,94.44,638.07,5.141,67.61,21.893,25.836,1.626,24.69,18.448,SENSOR_DRIFT,0.723,1.0,1.0,1.0,1.0,0.0,14.467,21.7,-0.362
29.8,TAKEOFF,89.97,63.48,745.0,28.51,98.633,1.1391,6724.36,80.02,616.42,5.467,67.49,21.873,25.799,1.68,24.6,18.495,6726.43,94.54,639.48,5.121,67.58,21.993,25.812,1.618,24.619,18.661,SENSOR_DRIFT,0.727,1.0,1.0,1.0,1.0,0.0,14.533,21.8,-0.363
29.9,TAKEOFF,89.98,63.49,747.5,28.5,98.625,1.139,6725.08,80.02,616.52,5.468,67.48,21.877,25.8,1.68,24.6,18.498,6722.23,94.98,641.15,5.081,67.34,21.868,25.857,1.692,24.6,18.619,SENSOR_DRIFT,0.73,1.0,1.0,1.0,1.0,0.0,14.6,21.9,-0.365
30.0,TAKEOFF,90.0,63.5,750.0,28.5,98.616,1.1389,6725.81,80.02,616.62,5.468,67.47,21.881,25.8,1.681,24.6,18.5,6725.18,94.59,635.9,5.15,67.41,21.864,25.788,1.708,24.678,18.563,SENSOR_DRIFT,0.733,1.0,1.0,1.0,1.0,0.0,14.667,22.0,-0.367
30.1,TAKEOFF,90.02,63.51,752.5,28.49,98.607,1.1388,6726.54,80.02,616.72,5.469,67.46,21.884,25.8,1.681,24.6,18.503,6725.07,95.1,642.75,5.101,67.32,21.861,25.966,1.688,24.722,18.452,SENSOR_DRIFT,0.737,1.0,1.0,1.0,1.0,0.0,14.733,22.1,-0.368
30.2,TAKEOFF,90.03,63.52,755.0,28.49,98.598,1.1387,6727.27,80.02,616.82,5.469,67.46,21.888,25.801,1.681,24.6,18.505,6733.83,95.26,634.83,5.127,67.06,21.798,25.864,1.667,24.54,18.671,SENSOR_DRIFT,0.74,1.0,1.0,1.0,1.0,0.0,14.8,22.2,-0.37
30.3,TAKEOFF,90.05,63.53,757.5,28.48,98.589,1.1386,6727.99,80.02,616.92,5.47,67.45,21.891,25.801,1.681,24.6,18.508,6730.44,94.54,640.0,5.089,66.86,21.857,25.807,1.705,24.644,18.453,SENSOR_DRIFT,0.743,1.0,1.0,1.0,1.0,0.0,14.867,22.3,-0.372
30.4,TAKEOFF,90.07,63.54,760.0,28.48,98.58,1.1386,6728.72,80.02,617.02,5.47,67.44,21.895,25.801,1.681,24.6,18.51,6716.95,94.42,641.1,5.102,67.64,22.123,25.811,1.686,24.617,18.621,SENSOR_DRIFT,0.747,1.0,1.0,1.0,1.0,0.0,14.933,22.4,-0.373
30.5,TAKEOFF,90.08,63.55,762.5,28.47,98.571,1.1385,6729.45,80.02,617.11,5.47,67.43,21.898,25.802,1.681,24.6,18.513,6729.19,95.59,636.94,5.178,67.84,21.823,25.779,1.691,24.559,18.588,SENSOR_DRIFT,0.75,1.0,1.0,1.0,1.0,0.0,15.0,22.5,-0.375
30.6,TAKEOFF,90.1,63.57,765.0,28.47,98.562,1.1384,6730.18,80.02,617.21,5.471,67.43,21.902,25.802,1.682,24.6,18.515,6732.03,94.91,640.53,5.104,67.42,21.907,25.787,1.687,24.52,18.421,SENSOR_DRIFT,0.753,1.0,1.0,1.0,1.0,0.0,15.067,22.6,-0.377
30.7,TAKEOFF,90.12,63.58,767.5,28.46,98.553,1.1383,6730.91,80.02,617.3,5.471,67.42,21.906,25.802,1.682,24.6,18.518,6733.46,94.9,641.12,5.104,67.49,21.771,25.863,1.612,24.523,18.465,SENSOR_DRIFT,0.757,1.0,1.0,1.0,1.0,0.0,15.133,22.7,-0.378
30.8,TAKEOFF,90.13,63.59,770.0,28.46,98.544,1.1382,6731.63,80.02,617.4,5.472,67.41,21.909,25.803,1.682,24.6,18.52,6741.84,95.28,642.68,5.091,66.91,21.937,25.801,1.594,24.611,18.516,SENSOR_DRIFT,0.76,1.0,1.0,1.0,1.0,0.0,15.2,22.8,-0.38
30.9,TAKEOFF,90.15,63.6,772.5,28.45,98.536,1.1381,6732.36,80.02,617.49,5.472,67.4,21.913,25.803,1.682,24.6,18.523,6721.91,94.36,640.81,5.133,67.65,21.999,25.762,1.709,24.566,18.642,SENSOR_DRIFT,0.763,1.0,1.0,1.0,1.0,0.0,15.267,22.9,-0.382
31.0,TAKEOFF,90.17,63.61,775.0,28.45,98.527,1.1381,6733.09,80.02,617.59,5.473,67.4,21.916,25.803,1.682,24.6,18.525,6727.4,95.7,641.1,5.098,67.28,22.046,25.785,1.676,24.598,18.518,SENSOR_DRIFT,0.767,1.0,1.0,1.0,1.0,0.0,15.333,23.0,-0.383
31.1,TAKEOFF,90.18,63.62,777.5,28.44,98.518,1.138,6733.82,80.02,617.68,5.473,67.39,21.92,25.804,1.682,24.6,18.528,6732.71,94.91,641.04,5.062,67.44,21.82,25.769,1.621,24.547,18.599,SENSOR_DRIFT,0.77,1.0,1.0,1.0,1.0,0.0,15.4,23.1,-0.385
31.2,TAKEOFF,90.2,63.63,780.0,28.44,98.509,1.1379,6734.54,80.02,617.77,5.474,67.38,21.923,25.804,1.682,24.6,18.53,6725.38,95.88,642.27,5.09,67.42,21.952,25.816,1.751,24.587,18.741,SENSOR_DRIFT,0.773,1.0,1.0,1.0,1.0,0.0,15.467,23.2,-0.387
31.3,TAKEOFF,90.22,63.64,782.5,28.43,98.5,1.1378,6735.27,80.02,617.86,5.474,67.37,21.927,25.804,1.683,24.6,18.533,6745.06,95.43,645.17,5.075,67.26,21.932,25.836,1.64,24.598,18.456,SENSOR_DRIFT,0.777,1.0,1.0,1.0,1.0,0.0,15.533,23.3,-0.388
31.4,TAKEOFF,90.23,63.65,785.0,28.43,98.491,1.1377,6736.0,80.02,617.95,5.474,67.37,21.931,25.805,1.683,24.6,18.535,6740.98,95.89,641.54,5.131,66.86,22.027,25.731,1.73,24.624,18.582,SENSOR_DRIFT,0.78,1.0,1.0,1.0,1.0,0.0,15.6,23.4,-0.39
31.5,TAKEOFF,90.25,63.66,787.5,28.42,98.482,1.1376,6736.73,80.02,618.04,5.475,67.36,21.934,25.805,1.683,24.6,18.538,6737.18,96.03,639.79,5.149,67.47,21.856,25.727,1.646,24.615,18.572,SENSOR_DRIFT,0.783,1.0,1.0,1.0,1.0,0.0,15.667,23.5,-0.392
31.6,TAKEOFF,90.27,63.67,790.0,28.42,98.473,1.1376,6737.45,80.02,618.13,5.475,67.35,21.938,25.805,1.683,24.6,18.54,6747.91,95.5,640.98,5.093,67.24,21.89,25.864,1.668,24.619,18.445,SENSOR_DRIFT,0.787,1.0,1.0,1.0,1.0,0.0,15.733,23.6,-0.393
31.7,TAKEOFF,90.28,63.68,792.5,28.41,98.464,1.1375,6738.18,80.02,618.22,5.476,67.34,21.941,25.806,1.683,24.6,18.543,6733.92,95.57,644.24,5.062,67.37,21.919,25.827,1.669,24.515,18.642,SENSOR_DRIFT,0.79,1.0,1.0,1.0,1.0,0.0,15.8,23.7,-0.395
31.8,TAKEOFF,90.3,63.7,795.0,28.41,98.455,1.1374,6738.91,80.02,618.31,5.476,67.34,21.945,25.806,1.683,24.6,18.545,6733.01,95.75,639.24,5.066,67.17,21.917,25.78,1.671,24.685,18.468,SENSOR_DRIFT,0.793,1.0,1.0,1.0,1.0,0.0,15.867,23.8,-0.397
31.9,TAKEOFF,90.32,63.71,797.5,28.4,98.447,1.1373,6739.64,80.02,618.4,5.477,67.33,21.948,25.806,1.684,24.6,18.548,6736.1,96.48,641.91,5.075,67.27,22.13,25.864,1.667,24.642,18.43,SENSOR_DRIFT,0.797,1.0,1.0,1.0,1.0,0.0,15.933,23.9,-0.398
32.0,TAKEOFF,90.33,63.72,800.0,28.4,98.438,1.1372,6740.36,80.02,618.48,5.477,67.32,21.952,25.807,1.684,24.6,18.55,6740.87,96.19,642.32,5.018,67.12,22.143,25.858,1.719,24.609,18.581,SENSOR_DRIFT,0.8,1.0,1.0,1.0,1.0,0.0,16.0,24.0,-0.4
32.1,TAKEOFF,90.35,63.73,802.5,28.39,98.429,1.1371,6741.09,80.02,618.57,5.477,67.31,21.956,25.807,1.684,24.6,18.553,6750.47,95.31,643.55,5.068,67.1,21.959,25.76,1.617,24.558,18.346,SENSOR_DRIFT,0.803,1.0,1.0,1.0,1.0,0.0,16.067,24.1,-0.402
32.2,TAKEOFF,90.37,63.74,805.0,28.39,98.42,1.1371,6741.82,80.02,618.66,5.478,67.31,21.959,25.807,1.684,24.6,18.555,6743.52,97.21,641.3,5.01,67.32,21.8,25.824,1.632,24.514,18.58,SENSOR_DRIFT,0.807,1.0,1.0,1.0,1.0,0.0,16.133,24.2,-0.403
32.3,TAKEOFF,90.38,63.75,807.5,28.38,98.411,1.137,6742.55,80.02,618.74,5.478,67.3,21.963,25.808,1.684,24.6,18.558,6732.88,95.32,644.51,5.058,67.77,21.908,25.847,1.639,24.595,18.492,SENSOR_DRIFT,0.81,1.0,1.0,1.0,1.0,0.0,16.2,24.3,-0.405
32.4,TAKEOFF,90.4,63.76,810.0,28.38,98.402,1.1369,6743.27,80.02,618.83,5.479,67.29,21.966,25.808,1.684,24.6,18.56,6747.44,96.27,644.53,5.094,67.76,21.788,25.887,1.683,24.693,18.579,SENSOR_DRIFT,0.813,1.0,1.0,1.0,1.0,0.0,16.267,24.4,-0.407
32.5,TAKEOFF,90.42,63.77,812.5,28.37,98.393,1.1368,6744.0,80.02,618.91,5.479,67.28,21.97,25.808,1.685,24.6,18.563,6748.8,97.06,645.97,5.096,66.9,21.818,25.769,1.667,24.623,18.573,SENSOR_DRIFT,0.817,1.0,1.0,1.0,1.0,0.0,16.333,24.5,-0.408
32.6,TAKEOFF,90.43,63.78,815.0,28.37,98.384,1.1367,6744.73,80.02,618.99,5.48,67.28,21.973,25.809,1.685,24.6,18.565,6747.48,96.74,645.86,5.112,67.66,22.067,25.867,1.685,24.68,18.596,SENSOR_DRIFT,0.82,1.0,1.0,1.0,1.0,0.0,16.4,24.6,-0.41
32.7,TAKEOFF,90.45,63.79,817.5,28.36,98.375,1.1366,6745.46,80.02,619.08,5.48,67.27,21.977,25.809,1.685,24.6,18.568,6742.09,97.11,643.19,5.065,66.68,21.991,25.814,1.724,24.529,18.592,SENSOR_DRIFT,0.823,1.0,1.0,1.0,1.0,0.0,16.467,24.7,-0.412
32.8,TAKEOFF,90.47,63.8,820.0,28.36,98.367,1.1365,6746.18,80.02,619.16,5.481,67.26,21.981,25.809,1.685,24.6,18.57,6750.64,96.64,643.83,5.011,67.77,21.948,25.775,1.659,24.717,18.645,SENSOR_DRIFT,0.827,1.0,1.0,1.0,1.0,0.0,16.533,24.8,-0.413
32.9,TAKEOFF,90.48,63.81,822.5,28.35,98.358,1.1365,6746.91,80.02,619.24,5.481,67.25,21.984,25.81,1.685,24.6,18.573,6745.8,97.29,641.14,5.073,67.17,21.914,25.758,1.688,24.664,18.551,SENSOR_DRIFT,0.83,1.0,1.0,1.0,1.0,0.0,16.6,24.9,-0.415
33.0,TAKEOFF,90.5,63.83,825.0,28.35,98.349,1.1364,6747.64,80.02,619.32,5.481,67.25,21.988,25.81,1.685,24.6,18.575,6755.54,95.34,644.74,5.049,67.1,21.86,25.786,1.719,24.572,18.667,SENSOR_DRIFT,0.833,1.0,1.0,1.0,1.0,0.0,16.667,25.0,-0.417
33.1,TAKEOFF,90.52,63.84,827.5,28.34,98.34,1.1363,6748.36,80.02,619.41,5.482,67.24,21.991,25.81,1.686,24.6,18.578,6750.01,96.57,644.13,5.092,66.82,21.929,25.787,1.744,24.632,18.612,SENSOR_DRIFT,0.837,1.0,1.0,1.0,1.0,0.0,16.733,25.1,-0.418
33.2,TAKEOFF,90.53,63.85,830.0,28.34,98.331,1.1362,6749.09,80.02,619.49,5.482,67.23,21.995,25.811,1.686,24.6,18.58,6741.01,97.18,643.69,5.026,67.13,22.166,25.832,1.692,24.558,18.574,SENSOR_DRIFT,0.84,1.0,1.0,1.0,1.0,0.0,16.8,25.2,-0.42
33.3,TAKEOFF,90.55,63.86,832.5,28.33,98.322,1.1361,6749.82,80.02,619.57,5.483,67.22,21.998,25.811,1.686,24.6,18.583,6744.3,96.56,645.11,5.041,67.14,22.124,25.883,1.674,24.564,18.573,SENSOR_DRIFT,0.843,1.0,1.0,1.0,1.0,0.0,16.867,25.3,-0.422
33.4,TAKEOFF,90.57,63.87,835.0,28.33,98.313,1.136,6750.55,80.02,619.65,5.483,67.22,22.002,25.811,1.686,24.6,18.585,6760.3,97.88,645.64,5.079,67.25,21.835,25.788,1.737,24.582,18.509,SENSOR_DRIFT,0.847,1.0,1.0,1.0,1.0,0.0,16.933,25.4,-0.423
33.5,TAKEOFF,90.58,63.88,837.5,28.32,98.304,1.136,6751.27,80.02,619.72,5.484,67.21,22.006,25.812,1.686,24.6,18.588,6757.42,97.75,644.17,5.04,67.24,22.05,25.784,1.653,24.537,18.609,SENSOR_DRIFT,0.85,1.0,1.0,1.0,1.0,0.0,17.0,25.5,-0.425
33.6,TAKEOFF,90.6,63.89,840.0,28.32,98.295,1.1359,6752.0,80.02,619.8,5.484,67.2,22.009,25.812,1.686,24.6,18.59,6750.65,96.73,643.26,5.063,67.28,22.074,25.861,1.669,24.59,18.638,SENSOR_DRIFT,0.853,1.0,1.0,1.0,1.0,0.0,17.067,25.6,-0.427
33.7,TAKEOFF,90.62,63.9,842.5,28.31,98.287,1.1358,6752.73,80.02,619.88,5.484,67.19,22.013,25.812,1.686,24.6,18.593,6754.54,96.64,644.34,5.061,67.24,22.001,25.878,1.754,24.506,18.484,SENSOR_DRIFT,0.857,1.0,1.0,1.0,1.0,0.0,17.133,25.7,-0.428
33.8,TAKEOFF,90.63,63.91,845.0,28.31,98.278,1.1357,6753.46,80.02,619.96,5.485,67.19,22.016,25.813,1.687,24.6,18.595,6763.73,98.0,646.35,5.052,67.18,21.942,25.739,1.69,24.63,18.554,SENSOR_DRIFT,0.86,1.0,1.0,1.0,1.0,0.0,17.2,25.8,-0.43
33.9,TAKEOFF,90.65,63.92,847.5,28.3,98.269,1.1356,6754.18,80.02,620.04,5.485,67.18,22.02,25.813,1.687,24.6,18.598,6751.34,97.02,646.71,5.043,67.05,21.949,25.843,1.559,24.621,18.587,SENSOR_DRIFT,0.863,1.0,1.0,1.0,1.0,0.0,17.267,25.9,-0.432
34.0,TAKEOFF,90.67,63.93,850.0,28.3,98.26,1.1355,6754.91,80.02,620.11,5.486,67.17,22.023,25.813,1.687,24.6,18.6,6751.88,97.23,645.37,5.057,67.79,21.989,25.999,1.645,24.689,18.649,SENSOR_DRIFT,0.867,1.0,1.0,1.0,1.0,0.0,17.333,26.0,-0.433
34.1,TAKEOFF,90.68,63.94,852.5,28.29,98.251,1.1355,6755.64,80.02,620.19,5.486,67.16,22.027,25.814,1.687,24.6,18.603,6758.47,97.53,645.99,5.03,67.45,21.962,25.764,1.698,24.601,18.686,SENSOR_DRIFT,0.87,1.0,1.0,1.0,1.0,0.0,17.4,26.1,-0.435
34.2,TAKEOFF,90.7,63.96,855.0,28.29,98.242,1.1354,6756.36,80.02,620.26,5.487,67.16,22.031,25.814,1.687,24.6,18.605,6762.82,97.77,647.31,5.063,66.95,21.871,25.829,1.688,24.49,18.309,SENSOR_DRIFT,0.873,1.0,1.0,1.0,1.0,0.0,17.467,26.2,-0.437
34.3,TAKEOFF,90.72,63.97,857.5,28.28,98.233,1.1353,6757.09,80.02,620.34,5.487,67.15,22.034,25.814,1.687,24.6,18.608,6762.74,97.5,647.99,5.074,67.41,22.08,25.778,1.709,24.556,18.6,SENSOR_DRIFT,0.877,1.0,1.0,1.0,1.0,0.0,17.533,26.3,-0.438
34.4,TAKEOFF,90.73,63.98,860.0,28.28,98.224,1.1352,6757.82,80.02,620.42,5.488,67.14,22.038,25.815,1.688,24.6,18.61,6768.29,98.43,645.05,5.078,67.26,21.931,25.806,1.622,24.567,18.515,SENSOR_DRIFT,0.88,1.0,1.0,1.0,1.0,0.0,17.6,26.4,-0.44
34.5,TAKEOFF,90.75,63.99,862.5,28.27,98.216,1.1351,6758.54,80.02,620.49,5.488,67.13,22.041,25.815,1.688,24.6,18.613,6759.17,98.14,648.83,5.031,67.49,22.015,25.898,1.766,24.645,18.634,SENSOR_DRIFT,0.883,1.0,1.0,1.0,1.0,0.0,17.667,26.5,-0.442
34.6,TAKEOFF,90.77,64.0,865.0,28.27,98.207,1.135,6759.27,80.02,620.56,5.488,67.13,22.045,25.815,1.688,24.6,18.615,6753.7,96.94,649.71,5.01,67.49,22.15,25.832,1.774,24.584,18.783,SENSOR_DRIFT,0.887,1.0,1.0,1.0,1.0,0.0,17.733,26.6,-0.443
34.7,TAKEOFF,90.78,64.01,867.5,28.26,98.198,1.135,6760.0,80.02,620.64,5.489,67.12,22.048,25.816,1.688,24.6,18.618,6759.42,97.32,647.13,5.011,67.57,22.079,25.624,1.653,24.597,18.507,SENSOR_DRIFT,0.89,1.0,1.0,1.0,1.0,0.0,17.8,26.7,-0.445
34.8,TAKEOFF,90.8,64.02,870.0,28.26,98.189,1.1349,6760.73,80.02,620.71,5.489,67.11,22.052,25.816,1.688,24.6,18.62,6751.34,97.99,645.78,4.994,67.3,21.932,25.777,1.649,24.512,18.768,SENSOR_DRIFT,0.893,1.0,1.0,1.0,1.0,0.0,17.867,26.8,-0.447
34.9,TAKEOFF,90.82,64.03,872.5,28.25,98.18,1.1348,6761.45,80.02,620.78,5.49,67.1,22.056,25.816,1.688,24.6,18.623,6765.09,97.94,648.18,5.029,66.73,22.028,25.848,1.62,24.6,18.504,SENSOR_DRIFT,0.897,1.0,1.0,1.0,1.0,0.0,17.933,26.9,-0.448
35.0,TAKEOFF,90.83,64.04,875.0,28.25,98.171,1.1347,6762.18,80.02,620.86,5.49,67.1,22.059,25.817,1.689,24.6,18.625,6765.45,98.09,647.22,5.081,67.16,22.18,25.905,1.672,24.513,18.662,SENSOR_DRIFT,0.9,1.0,1.0,1.0,1.0,0.0,18.0,27.0,-0.45
35.1,TAKEOFF,90.85,64.05,877.5,28.24,98.162,1.1346,6762.91,80.02,620.93,5.491,67.09,22.063,25.817,1.689,24.6,18.628,6763.3,99.24,647.6,5.042,66.89,22.059,25.798,1.717,24.608,18.529,SENSOR_DRIFT,0.903,1.0,1.0,1.0,1.0,0.0,18.067,27.1,-0.452
35.2,TAKEOFF,90.87,64.06,880.0,28.24,98.153,1.1345,6763.63,80.02,621.0,5.491,67.08,22.066,25.817,1.689,24.6,18.63,6763.93,99.21,650.01,5.026,67.03,22.238,25.816,1.788,24.664,18.814,SENSOR_DRIFT,0.907,1.0,1.0,1.0,1.0,0.0,18.133,27.2,-0.453
35.3,TAKEOFF,90.88,64.07,882.5,28.23,98.145,1.1345,6764.36,80.02,621.07,5.491,67.07,22.07,25.818,1.689,24.6,18.633,6764.14,98.41,648.8,5.043,67.48,22.128,25.705,1.697,24.654,18.9,SENSOR_DRIFT,0.91,1.0,1.0,1.0,1.0,0.0,18.2,27.3,-0.455
35.4,TAKEOFF,90.9,64.09,885.0,28.23,98.136,1.1344,6765.09,80.02,621.14,5.492,67.07,22.073,25.818,1.689,24.6,18.635,6768.52,98.33,649.71,5.054,66.95,22.225,25.817,1.665,24.724,18.565,SENSOR_DRIFT,0.913,1.0,1.0,1.0,1.0,0.0,18.267,27.4,-0.457
35.5,TAKEOFF,90.92,64.1,887.5,28.22,98.127,1.1343,6765.81,80.02,621.21,5.492,67.06,22.077,25.818,1.689,24.6,18.638,6758.04,98.31,650.2,5.032,67.0,21.956,25.895,1.659,24.589,18.62,SENSOR_DRIFT,0.917,1.0,1.0,1.0,1.0,0.0,18.333,27.5,-0.458
35.6,TAKEOFF,90.93,64.11,890.0,28.22,98.118,1.1342,6766.54,80.02,621.28,5.493,67.05,22.081,25.819,1.69,24.6,18.64,6766.82,97.45,645.1,5.039,67.3,21.873,25.818,1.603,24.607,18.736,SENSOR_DRIFT,0.92,1.0,1.0,1.0,1.0,0.0,18.4,27.6,-0.46
35.7,TAKEOFF,90.95,64.12,892.5,28.21,98.109,1.1341,6767.27,80.02,621.35,5.493,67.04,22.084,25.819,1.69,24.6,18.643,6768.55,98.59,650.17,5.024,67.29,22.045,25.784,1.697,24.578,18.618,SENSOR_DRIFT,0.923,1.0,1.0,1.0,1.0,0.0,18.467,27.7,-0.462
35.8,TAKEOFF,90.97,64.13,895.0,28.21,98.1,1.134,6768.0,80.02,621.42,5.494,67.04,22.088,25.819,1.69,24.6,18.645,6774.48,98.26,651.15,5.055,67.39,21.945,25.782,1.671,24.558,18.734,SENSOR_DRIFT,0.927,1.0,1.0,1.0,1.0,0.0,18.533,27.8,-0.463
35.9,TAKEOFF,90.98,64.14,897.5,28.2,98.091,1.134,6768.72,80.02,621.49,5.494,67.03,22.091,25.82,1.69,24.6,18.648,6772.68,98.9,647.4,5.045,67.05,22.074,25.778,1.708,24.616,18.602,SENSOR_DRIFT,0.93,1.0,1.0,1.0,1.0,0.0,18.6,27.9,-0.465
36.0,TAKEOFF,91.0,64.15,900.0,28.2,98.083,1.1339,6769.45,80.02,621.56,5.495,67.02,22.095,25.82,1.69,24.6,18.65,6778.13,98.11,648.91,4.984,66.44,22.02,25.781,1.677,24.582,18.566,SENSOR_DRIFT,0.933,1.0,1.0,1.0,1.0,0.0,18.667,28.0,-0.467
36.1,TAKEOFF,91.02,64.16,902.5,28.19,98.074,1.1338,6770.18,80.02,621.63,5.495,67.02,22.098,25.82,1.69,24.6,18.653,6774.95,98.4,649.96,5.043,67.26,22.213,25.869,1.773,24.552,18.594,SENSOR_DRIFT,0.937,1.0,1.0,1.0,1.0,0.0,18.733,28.1,-0.468
36.2,TAKEOFF,91.03,64.17,905.0,28.19,98.065,1.1337,6770.9,80.02,621.69,5.495,67.01,22.102,25.821,1.69,24.6,18.655,6765.88,99.14,651.16,5.019,67.18,22.35,25.835,1.747,24.623,18.669,SENSOR_DRIFT,0.94,1.0,1.0,1.0,1.0,0.0,18.8,28.2,-0.47
36.3,TAKEOFF,91.05,64.18,907.5,28.18,98.056,1.1336,6771.63,80.02,621.76,5.496,67.0,22.105,25.821,1.691,24.6,18.658,6771.44,98.41,652.91,5.025,66.89,22.026,25.84,1.685,24.592,18.662,SENSOR_DRIFT,0.943,1.0,1.0,1.0,1.0,0.0,18.867,28.3,-0.472
36.4,TAKEOFF,91.07,64.19,910.0,28.18,98.047,1.1335,6772.36,80.02,621.83,5.496,66.99,22.109,25.821,1.691,24.6,18.66,6780.14,100.17,648.63,5.018,66.45,22.149,25.729,1.708,24.491,18.683,SENSOR_DRIFT,0.947,1.0,1.0,1.0,1.0,0.0,18.933,28.4,-0.473
36.5,TAKEOFF,91.08,64.2,912.5,28.17,98.038,1.1335,6773.08,80.02,621.9,5.497,66.99,22.113,25.822,1.691,24.6,18.663,6774.44,99.0,649.44,4.988,66.89,22.188,25.808,1.714,24.599,18.533,SENSOR_DRIFT,0.95,1.0,1.0,1.0,1.0,0.0,19.0,28.5,-0.475
36.6,TAKEOFF,91.1,64.22,915.0,28.17,98.029,1.1334,6773.81,80.02,621.96,5.497,66.98,22.116,25.822,1.691,24.6,18.665,6780.43,99.52,650.95,4.973,67.09,22.06,25.875,1.695,24.558,18.664,SENSOR_DRIFT,0.953,1.0,1.0,1.0,1.0,0.0,19.067,28.6,-0.477
36.7,TAKEOFF,91.12,64.23,917.5,28.16,98.021,1.1333,6774.54,80.02,622.03,5.498,66.97,22.12,25.822,1.691,24.6,18.668,6785.6,98.88,648.58,5.048,67.22,22.163,25.864,1.69,24.644,18.744,SENSOR_DRIFT,0.957,1.0,1.0,1.0,1.0,0.0,19.133,28.7,-0.478
36.8,TAKEOFF,91.13,64.24,920.0,28.16,98.012,1.1332,6775.26,80.02,622.1,5.498,66.96,22.123,25.823,1.691,24.6,18.67,6775.41,98.37,650.01,5.018,67.11,22.054,25.802,1.643,24.567,18.637,SENSOR_DRIFT,0.96,1.0,1.0,1.0,1.0,0.0,19.2,28.8,-0.48
36.9,TAKEOFF,91.15,64.25,922.5,28.15,98.003,1.1331,6775.99,80.02,622.16,5.498,66.96,22.127,25.823,1.692,24.6,18.673,6777.35,98.9,650.73,5.003,67.7,22.071,25.782,1.708,24.659,18.849,SENSOR_DRIFT,0.963,1.0,1.0,1.0,1.0,0.0,19.267,28.9,-0.482
37.0,TAKEOFF,91.17,64.26,925.0,28.15,97.994,1.133,6776.72,80.02,622.23,5.499,66.95,22.13,25.823,1.692,24.6,18.675,6781.03,98.04,649.25,5.047,67.03,22.024,25.765,1.667,24.609,18.654,SENSOR_DRIFT,0.967,1.0,1.0,1.0,1.0,0.0,19.333,29.0,-0.483
37.1,TAKEOFF,91.18,64.27,927.5,28.14,97.985,1.1329,6777.44,80.02,622.29,5.499,66.94,22.134,25.824,1.692,24.6,18.678,6773.58,99.3,651.68,5.037,66.8,22.234,25.787,1.669,24.569,18.711,SENSOR_DRIFT,0.97,1.0,1.0,1.0,1.0,0.0,19.4,29.1,-0.485
37.2,TAKEOFF,91.2,64.28,930.0,28.14,97.976,1.1329,6778.17,80.02,622.36,5.5,66.93,22.138,25.824,1.692,24.6,18.68,6771.16,98.77,648.47,4.958,66.72,22.192,25.816,1.641,24.492,18.677,SENSOR_DRIFT,0.973,1.0,1.0,1.0,1.0,0.0,19.467,29.2,-0.487
37.3,TAKEOFF,91.22,64.29,932.5,28.13,97.967,1.1328,6778.9,80.02,622.42,5.5,66.93,22.141,25.824,1.692,24.6,18.683,6776.85,99.31,652.05,5.028,66.24,22.268,25.853,1.671,24.674,18.472,SENSOR_DRIFT,0.977,1.0,1.0,1.0,1.0,0.0,19.533,29.3,-0.488
37.4,TAKEOFF,91.23,64.3,935.0,28.13,97.959,1.1327,6779.62,80.02,622.48,5.501,66.92,22.145,25.825,1.692,24.6,18.685,6778.94,99.42,650.09,5.069,66.74,22.123,25.837,1.691,24.607,18.816,SENSOR_DRIFT,0.98,1.0,1.0,1.0,1.0,0.0,19.6,29.4,-0.49
37.5,TAKEOFF,91.25,64.31,937.5,28.12,97.95,1.1326,6780.35,80.02,622.55,5.501,66.91,22.148,25.825,1.693,24.6,18.688,6790.08,99.18,650.13,5.016,67.1,22.216,25.913,1.731,24.565,18.804,SENSOR_DRIFT,0.983,1.0,1.0,1.0,1.0,0.0,19.667,29.5,-0.492
37.6,TAKEOFF,91.27,64.32,940.0,28.12,97.941,1.1325,6781.08,80.02,622.61,5.502,66.91,22.152,25.825,1.693,24.6,18.69,6779.89,99.24,652.86,5.032,67.27,22.104,25.83,1.62,24.688,18.91,SENSOR_DRIFT,0.987,1.0,1.0,1.0,1.0,0.0,19.733,29.6,-0.493
37.7,TAKEOFF,91.28,64.33,942.5,28.11,97.932,1.1324,6781.8,80.02,622.67,5.502,66.9,22.155,25.826,1.693,24.6,18.693,6778.37,100.07,652.18,4.992,66.76,22.059,25.902,1.689,24.6,18.649,SENSOR_DRIFT,0.99,1.0,1.0,1.0,1.0,0.0,19.8,29.7,-0.495
37.8,TAKEOFF,91.3,64.35,945.0,28.11,97.923,1.1324,6782.53,80.02,622.74,5.502,66.89,22.159,25.826,1.693,24.6,18.695,6784.48,99.92,649.93,5.044,67.21,22.37,25.861,1.647,24.656,18.608,SENSOR_DRIFT,0.993,1.0,1.0,1.0,1.0,0.0,19.867,29.8,-0.497
37.9,TAKEOFF,91.32,64.36,947.5,28.1,97.914,1.1323,6783.26,80.02,622.8,5.503,66.88,22.163,25.826,1.693,24.6,18.698,6783.82,100.46,652.7,4.976,66.68,22.041,25.923,1.674,24.624,18.457,SENSOR_DRIFT,0.997,1.0,1.0,1.0,1.0,0.0,19.933,29.9,-0.498
38.0,TAKEOFF,91.33,64.37,950.0,28.1,97.906,1.1322,6783.98,80.02,622.86,5.503,66.88,22.166,25.827,1.693,24.6,18.7,6787.2,100.14,654.7,5.013,67.29,22.151,25.772,1.607,24.664,18.677,SENSOR_DRIFT,1.0,1.0,1.0,1.0,1.0,0.0,20.0,30.0,-0.5
38.1,TAKEOFF,91.35,64.38,952.5,28.09,97.897,1.1321,6784.71,80.02,622.92,5.504,66.87,22.17,25.827,1.693,24.6,18.703,6788.3,100.22,653.09,4.988,67.03,22.223,25.796,1.747,24.564,18.722,SENSOR_DRIFT,1.0,1.0,1.0,1.0,1.0,0.0,20.0,30.0,-0.5
38.2,TAKEOFF,91.37,64.39,955.0,28.09,97.888,1.132,6785.44,80.02,622.99,5.504,66.86,22.173,25.827,1.694,24.6,18.705,6785.07,99.0,652.44,5.032,67.04,22.186,25.782,1.74,24.672,18.509,SENSOR_DRIFT,1.0,1.0,1.0,1.0,1.0,0.0,20.0,30.0,-0.5
38.3,TAKEOFF,91.38,64.4,957.5,28.08,97.879,1.1319,6786.16,80.02,623.05,5.505,66.85,22.177,25.828,1.694,24.6,18.708,6781.54,100.46,649.3,5.004,66.74,21.982,25.684,1.698,24.521,18.695,SENSOR_DRIFT,1.0,1.0,1.0,1.0,1.0,0.0,20.0,30.0,-0.5
38.4,TAKEOFF,91.4,64.41,960.0,28.08,97.87,1.1319,6786.89,80.02,623.11,5.505,66.85,22.18,25.828,1.694,24.6,18.71,6793.46,99.24,653.47,5.016,66.63,22.049,25.937,1.637,24.637,18.643,SENSOR_DRIFT,1.0,1.0,1.0,1.0,1.0,0.0,20.0,30.0,-0.5
38.5,TAKEOFF,91.42,64.42,962.5,28.07,97.861,1.1318,6787.62,80.02,623.17,5.505,66.84,22.184,25.828,1.694,24.6,18.713,6779.86,100.34,650.08,5.026,66.77,22.331,25.807,1.632,24.546,18.575,SENSOR_DRIFT,1.0,1.0,1.0,1.0,1.0,0.0,20.0,30.0,-0.5
38.6,TAKEOFF,91.43,64.43,965.0,28.07,97.852,1.1317,6788.34,80.02,623.23,5.506,66.83,22.188,25.829,1.694,24.6,18.715,6794.46,99.67,652.36,4.978,66.8,22.352,25.888,1.765,24.538,18.561,SENSOR_DRIFT,1.0,1.0,1.0,1.0,1.0,0.0,20.0,30.0,-0.5
38.7,TAKEOFF,91.45,64.44,967.5,28.06,97.844,1.1316,6789.07,80.02,623.29,5.506,66.82,22.191,25.829,1.694,24.6,18.718,6779.83,99.19,653.78,4.998,67.52,22.143,25.877,1.724,24.546,18.675,SENSOR_DRIFT,1.0,1.0,1.0,1.0,1.0,0.0,20.0,30.0,-0.5
38.8,TAKEOFF,91.47,64.45,970.0,28.06,97.835,1.1315,6789.8,80.02,623.35,5.507,66.82,22.195,25.829,1.695,24.6,18.72,6792.56,99.83,652.89,5.015,67.11,22.158,25.75,1.695,24.61,18.72,SENSOR_DRIFT,1.0,1.0,1.0,1.0,1.0,0.0,20.0,30.0,-0.5
38.9,TAKEOFF,91.48,64.46,972.5,28.05,97.826,1.1314,6790.52,80.02,623.41,5.507,66.81,22.198,25.83,1.695,24.6,18.723,6791.88,100.49,652.83,4.979,66.87,22.148,25.816,1.755,24.703,18.825,SENSOR_DRIFT,1.0,1.0,1.0,1.0,1.0,0.0,20.0,30.0,-0.5
39.0,TAKEOFF,91.5,64.48,975.0,28.05,97.817,1.1314,6791.25,80.02,623.47,5.508,66.8,22.202,25.83,1.695,24.6,18.725,6787.27,98.99,655.1,4.977,66.95,22.225,25.812,1.619,24.668,18.809,SENSOR_DRIFT,1.0,1.0,1.0,1.0,1.0,0.0,20.0,30.0,-0.5
39.1,TAKEOFF,91.52,64.49,977.5,28.04,97.808,1.1313,6791.97,80.02,623.53,5.508,66.8,22.205,25.83,1.695,24.6,18.728,6793.12,99.35,653.07,5.005,67.3,22.138,25.916,1.659,24.525,18.539,SENSOR_DRIFT,1.0,1.0,1.0,1.0,1.0,0.0,20.0,30.0,-0.5
39.2,TAKEOFF,91.53,64.5,980.0,28.04,97.799,1.1312,6792.7,80.02,623.59,5.509,66.79,22.209,25.831,1.695,24.6,18.73,6786.19,99.5,652.29,5.017,67.54,22.188,25.794,1.599,24.612,18.744,SENSOR_DRIFT,1.0,1.0,1.0,1.0,1.0,0.0,20.0,30.0,-0.5
39.3,TAKEOFF,91.55,64.51,982.5,28.03,97.791,1.1311,6793.43,80.02,623.65,5.509,66.78,22.213,25.831,1.695,24.6,18.733,6791.18,100.7,654.76,5.015,67.03,22.127,25.782,1.76,24.604,18.804,SENSOR_DRIFT,1.0,1.0,1.0,1.0,1.0,0.0,20.0,30.0,-0.5
39.4,TAKEOFF,91.57,64.52,985.0,28.03,97.782,1.131,6794.15,80.02,623.71,5.509,66.77,22.216,25.831,1.696,24.6,18.735,6793.31,100.0,655.04,4.998,66.58,22.323,25.863,1.69,24.545,18.757,SENSOR_DRIFT,1.0,1.0,1.0,1.0,1.0,0.0,20.0,30.0,-0.5
39.5,TAKEOFF,91.58,64.53,987.5,28.02,97.773,1.1309,6794.88,80.02,623.77,5.51,66.77,22.22,25.832,1.696,24.6,18.738,6797.74,100.25,652.98,5.013,66.51,22.221,25.815,1.69,24.686,18.788,SENSOR_DRIFT,1.0,1.0,1.0,1.0,1.0,0.0,20.0,30.0,-0.5
39.6,TAKEOFF,91.6,64.54,990.0,28.02,97.764,1.1309,6795.61,80.02,623.82,5.51,66.76,22.223,25.832,1.696,24.6,18.74,6793.05,99.68,655.89,4.977,67.02,22.193,25.849,1.69,24.602,18.808,SENSOR_DRIFT,1.0,1.0,1.0,1.0,1.0,0.0,20.0,30.0,-0.5
39.7,TAKEOFF,91.62,64.55,992.5,28.01,97.755,1.1308,6796.33,80.03,623.88,5.511,66.75,22.227,25.832,1.696,24.6,18.743,6794.9,100.33,652.47,4.968,66.87,22.28,25.89,1.677,24.622,18.582,SENSOR_DRIFT,1.0,1.0,1.0,1.0,1.0,0.0,20.0,30.0,-0.5
39.8,TAKEOFF,91.63,64.56,995.0,28.01,97.746,1.1307,6797.06,80.03,623.94,5.511,66.75,22.23,25.833,1.696,24.6,18.745,6797.58,100.12,656.8,4.988,67.11,22.222,25.828,1.578,24.616,18.897,SENSOR_DRIFT,1.0,1.0,1.0,1.0,1.0,0.0,20.0,30.0,-0.5
39.9,TAKEOFF,91.65,64.57,997.5,28.0,97.738,1.1306,6797.79,80.03,624.0,5.512,66.74,22.234,25.833,1.696,24.6,18.748,6801.24,100.36,652.67,4.99,66.68,22.31,25.894,1.7,24.594,18.733,SENSOR_DRIFT,1.0,1.0,1.0,1.0,1.0,0.0,20.0,30.0,-0.5
40.0,TAKEOFF,91.67,64.58,1000.0,28.0,97.729,1.1305,6798.51,80.03,624.06,5.512,66.73,22.238,25.833,1.697,24.6,18.75,6794.96,99.92,653.78,5.051,66.08,22.2,25.865,1.639,24.644,18.967,SENSOR_DRIFT,1.0,1.0,1.0,1.0,1.0,0.0,20.0,30.0,-0.5
40.1,TAKEOFF,91.68,64.59,1002.5,27.99,97.72,1.1304,6799.24,80.03,624.11,5.512,66.72,22.241,25.834,1.697,24.6,18.753,6797.55,100.13,655.48,5.057,66.62,22.185,25.803,1.667,24.628,18.752,SENSOR_DRIFT,1.0,1.0,1.0,1.0,1.0,0.0,20.0,30.0,-0.5
40.2,TAKEOFF,91.7,64.61,1005.0,27.99,97.711,1.1304,6799.96,80.03,624.17,5.513,66.72,22.245,25.834,1.697,24.6,18.755,6787.42,100.34,655.23,5.013,66.47,22.08,25.817,1.737,24.594,18.636,SENSOR_DRIFT,1.0,1.0,1.0,1.0,1.0,0.0,20.0,30.0,-0.5
40.3,TAKEOFF,91.72,64.62,1007.5,27.98,97.702,1.1303,6800.69,80.03,624.23,5.513,66.71,22.248,25.834,1.697,24.6,18.758,6797.59,99.98,653.96,5.029,66.94,22.124,25.86,1.706,24.624,18.794,SENSOR_DRIFT,1.0,1.0,1.0,1.0,1.0,0.0,20.0,30.0,-0.5
40.4,TAKEOFF,91.73,64.63,1010.0,27.98,97.693,1.1302,6801.42,80.03,624.28,5.514,66.7,22.252,25.835,1.697,24.6,18.76,6802.78,101.15,653.3,5.034,67.46,22.263,25.846,1.615,24.513,18.794,SENSOR_DRIFT,1.0,1.0,1.0,1.0,1.0,0.0,20.0,30.0,-0.5
40.5,TAKEOFF,91.75,64.64,1012.5,27.97,97.685,1.1301,6802.14,80.03,624.34,5.514,66.69,22.255,25.835,1.697,24.6,18.763,6808.78,100.18,657.96,5.022,66.4,22.247,25.857,1.65,24.556,18.645,SENSOR_DRIFT,1.0,1.0,1.0,1.0,1.0,0.0,20.0,30.0,-0.5
40.6,TAKEOFF,91.77,64.65,1015.0,27.97,97.676,1.13,6802.87,80.03,624.4,5.515,66.69,22.259,25.835,1.697,24.6,18.765,6813.16,99.95,653.7,5.049,66.48,22.543,25.826,1.725,24.602,18.721,SENSOR_DRIFT,1.0,1.0,1.0,1.0,1.0,0.0,20.0,30.0,-0.5
40.7,TAKEOFF,91.78,64.66,1017.5,27.96,97.667,1.1299,6803.6,80.03,624.45,5.515,66.68,22.263,25.836,1.698,24.6,18.768,6809.12,100.54,654.92,5.013,66.83,22.292,25.779,1.64,24.577,18.732,SENSOR_DRIFT,1.0,1.0,1.0,1.0,1.0,0.0,20.0,30.0,-0.5
40.8,TAKEOFF,91.8,64.67,1020.0,27.96,97.658,1.1299,6804.32,80.03,624.51,5.516,66.67,22.266,25.836,1.698,24.6,18.77,6803.17,99.79,654.44,4.997,66.28,22.262,25.779,1.738,24.551,18.719,SENSOR_DRIFT,1.0,1.0,1.0,1.0,1.0,0.0,20.0,30.0,-0.5
40.9,TAKEOFF,91.82,64.68,1022.5,27.95,97.649,1.1298,6805.05,80.03,624.56,5.516,66.67,22.27,25.836,1.698,24.6,18.773,6798.52,100.62,653.28,5.03,66.23,22.183,25.885,1.73,24.607,18.676,SENSOR_DRIFT,1.0,1.0,1.0,1.0,1.0,0.0,20.0,30.0,-0.5
41.0,TAKEOFF,91.83,64.69,1025.0,27.95,97.641,1.1297,6805.77,80.03,624.62,5.516,66.66,22.273,25.837,1.698,24.6,18.775,6803.09,100.24,652.45,5.002,67.23,22.138,25.894,1.706,24.516,18.803,SENSOR_DRIFT,1.0,1.0,1.0,1.0,1.0,0.0,20.0,30.0,-0.5
41.1,TAKEOFF,91.85,64.7,1027.5,27.94,97.632,1.1296,6806.5,80.03,624.67,5.517,66.65,22.277,25.837,1.698,24.6,18.778,6804.65,99.71,653.26,5.043,66.24,22.25,25.858,1.704,24.618,18.755,SENSOR_DRIFT,1.0,1.0,1.0,1.0,1.0,0.0,20.0,30.0,-0.5
41.2,TAKEOFF,91.87,64.71,1030.0,27.94,97.623,1.1295,6807.23,80.03,624.73,5.517,66.64,22.28,25.837,1.698,24.6,18.78,6805.67,99.82,653.16,5.031,66.99,22.284,25.826,1.751,24.589,18.751,SENSOR_DRIFT,1.0,1.0,1.0,1.0,1.0,0.0,20.0,30.0,-0.5
41.3,TAKEOFF,91.88,64.72,1032.5,27.93,97.614,1.1294,6807.95,80.03,624.78,5.518,66.64,22.284,25.838,1.699,24.6,18.783,6807.14,100.31,652.85,4.977,66.37,22.097,25.761,1.706,24.697,18.832,SENSOR_DRIFT,1.0,1.0,1.0,1.0,1.0,0.0,20.0,30.0,-0.5
41.4,TAKEOFF,91.9,64.74,1035.0,27.93,97.605,1.1294,6808.68,80.03,624.84,5.518,66.63,22.288,25.838,1.699,24.6,18.785,6805.82,100.13,654.98,5.003,66.82,22.281,25.797,1.704,24.55,18.722,SENSOR_DRIFT,1.0,1.0,1.0,1.0,1.0,0.0,20.0,30.0,-0.5
41.5,TAKEOFF,91.92,64.75,1037.5,27.92,97.596,1.1293,6809.4,80.03,624.89,5.519,66.62,22.291,25.838,1.699,24.6,18.788,6809.92,99.17,654.59,5.05,66.28,22.261,25.886,1.601,24.582,18.787,SENSOR_DRIFT,1.0,1.0,1.0,1.0,1.0,0.0,20.0,30.0,-0.5
41.6,TAKEOFF,91.93,64.76,1040.0,27.92,97.588,1.1292,6810.13,80.03,624.95,5.519,66.62,22.295,25.839,1.699,24.6,18.79,6812.59,100.16,656.31,5.013,66.31,22.24,25.928,1.74,24.589,18.952,SENSOR_DRIFT,1.0,1.0,1.0,1.0,1.0,0.0,20.0,30.0,-0.5
41.7,TAKEOFF,91.95,64.77,1042.5,27.91,97.579,1.1291,6810.86,80.03,625.0,5.519,66.61,22.298,25.839,1.699,24.6,18.793,6810.94,99.96,656.39,4.992,66.35,22.235,25.811,1.626,24.541,18.841,SENSOR_DRIFT,1.0,1.0,1.0,1.0,1.0,0.0,20.0,30.0,-0.5
41.8,TAKEOFF,91.97,64.78,1045.0,27.91,97.57,1.129,6811.58,80.03,625.06,5.52,66.6,22.302,25.839,1.699,24.6,18.795,6816.09,99.62,653.53,5.047,66.51,22.176,25.819,1.739,24.622,18.799,SENSOR_DRIFT,1.0,1.0,1.0,1.0,1.0,0.0,20.0,30.0,-0.5
41.9,TAKEOFF,91.98,64.79,1047.5,27.9,97.561,1.1289,6812.31,80.03,625.11,5.52,66.59,22.305,25.84,1.7,24.6,18.798,6813.14,98.93,655.45,5.067,66.56,22.301,25.857,1.641,24.644,18.707,SENSOR_DRIFT,1.0,1.0,1.0,1.0,1.0,0.0,20.0,30.0,-0.5
42.0,TAKEOFF,92.0,64.8,1050.0,27.9,97.552,1.1289,6813.03,80.03,625.16,5.521,66.59,22.309,25.84,1.7,24.6,18.8,6811.14,99.53,654.62,5.021,66.94,22.293,25.857,1.777,24.552,18.863,SENSOR_DRIFT,1.0,1.0,1.0,1.0,1.0,0.0,20.0,30.0,-0.5
42.1,TAKEOFF,92.02,64.81,1052.5,27.89,97.544,1.1288,6813.76,80.03,625.22,5.521,66.58,22.313,25.84,1.7,24.6,18.803,6818.07,100.61,653.08,5.006,66.3,22.153,25.844,1.763,24.587,18.527,SENSOR_DRIFT,1.0,1.0,1.0,1.0,1.0,0.0,20.0,30.0,-0.5
42.2,TAKEOFF,92.03,64.82,1055.0,27.89,97.535,1.1287,6814.49,80.03,625.27,5.522,66.57,22.316,25.841,1.7,24.6,18.805,6814.92,99.64,658.06,5.008,66.67,22.44,25.807,1.788,24.592,18.844,SENSOR_DRIFT,1.0,1.0,1.0,1.0,1.0,0.0,20.0,30.0,-0.5
42.3,TAKEOFF,92.05,64.83,1057.5,27.88,97.526,1.1286,6815.21,80.03,625.32,5.522,66.57,22.32,25.841,1.7,24.6,18.808,6820.2,100.14,652.99,5.031,66.43,22.318,25.726,1.796,24.653,18.736,SENSOR_DRIFT,1.0,1.0,1.0,1.0,1.0,0.0,20.0,30.0,-0.5
42.4,TAKEOFF,92.07,64.84,1060.0,27.88,97.517,1.1285,6815.94,80.03,625.38,5.522,66.56,22.323,25.841,1.7,24.6,18.81,6808.72,99.81,655.56,5.035,66.85,22.466,25.853,1.697,24.688,18.787,SENSOR_DRIFT,1.0,1.0,1.0,1.0,1.0,0.0,20.0,30.0,-0.5
42.5,TAKEOFF,92.08,64.85,1062.5,27.87,97.508,1.1284,6816.66,80.03,625.43,5.523,66.55,22.327,25.842,1.7,24.6,18.813,6819.65,99.95,654.72,5.001,66.11,22.315,25.79,1.645,24.549,18.693,SENSOR_DRIFT,1.0,1.0,1.0,1.0,1.0,0.0,20.0,30.0,-0.5
42.6,TAKEOFF,92.1,64.87,1065.0,27.87,97.499,1.1284,6817.39,80.03,625.48,5.523,66.54,22.33,25.842,1.701,24.6,18.815,6808.17,100.19,656.89,5.043,66.03,22.299,25.776,1.766,24.509,18.806,SENSOR_DRIFT,1.0,1.0,1.0,1.0,1.0,0.0,20.0,30.0,-0.5
42.7,TAKEOFF,92.12,64.88,1067.5,27.86,97.491,1.1283,6818.12,80.03,625.53,5.524,66.54,22.334,25.842,1.701,24.6,18.818,6818.12,100.45,658.01,5.053,66.3,22.313,25.906,1.756,24.579,18.949,SENSOR_DRIFT,1.0,1.0,1.0,1.0,1.0,0.0,20.0,30.0,-0.5
42.8,TAKEOFF,92.13,64.89,1070.0,27.86,97.482,1.1282,6818.84,80.03,625.59,5.524,66.53,22.338,25.843,1.701,24.6,18.82,6813.36,99.89,653.91,5.045,66.77,22.29,25.837,1.702,24.594,18.642,SENSOR_DRIFT,1.0,1.0,1.0,1.0,1.0,0.0,20.0,30.0,-0.5
42.9,TAKEOFF,92.15,64.9,1072.5,27.85,97.473,1.1281,6819.57,80.03,625.64,5.525,66.52,22.341,25.843,1.701,24.6,18.823,6818.89,100.01,654.05,5.0,65.84,22.287,25.87,1.739,24.634,18.76,SENSOR_DRIFT,1.0,1.0,1.0,1.0,1.0,0.0,20.0,30.0,-0.5
43.0,TAKEOFF,92.17,64.91,1075.0,27.85,97.464,1.128,6820.29,80.03,625.69,5.525,66.52,22.345,25.843,1.701,24.6,18.825,6827.71,99.67,656.48,4.999,66.33,22.345,25.84,1.664,24.535,18.813,SENSOR_DRIFT,1.0,1.0,1.0,1.0,1.0,0.0,20.0,30.0,-0.5
43.1,TAKEOFF,92.18,64.92,1077.5,27.84,97.455,1.1279,6821.02,80.03,625.74,5.526,66.51,22.348,25.844,1.701,24.6,18.828,6817.34,99.72,655.48,5.009,66.75,22.513,25.88,1.685,24.495,18.993,SENSOR_DRIFT,1.0,1.0,1.0,1.0,1.0,0.0,20.0,30.0,-0.5
43.2,TAKEOFF,92.2,64.93,1080.0,27.84,97.447,1.1279,6821.75,80.03,625.79,5.526,66.5,22.352,25.844,1.702,24.6,18.83,6826.25,99.44,659.67,5.044,66.61,22.446,25.898,1.669,24.692,18.842,SENSOR_DRIFT,1.0,1.0,1.0,1.0,1.0,0.0,20.0,30.0,-0.5
43.3,TAKEOFF,92.22,64.94,1082.5,27.83,97.438,1.1278,6822.47,80.03,625.85,5.526,66.49,22.355,25.844,1.702,24.6,18.833,6824.95,100.34,657.24,5.038,66.85,22.326,25.779,1.676,24.585,18.814,SENSOR_DRIFT,1.0,1.0,1.0,1.0,1.0,0.0,20.0,30.0,-0.5
43.4,TAKEOFF,92.23,64.95,1085.0,27.83,97.429,1.1277,6823.2,80.03,625.9,5.527,66.49,22.359,25.845,1.702,24.6,18.835,6817.44,99.53,656.92,5.035,66.1,22.369,25.914,1.724,24.569,18.851,SENSOR_DRIFT,1.0,1.0,1.0,1.0,1.0,0.0,20.0,30.0,-0.5
43.5,TAKEOFF,92.25,64.96,1087.5,27.82,97.42,1.1276,6823.92,80.03,625.95,5.527,66.48,22.362,25.845,1.702,24.6,18.838,6818.08,100.19,659.62,5.003,66.71,22.47,25.839,1.707,24.573,18.849,SENSOR_DRIFT,1.0,1.0,1.0,1.0,1.0,0.0,20.0,30.0,-0.5
43.6,TAKEOFF,92.27,64.97,1090.0,27.82,97.411,1.1275,6824.65,80.03,626.0,5.528,66.47,22.366,25.845,1.702,24.6,18.84,6821.8,100.63,656.27,5.048,66.81,22.299,25.82,1.706,24.554,18.766,SENSOR_DRIFT,1.0,1.0,1.0,1.0,1.0,0.0,20.0,30.0,-0.5
43.7,TAKEOFF,92.28,64.98,1092.5,27.81,97.403,1.1274,6825.37,80.03,626.05,5.528,66.47,22.37,25.846,1.702,24.6,18.843,6824.37,100.34,654.66,5.072,66.39,22.283,25.857,1.741,24.603,18.795,SENSOR_DRIFT,1.0,1.0,1.0,1.0,1.0,0.0,20.0,30.0,-0.5
43.8,TAKEOFF,92.3,65.0,1095.0,27.81,97.394,1.1274,6826.1,80.03,626.1,5.529,66.46,22.373,25.846,1.703,24.6,18.845,6835.54,99.72,654.7,5.018,66.51,22.345,25.835,1.658,24.567,18.954,SENSOR_DRIFT,1.0,1.0,1.0,1.0,1.0,0.0,20.0,30.0,-0.5
43.9,TAKEOFF,92.32,65.01,1097.5,27.8,97.385,1.1273,6826.83,80.03,626.15,5.529,66.45,22.377,25.846,1.703,24.6,18.848,6820.29,99.5,658.17,5.08,66.3,22.385,25.778,1.671,24.558,18.847,SENSOR_DRIFT,1.0,1.0,1.0,1.0,1.0,0.0,20.0,30.0,-0.5
44.0,TAKEOFF,92.33,65.02,1100.0,27.8,97.376,1.1272,6827.55,80.03,626.2,5.529,66.45,22.38,25.847,1.703,24.6,18.85,6822.23,99.33,655.48,4.996,65.94,22.381,25.851,1.727,24.607,18.733,SENSOR_DRIFT,1.0,1.0,1.0,1.0,1.0,0.0,20.0,30.0,-0.5
44.1,TAKEOFF,92.35,65.03,1102.5,27.79,97.367,1.1271,6828.28,80.03,626.25,5.53,66.44,22.384,25.847,1.703,24.6,18.853,6836.19,100.35,656.96,5.082,66.93,22.275,25.872,1.654,24.602,18.907,SENSOR_DRIFT,1.0,1.0,1.0,1.0,1.0,0.0,20.0,30.0,-0.5
44.2,TAKEOFF,92.37,65.04,1105.0,27.79,97.359,1.127,6829.0,80.03,626.31,5.53,66.43,22.387,25.847,1.703,24.6,18.855,6832.97,99.79,655.74,4.985,66.62,22.593,25.765,1.721,24.65,18.953,SENSOR_DRIFT,1.0,1.0,1.0,1.0,1.0,0.0,20.0,30.0,-0.5
44.3,TAKEOFF,92.38,65.05,1107.5,27.78,97.35,1.127,6829.73,80.03,626.36,5.531,66.42,22.391,25.848,1.703,24.6,18.858,6832.49,100.49,657.99,4.978,66.7,22.463,25.912,1.802,24.63,18.823,SENSOR_DRIFT,1.0,1.0,1.0,1.0,1.0,0.0,20.0,30.0,-0.5
44.4,TAKEOFF,92.4,65.06,1110.0,27.78,97.341,1.1269,6830.45,80.03,626.41,5.531,66.42,22.395,25.848,1.704,24.6,18.86,6834.03,100.22,658.87,5.07,66.66,22.564,25.86,1.782,24.545,18.931,SENSOR_DRIFT,1.0,1.0,1.0,1.0,1.0,0.0,20.0,30.0,-0.5
44.5,TAKEOFF,92.42,65.07,1112.5,27.77,97.332,1.1268,6831.18,80.03,626.46,5.532,66.41,22.398,25.848,1.704,24.6,18.863,6833.23,99.17,655.6,5.062,66.2,22.382,25.863,1.722,24.564,18.914,SENSOR_DRIFT,1.0,1.0,1.0,1.0,1.0,0.0,20.0,30.0,-0.5
44.6,TAKEOFF,92.43,65.08,1115.0,27.77,97.323,1.1267,6831.91,80.03,626.51,5.532,66.4,22.402,25.849,1.704,24.6,18.865,6826.02,100.13,658.19,5.021,66.44,22.548,25.863,1.601,24.535,18.811,SENSOR_DRIFT,1.0,1.0,1.0,1.0,1.0,0.0,20.0,30.0,-0.5
44.7,TAKEOFF,92.45,65.09,1117.5,27.76,97.315,1.1266,6832.63,80.03,626.56,5.533,66.4,22.405,25.849,1.704,24.6,18.868,6833.34,100.21,657.55,5.014,66.26,22.436,25.79,1.716,24.594,18.816,SENSOR_DRIFT,1.0,1.0,1.0,1.0,1.0,0.0,20.0,30.0,-0.5
44.8,TAKEOFF,92.47,65.1,1120.0,27.76,97.306,1.1265,6833.36,80.03,626.61,5.533,66.39,22.409,25.849,1.704,24.6,18.87,6831.46,100.9,658.55,5.04,66.46,22.448,25.877,1.74,24.581,18.914,SENSOR_DRIFT,1.0,1.0,1.0,1.0,1.0,0.0,20.0,30.0,-0.5
44.9,TAKEOFF,92.48,65.11,1122.5,27.75,97.297,1.1265,6834.08,80.03,626.65,5.533,66.38,22.412,25.85,1.704,24.6,18.873,6830.95,99.86,657.57,5.038,66.18,22.224,25.864,1.741,24.607,18.738,SENSOR_DRIFT,1.0,1.0,1.0,1.0,1.0,0.0,20.0,30.0,-0.5
45.0,TAKEOFF,92.5,65.13,1125.0,27.75,97.288,1.1264,6834.81,80.03,626.7,5.534,66.37,22.416,25.85,1.704,24.6,18.875,6825.43,99.11,656.77,4.975,65.98,22.469,25.85,1.785,24.639,18.869,SENSOR_DRIFT,1.0,1.0,1.0,1.0,1.0,0.0,20.0,30.0,-0.5
45.1,TAKEOFF,92.52,65.14,1127.5,27.74,97.28,1.1263,6835.53,80.03,626.75,5.534,66.37,22.42,25.85,1.705,24.6,18.878,6829.27,100.95,657.01,5.069,66.53,22.421,25.84,1.733,24.595,18.792,SENSOR_DRIFT,1.0,1.0,1.0,1.0,1.0,0.0,20.0,30.0,-0.5
45.2,TAKEOFF,92.53,65.15,1130.0,27.74,97.271,1.1262,6836.26,80.03,626.8,5.535,66.36,22.423,25.851,1.705,24.6,18.88,6833.85,100.22,658.67,5.029,67.08,22.389,25.808,1.731,24.556,18.958,SENSOR_DRIFT,1.0,1.0,1.0,1.0,1.0,0.0,20.0,30.0,-0.5
45.3,TAKEOFF,92.55,65.16,1132.5,27.73,97.262,1.1261,6836.98,80.03,626.85,5.535,66.35,22.427,25.851,1.705,24.6,18.883,6836.6,100.35,657.27,5.011,66.44,22.496,25.784,1.743,24.581,18.77,SENSOR_DRIFT,1.0,1.0,1.0,1.0,1.0,0.0,20.0,30.0,-0.5
45.4,TAKEOFF,92.57,65.17,1135.0,27.73,97.253,1.126,6837.71,80.03,626.9,5.536,66.35,22.43,25.851,1.705,24.6,18.885,6833.66,100.86,659.26,5.046,66.03,22.652,25.882,1.659,24.531,18.894,SENSOR_DRIFT,1.0,1.0,1.0,1.0,1.0,0.0,20.0,30.0,-0.5
45.5,TAKEOFF,92.58,65.18,1137.5,27.72,97.244,1.126,6838.44,80.03,626.95,5.536,66.34,22.434,25.852,1.705,24.6,18.888,6835.94,99.74,657.01,5.036,65.85,22.52,25.981,1.763,24.596,18.899,SENSOR_DRIFT,1.0,1.0,1.0,1.0,1.0,0.0,20.0,30.0,-0.5
45.6,TAKEOFF,92.6,65.19,1140.0,27.72,97.236,1.1259,6839.16,80.03,627.0,5.536,66.33,22.437,25.852,1.705,24.6,18.89,6838.22,98.49,660.53,5.011,66.41,22.541,25.889,1.66,24.673,18.828,SENSOR_DRIFT,1.0,1.0,1.0,1.0,1.0,0.0,20.0,30.0,-0.5
45.7,TAKEOFF,92.62,65.2,1142.5,27.71,97.227,1.1258,6839.89,80.03,627.05,5.537,66.33,22.441,25.852,1.706,24.6,18.893,6837.98,100.26,660.74,5.027,66.15,22.443,25.751,1.746,24.608,18.939,SENSOR_DRIFT,1.0,1.0,1.0,1.0,1.0,0.0,20.0,30.0,-0.5
45.8,TAKEOFF,92.63,65.21,1145.0,27.71,97.218,1.1257,6840.61,80.03,627.1,5.537,66.32,22.445,25.853,1.706,24.6,18.895,6849.34,100.24,659.31,5.066,66.45,22.49,25.818,1.706,24.666,19.007,SENSOR_DRIFT,1.0,1.0,1.0,1.0,1.0,0.0,20.0,30.0,-0.5
45.9,TAKEOFF,92.65,65.22,1147.5,27.7,97.209,1.1256,6841.34,80.03,627.14,5.538,66.31,22.448,25.853,1.706,24.6,18.898,6834.58,100.18,654.85,5.005,66.22,22.296,25.838,1.696,24.557,18.83,SENSOR_DRIFT,1.0,1.0,1.0,1.0,1.0,0.0,20.0,30.0,-0.5
46.0,TAKEOFF,92.67,65.23,1150.0,27.7,97.2,1.1255,6842.06,80.03,627.19,5.538,66.3,22.452,25.853,1.706,24.6,18.9,6848.15,100.05,659.59,4.998,65.9,22.333,25.899,1.689,24.547,18.998,SENSOR_DRIFT,1.0,1.0,1.0,1.0,1.0,0.0,20.0,30.0,-0.5
46.1,TAKEOFF,92.68,65.24,1152.5,27.69,97.192,1.1255,6842.79,80.03,627.24,5.539,66.3,22.455,25.854,1.706,24.6,18.903,6836.12,100.1,655.08,5.031,66.55,22.467,25.875,1.826,24.526,18.931,SENSOR_DRIFT,1.0,1.0,1.0,1.0,1.0,0.0,20.0,30.0,-0.5
46.2,TAKEOFF,92.7,65.26,1155.0,27.69,97.183,1.1254,6843.51,80.03,627.29,5.539,66.29,22.459,25.854,1.706,24.6,18.905,6840.85,101.34,658.8,5.066,65.79,22.411,25.92,1.723,24.69,18.893,SENSOR_DRIFT,1.0,1.0,1.0,1.0,1.0,0.0,20.0,30.0,-0.5
46.3,TAKEOFF,92.72,65.27,1157.5,27.68,97.174,1.1253,6844.24,80.03,627.34,5.539,66.28,22.462,25.854,1.707,24.6,18.908,6843.28,99.79,656.85,4.989,65.61,22.531,25.949,1.719,24.676,18.947,SENSOR_DRIFT,1.0,1.0,1.0,1.0,1.0,0.0,20.0,30.0,-0.5
46.4,TAKEOFF,92.73,65.28,1160.0,27.68,97.165,1.1252,6844.96,80.03,627.39,5.54,66.28,22.466,25.855,1.707,24.6,18.91,6851.83,99.18,658.2,5.02,66.6,22.623,25.902,1.655,24.526,18.857,SENSOR_DRIFT,1.0,1.0,1.0,1.0,1.0,0.0,20.0,30.0,-0.5
46.5,TAKEOFF,92.75,65.29,1162.5,27.67,97.157,1.1251,6845.69,80.03,627.43,5.54,66.27,22.47,25.855,1.707,24.6,18.913,6842.05,99.96,656.1,5.063,66.3,22.443,25.861,1.771,24.629,18.946,SENSOR_DRIFT,1.0,1.0,1.0,1.0,1.0,0.0,20.0,30.0,-0.5
46.6,TAKEOFF,92.77,65.3,1165.0,27.67,97.148,1.125,6846.41,80.03,627.48,5.541,66.26,22.473,25.855,1.707,24.6,18.915,6841.47,100.07,658.82,5.015,66.14,22.422,25.847,1.739,24.612,18.733,SENSOR_DRIFT,1.0,1.0,1.0,1.0,1.0,0.0,20.0,30.0,-0.5
46.7,TAKEOFF,92.78,65.31,1167.5,27.66,97.139,1.125,6847.14,80.03,627.53,5.541,66.26,22.477,25.856,1.707,24.6,18.918,6846.25,98.96,656.26,5.001,65.99,22.646,25.857,1.75,24.553,19.012,SENSOR_DRIFT,1.0,1.0,1.0,1.0,1.0,0.0,20.0,30.0,-0.5
46.8,TAKEOFF,92.8,65.32,1170.0,27.66,97.13,1.1249,6847.87,80.03,627.58,5.542,66.25,22.48,25.856,1.707,24.6,18.92,6841.87,100.06,656.6,5.035,65.97,22.513,25.893,1.782,24.506,18.854,SENSOR_DRIFT,1.0,1.0,1.0,1.0,1.0,0.0,20.0,30.0,-0.5
46.9,TAKEOFF,92.82,65.33,1172.5,27.65,97.121,1.1248,6848.59,80.03,627.62,5.542,66.24,22.484,25.856,1.708,24.6,18.923,6855.67,98.99,656.03,5.047,66.35,22.52,25.821,1.659,24.562,19.101,SENSOR_DRIFT,1.0,1.0,1.0,1.0,1.0,0.0,20.0,30.0,-0.5
47.0,TAKEOFF,92.83,65.34,1175.0,27.65,97.113,1.1247,6849.32,80.03,627.67,5.543,66.23,22.487,25.857,1.708,24.6,18.925,6855.39,100.03,658.79,5.078,66.62,22.441,25.792,1.743,24.568,19.068,SENSOR_DRIFT,1.0,1.0,1.0,1.0,1.0,0.0,20.0,30.0,-0.5
47.1,TAKEOFF,92.85,65.35,1177.5,27.64,97.104,1.1246,6850.04,80.03,627.72,5.543,66.23,22.491,25.857,1.708,24.6,18.928,6852.3,101.37,658.65,5.068,65.89,22.428,25.844,1.655,24.603,18.934,SENSOR_DRIFT,1.0,1.0,1.0,1.0,1.0,0.0,20.0,30.0,-0.5
47.2,TAKEOFF,92.87,65.36,1180.0,27.64,97.095,1.1245,6850.77,80.03,627.77,5.543,66.22,22.495,25.857,1.708,24.6,18.93,6852.59,98.69,659.48,5.04,66.53,22.589,25.812,1.809,24.526,19.023,SENSOR_DRIFT,1.0,1.0,1.0,1.0,1.0,0.0,20.0,30.0,-0.5
47.3,TAKEOFF,92.88,65.37,1182.5,27.63,97.086,1.1245,6851.49,80.03,627.81,5.544,66.21,22.498,25.858,1.708,24.6,18.933,6849.63,99.95,659.8,5.056,66.26,22.465,25.844,1.68,24.625,19.015,SENSOR_DRIFT,1.0,1.0,1.0,1.0,1.0,0.0,20.0,30.0,-0.5
47.4,TAKEOFF,92.9,65.39,1185.0,27.63,97.078,1.1244,6852.22,80.03,627.86,5.544,66.21,22.502,25.858,1.708,24.6,18.935,6848.05,100.13,657.43,5.05,65.83,22.637,25.819,1.708,24.541,18.905,SENSOR_DRIFT,1.0,1.0,1.0,1.0,1.0,0.0,20.0,30.0,-0.5
47.5,TAKEOFF,92.92,65.4,1187.5,27.62,97.069,1.1243,6852.94,80.03,627.91,5.545,66.2,22.505,25.858,1.708,24.6,18.938,6848.7,99.69,658.14,4.99,66.57,22.532,25.808,1.719,24.653,18.997,SENSOR_DRIFT,1.0,1.0,1.0,1.0,1.0,0.0,20.0,30.0,-0.5
47.6,TAKEOFF,92.93,65.41,1190.0,27.62,97.06,1.1242,6853.67,80.03,627.95,5.545,66.19,22.509,25.859,1.709,24.6,18.94,6849.45,100.17,658.13,5.073,67.18,22.498,25.741,1.727,24.535,18.884,SENSOR_DRIFT,1.0,1.0,1.0,1.0,1.0,0.0,20.0,30.0,-0.5
47.7,TAKEOFF,92.95,65.42,1192.5,27.61,97.051,1.1241,6854.39,80.03,628.0,5.546,66.19,22.512,25.859,1.709,24.6,18.943,6857.43,99.35,655.48,4.983,65.48,22.559,25.834,1.677,24.591,18.886,SENSOR_DRIFT,1.0,1.0,1.0,1.0,1.0,0.0,20.0,30.0,-0.5
47.8,TAKEOFF,92.97,65.43,1195.0,27.61,97.043,1.124,6855.12,80.03,628.05,5.546,66.18,22.516,25.859,1.709,24.6,18.945,6853.14,99.77,659.11,5.074,66.18,22.617,25.878,1.65,24.579,19.108,SENSOR_DRIFT,1.0,1.0,1.0,1.0,1.0,0.0,20.0,30.0,-0.5
47.9,TAKEOFF,92.98,65.44,1197.5,27.6,97.034,1.124,6855.84,80.03,628.09,5.546,66.17,22.52,25.86,1.709,24.6,18.948,6850.91,99.74,658.9,5.003,66.34,22.584,25.863,1.618,24.567,18.8,SENSOR_DRIFT,1.0,1.0,1.0,1.0,1.0,0.0,20.0,30.0,-0.5
48.0,TAKEOFF,93.0,65.45,1200.0,27.6,97.025,1.1239,6856.57,80.03,628.14,5.547,66.16,22.523,25.86,1.709,24.6,18.95,6855.45,100.59,657.52,5.045,65.83,22.556,25.895,1.64,24.628,18.911,SENSOR_DRIFT,1.0,1.0,1.0,1.0,1.0,0.0,20.0,30.0,-0.5
48.1,TAKEOFF,93.02,65.46,1202.5,27.59,97.016,1.1238,6857.29,80.03,628.19,5.547,66.16,22.527,25.86,1.709,24.6,18.953,6852.86,99.48,655.52,5.051,66.15,22.536,25.88,1.745,24.451,18.96,SENSOR_DRIFT,1.0,1.0,1.0,1.0,1.0,0.0,20.0,30.0,-0.5
48.2,TAKEOFF,93.03,65.47,1205.0,27.59,97.007,1.1237,6858.02,80.03,628.23,5.548,66.15,22.53,25.861,1.71,24.6,18.955,6846.73,100.62,658.16,5.066,66.11,22.549,25.856,1.714,24.598,19.032,SENSOR_DRIFT,1.0,1.0,1.0,1.0,1.0,0.0,20.0,30.0,-0.5
48.3,TAKEOFF,93.05,65.48,1207.5,27.58,96.999,1.1236,6858.74,80.03,628.28,5.548,66.14,22.534,25.861,1.71,24.6,18.958,6854.47,100.26,659.97,5.012,66.47,22.495,25.946,1.797,24.627,18.967,SENSOR_DRIFT,1.0,1.0,1.0,1.0,1.0,0.0,20.0,30.0,-0.5
48.4,TAKEOFF,93.07,65.49,1210.0,27.58,96.99,1.1235,6859.47,80.03,628.33,5.549,66.14,22.537,25.861,1.71,24.6,18.96,6858.78,100.02,657.55,5.049,66.06,22.506,25.936,1.695,24.658,18.899,SENSOR_DRIFT,1.0,1.0,1.0,1.0,1.0,0.0,20.0,30.0,-0.5
48.5,TAKEOFF,93.08,65.5,1212.5,27.57,96.981,1.1235,6860.19,80.03,628.37,5.549,66.13,22.541,25.862,1.71,24.6,18.963,6855.98,99.44,657.65,5.035,66.54,22.508,25.91,1.693,24.596,18.698,SENSOR_DRIFT,1.0,1.0,1.0,1.0,1.0,0.0,20.0,30.0,-0.5
48.6,TAKEOFF,93.1,65.52,1215.0,27.57,96.972,1.1234,6860.92,80.03,628.42,5.549,66.12,22.545,25.862,1.71,24.6,18.965,6862.05,99.66,657.38,5.049,66.12,22.477,25.86,1.737,24.612,19.003,SENSOR_DRIFT,1.0,1.0,1.0,1.0,1.0,0.0,20.0,30.0,-0.5
48.7,TAKEOFF,93.12,65.53,1217.5,27.56,96.964,1.1233,6861.64,80.03,628.47,5.55,66.12,22.548,25.862,1.71,24.6,18.968,6859.02,100.51,656.31,5.053,66.03,22.353,25.787,1.641,24.611,18.93,SENSOR_DRIFT,1.0,1.0,1.0,1.0,1.0,0.0,20.0,30.0,-0.5
48.8,TAKEOFF,93.13,65.54,1220.0,27.56,96.955,1.1232,6862.37,80.03,628.51,5.55,66.11,22.552,25.863,1.711,24.6,18.97,6864.3,98.51,657.11,5.049,65.63,22.607,25.827,1.679,24.563,18.938,SENSOR_DRIFT,1.0,1.0,1.0,1.0,1.0,0.0,20.0,30.0,-0.5
48.9,TAKEOFF,93.15,65.55,1222.5,27.55,96.946,1.1231,6863.09,80.03,628.56,5.551,66.1,22.555,25.863,1.711,24.6,18.973,6865.6,99.82,659.4,5.077,66.71,22.41,25.908,1.788,24.597,18.883,SENSOR_DRIFT,1.0,1.0,1.0,1.0,1.0,0.0,20.0,30.0,-0.5
49.0,TAKEOFF,93.17,65.56,1225.0,27.55,96.937,1.1231,6863.82,80.03,628.6,5.551,66.1,22.559,25.863,1.711,24.6,18.975,6874.22,100.15,657.77,5.035,66.62,22.614,25.855,1.8,24.646,18.854,SENSOR_DRIFT,1.0,1.0,1.0,1.0,1.0,0.0,20.0,30.0,-0.5
49.1,TAKEOFF,93.18,65.57,1227.5,27.54,96.929,1.123,6864.54,80.03,628.65,5.552,66.09,22.562,25.864,1.711,24.6,18.978,6862.2,99.24,657.09,5.018,65.8,22.865,25.784,1.76,24.711,18.984,SENSOR_DRIFT,1.0,1.0,1.0,1.0,1.0,0.0,20.0,30.0,-0.5
49.2,TAKEOFF,93.2,65.58,1230.0,27.54,96.92,1.1229,6865.27,80.03,628.69,5.552,66.08,22.566,25.864,1.711,24.6,18.98,6860.46,99.53,659.74,5.038,66.21,22.582,25.889,1.745,24.607,18.986,SENSOR_DRIFT,1.0,1.0,1.0,1.0,1.0,0.0,20.0,30.0,-0.5
49.3,TAKEOFF,93.22,65.59,1232.5,27.53,96.911,1.1228,6865.99,80.03,628.74,5.553,66.07,22.569,25.864,1.711,24.6,18.983,6859.61,100.16,658.52,5.038,65.66,22.631,25.888,1.731,24.634,18.949,SENSOR_DRIFT,1.0,1.0,1.0,1.0,1.0,0.0,20.0,30.0,-0.5
49.4,TAKEOFF,93.23,65.6,1235.0,27.53,96.902,1.1227,6866.72,80.03,628.79,5.553,66.07,22.573,25.865,1.711,24.6,18.985,6859.41,100.57,658.17,5.078,65.72,22.555,25.845,1.665,24.571,18.809,SENSOR_DRIFT,1.0,1.0,1.0,1.0,1.0,0.0,20.0,30.0,-0.5
49.5,TAKEOFF,93.25,65.61,1237.5,27.52,96.894,1.1226,6867.44,80.03,628.83,5.553,66.06,22.577,25.865,1.712,24.6,18.988,6868.18,99.71,657.86,5.06,66.08,22.487,25.771,1.699,24.608,19.085,SENSOR_DRIFT,1.0,1.0,1.0,1.0,1.0,0.0,20.0,30.0,-0.5
49.6,TAKEOFF,93.27,65.62,1240.0,27.52,96.885,1.1226,6868.17,80.03,628.88,5.554,66.05,22.58,25.865,1.712,24.6,18.99,6867.01,100.12,658.61,4.983,66.36,22.699,25.86,1.705,24.557,18.979,SENSOR_DRIFT,1.0,1.0,1.0,1.0,1.0,0.0,20.0,30.0,-0.5
49.7,TAKEOFF,93.28,65.63,1242.5,27.51,96.876,1.1225,6868.89,80.03,628.92,5.554,66.05,22.584,25.866,1.712,24.6,18.993,6874.28,99.61,656.44,5.065,65.6,22.633,25.91,1.654,24.582,19.042,SENSOR_DRIFT,1.0,1.0,1.0,1.0,1.0,0.0,20.0,30.0,-0.5
49.8,TAKEOFF,93.3,65.65,1245.0,27.51,96.867,1.1224,6869.62,80.03,628.97,5.555,66.04,22.587,25.866,1.712,24.6,18.995,6869.15,99.55,655.95,5.065,66.01,22.683,25.872,1.665,24.599,19.159,SENSOR_DRIFT,1.0,1.0,1.0,1.0,1.0,0.0,20.0,30.0,-0.5
49.9,TAKEOFF,93.32,65.66,1247.5,27.5,96.859,1.1223,6870.34,80.03,629.01,5.555,66.03,22.591,25.866,1.712,24.6,18.998,6875.75,101.08,659.85,5.02,66.21,22.592,25.942,1.676,24.59,18.803,SENSOR_DRIFT,1.0,1.0,1.0,1.0,1.0,0.0,20.0,30.0,-0.5
50.0,TAKEOFF,93.33,65.67,1250.0,27.5,96.85,1.1222,6871.07,80.03,629.06,5.556,66.03,22.594,25.867,1.712,24.6,19.0,6867.66,99.99,660.94,5.037,65.67,22.624,25.807,1.626,24.638,18.939,SENSOR_DRIFT,1.0,1.0,1.0,1.0,1.0,0.0,20.0,30.0,-0.5
50.1,TAKEOFF,93.35,65.68,1252.5,27.49,96.841,1.1221,6871.79,80.03,629.1,5.556,66.02,22.598,25.867,1.713,24.6,19.003,6867.61,99.54,658.92,5.09,65.7,22.484,25.854,1.695,24.614,18.954,SENSOR_DRIFT,1.0,1.0,1.0,1.0,1.0,0.0,20.0,30.0,-0.5
50.2,TAKEOFF,93.37,65.69,1255.0,27.49,96.832,1.1221,6872.52,80.03,629.15,5.556,66.01,22.602,25.867,1.713,24.6,19.005,6873.75,99.61,658.45,5.021,66.05,22.606,25.843,1.712,24.568,18.937,SENSOR_DRIFT,1.0,1.0,1.0,1.0,1.0,0.0,20.0,30.0,-0.5
50.3,TAKEOFF,93.38,65.7,1257.5,27.48,96.824,1.122,6873.24,80.03,629.19,5.557,66.01,22.605,25.868,1.713,24.6,19.008,6866.45,100.04,658.66,5.084,66.45,22.459,25.896,1.764,24.607,19.009,SENSOR_DRIFT,1.0,1.0,1.0,1.0,1.0,0.0,20.0,30.0,-0.5
50.4,TAKEOFF,93.4,65.71,1260.0,27.48,96.815,1.1219,6873.97,80.03,629.24,5.557,66.0,22.609,25.868,1.713,24.6,19.01,6861.13,100.53,658.75,5.05,66.02,22.531,25.886,1.734,24.626,18.989,SENSOR_DRIFT,1.0,1.0,1.0,1.0,1.0,0.0,20.0,30.0,-0.5
50.5,TAKEOFF,93.42,65.72,1262.5,27.47,96.806,1.1218,6874.69,80.04,629.28,5.558,65.99,22.612,25.868,1.713,24.6,19.013,6867.23,99.27,658.04,4.979,65.94,22.703,25.891,1.78,24.593,19.043,SENSOR_DRIFT,1.0,1.0,1.0,1.0,1.0,0.0,20.0,30.0,-0.5
50.6,TAKEOFF,93.43,65.73,1265.0,27.47,96.797,1.1217,6875.42,80.04,629.33,5.558,65.99,22.616,25.869,1.713,24.6,19.015,6880.4,98.4,659.99,5.078,65.78,22.616,25.926,1.638,24.554,19.319,SENSOR_DRIFT,1.0,1.0,1.0,1.0,1.0,0.0,20.0,30.0,-0.5
50.7,TAKEOFF,93.45,65.74,1267.5,27.46,96.789,1.1216,6876.14,80.04,629.37,5.559,65.98,22.619,25.869,1.714,24.6,19.018,6868.24,99.95,658.65,5.075,65.76,22.461,25.868,1.756,24.539,19.112,SENSOR_DRIFT,1.0,1.0,1.0,1.0,1.0,0.0,20.0,30.0,-0.5
50.8,TAKEOFF,93.47,65.75,1270.0,27.46,96.78,1.1216,6876.87,80.04,629.42,5.559,65.97,22.623,25.869,1.714,24.6,19.02,6874.93,100.55,659.24,5.064,66.72,22.519,25.858,1.681,24.589,18.896,SENSOR_DRIFT,1.0,1.0,1.0,1.0,1.0,0.0,20.0,30.0,-0.5
50.9,TAKEOFF,93.48,65.76,1272.5,27.45,96.771,1.1215,6877.59,80.04,629.46,5.559,65.97,22.627,25.87,1.714,24.6,19.023,6875.41,100.28,662.01,5.055,66.34,22.745,25.887,1.698,24.694,18.913,SENSOR_DRIFT,1.0,1.0,1.0,1.0,1.0,0.0,20.0,30.0,-0.5
51.0,TAKEOFF,93.5,65.78,1275.0,27.45,96.762,1.1214,6878.31,80.04,629.51,5.56,65.96,22.63,25.87,1.714,24.6,19.025,6884.71,99.7,662.7,5.042,65.93,22.688,25.859,1.62,24.499,18.917,SENSOR_DRIFT,1.0,1.0,1.0,1.0,1.0,0.0,20.0,30.0,-0.5
51.1,TAKEOFF,93.52,65.79,1277.5,27.44,96.754,1.1213,6879.04,80.04,629.55,5.56,65.95,22.634,25.87,1.714,24.6,19.028,6879.4,99.72,658.83,5.06,65.38,22.634,25.866,1.717,24.589,18.984,SENSOR_DRIFT,1.0,1.0,1.0,1.0,1.0,0.0,20.0,30.0,-0.5
51.2,TAKEOFF,93.53,65.8,1280.0,27.44,96.745,1.1212,6879.76,80.04,629.6,5.561,65.94,22.637,25.871,1.714,24.6,19.03,6884.64,99.16,658.15,5.029,65.86,22.698,25.887,1.627,24.605,18.916,SENSOR_DRIFT,1.0,1.0,1.0,1.0,1.0,0.0,20.0,30.0,-0.5
51.3,TAKEOFF,93.55,65.81,1282.5,27.43,96.736,1.1212,6880.49,80.04,629.64,5.561,65.94,22.641,25.871,1.715,24.6,19.033,6878.16,99.66,657.28,5.06,65.97,22.586,25.899,1.773,24.645,19.134,SENSOR_DRIFT,1.0,1.0,1.0,1.0,1.0,0.0,20.0,30.0,-0.5
51.4,TAKEOFF,93.57,65.82,1285.0,27.43,96.727,1.1211,6881.21,80.04,629.69,5.562,65.93,22.644,25.871,1.715,24.6,19.035,6887.78,100.45,662.6,4.999,66.25,22.746,25.928,1.614,24.628,19.093,SENSOR_DRIFT,1.0,1.0,1.0,1.0,1.0,0.0,20.0,30.0,-0.5
51.5,TAKEOFF,93.58,65.83,1287.5,27.42,96.719,1.121,6881.94,80.04,629.73,5.562,65.92,22.648,25.872,1.715,24.6,19.038,6885.41,99.71,659.38,5.075,65.84,22.825,26.003,1.654,24.534,19.154,SENSOR_DRIFT,1.0,1.0,1.0,1.0,1.0,0.0,20.0,30.0,-0.5
51.6,TAKEOFF,93.6,65.84,1290.0,27.42,96.71,1.1209,6882.66,80.04,629.77,5.562,65.92,22.652,25.872,1.715,24.6,19.04,6889.99,99.33,662.59,5.029,65.34,22.608,25.816,1.726,24.667,18.995,SENSOR_DRIFT,1.0,1.0,1.0,1.0,1.0,0.0,20.0,30.0,-0.5
51.7,TAKEOFF,93.62,65.85,1292.5,27.41,96.701,1.1208,6883.39,80.04,629.82,5.563,65.91,22.655,25.872,1.715,24.6,19.043,6880.54,100.01,661.82,5.091,65.99,22.598,25.903,1.741,24.58,18.986,SENSOR_DRIFT,1.0,1.0,1.0,1.0,1.0,0.0,20.0,30.0,-0.5
51.8,TAKEOFF,93.63,65.86,1295.0,27.41,96.692,1.1207,6884.11,80.04,629.86,5.563,65.9,22.659,25.873,1.715,24.6,19.045,6894.77,100.29,660.38,5.05,66.0,22.542,25.905,1.785,24.637,19.011,SENSOR_DRIFT,1.0,1.0,1.0,1.0,1.0,0.0,20.0,30.0,-0.5
51.9,TAKEOFF,93.65,65.87,1297.5,27.4,96.684,1.1207,6884.84,80.04,629.91,5.564,65.9,22.662,25.873,1.715,24.6,19.048,6885.35,100.15,662.13,5.046,66.3,22.637,25.903,1.726,24.613,18.933,SENSOR_DRIFT,1.0,1.0,1.0,1.0,1.0,0.0,20.0,30.0,-0.5
52.0,TAKEOFF,93.67,65.88,1300.0,27.4,96.675,1.1206,6885.56,80.04,629.95,5.564,65.89,22.666,25.873,1.716,24.6,19.05,6886.92,99.89,662.16,5.04,66.05,22.749,25.835,1.687,24.662,19.099,SENSOR_DRIFT,1.0,1.0,1.0,1.0,1.0,0.0,20.0,30.0,-0.5
52.1,TAKEOFF,93.68,65.89,1302.5,27.39,96.666,1.1205,6886.29,80.04,630.0,5.565,65.88,22.669,25.874,1.716,24.6,19.053,6886.69,99.4,659.28,5.096,65.88,22.767,25.98,1.687,24.588,19.043,SENSOR_DRIFT,1.0,1.0,1.0,1.0,1.0,0.0,20.0,30.0,-0.5
52.2,TAKEOFF,93.7,65.91,1305.0,27.39,96.658,1.1204,6887.01,80.04,630.04,5.565,65.88,22.673,25.874,1.716,24.6,19.055,6884.52,100.16,657.43,5.05,65.9,22.604,25.773,1.712,24.542,19.141,SENSOR_DRIFT,1.0,1.0,1.0,1.0,1.0,0.0,20.0,30.0,-0.5
52.3,TAKEOFF,93.72,65.92,1307.5,27.38,96.649,1.1203,6887.73,80.04,630.08,5.566,65.87,22.677,25.874,1.716,24.6,19.058,6885.17,100.35,659.69,5.129,66.36,22.642,25.832,1.684,24.579,19.08,SENSOR_DRIFT,1.0,1.0,1.0,1.0,1.0,0.0,20.0,30.0,-0.5
52.4,TAKEOFF,93.73,65.93,1310.0,27.38,96.64,1.1202,6888.46,80.04,630.13,5.566,65.86,22.68,25.875,1.716,24.6,19.06,6883.95,99.74,662.09,5.06,66.46,22.521,25.832,1.754,24.651,18.989,SENSOR_DRIFT,1.0,1.0,1.0,1.0,1.0,0.0,20.0,30.0,-0.5
52.5,TAKEOFF,93.75,65.94,1312.5,27.37,96.631,1.1202,6889.18,80.04,630.17,5.566,65.86,22.684,25.875,1.716,24.6,19.063,6895.34,99.82,658.28,5.094,66.0,22.86,25.894,1.689,24.651,18.999,SENSOR_DRIFT,1.0,1.0,1.0,1.0,1.0,0.0,20.0,30.0,-0.5
52.6,TAKEOFF,93.77,65.95,1315.0,27.37,96.623,1.1201,6889.91,80.04,630.21,5.567,65.85,22.687,25.875,1.717,24.6,19.065,6884.5,99.3,661.67,5.133,66.15,22.658,25.924,1.659,24.628,19.273,SENSOR_DRIFT,1.0,1.0,1.0,1.0,1.0,0.0,20.0,30.0,-0.5
52.7,TAKEOFF,93.78,65.96,1317.5,27.36,96.614,1.12,6890.63,80.04,630.26,5.567,65.84,22.691,25.876,1.717,24.6,19.068,6895.51,99.92,662.27,5.028,66.27,22.857,25.988,1.801,24.565,19.217,SENSOR_DRIFT,1.0,1.0,1.0,1.0,1.0,0.0,20.0,30.0,-0.5
52.8,TAKEOFF,93.8,65.97,1320.0,27.36,96.605,1.1199,6891.36,80.04,630.3,5.568,65.84,22.694,25.876,1.717,24.6,19.07,6898.14,100.68,660.35,5.131,65.87,22.698,25.882,1.704,24.625,19.047,SENSOR_DRIFT,1.0,1.0,1.0,1.0,1.0,0.0,20.0,30.0,-0.5
52.9,TAKEOFF,93.82,65.98,1322.5,27.35,96.596,1.1198,6892.08,80.04,630.35,5.568,65.83,22.698,25.876,1.717,24.6,19.073,6900.56,100.37,660.02,4.99,65.77,22.749,25.87,1.67,24.596,18.984,SENSOR_DRIFT,1.0,1.0,1.0,1.0,1.0,0.0,20.0,30.0,-0.5
53.0,TAKEOFF,93.83,65.99,1325.0,27.35,96.588,1.1197,6892.81,80.04,630.39,5.569,65.82,22.702,25.877,1.717,24.6,19.075,6890.69,101.02,662.61,5.138,65.67,22.752,25.797,1.707,24.604,19.159,SENSOR_DRIFT,1.0,1.0,1.0,1.0,1.0,0.0,20.0,30.0,-0.5
53.1,TAKEOFF,93.85,66.0,1327.5,27.34,96.579,1.1197,6893.53,80.04,630.43,5.569,65.82,22.705,25.877,1.717,24.6,19.078,6886.58,99.91,658.87,5.064,66.22,22.704,25.85,1.738,24.591,19.106,SENSOR_DRIFT,1.0,1.0,1.0,1.0,1.0,0.0,20.0,30.0,-0.5
53.2,TAKEOFF,93.87,66.01,1330.0,27.34,96.57,1.1196,6894.25,80.04,630.48,5.569,65.81,22.709,25.877,1.718,24.6,19.08,6893.2,100.5,660.74,5.108,65.91,22.919,25.956,1.687,24.524,19.306,SENSOR_DRIFT,1.0,1.0,1.0,1.0,1.0,0.0,20.0,30.0,-0.5
53.3,TAKEOFF,93.88,66.02,1332.5,27.33,96.562,1.1195,6894.98,80.04,630.52,5.57,65.8,22.712,25.878,1.718,24.6,19.083,6899.27,100.17,659.23,5.068,65.73,22.576,25.893,1.695,24.567,19.016,SENSOR_DRIFT,1.0,1.0,1.0,1.0,1.0,0.0,20.0,30.0,-0.5
53.4,TAKEOFF,93.9,66.04,1335.0,27.33,96.553,1.1194,6895.7,80.04,630.56,5.57,65.79,22.716,25.878,1.718,24.6,19.085,6905.4,100.29,659.4,5.077,65.47,22.639,25.871,1.815,24.61,19.014,SENSOR_DRIFT,1.0,1.0,1.0,1.0,1.0,0.0,20.0,30.0,-0.5
53.5,TAKEOFF,93.92,66.05,1337.5,27.32,96.544,1.1193,6896.43,80.04,630.61,5.571,65.79,22.719,25.878,1.718,24.6,19.088,6898.08,99.5,659.93,5.046,65.42,22.658,25.908,1.7,24.574,19.115,SENSOR_DRIFT,1.0,1.0,1.0,1.0,1.0,0.0,20.0,30.0,-0.5
53.6,TAKEOFF,93.93,66.06,1340.0,27.32,96.535,1.1193,6897.15,80.04,630.65,5.571,65.78,22.723,25.879,1.718,24.6,19.09,6894.16,100.22,661.15,5.053,66.04,22.69,26.013,1.718,24.682,18.991,SENSOR_DRIFT,1.0,1.0,1.0,1.0,1.0,0.0,20.0,30.0,-0.5
53.7,TAKEOFF,93.95,66.07,1342.5,27.31,96.527,1.1192,6897.88,80.04,630.69,5.572,65.77,22.726,25.879,1.718,24.6,19.093,6901.07,99.89,659.95,5.066,65.93,22.685,25.851,1.78,24.664,19.19,SENSOR_DRIFT,1.0,1.0,1.0,1.0,1.0,0.0,20.0,30.0,-0.5
53.8,TAKEOFF,93.97,66.08,1345.0,27.31,96.518,1.1191,6898.6,80.04,630.74,5.572,65.77,22.73,25.879,1.718,24.6,19.095,6897.62,100.29,661.87,5.083,65.53,22.913,25.962,1.789,24.627,19.02,SENSOR_DRIFT,1.0,1.0,1.0,1.0,1.0,0.0,20.0,30.0,-0.5
53.9,TAKEOFF,93.98,66.09,1347.5,27.3,96.509,1.119,6899.32,80.04,630.78,5.572,65.76,22.734,25.88,1.719,24.6,19.098,6893.29,100.58,663.44,5.079,66.19,22.708,25.954,1.769,24.571,19.134,SENSOR_DRIFT,1.0,1.0,1.0,1.0,1.0,0.0,20.0,30.0,-0.5
54.0,TAKEOFF,94.0,66.1,1350.0,27.3,96.5,1.1189,6900.05,80.04,630.82,5.573,65.75,22.737,25.88,1.719,24.6,19.1,6902.18,100.87,661.95,5.087,65.56,22.897,25.866,1.78,24.558,19.284,SENSOR_DRIFT,1.0,1.0,1.0,1.0,1.0,0.0,20.0,30.0,-0.5
54.1,TAKEOFF,94.02,66.11,1352.5,27.29,96.492,1.1188,6900.77,80.04,630.87,5.573,65.75,22.741,25.88,1.719,24.6,19.103,6890.54,99.9,658.13,5.072,66.04,22.679,25.799,1.733,24.635,19.122,SENSOR_DRIFT,1.0,1.0,1.0,1.0,1.0,0.0,20.0,30.0,-0.5
54.2,TAKEOFF,94.03,66.12,1355.0,27.29,96.483,1.1188,6901.5,80.04,630.91,5.574,65.74,22.744,25.881,1.719,24.6,19.105,6906.76,100.37,658.85,5.129,65.71,22.783,25.914,1.679,24.617,18.971,SENSOR_DRIFT,1.0,1.0,1.0,1.0,1.0,0.0,20.0,30.0,-0.5
54.3,TAKEOFF,94.05,66.13,1357.5,27.28,96.474,1.1187,6902.22,80.04,630.95,5.574,65.73,22.748,25.881,1.719,24.6,19.108,6903.78,99.72,659.89,5.166,65.64,22.44,25.93,1.73,24.558,19.037,SENSOR_DRIFT,1.0,1.0,1.0,1.0,1.0,0.0,20.0,30.0,-0.5
54.4,TAKEOFF,94.07,66.14,1360.0,27.28,96.466,1.1186,6902.95,80.04,631.0,5.575,65.73,22.751,25.881,1.719,24.6,19.11,6895.17,99.87,661.42,5.12,65.81,22.783,25.968,1.737,24.558,19.177,SENSOR_DRIFT,1.0,1.0,1.0,1.0,1.0,0.0,20.0,30.0,-0.5
54.5,TAKEOFF,94.08,66.15,1362.5,27.27,96.457,1.1185,6903.67,80.04,631.04,5.575,65.72,22.755,25.882,1.72,24.6,19.113,6904.08,99.42,662.69,5.05,66.05,22.619,25.848,1.694,24.466,19.068,SENSOR_DRIFT,1.0,1.0,1.0,1.0,1.0,0.0,20.0,30.0,-0.5
54.6,TAKEOFF,94.1,66.17,1365.0,27.27,96.448,1.1184,6904.39,80.04,631.08,5.575,65.71,22.759,25.882,1.72,24.6,19.115,6905.28,101.16,659.63,5.057,66.12,22.706,25.874,1.724,24.602,19.181,SENSOR_DRIFT,1.0,1.0,1.0,1.0,1.0,0.0,20.0,30.0,-0.5
54.7,TAKEOFF,94.12,66.18,1367.5,27.26,96.439,1.1183,6905.12,80.04,631.13,5.576,65.71,22.762,25.882,1.72,24.6,19.118,6899.84,99.99,660.73,5.1,65.62,22.728,25.808,1.697,24.626,19.156,SENSOR_DRIFT,1.0,1.0,1.0,1.0,1.0,0.0,20.0,30.0,-0.5
54.8,TAKEOFF,94.13,66.19,1370.0,27.26,96.431,1.1183,6905.84,80.04,631.17,5.576,65.7,22.766,25.883,1.72,24.6,19.12,6914.14,99.65,661.17,5.025,65.7,22.678,25.854,1.711,24.544,19.121,SENSOR_DRIFT,1.0,1.0,1.0,1.0,1.0,0.0,20.0,30.0,-0.5
54.9,TAKEOFF,94.15,66.2,1372.5,27.25,96.422,1.1182,6906.57,80.04,631.21,5.577,65.69,22.769,25.883,1.72,24.6,19.123,6918.36,100.05,662.26,5.052,65.45,22.985,25.847,1.717,24.632,19.114,SENSOR_DRIFT,1.0,1.0,1.0,1.0,1.0,0.0,20.0,30.0,-0.5
55.0,TAKEOFF,94.17,66.21,1375.0,27.25,96.413,1.1181,6907.29,80.04,631.26,5.577,65.69,22.773,25.883,1.72,24.6,19.125,6899.67,100.25,660.87,5.091,65.27,22.801,25.937,1.647,24.631,19.186,SENSOR_DRIFT,1.0,1.0,1.0,1.0,1.0,0.0,20.0,30.0,-0.5
55.1,TAKEOFF,94.18,66.22,1377.5,27.24,96.405,1.118,6908.01,80.04,631.3,5.578,65.68,22.776,25.884,1.721,24.6,19.128,6904.74,99.56,659.43,5.082,66.07,22.68,25.828,1.622,24.649,19.15,SENSOR_DRIFT,1.0,1.0,1.0,1.0,1.0,0.0,20.0,30.0,-0.5
55.2,TAKEOFF,94.2,66.23,1380.0,27.24,96.396,1.1179,6908.74,80.04,631.34,5.578,65.67,22.78,25.884,1.721,24.6,19.13,6903.44,99.46,659.02,5.14,65.24,22.858,25.943,1.749,24.658,19.104,SENSOR_DRIFT,1.0,1.0,1.0,1.0,1.0,0.0,20.0,30.0,-0.5
55.3,TAKEOFF,94.22,66.24,1382.5,27.23,96.387,1.1179,6909.46,80.04,631.38,5.579,65.67,22.784,25.884,1.721,24.6,19.133,6915.95,99.28,660.73,5.061,65.43,22.621,25.903,1.751,24.622,19.188,SENSOR_DRIFT,1.0,1.0,1.0,1.0,1.0,0.0,20.0,30.0,-0.5
55.4,TAKEOFF,94.23,66.25,1385.0,27.23,96.378,1.1178,6910.19,80.04,631.43,5.579,65.66,22.787,25.885,1.721,24.6,19.135,6904.76,99.95,658.45,5.088,65.89,22.855,25.885,1.753,24.601,19.254,SENSOR_DRIFT,1.0,1.0,1.0,1.0,1.0,0.0,20.0,30.0,-0.5
55.5,TAKEOFF,94.25,66.26,1387.5,27.22,96.37,1.1177,6910.91,80.04,631.47,5.579,65.65,22.791,25.885,1.721,24.6,19.138,6898.36,99.69,662.13,5.066,65.45,22.91,25.912,1.694,24.628,19.136,SENSOR_DRIFT,1.0,1.0,1.0,1.0,1.0,0.0,20.0,30.0,-0.5
55.6,TAKEOFF,94.27,66.27,1390.0,27.22,96.361,1.1176,6911.64,80.04,631.51,5.58,65.65,22.794,25.885,1.721,24.6,19.14,6929.97,100.01,660.16,5.06,65.29,22.844,25.848,1.642,24.579,19.132,SENSOR_DRIFT,1.0,1.0,1.0,1.0,1.0,0.0,20.0,30.0,-0.5
55.7,TAKEOFF,94.28,66.28,1392.5,27.21,96.352,1.1175,6912.36,80.04,631.56,5.58,65.64,22.798,25.886,1.722,24.6,19.143,6917.0,99.58,661.29,5.049,65.74,22.853,25.938,1.763,24.597,19.231,SENSOR_DRIFT,1.0,1.0,1.0,1.0,1.0,0.0,20.0,30.0,-0.5
55.8,TAKEOFF,94.3,66.3,1395.0,27.21,96.344,1.1174,6913.08,80.04,631.6,5.581,65.63,22.801,25.886,1.722,24.6,19.145,6916.4,99.68,663.0,5.103,65.58,22.8,25.902,1.725,24.647,19.107,SENSOR_DRIFT,1.0,1.0,1.0,1.0,1.0,0.0,20.0,30.0,-0.5
55.9,TAKEOFF,94.32,66.31,1397.5,27.2,96.335,1.1174,6913.81,80.04,631.64,5.581,65.63,22.805,25.886,1.722,24.6,19.148,6919.89,100.06,663.04,5.063,65.56,22.807,25.846,1.739,24.583,19.128,SENSOR_DRIFT,1.0,1.0,1.0,1.0,1.0,0.0,20.0,30.0,-0.5
56.0,TAKEOFF,94.33,66.32,1400.0,27.2,96.326,1.1173,6914.53,80.04,631.68,5.582,65.62,22.809,25.887,1.722,24.6,19.15,6904.92,100.01,660.75,5.107,65.73,22.665,25.828,1.655,24.576,19.027,SENSOR_DRIFT,1.0,1.0,1.0,1.0,1.0,0.0,20.0,30.0,-0.5
56.1,TAKEOFF,94.35,66.33,1402.5,27.19,96.318,1.1172,6915.26,80.04,631.73,5.582,65.61,22.812,25.887,1.722,24.6,19.153,6917.57,100.1,659.57,5.124,65.95,22.757,25.867,1.717,24.658,19.184,SENSOR_DRIFT,1.0,1.0,1.0,1.0,1.0,0.0,20.0,30.0,-0.5
56.2,TAKEOFF,94.37,66.34,1405.0,27.19,96.309,1.1171,6915.98,80.04,631.77,5.582,65.61,22.816,25.887,1.722,24.6,19.155,6922.24,100.2,660.9,5.116,65.04,22.853,25.788,1.697,24.597,19.099,SENSOR_DRIFT,1.0,1.0,1.0,1.0,1.0,0.0,20.0,30.0,-0.5
56.3,TAKEOFF,94.38,66.35,1407.5,27.18,96.3,1.117,6916.7,80.04,631.81,5.583,65.6,22.819,25.888,1.722,24.6,19.158,6909.59,100.51,659.53,5.114,66.05,22.884,25.881,1.708,24.586,19.21,SENSOR_DRIFT,1.0,1.0,1.0,1.0,1.0,0.0,20.0,30.0,-0.5
56.4,TAKEOFF,94.4,66.36,1410.0,27.18,96.291,1.1169,6917.43,80.04,631.85,5.583,65.59,22.823,25.888,1.723,24.6,19.16,6923.66,100.17,662.71,5.124,65.48,22.903,25.805,1.699,24.5,19.244,SENSOR_DRIFT,1.0,1.0,1.0,1.0,1.0,0.0,20.0,30.0,-0.5
56.5,TAKEOFF,94.42,66.37,1412.5,27.17,96.283,1.1169,6918.15,80.04,631.9,5.584,65.59,22.826,25.888,1.723,24.6,19.163,6916.35,100.41,660.65,5.04,65.98,22.83,25.879,1.798,24.524,19.081,SENSOR_DRIFT,1.0,1.0,1.0,1.0,1.0,0.0,20.0,30.0,-0.5
56.6,TAKEOFF,94.43,66.38,1415.0,27.17,96.274,1.1168,6918.87,80.04,631.94,5.584,65.58,22.83,25.889,1.723,24.6,19.165,6914.91,99.19,660.81,5.07,65.71,22.808,25.865,1.711,24.69,19.025,SENSOR_DRIFT,1.0,1.0,1.0,1.0,1.0,0.0,20.0,30.0,-0.5
56.7,TAKEOFF,94.45,66.39,1417.5,27.16,96.265,1.1167,6919.6,80.04,631.98,5.585,65.57,22.834,25.889,1.723,24.6,19.168,6922.28,100.77,661.14,5.099,65.42,22.832,25.909,1.765,24.632,19.174,SENSOR_DRIFT,1.0,1.0,1.0,1.0,1.0,0.0,20.0,30.0,-0.5
56.8,TAKEOFF,94.47,66.4,1420.0,27.16,96.257,1.1166,6920.32,80.04,632.02,5.585,65.57,22.837,25.889,1.723,24.6,19.17,6927.52,100.63,660.91,5.115,65.25,22.898,25.893,1.696,24.541,19.243,SENSOR_DRIFT,1.0,1.0,1.0,1.0,1.0,0.0,20.0,30.0,-0.5
56.9,TAKEOFF,94.48,66.41,1422.5,27.15,96.248,1.1165,6921.05,80.04,632.07,5.585,65.56,22.841,25.89,1.723,24.6,19.173,6925.35,100.04,661.95,5.08,65.26,22.857,25.979,1.707,24.616,19.002,SENSOR_DRIFT,1.0,1.0,1.0,1.0,1.0,0.0,20.0,30.0,-0.5
57.0,TAKEOFF,94.5,66.43,1425.0,27.15,96.239,1.1165,6921.77,80.04,632.11,5.586,65.55,22.844,25.89,1.724,24.6,19.175,6914.53,99.15,660.77,5.093,65.92,22.75,25.879,1.74,24.587,19.14,SENSOR_DRIFT,1.0,1.0,1.0,1.0,1.0,0.0,20.0,30.0,-0.5
57.1,TAKEOFF,94.52,66.44,1427.5,27.14,96.231,1.1164,6922.49,80.05,632.15,5.586,65.55,22.848,25.89,1.724,24.6,19.178,6918.8,99.65,666.22,5.135,65.87,22.96,25.904,1.689,24.521,19.244,SENSOR_DRIFT,1.0,1.0,1.0,1.0,1.0,0.0,20.0,30.0,-0.5
57.2,TAKEOFF,94.53,66.45,1430.0,27.14,96.222,1.1163,6923.22,80.05,632.19,5.587,65.54,22.851,25.891,1.724,24.6,19.18,6926.59,99.19,664.67,5.121,65.58,22.992,25.87,1.783,24.454,19.001,SENSOR_DRIFT,1.0,1.0,1.0,1.0,1.0,0.0,20.0,30.0,-0.5
57.3,TAKEOFF,94.55,66.46,1432.5,27.13,96.213,1.1162,6923.94,80.05,632.24,5.587,65.53,22.855,25.891,1.724,24.6,19.183,6915.59,99.74,662.45,5.113,65.09,22.847,25.926,1.737,24.565,19.221,SENSOR_DRIFT,1.0,1.0,1.0,1.0,1.0,0.0,20.0,30.0,-0.5
57.4,TAKEOFF,94.57,66.47,1435.0,27.13,96.205,1.1161,6924.67,80.05,632.28,5.588,65.53,22.858,25.891,1.724,24.6,19.185,6921.31,101.03,661.48,5.081,65.38,22.928,25.82,1.666,24.623,19.168,SENSOR_DRIFT,1.0,1.0,1.0,1.0,1.0,0.0,20.0,30.0,-0.5
57.5,TAKEOFF,94.58,66.48,1437.5,27.12,96.196,1.116,6925.39,80.05,632.32,5.588,65.52,22.862,25.892,1.724,24.6,19.188,6927.82,99.57,664.35,5.037,65.77,23.075,26.061,1.721,24.592,19.174,SENSOR_DRIFT,1.0,1.0,1.0,1.0,1.0,0.0,20.0,30.0,-0.5
57.6,TAKEOFF,94.6,66.49,1440.0,27.12,96.187,1.116,6926.11,80.05,632.36,5.588,65.51,22.866,25.892,1.725,24.6,19.19,6924.46,100.49,660.89,5.085,65.17,22.859,25.849,1.708,24.614,19.157,SENSOR_DRIFT,1.0,1.0,1.0,1.0,1.0,0.0,20.0,30.0,-0.5
57.7,TAKEOFF,94.62,66.5,1442.5,27.11,96.178,1.1159,6926.84,80.05,632.4,5.589,65.51,22.869,25.892,1.725,24.6,19.193,6938.46,99.85,660.87,5.093,65.38,22.644,25.984,1.855,24.578,19.156,SENSOR_DRIFT,1.0,1.0,1.0,1.0,1.0,0.0,20.0,30.0,-0.5
57.8,TAKEOFF,94.63,66.51,1445.0,27.11,96.17,1.1158,6927.56,80.05,632.45,5.589,65.5,22.873,25.893,1.725,24.6,19.195,6929.18,100.04,663.06,5.11,65.56,22.914,25.892,1.645,24.64,19.233,SENSOR_DRIFT,1.0,1.0,1.0,1.0,1.0,0.0,20.0,30.0,-0.5
57.9,TAKEOFF,94.65,66.52,1447.5,27.1,96.161,1.1157,6928.28,80.05,632.49,5.59,65.49,22.876,25.893,1.725,24.6,19.198,6929.74,99.91,662.19,5.054,65.06,22.852,25.881,1.691,24.606,19.181,SENSOR_DRIFT,1.0,1.0,1.0,1.0,1.0,0.0,20.0,30.0,-0.5
58.0,TAKEOFF,94.67,66.53,1450.0,27.1,96.152,1.1156,6929.01,80.05,632.53,5.59,65.49,22.88,25.893,1.725,24.6,19.2,6930.4,100.32,661.92,5.078,65.46,22.762,25.779,1.789,24.6,19.261,SENSOR_DRIFT,1.0,1.0,1.0,1.0,1.0,0.0,20.0,30.0,-0.5
58.1,TAKEOFF,94.68,66.54,1452.5,27.09,96.144,1.1155,6929.73,80.05,632.57,5.591,65.48,22.883,25.894,1.725,24.6,19.203,6928.59,99.83,660.04,5.1,64.95,22.953,25.844,1.682,24.633,19.139,SENSOR_DRIFT,1.0,1.0,1.0,1.0,1.0,0.0,20.0,30.0,-0.5
58.2,TAKEOFF,94.7,66.56,1455.0,27.09,96.135,1.1155,6930.46,80.05,632.61,5.591,65.47,22.887,25.894,1.725,24.6,19.205,6934.11,100.45,660.29,5.122,66.0,23.114,25.878,1.731,24.635,19.162,SENSOR_DRIFT,1.0,1.0,1.0,1.0,1.0,0.0,20.0,30.0,-0.5
58.3,TAKEOFF,94.72,66.57,1457.5,27.08,96.126,1.1154,6931.18,80.05,632.66,5.592,65.47,22.891,25.894,1.726,24.6,19.208,6924.44,100.4,664.18,5.099,65.21,22.772,25.938,1.71,24.623,19.287,SENSOR_DRIFT,1.0,1.0,1.0,1.0,1.0,0.0,20.0,30.0,-0.5
58.4,TAKEOFF,94.73,66.58,1460.0,27.08,96.118,1.1153,6931.9,80.05,632.7,5.592,65.46,22.894,25.895,1.726,24.6,19.21,6930.77,99.83,661.19,5.058,65.95,22.925,25.86,1.715,24.575,19.171,SENSOR_DRIFT,1.0,1.0,1.0,1.0,1.0,0.0,20.0,30.0,-0.5
58.5,TAKEOFF,94.75,66.59,1462.5,27.07,96.109,1.1152,6932.63,80.05,632.74,5.592,65.45,22.898,25.895,1.726,24.6,19.213,6937.38,99.82,663.03,5.065,65.51,22.958,25.918,1.677,24.63,19.215,SENSOR_DRIFT,1.0,1.0,1.0,1.0,1.0,0.0,20.0,30.0,-0.5
58.6,TAKEOFF,94.77,66.6,1465.0,27.07,96.1,1.1151,6933.35,80.05,632.78,5.593,65.45,22.901,25.895,1.726,24.6,19.215,6929.24,99.3,662.87,5.121,65.2,22.739,25.937,1.786,24.622,19.147,SENSOR_DRIFT,1.0,1.0,1.0,1.0,1.0,0.0,20.0,30.0,-0.5
58.7,TAKEOFF,94.78,66.61,1467.5,27.06,96.092,1.1151,6934.07,80.05,632.82,5.593,65.44,22.905,25.896,1.726,24.6,19.218,6932.84,99.79,663.6,5.088,64.49,22.994,25.945,1.715,24.633,19.229,SENSOR_DRIFT,1.0,1.0,1.0,1.0,1.0,0.0,20.0,30.0,-0.5
58.8,TAKEOFF,94.8,66.62,1470.0,27.06,96.083,1.115,6934.8,80.05,632.87,5.594,65.43,22.908,25.896,1.726,24.6,19.22,6927.96,99.7,664.25,5.088,65.7,22.809,25.85,1.764,24.642,19.152,SENSOR_DRIFT,1.0,1.0,1.0,1.0,1.0,0.0,20.0,30.0,-0.5
58.9,TAKEOFF,94.82,66.63,1472.5,27.05,96.074,1.1149,6935.52,80.05,632.91,5.594,65.43,22.912,25.896,1.727,24.6,19.223,6928.08,99.59,663.47,5.125,65.43,23.043,25.935,1.703,24.605,19.062,SENSOR_DRIFT,1.0,1.0,1.0,1.0,1.0,0.0,20.0,30.0,-0.5
59.0,TAKEOFF,94.83,66.64,1475.0,27.05,96.066,1.1148,6936.24,80.05,632.95,5.595,65.42,22.916,25.897,1.727,24.6,19.225,6933.69,99.42,663.56,5.043,65.94,22.873,25.839,1.755,24.54,19.351,SENSOR_DRIFT,1.0,1.0,1.0,1.0,1.0,0.0,20.0,30.0,-0.5
59.1,TAKEOFF,94.85,66.65,1477.5,27.04,96.057,1.1147,6936.97,80.05,632.99,5.595,65.41,22.919,25.897,1.727,24.6,19.228,6944.48,100.0,666.59,5.035,65.3,22.89,25.916,1.743,24.707,19.197,SENSOR_DRIFT,1.0,1.0,1.0,1.0,1.0,0.0,20.0,30.0,-0.5
59.2,TAKEOFF,94.87,66.66,1480.0,27.04,96.048,1.1146,6937.69,80.05,633.03,5.595,65.41,22.923,25.897,1.727,24.6,19.23,6932.81,100.85,661.08,5.118,64.8,22.985,25.951,1.846,24.536,19.039,SENSOR_DRIFT,1.0,1.0,1.0,1.0,1.0,0.0,20.0,30.0,-0.5
59.3,TAKEOFF,94.88,66.67,1482.5,27.03,96.04,1.1146,6938.41,80.05,633.08,5.596,65.4,22.926,25.898,1.727,24.6,19.233,6941.41,101.36,664.42,5.087,65.91,23.049,25.883,1.744,24.613,19.16,SENSOR_DRIFT,1.0,1.0,1.0,1.0,1.0,0.0,20.0,30.0,-0.5
59.4,TAKEOFF,94.9,66.69,1485.0,27.03,96.031,1.1145,6939.14,80.05,633.12,5.596,65.39,22.93,25.898,1.727,24.6,19.235,6934.45,99.85,663.34,5.105,65.53,22.752,25.974,1.743,24.581,19.212,SENSOR_DRIFT,1.0,1.0,1.0,1.0,1.0,0.0,20.0,30.0,-0.5
59.5,TAKEOFF,94.92,66.7,1487.5,27.02,96.022,1.1144,6939.86,80.05,633.16,5.597,65.39,22.933,25.898,1.728,24.6,19.238,6929.39,99.63,661.01,5.137,65.05,22.928,25.896,1.661,24.509,19.199,SENSOR_DRIFT,1.0,1.0,1.0,1.0,1.0,0.0,20.0,30.0,-0.5
59.6,TAKEOFF,94.93,66.71,1490.0,27.02,96.013,1.1143,6940.58,80.05,633.2,5.597,65.38,22.937,25.899,1.728,24.6,19.24,6940.55,100.0,663.91,5.111,65.24,22.924,25.882,1.749,24.611,19.122,SENSOR_DRIFT,1.0,1.0,1.0,1.0,1.0,0.0,20.0,30.0,-0.5
59.7,TAKEOFF,94.95,66.72,1492.5,27.01,96.005,1.1142,6941.31,80.05,633.24,5.598,65.37,22.941,25.899,1.728,24.6,19.243,6934.04,99.71,664.18,5.092,65.48,22.771,25.956,1.773,24.543,19.457,SENSOR_DRIFT,1.0,1.0,1.0,1.0,1.0,0.0,20.0,30.0,-0.5
59.8,TAKEOFF,94.97,66.73,1495.0,27.01,95.996,1.1141,6942.03,80.05,633.29,5.598,65.37,22.944,25.899,1.728,24.6,19.245,6945.67,99.87,662.75,5.077,65.52,22.98,25.915,1.674,24.629,19.414,SENSOR_DRIFT,1.0,1.0,1.0,1.0,1.0,0.0,20.0,30.0,-0.5
59.9,TAKEOFF,94.98,66.74,1497.5,27.0,95.987,1.1141,6942.76,80.05,633.33,5.598,65.36,22.948,25.9,1.728,24.6,19.248,6945.46,100.76,666.55,5.125,65.47,22.964,25.967,1.749,24.577,19.286,SENSOR_DRIFT,1.0,1.0,1.0,1.0,1.0,0.0,20.0,30.0,-0.5
60.0,CLIMB,85.0,60.25,1500.0,27.0,95.979,1.114,6920.58,80.05,633.08,5.587,65.35,20.891,25.7,1.674,24.6,17.75,6924.79,100.27,666.08,5.098,65.36,20.885,25.744,1.703,24.614,17.728,SENSOR_DRIFT,1.0,1.0,1.0,1.0,1.0,0.0,20.0,30.0,-0.5
60.1,CLIMB,84.99,60.24,1507.08,26.99,95.954,1.1138,6899.48,80.05,632.83,5.576,65.35,20.89,25.7,1.672,24.6,17.749,6905.25,99.86,663.93,5.105,65.44,20.897,25.782,1.739,24.527,17.879,SENSOR_DRIFT,1.0,1.0,1.0,1.0,1.0,0.0,20.0,30.0,-0.5
60.2,CLIMB,84.98,60.24,1514.17,26.97,95.93,1.1135,6879.42,80.05,632.59,5.566,65.34,20.889,25.7,1.67,24.6,17.747,6871.77,99.39,660.5,5.097,65.27,20.902,25.707,1.661,24.628,17.734,SENSOR_DRIFT,1.0,1.0,1.0,1.0,1.0,0.0,20.0,30.0,-0.5
60.3,CLIMB,84.97,60.23,1521.25,26.96,95.905,1.1133,6860.34,80.05,632.35,5.556,65.33,20.887,25.7,1.668,24.6,17.746,6862.62,99.46,663.37,4.98,65.41,20.795,25.71,1.613,24.564,17.919,SENSOR_DRIFT,1.0,1.0,1.0,1.0,1.0,0.0,20.0,30.0,-0.5
60.4,CLIMB,84.97,60.23,1528.33,26.94,95.881,1.1131,6842.18,80.05,632.11,5.547,65.33,20.886,25.699,1.666,24.6,17.745,6844.29,99.13,664.82,5.066,65.15,20.81,25.727,1.698,24.596,17.649,SENSOR_DRIFT,1.0,1.0,1.0,1.0,1.0,0.0,20.0,30.0,-0.5
60.5,CLIMB,84.96,60.22,1535.42,26.93,95.856,1.1128,6824.91,80.05,631.88,5.538,65.32,20.885,25.699,1.664,24.6,17.744,6829.79,98.88,661.63,5.079,65.25,21.047,25.625,1.588,24.562,17.82,SENSOR_DRIFT,1.0,1.0,1.0,1.0,1.0,0.0,20.0,30.0,-0.5
60.6,CLIMB,84.95,60.22,1542.5,26.91,95.831,1.1126,6808.48,80.05,631.65,5.529,65.31,20.883,25.699,1.663,24.6,17.742,6809.65,99.38,661.4,5.022,65.03,20.639,25.622,1.673,24.639,17.759,SENSOR_DRIFT,1.0,1.0,1.0,1.0,1.0,0.0,20.0,30.0,-0.5
60.7,CLIMB,84.94,60.21,1549.58,26.9,95.807,1.1124,6792.85,80.05,631.42,5.521,65.31,20.882,25.699,1.661,24.6,17.741,6794.6,99.87,662.68,5.02,65.99,21.011,25.658,1.655,24.578,17.88,SENSOR_DRIFT,1.0,1.0,1.0,1.0,1.0,0.0,20.0,30.0,-0.5
60.8,CLIMB,84.93,60.21,1556.67,26.89,95.782,1.1121,6777.97,80.04,631.19,5.514,65.3,20.881,25.699,1.659,24.6,17.74,6780.57,101.39,661.87,5.026,65.29,20.785,25.679,1.681,24.569,17.636,SENSOR_DRIFT,1.0,1.0,1.0,1.0,1.0,0.0,20.0,30.0,-0.5
60.9,CLIMB,84.92,60.2,1563.75,26.87,95.758,1.1119,6763.82,80.04,630.97,5.506,65.29,20.879,25.698,1.658,24.6,17.739,6762.21,99.43,662.49,5.006,65.36,20.933,25.76,1.696,24.524,17.722,SENSOR_DRIFT,1.0,1.0,1.0,1.0,1.0,0.0,20.0,30.0,-0.5
61.0,CLIMB,84.92,60.2,1570.83,26.86,95.733,1.1117,6750.35,80.04,630.75,5.499,65.29,20.878,25.698,1.657,24.6,17.737,6752.47,99.72,659.76,4.981,65.13,20.741,25.768,1.658,24.592,17.564,SENSOR_DRIFT,1.0,1.0,1.0,1.0,1.0,0.0,20.0,30.0,-0.5
61.1,CLIMB,84.91,60.19,1577.92,26.84,95.709,1.1114,6737.52,80.04,630.53,5.493,65.28,20.877,25.698,1.655,24.6,17.736,6741.53,99.77,660.16,5.027,64.63,21.079,25.725,1.597,24.603,17.719,SENSOR_DRIFT,1.0,1.0,1.0,1.0,1.0,0.0,20.0,30.0,-0.5
61.2,CLIMB,84.9,60.18,1585.0,26.83,95.684,1.1112,6725.32,80.04,630.32,5.486,65.27,20.875,25.698,1.654,24.6,17.735,6726.25,99.91,658.24,4.969,65.4,20.834,25.76,1.605,24.584,17.754,SENSOR_DRIFT,1.0,1.0,1.0,1.0,1.0,0.0,20.0,30.0,-0.5
61.3,CLIMB,84.89,60.18,1592.08,26.82,95.66,1.111,6713.7,80.04,630.1,5.48,65.27,20.874,25.698,1.653,24.6,17.734,6716.61,100.48,660.75,4.954,65.42,20.791,25.695,1.626,24.551,17.86,SENSOR_DRIFT,1.0,1.0,1.0,1.0,1.0,0.0,20.0,30.0,-0.5
61.4,CLIMB,84.88,60.17,1599.17,26.8,95.635,1.1107,6702.63,80.04,629.89,5.475,65.26,20.873,25.698,1.652,24.6,17.732,6700.82,99.89,660.79,4.946,65.42,20.665,25.652,1.659,24.635,17.923,SENSOR_DRIFT,1.0,1.0,1.0,1.0,1.0,0.0,20.0,30.0,-0.5
61.5,CLIMB,84.87,60.17,1606.25,26.79,95.611,1.1105,6692.1,80.04,629.69,5.469,65.25,20.871,25.697,1.651,24.6,17.731,6686.56,99.23,657.72,4.949,65.04,20.847,25.743,1.657,24.598,17.617,SENSOR_DRIFT,1.0,1.0,1.0,1.0,1.0,0.0,20.0,30.0,-0.5
61.6,CLIMB,84.87,60.16,1613.33,26.77,95.587,1.1103,6682.07,80.04,629.48,5.464,65.25,20.87,25.697,1.65,24.6,17.73,6686.86,100.38,660.87,4.923,64.99,20.835,25.716,1.576,24.724,17.659,SENSOR_DRIFT,1.0,1.0,1.0,1.0,1.0,0.0,20.0,30.0,-0.5
61.7,CLIMB,84.86,60.16,1620.42,26.76,95.562,1.11,6672.52,80.04,629.28,5.459,65.24,20.869,25.697,1.649,24.6,17.729,6662.62,99.56,660.12,4.933,65.57,20.793,25.733,1.599,24.593,17.69,SENSOR_DRIFT,1.0,1.0,1.0,1.0,1.0,0.0,20.0,30.0,-0.5
61.8,CLIMB,84.85,60.15,1627.5,26.74,95.538,1.1098,6663.42,80.04,629.08,5.455,65.23,20.867,25.697,1.648,24.6,17.727,6665.99,99.67,659.42,4.926,65.38,20.786,25.797,1.598,24.577,17.725,SENSOR_DRIFT,1.0,1.0,1.0,1.0,1.0,0.0,20.0,30.0,-0.5
61.9,CLIMB,84.84,60.15,1634.58,26.73,95.513,1.1096,6654.75,80.04,628.88,5.45,65.23,20.866,25.697,1.647,24.6,17.726,6668.16,100.35,656.02,4.987,64.89,21.001,25.724,1.596,24.722,17.752,SENSOR_DRIFT,1.0,1.0,1.0,1.0,1.0,0.0,20.0,30.0,-0.5
62.0,CLIMB,84.83,60.14,1641.67,26.72,95.489,1.1093,6646.49,80.04,628.68,5.446,65.22,20.864,25.697,1.646,24.6,17.725,6647.07,101.23,658.07,4.997,65.13,20.933,25.744,1.69,24.522,17.793,SENSOR_DRIFT,1.0,1.0,1.0,1.0,1.0,0.0,20.0,30.0,-0.5
62.1,CLIMB,84.82,60.14,1648.75,26.7,95.464,1.1091,6638.62,80.04,628.49,5.442,65.21,20.863,25.697,1.645,24.6,17.724,6631.08,99.64,657.48,4.904,64.96,20.762,25.624,1.578,24.675,17.626,SENSOR_DRIFT,1.0,1.0,1.0,1.0,1.0,0.0,20.0,30.0,-0.5
62.2,CLIMB,84.82,60.13,1655.83,26.69,95.44,1.1089,6631.11,80.04,628.3,5.438,65.21,20.862,25.696,1.644,24.6,17.722,6624.96,99.52,657.4,4.942,65.33,20.903,25.705,1.658,24.633,17.654,SENSOR_DRIFT,1.0,1.0,1.0,1.0,1.0,0.0,20.0,30.0,-0.5
62.3,CLIMB,84.81,60.13,1662.92,26.67,95.415,1.1086,6623.96,80.04,628.11,5.435,65.2,20.86,25.696,1.643,24.6,17.721,6632.38,100.0,659.03,4.945,65.31,20.942,25.619,1.727,24.506,17.614,SENSOR_DRIFT,1.0,1.0,1.0,1.0,1.0,0.0,20.0,30.0,-0.5
62.4,CLIMB,84.8,60.12,1670.0,26.66,95.391,1.1084,6617.15,80.04,627.92,5.431,65.19,20.859,25.696,1.643,24.6,17.72,6618.34,99.44,657.93,4.882,65.13,20.907,25.71,1.617,24.556,17.698,SENSOR_DRIFT,1.0,1.0,1.0,1.0,1.0,0.0,20.0,30.0,-0.5
62.5,CLIMB,84.79,60.11,1677.08,26.65,95.367,1.1082,6610.65,80.04,627.73,5.428,65.19,20.858,25.696,1.642,24.6,17.719,6606.12,99.68,658.32,4.932,64.97,20.907,25.585,1.702,24.539,17.803,SENSOR_DRIFT,1.0,1.0,1.0,1.0,1.0,0.0,20.0,30.0,-0.5
62.6,CLIMB,84.78,60.11,1684.17,26.63,95.342,1.108,6604.45,80.04,627.55,5.425,65.18,20.856,25.696,1.641,24.6,17.717,6608.43,99.54,655.75,4.981,65.52,20.681,25.706,1.628,24.581,17.625,SENSOR_DRIFT,1.0,1.0,1.0,1.0,1.0,0.0,20.0,30.0,-0.5
62.7,CLIMB,84.77,60.1,1691.25,26.62,95.318,1.1077,6598.53,80.04,627.37,5.422,65.17,20.855,25.695,1.641,24.6,17.716,6592.51,100.36,658.72,4.921,65.16,20.995,25.697,1.69,24.567,17.563,SENSOR_DRIFT,1.0,1.0,1.0,1.0,1.0,0.0,20.0,30.0,-0.5
62.8,CLIMB,84.77,60.1,1698.33,26.6,95.293,1.1075,6592.89,80.04,627.19,5.419,65.17,20.854,25.695,1.64,24.6,17.715,6603.19,99.86,654.99,4.9,65.32,20.813,25.783,1.672,24.617,17.554,SENSOR_DRIFT,1.0,1.0,1.0,1.0,1.0,0.0,20.0,30.0,-0.5
62.9,CLIMB,84.76,60.09,1705.42,26.59,95.269,1.1073,6587.51,80.04,627.01,5.416,65.16,20.852,25.695,1.639,24.6,17.714,6585.98,100.53,656.4,4.888,65.32,20.829,25.753,1.728,24.555,17.699,SENSOR_DRIFT,1.0,1.0,1.0,1.0,1.0,0.0,20.0,30.0,-0.5
63.0,CLIMB,84.75,60.09,1712.5,26.57,95.245,1.107,6582.37,80.03,626.84,5.413,65.15,20.851,25.695,1.639,24.6,17.712,6578.15,99.64,657.7,4.902,64.95,20.921,25.685,1.612,24.671,17.639,SENSOR_DRIFT,1.0,1.0,1.0,1.0,1.0,0.0,20.0,30.0,-0.5
63.1,CLIMB,84.74,60.08,1719.58,26.56,95.22,1.1068,6577.46,80.03,626.67,5.411,65.14,20.85,25.695,1.638,24.6,17.711,6568.98,100.17,657.26,4.9,64.85,20.839,25.742,1.58,24.608,17.765,SENSOR_DRIFT,1.0,1.0,1.0,1.0,1.0,0.0,20.0,30.0,-0.5
63.2,CLIMB,84.73,60.08,1726.67,26.55,95.196,1.1066,6572.78,80.03,626.49,5.408,65.14,20.848,25.695,1.638,24.6,17.71,6576.23,99.88,656.78,4.924,64.91,20.821,25.776,1.671,24.598,17.664,SENSOR_DRIFT,1.0,1.0,1.0,1.0,1.0,0.0,20.0,30.0,-0.5
63.3,CLIMB,84.72,60.07,1733.75,26.53,95.171,1.1063,6568.3,80.03,626.33,5.406,65.13,20.847,25.694,1.637,24.6,17.709,6573.28,99.69,656.96,4.843,65.48,20.842,25.725,1.687,24.565,17.721,SENSOR_DRIFT,1.0,1.0,1.0,1.0,1.0,0.0,20.0,30.0,-0.5
63.4,CLIMB,84.72,60.07,1740.83,26.52,95.147,1.1061,6564.03,80.03,626.16,5.404,65.12,20.846,25.694,1.637,24.6,17.707,6553.12,99.93,656.09,4.912,65.13,20.68,25.811,1.691,24.588,17.83,SENSOR_DRIFT,1.0,1.0,1.0,1.0,1.0,0.0,20.0,30.0,-0.5
63.5,CLIMB,84.71,60.06,1747.92,26.5,95.123,1.1059,6559.94,80.03,625.99,5.402,65.12,20.844,25.694,1.636,24.6,17.706,6567.19,99.54,655.09,4.922,64.76,20.713,25.731,1.631,24.651,17.66,SENSOR_DRIFT,1.0,1.0,1.0,1.0,1.0,0.0,20.0,30.0,-0.5
63.6,CLIMB,84.7,60.05,1755.0,26.49,95.098,1.1056,6556.04,80.03,625.83,5.4,65.11,20.843,25.694,1.636,24.6,17.705,6562.09,99.81,657.2,4.942,65.41,20.851,25.775,1.551,24.49,17.71,SENSOR_DRIFT,1.0,1.0,1.0,1.0,1.0,0.0,20.0,30.0,-0.5
63.7,CLIMB,84.69,60.05,1762.08,26.48,95.074,1.1054,6552.31,80.03,625.67,5.398,65.1,20.842,25.694,1.636,24.6,17.704,6554.47,100.37,656.41,4.895,65.18,20.852,25.703,1.695,24.513,17.77,SENSOR_DRIFT,1.0,1.0,1.0,1.0,1.0,0.0,20.0,30.0,-0.5
63.8,CLIMB,84.68,60.04,1769.17,26.46,95.05,1.1052,6548.73,80.03,625.51,5.396,65.1,20.84,25.694,1.635,24.6,17.702,6550.31,100.39,656.73,4.879,64.96,20.819,25.709,1.61,24.603,17.724,SENSOR_DRIFT,1.0,1.0,1.0,1.0,1.0,0.0,20.0,30.0,-0.5
63.9,CLIMB,84.67,60.04,1776.25,26.45,95.025,1.105,6545.32,80.03,625.35,5.395,65.09,20.839,25.694,1.635,24.6,17.701,6552.7,99.99,653.84,4.847,65.24,20.861,25.698,1.635,24.673,17.811,SENSOR_DRIFT,1.0,1.0,1.0,1.0,1.0,0.0,20.0,30.0,-0.5
64.0,CLIMB,84.67,60.03,1783.33,26.43,95.001,1.1047,6542.05,80.03,625.2,5.393,65.08,20.838,25.693,1.634,24.6,17.7,6548.33,100.26,654.79,4.81,65.14,20.855,25.619,1.572,24.624,17.746,SENSOR_DRIFT,1.0,1.0,1.0,1.0,1.0,0.0,20.0,30.0,-0.5
64.1,CLIMB,84.66,60.03,1790.42,26.42,94.977,1.1045,6538.92,80.03,625.04,5.391,65.07,20.836,25.693,1.634,24.6,17.699,6534.57,99.69,652.47,4.906,64.81,20.83,25.678,1.579,24.633,17.768,SENSOR_DRIFT,1.0,1.0,1.0,1.0,1.0,0.0,20.0,30.0,-0.5
64.2,CLIMB,84.65,60.02,1797.5,26.4,94.952,1.1043,6535.92,80.03,624.89,5.39,65.07,20.835,25.693,1.634,24.6,17.697,6543.09,99.78,655.28,4.911,65.12,20.865,25.665,1.599,24.607,17.759,SENSOR_DRIFT,1.0,1.0,1.0,1.0,1.0,0.0,20.0,30.0,-0.5
64.3,CLIMB,84.64,60.02,1804.58,26.39,94.928,1.104,6533.05,80.03,624.74,5.389,65.06,20.834,25.693,1.633,24.6,17.696,6519.74,99.41,652.23,4.894,64.96,21.02,25.774,1.745,24.512,17.599,SENSOR_DRIFT,1.0,1.0,1.0,1.0,1.0,0.0,20.0,30.0,-0.5
64.4,CLIMB,84.63,60.01,1811.67,26.38,94.904,1.1038,6530.29,80.03,624.59,5.387,65.05,20.832,25.693,1.633,24.6,17.695,6521.55,99.88,653.88,4.895,64.79,20.727,25.649,1.667,24.656,17.528,SENSOR_DRIFT,1.0,1.0,1.0,1.0,1.0,0.0,20.0,30.0,-0.5
64.5,CLIMB,84.62,60.01,1818.75,26.36,94.88,1.1036,6527.66,80.03,624.44,5.386,65.05,20.831,25.692,1.633,24.6,17.694,6526.56,99.99,654.83,4.892,65.21,20.653,25.643,1.584,24.575,17.774,SENSOR_DRIFT,1.0,1.0,1.0,1.0,1.0,0.0,20.0,30.0,-0.5
64.6,CLIMB,84.62,60.0,1825.83,26.35,94.855,1.1033,6525.12,80.03,624.3,5.385,65.04,20.83,25.692,1.633,24.6,17.692,6529.31,98.48,655.89,4.956,65.33,20.705,25.679,1.582,24.576,17.652,SENSOR_DRIFT,1.0,1.0,1.0,1.0,1.0,0.0,20.0,30.0,-0.5
64.7,CLIMB,84.61,60.0,1832.92,26.33,94.831,1.1031,6522.7,80.03,624.15,5.383,65.03,20.828,25.692,1.632,24.6,17.691,6519.0,99.96,655.94,4.824,65.5,20.81,25.664,1.525,24.602,17.766,SENSOR_DRIFT,1.0,1.0,1.0,1.0,1.0,0.0,20.0,30.0,-0.5
64.8,CLIMB,84.6,59.99,1840.0,26.32,94.807,1.1029,6520.36,80.03,624.01,5.382,65.02,20.827,25.692,1.632,24.6,17.69,6523.4,99.83,654.39,4.859,65.16,20.832,25.666,1.615,24.585,17.734,SENSOR_DRIFT,1.0,1.0,1.0,1.0,1.0,0.0,20.0,30.0,-0.5
64.9,CLIMB,84.59,59.98,1847.08,26.31,94.782,1.1027,6518.13,80.03,623.87,5.381,65.02,20.826,25.692,1.632,24.6,17.689,6513.86,99.92,655.04,4.848,65.02,20.761,25.743,1.64,24.635,17.706,SENSOR_DRIFT,1.0,1.0,1.0,1.0,1.0,0.0,20.0,30.0,-0.5
65.0,CLIMB,84.58,59.98,1854.17,26.29,94.758,1.1024,6515.97,80.03,623.73,5.38,65.01,20.824,25.692,1.631,24.6,17.687,6517.89,100.15,651.43,4.872,65.07,20.854,25.754,1.597,24.573,17.786,SENSOR_DRIFT,1.0,1.0,1.0,1.0,1.0,0.0,20.0,30.0,-0.5
65.1,CLIMB,84.57,59.97,1861.25,26.28,94.734,1.1022,6513.91,80.03,623.59,5.379,65.0,20.823,25.691,1.631,24.6,17.686,6522.49,100.46,651.48,4.874,64.89,20.717,25.809,1.565,24.575,17.679,SENSOR_DRIFT,1.0,1.0,1.0,1.0,1.0,0.0,20.0,30.0,-0.5
65.2,CLIMB,84.57,59.97,1868.33,26.26,94.71,1.102,6511.92,80.03,623.46,5.378,65.0,20.822,25.691,1.631,24.6,17.685,6516.95,99.77,652.61,4.894,65.41,20.786,25.703,1.674,24.666,17.741,SENSOR_DRIFT,1.0,1.0,1.0,1.0,1.0,0.0,20.0,30.0,-0.5
65.3,CLIMB,84.56,59.96,1875.42,26.25,94.685,1.1017,6510.01,80.03,623.32,5.377,64.99,20.82,25.691,1.631,24.6,17.684,6502.75,99.9,656.32,4.921,64.95,20.659,25.665,1.533,24.591,17.805,SENSOR_DRIFT,1.0,1.0,1.0,1.0,1.0,0.0,20.0,30.0,-0.5
65.4,CLIMB,84.55,59.96,1882.5,26.23,94.661,1.1015,6508.17,80.03,623.19,5.376,64.98,20.819,25.691,1.63,24.6,17.682,6513.45,99.91,653.11,4.908,64.98,20.825,25.672,1.713,24.664,17.778,SENSOR_DRIFT,1.0,1.0,1.0,1.0,1.0,0.0,20.0,30.0,-0.5
65.5,CLIMB,84.54,59.95,1889.58,26.22,94.637,1.1013,6506.39,80.02,623.06,5.375,64.97,20.818,25.691,1.63,24.6,17.681,6509.39,99.22,650.64,4.89,65.51,20.711,25.772,1.569,24.684,17.668,SENSOR_DRIFT,1.0,1.0,1.0,1.0,1.0,0.0,20.0,30.0,-0.5
65.6,CLIMB,84.53,59.95,1896.67,26.21,94.613,1.101,6504.68,80.02,622.93,5.375,64.97,20.816,25.691,1.63,24.6,17.68,6511.2,100.84,652.45,4.849,65.31,20.73,25.648,1.638,24.689,17.77,SENSOR_DRIFT,1.0,1.0,1.0,1.0,1.0,0.0,20.0,30.0,-0.5
65.7,CLIMB,84.52,59.94,1903.75,26.19,94.589,1.1008,6503.04,80.02,622.8,5.374,64.96,20.815,25.691,1.63,24.6,17.679,6501.26,100.64,655.84,4.816,65.15,20.794,25.577,1.714,24.555,17.631,SENSOR_DRIFT,1.0,1.0,1.0,1.0,1.0,0.0,20.0,30.0,-0.5
65.8,CLIMB,84.52,59.94,1910.83,26.18,94.564,1.1006,6501.45,80.02,622.67,5.373,64.95,20.814,25.69,1.63,24.6,17.677,6495.03,99.84,654.47,4.896,65.19,20.949,25.733,1.631,24.696,17.64,SENSOR_DRIFT,1.0,1.0,1.0,1.0,1.0,0.0,20.0,30.0,-0.5
65.9,CLIMB,84.51,59.93,1917.92,26.16,94.54,1.1004,6499.92,80.02,622.55,5.372,64.94,20.812,25.69,1.629,24.6,17.676,6487.46,99.77,653.69,4.922,65.22,21.013,25.641,1.686,24.609,17.585,SENSOR_DRIFT,1.0,1.0,1.0,1.0,1.0,0.0,20.0,30.0,-0.5
66.0,CLIMB,84.5,59.92,1925.0,26.15,94.516,1.1001,6498.43,80.02,622.42,5.372,64.94,20.811,25.69,1.629,24.6,17.675,6507.63,99.84,651.82,4.882,64.73,20.786,25.736,1.639,24.583,17.753,SENSOR_DRIFT,1.0,1.0,1.0,1.0,1.0,0.0,20.0,30.0,-0.5
66.1,CLIMB,84.49,59.92,1932.08,26.14,94.492,1.0999,6497.0,80.02,622.3,5.371,64.93,20.81,25.69,1.629,24.6,17.674,6497.03,100.47,654.46,4.833,65.33,20.84,25.694,1.546,24.591,17.766,SENSOR_DRIFT,1.0,1.0,1.0,1.0,1.0,0.0,20.0,30.0,-0.5
66.2,CLIMB,84.48,59.91,1939.17,26.12,94.468,1.0997,6495.62,80.02,622.18,5.37,64.92,20.808,25.69,1.629,24.6,17.672,6491.43,99.85,653.56,4.917,64.59,20.899,25.621,1.753,24.599,17.713,SENSOR_DRIFT,1.0,1.0,1.0,1.0,1.0,0.0,20.0,30.0,-0.5
66.3,CLIMB,84.47,59.91,1946.25,26.11,94.443,1.0994,6494.28,80.02,622.06,5.37,64.92,20.807,25.689,1.629,24.6,17.671,6490.44,98.57,650.98,4.906,65.24,20.933,25.628,1.615,24.631,17.61,SENSOR_DRIFT,1.0,1.0,1.0,1.0,1.0,0.0,20.0,30.0,-0.5
66.4,CLIMB,84.47,59.9,1953.33,26.09,94.419,1.0992,6492.99,80.02,621.94,5.369,64.91,20.806,25.689,1.629,24.6,17.67,6495.57,99.6,652.39,4.864,64.71,20.732,25.72,1.624,24.592,17.702,SENSOR_DRIFT,1.0,1.0,1.0,1.0,1.0,0.0,20.0,30.0,-0.5
66.5,CLIMB,84.46,59.9,1960.42,26.08,94.395,1.099,6491.73,80.02,621.82,5.368,64.9,20.804,25.689,1.628,24.6,17.669,6487.03,100.06,651.16,4.835,64.92,20.821,25.734,1.67,24.515,17.656,SENSOR_DRIFT,1.0,1.0,1.0,1.0,1.0,0.0,20.0,30.0,-0.5
66.6,CLIMB,84.45,59.89,1967.5,26.06,94.371,1.0987,6490.52,80.02,621.7,5.368,64.89,20.803,25.689,1.628,24.6,17.667,6492.16,99.91,648.91,4.877,64.82,20.98,25.568,1.554,24.581,17.733,SENSOR_DRIFT,1.0,1.0,1.0,1.0,1.0,0.0,20.0,30.0,-0.5
66.7,CLIMB,84.44,59.89,1974.58,26.05,94.347,1.0985,6489.34,80.02,621.59,5.367,64.89,20.801,25.689,1.628,24.6,17.666,6478.63,100.3,653.16,4.871,64.4,20.769,25.617,1.621,24.655,17.535,SENSOR_DRIFT,1.0,1.0,1.0,1.0,1.0,0.0,20.0,30.0,-0.5
66.8,CLIMB,84.43,59.88,1981.67,26.04,94.323,1.0983,6488.19,80.02,621.47,5.367,64.88,20.8,25.689,1.628,24.6,17.665,6491.4,99.89,654.65,4.881,64.57,20.848,25.679,1.671,24.607,17.578,SENSOR_DRIFT,1.0,1.0,1.0,1.0,1.0,0.0,20.0,30.0,-0.5
66.9,CLIMB,84.42,59.88,1988.75,26.02,94.298,1.0981,6487.08,80.02,621.36,5.366,64.87,20.799,25.688,1.628,24.6,17.664,6482.72,100.01,651.67,4.831,65.14,20.834,25.81,1.679,24.612,17.573,SENSOR_DRIFT,1.0,1.0,1.0,1.0,1.0,0.0,20.0,30.0,-0.5
67.0,CLIMB,84.42,59.87,1995.83,26.01,94.274,1.0978,6486.0,80.02,621.25,5.366,64.86,20.797,25.688,1.628,24.6,17.662,6478.03,99.73,650.45,4.856,64.68,20.968,25.679,1.563,24.591,17.672,SENSOR_DRIFT,1.0,1.0,1.0,1.0,1.0,0.0,20.0,30.0,-0.5
67.1,CLIMB,84.41,59.87,2002.92,25.99,94.25,1.0976,6484.95,80.02,621.14,5.365,64.86,20.796,25.688,1.627,24.6,17.661,6481.14,100.75,650.79,4.878,64.96,20.935,25.7,1.624,24.545,17.556,SENSOR_DRIFT,1.0,1.0,1.0,1.0,1.0,0.0,20.0,30.0,-0.5
67.2,CLIMB,84.4,59.86,2010.0,25.98,94.226,1.0974,6483.93,80.02,621.03,5.365,64.85,20.795,25.688,1.627,24.6,17.66,6476.8,99.65,652.39,4.85,64.54,20.572,25.664,1.585,24.636,17.776,SENSOR_DRIFT,1.0,1.0,1.0,1.0,1.0,0.0,20.0,30.0,-0.5
67.3,CLIMB,84.39,59.85,2017.08,25.97,94.202,1.0971,6482.94,80.02,620.92,5.364,64.84,20.793,25.688,1.627,24.6,17.659,6477.39,100.09,649.69,4.886,65.21,20.777,25.587,1.634,24.582,17.729,SENSOR_DRIFT,1.0,1.0,1.0,1.0,1.0,0.0,20.0,30.0,-0.5
67.4,CLIMB,84.38,59.85,2024.17,25.95,94.178,1.0969,6481.97,80.02,620.82,5.364,64.83,20.792,25.688,1.627,24.6,17.657,6479.48,100.6,648.43,4.9,64.27,20.904,25.676,1.597,24.516,17.692,SENSOR_DRIFT,1.0,1.0,1.0,1.0,1.0,0.0,20.0,30.0,-0.5
67.5,CLIMB,84.37,59.84,2031.25,25.94,94.154,1.0967,6481.03,80.02,620.71,5.363,64.83,20.791,25.688,1.627,24.6,17.656,6481.02,100.7,649.92,4.873,65.02,20.665,25.65,1.61,24.563,17.721,SENSOR_DRIFT,1.0,1.0,1.0,1.0,1.0,0.0,20.0,30.0,-0.5
67.6,CLIMB,84.37,59.84,2038.33,25.92,94.13,1.0965,6480.11,80.02,620.61,5.363,64.82,20.789,25.687,1.627,24.6,17.655,6481.93,100.76,650.18,4.869,64.68,20.76,25.662,1.515,24.685,17.698,SENSOR_DRIFT,1.0,1.0,1.0,1.0,1.0,0.0,20.0,30.0,-0.5
67.7,CLIMB,84.36,59.83,2045.42,25.91,94.106,1.0962,6479.21,80.02,620.5,5.363,64.81,20.788,25.687,1.627,24.6,17.654,6476.12,101.01,648.11,4.827,64.96,20.662,25.638,1.64,24.643,17.485,SENSOR_DRIFT,1.0,1.0,1.0,1.0,1.0,0.0,20.0,30.0,-0.5
67.8,CLIMB,84.35,59.83,2052.5,25.89,94.081,1.096,6478.33,80.02,620.4,5.362,64.8,20.787,25.687,1.626,24.6,17.652,6475.81,100.44,652.17,4.797,64.75,20.809,25.634,1.708,24.573,17.621,SENSOR_DRIFT,1.0,1.0,1.0,1.0,1.0,0.0,20.0,30.0,-0.5
67.9,CLIMB,84.34,59.82,2059.58,25.88,94.057,1.0958,6477.47,80.02,620.3,5.362,64.8,20.785,25.687,1.626,24.6,17.651,6488.12,100.34,650.6,4.856,65.17,20.735,25.704,1.671,24.587,17.635,SENSOR_DRIFT,1.0,1.0,1.0,1.0,1.0,0.0,20.0,30.0,-0.5
68.0,CLIMB,84.33,59.82,2066.67,25.87,94.033,1.0955,6476.63,80.02,620.2,5.361,64.79,20.784,25.687,1.626,24.6,17.65,6482.75,100.42,648.25,4.865,64.88,20.664,25.742,1.546,24.578,17.758,SENSOR_DRIFT,1.0,1.0,1.0,1.0,1.0,0.0,20.0,30.0,-0.5
68.1,CLIMB,84.32,59.81,2073.75,25.85,94.009,1.0953,6475.81,80.01,620.1,5.361,64.78,20.783,25.686,1.626,24.6,17.649,6467.79,99.57,652.18,4.854,64.3,20.751,25.659,1.679,24.655,17.562,SENSOR_DRIFT,1.0,1.0,1.0,1.0,1.0,0.0,20.0,30.0,-0.5
68.2,CLIMB,84.32,59.81,2080.83,25.84,93.985,1.0951,6475.01,80.01,620.0,5.361,64.77,20.781,25.686,1.626,24.6,17.647,6476.75,100.26,648.91,4.852,65.06,20.903,25.653,1.616,24.464,17.655,SENSOR_DRIFT,1.0,1.0,1.0,1.0,1.0,0.0,20.0,30.0,-0.5
68.3,CLIMB,84.31,59.8,2087.92,25.82,93.961,1.0949,6474.22,80.01,619.91,5.36,64.77,20.78,25.686,1.626,24.6,17.646,6477.0,100.24,651.48,4.848,64.39,20.866,25.718,1.685,24.631,17.634,SENSOR_DRIFT,1.0,1.0,1.0,1.0,1.0,0.0,20.0,30.0,-0.5
68.4,CLIMB,84.3,59.79,2095.0,25.81,93.937,1.0946,6473.45,80.01,619.81,5.36,64.76,20.779,25.686,1.626,24.6,17.645,6474.62,100.95,649.28,4.807,65.04,20.589,25.699,1.653,24.577,17.661,SENSOR_DRIFT,1.0,1.0,1.0,1.0,1.0,0.0,20.0,30.0,-0.5
68.5,CLIMB,84.29,59.79,2102.08,25.8,93.913,1.0944,6472.69,80.01,619.71,5.36,64.75,20.777,25.686,1.626,24.6,17.644,6469.69,100.47,647.85,4.895,65.03,20.789,25.691,1.664,24.67,17.578,SENSOR_DRIFT,1.0,1.0,1.0,1.0,1.0,0.0,20.0,30.0,-0.5
68.6,CLIMB,84.28,59.78,2109.17,25.78,93.889,1.0942,6471.95,80.01,619.62,5.359,64.74,20.776,25.686,1.625,24.6,17.642,6468.87,100.45,650.72,4.866,64.66,20.772,25.645,1.621,24.602,17.812,SENSOR_DRIFT,1.0,1.0,1.0,1.0,1.0,0.0,20.0,30.0,-0.5
68.7,CLIMB,84.27,59.78,2116.25,25.77,93.865,1.0939,6471.22,80.01,619.53,5.359,64.74,20.775,25.685,1.625,24.6,17.641,6473.21,100.12,650.72,4.838,64.73,20.923,25.601,1.705,24.581,17.8,SENSOR_DRIFT,1.0,1.0,1.0,1.0,1.0,0.0,20.0,30.0,-0.5
68.8,CLIMB,84.27,59.77,2123.33,25.75,93.841,1.0937,6470.5,80.01,619.44,5.359,64.73,20.773,25.685,1.625,24.6,17.64,6473.45,100.35,648.8,4.883,65.29,20.66,25.755,1.631,24.643,17.554,SENSOR_DRIFT,1.0,1.0,1.0,1.0,1.0,0.0,20.0,30.0,-0.5
68.9,CLIMB,84.26,59.77,2130.42,25.74,93.817,1.0935,6469.79,80.01,619.34,5.358,64.72,20.772,25.685,1.625,24.6,17.639,6473.43,99.96,649.57,4.862,64.65,20.742,25.68,1.699,24.602,17.774,SENSOR_DRIFT,1.0,1.0,1.0,1.0,1.0,0.0,20.0,30.0,-0.5
69.0,CLIMB,84.25,59.76,2137.5,25.72,93.793,1.0933,6469.1,80.01,619.25,5.358,64.71,20.771,25.685,1.625,24.6,17.637,6470.26,99.8,649.17,4.815,64.74,20.827,25.673,1.58,24.634,17.702,SENSOR_DRIFT,1.0,1.0,1.0,1.0,1.0,0.0,20.0,30.0,-0.5
69.1,CLIMB,84.24,59.76,2144.58,25.71,93.769,1.093,6468.41,80.01,619.17,5.358,64.7,20.769,25.685,1.625,24.6,17.636,6464.54,100.1,647.7,4.891,64.29,21.054,25.66,1.621,24.582,17.839,SENSOR_DRIFT,1.0,1.0,1.0,1.0,1.0,0.0,20.0,30.0,-0.5
69.2,CLIMB,84.23,59.75,2151.67,25.7,93.745,1.0928,6467.74,80.01,619.08,5.358,64.7,20.768,25.685,1.625,24.6,17.635,6466.47,100.83,650.01,4.854,64.76,20.855,25.699,1.616,24.569,17.525,SENSOR_DRIFT,1.0,1.0,1.0,1.0,1.0,0.0,20.0,30.0,-0.5
69.3,CLIMB,84.22,59.75,2158.75,25.68,93.721,1.0926,6467.08,80.01,618.99,5.357,64.69,20.767,25.684,1.625,24.6,17.634,6468.14,99.93,649.27,4.859,64.51,20.65,25.754,1.693,24.601,17.484,SENSOR_DRIFT,1.0,1.0,1.0,1.0,1.0,0.0,20.0,30.0,-0.5
69.4,CLIMB,84.22,59.74,2165.83,25.67,93.697,1.0923,6466.42,80.01,618.9,5.357,64.68,20.765,25.684,1.625,24.6,17.632,6467.1,99.63,648.13,4.881,65.05,20.796,25.71,1.688,24.577,17.818,SENSOR_DRIFT,1.0,1.0,1.0,1.0,1.0,0.0,20.0,30.0,-0.5
69.5,CLIMB,84.21,59.74,2172.92,25.65,93.673,1.0921,6465.78,80.01,618.82,5.357,64.67,20.764,25.684,1.624,24.6,17.631,6454.18,99.81,652.29,4.847,64.51,20.725,25.642,1.549,24.528,17.542,SENSOR_DRIFT,1.0,1.0,1.0,1.0,1.0,0.0,20.0,30.0,-0.5
69.6,CLIMB,84.2,59.73,2180.0,25.64,93.649,1.0919,6465.14,80.01,618.73,5.356,64.67,20.763,25.684,1.624,24.6,17.63,6460.05,99.78,649.78,4.835,64.83,20.71,25.717,1.502,24.567,17.522,SENSOR_DRIFT,1.0,1.0,1.0,1.0,1.0,0.0,20.0,30.0,-0.5
69.7,CLIMB,84.19,59.72,2187.08,25.63,93.625,1.0917,6464.51,80.01,618.65,5.356,64.66,20.761,25.684,1.624,24.6,17.629,6464.8,99.76,648.89,4.881,65.55,20.867,25.734,1.606,24.544,17.697,SENSOR_DRIFT,1.0,1.0,1.0,1.0,1.0,0.0,20.0,30.0,-0.5
69.8,CLIMB,84.18,59.72,2194.17,25.61,93.601,1.0914,6463.89,80.01,618.57,5.356,64.65,20.76,25.684,1.624,24.6,17.627,6459.44,100.23,650.36,4.807,64.76,20.822,25.625,1.588,24.625,17.616,SENSOR_DRIFT,1.0,1.0,1.0,1.0,1.0,0.0,20.0,30.0,-0.5
69.9,CLIMB,84.17,59.71,2201.25,25.6,93.577,1.0912,6463.27,80.01,618.49,5.356,64.64,20.758,25.683,1.624,24.6,17.626,6455.32,100.54,649.02,4.821,64.67,20.895,25.643,1.656,24.611,17.809,SENSOR_DRIFT,1.0,1.0,1.0,1.0,1.0,0.0,20.0,30.0,-0.5
70.0,CLIMB,84.17,59.71,2208.33,25.58,93.553,1.091,6462.66,80.01,618.41,5.355,64.64,20.757,25.683,1.624,24.6,17.625,6458.18,99.58,648.43,4.872,64.58,20.606,25.74,1.624,24.642,17.491,SENSOR_DRIFT,1.0,1.0,1.0,1.0,1.0,0.0,20.0,30.0,-0.5
70.1,CLIMB,84.16,59.7,2215.42,25.57,93.529,1.0908,6462.06,80.01,618.33,5.355,64.63,20.756,25.683,1.624,24.6,17.624,6465.28,99.59,647.57,4.794,64.38,20.767,25.697,1.608,24.639,17.571,SENSOR_DRIFT,1.0,1.0,1.0,1.0,1.0,0.0,20.0,30.0,-0.5
70.2,CLIMB,84.15,59.7,2222.5,25.55,93.505,1.0905,6461.46,80.01,618.25,5.355,64.62,20.754,25.683,1.624,24.6,17.622,6453.74,99.02,648.33,4.847,64.76,20.687,25.648,1.585,24.67,17.822,SENSOR_DRIFT,1.0,1.0,1.0,1.0,1.0,0.0,20.0,30.0,-0.5
70.3,CLIMB,84.14,59.69,2229.58,25.54,93.481,1.0903,6460.87,80.01,618.17,5.355,64.61,20.753,25.683,1.624,24.6,17.621,6459.28,100.05,649.24,4.863,64.68,20.936,25.662,1.676,24.52,17.456,SENSOR_DRIFT,1.0,1.0,1.0,1.0,1.0,0.0,20.0,30.0,-0.5
70.4,CLIMB,84.13,59.69,2236.67,25.53,93.457,1.0901,6460.29,80.01,618.09,5.354,64.6,20.752,25.683,1.624,24.6,17.62,6460.94,99.87,649.3,4.9,64.46,20.842,25.702,1.686,24.558,17.587,SENSOR_DRIFT,1.0,1.0,1.0,1.0,1.0,0.0,20.0,30.0,-0.5
70.5,CLIMB,84.12,59.68,2243.75,25.51,93.434,1.0898,6459.71,80.01,618.01,5.354,64.6,20.75,25.683,1.623,24.6,17.619,6468.86,99.78,647.43,4.843,64.32,20.597,25.684,1.671,24.527,17.632,SENSOR_DRIFT,1.0,1.0,1.0,1.0,1.0,0.0,20.0,30.0,-0.5
70.6,CLIMB,84.12,59.68,2250.83,25.5,93.41,1.0896,6459.14,80.0,617.94,5.354,64.59,20.749,25.682,1.623,24.6,17.617,6462.24,99.0,648.88,4.861,64.5,20.725,25.701,1.646,24.561,17.504,SENSOR_DRIFT,1.0,1.0,1.0,1.0,1.0,0.0,20.0,30.0,-0.5
70.7,CLIMB,84.11,59.67,2257.92,25.48,93.386,1.0894,6458.57,80.0,617.86,5.354,64.58,20.748,25.682,1.623,24.6,17.616,6468.76,99.75,647.44,4.874,65.26,20.924,25.765,1.547,24.587,17.625,SENSOR_DRIFT,1.0,1.0,1.0,1.0,1.0,0.0,20.0,30.0,-0.5
70.8,CLIMB,84.1,59.66,2265.0,25.47,93.362,1.0892,6458.0,80.0,617.79,5.354,64.57,20.746,25.682,1.623,24.6,17.615,6457.11,100.09,649.73,4.861,64.41,20.761,25.71,1.57,24.564,17.564,SENSOR_DRIFT,1.0,1.0,1.0,1.0,1.0,0.0,20.0,30.0,-0.5
70.9,CLIMB,84.09,59.66,2272.08,25.46,93.338,1.0889,6457.44,80.0,617.71,5.353,64.56,20.745,25.682,1.623,24.6,17.614,6454.25,100.7,646.51,4.88,64.5,20.571,25.612,1.635,24.67,17.668,SENSOR_DRIFT,1.0,1.0,1.0,1.0,1.0,0.0,20.0,30.0,-0.5
71.0,CLIMB,84.08,59.65,2279.17,25.44,93.314,1.0887,6456.88,80.0,617.64,5.353,64.56,20.744,25.682,1.623,24.6,17.612,6452.11,100.43,646.74,4.838,64.18,20.841,25.691,1.574,24.584,17.562,SENSOR_DRIFT,1.0,1.0,1.0,1.0,1.0,0.0,20.0,30.0,-0.5
71.1,CLIMB,84.07,59.65,2286.25,25.43,93.29,1.0885,6456.33,80.0,617.57,5.353,64.55,20.742,25.681,1.623,24.6,17.611,6461.27,100.13,647.74,4.853,64.58,20.653,25.7,1.6,24.633,17.612,SENSOR_DRIFT,1.0,1.0,1.0,1.0,1.0,0.0,20.0,30.0,-0.5
71.2,CLIMB,84.07,59.64,2293.33,25.41,93.266,1.0883,6455.78,80.0,617.49,5.353,64.54,20.741,25.681,1.623,24.6,17.61,6453.08,99.91,650.89,4.858,64.65,20.744,25.68,1.652,24.55,17.628,SENSOR_DRIFT,1.0,1.0,1.0,1.0,1.0,0.0,20.0,30.0,-0.5
71.3,CLIMB,84.06,59.64,2300.42,25.4,93.242,1.088,6455.24,80.0,617.42,5.352,64.53,20.74,25.681,1.623,24.6,17.609,6453.15,100.23,646.13,4.852,64.41,20.837,25.577,1.612,24.57,17.52,SENSOR_DRIFT,1.0,1.0,1.0,1.0,1.0,0.0,20.0,30.0,-0.5
71.4,CLIMB,84.05,59.63,2307.5,25.38,93.219,1.0878,6454.69,80.0,617.35,5.352,64.53,20.738,25.681,1.623,24.6,17.607,6454.62,99.85,650.12,4.881,64.99,20.57,25.72,1.664,24.578,17.527,SENSOR_DRIFT,1.0,1.0,1.0,1.0,1.0,0.0,20.0,30.0,-0.5
71.5,CLIMB,84.04,59.63,2314.58,25.37,93.195,1.0876,6454.16,80.0,617.28,5.352,64.52,20.737,25.681,1.622,24.6,17.606,6460.67,100.7,647.9,4.895,64.36,20.848,25.684,1.635,24.602,17.64,SENSOR_DRIFT,1.0,1.0,1.0,1.0,1.0,0.0,20.0,30.0,-0.5
71.6,CLIMB,84.03,59.62,2321.67,25.36,93.171,1.0873,6453.62,80.0,617.21,5.352,64.51,20.736,25.681,1.622,24.6,17.605,6449.21,99.89,643.43,4.81,64.98,20.765,25.624,1.674,24.552,17.508,SENSOR_DRIFT,1.0,1.0,1.0,1.0,1.0,0.0,20.0,30.0,-0.5
71.7,CLIMB,84.02,59.62,2328.75,25.34,93.147,1.0871,6453.09,80.0,617.15,5.352,64.5,20.734,25.68,1.622,24.6,17.604,6450.3,99.92,648.09,4.866,64.58,20.719,25.752,1.65,24.645,17.749,SENSOR_DRIFT,1.0,1.0,1.0,1.0,1.0,0.0,20.0,30.0,-0.5
71.8,CLIMB,84.02,59.61,2335.83,25.33,93.123,1.0869,6452.56,80.0,617.08,5.351,64.49,20.733,25.68,1.622,24.6,17.602,6451.92,99.89,644.75,4.846,64.85,20.672,25.711,1.625,24.535,17.762,SENSOR_DRIFT,1.0,1.0,1.0,1.0,1.0,0.0,20.0,30.0,-0.5
71.9,CLIMB,84.01,59.61,2342.92,25.31,93.099,1.0867,6452.03,80.0,617.01,5.351,64.49,20.732,25.68,1.622,24.6,17.601,6448.04,100.02,647.57,4.874,64.45,20.708,25.653,1.562,24.483,17.607,SENSOR_DRIFT,1.0,1.0,1.0,1.0,1.0,0.0,20.0,30.0,-0.5
72.0,CLIMB,84.0,59.6,2350.0,25.3,93.075,1.0864,6451.5,80.0,616.95,5.351,64.48,20.73,25.68,1.622,24.6,17.6,6445.14,99.59,648.95,4.866,64.44,20.7,25.692,1.654,24.518,17.585,SENSOR_DRIFT,1.0,1.0,1.0,1.0,1.0,0.0,20.0,30.0,-0.5
72.1,CLIMB,83.99,59.59,2357.08,25.29,93.052,1.0862,6450.98,80.0,616.88,5.351,64.47,20.729,25.68,1.622,24.6,17.599,6458.59,99.9,645.58,4.852,64.15,20.76,25.654,1.54,24.525,17.646,SENSOR_DRIFT,1.0,1.0,1.0,1.0,1.0,0.0,20.0,30.0,-0.5
72.2,CLIMB,83.98,59.59,2364.17,25.27,93.028,1.086,6450.46,80.0,616.81,5.351,64.46,20.728,25.68,1.622,24.6,17.597,6459.39,100.02,647.41,4.816,64.6,20.617,25.694,1.638,24.584,17.676,SENSOR_DRIFT,1.0,1.0,1.0,1.0,1.0,0.0,20.0,30.0,-0.5
72.3,CLIMB,83.97,59.58,2371.25,25.26,93.004,1.0858,6449.94,80.0,616.75,5.35,64.45,20.726,25.68,1.622,24.6,17.596,6446.85,99.48,646.95,4.857,64.76,20.787,25.573,1.557,24.539,17.557,SENSOR_DRIFT,1.0,1.0,1.0,1.0,1.0,0.0,20.0,30.0,-0.5
72.4,CLIMB,83.97,59.58,2378.33,25.24,92.98,1.0855,6449.42,80.0,616.69,5.35,64.45,20.725,25.679,1.622,24.6,17.595,6444.5,99.8,647.02,4.853,64.85,20.626,25.74,1.696,24.571,17.59,SENSOR_DRIFT,1.0,1.0,1.0,1.0,1.0,0.0,20.0,30.0,-0.5
72.5,CLIMB,83.96,59.57,2385.42,25.23,92.956,1.0853,6448.91,80.0,616.62,5.35,64.44,20.723,25.679,1.621,24.6,17.594,6450.83,99.91,647.28,4.834,64.19,20.692,25.646,1.655,24.592,17.615,SENSOR_DRIFT,1.0,1.0,1.0,1.0,1.0,0.0,20.0,30.0,-0.5
72.6,CLIMB,83.95,59.57,2392.5,25.21,92.933,1.0851,6448.4,80.0,616.56,5.35,64.43,20.722,25.679,1.621,24.6,17.593,6446.92,99.08,646.1,4.865,64.74,20.617,25.789,1.572,24.648,17.611,SENSOR_DRIFT,1.0,1.0,1.0,1.0,1.0,0.0,20.0,30.0,-0.5
72.7,CLIMB,83.94,59.56,2399.58,25.2,92.909,1.0849,6447.88,80.0,616.5,5.35,64.42,20.721,25.679,1.621,24.6,17.591,6449.01,100.22,647.1,4.89,64.47,20.603,25.72,1.532,24.55,17.487,SENSOR_DRIFT,1.0,1.0,1.0,1.0,1.0,0.0,20.0,30.0,-0.5
72.8,CLIMB,83.93,59.56,2406.67,25.19,92.885,1.0846,6447.37,80.0,616.44,5.349,64.41,20.719,25.679,1.621,24.6,17.59,6453.51,100.37,644.25,4.844,64.49,20.653,25.693,1.554,24.544,17.49,SENSOR_DRIFT,1.0,1.0,1.0,1.0,1.0,0.0,20.0,30.0,-0.5
72.9,CLIMB,83.92,59.55,2413.75,25.17,92.861,1.0844,6446.87,80.0,616.38,5.349,64.41,20.718,25.678,1.621,24.6,17.589,6452.75,99.85,645.89,4.853,63.91,20.838,25.627,1.628,24.641,17.454,SENSOR_DRIFT,1.0,1.0,1.0,1.0,1.0,0.0,20.0,30.0,-0.5
73.0,CLIMB,83.92,59.55,2420.83,25.16,92.838,1.0842,6446.36,80.0,616.32,5.349,64.4,20.717,25.678,1.621,24.6,17.587,6448.91,100.92,644.49,4.872,64.41,20.786,25.621,1.693,24.6,17.6,SENSOR_DRIFT,1.0,1.0,1.0,1.0,1.0,0.0,20.0,30.0,-0.5
73.1,CLIMB,83.91,59.54,2427.92,25.14,92.814,1.084,6445.85,79.99,616.26,5.349,64.39,20.715,25.678,1.621,24.6,17.586,6454.83,100.09,646.61,4.868,64.22,20.762,25.656,1.662,24.607,17.553,SENSOR_DRIFT,1.0,1.0,1.0,1.0,1.0,0.0,20.0,30.0,-0.5
73.2,CLIMB,83.9,59.53,2435.0,25.13,92.79,1.0837,6445.35,79.99,616.2,5.349,64.38,20.714,25.678,1.621,24.6,17.585,6450.0,99.21,646.81,4.822,64.8,20.979,25.74,1.496,24.589,17.437,SENSOR_DRIFT,1.0,1.0,1.0,1.0,1.0,0.0,20.0,30.0,-0.5
73.3,CLIMB,83.89,59.53,2442.08,25.12,92.766,1.0835,6444.85,79.99,616.14,5.348,64.37,20.713,25.678,1.621,24.6,17.584,6434.12,100.27,645.38,4.896,63.81,20.683,25.689,1.666,24.585,17.621,SENSOR_DRIFT,1.0,1.0,1.0,1.0,1.0,0.0,20.0,30.0,-0.5
73.4,CLIMB,83.88,59.52,2449.17,25.1,92.743,1.0833,6444.35,79.99,616.08,5.348,64.37,20.711,25.678,1.621,24.6,17.582,6438.57,100.43,646.73,4.888,64.48,20.779,25.687,1.585,24.583,17.492,SENSOR_DRIFT,1.0,1.0,1.0,1.0,1.0,0.0,20.0,30.0,-0.5
73.5,CLIMB,83.87,59.52,2456.25,25.09,92.719,1.083,6443.85,79.99,616.02,5.348,64.36,20.71,25.677,1.621,24.6,17.581,6451.29,99.94,641.98,4.82,63.57,20.698,25.656,1.554,24.588,17.68,SENSOR_DRIFT,1.0,1.0,1.0,1.0,1.0,0.0,20.0,30.0,-0.5
73.6,CLIMB,83.87,59.51,2463.33,25.07,92.695,1.0828,6443.35,79.99,615.97,5.348,64.35,20.709,25.677,1.62,24.6,17.58,6440.81,100.08,645.46,4.809,64.24,20.937,25.663,1.626,24.556,17.688,SENSOR_DRIFT,1.0,1.0,1.0,1.0,1.0,0.0,20.0,30.0,-0.5
73.7,CLIMB,83.86,59.51,2470.42,25.06,92.671,1.0826,6442.85,79.99,615.91,5.348,64.34,20.707,25.677,1.62,24.6,17.579,6440.95,99.21,647.84,4.846,64.47,20.642,25.662,1.617,24.617,17.542,SENSOR_DRIFT,1.0,1.0,1.0,1.0,1.0,0.0,20.0,30.0,-0.5
73.8,CLIMB,83.85,59.5,2477.5,25.04,92.648,1.0824,6442.35,79.99,615.85,5.347,64.33,20.706,25.677,1.62,24.6,17.578,6444.77,100.0,646.9,4.849,63.65,20.588,25.691,1.607,24.624,17.639,SENSOR_DRIFT,1.0,1.0,1.0,1.0,1.0,0.0,20.0,30.0,-0.5
73.9,CLIMB,83.84,59.5,2484.58,25.03,92.624,1.0821,6441.86,79.99,615.8,5.347,64.32,20.705,25.677,1.62,24.6,17.576,6445.0,100.33,645.96,4.863,64.52,20.613,25.647,1.604,24.566,17.551,SENSOR_DRIFT,1.0,1.0,1.0,1.0,1.0,0.0,20.0,30.0,-0.5
74.0,CLIMB,83.83,59.49,2491.67,25.02,92.6,1.0819,6441.36,79.99,615.74,5.347,64.32,20.703,25.677,1.62,24.6,17.575,6437.37,100.95,646.24,4.895,64.07,20.838,25.601,1.587,24.617,17.485,SENSOR_DRIFT,1.0,1.0,1.0,1.0,1.0,0.0,20.0,30.0,-0.5
74.1,CLIMB,83.82,59.49,2498.75,25.0,92.576,1.0817,6440.87,79.99,615.69,5.347,64.31,20.702,25.677,1.62,24.6,17.574,6438.45,100.57,647.33,4.867,64.1,20.646,25.545,1.723,24.587,17.557,SENSOR_DRIFT,1.0,1.0,1.0,1.0,1.0,0.0,20.0,30.0,-0.5
74.2,CLIMB,83.82,59.48,2505.83,24.99,92.553,1.0815,6440.37,79.99,615.64,5.347,64.3,20.701,25.676,1.62,24.6,17.572,6438.91,99.78,644.77,4.858,64.06,20.877,25.691,1.577,24.569,17.536,SENSOR_DRIFT,1.0,1.0,1.0,1.0,1.0,0.0,20.0,30.0,-0.5
74.3,CLIMB,83.81,59.48,2512.92,24.97,92.529,1.0812,6439.88,79.99,615.58,5.346,64.29,20.699,25.676,1.62,24.6,17.571,6438.09,100.12,643.26,4.816,64.06,20.641,25.668,1.636,24.573,17.617,SENSOR_DRIFT,1.0,1.0,1.0,1.0,1.0,0.0,20.0,30.0,-0.5
74.4,CLIMB,83.8,59.47,2520.0,24.96,92.505,1.081,6439.39,79.99,615.53,5.346,64.28,20.698,25.676,1.62,24.6,17.57,6441.45,99.91,645.82,4.835,64.3,20.651,25.643,1.611,24.504,17.621,SENSOR_DRIFT,1.0,1.0,1.0,1.0,1.0,0.0,20.0,30.0,-0.5
74.5,CLIMB,83.79,59.46,2527.08,24.95,92.482,1.0808,6438.9,79.99,615.48,5.346,64.28,20.697,25.676,1.62,24.6,17.569,6435.15,100.39,645.18,4.857,64.19,20.731,25.641,1.535,24.57,17.617,SENSOR_DRIFT,1.0,1.0,1.0,1.0,1.0,0.0,20.0,30.0,-0.5
74.6,CLIMB,83.78,59.46,2534.17,24.93,92.458,1.0806,6438.41,79.99,615.43,5.346,64.27,20.695,25.676,1.62,24.6,17.567,6437.02,99.66,647.87,4.846,64.17,20.521,25.756,1.667,24.667,17.676,SENSOR_DRIFT,1.0,1.0,1.0,1.0,1.0,0.0,20.0,30.0,-0.5
74.7,CLIMB,83.77,59.45,2541.25,24.92,92.434,1.0803,6437.92,79.99,615.37,5.346,64.26,20.694,25.675,1.619,24.6,17.566,6432.84,100.12,647.36,4.824,63.85,20.618,25.638,1.585,24.636,17.45,SENSOR_DRIFT,1.0,1.0,1.0,1.0,1.0,0.0,20.0,30.0,-0.5
74.8,CLIMB,83.77,59.45,2548.33,24.9,92.411,1.0801,6437.43,79.99,615.32,5.345,64.25,20.692,25.675,1.619,24.6,17.565,6428.47,100.52,645.64,4.838,64.52,20.645,25.739,1.65,24.622,17.593,SENSOR_DRIFT,1.0,1.0,1.0,1.0,1.0,0.0,20.0,30.0,-0.5
74.9,CLIMB,83.76,59.44,2555.42,24.89,92.387,1.0799,6436.94,79.99,615.27,5.345,64.24,20.691,25.675,1.619,24.6,17.564,6437.02,99.83,645.41,4.799,63.93,20.657,25.703,1.581,24.512,17.629,SENSOR_DRIFT,1.0,1.0,1.0,1.0,1.0,0.0,20.0,30.0,-0.5
75.0,CLIMB,83.75,59.44,2562.5,24.88,92.363,1.0797,6436.45,79.99,615.22,5.345,64.23,20.69,25.675,1.619,24.6,17.562,6435.74,99.98,642.82,4.83,63.9,20.511,25.61,1.675,24.675,17.836,SENSOR_DRIFT,1.0,1.0,1.0,1.0,1.0,0.0,20.0,30.0,-0.5
75.1,CLIMB,83.74,59.43,2569.58,24.86,92.34,1.0794,6435.96,79.99,615.17,5.345,64.23,20.688,25.675,1.619,24.6,17.561,6442.81,99.78,646.09,4.843,64.13,20.711,25.654,1.682,24.717,17.452,SENSOR_DRIFT,1.0,1.0,1.0,1.0,1.0,0.0,20.0,30.0,-0.5
75.2,CLIMB,83.73,59.43,2576.67,24.85,92.316,1.0792,6435.47,79.99,615.12,5.345,64.22,20.687,25.675,1.619,24.6,17.56,6440.72,99.4,645.44,4.821,64.1,20.576,25.734,1.498,24.603,17.493,SENSOR_DRIFT,1.0,1.0,1.0,1.0,1.0,0.0,20.0,30.0,-0.5
75.3,CLIMB,83.72,59.42,2583.75,24.83,92.293,1.079,6434.99,79.99,615.08,5.345,64.21,20.686,25.674,1.619,24.6,17.559,6435.99,98.9,645.31,4.844,63.96,20.763,25.728,1.609,24.626,17.503,SENSOR_DRIFT,1.0,1.0,1.0,1.0,1.0,0.0,20.0,30.0,-0.5
75.4,CLIMB,83.72,59.42,2590.83,24.82,92.269,1.0788,6434.5,79.98,615.03,5.344,64.2,20.684,25.674,1.619,24.6,17.558,6439.8,100.5,643.98,4.846,64.19,20.826,25.698,1.555,24.654,17.838,SENSOR_DRIFT,1.0,1.0,1.0,1.0,1.0,0.0,20.0,30.0,-0.5
75.5,CLIMB,83.71,59.41,2597.92,24.8,92.245,1.0785,6434.01,79.98,614.98,5.344,64.19,20.683,25.674,1.619,24.6,17.556,6426.73,99.88,644.24,4.83,64.41,20.756,25.616,1.638,24.653,17.548,SENSOR_DRIFT,1.0,1.0,1.0,1.0,1.0,0.0,20.0,30.0,-0.5
75.6,CLIMB,83.7,59.41,2605.0,24.79,92.222,1.0783,6433.53,79.98,614.93,5.344,64.18,20.682,25.674,1.619,24.6,17.555,6431.63,100.15,645.45,4.843,64.56,20.662,25.615,1.582,24.607,17.619,SENSOR_DRIFT,1.0,1.0,1.0,1.0,1.0,0.0,20.0,30.0,-0.5
75.7,CLIMB,83.69,59.4,2612.08,24.78,92.198,1.0781,6433.04,79.98,614.88,5.344,64.18,20.68,25.674,1.619,24.6,17.554,6434.72,99.83,648.37,4.857,63.58,20.677,25.717,1.598,24.606,17.552,SENSOR_DRIFT,1.0,1.0,1.0,1.0,1.0,0.0,20.0,30.0,-0.5
75.8,CLIMB,83.68,59.39,2619.17,24.76,92.175,1.0779,6432.56,79.98,614.84,5.344,64.17,20.679,25.674,1.618,24.6,17.553,6433.42,100.56,643.28,4.803,63.81,20.781,25.682,1.612,24.543,17.409,SENSOR_DRIFT,1.0,1.0,1.0,1.0,1.0,0.0,20.0,30.0,-0.5
75.9,CLIMB,83.67,59.39,2626.25,24.75,92.151,1.0776,6432.07,79.98,614.79,5.343,64.16,20.678,25.674,1.618,24.6,17.551,6429.34,100.42,645.46,4.834,64.06,20.782,25.697,1.679,24.611,17.635,SENSOR_DRIFT,1.0,1.0,1.0,1.0,1.0,0.0,20.0,30.0,-0.5
76.0,CLIMB,83.67,59.38,2633.33,24.73,92.127,1.0774,6431.59,79.98,614.75,5.343,64.15,20.676,25.673,1.618,24.6,17.55,6431.54,100.26,643.52,4.856,63.9,20.626,25.658,1.639,24.528,17.342,SENSOR_DRIFT,1.0,1.0,1.0,1.0,1.0,0.0,20.0,30.0,-0.5
76.1,CLIMB,83.66,59.38,2640.42,24.72,92.104,1.0772,6431.11,79.98,614.7,5.343,64.14,20.675,25.673,1.618,24.6,17.549,6432.8,100.35,646.03,4.801,64.44,20.726,25.693,1.582,24.6,17.629,SENSOR_DRIFT,1.0,1.0,1.0,1.0,1.0,0.0,20.0,30.0,-0.5
76.2,CLIMB,83.65,59.37,2647.5,24.71,92.08,1.077,6430.62,79.98,614.65,5.343,64.13,20.674,25.673,1.618,24.6,17.547,6432.88,100.14,644.89,4.901,63.79,20.624,25.661,1.604,24.586,17.556,SENSOR_DRIFT,1.0,1.0,1.0,1.0,1.0,0.0,20.0,30.0,-0.5
76.3,CLIMB,83.64,59.37,2654.58,24.69,92.057,1.0767,6430.14,79.98,614.61,5.343,64.13,20.672,25.673,1.618,24.6,17.546,6434.69,100.84,644.57,4.883,64.07,20.712,25.602,1.592,24.499,17.508,SENSOR_DRIFT,1.0,1.0,1.0,1.0,1.0,0.0,20.0,30.0,-0.5
76.4,CLIMB,83.63,59.36,2661.67,24.68,92.033,1.0765,6429.66,79.98,614.57,5.342,64.12,20.671,25.673,1.618,24.6,17.545,6436.64,99.8,640.75,4.844,64.0,20.724,25.613,1.629,24.627,17.568,SENSOR_DRIFT,1.0,1.0,1.0,1.0,1.0,0.0,20.0,30.0,-0.5
76.5,CLIMB,83.62,59.36,2668.75,24.66,92.009,1.0763,6429.17,79.98,614.52,5.342,64.11,20.67,25.672,1.618,24.6,17.544,6427.46,99.75,647.22,4.837,63.5,20.579,25.643,1.672,24.572,17.592,SENSOR_DRIFT,1.0,1.0,1.0,1.0,1.0,0.0,20.0,30.0,-0.5
76.6,CLIMB,83.62,59.35,2675.83,24.65,91.986,1.0761,6428.69,79.98,614.48,5.342,64.1,20.668,25.672,1.618,24.6,17.543,6424.46,99.89,643.36,4.811,64.51,20.786,25.605,1.549,24.574,17.592,SENSOR_DRIFT,1.0,1.0,1.0,1.0,1.0,0.0,20.0,30.0,-0.5
76.7,CLIMB,83.61,59.35,2682.92,24.63,91.962,1.0758,6428.21,79.98,614.43,5.342,64.09,20.667,25.672,1.618,24.6,17.541,6432.26,99.57,644.72,4.837,64.51,20.557,25.622,1.69,24.639,17.472,SENSOR_DRIFT,1.0,1.0,1.0,1.0,1.0,0.0,20.0,30.0,-0.5
76.8,CLIMB,83.6,59.34,2690.0,24.62,91.939,1.0756,6427.73,79.98,614.39,5.342,64.08,20.665,25.672,1.617,24.6,17.54,6434.9,100.84,642.76,4.873,63.59,20.497,25.667,1.647,24.592,17.376,SENSOR_DRIFT,1.0,1.0,1.0,1.0,1.0,0.0,20.0,30.0,-0.5
76.9,CLIMB,83.59,59.33,2697.08,24.61,91.915,1.0754,6427.25,79.98,614.35,5.342,64.07,20.664,25.672,1.617,24.6,17.539,6427.52,100.01,644.46,4.847,63.97,20.731,25.665,1.626,24.571,17.534,SENSOR_DRIFT,1.0,1.0,1.0,1.0,1.0,0.0,20.0,30.0,-0.5
77.0,CLIMB,83.58,59.33,2704.17,24.59,91.892,1.0752,6426.77,79.98,614.31,5.341,64.07,20.663,25.672,1.617,24.6,17.538,6423.55,99.74,647.12,4.857,63.32,20.688,25.71,1.637,24.524,17.517,SENSOR_DRIFT,1.0,1.0,1.0,1.0,1.0,0.0,20.0,30.0,-0.5
77.1,CLIMB,83.58,59.32,2711.25,24.58,91.868,1.075,6426.28,79.98,614.27,5.341,64.06,20.661,25.672,1.617,24.6,17.536,6420.09,100.66,645.77,4.849,64.2,20.501,25.602,1.627,24.636,17.408,SENSOR_DRIFT,1.0,1.0,1.0,1.0,1.0,0.0,20.0,30.0,-0.5
77.2,CLIMB,83.57,59.32,2718.33,24.56,91.845,1.0747,6425.8,79.98,614.22,5.341,64.05,20.66,25.671,1.617,24.6,17.535,6425.26,99.34,643.72,4.849,64.24,20.779,25.656,1.699,24.655,17.519,SENSOR_DRIFT,1.0,1.0,1.0,1.0,1.0,0.0,20.0,30.0,-0.5
77.3,CLIMB,83.56,59.31,2725.42,24.55,91.821,1.0745,6425.32,79.98,614.18,5.341,64.04,20.659,25.671,1.617,24.6,17.534,6420.16,99.42,645.57,4.825,64.51,20.601,25.695,1.565,24.574,17.305,SENSOR_DRIFT,1.0,1.0,1.0,1.0,1.0,0.0,20.0,30.0,-0.5
77.4,CLIMB,83.55,59.31,2732.5,24.54,91.798,1.0743,6424.84,79.98,614.14,5.341,64.03,20.657,25.671,1.617,24.6,17.533,6424.62,98.9,642.12,4.904,64.1,20.494,25.667,1.686,24.586,17.648,SENSOR_DRIFT,1.0,1.0,1.0,1.0,1.0,0.0,20.0,30.0,-0.5
77.5,CLIMB,83.54,59.3,2739.58,24.52,91.774,1.0741,6424.36,79.98,614.1,5.34,64.02,20.656,25.671,1.617,24.6,17.531,6425.84,100.22,643.97,4.829,64.1,20.583,25.61,1.604,24.665,17.44,SENSOR_DRIFT,1.0,1.0,1.0,1.0,1.0,0.0,20.0,30.0,-0.5
77.6,CLIMB,83.53,59.3,2746.67,24.51,91.751,1.0738,6423.88,79.98,614.06,5.34,64.01,20.655,25.671,1.617,24.6,17.53,6426.61,99.59,642.25,4.88,64.0,20.773,25.715,1.695,24.607,17.589,SENSOR_DRIFT,1.0,1.0,1.0,1.0,1.0,0.0,20.0,30.0,-0.5
77.7,CLIMB,83.53,59.29,2753.75,24.49,91.727,1.0736,6423.4,79.97,614.02,5.34,64.01,20.653,25.671,1.617,24.6,17.529,6414.55,99.48,643.44,4.822,64.04,20.771,25.631,1.553,24.601,17.538,SENSOR_DRIFT,1.0,1.0,1.0,1.0,1.0,0.0,20.0,30.0,-0.5
77.8,CLIMB,83.52,59.29,2760.83,24.48,91.704,1.0734,6422.92,79.97,613.98,5.34,64.0,20.652,25.67,1.617,24.6,17.528,6417.17,100.65,645.13,4.828,63.76,20.813,25.757,1.687,24.48,17.483,SENSOR_DRIFT,1.0,1.0,1.0,1.0,1.0,0.0,20.0,30.0,-0.5
77.9,CLIMB,83.51,59.28,2767.92,24.46,91.68,1.0732,6422.44,79.97,613.94,5.34,63.99,20.651,25.67,1.616,24.6,17.526,6427.96,100.58,641.47,4.877,63.88,20.593,25.645,1.628,24.54,17.605,SENSOR_DRIFT,1.0,1.0,1.0,1.0,1.0,0.0,20.0,30.0,-0.5
78.0,CLIMB,83.5,59.28,2775.0,24.45,91.657,1.0729,6421.96,79.97,613.9,5.34,63.98,20.649,25.67,1.616,24.6,17.525,6410.97,100.17,640.86,4.793,63.79,20.7,25.748,1.588,24.654,17.387,SENSOR_DRIFT,1.0,1.0,1.0,1.0,1.0,0.0,20.0,30.0,-0.5
78.1,CLIMB,83.49,59.27,2782.08,24.44,91.633,1.0727,6421.48,79.97,613.86,5.339,63.97,20.648,25.67,1.616,24.6,17.524,6426.88,100.15,643.72,4.854,64.12,20.627,25.644,1.583,24.531,17.476,SENSOR_DRIFT,1.0,1.0,1.0,1.0,1.0,0.0,20.0,30.0,-0.5
78.2,CLIMB,83.48,59.26,2789.17,24.42,91.61,1.0725,6421.0,79.97,613.83,5.339,63.96,20.647,25.67,1.616,24.6,17.523,6405.1,100.39,643.96,4.815,63.87,20.79,25.712,1.679,24.671,17.425,SENSOR_DRIFT,1.0,1.0,1.0,1.0,1.0,0.0,20.0,30.0,-0.5
78.3,CLIMB,83.48,59.26,2796.25,24.41,91.587,1.0723,6420.52,79.97,613.79,5.339,63.95,20.645,25.669,1.616,24.6,17.521,6409.64,100.01,645.23,4.852,63.68,20.392,25.643,1.598,24.592,17.422,SENSOR_DRIFT,1.0,1.0,1.0,1.0,1.0,0.0,20.0,30.0,-0.5
78.4,CLIMB,83.47,59.25,2803.33,24.39,91.563,1.072,6420.04,79.97,613.75,5.339,63.95,20.644,25.669,1.616,24.6,17.52,6418.11,99.85,643.21,4.861,64.24,20.702,25.71,1.637,24.657,17.678,SENSOR_DRIFT,1.0,1.0,1.0,1.0,1.0,0.0,20.0,30.0,-0.5
78.5,CLIMB,83.46,59.25,2810.42,24.38,91.54,1.0718,6419.57,79.97,613.71,5.339,63.94,20.643,25.669,1.616,24.6,17.519,6425.21,99.62,643.77,4.792,64.99,20.561,25.572,1.623,24.565,17.468,SENSOR_DRIFT,1.0,1.0,1.0,1.0,1.0,0.0,20.0,30.0,-0.5
78.6,CLIMB,83.45,59.24,2817.5,24.37,91.516,1.0716,6419.09,79.97,613.68,5.338,63.93,20.641,25.669,1.616,24.6,17.518,6407.82,99.39,643.07,4.812,64.11,20.745,25.712,1.635,24.53,17.386,SENSOR_DRIFT,1.0,1.0,1.0,1.0,1.0,0.0,20.0,30.0,-0.5
78.7,CLIMB,83.44,59.24,2824.58,24.35,91.493,1.0714,6418.61,79.97,613.64,5.338,63.92,20.64,25.669,1.616,24.6,17.516,6416.15,99.84,643.64,4.792,64.14,20.488,25.659,1.615,24.622,17.434,SENSOR_DRIFT,1.0,1.0,1.0,1.0,1.0,0.0,20.0,30.0,-0.5
78.8,CLIMB,83.43,59.23,2831.67,24.34,91.469,1.0712,6418.13,79.97,613.6,5.338,63.91,20.638,25.669,1.616,24.6,17.515,6416.3,99.05,642.1,4.834,63.69,20.792,25.714,1.614,24.55,17.523,SENSOR_DRIFT,1.0,1.0,1.0,1.0,1.0,0.0,20.0,30.0,-0.5
78.9,CLIMB,83.43,59.23,2838.75,24.32,91.446,1.0709,6417.65,79.97,613.57,5.338,63.9,20.637,25.669,1.616,24.6,17.514,6418.4,99.2,644.5,4.902,63.72,20.481,25.73,1.633,24.542,17.714,SENSOR_DRIFT,1.0,1.0,1.0,1.0,1.0,0.0,20.0,30.0,-0.5
79.0,CLIMB,83.42,59.22,2845.83,24.31,91.423,1.0707,6417.17,79.97,613.53,5.338,63.89,20.636,25.668,1.615,24.6,17.513,6423.7,100.36,644.56,4.798,63.65,20.81,25.648,1.636,24.636,17.288,SENSOR_DRIFT,1.0,1.0,1.0,1.0,1.0,0.0,20.0,30.0,-0.5
79.1,CLIMB,83.41,59.22,2852.92,24.29,91.399,1.0705,6416.69,79.97,613.49,5.338,63.89,20.634,25.668,1.615,24.6,17.511,6422.67,100.23,646.55,4.813,63.9,20.674,25.641,1.543,24.573,17.303,SENSOR_DRIFT,1.0,1.0,1.0,1.0,1.0,0.0,20.0,30.0,-0.5
79.2,CLIMB,83.4,59.21,2860.0,24.28,91.376,1.0703,6416.21,79.97,613.46,5.337,63.88,20.633,25.668,1.615,24.6,17.51,6419.81,99.91,641.67,4.841,64.25,20.542,25.737,1.628,24.585,17.529,SENSOR_DRIFT,1.0,1.0,1.0,1.0,1.0,0.0,20.0,30.0,-0.5
79.3,CLIMB,83.39,59.2,2867.08,24.27,91.352,1.07,6415.74,79.97,613.42,5.337,63.87,20.632,25.668,1.615,24.6,17.509,6419.76,100.22,641.81,4.788,63.63,20.771,25.718,1.61,24.607,17.527,SENSOR_DRIFT,1.0,1.0,1.0,1.0,1.0,0.0,20.0,30.0,-0.5
79.4,CLIMB,83.38,59.2,2874.17,24.25,91.329,1.0698,6415.26,79.97,613.39,5.337,63.86,20.63,25.668,1.615,24.6,17.508,6414.33,99.99,642.48,4.834,64.29,20.632,25.622,1.614,24.509,17.486,SENSOR_DRIFT,1.0,1.0,1.0,1.0,1.0,0.0,20.0,30.0,-0.5
79.5,CLIMB,83.38,59.19,2881.25,24.24,91.306,1.0696,6414.78,79.97,613.35,5.337,63.85,20.629,25.668,1.615,24.6,17.506,6419.31,100.03,644.39,4.844,63.97,20.437,25.676,1.648,24.65,17.573,SENSOR_DRIFT,1.0,1.0,1.0,1.0,1.0,0.0,20.0,30.0,-0.5
79.6,CLIMB,83.37,59.19,2888.33,24.22,91.282,1.0694,6414.3,79.97,613.32,5.337,63.84,20.628,25.667,1.615,24.6,17.505,6413.11,99.75,642.63,4.85,63.78,20.536,25.672,1.559,24.648,17.431,SENSOR_DRIFT,1.0,1.0,1.0,1.0,1.0,0.0,20.0,30.0,-0.5
79.7,CLIMB,83.36,59.18,2895.42,24.21,91.259,1.0691,6413.82,79.97,613.28,5.337,63.83,20.626,25.667,1.615,24.6,17.504,6413.87,100.32,643.06,4.852,64.43,20.603,25.666,1.566,24.583,17.445,SENSOR_DRIFT,1.0,1.0,1.0,1.0,1.0,0.0,20.0,30.0,-0.5
79.8,CLIMB,83.35,59.18,2902.5,24.2,91.236,1.0689,6413.35,79.97,613.25,5.336,63.82,20.625,25.667,1.615,24.6,17.503,6412.47,100.87,646.03,4.836,63.86,20.452,25.719,1.661,24.568,17.458,SENSOR_DRIFT,1.0,1.0,1.0,1.0,1.0,0.0,20.0,30.0,-0.5
79.9,CLIMB,83.34,59.17,2909.58,24.18,91.212,1.0687,6412.87,79.96,613.22,5.336,63.82,20.624,25.667,1.615,24.6,17.501,6411.52,100.34,642.47,4.827,63.87,20.681,25.599,1.635,24.625,17.481,SENSOR_DRIFT,1.0,1.0,1.0,1.0,1.0,0.0,20.0,30.0,-0.5
80.0,CLIMB,83.33,59.17,2916.67,24.17,91.189,1.0685,6412.39,79.96,613.18,5.336,63.81,20.622,25.667,1.615,24.6,17.5,6417.42,99.96,642.53,4.842,63.8,20.545,25.693,1.615,24.623,17.529,SENSOR_DRIFT,1.0,1.0,1.0,1.0,1.0,0.0,20.0,30.0,-0.5
80.1,CLIMB,83.33,59.16,2923.75,24.15,91.166,1.0683,6411.91,79.96,613.15,5.336,63.8,20.621,25.666,1.614,24.6,17.499,6412.62,100.29,644.27,4.809,63.64,20.446,25.646,1.536,24.646,17.372,SENSOR_DRIFT,1.0,1.0,1.0,1.0,1.0,0.0,20.0,30.0,-0.5
80.2,CLIMB,83.32,59.16,2930.83,24.14,91.142,1.068,6411.44,79.96,613.12,5.336,63.79,20.62,25.666,1.614,24.6,17.498,6411.79,99.22,640.53,4.86,63.97,20.627,25.742,1.544,24.661,17.659,SENSOR_DRIFT,1.0,1.0,1.0,1.0,1.0,0.0,20.0,30.0,-0.5
80.3,CLIMB,83.31,59.15,2937.92,24.12,91.119,1.0678,6410.96,79.96,613.08,5.335,63.78,20.618,25.666,1.614,24.6,17.496,6411.53,99.95,641.62,4.839,63.72,20.704,25.639,1.565,24.613,17.416,SENSOR_DRIFT,1.0,1.0,1.0,1.0,1.0,0.0,20.0,30.0,-0.5
80.4,CLIMB,83.3,59.15,2945.0,24.11,91.096,1.0676,6410.48,79.96,613.05,5.335,63.77,20.617,25.666,1.614,24.6,17.495,6408.83,100.72,641.02,4.836,63.66,20.734,25.597,1.628,24.581,17.512,SENSOR_DRIFT,1.0,1.0,1.0,1.0,1.0,0.0,20.0,30.0,-0.5
80.5,CLIMB,83.29,59.14,2952.08,24.1,91.072,1.0674,6410.0,79.96,613.02,5.335,63.76,20.615,25.666,1.614,24.6,17.494,6412.82,100.32,645.7,4.798,63.84,20.799,25.692,1.617,24.609,17.574,SENSOR_DRIFT,1.0,1.0,1.0,1.0,1.0,0.0,20.0,30.0,-0.5
80.6,CLIMB,83.28,59.13,2959.17,24.08,91.049,1.0671,6409.53,79.96,612.99,5.335,63.75,20.614,25.666,1.614,24.6,17.493,6406.83,100.42,643.33,4.795,63.62,20.543,25.704,1.637,24.528,17.632,SENSOR_DRIFT,1.0,1.0,1.0,1.0,1.0,0.0,20.0,30.0,-0.5
80.7,CLIMB,83.28,59.13,2966.25,24.07,91.026,1.0669,6409.05,79.96,612.95,5.335,63.75,20.613,25.666,1.614,24.6,17.491,6406.73,100.72,641.12,4.866,63.62,20.631,25.699,1.634,24.433,17.411,SENSOR_DRIFT,1.0,1.0,1.0,1.0,1.0,0.0,20.0,30.0,-0.5
80.8,CLIMB,83.27,59.12,2973.33,24.05,91.002,1.0667,6408.57,79.96,612.92,5.335,63.74,20.611,25.665,1.614,24.6,17.49,6404.92,99.84,645.18,4.803,63.53,20.435,25.663,1.604,24.54,17.684,SENSOR_DRIFT,1.0,1.0,1.0,1.0,1.0,0.0,20.0,30.0,-0.5
80.9,CLIMB,83.26,59.12,2980.42,24.04,90.979,1.0665,6408.09,79.96,612.89,5.334,63.73,20.61,25.665,1.614,24.6,17.489,6410.38,98.17,643.4,4.815,63.56,20.778,25.68,1.565,24.626,17.526,SENSOR_DRIFT,1.0,1.0,1.0,1.0,1.0,0.0,20.0,30.0,-0.5
81.0,CLIMB,83.25,59.11,2987.5,24.03,90.956,1.0663,6407.62,79.96,612.86,5.334,63.72,20.609,25.665,1.614,24.6,17.488,6405.51,100.09,644.22,4.869,63.11,20.711,25.722,1.574,24.669,17.529,SENSOR_DRIFT,1.0,1.0,1.0,1.0,1.0,0.0,20.0,30.0,-0.5
81.1,CLIMB,83.24,59.11,2994.58,24.01,90.932,1.066,6407.14,79.96,612.83,5.334,63.71,20.607,25.665,1.614,24.6,17.486,6412.53,99.51,642.83,4.788,64.12,20.365,25.626,1.559,24.678,17.663,SENSOR_DRIFT,1.0,1.0,1.0,1.0,1.0,0.0,20.0,30.0,-0.5
81.2,CLIMB,83.23,59.1,3001.67,24.0,90.909,1.0658,6406.66,79.96,612.8,5.334,63.7,20.606,25.665,1.613,24.6,17.485,6410.2,99.81,641.53,4.859,63.69,20.535,25.664,1.606,24.567,17.444,SENSOR_DRIFT,1.0,1.0,1.0,1.0,1.0,0.0,20.0,30.0,-0.5
81.3,CLIMB,83.23,59.1,3008.75,23.98,90.886,1.0656,6406.19,79.96,612.77,5.334,63.69,20.605,25.665,1.613,24.6,17.484,6411.35,98.71,644.74,4.834,63.64,20.696,25.641,1.598,24.574,17.314,SENSOR_DRIFT,1.0,1.0,1.0,1.0,1.0,0.0,20.0,30.0,-0.5
81.4,CLIMB,83.22,59.09,3015.83,23.97,90.863,1.0654,6405.71,79.96,612.74,5.334,63.68,20.603,25.664,1.613,24.6,17.483,6406.9,99.72,641.16,4.858,63.58,20.662,25.597,1.596,24.584,17.513,SENSOR_DRIFT,1.0,1.0,1.0,1.0,1.0,0.0,20.0,30.0,-0.5
81.5,CLIMB,83.21,59.09,3022.92,23.95,90.839,1.0651,6405.23,79.96,612.7,5.333,63.67,20.602,25.664,1.613,24.6,17.481,6407.03,99.66,643.66,4.816,63.32,20.597,25.647,1.592,24.586,17.503,SENSOR_DRIFT,1.0,1.0,1.0,1.0,1.0,0.0,20.0,30.0,-0.5
81.6,CLIMB,83.2,59.08,3030.0,23.94,90.816,1.0649,6404.76,79.96,612.67,5.333,63.67,20.601,25.664,1.613,24.6,17.48,6419.15,100.25,640.7,4.84,63.96,20.666,25.652,1.603,24.619,17.509,SENSOR_DRIFT,1.0,1.0,1.0,1.0,1.0,0.0,20.0,30.0,-0.5
81.7,CLIMB,83.19,59.07,3037.08,23.93,90.793,1.0647,6404.28,79.96,612.64,5.333,63.66,20.599,25.664,1.613,24.6,17.479,6410.32,99.64,643.93,4.854,63.66,20.783,25.628,1.633,24.631,17.553,SENSOR_DRIFT,1.0,1.0,1.0,1.0,1.0,0.0,20.0,30.0,-0.5
81.8,CLIMB,83.18,59.07,3044.17,23.91,90.77,1.0645,6403.8,79.96,612.61,5.333,63.65,20.598,25.664,1.613,24.6,17.478,6402.74,99.42,642.39,4.84,64.28,20.66,25.684,1.563,24.583,17.478,SENSOR_DRIFT,1.0,1.0,1.0,1.0,1.0,0.0,20.0,30.0,-0.5
81.9,CLIMB,83.18,59.06,3051.25,23.9,90.746,1.0643,6403.33,79.96,612.59,5.333,63.64,20.596,25.663,1.613,24.6,17.476,6400.65,99.89,641.61,4.777,63.19,20.589,25.714,1.604,24.669,17.519,SENSOR_DRIFT,1.0,1.0,1.0,1.0,1.0,0.0,20.0,30.0,-0.5
82.0,CLIMB,83.17,59.06,3058.33,23.88,90.723,1.064,6402.85,79.95,612.56,5.332,63.63,20.595,25.663,1.613,24.6,17.475,6404.86,99.09,641.42,4.902,63.64,20.652,25.717,1.617,24.613,17.457,SENSOR_DRIFT,1.0,1.0,1.0,1.0,1.0,0.0,20.0,30.0,-0.5
82.1,CLIMB,83.16,59.05,3065.42,23.87,90.7,1.0638,6402.37,79.95,612.53,5.332,63.62,20.594,25.663,1.613,24.6,17.474,6403.74,100.28,646.33,4.869,64.2,20.426,25.639,1.663,24.573,17.462,SENSOR_DRIFT,1.0,1.0,1.0,1.0,1.0,0.0,20.0,30.0,-0.5
82.2,CLIMB,83.15,59.05,3072.5,23.86,90.677,1.0636,6401.9,79.95,612.5,5.332,63.61,20.592,25.663,1.613,24.6,17.473,6398.27,99.73,642.77,4.773,63.99,20.585,25.671,1.582,24.628,17.242,SENSOR_DRIFT,1.0,1.0,1.0,1.0,1.0,0.0,20.0,30.0,-0.5
82.3,CLIMB,83.14,59.04,3079.58,23.84,90.654,1.0634,6401.42,79.95,612.47,5.332,63.6,20.591,25.663,1.612,24.6,17.471,6397.79,99.33,644.2,4.834,63.46,20.441,25.727,1.599,24.563,17.613,SENSOR_DRIFT,1.0,1.0,1.0,1.0,1.0,0.0,20.0,30.0,-0.5
82.4,CLIMB,83.13,59.04,3086.67,23.83,90.63,1.0631,6400.94,79.95,612.44,5.332,63.59,20.59,25.663,1.612,24.6,17.47,6399.44,99.17,644.34,4.827,63.82,20.519,25.591,1.606,24.675,17.323,SENSOR_DRIFT,1.0,1.0,1.0,1.0,1.0,0.0,20.0,30.0,-0.5
82.5,CLIMB,83.13,59.03,3093.75,23.81,90.607,1.0629,6400.47,79.95,612.41,5.332,63.58,20.588,25.663,1.612,24.6,17.469,6397.84,100.1,643.68,4.83,63.94,20.661,25.693,1.659,24.577,17.473,SENSOR_DRIFT,1.0,1.0,1.0,1.0,1.0,0.0,20.0,30.0,-0.5
82.6,CLIMB,83.12,59.03,3100.83,23.8,90.584,1.0627,6399.99,79.95,612.38,5.331,63.58,20.587,25.662,1.612,24.6,17.468,6407.35,99.47,641.4,4.861,63.87,20.557,25.704,1.578,24.693,17.471,SENSOR_DRIFT,1.0,1.0,1.0,1.0,1.0,0.0,20.0,30.0,-0.5
82.7,CLIMB,83.11,59.02,3107.92,23.78,90.561,1.0625,6399.51,79.95,612.35,5.331,63.57,20.586,25.662,1.612,24.6,17.466,6401.67,99.73,641.83,4.803,63.72,20.509,25.658,1.679,24.534,17.467,SENSOR_DRIFT,1.0,1.0,1.0,1.0,1.0,0.0,20.0,30.0,-0.5
82.8,CLIMB,83.1,59.02,3115.0,23.77,90.538,1.0623,6399.04,79.95,612.33,5.331,63.56,20.584,25.662,1.612,24.6,17.465,6392.27,100.11,641.53,4.86,63.6,20.662,25.715,1.635,24.616,17.363,SENSOR_DRIFT,1.0,1.0,1.0,1.0,1.0,0.0,20.0,30.0,-0.5
82.9,CLIMB,83.09,59.01,3122.08,23.76,90.514,1.062,6398.56,79.95,612.3,5.331,63.55,20.583,25.662,1.612,24.6,17.464,6390.5,99.45,644.96,4.876,63.69,20.72,25.533,1.603,24.715,17.495,SENSOR_DRIFT,1.0,1.0,1.0,1.0,1.0,0.0,20.0,30.0,-0.5
83.0,CLIMB,83.08,59.0,3129.17,23.74,90.491,1.0618,6398.08,79.95,612.27,5.331,63.54,20.582,25.662,1.612,24.6,17.463,6398.42,99.73,640.85,4.874,64.03,20.725,25.734,1.629,24.591,17.485,SENSOR_DRIFT,1.0,1.0,1.0,1.0,1.0,0.0,20.0,30.0,-0.5
83.1,CLIMB,83.08,59.0,3136.25,23.73,90.468,1.0616,6397.61,79.95,612.24,5.331,63.53,20.58,25.662,1.612,24.6,17.461,6402.76,100.39,643.85,4.814,63.47,20.535,25.656,1.578,24.58,17.296,SENSOR_DRIFT,1.0,1.0,1.0,1.0,1.0,0.0,20.0,30.0,-0.5
83.2,CLIMB,83.07,58.99,3143.33,23.71,90.445,1.0614,6397.13,79.95,612.22,5.33,63.52,20.579,25.661,1.612,24.6,17.46,6401.64,99.5,642.94,4.857,63.31,20.476,25.651,1.666,24.705,17.336,SENSOR_DRIFT,1.0,1.0,1.0,1.0,1.0,0.0,20.0,30.0,-0.5
83.3,CLIMB,83.06,58.99,3150.42,23.7,90.422,1.0612,6396.66,79.95,612.19,5.33,63.51,20.578,25.661,1.612,24.6,17.459,6393.58,99.64,640.67,4.785,63.23,20.588,25.637,1.573,24.614,17.471,SENSOR_DRIFT,1.0,1.0,1.0,1.0,1.0,0.0,20.0,30.0,-0.5
83.4,CLIMB,83.05,58.98,3157.5,23.69,90.399,1.0609,6396.18,79.95,612.16,5.33,63.5,20.576,25.661,1.611,24.6,17.458,6388.76,99.64,642.04,4.796,63.42,20.44,25.691,1.591,24.524,17.549,SENSOR_DRIFT,1.0,1.0,1.0,1.0,1.0,0.0,20.0,30.0,-0.5
83.5,CLIMB,83.04,58.98,3164.58,23.67,90.376,1.0607,6395.7,79.95,612.14,5.33,63.49,20.575,25.661,1.611,24.6,17.456,6396.01,99.58,641.22,4.833,63.14,20.469,25.646,1.531,24.528,17.531,SENSOR_DRIFT,1.0,1.0,1.0,1.0,1.0,0.0,20.0,30.0,-0.5
83.6,CLIMB,83.03,58.97,3171.67,23.66,90.352,1.0605,6395.23,79.95,612.11,5.33,63.49,20.573,25.661,1.611,24.6,17.455,6401.87,100.65,643.81,4.781,63.19,20.713,25.736,1.647,24.586,17.607,SENSOR_DRIFT,1.0,1.0,1.0,1.0,1.0,0.0,20.0,30.0,-0.5
83.7,CLIMB,83.03,58.97,3178.75,23.64,90.329,1.0603,6394.75,79.95,612.08,5.329,63.48,20.572,25.66,1.611,24.6,17.454,6405.02,100.49,641.87,4.804,63.52,20.719,25.601,1.655,24.639,17.547,SENSOR_DRIFT,1.0,1.0,1.0,1.0,1.0,0.0,20.0,30.0,-0.5
83.8,CLIMB,83.02,58.96,3185.83,23.63,90.306,1.0601,6394.28,79.95,612.06,5.329,63.47,20.571,25.66,1.611,24.6,17.453,6393.77,100.31,642.87,4.822,63.29,20.529,25.626,1.659,24.604,17.539,SENSOR_DRIFT,1.0,1.0,1.0,1.0,1.0,0.0,20.0,30.0,-0.5
83.9,CLIMB,83.01,58.96,3192.92,23.61,90.283,1.0598,6393.8,79.95,612.03,5.329,63.46,20.569,25.66,1.611,24.6,17.451,6393.58,100.05,643.14,4.814,63.27,20.582,25.696,1.572,24.655,17.52,SENSOR_DRIFT,1.0,1.0,1.0,1.0,1.0,0.0,20.0,30.0,-0.5
84.0,CLIMB,83.0,58.95,3200.0,23.6,90.26,1.0596,6393.32,79.95,612.0,5.329,63.45,20.568,25.66,1.611,24.6,17.45,6394.75,99.41,643.1,4.818,63.49,20.522,25.651,1.612,24.59,17.233,SENSOR_DRIFT,1.0,1.0,1.0,1.0,1.0,0.0,20.0,30.0,-0.5
84.1,CLIMB,82.99,58.94,3207.08,23.59,90.237,1.0594,6392.85,79.94,611.98,5.329,63.44,20.567,25.66,1.611,24.6,17.449,6397.44,100.33,640.17,4.768,63.79,20.768,25.734,1.678,24.609,17.281,SENSOR_DRIFT,1.0,1.0,1.0,1.0,1.0,0.0,20.0,30.0,-0.5
84.2,CLIMB,82.98,58.94,3214.17,23.57,90.214,1.0592,6392.37,79.94,611.95,5.329,63.43,20.565,25.66,1.611,24.6,17.448,6394.09,100.49,643.0,4.762,63.34,20.4,25.66,1.624,24.668,17.357,SENSOR_DRIFT,1.0,1.0,1.0,1.0,1.0,0.0,20.0,30.0,-0.5
84.3,CLIMB,82.98,58.93,3221.25,23.56,90.191,1.059,6391.9,79.94,611.93,5.328,63.42,20.564,25.66,1.611,24.6,17.446,6395.45,100.44,641.16,4.84,63.62,20.459,25.696,1.584,24.578,17.596,SENSOR_DRIFT,1.0,1.0,1.0,1.0,1.0,0.0,20.0,30.0,-0.5
84.4,CLIMB,82.97,58.93,3228.33,23.54,90.168,1.0587,6391.42,79.94,611.9,5.328,63.41,20.563,25.659,1.611,24.6,17.445,6388.07,100.2,644.57,4.838,63.5,20.622,25.701,1.57,24.707,17.471,SENSOR_DRIFT,1.0,1.0,1.0,1.0,1.0,0.0,20.0,30.0,-0.5
84.5,CLIMB,82.96,58.92,3235.42,23.53,90.145,1.0585,6390.95,79.94,611.87,5.328,63.4,20.561,25.659,1.61,24.6,17.444,6389.47,100.57,640.77,4.875,63.58,20.604,25.623,1.551,24.564,17.509,SENSOR_DRIFT,1.0,1.0,1.0,1.0,1.0,0.0,20.0,30.0,-0.5
84.6,CLIMB,82.95,58.92,3242.5,23.52,90.121,1.0583,6390.47,79.94,611.85,5.328,63.39,20.56,25.659,1.61,24.6,17.443,6395.35,99.72,642.83,4.84,63.43,20.375,25.65,1.557,24.735,17.647,SENSOR_DRIFT,1.0,1.0,1.0,1.0,1.0,0.0,20.0,30.0,-0.5
84.7,CLIMB,82.94,58.91,3249.58,23.5,90.098,1.0581,6389.99,79.94,611.82,5.328,63.38,20.559,25.659,1.61,24.6,17.441,6386.35,100.69,641.37,4.831,63.48,20.579,25.715,1.7,24.555,17.468,SENSOR_DRIFT,1.0,1.0,1.0,1.0,1.0,0.0,20.0,30.0,-0.5
84.8,CLIMB,82.93,58.91,3256.67,23.49,90.075,1.0578,6389.52,79.94,611.8,5.328,63.38,20.557,25.659,1.61,24.6,17.44,6389.36,99.64,643.17,4.821,63.57,20.547,25.678,1.554,24.676,17.228,SENSOR_DRIFT,1.0,1.0,1.0,1.0,1.0,0.0,20.0,30.0,-0.5
84.9,CLIMB,82.93,58.9,3263.75,23.47,90.052,1.0576,6389.04,79.94,611.77,5.327,63.37,20.556,25.659,1.61,24.6,17.439,6390.55,99.73,644.06,4.797,63.54,20.676,25.65,1.624,24.592,17.519,SENSOR_DRIFT,1.0,1.0,1.0,1.0,1.0,0.0,20.0,30.0,-0.5
85.0,CLIMB,82.92,58.9,3270.83,23.46,90.029,1.0574,6388.57,79.94,611.75,5.327,63.36,20.554,25.658,1.61,24.6,17.438,6388.28,100.16,641.82,4.835,63.36,20.524,25.674,1.562,24.621,17.274,SENSOR_DRIFT,1.0,1.0,1.0,1.0,1.0,0.0,20.0,30.0,-0.5
85.1,CLIMB,82.91,58.89,3277.92,23.44,90.006,1.0572,6388.09,79.94,611.72,5.327,63.35,20.553,25.658,1.61,24.6,17.436,6389.65,99.72,643.42,4.823,63.81,20.616,25.732,1.646,24.636,17.518,SENSOR_DRIFT,1.0,1.0,1.0,1.0,1.0,0.0,20.0,30.0,-0.5
85.2,CLIMB,82.9,58.89,3285.0,23.43,89.983,1.057,6387.62,79.94,611.7,5.327,63.34,20.552,25.658,1.61,24.6,17.435,6385.62,99.27,638.88,4.824,63.19,20.493,25.623,1.618,24.565,17.277,SENSOR_DRIFT,1.0,1.0,1.0,1.0,1.0,0.0,20.0,30.0,-0.5
85.3,CLIMB,82.89,58.88,3292.08,23.42,89.96,1.0567,6387.14,79.94,611.67,5.327,63.33,20.55,25.658,1.61,24.6,17.434,6395.42,99.64,642.89,4.853,63.2,20.396,25.632,1.639,24.663,17.546,SENSOR_DRIFT,1.0,1.0,1.0,1.0,1.0,0.0,20.0,30.0,-0.5
85.4,CLIMB,82.88,58.87,3299.17,23.4,89.937,1.0565,6386.67,79.94,611.65,5.326,63.32,20.549,25.658,1.61,24.6,17.433,6386.93,100.46,640.29,4.828,63.55,20.611,25.766,1.626,24.598,17.416,SENSOR_DRIFT,1.0,1.0,1.0,1.0,1.0,0.0,20.0,30.0,-0.5
85.5,CLIMB,82.88,58.87,3306.25,23.39,89.914,1.0563,6386.19,79.94,611.63,5.326,63.31,20.548,25.658,1.61,24.6,17.431,6384.5,99.21,643.6,4.821,63.25,20.352,25.572,1.584,24.62,17.327,SENSOR_DRIFT,1.0,1.0,1.0,1.0,1.0,0.0,20.0,30.0,-0.5
85.6,CLIMB,82.87,58.86,3313.33,23.37,89.891,1.0561,6385.71,79.94,611.6,5.326,63.3,20.546,25.657,1.609,24.6,17.43,6387.31,100.75,637.22,4.82,63.62,20.48,25.634,1.72,24.609,17.411,SENSOR_DRIFT,1.0,1.0,1.0,1.0,1.0,0.0,20.0,30.0,-0.5
85.7,CLIMB,82.86,58.86,3320.42,23.36,89.868,1.0559,6385.24,79.94,611.58,5.326,63.29,20.545,25.657,1.609,24.6,17.429,6388.18,99.21,640.13,4.881,63.71,20.407,25.67,1.566,24.666,17.426,SENSOR_DRIFT,1.0,1.0,1.0,1.0,1.0,0.0,20.0,30.0,-0.5
85.8,CLIMB,82.85,58.85,3327.5,23.35,89.845,1.0556,6384.76,79.94,611.55,5.326,63.28,20.544,25.657,1.609,24.6,17.428,6386.97,99.56,644.57,4.8,63.35,20.763,25.617,1.66,24.58,17.523,SENSOR_DRIFT,1.0,1.0,1.0,1.0,1.0,0.0,20.0,30.0,-0.5
85.9,CLIMB,82.84,58.85,3334.58,23.33,89.822,1.0554,6384.29,79.94,611.53,5.326,63.27,20.542,25.657,1.609,24.6,17.426,6382.32,99.19,642.16,4.883,63.1,20.72,25.623,1.564,24.661,17.493,SENSOR_DRIFT,1.0,1.0,1.0,1.0,1.0,0.0,20.0,30.0,-0.5
86.0,CLIMB,82.83,58.84,3341.67,23.32,89.799,1.0552,6383.81,79.94,611.51,5.325,63.26,20.541,25.657,1.609,24.6,17.425,6385.17,99.92,640.32,4.811,63.28,20.661,25.599,1.597,24.527,17.299,SENSOR_DRIFT,1.0,1.0,1.0,1.0,1.0,0.0,20.0,30.0,-0.5
86.1,CLIMB,82.83,58.84,3348.75,23.3,89.776,1.055,6383.34,79.93,611.48,5.325,63.26,20.54,25.657,1.609,24.6,17.424,6391.39,100.32,640.79,4.798,63.18,20.799,25.61,1.727,24.659,17.399,SENSOR_DRIFT,1.0,1.0,1.0,1.0,1.0,0.0,20.0,30.0,-0.5
86.2,CLIMB,82.82,58.83,3355.83,23.29,89.753,1.0548,6382.86,79.93,611.46,5.325,63.25,20.538,25.656,1.609,24.6,17.423,6381.52,100.24,644.16,4.857,63.1,20.618,25.636,1.683,24.666,17.493,SENSOR_DRIFT,1.0,1.0,1.0,1.0,1.0,0.0,20.0,30.0,-0.5
86.3,CLIMB,82.81,58.83,3362.92,23.27,89.73,1.0545,6382.39,79.93,611.44,5.325,63.24,20.537,25.656,1.609,24.6,17.421,6387.83,99.68,642.04,4.88,63.24,20.728,25.732,1.626,24.601,17.571,SENSOR_DRIFT,1.0,1.0,1.0,1.0,1.0,0.0,20.0,30.0,-0.5
86.4,CLIMB,82.8,58.82,3370.0,23.26,89.707,1.0543,6381.91,79.93,611.41,5.325,63.23,20.535,25.656,1.609,24.6,17.42,6384.3,100.02,642.88,4.827,62.86,20.548,25.603,1.591,24.563,17.565,SENSOR_DRIFT,1.0,1.0,1.0,1.0,1.0,0.0,20.0,30.0,-0.5
86.5,CLIMB,82.79,58.81,3377.08,23.25,89.684,1.0541,6381.44,79.93,611.39,5.325,63.22,20.534,25.656,1.609,24.6,17.419,6369.34,99.89,642.18,4.837,63.0,20.567,25.612,1.651,24.559,17.469,SENSOR_DRIFT,1.0,1.0,1.0,1.0,1.0,0.0,20.0,30.0,-0.5
86.6,CLIMB,82.78,58.81,3384.17,23.23,89.661,1.0539,6380.96,79.93,611.37,5.324,63.21,20.533,25.656,1.609,24.6,17.418,6373.9,99.74,644.32,4.814,63.39,20.553,25.627,1.646,24.58,17.448,SENSOR_DRIFT,1.0,1.0,1.0,1.0,1.0,0.0,20.0,30.0,-0.5
86.7,CLIMB,82.78,58.8,3391.25,23.22,89.638,1.0537,6380.49,79.93,611.34,5.324,63.2,20.531,25.655,1.608,24.6,17.416,6381.14,99.35,640.16,4.873,63.09,20.495,25.719,1.657,24.611,17.462,SENSOR_DRIFT,1.0,1.0,1.0,1.0,1.0,0.0,20.0,30.0,-0.5
86.8,CLIMB,82.77,58.8,3398.33,23.2,89.615,1.0535,6380.01,79.93,611.32,5.324,63.19,20.53,25.655,1.608,24.6,17.415,6381.98,100.12,640.85,4.836,63.7,20.519,25.596,1.621,24.658,17.477,SENSOR_DRIFT,1.0,1.0,1.0,1.0,1.0,0.0,20.0,30.0,-0.5
86.9,CLIMB,82.76,58.79,3405.42,23.19,89.592,1.0532,6379.54,79.93,611.3,5.324,63.18,20.529,25.655,1.608,24.6,17.414,6378.08,100.4,641.31,4.852,63.1,20.599,25.676,1.576,24.545,17.581,SENSOR_DRIFT,1.0,1.0,1.0,1.0,1.0,0.0,20.0,30.0,-0.5
87.0,CLIMB,82.75,58.79,3412.5,23.18,89.569,1.053,6379.06,79.93,611.28,5.324,63.17,20.527,25.655,1.608,24.6,17.413,6374.08,99.85,642.61,4.804,62.58,20.504,25.665,1.621,24.585,17.36,SENSOR_DRIFT,1.0,1.0,1.0,1.0,1.0,0.0,20.0,30.0,-0.5
87.1,CLIMB,82.74,58.78,3419.58,23.16,89.547,1.0528,6378.59,79.93,611.25,5.324,63.16,20.526,25.655,1.608,24.6,17.411,6373.9,100.44,644.9,4.869,62.74,20.515,25.699,1.649,24.604,17.396,SENSOR_DRIFT,1.0,1.0,1.0,1.0,1.0,0.0,20.0,30.0,-0.5
87.2,CLIMB,82.73,58.78,3426.67,23.15,89.524,1.0526,6378.11,79.93,611.23,5.323,63.15,20.525,25.655,1.608,24.6,17.41,6377.3,99.85,643.51,4.799,62.92,20.517,25.712,1.584,24.524,17.498,SENSOR_DRIFT,1.0,1.0,1.0,1.0,1.0,0.0,20.0,30.0,-0.5
87.3,CLIMB,82.73,58.77,3433.75,23.13,89.501,1.0524,6377.64,79.93,611.21,5.323,63.14,20.523,25.655,1.608,24.6,17.409,6385.7,99.69,639.4,4.818,62.88,20.484,25.673,1.622,24.606,17.461,SENSOR_DRIFT,1.0,1.0,1.0,1.0,1.0,0.0,20.0,30.0,-0.5
87.4,CLIMB,82.72,58.77,3440.83,23.12,89.478,1.0521,6377.16,79.93,611.19,5.323,63.13,20.522,25.654,1.608,24.6,17.408,6370.67,99.58,639.12,4.881,62.99,20.365,25.592,1.635,24.588,17.465,SENSOR_DRIFT,1.0,1.0,1.0,1.0,1.0,0.0,20.0,30.0,-0.5
87.5,CLIMB,82.71,58.76,3447.92,23.1,89.455,1.0519,6376.69,79.93,611.16,5.323,63.12,20.52,25.654,1.608,24.6,17.406,6371.38,100.14,640.1,4.826,62.69,20.338,25.636,1.639,24.575,17.248,SENSOR_DRIFT,1.0,1.0,1.0,1.0,1.0,0.0,20.0,30.0,-0.5
87.6,CLIMB,82.7,58.76,3455.0,23.09,89.432,1.0517,6376.21,79.93,611.14,5.323,63.11,20.519,25.654,1.608,24.6,17.405,6380.89,100.17,643.14,4.806,63.16,20.54,25.603,1.641,24.615,17.48,SENSOR_DRIFT,1.0,1.0,1.0,1.0,1.0,0.0,20.0,30.0,-0.5
87.7,CLIMB,82.69,58.75,3462.08,23.08,89.409,1.0515,6375.74,79.93,611.12,5.323,63.11,20.518,25.654,1.608,24.6,17.404,6367.54,100.0,638.69,4.793,62.58,20.562,25.729,1.57,24.649,17.467,SENSOR_DRIFT,1.0,1.0,1.0,1.0,1.0,0.0,20.0,30.0,-0.5
87.8,CLIMB,82.68,58.74,3469.17,23.06,89.386,1.0513,6375.26,79.93,611.1,5.322,63.1,20.516,25.654,1.607,24.6,17.403,6372.42,99.8,642.81,4.824,63.15,20.429,25.681,1.683,24.53,17.275,SENSOR_DRIFT,1.0,1.0,1.0,1.0,1.0,0.0,20.0,30.0,-0.5
87.9,CLIMB,82.68,58.74,3476.25,23.05,89.363,1.051,6374.79,79.93,611.08,5.322,63.09,20.515,25.654,1.607,24.6,17.401,6371.77,100.42,641.93,4.789,63.3,20.512,25.583,1.586,24.626,17.402,SENSOR_DRIFT,1.0,1.0,1.0,1.0,1.0,0.0,20.0,30.0,-0.5
88.0,CLIMB,82.67,58.73,3483.33,23.03,89.341,1.0508,6374.32,79.92,611.06,5.322,63.08,20.514,25.653,1.607,24.6,17.4,6372.12,100.04,636.73,4.846,62.68,20.556,25.585,1.68,24.549,17.553,SENSOR_DRIFT,1.0,1.0,1.0,1.0,1.0,0.0,20.0,30.0,-0.5
88.1,CLIMB,82.66,58.73,3490.42,23.02,89.318,1.0506,6373.84,79.92,611.03,5.322,63.07,20.512,25.653,1.607,24.6,17.399,6368.21,100.01,640.08,4.812,63.19,20.477,25.696,1.498,24.521,17.246,SENSOR_DRIFT,1.0,1.0,1.0,1.0,1.0,0.0,20.0,30.0,-0.5
88.2,CLIMB,82.65,58.72,3497.5,23.01,89.295,1.0504,6373.37,79.92,611.01,5.322,63.06,20.511,25.653,1.607,24.6,17.398,6362.31,100.18,640.62,4.863,63.16,20.339,25.596,1.584,24.58,17.483,SENSOR_DRIFT,1.0,1.0,1.0,1.0,1.0,0.0,20.0,30.0,-0.5
88.3,CLIMB,82.64,58.72,3504.58,22.99,89.272,1.0502,6372.89,79.92,610.99,5.321,63.05,20.51,25.653,1.607,24.6,17.396,6376.41,99.8,639.32,4.838,63.08,20.476,25.641,1.579,24.586,17.305,SENSOR_DRIFT,1.0,1.0,1.0,1.0,1.0,0.0,20.0,30.0,-0.5
88.4,CLIMB,82.63,58.71,3511.67,22.98,89.249,1.05,6372.42,79.92,610.97,5.321,63.04,20.508,25.653,1.607,24.6,17.395,6384.48,100.45,640.65,4.829,63.32,20.533,25.666,1.674,24.639,17.415,SENSOR_DRIFT,1.0,1.0,1.0,1.0,1.0,0.0,20.0,30.0,-0.5
88.5,CLIMB,82.63,58.71,3518.75,22.96,89.226,1.0497,6371.94,79.92,610.95,5.321,63.03,20.507,25.652,1.607,24.6,17.394,6371.31,99.32,641.29,4.817,63.39,20.599,25.704,1.644,24.61,17.538,SENSOR_DRIFT,1.0,1.0,1.0,1.0,1.0,0.0,20.0,30.0,-0.5
88.6,CLIMB,82.62,58.7,3525.83,22.95,89.203,1.0495,6371.47,79.92,610.93,5.321,63.02,20.506,25.652,1.607,24.6,17.393,6370.18,99.59,640.35,4.788,63.09,20.451,25.652,1.601,24.53,17.373,SENSOR_DRIFT,1.0,1.0,1.0,1.0,1.0,0.0,20.0,30.0,-0.5
88.7,CLIMB,82.61,58.7,3532.92,22.93,89.181,1.0493,6370.99,79.92,610.91,5.321,63.01,20.504,25.652,1.607,24.6,17.391,6368.23,99.77,639.55,4.839,63.13,20.699,25.649,1.517,24.477,17.477,SENSOR_DRIFT,1.0,1.0,1.0,1.0,1.0,0.0,20.0,30.0,-0.5
88.8,CLIMB,82.6,58.69,3540.0,22.92,89.158,1.0491,6370.52,79.92,610.88,5.321,63.0,20.503,25.652,1.607,24.6,17.39,6371.2,99.16,640.3,4.801,63.22,20.456,25.738,1.595,24.617,17.4,SENSOR_DRIFT,1.0,1.0,1.0,1.0,1.0,0.0,20.0,30.0,-0.5
88.9,CLIMB,82.59,58.68,3547.08,22.91,89.135,1.0489,6370.05,79.92,610.86,5.32,62.99,20.501,25.652,1.606,24.6,17.389,6372.81,99.4,643.62,4.822,63.0,20.734,25.679,1.598,24.597,17.496,SENSOR_DRIFT,1.0,1.0,1.0,1.0,1.0,0.0,20.0,30.0,-0.5
89.0,CLIMB,82.58,58.68,3554.17,22.89,89.112,1.0486,6369.57,79.92,610.84,5.32,62.98,20.5,25.652,1.606,24.6,17.388,6371.48,101.42,641.2,4.767,62.8,20.547,25.724,1.509,24.613,17.465,SENSOR_DRIFT,1.0,1.0,1.0,1.0,1.0,0.0,20.0,30.0,-0.5
89.1,CLIMB,82.58,58.67,3561.25,22.88,89.089,1.0484,6369.1,79.92,610.82,5.32,62.97,20.499,25.652,1.606,24.6,17.386,6365.56,100.24,642.74,4.815,62.89,20.524,25.666,1.578,24.511,17.375,SENSOR_DRIFT,1.0,1.0,1.0,1.0,1.0,0.0,20.0,30.0,-0.5
89.2,CLIMB,82.57,58.67,3568.33,22.86,89.066,1.0482,6368.62,79.92,610.8,5.32,62.96,20.497,25.651,1.606,24.6,17.385,6374.43,99.27,639.27,4.827,63.07,20.468,25.792,1.512,24.603,17.155,SENSOR_DRIFT,1.0,1.0,1.0,1.0,1.0,0.0,20.0,30.0,-0.5
89.3,CLIMB,82.56,58.66,3575.42,22.85,89.044,1.048,6368.15,79.92,610.78,5.32,62.95,20.496,25.651,1.606,24.6,17.384,6371.85,100.04,640.96,4.835,63.07,20.353,25.631,1.583,24.584,17.377,SENSOR_DRIFT,1.0,1.0,1.0,1.0,1.0,0.0,20.0,30.0,-0.5
89.4,CLIMB,82.55,58.66,3582.5,22.84,89.021,1.0478,6367.67,79.92,610.76,5.32,62.94,20.495,25.651,1.606,24.6,17.383,6374.25,99.62,644.18,4.801,62.54,20.694,25.724,1.574,24.607,17.306,SENSOR_DRIFT,1.0,1.0,1.0,1.0,1.0,0.0,20.0,30.0,-0.5
89.5,CLIMB,82.54,58.65,3589.58,22.82,88.998,1.0475,6367.2,79.92,610.74,5.319,62.93,20.493,25.651,1.606,24.6,17.381,6369.71,99.96,641.49,4.816,62.56,20.443,25.646,1.615,24.601,17.454,SENSOR_DRIFT,1.0,1.0,1.0,1.0,1.0,0.0,20.0,30.0,-0.5
89.6,CLIMB,82.53,58.65,3596.67,22.81,88.975,1.0473,6366.73,79.92,610.72,5.319,62.92,20.492,25.651,1.606,24.6,17.38,6363.29,100.5,640.34,4.839,62.75,20.585,25.663,1.589,24.629,17.378,SENSOR_DRIFT,1.0,1.0,1.0,1.0,1.0,0.0,20.0,30.0,-0.5
89.7,CLIMB,82.53,58.64,3603.75,22.79,88.953,1.0471,6366.25,79.92,610.7,5.319,62.92,20.491,25.651,1.606,24.6,17.379,6367.37,100.3,643.46,4.788,62.93,20.534,25.723,1.578,24.565,17.286,SENSOR_DRIFT,1.0,1.0,1.0,1.0,1.0,0.0,20.0,30.0,-0.5
89.8,CLIMB,82.52,58.64,3610.83,22.78,88.93,1.0469,6365.78,79.92,610.68,5.319,62.91,20.489,25.65,1.606,24.6,17.378,6362.69,98.82,639.56,4.805,62.87,20.549,25.625,1.595,24.651,17.416,SENSOR_DRIFT,1.0,1.0,1.0,1.0,1.0,0.0,20.0,30.0,-0.5
89.9,CLIMB,82.51,58.63,3617.92,22.76,88.907,1.0467,6365.3,79.92,610.66,5.319,62.9,20.488,25.65,1.606,24.6,17.376,6365.38,99.72,639.98,4.837,62.83,20.443,25.605,1.637,24.533,17.332,SENSOR_DRIFT,1.0,1.0,1.0,1.0,1.0,0.0,20.0,30.0,-0.5
90.0,CLIMB,82.5,58.63,3625.0,22.75,88.884,1.0465,6364.83,79.91,610.64,5.319,62.89,20.486,25.65,1.605,24.6,17.375,6362.89,99.69,640.8,4.837,63.18,20.457,25.689,1.488,24.646,17.175,SENSOR_DRIFT,1.0,1.0,1.0,1.0,1.0,0.0,20.0,30.0,-0.5
90.1,CLIMB,82.49,58.62,3632.08,22.74,88.862,1.0462,6364.36,79.91,610.62,5.318,62.88,20.485,25.65,1.605,24.6,17.374,6361.66,100.03,641.57,4.777,62.61,20.43,25.687,1.62,24.625,17.395,SENSOR_DRIFT,1.0,1.0,1.0,1.0,1.0,0.0,20.0,30.0,-0.5
90.2,CLIMB,82.48,58.61,3639.17,22.72,88.839,1.046,6363.88,79.91,610.6,5.318,62.87,20.484,25.65,1.605,24.6,17.373,6365.74,100.36,641.71,4.823,62.63,20.416,25.618,1.602,24.669,17.324,SENSOR_DRIFT,1.0,1.0,1.0,1.0,1.0,0.0,20.0,30.0,-0.5
90.3,CLIMB,82.48,58.61,3646.25,22.71,88.816,1.0458,6363.41,79.91,610.58,5.318,62.86,20.482,25.649,1.605,24.6,17.371,6362.28,100.0,640.04,4.836,62.73,20.489,25.664,1.514,24.511,17.472,SENSOR_DRIFT,1.0,1.0,1.0,1.0,1.0,0.0,20.0,30.0,-0.5
90.4,CLIMB,82.47,58.6,3653.33,22.69,88.793,1.0456,6362.93,79.91,610.56,5.318,62.85,20.481,25.649,1.605,24.6,17.37,6372.95,98.84,640.15,4.881,62.77,20.421,25.7,1.675,24.584,17.437,SENSOR_DRIFT,1.0,1.0,1.0,1.0,1.0,0.0,20.0,30.0,-0.5
90.5,CLIMB,82.46,58.6,3660.42,22.68,88.771,1.0454,6362.46,79.91,610.54,5.318,62.84,20.48,25.649,1.605,24.6,17.369,6364.25,100.23,639.97,4.743,62.66,20.232,25.667,1.539,24.699,17.382,SENSOR_DRIFT,1.0,1.0,1.0,1.0,1.0,0.0,20.0,30.0,-0.5
90.6,CLIMB,82.45,58.59,3667.5,22.67,88.748,1.0452,6361.99,79.91,610.52,5.318,62.83,20.478,25.649,1.605,24.6,17.368,6366.58,99.99,642.51,4.811,62.65,20.559,25.51,1.599,24.586,17.214,SENSOR_DRIFT,1.0,1.0,1.0,1.0,1.0,0.0,20.0,30.0,-0.5
90.7,CLIMB,82.44,58.59,3674.58,22.65,88.725,1.0449,6361.51,79.91,610.5,5.317,62.82,20.477,25.649,1.605,24.6,17.366,6367.99,100.12,642.71,4.882,62.75,20.544,25.659,1.62,24.579,17.396,SENSOR_DRIFT,1.0,1.0,1.0,1.0,1.0,0.0,20.0,30.0,-0.5
90.8,CLIMB,82.43,58.58,3681.67,22.64,88.702,1.0447,6361.04,79.91,610.48,5.317,62.81,20.476,25.649,1.605,24.6,17.365,6354.45,99.97,640.13,4.832,62.94,20.408,25.666,1.564,24.634,17.398,SENSOR_DRIFT,1.0,1.0,1.0,1.0,1.0,0.0,20.0,30.0,-0.5
90.9,CLIMB,82.43,58.58,3688.75,22.62,88.68,1.0445,6360.56,79.91,610.46,5.317,62.8,20.474,25.649,1.605,24.6,17.364,6366.26,100.24,636.36,4.786,62.44,20.511,25.696,1.56,24.688,17.336,SENSOR_DRIFT,1.0,1.0,1.0,1.0,1.0,0.0,20.0,30.0,-0.5
91.0,CLIMB,82.42,58.57,3695.83,22.61,88.657,1.0443,6360.09,79.91,610.44,5.317,62.79,20.473,25.648,1.605,24.6,17.363,6364.35,99.9,640.29,4.777,62.74,20.623,25.615,1.606,24.619,17.442,SENSOR_DRIFT,1.0,1.0,1.0,1.0,1.0,0.0,20.0,30.0,-0.5
91.1,CLIMB,82.41,58.57,3702.92,22.59,88.634,1.0441,6359.62,79.91,610.42,5.317,62.78,20.472,25.648,1.604,24.6,17.361,6353.02,99.94,641.27,4.826,62.73,20.551,25.63,1.622,24.653,17.429,SENSOR_DRIFT,1.0,1.0,1.0,1.0,1.0,0.0,20.0,30.0,-0.5
91.2,CLIMB,82.4,58.56,3710.0,22.58,88.612,1.0439,6359.14,79.91,610.4,5.317,62.77,20.47,25.648,1.604,24.6,17.36,6362.95,100.08,642.99,4.85,63.04,20.342,25.708,1.632,24.676,17.441,SENSOR_DRIFT,1.0,1.0,1.0,1.0,1.0,0.0,20.0,30.0,-0.5
91.3,CLIMB,82.39,58.55,3717.08,22.57,88.589,1.0436,6358.67,79.91,610.38,5.316,62.76,20.469,25.648,1.604,24.6,17.359,6355.45,99.71,640.51,4.835,63.18,20.348,25.686,1.61,24.561,17.373,SENSOR_DRIFT,1.0,1.0,1.0,1.0,1.0,0.0,20.0,30.0,-0.5
91.4,CLIMB,82.38,58.55,3724.17,22.55,88.566,1.0434,6358.2,79.91,610.36,5.316,62.75,20.467,25.648,1.604,24.6,17.358,6353.56,99.93,642.22,4.758,62.9,20.455,25.69,1.534,24.579,17.308,SENSOR_DRIFT,1.0,1.0,1.0,1.0,1.0,0.0,20.0,30.0,-0.5
91.5,CLIMB,82.38,58.54,3731.25,22.54,88.544,1.0432,6357.72,79.91,610.34,5.316,62.74,20.466,25.648,1.604,24.6,17.356,6353.48,99.92,640.44,4.815,62.68,20.495,25.666,1.628,24.584,17.31,SENSOR_DRIFT,1.0,1.0,1.0,1.0,1.0,0.0,20.0,30.0,-0.5
91.6,CLIMB,82.37,58.54,3738.33,22.52,88.521,1.043,6357.25,79.91,610.32,5.316,62.73,20.465,25.647,1.604,24.6,17.355,6367.01,99.04,639.36,4.824,62.35,20.58,25.667,1.644,24.643,17.285,SENSOR_DRIFT,1.0,1.0,1.0,1.0,1.0,0.0,20.0,30.0,-0.5
91.7,CLIMB,82.36,58.53,3745.42,22.51,88.498,1.0428,6356.78,79.91,610.3,5.316,62.72,20.463,25.647,1.604,24.6,17.354,6360.03,99.85,638.47,4.751,62.78,20.425,25.663,1.644,24.662,17.409,SENSOR_DRIFT,1.0,1.0,1.0,1.0,1.0,0.0,20.0,30.0,-0.5
91.8,CLIMB,82.35,58.53,3752.5,22.5,88.476,1.0425,6356.3,79.9,610.29,5.316,62.71,20.462,25.647,1.604,24.6,17.353,6358.18,99.91,637.92,4.75,62.5,20.404,25.663,1.512,24.579,17.276,SENSOR_DRIFT,1.0,1.0,1.0,1.0,1.0,0.0,20.0,30.0,-0.5
91.9,CLIMB,82.34,58.52,3759.58,22.48,88.453,1.0423,6355.83,79.9,610.27,5.315,62.7,20.461,25.647,1.604,24.6,17.351,6356.44,100.4,640.03,4.864,62.85,20.521,25.656,1.623,24.542,17.458,SENSOR_DRIFT,1.0,1.0,1.0,1.0,1.0,0.0,20.0,30.0,-0.5
92.0,CLIMB,82.33,58.52,3766.67,22.47,88.43,1.0421,6355.36,79.9,610.25,5.315,62.69,20.459,25.647,1.604,24.6,17.35,6351.85,99.31,639.19,4.8,62.3,20.385,25.707,1.572,24.573,17.276,SENSOR_DRIFT,1.0,1.0,1.0,1.0,1.0,0.0,20.0,30.0,-0.5
92.1,CLIMB,82.33,58.51,3773.75,22.45,88.408,1.0419,6354.88,79.9,610.23,5.315,62.68,20.458,25.647,1.604,24.6,17.349,6352.44,99.82,644.9,4.773,62.46,20.566,25.66,1.64,24.675,17.484,SENSOR_DRIFT,1.0,1.0,1.0,1.0,1.0,0.0,20.0,30.0,-0.5
92.2,CLIMB,82.32,58.51,3780.83,22.44,88.385,1.0417,6354.41,79.9,610.21,5.315,62.67,20.457,25.646,1.603,24.6,17.348,6357.34,100.04,640.62,4.77,62.74,20.384,25.659,1.547,24.655,17.301,SENSOR_DRIFT,1.0,1.0,1.0,1.0,1.0,0.0,20.0,30.0,-0.5
92.3,CLIMB,82.31,58.5,3787.92,22.42,88.363,1.0415,6353.93,79.9,610.19,5.315,62.66,20.455,25.646,1.603,24.6,17.346,6353.03,99.6,639.4,4.771,63.31,20.488,25.743,1.586,24.604,17.376,SENSOR_DRIFT,1.0,1.0,1.0,1.0,1.0,0.0,20.0,30.0,-0.5
92.4,CLIMB,82.3,58.5,3795.0,22.41,88.34,1.0412,6353.46,79.9,610.17,5.314,62.65,20.454,25.646,1.603,24.6,17.345,6348.59,100.49,637.84,4.846,62.43,20.386,25.607,1.669,24.543,17.417,SENSOR_DRIFT,1.0,1.0,1.0,1.0,1.0,0.0,20.0,30.0,-0.5
92.5,CLIMB,82.29,58.49,3802.08,22.4,88.317,1.041,6352.99,79.9,610.15,5.314,62.64,20.452,25.646,1.603,24.6,17.344,6355.44,100.64,636.92,4.826,62.11,20.484,25.62,1.55,24.569,17.461,SENSOR_DRIFT,1.0,1.0,1.0,1.0,1.0,0.0,20.0,30.0,-0.5
92.6,CLIMB,82.28,58.48,3809.17,22.38,88.295,1.0408,6352.51,79.9,610.13,5.314,62.63,20.451,25.646,1.603,24.6,17.343,6351.2,100.12,640.74,4.796,62.87,20.54,25.671,1.596,24.621,17.273,SENSOR_DRIFT,1.0,1.0,1.0,1.0,1.0,0.0,20.0,30.0,-0.5
92.7,CLIMB,82.28,58.48,3816.25,22.37,88.272,1.0406,6352.04,79.9,610.12,5.314,62.62,20.45,25.646,1.603,24.6,17.341,6354.42,100.12,642.02,4.749,63.01,20.43,25.67,1.568,24.526,17.433,SENSOR_DRIFT,1.0,1.0,1.0,1.0,1.0,0.0,20.0,30.0,-0.5
92.8,CLIMB,82.27,58.47,3823.33,22.35,88.25,1.0404,6351.57,79.9,610.1,5.314,62.61,20.448,25.645,1.603,24.6,17.34,6338.68,99.9,639.59,4.813,62.88,20.418,25.668,1.548,24.657,17.399,SENSOR_DRIFT,1.0,1.0,1.0,1.0,1.0,0.0,20.0,30.0,-0.5
92.9,CLIMB,82.26,58.47,3830.42,22.34,88.227,1.0402,6351.1,79.9,610.08,5.314,62.6,20.447,25.645,1.603,24.6,17.339,6355.8,99.93,643.17,4.878,62.28,20.376,25.591,1.49,24.611,17.166,SENSOR_DRIFT,1.0,1.0,1.0,1.0,1.0,0.0,20.0,30.0,-0.5
93.0,CLIMB,82.25,58.46,3837.5,22.33,88.204,1.0399,6350.62,79.9,610.06,5.313,62.59,20.446,25.645,1.603,24.6,17.338,6350.77,99.12,640.6,4.841,62.4,20.343,25.621,1.546,24.619,17.357,SENSOR_DRIFT,1.0,1.0,1.0,1.0,1.0,0.0,20.0,30.0,-0.5
93.1,CLIMB,82.24,58.46,3844.58,22.31,88.182,1.0397,6350.15,79.9,610.04,5.313,62.58,20.444,25.645,1.603,24.6,17.336,6349.18,100.11,636.94,4.8,62.54,20.421,25.704,1.542,24.62,17.549,SENSOR_DRIFT,1.0,1.0,1.0,1.0,1.0,0.0,20.0,30.0,-0.5
93.2,CLIMB,82.23,58.45,3851.67,22.3,88.159,1.0395,6349.68,79.9,610.02,5.313,62.57,20.443,25.645,1.603,24.6,17.335,6350.48,98.81,637.88,4.795,62.36,20.561,25.728,1.529,24.565,17.293,SENSOR_DRIFT,1.0,1.0,1.0,1.0,1.0,0.0,20.0,30.0,-0.5
93.3,CLIMB,82.23,58.45,3858.75,22.28,88.137,1.0393,6349.2,79.9,610.0,5.313,62.56,20.442,25.645,1.602,24.6,17.334,6348.62,99.53,640.74,4.805,62.17,20.546,25.728,1.632,24.584,17.276,SENSOR_DRIFT,1.0,1.0,1.0,1.0,1.0,0.0,20.0,30.0,-0.5
93.4,CLIMB,82.22,58.44,3865.83,22.27,88.114,1.0391,6348.73,79.9,609.99,5.313,62.55,20.44,25.644,1.602,24.6,17.333,6343.58,99.79,638.77,4.785,62.93,20.53,25.615,1.61,24.63,17.37,SENSOR_DRIFT,1.0,1.0,1.0,1.0,1.0,0.0,20.0,30.0,-0.5
93.5,CLIMB,82.21,58.44,3872.92,22.25,88.092,1.0389,6348.26,79.9,609.97,5.313,62.54,20.439,25.644,1.602,24.6,17.331,6353.19,99.83,639.73,4.832,62.23,20.477,25.726,1.635,24.487,17.364,SENSOR_DRIFT,1.0,1.0,1.0,1.0,1.0,0.0,20.0,30.0,-0.5
93.6,CLIMB,82.2,58.43,3880.0,22.24,88.069,1.0387,6347.78,79.9,609.95,5.312,62.54,20.437,25.644,1.602,24.6,17.33,6349.71,100.56,639.33,4.797,63.14,20.467,25.685,1.657,24.589,17.321,SENSOR_DRIFT,1.0,1.0,1.0,1.0,1.0,0.0,20.0,30.0,-0.5
93.7,CLIMB,82.19,58.42,3887.08,22.23,88.046,1.0384,6347.31,79.89,609.93,5.312,62.53,20.436,25.644,1.602,24.6,17.329,6339.35,100.43,639.38,4.831,62.15,20.504,25.591,1.685,24.588,17.208,SENSOR_DRIFT,1.0,1.0,1.0,1.0,1.0,0.0,20.0,30.0,-0.5
93.8,CLIMB,82.18,58.42,3894.17,22.21,88.024,1.0382,6346.84,79.89,609.91,5.312,62.52,20.435,25.644,1.602,24.6,17.328,6333.86,100.18,641.02,4.804,62.49,20.699,25.602,1.628,24.531,17.36,SENSOR_DRIFT,1.0,1.0,1.0,1.0,1.0,0.0,20.0,30.0,-0.5
93.9,CLIMB,82.18,58.41,3901.25,22.2,88.001,1.038,6346.37,79.89,609.9,5.312,62.51,20.433,25.644,1.602,24.6,17.326,6346.6,99.95,640.54,4.841,62.42,20.362,25.637,1.594,24.536,17.393,SENSOR_DRIFT,1.0,1.0,1.0,1.0,1.0,0.0,20.0,30.0,-0.5
94.0,CLIMB,82.17,58.41,3908.33,22.18,87.979,1.0378,6345.89,79.89,609.88,5.312,62.5,20.432,25.643,1.602,24.6,17.325,6340.18,100.16,638.02,4.819,62.4,20.431,25.619,1.602,24.622,17.39,SENSOR_DRIFT,1.0,1.0,1.0,1.0,1.0,0.0,20.0,30.0,-0.5
94.1,CLIMB,82.16,58.4,3915.42,22.17,87.956,1.0376,6345.42,79.89,609.86,5.312,62.49,20.431,25.643,1.602,24.6,17.324,6349.92,99.39,639.69,4.784,62.18,20.267,25.619,1.609,24.566,17.269,SENSOR_DRIFT,1.0,1.0,1.0,1.0,1.0,0.0,20.0,30.0,-0.5
94.2,CLIMB,82.15,58.4,3922.5,22.16,87.934,1.0374,6344.95,79.89,609.84,5.311,62.48,20.429,25.643,1.602,24.6,17.323,6353.33,100.33,642.29,4.898,62.26,20.489,25.601,1.639,24.62,17.287,SENSOR_DRIFT,1.0,1.0,1.0,1.0,1.0,0.0,20.0,30.0,-0.5
94.3,CLIMB,82.14,58.39,3929.58,22.14,87.911,1.0371,6344.47,79.89,609.82,5.311,62.47,20.428,25.643,1.602,24.6,17.321,6343.29,99.98,641.0,4.832,62.46,20.426,25.676,1.468,24.542,17.303,SENSOR_DRIFT,1.0,1.0,1.0,1.0,1.0,0.0,20.0,30.0,-0.5
94.4,CLIMB,82.13,58.39,3936.67,22.13,87.889,1.0369,6344.0,79.89,609.8,5.311,62.46,20.427,25.643,1.601,24.6,17.32,6351.94,100.01,638.88,4.778,62.34,20.443,25.621,1.527,24.636,17.436,SENSOR_DRIFT,1.0,1.0,1.0,1.0,1.0,0.0,20.0,30.0,-0.5
94.5,CLIMB,82.13,58.38,3943.75,22.11,87.866,1.0367,6343.53,79.89,609.79,5.311,62.45,20.425,25.643,1.601,24.6,17.319,6340.88,99.33,638.03,4.795,62.48,20.537,25.582,1.62,24.631,17.446,SENSOR_DRIFT,1.0,1.0,1.0,1.0,1.0,0.0,20.0,30.0,-0.5
94.6,CLIMB,82.12,58.38,3950.83,22.1,87.844,1.0365,6343.06,79.89,609.77,5.311,62.44,20.424,25.642,1.601,24.6,17.318,6342.64,99.67,642.95,4.832,61.86,20.371,25.627,1.667,24.577,17.448,SENSOR_DRIFT,1.0,1.0,1.0,1.0,1.0,0.0,20.0,30.0,-0.5
94.7,CLIMB,82.11,58.37,3957.92,22.08,87.821,1.0363,6342.58,79.89,609.75,5.311,62.43,20.422,25.642,1.601,24.6,17.316,6332.46,100.25,638.48,4.823,62.34,20.56,25.724,1.522,24.658,17.163,SENSOR_DRIFT,1.0,1.0,1.0,1.0,1.0,0.0,20.0,30.0,-0.5
94.8,CLIMB,82.1,58.37,3965.0,22.07,87.799,1.0361,6342.11,79.89,609.73,5.31,62.42,20.421,25.642,1.601,24.6,17.315,6331.91,100.22,638.68,4.836,62.44,20.364,25.599,1.586,24.563,17.241,SENSOR_DRIFT,1.0,1.0,1.0,1.0,1.0,0.0,20.0,30.0,-0.5
94.9,CLIMB,82.09,58.36,3972.08,22.06,87.776,1.0358,6341.64,79.89,609.72,5.31,62.41,20.42,25.642,1.601,24.6,17.314,6343.07,100.55,640.19,4.85,62.2,20.512,25.618,1.625,24.591,17.38,SENSOR_DRIFT,1.0,1.0,1.0,1.0,1.0,0.0,20.0,30.0,-0.5
95.0,CLIMB,82.08,58.35,3979.17,22.04,87.754,1.0356,6341.17,79.89,609.7,5.31,62.4,20.418,25.642,1.601,24.6,17.313,6338.19,99.9,639.69,4.791,62.83,20.468,25.658,1.643,24.598,17.256,SENSOR_DRIFT,1.0,1.0,1.0,1.0,1.0,0.0,20.0,30.0,-0.5
95.1,CLIMB,82.08,58.35,3986.25,22.03,87.731,1.0354,6340.69,79.89,609.68,5.31,62.39,20.417,25.642,1.601,24.6,17.311,6332.31,100.0,637.08,4.888,61.95,20.488,25.589,1.711,24.611,17.413,SENSOR_DRIFT,1.0,1.0,1.0,1.0,1.0,0.0,20.0,30.0,-0.5
95.2,CLIMB,82.07,58.34,3993.33,22.01,87.709,1.0352,6340.22,79.89,609.66,5.31,62.38,20.416,25.641,1.601,24.6,17.31,6336.34,101.09,640.39,4.839,62.56,20.347,25.664,1.515,24.616,17.419,SENSOR_DRIFT,1.0,1.0,1.0,1.0,1.0,0.0,20.0,30.0,-0.5
95.3,CLIMB,82.06,58.34,4000.42,22.0,87.687,1.035,6339.75,79.89,609.65,5.31,62.37,20.414,25.641,1.601,24.6,17.309,6337.53,99.54,637.25,4.877,62.48,20.423,25.652,1.582,24.539,17.287,SENSOR_DRIFT,1.0,1.0,1.0,1.0,1.0,0.0,20.0,30.0,-0.5
95.4,CLIMB,82.05,58.33,4007.5,21.99,87.664,1.0348,6339.27,79.89,609.63,5.309,62.36,20.413,25.641,1.601,24.6,17.308,6344.38,99.87,638.52,4.786,62.72,20.214,25.611,1.606,24.524,17.23,SENSOR_DRIFT,1.0,1.0,1.0,1.0,1.0,0.0,20.0,30.0,-0.5
95.5,CLIMB,82.04,58.33,4014.58,21.97,87.642,1.0346,6338.8,79.88,609.61,5.309,62.35,20.412,25.641,1.6,24.6,17.306,6340.61,99.72,638.89,4.824,62.83,20.289,25.608,1.564,24.569,17.283,SENSOR_DRIFT,1.0,1.0,1.0,1.0,1.0,0.0,20.0,30.0,-0.5
95.6,CLIMB,82.03,58.32,4021.67,21.96,87.619,1.0343,6338.33,79.88,609.59,5.309,62.34,20.41,25.641,1.6,24.6,17.305,6335.55,99.65,636.94,4.811,62.07,20.515,25.724,1.522,24.558,17.386,SENSOR_DRIFT,1.0,1.0,1.0,1.0,1.0,0.0,20.0,30.0,-0.5
95.7,CLIMB,82.03,58.32,4028.75,21.94,87.597,1.0341,6337.86,79.88,609.57,5.309,62.33,20.409,25.641,1.6,24.6,17.304,6343.56,99.75,639.06,4.793,62.59,20.392,25.6,1.591,24.575,17.266,SENSOR_DRIFT,1.0,1.0,1.0,1.0,1.0,0.0,20.0,30.0,-0.5
95.8,CLIMB,82.02,58.31,4035.83,21.93,87.574,1.0339,6337.39,79.88,609.56,5.309,62.32,20.407,25.64,1.6,24.6,17.303,6335.1,98.84,638.33,4.816,62.28,20.336,25.674,1.595,24.501,17.349,SENSOR_DRIFT,1.0,1.0,1.0,1.0,1.0,0.0,20.0,30.0,-0.5
95.9,CLIMB,82.01,58.31,4042.92,21.91,87.552,1.0337,6336.91,79.88,609.54,5.309,62.31,20.406,25.64,1.6,24.6,17.301,6337.65,99.77,643.79,4.799,62.66,20.467,25.649,1.51,24.481,17.146,SENSOR_DRIFT,1.0,1.0,1.0,1.0,1.0,0.0,20.0,30.0,-0.5
96.0,CLIMB,82.0,58.3,4050.0,21.9,87.53,1.0335,6336.44,79.88,609.52,5.308,62.3,20.405,25.64,1.6,24.6,17.3,6332.62,100.03,639.22,4.775,62.43,20.375,25.619,1.625,24.539,17.154,SENSOR_DRIFT,1.0,1.0,1.0,1.0,1.0,0.0,20.0,30.0,-0.5
96.1,CLIMB,81.99,58.29,4057.08,21.89,87.507,1.0333,6335.97,79.88,609.51,5.308,62.29,20.403,25.64,1.6,24.6,17.299,6340.28,99.44,642.87,4.802,61.74,20.417,25.619,1.584,24.579,17.438,SENSOR_DRIFT,1.0,1.0,1.0,1.0,1.0,0.0,20.0,30.0,-0.5
96.2,CLIMB,81.98,58.29,4064.17,21.87,87.485,1.033,6335.5,79.88,609.49,5.308,62.28,20.402,25.64,1.6,24.6,17.298,6326.11,99.69,639.03,4.791,62.17,20.427,25.64,1.685,24.579,17.2,SENSOR_DRIFT,1.0,1.0,1.0,1.0,1.0,0.0,20.0,30.0,-0.5
96.3,CLIMB,81.98,58.28,4071.25,21.86,87.462,1.0328,6335.02,79.88,609.47,5.308,62.27,20.401,25.64,1.6,24.6,17.296,6325.93,100.21,639.66,4.816,62.22,20.485,25.583,1.634,24.602,17.166,SENSOR_DRIFT,1.0,1.0,1.0,1.0,1.0,0.0,20.0,30.0,-0.5
96.4,CLIMB,81.97,58.28,4078.33,21.84,87.44,1.0326,6334.55,79.88,609.45,5.308,62.26,20.399,25.639,1.6,24.6,17.295,6335.88,99.78,638.62,4.826,62.07,20.595,25.637,1.626,24.659,17.247,SENSOR_DRIFT,1.0,1.0,1.0,1.0,1.0,0.0,20.0,30.0,-0.5
96.5,CLIMB,81.96,58.27,4085.42,21.83,87.418,1.0324,6334.08,79.88,609.44,5.308,62.25,20.398,25.639,1.6,24.6,17.294,6334.5,99.79,642.99,4.818,61.69,20.482,25.703,1.576,24.564,17.262,SENSOR_DRIFT,1.0,1.0,1.0,1.0,1.0,0.0,20.0,30.0,-0.5
96.6,CLIMB,81.95,58.27,4092.5,21.82,87.395,1.0322,6333.61,79.88,609.42,5.307,62.23,20.396,25.639,1.6,24.6,17.293,6329.4,99.57,643.18,4.795,62.45,20.216,25.725,1.573,24.611,17.254,SENSOR_DRIFT,1.0,1.0,1.0,1.0,1.0,0.0,20.0,30.0,-0.5
96.7,CLIMB,81.94,58.26,4099.58,21.8,87.373,1.032,6333.14,79.88,609.4,5.307,62.22,20.395,25.639,1.599,24.6,17.291,6340.27,99.24,638.29,4.793,62.36,20.513,25.629,1.508,24.639,17.404,SENSOR_DRIFT,1.0,1.0,1.0,1.0,1.0,0.0,20.0,30.0,-0.5
96.8,CLIMB,81.93,58.26,4106.67,21.79,87.351,1.0318,6332.66,79.88,609.38,5.307,62.21,20.394,25.639,1.599,24.6,17.29,6334.43,99.93,640.55,4.825,62.39,20.28,25.655,1.608,24.604,17.074,SENSOR_DRIFT,1.0,1.0,1.0,1.0,1.0,0.0,20.0,30.0,-0.5
96.9,CLIMB,81.93,58.25,4113.75,21.77,87.328,1.0315,6332.19,79.88,609.37,5.307,62.2,20.392,25.639,1.599,24.6,17.289,6339.52,99.86,638.15,4.823,62.41,20.31,25.598,1.554,24.694,17.262,SENSOR_DRIFT,1.0,1.0,1.0,1.0,1.0,0.0,20.0,30.0,-0.5
97.0,CLIMB,81.92,58.25,4120.83,21.76,87.306,1.0313,6331.72,79.88,609.35,5.307,62.19,20.391,25.638,1.599,24.6,17.288,6330.28,100.35,639.16,4.785,62.03,20.225,25.586,1.669,24.592,17.449,SENSOR_DRIFT,1.0,1.0,1.0,1.0,1.0,0.0,20.0,30.0,-0.5
97.1,CLIMB,81.91,58.24,4127.92,21.74,87.283,1.0311,6331.25,79.88,609.33,5.307,62.18,20.39,25.638,1.599,24.6,17.286,6333.55,100.1,636.65,4.821,61.77,20.523,25.591,1.601,24.676,17.13,SENSOR_DRIFT,1.0,1.0,1.0,1.0,1.0,0.0,20.0,30.0,-0.5
97.2,CLIMB,81.9,58.24,4135.0,21.73,87.261,1.0309,6330.78,79.88,609.32,5.306,62.17,20.388,25.638,1.599,24.6,17.285,6330.78,99.28,638.81,4.856,62.78,20.555,25.582,1.545,24.596,17.068,SENSOR_DRIFT,1.0,1.0,1.0,1.0,1.0,0.0,20.0,30.0,-0.5
97.3,CLIMB,81.89,58.23,4142.08,21.72,87.239,1.0307,6330.3,79.87,609.3,5.306,62.16,20.387,25.638,1.599,24.6,17.284,6328.56,100.13,641.48,4.796,62.92,20.464,25.65,1.574,24.616,17.299,SENSOR_DRIFT,1.0,1.0,1.0,1.0,1.0,0.0,20.0,30.0,-0.5
97.4,CLIMB,81.88,58.22,4149.17,21.7,87.216,1.0305,6329.83,79.87,609.28,5.306,62.15,20.386,25.638,1.599,24.6,17.283,6337.59,100.76,641.48,4.817,62.05,20.311,25.518,1.56,24.604,17.15,SENSOR_DRIFT,1.0,1.0,1.0,1.0,1.0,0.0,20.0,30.0,-0.5
97.5,CLIMB,81.88,58.22,4156.25,21.69,87.194,1.0303,6329.36,79.87,609.27,5.306,62.14,20.384,25.638,1.599,24.6,17.281,6332.88,99.4,638.99,4.77,61.74,20.404,25.734,1.613,24.586,17.333,SENSOR_DRIFT,1.0,1.0,1.0,1.0,1.0,0.0,20.0,30.0,-0.5
97.6,CLIMB,81.87,58.21,4163.33,21.67,87.172,1.03,6328.89,79.87,609.25,5.306,62.13,20.383,25.637,1.599,24.6,17.28,6326.67,100.18,638.75,4.856,62.29,20.393,25.632,1.585,24.568,17.297,SENSOR_DRIFT,1.0,1.0,1.0,1.0,1.0,0.0,20.0,30.0,-0.5
97.7,CLIMB,81.86,58.21,4170.42,21.66,87.15,1.0298,6328.42,79.87,609.23,5.306,62.12,20.381,25.637,1.599,24.6,17.279,6330.97,99.54,639.25,4.769,61.88,20.407,25.526,1.622,24.584,17.424,SENSOR_DRIFT,1.0,1.0,1.0,1.0,1.0,0.0,20.0,30.0,-0.5
97.8,CLIMB,81.85,58.2,4177.5,21.65,87.127,1.0296,6327.94,79.87,609.21,5.305,62.11,20.38,25.637,1.598,24.6,17.278,6326.92,100.2,641.09,4.839,62.34,20.348,25.674,1.61,24.51,17.204,SENSOR_DRIFT,1.0,1.0,1.0,1.0,1.0,0.0,20.0,30.0,-0.5
97.9,CLIMB,81.84,58.2,4184.58,21.63,87.105,1.0294,6327.47,79.87,609.2,5.305,62.1,20.379,25.637,1.598,24.6,17.276,6328.17,98.86,641.32,4.802,62.16,20.38,25.654,1.672,24.601,17.235,SENSOR_DRIFT,1.0,1.0,1.0,1.0,1.0,0.0,20.0,30.0,-0.5
98.0,CLIMB,81.83,58.19,4191.67,21.62,87.083,1.0292,6327.0,79.87,609.18,5.305,62.09,20.377,25.637,1.598,24.6,17.275,6333.88,100.04,637.68,4.782,62.26,20.308,25.656,1.665,24.553,17.307,SENSOR_DRIFT,1.0,1.0,1.0,1.0,1.0,0.0,20.0,30.0,-0.5
98.1,CLIMB,81.83,58.19,4198.75,21.6,87.06,1.029,6326.53,79.87,609.16,5.305,62.08,20.376,25.637,1.598,24.6,17.274,6328.1,100.29,636.07,4.781,61.78,20.385,25.66,1.594,24.655,17.34,SENSOR_DRIFT,1.0,1.0,1.0,1.0,1.0,0.0,20.0,30.0,-0.5
98.2,CLIMB,81.82,58.18,4205.83,21.59,87.038,1.0288,6326.06,79.87,609.15,5.305,62.07,20.375,25.636,1.598,24.6,17.273,6327.13,100.76,638.78,4.814,62.22,20.381,25.624,1.642,24.587,17.161,SENSOR_DRIFT,1.0,1.0,1.0,1.0,1.0,0.0,20.0,30.0,-0.5
98.3,CLIMB,81.81,58.18,4212.92,21.57,87.016,1.0285,6325.59,79.87,609.13,5.305,62.06,20.373,25.636,1.598,24.6,17.271,6328.69,100.4,640.64,4.784,62.2,20.381,25.574,1.7,24.573,17.352,SENSOR_DRIFT,1.0,1.0,1.0,1.0,1.0,0.0,20.0,30.0,-0.5
98.4,CLIMB,81.8,58.17,4220.0,21.56,86.994,1.0283,6325.11,79.87,609.11,5.304,62.05,20.372,25.636,1.598,24.6,17.27,6317.68,100.19,640.81,4.778,62.38,20.257,25.559,1.588,24.521,17.272,SENSOR_DRIFT,1.0,1.0,1.0,1.0,1.0,0.0,20.0,30.0,-0.5
98.5,CLIMB,81.79,58.16,4227.08,21.55,86.971,1.0281,6324.64,79.87,609.1,5.304,62.04,20.371,25.636,1.598,24.6,17.269,6316.4,100.67,636.4,4.788,62.08,20.296,25.505,1.642,24.544,17.124,SENSOR_DRIFT,1.0,1.0,1.0,1.0,1.0,0.0,20.0,30.0,-0.5
98.6,CLIMB,81.78,58.16,4234.17,21.53,86.949,1.0279,6324.17,79.87,609.08,5.304,62.03,20.369,25.636,1.598,24.6,17.268,6325.48,99.82,640.04,4.794,62.11,20.244,25.619,1.588,24.602,17.393,SENSOR_DRIFT,1.0,1.0,1.0,1.0,1.0,0.0,20.0,30.0,-0.5
98.7,CLIMB,81.78,58.15,4241.25,21.52,86.927,1.0277,6323.7,79.87,609.06,5.304,62.02,20.368,25.636,1.598,24.6,17.266,6323.31,99.13,638.95,4.824,62.25,20.343,25.606,1.552,24.617,17.409,SENSOR_DRIFT,1.0,1.0,1.0,1.0,1.0,0.0,20.0,30.0,-0.5
98.8,CLIMB,81.77,58.15,4248.33,21.5,86.905,1.0275,6323.23,79.87,609.05,5.304,62.01,20.366,25.635,1.598,24.6,17.265,6323.34,100.0,637.57,4.79,62.12,20.33,25.574,1.557,24.602,17.204,SENSOR_DRIFT,1.0,1.0,1.0,1.0,1.0,0.0,20.0,30.0,-0.5
98.9,CLIMB,81.76,58.14,4255.42,21.49,86.882,1.0273,6322.76,79.87,609.03,5.304,62.0,20.365,25.635,1.597,24.6,17.264,6323.03,99.99,641.05,4.791,61.65,20.53,25.586,1.6,24.598,17.239,SENSOR_DRIFT,1.0,1.0,1.0,1.0,1.0,0.0,20.0,30.0,-0.5
99.0,CLIMB,81.75,58.14,4262.5,21.48,86.86,1.0271,6322.28,79.86,609.01,5.303,61.99,20.364,25.635,1.597,24.6,17.263,6319.58,100.69,637.24,4.79,62.02,20.427,25.637,1.636,24.581,17.105,SENSOR_DRIFT,1.0,1.0,1.0,1.0,1.0,0.0,20.0,30.0,-0.5
99.1,CLIMB,81.74,58.13,4269.58,21.46,86.838,1.0268,6321.81,79.86,609.0,5.303,61.98,20.362,25.635,1.597,24.6,17.261,6321.92,100.21,635.3,4.813,62.18,20.369,25.667,1.649,24.631,17.266,SENSOR_DRIFT,1.0,1.0,1.0,1.0,1.0,0.0,20.0,30.0,-0.5
99.2,CLIMB,81.73,58.13,4276.67,21.45,86.816,1.0266,6321.34,79.86,608.98,5.303,61.97,20.361,25.635,1.597,24.6,17.26,6317.28,99.96,639.97,4.819,62.34,20.417,25.666,1.667,24.631,17.45,SENSOR_DRIFT,1.0,1.0,1.0,1.0,1.0,0.0,20.0,30.0,-0.5
99.3,CLIMB,81.73,58.12,4283.75,21.43,86.793,1.0264,6320.87,79.86,608.96,5.303,61.96,20.36,25.635,1.597,24.6,17.259,6321.3,99.41,637.53,4.769,61.96,20.298,25.661,1.586,24.545,17.114,SENSOR_DRIFT,1.0,1.0,1.0,1.0,1.0,0.0,20.0,30.0,-0.5
99.4,CLIMB,81.72,58.12,4290.83,21.42,86.771,1.0262,6320.4,79.86,608.95,5.303,61.95,20.358,25.634,1.597,24.6,17.258,6316.9,99.28,639.94,4.802,61.66,20.203,25.573,1.647,24.616,17.187,SENSOR_DRIFT,1.0,1.0,1.0,1.0,1.0,0.0,20.0,30.0,-0.5
99.5,CLIMB,81.71,58.11,4297.92,21.4,86.749,1.026,6319.93,79.86,608.93,5.303,61.94,20.357,25.634,1.597,24.6,17.256,6323.38,100.02,638.3,4.774,61.84,20.422,25.622,1.634,24.551,17.416,SENSOR_DRIFT,1.0,1.0,1.0,1.0,1.0,0.0,20.0,30.0,-0.5
99.6,CLIMB,81.7,58.11,4305.0,21.39,86.727,1.0258,6319.46,79.86,608.91,5.302,61.93,20.355,25.634,1.597,24.6,17.255,6319.78,99.97,637.79,4.794,61.88,20.423,25.57,1.615,24.623,17.207,SENSOR_DRIFT,1.0,1.0,1.0,1.0,1.0,0.0,20.0,30.0,-0.5
99.7,CLIMB,81.69,58.1,4312.08,21.38,86.705,1.0256,6318.99,79.86,608.9,5.302,61.92,20.354,25.634,1.597,24.6,17.254,6317.83,99.41,639.55,4.766,61.67,20.265,25.568,1.595,24.634,17.104,SENSOR_DRIFT,1.0,1.0,1.0,1.0,1.0,0.0,20.0,30.0,-0.5
99.8,CLIMB,81.68,58.09,4319.17,21.36,86.682,1.0253,6318.51,79.86,608.88,5.302,61.91,20.353,25.634,1.597,24.6,17.253,6316.2,98.58,638.04,4.8,61.74,20.302,25.546,1.598,24.634,17.181,SENSOR_DRIFT,1.0,1.0,1.0,1.0,1.0,0.0,20.0,30.0,-0.5
99.9,CLIMB,81.68,58.09,4326.25,21.35,86.66,1.0251,6318.04,79.86,608.86,5.302,61.9,20.351,25.634,1.597,24.6,17.251,6311.44,99.86,638.96,4.788,62.07,20.432,25.639,1.535,24.65,17.226,SENSOR_DRIFT,1.0,1.0,1.0,1.0,1.0,0.0,20.0,30.0,-0.5
100.0,CLIMB,81.67,58.08,4333.33,21.33,86.638,1.0249,6317.57,79.86,608.85,5.302,61.89,20.35,25.633,1.596,24.6,17.25,6308.9,99.57,640.53,4.754,62.13,20.337,25.614,1.55,24.665,17.17,SENSOR_DRIFT,1.0,1.0,1.0,1.0,1.0,0.0,20.0,30.0,-0.5
100.1,CLIMB,81.66,58.08,4340.42,21.32,86.616,1.0247,6317.1,79.86,608.83,5.302,61.88,20.349,25.633,1.596,24.6,17.249,6312.1,99.98,640.03,4.815,62.19,20.441,25.576,1.601,24.552,17.276,SENSOR_DRIFT,1.0,1.0,1.0,1.0,1.0,0.0,20.0,30.0,-0.5
100.2,CLIMB,81.65,58.07,4347.5,21.31,86.594,1.0245,6316.63,79.86,608.82,5.301,61.87,20.347,25.633,1.596,24.6,17.248,6309.6,99.91,636.79,4.782,62.35,20.33,25.635,1.516,24.635,17.251,SENSOR_DRIFT,1.0,1.0,1.0,1.0,1.0,0.0,20.0,30.0,-0.5
100.3,CLIMB,81.64,58.07,4354.58,21.29,86.571,1.0243,6316.16,79.86,608.8,5.301,61.86,20.346,25.633,1.596,24.6,17.246,6317.65,99.44,637.07,4.811,62.1,20.304,25.652,1.577,24.65,17.238,SENSOR_DRIFT,1.0,1.0,1.0,1.0,1.0,0.0,20.0,30.0,-0.5
100.4,CLIMB,81.63,58.06,4361.67,21.28,86.549,1.0241,6315.69,79.86,608.78,5.301,61.85,20.345,25.633,1.596,24.6,17.245,6320.75,99.59,639.26,4.83,62.17,20.362,25.725,1.611,24.63,17.206,SENSOR_DRIFT,1.0,1.0,1.0,1.0,1.0,0.0,20.0,30.0,-0.5
100.5,CLIMB,81.63,58.06,4368.75,21.26,86.527,1.0239,6315.22,79.86,608.77,5.301,61.84,20.343,25.633,1.596,24.6,17.244,6318.28,99.47,638.19,4.78,61.35,20.277,25.632,1.617,24.717,17.393,SENSOR_DRIFT,1.0,1.0,1.0,1.0,1.0,0.0,20.0,30.0,-0.5
100.6,CLIMB,81.62,58.05,4375.83,21.25,86.505,1.0236,6314.75,79.86,608.75,5.301,61.83,20.342,25.632,1.596,24.6,17.243,6319.64,100.48,641.08,4.791,61.53,20.322,25.594,1.643,24.617,17.104,SENSOR_DRIFT,1.0,1.0,1.0,1.0,1.0,0.0,20.0,30.0,-0.5
100.7,CLIMB,81.61,58.05,4382.92,21.23,86.483,1.0234,6314.27,79.86,608.73,5.301,61.81,20.34,25.632,1.596,24.6,17.241,6308.32,100.18,638.05,4.82,61.33,20.245,25.675,1.651,24.572,17.172,SENSOR_DRIFT,1.0,1.0,1.0,1.0,1.0,0.0,20.0,30.0,-0.5
100.8,CLIMB,81.6,58.04,4390.0,21.22,86.461,1.0232,6313.8,79.85,608.72,5.301,61.8,20.339,25.632,1.596,24.6,17.24,6313.36,99.72,640.21,4.836,61.79,20.349,25.684,1.615,24.672,17.411,SENSOR_DRIFT,1.0,1.0,1.0,1.0,1.0,0.0,20.0,30.0,-0.5
100.9,CLIMB,81.59,58.03,4397.08,21.21,86.439,1.023,6313.33,79.85,608.7,5.3,61.79,20.338,25.632,1.596,24.6,17.239,6313.9,99.48,636.04,4.86,61.55,20.422,25.655,1.595,24.523,17.304,SENSOR_DRIFT,1.0,1.0,1.0,1.0,1.0,0.0,20.0,30.0,-0.5
101.0,CLIMB,81.58,58.03,4404.17,21.19,86.416,1.0228,6312.86,79.85,608.68,5.3,61.78,20.336,25.632,1.596,24.6,17.238,6311.96,100.25,639.63,4.819,61.6,20.491,25.675,1.591,24.576,17.21,SENSOR_DRIFT,1.0,1.0,1.0,1.0,1.0,0.0,20.0,30.0,-0.5
101.1,CLIMB,81.58,58.02,4411.25,21.18,86.394,1.0226,6312.39,79.85,608.67,5.3,61.77,20.335,25.632,1.595,24.6,17.236,6308.65,99.78,640.43,4.778,61.72,20.435,25.701,1.536,24.58,17.306,SENSOR_DRIFT,1.0,1.0,1.0,1.0,1.0,0.0,20.0,30.0,-0.5
101.2,CLIMB,81.57,58.02,4418.33,21.16,86.372,1.0224,6311.92,79.85,608.65,5.3,61.76,20.334,25.631,1.595,24.6,17.235,6303.04,100.3,639.1,4.809,61.93,20.527,25.676,1.609,24.676,17.121,SENSOR_DRIFT,1.0,1.0,1.0,1.0,1.0,0.0,20.0,30.0,-0.5
101.3,CLIMB,81.56,58.01,4425.42,21.15,86.35,1.0222,6311.45,79.85,608.64,5.3,61.75,20.332,25.631,1.595,24.6,17.234,6321.46,100.78,637.57,4.801,62.2,20.29,25.608,1.525,24.581,17.235,SENSOR_DRIFT,1.0,1.0,1.0,1.0,1.0,0.0,20.0,30.0,-0.5
101.4,CLIMB,81.55,58.01,4432.5,21.14,86.328,1.0219,6310.98,79.85,608.62,5.3,61.74,20.331,25.631,1.595,24.6,17.233,6298.76,99.55,636.5,4.808,62.15,20.307,25.591,1.595,24.627,17.405,SENSOR_DRIFT,1.0,1.0,1.0,1.0,1.0,0.0,20.0,30.0,-0.5
101.5,CLIMB,81.54,58.0,4439.58,21.12,86.306,1.0217,6310.51,79.85,608.6,5.299,61.73,20.329,25.631,1.595,24.6,17.231,6308.33,99.91,640.38,4.768,62.0,20.399,25.599,1.638,24.645,17.002,SENSOR_DRIFT,1.0,1.0,1.0,1.0,1.0,0.0,20.0,30.0,-0.5
101.6,CLIMB,81.53,58.0,4446.67,21.11,86.284,1.0215,6310.04,79.85,608.59,5.299,61.72,20.328,25.631,1.595,24.6,17.23,6303.53,99.1,638.44,4.769,61.92,20.315,25.585,1.653,24.725,17.309,SENSOR_DRIFT,1.0,1.0,1.0,1.0,1.0,0.0,20.0,30.0,-0.5
101.7,CLIMB,81.53,57.99,4453.75,21.09,86.262,1.0213,6309.57,79.85,608.57,5.299,61.71,20.327,25.631,1.595,24.6,17.229,6310.54,99.77,637.39,4.795,62.05,20.347,25.677,1.619,24.592,17.236,SENSOR_DRIFT,1.0,1.0,1.0,1.0,1.0,0.0,20.0,30.0,-0.5
101.8,CLIMB,81.52,57.99,4460.83,21.08,86.24,1.0211,6309.1,79.85,608.56,5.299,61.7,20.325,25.63,1.595,24.6,17.228,6316.26,100.46,638.31,4.812,61.48,20.3,25.649,1.617,24.549,17.193,SENSOR_DRIFT,1.0,1.0,1.0,1.0,1.0,0.0,20.0,30.0,-0.5
101.9,CLIMB,81.51,57.98,4467.92,21.06,86.218,1.0209,6308.63,79.85,608.54,5.299,61.69,20.324,25.63,1.595,24.6,17.226,6319.02,100.0,636.98,4.763,61.75,20.427,25.676,1.506,24.645,17.172,SENSOR_DRIFT,1.0,1.0,1.0,1.0,1.0,0.0,20.0,30.0,-0.5
102.0,CLIMB,81.5,57.98,4475.0,21.05,86.196,1.0207,6308.15,79.85,608.52,5.299,61.68,20.323,25.63,1.595,24.6,17.225,6314.2,99.47,635.58,4.769,61.3,20.299,25.471,1.658,24.731,17.267,SENSOR_DRIFT,1.0,1.0,1.0,1.0,1.0,0.0,20.0,30.0,-0.5
102.1,CLIMB,81.49,57.97,4482.08,21.04,86.174,1.0205,6307.68,79.85,608.51,5.298,61.67,20.321,25.63,1.595,24.6,17.224,6309.75,99.88,639.22,4.787,61.54,20.314,25.606,1.562,24.636,17.048,SENSOR_DRIFT,1.0,1.0,1.0,1.0,1.0,0.0,20.0,30.0,-0.5
102.2,CLIMB,81.48,57.96,4489.17,21.02,86.151,1.0202,6307.21,79.85,608.49,5.298,61.66,20.32,25.63,1.594,24.6,17.223,6302.5,99.88,640.49,4.837,61.86,20.421,25.666,1.655,24.646,17.286,SENSOR_DRIFT,1.0,1.0,1.0,1.0,1.0,0.0,20.0,30.0,-0.5
102.3,CLIMB,81.48,57.96,4496.25,21.01,86.129,1.02,6306.74,79.85,608.47,5.298,61.65,20.318,25.63,1.594,24.6,17.221,6308.22,100.04,639.33,4.823,61.61,20.4,25.668,1.504,24.546,17.178,SENSOR_DRIFT,1.0,1.0,1.0,1.0,1.0,0.0,20.0,30.0,-0.5
102.4,CLIMB,81.47,57.95,4503.33,20.99,86.107,1.0198,6306.27,79.84,608.46,5.298,61.64,20.317,25.629,1.594,24.6,17.22,6307.2,100.69,641.44,4.796,61.25,20.431,25.62,1.633,24.582,17.375,SENSOR_DRIFT,1.0,1.0,1.0,1.0,1.0,0.0,20.0,30.0,-0.5
102.5,CLIMB,81.46,57.95,4510.42,20.98,86.085,1.0196,6305.8,79.84,608.44,5.298,61.63,20.316,25.629,1.594,24.6,17.219,6313.14,100.03,639.98,4.783,61.92,20.377,25.689,1.604,24.601,17.259,SENSOR_DRIFT,1.0,1.0,1.0,1.0,1.0,0.0,20.0,30.0,-0.5
102.6,CLIMB,81.45,57.94,4517.5,20.97,86.063,1.0194,6305.33,79.84,608.43,5.298,61.62,20.314,25.629,1.594,24.6,17.218,6308.57,100.15,636.47,4.772,61.72,20.283,25.666,1.568,24.606,17.483,SENSOR_DRIFT,1.0,1.0,1.0,1.0,1.0,0.0,20.0,30.0,-0.5
102.7,CLIMB,81.44,57.94,4524.58,20.95,86.041,1.0192,6304.86,79.84,608.41,5.297,61.61,20.313,25.629,1.594,24.6,17.216,6306.77,99.76,639.39,4.826,61.65,20.287,25.629,1.604,24.632,17.091,SENSOR_DRIFT,1.0,1.0,1.0,1.0,1.0,0.0,20.0,30.0,-0.5
102.8,CLIMB,81.43,57.93,4531.67,20.94,86.019,1.019,6304.39,79.84,608.39,5.297,61.6,20.312,25.629,1.594,24.6,17.215,6296.16,99.31,637.96,4.767,61.79,20.38,25.586,1.651,24.575,17.158,SENSOR_DRIFT,1.0,1.0,1.0,1.0,1.0,0.0,20.0,30.0,-0.5
102.9,CLIMB,81.43,57.93,4538.75,20.92,85.997,1.0188,6303.92,79.84,608.38,5.297,61.58,20.31,25.629,1.594,24.6,17.214,6305.08,99.6,640.23,4.762,61.98,20.306,25.597,1.605,24.645,17.155,SENSOR_DRIFT,1.0,1.0,1.0,1.0,1.0,0.0,20.0,30.0,-0.5
103.0,CLIMB,81.42,57.92,4545.83,20.91,85.975,1.0185,6303.45,79.84,608.36,5.297,61.57,20.309,25.628,1.594,24.6,17.213,6308.47,99.23,639.91,4.77,61.85,20.299,25.629,1.596,24.582,17.049,SENSOR_DRIFT,1.0,1.0,1.0,1.0,1.0,0.0,20.0,30.0,-0.5
103.1,CLIMB,81.41,57.92,4552.92,20.89,85.953,1.0183,6302.98,79.84,608.35,5.297,61.56,20.308,25.628,1.594,24.6,17.211,6308.25,100.25,638.01,4.731,61.94,20.386,25.567,1.59,24.527,17.13,SENSOR_DRIFT,1.0,1.0,1.0,1.0,1.0,0.0,20.0,30.0,-0.5
103.2,CLIMB,81.4,57.91,4560.0,20.88,85.931,1.0181,6302.51,79.84,608.33,5.297,61.55,20.306,25.628,1.594,24.6,17.21,6298.02,99.03,639.53,4.798,61.73,20.514,25.634,1.581,24.597,17.25,SENSOR_DRIFT,1.0,1.0,1.0,1.0,1.0,0.0,20.0,30.0,-0.5
103.3,CLIMB,81.39,57.9,4567.08,20.87,85.909,1.0179,6302.04,79.84,608.31,5.296,61.54,20.305,25.628,1.593,24.6,17.209,6298.56,100.34,638.86,4.824,61.63,20.427,25.722,1.583,24.578,17.174,SENSOR_DRIFT,1.0,1.0,1.0,1.0,1.0,0.0,20.0,30.0,-0.5
103.4,CLIMB,81.38,57.9,4574.17,20.85,85.887,1.0177,6301.57,79.84,608.3,5.296,61.53,20.303,25.628,1.593,24.6,17.208,6298.51,100.1,637.4,4.776,61.93,20.418,25.63,1.594,24.59,17.245,SENSOR_DRIFT,1.0,1.0,1.0,1.0,1.0,0.0,20.0,30.0,-0.5
103.5,CLIMB,81.38,57.89,4581.25,20.84,85.865,1.0175,6301.1,79.84,608.28,5.296,61.52,20.302,25.628,1.593,24.6,17.206,6301.79,99.71,638.71,4.799,61.93,20.438,25.589,1.662,24.569,17.283,SENSOR_DRIFT,1.0,1.0,1.0,1.0,1.0,0.0,20.0,30.0,-0.5
103.6,CLIMB,81.37,57.89,4588.33,20.82,85.843,1.0173,6300.63,79.84,608.27,5.296,61.51,20.301,25.627,1.593,24.6,17.205,6301.3,100.06,638.38,4.811,61.23,20.1,25.602,1.66,24.617,17.209,SENSOR_DRIFT,1.0,1.0,1.0,1.0,1.0,0.0,20.0,30.0,-0.5
103.7,CLIMB,81.36,57.88,4595.42,20.81,85.821,1.0171,6300.16,79.84,608.25,5.296,61.5,20.299,25.627,1.593,24.6,17.204,6301.36,100.4,640.66,4.815,61.59,20.361,25.51,1.521,24.638,17.137,SENSOR_DRIFT,1.0,1.0,1.0,1.0,1.0,0.0,20.0,30.0,-0.5
103.8,CLIMB,81.35,57.88,4602.5,20.8,85.799,1.0169,6299.69,79.84,608.24,5.296,61.49,20.298,25.627,1.593,24.6,17.203,6303.04,99.78,636.93,4.804,61.68,20.223,25.72,1.604,24.555,17.135,SENSOR_DRIFT,1.0,1.0,1.0,1.0,1.0,0.0,20.0,30.0,-0.5
103.9,CLIMB,81.34,57.87,4609.58,20.78,85.777,1.0166,6299.22,79.84,608.22,5.295,61.48,20.297,25.627,1.593,24.6,17.201,6295.55,99.31,639.29,4.786,61.41,20.318,25.632,1.715,24.602,17.186,SENSOR_DRIFT,1.0,1.0,1.0,1.0,1.0,0.0,20.0,30.0,-0.5
104.0,CLIMB,81.33,57.87,4616.67,20.77,85.755,1.0164,6298.75,79.84,608.2,5.295,61.47,20.295,25.627,1.593,24.6,17.2,6303.86,99.33,637.3,4.805,61.77,20.168,25.633,1.68,24.462,17.167,SENSOR_DRIFT,1.0,1.0,1.0,1.0,1.0,0.0,20.0,30.0,-0.5
104.1,CLIMB,81.33,57.86,4623.75,20.75,85.733,1.0162,6298.28,79.83,608.19,5.295,61.46,20.294,25.627,1.593,24.6,17.199,6303.96,99.29,638.49,4.783,61.48,20.194,25.69,1.566,24.579,17.11,SENSOR_DRIFT,1.0,1.0,1.0,1.0,1.0,0.0,20.0,30.0,-0.5
104.2,CLIMB,81.32,57.86,4630.83,20.74,85.712,1.016,6297.81,79.83,608.17,5.295,61.45,20.292,25.626,1.593,24.6,17.198,6299.13,99.09,640.89,4.804,61.65,20.289,25.583,1.639,24.646,17.278,SENSOR_DRIFT,1.0,1.0,1.0,1.0,1.0,0.0,20.0,30.0,-0.5
104.3,CLIMB,81.31,57.85,4637.92,20.72,85.69,1.0158,6297.34,79.83,608.16,5.295,61.44,20.291,25.626,1.593,24.6,17.196,6291.32,99.23,639.74,4.818,61.38,20.22,25.635,1.556,24.66,17.107,SENSOR_DRIFT,1.0,1.0,1.0,1.0,1.0,0.0,20.0,30.0,-0.5
104.4,CLIMB,81.3,57.85,4645.0,20.71,85.668,1.0156,6296.87,79.83,608.14,5.295,61.43,20.29,25.626,1.592,24.6,17.195,6302.93,99.38,638.84,4.794,61.72,20.325,25.599,1.558,24.595,17.225,SENSOR_DRIFT,1.0,1.0,1.0,1.0,1.0,0.0,20.0,30.0,-0.5
104.5,CLIMB,81.29,57.84,4652.08,20.7,85.646,1.0154,6296.4,79.83,608.12,5.294,61.42,20.288,25.626,1.592,24.6,17.194,6286.33,99.98,637.93,4.785,60.99,20.208,25.624,1.604,24.669,17.281,SENSOR_DRIFT,1.0,1.0,1.0,1.0,1.0,0.0,20.0,30.0,-0.5
104.6,CLIMB,81.28,57.83,4659.17,20.68,85.624,1.0152,6295.93,79.83,608.11,5.294,61.4,20.287,25.626,1.592,24.6,17.193,6298.81,100.65,639.55,4.771,61.42,20.33,25.514,1.683,24.574,17.164,SENSOR_DRIFT,1.0,1.0,1.0,1.0,1.0,0.0,20.0,30.0,-0.5
104.7,CLIMB,81.28,57.83,4666.25,20.67,85.602,1.015,6295.46,79.83,608.09,5.294,61.39,20.286,25.626,1.592,24.6,17.191,6292.35,100.43,639.44,4.826,61.87,20.361,25.645,1.596,24.584,17.075,SENSOR_DRIFT,1.0,1.0,1.0,1.0,1.0,0.0,20.0,30.0,-0.5
104.8,CLIMB,81.27,57.82,4673.33,20.65,85.58,1.0147,6294.99,79.83,608.08,5.294,61.38,20.284,25.625,1.592,24.6,17.19,6294.77,98.83,638.43,4.754,60.83,20.375,25.613,1.569,24.671,17.064,SENSOR_DRIFT,1.0,1.0,1.0,1.0,1.0,0.0,20.0,30.0,-0.5
104.9,CLIMB,81.26,57.82,4680.42,20.64,85.558,1.0145,6294.52,79.83,608.06,5.294,61.37,20.283,25.625,1.592,24.6,17.189,6299.85,101.02,638.11,4.799,61.5,20.295,25.602,1.588,24.587,17.097,SENSOR_DRIFT,1.0,1.0,1.0,1.0,1.0,0.0,20.0,30.0,-0.5
105.0,CLIMB,81.25,57.81,4687.5,20.63,85.536,1.0143,6294.05,79.83,608.05,5.294,61.36,20.281,25.625,1.592,24.6,17.188,6287.22,100.03,637.31,4.767,61.32,20.112,25.595,1.571,24.605,17.24,SENSOR_DRIFT,1.0,1.0,1.0,1.0,1.0,0.0,20.0,30.0,-0.5
105.1,CLIMB,81.24,57.81,4694.58,20.61,85.514,1.0141,6293.58,79.83,608.03,5.293,61.35,20.28,25.625,1.592,24.6,17.186,6284.61,100.33,640.49,4.839,61.43,20.335,25.742,1.566,24.622,17.193,SENSOR_DRIFT,1.0,1.0,1.0,1.0,1.0,0.0,20.0,30.0,-0.5
105.2,CLIMB,81.23,57.8,4701.67,20.6,85.492,1.0139,6293.11,79.83,608.01,5.293,61.34,20.279,25.625,1.592,24.6,17.185,6296.7,99.58,637.09,4.767,61.21,20.254,25.742,1.6,24.548,17.043,SENSOR_DRIFT,1.0,1.0,1.0,1.0,1.0,0.0,20.0,30.0,-0.5
105.3,CLIMB,81.23,57.8,4708.75,20.58,85.471,1.0137,6292.64,79.83,608.0,5.293,61.33,20.277,25.625,1.592,24.6,17.184,6295.64,99.39,636.21,4.832,61.17,20.07,25.69,1.72,24.62,17.197,SENSOR_DRIFT,1.0,1.0,1.0,1.0,1.0,0.0,20.0,30.0,-0.5
105.4,CLIMB,81.22,57.79,4715.83,20.57,85.449,1.0135,6292.17,79.83,607.98,5.293,61.32,20.276,25.624,1.592,24.6,17.183,6292.24,100.3,639.58,4.777,60.83,20.325,25.539,1.637,24.558,17.112,SENSOR_DRIFT,1.0,1.0,1.0,1.0,1.0,0.0,20.0,30.0,-0.5
105.5,CLIMB,81.21,57.79,4722.92,20.55,85.427,1.0133,6291.7,79.83,607.97,5.293,61.31,20.275,25.624,1.591,24.6,17.181,6287.85,99.88,635.44,4.781,61.02,20.342,25.593,1.61,24.595,17.112,SENSOR_DRIFT,1.0,1.0,1.0,1.0,1.0,0.0,20.0,30.0,-0.5
105.6,CLIMB,81.2,57.78,4730.0,20.54,85.405,1.0131,6291.23,79.83,607.95,5.293,61.3,20.273,25.624,1.591,24.6,17.18,6292.46,99.91,638.67,4.802,61.43,20.361,25.637,1.61,24.628,17.111,SENSOR_DRIFT,1.0,1.0,1.0,1.0,1.0,0.0,20.0,30.0,-0.5
105.7,CLIMB,81.19,57.77,4737.08,20.53,85.383,1.0129,6290.76,79.83,607.94,5.293,61.29,20.272,25.624,1.591,24.6,17.179,6286.05,99.36,638.72,4.806,61.08,20.236,25.68,1.648,24.535,17.17,SENSOR_DRIFT,1.0,1.0,1.0,1.0,1.0,0.0,20.0,30.0,-0.5
105.8,CLIMB,81.18,57.77,4744.17,20.51,85.361,1.0126,6290.29,79.82,607.92,5.292,61.28,20.27,25.624,1.591,24.6,17.178,6291.13,100.08,637.37,4.755,60.96,20.375,25.543,1.602,24.593,17.339,SENSOR_DRIFT,1.0,1.0,1.0,1.0,1.0,0.0,20.0,30.0,-0.5
105.9,CLIMB,81.18,57.76,4751.25,20.5,85.339,1.0124,6289.82,79.82,607.9,5.292,61.27,20.269,25.624,1.591,24.6,17.176,6289.43,98.47,638.06,4.81,61.26,20.187,25.614,1.635,24.652,17.263,SENSOR_DRIFT,1.0,1.0,1.0,1.0,1.0,0.0,20.0,30.0,-0.5
106.0,CLIMB,81.17,57.76,4758.33,20.48,85.318,1.0122,6289.35,79.82,607.89,5.292,61.26,20.268,25.623,1.591,24.6,17.175,6296.41,98.89,638.06,4.802,61.0,20.416,25.657,1.603,24.569,17.203,SENSOR_DRIFT,1.0,1.0,1.0,1.0,1.0,0.0,20.0,30.0,-0.5
106.1,CLIMB,81.16,57.75,4765.42,20.47,85.296,1.012,6288.88,79.82,607.87,5.292,61.24,20.266,25.623,1.591,24.6,17.174,6285.06,100.14,639.76,4.761,61.95,20.288,25.647,1.629,24.583,17.195,SENSOR_DRIFT,1.0,1.0,1.0,1.0,1.0,0.0,20.0,30.0,-0.5
106.2,CLIMB,81.15,57.75,4772.5,20.46,85.274,1.0118,6288.41,79.82,607.86,5.292,61.23,20.265,25.623,1.591,24.6,17.173,6289.51,99.53,637.75,4.777,61.23,20.218,25.697,1.471,24.609,17.292,SENSOR_DRIFT,1.0,1.0,1.0,1.0,1.0,0.0,20.0,30.0,-0.5
106.3,CLIMB,81.14,57.74,4779.58,20.44,85.252,1.0116,6287.94,79.82,607.84,5.292,61.22,20.264,25.623,1.591,24.6,17.171,6283.32,98.96,639.33,4.818,61.29,20.252,25.672,1.552,24.572,17.097,SENSOR_DRIFT,1.0,1.0,1.0,1.0,1.0,0.0,20.0,30.0,-0.5
106.4,CLIMB,81.13,57.74,4786.67,20.43,85.23,1.0114,6287.48,79.82,607.83,5.291,61.21,20.262,25.623,1.591,24.6,17.17,6283.48,100.81,639.32,4.778,61.62,20.206,25.609,1.647,24.588,17.384,SENSOR_DRIFT,1.0,1.0,1.0,1.0,1.0,0.0,20.0,30.0,-0.5
106.5,CLIMB,81.13,57.73,4793.75,20.41,85.208,1.0112,6287.01,79.82,607.81,5.291,61.2,20.261,25.623,1.591,24.6,17.169,6286.16,100.53,639.03,4.796,61.07,20.207,25.671,1.545,24.587,17.243,SENSOR_DRIFT,1.0,1.0,1.0,1.0,1.0,0.0,20.0,30.0,-0.5
106.6,CLIMB,81.12,57.73,4800.83,20.4,85.187,1.011,6286.54,79.82,607.79,5.291,61.19,20.259,25.622,1.59,24.6,17.168,6288.43,99.0,636.12,4.832,61.46,20.385,25.684,1.616,24.609,17.168,SENSOR_DRIFT,1.0,1.0,1.0,1.0,1.0,0.0,20.0,30.0,-0.5
106.7,CLIMB,81.11,57.72,4807.92,20.38,85.165,1.0108,6286.07,79.82,607.78,5.291,61.18,20.258,25.622,1.59,24.6,17.166,6280.72,101.25,634.65,4.755,61.63,20.343,25.623,1.633,24.535,17.079,SENSOR_DRIFT,1.0,1.0,1.0,1.0,1.0,0.0,20.0,30.0,-0.5
106.8,CLIMB,81.1,57.72,4815.0,20.37,85.143,1.0105,6285.6,79.82,607.76,5.291,61.17,20.257,25.622,1.59,24.6,17.165,6289.46,100.48,634.0,4.824,60.5,20.226,25.655,1.484,24.663,17.195,SENSOR_DRIFT,1.0,1.0,1.0,1.0,1.0,0.0,20.0,30.0,-0.5
106.9,CLIMB,81.09,57.71,4822.08,20.36,85.121,1.0103,6285.13,79.82,607.75,5.291,61.16,20.255,25.622,1.59,24.6,17.164,6286.95,99.88,638.39,4.791,61.46,20.186,25.565,1.578,24.618,17.358,SENSOR_DRIFT,1.0,1.0,1.0,1.0,1.0,0.0,20.0,30.0,-0.5
107.0,CLIMB,81.08,57.7,4829.17,20.34,85.099,1.0101,6284.66,79.82,607.73,5.29,61.15,20.254,25.622,1.59,24.6,17.163,6283.09,99.0,636.47,4.854,61.07,20.175,25.583,1.559,24.604,17.041,SENSOR_DRIFT,1.0,1.0,1.0,1.0,1.0,0.0,20.0,30.0,-0.5
107.1,CLIMB,81.08,57.7,4836.25,20.33,85.078,1.0099,6284.19,79.82,607.72,5.29,61.14,20.253,25.622,1.59,24.6,17.161,6285.67,99.35,634.22,4.758,61.29,20.339,25.725,1.602,24.541,17.134,SENSOR_DRIFT,1.0,1.0,1.0,1.0,1.0,0.0,20.0,30.0,-0.5
107.2,CLIMB,81.07,57.69,4843.33,20.31,85.056,1.0097,6283.72,79.82,607.7,5.29,61.13,20.251,25.621,1.59,24.6,17.16,6282.61,99.49,639.13,4.797,60.95,20.303,25.601,1.549,24.583,17.138,SENSOR_DRIFT,1.0,1.0,1.0,1.0,1.0,0.0,20.0,30.0,-0.5
107.3,CLIMB,81.06,57.69,4850.42,20.3,85.034,1.0095,6283.25,79.82,607.68,5.29,61.12,20.25,25.621,1.59,24.6,17.159,6280.71,99.84,639.97,4.814,60.99,20.423,25.579,1.585,24.575,17.195,SENSOR_DRIFT,1.0,1.0,1.0,1.0,1.0,0.0,20.0,30.0,-0.5
107.4,CLIMB,81.05,57.68,4857.5,20.29,85.012,1.0093,6282.78,79.81,607.67,5.29,61.1,20.248,25.621,1.59,24.6,17.158,6278.97,100.36,639.74,4.8,60.75,20.197,25.609,1.548,24.614,17.178,SENSOR_DRIFT,1.0,1.0,1.0,1.0,1.0,0.0,20.0,30.0,-0.5
107.5,CLIMB,81.04,57.68,4864.58,20.27,84.991,1.0091,6282.31,79.81,607.65,5.29,61.09,20.247,25.621,1.59,24.6,17.156,6282.23,99.49,638.13,4.758,61.1,20.175,25.669,1.463,24.616,17.145,SENSOR_DRIFT,1.0,1.0,1.0,1.0,1.0,0.0,20.0,30.0,-0.5
107.6,CLIMB,81.03,57.67,4871.67,20.26,84.969,1.0089,6281.85,79.81,607.64,5.289,61.08,20.246,25.621,1.59,24.6,17.155,6281.66,100.04,637.89,4.816,61.1,20.316,25.639,1.545,24.606,17.165,SENSOR_DRIFT,1.0,1.0,1.0,1.0,1.0,0.0,20.0,30.0,-0.5
107.7,CLIMB,81.03,57.67,4878.75,20.24,84.947,1.0087,6281.38,79.81,607.62,5.289,61.07,20.244,25.621,1.589,24.6,17.154,6272.17,100.91,639.45,4.775,60.58,20.039,25.643,1.529,24.61,17.342,SENSOR_DRIFT,1.0,1.0,1.0,1.0,1.0,0.0,20.0,30.0,-0.5
107.8,CLIMB,81.02,57.66,4885.83,20.23,84.925,1.0084,6280.91,79.81,607.61,5.289,61.06,20.243,25.62,1.589,24.6,17.153,6272.04,99.27,635.29,4.788,61.25,20.243,25.585,1.617,24.562,17.065,SENSOR_DRIFT,1.0,1.0,1.0,1.0,1.0,0.0,20.0,30.0,-0.5
107.9,CLIMB,81.01,57.66,4892.92,20.21,84.904,1.0082,6280.44,79.81,607.59,5.289,61.05,20.242,25.62,1.589,24.6,17.151,6276.85,99.57,637.63,4.831,61.04,20.228,25.671,1.526,24.449,17.234,SENSOR_DRIFT,1.0,1.0,1.0,1.0,1.0,0.0,20.0,30.0,-0.5
108.0,CLIMB,81.0,57.65,4900.0,20.2,84.882,1.008,6279.97,79.81,607.58,5.289,61.04,20.24,25.62,1.589,24.6,17.15,6271.05,100.1,637.93,4.73,61.19,20.262,25.634,1.529,24.59,17.084,SENSOR_DRIFT,1.0,1.0,1.0,1.0,1.0,0.0,20.0,30.0,-0.5
108.1,CLIMB,80.99,57.64,4907.08,20.19,84.86,1.0078,6279.5,79.81,607.56,5.289,61.03,20.239,25.62,1.589,24.6,17.149,6273.16,100.64,636.29,4.794,60.77,20.275,25.561,1.52,24.575,17.303,SENSOR_DRIFT,1.0,1.0,1.0,1.0,1.0,0.0,20.0,30.0,-0.5
108.2,CLIMB,80.98,57.64,4914.17,20.17,84.838,1.0076,6279.03,79.81,607.54,5.289,61.02,20.237,25.62,1.589,24.6,17.148,6278.52,99.69,637.27,4.77,61.07,20.195,25.603,1.741,24.682,17.136,SENSOR_DRIFT,1.0,1.0,1.0,1.0,1.0,0.0,20.0,30.0,-0.5
108.3,CLIMB,80.98,57.63,4921.25,20.16,84.817,1.0074,6278.56,79.81,607.53,5.288,61.01,20.236,25.62,1.589,24.6,17.146,6277.88,99.87,636.8,4.798,60.82,20.188,25.656,1.65,24.519,17.245,SENSOR_DRIFT,1.0,1.0,1.0,1.0,1.0,0.0,20.0,30.0,-0.5
108.4,CLIMB,80.97,57.63,4928.33,20.14,84.795,1.0072,6278.09,79.81,607.51,5.288,61.0,20.235,25.619,1.589,24.6,17.145,6283.17,100.84,637.22,4.779,61.17,20.177,25.664,1.558,24.524,17.025,SENSOR_DRIFT,1.0,1.0,1.0,1.0,1.0,0.0,20.0,30.0,-0.5
108.5,CLIMB,80.96,57.62,4935.42,20.13,84.773,1.007,6277.62,79.81,607.5,5.288,60.99,20.233,25.619,1.589,24.6,17.144,6282.52,99.35,635.09,4.786,61.1,20.169,25.476,1.571,24.566,17.035,SENSOR_DRIFT,1.0,1.0,1.0,1.0,1.0,0.0,20.0,30.0,-0.5
108.6,CLIMB,80.95,57.62,4942.5,20.12,84.752,1.0068,6277.16,79.81,607.48,5.288,60.97,20.232,25.619,1.589,24.6,17.143,6281.92,100.43,639.12,4.802,60.58,20.071,25.571,1.626,24.614,17.133,SENSOR_DRIFT,1.0,1.0,1.0,1.0,1.0,0.0,20.0,30.0,-0.5
108.7,CLIMB,80.94,57.61,4949.58,20.1,84.73,1.0066,6276.69,79.81,607.47,5.288,60.96,20.231,25.619,1.589,24.6,17.141,6272.21,99.12,637.67,4.774,60.34,20.189,25.569,1.573,24.568,16.977,SENSOR_DRIFT,1.0,1.0,1.0,1.0,1.0,0.0,20.0,30.0,-0.5
108.8,CLIMB,80.93,57.61,4956.67,20.09,84.708,1.0064,6276.22,79.81,607.45,5.288,60.95,20.229,25.619,1.588,24.6,17.14,6280.56,100.46,639.04,4.795,60.97,20.331,25.673,1.621,24.589,17.208,SENSOR_DRIFT,1.0,1.0,1.0,1.0,1.0,0.0,20.0,30.0,-0.5
108.9,CLIMB,80.93,57.6,4963.75,20.07,84.687,1.0061,6275.75,79.81,607.44,5.287,60.94,20.228,25.619,1.588,24.6,17.139,6282.42,98.95,635.03,4.764,60.75,20.387,25.674,1.73,24.598,17.202,SENSOR_DRIFT,1.0,1.0,1.0,1.0,1.0,0.0,20.0,30.0,-0.5
109.0,CLIMB,80.92,57.6,4970.83,20.06,84.665,1.0059,6275.28,79.8,607.42,5.287,60.93,20.226,25.618,1.588,24.6,17.138,6277.74,100.67,635.64,4.75,61.47,20.136,25.637,1.522,24.553,17.234,SENSOR_DRIFT,1.0,1.0,1.0,1.0,1.0,0.0,20.0,30.0,-0.5
109.1,CLIMB,80.91,57.59,4977.92,20.04,84.643,1.0057,6274.81,79.8,607.41,5.287,60.92,20.225,25.618,1.588,24.6,17.136,6274.22,99.68,635.54,4.824,61.2,20.153,25.658,1.702,24.494,17.102,SENSOR_DRIFT,1.0,1.0,1.0,1.0,1.0,0.0,20.0,30.0,-0.5
109.2,CLIMB,80.9,57.59,4985.0,20.03,84.622,1.0055,6274.34,79.8,607.39,5.287,60.91,20.224,25.618,1.588,24.6,17.135,6262.04,99.84,639.29,4.815,60.73,20.223,25.681,1.557,24.625,17.102,SENSOR_DRIFT,1.0,1.0,1.0,1.0,1.0,0.0,20.0,30.0,-0.5
109.3,CLIMB,80.89,57.58,4992.08,20.02,84.6,1.0053,6273.88,79.8,607.37,5.287,60.9,20.222,25.618,1.588,24.6,17.134,6279.2,100.4,637.04,4.759,60.98,20.284,25.622,1.582,24.509,17.282,SENSOR_DRIFT,1.0,1.0,1.0,1.0,1.0,0.0,20.0,30.0,-0.5
109.4,CLIMB,80.88,57.57,4999.17,20.0,84.578,1.0051,6273.41,79.8,607.36,5.287,60.89,20.221,25.618,1.588,24.6,17.133,6267.13,99.62,638.21,4.758,61.1,20.277,25.651,1.618,24.653,17.138,SENSOR_DRIFT,1.0,1.0,1.0,1.0,1.0,0.0,20.0,30.0,-0.5
109.5,CLIMB,80.88,57.57,5006.25,19.99,84.557,1.0049,6272.94,79.8,607.34,5.286,60.88,20.22,25.618,1.588,24.6,17.131,6274.25,99.68,636.38,4.797,60.26,20.265,25.674,1.522,24.566,17.167,SENSOR_DRIFT,1.0,1.0,1.0,1.0,1.0,0.0,20.0,30.0,-0.5
109.6,CLIMB,80.87,57.56,5013.33,19.97,84.535,1.0047,6272.47,79.8,607.33,5.286,60.87,20.218,25.617,1.588,24.6,17.13,6272.07,100.14,635.08,4.758,61.06,20.233,25.607,1.437,24.612,16.872,SENSOR_DRIFT,1.0,1.0,1.0,1.0,1.0,0.0,20.0,30.0,-0.5
109.7,CLIMB,80.86,57.56,5020.42,19.96,84.513,1.0045,6272.0,79.8,607.31,5.286,60.85,20.217,25.617,1.588,24.6,17.129,6267.63,99.47,637.07,4.754,60.61,20.282,25.58,1.594,24.574,16.939,SENSOR_DRIFT,1.0,1.0,1.0,1.0,1.0,0.0,20.0,30.0,-0.5
109.8,CLIMB,80.85,57.55,5027.5,19.95,84.492,1.0043,6271.53,79.8,607.3,5.286,60.84,20.215,25.617,1.588,24.6,17.128,6268.36,99.9,634.6,4.825,60.94,20.304,25.673,1.651,24.545,17.142,SENSOR_DRIFT,1.0,1.0,1.0,1.0,1.0,0.0,20.0,30.0,-0.5
109.9,CLIMB,80.84,57.55,5034.58,19.93,84.47,1.0041,6271.06,79.8,607.28,5.286,60.83,20.214,25.617,1.587,24.6,17.126,6265.3,100.23,638.44,4.78,60.71,20.208,25.544,1.642,24.601,17.186,SENSOR_DRIFT,1.0,1.0,1.0,1.0,1.0,0.0,20.0,30.0,-0.5
110.0,CLIMB,80.83,57.54,5041.67,19.92,84.448,1.0038,6270.6,79.8,607.27,5.286,60.82,20.213,25.617,1.587,24.6,17.125,6275.98,99.09,637.89,4.766,60.59,20.199,25.54,1.593,24.576,17.186,SENSOR_DRIFT,1.0,1.0,1.0,1.0,1.0,0.0,20.0,30.0,-0.5
110.1,CLIMB,80.83,57.54,5048.75,19.9,84.427,1.0036,6270.13,79.8,607.25,5.285,60.81,20.211,25.617,1.587,24.6,17.124,6273.22,100.27,637.16,4.753,60.64,20.256,25.556,1.615,24.664,17.134,SENSOR_DRIFT,1.0,1.0,1.0,1.0,1.0,0.0,20.0,30.0,-0.5
110.2,CLIMB,80.82,57.53,5055.83,19.89,84.405,1.0034,6269.66,79.8,607.24,5.285,60.8,20.21,25.616,1.587,24.6,17.123,6268.54,99.99,633.76,4.845,60.63,20.206,25.612,1.575,24.646,17.021,SENSOR_DRIFT,1.0,1.0,1.0,1.0,1.0,0.0,20.0,30.0,-0.5
110.3,CLIMB,80.81,57.53,5062.92,19.87,84.384,1.0032,6269.19,79.8,607.22,5.285,60.79,20.209,25.616,1.587,24.6,17.121,6264.38,100.16,638.66,4.793,60.99,20.283,25.574,1.602,24.62,17.131,SENSOR_DRIFT,1.0,1.0,1.0,1.0,1.0,0.0,20.0,30.0,-0.5
110.4,CLIMB,80.8,57.52,5070.0,19.86,84.362,1.003,6268.72,79.8,607.2,5.285,60.78,20.207,25.616,1.587,24.6,17.12,6269.22,100.61,636.73,4.773,60.19,20.089,25.631,1.564,24.567,17.141,SENSOR_DRIFT,1.0,1.0,1.0,1.0,1.0,0.0,20.0,30.0,-0.5
110.5,CLIMB,80.79,57.51,5077.08,19.85,84.34,1.0028,6268.25,79.8,607.19,5.285,60.77,20.206,25.616,1.587,24.6,17.119,6270.08,99.91,638.23,4.73,61.07,20.298,25.576,1.577,24.657,17.025,SENSOR_DRIFT,1.0,1.0,1.0,1.0,1.0,0.0,20.0,30.0,-0.5
110.6,CLIMB,80.78,57.51,5084.17,19.83,84.319,1.0026,6267.79,79.79,607.17,5.285,60.76,20.204,25.616,1.587,24.6,17.118,6270.29,99.27,636.0,4.757,60.29,20.183,25.62,1.569,24.449,17.022,SENSOR_DRIFT,1.0,1.0,1.0,1.0,1.0,0.0,20.0,30.0,-0.5
110.7,CLIMB,80.78,57.5,5091.25,19.82,84.297,1.0024,6267.32,79.79,607.16,5.285,60.74,20.203,25.616,1.587,24.6,17.116,6268.15,99.75,633.89,4.768,60.33,20.396,25.653,1.633,24.592,17.144,SENSOR_DRIFT,1.0,1.0,1.0,1.0,1.0,0.0,20.0,30.0,-0.5
110.8,CLIMB,80.77,57.5,5098.33,19.8,84.276,1.0022,6266.85,79.79,607.14,5.284,60.73,20.202,25.615,1.587,24.6,17.115,6265.32,100.7,636.85,4.786,60.8,20.3,25.566,1.566,24.569,17.095,SENSOR_DRIFT,1.0,1.0,1.0,1.0,1.0,0.0,20.0,30.0,-0.5
110.9,CLIMB,80.76,57.49,5105.42,19.79,84.254,1.002,6266.38,79.79,607.13,5.284,60.72,20.2,25.615,1.587,24.6,17.114,6272.33,100.35,636.38,4.757,60.22,20.201,25.576,1.562,24.584,17.291,SENSOR_DRIFT,1.0,1.0,1.0,1.0,1.0,0.0,20.0,30.0,-0.5
111.0,CLIMB,80.75,57.49,5112.5,19.78,84.233,1.0018,6265.91,79.79,607.11,5.284,60.71,20.199,25.615,1.586,24.6,17.113,6264.04,99.87,637.16,4.789,60.82,20.188,25.554,1.564,24.554,17.194,SENSOR_DRIFT,1.0,1.0,1.0,1.0,1.0,0.0,20.0,30.0,-0.5
111.1,CLIMB,80.74,57.48,5119.58,19.76,84.211,1.0016,6265.45,79.79,607.1,5.284,60.7,20.198,25.615,1.586,24.6,17.111,6265.16,100.8,636.38,4.777,60.62,20.186,25.658,1.592,24.592,16.984,SENSOR_DRIFT,1.0,1.0,1.0,1.0,1.0,0.0,20.0,30.0,-0.5
111.2,CLIMB,80.73,57.48,5126.67,19.75,84.189,1.0013,6264.98,79.79,607.08,5.284,60.69,20.196,25.615,1.586,24.6,17.11,6264.04,100.06,638.37,4.781,60.4,20.143,25.636,1.507,24.539,16.983,SENSOR_DRIFT,1.0,1.0,1.0,1.0,1.0,0.0,20.0,30.0,-0.5
111.3,CLIMB,80.73,57.47,5133.75,19.73,84.168,1.0011,6264.51,79.79,607.07,5.284,60.68,20.195,25.615,1.586,24.6,17.109,6266.22,99.54,639.8,4.874,60.8,20.132,25.618,1.549,24.565,17.105,SENSOR_DRIFT,1.0,1.0,1.0,1.0,1.0,0.0,20.0,30.0,-0.5
111.4,CLIMB,80.72,57.47,5140.83,19.72,84.146,1.0009,6264.04,79.79,607.05,5.283,60.67,20.193,25.614,1.586,24.6,17.108,6261.25,100.08,636.52,4.799,60.9,20.108,25.603,1.534,24.645,17.048,SENSOR_DRIFT,1.0,1.0,1.0,1.0,1.0,0.0,20.0,30.0,-0.5
111.5,CLIMB,80.71,57.46,5147.92,19.7,84.125,1.0007,6263.57,79.79,607.04,5.283,60.66,20.192,25.614,1.586,24.6,17.106,6262.4,100.07,638.12,4.796,61.03,20.211,25.671,1.576,24.659,17.116,SENSOR_DRIFT,1.0,1.0,1.0,1.0,1.0,0.0,20.0,30.0,-0.5
111.6,CLIMB,80.7,57.46,5155.0,19.69,84.103,1.0005,6263.11,79.79,607.02,5.283,60.65,20.191,25.614,1.586,24.6,17.105,6264.5,99.76,635.7,4.802,60.59,20.068,25.604,1.584,24.542,17.134,SENSOR_DRIFT,1.0,1.0,1.0,1.0,1.0,0.0,20.0,30.0,-0.5
111.7,CLIMB,80.69,57.45,5162.08,19.68,84.082,1.0003,6262.64,79.79,607.0,5.283,60.63,20.189,25.614,1.586,24.6,17.104,6259.26,99.88,639.48,4.803,60.87,20.273,25.586,1.618,24.641,17.04,SENSOR_DRIFT,1.0,1.0,1.0,1.0,1.0,0.0,20.0,30.0,-0.5
111.8,CLIMB,80.68,57.44,5169.17,19.66,84.06,1.0001,6262.17,79.79,606.99,5.283,60.62,20.188,25.614,1.586,24.6,17.103,6258.69,99.54,638.04,4.814,60.76,20.156,25.617,1.52,24.625,17.058,SENSOR_DRIFT,1.0,1.0,1.0,1.0,1.0,0.0,20.0,30.0,-0.5
111.9,CLIMB,80.68,57.44,5176.25,19.65,84.039,0.9999,6261.7,79.79,606.97,5.283,60.61,20.187,25.614,1.586,24.6,17.101,6265.53,99.68,640.23,4.748,60.25,20.138,25.636,1.563,24.664,16.998,SENSOR_DRIFT,1.0,1.0,1.0,1.0,1.0,0.0,20.0,30.0,-0.5
112.0,CLIMB,80.67,57.43,5183.33,19.63,84.017,0.9997,6261.23,79.79,606.96,5.282,60.6,20.185,25.613,1.586,24.6,17.1,6259.73,99.53,635.46,4.798,60.88,20.106,25.62,1.55,24.616,17.169,SENSOR_DRIFT,1.0,1.0,1.0,1.0,1.0,0.0,20.0,30.0,-0.5
112.1,CLIMB,80.66,57.43,5190.42,19.62,83.996,0.9995,6260.77,79.78,606.94,5.282,60.59,20.184,25.613,1.585,24.6,17.099,6262.66,99.44,636.27,4.799,60.84,20.224,25.6,1.608,24.609,16.91,SENSOR_DRIFT,1.0,1.0,1.0,1.0,1.0,0.0,20.0,30.0,-0.5
112.2,CLIMB,80.65,57.42,5197.5,19.61,83.974,0.9993,6260.3,79.78,606.93,5.282,60.58,20.182,25.613,1.585,24.6,17.098,6255.26,99.57,637.0,4.751,60.35,20.144,25.711,1.507,24.541,17.193,SENSOR_DRIFT,1.0,1.0,1.0,1.0,1.0,0.0,20.0,30.0,-0.5
112.3,CLIMB,80.64,57.42,5204.58,19.59,83.953,0.9991,6259.83,79.78,606.91,5.282,60.57,20.181,25.613,1.585,24.6,17.096,6254.5,100.4,635.95,4.756,60.59,20.157,25.587,1.525,24.561,17.143,SENSOR_DRIFT,1.0,1.0,1.0,1.0,1.0,0.0,20.0,30.0,-0.5
112.4,CLIMB,80.63,57.41,5211.67,19.58,83.931,0.9989,6259.36,79.78,606.9,5.282,60.56,20.18,25.613,1.585,24.6,17.095,6259.32,100.01,637.17,4.725,61.14,20.068,25.638,1.594,24.517,17.1,SENSOR_DRIFT,1.0,1.0,1.0,1.0,1.0,0.0,20.0,30.0,-0.5
112.5,CLIMB,80.63,57.41,5218.75,19.56,83.91,0.9987,6258.9,79.78,606.88,5.282,60.55,20.178,25.613,1.585,24.6,17.094,6267.04,99.65,635.52,4.817,60.4,20.333,25.647,1.508,24.683,17.002,SENSOR_DRIFT,1.0,1.0,1.0,1.0,1.0,0.0,20.0,30.0,-0.5
112.6,CLIMB,80.62,57.4,5225.83,19.55,83.888,0.9984,6258.43,79.78,606.87,5.281,60.53,20.177,25.612,1.585,24.6,17.093,6248.55,101.54,635.83,4.773,60.4,20.035,25.607,1.575,24.599,16.914,SENSOR_DRIFT,1.0,1.0,1.0,1.0,1.0,0.0,20.0,30.0,-0.5
112.7,CLIMB,80.61,57.4,5232.92,19.53,83.867,0.9982,6257.96,79.78,606.85,5.281,60.52,20.176,25.612,1.585,24.6,17.091,6258.14,100.37,635.58,4.781,60.38,20.309,25.622,1.501,24.593,17.125,SENSOR_DRIFT,1.0,1.0,1.0,1.0,1.0,0.0,20.0,30.0,-0.5
112.8,CLIMB,80.6,57.39,5240.0,19.52,83.845,0.998,6257.49,79.78,606.84,5.281,60.51,20.174,25.612,1.585,24.6,17.09,6253.58,98.73,638.52,4.808,60.24,20.217,25.481,1.622,24.508,17.079,SENSOR_DRIFT,1.0,1.0,1.0,1.0,1.0,0.0,20.0,30.0,-0.5
112.9,CLIMB,80.59,57.38,5247.08,19.51,83.824,0.9978,6257.02,79.78,606.82,5.281,60.5,20.173,25.612,1.585,24.6,17.089,6258.32,99.77,637.47,4.776,60.71,20.076,25.658,1.559,24.617,17.099,SENSOR_DRIFT,1.0,1.0,1.0,1.0,1.0,0.0,20.0,30.0,-0.5
113.0,CLIMB,80.58,57.38,5254.17,19.49,83.802,0.9976,6256.56,79.78,606.8,5.281,60.49,20.171,25.612,1.585,24.6,17.088,6255.53,100.43,636.24,4.744,60.69,20.053,25.649,1.573,24.598,17.014,SENSOR_DRIFT,1.0,1.0,1.0,1.0,1.0,0.0,20.0,30.0,-0.5
113.1,CLIMB,80.58,57.37,5261.25,19.48,83.781,0.9974,6256.09,79.78,606.79,5.281,60.48,20.17,25.612,1.585,24.6,17.086,6253.95,99.42,637.59,4.758,60.49,20.119,25.628,1.555,24.681,17.081,SENSOR_DRIFT,1.0,1.0,1.0,1.0,1.0,0.0,20.0,30.0,-0.5
113.2,CLIMB,80.57,57.37,5268.33,19.46,83.76,0.9972,6255.62,79.78,606.77,5.281,60.47,20.169,25.611,1.585,24.6,17.085,6266.18,99.71,638.3,4.778,60.42,20.331,25.659,1.598,24.639,16.935,SENSOR_DRIFT,1.0,1.0,1.0,1.0,1.0,0.0,20.0,30.0,-0.5
113.3,CLIMB,80.56,57.36,5275.42,19.45,83.738,0.997,6255.15,79.78,606.76,5.28,60.46,20.167,25.611,1.584,24.6,17.084,6253.2,100.11,636.48,4.733,60.72,20.146,25.576,1.558,24.63,17.196,SENSOR_DRIFT,1.0,1.0,1.0,1.0,1.0,0.0,20.0,30.0,-0.5
113.4,CLIMB,80.55,57.36,5282.5,19.44,83.717,0.9968,6254.69,79.78,606.74,5.28,60.45,20.166,25.611,1.584,24.6,17.083,6254.27,99.62,636.63,4.751,60.71,20.171,25.591,1.521,24.548,17.189,SENSOR_DRIFT,1.0,1.0,1.0,1.0,1.0,0.0,20.0,30.0,-0.5
113.5,CLIMB,80.54,57.35,5289.58,19.42,83.695,0.9966,6254.22,79.78,606.73,5.28,60.43,20.165,25.611,1.584,24.6,17.081,6257.04,100.12,635.52,4.807,60.24,20.19,25.586,1.546,24.567,16.97,SENSOR_DRIFT,1.0,1.0,1.0,1.0,1.0,0.0,20.0,30.0,-0.5
113.6,CLIMB,80.53,57.35,5296.67,19.41,83.674,0.9964,6253.75,79.78,606.71,5.28,60.42,20.163,25.611,1.584,24.6,17.08,6255.21,99.71,637.4,4.741,60.67,20.184,25.569,1.623,24.563,16.938,SENSOR_DRIFT,1.0,1.0,1.0,1.0,1.0,0.0,20.0,30.0,-0.5
113.7,CLIMB,80.53,57.34,5303.75,19.39,83.652,0.9962,6253.28,79.77,606.7,5.28,60.41,20.162,25.611,1.584,24.6,17.079,6243.93,100.44,635.49,4.718,60.32,20.24,25.625,1.534,24.551,16.992,SENSOR_DRIFT,1.0,1.0,1.0,1.0,1.0,0.0,20.0,30.0,-0.5
113.8,CLIMB,80.52,57.34,5310.83,19.38,83.631,0.996,6252.82,79.77,606.68,5.28,60.4,20.16,25.61,1.584,24.6,17.078,6257.04,100.62,637.1,4.773,60.49,20.24,25.559,1.606,24.626,17.025,SENSOR_DRIFT,1.0,1.0,1.0,1.0,1.0,0.0,20.0,30.0,-0.5
113.9,CLIMB,80.51,57.33,5317.92,19.36,83.61,0.9958,6252.35,79.77,606.67,5.279,60.39,20.159,25.61,1.584,24.6,17.076,6246.49,100.64,635.12,4.763,59.61,20.135,25.683,1.578,24.615,17.115,SENSOR_DRIFT,1.0,1.0,1.0,1.0,1.0,0.0,20.0,30.0,-0.5
114.0,CLIMB,80.5,57.33,5325.0,19.35,83.588,0.9955,6251.88,79.77,606.65,5.279,60.38,20.158,25.61,1.584,24.6,17.075,6251.61,99.89,638.15,4.791,60.54,20.123,25.679,1.583,24.583,16.965,SENSOR_DRIFT,1.0,1.0,1.0,1.0,1.0,0.0,20.0,30.0,-0.5
114.1,CLIMB,80.49,57.32,5332.08,19.34,83.567,0.9953,6251.42,79.77,606.64,5.279,60.37,20.156,25.61,1.584,24.6,17.074,6254.32,99.8,637.54,4.757,60.22,20.244,25.528,1.579,24.618,17.23,SENSOR_DRIFT,1.0,1.0,1.0,1.0,1.0,0.0,20.0,30.0,-0.5
114.2,CLIMB,80.48,57.31,5339.17,19.32,83.545,0.9951,6250.95,79.77,606.62,5.279,60.36,20.155,25.61,1.584,24.6,17.073,6248.96,100.32,634.86,4.745,60.54,20.254,25.627,1.618,24.524,17.05,SENSOR_DRIFT,1.0,1.0,1.0,1.0,1.0,0.0,20.0,30.0,-0.5
114.3,CLIMB,80.48,57.31,5346.25,19.31,83.524,0.9949,6250.48,79.77,606.61,5.279,60.35,20.153,25.61,1.584,24.6,17.071,6254.1,99.52,637.44,4.711,60.66,20.186,25.675,1.663,24.53,17.058,SENSOR_DRIFT,1.0,1.0,1.0,1.0,1.0,0.0,20.0,30.0,-0.5
114.4,CLIMB,80.47,57.3,5353.33,19.29,83.503,0.9947,6250.01,79.77,606.59,5.279,60.33,20.152,25.609,1.583,24.6,17.07,6238.31,99.25,636.02,4.789,60.15,20.08,25.565,1.574,24.609,17.06,SENSOR_DRIFT,1.0,1.0,1.0,1.0,1.0,0.0,20.0,30.0,-0.5
114.5,CLIMB,80.46,57.3,5360.42,19.28,83.481,0.9945,6249.55,79.77,606.58,5.278,60.32,20.151,25.609,1.583,24.6,17.069,6257.91,100.34,635.72,4.752,60.59,20.078,25.663,1.609,24.678,17.174,SENSOR_DRIFT,1.0,1.0,1.0,1.0,1.0,0.0,20.0,30.0,-0.5
114.6,CLIMB,80.45,57.29,5367.5,19.27,83.46,0.9943,6249.08,79.77,606.56,5.278,60.31,20.149,25.609,1.583,24.6,17.068,6251.86,99.81,637.17,4.818,60.61,20.152,25.622,1.543,24.547,17.068,SENSOR_DRIFT,1.0,1.0,1.0,1.0,1.0,0.0,20.0,30.0,-0.5
114.7,CLIMB,80.44,57.29,5374.58,19.25,83.439,0.9941,6248.61,79.77,606.54,5.278,60.3,20.148,25.609,1.583,24.6,17.066,6247.96,99.79,637.24,4.806,60.47,20.208,25.613,1.591,24.616,17.281,SENSOR_DRIFT,1.0,1.0,1.0,1.0,1.0,0.0,20.0,30.0,-0.5
114.8,CLIMB,80.43,57.28,5381.67,19.24,83.417,0.9939,6248.15,79.77,606.53,5.278,60.29,20.147,25.609,1.583,24.6,17.065,6249.96,99.96,636.8,4.717,60.1,20.169,25.546,1.581,24.59,16.933,SENSOR_DRIFT,1.0,1.0,1.0,1.0,1.0,0.0,20.0,30.0,-0.5
114.9,CLIMB,80.43,57.28,5388.75,19.22,83.396,0.9937,6247.68,79.77,606.51,5.278,60.28,20.145,25.609,1.583,24.6,17.064,6248.84,99.63,638.16,4.816,60.8,20.095,25.521,1.688,24.592,17.17,SENSOR_DRIFT,1.0,1.0,1.0,1.0,1.0,0.0,20.0,30.0,-0.5
115.0,CLIMB,80.42,57.27,5395.83,19.21,83.374,0.9935,6247.21,79.77,606.5,5.278,60.27,20.144,25.608,1.583,24.6,17.063,6246.29,99.17,638.14,4.783,59.57,20.011,25.606,1.595,24.684,17.16,SENSOR_DRIFT,1.0,1.0,1.0,1.0,1.0,0.0,20.0,30.0,-0.5
115.1,CLIMB,80.41,57.27,5402.92,19.19,83.353,0.9933,6246.74,79.77,606.48,5.278,60.26,20.142,25.608,1.583,24.6,17.061,6243.37,99.86,636.99,4.828,60.39,20.049,25.606,1.576,24.678,16.953,SENSOR_DRIFT,1.0,1.0,1.0,1.0,1.0,0.0,20.0,30.0,-0.5
115.2,CLIMB,80.4,57.26,5410.0,19.18,83.332,0.9931,6246.28,79.76,606.47,5.277,60.24,20.141,25.608,1.583,24.6,17.06,6247.95,98.46,635.79,4.739,60.13,20.348,25.541,1.528,24.57,17.119,SENSOR_DRIFT,1.0,1.0,1.0,1.0,1.0,0.0,20.0,30.0,-0.5
115.3,CLIMB,80.39,57.25,5417.08,19.17,83.31,0.9929,6245.81,79.76,606.45,5.277,60.23,20.14,25.608,1.583,24.6,17.059,6245.83,99.79,636.42,4.758,60.15,20.247,25.566,1.595,24.55,16.967,SENSOR_DRIFT,1.0,1.0,1.0,1.0,1.0,0.0,20.0,30.0,-0.5
115.4,CLIMB,80.38,57.25,5424.17,19.15,83.289,0.9927,6245.34,79.76,606.44,5.277,60.22,20.138,25.608,1.583,24.6,17.058,6232.47,99.88,637.04,4.782,60.31,20.199,25.631,1.557,24.692,17.149,SENSOR_DRIFT,1.0,1.0,1.0,1.0,1.0,0.0,20.0,30.0,-0.5
115.5,CLIMB,80.38,57.24,5431.25,19.14,83.268,0.9925,6244.88,79.76,606.42,5.277,60.21,20.137,25.608,1.582,24.6,17.056,6246.66,100.76,637.29,4.776,60.21,20.213,25.634,1.559,24.598,16.993,SENSOR_DRIFT,1.0,1.0,1.0,1.0,1.0,0.0,20.0,30.0,-0.5
115.6,CLIMB,80.37,57.24,5438.33,19.12,83.247,0.9922,6244.41,79.76,606.41,5.277,60.2,20.136,25.607,1.582,24.6,17.055,6249.21,100.2,633.72,4.76,59.41,20.104,25.684,1.587,24.568,17.064,SENSOR_DRIFT,1.0,1.0,1.0,1.0,1.0,0.0,20.0,30.0,-0.5
115.7,CLIMB,80.36,57.23,5445.42,19.11,83.225,0.992,6243.94,79.76,606.39,5.277,60.19,20.134,25.607,1.582,24.6,17.054,6244.95,99.34,636.86,4.774,61.19,20.206,25.65,1.68,24.508,17.14,SENSOR_DRIFT,1.0,1.0,1.0,1.0,1.0,0.0,20.0,30.0,-0.5
115.8,CLIMB,80.35,57.23,5452.5,19.1,83.204,0.9918,6243.48,79.76,606.38,5.276,60.18,20.133,25.607,1.582,24.6,17.053,6247.03,99.6,636.78,4.793,60.12,20.121,25.628,1.65,24.601,16.874,SENSOR_DRIFT,1.0,1.0,1.0,1.0,1.0,0.0,20.0,30.0,-0.5
115.9,CLIMB,80.34,57.22,5459.58,19.08,83.183,0.9916,6243.01,79.76,606.36,5.276,60.17,20.131,25.607,1.582,24.6,17.051,6243.69,99.28,635.74,4.76,60.4,20.201,25.636,1.623,24.613,17.017,SENSOR_DRIFT,1.0,1.0,1.0,1.0,1.0,0.0,20.0,30.0,-0.5
116.0,CLIMB,80.33,57.22,5466.67,19.07,83.161,0.9914,6242.54,79.76,606.35,5.276,60.15,20.13,25.607,1.582,24.6,17.05,6247.15,99.0,638.73,4.773,60.45,20.076,25.654,1.596,24.553,16.923,SENSOR_DRIFT,1.0,1.0,1.0,1.0,1.0,0.0,20.0,30.0,-0.5
116.1,CLIMB,80.33,57.21,5473.75,19.05,83.14,0.9912,6242.08,79.76,606.33,5.276,60.14,20.129,25.607,1.582,24.6,17.049,6251.24,99.42,636.97,4.787,59.82,20.091,25.598,1.552,24.565,16.958,SENSOR_DRIFT,1.0,1.0,1.0,1.0,1.0,0.0,20.0,30.0,-0.5
116.2,CLIMB,80.32,57.21,5480.83,19.04,83.119,0.991,6241.61,79.76,606.32,5.276,60.13,20.127,25.606,1.582,24.6,17.048,6240.16,99.34,635.02,4.781,60.33,20.022,25.533,1.583,24.567,17.056,SENSOR_DRIFT,1.0,1.0,1.0,1.0,1.0,0.0,20.0,30.0,-0.5
116.3,CLIMB,80.31,57.2,5487.92,19.02,83.098,0.9908,6241.14,79.76,606.3,5.276,60.12,20.126,25.606,1.582,24.6,17.046,6245.77,99.76,634.94,4.802,59.95,20.178,25.629,1.57,24.499,17.027,SENSOR_DRIFT,1.0,1.0,1.0,1.0,1.0,0.0,20.0,30.0,-0.5
116.4,CLIMB,80.3,57.2,5495.0,19.01,83.076,0.9906,6240.68,79.76,606.29,5.276,60.11,20.124,25.606,1.582,24.6,17.045,6238.93,100.36,639.09,4.762,60.26,20.291,25.552,1.638,24.509,17.032,SENSOR_DRIFT,1.0,1.0,1.0,1.0,1.0,0.0,20.0,30.0,-0.5
116.5,CLIMB,80.29,57.19,5502.08,19.0,83.055,0.9904,6240.21,79.76,606.27,5.275,60.1,20.123,25.606,1.582,24.6,17.044,6244.04,98.68,634.3,4.765,60.13,20.182,25.591,1.602,24.589,17.085,SENSOR_DRIFT,1.0,1.0,1.0,1.0,1.0,0.0,20.0,30.0,-0.5
116.6,CLIMB,80.28,57.18,5509.17,18.98,83.034,0.9902,6239.74,79.76,606.25,5.275,60.09,20.122,25.606,1.581,24.6,17.043,6242.91,99.68,634.97,4.793,60.24,19.977,25.639,1.63,24.623,17.103,SENSOR_DRIFT,1.0,1.0,1.0,1.0,1.0,0.0,20.0,30.0,-0.5
116.7,CLIMB,80.28,57.18,5516.25,18.97,83.012,0.99,6239.28,79.75,606.24,5.275,60.08,20.12,25.606,1.581,24.6,17.041,6236.38,99.45,638.34,4.787,59.81,20.31,25.564,1.568,24.617,16.92,SENSOR_DRIFT,1.0,1.0,1.0,1.0,1.0,0.0,20.0,30.0,-0.5
116.8,CLIMB,80.27,57.17,5523.33,18.95,82.991,0.9898,6238.81,79.75,606.22,5.275,60.06,20.119,25.605,1.581,24.6,17.04,6235.37,99.83,635.96,4.768,60.31,20.032,25.631,1.62,24.692,17.021,SENSOR_DRIFT,1.0,1.0,1.0,1.0,1.0,0.0,20.0,30.0,-0.5
116.9,CLIMB,80.26,57.17,5530.42,18.94,82.97,0.9896,6238.34,79.75,606.21,5.275,60.05,20.118,25.605,1.581,24.6,17.039,6241.87,99.65,633.25,4.828,60.13,20.092,25.714,1.571,24.539,17.104,SENSOR_DRIFT,1.0,1.0,1.0,1.0,1.0,0.0,20.0,30.0,-0.5
117.0,CLIMB,80.25,57.16,5537.5,18.93,82.949,0.9894,6237.88,79.75,606.19,5.275,60.04,20.116,25.605,1.581,24.6,17.038,6233.55,99.71,635.92,4.768,60.04,20.197,25.46,1.586,24.655,17.112,SENSOR_DRIFT,1.0,1.0,1.0,1.0,1.0,0.0,20.0,30.0,-0.5
117.1,CLIMB,80.24,57.16,5544.58,18.91,82.928,0.9892,6237.41,79.75,606.18,5.274,60.03,20.115,25.605,1.581,24.6,17.036,6226.33,99.11,638.53,4.798,59.73,20.043,25.528,1.655,24.603,17.086,SENSOR_DRIFT,1.0,1.0,1.0,1.0,1.0,0.0,20.0,30.0,-0.5
117.2,CLIMB,80.23,57.15,5551.67,18.9,82.906,0.989,6236.94,79.75,606.16,5.274,60.02,20.113,25.605,1.581,24.6,17.035,6242.84,99.77,636.02,4.699,60.32,19.953,25.587,1.619,24.57,16.994,SENSOR_DRIFT,1.0,1.0,1.0,1.0,1.0,0.0,20.0,30.0,-0.5
117.3,CLIMB,80.23,57.15,5558.75,18.88,82.885,0.9888,6236.48,79.75,606.15,5.274,60.01,20.112,25.605,1.581,24.6,17.034,6239.04,99.07,633.19,4.815,60.12,20.213,25.542,1.597,24.556,16.836,SENSOR_DRIFT,1.0,1.0,1.0,1.0,1.0,0.0,20.0,30.0,-0.5
117.4,CLIMB,80.22,57.14,5565.83,18.87,82.864,0.9885,6236.01,79.75,606.13,5.274,60.0,20.111,25.604,1.581,24.6,17.033,6234.16,98.92,639.99,4.773,59.8,20.207,25.605,1.61,24.562,16.93,SENSOR_DRIFT,1.0,1.0,1.0,1.0,1.0,0.0,20.0,30.0,-0.5
117.5,CLIMB,80.21,57.14,5572.92,18.85,82.843,0.9883,6235.54,79.75,606.12,5.274,59.98,20.109,25.604,1.581,24.6,17.031,6225.7,99.79,637.01,4.824,59.78,20.056,25.549,1.657,24.564,17.025,SENSOR_DRIFT,1.0,1.0,1.0,1.0,1.0,0.0,20.0,30.0,-0.5
117.6,CLIMB,80.2,57.13,5580.0,18.84,82.821,0.9881,6235.08,79.75,606.1,5.274,59.97,20.108,25.604,1.581,24.6,17.03,6235.35,100.19,636.48,4.752,59.96,20.058,25.565,1.583,24.547,17.013,SENSOR_DRIFT,1.0,1.0,1.0,1.0,1.0,0.0,20.0,30.0,-0.5
117.7,CLIMB,80.19,57.12,5587.08,18.83,82.8,0.9879,6234.61,79.75,606.09,5.273,59.96,20.107,25.604,1.58,24.6,17.029,6233.61,99.28,635.61,4.789,59.43,20.146,25.681,1.589,24.648,16.776,SENSOR_DRIFT,1.0,1.0,1.0,1.0,1.0,0.0,20.0,30.0,-0.5
117.8,CLIMB,80.18,57.12,5594.17,18.81,82.779,0.9877,6234.15,79.75,606.07,5.273,59.95,20.105,25.604,1.58,24.6,17.028,6231.74,100.49,633.78,4.8,60.03,20.039,25.619,1.684,24.647,16.884,SENSOR_DRIFT,1.0,1.0,1.0,1.0,1.0,0.0,20.0,30.0,-0.5
117.9,CLIMB,80.18,57.11,5601.25,18.8,82.758,0.9875,6233.68,79.75,606.06,5.273,59.94,20.104,25.604,1.58,24.6,17.026,6231.9,99.42,639.18,4.742,59.72,19.981,25.652,1.64,24.596,16.79,SENSOR_DRIFT,1.0,1.0,1.0,1.0,1.0,0.0,20.0,30.0,-0.5
118.0,CLIMB,80.17,57.11,5608.33,18.78,82.737,0.9873,6233.21,79.75,606.04,5.273,59.93,20.102,25.603,1.58,24.6,17.025,6236.14,99.47,637.85,4.739,59.88,19.973,25.624,1.646,24.58,17.04,SENSOR_DRIFT,1.0,1.0,1.0,1.0,1.0,0.0,20.0,30.0,-0.5
118.1,CLIMB,80.16,57.1,5615.42,18.77,82.716,0.9871,6232.75,79.75,606.03,5.273,59.92,20.101,25.603,1.58,24.6,17.024,6230.69,100.71,638.14,4.773,60.38,20.036,25.516,1.584,24.6,16.917,SENSOR_DRIFT,1.0,1.0,1.0,1.0,1.0,0.0,20.0,30.0,-0.5
118.2,CLIMB,80.15,57.1,5622.5,18.76,82.694,0.9869,6232.28,79.74,606.01,5.273,59.9,20.1,25.603,1.58,24.6,17.023,6230.08,100.01,635.45,4.738,59.26,20.087,25.643,1.559,24.618,17.164,SENSOR_DRIFT,1.0,1.0,1.0,1.0,1.0,0.0,20.0,30.0,-0.5
118.3,CLIMB,80.14,57.09,5629.58,18.74,82.673,0.9867,6231.81,79.74,606.0,5.273,59.89,20.098,25.603,1.58,24.6,17.021,6225.86,98.93,637.09,4.743,60.02,20.211,25.732,1.585,24.625,17.036,SENSOR_DRIFT,1.0,1.0,1.0,1.0,1.0,0.0,20.0,30.0,-0.5
118.4,CLIMB,80.13,57.09,5636.67,18.73,82.652,0.9865,6231.35,79.74,605.98,5.272,59.88,20.097,25.603,1.58,24.6,17.02,6230.16,99.77,634.12,4.742,60.0,20.168,25.634,1.689,24.623,17.051,SENSOR_DRIFT,1.0,1.0,1.0,1.0,1.0,0.0,20.0,30.0,-0.5
118.5,CLIMB,80.13,57.08,5643.75,18.71,82.631,0.9863,6230.88,79.74,605.96,5.272,59.87,20.095,25.603,1.58,24.6,17.019,6229.61,99.81,633.38,4.759,59.95,20.116,25.575,1.586,24.6,17.013,SENSOR_DRIFT,1.0,1.0,1.0,1.0,1.0,0.0,20.0,30.0,-0.5
118.6,CLIMB,80.12,57.08,5650.83,18.7,82.61,0.9861,6230.42,79.74,605.95,5.272,59.86,20.094,25.602,1.58,24.6,17.018,6223.48,99.85,635.65,4.812,60.45,20.024,25.52,1.589,24.623,17.081,SENSOR_DRIFT,1.0,1.0,1.0,1.0,1.0,0.0,20.0,30.0,-0.5
118.7,CLIMB,80.11,57.07,5657.92,18.68,82.589,0.9859,6229.95,79.74,605.93,5.272,59.85,20.093,25.602,1.58,24.6,17.016,6233.85,99.14,637.28,4.807,59.61,20.069,25.529,1.618,24.595,17.186,SENSOR_DRIFT,1.0,1.0,1.0,1.0,1.0,0.0,20.0,30.0,-0.5
118.8,CLIMB,80.1,57.07,5665.0,18.67,82.567,0.9857,6229.48,79.74,605.92,5.272,59.84,20.091,25.602,1.579,24.6,17.015,6224.85,99.43,634.38,4.748,59.67,20.12,25.61,1.643,24.599,17.041,SENSOR_DRIFT,1.0,1.0,1.0,1.0,1.0,0.0,20.0,30.0,-0.5
118.9,CLIMB,80.09,57.06,5672.08,18.66,82.546,0.9855,6229.02,79.74,605.9,5.272,59.82,20.09,25.602,1.579,24.6,17.014,6229.73,99.73,635.31,4.726,59.49,20.01,25.548,1.495,24.682,17.071,SENSOR_DRIFT,1.0,1.0,1.0,1.0,1.0,0.0,20.0,30.0,-0.5
119.0,CLIMB,80.08,57.05,5679.17,18.64,82.525,0.9853,6228.55,79.74,605.89,5.271,59.81,20.089,25.602,1.579,24.6,17.013,6233.86,100.28,634.03,4.706,59.62,20.25,25.574,1.611,24.63,17.01,SENSOR_DRIFT,1.0,1.0,1.0,1.0,1.0,0.0,20.0,30.0,-0.5
119.1,CLIMB,80.08,57.05,5686.25,18.63,82.504,0.9851,6228.09,79.74,605.87,5.271,59.8,20.087,25.602,1.579,24.6,17.011,6221.9,99.52,633.32,4.768,59.72,20.13,25.524,1.555,24.611,16.964,SENSOR_DRIFT,1.0,1.0,1.0,1.0,1.0,0.0,20.0,30.0,-0.5
119.2,CLIMB,80.07,57.04,5693.33,18.61,82.483,0.9849,6227.62,79.74,605.86,5.271,59.79,20.086,25.601,1.579,24.6,17.01,6227.88,99.42,636.28,4.8,60.0,20.102,25.609,1.53,24.533,17.036,SENSOR_DRIFT,1.0,1.0,1.0,1.0,1.0,0.0,20.0,30.0,-0.5
119.3,CLIMB,80.06,57.04,5700.42,18.6,82.462,0.9847,6227.15,79.74,605.84,5.271,59.78,20.084,25.601,1.579,24.6,17.009,6228.71,99.41,638.54,4.798,59.74,20.065,25.512,1.552,24.64,16.993,SENSOR_DRIFT,1.0,1.0,1.0,1.0,1.0,0.0,20.0,30.0,-0.5
119.4,CLIMB,80.05,57.03,5707.5,18.59,82.441,0.9845,6226.69,79.74,605.83,5.271,59.77,20.083,25.601,1.579,24.6,17.008,6227.6,99.87,636.32,4.702,60.16,20.183,25.625,1.573,24.546,16.954,SENSOR_DRIFT,1.0,1.0,1.0,1.0,1.0,0.0,20.0,30.0,-0.5
119.5,CLIMB,80.04,57.03,5714.58,18.57,82.42,0.9843,6226.22,79.74,605.81,5.271,59.76,20.082,25.601,1.579,24.6,17.006,6228.28,99.67,637.99,4.772,60.13,20.08,25.682,1.541,24.514,16.984,SENSOR_DRIFT,1.0,1.0,1.0,1.0,1.0,0.0,20.0,30.0,-0.5
119.6,CLIMB,80.03,57.02,5721.67,18.56,82.399,0.984,6225.76,79.74,605.8,5.271,59.74,20.08,25.601,1.579,24.6,17.005,6224.2,99.6,636.86,4.766,59.64,20.145,25.651,1.542,24.609,16.951,SENSOR_DRIFT,1.0,1.0,1.0,1.0,1.0,0.0,20.0,30.0,-0.5
119.7,CLIMB,80.03,57.02,5728.75,18.54,82.377,0.9838,6225.29,79.73,605.78,5.27,59.73,20.079,25.601,1.579,24.6,17.004,6231.78,99.57,634.72,4.765,59.83,19.933,25.618,1.619,24.617,16.857,SENSOR_DRIFT,1.0,1.0,1.0,1.0,1.0,0.0,20.0,30.0,-0.5
119.8,CLIMB,80.02,57.01,5735.83,18.53,82.356,0.9836,6224.83,79.73,605.77,5.27,59.72,20.077,25.6,1.579,24.6,17.003,6223.52,99.0,633.13,4.757,59.32,20.093,25.609,1.592,24.669,16.881,SENSOR_DRIFT,1.0,1.0,1.0,1.0,1.0,0.0,20.0,30.0,-0.5
119.9,CLIMB,80.01,57.01,5742.92,18.51,82.335,0.9834,6224.36,79.73,605.75,5.27,59.71,20.076,25.6,1.578,24.6,17.001,6234.77,99.09,638.05,4.783,59.72,20.038,25.652,1.619,24.573,16.873,SENSOR_DRIFT,1.0,1.0,1.0,1.0,1.0,0.0,20.0,30.0,-0.5
120.0,CLIMB,80.0,57.0,5750.0,18.5,82.314,0.9832,6223.89,79.73,605.74,5.27,59.7,20.075,25.6,1.578,24.6,17.0,6230.65,99.64,633.88,4.739,59.72,19.953,25.61,1.511,24.512,16.858,SENSOR_DRIFT,1.0,1.0,1.0,1.0,1.0,0.0,20.0,30.0,-0.5
120.1,CLIMB,79.99,56.99,5757.08,18.49,82.293,0.983,6223.43,79.73,605.72,5.27,59.69,20.073,25.6,1.578,24.6,16.999,6227.53,99.66,636.78,4.727,59.61,20.121,25.541,1.56,24.607,17.115,SENSOR_DRIFT,1.0,1.0,1.0,1.0,1.0,0.0,20.0,30.0,-0.5
120.2,CLIMB,79.98,56.99,5764.17,18.47,82.272,0.9828,6222.96,79.73,605.71,5.27,59.68,20.072,25.6,1.578,24.6,16.998,6219.61,99.77,634.77,4.768,60.05,20.156,25.639,1.515,24.554,17.143,SENSOR_DRIFT,1.0,1.0,1.0,1.0,1.0,0.0,20.0,30.0,-0.5
120.3,CLIMB,79.98,56.98,5771.25,18.46,82.251,0.9826,6222.5,79.73,605.69,5.269,59.66,20.071,25.6,1.578,24.6,16.996,6222.15,99.42,636.2,4.747,59.66,19.972,25.589,1.619,24.598,16.974,SENSOR_DRIFT,1.0,1.0,1.0,1.0,1.0,0.0,20.0,30.0,-0.5
120.4,CLIMB,79.97,56.98,5778.33,18.44,82.23,0.9824,6222.03,79.73,605.68,5.269,59.65,20.069,25.599,1.578,24.6,16.995,6223.41,100.68,637.69,4.772,59.21,19.956,25.579,1.678,24.546,17.13,SENSOR_DRIFT,1.0,1.0,1.0,1.0,1.0,0.0,20.0,30.0,-0.5
120.5,CLIMB,79.96,56.97,5785.42,18.43,82.209,0.9822,6221.57,79.73,605.66,5.269,59.64,20.068,25.599,1.578,24.6,16.994,6223.33,99.57,636.16,4.749,59.59,19.828,25.494,1.613,24.556,17.075,SENSOR_DRIFT,1.0,1.0,1.0,1.0,1.0,0.0,20.0,30.0,-0.5
120.6,CLIMB,79.95,56.97,5792.5,18.42,82.188,0.982,6221.1,79.73,605.65,5.269,59.63,20.066,25.599,1.578,24.6,16.993,6211.56,99.72,636.13,4.769,59.97,20.115,25.587,1.554,24.519,17.157,SENSOR_DRIFT,1.0,1.0,1.0,1.0,1.0,0.0,20.0,30.0,-0.5
120.7,CLIMB,79.94,56.96,5799.58,18.4,82.167,0.9818,6220.64,79.73,605.63,5.269,59.62,20.065,25.599,1.578,24.6,16.991,6217.27,100.34,638.16,4.758,60.11,20.004,25.636,1.553,24.663,17.081,SENSOR_DRIFT,1.0,1.0,1.0,1.0,1.0,0.0,20.0,30.0,-0.5
120.8,CLIMB,79.93,56.96,5806.67,18.39,82.146,0.9816,6220.17,79.73,605.61,5.269,59.61,20.064,25.599,1.578,24.6,16.99,6220.42,99.47,634.93,4.861,59.82,20.082,25.609,1.689,24.579,16.963,SENSOR_DRIFT,1.0,1.0,1.0,1.0,1.0,0.0,20.0,30.0,-0.5
120.9,CLIMB,79.93,56.95,5813.75,18.37,82.125,0.9814,6219.7,79.73,605.6,5.268,59.6,20.062,25.599,1.578,24.6,16.989,6208.88,100.07,633.29,4.776,59.91,20.165,25.515,1.552,24.56,17.023,SENSOR_DRIFT,1.0,1.0,1.0,1.0,1.0,0.0,20.0,30.0,-0.5
121.0,CLIMB,79.92,56.95,5820.83,18.36,82.104,0.9812,6219.24,79.73,605.58,5.268,59.58,20.061,25.598,1.577,24.6,16.988,6217.29,100.23,636.64,4.795,59.26,19.969,25.571,1.553,24.625,17.079,SENSOR_DRIFT,1.0,1.0,1.0,1.0,1.0,0.0,20.0,30.0,-0.5
121.1,CLIMB,79.91,56.94,5827.92,18.34,82.083,0.981,6218.77,79.73,605.57,5.268,59.57,20.06,25.598,1.577,24.6,16.986,6220.99,99.75,634.98,4.727,59.26,20.07,25.555,1.599,24.607,16.979,SENSOR_DRIFT,1.0,1.0,1.0,1.0,1.0,0.0,20.0,30.0,-0.5
121.2,CLIMB,79.9,56.94,5835.0,18.33,82.062,0.9808,6218.31,79.72,605.55,5.268,59.56,20.058,25.598,1.577,24.6,16.985,6222.98,100.03,634.05,4.728,59.4,20.044,25.633,1.474,24.58,16.992,SENSOR_DRIFT,1.0,1.0,1.0,1.0,1.0,0.0,20.0,30.0,-0.5
121.3,CLIMB,79.89,56.93,5842.08,18.32,82.041,0.9806,6217.84,79.72,605.54,5.268,59.55,20.057,25.598,1.577,24.6,16.984,6213.75,99.54,637.17,4.74,59.43,19.947,25.682,1.608,24.601,16.988,SENSOR_DRIFT,1.0,1.0,1.0,1.0,1.0,0.0,20.0,30.0,-0.5
121.4,CLIMB,79.88,56.92,5849.17,18.3,82.02,0.9804,6217.38,79.72,605.52,5.268,59.54,20.055,25.598,1.577,24.6,16.983,6221.24,99.03,631.45,4.784,59.51,19.93,25.55,1.562,24.632,16.871,SENSOR_DRIFT,1.0,1.0,1.0,1.0,1.0,0.0,20.0,30.0,-0.5
121.5,CLIMB,79.88,56.92,5856.25,18.29,81.999,0.9802,6216.91,79.72,605.51,5.268,59.53,20.054,25.598,1.577,24.6,16.981,6220.01,99.62,633.54,4.754,60.04,20.151,25.612,1.53,24.586,16.965,SENSOR_DRIFT,1.0,1.0,1.0,1.0,1.0,0.0,20.0,30.0,-0.5
121.6,CLIMB,79.87,56.91,5863.33,18.27,81.978,0.98,6216.45,79.72,605.49,5.267,59.51,20.053,25.597,1.577,24.6,16.98,6210.43,100.34,635.55,4.802,59.37,20.152,25.595,1.69,24.566,16.821,SENSOR_DRIFT,1.0,1.0,1.0,1.0,1.0,0.0,20.0,30.0,-0.5
121.7,CLIMB,79.86,56.91,5870.42,18.26,81.957,0.9798,6215.98,79.72,605.48,5.267,59.5,20.051,25.597,1.577,24.6,16.979,6213.88,99.84,634.94,4.772,59.82,19.958,25.619,1.48,24.56,16.929,SENSOR_DRIFT,1.0,1.0,1.0,1.0,1.0,0.0,20.0,30.0,-0.5
121.8,CLIMB,79.85,56.9,5877.5,18.25,81.936,0.9796,6215.52,79.72,605.46,5.267,59.49,20.05,25.597,1.577,24.6,16.978,6218.87,100.47,636.86,4.71,59.67,20.126,25.592,1.587,24.637,17.009,SENSOR_DRIFT,1.0,1.0,1.0,1.0,1.0,0.0,20.0,30.0,-0.5
121.9,CLIMB,79.84,56.9,5884.58,18.23,81.915,0.9794,6215.05,79.72,605.45,5.267,59.48,20.048,25.597,1.577,24.6,16.976,6214.65,99.92,633.86,4.761,59.75,19.944,25.586,1.63,24.631,17.028,SENSOR_DRIFT,1.0,1.0,1.0,1.0,1.0,0.0,20.0,30.0,-0.5
122.0,CLIMB,79.83,56.89,5891.67,18.22,81.894,0.9792,6214.59,79.72,605.43,5.267,59.47,20.047,25.597,1.577,24.6,16.975,6219.01,99.73,637.27,4.673,58.99,19.997,25.669,1.526,24.66,17.028,SENSOR_DRIFT,1.0,1.0,1.0,1.0,1.0,0.0,20.0,30.0,-0.5
122.1,CLIMB,79.83,56.89,5898.75,18.2,81.873,0.979,6214.12,79.72,605.42,5.267,59.46,20.046,25.597,1.577,24.6,16.974,6216.5,99.59,633.73,4.733,59.41,20.133,25.575,1.632,24.569,16.934,SENSOR_DRIFT,1.0,1.0,1.0,1.0,1.0,0.0,20.0,30.0,-0.5
122.2,CLIMB,79.82,56.88,5905.83,18.19,81.852,0.9788,6213.66,79.72,605.4,5.266,59.45,20.044,25.596,1.576,24.6,16.973,6207.69,99.87,636.19,4.728,59.6,20.213,25.594,1.671,24.546,17.162,SENSOR_DRIFT,1.0,1.0,1.0,1.0,1.0,0.0,20.0,30.0,-0.5
122.3,CLIMB,79.81,56.88,5912.92,18.17,81.831,0.9786,6213.19,79.72,605.39,5.266,59.43,20.043,25.596,1.576,24.6,16.971,6212.26,99.38,633.2,4.761,59.46,19.983,25.681,1.424,24.58,16.919,SENSOR_DRIFT,1.0,1.0,1.0,1.0,1.0,0.0,20.0,30.0,-0.5
122.4,CLIMB,79.8,56.87,5920.0,18.16,81.81,0.9783,6212.73,79.72,605.37,5.266,59.42,20.041,25.596,1.576,24.6,16.97,6209.24,99.79,636.56,4.799,58.78,20.185,25.65,1.533,24.64,16.974,SENSOR_DRIFT,1.0,1.0,1.0,1.0,1.0,0.0,20.0,30.0,-0.5
122.5,CLIMB,79.79,56.86,5927.08,18.15,81.789,0.9781,6212.26,79.72,605.36,5.266,59.41,20.04,25.596,1.576,24.6,16.969,6217.14,98.91,635.64,4.719,59.22,20.131,25.623,1.509,24.613,16.941,SENSOR_DRIFT,1.0,1.0,1.0,1.0,1.0,0.0,20.0,30.0,-0.5
122.6,CLIMB,79.78,56.86,5934.17,18.13,81.768,0.9779,6211.8,79.71,605.34,5.266,59.4,20.039,25.596,1.576,24.6,16.968,6198.49,100.36,635.01,4.77,59.39,20.014,25.659,1.55,24.605,16.838,SENSOR_DRIFT,1.0,1.0,1.0,1.0,1.0,0.0,20.0,30.0,-0.5
122.7,CLIMB,79.78,56.85,5941.25,18.12,81.747,0.9777,6211.33,79.71,605.33,5.266,59.39,20.037,25.596,1.576,24.6,16.966,6218.06,99.59,632.62,4.768,59.68,20.086,25.613,1.611,24.61,16.852,SENSOR_DRIFT,1.0,1.0,1.0,1.0,1.0,0.0,20.0,30.0,-0.5
122.8,CLIMB,79.77,56.85,5948.33,18.1,81.726,0.9775,6210.87,79.71,605.31,5.266,59.38,20.036,25.595,1.576,24.6,16.965,6213.36,98.98,637.19,4.776,58.88,19.907,25.625,1.581,24.592,17.013,SENSOR_DRIFT,1.0,1.0,1.0,1.0,1.0,0.0,20.0,30.0,-0.5
122.9,CLIMB,79.76,56.84,5955.42,18.09,81.705,0.9773,6210.4,79.71,605.3,5.265,59.36,20.035,25.595,1.576,24.6,16.964,6217.42,99.48,636.47,4.69,58.99,19.951,25.585,1.519,24.508,16.98,SENSOR_DRIFT,1.0,1.0,1.0,1.0,1.0,0.0,20.0,30.0,-0.5
123.0,CLIMB,79.75,56.84,5962.5,18.08,81.685,0.9771,6209.94,79.71,605.28,5.265,59.35,20.033,25.595,1.576,24.6,16.963,6211.53,100.11,634.86,4.787,59.12,19.892,25.554,1.607,24.606,16.789,SENSOR_DRIFT,1.0,1.0,1.0,1.0,1.0,0.0,20.0,30.0,-0.5
123.1,CLIMB,79.74,56.83,5969.58,18.06,81.664,0.9769,6209.47,79.71,605.26,5.265,59.34,20.032,25.595,1.576,24.6,16.961,6211.09,100.67,635.05,4.819,59.88,20.133,25.596,1.634,24.603,16.927,SENSOR_DRIFT,1.0,1.0,1.0,1.0,1.0,0.0,20.0,30.0,-0.5
123.2,CLIMB,79.73,56.83,5976.67,18.05,81.643,0.9767,6209.01,79.71,605.25,5.265,59.33,20.03,25.595,1.576,24.6,16.96,6206.67,100.62,634.5,4.764,58.85,20.106,25.575,1.609,24.591,16.997,SENSOR_DRIFT,1.0,1.0,1.0,1.0,1.0,0.0,20.0,30.0,-0.5
123.3,CLIMB,79.73,56.82,5983.75,18.03,81.622,0.9765,6208.54,79.71,605.23,5.265,59.32,20.029,25.595,1.575,24.6,16.959,6204.45,99.21,634.85,4.769,59.13,20.01,25.596,1.585,24.499,17.003,SENSOR_DRIFT,1.0,1.0,1.0,1.0,1.0,0.0,20.0,30.0,-0.5
123.4,CLIMB,79.72,56.82,5990.83,18.02,81.601,0.9763,6208.08,79.71,605.22,5.265,59.31,20.028,25.594,1.575,24.6,16.958,6208.61,99.17,634.41,4.763,59.59,19.986,25.604,1.643,24.558,17.0,SENSOR_DRIFT,1.0,1.0,1.0,1.0,1.0,0.0,20.0,30.0,-0.5
123.5,CLIMB,79.71,56.81,5997.92,18.0,81.58,0.9761,6207.61,79.71,605.2,5.264,59.29,20.026,25.594,1.575,24.6,16.956,6213.24,99.71,636.63,4.787,59.0,20.005,25.567,1.687,24.643,16.994,SENSOR_DRIFT,1.0,1.0,1.0,1.0,1.0,0.0,20.0,30.0,-0.5
123.6,CLIMB,79.7,56.81,6005.0,17.99,81.559,0.9759,6207.15,79.71,605.19,5.264,59.28,20.025,25.594,1.575,24.6,16.955,6205.72,99.84,635.8,4.769,58.92,19.972,25.605,1.575,24.634,17.01,SENSOR_DRIFT,1.0,1.0,1.0,1.0,1.0,0.0,20.0,30.0,-0.5
123.7,CLIMB,79.69,56.8,6012.08,17.98,81.538,0.9757,6206.68,79.71,605.17,5.264,59.27,20.023,25.594,1.575,24.6,16.954,6212.18,99.19,633.53,4.729,59.42,20.07,25.581,1.581,24.604,16.92,SENSOR_DRIFT,1.0,1.0,1.0,1.0,1.0,0.0,20.0,30.0,-0.5
123.8,CLIMB,79.68,56.79,6019.17,17.96,81.517,0.9755,6206.22,79.71,605.16,5.264,59.26,20.022,25.594,1.575,24.6,16.953,6204.22,98.78,633.97,4.755,58.92,20.16,25.599,1.56,24.571,16.894,SENSOR_DRIFT,1.0,1.0,1.0,1.0,1.0,0.0,20.0,30.0,-0.5
123.9,CLIMB,79.68,56.79,6026.25,17.95,81.497,0.9753,6205.75,79.71,605.14,5.264,59.25,20.021,25.594,1.575,24.6,16.951,6203.66,99.82,635.21,4.736,59.06,19.988,25.671,1.617,24.549,16.948,SENSOR_DRIFT,1.0,1.0,1.0,1.0,1.0,0.0,20.0,30.0,-0.5
124.0,CLIMB,79.67,56.78,6033.33,17.93,81.476,0.9751,6205.29,79.7,605.13,5.264,59.24,20.019,25.593,1.575,24.6,16.95,6204.82,99.27,634.36,4.766,59.18,19.94,25.604,1.696,24.63,16.959,SENSOR_DRIFT,1.0,1.0,1.0,1.0,1.0,0.0,20.0,30.0,-0.5
124.1,CLIMB,79.66,56.78,6040.42,17.92,81.455,0.9749,6204.82,79.7,605.11,5.264,59.22,20.018,25.593,1.575,24.6,16.949,6206.23,99.57,635.79,4.745,59.38,19.908,25.555,1.544,24.567,16.917,SENSOR_DRIFT,1.0,1.0,1.0,1.0,1.0,0.0,20.0,30.0,-0.5
124.2,CLIMB,79.65,56.77,6047.5,17.91,81.434,0.9747,6204.36,79.7,605.1,5.263,59.21,20.017,25.593,1.575,24.6,16.948,6202.97,99.78,631.05,4.738,59.14,20.043,25.654,1.641,24.59,16.866,SENSOR_DRIFT,1.0,1.0,1.0,1.0,1.0,0.0,20.0,30.0,-0.5
124.3,CLIMB,79.64,56.77,6054.58,17.89,81.413,0.9745,6203.89,79.7,605.08,5.263,59.2,20.015,25.593,1.575,24.6,16.946,6207.39,99.32,633.1,4.775,59.54,19.885,25.545,1.599,24.561,16.996,SENSOR_DRIFT,1.0,1.0,1.0,1.0,1.0,0.0,20.0,30.0,-0.5
124.4,CLIMB,79.63,56.76,6061.67,17.88,81.392,0.9743,6203.43,79.7,605.07,5.263,59.19,20.014,25.593,1.574,24.6,16.945,6214.17,99.66,632.9,4.754,59.42,20.291,25.558,1.506,24.555,16.852,SENSOR_DRIFT,1.0,1.0,1.0,1.0,1.0,0.0,20.0,30.0,-0.5
124.5,CLIMB,79.63,56.76,6068.75,17.86,81.371,0.9741,6202.97,79.7,605.05,5.263,59.18,20.012,25.593,1.574,24.6,16.944,6210.62,99.32,635.44,4.757,58.95,19.897,25.665,1.616,24.568,17.069,SENSOR_DRIFT,1.0,1.0,1.0,1.0,1.0,0.0,20.0,30.0,-0.5
124.6,CLIMB,79.62,56.75,6075.83,17.85,81.351,0.9739,6202.5,79.7,605.04,5.263,59.17,20.011,25.592,1.574,24.6,16.943,6201.02,98.99,634.51,4.759,58.99,20.014,25.643,1.501,24.561,16.904,SENSOR_DRIFT,1.0,1.0,1.0,1.0,1.0,0.0,20.0,30.0,-0.5
124.7,CLIMB,79.61,56.75,6082.92,17.83,81.33,0.9737,6202.04,79.7,605.02,5.263,59.15,20.01,25.592,1.574,24.6,16.941,6202.83,99.32,633.57,4.719,58.85,20.126,25.653,1.55,24.593,16.946,SENSOR_DRIFT,1.0,1.0,1.0,1.0,1.0,0.0,20.0,30.0,-0.5
124.8,CLIMB,79.6,56.74,6090.0,17.82,81.309,0.9735,6201.57,79.7,605.01,5.262,59.14,20.008,25.592,1.574,24.6,16.94,6200.03,99.64,636.25,4.764,58.75,19.872,25.642,1.517,24.511,16.951,SENSOR_DRIFT,1.0,1.0,1.0,1.0,1.0,0.0,20.0,30.0,-0.5
124.9,CLIMB,79.59,56.73,6097.08,17.81,81.288,0.9733,6201.11,79.7,604.99,5.262,59.13,20.007,25.592,1.574,24.6,16.939,6203.3,99.83,636.39,4.776,58.88,19.848,25.662,1.682,24.606,16.867,SENSOR_DRIFT,1.0,1.0,1.0,1.0,1.0,0.0,20.0,30.0,-0.5
125.0,CLIMB,79.58,56.73,6104.17,17.79,81.267,0.9731,6200.64,79.7,604.98,5.262,59.12,20.005,25.592,1.574,24.6,16.938,6200.31,99.24,633.66,4.709,58.78,19.832,25.62,1.57,24.666,16.948,SENSOR_DRIFT,1.0,1.0,1.0,1.0,1.0,0.0,20.0,30.0,-0.5
125.1,CLIMB,79.58,56.72,6111.25,17.78,81.247,0.9729,6200.18,79.7,604.96,5.262,59.11,20.004,25.592,1.574,24.6,16.936,6198.66,99.41,635.63,4.702,59.43,20.028,25.659,1.532,24.543,16.761,SENSOR_DRIFT,1.0,1.0,1.0,1.0,1.0,0.0,20.0,30.0,-0.5
125.2,CLIMB,79.57,56.72,6118.33,17.76,81.226,0.9727,6199.71,79.7,604.95,5.262,59.1,20.003,25.591,1.574,24.6,16.935,6206.77,100.28,634.92,4.726,58.52,19.8,25.501,1.564,24.643,16.984,SENSOR_DRIFT,1.0,1.0,1.0,1.0,1.0,0.0,20.0,30.0,-0.5
125.3,CLIMB,79.56,56.71,6125.42,17.75,81.205,0.9725,6199.25,79.7,604.93,5.262,59.08,20.001,25.591,1.574,24.6,16.934,6202.75,99.61,634.61,4.798,59.37,20.048,25.557,1.608,24.548,16.949,SENSOR_DRIFT,1.0,1.0,1.0,1.0,1.0,0.0,20.0,30.0,-0.5
125.4,CLIMB,79.55,56.71,6132.5,17.74,81.184,0.9723,6198.79,79.7,604.92,5.262,59.07,20.0,25.591,1.574,24.6,16.933,6197.49,100.53,633.74,4.741,59.19,20.074,25.642,1.589,24.584,16.808,SENSOR_DRIFT,1.0,1.0,1.0,1.0,1.0,0.0,20.0,30.0,-0.5
125.5,CLIMB,79.54,56.7,6139.58,17.72,81.163,0.9721,6198.32,79.69,604.9,5.261,59.06,19.999,25.591,1.573,24.6,16.931,6202.08,99.54,631.85,4.716,59.18,19.966,25.65,1.487,24.682,16.973,SENSOR_DRIFT,1.0,1.0,1.0,1.0,1.0,0.0,20.0,30.0,-0.5
125.6,CLIMB,79.53,56.7,6146.67,17.71,81.143,0.9719,6197.86,79.69,604.88,5.261,59.05,19.997,25.591,1.573,24.6,16.93,6197.11,99.75,633.05,4.788,59.27,19.914,25.56,1.635,24.649,17.01,SENSOR_DRIFT,1.0,1.0,1.0,1.0,1.0,0.0,20.0,30.0,-0.5
125.7,CLIMB,79.53,56.69,6153.75,17.69,81.122,0.9717,6197.39,79.69,604.87,5.261,59.04,19.996,25.591,1.573,24.6,16.929,6185.08,99.19,636.68,4.821,58.31,19.839,25.711,1.627,24.584,16.932,SENSOR_DRIFT,1.0,1.0,1.0,1.0,1.0,0.0,20.0,30.0,-0.5
125.8,CLIMB,79.52,56.69,6160.83,17.68,81.101,0.9715,6196.93,79.69,604.85,5.261,59.03,19.994,25.59,1.573,24.6,16.928,6191.03,99.21,633.24,4.715,59.31,20.249,25.65,1.534,24.578,16.626,SENSOR_DRIFT,1.0,1.0,1.0,1.0,1.0,0.0,20.0,30.0,-0.5
125.9,CLIMB,79.51,56.68,6167.92,17.66,81.08,0.9713,6196.47,79.69,604.84,5.261,59.01,19.993,25.59,1.573,24.6,16.926,6199.47,100.39,634.84,4.803,59.24,20.02,25.579,1.513,24.619,16.868,SENSOR_DRIFT,1.0,1.0,1.0,1.0,1.0,0.0,20.0,30.0,-0.5
126.0,CLIMB,79.5,56.68,6175.0,17.65,81.06,0.9711,6196.0,79.69,604.82,5.261,59.0,19.992,25.59,1.573,24.6,16.925,6198.91,99.45,635.3,4.764,58.28,19.899,25.644,1.567,24.607,17.047,SENSOR_DRIFT,1.0,1.0,1.0,1.0,1.0,0.0,20.0,30.0,-0.5
126.1,CLIMB,79.49,56.67,6182.08,17.64,81.039,0.9709,6195.54,79.69,604.81,5.26,58.99,19.99,25.59,1.573,24.6,16.924,6193.43,99.09,633.64,4.795,59.37,19.919,25.598,1.642,24.61,17.059,SENSOR_DRIFT,1.0,1.0,1.0,1.0,1.0,0.0,20.0,30.0,-0.5
126.2,CLIMB,79.48,56.66,6189.17,17.62,81.018,0.9707,6195.07,79.69,604.79,5.26,58.98,19.989,25.59,1.573,24.6,16.923,6193.63,100.36,633.87,4.73,58.7,20.011,25.614,1.612,24.714,17.141,SENSOR_DRIFT,1.0,1.0,1.0,1.0,1.0,0.0,20.0,30.0,-0.5
126.3,CLIMB,79.48,56.66,6196.25,17.61,80.997,0.9705,6194.61,79.69,604.78,5.26,58.97,19.987,25.59,1.573,24.6,16.921,6194.52,99.65,635.3,4.787,59.17,20.105,25.634,1.542,24.614,16.884,SENSOR_DRIFT,1.0,1.0,1.0,1.0,1.0,0.0,20.0,30.0,-0.5
126.4,CLIMB,79.47,56.65,6203.33,17.59,80.977,0.9703,6194.15,79.69,604.76,5.26,58.95,19.986,25.589,1.573,24.6,16.92,6184.04,100.02,638.04,4.764,59.05,19.954,25.602,1.642,24.483,17.092,SENSOR_DRIFT,1.0,1.0,1.0,1.0,1.0,0.0,20.0,30.0,-0.5
126.5,CLIMB,79.46,56.65,6210.42,17.58,80.956,0.9701,6193.68,79.69,604.75,5.26,58.94,19.985,25.589,1.573,24.6,16.919,6196.69,99.7,638.42,4.754,58.98,19.842,25.524,1.618,24.524,16.972,SENSOR_DRIFT,1.0,1.0,1.0,1.0,1.0,0.0,20.0,30.0,-0.5
126.6,CLIMB,79.45,56.64,6217.5,17.57,80.935,0.9699,6193.22,79.69,604.73,5.26,58.93,19.983,25.589,1.572,24.6,16.918,6193.64,99.69,633.98,4.766,58.91,19.872,25.602,1.55,24.577,16.85,SENSOR_DRIFT,1.0,1.0,1.0,1.0,1.0,0.0,20.0,30.0,-0.5
126.7,CLIMB,79.44,56.64,6224.58,17.55,80.915,0.9697,6192.75,79.69,604.72,5.26,58.92,19.982,25.589,1.572,24.6,16.916,6190.71,100.22,631.9,4.761,59.06,19.998,25.587,1.649,24.573,16.994,SENSOR_DRIFT,1.0,1.0,1.0,1.0,1.0,0.0,20.0,30.0,-0.5
126.8,CLIMB,79.43,56.63,6231.67,17.54,80.894,0.9695,6192.29,79.69,604.7,5.259,58.91,19.98,25.589,1.572,24.6,16.915,6181.88,99.46,637.22,4.747,59.43,20.144,25.657,1.544,24.632,16.822,SENSOR_DRIFT,1.0,1.0,1.0,1.0,1.0,0.0,20.0,30.0,-0.5
126.9,CLIMB,79.43,56.63,6238.75,17.52,80.873,0.9693,6191.83,79.68,604.69,5.259,58.9,19.979,25.589,1.572,24.6,16.914,6191.54,100.36,632.8,4.815,59.1,20.08,25.557,1.522,24.641,16.928,SENSOR_DRIFT,1.0,1.0,1.0,1.0,1.0,0.0,20.0,30.0,-0.5
127.0,CLIMB,79.42,56.62,6245.83,17.51,80.852,0.9691,6191.36,79.68,604.67,5.259,58.88,19.978,25.588,1.572,24.6,16.913,6185.72,98.56,632.26,4.747,59.08,19.902,25.574,1.637,24.622,16.903,SENSOR_DRIFT,1.0,1.0,1.0,1.0,1.0,0.0,20.0,30.0,-0.5
127.1,CLIMB,79.41,56.62,6252.92,17.49,80.832,0.9689,6190.9,79.68,604.66,5.259,58.87,19.976,25.588,1.572,24.6,16.911,6188.41,99.69,632.67,4.795,59.2,19.864,25.535,1.61,24.621,17.065,SENSOR_DRIFT,1.0,1.0,1.0,1.0,1.0,0.0,20.0,30.0,-0.5
127.2,CLIMB,79.4,56.61,6260.0,17.48,80.811,0.9687,6190.43,79.68,604.64,5.259,58.86,19.975,25.588,1.572,24.6,16.91,6193.08,99.97,635.54,4.796,59.0,20.108,25.565,1.53,24.646,16.838,SENSOR_DRIFT,1.0,1.0,1.0,1.0,1.0,0.0,20.0,30.0,-0.5
127.3,CLIMB,79.39,56.6,6267.08,17.47,80.79,0.9685,6189.97,79.68,604.63,5.259,58.85,19.974,25.588,1.572,24.6,16.909,6188.86,99.45,635.67,4.79,59.07,20.02,25.526,1.536,24.566,17.028,SENSOR_DRIFT,1.0,1.0,1.0,1.0,1.0,0.0,20.0,30.0,-0.5
127.4,CLIMB,79.38,56.6,6274.17,17.45,80.77,0.9683,6189.51,79.68,604.61,5.258,58.84,19.972,25.588,1.572,24.6,16.908,6189.84,99.73,631.94,4.745,58.53,19.912,25.647,1.701,24.602,16.872,SENSOR_DRIFT,1.0,1.0,1.0,1.0,1.0,0.0,20.0,30.0,-0.5
127.5,CLIMB,79.38,56.59,6281.25,17.44,80.749,0.9681,6189.04,79.68,604.6,5.258,58.83,19.971,25.588,1.572,24.6,16.906,6187.3,100.02,634.5,4.745,59.06,19.95,25.545,1.583,24.596,17.095,SENSOR_DRIFT,1.0,1.0,1.0,1.0,1.0,0.0,20.0,30.0,-0.5
127.6,CLIMB,79.37,56.59,6288.33,17.42,80.728,0.9679,6188.58,79.68,604.58,5.258,58.81,19.969,25.587,1.572,24.6,16.905,6195.51,99.11,635.68,4.783,58.68,19.881,25.636,1.646,24.657,16.89,SENSOR_DRIFT,1.0,1.0,1.0,1.0,1.0,0.0,20.0,30.0,-0.5
127.7,CLIMB,79.36,56.58,6295.42,17.41,80.708,0.9677,6188.12,79.68,604.57,5.258,58.8,19.968,25.587,1.571,24.6,16.904,6190.3,99.58,634.28,4.696,58.27,19.947,25.572,1.542,24.625,16.814,SENSOR_DRIFT,1.0,1.0,1.0,1.0,1.0,0.0,20.0,30.0,-0.5
127.8,CLIMB,79.35,56.58,6302.5,17.4,80.687,0.9675,6187.65,79.68,604.55,5.258,58.79,19.967,25.587,1.571,24.6,16.903,6187.35,99.4,633.42,4.796,58.84,19.854,25.662,1.628,24.569,16.832,SENSOR_DRIFT,1.0,1.0,1.0,1.0,1.0,0.0,20.0,30.0,-0.5
127.9,CLIMB,79.34,56.57,6309.58,17.38,80.666,0.9673,6187.19,79.68,604.53,5.258,58.78,19.965,25.587,1.571,24.6,16.901,6191.24,99.23,636.69,4.775,58.25,20.289,25.601,1.602,24.519,16.988,SENSOR_DRIFT,1.0,1.0,1.0,1.0,1.0,0.0,20.0,30.0,-0.5
128.0,CLIMB,79.33,56.57,6316.67,17.37,80.646,0.9671,6186.72,79.68,604.52,5.258,58.77,19.964,25.587,1.571,24.6,16.9,6188.24,99.59,633.87,4.739,58.91,19.939,25.606,1.634,24.578,16.756,SENSOR_DRIFT,1.0,1.0,1.0,1.0,1.0,0.0,20.0,30.0,-0.5
128.1,CLIMB,79.33,56.56,6323.75,17.35,80.625,0.9669,6186.26,79.68,604.5,5.257,58.75,19.962,25.587,1.571,24.6,16.899,6185.47,100.35,634.34,4.811,59.25,19.821,25.548,1.61,24.518,16.868,SENSOR_DRIFT,1.0,1.0,1.0,1.0,1.0,0.0,20.0,30.0,-0.5
128.2,CLIMB,79.32,56.56,6330.83,17.34,80.604,0.9667,6185.8,79.68,604.49,5.257,58.74,19.961,25.586,1.571,24.6,16.898,6201.98,99.55,635.62,4.729,59.01,19.872,25.598,1.596,24.587,16.838,SENSOR_DRIFT,1.0,1.0,1.0,1.0,1.0,0.0,20.0,30.0,-0.5
128.3,CLIMB,79.31,56.55,6337.92,17.32,80.584,0.9665,6185.33,79.67,604.47,5.257,58.73,19.96,25.586,1.571,24.6,16.896,6190.94,100.59,633.15,4.73,59.0,20.107,25.561,1.653,24.529,16.797,SENSOR_DRIFT,1.0,1.0,1.0,1.0,1.0,0.0,20.0,30.0,-0.5
128.4,CLIMB,79.3,56.55,6345.0,17.31,80.563,0.9663,6184.87,79.67,604.46,5.257,58.72,19.958,25.586,1.571,24.6,16.895,6185.86,100.76,637.44,4.786,58.81,20.054,25.572,1.487,24.586,16.726,SENSOR_DRIFT,1.0,1.0,1.0,1.0,1.0,0.0,20.0,30.0,-0.5
128.5,CLIMB,79.29,56.54,6352.08,17.3,80.543,0.9661,6184.41,79.67,604.44,5.257,58.71,19.957,25.586,1.571,24.6,16.894,6185.73,99.45,633.88,4.738,58.41,20.006,25.545,1.442,24.626,16.849,SENSOR_DRIFT,1.0,1.0,1.0,1.0,1.0,0.0,20.0,30.0,-0.5
128.6,CLIMB,79.28,56.53,6359.17,17.28,80.522,0.9659,6183.94,79.67,604.43,5.257,58.69,19.955,25.586,1.571,24.6,16.893,6172.95,99.46,634.88,4.72,58.55,19.863,25.64,1.65,24.716,16.934,SENSOR_DRIFT,1.0,1.0,1.0,1.0,1.0,0.0,20.0,30.0,-0.5
128.7,CLIMB,79.28,56.53,6366.25,17.27,80.501,0.9657,6183.48,79.67,604.41,5.257,58.68,19.954,25.586,1.571,24.6,16.891,6186.31,99.22,632.68,4.807,58.47,19.94,25.614,1.612,24.608,16.855,SENSOR_DRIFT,1.0,1.0,1.0,1.0,1.0,0.0,20.0,30.0,-0.5
128.8,CLIMB,79.27,56.52,6373.33,17.25,80.481,0.9655,6183.02,79.67,604.4,5.256,58.67,19.953,25.585,1.57,24.6,16.89,6187.8,99.6,635.53,4.779,58.87,19.996,25.536,1.636,24.576,16.974,SENSOR_DRIFT,1.0,1.0,1.0,1.0,1.0,0.0,20.0,30.0,-0.5
128.9,CLIMB,79.26,56.52,6380.42,17.24,80.46,0.9653,6182.55,79.67,604.38,5.256,58.66,19.951,25.585,1.57,24.6,16.889,6184.14,99.63,634.57,4.783,59.28,19.862,25.568,1.609,24.53,16.902,SENSOR_DRIFT,1.0,1.0,1.0,1.0,1.0,0.0,20.0,30.0,-0.5
129.0,CLIMB,79.25,56.51,6387.5,17.23,80.44,0.9651,6182.09,79.67,604.37,5.256,58.65,19.95,25.585,1.57,24.6,16.888,6189.04,100.14,635.67,4.757,58.68,20.086,25.582,1.599,24.578,16.888,SENSOR_DRIFT,1.0,1.0,1.0,1.0,1.0,0.0,20.0,30.0,-0.5
129.1,CLIMB,79.24,56.51,6394.58,17.21,80.419,0.9649,6181.63,79.67,604.35,5.256,58.64,19.949,25.585,1.57,24.6,16.886,6178.45,99.04,634.98,4.761,58.5,19.937,25.454,1.519,24.57,16.984,SENSOR_DRIFT,1.0,1.0,1.0,1.0,1.0,0.0,20.0,30.0,-0.5
129.2,CLIMB,79.23,56.5,6401.67,17.2,80.398,0.9647,6181.16,79.67,604.34,5.256,58.62,19.947,25.585,1.57,24.6,16.885,6172.68,99.36,634.46,4.776,58.65,20.01,25.637,1.641,24.618,17.045,SENSOR_DRIFT,1.0,1.0,1.0,1.0,1.0,0.0,20.0,30.0,-0.5
129.3,CLIMB,79.23,56.5,6408.75,17.18,80.378,0.9645,6180.7,79.67,604.32,5.256,58.61,19.946,25.585,1.57,24.6,16.884,6180.71,99.31,634.52,4.73,58.77,20.066,25.55,1.581,24.622,16.929,SENSOR_DRIFT,1.0,1.0,1.0,1.0,1.0,0.0,20.0,30.0,-0.5
129.4,CLIMB,79.22,56.49,6415.83,17.17,80.357,0.9643,6180.24,79.67,604.31,5.255,58.6,19.944,25.584,1.57,24.6,16.883,6186.28,99.65,636.09,4.734,58.22,20.035,25.537,1.502,24.573,16.78,SENSOR_DRIFT,1.0,1.0,1.0,1.0,1.0,0.0,20.0,30.0,-0.5
129.5,CLIMB,79.21,56.49,6422.92,17.15,80.337,0.9641,6179.77,79.67,604.29,5.255,58.59,19.943,25.584,1.57,24.6,16.881,6185.81,99.59,634.45,4.822,58.61,19.872,25.682,1.504,24.617,17.022,SENSOR_DRIFT,1.0,1.0,1.0,1.0,1.0,0.0,20.0,30.0,-0.5
129.6,CLIMB,79.2,56.48,6430.0,17.14,80.316,0.9639,6179.31,79.67,604.28,5.255,58.58,19.942,25.584,1.57,24.6,16.88,6186.08,99.84,635.52,4.703,59.18,19.867,25.566,1.553,24.654,16.835,SENSOR_DRIFT,1.0,1.0,1.0,1.0,1.0,0.0,20.0,30.0,-0.5
129.7,CLIMB,79.19,56.47,6437.08,17.13,80.296,0.9637,6178.85,79.66,604.26,5.255,58.56,19.94,25.584,1.57,24.6,16.879,6179.08,100.59,635.47,4.785,58.44,19.971,25.545,1.524,24.694,16.933,SENSOR_DRIFT,1.0,1.0,1.0,1.0,1.0,0.0,20.0,30.0,-0.5
129.8,CLIMB,79.18,56.47,6444.17,17.11,80.275,0.9635,6178.38,79.66,604.25,5.255,58.55,19.939,25.584,1.57,24.6,16.878,6178.87,99.7,631.87,4.797,58.34,19.891,25.644,1.58,24.553,16.888,SENSOR_DRIFT,1.0,1.0,1.0,1.0,1.0,0.0,20.0,30.0,-0.5
129.9,CLIMB,79.18,56.46,6451.25,17.1,80.254,0.9633,6177.92,79.66,604.23,5.255,58.54,19.937,25.584,1.57,24.6,16.876,6170.06,99.05,633.71,4.768,59.13,20.016,25.592,1.487,24.689,16.805,SENSOR_DRIFT,1.0,1.0,1.0,1.0,1.0,0.0,20.0,30.0,-0.5
130.0,CLIMB,79.17,56.46,6458.33,17.08,80.234,0.9631,6177.46,79.66,604.22,5.255,58.53,19.936,25.583,1.569,24.6,16.875,6175.01,99.75,633.28,4.784,58.35,19.968,25.688,1.552,24.707,16.889,SENSOR_DRIFT,1.0,1.0,1.0,1.0,1.0,0.0,20.0,30.0,-0.5
130.1,CLIMB,79.16,56.45,6465.42,17.07,80.213,0.9629,6177.0,79.66,604.2,5.254,58.52,19.935,25.583,1.569,24.6,16.874,6174.67,100.07,633.04,4.779,58.1,19.851,25.557,1.526,24.658,16.874,SENSOR_DRIFT,1.0,1.0,1.0,1.0,1.0,0.0,20.0,30.0,-0.5
130.2,CLIMB,79.15,56.45,6472.5,17.06,80.193,0.9627,6176.53,79.66,604.18,5.254,58.5,19.933,25.583,1.569,24.6,16.873,6175.02,98.9,634.51,4.765,58.9,20.079,25.551,1.548,24.571,16.94,SENSOR_DRIFT,1.0,1.0,1.0,1.0,1.0,0.0,20.0,30.0,-0.5
130.3,CLIMB,79.14,56.44,6479.58,17.04,80.172,0.9625,6176.07,79.66,604.17,5.254,58.49,19.932,25.583,1.569,24.6,16.871,6172.68,100.15,637.79,4.748,58.32,19.935,25.531,1.558,24.613,16.897,SENSOR_DRIFT,1.0,1.0,1.0,1.0,1.0,0.0,20.0,30.0,-0.5
130.4,CLIMB,79.13,56.44,6486.67,17.03,80.152,0.9623,6175.61,79.66,604.15,5.254,58.48,19.93,25.583,1.569,24.6,16.87,6179.07,98.93,633.99,4.724,57.77,19.988,25.633,1.588,24.604,16.993,SENSOR_DRIFT,1.0,1.0,1.0,1.0,1.0,0.0,20.0,30.0,-0.5
130.5,CLIMB,79.13,56.43,6493.75,17.01,80.131,0.9621,6175.14,79.66,604.14,5.254,58.47,19.929,25.583,1.569,24.6,16.869,6173.28,99.05,631.88,4.742,58.28,19.983,25.609,1.566,24.633,16.818,SENSOR_DRIFT,1.0,1.0,1.0,1.0,1.0,0.0,20.0,30.0,-0.5
130.6,CLIMB,79.12,56.43,6500.83,17.0,80.111,0.9619,6174.68,79.66,604.12,5.254,58.46,19.928,25.582,1.569,24.6,16.868,6173.99,99.52,633.28,4.804,58.56,19.992,25.564,1.618,24.623,16.819,SENSOR_DRIFT,1.0,1.0,1.0,1.0,1.0,0.0,20.0,30.0,-0.5
130.7,CLIMB,79.11,56.42,6507.92,16.98,80.09,0.9617,6174.22,79.66,604.11,5.253,58.44,19.926,25.582,1.569,24.6,16.866,6177.94,99.45,633.44,4.746,58.35,20.035,25.498,1.621,24.598,16.907,SENSOR_DRIFT,1.0,1.0,1.0,1.0,1.0,0.0,20.0,30.0,-0.5
130.8,CLIMB,79.1,56.42,6515.0,16.97,80.07,0.9615,6173.76,79.66,604.09,5.253,58.43,19.925,25.582,1.569,24.6,16.865,6173.56,99.44,636.9,4.751,58.46,20.226,25.607,1.561,24.582,17.129,SENSOR_DRIFT,1.0,1.0,1.0,1.0,1.0,0.0,20.0,30.0,-0.5
130.9,CLIMB,79.09,56.41,6522.08,16.96,80.049,0.9613,6173.29,79.66,604.08,5.253,58.42,19.923,25.582,1.569,24.6,16.864,6175.4,100.21,632.3,4.8,58.64,19.738,25.632,1.548,24.654,16.867,SENSOR_DRIFT,1.0,1.0,1.0,1.0,1.0,0.0,20.0,30.0,-0.5
131.0,CLIMB,79.08,56.4,6529.17,16.94,80.029,0.9611,6172.83,79.66,604.06,5.253,58.41,19.922,25.582,1.569,24.6,16.863,6171.42,98.8,634.56,4.776,58.6,19.935,25.531,1.537,24.505,16.88,SENSOR_DRIFT,1.0,1.0,1.0,1.0,1.0,0.0,20.0,30.0,-0.5
131.1,CLIMB,79.08,56.4,6536.25,16.93,80.008,0.9609,6172.37,79.65,604.05,5.253,58.4,19.921,25.582,1.568,24.6,16.861,6165.88,99.2,631.05,4.754,57.87,19.871,25.606,1.564,24.559,16.819,SENSOR_DRIFT,1.0,1.0,1.0,1.0,1.0,0.0,20.0,30.0,-0.5
131.2,CLIMB,79.07,56.39,6543.33,16.91,79.988,0.9607,6171.9,79.65,604.03,5.253,58.39,19.919,25.581,1.568,24.6,16.86,6175.79,99.81,633.06,4.777,58.52,19.768,25.549,1.529,24.588,16.784,SENSOR_DRIFT,1.0,1.0,1.0,1.0,1.0,0.0,20.0,30.0,-0.5
131.3,CLIMB,79.06,56.39,6550.42,16.9,79.967,0.9605,6171.44,79.65,604.02,5.253,58.37,19.918,25.581,1.568,24.6,16.859,6171.6,100.78,634.92,4.789,58.04,19.777,25.533,1.571,24.575,16.93,SENSOR_DRIFT,1.0,1.0,1.0,1.0,1.0,0.0,20.0,30.0,-0.5
131.4,CLIMB,79.05,56.38,6557.5,16.89,79.947,0.9603,6170.98,79.65,604.0,5.252,58.36,19.917,25.581,1.568,24.6,16.858,6174.73,99.35,635.64,4.711,58.74,19.873,25.521,1.578,24.573,17.026,SENSOR_DRIFT,1.0,1.0,1.0,1.0,1.0,0.0,20.0,30.0,-0.5
131.5,CLIMB,79.04,56.38,6564.58,16.87,79.926,0.9601,6170.52,79.65,603.99,5.252,58.35,19.915,25.581,1.568,24.6,16.856,6169.84,99.5,632.19,4.737,58.13,19.662,25.543,1.58,24.583,16.827,SENSOR_DRIFT,1.0,1.0,1.0,1.0,1.0,0.0,20.0,30.0,-0.5
131.6,CLIMB,79.03,56.37,6571.67,16.86,79.906,0.9599,6170.05,79.65,603.97,5.252,58.34,19.914,25.581,1.568,24.6,16.855,6165.53,100.0,633.52,4.751,58.04,19.769,25.552,1.643,24.635,16.888,SENSOR_DRIFT,1.0,1.0,1.0,1.0,1.0,0.0,20.0,30.0,-0.5
131.7,CLIMB,79.03,56.37,6578.75,16.84,79.886,0.9597,6169.59,79.65,603.96,5.252,58.33,19.912,25.581,1.568,24.6,16.854,6181.01,99.5,635.85,4.712,58.84,19.796,25.503,1.511,24.554,16.819,SENSOR_DRIFT,1.0,1.0,1.0,1.0,1.0,0.0,20.0,30.0,-0.5
131.8,CLIMB,79.02,56.36,6585.83,16.83,79.865,0.9595,6169.13,79.65,603.94,5.252,58.31,19.911,25.58,1.568,24.6,16.853,6176.0,100.16,632.22,4.766,58.11,19.859,25.606,1.506,24.635,16.984,SENSOR_DRIFT,1.0,1.0,1.0,1.0,1.0,0.0,20.0,30.0,-0.5
131.9,CLIMB,79.01,56.36,6592.92,16.81,79.845,0.9593,6168.67,79.65,603.93,5.252,58.3,19.91,25.58,1.568,24.6,16.851,6165.26,99.19,635.06,4.751,58.14,19.963,25.572,1.564,24.649,16.899,SENSOR_DRIFT,1.0,1.0,1.0,1.0,1.0,0.0,20.0,30.0,-0.5
132.0,CLIMB,79.0,56.35,6600.0,16.8,79.824,0.9591,6168.2,79.65,603.91,5.251,58.29,19.908,25.58,1.568,24.6,16.85,6164.5,99.41,636.75,4.752,58.45,19.877,25.583,1.58,24.532,16.857,SENSOR_DRIFT,1.0,1.0,1.0,1.0,1.0,0.0,20.0,30.0,-0.5
132.1,CLIMB,78.99,56.34,6607.08,16.79,79.804,0.9589,6167.74,79.65,603.9,5.251,58.28,19.907,25.58,1.568,24.6,16.849,6170.88,99.7,632.41,4.787,58.47,19.967,25.612,1.552,24.629,17.001,SENSOR_DRIFT,1.0,1.0,1.0,1.0,1.0,0.0,20.0,30.0,-0.5
132.2,CLIMB,78.98,56.34,6614.17,16.77,79.783,0.9587,6167.28,79.65,603.88,5.251,58.27,19.905,25.58,1.567,24.6,16.848,6159.08,99.46,635.19,4.736,57.96,19.923,25.449,1.683,24.665,16.782,SENSOR_DRIFT,1.0,1.0,1.0,1.0,1.0,0.0,20.0,30.0,-0.5
132.3,CLIMB,78.98,56.33,6621.25,16.76,79.763,0.9585,6166.82,79.65,603.86,5.251,58.25,19.904,25.58,1.567,24.6,16.846,6165.31,99.84,631.92,4.699,58.27,19.779,25.561,1.67,24.523,16.825,SENSOR_DRIFT,1.0,1.0,1.0,1.0,1.0,0.0,20.0,30.0,-0.5
132.4,CLIMB,78.97,56.33,6628.33,16.74,79.743,0.9583,6166.35,79.64,603.85,5.251,58.24,19.903,25.579,1.567,24.6,16.845,6168.6,100.12,633.99,4.769,58.46,19.868,25.514,1.691,24.611,16.836,SENSOR_DRIFT,1.0,1.0,1.0,1.0,1.0,0.0,20.0,30.0,-0.5
132.5,CLIMB,78.96,56.32,6635.42,16.73,79.722,0.9581,6165.89,79.64,603.83,5.251,58.23,19.901,25.579,1.567,24.6,16.844,6165.99,99.57,635.47,4.761,57.8,19.861,25.568,1.652,24.626,16.856,SENSOR_DRIFT,1.0,1.0,1.0,1.0,1.0,0.0,20.0,30.0,-0.5
132.6,CLIMB,78.95,56.32,6642.5,16.72,79.702,0.9579,6165.43,79.64,603.82,5.251,58.22,19.9,25.579,1.567,24.6,16.843,6163.88,100.46,632.84,4.8,58.0,19.96,25.61,1.572,24.711,16.772,SENSOR_DRIFT,1.0,1.0,1.0,1.0,1.0,0.0,20.0,30.0,-0.5
132.7,CLIMB,78.94,56.31,6649.58,16.7,79.681,0.9577,6164.97,79.64,603.8,5.25,58.21,19.898,25.579,1.567,24.6,16.841,6166.53,99.07,634.55,4.729,58.23,19.775,25.576,1.55,24.609,16.774,SENSOR_DRIFT,1.0,1.0,1.0,1.0,1.0,0.0,20.0,30.0,-0.5
132.8,CLIMB,78.93,56.31,6656.67,16.69,79.661,0.9575,6164.5,79.64,603.79,5.25,58.19,19.897,25.579,1.567,24.6,16.84,6169.74,99.44,633.71,4.758,58.36,19.971,25.555,1.622,24.575,17.097,SENSOR_DRIFT,1.0,1.0,1.0,1.0,1.0,0.0,20.0,30.0,-0.5
132.9,CLIMB,78.93,56.3,6663.75,16.67,79.641,0.9573,6164.04,79.64,603.77,5.25,58.18,19.896,25.579,1.567,24.6,16.839,6156.83,99.96,635.8,4.786,58.32,20.009,25.524,1.626,24.589,16.854,SENSOR_DRIFT,1.0,1.0,1.0,1.0,1.0,0.0,20.0,30.0,-0.5
133.0,CLIMB,78.92,56.3,6670.83,16.66,79.62,0.9571,6163.58,79.64,603.76,5.25,58.17,19.894,25.578,1.567,24.6,16.838,6165.3,98.49,632.88,4.729,58.25,19.987,25.584,1.492,24.481,16.74,SENSOR_DRIFT,1.0,1.0,1.0,1.0,1.0,0.0,20.0,30.0,-0.5
133.1,CLIMB,78.91,56.29,6677.92,16.64,79.6,0.9569,6163.12,79.64,603.74,5.25,58.16,19.893,25.578,1.567,24.6,16.836,6167.39,99.77,635.08,4.78,58.53,19.906,25.612,1.489,24.54,16.769,SENSOR_DRIFT,1.0,1.0,1.0,1.0,1.0,0.0,20.0,30.0,-0.5
133.2,CLIMB,78.9,56.29,6685.0,16.63,79.579,0.9567,6162.65,79.64,603.73,5.25,58.14,19.891,25.578,1.567,24.6,16.835,6159.42,100.15,634.64,4.716,57.72,19.918,25.592,1.557,24.682,16.985,SENSOR_DRIFT,1.0,1.0,1.0,1.0,1.0,0.0,20.0,30.0,-0.5
133.3,CLIMB,78.89,56.28,6692.08,16.62,79.559,0.9565,6162.19,79.64,603.71,5.25,58.13,19.89,25.578,1.566,24.6,16.834,6164.13,99.62,632.76,4.756,58.03,19.854,25.546,1.599,24.693,16.832,SENSOR_DRIFT,1.0,1.0,1.0,1.0,1.0,0.0,20.0,30.0,-0.5
133.4,CLIMB,78.88,56.27,6699.17,16.6,79.539,0.9563,6161.73,79.64,603.7,5.249,58.12,19.889,25.578,1.566,24.6,16.833,6161.94,99.28,634.5,4.771,58.67,20.169,25.596,1.521,24.588,16.884,SENSOR_DRIFT,1.0,1.0,1.0,1.0,1.0,0.0,20.0,30.0,-0.5
133.5,CLIMB,78.88,56.27,6706.25,16.59,79.518,0.9561,6161.27,79.64,603.68,5.249,58.11,19.887,25.578,1.566,24.6,16.831,6153.41,98.81,633.24,4.763,58.38,19.735,25.598,1.506,24.62,16.84,SENSOR_DRIFT,1.0,1.0,1.0,1.0,1.0,0.0,20.0,30.0,-0.5
133.6,CLIMB,78.87,56.26,6713.33,16.57,79.498,0.9559,6160.81,79.64,603.67,5.249,58.1,19.886,25.577,1.566,24.6,16.83,6161.29,99.84,632.78,4.73,58.19,19.937,25.647,1.63,24.647,16.854,SENSOR_DRIFT,1.0,1.0,1.0,1.0,1.0,0.0,20.0,30.0,-0.5
133.7,CLIMB,78.86,56.26,6720.42,16.56,79.478,0.9557,6160.34,79.64,603.65,5.249,58.08,19.884,25.577,1.566,24.6,16.829,6166.06,99.94,633.61,4.777,58.56,19.882,25.624,1.632,24.603,16.781,SENSOR_DRIFT,1.0,1.0,1.0,1.0,1.0,0.0,20.0,30.0,-0.5
133.8,CLIMB,78.85,56.25,6727.5,16.55,79.457,0.9555,6159.88,79.63,603.64,5.249,58.07,19.883,25.577,1.566,24.6,16.828,6152.67,99.68,636.32,4.729,58.05,19.849,25.578,1.545,24.609,16.716,SENSOR_DRIFT,1.0,1.0,1.0,1.0,1.0,0.0,20.0,30.0,-0.5
133.9,CLIMB,78.84,56.25,6734.58,16.53,79.437,0.9553,6159.42,79.63,603.62,5.249,58.06,19.882,25.577,1.566,24.6,16.826,6160.41,100.43,632.41,4.772,58.59,19.785,25.629,1.57,24.618,16.857,SENSOR_DRIFT,1.0,1.0,1.0,1.0,1.0,0.0,20.0,30.0,-0.5
134.0,CLIMB,78.83,56.24,6741.67,16.52,79.417,0.9551,6158.96,79.63,603.61,5.248,58.05,19.88,25.577,1.566,24.6,16.825,6154.7,99.18,633.15,4.759,58.02,19.968,25.603,1.54,24.545,16.61,SENSOR_DRIFT,1.0,1.0,1.0,1.0,1.0,0.0,20.0,30.0,-0.5
134.1,CLIMB,78.83,56.24,6748.75,16.5,79.396,0.9549,6158.5,79.63,603.59,5.248,58.04,19.879,25.577,1.566,24.6,16.824,6163.55,99.77,633.02,4.832,58.78,19.893,25.597,1.564,24.67,16.729,SENSOR_DRIFT,1.0,1.0,1.0,1.0,1.0,0.0,20.0,30.0,-0.5
134.2,CLIMB,78.82,56.23,6755.83,16.49,79.376,0.9547,6158.03,79.63,603.58,5.248,58.02,19.878,25.576,1.566,24.6,16.823,6156.36,99.7,633.64,4.782,57.91,19.934,25.543,1.608,24.638,16.751,SENSOR_DRIFT,1.0,1.0,1.0,1.0,1.0,0.0,20.0,30.0,-0.5
134.3,CLIMB,78.81,56.23,6762.92,16.47,79.356,0.9545,6157.57,79.63,603.56,5.248,58.01,19.876,25.576,1.566,24.6,16.821,6159.18,100.1,631.93,4.738,58.0,19.688,25.551,1.521,24.544,16.985,SENSOR_DRIFT,1.0,1.0,1.0,1.0,1.0,0.0,20.0,30.0,-0.5
134.4,CLIMB,78.8,56.22,6770.0,16.46,79.335,0.9543,6157.11,79.63,603.54,5.248,58.0,19.875,25.576,1.565,24.6,16.82,6147.73,99.93,633.94,4.711,57.93,19.837,25.629,1.45,24.536,16.874,SENSOR_DRIFT,1.0,1.0,1.0,1.0,1.0,0.0,20.0,30.0,-0.5
134.5,CLIMB,78.79,56.21,6777.08,16.45,79.315,0.9541,6156.65,79.63,603.53,5.248,57.99,19.873,25.576,1.565,24.6,16.819,6162.22,100.06,632.32,4.776,58.2,19.696,25.6,1.523,24.583,16.887,SENSOR_DRIFT,1.0,1.0,1.0,1.0,1.0,0.0,20.0,30.0,-0.5
134.6,CLIMB,78.78,56.21,6784.17,16.43,79.295,0.9539,6156.19,79.63,603.51,5.248,57.98,19.872,25.576,1.565,24.6,16.818,6155.75,100.31,634.72,4.737,57.91,19.898,25.522,1.585,24.709,16.891,SENSOR_DRIFT,1.0,1.0,1.0,1.0,1.0,0.0,20.0,30.0,-0.5
134.7,CLIMB,78.78,56.2,6791.25,16.42,79.274,0.9537,6155.72,79.63,603.5,5.247,57.96,19.871,25.576,1.565,24.6,16.816,6159.18,99.03,635.12,4.697,58.12,19.864,25.487,1.539,24.544,16.797,SENSOR_DRIFT,1.0,1.0,1.0,1.0,1.0,0.0,20.0,30.0,-0.5
134.8,CLIMB,78.77,56.2,6798.33,16.4,79.254,0.9535,6155.26,79.63,603.48,5.247,57.95,19.869,25.575,1.565,24.6,16.815,6155.64,99.61,632.04,4.764,58.17,19.972,25.604,1.604,24.654,16.856,SENSOR_DRIFT,1.0,1.0,1.0,1.0,1.0,0.0,20.0,30.0,-0.5
134.9,CLIMB,78.76,56.19,6805.42,16.39,79.234,0.9533,6154.8,79.63,603.47,5.247,57.94,19.868,25.575,1.565,24.6,16.814,6155.08,100.18,636.75,4.726,58.31,19.74,25.585,1.467,24.642,16.895,SENSOR_DRIFT,1.0,1.0,1.0,1.0,1.0,0.0,20.0,30.0,-0.5
135.0,CLIMB,78.75,56.19,6812.5,16.38,79.214,0.9531,6154.34,79.63,603.45,5.247,57.93,19.866,25.575,1.565,24.6,16.813,6144.59,100.09,633.93,4.77,58.29,19.705,25.595,1.499,24.576,16.783,SENSOR_DRIFT,1.0,1.0,1.0,1.0,1.0,0.0,20.0,30.0,-0.5
135.1,CLIMB,78.74,56.18,6819.58,16.36,79.193,0.9529,6153.88,79.62,603.44,5.247,57.92,19.865,25.575,1.565,24.6,16.811,6154.4,99.48,635.48,4.744,58.36,19.852,25.615,1.479,24.621,16.747,SENSOR_DRIFT,1.0,1.0,1.0,1.0,1.0,0.0,20.0,30.0,-0.5
135.2,CLIMB,78.73,56.18,6826.67,16.35,79.173,0.9527,6153.41,79.62,603.42,5.247,57.9,19.864,25.575,1.565,24.6,16.81,6149.56,99.04,632.8,4.776,57.65,19.924,25.592,1.551,24.51,16.917,SENSOR_DRIFT,1.0,1.0,1.0,1.0,1.0,0.0,20.0,30.0,-0.5
135.3,CLIMB,78.73,56.17,6833.75,16.33,79.153,0.9525,6152.95,79.62,603.41,5.247,57.89,19.862,25.575,1.565,24.6,16.809,6157.1,99.3,632.24,4.714,57.72,19.934,25.576,1.534,24.569,16.952,SENSOR_DRIFT,1.0,1.0,1.0,1.0,1.0,0.0,20.0,30.0,-0.5
135.4,CLIMB,78.72,56.17,6840.83,16.32,79.133,0.9523,6152.49,79.62,603.39,5.246,57.88,19.861,25.574,1.565,24.6,16.808,6151.42,99.97,633.52,4.78,58.07,19.758,25.589,1.525,24.697,16.775,SENSOR_DRIFT,1.0,1.0,1.0,1.0,1.0,0.0,20.0,30.0,-0.5
135.5,CLIMB,78.71,56.16,6847.92,16.3,79.112,0.9522,6152.03,79.62,603.38,5.246,57.87,19.859,25.574,1.564,24.6,16.806,6162.73,99.57,633.43,4.74,57.92,19.847,25.556,1.644,24.648,16.768,SENSOR_DRIFT,1.0,1.0,1.0,1.0,1.0,0.0,20.0,30.0,-0.5
135.6,CLIMB,78.7,56.16,6855.0,16.29,79.092,0.952,6151.57,79.62,603.36,5.246,57.85,19.858,25.574,1.564,24.6,16.805,6152.35,99.85,635.54,4.679,57.69,19.744,25.531,1.549,24.606,16.819,SENSOR_DRIFT,1.0,1.0,1.0,1.0,1.0,0.0,20.0,30.0,-0.5
135.7,CLIMB,78.69,56.15,6862.08,16.28,79.072,0.9518,6151.11,79.62,603.35,5.246,57.84,19.857,25.574,1.564,24.6,16.804,6155.22,100.45,631.77,4.697,57.91,19.862,25.574,1.603,24.607,16.739,SENSOR_DRIFT,1.0,1.0,1.0,1.0,1.0,0.0,20.0,30.0,-0.5
135.8,CLIMB,78.68,56.14,6869.17,16.26,79.052,0.9516,6150.65,79.62,603.33,5.246,57.83,19.855,25.574,1.564,24.6,16.803,6149.11,99.17,633.09,4.716,57.88,19.916,25.618,1.479,24.559,16.632,SENSOR_DRIFT,1.0,1.0,1.0,1.0,1.0,0.0,20.0,30.0,-0.5
135.9,CLIMB,78.68,56.14,6876.25,16.25,79.031,0.9514,6150.18,79.62,603.32,5.246,57.82,19.854,25.574,1.564,24.6,16.801,6150.87,100.56,635.02,4.75,57.57,19.853,25.588,1.597,24.632,16.926,SENSOR_DRIFT,1.0,1.0,1.0,1.0,1.0,0.0,20.0,30.0,-0.5
136.0,CLIMB,78.67,56.13,6883.33,16.23,79.011,0.9512,6149.72,79.62,603.3,5.245,57.81,19.852,25.573,1.564,24.6,16.8,6142.82,99.24,632.73,4.724,57.32,19.925,25.652,1.599,24.703,16.752,SENSOR_DRIFT,1.0,1.0,1.0,1.0,1.0,0.0,20.0,30.0,-0.5
136.1,CLIMB,78.66,56.13,6890.42,16.22,78.991,0.951,6149.26,79.62,603.29,5.245,57.79,19.851,25.573,1.564,24.6,16.799,6153.59,99.19,634.7,4.732,57.47,19.707,25.595,1.53,24.631,16.811,SENSOR_DRIFT,1.0,1.0,1.0,1.0,1.0,0.0,20.0,30.0,-0.5
136.2,CLIMB,78.65,56.12,6897.5,16.21,78.971,0.9508,6148.8,79.62,603.27,5.245,57.78,19.85,25.573,1.564,24.6,16.798,6148.2,99.91,633.06,4.764,58.09,19.876,25.537,1.618,24.512,16.709,SENSOR_DRIFT,1.0,1.0,1.0,1.0,1.0,0.0,20.0,30.0,-0.5
136.3,CLIMB,78.64,56.12,6904.58,16.19,78.95,0.9506,6148.34,79.62,603.25,5.245,57.77,19.848,25.573,1.564,24.6,16.796,6156.63,98.95,635.74,4.719,57.5,19.792,25.564,1.584,24.69,16.829,SENSOR_DRIFT,1.0,1.0,1.0,1.0,1.0,0.0,20.0,30.0,-0.5
136.4,CLIMB,78.63,56.11,6911.67,16.18,78.93,0.9504,6147.88,79.62,603.24,5.245,57.76,19.847,25.573,1.564,24.6,16.795,6156.74,99.54,631.91,4.794,57.62,19.834,25.641,1.569,24.613,16.595,SENSOR_DRIFT,1.0,1.0,1.0,1.0,1.0,0.0,20.0,30.0,-0.5
136.5,CLIMB,78.63,56.11,6918.75,16.16,78.91,0.9502,6147.41,79.61,603.22,5.245,57.75,19.845,25.573,1.564,24.6,16.794,6146.92,100.62,632.99,4.795,57.53,19.89,25.554,1.478,24.5,16.832,SENSOR_DRIFT,1.0,1.0,1.0,1.0,1.0,0.0,20.0,30.0,-0.5
136.6,CLIMB,78.62,56.1,6925.83,16.15,78.89,0.95,6146.95,79.61,603.21,5.245,57.73,19.844,25.572,1.564,24.6,16.793,6148.42,100.1,633.36,4.779,57.57,19.908,25.701,1.584,24.648,16.561,SENSOR_DRIFT,1.0,1.0,1.0,1.0,1.0,0.0,20.0,30.0,-0.5
136.7,CLIMB,78.61,56.1,6932.92,16.13,78.87,0.9498,6146.49,79.61,603.19,5.244,57.72,19.843,25.572,1.563,24.6,16.791,6143.32,99.33,634.44,4.717,57.89,19.786,25.571,1.659,24.604,16.725,SENSOR_DRIFT,1.0,1.0,1.0,1.0,1.0,0.0,20.0,30.0,-0.5
136.8,CLIMB,78.6,56.09,6940.0,16.12,78.849,0.9496,6146.03,79.61,603.18,5.244,57.71,19.841,25.572,1.563,24.6,16.79,6144.88,99.99,634.94,4.747,57.55,19.803,25.557,1.619,24.648,16.758,SENSOR_DRIFT,1.0,1.0,1.0,1.0,1.0,0.0,20.0,30.0,-0.5
136.9,CLIMB,78.59,56.08,6947.08,16.11,78.829,0.9494,6145.57,79.61,603.16,5.244,57.7,19.84,25.572,1.563,24.6,16.789,6146.89,98.9,632.77,4.757,57.63,19.87,25.598,1.515,24.638,16.804,SENSOR_DRIFT,1.0,1.0,1.0,1.0,1.0,0.0,20.0,30.0,-0.5
137.0,CLIMB,78.58,56.08,6954.17,16.09,78.809,0.9492,6145.11,79.61,603.15,5.244,57.68,19.838,25.572,1.563,24.6,16.788,6148.83,99.11,633.07,4.709,57.75,20.024,25.589,1.515,24.601,16.662,SENSOR_DRIFT,1.0,1.0,1.0,1.0,1.0,0.0,20.0,30.0,-0.5
137.1,CLIMB,78.58,56.07,6961.25,16.08,78.789,0.949,6144.65,79.61,603.13,5.244,57.67,19.837,25.572,1.563,24.6,16.786,6144.16,99.6,630.9,4.731,57.68,19.697,25.535,1.488,24.62,16.868,SENSOR_DRIFT,1.0,1.0,1.0,1.0,1.0,0.0,20.0,30.0,-0.5
137.2,CLIMB,78.57,56.07,6968.33,16.06,78.769,0.9488,6144.19,79.61,603.12,5.244,57.66,19.836,25.571,1.563,24.6,16.785,6139.32,99.57,629.8,4.687,57.7,19.851,25.601,1.664,24.586,16.792,SENSOR_DRIFT,1.0,1.0,1.0,1.0,1.0,0.0,20.0,30.0,-0.5
137.3,CLIMB,78.56,56.06,6975.42,16.05,78.749,0.9486,6143.72,79.61,603.1,5.244,57.65,19.834,25.571,1.563,24.6,16.784,6142.52,99.12,632.8,4.733,57.67,19.775,25.614,1.58,24.559,16.99,SENSOR_DRIFT,1.0,1.0,1.0,1.0,1.0,0.0,20.0,30.0,-0.5
137.4,CLIMB,78.55,56.06,6982.5,16.04,78.728,0.9484,6143.26,79.61,603.09,5.243,57.64,19.833,25.571,1.563,24.6,16.783,6151.26,99.53,635.06,4.776,57.76,19.717,25.642,1.64,24.581,16.637,SENSOR_DRIFT,1.0,1.0,1.0,1.0,1.0,0.0,20.0,30.0,-0.5
137.5,CLIMB,78.54,56.05,6989.58,16.02,78.708,0.9482,6142.8,79.61,603.07,5.243,57.62,19.831,25.571,1.563,24.6,16.781,6141.75,99.98,634.9,4.737,57.79,19.794,25.573,1.488,24.564,16.931,SENSOR_DRIFT,1.0,1.0,1.0,1.0,1.0,0.0,20.0,30.0,-0.5
137.6,CLIMB,78.53,56.05,6996.67,16.01,78.688,0.948,6142.34,79.61,603.06,5.243,57.61,19.83,25.571,1.563,24.6,16.78,6137.85,99.93,633.07,4.752,57.01,19.865,25.634,1.548,24.59,16.734,SENSOR_DRIFT,1.0,1.0,1.0,1.0,1.0,0.0,20.0,30.0,-0.5
137.7,CLIMB,78.53,56.04,7003.75,15.99,78.668,0.9478,6141.88,79.61,603.04,5.243,57.6,19.829,25.571,1.563,24.6,16.779,6142.21,99.54,633.99,4.717,58.17,19.764,25.599,1.554,24.609,16.795,SENSOR_DRIFT,1.0,1.0,1.0,1.0,1.0,0.0,20.0,30.0,-0.5
137.8,CLIMB,78.52,56.04,7010.83,15.98,78.648,0.9476,6141.42,79.6,603.03,5.243,57.59,19.827,25.57,1.562,24.6,16.778,6145.37,99.12,632.68,4.713,57.31,19.886,25.615,1.62,24.626,16.675,SENSOR_DRIFT,1.0,1.0,1.0,1.0,1.0,0.0,20.0,30.0,-0.5
137.9,CLIMB,78.51,56.03,7017.92,15.96,78.628,0.9474,6140.96,79.6,603.01,5.243,57.57,19.826,25.57,1.562,24.6,16.776,6135.66,99.74,634.21,4.71,57.08,19.673,25.561,1.461,24.673,16.977,SENSOR_DRIFT,1.0,1.0,1.0,1.0,1.0,0.0,20.0,30.0,-0.5
138.0,CLIMB,78.5,56.03,7025.0,15.95,78.608,0.9472,6140.5,79.6,603.0,5.242,57.56,19.824,25.57,1.562,24.6,16.775,6142.74,98.86,632.33,4.776,57.79,19.703,25.619,1.615,24.647,16.737,SENSOR_DRIFT,1.0,1.0,1.0,1.0,1.0,0.0,20.0,30.0,-0.5
138.1,CLIMB,78.49,56.02,7032.08,15.94,78.588,0.947,6140.04,79.6,602.98,5.242,57.55,19.823,25.57,1.562,24.6,16.774,6143.78,100.56,632.08,4.803,57.67,19.716,25.587,1.617,24.669,16.887,SENSOR_DRIFT,1.0,1.0,1.0,1.0,1.0,0.0,20.0,30.0,-0.5
138.2,CLIMB,78.48,56.01,7039.17,15.92,78.567,0.9468,6139.58,79.6,602.96,5.242,57.54,19.822,25.57,1.562,24.6,16.773,6147.27,99.13,633.82,4.799,57.85,19.736,25.466,1.613,24.651,16.817,SENSOR_DRIFT,1.0,1.0,1.0,1.0,1.0,0.0,20.0,30.0,-0.5
138.3,CLIMB,78.48,56.01,7046.25,15.91,78.547,0.9466,6139.11,79.6,602.95,5.242,57.53,19.82,25.57,1.562,24.6,16.771,6148.59,99.9,634.94,4.774,56.96,19.788,25.548,1.582,24.56,16.803,SENSOR_DRIFT,1.0,1.0,1.0,1.0,1.0,0.0,20.0,30.0,-0.5
138.4,CLIMB,78.47,56.0,7053.33,15.89,78.527,0.9465,6138.65,79.6,602.93,5.242,57.51,19.819,25.569,1.562,24.6,16.77,6140.35,99.97,634.8,4.767,57.32,19.809,25.601,1.57,24.609,16.782,SENSOR_DRIFT,1.0,1.0,1.0,1.0,1.0,0.0,20.0,30.0,-0.5
138.5,CLIMB,78.46,56.0,7060.42,15.88,78.507,0.9463,6138.19,79.6,602.92,5.242,57.5,19.818,25.569,1.562,24.6,16.769,6138.8,99.68,634.67,4.76,57.32,19.749,25.554,1.577,24.563,16.779,SENSOR_DRIFT,1.0,1.0,1.0,1.0,1.0,0.0,20.0,30.0,-0.5
138.6,CLIMB,78.45,55.99,7067.5,15.87,78.487,0.9461,6137.73,79.6,602.9,5.242,57.49,19.816,25.569,1.562,24.6,16.768,6139.1,99.99,633.87,4.703,57.38,19.859,25.551,1.665,24.62,16.721,SENSOR_DRIFT,1.0,1.0,1.0,1.0,1.0,0.0,20.0,30.0,-0.5
138.7,CLIMB,78.44,55.99,7074.58,15.85,78.467,0.9459,6137.27,79.6,602.89,5.241,57.48,19.815,25.569,1.562,24.6,16.766,6135.22,98.77,632.83,4.729,56.73,19.753,25.522,1.512,24.688,16.667,SENSOR_DRIFT,1.0,1.0,1.0,1.0,1.0,0.0,20.0,30.0,-0.5
138.8,CLIMB,78.43,55.98,7081.67,15.84,78.447,0.9457,6136.81,79.6,602.87,5.241,57.46,19.813,25.569,1.562,24.6,16.765,6133.46,100.15,633.31,4.759,57.65,19.572,25.6,1.611,24.615,16.644,SENSOR_DRIFT,1.0,1.0,1.0,1.0,1.0,0.0,20.0,30.0,-0.5
138.9,CLIMB,78.43,55.98,7088.75,15.82,78.427,0.9455,6136.35,79.6,602.86,5.241,57.45,19.812,25.569,1.561,24.6,16.764,6129.87,100.27,636.06,4.685,57.0,19.846,25.675,1.479,24.638,16.826,SENSOR_DRIFT,1.0,1.0,1.0,1.0,1.0,0.0,20.0,30.0,-0.5
139.0,CLIMB,78.42,55.97,7095.83,15.81,78.407,0.9453,6135.89,79.6,602.84,5.241,57.44,19.811,25.568,1.561,24.6,16.763,6136.16,99.99,629.49,4.745,57.54,19.768,25.592,1.476,24.621,16.579,SENSOR_DRIFT,1.0,1.0,1.0,1.0,1.0,0.0,20.0,30.0,-0.5
139.1,CLIMB,78.41,55.97,7102.92,15.79,78.387,0.9451,6135.43,79.59,602.83,5.241,57.43,19.809,25.568,1.561,24.6,16.761,6131.25,99.2,631.8,4.759,57.76,19.833,25.642,1.487,24.604,16.65,SENSOR_DRIFT,1.0,1.0,1.0,1.0,1.0,0.0,20.0,30.0,-0.5
139.2,CLIMB,78.4,55.96,7110.0,15.78,78.367,0.9449,6134.97,79.59,602.81,5.241,57.42,19.808,25.568,1.561,24.6,16.76,6142.87,98.8,632.43,4.732,57.54,19.787,25.512,1.658,24.612,16.76,SENSOR_DRIFT,1.0,1.0,1.0,1.0,1.0,0.0,20.0,30.0,-0.5
139.3,CLIMB,78.39,55.95,7117.08,15.77,78.346,0.9447,6134.51,79.59,602.8,5.241,57.4,19.806,25.568,1.561,24.6,16.759,6132.8,99.74,632.11,4.662,57.37,19.775,25.564,1.605,24.507,16.622,SENSOR_DRIFT,1.0,1.0,1.0,1.0,1.0,0.0,20.0,30.0,-0.5
139.4,CLIMB,78.38,55.95,7124.17,15.75,78.326,0.9445,6134.05,79.59,602.78,5.24,57.39,19.805,25.568,1.561,24.6,16.758,6134.08,98.75,631.81,4.731,57.7,19.69,25.467,1.531,24.627,16.765,SENSOR_DRIFT,1.0,1.0,1.0,1.0,1.0,0.0,20.0,30.0,-0.5
139.5,CLIMB,78.38,55.94,7131.25,15.74,78.306,0.9443,6133.58,79.59,602.77,5.24,57.38,19.804,25.568,1.561,24.6,16.756,6135.51,99.72,633.07,4.723,57.75,19.668,25.591,1.562,24.58,16.665,SENSOR_DRIFT,1.0,1.0,1.0,1.0,1.0,0.0,20.0,30.0,-0.5
139.6,CLIMB,78.37,55.94,7138.33,15.72,78.286,0.9441,6133.12,79.59,602.75,5.24,57.37,19.802,25.567,1.561,24.6,16.755,6139.54,99.97,632.85,4.738,57.47,19.805,25.66,1.588,24.515,16.749,SENSOR_DRIFT,1.0,1.0,1.0,1.0,1.0,0.0,20.0,30.0,-0.5
139.7,CLIMB,78.36,55.93,7145.42,15.71,78.266,0.9439,6132.66,79.59,602.74,5.24,57.35,19.801,25.567,1.561,24.6,16.754,6137.74,99.35,631.25,4.772,56.9,19.856,25.569,1.649,24.631,16.715,SENSOR_DRIFT,1.0,1.0,1.0,1.0,1.0,0.0,20.0,30.0,-0.5
139.8,CLIMB,78.35,55.93,7152.5,15.7,78.246,0.9437,6132.2,79.59,602.72,5.24,57.34,19.799,25.567,1.561,24.6,16.753,6133.27,100.26,629.29,4.718,56.94,19.889,25.595,1.55,24.58,16.671,SENSOR_DRIFT,1.0,1.0,1.0,1.0,1.0,0.0,20.0,30.0,-0.5
139.9,CLIMB,78.34,55.92,7159.58,15.68,78.226,0.9435,6131.74,79.59,602.7,5.24,57.33,19.798,25.567,1.561,24.6,16.751,6136.74,99.91,634.67,4.712,57.12,19.781,25.605,1.584,24.562,16.718,SENSOR_DRIFT,1.0,1.0,1.0,1.0,1.0,0.0,20.0,30.0,-0.5
140.0,CLIMB,78.33,55.92,7166.67,15.67,78.206,0.9433,6131.28,79.59,602.69,5.239,57.32,19.797,25.567,1.56,24.6,16.75,6130.11,99.09,631.3,4.708,57.42,19.616,25.642,1.598,24.687,16.916,SENSOR_DRIFT,1.0,1.0,1.0,1.0,1.0,0.0,20.0,30.0,-0.5
140.1,CLIMB,78.33,55.91,7173.75,15.65,78.186,0.9431,6130.82,79.59,602.67,5.239,57.3,19.795,25.567,1.56,24.6,16.749,6119.0,99.36,631.49,4.781,57.11,19.816,25.68,1.45,24.684,16.8,SENSOR_DRIFT,1.0,1.0,1.0,1.0,1.0,0.0,20.0,30.0,-0.5
140.2,CLIMB,78.32,55.91,7180.83,15.64,78.166,0.9429,6130.36,79.59,602.66,5.239,57.29,19.794,25.566,1.56,24.6,16.748,6128.7,98.25,632.77,4.721,57.05,19.689,25.593,1.521,24.552,16.704,SENSOR_DRIFT,1.0,1.0,1.0,1.0,1.0,0.0,20.0,30.0,-0.5
140.3,CLIMB,78.31,55.9,7187.92,15.62,78.146,0.9427,6129.9,79.59,602.64,5.239,57.28,19.792,25.566,1.56,24.6,16.746,6140.07,99.07,633.9,4.72,57.81,19.821,25.445,1.526,24.602,16.826,SENSOR_DRIFT,1.0,1.0,1.0,1.0,1.0,0.0,20.0,30.0,-0.5
140.4,CLIMB,78.3,55.9,7195.0,15.61,78.126,0.9425,6129.44,79.58,602.63,5.239,57.27,19.791,25.566,1.56,24.6,16.745,6122.77,99.36,631.6,4.695,57.56,19.88,25.582,1.462,24.592,16.84,SENSOR_DRIFT,1.0,1.0,1.0,1.0,1.0,0.0,20.0,30.0,-0.5
140.5,CLIMB,78.29,55.89,7202.08,15.6,78.106,0.9423,6128.98,79.58,602.61,5.239,57.26,19.79,25.566,1.56,24.6,16.744,6140.06,99.5,634.0,4.702,57.27,19.862,25.557,1.543,24.572,16.499,SENSOR_DRIFT,1.0,1.0,1.0,1.0,1.0,0.0,20.0,30.0,-0.5
140.6,CLIMB,78.28,55.88,7209.17,15.58,78.086,0.9422,6128.52,79.58,602.6,5.239,57.24,19.788,25.566,1.56,24.6,16.743,6121.88,99.69,632.65,4.683,56.49,19.903,25.617,1.603,24.495,16.711,SENSOR_DRIFT,1.0,1.0,1.0,1.0,1.0,0.0,20.0,30.0,-0.5
140.7,CLIMB,78.28,55.88,7216.25,15.57,78.066,0.942,6128.06,79.58,602.58,5.238,57.23,19.787,25.566,1.56,24.6,16.741,6134.61,99.65,633.89,4.751,57.15,19.911,25.509,1.609,24.708,16.67,SENSOR_DRIFT,1.0,1.0,1.0,1.0,1.0,0.0,20.0,30.0,-0.5
140.8,CLIMB,78.27,55.87,7223.33,15.55,78.046,0.9418,6127.6,79.58,602.57,5.238,57.22,19.785,25.565,1.56,24.6,16.74,6123.78,99.16,634.54,4.733,57.15,19.74,25.513,1.493,24.592,16.816,SENSOR_DRIFT,1.0,1.0,1.0,1.0,1.0,0.0,20.0,30.0,-0.5
140.9,CLIMB,78.26,55.87,7230.42,15.54,78.026,0.9416,6127.14,79.58,602.55,5.238,57.21,19.784,25.565,1.56,24.6,16.739,6118.53,100.19,634.33,4.688,56.83,19.851,25.519,1.63,24.651,16.723,SENSOR_DRIFT,1.0,1.0,1.0,1.0,1.0,0.0,20.0,30.0,-0.5
141.0,CLIMB,78.25,55.86,7237.5,15.53,78.006,0.9414,6126.68,79.58,602.54,5.238,57.19,19.783,25.565,1.56,24.6,16.738,6128.4,99.99,632.31,4.788,57.32,19.851,25.555,1.601,24.625,16.748,SENSOR_DRIFT,1.0,1.0,1.0,1.0,1.0,0.0,20.0,30.0,-0.5
141.1,CLIMB,78.24,55.86,7244.58,15.51,77.986,0.9412,6126.22,79.58,602.52,5.238,57.18,19.781,25.565,1.559,24.6,16.736,6133.59,99.61,633.19,4.761,57.02,19.769,25.538,1.526,24.678,16.507,SENSOR_DRIFT,1.0,1.0,1.0,1.0,1.0,0.0,20.0,30.0,-0.5
141.2,CLIMB,78.23,55.85,7251.67,15.5,77.966,0.941,6125.76,79.58,602.51,5.238,57.17,19.78,25.565,1.559,24.6,16.735,6124.68,99.61,632.96,4.684,57.33,19.855,25.503,1.519,24.571,16.616,SENSOR_DRIFT,1.0,1.0,1.0,1.0,1.0,0.0,20.0,30.0,-0.5
141.3,CLIMB,78.23,55.85,7258.75,15.48,77.946,0.9408,6125.3,79.58,602.49,5.238,57.16,19.778,25.565,1.559,24.6,16.734,6121.14,99.79,632.26,4.761,57.48,19.742,25.572,1.549,24.583,16.662,SENSOR_DRIFT,1.0,1.0,1.0,1.0,1.0,0.0,20.0,30.0,-0.5
141.4,CLIMB,78.22,55.84,7265.83,15.47,77.926,0.9406,6124.84,79.58,602.48,5.237,57.14,19.777,25.564,1.559,24.6,16.733,6124.8,99.82,633.91,4.702,57.19,19.869,25.54,1.571,24.598,16.753,SENSOR_DRIFT,1.0,1.0,1.0,1.0,1.0,0.0,20.0,30.0,-0.5
141.5,CLIMB,78.21,55.84,7272.92,15.45,77.907,0.9404,6124.38,79.58,602.46,5.237,57.13,19.776,25.564,1.559,24.6,16.731,6130.01,99.21,635.27,4.746,57.22,19.7,25.622,1.559,24.59,16.619,SENSOR_DRIFT,1.0,1.0,1.0,1.0,1.0,0.0,20.0,30.0,-0.5
141.6,CLIMB,78.2,55.83,7280.0,15.44,77.887,0.9402,6123.92,79.58,602.44,5.237,57.12,19.774,25.564,1.559,24.6,16.73,6125.32,99.83,633.8,4.725,57.33,19.84,25.643,1.489,24.652,16.64,SENSOR_DRIFT,1.0,1.0,1.0,1.0,1.0,0.0,20.0,30.0,-0.5
141.7,CLIMB,78.19,55.82,7287.08,15.43,77.867,0.94,6123.46,79.57,602.43,5.237,57.11,19.773,25.564,1.559,24.6,16.729,6124.55,100.17,633.28,4.737,56.85,19.876,25.575,1.526,24.586,16.829,SENSOR_DRIFT,1.0,1.0,1.0,1.0,1.0,0.0,20.0,30.0,-0.5
141.8,CLIMB,78.18,55.82,7294.17,15.41,77.847,0.9398,6123.0,79.57,602.41,5.237,57.1,19.771,25.564,1.559,24.6,16.728,6129.31,99.91,631.12,4.71,58.02,19.73,25.507,1.601,24.654,16.689,SENSOR_DRIFT,1.0,1.0,1.0,1.0,1.0,0.0,20.0,30.0,-0.5
141.9,CLIMB,78.18,55.81,7301.25,15.4,77.827,0.9396,6122.54,79.57,602.4,5.237,57.08,19.77,25.564,1.559,24.6,16.726,6125.77,100.15,631.37,4.761,57.51,19.782,25.555,1.665,24.517,16.745,SENSOR_DRIFT,1.0,1.0,1.0,1.0,1.0,0.0,20.0,30.0,-0.5
142.0,CLIMB,78.17,55.81,7308.33,15.38,77.807,0.9394,6122.08,79.57,602.38,5.237,57.07,19.769,25.563,1.559,24.6,16.725,6118.91,99.02,632.93,4.749,56.83,19.777,25.538,1.563,24.599,16.619,SENSOR_DRIFT,1.0,1.0,1.0,1.0,1.0,0.0,20.0,30.0,-0.5
142.1,CLIMB,78.16,55.8,7315.42,15.37,77.787,0.9392,6121.62,79.57,602.37,5.236,57.06,19.767,25.563,1.559,24.6,16.724,6120.85,99.85,632.92,4.754,57.13,19.827,25.572,1.485,24.651,16.618,SENSOR_DRIFT,1.0,1.0,1.0,1.0,1.0,0.0,20.0,30.0,-0.5
142.2,CLIMB,78.15,55.8,7322.5,15.36,77.767,0.939,6121.16,79.57,602.35,5.236,57.05,19.766,25.563,1.558,24.6,16.723,6119.42,99.74,631.16,4.733,57.78,19.895,25.603,1.601,24.589,16.835,SENSOR_DRIFT,1.0,1.0,1.0,1.0,1.0,0.0,20.0,30.0,-0.5
142.3,CLIMB,78.14,55.79,7329.58,15.34,77.747,0.9388,6120.7,79.57,602.34,5.236,57.03,19.764,25.563,1.558,24.6,16.721,6122.05,99.13,634.27,4.697,56.88,19.64,25.575,1.47,24.613,16.84,SENSOR_DRIFT,1.0,1.0,1.0,1.0,1.0,0.0,20.0,30.0,-0.5
142.4,CLIMB,78.13,55.79,7336.67,15.33,77.727,0.9387,6120.24,79.57,602.32,5.236,57.02,19.763,25.563,1.558,24.6,16.72,6121.16,99.57,630.17,4.77,56.42,19.661,25.552,1.566,24.564,16.687,SENSOR_DRIFT,1.0,1.0,1.0,1.0,1.0,0.0,20.0,30.0,-0.5
142.5,CLIMB,78.13,55.78,7343.75,15.31,77.707,0.9385,6119.78,79.57,602.31,5.236,57.01,19.762,25.563,1.558,24.6,16.719,6111.15,99.44,634.14,4.717,56.51,19.526,25.598,1.643,24.658,16.485,SENSOR_DRIFT,1.0,1.0,1.0,1.0,1.0,0.0,20.0,30.0,-0.5
142.6,CLIMB,78.12,55.78,7350.83,15.3,77.687,0.9383,6119.32,79.57,602.29,5.236,57.0,19.76,25.562,1.558,24.6,16.718,6123.55,101.2,633.38,4.76,56.97,19.801,25.583,1.465,24.574,16.751,SENSOR_DRIFT,1.0,1.0,1.0,1.0,1.0,0.0,20.0,30.0,-0.5
142.7,CLIMB,78.11,55.77,7357.92,15.28,77.668,0.9381,6118.86,79.57,602.28,5.235,56.98,19.759,25.562,1.558,24.6,16.716,6119.34,99.73,629.11,4.755,57.19,19.753,25.59,1.554,24.574,16.721,SENSOR_DRIFT,1.0,1.0,1.0,1.0,1.0,0.0,20.0,30.0,-0.5
142.8,CLIMB,78.1,55.77,7365.0,15.27,77.648,0.9379,6118.4,79.57,602.26,5.235,56.97,19.757,25.562,1.558,24.6,16.715,6123.1,99.1,630.94,4.743,57.14,19.789,25.61,1.529,24.59,16.729,SENSOR_DRIFT,1.0,1.0,1.0,1.0,1.0,0.0,20.0,30.0,-0.5
142.9,CLIMB,78.09,55.76,7372.08,15.26,77.628,0.9377,6117.94,79.57,602.25,5.235,56.96,19.756,25.562,1.558,24.6,16.714,6119.47,99.27,635.66,4.742,56.82,19.654,25.552,1.532,24.564,16.653,SENSOR_DRIFT,1.0,1.0,1.0,1.0,1.0,0.0,20.0,30.0,-0.5
143.0,CLIMB,78.08,55.75,7379.17,15.24,77.608,0.9375,6117.48,79.56,602.23,5.235,56.95,19.755,25.562,1.558,24.6,16.713,6121.67,99.68,633.49,4.78,57.01,19.652,25.606,1.5,24.629,16.745,SENSOR_DRIFT,1.0,1.0,1.0,1.0,1.0,0.0,20.0,30.0,-0.5
143.1,CLIMB,78.08,55.75,7386.25,15.23,77.588,0.9373,6117.02,79.56,602.22,5.235,56.93,19.753,25.562,1.558,24.6,16.711,6123.75,99.25,633.89,4.718,56.72,19.732,25.477,1.608,24.612,16.674,SENSOR_DRIFT,1.0,1.0,1.0,1.0,1.0,0.0,20.0,30.0,-0.5
143.2,CLIMB,78.07,55.74,7393.33,15.21,77.568,0.9371,6116.56,79.56,602.2,5.235,56.92,19.752,25.561,1.558,24.6,16.71,6111.17,99.72,631.74,4.796,57.26,19.683,25.484,1.49,24.624,16.717,SENSOR_DRIFT,1.0,1.0,1.0,1.0,1.0,0.0,20.0,30.0,-0.5
143.3,CLIMB,78.06,55.74,7400.42,15.2,77.548,0.9369,6116.1,79.56,602.18,5.235,56.91,19.75,25.561,1.558,24.6,16.709,6111.77,99.99,633.76,4.753,57.1,19.655,25.479,1.59,24.612,16.531,SENSOR_DRIFT,1.0,1.0,1.0,1.0,1.0,0.0,20.0,30.0,-0.5
143.4,CLIMB,78.05,55.73,7407.5,15.19,77.529,0.9367,6115.64,79.56,602.17,5.234,56.9,19.749,25.561,1.557,24.6,16.708,6115.05,100.14,633.9,4.735,57.46,19.941,25.546,1.593,24.668,16.686,SENSOR_DRIFT,1.0,1.0,1.0,1.0,1.0,0.0,20.0,30.0,-0.5
143.5,CLIMB,78.04,55.73,7414.58,15.17,77.509,0.9365,6115.18,79.56,602.15,5.234,56.88,19.748,25.561,1.557,24.6,16.706,6108.99,98.88,633.47,4.741,57.05,19.705,25.553,1.545,24.572,16.759,SENSOR_DRIFT,1.0,1.0,1.0,1.0,1.0,0.0,20.0,30.0,-0.5
143.6,CLIMB,78.03,55.72,7421.67,15.16,77.489,0.9363,6114.72,79.56,602.14,5.234,56.87,19.746,25.561,1.557,24.6,16.705,6117.07,99.97,630.54,4.789,57.28,19.791,25.568,1.553,24.614,16.74,SENSOR_DRIFT,1.0,1.0,1.0,1.0,1.0,0.0,20.0,30.0,-0.5
143.7,CLIMB,78.03,55.72,7428.75,15.14,77.469,0.9361,6114.26,79.56,602.12,5.234,56.86,19.745,25.561,1.557,24.6,16.704,6112.26,99.07,633.96,4.75,56.7,19.728,25.552,1.535,24.606,16.838,SENSOR_DRIFT,1.0,1.0,1.0,1.0,1.0,0.0,20.0,30.0,-0.5
143.8,CLIMB,78.02,55.71,7435.83,15.13,77.449,0.9359,6113.8,79.56,602.11,5.234,56.85,19.743,25.56,1.557,24.6,16.703,6111.72,98.64,633.85,4.72,56.94,20.017,25.577,1.496,24.548,16.592,SENSOR_DRIFT,1.0,1.0,1.0,1.0,1.0,0.0,20.0,30.0,-0.5
143.9,CLIMB,78.01,55.71,7442.92,15.11,77.429,0.9357,6113.34,79.56,602.09,5.234,56.83,19.742,25.56,1.557,24.6,16.701,6112.27,98.93,632.53,4.77,57.23,19.768,25.641,1.586,24.606,16.59,SENSOR_DRIFT,1.0,1.0,1.0,1.0,1.0,0.0,20.0,30.0,-0.5
144.0,CLIMB,78.0,55.7,7450.0,15.1,77.41,0.9356,6112.88,79.56,602.08,5.234,56.82,19.741,25.56,1.557,24.6,16.7,6118.5,99.94,630.68,4.698,56.76,19.807,25.547,1.586,24.62,16.593,SENSOR_DRIFT,1.0,1.0,1.0,1.0,1.0,0.0,20.0,30.0,-0.5
144.1,CLIMB,77.99,55.69,7457.08,15.09,77.39,0.9354,6112.42,79.56,602.06,5.233,56.81,19.739,25.56,1.557,24.6,16.699,6102.55,99.99,634.2,4.751,56.73,19.804,25.541,1.625,24.475,16.615,SENSOR_DRIFT,1.0,1.0,1.0,1.0,1.0,0.0,20.0,30.0,-0.5
144.2,CLIMB,77.98,55.69,7464.17,15.07,77.37,0.9352,6111.96,79.56,602.05,5.233,56.8,19.738,25.56,1.557,24.6,16.698,6113.47,99.66,634.0,4.715,57.09,19.882,25.572,1.577,24.593,16.651,SENSOR_DRIFT,1.0,1.0,1.0,1.0,1.0,0.0,20.0,30.0,-0.5
144.3,CLIMB,77.98,55.68,7471.25,15.06,77.35,0.935,6111.5,79.55,602.03,5.233,56.78,19.736,25.56,1.557,24.6,16.696,6112.72,99.29,629.06,4.711,56.68,19.602,25.537,1.53,24.607,16.733,SENSOR_DRIFT,1.0,1.0,1.0,1.0,1.0,0.0,20.0,30.0,-0.5
144.4,CLIMB,77.97,55.68,7478.33,15.04,77.33,0.9348,6111.04,79.55,602.02,5.233,56.77,19.735,25.559,1.557,24.6,16.695,6111.03,99.49,630.75,4.723,56.59,19.614,25.471,1.56,24.573,17.064,SENSOR_DRIFT,1.0,1.0,1.0,1.0,1.0,0.0,20.0,30.0,-0.5
144.5,CLIMB,77.96,55.67,7485.42,15.03,77.311,0.9346,6110.59,79.55,602.0,5.233,56.76,19.734,25.559,1.556,24.6,16.694,6114.9,99.4,632.3,4.728,56.97,19.613,25.547,1.598,24.661,16.759,SENSOR_DRIFT,1.0,1.0,1.0,1.0,1.0,0.0,20.0,30.0,-0.5
144.6,CLIMB,77.95,55.67,7492.5,15.02,77.291,0.9344,6110.13,79.55,601.99,5.233,56.75,19.732,25.559,1.556,24.6,16.693,6097.86,98.95,630.49,4.74,56.7,19.673,25.555,1.561,24.589,16.69,SENSOR_DRIFT,1.0,1.0,1.0,1.0,1.0,0.0,20.0,30.0,-0.5
144.7,CLIMB,77.94,55.66,7499.58,15.0,77.271,0.9342,6109.67,79.55,601.97,5.233,56.74,19.731,25.559,1.556,24.6,16.691,6109.58,98.26,631.21,4.709,56.59,19.801,25.579,1.591,24.599,16.659,SENSOR_DRIFT,1.0,1.0,1.0,1.0,1.0,0.0,20.0,30.0,-0.5
144.8,CLIMB,77.93,55.66,7506.67,14.99,77.251,0.934,6109.21,79.55,601.95,5.232,56.72,19.729,25.559,1.556,24.6,16.69,6110.39,98.77,632.77,4.731,56.56,19.671,25.597,1.528,24.632,16.481,SENSOR_DRIFT,1.0,1.0,1.0,1.0,1.0,0.0,20.0,30.0,-0.5
144.9,CLIMB,77.93,55.65,7513.75,14.97,77.231,0.9338,6108.75,79.55,601.94,5.232,56.71,19.728,25.559,1.556,24.6,16.689,6102.69,99.57,631.68,4.724,56.87,19.744,25.564,1.474,24.566,16.692,SENSOR_DRIFT,1.0,1.0,1.0,1.0,1.0,0.0,20.0,30.0,-0.5
145.0,CLIMB,77.92,55.65,7520.83,14.96,77.212,0.9336,6108.29,79.55,601.92,5.232,56.7,19.727,25.558,1.556,24.6,16.688,6094.56,99.62,629.54,4.709,57.0,19.735,25.544,1.479,24.65,16.688,SENSOR_DRIFT,1.0,1.0,1.0,1.0,1.0,0.0,20.0,30.0,-0.5
145.1,CLIMB,77.91,55.64,7527.92,14.94,77.192,0.9334,6107.83,79.55,601.91,5.232,56.69,19.725,25.558,1.556,24.6,16.686,6114.36,100.42,630.89,4.714,57.36,19.671,25.573,1.602,24.749,16.67,SENSOR_DRIFT,1.0,1.0,1.0,1.0,1.0,0.0,20.0,30.0,-0.5
145.2,CLIMB,77.9,55.64,7535.0,14.93,77.172,0.9332,6107.37,79.55,601.89,5.232,56.67,19.724,25.558,1.556,24.6,16.685,6112.67,99.72,631.65,4.706,56.74,19.76,25.541,1.546,24.618,16.634,SENSOR_DRIFT,1.0,1.0,1.0,1.0,1.0,0.0,20.0,30.0,-0.5
145.3,CLIMB,77.89,55.63,7542.08,14.92,77.152,0.933,6106.91,79.55,601.88,5.232,56.66,19.722,25.558,1.556,24.6,16.684,6112.15,99.52,631.05,4.73,56.66,19.671,25.469,1.441,24.644,16.873,SENSOR_DRIFT,1.0,1.0,1.0,1.0,1.0,0.0,20.0,30.0,-0.5
145.4,CLIMB,77.88,55.62,7549.17,14.9,77.133,0.9328,6106.45,79.55,601.86,5.231,56.65,19.721,25.558,1.556,24.6,16.683,6105.66,99.2,632.81,4.782,56.41,19.773,25.645,1.508,24.578,16.633,SENSOR_DRIFT,1.0,1.0,1.0,1.0,1.0,0.0,20.0,30.0,-0.5
145.5,CLIMB,77.88,55.62,7556.25,14.89,77.113,0.9327,6105.99,79.55,601.85,5.231,56.64,19.72,25.558,1.556,24.6,16.681,6100.35,99.17,630.13,4.735,56.1,19.693,25.562,1.548,24.547,16.739,SENSOR_DRIFT,1.0,1.0,1.0,1.0,1.0,0.0,20.0,30.0,-0.5
145.6,CLIMB,77.87,55.61,7563.33,14.87,77.093,0.9325,6105.53,79.54,601.83,5.231,56.62,19.718,25.557,1.555,24.6,16.68,6110.54,99.18,631.41,4.736,57.14,19.543,25.52,1.534,24.531,16.587,SENSOR_DRIFT,1.0,1.0,1.0,1.0,1.0,0.0,20.0,30.0,-0.5
145.7,CLIMB,77.86,55.61,7570.42,14.86,77.073,0.9323,6105.07,79.54,601.82,5.231,56.61,19.717,25.557,1.555,24.6,16.679,6101.31,100.26,631.39,4.797,56.24,19.771,25.551,1.566,24.521,16.724,SENSOR_DRIFT,1.0,1.0,1.0,1.0,1.0,0.0,20.0,30.0,-0.5
145.8,CLIMB,77.85,55.6,7577.5,14.85,77.054,0.9321,6104.62,79.54,601.8,5.231,56.6,19.715,25.557,1.555,24.6,16.678,6096.89,99.77,632.66,4.76,57.2,19.677,25.605,1.572,24.638,16.741,SENSOR_DRIFT,1.0,1.0,1.0,1.0,1.0,0.0,20.0,30.0,-0.5
145.9,CLIMB,77.84,55.6,7584.58,14.83,77.034,0.9319,6104.16,79.54,601.79,5.231,56.59,19.714,25.557,1.555,24.6,16.676,6104.9,100.05,632.07,4.68,56.07,19.655,25.656,1.487,24.58,16.772,SENSOR_DRIFT,1.0,1.0,1.0,1.0,1.0,0.0,20.0,30.0,-0.5
146.0,CLIMB,77.83,55.59,7591.67,14.82,77.014,0.9317,6103.7,79.54,601.77,5.231,56.57,19.713,25.557,1.555,24.6,16.675,6099.93,98.73,632.73,4.693,56.58,19.791,25.519,1.565,24.594,16.735,SENSOR_DRIFT,1.0,1.0,1.0,1.0,1.0,0.0,20.0,30.0,-0.5
146.1,CLIMB,77.83,55.59,7598.75,14.8,76.995,0.9315,6103.24,79.54,601.76,5.23,56.56,19.711,25.557,1.555,24.6,16.674,6105.53,99.58,631.41,4.726,56.4,19.786,25.613,1.571,24.607,16.664,SENSOR_DRIFT,1.0,1.0,1.0,1.0,1.0,0.0,20.0,30.0,-0.5
146.2,CLIMB,77.82,55.58,7605.83,14.79,76.975,0.9313,6102.78,79.54,601.74,5.23,56.55,19.71,25.556,1.555,24.6,16.673,6110.96,100.38,631.37,4.73,56.76,19.438,25.638,1.447,24.586,16.751,SENSOR_DRIFT,1.0,1.0,1.0,1.0,1.0,0.0,20.0,30.0,-0.5
146.3,CLIMB,77.81,55.58,7612.92,14.77,76.955,0.9311,6102.32,79.54,601.72,5.23,56.54,19.708,25.556,1.555,24.6,16.671,6104.39,99.95,632.02,4.664,56.67,19.825,25.471,1.624,24.501,16.807,SENSOR_DRIFT,1.0,1.0,1.0,1.0,1.0,0.0,20.0,30.0,-0.5
146.4,CLIMB,77.8,55.57,7620.0,14.76,76.935,0.9309,6101.86,79.54,601.71,5.23,56.52,19.707,25.556,1.555,24.6,16.67,6105.44,99.79,632.15,4.701,56.41,19.661,25.549,1.544,24.652,16.664,SENSOR_DRIFT,1.0,1.0,1.0,1.0,1.0,0.0,20.0,30.0,-0.5
146.5,CLIMB,77.79,55.56,7627.08,14.75,76.916,0.9307,6101.4,79.54,601.69,5.23,56.51,19.706,25.556,1.555,24.6,16.669,6099.43,98.88,632.32,4.718,56.74,19.746,25.589,1.566,24.532,16.717,SENSOR_DRIFT,1.0,1.0,1.0,1.0,1.0,0.0,20.0,30.0,-0.5
146.6,CLIMB,77.78,55.56,7634.17,14.73,76.896,0.9305,6100.94,79.54,601.68,5.23,56.5,19.704,25.556,1.555,24.6,16.668,6094.45,100.66,628.61,4.773,56.65,19.749,25.486,1.533,24.621,16.77,SENSOR_DRIFT,1.0,1.0,1.0,1.0,1.0,0.0,20.0,30.0,-0.5
146.7,CLIMB,77.78,55.55,7641.25,14.72,76.876,0.9303,6100.48,79.54,601.66,5.23,56.49,19.703,25.556,1.554,24.6,16.666,6106.95,99.92,631.72,4.697,56.64,19.56,25.533,1.564,24.652,16.583,SENSOR_DRIFT,1.0,1.0,1.0,1.0,1.0,0.0,20.0,30.0,-0.5
146.8,CLIMB,77.77,55.55,7648.33,14.7,76.857,0.9302,6100.03,79.54,601.65,5.229,56.47,19.701,25.555,1.554,24.6,16.665,6099.68,98.76,630.68,4.742,56.57,19.745,25.518,1.563,24.666,16.734,SENSOR_DRIFT,1.0,1.0,1.0,1.0,1.0,0.0,20.0,30.0,-0.5
146.9,CLIMB,77.76,55.54,7655.42,14.69,76.837,0.93,6099.57,79.53,601.63,5.229,56.46,19.7,25.555,1.554,24.6,16.664,6099.19,99.81,632.24,4.71,56.19,19.701,25.607,1.449,24.562,16.697,SENSOR_DRIFT,1.0,1.0,1.0,1.0,1.0,0.0,20.0,30.0,-0.5
147.0,CLIMB,77.75,55.54,7662.5,14.68,76.817,0.9298,6099.11,79.53,601.62,5.229,56.45,19.699,25.555,1.554,24.6,16.663,6092.64,99.42,632.25,4.682,55.95,19.71,25.618,1.572,24.598,16.674,SENSOR_DRIFT,1.0,1.0,1.0,1.0,1.0,0.0,20.0,30.0,-0.5
147.1,CLIMB,77.74,55.53,7669.58,14.66,76.798,0.9296,6098.65,79.53,601.6,5.229,56.44,19.697,25.555,1.554,24.6,16.661,6101.94,99.05,631.85,4.716,56.51,19.829,25.504,1.488,24.532,16.61,SENSOR_DRIFT,1.0,1.0,1.0,1.0,1.0,0.0,20.0,30.0,-0.5
147.2,CLIMB,77.73,55.53,7676.67,14.65,76.778,0.9294,6098.19,79.53,601.59,5.229,56.42,19.696,25.555,1.554,24.6,16.66,6096.41,98.72,633.84,4.658,56.67,19.72,25.575,1.652,24.557,16.805,SENSOR_DRIFT,1.0,1.0,1.0,1.0,1.0,0.0,20.0,30.0,-0.5
147.3,CLIMB,77.73,55.52,7683.75,14.63,76.758,0.9292,6097.73,79.53,601.57,5.229,56.41,19.694,25.555,1.554,24.6,16.659,6095.46,99.43,630.9,4.686,56.48,19.698,25.509,1.519,24.498,16.64,SENSOR_DRIFT,1.0,1.0,1.0,1.0,1.0,0.0,20.0,30.0,-0.5
147.4,CLIMB,77.72,55.52,7690.83,14.62,76.739,0.929,6097.27,79.53,601.56,5.229,56.4,19.693,25.554,1.554,24.6,16.658,6089.83,98.7,631.74,4.795,55.88,19.861,25.572,1.614,24.608,16.576,SENSOR_DRIFT,1.0,1.0,1.0,1.0,1.0,0.0,20.0,30.0,-0.5
147.5,CLIMB,77.71,55.51,7697.92,14.6,76.719,0.9288,6096.82,79.53,601.54,5.228,56.39,19.692,25.554,1.554,24.6,16.656,6093.33,98.58,632.52,4.741,56.55,19.549,25.521,1.563,24.627,16.71,SENSOR_DRIFT,1.0,1.0,1.0,1.0,1.0,0.0,20.0,30.0,-0.5
147.6,CLIMB,77.7,55.51,7705.0,14.59,76.7,0.9286,6096.36,79.53,601.53,5.228,56.37,19.69,25.554,1.554,24.6,16.655,6087.04,99.31,630.84,4.716,56.36,19.638,25.568,1.561,24.576,16.708,SENSOR_DRIFT,1.0,1.0,1.0,1.0,1.0,0.0,20.0,30.0,-0.5
147.7,CLIMB,77.69,55.5,7712.08,14.58,76.68,0.9284,6095.9,79.53,601.51,5.228,56.36,19.689,25.554,1.554,24.6,16.654,6092.8,99.36,631.76,4.738,56.55,19.601,25.607,1.563,24.694,16.748,SENSOR_DRIFT,1.0,1.0,1.0,1.0,1.0,0.0,20.0,30.0,-0.5
147.8,CLIMB,77.68,55.49,7719.17,14.56,76.66,0.9282,6095.44,79.53,601.49,5.228,56.35,19.687,25.554,1.553,24.6,16.653,6097.27,98.75,631.61,4.711,56.72,19.765,25.498,1.56,24.547,16.766,SENSOR_DRIFT,1.0,1.0,1.0,1.0,1.0,0.0,20.0,30.0,-0.5
147.9,CLIMB,77.68,55.49,7726.25,14.55,76.641,0.928,6094.98,79.53,601.48,5.228,56.33,19.686,25.554,1.553,24.6,16.651,6089.85,99.99,631.19,4.709,56.51,19.848,25.588,1.567,24.705,16.712,SENSOR_DRIFT,1.0,1.0,1.0,1.0,1.0,0.0,20.0,30.0,-0.5
148.0,CLIMB,77.67,55.48,7733.33,14.53,76.621,0.9278,6094.52,79.53,601.46,5.228,56.32,19.684,25.553,1.553,24.6,16.65,6097.82,99.87,631.7,4.718,56.54,19.572,25.592,1.516,24.714,16.564,SENSOR_DRIFT,1.0,1.0,1.0,1.0,1.0,0.0,20.0,30.0,-0.5
148.1,CLIMB,77.66,55.48,7740.42,14.52,76.601,0.9277,6094.06,79.53,601.45,5.227,56.31,19.683,25.553,1.553,24.6,16.649,6092.87,98.66,632.09,4.722,56.38,19.6,25.638,1.646,24.607,16.634,SENSOR_DRIFT,1.0,1.0,1.0,1.0,1.0,0.0,20.0,30.0,-0.5
148.2,CLIMB,77.65,55.47,7747.5,14.51,76.582,0.9275,6093.61,79.52,601.43,5.227,56.3,19.682,25.553,1.553,24.6,16.648,6093.07,99.29,631.63,4.774,56.08,19.757,25.615,1.523,24.584,16.786,SENSOR_DRIFT,1.0,1.0,1.0,1.0,1.0,0.0,20.0,30.0,-0.5
148.3,CLIMB,77.64,55.47,7754.58,14.49,76.562,0.9273,6093.15,79.52,601.42,5.227,56.28,19.68,25.553,1.553,24.6,16.646,6093.32,99.45,631.6,4.8,56.45,19.675,25.631,1.518,24.616,16.742,SENSOR_DRIFT,1.0,1.0,1.0,1.0,1.0,0.0,20.0,30.0,-0.5
148.4,CLIMB,77.63,55.46,7761.67,14.48,76.543,0.9271,6092.69,79.52,601.4,5.227,56.27,19.679,25.553,1.553,24.6,16.645,6100.35,100.0,629.64,4.684,55.76,19.744,25.615,1.52,24.589,16.501,SENSOR_DRIFT,1.0,1.0,1.0,1.0,1.0,0.0,20.0,30.0,-0.5
148.5,CLIMB,77.63,55.46,7768.75,14.46,76.523,0.9269,6092.23,79.52,601.39,5.227,56.26,19.677,25.553,1.553,24.6,16.644,6091.39,99.37,629.69,4.735,56.25,19.684,25.507,1.536,24.517,16.716,SENSOR_DRIFT,1.0,1.0,1.0,1.0,1.0,0.0,20.0,30.0,-0.5
148.6,CLIMB,77.62,55.45,7775.83,14.45,76.503,0.9267,6091.77,79.52,601.37,5.227,56.25,19.676,25.552,1.553,24.6,16.643,6089.14,99.32,632.29,4.701,56.12,19.68,25.467,1.592,24.695,16.678,SENSOR_DRIFT,1.0,1.0,1.0,1.0,1.0,0.0,20.0,30.0,-0.5
148.7,CLIMB,77.61,55.45,7782.92,14.43,76.484,0.9265,6091.31,79.52,601.36,5.227,56.23,19.675,25.552,1.553,24.6,16.641,6092.41,99.74,631.12,4.694,56.53,19.751,25.556,1.62,24.549,16.823,SENSOR_DRIFT,1.0,1.0,1.0,1.0,1.0,0.0,20.0,30.0,-0.5
148.8,CLIMB,77.6,55.44,7790.0,14.42,76.464,0.9263,6090.86,79.52,601.34,5.226,56.22,19.673,25.552,1.553,24.6,16.64,6093.51,99.75,630.12,4.725,55.99,19.551,25.511,1.56,24.5,16.745,SENSOR_DRIFT,1.0,1.0,1.0,1.0,1.0,0.0,20.0,30.0,-0.5
148.9,CLIMB,77.59,55.43,7797.08,14.41,76.445,0.9261,6090.4,79.52,601.33,5.226,56.21,19.672,25.552,1.553,24.6,16.639,6092.59,98.57,628.84,4.77,56.5,19.84,25.57,1.517,24.656,16.538,SENSOR_DRIFT,1.0,1.0,1.0,1.0,1.0,0.0,20.0,30.0,-0.5
149.0,CLIMB,77.58,55.43,7804.17,14.39,76.425,0.9259,6089.94,79.52,601.31,5.226,56.2,19.67,25.552,1.552,24.6,16.638,6091.54,100.98,631.87,4.709,56.16,19.742,25.495,1.539,24.533,16.458,SENSOR_DRIFT,1.0,1.0,1.0,1.0,1.0,0.0,20.0,30.0,-0.5
149.1,CLIMB,77.58,55.42,7811.25,14.38,76.406,0.9257,6089.48,79.52,601.3,5.226,56.18,19.669,25.552,1.552,24.6,16.636,6081.04,98.58,632.12,4.727,56.4,19.54,25.553,1.56,24.668,16.637,SENSOR_DRIFT,1.0,1.0,1.0,1.0,1.0,0.0,20.0,30.0,-0.5
149.2,CLIMB,77.57,55.42,7818.33,14.36,76.386,0.9255,6089.02,79.52,601.28,5.226,56.17,19.668,25.551,1.552,24.6,16.635,6092.2,99.39,632.59,4.712,56.14,19.791,25.563,1.588,24.521,16.886,SENSOR_DRIFT,1.0,1.0,1.0,1.0,1.0,0.0,20.0,30.0,-0.5
149.3,CLIMB,77.56,55.41,7825.42,14.35,76.366,0.9254,6088.56,79.52,601.26,5.226,56.16,19.666,25.551,1.552,24.6,16.634,6079.45,100.07,633.18,4.691,56.13,19.394,25.533,1.536,24.625,16.616,SENSOR_DRIFT,1.0,1.0,1.0,1.0,1.0,0.0,20.0,30.0,-0.5
149.4,CLIMB,77.55,55.41,7832.5,14.34,76.347,0.9252,6088.11,79.51,601.25,5.226,56.15,19.665,25.551,1.552,24.6,16.633,6079.99,99.57,631.29,4.723,55.73,19.701,25.554,1.483,24.625,16.796,SENSOR_DRIFT,1.0,1.0,1.0,1.0,1.0,0.0,20.0,30.0,-0.5
149.5,CLIMB,77.54,55.4,7839.58,14.32,76.327,0.925,6087.65,79.51,601.23,5.225,56.13,19.663,25.551,1.552,24.6,16.631,6083.62,99.34,629.81,4.723,55.68,19.714,25.573,1.576,24.555,16.662,SENSOR_DRIFT,1.0,1.0,1.0,1.0,1.0,0.0,20.0,30.0,-0.5
149.6,CLIMB,77.53,55.4,7846.67,14.31,76.308,0.9248,6087.19,79.51,601.22,5.225,56.12,19.662,25.551,1.552,24.6,16.63,6088.65,99.97,631.89,4.767,56.51,19.619,25.621,1.61,24.579,16.652,SENSOR_DRIFT,1.0,1.0,1.0,1.0,1.0,0.0,20.0,30.0,-0.5
149.7,CLIMB,77.53,55.39,7853.75,14.29,76.288,0.9246,6086.73,79.51,601.2,5.225,56.11,19.661,25.551,1.552,24.6,16.629,6089.02,99.06,631.9,4.772,55.72,19.753,25.607,1.527,24.663,16.854,SENSOR_DRIFT,1.0,1.0,1.0,1.0,1.0,0.0,20.0,30.0,-0.5
149.8,CLIMB,77.52,55.39,7860.83,14.28,76.269,0.9244,6086.27,79.51,601.19,5.225,56.1,19.659,25.55,1.552,24.6,16.628,6088.12,98.83,631.78,4.705,55.57,19.732,25.522,1.582,24.681,16.715,SENSOR_DRIFT,1.0,1.0,1.0,1.0,1.0,0.0,20.0,30.0,-0.5
149.9,CLIMB,77.51,55.38,7867.92,14.26,76.249,0.9242,6085.82,79.51,601.17,5.225,56.08,19.658,25.55,1.552,24.6,16.626,6082.93,99.65,629.98,4.723,56.22,19.703,25.505,1.536,24.623,16.771,SENSOR_DRIFT,1.0,1.0,1.0,1.0,1.0,0.0,20.0,30.0,-0.5
150.0,CLIMB,77.5,55.38,7875.0,14.25,76.23,0.924,6085.36,79.51,601.16,5.225,56.07,19.656,25.55,1.552,24.6,16.625,6075.29,99.85,630.92,4.724,55.87,19.962,25.509,1.579,24.656,16.717,SENSOR_DRIFT,1.0,1.0,1.0,1.0,1.0,0.0,20.0,30.0,-0.5
150.1,CLIMB,77.49,55.37,7882.08,14.24,76.21,0.9238,6084.9,79.51,601.14,5.225,56.06,19.655,25.55,1.551,24.6,16.624,6082.13,99.54,630.37,4.712,56.6,19.695,25.554,1.525,24.53,16.588,SENSOR_DRIFT,1.0,1.0,1.0,1.0,1.0,0.0,20.0,30.0,-0.5
150.2,CLIMB,77.48,55.36,7889.17,14.22,76.191,0.9236,6084.44,79.51,601.13,5.224,56.05,19.654,25.55,1.551,24.6,16.623,6085.56,99.78,632.38,4.771,56.01,19.686,25.51,1.611,24.57,16.675,SENSOR_DRIFT,1.0,1.0,1.0,1.0,1.0,0.0,20.0,30.0,-0.5
150.3,CLIMB,77.48,55.36,7896.25,14.21,76.171,0.9234,6083.98,79.51,601.11,5.224,56.03,19.652,25.55,1.551,24.6,16.621,6086.97,99.18,628.3,4.708,55.66,19.571,25.539,1.571,24.574,16.537,SENSOR_DRIFT,1.0,1.0,1.0,1.0,1.0,0.0,20.0,30.0,-0.5
150.4,CLIMB,77.47,55.35,7903.33,14.19,76.152,0.9233,6083.53,79.51,601.1,5.224,56.02,19.651,25.549,1.551,24.6,16.62,6085.14,99.55,632.47,4.732,56.03,19.824,25.651,1.593,24.614,16.72,SENSOR_DRIFT,1.0,1.0,1.0,1.0,1.0,0.0,20.0,30.0,-0.5
150.5,CLIMB,77.46,55.35,7910.42,14.18,76.132,0.9231,6083.07,79.51,601.08,5.224,56.01,19.649,25.549,1.551,24.6,16.619,6085.41,99.88,633.71,4.627,56.14,19.624,25.559,1.62,24.578,16.432,SENSOR_DRIFT,1.0,1.0,1.0,1.0,1.0,0.0,20.0,30.0,-0.5
150.6,CLIMB,77.45,55.34,7917.5,14.17,76.113,0.9229,6082.61,79.51,601.06,5.224,55.99,19.648,25.549,1.551,24.6,16.618,6095.54,99.01,634.96,4.723,55.73,19.447,25.529,1.537,24.552,16.703,SENSOR_DRIFT,1.0,1.0,1.0,1.0,1.0,0.0,20.0,30.0,-0.5
150.7,CLIMB,77.44,55.34,7924.58,14.15,76.093,0.9227,6082.15,79.5,601.05,5.224,55.98,19.647,25.549,1.551,24.6,16.616,6080.66,99.16,630.92,4.735,56.36,19.711,25.509,1.573,24.648,16.62,SENSOR_DRIFT,1.0,1.0,1.0,1.0,1.0,0.0,20.0,30.0,-0.5
150.8,CLIMB,77.43,55.33,7931.67,14.14,76.074,0.9225,6081.69,79.5,601.03,5.224,55.97,19.645,25.549,1.551,24.6,16.615,6078.09,99.28,630.84,4.742,55.3,19.52,25.481,1.606,24.544,16.57,SENSOR_DRIFT,1.0,1.0,1.0,1.0,1.0,0.0,20.0,30.0,-0.5
150.9,CLIMB,77.43,55.33,7938.75,14.12,76.054,0.9223,6081.24,79.5,601.02,5.223,55.96,19.644,25.549,1.551,24.6,16.614,6077.44,99.36,630.43,4.687,56.34,19.698,25.557,1.491,24.648,16.572,SENSOR_DRIFT,1.0,1.0,1.0,1.0,1.0,0.0,20.0,30.0,-0.5
151.0,CLIMB,77.42,55.32,7945.83,14.11,76.035,0.9221,6080.78,79.5,601.0,5.223,55.94,19.642,25.548,1.551,24.6,16.613,6077.68,98.97,630.33,4.69,56.26,19.731,25.623,1.57,24.535,16.714,SENSOR_DRIFT,1.0,1.0,1.0,1.0,1.0,0.0,20.0,30.0,-0.5
151.1,CLIMB,77.41,55.32,7952.92,14.09,76.015,0.9219,6080.32,79.5,600.99,5.223,55.93,19.641,25.548,1.551,24.6,16.611,6087.15,98.97,629.91,4.706,56.38,19.648,25.606,1.629,24.58,16.624,SENSOR_DRIFT,1.0,1.0,1.0,1.0,1.0,0.0,20.0,30.0,-0.5
151.2,CLIMB,77.4,55.31,7960.0,14.08,75.996,0.9217,6079.86,79.5,600.97,5.223,55.92,19.64,25.548,1.55,24.6,16.61,6081.03,100.25,630.28,4.706,56.18,19.598,25.594,1.608,24.603,16.67,SENSOR_DRIFT,1.0,1.0,1.0,1.0,1.0,0.0,20.0,30.0,-0.5
151.3,CLIMB,77.39,55.3,7967.08,14.07,75.977,0.9215,6079.41,79.5,600.96,5.223,55.91,19.638,25.548,1.55,24.6,16.609,6071.77,99.58,631.96,4.754,55.92,19.564,25.525,1.62,24.541,16.55,SENSOR_DRIFT,1.0,1.0,1.0,1.0,1.0,0.0,20.0,30.0,-0.5
151.4,CLIMB,77.38,55.3,7974.17,14.05,75.957,0.9213,6078.95,79.5,600.94,5.223,55.89,19.637,25.548,1.55,24.6,16.608,6073.04,100.11,632.94,4.678,55.33,19.689,25.538,1.522,24.569,16.811,SENSOR_DRIFT,1.0,1.0,1.0,1.0,1.0,0.0,20.0,30.0,-0.5
151.5,CLIMB,77.38,55.29,7981.25,14.04,75.938,0.9212,6078.49,79.5,600.93,5.223,55.88,19.635,25.548,1.55,24.6,16.606,6075.67,100.01,632.77,4.748,55.46,19.489,25.579,1.519,24.541,16.422,SENSOR_DRIFT,1.0,1.0,1.0,1.0,1.0,0.0,20.0,30.0,-0.5
151.6,CLIMB,77.37,55.29,7988.33,14.02,75.918,0.921,6078.03,79.5,600.91,5.222,55.87,19.634,25.547,1.55,24.6,16.605,6081.34,99.62,632.6,4.748,55.89,19.613,25.45,1.553,24.656,16.718,SENSOR_DRIFT,1.0,1.0,1.0,1.0,1.0,0.0,20.0,30.0,-0.5
151.7,CLIMB,77.36,55.28,7995.42,14.01,75.899,0.9208,6077.57,79.5,600.9,5.222,55.86,19.633,25.547,1.55,24.6,16.604,6078.81,99.22,631.06,4.732,55.69,19.726,25.556,1.642,24.646,16.617,SENSOR_DRIFT,1.0,1.0,1.0,1.0,1.0,0.0,20.0,30.0,-0.5
151.8,CLIMB,77.35,55.28,8002.5,14.0,75.879,0.9206,6077.12,79.5,600.88,5.222,55.84,19.631,25.547,1.55,24.6,16.603,6073.93,99.23,631.43,4.679,55.9,19.587,25.543,1.585,24.641,16.63,SENSOR_DRIFT,1.0,1.0,1.0,1.0,1.0,0.0,20.0,30.0,-0.5
151.9,CLIMB,77.34,55.27,8009.58,13.98,75.86,0.9204,6076.66,79.49,600.86,5.222,55.83,19.63,25.547,1.55,24.6,16.601,6080.82,99.51,629.94,4.765,55.79,19.626,25.609,1.571,24.654,16.487,SENSOR_DRIFT,1.0,1.0,1.0,1.0,1.0,0.0,20.0,30.0,-0.5
152.0,CLIMB,77.33,55.27,8016.67,13.97,75.841,0.9202,6076.2,79.49,600.85,5.222,55.82,19.628,25.547,1.55,24.6,16.6,6079.97,98.41,631.96,4.743,56.13,19.542,25.619,1.579,24.625,16.363,SENSOR_DRIFT,1.0,1.0,1.0,1.0,1.0,0.0,20.0,30.0,-0.5
152.1,CLIMB,77.33,55.26,8023.75,13.95,75.821,0.92,6075.74,79.49,600.83,5.222,55.81,19.627,25.547,1.55,24.6,16.599,6081.65,99.89,630.21,4.757,55.92,19.539,25.542,1.547,24.639,16.56,SENSOR_DRIFT,1.0,1.0,1.0,1.0,1.0,0.0,20.0,30.0,-0.5
152.2,CLIMB,77.32,55.26,8030.83,13.94,75.802,0.9198,6075.29,79.49,600.82,5.221,55.79,19.625,25.546,1.55,24.6,16.598,6078.57,99.57,632.1,4.772,55.84,19.747,25.549,1.613,24.644,16.489,SENSOR_DRIFT,1.0,1.0,1.0,1.0,1.0,0.0,20.0,30.0,-0.5
152.3,CLIMB,77.31,55.25,8037.92,13.92,75.782,0.9196,6074.83,79.49,600.8,5.221,55.78,19.624,25.546,1.549,24.6,16.596,6080.46,99.47,632.75,4.691,56.39,19.661,25.563,1.562,24.588,16.595,SENSOR_DRIFT,1.0,1.0,1.0,1.0,1.0,0.0,20.0,30.0,-0.5
152.4,CLIMB,77.3,55.25,8045.0,13.91,75.763,0.9194,6074.37,79.49,600.79,5.221,55.77,19.623,25.546,1.549,24.6,16.595,6068.48,99.25,630.57,4.687,55.9,19.598,25.574,1.53,24.618,16.623,SENSOR_DRIFT,1.0,1.0,1.0,1.0,1.0,0.0,20.0,30.0,-0.5
152.5,CLIMB,77.29,55.24,8052.08,13.9,75.744,0.9193,6073.91,79.49,600.77,5.221,55.75,19.621,25.546,1.549,24.6,16.594,6072.53,99.38,630.91,4.7,56.06,19.516,25.544,1.515,24.535,16.541,SENSOR_DRIFT,1.0,1.0,1.0,1.0,1.0,0.0,20.0,30.0,-0.5
152.6,CLIMB,77.28,55.23,8059.17,13.88,75.724,0.9191,6073.46,79.49,600.76,5.221,55.74,19.62,25.546,1.549,24.6,16.593,6074.49,99.51,629.97,4.661,55.59,19.664,25.643,1.509,24.583,16.735,SENSOR_DRIFT,1.0,1.0,1.0,1.0,1.0,0.0,20.0,30.0,-0.5
152.7,CLIMB,77.28,55.23,8066.25,13.87,75.705,0.9189,6073.0,79.49,600.74,5.221,55.73,19.618,25.546,1.549,24.6,16.591,6077.15,98.81,632.47,4.776,55.33,19.675,25.59,1.506,24.605,16.589,SENSOR_DRIFT,1.0,1.0,1.0,1.0,1.0,0.0,20.0,30.0,-0.5
152.8,CLIMB,77.27,55.22,8073.33,13.85,75.685,0.9187,6072.54,79.49,600.73,5.221,55.72,19.617,25.545,1.549,24.6,16.59,6076.39,98.63,630.4,4.754,55.38,19.577,25.532,1.503,24.596,16.746,SENSOR_DRIFT,1.0,1.0,1.0,1.0,1.0,0.0,20.0,30.0,-0.5
152.9,CLIMB,77.26,55.22,8080.42,13.84,75.666,0.9185,6072.09,79.49,600.71,5.22,55.7,19.616,25.545,1.549,24.6,16.589,6072.21,99.21,631.59,4.806,55.51,19.468,25.666,1.467,24.562,16.612,SENSOR_DRIFT,1.0,1.0,1.0,1.0,1.0,0.0,20.0,30.0,-0.5
153.0,CLIMB,77.25,55.21,8087.5,13.83,75.647,0.9183,6071.63,79.49,600.7,5.22,55.69,19.614,25.545,1.549,24.6,16.588,6066.46,99.82,632.54,4.715,55.1,19.37,25.551,1.445,24.559,16.509,SENSOR_DRIFT,1.0,1.0,1.0,1.0,1.0,0.0,20.0,30.0,-0.5
153.1,CLIMB,77.24,55.21,8094.58,13.81,75.627,0.9181,6071.17,79.49,600.68,5.22,55.68,19.613,25.545,1.549,24.6,16.586,6076.48,99.5,631.52,4.733,55.58,19.663,25.552,1.461,24.641,16.531,SENSOR_DRIFT,1.0,1.0,1.0,1.0,1.0,0.0,20.0,30.0,-0.5
153.2,CLIMB,77.23,55.2,8101.67,13.8,75.608,0.9179,6070.71,79.48,600.66,5.22,55.67,19.611,25.545,1.549,24.6,16.585,6069.84,99.16,632.48,4.738,55.46,19.595,25.587,1.543,24.574,16.774,SENSOR_DRIFT,1.0,1.0,1.0,1.0,1.0,0.0,20.0,30.0,-0.5
153.3,CLIMB,77.23,55.2,8108.75,13.78,75.589,0.9177,6070.26,79.48,600.65,5.22,55.65,19.61,25.545,1.549,24.6,16.584,6058.22,99.34,631.36,4.722,55.26,19.581,25.609,1.584,24.544,16.533,SENSOR_DRIFT,1.0,1.0,1.0,1.0,1.0,0.0,20.0,30.0,-0.5
153.4,CLIMB,77.22,55.19,8115.83,13.77,75.569,0.9175,6069.8,79.48,600.63,5.22,55.64,19.609,25.544,1.549,24.6,16.583,6074.42,99.43,628.67,4.749,55.82,19.772,25.489,1.595,24.606,16.46,SENSOR_DRIFT,1.0,1.0,1.0,1.0,1.0,0.0,20.0,30.0,-0.5
153.5,CLIMB,77.21,55.19,8122.92,13.75,75.55,0.9174,6069.34,79.48,600.62,5.22,55.63,19.607,25.544,1.548,24.6,16.581,6067.62,99.23,631.63,4.73,55.41,19.71,25.524,1.6,24.587,16.476,SENSOR_DRIFT,1.0,1.0,1.0,1.0,1.0,0.0,20.0,30.0,-0.5
153.6,CLIMB,77.2,55.18,8130.0,13.74,75.531,0.9172,6068.88,79.48,600.6,5.219,55.61,19.606,25.544,1.548,24.6,16.58,6067.82,99.09,630.26,4.7,55.53,19.747,25.556,1.468,24.623,16.681,SENSOR_DRIFT,1.0,1.0,1.0,1.0,1.0,0.0,20.0,30.0,-0.5
153.7,CLIMB,77.19,55.17,8137.08,13.73,75.511,0.917,6068.43,79.48,600.59,5.219,55.6,19.604,25.544,1.548,24.6,16.579,6068.58,99.51,632.94,4.682,55.69,19.674,25.52,1.577,24.696,16.445,SENSOR_DRIFT,1.0,1.0,1.0,1.0,1.0,0.0,20.0,30.0,-0.5
153.8,CLIMB,77.18,55.17,8144.17,13.71,75.492,0.9168,6067.97,79.48,600.57,5.219,55.59,19.603,25.544,1.548,24.6,16.578,6075.99,100.08,629.9,4.72,55.16,19.475,25.49,1.595,24.642,16.497,SENSOR_DRIFT,1.0,1.0,1.0,1.0,1.0,0.0,20.0,30.0,-0.5
153.9,CLIMB,77.18,55.16,8151.25,13.7,75.473,0.9166,6067.51,79.48,600.56,5.219,55.58,19.602,25.544,1.548,24.6,16.576,6067.01,98.54,628.3,4.755,55.67,19.667,25.567,1.529,24.657,16.578,SENSOR_DRIFT,1.0,1.0,1.0,1.0,1.0,0.0,20.0,30.0,-0.5
154.0,CLIMB,77.17,55.16,8158.33,13.68,75.453,0.9164,6067.06,79.48,600.54,5.219,55.56,19.6,25.543,1.548,24.6,16.575,6065.49,99.2,630.7,4.692,55.55,19.65,25.482,1.542,24.545,16.519,SENSOR_DRIFT,1.0,1.0,1.0,1.0,1.0,0.0,20.0,30.0,-0.5
154.1,CLIMB,77.16,55.15,8165.42,13.67,75.434,0.9162,6066.6,79.48,600.53,5.219,55.55,19.599,25.543,1.548,24.6,16.574,6067.94,99.91,631.09,4.656,55.28,19.594,25.562,1.483,24.622,16.486,SENSOR_DRIFT,1.0,1.0,1.0,1.0,1.0,0.0,20.0,30.0,-0.5
154.2,CLIMB,77.15,55.15,8172.5,13.66,75.415,0.916,6066.14,79.48,600.51,5.219,55.54,19.597,25.543,1.548,24.6,16.573,6065.69,100.01,628.08,4.713,55.77,19.524,25.45,1.526,24.609,16.509,SENSOR_DRIFT,1.0,1.0,1.0,1.0,1.0,0.0,20.0,30.0,-0.5
154.3,CLIMB,77.14,55.14,8179.58,13.64,75.395,0.9158,6065.69,79.48,600.5,5.218,55.53,19.596,25.543,1.548,24.6,16.571,6067.03,100.0,631.6,4.709,55.76,19.584,25.629,1.577,24.591,16.659,SENSOR_DRIFT,1.0,1.0,1.0,1.0,1.0,0.0,20.0,30.0,-0.5
154.4,CLIMB,77.13,55.14,8186.67,13.63,75.376,0.9157,6065.23,79.47,600.48,5.218,55.51,19.595,25.543,1.548,24.6,16.57,6060.64,100.11,629.4,4.681,55.51,19.576,25.595,1.521,24.556,16.519,SENSOR_DRIFT,1.0,1.0,1.0,1.0,1.0,0.0,20.0,30.0,-0.5
154.5,CLIMB,77.13,55.13,8193.75,13.61,75.357,0.9155,6064.77,79.47,600.46,5.218,55.5,19.593,25.543,1.548,24.6,16.569,6060.73,100.14,628.83,4.697,55.64,19.713,25.481,1.576,24.61,16.469,SENSOR_DRIFT,1.0,1.0,1.0,1.0,1.0,0.0,20.0,30.0,-0.5
154.6,CLIMB,77.12,55.13,8200.83,13.6,75.337,0.9153,6064.31,79.47,600.45,5.218,55.49,19.592,25.542,1.547,24.6,16.568,6069.54,99.9,627.78,4.745,55.61,19.487,25.467,1.581,24.456,16.58,SENSOR_DRIFT,1.0,1.0,1.0,1.0,1.0,0.0,20.0,30.0,-0.5
154.7,CLIMB,77.11,55.12,8207.92,13.58,75.318,0.9151,6063.86,79.47,600.43,5.218,55.47,19.59,25.542,1.547,24.6,16.566,6071.01,99.51,630.58,4.759,55.49,19.648,25.552,1.514,24.579,16.563,SENSOR_DRIFT,1.0,1.0,1.0,1.0,1.0,0.0,20.0,30.0,-0.5
154.8,CLIMB,77.1,55.12,8215.0,13.57,75.299,0.9149,6063.4,79.47,600.42,5.218,55.46,19.589,25.542,1.547,24.6,16.565,6052.66,99.77,630.52,4.752,55.32,19.684,25.551,1.516,24.643,16.575,SENSOR_DRIFT,1.0,1.0,1.0,1.0,1.0,0.0,20.0,30.0,-0.5
154.9,CLIMB,77.09,55.11,8222.08,13.56,75.28,0.9147,6062.94,79.47,600.4,5.218,55.45,19.587,25.542,1.547,24.6,16.564,6062.15,99.83,627.84,4.735,55.43,19.739,25.547,1.585,24.64,16.608,SENSOR_DRIFT,1.0,1.0,1.0,1.0,1.0,0.0,20.0,30.0,-0.5
155.0,CLIMB,77.08,55.1,8229.17,13.54,75.26,0.9145,6062.49,79.47,600.39,5.217,55.44,19.586,25.542,1.547,24.6,16.563,6060.26,99.72,631.54,4.672,55.33,19.503,25.512,1.514,24.474,16.673,SENSOR_DRIFT,1.0,1.0,1.0,1.0,1.0,0.0,20.0,30.0,-0.5
155.1,CLIMB,77.08,55.1,8236.25,13.53,75.241,0.9143,6062.03,79.47,600.37,5.217,55.42,19.585,25.542,1.547,24.6,16.561,6063.51,99.22,630.38,4.697,55.37,19.73,25.585,1.542,24.591,16.671,SENSOR_DRIFT,1.0,1.0,1.0,1.0,1.0,0.0,20.0,30.0,-0.5
155.2,CLIMB,77.07,55.09,8243.33,13.51,75.222,0.9141,6061.57,79.47,600.36,5.217,55.41,19.583,25.541,1.547,24.6,16.56,6062.45,99.2,628.66,4.711,55.69,19.62,25.537,1.534,24.602,16.762,SENSOR_DRIFT,1.0,1.0,1.0,1.0,1.0,0.0,20.0,30.0,-0.5
155.3,CLIMB,77.06,55.09,8250.42,13.5,75.203,0.914,6061.12,79.47,600.34,5.217,55.4,19.582,25.541,1.547,24.6,16.559,6056.65,99.99,629.42,4.713,55.54,19.587,25.574,1.514,24.643,16.549,SENSOR_DRIFT,1.0,1.0,1.0,1.0,1.0,0.0,20.0,30.0,-0.5
155.4,CLIMB,77.05,55.08,8257.5,13.49,75.183,0.9138,6060.66,79.47,600.33,5.217,55.39,19.58,25.541,1.547,24.6,16.558,6054.5,99.69,628.93,4.723,55.4,19.518,25.572,1.542,24.536,16.472,SENSOR_DRIFT,1.0,1.0,1.0,1.0,1.0,0.0,20.0,30.0,-0.5
155.5,CLIMB,77.04,55.08,8264.58,13.47,75.164,0.9136,6060.2,79.47,600.31,5.217,55.37,19.579,25.541,1.547,24.6,16.556,6059.42,99.86,629.03,4.75,55.19,19.611,25.659,1.571,24.532,16.667,SENSOR_DRIFT,1.0,1.0,1.0,1.0,1.0,0.0,20.0,30.0,-0.5
155.6,CLIMB,77.03,55.07,8271.67,13.46,75.145,0.9134,6059.75,79.46,600.29,5.217,55.36,19.578,25.541,1.547,24.6,16.555,6063.2,99.04,630.44,4.73,55.69,19.565,25.527,1.605,24.637,16.376,SENSOR_DRIFT,1.0,1.0,1.0,1.0,1.0,0.0,20.0,30.0,-0.5
155.7,CLIMB,77.03,55.07,8278.75,13.44,75.126,0.9132,6059.29,79.46,600.28,5.216,55.35,19.576,25.541,1.546,24.6,16.554,6061.47,99.67,629.34,4.756,55.15,19.693,25.524,1.599,24.575,16.579,SENSOR_DRIFT,1.0,1.0,1.0,1.0,1.0,0.0,20.0,30.0,-0.5
155.8,CLIMB,77.02,55.06,8285.83,13.43,75.106,0.913,6058.83,79.46,600.26,5.216,55.33,19.575,25.54,1.546,24.6,16.553,6063.8,99.55,630.94,4.731,55.32,19.691,25.543,1.539,24.661,16.643,SENSOR_DRIFT,1.0,1.0,1.0,1.0,1.0,0.0,20.0,30.0,-0.5
155.9,CLIMB,77.01,55.06,8292.92,13.41,75.087,0.9128,6058.38,79.46,600.25,5.216,55.32,19.573,25.54,1.546,24.6,16.551,6054.91,99.2,628.75,4.745,55.17,19.616,25.516,1.553,24.574,16.475,SENSOR_DRIFT,1.0,1.0,1.0,1.0,1.0,0.0,20.0,30.0,-0.5
156.0,CLIMB,77.0,55.05,8300.0,13.4,75.068,0.9126,6057.92,79.46,600.23,5.216,55.31,19.572,25.54,1.546,24.6,16.55,6055.88,100.16,630.15,4.675,55.66,19.506,25.592,1.625,24.673,16.438,SENSOR_DRIFT,1.0,1.0,1.0,1.0,1.0,0.0,20.0,30.0,-0.5
156.1,CLIMB,76.99,55.04,8307.08,13.39,75.049,0.9124,6057.46,79.46,600.22,5.216,55.3,19.571,25.54,1.546,24.6,16.549,6055.13,98.5,630.87,4.667,55.37,19.592,25.572,1.485,24.548,16.64,SENSOR_DRIFT,1.0,1.0,1.0,1.0,1.0,0.0,20.0,30.0,-0.5
156.2,CLIMB,76.98,55.04,8314.17,13.37,75.03,0.9123,6057.01,79.46,600.2,5.216,55.28,19.569,25.54,1.546,24.6,16.548,6059.67,99.52,628.89,4.673,55.47,19.408,25.534,1.508,24.655,16.373,SENSOR_DRIFT,1.0,1.0,1.0,1.0,1.0,0.0,20.0,30.0,-0.5
156.3,CLIMB,76.98,55.03,8321.25,13.36,75.01,0.9121,6056.55,79.46,600.19,5.215,55.27,19.568,25.54,1.546,24.6,16.546,6052.42,99.73,629.9,4.717,55.49,19.363,25.542,1.542,24.588,16.538,SENSOR_DRIFT,1.0,1.0,1.0,1.0,1.0,0.0,20.0,30.0,-0.5
156.4,CLIMB,76.97,55.03,8328.33,13.34,74.991,0.9119,6056.09,79.46,600.17,5.215,55.26,19.566,25.539,1.546,24.6,16.545,6047.67,99.59,630.63,4.683,55.19,19.605,25.54,1.556,24.608,16.532,SENSOR_DRIFT,1.0,1.0,1.0,1.0,1.0,0.0,20.0,30.0,-0.5
156.5,CLIMB,76.96,55.02,8335.42,13.33,74.972,0.9117,6055.64,79.46,600.16,5.215,55.24,19.565,25.539,1.546,24.6,16.544,6052.16,98.91,631.93,4.673,54.89,19.476,25.573,1.529,24.526,16.499,SENSOR_DRIFT,1.0,1.0,1.0,1.0,1.0,0.0,20.0,30.0,-0.5
156.6,CLIMB,76.95,55.02,8342.5,13.32,74.953,0.9115,6055.18,79.46,600.14,5.215,55.23,19.564,25.539,1.546,24.6,16.543,6051.86,99.73,627.71,4.684,55.13,19.714,25.543,1.528,24.608,16.614,SENSOR_DRIFT,1.0,1.0,1.0,1.0,1.0,0.0,20.0,30.0,-0.5
156.7,CLIMB,76.94,55.01,8349.58,13.3,74.934,0.9113,6054.72,79.46,600.13,5.215,55.22,19.562,25.539,1.546,24.6,16.541,6049.65,99.37,630.92,4.742,55.16,19.794,25.542,1.567,24.627,16.542,SENSOR_DRIFT,1.0,1.0,1.0,1.0,1.0,0.0,20.0,30.0,-0.5
156.8,CLIMB,76.93,55.01,8356.67,13.29,74.914,0.9111,6054.27,79.45,600.11,5.215,55.21,19.561,25.539,1.545,24.6,16.54,6060.11,100.0,628.82,4.677,54.79,19.395,25.511,1.46,24.642,16.566,SENSOR_DRIFT,1.0,1.0,1.0,1.0,1.0,0.0,20.0,30.0,-0.5
156.9,CLIMB,76.93,55.0,8363.75,13.27,74.895,0.9109,6053.81,79.45,600.09,5.215,55.19,19.559,25.539,1.545,24.6,16.539,6051.64,99.72,631.46,4.717,55.81,19.787,25.473,1.593,24.589,16.545,SENSOR_DRIFT,1.0,1.0,1.0,1.0,1.0,0.0,20.0,30.0,-0.5
157.0,CLIMB,76.92,55.0,8370.83,13.26,74.876,0.9108,6053.36,79.45,600.08,5.214,55.18,19.558,25.538,1.545,24.6,16.538,6056.71,98.9,629.28,4.727,55.52,19.595,25.557,1.571,24.506,16.438,SENSOR_DRIFT,1.0,1.0,1.0,1.0,1.0,0.0,20.0,30.0,-0.5
157.1,CLIMB,76.91,54.99,8377.92,13.24,74.857,0.9106,6052.9,79.45,600.06,5.214,55.17,19.556,25.538,1.545,24.6,16.536,6053.32,100.25,630.3,4.662,55.1,19.48,25.514,1.482,24.541,16.705,SENSOR_DRIFT,1.0,1.0,1.0,1.0,1.0,0.0,20.0,30.0,-0.5
157.2,CLIMB,76.9,54.99,8385.0,13.23,74.838,0.9104,6052.44,79.45,600.05,5.214,55.15,19.555,25.538,1.545,24.6,16.535,6063.23,99.34,629.82,4.724,55.42,19.507,25.461,1.465,24.603,16.459,SENSOR_DRIFT,1.0,1.0,1.0,1.0,1.0,0.0,20.0,30.0,-0.5
157.3,CLIMB,76.89,54.98,8392.08,13.22,74.819,0.9102,6051.99,79.45,600.03,5.214,55.14,19.554,25.538,1.545,24.6,16.534,6054.28,99.56,633.42,4.726,55.18,19.793,25.531,1.606,24.591,16.278,SENSOR_DRIFT,1.0,1.0,1.0,1.0,1.0,0.0,20.0,30.0,-0.5
157.4,CLIMB,76.88,54.97,8399.17,13.2,74.799,0.91,6051.53,79.45,600.02,5.214,55.13,19.552,25.538,1.545,24.6,16.533,6049.95,99.19,628.09,4.696,54.68,19.52,25.517,1.615,24.576,16.426,SENSOR_DRIFT,1.0,1.0,1.0,1.0,1.0,0.0,20.0,30.0,-0.5
157.5,CLIMB,76.88,54.97,8406.25,13.19,74.78,0.9098,6051.07,79.45,600.0,5.214,55.12,19.551,25.538,1.545,24.6,16.531,6052.8,98.95,630.06,4.694,55.0,19.511,25.544,1.54,24.577,16.561,SENSOR_DRIFT,1.0,1.0,1.0,1.0,1.0,0.0,20.0,30.0,-0.5
157.6,CLIMB,76.87,54.96,8413.33,13.17,74.761,0.9096,6050.62,79.45,599.99,5.214,55.1,19.549,25.537,1.545,24.6,16.53,6048.12,99.3,626.93,4.702,55.28,19.67,25.565,1.467,24.645,16.384,SENSOR_DRIFT,1.0,1.0,1.0,1.0,1.0,0.0,20.0,30.0,-0.5
157.7,CLIMB,76.86,54.96,8420.42,13.16,74.742,0.9094,6050.16,79.45,599.97,5.213,55.09,19.548,25.537,1.545,24.6,16.529,6050.28,99.4,629.91,4.686,54.85,19.469,25.579,1.527,24.634,16.689,SENSOR_DRIFT,1.0,1.0,1.0,1.0,1.0,0.0,20.0,30.0,-0.5
157.8,CLIMB,76.85,54.95,8427.5,13.15,74.723,0.9092,6049.71,79.45,599.96,5.213,55.08,19.547,25.537,1.545,24.6,16.528,6046.69,100.16,629.85,4.728,54.96,19.635,25.556,1.534,24.545,16.318,SENSOR_DRIFT,1.0,1.0,1.0,1.0,1.0,0.0,20.0,30.0,-0.5
157.9,CLIMB,76.84,54.95,8434.58,13.13,74.704,0.9091,6049.25,79.45,599.94,5.213,55.06,19.545,25.537,1.545,24.6,16.526,6049.61,99.92,627.68,4.797,55.63,19.558,25.534,1.524,24.522,16.576,SENSOR_DRIFT,1.0,1.0,1.0,1.0,1.0,0.0,20.0,30.0,-0.5
158.0,CLIMB,76.83,54.94,8441.67,13.12,74.685,0.9089,6048.79,79.45,599.92,5.213,55.05,19.544,25.537,1.544,24.6,16.525,6045.88,99.75,629.83,4.704,55.09,19.669,25.468,1.521,24.705,16.468,SENSOR_DRIFT,1.0,1.0,1.0,1.0,1.0,0.0,20.0,30.0,-0.5
158.1,CLIMB,76.83,54.94,8448.75,13.1,74.666,0.9087,6048.34,79.44,599.91,5.213,55.04,19.542,25.537,1.544,24.6,16.524,6048.08,98.96,629.05,4.689,55.06,19.562,25.556,1.565,24.575,16.659,SENSOR_DRIFT,1.0,1.0,1.0,1.0,1.0,0.0,20.0,30.0,-0.5
158.2,CLIMB,76.82,54.93,8455.83,13.09,74.646,0.9085,6047.88,79.44,599.89,5.213,55.03,19.541,25.536,1.544,24.6,16.523,6044.88,99.14,630.89,4.694,55.27,19.633,25.569,1.657,24.526,16.467,SENSOR_DRIFT,1.0,1.0,1.0,1.0,1.0,0.0,20.0,30.0,-0.5
158.3,CLIMB,76.81,54.93,8462.92,13.07,74.627,0.9083,6047.43,79.44,599.88,5.213,55.01,19.54,25.536,1.544,24.6,16.521,6047.45,99.82,630.29,4.723,55.2,19.517,25.588,1.522,24.61,16.434,SENSOR_DRIFT,1.0,1.0,1.0,1.0,1.0,0.0,20.0,30.0,-0.5
158.4,CLIMB,76.8,54.92,8470.0,13.06,74.608,0.9081,6046.97,79.44,599.86,5.212,55.0,19.538,25.536,1.544,24.6,16.52,6045.85,98.58,628.68,4.706,54.54,19.567,25.524,1.694,24.538,16.501,SENSOR_DRIFT,1.0,1.0,1.0,1.0,1.0,0.0,20.0,30.0,-0.5
158.5,CLIMB,76.79,54.91,8477.08,13.05,74.589,0.9079,6046.51,79.44,599.85,5.212,54.99,19.537,25.536,1.544,24.6,16.519,6045.09,99.57,629.8,4.719,54.66,19.522,25.578,1.521,24.609,16.505,SENSOR_DRIFT,1.0,1.0,1.0,1.0,1.0,0.0,20.0,30.0,-0.5
158.6,CLIMB,76.78,54.91,8484.17,13.03,74.57,0.9077,6046.06,79.44,599.83,5.212,54.97,19.535,25.536,1.544,24.6,16.518,6050.36,99.52,627.03,4.692,55.13,19.579,25.548,1.544,24.587,16.422,SENSOR_DRIFT,1.0,1.0,1.0,1.0,1.0,0.0,20.0,30.0,-0.5
158.7,CLIMB,76.78,54.9,8491.25,13.02,74.551,0.9076,6045.6,79.44,599.82,5.212,54.96,19.534,25.536,1.544,24.6,16.516,6056.58,100.23,628.78,4.733,55.06,19.52,25.516,1.589,24.55,16.339,SENSOR_DRIFT,1.0,1.0,1.0,1.0,1.0,0.0,20.0,30.0,-0.5
158.8,CLIMB,76.77,54.9,8498.33,13.0,74.532,0.9074,6045.15,79.44,599.8,5.212,54.95,19.533,25.535,1.544,24.6,16.515,6040.52,98.55,628.11,4.697,54.85,19.35,25.557,1.588,24.59,16.587,SENSOR_DRIFT,1.0,1.0,1.0,1.0,1.0,0.0,20.0,30.0,-0.5
158.9,CLIMB,76.76,54.89,8505.42,12.99,74.513,0.9072,6044.69,79.44,599.79,5.212,54.94,19.531,25.535,1.544,24.6,16.514,6046.51,99.54,628.94,4.7,55.62,19.785,25.493,1.552,24.619,16.643,SENSOR_DRIFT,1.0,1.0,1.0,1.0,1.0,0.0,20.0,30.0,-0.5
159.0,CLIMB,76.75,54.89,8512.5,12.98,74.494,0.907,6044.23,79.44,599.77,5.212,54.92,19.53,25.535,1.544,24.6,16.513,6045.05,99.25,630.59,4.757,54.74,19.702,25.55,1.633,24.635,16.412,SENSOR_DRIFT,1.0,1.0,1.0,1.0,1.0,0.0,20.0,30.0,-0.5
159.1,CLIMB,76.74,54.88,8519.58,12.96,74.475,0.9068,6043.78,79.44,599.75,5.211,54.91,19.528,25.535,1.543,24.6,16.511,6042.38,99.36,629.19,4.719,55.05,19.478,25.603,1.555,24.659,16.464,SENSOR_DRIFT,1.0,1.0,1.0,1.0,1.0,0.0,20.0,30.0,-0.5
159.2,CLIMB,76.73,54.88,8526.67,12.95,74.456,0.9066,6043.32,79.44,599.74,5.211,54.9,19.527,25.535,1.543,24.6,16.51,6043.97,99.36,628.41,4.695,54.56,19.575,25.456,1.547,24.626,16.435,SENSOR_DRIFT,1.0,1.0,1.0,1.0,1.0,0.0,20.0,30.0,-0.5
159.3,CLIMB,76.73,54.87,8533.75,12.93,74.437,0.9064,6042.87,79.43,599.72,5.211,54.88,19.525,25.535,1.543,24.6,16.509,6037.87,100.06,632.33,4.713,54.84,19.637,25.582,1.565,24.615,16.614,SENSOR_DRIFT,1.0,1.0,1.0,1.0,1.0,0.0,20.0,30.0,-0.5
159.4,CLIMB,76.72,54.87,8540.83,12.92,74.417,0.9062,6042.41,79.43,599.71,5.211,54.87,19.524,25.534,1.543,24.6,16.508,6048.05,99.4,627.49,4.71,55.08,19.639,25.58,1.563,24.611,16.705,SENSOR_DRIFT,1.0,1.0,1.0,1.0,1.0,0.0,20.0,30.0,-0.5
159.5,CLIMB,76.71,54.86,8547.92,12.9,74.398,0.9061,6041.96,79.43,599.69,5.211,54.86,19.523,25.534,1.543,24.6,16.506,6034.97,99.71,630.1,4.734,54.83,19.674,25.475,1.596,24.62,16.589,SENSOR_DRIFT,1.0,1.0,1.0,1.0,1.0,0.0,20.0,30.0,-0.5
159.6,CLIMB,76.7,54.86,8555.0,12.89,74.379,0.9059,6041.5,79.43,599.68,5.211,54.85,19.521,25.534,1.543,24.6,16.505,6040.39,99.01,628.07,4.71,55.07,19.434,25.521,1.569,24.561,16.395,SENSOR_DRIFT,1.0,1.0,1.0,1.0,1.0,0.0,20.0,30.0,-0.5
159.7,CLIMB,76.69,54.85,8562.08,12.88,74.36,0.9057,6041.04,79.43,599.66,5.211,54.83,19.52,25.534,1.543,24.6,16.504,6042.4,99.78,628.29,4.684,54.7,19.404,25.562,1.546,24.652,16.573,SENSOR_DRIFT,1.0,1.0,1.0,1.0,1.0,0.0,20.0,30.0,-0.5
159.8,CLIMB,76.68,54.84,8569.17,12.86,74.341,0.9055,6040.59,79.43,599.65,5.21,54.82,19.518,25.534,1.543,24.6,16.503,6033.39,99.37,630.23,4.715,54.14,19.596,25.513,1.603,24.525,16.314,SENSOR_DRIFT,1.0,1.0,1.0,1.0,1.0,0.0,20.0,30.0,-0.5
159.9,CLIMB,76.68,54.84,8576.25,12.85,74.322,0.9053,6040.13,79.43,599.63,5.21,54.81,19.517,25.534,1.543,24.6,16.501,6041.04,98.73,626.53,4.736,54.71,19.581,25.548,1.594,24.609,16.535,SENSOR_DRIFT,1.0,1.0,1.0,1.0,1.0,0.0,20.0,30.0,-0.5
160.0,CLIMB,76.67,54.83,8583.33,12.83,74.303,0.9051,6039.68,79.43,599.62,5.21,54.79,19.516,25.533,1.543,24.6,16.5,6037.8,99.49,631.12,4.695,54.62,19.581,25.541,1.496,24.614,16.537,SENSOR_DRIFT,1.0,1.0,1.0,1.0,1.0,0.0,20.0,30.0,-0.5
160.1,CLIMB,76.66,54.83,8590.42,12.82,74.284,0.9049,6039.22,79.43,599.6,5.21,54.78,19.514,25.533,1.543,24.6,16.499,6044.21,99.68,632.24,4.752,54.93,19.53,25.484,1.602,24.57,16.463,SENSOR_DRIFT,1.0,1.0,1.0,1.0,1.0,0.0,20.0,30.0,-0.5
160.2,CLIMB,76.65,54.82,8597.5,12.81,74.265,0.9048,6038.77,79.43,599.58,5.21,54.77,19.513,25.533,1.542,24.6,16.498,6050.09,99.58,629.17,4.67,54.77,19.502,25.535,1.542,24.574,16.46,SENSOR_DRIFT,1.0,1.0,1.0,1.0,1.0,0.0,20.0,30.0,-0.5
160.3,CLIMB,76.64,54.82,8604.58,12.79,74.246,0.9046,6038.31,79.43,599.57,5.21,54.76,19.511,25.533,1.542,24.6,16.496,6034.81,99.54,630.19,4.726,55.19,19.563,25.602,1.468,24.608,16.525,SENSOR_DRIFT,1.0,1.0,1.0,1.0,1.0,0.0,20.0,30.0,-0.5
160.4,CLIMB,76.63,54.81,8611.67,12.78,74.227,0.9044,6037.85,79.43,599.55,5.21,54.74,19.51,25.533,1.542,24.6,16.495,6036.11,99.51,629.86,4.73,54.46,19.502,25.504,1.472,24.535,16.478,SENSOR_DRIFT,1.0,1.0,1.0,1.0,1.0,0.0,20.0,30.0,-0.5
160.5,CLIMB,76.63,54.81,8618.75,12.76,74.208,0.9042,6037.4,79.42,599.54,5.209,54.73,19.509,25.533,1.542,24.6,16.494,6037.44,99.36,632.45,4.714,54.76,19.502,25.607,1.562,24.619,16.538,SENSOR_DRIFT,1.0,1.0,1.0,1.0,1.0,0.0,20.0,30.0,-0.5
160.6,CLIMB,76.62,54.8,8625.83,12.75,74.189,0.904,6036.94,79.42,599.52,5.209,54.72,19.507,25.532,1.542,24.6,16.493,6040.24,99.59,628.93,4.747,54.43,19.62,25.568,1.555,24.595,16.266,SENSOR_DRIFT,1.0,1.0,1.0,1.0,1.0,0.0,20.0,30.0,-0.5
160.7,CLIMB,76.61,54.8,8632.92,12.73,74.17,0.9038,6036.49,79.42,599.51,5.209,54.7,19.506,25.532,1.542,24.6,16.491,6040.25,99.67,628.96,4.686,54.55,19.474,25.468,1.474,24.573,16.411,SENSOR_DRIFT,1.0,1.0,1.0,1.0,1.0,0.0,20.0,30.0,-0.5
160.8,CLIMB,76.6,54.79,8640.0,12.72,74.151,0.9036,6036.03,79.42,599.49,5.209,54.69,19.504,25.532,1.542,24.6,16.49,6044.34,99.12,628.71,4.719,54.49,19.392,25.506,1.501,24.579,16.474,SENSOR_DRIFT,1.0,1.0,1.0,1.0,1.0,0.0,20.0,30.0,-0.5
160.9,CLIMB,76.59,54.78,8647.08,12.71,74.132,0.9034,6035.58,79.42,599.48,5.209,54.68,19.503,25.532,1.542,24.6,16.489,6029.22,99.56,630.32,4.77,54.75,19.358,25.54,1.625,24.521,16.384,SENSOR_DRIFT,1.0,1.0,1.0,1.0,1.0,0.0,20.0,30.0,-0.5
161.0,CLIMB,76.58,54.78,8654.17,12.69,74.113,0.9033,6035.12,79.42,599.46,5.209,54.67,19.501,25.532,1.542,24.6,16.488,6030.56,99.11,631.66,4.705,54.28,19.358,25.574,1.548,24.602,16.591,SENSOR_DRIFT,1.0,1.0,1.0,1.0,1.0,0.0,20.0,30.0,-0.5
161.1,CLIMB,76.58,54.77,8661.25,12.68,74.094,0.9031,6034.67,79.42,599.45,5.209,54.65,19.5,25.532,1.542,24.6,16.486,6036.19,98.46,630.0,4.71,54.56,19.565,25.477,1.521,24.695,16.436,SENSOR_DRIFT,1.0,1.0,1.0,1.0,1.0,0.0,20.0,30.0,-0.5
161.2,CLIMB,76.57,54.77,8668.33,12.66,74.075,0.9029,6034.21,79.42,599.43,5.208,54.64,19.499,25.531,1.542,24.6,16.485,6024.53,100.14,630.24,4.671,54.6,19.302,25.556,1.554,24.562,16.278,SENSOR_DRIFT,1.0,1.0,1.0,1.0,1.0,0.0,20.0,30.0,-0.5
161.3,CLIMB,76.56,54.76,8675.42,12.65,74.056,0.9027,6033.76,79.42,599.41,5.208,54.63,19.497,25.531,1.541,24.6,16.484,6036.31,99.31,630.41,4.676,54.37,19.479,25.518,1.512,24.683,16.504,SENSOR_DRIFT,1.0,1.0,1.0,1.0,1.0,0.0,20.0,30.0,-0.5
161.4,CLIMB,76.55,54.76,8682.5,12.64,74.037,0.9025,6033.3,79.42,599.4,5.208,54.61,19.496,25.531,1.541,24.6,16.483,6039.38,98.77,630.86,4.747,54.28,19.369,25.522,1.546,24.562,16.505,SENSOR_DRIFT,1.0,1.0,1.0,1.0,1.0,0.0,20.0,30.0,-0.5
161.5,CLIMB,76.54,54.75,8689.58,12.62,74.019,0.9023,6032.85,79.42,599.38,5.208,54.6,19.494,25.531,1.541,24.6,16.481,6040.83,99.5,626.66,4.718,54.86,19.302,25.485,1.492,24.506,16.566,SENSOR_DRIFT,1.0,1.0,1.0,1.0,1.0,0.0,20.0,30.0,-0.5
161.6,CLIMB,76.53,54.75,8696.67,12.61,74.0,0.9021,6032.39,79.42,599.37,5.208,54.59,19.493,25.531,1.541,24.6,16.48,6031.25,99.63,629.24,4.761,54.96,19.572,25.505,1.492,24.639,16.404,SENSOR_DRIFT,1.0,1.0,1.0,1.0,1.0,0.0,20.0,30.0,-0.5
161.7,CLIMB,76.53,54.74,8703.75,12.59,73.981,0.902,6031.94,79.41,599.35,5.208,54.58,19.492,25.531,1.541,24.6,16.479,6038.48,99.72,630.03,4.696,54.01,19.636,25.563,1.474,24.566,16.603,SENSOR_DRIFT,1.0,1.0,1.0,1.0,1.0,0.0,20.0,30.0,-0.5
161.8,CLIMB,76.52,54.74,8710.83,12.58,73.962,0.9018,6031.48,79.41,599.34,5.208,54.56,19.49,25.53,1.541,24.6,16.478,6043.33,99.64,626.82,4.699,53.91,19.325,25.523,1.58,24.598,16.506,SENSOR_DRIFT,1.0,1.0,1.0,1.0,1.0,0.0,20.0,30.0,-0.5
161.9,CLIMB,76.51,54.73,8717.92,12.56,73.943,0.9016,6031.03,79.41,599.32,5.207,54.55,19.489,25.53,1.541,24.6,16.476,6033.27,98.58,627.79,4.676,53.65,19.286,25.56,1.542,24.642,16.562,SENSOR_DRIFT,1.0,1.0,1.0,1.0,1.0,0.0,20.0,30.0,-0.5
162.0,CLIMB,76.5,54.73,8725.0,12.55,73.924,0.9014,6030.57,79.41,599.31,5.207,54.54,19.487,25.53,1.541,24.6,16.475,6032.8,99.56,628.75,4.698,54.5,19.417,25.62,1.524,24.55,16.54,SENSOR_DRIFT,1.0,1.0,1.0,1.0,1.0,0.0,20.0,30.0,-0.5
162.1,CLIMB,76.49,54.72,8732.08,12.54,73.905,0.9012,6030.11,79.41,599.29,5.207,54.52,19.486,25.53,1.541,24.6,16.474,6029.7,100.12,627.41,4.71,54.77,19.613,25.586,1.568,24.573,16.642,SENSOR_DRIFT,1.0,1.0,1.0,1.0,1.0,0.0,20.0,30.0,-0.5
162.2,CLIMB,76.48,54.71,8739.17,12.52,73.886,0.901,6029.66,79.41,599.28,5.207,54.51,19.485,25.53,1.541,24.6,16.473,6033.37,98.98,626.84,4.744,54.4,19.489,25.557,1.475,24.7,16.492,SENSOR_DRIFT,1.0,1.0,1.0,1.0,1.0,0.0,20.0,30.0,-0.5
162.3,CLIMB,76.48,54.71,8746.25,12.51,73.867,0.9008,6029.2,79.41,599.26,5.207,54.5,19.483,25.53,1.541,24.6,16.471,6024.02,100.24,630.03,4.718,54.36,19.334,25.527,1.554,24.628,16.574,SENSOR_DRIFT,1.0,1.0,1.0,1.0,1.0,0.0,20.0,30.0,-0.5
162.4,CLIMB,76.47,54.7,8753.33,12.49,73.848,0.9007,6028.75,79.41,599.24,5.207,54.48,19.482,25.529,1.541,24.6,16.47,6028.76,99.77,629.67,4.703,54.56,19.592,25.411,1.492,24.616,16.43,SENSOR_DRIFT,1.0,1.0,1.0,1.0,1.0,0.0,20.0,30.0,-0.5
162.5,CLIMB,76.46,54.7,8760.42,12.48,73.829,0.9005,6028.29,79.41,599.23,5.207,54.47,19.48,25.529,1.54,24.6,16.469,6031.48,99.63,628.29,4.753,54.17,19.568,25.445,1.567,24.618,16.704,SENSOR_DRIFT,1.0,1.0,1.0,1.0,1.0,0.0,20.0,30.0,-0.5
162.6,CLIMB,76.45,54.69,8767.5,12.47,73.81,0.9003,6027.84,79.41,599.21,5.206,54.46,19.479,25.529,1.54,24.6,16.468,6029.89,99.39,630.7,4.659,54.75,19.537,25.575,1.455,24.634,16.542,SENSOR_DRIFT,1.0,1.0,1.0,1.0,1.0,0.0,20.0,30.0,-0.5
162.7,CLIMB,76.44,54.69,8774.58,12.45,73.791,0.9001,6027.38,79.41,599.2,5.206,54.45,19.477,25.529,1.54,24.6,16.466,6020.98,99.14,629.76,4.729,54.64,19.425,25.611,1.536,24.613,16.478,SENSOR_DRIFT,1.0,1.0,1.0,1.0,1.0,0.0,20.0,30.0,-0.5
162.8,CLIMB,76.43,54.68,8781.67,12.44,73.773,0.8999,6026.93,79.41,599.18,5.206,54.43,19.476,25.529,1.54,24.6,16.465,6023.99,99.47,627.14,4.728,54.34,19.663,25.487,1.529,24.634,16.451,SENSOR_DRIFT,1.0,1.0,1.0,1.0,1.0,0.0,20.0,30.0,-0.5
162.9,CLIMB,76.43,54.68,8788.75,12.42,73.754,0.8997,6026.47,79.4,599.17,5.206,54.42,19.475,25.529,1.54,24.6,16.464,6034.76,99.98,626.73,4.744,54.7,19.622,25.562,1.558,24.655,16.379,SENSOR_DRIFT,1.0,1.0,1.0,1.0,1.0,0.0,20.0,30.0,-0.5
163.0,CLIMB,76.42,54.67,8795.83,12.41,73.735,0.8995,6026.02,79.4,599.15,5.206,54.41,19.473,25.528,1.54,24.6,16.463,6023.83,100.26,629.21,4.712,54.63,19.693,25.496,1.581,24.594,16.509,SENSOR_DRIFT,1.0,1.0,1.0,1.0,1.0,0.0,20.0,30.0,-0.5
163.1,CLIMB,76.41,54.67,8802.92,12.39,73.716,0.8994,6025.56,79.4,599.14,5.206,54.39,19.472,25.528,1.54,24.6,16.461,6030.87,98.6,628.87,4.748,53.81,19.458,25.52,1.474,24.519,16.586,SENSOR_DRIFT,1.0,1.0,1.0,1.0,1.0,0.0,20.0,30.0,-0.5
163.2,CLIMB,76.4,54.66,8810.0,12.38,73.697,0.8992,6025.11,79.4,599.12,5.206,54.38,19.47,25.528,1.54,24.6,16.46,6025.63,98.43,631.02,4.702,54.57,19.523,25.608,1.543,24.658,16.573,SENSOR_DRIFT,1.0,1.0,1.0,1.0,1.0,0.0,20.0,30.0,-0.5
163.3,CLIMB,76.39,54.65,8817.08,12.37,73.678,0.899,6024.66,79.4,599.11,5.205,54.37,19.469,25.528,1.54,24.6,16.459,6031.6,99.24,627.12,4.735,54.07,19.563,25.54,1.498,24.554,16.356,SENSOR_DRIFT,1.0,1.0,1.0,1.0,1.0,0.0,20.0,30.0,-0.5
163.4,CLIMB,76.38,54.65,8824.17,12.35,73.659,0.8988,6024.2,79.4,599.09,5.205,54.36,19.468,25.528,1.54,24.6,16.458,6027.32,99.13,632.35,4.717,54.2,19.424,25.497,1.526,24.646,16.405,SENSOR_DRIFT,1.0,1.0,1.0,1.0,1.0,0.0,20.0,30.0,-0.5
163.5,CLIMB,76.38,54.64,8831.25,12.34,73.641,0.8986,6023.75,79.4,599.07,5.205,54.34,19.466,25.528,1.54,24.6,16.456,6023.86,99.47,627.68,4.71,54.06,19.385,25.559,1.608,24.554,16.409,SENSOR_DRIFT,1.0,1.0,1.0,1.0,1.0,0.0,20.0,30.0,-0.5
163.6,CLIMB,76.37,54.64,8838.33,12.32,73.622,0.8984,6023.29,79.4,599.06,5.205,54.33,19.465,25.527,1.539,24.6,16.455,6017.22,99.46,630.29,4.706,54.48,19.472,25.527,1.532,24.515,16.513,SENSOR_DRIFT,1.0,1.0,1.0,1.0,1.0,0.0,20.0,30.0,-0.5
163.7,CLIMB,76.36,54.63,8845.42,12.31,73.603,0.8982,6022.84,79.4,599.04,5.205,54.32,19.463,25.527,1.539,24.6,16.454,6022.21,99.52,631.64,4.713,53.8,19.397,25.551,1.492,24.639,16.427,SENSOR_DRIFT,1.0,1.0,1.0,1.0,1.0,0.0,20.0,30.0,-0.5
163.8,CLIMB,76.35,54.63,8852.5,12.3,73.584,0.8981,6022.38,79.4,599.03,5.205,54.3,19.462,25.527,1.539,24.6,16.453,6016.85,99.63,630.01,4.674,53.87,19.594,25.517,1.507,24.629,16.351,SENSOR_DRIFT,1.0,1.0,1.0,1.0,1.0,0.0,20.0,30.0,-0.5
163.9,CLIMB,76.34,54.62,8859.58,12.28,73.565,0.8979,6021.93,79.4,599.01,5.204,54.29,19.46,25.527,1.539,24.6,16.451,6024.55,99.43,627.29,4.684,54.5,19.334,25.583,1.494,24.657,16.418,SENSOR_DRIFT,1.0,1.0,1.0,1.0,1.0,0.0,20.0,30.0,-0.5
164.0,CLIMB,76.33,54.62,8866.67,12.27,73.546,0.8977,6021.47,79.4,599.0,5.204,54.28,19.459,25.527,1.539,24.6,16.45,6020.23,99.56,631.65,4.723,54.03,19.357,25.558,1.575,24.602,16.418,SENSOR_DRIFT,1.0,1.0,1.0,1.0,1.0,0.0,20.0,30.0,-0.5
164.1,CLIMB,76.33,54.61,8873.75,12.25,73.528,0.8975,6021.02,79.39,598.98,5.204,54.26,19.458,25.527,1.539,24.6,16.449,6018.62,99.43,629.97,4.767,54.17,19.596,25.579,1.579,24.61,16.408,SENSOR_DRIFT,1.0,1.0,1.0,1.0,1.0,0.0,20.0,30.0,-0.5
164.2,CLIMB,76.32,54.61,8880.83,12.24,73.509,0.8973,6020.56,79.39,598.97,5.204,54.25,19.456,25.526,1.539,24.6,16.448,6027.41,99.7,624.82,4.711,54.55,19.485,25.497,1.514,24.448,16.455,SENSOR_DRIFT,1.0,1.0,1.0,1.0,1.0,0.0,20.0,30.0,-0.5
164.3,CLIMB,76.31,54.6,8887.92,12.22,73.49,0.8971,6020.11,79.39,598.95,5.204,54.24,19.455,25.526,1.539,24.6,16.446,6018.52,98.05,629.74,4.7,54.05,19.533,25.515,1.502,24.553,16.341,SENSOR_DRIFT,1.0,1.0,1.0,1.0,1.0,0.0,20.0,30.0,-0.5
164.4,CLIMB,76.3,54.6,8895.0,12.21,73.471,0.8969,6019.65,79.39,598.93,5.204,54.23,19.453,25.526,1.539,24.6,16.445,6024.51,99.85,630.45,4.69,54.13,19.326,25.461,1.601,24.625,16.583,SENSOR_DRIFT,1.0,1.0,1.0,1.0,1.0,0.0,20.0,30.0,-0.5
164.5,CLIMB,76.29,54.59,8902.08,12.2,73.452,0.8968,6019.2,79.39,598.92,5.204,54.21,19.452,25.526,1.539,24.6,16.444,6018.67,99.53,628.21,4.709,54.52,19.413,25.505,1.512,24.628,16.556,SENSOR_DRIFT,1.0,1.0,1.0,1.0,1.0,0.0,20.0,30.0,-0.5
164.6,CLIMB,76.28,54.58,8909.17,12.18,73.433,0.8966,6018.74,79.39,598.9,5.203,54.2,19.451,25.526,1.539,24.6,16.443,6019.09,99.34,629.1,4.682,53.74,19.396,25.546,1.609,24.62,16.473,SENSOR_DRIFT,1.0,1.0,1.0,1.0,1.0,0.0,20.0,30.0,-0.5
164.7,CLIMB,76.28,54.58,8916.25,12.17,73.415,0.8964,6018.29,79.39,598.89,5.203,54.19,19.449,25.526,1.538,24.6,16.441,6012.6,99.29,628.88,4.753,53.9,19.442,25.564,1.504,24.536,16.422,SENSOR_DRIFT,1.0,1.0,1.0,1.0,1.0,0.0,20.0,30.0,-0.5
164.8,CLIMB,76.27,54.57,8923.33,12.15,73.396,0.8962,6017.84,79.39,598.87,5.203,54.17,19.448,25.525,1.538,24.6,16.44,6016.47,99.2,628.31,4.695,53.76,19.402,25.488,1.551,24.584,16.453,SENSOR_DRIFT,1.0,1.0,1.0,1.0,1.0,0.0,20.0,30.0,-0.5
164.9,CLIMB,76.26,54.57,8930.42,12.14,73.377,0.896,6017.38,79.39,598.86,5.203,54.16,19.446,25.525,1.538,24.6,16.439,6022.31,99.45,629.62,4.696,53.94,19.321,25.624,1.492,24.587,16.336,SENSOR_DRIFT,1.0,1.0,1.0,1.0,1.0,0.0,20.0,30.0,-0.5
165.0,CLIMB,76.25,54.56,8937.5,12.13,73.358,0.8958,6016.93,79.39,598.84,5.203,54.15,19.445,25.525,1.538,24.6,16.438,6015.69,99.84,628.9,4.722,53.73,19.493,25.537,1.593,24.554,16.692,SENSOR_DRIFT,1.0,1.0,1.0,1.0,1.0,0.0,20.0,30.0,-0.5
165.1,CLIMB,76.24,54.56,8944.58,12.11,73.34,0.8957,6016.47,79.39,598.83,5.203,54.13,19.443,25.525,1.538,24.6,16.436,6013.91,99.11,626.82,4.736,54.19,19.388,25.592,1.592,24.608,16.491,SENSOR_DRIFT,1.0,1.0,1.0,1.0,1.0,0.0,20.0,30.0,-0.5
165.2,CLIMB,76.23,54.55,8951.67,12.1,73.321,0.8955,6016.02,79.38,598.81,5.203,54.12,19.442,25.525,1.538,24.6,16.435,6014.28,99.34,628.56,4.656,54.01,19.664,25.51,1.627,24.58,16.623,SENSOR_DRIFT,1.0,1.0,1.0,1.0,1.0,0.0,20.0,30.0,-0.5
165.3,CLIMB,76.23,54.55,8958.75,12.08,73.302,0.8953,6015.56,79.38,598.8,5.202,54.11,19.441,25.525,1.538,24.6,16.434,6009.87,99.31,630.68,4.751,54.04,19.489,25.511,1.531,24.58,16.563,SENSOR_DRIFT,1.0,1.0,1.0,1.0,1.0,0.0,20.0,30.0,-0.5
165.4,CLIMB,76.22,54.54,8965.83,12.07,73.283,0.8951,6015.11,79.38,598.78,5.202,54.1,19.439,25.524,1.538,24.6,16.433,6019.26,99.31,630.17,4.648,53.86,19.563,25.519,1.587,24.626,16.386,SENSOR_DRIFT,1.0,1.0,1.0,1.0,1.0,0.0,20.0,30.0,-0.5
165.5,CLIMB,76.21,54.54,8972.92,12.05,73.265,0.8949,6014.65,79.38,598.76,5.202,54.08,19.438,25.524,1.538,24.6,16.431,6013.03,100.22,628.97,4.696,53.68,19.456,25.597,1.517,24.564,16.372,SENSOR_DRIFT,1.0,1.0,1.0,1.0,1.0,0.0,20.0,30.0,-0.5
165.6,CLIMB,76.2,54.53,8980.0,12.04,73.246,0.8947,6014.2,79.38,598.75,5.202,54.07,19.436,25.524,1.538,24.6,16.43,6020.56,99.52,627.42,4.654,54.32,19.371,25.494,1.561,24.603,16.501,SENSOR_DRIFT,1.0,1.0,1.0,1.0,1.0,0.0,20.0,30.0,-0.5
165.7,CLIMB,76.19,54.52,8987.08,12.03,73.227,0.8945,6013.75,79.38,598.73,5.202,54.06,19.435,25.524,1.538,24.6,16.429,6015.87,99.94,625.71,4.742,53.95,19.328,25.476,1.495,24.585,16.327,SENSOR_DRIFT,1.0,1.0,1.0,1.0,1.0,0.0,20.0,30.0,-0.5
165.8,CLIMB,76.18,54.52,8994.17,12.01,73.208,0.8944,6013.29,79.38,598.72,5.202,54.04,19.434,25.524,1.537,24.6,16.428,6011.73,99.34,628.12,4.713,54.08,19.429,25.496,1.547,24.57,16.384,SENSOR_DRIFT,1.0,1.0,1.0,1.0,1.0,0.0,20.0,30.0,-0.5
165.9,CLIMB,76.18,54.51,9001.25,12.0,73.19,0.8942,6012.84,79.38,598.7,5.202,54.03,19.432,25.524,1.537,24.6,16.426,6022.21,99.76,630.41,4.724,54.2,19.498,25.621,1.572,24.617,16.326,SENSOR_DRIFT,1.0,1.0,1.0,1.0,1.0,0.0,20.0,30.0,-0.5
166.0,CLIMB,76.17,54.51,9008.33,11.98,73.171,0.894,6012.38,79.38,598.69,5.201,54.02,19.431,25.523,1.537,24.6,16.425,6012.77,99.19,632.24,4.695,54.3,19.433,25.549,1.612,24.576,16.364,SENSOR_DRIFT,1.0,1.0,1.0,1.0,1.0,0.0,20.0,30.0,-0.5
166.1,CLIMB,76.16,54.5,9015.42,11.97,73.152,0.8938,6011.93,79.38,598.67,5.201,54.0,19.429,25.523,1.537,24.6,16.424,6017.25,99.96,630.5,4.681,54.18,19.494,25.521,1.49,24.56,16.478,SENSOR_DRIFT,1.0,1.0,1.0,1.0,1.0,0.0,20.0,30.0,-0.5
166.2,CLIMB,76.15,54.5,9022.5,11.96,73.133,0.8936,6011.48,79.38,598.66,5.201,53.99,19.428,25.523,1.537,24.6,16.423,6014.15,98.84,629.03,4.684,54.06,19.465,25.519,1.538,24.648,16.306,SENSOR_DRIFT,1.0,1.0,1.0,1.0,1.0,0.0,20.0,30.0,-0.5
166.3,CLIMB,76.14,54.49,9029.58,11.94,73.115,0.8934,6011.02,79.38,598.64,5.201,53.98,19.427,25.523,1.537,24.6,16.421,6013.41,99.05,629.06,4.714,53.86,19.401,25.449,1.525,24.614,16.413,SENSOR_DRIFT,1.0,1.0,1.0,1.0,1.0,0.0,20.0,30.0,-0.5
166.4,CLIMB,76.13,54.49,9036.67,11.93,73.096,0.8933,6010.57,79.37,598.62,5.201,53.96,19.425,25.523,1.537,24.6,16.42,6003.52,99.0,628.49,4.767,53.84,19.202,25.482,1.537,24.558,16.461,SENSOR_DRIFT,1.0,1.0,1.0,1.0,1.0,0.0,20.0,30.0,-0.5
166.5,CLIMB,76.13,54.48,9043.75,11.91,73.077,0.8931,6010.11,79.37,598.61,5.201,53.95,19.424,25.523,1.537,24.6,16.419,6011.57,99.44,627.06,4.714,54.41,19.245,25.502,1.582,24.629,16.287,SENSOR_DRIFT,1.0,1.0,1.0,1.0,1.0,0.0,20.0,30.0,-0.5
166.6,CLIMB,76.12,54.48,9050.83,11.9,73.059,0.8929,6009.66,79.37,598.59,5.201,53.94,19.422,25.522,1.537,24.6,16.418,6007.45,99.98,632.74,4.692,54.01,19.524,25.494,1.49,24.507,16.38,SENSOR_DRIFT,1.0,1.0,1.0,1.0,1.0,0.0,20.0,30.0,-0.5
166.7,CLIMB,76.11,54.47,9057.92,11.88,73.04,0.8927,6009.21,79.37,598.58,5.2,53.93,19.421,25.522,1.537,24.6,16.416,6011.48,98.81,629.74,4.683,54.37,19.199,25.624,1.541,24.575,16.346,SENSOR_DRIFT,1.0,1.0,1.0,1.0,1.0,0.0,20.0,30.0,-0.5
166.8,CLIMB,76.1,54.47,9065.0,11.87,73.021,0.8925,6008.75,79.37,598.56,5.2,53.91,19.419,25.522,1.537,24.6,16.415,6011.44,100.02,628.43,4.68,53.72,19.362,25.49,1.482,24.552,16.303,SENSOR_DRIFT,1.0,1.0,1.0,1.0,1.0,0.0,20.0,30.0,-0.5
166.9,CLIMB,76.09,54.46,9072.08,11.86,73.002,0.8923,6008.3,79.37,598.55,5.2,53.9,19.418,25.522,1.537,24.6,16.414,6003.93,99.51,631.13,4.674,53.33,19.486,25.503,1.523,24.502,16.337,SENSOR_DRIFT,1.0,1.0,1.0,1.0,1.0,0.0,20.0,30.0,-0.5
167.0,CLIMB,76.08,54.45,9079.17,11.84,72.984,0.8921,6007.84,79.37,598.53,5.2,53.89,19.417,25.522,1.536,24.6,16.413,6003.17,100.2,629.01,4.68,54.33,19.521,25.538,1.535,24.613,16.272,SENSOR_DRIFT,1.0,1.0,1.0,1.0,1.0,0.0,20.0,30.0,-0.5
167.1,CLIMB,76.08,54.45,9086.25,11.83,72.965,0.892,6007.39,79.37,598.52,5.2,53.87,19.415,25.522,1.536,24.6,16.411,6003.17,98.99,628.91,4.691,53.59,19.297,25.507,1.58,24.563,16.315,SENSOR_DRIFT,1.0,1.0,1.0,1.0,1.0,0.0,20.0,30.0,-0.5
167.2,CLIMB,76.07,54.44,9093.33,11.81,72.946,0.8918,6006.94,79.37,598.5,5.2,53.86,19.414,25.521,1.536,24.6,16.41,6006.14,99.38,628.39,4.714,53.59,19.426,25.46,1.554,24.59,16.289,SENSOR_DRIFT,1.0,1.0,1.0,1.0,1.0,0.0,20.0,30.0,-0.5
167.3,CLIMB,76.06,54.44,9100.42,11.8,72.928,0.8916,6006.48,79.37,598.49,5.2,53.85,19.412,25.521,1.536,24.6,16.409,6008.59,99.44,628.21,4.71,53.76,19.277,25.477,1.519,24.549,16.436,SENSOR_DRIFT,1.0,1.0,1.0,1.0,1.0,0.0,20.0,30.0,-0.5
167.4,CLIMB,76.05,54.43,9107.5,11.79,72.909,0.8914,6006.03,79.37,598.47,5.199,53.83,19.411,25.521,1.536,24.6,16.408,6009.97,99.74,629.53,4.753,54.47,19.331,25.458,1.566,24.622,16.412,SENSOR_DRIFT,1.0,1.0,1.0,1.0,1.0,0.0,20.0,30.0,-0.5
167.5,CLIMB,76.04,54.43,9114.58,11.77,72.89,0.8912,6005.57,79.37,598.45,5.199,53.82,19.41,25.521,1.536,24.6,16.406,6004.51,99.73,629.79,4.685,53.64,19.378,25.532,1.587,24.6,16.408,SENSOR_DRIFT,1.0,1.0,1.0,1.0,1.0,0.0,20.0,30.0,-0.5
167.6,CLIMB,76.03,54.42,9121.67,11.76,72.872,0.891,6005.12,79.36,598.44,5.199,53.81,19.408,25.521,1.536,24.6,16.405,6002.69,99.41,629.9,4.684,54.08,19.225,25.537,1.492,24.637,16.56,SENSOR_DRIFT,1.0,1.0,1.0,1.0,1.0,0.0,20.0,30.0,-0.5
167.7,CLIMB,76.03,54.42,9128.75,11.74,72.853,0.8909,6004.67,79.36,598.42,5.199,53.79,19.407,25.521,1.536,24.6,16.404,6003.12,99.55,627.02,4.664,54.28,19.355,25.543,1.579,24.624,16.321,SENSOR_DRIFT,1.0,1.0,1.0,1.0,1.0,0.0,20.0,30.0,-0.5
167.8,CLIMB,76.02,54.41,9135.83,11.73,72.834,0.8907,6004.21,79.36,598.41,5.199,53.78,19.405,25.52,1.536,24.6,16.403,6006.77,99.6,628.75,4.712,53.68,19.328,25.545,1.572,24.546,16.577,SENSOR_DRIFT,1.0,1.0,1.0,1.0,1.0,0.0,20.0,30.0,-0.5
167.9,CLIMB,76.01,54.41,9142.92,11.71,72.816,0.8905,6003.76,79.36,598.39,5.199,53.77,19.404,25.52,1.536,24.6,16.401,5992.62,99.32,626.87,4.685,53.67,19.52,25.539,1.526,24.583,16.209,SENSOR_DRIFT,1.0,1.0,1.0,1.0,1.0,0.0,20.0,30.0,-0.5
168.0,CLIMB,76.0,54.4,9150.0,11.7,72.797,0.8903,6003.3,79.36,598.38,5.199,53.76,19.402,25.52,1.536,24.6,16.4,6002.3,99.24,630.31,4.751,53.22,19.393,25.497,1.556,24.507,16.317,SENSOR_DRIFT,1.0,1.0,1.0,1.0,1.0,0.0,20.0,30.0,-0.5
168.1,CLIMB,75.99,54.39,9157.08,11.69,72.779,0.8901,6002.85,79.36,598.36,5.198,53.74,19.401,25.52,1.535,24.6,16.399,5999.16,99.62,628.76,4.773,53.74,19.432,25.54,1.488,24.676,16.46,SENSOR_DRIFT,1.0,1.0,1.0,1.0,1.0,0.0,20.0,30.0,-0.5
168.2,CLIMB,75.98,54.39,9164.17,11.67,72.76,0.8899,6002.4,79.36,598.35,5.198,53.73,19.4,25.52,1.535,24.6,16.398,5997.89,99.31,628.06,4.758,53.79,19.369,25.528,1.556,24.585,16.329,SENSOR_DRIFT,1.0,1.0,1.0,1.0,1.0,0.0,20.0,30.0,-0.5
168.3,CLIMB,75.98,54.38,9171.25,11.66,72.741,0.8898,6001.94,79.36,598.33,5.198,53.72,19.398,25.52,1.535,24.6,16.396,6004.95,99.48,628.44,4.66,53.6,19.433,25.552,1.573,24.589,16.292,SENSOR_DRIFT,1.0,1.0,1.0,1.0,1.0,0.0,20.0,30.0,-0.5
168.4,CLIMB,75.97,54.38,9178.33,11.64,72.723,0.8896,6001.49,79.36,598.31,5.198,53.7,19.397,25.519,1.535,24.6,16.395,5997.15,98.29,625.16,4.677,53.16,19.66,25.607,1.499,24.666,16.228,SENSOR_DRIFT,1.0,1.0,1.0,1.0,1.0,0.0,20.0,30.0,-0.5
168.5,CLIMB,75.96,54.37,9185.42,11.63,72.704,0.8894,6001.04,79.36,598.3,5.198,53.69,19.395,25.519,1.535,24.6,16.394,6002.04,98.71,630.03,4.729,53.6,19.372,25.564,1.549,24.613,16.427,SENSOR_DRIFT,1.0,1.0,1.0,1.0,1.0,0.0,20.0,30.0,-0.5
168.6,CLIMB,75.95,54.37,9192.5,11.62,72.685,0.8892,6000.58,79.36,598.28,5.198,53.68,19.394,25.519,1.535,24.6,16.393,6000.28,99.16,628.18,4.673,53.58,19.474,25.519,1.499,24.593,16.418,SENSOR_DRIFT,1.0,1.0,1.0,1.0,1.0,0.0,20.0,30.0,-0.5
168.7,CLIMB,75.94,54.36,9199.58,11.6,72.667,0.889,6000.13,79.36,598.27,5.198,53.66,19.393,25.519,1.535,24.6,16.391,5996.64,98.99,630.33,4.693,53.43,19.355,25.57,1.568,24.671,16.278,SENSOR_DRIFT,1.0,1.0,1.0,1.0,1.0,0.0,20.0,30.0,-0.5
168.8,CLIMB,75.93,54.36,9206.67,11.59,72.648,0.8888,5999.68,79.35,598.25,5.197,53.65,19.391,25.519,1.535,24.6,16.39,6001.38,99.52,629.98,4.721,53.94,19.221,25.618,1.529,24.592,16.318,SENSOR_DRIFT,1.0,1.0,1.0,1.0,1.0,0.0,20.0,30.0,-0.5
168.9,CLIMB,75.93,54.35,9213.75,11.57,72.63,0.8887,5999.22,79.35,598.24,5.197,53.64,19.39,25.519,1.535,24.6,16.389,6000.16,99.62,628.79,4.67,53.76,19.25,25.497,1.431,24.608,16.341,SENSOR_DRIFT,1.0,1.0,1.0,1.0,1.0,0.0,20.0,30.0,-0.5
169.0,CLIMB,75.92,54.35,9220.83,11.56,72.611,0.8885,5998.77,79.35,598.22,5.197,53.62,19.388,25.518,1.535,24.6,16.388,6000.69,99.55,628.98,4.616,53.27,19.332,25.622,1.612,24.499,16.281,SENSOR_DRIFT,1.0,1.0,1.0,1.0,1.0,0.0,20.0,30.0,-0.5
169.1,CLIMB,75.91,54.34,9227.92,11.54,72.592,0.8883,5998.32,79.35,598.21,5.197,53.61,19.387,25.518,1.535,24.6,16.386,6000.26,99.45,629.57,4.692,54.03,19.205,25.533,1.575,24.675,16.442,SENSOR_DRIFT,1.0,1.0,1.0,1.0,1.0,0.0,20.0,30.0,-0.5
169.2,CLIMB,75.9,54.34,9235.0,11.53,72.574,0.8881,5997.86,79.35,598.19,5.197,53.6,19.385,25.518,1.534,24.6,16.385,5993.37,99.2,626.85,4.686,53.86,19.388,25.464,1.468,24.716,16.473,SENSOR_DRIFT,1.0,1.0,1.0,1.0,1.0,0.0,20.0,30.0,-0.5
169.3,CLIMB,75.89,54.33,9242.08,11.52,72.555,0.8879,5997.41,79.35,598.17,5.197,53.59,19.384,25.518,1.534,24.6,16.384,6003.85,99.21,629.26,4.706,53.65,19.459,25.533,1.584,24.718,16.287,SENSOR_DRIFT,1.0,1.0,1.0,1.0,1.0,0.0,20.0,30.0,-0.5
169.4,CLIMB,75.88,54.32,9249.17,11.5,72.537,0.8877,5996.96,79.35,598.16,5.197,53.57,19.383,25.518,1.534,24.6,16.383,6002.03,99.91,627.43,4.658,53.37,19.271,25.532,1.499,24.549,16.575,SENSOR_DRIFT,1.0,1.0,1.0,1.0,1.0,0.0,20.0,30.0,-0.5
169.5,CLIMB,75.88,54.32,9256.25,11.49,72.518,0.8876,5996.5,79.35,598.14,5.196,53.56,19.381,25.518,1.534,24.6,16.381,5997.01,98.93,627.93,4.708,53.64,19.296,25.552,1.446,24.617,16.426,SENSOR_DRIFT,1.0,1.0,1.0,1.0,1.0,0.0,20.0,30.0,-0.5
169.6,CLIMB,75.87,54.31,9263.33,11.47,72.5,0.8874,5996.05,79.35,598.13,5.196,53.55,19.38,25.517,1.534,24.6,16.38,5996.37,98.88,628.29,4.712,53.31,19.35,25.445,1.493,24.571,16.513,SENSOR_DRIFT,1.0,1.0,1.0,1.0,1.0,0.0,20.0,30.0,-0.5
169.7,CLIMB,75.86,54.31,9270.42,11.46,72.481,0.8872,5995.59,79.35,598.11,5.196,53.53,19.378,25.517,1.534,24.6,16.379,5993.93,99.01,629.21,4.677,53.6,19.221,25.499,1.526,24.62,16.292,SENSOR_DRIFT,1.0,1.0,1.0,1.0,1.0,0.0,20.0,30.0,-0.5
169.8,CLIMB,75.85,54.3,9277.5,11.45,72.463,0.887,5995.14,79.35,598.1,5.196,53.52,19.377,25.517,1.534,24.6,16.378,5995.77,99.17,625.73,4.696,53.57,19.37,25.474,1.561,24.63,16.414,SENSOR_DRIFT,1.0,1.0,1.0,1.0,1.0,0.0,20.0,30.0,-0.5
169.9,CLIMB,75.84,54.3,9284.58,11.43,72.444,0.8868,5994.69,79.34,598.08,5.196,53.51,19.376,25.517,1.534,24.6,16.376,6003.43,99.99,627.81,4.666,53.83,19.446,25.523,1.572,24.57,16.591,SENSOR_DRIFT,1.0,1.0,1.0,1.0,1.0,0.0,20.0,30.0,-0.5
170.0,CLIMB,75.83,54.29,9291.67,11.42,72.425,0.8866,5994.24,79.34,598.07,5.196,53.49,19.374,25.517,1.534,24.6,16.375,5991.32,99.56,630.83,4.652,53.39,19.324,25.485,1.438,24.646,16.295,SENSOR_DRIFT,1.0,1.0,1.0,1.0,1.0,0.0,20.0,30.0,-0.5
170.1,CLIMB,75.83,54.29,9298.75,11.4,72.407,0.8865,5993.78,79.34,598.05,5.196,53.48,19.373,25.517,1.534,24.6,16.374,6002.76,99.61,630.67,4.739,53.76,19.304,25.5,1.575,24.634,16.37,SENSOR_DRIFT,1.0,1.0,1.0,1.0,1.0,0.0,20.0,30.0,-0.5
170.2,CLIMB,75.82,54.28,9305.83,11.39,72.388,0.8863,5993.33,79.34,598.03,5.195,53.47,19.371,25.516,1.534,24.6,16.373,5996.03,99.06,628.82,4.732,53.79,19.279,25.529,1.498,24.619,16.378,SENSOR_DRIFT,1.0,1.0,1.0,1.0,1.0,0.0,20.0,30.0,-0.5
170.3,CLIMB,75.81,54.28,9312.92,11.37,72.37,0.8861,5992.88,79.34,598.02,5.195,53.45,19.37,25.516,1.533,24.6,16.371,5993.84,100.21,628.39,4.705,53.49,19.46,25.527,1.545,24.59,16.412,SENSOR_DRIFT,1.0,1.0,1.0,1.0,1.0,0.0,20.0,30.0,-0.5
170.4,CLIMB,75.8,54.27,9320.0,11.36,72.351,0.8859,5992.42,79.34,598.0,5.195,53.44,19.368,25.516,1.533,24.6,16.37,5994.65,99.26,631.31,4.677,53.49,19.49,25.575,1.524,24.583,16.414,SENSOR_DRIFT,1.0,1.0,1.0,1.0,1.0,0.0,20.0,30.0,-0.5
170.5,CLIMB,75.79,54.26,9327.08,11.35,72.333,0.8857,5991.97,79.34,597.99,5.195,53.43,19.367,25.516,1.533,24.6,16.369,5995.54,99.05,628.13,4.677,53.84,19.393,25.481,1.469,24.621,16.491,SENSOR_DRIFT,1.0,1.0,1.0,1.0,1.0,0.0,20.0,30.0,-0.5
170.6,CLIMB,75.78,54.26,9334.17,11.33,72.314,0.8855,5991.52,79.34,597.97,5.195,53.41,19.366,25.516,1.533,24.6,16.368,5984.93,99.58,627.5,4.651,53.23,19.296,25.485,1.495,24.566,16.252,SENSOR_DRIFT,1.0,1.0,1.0,1.0,1.0,0.0,20.0,30.0,-0.5
170.7,CLIMB,75.78,54.25,9341.25,11.32,72.296,0.8854,5991.06,79.34,597.96,5.195,53.4,19.364,25.516,1.533,24.6,16.366,5985.04,100.26,629.7,4.69,53.59,19.191,25.529,1.668,24.642,16.303,SENSOR_DRIFT,1.0,1.0,1.0,1.0,1.0,0.0,20.0,30.0,-0.5
170.8,CLIMB,75.77,54.25,9348.33,11.3,72.277,0.8852,5990.61,79.34,597.94,5.195,53.39,19.363,25.515,1.533,24.6,16.365,5991.96,99.24,626.63,4.722,53.24,19.21,25.542,1.501,24.589,16.538,SENSOR_DRIFT,1.0,1.0,1.0,1.0,1.0,0.0,20.0,30.0,-0.5
170.9,CLIMB,75.76,54.24,9355.42,11.29,72.259,0.885,5990.16,79.34,597.93,5.194,53.38,19.361,25.515,1.533,24.6,16.364,5994.86,99.22,629.94,4.659,53.51,19.385,25.522,1.533,24.598,16.371,SENSOR_DRIFT,1.0,1.0,1.0,1.0,1.0,0.0,20.0,30.0,-0.5
171.0,CLIMB,75.75,54.24,9362.5,11.28,72.24,0.8848,5989.7,79.34,597.91,5.194,53.36,19.36,25.515,1.533,24.6,16.363,5981.01,98.16,626.08,4.691,53.94,19.382,25.463,1.466,24.581,16.355,SENSOR_DRIFT,1.0,1.0,1.0,1.0,1.0,0.0,20.0,30.0,-0.5
171.1,CLIMB,75.74,54.23,9369.58,11.26,72.222,0.8846,5989.25,79.33,597.89,5.194,53.35,19.358,25.515,1.533,24.6,16.361,5988.32,99.6,628.89,4.685,52.96,19.311,25.447,1.511,24.696,16.361,SENSOR_DRIFT,1.0,1.0,1.0,1.0,1.0,0.0,20.0,30.0,-0.5
171.2,CLIMB,75.73,54.23,9376.67,11.25,72.203,0.8845,5988.8,79.33,597.88,5.194,53.34,19.357,25.515,1.533,24.6,16.36,5984.58,99.38,627.79,4.674,53.43,19.339,25.444,1.486,24.592,16.392,SENSOR_DRIFT,1.0,1.0,1.0,1.0,1.0,0.0,20.0,30.0,-0.5
171.3,CLIMB,75.73,54.22,9383.75,11.23,72.185,0.8843,5988.34,79.33,597.86,5.194,53.32,19.356,25.515,1.533,24.6,16.359,5988.63,98.99,629.4,4.682,53.39,19.31,25.501,1.63,24.494,16.232,SENSOR_DRIFT,1.0,1.0,1.0,1.0,1.0,0.0,20.0,30.0,-0.5
171.4,CLIMB,75.72,54.22,9390.83,11.22,72.166,0.8841,5987.89,79.33,597.85,5.194,53.31,19.354,25.514,1.533,24.6,16.358,5994.08,99.25,630.66,4.665,53.36,19.347,25.456,1.542,24.625,16.342,SENSOR_DRIFT,1.0,1.0,1.0,1.0,1.0,0.0,20.0,30.0,-0.5
171.5,CLIMB,75.71,54.21,9397.92,11.2,72.148,0.8839,5987.44,79.33,597.83,5.194,53.3,19.353,25.514,1.532,24.6,16.356,5992.84,98.78,626.02,4.675,53.31,19.194,25.395,1.474,24.5,16.408,SENSOR_DRIFT,1.0,1.0,1.0,1.0,1.0,0.0,20.0,30.0,-0.5
171.6,CLIMB,75.7,54.21,9405.0,11.19,72.129,0.8837,5986.99,79.33,597.82,5.193,53.28,19.351,25.514,1.532,24.6,16.355,5980.21,99.12,627.93,4.716,53.74,19.114,25.359,1.458,24.648,16.306,SENSOR_DRIFT,1.0,1.0,1.0,1.0,1.0,0.0,20.0,30.0,-0.5
171.7,CLIMB,75.69,54.2,9412.08,11.18,72.111,0.8835,5986.53,79.33,597.8,5.193,53.27,19.35,25.514,1.532,24.6,16.354,6000.68,98.83,627.93,4.67,52.82,19.333,25.578,1.456,24.639,16.379,SENSOR_DRIFT,1.0,1.0,1.0,1.0,1.0,0.0,20.0,30.0,-0.5
171.8,CLIMB,75.68,54.19,9419.17,11.16,72.092,0.8834,5986.08,79.33,597.79,5.193,53.26,19.349,25.514,1.532,24.6,16.353,5997.53,98.15,628.82,4.712,53.37,19.251,25.493,1.556,24.683,16.372,SENSOR_DRIFT,1.0,1.0,1.0,1.0,1.0,0.0,20.0,30.0,-0.5
171.9,CLIMB,75.68,54.19,9426.25,11.15,72.074,0.8832,5985.63,79.33,597.77,5.193,53.24,19.347,25.514,1.532,24.6,16.351,5982.15,99.57,626.38,4.658,53.69,19.466,25.581,1.567,24.65,16.425,SENSOR_DRIFT,1.0,1.0,1.0,1.0,1.0,0.0,20.0,30.0,-0.5
172.0,CLIMB,75.67,54.18,9433.33,11.13,72.056,0.883,5985.17,79.33,597.76,5.193,53.23,19.346,25.513,1.532,24.6,16.35,5993.69,99.91,628.01,4.664,53.55,19.351,25.507,1.523,24.612,16.239,SENSOR_DRIFT,1.0,1.0,1.0,1.0,1.0,0.0,20.0,30.0,-0.5
172.1,CLIMB,75.66,54.18,9440.42,11.12,72.037,0.8828,5984.72,79.33,597.74,5.193,53.22,19.344,25.513,1.532,24.6,16.349,5976.12,98.97,626.51,4.773,53.27,19.386,25.522,1.547,24.605,16.485,SENSOR_DRIFT,1.0,1.0,1.0,1.0,1.0,0.0,20.0,30.0,-0.5
172.2,CLIMB,75.65,54.17,9447.5,11.11,72.019,0.8826,5984.27,79.33,597.72,5.193,53.2,19.343,25.513,1.532,24.6,16.348,5990.63,99.51,627.03,4.658,53.68,19.458,25.544,1.545,24.607,16.348,SENSOR_DRIFT,1.0,1.0,1.0,1.0,1.0,0.0,20.0,30.0,-0.5
172.3,CLIMB,75.64,54.17,9454.58,11.09,72.0,0.8825,5983.82,79.32,597.71,5.192,53.19,19.341,25.513,1.532,24.6,16.346,5982.76,98.58,626.01,4.702,52.99,19.445,25.487,1.512,24.624,16.37,SENSOR_DRIFT,1.0,1.0,1.0,1.0,1.0,0.0,20.0,30.0,-0.5
172.4,CLIMB,75.63,54.16,9461.67,11.08,71.982,0.8823,5983.36,79.32,597.69,5.192,53.18,19.34,25.513,1.532,24.6,16.345,5989.11,99.26,626.81,4.673,53.24,19.451,25.563,1.579,24.525,16.463,SENSOR_DRIFT,1.0,1.0,1.0,1.0,1.0,0.0,20.0,30.0,-0.5
172.5,CLIMB,75.63,54.16,9468.75,11.06,71.963,0.8821,5982.91,79.32,597.68,5.192,53.16,19.339,25.513,1.532,24.6,16.344,5985.56,98.66,628.65,4.688,53.21,19.364,25.399,1.526,24.69,16.349,SENSOR_DRIFT,1.0,1.0,1.0,1.0,1.0,0.0,20.0,30.0,-0.5
172.6,CLIMB,75.62,54.15,9475.83,11.05,71.945,0.8819,5982.46,79.32,597.66,5.192,53.15,19.337,25.512,1.531,24.6,16.343,5973.72,99.34,626.4,4.668,53.15,19.252,25.561,1.464,24.713,16.31,SENSOR_DRIFT,1.0,1.0,1.0,1.0,1.0,0.0,20.0,30.0,-0.5
172.7,CLIMB,75.61,54.15,9482.92,11.03,71.927,0.8817,5982.01,79.32,597.65,5.192,53.14,19.336,25.512,1.531,24.6,16.341,5981.46,99.7,629.87,4.67,53.35,19.321,25.516,1.524,24.579,16.417,SENSOR_DRIFT,1.0,1.0,1.0,1.0,1.0,0.0,20.0,30.0,-0.5
172.8,CLIMB,75.6,54.14,9490.0,11.02,71.908,0.8815,5981.55,79.32,597.63,5.192,53.13,19.334,25.512,1.531,24.6,16.34,5973.91,99.07,628.64,4.682,52.7,19.457,25.618,1.555,24.646,16.313,SENSOR_DRIFT,1.0,1.0,1.0,1.0,1.0,0.0,20.0,30.0,-0.5
172.9,CLIMB,75.59,54.13,9497.08,11.01,71.89,0.8814,5981.1,79.32,597.62,5.192,53.11,19.333,25.512,1.531,24.6,16.339,5976.29,98.48,627.72,4.66,53.27,19.393,25.517,1.483,24.627,16.446,SENSOR_DRIFT,1.0,1.0,1.0,1.0,1.0,0.0,20.0,30.0,-0.5
173.0,CLIMB,75.58,54.13,9504.17,10.99,71.871,0.8812,5980.65,79.32,597.6,5.191,53.1,19.332,25.512,1.531,24.6,16.338,5993.87,98.84,628.3,4.678,53.1,19.517,25.513,1.573,24.64,16.341,SENSOR_DRIFT,1.0,1.0,1.0,1.0,1.0,0.0,20.0,30.0,-0.5
173.1,CLIMB,75.58,54.12,9511.25,10.98,71.853,0.881,5980.2,79.32,597.58,5.191,53.09,19.33,25.512,1.531,24.6,16.336,5980.39,99.5,626.59,4.702,52.89,19.368,25.596,1.568,24.575,16.221,SENSOR_DRIFT,1.0,1.0,1.0,1.0,1.0,0.0,20.0,30.0,-0.5
173.2,CLIMB,75.57,54.12,9518.33,10.96,71.835,0.8808,5979.74,79.32,597.57,5.191,53.07,19.329,25.511,1.531,24.6,16.335,5968.37,99.21,628.71,4.667,53.09,19.37,25.561,1.556,24.543,16.293,SENSOR_DRIFT,1.0,1.0,1.0,1.0,1.0,0.0,20.0,30.0,-0.5
173.3,CLIMB,75.56,54.11,9525.42,10.95,71.816,0.8806,5979.29,79.32,597.55,5.191,53.06,19.327,25.511,1.531,24.6,16.334,5975.46,99.25,626.09,4.678,52.84,19.319,25.46,1.547,24.582,16.192,SENSOR_DRIFT,1.0,1.0,1.0,1.0,1.0,0.0,20.0,30.0,-0.5
173.4,CLIMB,75.55,54.11,9532.5,10.94,71.798,0.8805,5978.84,79.31,597.54,5.191,53.05,19.326,25.511,1.531,24.6,16.333,5980.23,99.43,629.56,4.744,52.91,19.322,25.483,1.493,24.505,16.354,SENSOR_DRIFT,1.0,1.0,1.0,1.0,1.0,0.0,20.0,30.0,-0.5
173.5,CLIMB,75.54,54.1,9539.58,10.92,71.779,0.8803,5978.39,79.31,597.52,5.191,53.03,19.324,25.511,1.531,24.6,16.331,5988.28,98.14,629.29,4.696,53.16,19.288,25.548,1.571,24.582,16.428,SENSOR_DRIFT,1.0,1.0,1.0,1.0,1.0,0.0,20.0,30.0,-0.5
173.6,CLIMB,75.53,54.1,9546.67,10.91,71.761,0.8801,5977.93,79.31,597.51,5.191,53.02,19.323,25.511,1.531,24.6,16.33,5976.01,99.49,625.97,4.727,53.5,19.311,25.481,1.603,24.573,16.223,SENSOR_DRIFT,1.0,1.0,1.0,1.0,1.0,0.0,20.0,30.0,-0.5
173.7,CLIMB,75.53,54.09,9553.75,10.89,71.743,0.8799,5977.48,79.31,597.49,5.19,53.01,19.322,25.511,1.53,24.6,16.329,5976.53,98.46,627.83,4.649,53.26,19.302,25.439,1.56,24.504,16.328,SENSOR_DRIFT,1.0,1.0,1.0,1.0,1.0,0.0,20.0,30.0,-0.5
173.8,CLIMB,75.52,54.09,9560.83,10.88,71.724,0.8797,5977.03,79.31,597.47,5.19,52.99,19.32,25.51,1.53,24.6,16.328,5976.47,98.85,627.66,4.701,53.43,19.37,25.578,1.511,24.607,16.316,SENSOR_DRIFT,1.0,1.0,1.0,1.0,1.0,0.0,20.0,30.0,-0.5
173.9,CLIMB,75.51,54.08,9567.92,10.86,71.706,0.8795,5976.58,79.31,597.46,5.19,52.98,19.319,25.51,1.53,24.6,16.326,5979.76,99.18,629.5,4.654,53.43,19.2,25.493,1.537,24.57,16.228,SENSOR_DRIFT,1.0,1.0,1.0,1.0,1.0,0.0,20.0,30.0,-0.5
174.0,CLIMB,75.5,54.08,9575.0,10.85,71.688,0.8794,5976.12,79.31,597.44,5.19,52.97,19.317,25.51,1.53,24.6,16.325,5975.33,99.1,627.06,4.673,52.8,19.264,25.482,1.447,24.624,16.264,SENSOR_DRIFT,1.0,1.0,1.0,1.0,1.0,0.0,20.0,30.0,-0.5
174.1,CLIMB,75.49,54.07,9582.08,10.84,71.669,0.8792,5975.67,79.31,597.43,5.19,52.95,19.316,25.51,1.53,24.6,16.324,5964.63,99.46,629.4,4.652,53.59,19.233,25.526,1.554,24.624,16.303,SENSOR_DRIFT,1.0,1.0,1.0,1.0,1.0,0.0,20.0,30.0,-0.5
174.2,CLIMB,75.48,54.06,9589.17,10.82,71.651,0.879,5975.22,79.31,597.41,5.19,52.94,19.314,25.51,1.53,24.6,16.323,5977.69,98.94,626.02,4.727,53.07,19.411,25.51,1.498,24.589,16.032,SENSOR_DRIFT,1.0,1.0,1.0,1.0,1.0,0.0,20.0,30.0,-0.5
174.3,CLIMB,75.48,54.06,9596.25,10.81,71.633,0.8788,5974.77,79.31,597.4,5.19,52.93,19.313,25.51,1.53,24.6,16.321,5976.8,99.35,629.77,4.636,52.35,19.126,25.46,1.536,24.608,16.421,SENSOR_DRIFT,1.0,1.0,1.0,1.0,1.0,0.0,20.0,30.0,-0.5
174.4,CLIMB,75.47,54.05,9603.33,10.79,71.614,0.8786,5974.31,79.31,597.38,5.189,52.91,19.312,25.509,1.53,24.6,16.32,5964.11,99.42,628.76,4.679,52.73,19.261,25.529,1.582,24.59,16.391,SENSOR_DRIFT,1.0,1.0,1.0,1.0,1.0,0.0,20.0,30.0,-0.5
174.5,CLIMB,75.46,54.05,9610.42,10.78,71.596,0.8785,5973.86,79.31,597.37,5.189,52.9,19.31,25.509,1.53,24.6,16.319,5981.92,99.04,628.8,4.67,53.25,19.302,25.436,1.517,24.602,16.294,SENSOR_DRIFT,1.0,1.0,1.0,1.0,1.0,0.0,20.0,30.0,-0.5
174.6,CLIMB,75.45,54.04,9617.5,10.77,71.578,0.8783,5973.41,79.3,597.35,5.189,52.89,19.309,25.509,1.53,24.6,16.318,5967.97,99.08,628.38,4.692,53.36,19.312,25.513,1.423,24.653,16.147,SENSOR_DRIFT,1.0,1.0,1.0,1.0,1.0,0.0,20.0,30.0,-0.5
174.7,CLIMB,75.44,54.04,9624.58,10.75,71.559,0.8781,5972.96,79.3,597.33,5.189,52.87,19.307,25.509,1.53,24.6,16.316,5974.11,99.71,626.29,4.681,52.61,19.439,25.475,1.547,24.61,16.18,SENSOR_DRIFT,1.0,1.0,1.0,1.0,1.0,0.0,20.0,30.0,-0.5
174.8,CLIMB,75.43,54.03,9631.67,10.74,71.541,0.8779,5972.51,79.3,597.32,5.189,52.86,19.306,25.509,1.53,24.6,16.315,5966.75,99.01,629.78,4.716,52.86,19.233,25.514,1.568,24.57,16.347,SENSOR_DRIFT,1.0,1.0,1.0,1.0,1.0,0.0,20.0,30.0,-0.5
174.9,CLIMB,75.43,54.03,9638.75,10.72,71.523,0.8777,5972.05,79.3,597.3,5.189,52.85,19.305,25.509,1.529,24.6,16.314,5971.12,99.3,629.13,4.666,53.03,19.19,25.537,1.585,24.604,16.296,SENSOR_DRIFT,1.0,1.0,1.0,1.0,1.0,0.0,20.0,30.0,-0.5
175.0,CLIMB,75.42,54.02,9645.83,10.71,71.504,0.8776,5971.6,79.3,597.29,5.189,52.83,19.303,25.508,1.529,24.6,16.313,5974.92,99.29,627.38,4.681,52.94,19.37,25.498,1.564,24.617,16.33,SENSOR_DRIFT,1.0,1.0,1.0,1.0,1.0,0.0,20.0,30.0,-0.5
175.1,CLIMB,75.41,54.02,9652.92,10.69,71.486,0.8774,5971.15,79.3,597.27,5.188,52.82,19.302,25.508,1.529,24.6,16.311,5979.12,99.23,627.25,4.711,52.63,19.45,25.538,1.527,24.625,16.295,SENSOR_DRIFT,1.0,1.0,1.0,1.0,1.0,0.0,20.0,30.0,-0.5
175.2,CLIMB,75.4,54.01,9660.0,10.68,71.468,0.8772,5970.7,79.3,597.26,5.188,52.81,19.3,25.508,1.529,24.6,16.31,5966.64,100.03,626.51,4.73,53.32,19.486,25.459,1.522,24.565,16.301,SENSOR_DRIFT,1.0,1.0,1.0,1.0,1.0,0.0,20.0,30.0,-0.5
175.3,CLIMB,75.39,54.0,9667.08,10.67,71.45,0.877,5970.25,79.3,597.24,5.188,52.8,19.299,25.508,1.529,24.6,16.309,5975.31,99.99,628.55,4.677,52.75,19.501,25.491,1.527,24.647,16.272,SENSOR_DRIFT,1.0,1.0,1.0,1.0,1.0,0.0,20.0,30.0,-0.5
175.4,CLIMB,75.38,54.0,9674.17,10.65,71.431,0.8768,5969.79,79.3,597.23,5.188,52.78,19.297,25.508,1.529,24.6,16.308,5974.47,100.06,628.04,4.692,52.97,19.08,25.44,1.534,24.637,16.437,SENSOR_DRIFT,1.0,1.0,1.0,1.0,1.0,0.0,20.0,30.0,-0.5
175.5,CLIMB,75.38,53.99,9681.25,10.64,71.413,0.8766,5969.34,79.3,597.21,5.188,52.77,19.296,25.508,1.529,24.6,16.306,5963.1,99.59,629.07,4.686,52.23,19.252,25.55,1.499,24.648,16.351,SENSOR_DRIFT,1.0,1.0,1.0,1.0,1.0,0.0,20.0,30.0,-0.5
175.6,CLIMB,75.37,53.99,9688.33,10.62,71.395,0.8765,5968.89,79.3,597.19,5.188,52.76,19.295,25.507,1.529,24.6,16.305,5968.91,98.52,625.09,4.639,52.78,19.377,25.488,1.606,24.566,16.34,SENSOR_DRIFT,1.0,1.0,1.0,1.0,1.0,0.0,20.0,30.0,-0.5
175.7,CLIMB,75.36,53.98,9695.42,10.61,71.376,0.8763,5968.44,79.29,597.18,5.188,52.74,19.293,25.507,1.529,24.6,16.304,5964.33,99.16,625.45,4.629,51.96,19.104,25.555,1.449,24.533,16.253,SENSOR_DRIFT,1.0,1.0,1.0,1.0,1.0,0.0,20.0,30.0,-0.5
175.8,CLIMB,75.35,53.98,9702.5,10.6,71.358,0.8761,5967.99,79.29,597.16,5.187,52.73,19.292,25.507,1.529,24.6,16.303,5970.54,99.86,628.74,4.653,52.36,19.19,25.536,1.59,24.552,16.236,SENSOR_DRIFT,1.0,1.0,1.0,1.0,1.0,0.0,20.0,30.0,-0.5
175.9,CLIMB,75.34,53.97,9709.58,10.58,71.34,0.8759,5967.53,79.29,597.15,5.187,52.72,19.29,25.507,1.529,24.6,16.301,5966.48,99.33,628.28,4.718,52.47,19.221,25.443,1.455,24.587,16.364,SENSOR_DRIFT,1.0,1.0,1.0,1.0,1.0,0.0,20.0,30.0,-0.5
176.0,CLIMB,75.33,53.97,9716.67,10.57,71.322,0.8757,5967.08,79.29,597.13,5.187,52.7,19.289,25.507,1.528,24.6,16.3,5968.25,100.08,628.79,4.747,52.88,19.126,25.522,1.518,24.531,16.308,SENSOR_DRIFT,1.0,1.0,1.0,1.0,1.0,0.0,20.0,30.0,-0.5
176.1,CLIMB,75.33,53.96,9723.75,10.55,71.303,0.8756,5966.63,79.29,597.12,5.187,52.69,19.287,25.507,1.528,24.6,16.299,5965.23,99.69,626.78,4.692,52.31,19.322,25.479,1.622,24.676,16.203,SENSOR_DRIFT,1.0,1.0,1.0,1.0,1.0,0.0,20.0,30.0,-0.5
176.2,CLIMB,75.32,53.96,9730.83,10.54,71.285,0.8754,5966.18,79.29,597.1,5.187,52.68,19.286,25.506,1.528,24.6,16.298,5961.02,99.31,627.35,4.701,52.5,19.211,25.453,1.583,24.529,16.32,SENSOR_DRIFT,1.0,1.0,1.0,1.0,1.0,0.0,20.0,30.0,-0.5
176.3,CLIMB,75.31,53.95,9737.92,10.52,71.267,0.8752,5965.73,79.29,597.09,5.187,52.66,19.285,25.506,1.528,24.6,16.296,5966.33,99.33,628.45,4.699,53.01,19.175,25.54,1.646,24.644,16.096,SENSOR_DRIFT,1.0,1.0,1.0,1.0,1.0,0.0,20.0,30.0,-0.5
176.4,CLIMB,75.3,53.95,9745.0,10.51,71.249,0.875,5965.27,79.29,597.07,5.187,52.65,19.283,25.506,1.528,24.6,16.295,5968.93,98.71,628.89,4.739,52.82,19.24,25.49,1.528,24.611,16.516,SENSOR_DRIFT,1.0,1.0,1.0,1.0,1.0,0.0,20.0,30.0,-0.5
176.5,CLIMB,75.29,53.94,9752.08,10.5,71.23,0.8748,5964.82,79.29,597.05,5.186,52.64,19.282,25.506,1.528,24.6,16.294,5963.21,98.49,628.17,4.642,52.57,19.435,25.52,1.572,24.576,16.355,SENSOR_DRIFT,1.0,1.0,1.0,1.0,1.0,0.0,20.0,30.0,-0.5
176.6,CLIMB,75.28,53.93,9759.17,10.48,71.212,0.8747,5964.37,79.29,597.04,5.186,52.62,19.28,25.506,1.528,24.6,16.293,5959.57,99.84,628.64,4.686,51.86,19.299,25.567,1.549,24.553,16.231,SENSOR_DRIFT,1.0,1.0,1.0,1.0,1.0,0.0,20.0,30.0,-0.5
176.7,CLIMB,75.28,53.93,9766.25,10.47,71.194,0.8745,5963.92,79.29,597.02,5.186,52.61,19.279,25.506,1.528,24.6,16.291,5960.39,99.25,626.41,4.655,52.15,19.198,25.532,1.485,24.571,16.196,SENSOR_DRIFT,1.0,1.0,1.0,1.0,1.0,0.0,20.0,30.0,-0.5
176.8,CLIMB,75.27,53.92,9773.33,10.45,71.176,0.8743,5963.47,79.28,597.01,5.186,52.6,19.277,25.505,1.528,24.6,16.29,5955.16,99.82,627.11,4.722,52.9,19.349,25.404,1.585,24.561,16.42,SENSOR_DRIFT,1.0,1.0,1.0,1.0,1.0,0.0,20.0,30.0,-0.5
176.9,CLIMB,75.26,53.92,9780.42,10.44,71.157,0.8741,5963.02,79.28,596.99,5.186,52.58,19.276,25.505,1.528,24.6,16.289,5958.46,99.8,627.07,4.68,52.89,19.261,25.422,1.562,24.51,16.407,SENSOR_DRIFT,1.0,1.0,1.0,1.0,1.0,0.0,20.0,30.0,-0.5
177.0,CLIMB,75.25,53.91,9787.5,10.43,71.139,0.8739,5962.56,79.28,596.98,5.186,52.57,19.275,25.505,1.528,24.6,16.288,5964.68,99.73,627.22,4.729,52.75,19.417,25.547,1.528,24.644,16.273,SENSOR_DRIFT,1.0,1.0,1.0,1.0,1.0,0.0,20.0,30.0,-0.5
177.1,CLIMB,75.24,53.91,9794.58,10.41,71.121,0.8738,5962.11,79.28,596.96,5.186,52.56,19.273,25.505,1.527,24.6,16.286,5966.58,98.82,629.7,4.699,52.51,19.259,25.478,1.487,24.587,16.259,SENSOR_DRIFT,1.0,1.0,1.0,1.0,1.0,0.0,20.0,30.0,-0.5
177.2,CLIMB,75.23,53.9,9801.67,10.4,71.103,0.8736,5961.66,79.28,596.95,5.185,52.54,19.272,25.505,1.527,24.6,16.285,5964.08,99.57,627.72,4.68,52.53,19.129,25.567,1.506,24.645,16.387,SENSOR_DRIFT,1.0,1.0,1.0,1.0,1.0,0.0,20.0,30.0,-0.5
177.3,CLIMB,75.23,53.9,9808.75,10.38,71.085,0.8734,5961.21,79.28,596.93,5.185,52.53,19.27,25.505,1.527,24.6,16.284,5957.54,99.42,628.24,4.667,52.67,19.398,25.502,1.546,24.598,16.369,SENSOR_DRIFT,1.0,1.0,1.0,1.0,1.0,0.0,20.0,30.0,-0.5
177.4,CLIMB,75.22,53.89,9815.83,10.37,71.066,0.8732,5960.76,79.28,596.91,5.185,52.52,19.269,25.504,1.527,24.6,16.283,5954.14,99.58,627.84,4.673,52.54,19.191,25.414,1.604,24.603,16.138,SENSOR_DRIFT,1.0,1.0,1.0,1.0,1.0,0.0,20.0,30.0,-0.5
177.5,CLIMB,75.21,53.89,9822.92,10.35,71.048,0.873,5960.31,79.28,596.9,5.185,52.5,19.268,25.504,1.527,24.6,16.281,5966.79,99.19,628.96,4.673,52.31,19.282,25.504,1.541,24.544,16.27,SENSOR_DRIFT,1.0,1.0,1.0,1.0,1.0,0.0,20.0,30.0,-0.5
177.6,CLIMB,75.2,53.88,9830.0,10.34,71.03,0.8729,5959.85,79.28,596.88,5.185,52.49,19.266,25.504,1.527,24.6,16.28,5960.15,100.11,625.98,4.751,52.86,19.044,25.445,1.509,24.539,16.051,SENSOR_DRIFT,1.0,1.0,1.0,1.0,1.0,0.0,20.0,30.0,-0.5
177.7,CLIMB,75.19,53.87,9837.08,10.33,71.012,0.8727,5959.4,79.28,596.87,5.185,52.48,19.265,25.504,1.527,24.6,16.279,5965.04,99.39,625.7,4.675,52.51,19.315,25.504,1.585,24.52,16.206,SENSOR_DRIFT,1.0,1.0,1.0,1.0,1.0,0.0,20.0,30.0,-0.5
177.8,CLIMB,75.18,53.87,9844.17,10.31,70.994,0.8725,5958.95,79.28,596.85,5.185,52.46,19.263,25.504,1.527,24.6,16.278,5956.79,99.35,625.89,4.747,52.2,19.415,25.536,1.534,24.566,16.313,SENSOR_DRIFT,1.0,1.0,1.0,1.0,1.0,0.0,20.0,30.0,-0.5
177.9,CLIMB,75.18,53.86,9851.25,10.3,70.976,0.8723,5958.5,79.28,596.84,5.184,52.45,19.262,25.504,1.527,24.6,16.276,5955.57,99.24,625.56,4.638,52.49,19.228,25.475,1.579,24.552,16.177,SENSOR_DRIFT,1.0,1.0,1.0,1.0,1.0,0.0,20.0,30.0,-0.5
178.0,CLIMB,75.17,53.86,9858.33,10.28,70.957,0.8721,5958.05,79.27,596.82,5.184,52.44,19.26,25.503,1.527,24.6,16.275,5956.91,99.32,626.3,4.703,52.61,19.282,25.582,1.456,24.613,16.38,SENSOR_DRIFT,1.0,1.0,1.0,1.0,1.0,0.0,20.0,30.0,-0.5
178.1,CLIMB,75.16,53.85,9865.42,10.27,70.939,0.872,5957.6,79.27,596.8,5.184,52.42,19.259,25.503,1.527,24.6,16.274,5955.45,99.59,625.22,4.652,52.4,19.466,25.61,1.423,24.597,16.349,SENSOR_DRIFT,1.0,1.0,1.0,1.0,1.0,0.0,20.0,30.0,-0.5
178.2,CLIMB,75.15,53.85,9872.5,10.26,70.921,0.8718,5957.15,79.27,596.79,5.184,52.41,19.258,25.503,1.526,24.6,16.273,5956.37,99.53,630.56,4.715,52.47,19.254,25.476,1.52,24.523,16.462,SENSOR_DRIFT,1.0,1.0,1.0,1.0,1.0,0.0,20.0,30.0,-0.5
178.3,CLIMB,75.14,53.84,9879.58,10.24,70.903,0.8716,5956.69,79.27,596.77,5.184,52.4,19.256,25.503,1.526,24.6,16.271,5962.33,100.53,626.59,4.691,52.43,19.497,25.453,1.587,24.62,16.364,SENSOR_DRIFT,1.0,1.0,1.0,1.0,1.0,0.0,20.0,30.0,-0.5
178.4,CLIMB,75.13,53.84,9886.67,10.23,70.885,0.8714,5956.24,79.27,596.76,5.184,52.38,19.255,25.503,1.526,24.6,16.27,5961.22,99.44,627.18,4.724,52.42,19.238,25.444,1.599,24.549,16.307,SENSOR_DRIFT,1.0,1.0,1.0,1.0,1.0,0.0,20.0,30.0,-0.5
178.5,CLIMB,75.13,53.83,9893.75,10.21,70.867,0.8712,5955.79,79.27,596.74,5.184,52.37,19.253,25.503,1.526,24.6,16.269,5955.02,98.76,626.18,4.692,52.06,19.257,25.482,1.542,24.58,16.3,SENSOR_DRIFT,1.0,1.0,1.0,1.0,1.0,0.0,20.0,30.0,-0.5
178.6,CLIMB,75.12,53.83,9900.83,10.2,70.849,0.8711,5955.34,79.27,596.73,5.183,52.36,19.252,25.502,1.526,24.6,16.268,5957.0,98.65,627.93,4.687,52.03,19.269,25.552,1.621,24.586,16.215,SENSOR_DRIFT,1.0,1.0,1.0,1.0,1.0,0.0,20.0,30.0,-0.5
178.7,CLIMB,75.11,53.82,9907.92,10.18,70.83,0.8709,5954.89,79.27,596.71,5.183,52.34,19.25,25.502,1.526,24.6,16.266,5950.45,99.47,626.15,4.684,51.78,19.214,25.489,1.509,24.638,16.228,SENSOR_DRIFT,1.0,1.0,1.0,1.0,1.0,0.0,20.0,30.0,-0.5
178.8,CLIMB,75.1,53.82,9915.0,10.17,70.812,0.8707,5954.44,79.27,596.7,5.183,52.33,19.249,25.502,1.526,24.6,16.265,5948.82,99.56,625.42,4.623,52.24,19.316,25.519,1.567,24.637,16.225,SENSOR_DRIFT,1.0,1.0,1.0,1.0,1.0,0.0,20.0,30.0,-0.5
178.9,CLIMB,75.09,53.81,9922.08,10.16,70.794,0.8705,5953.99,79.27,596.68,5.183,52.32,19.248,25.502,1.526,24.6,16.264,5959.55,99.24,627.47,4.701,52.34,19.403,25.401,1.542,24.641,16.174,SENSOR_DRIFT,1.0,1.0,1.0,1.0,1.0,0.0,20.0,30.0,-0.5
179.0,CLIMB,75.08,53.8,9929.17,10.14,70.776,0.8704,5953.54,79.27,596.66,5.183,52.3,19.246,25.502,1.526,24.6,16.263,5947.72,99.08,625.21,4.703,51.88,19.243,25.481,1.535,24.587,16.158,SENSOR_DRIFT,1.0,1.0,1.0,1.0,1.0,0.0,20.0,30.0,-0.5
179.1,CLIMB,75.08,53.8,9936.25,10.13,70.758,0.8702,5953.08,79.26,596.65,5.183,52.29,19.245,25.502,1.526,24.6,16.261,5956.53,98.18,628.52,4.65,52.12,19.245,25.575,1.579,24.564,16.225,SENSOR_DRIFT,1.0,1.0,1.0,1.0,1.0,0.0,20.0,30.0,-0.5
179.2,CLIMB,75.07,53.79,9943.33,10.11,70.74,0.87,5952.63,79.26,596.63,5.183,52.28,19.243,25.501,1.526,24.6,16.26,5963.03,98.74,626.89,4.675,52.27,19.322,25.418,1.472,24.626,16.257,SENSOR_DRIFT,1.0,1.0,1.0,1.0,1.0,0.0,20.0,30.0,-0.5
179.3,CLIMB,75.06,53.79,9950.42,10.1,70.722,0.8698,5952.18,79.26,596.62,5.182,52.26,19.242,25.501,1.526,24.6,16.259,5948.63,99.92,624.69,4.713,52.68,19.357,25.441,1.54,24.589,15.991,SENSOR_DRIFT,1.0,1.0,1.0,1.0,1.0,0.0,20.0,30.0,-0.5
179.4,CLIMB,75.05,53.78,9957.5,10.09,70.704,0.8696,5951.73,79.26,596.6,5.182,52.25,19.24,25.501,1.525,24.6,16.258,5954.75,99.61,624.03,4.708,52.17,19.215,25.474,1.561,24.587,16.243,SENSOR_DRIFT,1.0,1.0,1.0,1.0,1.0,0.0,20.0,30.0,-0.5
179.5,CLIMB,75.04,53.78,9964.58,10.07,70.685,0.8695,5951.28,79.26,596.59,5.182,52.24,19.239,25.501,1.525,24.6,16.256,5949.34,99.69,626.12,4.655,52.16,19.153,25.552,1.567,24.564,16.332,SENSOR_DRIFT,1.0,1.0,1.0,1.0,1.0,0.0,20.0,30.0,-0.5
179.6,CLIMB,75.03,53.77,9971.67,10.06,70.667,0.8693,5950.83,79.26,596.57,5.182,52.22,19.238,25.501,1.525,24.6,16.255,5950.95,99.83,626.3,4.746,52.29,19.116,25.453,1.567,24.666,16.208,SENSOR_DRIFT,1.0,1.0,1.0,1.0,1.0,0.0,20.0,30.0,-0.5
179.7,CLIMB,75.03,53.77,9978.75,10.04,70.649,0.8691,5950.38,79.26,596.55,5.182,52.21,19.236,25.501,1.525,24.6,16.254,5951.3,99.38,626.2,4.708,52.15,19.254,25.411,1.451,24.599,16.184,SENSOR_DRIFT,1.0,1.0,1.0,1.0,1.0,0.0,20.0,30.0,-0.5
179.8,CLIMB,75.02,53.76,9985.83,10.03,70.631,0.8689,5949.93,79.26,596.54,5.182,52.2,19.235,25.5,1.525,24.6,16.253,5945.83,98.44,626.7,4.676,52.32,19.285,25.545,1.515,24.681,16.164,SENSOR_DRIFT,1.0,1.0,1.0,1.0,1.0,0.0,20.0,30.0,-0.5
179.9,CLIMB,75.01,53.76,9992.92,10.01,70.613,0.8687,5949.48,79.26,596.52,5.182,52.18,19.233,25.5,1.525,24.6,16.251,5946.58,99.33,627.69,4.74,52.19,19.277,25.511,1.421,24.639,16.063,SENSOR_DRIFT,1.0,1.0,1.0,1.0,1.0,0.0,20.0,30.0,-0.5
180.0,CLIMB,75.0,53.75,10000.0,10.0,70.595,0.8686,5949.02,79.26,596.51,5.181,52.17,19.232,25.5,1.525,24.6,16.25,5954.46,99.01,626.89,4.687,52.16,19.024,25.511,1.543,24.602,16.131,SENSOR_DRIFT,1.0,1.0,1.0,1.0,1.0,0.0,20.0,30.0,-0.5
